UniqueCount	AmbigCount
2	0
1	0
27	21
0	0
0	0
2	0
2	2
1	0
6	0
0	123131
0	6754
9	121547
0	25376
0	819
1	121749
0	21971
1	54
14	630
1	503
117	116
0	587
0	2
0	0
2	0
0	0
0	2457
0	2
0	0
0	0
1	197
0	0
0	0
0	0
0	0
5	6
0	0
0	0
22	0
0	0
0	0
0	0
1	0
572	0
3	0
1704	154
110	160
0	0
2	0
0	0
12	497
1	0
0	8479
0	2842
0	84165
1	1859
0	123125
0	3025
0	8239
0	9997
0	123090
0	28517
214	1742
8	239
14	0
2	1
2	2
3	17
0	0
38	9
0	22588
0	3059
35	786
27	3
2	163
0	393
4	258
0	8479
0	837
173	0
58	91
0	441
2	0
135	626
0	2
0	11
0	110
0	11
0	0
0	117
212	36
0	0
0	112
38	5336
0	0
356	5427
0	0
2	859
36	0
42	0
0	1
0	56
0	0
0	4
2	100
0	1300
0	21
4	0
0	168
0	0
0	0
0	0
296	584
22	1
9	0
1556	18644
0	0
0	0
0	0
1	28
0	0
0	0
1	295
0	0
0	807
0	123
1	3
12	3
4	11
21	1109
4	80
95	1131
0	0
8	0
4	2
0	17
35	17
0	294
0	0
126	663
0	0
0	0
0	549
0	0
1	0
0	0
0	1
0	0
0	2
0	0
0	0
10	691
0	0
0	0
0	0
27	1328
0	0
0	0
0	1239
52	0
174	6278
0	0
0	11640
0	22599
0	3799
0	39739
0	12059
0	24022
0	4314
0	123104
0	20542
0	80010
252	407
0	0
0	0
0	3
0	3
0	35
18	41
0	453
2	11
58	2129
29	343
0	0
78	379
12	611
5	241
1	0
6	2
0	10
19	143
199	1252
13	0
0	0
96	216
2	0
20	460
0	0
0	0
0	0
0	85
0	0
0	0
0	0
589	961
0	581
0	0
10	0
0	13
1487	1929
7	150
0	156
1	9
0	137
0	2
11	12
376	3966
0	181
0	7
0	7
0	0
153	191
0	0
0	0
0	5335
1	0
255	482
0	0
14	0
27	1306
69	602
0	329
0	332
0	284
0	332
47	286
0	0
0	1
3	0
2	0
0	0
0	0
0	0
0	1
1675	0
4	29
0	691
9	0
0	7
0	0
0	0
0	0
19	3
3	0
1	0
0	12
0	124
0	105
0	96
0	1
0	161
0	16
0	127
0	8
0	8
0	29
1048	2142
1	0
0	0
98	319
0	0
0	0
0	0
0	16051
3	17
0	13106
0	3058
0	3281
0	33372
0	6754
0	22593
0	811
0	0
33	270
36	82
1	0
0	0
12	50
110	0
1	0
0	2
0	0
172	15
3	824
4	32
5	1
0	0
22	340
1	1
1	526
30	45
2320	9025
0	15563
9	34634
0	0
30	42
1	1
0	68
3	15
0	0
0	1
0	0
179	707
0	1
44	132
1	151
10	673
0	0
2	3306
0	3
0	4
0	0
0	0
0	1
0	3
1	2498
0	51
0	1643
0	0
0	2460
10	8
0	2497
2	1364
0	0
0	2494
0	2491
0	100
0	10
0	0
70	246
0	0
1	250
0	742
0	1208
34	7106
23	21
71	955
0	0
25304	6935
39410	13663
767	3094
0	0
0	0
8	100
134	0
0	0
21	4
40	0
0	0
403	1230
108	472
6	57
0	0
23	5
1	38
66	1792
14	16560
0	0
24	25
1631	2355
0	0
8	142
31	8
0	0
0	49
0	166
2	0
0	3
0	0
0	0
287	1784
1	0
2	0
0	0
8	254
1	31051
10	29
0	23
0	4753
0	24022
0	39879
0	24550
76	1140
0	1
0	0
0	682
3	1144
2	0
0	22617
0	207
0	48027
0	21211
0	38817
0	735
0	123121
0	123055
22	184
0	0
0	0
972	1254
39	2
0	0
743	0
48	238
48	4525
0	32
5	0
1	0
41	4
0	284
16	843
2	1
140	710
5	2
0	0
0	70
0	0
0	0
0	0
11	31
0	0
0	0
0	21
0	6
0	4
0	21
4	18
0	21
0	0
0	2
0	1
13	167
0	7
0	0
248	4074
0	230
0	189
0	850
1	3
0	1470
0	0
0	0
0	335
139	3440
4	0
56	962
0	6
33	207
35	9
240	776
221	289
0	364
0	11
0	0
0	0
0	0
359	869
0	0
127	1380
34	0
0	0
72	158
288	0
0	164
389	0
6	0
1	0
0	71
0	235
0	1
0	2
0	2
0	0
0	0
0	0
0	0
0	0
0	124597
0	7
0	0
0	2
1	4
0	0
0	1642
1	0
1	0
0	0
2	59
0	0
0	0
70	1848
0	0
0	0
0	1
0	0
3	0
14	0
8	45
9	7
0	3866
4	2230
0	0
43	299
58	296
0	0
0	4637
0	2494
0	2489
0	0
0	2494
0	2489
0	1221
0	2494
0	2489
0	0
0	2
0	1
0	212
330	0
0	107
148	1568
0	2
2	0
11	1
0	1444
0	0
0	41493
1	23990
6	110544
240	1087
0	0
10	6430
0	808
0	101321
0	125
81	0
7	0
2	35
0	483
9	317
1	7
0	7
6	2
0	1
0	206
99	3975
0	0
0	0
263	1585
18	153
0	0
0	0
0	3734
0	807
0	117992
0	15188
0	808
0	954
2	0
0	2
0	4
22	0
3	48
2	21
0	0
0	0
2	1
0	0
0	9
3	197
0	0
2	0
0	0
1	13
3	31
1	0
5	0
0	5
0	0
2	0
45	199
0	0
0	0
0	0
1	0
0	0
0	85
0	4
0	131
0	3
0	2
0	1
0	0
0	110
0	2
1	0
0	3
1	3
0	0
0	0
12	15
0	0
0	2
0	3
0	8
0	3
0	23
0	2
0	2
1	1021
20	1245
605	747
0	0
0	33
91	904
1	4
0	0
1	2
0	0
1	2
0	1
62	84
10	0
0	0
21	1062
0	0
0	0
156	3061
0	0
0	0
26	659
0	0
0	0
231	1527
0	0
2	114
0	22
0	0
0	8
11	5
0	0
0	0
23	78
0	0
0	0
0	0
0	0
41	167
1	158
0	0
0	0
0	36847
5	0
4	0
0	168
7	0
3	0
0	0
60	1
3	0
0	3
115	1550
24	91
23	0
6	0
0	0
0	2
0	0
1	0
89	2043
3	4031
8	5
1	4
1	0
4	6
7	68
3	374
0	0
1	806
3	4017
16	8758
43	11
1	2
0	8472
64	0
2	0
0	0
0	157
0	194
0	1
0	60
0	0
0	2418
0	0
0	39
0	55
7211	18559
16	11239
22	66
32	0
10	10
36	10
0	0
0	1
0	0
0	0
0	33344
0	623
5	35016
0	414
0	72589
0	840
0	0
2	0
0	0
0	0
0	0
21	244
190	878
62	0
1	1
0	1
0	4
0	0
4564	2
3	999
1	1
0	46
1	2
0	2
848	2
0	2492
0	2434
200	4406
0	0
0	2
83	7
2	5
16	0
0	0
137	277
178	1513
4	0
0	989
2	0
10	930
18	0
0	179
0	0
0	12
0	524
11	0
0	0
1	0
1	179
2	377
0	0
2	4
0	0
80	404
45	3
7	1
7	6
0	0
0	0
8	20
4	118454
0	15963
0	11195
0	807
58	158
0	0
0	0
0	28070
4	340
0	0
16	0
0	0
0	0
0	0
0	0
54	71
0	7
96	619
0	123121
0	18496
14	0
0	129
0	8
0	75
0	13
0	126
0	14
0	96
0	14
0	100
0	95
0	11
0	14
0	130
1	24
0	7
0	2
9	0
8	14
0	0
0	123125
0	4281
0	94359
125	1333
1273	3737
2	0
0	34382
0	808
0	0
0	808
0	20404
0	13943
0	7651
0	3
1	35
0	0
3	0
0	2206
0	1280
21	0
2	0
0	0
53	0
0	0
1651	7028
1	3
1	0
128	97
156	184
5	0
0	0
0	0
1	0
59	854
5	619
1	0
0	0
6	0
34	438
0	0
13	5
19	0
212	189
2	0
46	354
0	0
0	0
0	1673
0	4
60	431
6	3
0	0
0	0
0	0
14	0
0	7
4	459
0	12037
0	1016
3	15851
6	1
5	0
0	0
1	32
2	0
6	0
3	0
1	0
742	3
18	0
19	3
11	0
9	0
4	0
0	0
0	0
3993	0
2	0
0	8
0	0
231	0
0	0
3812	1
0	0
0	0
0	0
19	0
1	2
2	1
30	13
0	0
0	0
1	29031
0	808
7	7616
0	21694
0	1052
0	24022
0	72260
0	47063
76	132
103	48
253	692
4	0
0	194
0	104
0	0
1	3
0	2
1477	6017
133	74
29	399
63	0
2	0
0	84
3	119335
0	121774
11	120368
7	29
0	0
0	0
3	0
0	0
0	21151
0	66018
0	835
0	18
0	4
0	1
3	116586
4	8816
0	22601
0	38782
0	0
16	0
1	1
0	0
0	6
0	0
3	0
1	448
2	1
0	0
0	0
0	2
3	0
0	0
0	0
11	0
168	0
0	0
2	0
10114	2
7	0
4	0
0	0
0	0
0	0
307	59
39	59
6	0
0	0
10975	482
101	0
272	477
0	0
0	0
7	0
0	0
0	0
532	0
0	0
5567	2863
0	1195
0	0
0	0
612	1679
2	1
1	0
9	0
2	0
3	0
0	0
0	0
15	34
6	0
0	1
0	43
0	49
3	3
2	3
0	3
0	34
0	0
2	2
0	0
23	0
0	379
1	0
2	2
0	0
0	0
15	4
0	0
0	0
524	0
0	0
8571	261
236	257
4	0
0	0
0	0
0	0
4	0
0	0
0	11
0	19
0	1504
0	24
1226	0
0	0
0	4
2918	3
0	0
0	2203
0	0
0	0
0	0
4	3
1	2
0	6
1	0
0	2203
0	1
2	0
0	1
0	0
1	0
0	0
137	275
5	275
11	0
0	0
0	0
0	0
0	0
0	0
1244	0
0	0
2	0
5	0
6484	0
0	1
0	0
108	0
0	0
0	0
12	11
0	0
5	0
0	0
281	0
0	0
1879	412
4	0
271	412
12	1
37	0
19	0
1555	0
1	0
0	0
631	0
0	0
3	0
0	0
4	1239
0	18
2	0
0	0
0	0
33	0
3	330
766	0
100	0
0	0
0	0
0	0
1	0
0	0
0	0
0	0
0	0
18	0
5	0
3284	1
2	0
0	0
4145	3
2	0
0	0
0	0
1	0
0	0
1	1
0	0
4403	273
7	269
0	0
0	0
1	0
91	10
1	0
0	2
0	238
0	0
0	0
2800	1
20	0
6	1
8213	5
11	9
0	0
0	0
12	0
2	0
0	0
3080	0
3	0
451	0
0	0
0	0
0	2
0	29
0	0
0	0
47	1
0	0
0	0
0	4
0	1
0	0
0	0
92	0
42	36
2297	36
54	0
3479	1
0	0
0	1
64	0
0	0
1	0
1989	0
0	0
0	0
0	0
27	0
0	0
2	0
3106	1
0	0
0	0
9	1
6	0
0	0
1170	1
0	0
974	0
0	0
3	0
0	0
47	0
0	0
997	3241
48	1429
79	2876
0	1
172	0
0	0
15	0
2826	17
21	17
4	0
45	0
2	0
4753	0
4	1
31	0
0	0
770	801
1	12
1464	0
3179	2
0	0
0	0
375	3
0	0
0	0
6	3
73	0
3	0
0	0
0	0
565	0
8836	1
1	0
519	1
666	0
78	0
0	0
1109	0
0	0
0	0
761	842
0	0
43	87
17	153
0	0
0	0
0	2
0	0
238	0
0	0
630	28
0	3
328	28
0	0
0	0
2195	0
0	0
0	0
0	0
283	49
0	0
0	0
0	3734
2	0
2	0
1	1
0	0
0	0
1633	0
0	0
28	0
125	0
4889	2
279	197
43	197
7	0
5	0
1	0
0	0
48	33
1	0
106	18
67	23
3	18
61	22
0	0
32	78
11	80
0	0
1	70
0	0
0	0
40	79
0	0
0	16
391	652
479	654
62	0
1458	1
6	0
0	0
4	0
752	377
0	0
2	0
1	0
118	182
2	0
1	0
27	631
9922	649
128	0
15	0
140	287
0	0
4	0
20	4
10	1
2	0
14	0
0	0
12	0
0	0
883	1
1	1
0	0
1311	1
5530	1
1	0
10	0
2004	1
1	0
0	0
101	9
0	0
1915	0
0	0
4	4
4	0
11	47
414	0
1	0
0	0
7	0
132	0
178	36
2	0
0	0
1707	0
5172	3
1758	7
5	7
0	0
2184	1
1	0
0	0
0	3
4066	3194
41	2
3	0
11	4
1	0
11	0
8	13
690	627
41	0
7	0
13	4
0	0
0	0
4	0
0	1
5	0
0	0
2	1
1	0
369	539
3	9
3	12
0	412
0	0
0	1
11	0
180	0
0	0
0	0
0	373
5	1
2817	1
335	183
553	486
142	472
0	0
2	0
0	0
0	0
6	0
584	443
820	64
1	0
0	0
8	8
2	1
1	0
0	0
1025	0
0	0
119	0
1479	0
15	0
1321	0
298	0
108	0
9531	1
0	0
14584	1697
1125	1670
0	0
1	0
0	0
0	0
0	0
0	0
67	69
6	0
0	0
1912	1643
0	36
1	0
0	0
0	0
0	0
2	0
2609	1737
3	1731
0	3
20	3
9	0
6	0
20	0
1	0
0	0
63	0
11	0
27	0
0	0
0	0
0	0
0	0
0	0
0	0
0	0
4	0
156	4
15	0
0	3
0	0
21	0
0	0
15	0
3	0
1	0
451	151
0	0
0	0
26	0
0	0
12	3
73	298
28	0
3037	1
3207	0
24	0
0	87
0	344
56	1480
0	154
10	253
83	1494
0	2
125	601
0	247
0	0
0	0
327	54
4	1
9	0
3	0
233	136
767	307
1	0
8437	2
49	31
956	256
0	0
0	0
0	0
35	0
15	0
2	0
75	32
745	887
150	691
10	13087
3	0
0	0
0	0
2	6
83	42
1112	4
0	0
0	0
40	0
0	0
46	153
331	153
0	0
2290	0
2	0
1447	1
0	0
697	0
4	0
0	3
0	0
64	54
0	0
0	2
51	2
0	0
627	0
0	0
30	1
3024	695
12	695
8	0
0	0
0	0
12	0
0	0
1036	0
0	0
176	0
165	2
1183	0
6	0
3133	0
0	0
11	14
0	0
0	0
0	0
0	0
1	0
1	1
1	0
1	0
0	0
0	3
0	0
0	0
1	33
1418	33
136	0
1	0
0	0
0	0
0	0
8	0
4	3
7	0
606	2
0	0
0	0
0	0
2	0
0	0
0	0
5	0
278	0
0	0
2	15
4	0
2	0
9180	4771
48	4763
0	3
3	0
297	84
0	0
2	0
2	0
729	52
0	0
0	0
0	0
0	0
0	0
642	0
0	0
8	0
1	0
1	0
81	0
2907	0
2	0
2794	0
0	1
0	3
0	0
0	0
4963	5
12	0
1230	0
0	7
11	48
0	0
0	0
0	0
6	0
22	183
2	0
87	35
0	0
33	0
31	90
16	54
8	20
0	0
1	2
334	341
0	0
0	0
819	1148
400	1231
5	0
195	1159
114	1159
2	3
1	0
2878	2
0	0
267	75
27	0
0	0
394	0
0	0
0	0
2402	0
0	0
2958	170
24	170
6	0
2	0
2516	185
14	161
1	0
391	867
0	0
0	0
0	0
775	0
0	0
0	0
10	20
166	0
0	0
4833	1
0	0
3976	4754
59	4754
0	0
3	0
7687	1697
130	1696
0	0
2366	3357
46	3357
0	0
0	0
1	0
0	0
3	10
13	62
0	0
28	8
0	0
7	0
8	0
0	0
6	0
0	0
0	0
0	0
1	0
72	10
3	10
30	0
2	0
0	0
2443	0
8	0
0	0
0	0
0	0
259	0
1	0
3	2
2	0
0	0
6	93
6	0
0	0
1	0
32	1
2	0
122	165
0	0
0	0
0	0
949	9024
3	9024
1	0
8	0
33	3
1	9
0	9
392	338
3	338
498	370
0	0
185	0
162	77
62	77
0	0
23	370
5898	5
1	0
2	0
98	222
0	0
28	163
0	0
378	102
1	2
0	0
6055	1
241	0
0	0
0	0
936	0
81	0
0	0
3241	1
6	0
46	12
19009	13
152	3
89	7
10	0
0	0
0	105
1706	106
2365	1
0	0
1	0
0	0
0	0
1	7
0	0
1	1
7	0
0	0
2	0
0	0
156	0
0	0
0	0
3	0
1	0
0	0
1	1
0	0
0	0
1174	1
6	31
0	0
289	0
0	0
191	0
0	0
539	0
4	358
2351	358
41	0
532	0
8	0
0	0
19571	3
0	0
49	11
136	11
14	42
0	0
0	0
32	2
97	20
0	0
1	0
0	0
1	0
1	0
1	2
53	0
29	0
0	0
0	0
0	0
0	0
55	83
120	3
135	54
97	177
4	18
526	476
385	0
2055	1
1196	0
5	0
371	3221
760	3221
1	0
0	0
576	0
7	0
0	0
15	0
0	0
0	3
83	0
13	0
4	0
0	0
0	0
116	0
0	0
3	2
4	2
2	2
0	0
35	0
6	0
1	0
1	0
357	0
0	0
0	0
0	0
1	0
1	0
3	0
8	0
5	0
639	0
41	0
0	0
32	0
5	0
897	31
3	30
49	218
35	216
1	2
0	0
0	0
0	0
3045	3
0	0
5554	4
0	1
0	0
0	0
4271	3
2	0
197	0
0	0
0	0
15	1
2193	0
0	0
7	0
0	0
8	11
576	11
0	0
2	0
2	0
27	0
88	0
471	0
2	0
4	69
5510	69
0	0
1	0
1	0
0	0
23	0
0	0
4	0
1	0
1847	1
340	515
838	515
3	0
6178	3
2	1
0	1
0	146
0	0
0	0
254	1
1	0
486	0
0	0
0	0
22	0
2	0
0	0
0	0
0	0
0	0
2	0
126	0
0	0
6	0
5	0
0	0
0	0
26	3
0	17
26	14
0	0
2	0
5	3
2	10
2	0
0	0
0	0
8	5
0	2
0	2
14	25
0	0
10	31
0	0
1	2
0	0
9	0
9	3
0	0
0	0
0	0
0	0
0	0
1	0
241	0
0	0
1546	2
0	0
0	0
1954	0
0	243
2	0
0	0
2	0
3	0
0	0
0	0
6	0
29	0
1	0
0	0
1	0
1587	0
20	3
4	0
0	0
0	0
1	0
2	0
3	0
12	2
2	0
0	0
1	0
0	0
17	0
3	0
647	0
9	55
0	0
3639	3
0	0
0	0
9	0
8505	0
1	0
3	0
0	0
1	0
0	0
0	0
3	107
0	0
877	0
0	6
0	0
0	0
2	0
0	0
5	6
533	223
79	223
39	0
0	0
0	0
1039	0
2	0
11	3
0	0
36	0
18	0
1	0
1343	2
2	0
0	0
0	0
0	0
6	0
0	0
0	0
2	0
0	0
0	0
0	0
0	0
1	0
0	0
146	0
0	0
470	0
1	0
185	446
1	446
0	0
2	0
457	0
226	1
0	2
5	2
6	0
105	26
0	5
2568	3
55	3
0	0
22	9
2	9
0	0
2326	2
457	0
662	0
40	0
1376	3767
11027	3773
1	0
9	0
0	0
0	9
206	9
7	0
8	0
5	0
5	0
447	0
6	7
0	0
4	0
17	0
3	24
23	24
0	618
4	0
4	0
1	0
96	19
0	0
48	19
33	12
0	0
15	0
0	0
3	0
273	0
0	0
39	12
0	0
0	0
1	21
44	2
0	0
1	0
0	0
3	0
11	0
18	2
0	0
0	2
1	0
2	0
0	0
0	0
0	0
10	0
9	1
1529	2
6	0
0	0
0	650
0	4
1342	0
0	0
939	0
130	116
2	0
4	0
0	0
34	7
0	0
30	0
0	0
0	0
2	10
9	42
0	0
0	0
0	0
669	0
2	0
2	0
0	4
0	0
0	0
0	0
0	4
0	0
34	0
5	0
0	0
1	0
2	0
0	0
0	0
0	0
0	0
332	0
7	0
14	0
0	1
0	0
0	0
0	0
500	338
436	1388
0	0
0	0
1	0
44	0
2	1
1083	1549
6	420
10	0
1356	0
44798	22
0	0
0	6
5	0
11	5
5	12
30	10
20	13
0	0
15	0
0	0
0	0
0	0
3	10
0	0
51	10
940	0
2	1
0	0
0	0
0	0
3	0
1	0
0	0
0	0
2	1
2	1
15	1
1	0
4	1
0	0
0	202
1	0
0	0
59	0
0	0
0	0
0	0
0	0
0	0
5220	7545
0	7541
0	0
0	0
0	0
0	0
217	0
0	0
504	0
514	0
0	0
977	0
1	0
26	271
2	0
2	0
1881	1
1	0
2	0
8784	7
0	2
1	0
2	0
0	10
32	62
0	0
0	0
578	1
4	0
0	0
35	0
1661	930
9	930
0	0
189	0
1	0
315	0
6	0
7	0
150	76
171	0
0	0
0	0
35	0
1941	0
0	3
0	3
2179	0
5	1
32	3
7	0
0	0
0	0
1	0
0	0
0	0
363	0
0	0
0	0
2	0
914	0
0	0
1	1
60	26
0	0
1	0
0	0
27	0
2524	1
0	0
0	0
0	0
0	1
0	17
2115	0
909	4237
3	0
0	0
5	1
36	5731
0	0
4	5731
7	0
94	0
1	0
0	0
0	0
2	0
5	0
1895	0
0	0
0	0
6	0
0	0
2	0
2068	1
1191	1
0	0
1	0
0	0
6792	2
0	0
0	0
0	0
7	346
4520	499
1	0
48	137
10	0
0	0
0	0
0	0
0	0
29	0
7	0
1	0
14	13
22	4
1	0
0	0
9	1
1	0
0	0
0	0
4	0
11	7
1	7
0	43
0	0
1	0
0	0
2	0
0	0
0	0
2	13
0	0
0	0
0	0
4	0
8	20
4	1
844	924
1	2
85	2
5	35
65	866
2	0
10	0
210	0
0	0
0	0
11	0
166	0
0	0
6681	1
0	0
2	0
0	0
3632	1
5	0
4	0
60	0
0	0
2	0
0	0
0	1449
24	1449
40	58
52	58
7967	3
0	0
213	0
0	0
230	0
1	0
1	0
2471	2
0	0
0	0
0	0
0	0
0	3
0	0
4298	5
0	0
0	0
105	0
0	0
832	0
1	0
4	0
0	0
2905	2
15	0
1318	0
1	0
0	0
0	0
0	0
0	0
0	0
0	0
0	1
2420	0
0	0
0	0
0	0
0	1
66	0
280	0
10	0
0	0
417	0
3	0
2	0
8	98
0	0
0	0
0	0
0	0
379	869
0	0
0	0
0	0
0	0
0	0
1141	0
0	0
0	0
0	0
0	0
1	0
313	50
0	50
1	0
0	0
22	1
2492	3
0	0
4	0
3	0
0	0
0	0
1855	0
305	0
0	0
0	0
0	0
1	0
0	0
4002	3
0	0
3	0
6	0
8	0
1925	1
0	0
5	0
8	2
1044	358
0	0
3	0
0	0
0	0
0	0
0	0
0	0
21	23
97	23
0	0
5461	1
0	0
0	0
522	0
0	0
100	183
33584	186
0	3
0	0
0	0
415	0
1071	0
70238	26
61	250
303	247
16	0
32	1
164	10
77	0
0	0
0	0
1	0
16742	45
251	2
37	35
0	0
0	0
646	0
355	1
0	0
811	0
0	0
1487	0
9	0
10	0
0	0
0	164
0	0
1039	0
0	0
0	0
0	0
3300	12
2022	0
296	0
7876	0
12	0
2	0
0	0
0	0
0	0
17191	8
1890	0
385	36
0	0
0	0
86	652
300	711
37	3
2	3
91	4
0	0
326	37
104	96
0	0
0	0
1	0
4097	1
1205	0
0	0
1096	0
0	0
13	70
1	70
45	2
19	20
2	0
0	20
2	0
7	1
0	0
0	0
0	0
317	0
0	0
0	0
0	41
0	0
7	2
0	0
0	0
0	222
122	13
350	67
24	54
2982	2
0	0
13	0
1	0
51	0
45	22
4	22
6	1
7	3
21	0
52	0
2	0
0	0
118	0
100	0
238	0
1	0
1	0
2001	218
0	0
0	0
1	0
106	0
0	0
6201	0
1	0
102	0
1	0
24	0
0	0
4087	2486
4	2485
0	18
3087	1068
3	0
0	0
89	1378
10	0
1210	394
1	117
30	0
975	3
22	26
1955	25
11464	5
54	0
18	0
2859	0
0	0
0	0
1481	0
3	0
5717	228
7	228
1151	0
0	0
0	0
0	0
0	0
0	0
27	6
107	204
1	204
0	0
5	0
0	0
479	47
112964	79
41	258
216	258
0	0
3	0
0	3
1283	0
0	0
0	0
2977	0
0	0
792	0
2	0
0	0
174	0
32	19
0	169
17	3
14	0
0	0
24	0
18	0
2809	1
39	0
6674	3
0	0
744	0
12	0
22	45
0	0
3712	2
0	0
11	0
0	0
0	0
0	0
800	1
0	0
0	0
2	0
8	0
5940	330
0	0
0	0
1	0
3	5
0	3
9	355
426	1052
0	3
1	732
5	18
0	131
0	102
0	0
0	0
0	0
0	1
3	304
63	0
0	0
0	0
0	1
0	0
3	0
15	5
0	3
0	24
0	0
2	17
0	39
0	180
3	1
7	322
1	4
0	5
5	0
0	40
0	2
24	0
0	0
0	330
8	236
4	5
0	0
1	0
52	4
2	0
20	484
0	76
0	0
0	3
0	7
0	0
44	68
1	0
0	0
358	179
1	8
12	171
2	0
1	1
0	0
6649	3
0	0
311	0
5	0
0	0
0	0
2	0
982	0
0	0
0	0
0	0
0	0
491	0
37	0
238	0
0	0
0	0
2	0
0	0
0	0
0	0
756	1
0	0
19	0
0	0
0	0
4	0
1	0
607	0
0	0
0	0
51	0
0	0
0	0
5	4
180	0
0	0
0	0
0	0
13481	2
0	0
343	0
73	0
0	0
0	0
0	0
318	386
258	386
0	0
7	0
77	0
10	126
2145	130
11	1
2042	0
0	0
4508	1
1	0
0	1
1	0
0	0
298	135
23	135
4	0
521	2
5	1
0	0
0	0
0	0
167	0
0	0
4	1
0	0
0	0
1084	1
1	2
1	0
0	34
0	0
0	0
0	0
50	0
0	0
0	0
0	0
0	0
0	0
0	0
0	0
1	0
6	0
0	0
20	1
471	0
8	1
0	0
0	0
0	0
0	0
1	0
32675	19031
0	2
1	2
0	2
0	2
0	0
0	2
0	2
0	1
0	0
509	0
0	0
0	0
11918	8
1	22
79522	31
0	0
6	0
539	13850
213	2
36	2
4	0
307	7993
38	655
0	0
56	0
2	0
0	13
483	316
32	316
0	17083
16	0
109	5
205	17704
4420	0
0	1
649	0
0	0
1	0
232	0
0	0
0	0
0	0
1	0
3694	0
11	0
1202	17680
0	0
1	0
1661	1
0	2
0	0
0	0
1896	2625
0	2624
1	0
0	0
43	0
0	0
1	0
0	0
0	0
6078	978
18	977
5	0
3370	2
0	0
7514	4
0	0
4	0
0	0
3306	353
0	353
1	2
0	0
10	0
3	0
4	0
0	0
12	0
0	0
0	0
17	0
9883	8
1700	0
183	0
0	0
0	0
0	0
0	6
1	0
3530	0
194	0
0	0
1	0
4	0
0	0
530	0
0	0
1	0
0	0
220	431
11	431
2	0
0	0
0	0
0	1
3106	1
1	0
1	0
18	0
0	0
0	0
728	1
0	0
120	1
0	0
35	0
1297	1
0	0
76	0
0	0
0	0
0	0
0	0
0	0
0	0
0	0
0	0
0	0
798	0
0	0
3505	0
3641	0
0	0
4	0
1870	0
0	0
1	0
20	0
22	0
64	44
0	43
23	44
0	0
0	3
0	0
0	0
1930	0
2	0
432	0
464	0
3776	2
1	0
0	0
7	0
0	0
3	0
537	0
3646	1
1	0
199	0
0	0
4	0
19	0
5	0
0	0
0	0
0	2
0	0
1	0
10	0
2	0
6483	2
3469	1
0	0
0	1
8	34
1760	34
3	0
2651	0
0	0
0	0
0	0
343	419
12	419
1	0
657	0
0	0
2	0
0	0
1	0
0	0
0	0
0	0
254	0
3	0
0	0
19	0
0	0
5	0
1	0
458	0
6	0
35	1
11	0
0	0
9	50
0	2
0	0
787	0
0	15
1311	0
0	0
1	0
0	0
584	0
138	0
650	0
0	0
1	2
2052	255
751	255
0	0
0	0
3409	1
0	0
385	1
112	0
0	0
4	0
0	0
0	0
0	0
11	68
0	0
0	0
0	0
0	0
0	0
3	0
0	0
6	0
3	17
0	0
1378	704
0	704
13	0
6	0
0	2
0	0
1	1
21367	3315
22	3306
0	35
2	35
0	0
5	3
2637	0
80	0
768	1
2036	0
2	0
1748	0
1393	1
3	0
528	0
1889	1
0	0
3	0
766	1
287	0
0	0
4	0
0	0
2	0
9	1
438	5427
0	0
1595	962
76	262
44	0
5	0
10	0
0	0
3	0
0	1
0	0
3716	0
4	0
0	0
14	0
0	0
1	0
5460	2
8	0
5651	3
0	0
93	0
647	0
3	0
0	0
3	0
3145	1
35	0
26	0
0	0
58	21
2217	695
0	695
2	0
228	0
59	0
0	0
0	0
10	0
14	0
13	0
1371	6
2	0
0	0
1149	0
0	0
1	0
109	0
0	0
51	0
11783	4
0	0
1	0
0	0
29	0
0	0
1	3
0	3
39	1
15	1
1313	3
836	0
12	2
8000	3
19	0
869	44
11	44
0	0
3	0
0	3
0	1
0	0
0	0
0	0
1	22
0	0
1	1
2	0
6	22
0	0
7	1
981	1423
94	1427
0	1
816	12
807	12
0	0
7	0
1688	2
0	0
8	7
1	2
28	7
0	7
2	8
134	5
9	8
0	7
2	2
0	2
1	85
8141	89
190	0
0	0
18124	3
37	0
5212	1
0	2
20	0
0	0
0	0
0	0
291	0
5	0
2190	3
3	0
1	0
2	0
266	35
47	0
4	35
17	0
2	0
2832	3
0	2
206	0
3	0
8	0
0	0
9	0
4	0
0	1
6075	535
1	532
4	5
1	2
3	1
1	0
502	0
3945	1
2805	1
6	0
0	1
0	0
966	0
0	0
0	0
0	0
3	80
1	79
9	56
127	0
3	104
1902	104
3	0
301	1
0	0
0	528
102	0
562	0
1	0
15	0
1648	0
1	0
1076	534
341	534
7	0
385	0
0	0
0	0
530	0
0	0
51	39
8	3
13	39
0	0
0	0
2	0
0	0
2116	23
95	3640
6854	28
29	21
52	26
2583	3640
0	0
0	0
8553	297
1	293
0	0
2	0
4146	3
18	0
694	0
0	2
0	2
0	0
12432	3
6	0
0	0
1	0
0	0
0	0
1065	0
18	0
0	0
0	0
0	0
1	0
4	0
4	3
0	0
0	0
4	42
45	42
0	0
0	0
0	0
0	0
5	0
4	0
0	0
485	9
7	0
5	0
2	0
1	0
4	0
0	4
5	5
12	0
0	0
1	0
0	0
264	434
9	434
1	0
0	0
0	0
0	0
333	0
0	0
21	0
146	0
10736	2
1856	0
0	0
0	0
0	0
1	0
2	0
6	0
0	0
0	0
623	1
288	288
0	0
0	0
1522	1
12	0
32	0
1	0
2	0
8	0
392	1
0	1
0	0
2175	129
45	125
5	0
2322	1
704	0
95	0
0	0
0	0
5	0
0	0
0	0
17	1
0	0
1849	0
15	0
0	0
1	0
0	0
8	0
0	0
0	0
0	0
1198	0
4	0
0	0
0	0
0	0
305	0
0	0
0	0
2	0
33	31
5	31
658	0
0	0
1297	0
1	0
12	0
3	0
2231	0
2	0
24	287
280	287
2533	0
0	0
2	0
0	0
0	0
13112	1
0	0
16	2
46	0
342	60
4	0
56	0
0	0
5	0
2	0
612	0
0	0
0	0
140	60
1204	0
1	1
0	0
0	15
741	188
33	188
1029	451
0	451
0	0
3820	3
11	0
2	0
0	0
24	0
4952	4
1	0
1378	1
0	0
0	12
2	2
2044	0
32	0
0	0
0	0
1204	2
127	55
329	55
2	0
3	0
128	0
13103	14
3	0
56	6
7	0
0	0
1233	1
0	0
0	0
0	0
2	0
0	0
0	0
0	0
1	0
1	0
2588	2
1	0
0	0
11	1
101	0
0	0
0	0
1	0
0	0
6	0
831	21
7109	2
2	0
3	0
0	0
1339	0
2	0
45	3597
5921	3597
11	2
278	0
791	0
0	0
0	0
324	1
0	0
0	0
0	0
4151	2
0	0
0	0
0	0
4	0
1	3
0	42
0	0
1482	1
0	0
0	0
0	0
1	0
0	4
0	28
0	9
4	16
4	16
0	0
118	0
42	4
58	0
0	0
4	0
0	0
0	0
0	0
0	0
0	0
528	0
0	0
0	0
0	0
1661	1
0	0
414	0
1	41
849	41
2102	0
0	2
900	2
0	0
0	0
11	0
2405	0
0	0
2622	0
561	341
107	341
6	0
4	0
0	0
0	0
2	2
717	0
24	0
26	0
1145	176
177	176
2	0
22	0
0	0
1	0
0	0
0	0
0	0
3	0
235	0
0	0
0	0
1	0
2027	0
1028	1027
0	1026
7	0
0	1
2814	2
2906	8
5	7
0	0
1	0
196	0
9	0
234	0
0	0
3	0
33	0
1979	0
0	0
0	0
0	0
221	0
0	0
0	0
7	0
32	0
1321	1
91	5
107	5
26	1
15	0
0	0
0	0
1	1
10	0
619	4
1	2
2	0
0	1
1	0
0	0
277	4
6	1
0	0
0	0
267	0
4	0
18	0
1	0
3159	0
9	0
159	264
65	264
9	0
10	0
7	0
0	0
0	0
23	0
0	0
3761	0
0	0
6	0
222	0
1	0
10	0
24	0
1	0
1088	0
1	0
0	0
362	0
3703	0
1	0
0	0
172	0
0	0
101	14
19	14
0	0
0	0
2693	340
39	339
467	0
0	3
0	2
2	0
0	0
0	0
0	0
1683	3
942	0
0	0
1	0
8	0
64	0
15	0
467	0
4016	0
1	0
76	0
0	0
0	0
0	0
839	0
2	0
0	0
0	0
0	0
709	0
1315	0
8	0
3	0
0	0
0	0
2	0
0	0
0	0
0	0
1	0
7387	130
106	128
1739	0
0	0
226	0
0	0
2246	189
14	181
7	0
0	0
0	0
7	7
604	0
0	0
0	72
14	72
0	0
0	0
0	1
3	1
2	0
0	0
686	0
47	0
0	0
4850	1
3697	72
0	0
2	0
1599	71
0	0
5643	2
1592	0
0	0
0	960
5006	961
0	0
0	0
0	0
6	122
2306	122
0	2
0	2
0	2
0	2
20	0
2	0
4	0
2	0
1	0
0	0
0	5
0	5
2374	0
3	1
6043	15606
186480	30620
1227	14951
3583	1
3	0
0	0
0	0
0	0
15	10
0	0
0	0
12830	0
2	0
0	0
35	0
0	0
0	0
0	0
0	0
0	0
0	0
0	0
0	0
0	0
0	0
1215	0
557	0
0	0
1794	1
0	0
1	0
0	0
0	497
825	497
0	0
0	0
0	0
4059	2
8074	6
223	5
0	0
379	0
9	0
0	0
3	0
1	0
0	0
1373	0
4718	1
3	0
889	3
851	1
45	1
2	0
3806	0
0	0
321	0
7981	9
0	0
5	48
1972	49
0	0
7	0
0	0
0	0
0	0
0	0
0	0
164	0
16	1
2	0
0	0
0	0
2	0
10805	2
91	0
0	0
2	3
0	0
1718	0
0	0
0	2
261	0
1	9
480	9
2	0
1	1
204	0
0	0
2	0
0	0
0	0
226	93
2	93
0	0
9093	2
29	0
2709	1
2446	4
14	0
2	0
200	0
0	0
0	0
0	0
214	0
1031	1
0	0
24	2
14	2
0	0
25	0
0	0
1	0
271	0
0	0
0	0
0	1
1096	105
19	104
0	0
2863	3097
0	0
21	100
0	0
5070	5
31	0
0	0
0	0
0	0
13	0
1	0
54	0
5	0
10	0
75	0
1	0
22	0
29	0
0	0
2	0
852	0
55	43
34	43
9	0
3326	2
25	0
2	0
29	0
0	0
2937	0
11	0
2	0
7	0
4	0
44	0
3	0
0	0
1225	450
9	450
445	0
0	0
0	0
89	0
0	0
0	0
0	0
0	0
0	0
130	3
5425	559
3	553
0	0
29	0
0	0
620	1
0	0
3	0
10	0
5192	280
3	278
0	0
4	0
0	0
0	0
0	0
2	0
4	0
0	0
13	4
0	0
22	0
0	0
4	0
0	0
6	0
0	0
2	0
5	3
115	0
0	0
0	0
990	0
0	0
1	0
2655	1
633	0
0	0
0	0
2457	0
0	0
1	0
3691	0
320	0
3	0
0	0
283	0
2	0
0	0
0	194
0	321
0	0
8	1
0	0
1203	86
0	0
0	0
10	84
0	0
0	0
0	0
0	0
34	1087
6874	3
0	0
0	0
0	0
0	0
0	0
1	0
15	0
3391	0
3	0
1	0
0	0
0	0
0	0
0	0
0	0
12	0
55915	13
262	0
6	4
31	0
22	20
108	20
984	0
63	26
1536	0
0	0
98	19
0	0
1	0
307	0
102	23
3	0
0	0
661	0
548	272
22	272
0	0
3	5
3963	0
1	0
3	0
1	0
871	0
100	0
0	47
86	47
0	0
0	21
0	0
6	36
344	36
0	0
4140	2
0	0
2	0
0	0
0	0
2302	0
2	0
3642	201
3	47
239	152
155	183
0	0
6	0
254	66
1287	490
169	418
4	0
5850	5116
971	5115
145	605
1610	625
25	6
3	0
0	0
0	0
0	0
21	5
0	0
21	7
5	0
0	0
0	0
7	2
0	0
1844	1
7	1
0	0
0	0
3706	3
0	0
0	0
0	0
40	0
28	4
0	0
0	0
0	0
8897	6
253	7
10	5
1	0
17	25
458	25
0	4
0	0
695	0
0	1
19399	11
1090	0
0	0
1190	42
34	42
1	0
0	0
392	1
132	19
850	0
4	0
10	0
50	31
3	5
0	23
0	0
8772	3
1	59
983	0
0	0
210	0
0	0
0	0
2	8
1	1
1	0
2	1
0	0
0	0
11	12
0	0
8	0
873	0
0	0
1144	0
0	0
0	0
0	0
0	0
0	0
0	0
1	0
3	4
2248	1
23	0
30501	13
38	0
0	0
3	0
0	0
0	250
2623	2
0	0
3	0
1	0
138	0
1478	0
0	0
0	0
0	0
0	0
3	32
6	32
4	0
3	0
912	0
0	0
3	0
8	1
6	0
0	0
1	1
192	0
0	0
0	0
0	0
0	0
663	0
4	0
0	2
939	2
2	0
5	0
304	0
1	0
1735	615
59	615
25	0
254	71
0	0
0	0
0	0
0	71
0	0
121	15
0	0
3	0
20	0
8	0
8	21
17	0
0	0
1	0
0	0
0	0
8	5
1	0
1	1
2	0
3	0
451	0
1	0
19	6
413	8
0	0
0	0
0	0
640	0
3	0
0	0
1	0
0	12
11	1
1446	1
4	0
155	74
6	74
0	1
0	0
0	0
0	0
1	0
0	0
0	0
7	0
2724	0
4	2
2351	2
0	0
0	0
0	1
1	0
0	3
0	1
80	56
0	0
2642	0
104	2
96	0
46	409
323	409
0	4
1	3
0	4
862	2
3	1
8	0
0	0
833	0
0	339
0	71
20974	5
0	0
0	0
2103	3
1	0
934	0
594	0
0	0
58	7
15837	13
51987	25
5	0
2299	0
0	0
0	0
0	0
0	0
0	0
139	0
0	0
3565	3
98	526
3	6
0	0
871	0
0	0
0	0
3	0
24	0
0	0
0	0
43	0
0	0
0	0
0	0
114	0
0	260
0	0
0	0
3	0
0	0
722	454
103	454
382	230
127	231
4997	4919
117	4
59	2965
2541	3894
0	0
8863	515
0	0
10981	3
0	0
46	1
1	0
0	0
590	0
341	0
0	0
3	0
0	0
471	0
3	0
1140	0
969	0
7	0
3	0
0	2
686	0
0	0
0	0
4	0
9	158
67	158
10	0
6	0
0	0
340	0
3092	47
65	49
0	0
3	1
0	0
0	0
3881	3
1	0
0	0
2	0
0	0
0	0
0	0
0	2
0	220
0	20
0	14
0	0
2	0
9	2
0	0
0	0
7	5
1700	1
0	0
0	0
4769	524
13	520
0	0
0	0
913	1
89	0
0	0
420	0
0	0
1273	0
4	0
0	0
923	13
9	13
13	0
1218	1
831	1
1	0
475	0
0	0
0	0
3	0
0	0
935	1
0	0
0	0
1918	0
3753	3
26	0
1	1
21	0
27	8
0	0
0	0
0	0
8	10
0	0
5	2
25	0
6	0
1021	0
0	0
635	1
3680	1
3	2
0	2
2	0
0	0
0	0
9	0
0	0
4	0
37	12
8	4
300	6
17	1
12	0
0	0
14	0
22	2
1	0
849	0
13	0
146	0
0	0
1	0
295	0
7	0
0	0
2	0
499	0
328	340
2651	341
0	0
1	10
2	1
0	0
1878	2
1	0
2	0
320	0
0	0
55	2
1	0
1004	0
0	0
2793	614
64	612
2	0
10	0
2	0
5910	4
1	0
0	0
2	0
0	0
23	0
1874	1
0	0
0	0
10	1
0	0
160	509
1594	0
0	0
0	0
7	4089
0	14
2116	1
753	0
2	0
0	0
21	0
0	0
1	33
1565	33
0	0
97	0
0	0
1107	0
474	0
117	0
301	0
63	0
2	0
9976	4
0	0
1	0
13	0
9	0
5	0
10	8
515	9
0	0
3594	0
5	0
2632	13
60	0
1	0
2398	190
0	0
21	99
48	90
144	0
3052	0
0	0
9549	6
0	0
0	0
5	0
0	0
307	134
0	0
0	1
0	1
464	0
7	0
0	0
2	0
2	0
10985	6
1	0
11	0
0	0
6214	2
2918	3
0	0
506	11
9	11
0	0
0	0
0	0
2782	2
4	0
0	0
0	0
29	0
1	0
0	0
0	9
242	113
192	113
6	0
0	0
0	0
1	0
1878	0
5	0
329	0
5	0
0	0
3	0
2	0
337	0
0	0
1469	1
3513	0
0	0
6	0
9	1
2	0
4	0
2	0
0	0
537	0
0	0
257	0
3	0
1007	0
0	0
0	0
0	0
0	0
2	0
2172	1
2	0
4	0
0	1
0	0
2	4
0	0
0	0
0	2
249	1710
18442	1713
0	0
95	19
1	19
16	48
0	0
0	0
321	0
507	1
0	0
0	0
657	448
127	453
1577	0
3	0
1901	1
2	0
0	0
47	110
1	110
0	65
0	0
3	0
786	1
1	0
8	1
0	0
286	0
0	0
0	0
0	0
9	0
58	0
0	0
5	0
0	0
97	0
6	0
0	0
0	0
0	0
2984	0
0	0
4	0
563	0
0	0
488	0
0	0
329	0
0	0
4	0
15	0
0	0
5	0
2567	0
1	0
631	0
0	0
2	0
0	0
3	0
6	0
274	0
0	0
15	6
0	0
15	6
0	0
1	0
0	3
0	0
0	0
0	0
3629	2
19	0
0	0
0	0
0	0
196	38
329	38
6	1
0	0
3	0
0	0
5915	0
22567	16899
192	16897
2	0
0	638
6872	3
6	0
807	0
0	0
0	0
1123	1
4	0
2321	0
0	0
1	0
0	38
3584	1
2	0
22592	12
420	11
55	186
0	0
1809	2239
240	2239
35	184
0	0
0	0
0	0
930	0
8	1
20	0
0	7
0	6
0	26
0	57
0	243
0	0
5	0
1	0
0	0
272	329
0	329
373	0
4	2
48	0
316	0
316	0
6	0
0	0
0	0
5	0
21	0
0	0
45	0
359	0
0	0
26	168
0	214
0	0
142	168
29	214
0	0
0	0
0	0
706	514
30	514
0	6
0	0
0	0
0	0
268	509
1922	0
44925	10425
158	10411
1	0
0	0
1	0
0	0
12	0
6	0
0	0
2113	839
25	839
0	0
0	0
11	0
0	0
0	0
1	0
0	0
31	0
27	13
1	0
0	0
0	0
14	1
0	0
8	0
0	6
25147	8
3000	0
0	0
0	0
0	0
0	0
3	0
3841	0
0	0
2	0
1	0
5045	1
321	0
0	0
1649	0
1740	3111
9	283
3	0
554	2968
0	0
1823	0
846	0
0	0
0	0
0	0
0	0
3913	114
5	113
658	20
0	0
0	25
0	0
0	0
115	0
3	0
0	0
0	2
0	0
0	0
3	0
18492	5
11	0
12	0
3	0
0	0
4859	1
0	0
0	0
0	0
0	0
412	0
2420	1
614	2
0	0
0	0
2203	0
1897	0
35	0
0	0
394	4
297	48
10	48
0	0
47	0
0	0
1	9
1329	1386
1	0
1429	1386
1	0
7	3
247	451
26	0
16	1
0	1
2	1
624	0
4	1
1	5
763	451
1	2
6513	0
1667	0
3611	0
0	0
0	0
0	0
0	0
6877	3
100	0
0	0
1168	0
58	0
328	0
5	0
0	0
8	0
0	0
360	1
1	0
0	0
0	0
2	0
25	0
32	3
0	0
5	0
1065	0
1034	0
0	0
0	0
0	0
631	0
1	0
1	0
4	3
1	0
0	0
530	0
0	0
0	0
8	0
1	0
134	7
1	2
1	0
1	1
2400	4
0	0
512	0
603	267
5	267
1966	1
0	0
0	0
0	12
0	97
10672	2
421	0
1	0
0	0
11	0
0	0
150	0
278	0
0	0
163	0
0	0
3369	295
107	295
105	0
105	0
133	0
27	0
46	0
287	354
0	354
32	0
1	5
5	6
0	0
3	0
11	0
17	8
6	8
0	0
11	0
1	2
2	0
5	0
0	0
8	0
2	0
10	0
1735	1
0	0
0	0
22	2
3	0
4	0
7	0
25	0
0	0
7	0
1	0
11	2
0	0
1	0
0	0
441	0
0	0
133	0
9	0
0	0
4840	3
17	79
0	0
0	0
5	79
0	0
0	0
0	0
0	0
388	0
0	0
0	0
42	0
2	0
2	0
3	0
1	0
0	0
1	0
1	0
0	0
10142	5
1	0
3	0
830	0
0	0
261	0
0	0
0	0
8	0
0	0
0	0
1888	1911
0	0
5	1
193	1911
21	377
0	0
0	0
0	0
40	0
0	0
2	0
0	2113
1752	2113
2	0
3	0
126685	57
2	0
673	3038
1	0
0	0
0	1
70683	50
9	18
2	0
58	3
2	0
17	10
0	0
614	3038
3	0
0	0
0	0
0	0
2398	381
400	379
0	0
0	0
127	3
0	3
383	0
2250	0
7	0
1	0
1	0
69	46
0	0
1	2
7	0
57	0
56	0
3654	5
0	0
7178	4
0	0
0	0
0	0
523	470
1239	470
0	0
12	3
0	0
1	38
0	0
8	0
0	0
0	25
1660	1589
0	1588
2	0
3	0
3	0
9	316
876	340
0	0
0	0
30	24
0	0
709	598
1	8
0	591
0	0
0	1
2006	85
0	0
2	85
49	0
1662	1
19	0
3361	0
0	0
250	0
2	0
17	0
0	0
34	46
3	2
40	46
0	2
0	0
68	0
0	0
85	0
9	0
0	0
0	0
1450	1
1120	0
0	0
2	0
1	6
0	0
2763	3
14	0
0	0
0	0
1	0
30	0
1	0
186	0
0	13
0	0
2	0
0	0
2678	0
586	0
2	0
19	25
2936	30
169	7
9	0
5	0
28	0
21	43
3	0
0	0
2	0
373	0
994	0
25	0
11	0
26	0
1	3
2	0
0	4
2	0
9	0
3	0
0	0
9	0
0	0
0	0
4	0
1	0
8	2
1	0
0	0
0	0
0	84
0	1
0	0
0	0
1791	0
3	0
0	0
0	0
0	0
59	0
6138	0
1	1
321	2
1	0
35	0
3065	1
1	0
1416	0
1	0
20	0
10	0
1	0
23	0
1006	0
7	0
1163	1
51641	22
3	0
8	0
2	0
0	0
63	0
18	0
591	0
0	0
0	1
0	0
0	0
0	0
0	0
3	1
0	0
3075	2
0	0
7902	0
660	0
0	0
22	0
226	0
0	0
3	0
1441	0
1	0
15	0
0	10
0	0
0	0
0	300
4865	300
197	102
0	102
0	0
126	3
0	0
43	0
14	0
0	0
28	0
0	0
24	15
126	626
46	626
0	0
3	0
1	140
40	140
14	7
3	0
495	0
0	2
0	0
4	3
19	0
5266	3
1	0
0	0
505	0
0	0
0	0
0	0
202	14977
3	6
29	284
0	0
2	18
5	0
2	0
116	216
0	0
0	0
0	1
0	0
7	18
53	0
2	0
2	0
0	0
18	3
29	216
0	0
1092	2
0	0
521	0
0	0
5	0
1	0
5	0
339	0
0	0
0	0
4018	5
1	0
0	0
0	0
984	0
1	0
229	0
0	0
0	0
1509	2
0	0
1	0
3	90
4	0
0	0
951	0
0	0
0	0
359	0
0	0
0	0
0	0
4	0
1	0
52	5
0	0
0	0
0	0
0	0
1	0
1034	106
5	9
1	97
1	0
0	0
115	0
7	0
1739	2
24	0
668	0
1	0
18	0
11	0
0	2
1	1
38	44
81	0
0	0
24	0
138	44
4	0
9537	1
2114	0
28	0
1431	786
153	9
22	5
20	27
1	15
1138	794
29	0
1	0
8	0
7	0
0	0
0	0
0	0
1	0
15	0
1	1
216	14977
60	284
28	0
0	5
2482	94
15	94
423	1
414	0
991	0
2	0
0	108
0	0
874	201
190	199
0	0
126	0
2	0
0	0
18	0
1572	0
0	0
0	0
1	0
14935	8
0	0
2189	0
0	0
3561	4
1	0
0	0
74	0
8	0
2349	1
1725	2
0	1
0	0
0	0
2	0
3658	0
5	0
1899	45
3	45
2	0
437	0
0	0
0	0
0	0
0	0
19	0
401	0
0	0
7792	5
28	1
6	0
9	0
108	0
5	0
138	0
465	0
4	0
10	0
1897	2
8	0
0	0
0	0
129	0
0	0
45	0
1154	1
0	0
0	0
0	0
0	0
23	111
1296	111
0	0
0	0
0	0
0	0
11995	36373
3	36372
8	0
3	0
2117	0
24	0
0	0
3513	0
3	0
5	0
0	0
999	0
11	0
0	0
1213	5359
0	0
0	0
715	5359
1	2
0	0
1	3
6362	5
1	0
26	0
5	0
2	0
2748	908
3	908
926	0
6	20
849	6278
0	0
0	0
2	0
10	0
20	0
15	0
1911	1
3	0
9990	6782
0	3
26	3007
31	23
14	1580
46	2737
0	0
0	36
0	8
4	1
0	0
39762	5774
73	5767
15	0
0	0
0	0
0	0
0	0
0	0
1	0
295	0
67	1
463	0
2	0
45	0
689	0
0	0
126	0
1	0
2	0
0	0
8672	40759
591	47516
429	36427
214	30832
172	23893
0	0
0	0
0	0
7357	43241
0	0
0	0
369	0
0	0
16	0
7496	828
0	0
181	825
0	0
5297	3
0	0
0	0
11924	4
0	0
0	0
353	0
2	294
205	294
11	0
1	0
80	0
372	21
1	6
3	5
325	172
1	0
192	172
273	0
386	0
100	0
17	0
0	0
2	0
0	0
8	2
52	11
22	58
374	59
0	0
409	0
0	0
75	1
0	0
0	0
0	0
148	0
0	0
4	0
9329	4
16	0
0	0
25	7
0	7
19	0
29	0
0	0
0	0
0	0
0	0
5631	17
1	17
1813	0
289	0
0	0
0	0
0	0
980	0
0	0
0	14
49	0
6	181
10796	3971
72	0
124	0
0	0
0	0
1	0
27741	7
1	0
0	0
15	0
1375	511
1	511
1	0
30	0
65	28
2	28
753	3
1	0
0	0
3792	0
2	12
0	3
1355	0
0	0
0	0
0	0
0	0
999	0
0	0
6244	5
0	0
6	0
0	0
0	0
9	0
0	0
0	0
3	0
2	1
40	0
3	0
0	0
9	0
0	0
0	0
112	0
0	0
32	10
468	0
3	0
322	0
1	0
3	0
1382	1
0	0
0	0
294	1256
2510	1256
577	0
7	0
0	0
7	0
5	0
67	0
12	0
621	0
0	0
1	0
0	0
0	0
13	5
9	0
25	1
769	0
0	0
30	0
387	0
2	0
249	0
0	0
87	59
1	0
23	0
4	0
2	0
27	6
38	0
97	200
0	0
361	164
84	0
0	0
0	0
0	0
333	0
0	0
0	1
0	0
1933	0
6760	2
0	0
7824	3
0	0
204	0
0	0
0	0
1	4
2	0
0	0
2975	0
0	0
0	0
3	2
55	7
1	1
10	0
10	9
1	0
307	0
6	0
0	0
0	1
4282	0
0	0
2	0
6	0
4	0
31835	13
2029	0
0	0
0	0
0	0
11	0
0	0
2	0
3	0
8	0
0	0
9	0
4	0
0	0
0	0
0	0
0	0
0	0
5	0
0	0
3	0
2	44
244	44
0	0
3	0
0	0
65	0
0	0
0	0
2235	2
0	0
0	0
0	0
1	0
812	0
0	0
0	0
0	0
7016	1
0	0
0	0
2	1
0	1
343	0
0	0
0	0
29	0
1	1
6	0
0	0
45	0
0	0
1245	0
341	9
2	0
2	0
1	0
0	0
0	60
228	60
0	0
0	0
0	0
0	0
0	0
289	5
4641	3
3	0
3	0
4285	0
2898	2
4	0
0	0
0	0
0	0
10952	6
2	0
0	0
535	0
5	0
6	0
0	0
0	0
0	24
6112	5
4	0
0	0
0	0
0	0
4	3
0	0
0	0
232	1024
17	1024
0	0
6	0
1142	0
0	0
963	2
984	1306
3	0
0	0
0	0
0	0
19	0
6	0
3401	294
0	294
3	0
0	0
1711	1
0	0
0	0
25	663
0	0
6	0
103	201
2	201
1	0
2	1
6	0
20	0
23	0
13	0
0	0
19	0
0	0
0	0
3	0
1	0
0	1130
0	6
18	20
0	0
0	2
81	2
1204	878
0	0
7480	1
43	90
0	90
11	14
1	12
0	0
4	0
2	4
0	0
0	0
0	0
0	0
792	0
0	0
367	3
2657	1
8	1
1	0
0	0
0	0
0	0
728	40
8	40
1036	1
3309	0
2	0
3	0
0	0
1718	13
250	16
46	0
2	0
0	0
0	8
0	0
4	4
48502	16
0	0
0	0
0	0
0	0
0	1
0	0
0	0
0	0
3	0
0	0
5	3
0	0
90	3
4021	5
3	0
1	0
4236	3
4	0
5	3
0	0
0	0
77	87
10	86
3	0
656	0
4	0
2	0
0	0
0	0
26820	12
0	2
21	2
0	0
13	56
0	56
0	0
0	1
0	0
0	0
152	0
1486	1
7	0
0	0
1987	0
16	0
0	0
2303	0
0	3
346	634
3	634
2	0
66	0
0	0
2936	1
0	0
17	1
2	0
6	0
2079	0
0	0
1	0
1	0
3	1
3	0
492	0
0	0
35	0
14	0
8	0
1	0
1280	285
43	285
9	0
0	0
0	2
0	0
44	0
4	0
5685	701
9	700
287	160
40	160
6	19
0	0
2	0
526	2693
3987	14222
0	2
0	0
8	0
17	0
1322	1411
14	1411
3	1
3	0
3	0
1	0
10573	13015
137	2400
0	0
2	1
2309	1829
932	16
2	16
0	0
59	19
5131	383
60	383
0	0
415	1606
21	95
393	0
0	0
3	0
45	7
0	0
0	17
0	24
0	31
326	0
0	1
0	0
2051	0
2477	645
638	645
5788	583
174	581
0	0
0	0
1360	0
0	0
0	0
348	2
11	2
38	0
94	0
9003	4
0	0
7509	6
1	0
13	0
1	0
0	0
0	0
0	0
0	0
0	312
0	862
1	314
24	141
1357	863
31	0
0	31
0	0
301	0
642	0
4	0
0	0
0	0
3501	355
10	354
2	0
0	0
32074	8
0	0
0	0
0	0
449	0
0	0
242	265
51	265
0	0
0	0
1	0
9	0
0	0
0	0
0	0
0	1
0	0
0	2
0	0
0	0
0	0
155	155
32	155
1	0
1	0
6	0
3	0
0	0
15	0
0	0
60	177
0	3
0	265
78	0
0	0
0	0
0	0
0	0
344	0
432	168
33	168
0	0
0	0
0	0
1	0
2441	0
0	0
0	0
1	0
187	36
26	36
4	0
0	0
9	0
17	0
0	0
9	0
1	0
7	0
33	0
3960	0
12	0
21	0
0	0
4388	0
919	1
1719	1740
93	1740
4873	0
650	0
613	0
0	1
14	0
176	265
36	265
0	0
15	0
2	0
25	0
228	0
0	0
916	0
0	0
0	0
1	233
1	0
0	1
41635	21
2	0
250	0
0	3
0	0
0	0
0	0
3	0
0	0
1576	0
0	0
8	2
0	0
8395	3
824	591
0	0
89	523
0	354
0	0
0	1
2	0
67	97
3	1
0	0
1	0
0	0
0	0
1214	0
0	0
2	0
0	1
14	0
0	0
0	0
3	0
0	1
0	0
35376	10
0	0
2	1
650	1
3073	2
0	8
10	0
1	0
0	95
0	255
0	650
0	21
1	18
0	0
9	0
603	0
1	1
0	0
1278	0
0	0
1	1
11	0
2	0
6	0
7	0
39	0
38	0
0	0
0	0
5	0
43	2
0	0
34	7
0	0
13522	717
2	0
0	714
0	0
0	0
1	0
0	58
838	0
2908	1
1425	0
0	0
379	590
0	0
0	0
1	4
4	4
0	31
1	0
7	0
0	0
1	0
3059	2
238	0
0	0
0	0
0	0
1	5
0	0
0	12
953	12
0	0
1	0
1	0
2	0
0	0
2659	0
3	0
1	0
99	0
1925	0
2	0
0	0
6465	58
37	57
0	0
7832	15
204	11
65	5
7481	1
8	0
12	0
1	0
0	0
10	0
170	0
4635	0
23047	11
2119	0
0	0
198	0
38	0
9576	1
8	0
5588	0
7	0
34	0
5	0
758	0
0	0
0	0
6146	380
896	379
0	0
4	0
0	0
0	0
2866	3
62	3
1	0
954	276
23	2
41	276
5	0
5	0
2975	1
10	0
0	0
0	0
4	0
6	26
2354	3
42	0
0	0
0	0
0	234
31	447
484	50
10	0
80	50
532	0
13594	11
46	7
0	0
0	0
457	175
63	175
672	334
8	14
35	320
13	128
1961	133
17	1
0	2
0	0
1059	0
26338	11
0	0
1	0
0	0
0	0
1876	1
0	0
0	0
1665	0
114	0
5	0
0	0
1	0
128	32
38	32
1514	0
1	0
15333	7
0	0
80	0
1	0
0	0
24	0
13569	2
0	0
0	0
9746	5
31	4
55	4
1	0
1	0
8	0
14	0
0	0
2	0
413	0
0	0
1370	1
0	0
0	0
0	0
283	703
1	703
1	0
0	3
2281	0
32	0
2369	73
12	72
0	0
2029	1
76	0
8	0
3102	0
16	0
2089	1407
20	1405
1	13
29	0
1374	0
4	0
1	0
3496	2
418	0
4	0
7411	1
2	0
173	0
21	1
0	0
13	0
169	0
3356	3
0	0
1	3
1333	0
221	6
0	0
2	0
4	6
47	14
6	14
74	147
2	0
344	53
4	0
11	53
0	0
0	0
16968	1
0	0
0	0
0	0
2	0
0	0
8233	2
1349	0
1195	0
0	0
4161	2
23	1
0	0
209	0
52	17
0	0
3686	2
0	0
928	1
0	0
672	0
0	54
2501	1
5935	1
0	0
5	0
0	0
1643	0
0	0
0	0
342	0
5	0
0	0
792	17
0	0
1	0
2420	1764
11	1764
0	0
2	1
2	0
0	0
1	0
0	0
5	0
6	0
2350	2
3	1
3157	0
0	0
0	1
343	0
0	1
0	0
8	18
15	18
0	0
1741	0
4348	1
0	0
0	0
16	0
1974	1
3	0
3	0
32385	14
264	0
0	0
1086	0
0	0
3	50
0	1
0	0
0	0
0	0
360	0
1	0
3	0
0	2
0	0
6	0
0	0
0	0
4408	3
5	0
0	0
0	0
24	66
0	0
0	0
0	0
6	0
0	0
1215	2
0	0
3176	0
0	0
915	0
0	0
891	3933
2590	3933
0	0
0	0
7	0
1238	0
83	0
0	0
101	182
10	182
1	0
0	0
5598	5087
521	5085
0	0
44	0
4	0
0	0
0	0
0	0
0	0
4	14
2993	1
4	0
1278	0
0	0
0	3
178	0
93	0
7382	3
1	0
0	0
1	0
1	0
3	0
403	0
0	2
0	0
4	0
1	0
8	0
0	0
5	14
6	12
1052	0
1237	1
3	0
4	1
0	0
294	0
0	0
0	0
0	0
3	0
6	0
434	0
15	3
0	0
6	3
0	0
60	0
1799	1
0	0
0	0
22980	3
0	0
1	0
0	0
52	0
23	0
0	0
2026	6
0	0
0	0
0	0
287	0
0	0
0	0
936	0
2	0
0	0
0	92
0	0
1011	0
10	0
0	0
0	0
4904	5
1	0
3530	1194
0	0
0	0
5	0
0	0
203	0
0	98
5	0
544	0
1	0
0	0
423	0
0	0
4	0
3	0
0	0
2274	0
0	0
0	0
0	0
3	0
0	0
2485	612
0	612
407	0
4493	0
0	0
16	0
15	2
2169	0
1	0
2	0
1338	0
97	1
0	0
22	0
2	0
1	0
2	0
0	0
1	0
0	0
1	0
0	0
11	44
155	29
11	1
28	33
377	1
0	0
1613	0
1	0
0	0
11198	1197
0	0
0	0
3538	0
0	0
0	0
0	0
3	0
584	0
1	2
2495	3140
7939	3142
5833	4725
40	4725
1	0
951	0
447	0
0	0
7815	3
0	0
0	0
0	0
5	0
1	0
17	0
0	0
78023	19
3	0
0	0
7	0
0	0
0	0
1	0
0	0
2496	1
0	0
39	93
236	136
0	0
20	0
2245	1
0	0
49	0
3	5
5	0
0	0
5	8
33	5
62	161
8	161
2	0
1	0
2	0
4628	0
65	5133
0	0
2	0
1	0
0	0
0	593
5	20
25800	2994
713	3041
5189	626
0	0
4	0
964	3916
71	3949
0	0
777	4874
0	6791
247	0
1794	0
4	0
0	0
1	0
10	0
4	0
4	0
2	0
3	0
3	0
0	0
15	68
6	68
1	0
24	0
0	0
16	0
4620	0
0	0
0	23
0	0
0	1
260	277
0	0
2	0
0	0
0	0
0	0
2	0
70	0
3130	1
0	0
0	0
0	0
0	0
0	0
137	0
0	0
0	1
2	0
0	1
2	6
0	0
2	3
9723	1
1	0
2	0
0	0
0	0
998	0
896	0
14	0
1	0
1	0
0	0
10219	5
0	0
809	0
1420	0
7	0
0	0
222	305
2	0
2	0
26	0
0	495
742	6
30	6
1513	1
593	1
1700	0
1	0
549	162
0	0
4	0
0	0
305	1
1	0
0	0
0	4
0	4
2	0
0	0
17	1
2	0
0	0
4	0
0	0
0	0
0	0
4	0
17	16
0	6
1	8
2	0
18	8
0	0
43	0
17	0
0	0
3929	3
222	0
3	0
0	0
5	0
1108	0
0	0
74	0
2011	4
55	3
0	0
44	0
0	0
7	0
0	0
5478	1
0	0
5	0
95	0
20167	1
5638	1
0	0
0	0
32	0
10	0
3	2
7	0
182	320
1	320
3	1
0	0
444	1886
7	0
0	0
0	0
0	0
5	0
0	0
0	0
0	0
6460	4
531	1
12	0
3	0
11	0
1252	1919
0	0
0	0
0	0
2029	2516
0	2516
851	2
0	0
1754	0
0	0
1140	3952
16	0
5	1
46	1
100	14
27	3950
0	0
365	1
6	0
55	0
2	5
0	0
627	0
5	0
1457	0
0	0
1165	0
2920	0
2	0
1639	0
8	0
1	0
278	0
2	0
2	53
4	0
0	0
3	0
0	0
0	0
0	1
6	0
0	0
3298	2
0	2
0	101
7	2
154	134
154	134
0	0
494	567
334	567
2	0
336	2
14	16
2332	209
0	208
16	0
0	0
0	0
18	0
0	0
3	0
1290	236
3	236
0	0
2	0
0	0
9	0
0	0
8	0
0	0
0	0
1	0
2718	1
23	0
2362	2
3037	0
2	0
0	0
56	0
1670	0
0	0
0	0
2	0
0	0
0	0
228	280
3	280
0	0
0	0
1	0
1341	219
25	218
18	0
2637	1
0	0
61467	17
16922	3
0	0
3397	3053
305	3054
1	0
103	1
800	1
140	256
10	15
116	19
0	17
9	4
97	18
0	0
0	0
2	17
0	11
13	1942
3100	1943
0	0
0	0
1946	1
69	144
136	144
497	702
0	0
1122	1
41	19
4	19
0	0
0	0
2	0
1	8
295	0
1	0
1	0
2	0
26	5
2	0
0	0
464	717
27	717
14	0
2	1
0	0
0	0
30	0
8543	2
3255	2
22180	6
4966	2
0	0
0	0
17	0
1	0
0	0
1	0
21	4
4	0
2	4
0	0
817	1
0	0
27601	4
0	0
0	0
0	0
1	0
1	0
0	0
200	0
0	0
0	0
271	13
29	1
490	14
0	0
5251	2
5820	2
0	0
0	0
1	0
9863	1
530	0
2	0
2	0
5	0
0	0
0	0
2	0
3	0
0	5
1938	769
0	769
15	0
78751	21
0	0
0	0
0	0
0	0
0	0
2	0
0	0
104	0
0	0
0	0
0	1868
3673	1869
0	6
0	0
0	1
89	1
1	0
7	0
0	0
7916	2
2	86
0	0
83	3
81434	28
0	0
288	0
69	0
0	4
12	0
0	0
1	0
0	0
4	0
1	0
915	1
1586	263
0	0
0	263
45	19
1669	5
54	0
0	0
4	0
3	0
468	3929
1646	3929
0	0
9	91
0	0
4	0
1330	1
2	0
56	23
0	172
0	497
1351	1
2720	4
0	0
0	0
0	0
0	0
0	0
0	2
3	4
104	0
486	421
0	0
0	0
0	0
701	421
1	0
0	0
850	4
950	355
9	355
1	0
0	0
706	0
2	0
0	0
1118	0
0	0
0	0
986	244
0	0
599	1
0	0
0	0
0	1
0	0
1	1
0	1
2	1
1721	2
3144	1
0	0
1	0
2	0
1513	0
0	0
0	38
0	0
626	0
55	11
729	0
0	0
33	117
0	0
2112	0
0	0
1932	1
0	0
0	0
1880	0
7	4685
0	4685
0	0
4305	2047
0	0
0	0
4241	202
211	204
0	0
0	0
47185	15
0	0
0	3
130	3
0	0
604	0
0	1
0	0
0	0
408	14
144	0
11	14
5621	0
3	0
2	0
0	0
0	2
19	7
0	0
1	0
0	0
428	0
19	6
0	0
8486	1
0	1348
0	0
65535	26545
7756	26520
0	1
0	0
0	0
1	0
0	0
1578	2
13	0
558	366
48	365
208	0
1463	1
0	0
0	0
1486	1
0	0
0	0
470	0
0	0
0	0
26	0
0	0
0	0
25	0
314	1
5206	2
0	0
222	0
0	0
21	0
0	0
654	0
4094	1
1	0
1445	0
0	0
2371	1
6	0
1	1
1	1
126	0
491	0
0	54
6	3
352	51
30	0
3	0
36	0
0	0
549	756
175	756
0	0
1	0
0	0
2	0
3	0
3	1
0	0
0	9
1	0
166	10
8	0
0	1
760	0
37	0
2	0
396	1
1683	1
13627	3
0	0
1	0
117	0
19	82
8	82
0	3
711	449
0	449
6	6
3	6
238	0
2	0
0	0
425	0
854	3
2103	0
7578	5
3289	2
0	0
14	0
913	158
89	0
63	158
7	0
3	0
2220	33
118	32
125	4
5	0
0	4
0	0
1	0
36	0
0	0
0	0
2	283
0	0
3036	353
149	70
0	0
108	21
400	21
5	0
8	0
560	0
1917	1294
3	1294
419	0
0	0
0	0
1	0
0	0
0	0
2	0
605	0
0	0
26	0
0	0
7	1
3813	2
11	1
10	0
13	0
0	0
0	0
1	0
1	0
1	0
0	0
0	0
636	111
433	111
2633	0
0	0
12	0
0	262
4	3
0	0
4	0
0	0
2126	0
0	0
0	0
6	11
0	9
15	0
0	0
1	0
0	0
0	2
0	0
0	0
394	0
15	5
0	0
18	0
133	0
0	0
0	0
710	0
0	0
1120	0
2	0
0	6
0	6
0	3
1	0
0	0
0	6
0	0
534	1
4	0
1	0
9662	2
4597	0
14	7
1011	0
0	0
38	0
0	0
0	0
3	0
2676	3
329	464
10	464
0	0
3	0
42	0
1	0
5	0
0	0
2	0
1981	0
21	0
3242	0
49	0
0	0
1	5
0	0
0	18
0	0
5	0
0	0
2	0
1	0
8	0
0	4
0	0
3370	2
0	0
1	6
0	0
1	0
0	0
0	1
0	1
0	0
1764	1
61	18
0	0
23	0
0	0
9	0
0	0
346	0
2	0
0	0
0	0
5	10
3	1
86	1
1	0
1	0
31	0
0	0
0	0
0	0
25	3
0	0
0	1
0	0
2134	352
40	351
5	0
0	0
557	0
2358	0
26	0
0	0
0	0
1	0
0	0
642	0
1166	0
1	0
0	0
0	257
0	0
6527	2
4	0
1	0
0	0
657	0
3	1
0	0
0	0
0	0
99	0
9	0
2813	0
0	3
0	0
0	0
0	0
3	0
0	0
5188	62
0	62
3626	0
3	0
4	0
0	0
0	0
0	0
3	15
1295	0
5	24
76	11
4	0
210	1
0	0
131	0
0	2
1	6
0	3
1	0
2974	4
109	1
87	0
0	0
1	0
0	0
4020	1
0	0
674	71
1	132
50	71
30	0
264	138
20	0
4833	1
75	0
1	0
254	835
2170	1365
9	5852
190	749
13	5857
1	1430
76	0
8	2
0	0
1	0
11	0
0	0
0	0
0	0
0	1
0	1
0	0
4	23
0	0
1	0
0	0
0	0
218	0
0	0
0	0
0	0
0	0
631	3
4	3
0	0
5	1
0	0
5411	308
0	0
5	13
4	2
0	265
0	3
0	17
0	0
1	0
0	0
0	0
319	0
4886	1
2	0
0	0
2	0
1	0
0	0
0	0
4	0
2159	1826
3	1824
0	10
0	1
0	0
8	0
1377	2
23	0
0	0
5818	1
37	0
4	0
6	0
0	0
9	0
181	0
0	0
0	0
0	0
9	0
25	61
777	61
3	0
0	0
0	0
0	0
19068	8
0	0
0	0
9318	3
0	0
2	0
7	0
0	0
0	0
0	0
0	0
10	1
0	460
8	0
0	0
2	2
0	2
0	0
395	0
0	0
338	0
0	0
19	0
0	0
0	0
135	0
1	0
215	0
0	0
0	0
673	1
4	306
1135	307
12	0
252	0
1	0
7	0
9	2
1749	0
770	0
45	0
0	0
39	0
8	4
2	7
1273	1
1204	1
1374	0
0	0
422	0
12	0
3	0
0	0
1	0
93	0
0	0
3	0
1392	0
2	0
0	0
1	0
5	10
4	0
0	0
841	623
0	623
2	0
0	0
1306	0
0	0
0	0
0	0
1218	2
0	0
1	0
706	3
8	5
10	2
1	0
15	0
0	0
1	0
0	0
0	21
0	1799
0	0
6	0
0	0
2	0
24	0
0	0
592	2
0	0
5	0
2	0
41162	5
0	1
4	0
0	0
1	0
0	1
1264	0
0	0
14	1310
7598	1312
5	0
762	0
0	0
30	0
0	0
1	0
10446	4
0	0
0	0
93	47
1	0
1	0
0	0
0	0
466	0
0	0
0	0
0	0
0	0
2095	0
13	0
1	0
421	0
0	0
2	0
242	0
9	0
9	0
3	0
0	0
0	0
1410	0
1045	0
52	87
0	14
0	14
29	0
0	0
22	0
0	3
0	0
4	0
3870	2562
831	2562
0	0
431	0
0	0
4	0
8	0
200	460
2	0
5	0
0	0
0	7
1846	0
1	0
1	0
3	0
369	0
6	0
1	0
12	0
0	0
0	0
0	0
2	0
8319	2
0	0
2	0
8948	2
0	0
0	0
948	0
0	0
1	0
12	0
0	0
101	0
0	0
199	0
0	0
9	0
0	0
0	0
901	0
0	0
1	0
103	0
0	0
0	0
0	0
0	0
0	0
0	0
0	0
1	32813
77	32813
34	0
4044	12340
1102	2334
15412	12952
414	3090
531	1
2247	24113
15769	24586
4	3
0	0
0	0
641	0
0	0
7	0
21	0
0	0
885	0
0	0
0	0
7	2104
0	0
226	2014
0	0
0	0
1	0
0	0
0	0
72	919
7	1
0	0
2	0
3	0
25	0
0	0
9	0
3279	0
0	0
336	1
0	0
8	3
0	0
0	0
22	268
0	9
0	0
1212	0
2	0
0	0
0	0
43	0
2	0
343	967
7546	971
9	0
3392	9
4	9
4	10
235	10
22	0
0	0
0	0
0	0
81	119
0	1
0	0
0	0
364	1
1	0
1840	168
0	167
0	0
199	183
0	0
8	2
13217	5
0	0
2	0
1	0
2	0
2	0
2	0
0	0
0	0
2	0
0	0
1	0
0	0
11	1
1	0
0	0
0	0
11	3
2173	1
0	0
89	1
20	1
0	0
14	0
318	9
51	12
0	0
1	0
0	9
0	3
0	3
264	330
1	0
13	317
0	34
0	19
0	0
0	0
262	831
0	831
21	0
1	0
1	0
42	10
5	0
2	0
2	0
0	0
1	0
0	0
1	0
0	0
0	0
5	0
0	0
0	0
1	0
2	0
30	0
1	0
0	0
35208	10
189	0
0	0
1	0
1	0
0	0
119	0
256	0
29	9028
2817	9028
177	0
9	0
0	0
0	0
11	62
578	62
7	0
6	0
11	0
3362	18
1	0
2	0
264	0
0	0
0	0
1285	0
0	0
1220	0
95	43
2	0
293	243
58	243
0	0
0	0
0	0
0	0
4833	1
0	1
0	0
1	0
0	0
0	0
0	0
1	0
0	0
380	1
0	0
0	0
4	0
140	0
0	0
15	0
2	0
6	0
75	0
3	0
25	10
0	9
0	0
3	0
0	0
0	0
0	0
0	0
38	0
2	0
0	0
0	0
0	0
0	0
598	0
0	0
0	0
19	3
687	0
1934	0
0	0
4638	1
58955	11
3	0
2018	2
5	0
4	0
0	0
0	0
0	0
0	0
2	0
0	0
1	1
8	3
24	0
4	0
0	0
0	2
0	0
7	0
0	3
37	0
1569	320
0	320
4	0
50	321
883	324
30	3
1	0
0	0
501	0
1394	0
0	0
9320	3
0	0
0	0
0	0
4	0
6	8
0	0
4	8
1	0
693	0
0	0
0	244
0	0
0	300
0	162
27	24
0	210
1	0
0	109
0	64
0	1986
0	0
150	0
0	14
0	5
0	36
0	0
0	428
1	4
0	0
1	21
1	0
0	0
0	59
2	658
28	62
0	1
1	6
2	0
0	2
4	4
0	782
0	96
0	7
0	852
0	9093
0	0
0	3691
2	0
0	2348
30	417
1	1519
15	1
0	0
4	517
23	411
0	4483
4	2740
22	4503
0	0
0	129
0	0
0	139
0	0
0	0
0	0
0	0
9	0
2	7
1	158
0	0
34	840
0	0
0	16
5	15
0	0
0	5690
1	1464
0	43
0	18
0	16
0	0
0	0
0	2
265	9
16	1913
0	1298
2	321
2	0
6	2931
2	0
0	0
0	0
3	3415
94	2060
0	0
0	0
0	1467
8	517
12	0
0	558
0	0
19	1
2	0
3	1080
0	4
0	0
0	0
2	0
672	0
0	0
0	0
5123	0
24	6
0	0
1	0
3551	0
30	0
0	0
3385	237
0	234
17	3
9	0
0	0
0	0
0	0
0	0
6847	1
4246	2
0	0
2	0
6	7
6	0
0	8
54	0
0	0
0	0
0	0
0	0
29	0
133	19
13	0
6	0
0	0
0	0
0	0
7	0
10	1
4	0
0	0
1	0
3	0
5	0
0	0
19	0
0	0
1	0
4	0
6	0
0	0
2	0
1194	0
4	0
1	0
11951	3
4	6
6	0
6804	6
8	64
339	64
17	0
0	0
6	1
1580	1
0	0
0	1
0	0
0	0
0	0
2	15
178	3915
319	3915
4314	2
15	251
2331	870
1	0
8	12
2	0
0	0
2	0
24	0
0	18
0	12
0	2
2	10
6	0
0	0
957	0
0	0
1550	0
11	5
3	0
59	0
1394	0
2	0
6	0
5	5
0	64
0	0
0	0
0	0
0	0
18	0
2	0
0	0
0	0
1	1
288	0
5	0
2	2
3	0
11	0
4	0
737	0
928	0
10	15
1665	0
31	0
1	0
337	1
1	0
4	0
0	0
9	4
1862	0
0	0
3	0
20	0
0	0
0	0
0	0
0	0
20	128
1034	1771
0	0
27	2
24	2
0	0
151	568
0	0
0	0
4	7
145	0
0	0
0	0
0	111
3858	3
35	5
0	0
749	0
0	0
1	0
5896	2
342	297
3	0
11	0
1452	0
0	0
0	0
0	0
0	2
0	0
5	0
0	19
1	0
2	0
0	0
0	0
0	0
0	0
2	0
3	0
1	11
25	1
1	0
5	2
3	1
0	0
9	0
1	0
0	0
0	0
671	179
307	179
3	0
7	0
23	0
5	5
2	0
0	0
0	0
4267	0
0	0
7	0
252	0
2	0
5	0
594	0
1	0
0	0
8	0
17	0
0	0
4	0
1	102
10	10
0	10
1	0
0	1
0	1
3	0
1	0
0	0
0	0
797	0
0	0
0	0
0	92
4361	2
0	0
332	49
33	49
34	2
0	2
5	0
2388	1
0	0
0	0
0	0
2	0
0	0
5053	0
6	0
5	0
11	2
79	0
0	0
1574	2
70	3
12	2
1941	1
89	0
0	0
1891	1605
0	0
4	0
24	0
3	0
3	0
0	9
0	0
4522	0
0	0
2292	506
201	506
11	0
0	1726
0	37
0	9
1316	0
0	0
9	10
1	10
31	0
0	0
7	0
5367	1
1	3
0	0
21	0
0	0
7	0
171	485
83	485
0	3
11	0
0	0
0	0
0	0
7	0
3	0
0	0
2	0
37952	5
108	10
10	1
977	36
56	36
1818	2
1	0
0	0
1723	0
3	0
1	1
0	0
8	1
0	0
13	8
1880	8
0	0
17	0
4	4
82	4
59	0
0	0
0	0
10499	3
9	6
0	0
981	54
0	0
121	52
0	0
0	0
3	0
8	6
0	9
0	0
0	0
0	0
4	115
3581	116
0	0
6	1
13	0
11	1
3420	1799
27	1799
0	0
1	0
0	0
0	0
1413	0
2602	0
827	0
0	0
4	0
39	0
0	0
24931	6
11	0
35	7
0	0
0	0
0	0
0	0
0	0
0	0
12	0
26	0
1	0
0	0
0	0
0	0
0	0
0	0
0	0
2	0
0	0
1	0
10	0
6	4
0	0
5	0
1	0
3	0
5164	2
0	0
1	0
1	0
0	0
102	0
47	0
5	0
0	0
33	0
0	0
0	0
12	0
60	6
0	2
4	0
17	0
0	0
0	0
7	0
0	0
0	0
0	0
108	0
0	113
356	113
4	0
11	0
591	1088
2	1088
36	0
4	703
4970	703
1	0
0	0
1	0
13	2
1181	3
3	0
0	0
0	0
3	0
0	0
715	0
0	0
0	0
7481	2
0	0
1	5
0	0
0	0
6044	0
1	1
0	0
3	0
14	24
348	45
11	21
0	0
0	0
0	0
0	0
2	1318
1629	1318
22	0
2	0
0	0
0	0
3857	525
1	0
2	0
0	0
64	5
7328	531
0	0
0	0
1	4
511	0
0	0
3	0
950	713
9	712
12	0
0	0
30	0
0	0
0	0
229	0
0	0
6	0
1	0
5630	1
20	0
0	0
1	0
0	0
0	0
1	0
3897	1
0	0
0	0
0	0
565	1784
54	0
4	0
3316	3068
9	3068
0	0
0	0
11	1
0	0
4	0
42	0
0	0
1720	1
3	3
1	0
997	2
2	0
74	118
1996	112
8	0
0	0
2	0
0	0
0	0
93	0
3	0
0	0
0	0
0	0
2	0
39	1
0	0
898	0
0	0
0	0
634	0
0	0
47153	14
1	5
33156	2213
1	0
12059	84924
5536	81077
0	0
11372	47464
0	0
0	0
7	4
0	0
221	0
10016	55936
0	0
3958	362
8	362
136642	28246
11	0
39468	28152
0	0
0	0
19	184
721	186
2	0
1	0
1865	0
10	0
0	0
1241	27
31989	34
5	1
4	0
7581	5
67	0
0	0
36	4
0	0
0	0
624	0
3	0
0	0
0	107
0	92
0	6
0	0
1	0
0	0
0	0
0	0
4	0
0	1
0	0
17	12
0	0
113	1
15	0
17	0
2	0
10	0
1	0
521	497
0	0
0	0
1263	1
4	8952
0	0
0	0
0	0
5446	8952
47	0
1	0
2	0
0	230
457	0
6	2
231	0
1275	0
53	0
6	0
2158	0
860	610
16	610
9	0
2	0
1454	9
12	490
0	0
0	0
48	0
1	0
0	0
0	0
0	0
10160	487
118	0
0	0
0	0
4356	2
1	0
0	0
0	0
0	0
2	0
1732	2
1	0
0	0
0	0
3117	0
0	0
524	0
1	0
0	0
154	0
0	0
0	0
0	0
0	0
984	0
0	0
2	0
2	1
4	0
415	0
5	0
30	8
5	8
0	0
0	0
0	0
346	0
0	0
0	7
0	23
429	0
0	0
13	0
3	0
4	0
0	0
865	1
1	0
23	0
22990	17929
32	17923
30	0
3	0
0	0
0	0
31	0
3	1
13	0
15	0
1	1
1	0
401	0
0	0
6	0
25	94
0	0
0	0
2	0
1	0
4436	1
0	0
0	0
1	0
13	0
0	0
2	6
0	0
2	0
1	0
0	0
1	0
0	2
10579	97
3	1
0	0
1	0
0	0
2308	4337
967	4334
0	0
10	0
1	0
24	0
1	0
193	0
11	838
802	838
0	0
7	0
1	0
2	0
1032	1
0	0
11	0
0	0
0	0
202	0
1859	1
0	0
0	0
4	2
2154	482
121	481
0	0
0	3
6	0
2	0
2	0
1	0
0	1
300	0
0	0
0	0
204	1
2	0
0	0
10	4
741	877
32	877
2	0
2	0
0	0
392	0
228	137
2	137
0	0
851	0
0	0
2	0
0	0
0	1
1390	269
7	269
0	0
0	0
0	34
0	55
0	1441
666	0
1	0
0	0
7569	4
8	0
9680	3
2	0
4	0
0	0
520	2
1	0
1	0
4	0
0	0
0	0
0	0
18	3
15	0
9	0
4	22
4	22
0	0
0	0
0	0
48	0
0	0
0	4
0	1
0	0
2	1
0	10
0	0
0	0
83	0
3	0
3	75
238	75
0	0
14	0
0	0
2583	4
0	0
0	0
0	91
2	0
7	0
0	0
1	0
0	0
4	1
4	9
1	0
1039	1
0	0
17	5
0	2
0	0
0	0
2	5
2	0
0	0
0	0
2548	0
1	79
3820	80
2	0
1	0
0	2
0	2
0	0
2	0
3813	237
50	234
0	0
0	0
1	0
0	0
5729	2
0	0
0	3
0	6
2	0
0	0
0	0
0	0
0	0
6	0
1318	19
39	0
38	0
2	0
4	17
23	6
0	0
987	0
77	0
0	0
0	1
0	0
0	0
4356	1
0	0
1	0
0	0
0	0
0	0
0	0
0	0
0	0
0	0
2870	0
12	2
0	0
0	0
0	1
0	5
0	0
0	0
1187	0
0	0
6	3
0	3
179	2
0	0
123	2
1	0
2	0
128	0
0	0
15301	4
12	0
0	0
4	0
0	0
0	0
1	0
0	0
1	4
0	0
0	0
0	0
0	3
0	0
3	0
1	2
0	3
182	3
117	3
241	0
2	0
2	4
2	0
0	0
2382	1
4	0
0	0
0	0
1	0
1	0
0	0
40	105
327	105
1	0
0	0
0	0
0	0
0	0
35	6
0	1
0	1
2	0
1	0
0	0
0	0
0	0
0	0
0	0
0	2
0	2
0	2
4731	3
2	0
0	7
4	7
0	0
0	1
0	0
0	0
0	0
0	0
122	0
7	1424
1412	1424
1673	0
20	0
0	0
0	3
0	0
0	0
0	0
2	0
155	0
0	0
0	0
1	0
6	0
0	2
201	0
2	0
0	0
0	0
21304	12
2	0
0	2
1	6
0	0
0	0
0	0
0	2
0	0
26	0
24	1
3997	1
328	0
0	0
2	0
1	0
0	0
0	20
0	3219
1	0
12	0
0	0
0	0
0	0
0	1
0	0
617	0
3	0
2	0
10	0
2	6
1	0
0	0
324	0
0	0
2	0
1	0
2788	0
2	1
0	0
0	1
1301	0
0	7
1	0
0	0
0	0
0	0
0	0
0	0
0	0
8	0
693	0
460	0
4	47
34926	26
0	0
1	0
1	51
0	66
1547	1
0	0
2	0
5225	6
0	0
0	0
4	0
0	0
1863	0
6	0
70	0
11	0
0	0
0	3
0	12
35	38
10	0
9	105
1338	105
23534	12
0	0
0	0
19727	8
48	78
1	1
1160	0
25	0
30	0
918	0
0	0
3	0
0	0
0	0
6746	2
0	0
1	0
405	0
10944	4
1	0
2	0
0	0
1	2
2	1
0	3
6	0
0	7
0	0
448	1
0	0
0	3
0	0
0	1
35	0
0	0
766	0
0	0
30	0
185	55
40	55
2	0
0	0
17	2484
26	106
1	0
6	78
2	120
0	0
40	145
0	0
158	536
0	0
286	404
164	2646
24	0
35	0
0	0
4	189
35	250
0	75
0	0
224	449
13	0
0	0
869	0
0	0
2043	0
1	0
1	0
0	0
82	55
14	55
1	0
3	0
0	0
31	0
39	56
0	56
5	0
3	0
1	0
0	0
1	0
0	0
30	0
3	0
0	0
0	0
0	0
55	3
0	0
1	0
0	0
134	0
0	0
4	1
2	0
0	0
0	0
0	0
3	1
0	0
2042	0
0	0
282379	97
1	0
2058	2
0	0
2	0
3096	1045
2	1039
557	1
32	0
3837	1
39	8
241	0
2	1
1720	0
1948	0
775	1
1	0
6	0
1	0
0	0
2784	4
0	0
809	0
29	0
0	0
0	357
0	262
8	92
5	0
0	0
0	3
0	0
1153	0
0	0
0	0
123	0
5	0
0	0
35	3873
26604	3885
8	0
0	0
0	0
0	0
38	0
24	24
539	24
3	0
4	0
0	3
0	0
1	0
1207	0
5032	2
0	2
0	0
1	0
0	0
0	0
0	0
0	0
0	4
0	4
0	1
5632	5
0	0
2	0
444	0
0	0
0	0
0	0
1	0
1060	0
0	0
0	0
1	0
1093	691
1	0
1	0
2	0
1	1
0	0
2	0
147	3785
1	0
2	3
0	0
0	4
63	4
0	0
6	5
0	4
0	0
52	3785
1	0
7	3
0	0
100	0
153	0
8	0
1402	0
4159	0
718	334
52	334
0	0
3290	0
0	0
0	0
0	0
14	0
152	0
278	390
2	390
17988	7
0	7
1	0
0	225
0	0
0	0
7374	8
26	3
0	0
0	0
373	0
15	0
0	0
984	0
1484	0
1	0
0	448
5038	0
0	0
0	0
0	0
0	0
0	0
0	0
1	0
12	0
0	0
0	0
0	0
0	0
0	0
2	0
0	0
0	0
0	0
0	0
1	0
2	0
0	0
0	0
0	0
0	0
72	63
788	63
973	0
0	10
0	0
7	0
651	1
2	0
5	0
0	1
0	0
0	1
2880	1
6	1
0	0
1137	1
0	0
0	7
4	0
2878	4
0	0
47	0
1	0
3	0
0	0
4	0
15	2
268	235
35	235
0	0
0	0
3	0
1966	0
2	0
0	0
0	0
0	0
0	0
0	0
0	0
0	0
0	0
0	0
0	0
0	0
356	0
0	0
0	0
0	0
2	0
6	0
0	0
4	0
0	0
2	3
72	0
0	1
0	0
0	0
0	0
1778	232
91	207
23	0
2	0
10	0
213	27
0	0
0	0
0	0
0	0
1	176
591	176
10	0
12	0
155	152
0	0
3	0
0	0
0	0
119	448
8218	449
0	0
540	7
6	7
9619	8
3	0
42	0
2	0
1428	155
6	155
0	0
1	2
0	0
0	0
0	0
18	29
631	29
4	0
0	1
1456	1753
659	1789
0	0
4206	0
3	1
6	0
297	251
20	251
271	0
89	0
0	0
0	0
4786	1
15	0
22	0
0	0
8	4
51179	14
0	0
0	0
2859	6
0	0
0	0
837	0
0	0
0	0
0	10
1	14
1	1
20	0
81	0
56	0
7	11
9	28
1	28
0	0
2040	1
0	0
0	0
0	0
0	0
0	0
2385	137
0	137
15	2
26	0
243	265
17	265
0	0
0	0
0	0
2	0
1	0
1052	267
44	266
2925	4
0	0
2	0
1	0
5	0
9	0
0	0
0	0
1	0
1390	1
11	0
1181	5335
0	0
13377	488
7	0
1	0
0	0
4	0
38	0
13	1
0	0
17144	1
420	0
457	1
0	0
6	0
0	0
3636	299
7	298
0	0
5	1
59	0
5975	1
0	0
3	1
2	1
495	1
525	0
1356	0
9	0
5	0
87	22
1	22
0	0
8148	0
0	0
7	0
0	0
0	0
1	1
553	921
27	920
2	0
3	0
0	0
3	42
0	0
27984	15
0	0
9718	5
912	0
0	0
9	0
1	0
0	0
0	0
6681	3
0	0
3	0
0	0
3	0
37	0
4	0
0	0
0	1
565	0
2770	1027
108	1023
4	0
0	0
1	0
9	1
0	3
0	0
4	0
633	0
4714	1
138	0
0	0
1	0
0	0
0	0
411	78
41	78
28099	10
0	0
0	0
1301	375
24	375
0	0
0	0
0	0
0	4
0	0
0	0
3	1
1167	2
1	0
1080	1
0	0
0	0
2222	0
0	0
0	74
0	10
0	4
3289	0
3294	1
150	601
728	1079
198	478
800	0
8065	1
3	0
886	1
5430	1
1677	1
3	0
0	0
7	0
5	0
0	0
0	0
0	0
42	6
18	6
2039	449
2	449
2	0
55	0
0	0
4	3
337	0
0	0
0	0
8	0
0	0
0	0
7	0
0	0
2141	562
0	562
0	0
0	0
0	0
2606	166
19	162
63	0
1	0
36	3
2	0
1	0
0	0
6783	5
258	0
1	0
0	0
0	26
0	0
0	0
2290	0
2	0
10	0
0	0
1	0
0	0
0	0
12	0
1	0
7346	2
4	15
0	0
0	0
0	0
0	0
0	0
0	0
0	5
1724	0
0	11
0	7
0	16
172	0
567	0
10	0
1	0
1	0
9	188
0	0
211	1
377	0
2	0
2	3
1	0
0	0
3	0
0	0
6	0
0	0
5	0
0	0
3	0
2	0
1227	332
54	332
0	2
0	0
0	0
0	0
4	0
0	0
772	1455
29	1454
5	1
2	0
2210	4
0	0
8	0
55	0
2753	0
0	0
5622	3
5	0
3	16
1463	0
0	0
0	0
0	0
2129	449
0	0
12	0
5	0
1	0
101	449
0	0
0	0
2059	1
0	0
0	0
0	0
0	1
2	0
1700	1
4	0
48	0
726	0
2522	0
0	0
0	0
0	0
2780	1
0	0
0	0
0	0
7	0
5	0
0	0
1725	1
9	1
0	0
6	0
0	0
1	0
0	0
0	2
4	2
14	12
6	12
0	0
0	5
11	0
1397	2
0	0
0	0
969	363
33	363
107	0
0	2
0	4
0	0
1	0
394	44
21	45
3	0
0	0
0	1
5	0
602	0
1	0
10	21
1	0
566	91
53	90
0	0
0	0
3	7
1327	0
4530	0
0	0
0	0
8	0
0	0
18	0
6	85
6	1
2	0
2	0
2	0
2	0
6	0
0	0
0	0
12920	2
1088	1
0	0
3	0
1	0
0	0
1	0
172	0
0	0
0	0
61	48
0	0
0	0
2290	2
0	0
4781	209
206	447
10	241
24	0
0	1
0	0
2	0
638	2
1783	2
1707	0
0	0
13	7
0	0
645	0
0	0
0	0
211	0
1	0
0	0
1	0
3	1
570	0
0	0
1	0
0	0
0	0
0	0
6	0
0	0
802	0
9	0
15	0
6	0
0	0
354	0
45	0
0	0
4677	1
0	0
0	0
0	0
32	0
0	0
10	0
0	1
0	0
333	0
2	0
3	0
0	0
1	0
0	0
124	0
28	0
2514	11549
7	0
3	0
7940	10109
1320	0
292	2679
6	0
0	0
1138	0
1577	1
3	0
3	6
1	0
0	0
1435	422
0	422
0	0
0	0
0	0
2236	1
2	0
6315	4
1	13
14	1
0	0
0	0
0	0
13	20
17	20
0	0
0	0
4	0
1193	270
22	270
0	0
0	0
0	0
0	0
0	0
2	5
2	4
0	4
127	0
5165	3
1	0
0	0
2	6
905	0
0	0
0	0
70	0
0	0
11	0
592	0
402	0
0	0
8	0
0	0
1574	0
0	0
0	0
0	0
331	0
13	0
1719	2
40	0
0	0
970	1
171	0
0	0
243	0
3260	1
0	0
12	0
893	0
1978	1
819	0
100	0
113	0
405	15
1	15
0	0
2028	0
3359	1
90	0
97	0
0	0
0	0
0	0
1225	0
2	0
5	0
3313	1
150	0
0	0
24	2
9	0
5	0
4754	1
0	0
251	0
320	1
285	0
101	135
5	135
0	0
3	2
20	0
500	281
32	298
0	0
0	0
0	0
0	0
0	0
1166	0
721	0
2	0
851	0
821	0
0	0
119	2142
2	0
0	0
2985	0
0	0
3	0
66	118
8	118
4	1
5417	6
0	0
133	2
1299	2
0	0
0	0
1498	1
104	0
624	0
0	0
0	0
3332	20
0	0
219	1
0	0
5	14
0	0
1090	0
1020	0
60	0
560	0
0	0
0	0
0	0
2055	0
5	0
4	0
0	0
13383	5
0	0
1	0
0	0
320	0
3	0
1740	2
0	0
0	0
990	307
3	307
6	0
25	108
2088	109
154	148
4	148
3	0
0	0
11	3
1114	0
0	0
1	0
0	0
6	0
1	0
0	0
2	0
170	0
2205	0
410	1
8	0
0	0
0	0
4	0
0	1
9	0
2	4
125	0
0	0
12	0
5	0
1	4
0	0
46	0
0	0
0	0
2256	0
2	0
1	1
0	0
1	4
0	0
34	0
0	0
696	0
285	0
0	0
3	0
1	0
5440	33
107	28
0	0
0	0
0	0
0	0
5373	1
0	0
0	0
65	0
4782	1
1	0
0	0
277	0
6	0
16	0
0	0
1072	0
23	0
0	0
0	0
6	0
0	0
0	0
0	0
0	0
0	0
2	0
7	0
0	0
6	0
0	0
1	1
2	0
0	0
1885	0
40	0
2	0
17	0
673	0
1	0
0	1
23	0
0	0
1	0
7	2
0	0
0	0
97	38
2	0
1007	1
86	1
31	133
993	133
0	0
119	0
0	0
148	0
0	0
13478	3
6	0
7806	11
0	7
0	0
2786	265
8	0
1	15
0	0
2	0
0	0
0	0
1	0
6	0
22	0
0	0
2	176
0	0
0	0
8	0
1	0
12	89
0	0
92	49
2072	50
805	0
1	0
0	0
3	0
49	0
2	0
0	0
13198	9
33	220
265	223
0	0
0	0
3	0
4796	1
0	0
0	0
0	0
23270	5278
39	5268
26828	14
18	0
0	0
8	4
2717	3
12603	7
0	0
0	0
7	0
1	0
42	3127
1173	0
13	0
138	3127
0	0
0	0
10	1
0	1
0	0
1146	2
0	0
3	0
1	0
3037	2
1	226
1	0
1	1
0	0
182	277
9	277
0	0
113	24
92	2
13004	4
0	0
7631	4
46	0
0	0
1	3
0	2
1	0
9	0
0	0
0	0
0	0
0	1
493	3
1875	0
22687	6
1	684
0	0
1827	1
0	0
12	0
34	0
1499	0
1	0
0	0
56	0
3	0
0	0
6	5
0	0
0	810
0	783
4	0
60	0
1	0
2	0
0	0
0	0
240	0
2179	0
11	0
5	0
11648	5
0	23
0	0
4	2
0	0
196	0
9	64
1638	0
0	0
0	0
3853	118
3	116
0	0
3821	0
0	0
2	1
6	37
0	37
0	0
24	0
0	0
2	89
8	14
1266	90
5	0
1	1
2	0
0	0
0	0
0	0
0	0
0	4
0	0
980	0
1	0
0	0
1115	0
0	0
0	1
2	0
0	1
297	0
0	0
1680	22
13	21
85	0
39	0
0	0
9187	1
0	0
0	0
743	0
3	309
2477	309
5	1
0	0
7	69
1	0
5	0
27	1
842	1053
0	0
550	4107
193	8
1933	4029
0	0
1	0
0	1
0	0
1	3
2	0
5	0
388	0
174	0
0	0
0	0
4	0
2	3692
0	1054
0	1
1192	0
0	0
0	0
0	0
4	0
6	3
0	0
383	393
66	393
0	0
69	273
4	0
1331	273
0	0
0	0
2261	1962
76	1962
3	0
1821	2
85	2
72	0
0	1
0	0
0	2
46	0
0	0
0	0
2	0
584	0
43	3
0	0
0	0
2414	5462
8440	5464
13	21
1	0
1571	89
0	89
1	0
0	0
5	1
420	0
0	0
0	0
0	0
0	0
1	0
0	0
68	0
0	5
0	0
2	0
3	0
0	0
4	0
1	0
1	0
2204	0
1	0
0	0
2	0
6	0
0	199
0	255
4	0
1	0
0	0
9	28
319	28
0	0
0	2
0	0
6	1
59	0
0	0
0	0
0	0
1114	0
0	0
0	0
10	0
7	0
720	0
0	0
115	0
231	9
6	3
5	0
0	0
2	9
0	0
1	2
1	2
0	0
2000	1
26	12
25	0
8	0
0	0
1	0
0	0
922	1
2	0
0	0
156	4134
0	0
10164	12047
3	9029
5236	160
51	6
0	151
19	0
4	0
26	0
0	0
6053	128
60	126
166	0
27	0
8	3
1	195
0	52
0	0
4	0
1	0
6	0
0	0
0	0
45	0
0	3
1517	0
87	0
0	0
354	10
43	9
2	0
0	0
13	10
1	0
0	0
0	0
4	0
11	0
17	0
1	0
0	0
0	0
154	0
0	0
7	0
2266	2258
108	2258
17	150
0	0
2	0
0	0
0	0
983	1
1	0
0	0
64	11
43	108
10	0
1	0
0	0
0	0
0	0
2	0
0	0
7	5
4	0
0	0
1574	1620
336	1620
11	2
49	0
0	0
0	0
0	0
4	0
948	0
0	0
3024	0
1	0
0	0
103	39
13	39
9490	2
8	1
2	0
1	0
13	0
1	0
2	0
0	3
0	0
789	0
0	0
0	0
0	0
0	0
0	0
0	0
405	0
2	0
2	1
2	6
9	4
0	0
0	0
0	0
0	0
1	0
0	0
373	0
654	2
0	0
7	0
1	0
1	0
1	0
4	0
91	62
1677	63
0	0
0	97
0	0
157	0
8	0
0	0
7	1
0	1
0	0
5807	1
3	0
1118	0
0	4
5	0
8	0
1170	1
0	0
75	0
0	0
1	0
0	0
2355	1
0	0
0	0
7	0
3	0
2373	0
0	0
0	0
0	0
0	0
0	0
1979	1
3600	1231
42	1
0	9
151	0
480	480
89	347
33	0
1	0
6	22
0	0
950	0
0	0
0	0
0	0
3119	1
2	0
0	0
0	0
0	0
3	0
0	0
0	0
0	0
0	0
0	0
21	37
0	34
0	0
1	0
0	37
8	0
0	0
0	0
1	0
39	12
0	0
2	0
1997	1
0	0
1741	2
56	2
12	0
4	3
2	0
0	0
0	0
0	0
0	0
0	0
0	1
2823	2
2	0
48	3
17	2
0	0
8	2
1946	0
93	1501
0	0
229	1501
39	0
7	0
6	0
15	0
25	35
986	176
23	141
5	0
0	0
0	9
0	5
0	17
5	5
47	5
3	0
0	0
6692	1
0	0
4	0
0	1
0	0
0	0
5428	0
0	0
0	0
0	0
0	0
305	174
87	0
6	179
0	6
5	0
7	0
0	0
8	103
151	103
16009	3
0	0
0	0
2	0
1	0
337	0
2341	0
12	0
84	0
0	0
4	0
2	16
8	16
7	0
0	0
1032	1
13	453
0	0
4	0
2512	1
0	0
27	0
4	0
1813	0
2	0
2	0
0	0
0	0
3	0
1	0
0	0
0	0
3	0
0	0
1668	0
43	0
498	0
7	621
0	13
0	29
0	3
0	0
0	0
0	0
739	0
1992	0
2	3
0	0
0	0
1	0
0	38
0	155
45	0
0	18
59	134
0	0
0	197
4502	1
17	0
0	0
0	0
2	0
0	0
2730	5220
3360	5223
0	0
0	0
1	0
5	2
0	0
1	0
5	0
6345	2
3084	1
0	0
0	0
0	0
1711	2
322	0
0	0
0	0
0	0
0	80
2	0
0	0
3790	4
44	0
0	0
5	6
2927	0
0	0
0	11
0	291
0	28
26	291
0	0
5	11
0	0
9625	7
104	1
97	2
119	1
1	0
0	0
2	0
3407	1
3	3
2	0
5543	1
3467	0
968	0
0	0
4	0
21	0
2539	1
3	0
1	0
1	0
737	0
3	0
18	13
9	0
1510	56
247	56
52	23
47	1
0	0
0	0
1546	2
0	0
36	0
14	0
4	0
0	0
319	3
0	3
0	0
0	0
1	0
22	0
0	0
5	0
5	0
1	0
4	0
0	0
0	0
1	0
0	0
9	30
0	0
0	0
1	0
4117	2
1	0
972	0
1	0
0	0
20	0
4	0
1	0
268	16
6	0
0	0
22	0
6	6
0	0
0	0
0	0
35	0
1	0
605	0
0	0
1300	1
1	0
0	0
3	0
524	0
50	0
2	0
0	14
38	161
0	161
2	0
14	13
0	294
0	0
6850	5
4	0
0	0
6	0
1	0
158	0
193	62
0	0
0	0
43	0
22399	4
28	0
0	0
0	0
0	1
1760	0
3	0
11	0
6	3
0	3
0	0
1	0
1	0
25907	54801
17	54796
6	0
13558	10590
8	10584
1689	1118
0	1115
3	0
1	0
0	0
0	0
99	0
4	0
36	0
0	0
320	0
0	0
1	0
0	0
20	0
59	5
1	0
12	0
1	0
4	0
22	6
2355	0
0	0
1	0
99	2
0	0
5	2
0	0
53	13
0	0
398	0
6	0
4	0
1	24
0	26
0	4
1	0
3	0
0	0
145	0
3	0
0	0
1656	0
2	0
0	0
1	1
8	0
0	0
3	0
173	161
1387	363
5	0
159	0
0	24
3	0
0	35
2	0
636	0
83	217
0	0
0	0
0	0
0	89
3	0
8	0
4	0
0	0
1	0
0	0
3181	0
0	0
0	0
0	0
0	0
2	0
0	0
1008	2
0	0
0	0
16	0
0	0
0	0
2795	0
12	0
0	50
3	0
2	4
3211	0
0	0
0	0
5955	114
25	111
0	0
0	0
716	0
472	0
0	0
0	0
0	0
2092	1
0	0
0	0
1	0
0	0
1	0
0	0
3939	2
0	0
0	12
0	0
4	0
0	0
0	0
0	1
19	0
2	11
5264	1
2892	3
0	0
2	0
1	0
1414	454
5	455
0	1
1	0
0	0
419	0
2	0
0	0
2	82
0	21
0	38
0	33
0	1
543	400
349	400
3	42
0	0
1789	0
0	0
0	0
838	1
0	0
0	0
0	0
617	0
398	0
949	0
14	0
5	4
1	1
32	105
306	105
0	0
0	0
2039	959
2	0
0	0
0	0
0	0
0	0
8	0
491	0
482	0
1	0
0	0
56	11
0	1
701	38
3	38
0	0
2496	0
0	0
0	0
0	0
163	0
0	0
3	0
4009	0
98	0
3	0
0	0
1	0
1	0
1496	1
338	0
320	6
15	204820
0	116430
630	209318
1	121012
0	0
0	3958
770	3958
35	120700
8	227
804	0
0	0
3	1
29482	4
16	0
0	0
2	0
2187	0
0	0
0	0
0	0
436	0
15387	3
0	0
0	0
16	0
0	0
0	0
437	0
14	0
15	0
0	0
2395	1
2	0
5	0
0	0
0	0
0	0
66	531
1493	531
4	1
0	0
138	6
0	20
0	15
2	0
1	0
0	224
0	0
17	0
1	0
3	0
4	0
3	0
253	1
0	0
0	0
0	0
1134	1
6	0
259	0
0	0
1569	0
1	0
6	7
0	0
8711	3957
24	3955
0	0
0	0
7	0
0	0
9	0
0	0
3	0
0	0
0	0
0	0
3520	2
0	0
0	0
179	0
0	0
0	0
0	0
19831	5
37	0
0	0
1889	4
0	0
1452	0
0	0
0	0
188	0
2	0
0	0
0	0
2	0
0	0
198	0
0	0
2170	5
0	0
3	4
0	0
40	4
0	0
0	0
25	0
125	0
2772	2
0	0
2	0
0	0
40	0
32	0
0	0
861	60
0	60
1037	0
1	0
11	0
570	0
6	0
287	0
10598	2052
22	2045
26	3
1	0
46	0
1	8
0	0
74	2
8	2
1	0
17	3
0	0
5	0
5388	277
0	0
0	0
0	0
4	0
3	0
2	0
0	0
3	274
207	1
202	0
0	0
1	0
1078	3
1	0
0	54
2	0
1	0
7	3
0	0
40	5
53	0
3	1
0	1
12	1
0	1
0	0
0	0
0	0
0	0
0	0
2512	0
0	0
20	0
0	0
1375	45
1	44
3877	394
3	393
0	0
0	0
0	0
600	0
54	0
2	0
0	0
0	0
28	57
14788	5
0	3
435	0
0	0
0	0
2	0
2	0
0	0
0	0
0	0
0	0
1	0
13	0
2036	2
1480	2
0	0
1033	4
27	4
10	20
2	20
496	0
0	0
0	152
0	0
0	0
29	0
1	0
2	0
0	0
0	0
1	0
11	0
0	0
0	0
354	0
0	0
0	0
5	117
57	36
0	2
0	0
2912	1
0	0
0	0
1	0
3	0
0	0
691	134
11	0
2	134
1	0
3796	1
32911	9
0	1
1772	0
0	0
60	0
0	0
0	0
2	0
3	0
885	182
12	182
1	0
0	0
4	0
0	0
5	66
1	0
28	0
0	0
149	0
0	0
0	7
0	2
0	8
0	7
27	1475
0	0
780	0
0	0
1	0
10	0
0	5
7	5
0	0
0	0
0	0
2	14
40	66
953	0
0	0
1	0
321	0
0	0
11	0
29	0
61	0
0	0
104	742
332	742
0	0
6	2
23	5
0	0
430	0
0	0
4	3
1	0
0	0
8	0
3	0
2	0
101	0
353	0
0	2
1329	2
0	1
0	3
0	0
757	993
3	993
7	0
410	0
176	0
0	0
501	1
0	0
1	0
10	0
3	0
21	0
14	0
35	0
0	0
0	0
0	0
12	1
78	0
17	0
0	0
13	670
6236	672
0	0
0	0
58	0
0	0
0	0
0	0
673	0
4	0
0	0
16	0
1	0
4021	0
1	0
15	0
479	1
2627	141
0	138
0	0
0	0
171	0
0	0
2	0
0	0
7	0
6103	68
5	66
0	0
22062	18
397	0
0	102
2056	0
466	2
10	2
96	0
20	4
1	0
60	3
0	0
0	0
0	0
5078	0
0	0
7	114
0	0
72	109
0	0
3	0
0	1
0	0
2439	1
0	0
0	0
0	0
0	0
0	0
0	0
0	0
0	0
87	150
1	0
0	0
0	0
0	0
1	2
0	0
1572	0
12	0
83	0
0	0
988	1
76	0
0	0
0	0
44	0
0	0
0	0
939	1
0	0
0	0
2272	1
12	0
13427	1946
740	1943
2	0
1	0
25	0
6	0
3146	0
4	1
0	4
0	0
0	0
0	0
254	0
0	0
4	150
2	0
0	1
0	0
752	56
14	56
0	0
506	1
10	0
0	0
0	0
0	64
3558	66
3487	3
4	1
0	0
821	0
84	0
7	0
1	0
0	0
4	0
1450	3
2502	0
2	0
0	0
3076	0
328	0
0	0
604	0
240	0
0	0
0	0
407	0
3	0
0	0
60	0
1	0
1233	0
0	0
0	0
7993	156
28	154
0	0
130	0
0	0
1	0
0	0
0	0
0	0
792	0
0	0
2	0
0	26
0	93
1	0
355	0
7	1
3	0
47	63
154	63
742	0
3	0
2	0
368	0
17	0
0	0
1	0
0	0
5	0
0	0
1752	0
0	0
0	0
12301	5
3	0
0	0
0	0
0	4
1208	1
0	14
1	4
0	0
0	0
4089	0
71	983
5959	1212
642	226
0	0
0	0
0	0
801	0
868	1
0	0
1	0
415	0
0	0
0	0
2	0
228	100
1	100
23	0
5	0
2	0
0	0
1376	1
1	0
67	250
0	14
0	6
3	526
2347	0
0	0
4	0
0	0
0	0
0	0
2	0
1	9
2	0
648	0
0	0
2	0
81	56
0	56
0	0
0	0
0	0
2	0
62	3
1	0
0	0
0	0
0	0
0	0
0	1
0	41
299	41
0	0
0	10
301	10
9	0
6	0
5	0
1	0
1	0
0	0
0	0
8	2
2	0
1	0
1647	14
10	11
4	0
796	0
194	0
5	1
5	0
0	0
0	0
0	0
1	0
0	12
1113	12
4	0
1	0
2	0
14	0
0	0
138	0
38	371
1283	372
0	0
0	0
0	0
0	0
3832	0
4	0
0	9
0	0
6	0
1219	0
0	0
5	0
1	0
1211	0
39	0
5853	1
0	0
0	0
5553	3
0	0
0	0
0	0
1256	0
0	0
0	0
29	0
92	50
0	0
62	0
0	0
0	0
520	2
110	0
0	0
0	0
7	0
0	0
0	0
0	0
0	0
0	0
0	0
0	0
0	0
0	0
0	0
431	1
0	0
0	0
0	0
104	0
0	0
12	0
2935	1
2142	1
0	1
0	0
60	0
1	0
0	0
0	0
0	0
0	0
3759	1
2	0
4	1
935	1
3	0
1	0
0	0
750	1
13	0
23	3
2	0
3	0
0	0
0	0
0	0
1	0
97	0
0	0
628	1
1	0
4	12
1335	0
6	38
2	0
0	0
1719	0
0	0
0	73
0	1
465	443
0	442
0	0
634	267
41	267
1	0
8	0
63	5
0	0
2	1
1	0
8	0
7	0
0	0
6	0
0	0
52	0
0	0
11	247
334	247
0	0
0	0
0	0
0	0
0	0
3313	334
101	334
0	0
2490	1
0	0
1	0
0	0
1559	1
27	0
0	0
4	0
0	0
519	0
129	0
352	0
0	1
670	0
0	0
2	0
2	0
21	0
109	0
0	0
1888	0
0	0
0	0
0	0
637	0
3	0
0	0
4	0
1	0
1	0
1278	0
6	57
0	0
0	0
0	0
2	1
0	0
6	76
462	129
10	6
38	7
0	0
1	0
0	4
0	0
6528	2559
194	2557
5	0
912	0
79	0
5	0
0	0
0	0
17	0
2	2
0	0
220	3
12	16
0	0
495	1
1593	0
0	0
0	0
6	0
172	5
2976	1
111	0
3	0
4	62
1742	64
0	0
5	0
3628	1
1	61
0	17
1	0
0	0
1087	0
6723	121
0	118
13	0
0	0
0	0
0	0
7186	4
0	0
0	0
1	0
0	0
4	0
0	0
0	0
8241	2
10	0
0	0
0	0
0	0
4	0
0	0
0	0
0	0
0	0
0	0
0	0
1	33
86	33
0	0
0	0
0	0
4	0
92114	35
106	3
0	0
1	1
1973	0
13	0
0	4
1	0
3	0
318	2
1	0
0	0
0	0
7	0
0	0
15	0
10	0
0	0
346	201
62	201
2	0
1	0
7008	4
328	1
0	0
633	0
29	3
2518	1
159	0
2	0
0	0
2	0
0	0
0	0
0	0
0	0
815	0
0	0
634	0
7	0
52	0
2688	2
30	5
0	5
0	0
7	0
0	0
0	0
1	0
0	0
0	0
756	0
2	2
7	0
2	9
3	8
0	0
321	0
0	1
0	0
0	41
0	13
0	31
253	133
4	0
2263	2
0	0
1	0
1	0
44230	10
0	0
25169	0
692	0
1	0
2767	2
0	0
0	0
91	0
0	0
0	0
0	0
0	0
8	0
95	2
3	2
1	0
0	0
1	11
63	11
3589	0
10	2
43	1
786	0
1	0
0	0
0	0
93	112
0	112
564	0
0	0
0	0
600	0
0	0
152	0
0	0
0	0
311	0
1	0
4295	1
1	0
1	0
0	0
3	0
51	17
11	0
0	0
0	0
0	0
0	0
985	0
145	0
0	0
0	0
0	0
0	0
0	0
0	0
1	0
0	0
0	0
3	8
452	0
9	0
10	0
5	0
0	0
3	1
3	0
2803	0
0	0
0	0
0	0
2	0
0	0
0	0
0	0
2	24
33	37
0	8
3	0
4	0
0	0
141	0
2003	81
0	81
832	0
0	0
840	0
0	0
0	0
0	0
2	0
0	0
4	0
5954	4
18	0
1	0
0	0
0	0
0	0
3	0
0	0
0	0
0	0
1	0
1637	0
3	0
0	0
6	0
0	0
16	0
164773	7711
4891	112
29	0
38	2
3	3
0	4
2	0
0	0
6223	18912
702	0
3	0
2	0
0	6
0	0
0	0
0	0
5	0
4251	1
27	1
0	1
0	0
19	22
0	0
1	0
2	0
0	0
2	0
30549	3548
730	0
5	0
21	0
27	0
1	0
2	4
1849	0
0	0
0	0
128	5
7	0
1	3
0	0
13	2
0	0
5	0
4	1
5	0
0	0
97830	9959
0	0
0	0
98	0
0	0
0	0
0	0
0	0
0	0
958	1
0	0
688	1
0	0
900	18
232	17
0	0
22	884
1068	884
0	0
91	102
1	0
4	0
1	0
6	0
15	0
0	0
0	0
2	0
6	0
0	0
1	0
1	4
5	0
0	187
5	0
0	0
1	0
0	0
10	0
0	3
0	0
31713	8
640	0
0	0
3	0
3	0
20	0
1	0
1157	2
66	0
0	0
96	641
3	0
376	272
97	272
1223	0
4	5
0	0
3	0
0	0
0	18
0	209
0	16
0	8
0	0
0	0
0	1
0	0
0	0
0	0
7	7
0	0
0	0
0	0
151	2
0	0
56	112
2	2
1	0
113	12
0	12
0	12
0	0
0	0
0	0
0	0
0	0
7	0
4	25
0	0
0	0
0	0
1	0
2	4
779	0
96	0
56	0
11	0
33	17
50	0
0	0
0	0
1	0
0	0
1005	0
9	0
2672	0
0	0
0	0
0	0
50	0
1	0
0	0
0	0
0	0
9	2
1173	1
0	0
0	0
0	0
1	0
0	0
0	0
593	0
3	0
2638	2
2472	0
640	0
0	0
1708	0
0	0
0	0
74	0
0	0
350	1
0	0
0	0
0	0
484	10
0	0
0	0
1	0
285	0
0	0
0	0
8039	3
0	0
429	159
16	159
0	0
25922	1044
1417	575
3	463
0	0
0	536
0	2
746	2
0	0
0	0
2	0
1189	0
0	0
8	0
5	0
4	0
6	0
1	0
0	0
1	3
1079	6
29	8
398	6
219	0
0	0
4	0
5	0
0	0
5	0
11	0
10	0
3365	3
0	1
0	0
0	0
0	0
1	0
0	0
0	0
0	0
4	1
0	0
233	1
0	0
7	10
0	370
0	0
55	24
76	163
4087	261
1017	2
7	2
25	0
6	0
1914	0
0	0
0	0
0	0
937	0
81971	155497
46939	104167
342	37
3218	160
94596	164904
2	0
3	0
3	0
0	0
3818	1
0	0
619	0
0	0
0	0
6	3
3295	0
0	1
1	0
0	350
1	0
880	1
1	0
7	2
1551	0
27	0
518	0
129	0
0	0
2	0
0	0
279	0
1	0
540	1
11	8
1	8
3792	1
3	0
7	0
0	0
0	95
4	0
25	0
0	0
0	0
220	212
4	212
0	13
0	0
0	0
3631	0
1127	0
524	933
133	933
33	14
10	14
0	0
645	0
15	0
1137	0
261	0
324	139
332	139
0	0
2	0
1	0
2862	1
0	0
0	2
0	0
0	0
0	0
201	6
2	6
0	0
0	3
0	0
7	606
5	0
7	5
2987	0
0	0
0	0
0	0
0	0
129	0
0	0
0	0
0	0
0	0
100	299
92	0
2	0
0	0
13	2
2644	2
3	0
1	0
0	0
4907	1
0	1
19	0
0	0
0	0
0	0
220	95
0	0
58	0
0	0
0	0
456	146
0	0
239	350
1	0
0	0
505	295
0	0
0	0
8	3
0	0
528	0
0	0
0	0
0	0
9	0
29	39
6	5
0	0
7	220
1614	220
1	0
2	0
2	0
0	0
3	0
36	0
7	0
5717	1
0	0
1	8
1	0
2252	785
51	785
0	0
5	4
0	0
0	0
378	147
49	147
5	0
10	0
41	351
0	0
0	0
573	0
0	0
14	10
2785	1
0	0
5	0
9	0
3	0
0	0
0	0
1	0
15	0
6	0
0	0
3	0
4	3
0	0
0	2
329	0
2	0
7	0
4067	0
2	0
63	0
0	0
3	0
7049	2
0	0
0	0
5	0
5013	465
0	462
3	0
3	0
0	0
1286	0
0	0
0	0
0	0
0	0
377	0
1	140
364	140
0	3
0	0
1	0
1777	0
5	0
3	0
2	0
0	0
6	0
3	0
2323	0
4	0
0	0
0	0
1161	165
373	167
22	0
0	0
5052	2130
328	2129
44	0
2	0
153	0
0	0
0	0
295	0
53	1
17	0
866	0
0	0
0	0
0	0
0	0
11	0
19	0
17627	7
3341	0
1	0
1	2
0	0
1	29
7	29
69	0
168	32
5	0
0	0
755	0
4086	3
434	398
17	398
0	6
3	1
0	0
881	0
0	0
6295	0
0	0
0	0
5	6
0	2
23	11
2334	0
0	0
0	0
13	0
0	0
0	0
3438	0
0	0
98	0
0	0
0	0
0	0
0	0
75	0
6	1
0	0
8191	1
0	0
0	0
694	0
115	1
0	0
6	2
616	0
11	0
5	0
0	0
2196	1
0	0
1	0
109	52
35	52
0	0
0	0
0	0
0	0
0	0
0	0
0	0
84	0
0	0
0	0
0	0
0	0
0	0
89	22
147	0
0	0
0	0
0	0
2912	2
9	0
35	0
215	0
1018	1
143	17
2	0
154	97
3	97
32	0
27	0
8	0
0	0
1692	1
3846	6
0	0
1	0
0	0
61	0
0	0
0	0
0	0
0	0
0	0
1066	1
0	0
689	0
11	0
0	0
2120	1
0	0
0	0
37	15
53	31
1520	32
2551	1
0	0
2	0
0	0
491	0
0	0
0	0
2	0
4222	1
13231	4
0	0
0	0
0	0
9	0
141	0
0	0
0	0
1564	13
16	0
42	0
15	13
7	0
103	0
1188	196
3	0
18	196
1775	1
255	0
87	3
178	0
0	0
10	0
9095	6
0	0
1291	0
0	0
1259	3
1971	0
0	0
0	0
0	0
659	0
0	0
1	2
811	0
0	0
1	0
0	0
0	0
0	0
0	0
0	0
0	0
0	0
1	0
640	2
0	0
0	0
0	0
0	0
0	0
13	212
484	214
0	0
427	0
9	0
9	0
0	0
2	0
54	0
0	1
2	0
3	0
2338	1034
127	0
0	0
7	0
0	0
5	3
3	2
0	0
0	0
0	0
0	0
207	73
25	73
0	0
11	0
1869	1032
19	0
0	0
1104	0
0	0
4	0
0	0
1523	0
14165	2704
1064	2701
1	30
782	30
11	1
17	4
0	0
2	0
5	0
5180	2
2	0
0	0
0	0
2	0
0	0
0	0
934	0
6	0
0	0
0	2
0	0
3	0
208	0
1154	1
10	0
27	0
13	0
89	0
946	0
12	90
6557	94
1307	0
0	0
607	0
2469	0
2	0
779	1
0	0
1	0
0	0
1	0
0	0
0	0
0	0
0	0
1	0
0	0
954	0
8	0
5	0
17	1
15	0
0	0
760	0
0	17
0	0
0	0
0	0
1923	620
114	3
71	0
0	0
6	0
0	0
1	0
2	0
4	0
1538	49
238	48
0	0
2	4
118	0
0	0
0	0
0	0
86	0
39	0
3042	3
0	0
0	36
10	0
20	0
0	0
0	0
23	0
1	0
571	0
0	0
1	0
5	0
637	334
33	334
0	0
2	0
0	0
0	0
58	0
27	3
11	0
16	0
154	1
0	0
0	0
1437	2707
118	2707
277	0
5	0
174	0
0	0
178	0
5	0
0	0
0	0
0	0
1	0
35	14
0	0
9	4
0	0
3751	0
0	0
265	231
3	231
2	0
0	0
5752	0
2777	1
0	0
6	0
7	0
15	0
3	1
18	3
5930	3
1	0
8	0
761	0
2876	3
12	3
0	0
0	0
0	0
24	1
4	4
2058	0
7	0
4248	1
47	11
12	0
911	0
3	0
54	298
536	298
0	0
0	0
0	0
17	0
5757	2108
95	2107
21	0
0	0
1458	0
25	2
540	0
1	0
622	0
0	0
3	0
126	0
0	0
19755	4
2	1
0	0
0	0
274	0
0	0
4360	0
0	0
0	0
16	0
529	0
611	0
1	0
0	0
0	0
0	0
4199	1
1	0
17	0
44	0
0	0
119	411
53	252
16	0
0	0
7	0
26744	10
1	0
1	0
8	0
0	0
1	0
2355	0
0	0
0	0
0	0
1	0
0	0
0	2
0	1
0	1
0	89
200	105
50	114
0	0
0	0
372	0
11	0
0	0
18	0
0	0
0	0
0	0
359	0
0	0
1	0
64	0
2	0
324	0
0	0
1	0
0	0
0	0
6	3
7	3
0	0
36	0
7	0
0	0
0	0
1	0
2	0
0	0
0	1
1636	0
0	0
0	0
1	0
0	0
3	0
0	4
17	0
0	79
3	1
1	1
9	5
775	0
3	0
6	0
19	0
3844	0
6	0
0	0
0	0
21	155
143	155
0	0
0	0
0	0
1	5
0	0
210	0
0	0
365	0
31	0
4	0
0	0
0	0
2	0
0	0
617	404
0	7
0	0
35	20
0	0
0	0
2795	1
0	0
0	0
2	0
2127	29
42861	42
0	45
2	0
1	0
0	0
0	0
0	0
8	4
1	0
10169	31
8	26
1	0
0	12
0	6
0	0
0	1
0	0
0	38
55	38
5050	2
0	0
5	1493
14	0
2	0
1	0
0	0
0	0
0	0
4	3
0	52
0	18
35	97
301	97
0	0
137	201
889	201
8	0
0	0
0	0
0	0
156	254
0	254
0	0
0	0
0	37
0	0
0	0
1	0
0	37
0	0
0	0
1532	0
0	0
0	0
0	0
0	2
0	0
0	0
1	0
0	185
0	0
0	0
0	0
0	0
1215	0
18	0
5	0
1	0
0	0
251	0
37	8
0	0
0	0
726	0
0	0
19	259
1048	259
7	0
0	0
471	7
17	3
1	0
407	0
0	11
385	0
8	0
1580	1660
156	100
6	19
2	0
0	0
0	0
0	25
1083	203
0	202
0	0
10	2
6	0
0	0
0	0
326	0
0	0
0	0
17	0
773	0
481	1
0	0
6	0
2007	250
3	249
0	0
649	1
0	0
0	0
6	0
0	0
4	0
6	0
1	0
0	0
0	0
0	0
0	0
0	0
0	0
73	0
0	0
0	0
1	0
3	0
447	0
0	0
37	1
0	0
96	116
3	116
2	0
0	0
153	0
3	0
0	0
4001	0
6152	1182
1	0
1	0
283	558
223	558
351	5
293	4
261	0
0	0
9	0
0	0
1	0
0	40
310	364
0	364
0	0
4	0
224	0
1	0
0	0
333	1
0	0
19	24
0	1
0	0
0	1
0	0
0	0
1	0
0	0
0	0
0	0
2178	0
9	0
28	0
3618	22
2	0
8	22
3	0
1627	148
237	148
0	0
0	0
0	0
0	0
9	0
9	0
1	0
2495	2
1586	1
2	0
0	0
3	0
828	1
0	0
0	0
0	0
1	11
1042	208
0	208
1	0
2077	1
0	0
17794	17383
12	17377
0	0
0	0
19	0
0	0
0	0
0	0
0	0
5184	1
21	4
4	1
0	0
0	0
0	0
0	0
1	0
2732	2
0	12
0	0
2194	2210
4	2209
0	0
0	0
0	0
0	0
0	0
0	0
2	0
82834	72236
66517	59779
2	0
0	0
2801	1
2	0
8715	36093
0	0
0	0
0	0
1726	0
2	0
0	0
4	0
17	0
8	0
5546	0
0	0
0	0
0	0
0	0
0	0
0	0
161	0
2	0
0	0
18	0
1672	0
4	2
0	0
0	0
0	0
847	0
13	0
0	0
61	32
3	0
407	0
4	0
1	1
57664	18
438	0
2900	3
1	0
1971	1
43	3
0	0
9	0
0	0
0	0
14	0
1	0
0	0
0	0
706	581
117	581
7	2
0	0
0	0
512	0
3	0
0	0
9	6
13	0
0	0
79	0
3	0
77	59
976	61
13	0
6	0
2	0
3376	404
1	402
4	1
5	5
1	0
63	0
4	0
3	0
1	0
0	0
6	2
5	0
2980	2
728	0
127	1
7	0
2	0
0	0
681	1
0	0
302	0
1	0
0	0
0	0
220	0
1	0
1	0
0	0
3512	1
552	0
3	0
228	0
2	0
21	7
3	0
0	0
0	0
0	1
3	0
5	0
3	0
0	0
0	0
0	0
0	0
601	0
1	0
0	0
0	0
0	0
72	0
0	2
0	0
0	0
7	324
552	324
0	0
0	0
702	0
0	0
0	0
421	0
63	0
9	1
6	0
532	1
5	4
0	0
1	0
3	0
9609	4
163	0
41	0
1	0
4	25
1	0
105	0
1329	0
1	0
0	0
0	7
1763	0
0	1
5	1
25	1
0	0
0	0
447	71
0	0
7	0
1	0
46	0
70	0
78	0
19	4
0	0
0	2
0	0
2	0
0	0
0	0
0	0
627	56
0	56
200	0
0	0
0	0
0	0
1	0
67	125
0	245
0	16
0	0
652	0
101	0
1	0
3	0
25	0
3	0
2	0
0	0
1519	0
0	0
1	0
74	0
0	0
0	1
0	2
17220	8
0	0
165	7
6	4956
3602	4956
0	0
2493	1
0	0
0	0
0	0
158	0
2	0
2984	1
25	1
3128	319
122	0
21	0
36	318
10	0
148	0
574	0
1	0
80	0
0	0
0	0
0	15
0	0
11	0
4194	2
886	0
0	0
610	0
2	0
1697	0
0	0
10	2
1561	0
0	0
137	0
0	788
1537	795
67	26
0	0
2	0
1	0
0	0
695	24
10	0
97	70
216	16
0	1
0	0
0	0
174	0
24	2
457	0
2	0
0	0
229	0
0	0
0	0
16	0
0	0
1227	0
320	0
0	0
10	1
2	0
0	0
2341	2
1	0
1725	1
0	0
0	0
0	0
0	0
3190	1
0	0
0	1
2	0
6021	1
3	0
0	0
13	1
0	32
49	0
0	0
0	0
25	0
5	0
1557	0
424	0
0	19
0	0
544	26
0	26
1	0
0	0
3980	32
62	94
606	94
3	0
0	0
1	0
9	3
1496	0
33	0
4	0
568	0
1	0
2587	1
1	0
1	0
534	0
0	0
0	0
1866	423
0	423
8	0
11	0
2569	2
0	0
2	0
0	0
0	0
0	0
0	0
1597	1
0	0
0	0
0	0
0	0
0	0
0	1
3	0
7	0
2	0
0	0
0	0
228	1
0	0
141	0
0	0
0	0
17	0
0	0
13	0
3142	0
0	0
10	0
30	0
174	100
116	100
0	0
0	0
1124	0
0	0
0	0
213	0
0	0
1090	1
305	338
0	338
49	0
166	14
1	0
6	0
32	0
0	10
0	0
0	0
0	0
0	0
0	0
7	0
63	96
2	96
715	0
2	0
0	1
0	0
0	0
4	0
3	0
5451	4
0	0
3	2
62	0
1	0
0	0
0	0
2543	1
39	0
1	1
2207	2
0	0
0	0
4	0
1	0
0	9
0	5
0	0
1	5
0	9
0	122
0	167
0	0
0	0
587	1
1	0
0	0
0	0
2	0
0	0
58	1
0	0
71	190
40	190
0	0
0	0
938	303
786	304
734	0
3	0
0	0
693	0
1	0
0	0
49	0
644	0
0	0
0	0
0	0
5	2
23	25
281	25
0	0
1	0
380	6
99	4
2	2
0	0
0	0
53	0
33	0
13	0
1869	1
0	0
159	566
41	409
0	0
4	2
618	960
20	16
1	11
19	9
1	0
0	0
434	472
6	472
7	0
7	1
35	0
0	0
0	0
1	0
0	0
0	0
0	0
0	0
2806	0
0	0
0	0
44	1
0	0
10	3
911	3
7	0
450	0
7	0
1363	2
1	0
1	0
25	10
12737	6
0	0
1	3
0	0
0	0
3301	90
29	89
4	0
0	0
1583	2
0	0
0	0
0	0
0	4
2	14
0	0
1303	1
0	0
44	0
4	2
0	0
4	0
0	0
8	0
0	0
0	0
0	0
618	5
0	0
4	4
0	0
1	0
1	0
5	0
0	0
0	0
379	0
0	7
0	0
12224	4
1	2
79	0
0	1
5	2
8	0
0	0
5	0
167	0
0	0
2	0
10	0
0	0
18	0
1	51
691	51
260	0
715	0
0	0
0	0
0	6
27	0
40	4
2738	240
95	239
1	0
8	0
5	0
0	0
0	0
0	0
5298	1
0	0
10589	6
14016	15
10328	10
0	0
0	0
3383	0
0	0
1244	609
41	607
43	0
529	612
345	612
0	0
2	0
5	0
0	0
7	0
0	0
0	0
2658	0
0	0
3	0
2	0
0	4
6	0
22	0
6	0
2	0
1	0
0	0
4	0
0	0
0	0
0	0
0	0
0	0
0	0
0	0
0	0
0	0
452	0
0	0
0	0
1135	0
1	0
3	0
8	0
0	0
0	0
0	0
1128	0
0	0
0	0
0	0
5	0
0	0
1	0
4426	3
643	0
0	7
347	0
0	0
4	0
0	0
3	0
0	0
362	0
5	0
1	0
0	0
0	0
0	0
0	0
1730	0
0	0
0	0
78	0
6461	3
4087	2
2	0
11	8
0	0
1064	1
19767	1
0	0
0	0
159	150
0	0
2	0
8	0
0	0
6365	149
269	0
0	0
153	2
0	0
7	0
2532	0
36	2
2184	3
1	2
0	0
16565	456
50	453
6	0
2	0
0	0
0	0
851	0
0	0
6	0
24	0
0	0
0	0
4705	3
0	0
0	0
0	0
0	0
0	0
0	0
1485	1
4	1
44	9
8	0
12180	4
0	0
6	0
983	0
6459	3
4	0
3	0
1	0
74	0
1	0
0	0
1647	0
0	0
0	0
0	0
0	0
0	2303
998	2303
0	0
2	0
581	0
17	0
15	1
4	0
0	0
0	0
2819	1299
32	1290
1	0
0	0
3908	0
0	0
376	0
2	0
0	0
1	0
25	160
624	161
0	0
47	0
0	0
99	0
0	0
5300	11
0	0
0	0
0	0
0	0
1861	1
0	0
2	1
8	7
121	7
33	0
8	0
0	0
0	0
4395	1
0	0
68	21
0	0
9647	1
888	2
0	0
467	0
0	0
0	0
0	0
5	0
4758	2
0	0
0	0
0	1
237	0
6	383
208	383
0	0
2151	0
2859	649
9	647
0	2
14	42
2	0
3933	1
21	0
3397	2
14	0
4	0
4962	2913
67	2399
0	0
242	22
0	19
1	0
0	128
7	0
5	0
0	0
7850	0
0	0
30	0
0	0
1	2
1	0
0	0
26066	7
0	0
0	1
120	234
3549	235
0	0
1040	1
0	0
187	273
3	273
2	0
3	0
17	0
1167	10
2	0
110	0
54	10
10	0
8610	2
64	1191
933	1192
902	0
0	0
661	0
2	0
3	3
7	1
3305	0
0	0
2	0
106	1
3	0
2	1
3	0
0	0
3	0
2854	0
0	0
0	0
1089	0
7	0
1	0
0	229
460	229
0	0
6	0
361	249
1485	249
17	0
31	0
0	0
4931	1
30	0
0	0
3762	587
1	0
0	0
1	0
1	0
0	2
1	1
5457	3
0	0
4141	3
0	0
10	0
0	5
1389	8
0	1495
0	0
9	0
15	0
2	0
652	0
0	0
0	0
0	0
13	3
4	0
0	0
734	589
3435	52
103	564
747	0
0	0
74	0
5136	153
9	0
2	152
1663	2
5	0
18	0
16	0
9	0
7	0
4	0
0	0
0	0
1352	0
0	0
0	0
0	0
0	0
2733	2
1	0
3	0
2	0
3099	0
0	0
6	26
599	178
20	0
121	152
1781	42
3	39
21	0
127	2
738	1
0	0
0	0
408	0
164	0
4	0
2	0
0	5
2	5
0	0
3	0
0	0
2	0
0	0
625	122
30	33
2	0
1	122
5	43
3785	56
168	9
392	0
0	0
6	0
0	0
0	0
1136	0
0	0
5	0
494	1
0	0
1493	0
2	0
58	0
0	0
792	154
10	153
62	1
13	1
0	0
1447	0
1	44
0	0
5	0
2370	1
0	0
1	0
0	0
2450	2
0	0
1123	0
5417	1
7722	1
141	0
3	0
6738	297
0	294
5	0
0	0
168	0
0	0
2455	0
0	0
4	0
249	0
0	0
603	0
41	0
11241	3454
3	3449
5392	1
22	0
0	0
903	0
39	1
9	0
63	5
51	0
24	0
6	0
0	0
0	0
0	0
0	0
3	0
1162	0
5	0
0	0
33	0
0	0
475	1
0	0
427	122
5498	123
1	0
277	0
0	0
1	0
0	0
0	0
105	1
1259	0
0	0
2	0
0	0
7	0
61	0
0	1
454	0
4	0
2	0
2	0
1	0
4	23
0	0
1	0
0	0
42	0
0	0
0	0
0	0
13	809
430	809
0	0
1	0
69	0
0	0
1	0
17	0
2	0
0	0
1569	1
0	0
3135	105
1	105
3660	0
286	0
0	4
0	40
0	40
1214	1111
176	1111
0	0
0	3
0	0
0	0
1	0
2	0
918	0
0	0
1	0
1170	0
23	0
20	0
5	0
0	0
0	0
125	0
737	1
14	0
284	0
0	0
0	0
0	0
0	0
1	0
6265	2
3029	2
1	0
1680	17
1	0
0	0
530	306
196	306
0	1
4	0
66	10
49	8
23	0
0	0
2	0
0	0
3	0
0	0
0	0
1	0
7	2
0	0
0	0
3	4
29	0
0	4
8	0
0	0
0	0
3	0
69	0
6	0
17	0
2	0
42	0
0	0
29	17
0	11
6	0
26	0
2020	0
0	0
0	0
633	0
0	0
0	0
15	0
99	0
0	0
0	0
0	0
19	0
0	0
0	3
0	0
0	0
0	0
7	0
13	0
109	74
0	74
18	0
2	1
1	0
0	0
0	0
379	0
419	0
26	0
16	0
73	0
56	0
1751	0
0	0
0	0
0	0
0	0
0	160
22	0
0	0
8	16
0	2
0	0
3249	2
0	0
3036	2
2	0
0	0
261	0
0	0
3	0
1	0
0	0
115	0
633	0
0	0
17	1
0	1
3	0
0	0
0	0
0	0
0	4
6268	10
146	8
238	0
3864	1
9	4
0	0
0	0
0	0
0	0
2	0
399	0
0	0
11	0
11	0
139	0
0	0
9	0
1	0
0	0
370	576
3	576
58	274
2096	274
0	0
0	0
598	0
10	0
0	0
0	0
0	0
0	0
3	0
255	0
6	0
2	0
0	0
0	0
0	0
4325	1
2	0
2908	0
0	0
0	903
52	112
7	0
15	1
13	0
42	14
7	0
2327	0
103	165
3641	165
109	0
1	0
0	112
3	0
22	0
0	0
0	0
7	0
914	0
8	0
0	0
0	0
0	1
1	1
31	28
8	28
1068	1
0	0
5	0
0	0
20	0
18	0
579	0
0	0
2	0
0	0
0	0
1019	0
11	2
0	2
0	0
402	0
2	0
1141	1
0	0
0	0
189	0
0	0
127	0
0	0
2	29
21	8
2468	66
61	0
24	65
18	0
7	0
1468	0
576	1221
70	1222
23	1
937	1
11	1
6	0
0	0
5186	1
1	0
0	0
0	0
864	0
167	0
0	0
3880	1
0	0
2446	0
2	0
457	54
123	55
0	0
475	130
9	130
2	0
2	0
16685	6
63	0
4	0
25	0
1	0
0	0
1050	0
0	0
0	0
709	0
359	0
0	0
0	0
456	1
0	0
8	0
21	3
1	0
37	5388
38999	5399
11	0
369	0
0	0
9	0
4	0
0	0
1	1
0	0
218	0
0	0
0	0
595	655
5	655
0	0
0	0
0	0
0	0
3	0
1120	0
0	0
8	0
0	0
1	0
394	7
4	0
16	7
2	1
398	0
0	222
0	157
0	75
1	0
399	0
1	1
1	5
1	0
0	0
0	0
93	0
20	0
0	1
1488	4
0	0
8	68
87	68
0	0
64	0
0	0
1	0
0	1
0	0
68	59
26	0
1	0
0	0
572	60
12	0
1	0
1	0
12	0
3	0
11	0
4	0
33	4
41	2
0	0
0	0
17	0
0	1
17	22
12	0
1074	208
4	0
14	208
1288	1
0	0
0	0
0	0
0	0
0	0
0	0
3	0
9	0
550	0
0	0
0	16
343	0
0	0
34	70
1008	0
0	0
0	0
0	0
0	88
12324	91
0	0
1131	3
1	0
17	4
722	30
6	0
54	0
194	30
15	0
631	3543
6	24
53	0
6	3
14	0
4	4
0	4
11	0
1	257
0	0
0	0
0	0
0	0
0	2
0	0
1271	3543
102	0
538	73
0	0
2	3
5	1
4	25
0	0
2369	0
0	0
5037	0
2	0
376	0
0	0
0	0
1	0
0	0
245	1
2041	1
0	1
0	0
0	0
3	2
0	87
58	0
101	1
0	0
0	0
0	0
0	0
0	0
229	71
11	4
2	0
0	0
0	0
0	0
0	0
0	0
28	674
787	677
0	1
0	1
3052	0
0	0
0	0
3109	37
3	0
4	36
40	0
7	0
0	0
4	0
1	0
0	0
0	0
0	0
0	0
842	0
2	0
0	0
2	0
1	0
3	0
108	133
20	133
0	0
987	0
664	1
329	0
68	0
1	0
184	0
150	0
393	0
1	0
1648	2
0	0
0	0
325	0
0	0
115	0
0	0
1	0
0	0
0	0
273	0
0	0
0	0
305	0
7	2
0	4
448	4
13	0
412	0
1940	0
0	0
413	349
64	349
2	0
0	3
28	68
1	0
0	0
2	1
3	0
3	53
0	2
0	0
0	0
0	0
149	0
0	0
0	0
1	0
7812	336
174	335
3533	1
1	0
0	0
0	0
0	0
22	0
0	0
1	0
0	0
0	0
227	0
38	0
515	347
105	347
24	0
0	0
0	0
0	0
0	0
0	0
0	0
56	1
2001	1
2	0
0	0
25	0
0	0
0	0
0	0
3	0
0	0
24	0
0	0
1632	1696
0	1696
0	0
0	0
12	0
190	0
0	0
0	0
4	0
439	52
21	52
5115	1673
4	1673
0	0
1	0
0	0
99	485
449	485
1	0
945	1024
15	1024
1	0
1	0
0	0
0	0
1440	0
0	0
3	0
6	12
302	99
3	99
2263	2
22	0
72	0
0	0
28	3
5	1
0	3
1	0
0	0
0	0
1	0
1	0
0	0
0	0
3	0
0	0
1404	0
0	0
0	0
4406	0
10	0
0	3
118	0
68	45
7	0
499	0
717	3
0	71
73	3
321	27
7	5
461	24
0	0
1372	0
2798	0
0	0
0	0
2	0
0	0
1	0
460	0
8	0
3	0
0	0
0	0
12	2
9	3
14	0
77	0
0	0
408	0
7	0
3202	1
0	0
33	0
13	0
1874	67
2	67
30	0
0	0
1	0
733	0
9	0
607	45
779	45
2478	2
2	0
1	0
11	8
0	403
0	1
0	0
0	0
23	8
81	138
1	138
0	403
0	1
0	0
23	0
0	0
1	0
0	0
1	0
81	0
2	0
0	2
0	0
1	0
0	0
0	0
0	0
3585	0
1894	265
44	263
0	0
0	0
15	1
0	0
0	0
0	110
59	103
3	100
1	0
0	0
1	0
0	4
13	0
0	0
0	0
0	0
24	7
0	1
0	72
0	0
0	0
0	0
1	0
0	0
5	0
0	0
88	0
8	0
3	4
104	2
546	27
2305	29
46	0
2391	0
54	0
13976	2
0	0
2	0
0	0
1	0
8	0
0	0
8417	0
0	0
4	0
0	1
2	6
0	1
3504	1
0	0
0	703
1	2
0	0
4	158
0	0
0	0
5207	2
2	14
3	0
0	0
149	17
0	0
2	0
10	0
0	0
0	0
1	0
116	1742
1	0
0	0
0	0
0	0
0	0
6	0
1315	0
7	0
0	0
3	0
1940	75
447	75
480	11
12	11
544	0
0	3
4	0
0	0
1549	40
0	0
145	40
0	0
0	0
64	2031
3191	2031
1576	0
0	0
0	0
0	0
0	0
1459	1
1550	3
109	0
11	1
0	0
3	0
3441	1
0	0
2910	0
1	0
0	0
18	0
2087	3
0	0
0	0
0	0
1	0
2	0
830	0
31439	5
0	0
2	0
0	0
1	0
0	0
14	0
4	0
371	0
2	0
0	0
0	0
1	0
4	0
53	110
30	110
0	0
0	0
1537	294
0	294
1	0
2	0
1233	2
0	0
0	0
6	707
15	0
6	0
0	0
1638	1
4	0
14	6
5	5
2	0
0	1
0	0
990	532
743	530
0	0
1	0
2502	1
1	0
0	0
4	0
0	0
1	0
0	0
1	0
1040	0
0	0
62	0
0	21
0	0
0	0
1	0
0	0
1135	1199
859	1195
0	0
0	1
0	0
0	0
15657	1871
33	1866
2	0
1	0
297	15
2	0
0	15
3	0
213	0
745	0
0	0
0	0
0	0
0	0
0	0
0	100
334	0
291	0
0	0
0	347
2652	326
1	0
2	325
0	0
30	1
6991	5
0	0
0	0
0	0
68	0
0	0
0	0
382	26
4	26
0	17
43	2
3	0
1	0
419	1
0	0
0	0
250	0
2	0
0	0
14	0
6	0
0	0
419	1
595	0
9	3
0	0
2	112
0	6
5	0
1	0
0	0
2032	0
958	958
204	958
3	0
0	0
1	0
0	0
0	0
363	0
0	0
0	0
1	0
12	0
2	0
0	0
2	0
4	0
0	0
0	0
0	0
0	0
181	0
3	0
27959	57487
52284	20649
21471	53250
0	0
15755	8481
5	0
1572	1
44	0
0	0
0	0
0	0
450	80
140	84
150	314
21	314
1	0
0	0
4	0
943	0
5	0
1816	132
331	132
0	0
7	13
1	0
0	0
0	0
0	0
53	0
0	0
0	0
0	0
0	0
2	2
127	1
0	0
0	0
0	0
4494	0
0	0
418	302
2	302
0	0
4833	1
3	0
0	0
3419	1
1	0
0	0
912	242
20	242
0	0
3	101
0	455
0	0
209	0
0	0
0	0
216	0
1	0
165	0
0	0
0	0
40	0
4	0
0	0
9	0
2734	1226
2	0
0	0
0	0
15	0
65	25
57	1380
0	0
1	0
0	0
61	1
83	2
48	1
162	529
994	133
0	0
296	5914
32	7434
558	482
0	0
0	0
17	1225
62	561
14	255
7	0
2	0
5	0
0	0
0	1
1	0
0	0
129	252
1122	7458
833	1103
196	280
7	280
0	0
219	0
0	0
0	0
0	0
0	0
152	0
0	0
0	0
26	0
0	0
7847	4
295	0
17	0
0	7
625	0
3	0
13	0
0	0
0	0
735	1
0	0
4	0
0	0
1089	0
0	0
393	132
0	0
1	0
0	0
1	0
1	48
885	69
2	69
0	0
387	0
2	0
3303	0
0	0
4	0
1	0
1	14
0	0
1	367
1225	1
0	0
13443	4
15	0
503	96
21	3
18	0
21	39
0	25
1	0
2397	1336
36	1
11	0
7	1
3	0
47	0
422	242
2	0
64	72
69	85
1	0
1074	1263
24	0
0	0
0	0
230	0
0	0
15	11
2231	3
4	0
2	0
0	0
0	0
0	0
0	0
168	0
3	1
0	1
0	0
0	0
292	761
0	761
1	0
0	0
7839	23
0	0
0	0
0	0
190	34
0	0
2	0
223	48
0	0
3863	2
2	0
48	0
1882	1
12	0
0	0
0	0
0	0
0	0
0	0
17	0
1226	0
2	0
2	0
0	0
1575	0
3	0
338	0
1	0
0	10
5	0
180	0
3	4
3	0
334	0
0	0
18	0
1177	2749
8	2749
24	794
902	794
0	0
0	0
0	0
24519	2914
57	221
0	0
4627	2906
15040	224
2	0
0	0
10	0
0	0
6	0
2	0
0	0
16	0
0	0
0	0
0	0
2600	0
0	0
432	27
8	27
1842	1
0	0
0	0
0	0
1862	7
44	0
13	0
4	0
0	1
0	1
960	0
0	0
4649	2
3	0
1	0
26	0
2	0
2535	2
1370	0
16	0
2	0
0	0
0	0
0	0
0	0
0	0
38	0
1271	85
22	85
0	0
9	1
3	0
14	0
1026	1
0	0
5	1
0	0
0	0
0	0
0	0
6	0
0	5
280	0
13	0
0	0
24	7
0	0
0	0
504	0
20	5
0	0
0	0
448	122
244	122
1236	0
0	0
0	0
2	0
10107	5
0	0
15	0
0	0
638	0
0	0
7	0
0	0
0	0
13200	578
282	86
0	0
0	490
861	0
0	0
108	0
2213	0
0	0
3163	0
0	0
0	0
3	0
1064	0
0	0
0	0
1	1
0	1
57	0
0	0
118	0
0	0
6852	3
1444	1
732	0
941	0
0	0
1094	0
16	0
3	0
1	0
0	0
0	0
0	0
3525	0
1	0
2	0
0	0
3	0
15	0
2	0
0	0
203	0
206	48
23	48
0	0
0	0
6690	3
0	0
2	2
643	0
2	0
767	0
0	0
1181	0
24	0
0	0
4	0
0	0
1238	1
13	0
0	0
1	0
0	0
8	0
406	0
0	0
1421	0
0	0
26	0
0	0
0	0
12349	1
853	1
0	0
0	0
73	59
0	1
99	59
43	11
5	0
44	0
0	0
1	0
3207	0
3	0
4	1313
579	1313
88	0
48	3
0	0
11312	10221
4	1492
0	2
3	0
77	0
0	0
0	0
2617	446
39	446
1229	0
20	0
244	5
28	0
2	2
0	0
0	0
36	0
0	0
0	0
0	0
25	0
34	1
2355	1
0	0
78	0
18	0
107	0
29	9
0	0
0	0
0	0
11321	5
3	0
1	0
0	0
1	0
0	0
0	0
9	0
0	0
3	0
3224	0
33	0
0	0
2906	1
1	0
14	0
298	0
1	0
4047	12
21	0
0	11
16	0
7	0
188	0
0	0
1304	3
0	0
0	0
2681	0
3	0
0	0
22	0
888	225
87	225
50	0
1	0
1	0
0	0
253	0
0	0
0	0
0	0
426	0
0	0
1600	0
0	0
3	0
0	2
19	2
5121	1
1448	2
900	0
692	0
0	0
1585	77
4	76
1	0
0	0
0	0
3524	3
0	0
1	0
4	3
9	0
92	65
6	65
0	0
0	0
0	0
0	0
14	0
17	0
2	0
0	0
0	0
6	0
0	0
0	0
0	0
0	0
494	0
2	0
1	0
0	0
0	0
1510	0
490	0
0	0
10	0
0	0
404	149
4035	150
1098	879
54	879
6	0
577	0
6	0
3	0
275	0
2	0
88	222
4	222
0	0
0	0
750	233
0	233
89	2
0	0
0	0
1	0
14461	4
11	0
1	0
0	0
7615	1
29	0
0	0
0	0
0	0
34	0
4	0
1	0
0	0
383	15
16	15
0	0
0	0
33	72
89	72
8	0
0	0
0	0
44	0
2499	0
0	0
0	0
0	0
277	0
0	0
0	0
15	0
12421	11212
28707	1942
4	1941
125	0
4190	12002
0	827
9099	3
0	0
10065	0
5708	0
0	0
16	0
54	51
2321	52
0	0
2	0
10099	97
22	0
1	0
0	0
10086	3
0	185
12	0
5	0
2939	3193
4	3193
0	0
2824	8178
1	8178
41	23
0	23
747	550
416	550
0	0
68	0
1	0
10	42
137	43
65	63
50	66
4	58
0	0
0	0
1045	2
0	0
414	7
17564	13
1	0
0	0
2829	1
8	0
3	4
0	4
1275	0
7	0
0	0
419	0
0	37
0	17
24	0
1460	0
0	0
0	0
0	104
0	490
15	22
4	23
3	17
0	0
7	28
5861	5820
5512	1703
1	0
1	0
235	486
236	486
1038	1767
104	1767
2	0
9	0
5	0
5	0
1	0
28	0
1	0
0	0
81	0
0	0
0	2
0	0
0	0
960	0
0	0
379	0
5	0
2	1
757	1
4	0
0	0
1121	3
2	0
20	3
0	0
1125	339
62	339
58	0
11	0
0	0
1	0
0	0
1679	0
72	0
3632	0
0	0
9	5
7	0
83430	30
452	11
2413	0
9	1
897	15
0	5
38	14
0	5
68	0
0	0
0	0
10	0
59	0
6621	3
6	0
23	0
0	0
2	0
1279	1210
15	1210
21	0
4	0
235	467
9	467
0	0
1204	0
0	0
16	0
0	0
0	0
7	0
0	0
0	21
3	21
5	0
6	0
1	0
0	0
0	0
1	0
0	0
1	0
2	0
458	0
2397	0
1	0
4302	0
23	0
0	0
1643	0
2	0
1	0
5	0
2070	0
4	0
0	0
1	1
28292	9
85	0
11176	3
1377	0
0	0
1104	0
0	0
1	0
3211	589
75	589
0	0
0	0
0	0
0	0
24	0
8	0
3	0
5	0
8	0
4	0
0	0
0	0
0	0
0	0
18	108
21	0
84	108
183	5820
1849	1700
29	0
0	0
0	0
1	0
5794	2
2	0
2	0
2371	1
0	0
0	0
6063	0
864	0
55	28
0	0
0	0
0	0
9	28
443	0
10	14
2	14
0	0
0	0
51	0
1	0
0	0
1	0
1	0
62	0
11	284
470	284
0	1
0	0
0	0
1	1
0	0
0	0
0	0
32	0
1075	2
1	0
0	0
93	0
0	0
0	0
0	0
21	0
0	0
0	206
375	0
0	0
0	0
0	0
0	0
2	0
1265	1
0	0
0	0
0	0
0	0
0	0
5	0
0	0
1	0
1	0
0	0
0	0
1544	1
202	1
138	0
0	0
49	771
1898	772
11	0
0	0
3684	2
1	1
2189	168
196	145
0	145
1	52
0	0
415	0
2	7
0	0
48	0
0	0
1	0
838	0
0	0
0	0
0	0
0	0
0	0
0	0
0	0
5278	1
0	0
68	510
0	83
1	8
15	395
2	0
15	49
10	0
4	0
0	0
12	0
593	0
226	0
0	0
6	0
1	0
0	0
0	0
4	0
0	0
1	0
91	0
1	0
276	0
14675	17
3	15
26	0
2	0
6	0
5	0
16	0
0	0
362	0
2	1
0	0
1	0
0	0
2326	0
102	23
0	0
0	0
1	0
0	0
0	0
74	23
8	0
0	0
1	0
1	0
6	0
5386	5
7	0
499	82
22	82
1	0
1125	0
21	0
0	0
0	0
1	0
3244	0
0	0
0	0
2	0
29	0
0	0
0	0
39	0
5	0
1943	0
1766	0
813	2
1940	1
0	0
0	0
8027	4
81	24
0	24
0	0
0	0
0	0
234	0
0	0
0	0
0	0
1	0
1	0
0	0
0	0
0	0
1	0
69	0
0	0
1	0
0	0
0	0
82	0
0	2
245	0
0	0
0	0
7	0
26	0
1	0
0	0
7	2
3	2
0	0
11	0
53	6
1	0
1	2
3	0
3	2
2386	0
2411	1
0	0
16	0
0	0
0	0
35591	7
836	0
0	0
0	2
658	0
1249	1
0	0
0	0
0	0
0	0
2	0
1503	0
76	0
0	0
0	0
1577	1
8	0
23	423
441	423
0	0
2	0
9940	0
9	0
0	0
0	0
2	0
348	0
0	0
481	0
2	0
24	1
0	0
1359	0
160	0
16	0
10	0
729	487
1	487
98	0
379	4
0	81
10	25
27	0
0	0
909	0
0	0
2004	0
0	0
0	0
0	2
1	1
1	4
3	4
1	0
0	0
9	0
2	1
1	0
0	0
0	0
4	2
0	0
0	0
0	0
1	0
0	0
1	0
0	3
0	0
1	5
960	0
10	0
2279	0
0	0
0	0
527	0
3	0
1104	914
12	913
0	0
1795	3
0	0
0	0
2731	3
0	0
2	0
920	0
0	0
0	0
1569	1
0	2
1879	0
0	0
8	0
0	0
2800	1
5	0
14	0
15	0
1297	0
5094	0
1	0
4274	0
0	0
2	0
0	0
0	0
16	0
526	0
24	28
1	28
1	0
11	1
0	0
0	0
4	0
1245	0
0	0
8	6
2909	1
1	0
21	0
2	0
0	45
20190	7
12	0
14	0
0	0
2	0
458	80
1	7
0	0
1	2
0	0
1016	0
0	0
1536	0
0	0
0	0
4	0
6	0
0	0
0	0
0	0
1591	0
102	171
7	171
40	9
513	887
1	887
0	0
0	0
4048	1
326	109
138	109
4	1
0	1228
13	0
0	0
0	0
41	85
45	85
5913	4
57	8
12052	4
0	0
0	0
17	0
1946	0
5	0
0	0
1	1
13	4
102	6
9297	7
7	0
595	1
0	0
742	127
42	127
49	0
4	0
1479	2138
495	2137
0	0
2	0
7147	6
1636	13
9	13
21	0
0	131
0	51
9	0
793	294
1	0
54	294
545	544
9	544
626	0
2172	2
0	0
0	0
0	5
0	0
0	0
0	0
1	0
0	0
0	0
0	6
0	0
0	6
0	0
0	0
0	0
0	0
0	0
0	0
0	0
0	0
0	0
0	0
32	0
0	0
2	1
3	1
3	0
4	5
6	7
6	4
0	0
17	0
1	0
1	0
0	0
2	0
4	0
0	0
0	0
0	0
1	0
2	0
1	0
0	0
0	0
2	0
5	0
627	985
2	982
31	0
21299	1554
0	1552
649	45
3	45
11	0
0	0
5	0
0	0
0	0
0	0
2	1
0	0
0	0
0	0
1434	963
97	963
12	0
2	0
0	168
11	135
0	3
0	4
0	0
280	45
7	0
0	0
0	0
0	0
0	0
0	6
45	9
1	0
123	50
0	0
96	436
12140	437
1	0
0	1
0	0
2	0
282	12
17	0
0	0
2	93
84	10
10	0
36	0
7	16
9	0
2	0
38	0
27	0
192	94
0	0
5	4
0	0
0	0
19	0
4	0
22	0
2762	70
0	0
1	57
0	0
176	38
0	0
5	0
58	81
184	799
124	721
2428	516
4	0
0	0
652	64
14	64
0	0
642	131
348	225
0	0
39	61
3914	537
18	0
40	7
1	0
3060	320
0	0
0	0
0	0
93	111
969	158
0	0
189	22
4	0
0	0
0	0
51	283
1753	764
175	127
1584	376
13	0
13	0
9	0
0	0
0	0
24	69
5880	70
5	0
112	2
0	0
3695	212
20	209
14	0
2403	19
3	4
0	19
11	0
0	0
1	0
0	0
0	0
6	0
2040	1
5305	2
0	0
0	0
0	0
630	0
23	0
222	0
45	12
270	0
254	0
0	0
2	0
0	0
10	0
0	0
0	0
13	0
0	0
2	3
2	67
0	0
14	0
1251	273
0	273
18644	9
1	0
226	0
0	0
1230	60
4	60
0	0
0	0
181	0
0	0
0	0
82	0
727	0
0	0
1128	0
0	2
333	2
0	0
397	0
0	0
0	0
4886	1
0	0
821	0
2	0
0	0
0	0
0	0
0	0
291	0
15	2
105	837
3988	906
7	68
3	0
3	0
8	2
0	0
5414	3
0	0
2	0
0	0
0	4
0	0
0	0
0	0
0	0
0	0
156	0
31	0
2	0
0	0
0	0
600	185
15	75
2	0
0	0
1	1
5	0
8	0
0	0
0	0
0	7
684	0
2119	0
2	0
30368	14
0	0
4	0
24	0
9	14
0	0
0	0
491	0
1	0
0	0
3	0
3	0
90	0
0	0
3	0
100	0
11	0
4	1257
17665	1259
151	0
3	0
30	0
12	0
0	0
9	90
1295	91
2080	0
32	5
0	0
5	36
15	0
0	0
0	0
0	0
151	1
0	0
1	0
16368	4
63	382
6319	894
13	505
75	0
32	41
3	41
3	0
0	36
385	93
312	93
1	0
0	0
0	1
0	0
0	0
50599	15
2	2
0	0
1407	0
0	0
0	0
17	0
1	0
2	0
0	0
487	0
0	0
8	2
1	0
0	3
0	2
0	585
3	0
807	1
0	0
0	0
0	0
39	0
7	8
144	451
0	451
738	0
18	67
248	67
1778	0
0	0
0	0
0	0
0	0
676	0
21	0
26	3
3	3
0	0
8	0
1	0
0	0
0	0
645	1438
0	0
7531	1441
0	0
0	0
4414	3
16	0
2	0
31	142
0	0
0	0
508	0
2	0
0	0
5	0
723	1
1	0
972	0
1	0
0	0
9	0
0	0
803	7
39	7
1	0
8	0
3009	2
28	2
0	0
0	0
12792	533
0	532
4053	5
0	0
0	15
1635	330
29	319
0	0
901	12
0	0
31	11
0	0
676	0
0	0
535	76
0	76
0	0
0	0
0	0
0	1
86	52
14	52
2	0
0	0
905	0
1	0
1329	1
2132	22
0	0
10	22
1	0
1	0
32	0
1634	178
0	178
0	0
2912	0
0	0
0	0
1	0
161	0
9475	1
187	296
0	296
1	0
18	0
1851	0
68	10
0	0
1	0
0	84
2482	84
731	1380
3	0
1	0
4	0
0	0
1528	0
3480	2
0	0
0	0
8	2
0	0
1523	0
1	0
11	0
2135	0
0	0
0	0
0	0
7	23
733	23
2	2
0	2
241	254
28	254
246	0
5	62
3835	3
0	0
0	0
0	0
768	0
2	0
0	0
0	0
894	0
0	0
98	0
1074	0
0	6
0	0
314	0
4	0
5	0
610	0
0	0
1	0
5	0
5	0
25	0
1	0
6	0
0	0
0	0
0	0
425	0
0	0
0	0
0	0
0	0
1	0
0	0
988	0
0	0
0	0
0	0
0	0
5	0
512	1
12	0
0	0
1	0
38	0
0	224
5073	310
0	0
8	0
47	86
12	0
14	0
1	0
1521	523
167	523
0	0
6	0
0	0
4	0
373	0
0	0
0	0
3	0
0	0
31	0
627	319
0	0
3058	0
1	0
1620	0
0	0
372	1
0	0
1	0
8	0
0	0
1292	0
0	0
1	0
0	0
0	0
0	0
0	0
2	0
620	0
1276	1
0	0
1	0
3092	1
0	0
1000	0
0	0
9	2
775	1288
23	1288
25	6
10	0
1	0
87	0
35910	24121
24	24116
0	0
0	0
0	0
3	31
0	456
334	0
12	13
3	0
0	0
431	0
0	0
0	0
0	0
97	0
5704	1
0	4
4693	0
0	0
62	0
171	5
0	0
0	0
538	0
1148	0
123	0
2	0
0	0
1156	0
0	0
0	0
0	0
1	0
19141	5
13	4
1044	0
0	0
27	0
2058	0
386	0
0	0
1382	0
111	0
3	0
272	45
2	9
15	0
4	0
24	0
18	0
6937	2
0	0
3	9
2	326
0	0
2	0
4	326
332	145
5	0
273	88
1	88
2225	3
92	0
129	0
0	0
412	0
4	0
39	0
33	5
45	5
6	0
52	5
0	0
0	0
468	1
321	1
49	0
468	0
1063	0
513	0
0	0
1908	0
0	0
542	100
13	99
0	0
24	0
0	0
3909	2
0	0
0	0
26	0
0	0
0	1
2	5
0	0
1	0
0	0
0	0
149	1
0	0
0	0
0	0
0	0
52	0
31	657
839	657
0	0
0	0
0	0
0	0
3331	1
6	0
9029	2
5	0
3	0
1562	0
6	0
72	0
4448	326
51	326
0	0
633	1
0	0
0	0
0	0
0	0
1458	0
1371	0
36	235
1581	235
0	0
99	0
0	0
0	0
0	0
2116	1510
1	0
1	0
0	2
0	0
418	1
21	99
421	99
0	0
7	0
6	2
25699	1517
0	0
1	0
246	0
2450	20
0	0
2	1
0	1
2	19
0	0
6	0
0	0
6	0
14	0
1	0
1079	2
59	0
105	1
3	0
0	0
0	664
0	0
20	0
35	0
0	0
0	0
189	0
0	0
0	0
0	0
0	0
9	0
1	0
4	0
0	0
0	0
40	101
301	101
0	0
6	0
17	0
141	0
0	0
0	0
5	109
501	109
0	0
1609	1
0	5
4	0
5	0
0	0
0	0
8	0
0	0
0	0
1179	1
3	0
0	0
744	0
0	0
0	0
18	15
38	0
2	0
0	0
0	0
10	0
0	0
187	0
70	85
31	85
0	0
65	0
577	54
61	15
79	0
12	54
7	2
3064	1
8	0
0	0
8	3
2912	1
1566	1
0	0
0	0
1	0
0	0
93	0
0	0
0	0
17	0
0	0
0	0
10	0
9	0
3154	1
9318	3
328	20
4	20
0	0
0	0
0	0
2204	0
3	3
4	0
1483	0
2	6
2145	1
4	0
1	0
2	0
0	0
0	0
0	0
9	452
281	452
1	0
0	0
0	0
1704	199
6	198
832	0
1	0
0	0
1	0
718	0
0	0
0	0
438	0
698	1
7	3
42	3
0	42
9320	3
0	0
0	0
0	0
0	14
1	0
3	0
0	0
0	218
0	327
12116	3
0	0
0	0
0	0
3164	2
3	0
0	0
0	135
0	0
1974	5461
0	5458
0	0
2	0
0	0
0	0
5783	2
0	0
868	0
0	0
0	0
3872	2
4597	0
0	0
1052	0
0	0
179	198
0	198
0	0
15	0
0	0
13022	6
10693	1526
50	2
1	0
0	0
2924	1526
9	1
0	0
561	0
0	0
20	0
0	0
0	0
26	0
194	0
0	0
0	0
0	0
8	0
1780	1
0	0
0	0
0	0
1	0
0	0
1430	2
15	0
0	0
0	0
29	0
1516	1
1	0
0	0
1582	0
0	0
752	0
1	0
0	2
4	2
2	0
8	105
81	105
2	0
0	0
3	1
1	1
1	0
5	10
226	8221
13	0
0	0
0	0
0	0
1	1
0	0
0	0
0	0
1	3
0	2
2	0
1	0
2	10
185	8221
0	0
0	0
0	0
0	0
0	0
0	0
33	0
1037	1
954	2
0	0
0	0
0	0
1437	0
479	0
0	0
4	0
0	0
0	12
0	191
3914	2
77	2
0	0
0	0
16	0
3	0
707	0
0	0
247390	61
0	0
162	0
0	0
0	0
0	140
0	99
2	0
4149	1
3	0
4275	2
7	0
1031	1
1	0
397	0
8	0
61	0
0	0
7	0
12	6
10	4
7292	4
26	0
6	0
2	0
3	0
33	0
1	2
0	11
0	11
0	0
9	0
22	0
4	0
3100	0
8497	6
16	1
1	0
7	0
1	0
0	0
2	0
2	1
0	0
2	0
0	0
0	0
0	0
1181	0
0	0
0	0
0	0
0	0
0	0
0	0
97	0
0	0
0	2
0	0
1508	0
135	0
192	0
0	0
7	12
4	0
2216	0
1	0
0	0
0	0
0	0
1	0
3	0
0	0
1574	1
636	0
0	0
16	0
2500	0
0	0
0	0
2	0
1	0
2	0
249	0
0	0
285	0
0	0
0	1
5	0
994	0
1	0
0	4
13	4
0	0
3	0
8	4
2095	172
0	169
794	0
2680	2
43	191
22	191
623	0
112	0
613	2
36	17
291	17
0	0
1	0
1	0
17	0
1407	1
3	0
0	0
3131	4
184	0
0	0
0	0
1	2
0	0
0	0
3	0
1375	0
5	0
1372	0
0	0
25	2
4	0
1	0
19	0
4	1
5	0
149	0
683	1
0	0
0	0
3	0
4	0
2	0
7	0
18	73
173	0
2	0
15	5
1	0
0	0
20183	8
0	97
323	97
2104	0
647	0
588	0
1	0
0	0
337	449
17	449
4	0
1	0
617	0
0	0
46	1
234	57
0	57
4277	9
1901	0
1	0
0	14
1	167
30	14
0	14
9	175
2	12
1762	1166
0	954
3	212
147	0
0	0
0	0
1260	0
2406	0
2	0
0	0
1988	8007
0	0
0	7
3	0
65	0
1	0
7431	8007
1466	0
35	0
0	0
278	94
2	94
2	0
0	0
0	0
0	0
30	0
0	0
2427	0
25	0
1	1
14	2
0	0
1078	0
1	0
1	0
0	0
0	0
1522	471
344	471
0	0
2	0
0	5
0	0
1	5
1	0
0	0
28	0
251	76
1	76
0	0
0	0
0	0
0	0
0	0
0	0
0	0
0	0
0	0
0	0
6389	1
0	0
0	0
5	0
15	0
5	0
7	0
6	0
9	0
1	2
1	5
0	1
187	0
0	0
2	0
190	0
1	0
0	0
114	0
1219	1
9	0
9	0
2	0
17	0
0	0
0	0
0	0
1	0
0	0
0	0
0	0
0	0
0	0
56	40
0	0
2	0
0	0
0	0
2	0
0	0
31	40
0	1
2	41
3	0
7700	1
0	13
2	13
0	0
0	0
464	2
0	0
15	0
0	0
5	44
445	44
0	0
0	0
1866	0
4435	1
6	0
1662	0
1050	1
1	0
111	216
0	0
0	0
47	702
29	0
2335	0
0	0
12974	10
120	4
0	0
0	0
0	0
435	0
0	0
180	1
0	0
0	0
0	0
40	0
83	3
558	3
0	0
0	0
15267	8
6	0
0	0
1725	1
0	0
1	0
1195	0
0	0
0	0
0	0
0	0
0	0
0	0
0	0
391	0
0	0
0	0
2227	1
0	0
1177	2
3	2
0	0
4	0
0	0
0	0
0	0
0	0
1	0
0	0
2	0
5149	4
50	2
1346	1
0	0
17	0
1886	1
148	0
41	49
0	49
664	0
1600	0
0	0
0	0
9	0
4	4
6797	1
29	0
0	0
5702	2
1	0
4	1
0	0
0	0
0	144
2	0
0	0
0	0
157	157
3	13
0	0
7	0
68	0
0	0
1741	0
14	0
1	5
8	0
1	0
253	0
370	0
0	0
1	0
1436	118
0	0
5	118
10	0
9	0
0	0
0	0
0	0
1945	2
0	0
0	0
0	0
0	0
2	0
1545	2
0	0
0	0
0	0
0	0
270	0
47	13
3	1
5	741
0	0
0	4
157	66
3	0
29	22
5040	2
0	0
2	278
842	278
0	0
14	0
84	0
670	38
0	0
1	37
0	0
0	0
0	0
1	0
1202	0
28	0
0	0
12	9
0	0
16	3
175	0
2	0
3589	5
0	0
2151	0
18	9
549	1
0	0
0	0
2947	136
3	0
46	136
3	0
0	0
0	0
8593	3
684	0
0	0
3412	0
2	0
0	0
18898	2
0	0
0	0
283	0
0	0
0	0
0	0
12	0
0	0
406	0
1911	0
1	0
6482	6
14	6
0	5
0	0
147	0
45	10
29	8
2	0
1464	2
271	0
0	0
866	0
2	0
0	0
0	0
1	1
1	0
0	0
1391	1
8	0
0	0
0	0
0	0
0	0
735	103
4	0
0	1
0	0
5	0
0	0
465	104
0	0
0	0
0	0
4106	3
0	0
0	0
0	0
1	0
7	0
0	0
0	0
0	0
3754	0
1046	0
0	0
0	0
1024	55
15	0
420	55
1	0
0	0
2603	0
0	0
151	0
0	0
0	0
0	0
4	0
3647	0
12	97
0	0
36	97
2	0
4092	745
3	4
1	0
3	66
0	0
2595	0
0	0
3648	5230
115	5229
0	0
112	0
1	0
3	0
2	0
2	0
386	0
27	6067
43597	19682
49	15097
39626	26328
21	0
0	0
0	0
1173	1
0	0
9011	5
39	0
398	0
0	0
5	0
1204	3
13	3
0	0
0	0
41045	11
0	0
0	0
4959	0
125	0
1	0
0	0
50	0
0	0
0	0
1	0
439	134
614	134
541	0
5330	3
0	0
6	0
7	0
3	0
3	0
2712	0
0	0
1348	0
2754	1252
1	0
47	0
8	0
6765	2
3	0
1448	2
26	1
3473	2
0	0
0	0
0	0
1	0
642	0
0	0
0	0
1	2
1	0
0	3
1	0
0	0
11661	1
0	0
11191	8
1	0
1188	0
0	0
167	5
0	0
2185	2
0	0
1398	0
0	0
13	0
0	0
357	2
14	0
0	0
245	0
0	0
2378	1
1	0
2	0
29	80
0	0
0	0
1613	0
225	171
42	171
11	0
0	0
4831	1
0	0
7	0
0	0
461	67
0	0
0	0
16	6
17	4
1	0
0	0
10	28
14	43
2	0
0	0
0	0
1021	0
0	0
148	0
7095	2
0	0
0	0
1	0
3	0
0	0
0	0
160	0
413	0
787	0
29	0
0	0
3	0
50	0
0	0
1142	0
1	0
1325	0
1	0
0	0
1	0
3314	0
6	0
0	0
0	0
0	0
4340	1
0	0
1271	0
2	0
2462	2
9	0
2	14
152	0
9	49
1721	49
2	0
3	14
0	0
0	0
4	0
0	0
0	0
186	503
5857	505
709	1
0	0
0	0
2	0
237	2
1	0
7	2
0	0
0	0
3626	1
0	0
1635	0
28	0
0	0
0	0
3679	2
0	0
549	1
93	185
0	0
17	0
9	185
7343	4
0	1
0	1
0	0
23472	1246
41	1239
0	0
9122	1147
529	1145
79288	43
1702	20
0	0
697	0
1261	1
1	0
0	0
1	0
0	0
3026	707
8	705
0	0
157	0
5	0
17	0
4273	1
1350	0
3908	0
0	0
9	0
1247	16
24	16
4	0
0	0
0	1
1677	2
0	0
648	1
1	0
0	0
0	0
14	0
0	0
1	2
0	9
0	45
3	0
1765	3
5	0
24	0
3	0
1	0
0	0
3	1
0	0
4	0
6790	19492
0	19311
0	206
0	12027
0	4839
0	2673
4	8470
0	5041
0	5479
56	5254
1	0
13	0
1	0
0	0
1	0
0	0
0	0
1241	704
1	704
0	0
296	0
3	0
816	2
1132	1963
16	1963
0	0
0	0
0	0
0	0
2	0
0	0
0	0
2665	0
69	175
0	0
0	0
0	0
1036	0
10	2
1	0
478	0
0	0
34	64
706	64
0	0
426	0
0	1
2	0
0	0
24244	6
0	1
0	0
0	0
4	0
1716	386
107	386
2	0
4928	0
31	0
0	0
1918	0
2	0
6	0
0	0
429	0
186	527
27	527
22	1
5	0
0	0
0	0
0	0
0	0
1	0
0	0
0	0
0	0
889	701
401	701
0	0
0	0
0	0
18	4
2645	6
40	1
9	0
20	4
1	0
44506	33
158	19
0	0
9	0
5663	2
5	0
4	0
0	0
1884	1254
0	0
0	5
0	0
0	0
37	118
0	0
1096	1350
2	129
0	0
0	0
0	0
0	0
3	0
0	0
4	57
1	0
1	0
19	3
1	2
0	7
0	0
3	0
1949	1
17	0
2911	0
0	0
0	0
16	0
0	0
147	0
17	3
34	3
0	0
0	0
0	0
662	2
7585	2
33	0
41	0
2079	1
0	0
10	6
1	1
3896	1
9	0
1	0
0	0
343	0
1	0
1896	467
0	0
220	0
188	467
753	0
34	0
0	0
5154	4
5116	0
0	0
1	0
310	81
4713	83
0	0
487	2
15	2
4	0
0	0
0	0
0	0
0	0
2	0
0	0
36	74
0	74
3	0
2	0
2	0
0	0
0	0
1	0
3	0
6	0
5	0
5716	1
0	0
0	0
0	66
0	0
0	60
1	0
0	0
0	0
0	14
248	386
13	85
24	0
4	0
0	0
2422	303
1	0
0	0
7	36
470	32
55797	19
359	133
0	0
7	0
253	141
327	9
0	0
3	0
1711	1
0	0
2	2
0	0
0	0
0	0
0	0
0	0
0	0
0	0
0	0
2268	0
1	0
0	0
3273	1
16	0
5	0
0	0
1	0
586	111
4013	112
0	0
645	0
1	0
1216	1
53	0
2	0
0	0
0	0
0	0
4	1
0	0
585	0
507	0
0	0
0	0
3	0
653	859
81	859
2	0
0	0
0	0
399	54
353	239
23	0
128	0
6	8
233	0
0	0
3	0
17554	895
111	890
4	4
2	5
0	0
0	0
538	1
0	0
0	0
4	0
0	0
0	0
0	0
0	0
251	0
1	0
0	0
5932	1
0	0
0	0
0	0
0	0
7	0
1	0
0	0
39	0
1	0
1916	0
21	0
0	0
1	0
0	0
1	0
0	0
0	0
0	0
2549	1028
0	1027
7	0
2115	0
5	0
0	0
1622	0
0	0
0	0
1428	0
88	25
1	0
41	25
0	0
0	0
0	0
0	0
1058	0
1205	0
0	0
427	0
3	0
1697	6
0	122
0	122
112	0
7	0
4	0
29	0
108	38
897	985
1	0
2	0
0	65
1	5
1	0
0	0
3023	1135
38	0
271	218
309	32
5103	3
4	0
68	0
0	0
0	0
0	0
0	0
0	0
57	0
0	0
0	0
14	0
0	0
620	0
7	0
19134	6
6	0
0	0
139	0
85	0
0	0
590	2
0	0
0	0
0	0
274	0
7	3
1561	5
3	5
0	0
0	0
0	0
4	0
621	0
309	525
1	1
0	0
0	0
1904	0
6	2
1	0
0	0
150	372
4	372
3114	1
0	0
2	0
0	0
0	12
1133	1
12	148
692	148
0	0
0	3
30	59
0	2
11	0
6	0
2723	1
112	0
37	209
637	209
0	0
1225	0
0	0
0	92
1225	4075
1	0
0	0
308	3578
229	611
0	0
3	0
0	136
0	42
8	0
11551	4193
1	0
1666	0
0	0
0	0
3640	2
0	0
0	0
3	0
0	0
0	0
1405	0
3	0
13	0
0	0
0	0
2	0
0	0
0	0
0	0
1268	3236
2173	3237
3970	0
1029	0
1	0
362	0
5	0
0	0
0	0
3	2
2	0
3	0
280	0
1013	1
0	0
0	0
0	0
1844	0
845	0
17	0
33	8
519	8
43	27
84	27
0	0
74	25
94	25
0	0
255	0
0	0
0	2
72	10
4900	11
0	0
0	0
0	0
0	0
1	0
0	0
1862	2
0	0
0	0
0	0
3	0
2	0
0	0
131	0
304	30
29	30
1140	0
0	0
948	0
5	0
0	0
0	0
1232	293
73	293
1	0
1	0
0	0
2876	1
0	0
26	0
1692	0
27	0
2	159
1270	1008
0	1008
4	0
25654	418
0	408
16	0
2036	0
0	0
0	0
7	0
0	0
0	0
1922	2
1	1
16	16
0	16
0	0
0	0
93	0
0	0
0	0
0	0
2161	0
1	0
0	1
0	0
1	0
0	0
2150	0
12	0
2	0
484	494
1332	494
0	0
0	4
0	0
316	0
271	131
2780	155
50	0
1	23
1418	0
0	0
0	0
0	0
2	62
1802	108
0	45
0	0
0	1
0	1
0	0
4	0
5	0
3	0
2	0
6	0
0	0
0	0
0	0
0	0
0	0
0	0
743	0
0	0
37	9
0	0
21	0
7	211
1112	0
122	10
37	11
1451	0
55	2
7936	10
6	0
0	0
1020	0
2	0
29	0
22012	14
1	0
101	0
403	0
7200	2
0	0
0	0
14	0
9	0
2	0
26	175
181	175
5	0
0	0
8	5
3744	1
0	0
0	1
765	1
8	0
55	42
0	0
0	0
86	42
0	0
12	10
0	10
0	0
2	0
0	0
5	0
326	65
0	0
45	0
0	65
2034	2
0	0
1569	0
0	0
1	0
1	0
55	4
0	0
111	19
0	0
0	0
1	0
883	0
0	0
1	0
41	0
13	176
48	5
14540	3
0	0
3841	0
1634	0
2088	0
0	0
6	0
0	0
337	0
0	0
0	487
0	0
1392	0
0	1
3	0
471	0
0	0
0	0
0	0
1	0
10	0
0	0
0	0
1611	1
0	0
299	0
6	3
1	0
181	0
1	0
723	0
0	0
20597	2
1	0
2318	0
19	0
53	0
1324	2
11	0
11	5
0	0
2	0
1	17
12	3
0	0
2	0
5	0
0	0
2	0
0	0
0	0
1	0
2	0
0	0
200	171
2	171
0	0
0	0
33	0
0	0
1	1
0	1
0	0
279	0
0	0
0	0
0	6
0	2
0	0
0	0
7485	0
0	0
0	0
0	0
11	0
0	0
4880	0
0	0
0	0
2	0
1	0
475	0
1	0
958	0
5	0
0	0
4	0
1	3
10	1
0	0
7	0
11	0
0	0
258	0
23	17
2	0
2	0
0	0
515	0
0	0
0	3
1910	1
14	5
1	5
0	0
0	0
1	1
0	0
17764	9
1	0
492	0
0	0
4	0
1116	0
0	0
0	0
11480	1925
2	1923
0	0
1311	171
63	87
0	0
0	0
233	4
2	0
1	3350
1891	3351
674	0
0	0
288	98
0	98
2034	1
1	0
0	0
2	0
3600	697
238	696
11	0
14	0
1612	0
0	0
0	0
1	0
1	0
267	0
68	0
0	0
92	0
0	0
0	0
60	1
3	0
55	0
0	0
0	0
3972	0
6143	1
2800	535
23	534
0	0
1	0
118	0
0	0
833	0
207	0
560	479
5	479
447	0
2073	1
1	0
0	0
0	0
1	0
0	0
0	0
0	7
0	322
4470	1
2985	1
0	0
0	0
105	0
816	4
8	0
7	0
14	3
1287	0
0	0
0	0
0	0
615	0
0	0
23	75
0	75
4	0
0	0
3371	1
0	0
0	0
0	0
10	0
1	0
2	0
1714	0
0	0
0	0
549	0
0	0
470	0
1	0
0	0
2589	0
0	0
404	0
0	0
120	0
5	0
0	0
256	56
0	0
4	109
202	160
0	0
37	0
528	1
2	0
0	0
5124	1
0	0
0	0
1	0
369	0
0	0
0	0
0	0
0	0
224	0
12	0
20	0
0	0
2	0
195	0
0	0
2269	0
2	0
12	0
0	0
1943	179
72	179
2	0
4	0
678	2
0	0
17	0
0	0
3550	1
2	0
1	6
0	0
2	0
3507	0
24395	2
1357	0
2	0
0	0
35	0
770	0
1529	0
2	0
1	0
1027	0
641	6
0	0
8	6
1	73
0	0
4	209
0	0
2	0
0	0
5	0
0	0
145	82
16	4
2	1
1	0
71	83
96	97
3	0
74	71
1	0
0	0
3	0
0	0
4	6
4	0
0	0
54	73
7	0
3	2
0	0
0	0
3	0
1	0
0	0
0	0
0	0
80	3
4	0
1	1
0	0
0	0
441	201
0	0
107	0
0	0
1204	174
4	1
1	0
1333	8
57	0
0	0
17	8
29	0
135	5
0	0
6	0
1	0
10	2
0	0
0	1
0	0
0	269
2	0
4	0
1	1
0	0
0	0
0	0
4	0
686	0
0	0
2	0
0	14
0	10
0	25
0	43
1	0
0	0
65	0
0	0
1	0
23	10
1188	2
429	74
0	74
0	0
1	0
0	0
0	2
6	0
0	0
0	0
694	1
0	5
1218	2
0	0
6	0
0	0
3	0
1406	3
0	0
6	0
380	0
8	0
97	0
0	5
0	0
0	0
89	353
9359	357
6554	0
32	15
3454	0
7	1
225	86
0	86
0	0
0	0
375	0
0	0
0	16
0	1220
0	0
9	0
31	0
4209	0
589	203
23	203
0	0
0	0
0	2
1	0
12994	6
0	0
3	0
2	0
747	1
0	0
1000	0
0	0
0	0
0	0
2	0
7	2
1976	2
1	19
2	19
0	0
0	0
79	0
766	0
238	3
0	0
1012	238
0	238
15	0
0	0
1999	0
1898	0
4	0
68	0
98	0
13	0
1	0
24	2
66	0
15432	9
635	0
626	1573
777	1571
0	0
0	0
0	3
3	0
3926	3
0	0
0	0
0	0
35	0
3114	50
3	0
38	0
72	0
3	49
0	0
434	0
3	0
27	2
17	1
23	1
19	3
8	1
2	0
3	3
0	0
0	0
1	0
1	0
0	0
598	0
814	0
0	0
0	0
0	0
805	0
0	0
5	4
955	153
24	153
0	0
4	1
2	0
1071	0
0	0
0	0
2594	2
18	0
419	20371
0	21131
2	20335
1	20333
1	18263
7	16738
0	21094
7	10
465	3975
60	187
9	0
1648	206
6	4
100	23
904	602
0	602
0	0
0	0
1038	40
0	9
62	31
4	0
32	1
2	0
2146	2
1	0
2	0
0	0
1079	0
0	0
7	82
463	82
563	288
1	288
5854	2
23	0
238	0
29	9
7	10
579	1
0	0
2	0
2	0
0	0
1	1
113	0
0	0
0	0
0	0
0	0
162	0
1432	0
12383	6
4	0
132	0
0	0
9	201
1096	207
0	0
16	16
1	0
0	0
572	705
0	0
2	1
0	3
0	3
0	0
970	0
0	0
1	0
211	1568
21	28
907	0
0	0
0	0
0	0
0	0
0	0
0	0
0	0
1	0
0	0
0	0
1	0
0	0
0	0
1789	12
147	12
1	0
3	0
0	0
0	118
4	0
15	2
4	0
1	0
2	0
0	1
200	167
2	167
0	0
0	26
4	26
0	0
2604	0
52	0
7	2
4	1
2	2
0	0
0	0
5	48
92	48
16	0
0	1
0	0
33	0
1837	1
0	86
0	86
11	0
1	0
0	0
3	0
0	0
1302	11
0	0
1	0
0	0
2802	0
1	0
1	0
496	0
2	0
0	2
0	0
801	652
62	0
2	0
4	0
20	6
3	4
0	0
11	372
0	0
0	0
0	0
0	94
0	94
4	0
1	129
0	185
0	231
0	0
9	0
34	10
0	652
0	0
197	10
0	0
59	389
0	11
0	0
0	110
0	0
0	0
1	0
0	0
496	0
5	0
405	0
3	0
3	14
77	0
40	0
6675	2
0	0
5	2
2	0
8860	370
1501	369
5	0
556	1
0	0
35	1
75	13
0	0
632	6
35	0
0	0
52	0
26	0
3	0
0	0
2	4
0	0
1554	1
0	0
4220	2
2	0
9	0
16	0
1	0
3266	2
0	3
0	154
185	8
0	0
22340	12
13	0
44	0
1	0
349	5
12	0
0	0
920	12
0	0
0	0
1	1
19	2658
59	2658
2	0
4	0
148	1
4	0
21	1
0	0
385	0
1	0
7	0
4	0
6	0
0	0
3556	1
6	14
6	0
229	8
0	0
0	8
5	0
0	0
0	0
0	0
7901	548
4	544
19	0
0	0
1	0
336	0
0	0
227	0
0	0
0	0
6	0
0	0
1872	664
13	0
59	0
1569	11
0	11
2173	2
0	0
0	0
645	0
0	0
0	0
1	0
5	0
0	0
203	0
4918	0
0	0
0	0
15	0
4280	0
252	346
5	346
0	0
0	0
2	0
0	0
280	1
0	0
0	0
0	2
243	602
0	0
0	0
7	0
0	0
874	675
114	674
0	0
0	0
0	0
0	55
0	0
0	13
0	0
6	0
1607	0
0	0
33	1
5	0
5	0
0	0
0	0
0	0
0	0
11318	1
0	0
1	0
0	0
0	0
22	5
0	5
139	17
12	17
187	0
1223	0
0	0
0	0
2	0
3	0
1190	0
0	1
0	0
25520	10
7468	3
90	100
6	0
92	10
0	10
0	0
272	0
505	0
2	0
14	0
0	0
1183	242
76	242
278	125
13	125
225	85
2507	85
0	2
8	0
0	0
252	234
3	234
1552	0
573	1
4	0
18	0
0	0
0	0
0	0
9	0
0	0
0	0
25	0
1152	12
3	0
0	0
2	0
6	0
369	0
0	0
0	0
0	0
0	0
32	0
0	0
218	0
0	7
14	85
0	0
0	0
30	961
1566	0
0	0
2	1
1	6
0	0
1610	2
0	0
0	0
12	23
622	1
0	0
2	0
0	0
8	0
4036	1
645	0
10	0
826	1
0	0
411	654
52	654
16	0
0	0
0	0
0	0
1291	1
848	47
2	46
37	0
30	0
0	0
0	0
0	0
763	529
385	529
3	0
1238	17
3	0
0	16
0	0
0	0
245	334
36	334
140	0
0	0
2	0
1310	3
0	0
1	0
549	0
0	0
0	2
0	0
3	0
260	3
0	0
0	3
566	0
3	0
0	0
640	0
0	0
2	0
1198	14
869	14
201	0
11	0
6592	1
0	0
5037	4
0	0
165	0
0	0
0	0
0	0
1292	0
0	0
0	0
1	0
0	0
0	0
0	0
0	0
9	0
0	0
7084	1
0	0
0	0
2047	0
2	0
2962	2
0	0
0	0
0	0
0	0
0	0
7	0
0	0
1	0
16	0
2221	5
3118	0
0	0
94	0
1090	1
619	0
626	1
10216	7
2	0
0	0
18	0
21	744
435	745
6	0
18	0
23	9
22	0
0	56
34	56
0	0
1595	2
10	0
0	3
3	3172
34	1
606	19609
28	0
689	0
526	19858
211	0
0	0
60	0
0	0
3836	1
1461	0
0	0
0	0
10	0
533	0
0	0
1417	1
1650	0
606	1
0	3
3	3
3	1
0	1
0	0
1715	0
1	0
5	3
1243	0
3	0
0	0
0	0
1890	1
0	0
1	0
0	0
587	0
146	145
708	145
1435	674
389	674
1	0
0	0
0	0
307	110
48	110
1	0
20	11
2330	11
18	0
291	0
17	0
1249	841
8	841
1	1
0	1
3639	676
0	676
15	270
124	82
442	366
6	24
1575	0
0	0
0	0
176	407
8	44
15	0
1352	1
429	0
14	0
4	0
0	0
0	0
5068	327
390	326
952	0
3	0
0	0
0	0
0	0
5	0
5801	5
9	1
0	0
0	0
55	0
0	35
14	0
849	1
256	1
0	0
570	0
2	2
854	0
3	1
638	0
0	0
1	0
0	0
1648	0
0	0
0	0
0	1
16	0
0	0
5888	0
2	0
0	0
3447	677
89	672
2	0
6776	2
1	0
0	0
0	0
10	0
31	0
7	0
7	3
2	0
1	3
1263	0
0	0
474	0
0	0
1184	0
0	0
0	0
5	0
21	0
2017	0
1	0
489	0
4602	0
0	0
8	0
2	0
0	0
0	0
0	0
1	0
0	0
40	0
11	0
557	227
307	227
28	0
0	0
0	0
0	21
0	332
2129	1
7	0
1	0
36	0
1	1
0	0
34	22
2	0
0	0
13	0
2	0
5	0
0	0
0	0
0	0
2	1
2	0
2	0
0	0
86	14
580	14
2627	1
35	1
1977	1
1	0
13	0
0	0
0	0
0	0
0	0
2101	2
0	0
4	2
1	6
8	6
3	0
2	0
0	53
165	53
2	0
863	1
110	0
492	91
1	90
0	0
1	0
1	0
0	6
4	7
0	0
33	2
37	0
17	1
5	0
0	0
11	27
5	0
6	0
0	0
520	0
2612	0
544	2073
0	3
0	0
0	2065
1586	0
0	0
0	0
0	0
0	0
0	0
3	0
0	0
0	0
9	0
3	0
0	0
0	0
19	0
22	0
0	0
0	0
0	0
0	0
0	0
0	0
0	0
0	0
14791	5534
7	0
5	0
0	0
0	0
0	0
0	0
11	2
2596	0
0	0
0	0
0	0
475	93
10	84
31	9
2417	3
2	0
3	0
2	0
0	0
1	0
0	0
0	0
0	0
0	0
4	0
0	0
1491	1
2453	77
1	77
0	0
33	41
55	41
29	0
1165	1991
3	1991
0	0
0	5
0	0
0	0
5410	5
66	3
0	0
2	0
1	0
0	0
1	0
0	0
0	0
5264	4
0	5
20	6
4	4
31	1
16953	10
0	0
0	111
13903	2250
3	2249
20	1
0	0
129	0
34349	6366
2	3732
4	43
25659	2632
4293	9027
103	15567
1185	45342
3393	45356
2761	1
14	1
0	0
15	3
1	0
5	0
2	0
0	0
3461	0
2	0
0	0
0	0
0	0
0	0
485	34
0	0
0	0
0	0
0	0
660	34
0	3
0	0
488	0
0	0
3	0
1	0
1	0
0	0
0	0
77	17
1	0
47	1
16	0
0	55
1	11
0	0
0	0
0	0
0	0
0	0
6	0
0	0
0	0
0	0
0	0
0	0
28	94
0	0
0	0
0	0
1	0
0	0
0	0
0	0
2356	140
0	0
129	0
1	140
0	0
3635	2
3867	5
7	0
43	0
1189	7
0	0
0	0
0	221
0	0
2670	0
0	0
3826	4
1	0
0	0
1	0
0	0
2	0
1	0
0	0
0	0
1	0
1	0
13	0
26	0
0	0
82	0
0	0
8	0
0	0
1	0
3	0
0	0
0	0
5	12
0	0
2777	680
10	0
2	678
6	0
7	1
7	0
1	0
1930	0
0	0
1	0
0	0
125	0
96	0
0	0
3	0
0	0
5	0
0	1
137	44
10	44
0	0
2	0
1	0
0	0
5	0
0	0
25	1
0	0
0	0
3	0
2	0
6	0
0	0
4	0
0	0
0	0
0	0
0	0
4	0
2	0
0	0
8	0
0	0
7022	0
0	0
6	0
201	0
0	0
0	0
365	0
7	0
7401	3
1888	4707
0	18
1	7
118	0
1183	0
5218	4709
574	0
0	9
0	1
2	0
17961	9
5	0
9	1
0	0
19	1
0	0
0	0
0	0
0	0
0	0
1	0
0	0
0	0
2	0
3	0
16	33
0	0
0	0
0	0
0	0
357	25
1	19
0	0
31	6
0	5
0	0
8	0
6	1
1	0
1	0
0	0
0	0
1	0
0	0
0	0
0	0
0	0
0	0
0	0
0	0
0	0
1	0
0	0
0	0
0	0
0	0
0	0
0	0
0	0
0	0
243	0
7	0
141	0
8	4
9	0
1	0
2	0
743	0
0	2
1	9
0	2
0	0
0	0
1	0
0	0
0	0
0	0
0	0
0	0
4	0
115	150
1089	150
0	0
19	0
0	0
0	0
207	0
0	0
9011	0
2	0
0	0
0	0
1688	0
2	0
0	0
4041	1
0	1
3	0
6	0
3	0
1	0
0	0
615	0
0	0
0	0
0	0
46	1
0	0
12	0
1	0
234	0
32	0
1	0
0	309
146	0
0	0
0	0
452	1
0	0
340	277
272	277
4	0
2	0
0	0
7325	0
4	0
15	0
0	0
220	0
2	0
13	0
0	0
365	690
3	688
0	1
3702	26
108	10
0	1
0	0
4	1
15	0
12	0
3	3
1995	0
1	0
0	0
0	0
0	0
0	0
621	200
675	174
3	0
0	0
381	0
0	0
646	34
23	34
0	0
1017	0
121	0
0	0
1	0
0	0
0	0
688	1
124	0
74	0
0	2
0	0
15	0
0	0
1690	0
1	0
4338	1
3	0
3	0
3	0
2800	1
0	0
1	0
1013	0
1643	227
0	0
0	0
0	1
0	0
3843	229
2	0
0	0
9	0
1450	0
0	203
0	203
1	168
1	0
3677	2
23	0
0	0
263	0
28	0
11	0
1	1
947	0
0	0
10	0
12934	6
0	0
0	0
1643	0
2	0
0	0
0	0
4	0
114	0
4	0
327	0
0	0
1041	0
3	0
0	0
0	0
1	0
0	0
1040	0
0	0
136	1
64	0
0	0
0	0
1	0
0	0
1	2
0	0
0	0
0	0
0	10
0	0
0	0
0	0
0	0
1	0
2	0
2	1
0	0
0	0
11	1607
0	0
0	0
23	0
2	0
0	0
0	0
0	0
0	0
1	2
2	2
892	1
1026	65181
0	0
0	65181
7	4
0	282
0	0
640	0
0	0
0	0
0	3
0	0
1	0
5	0
0	0
0	0
1	1
26	0
3	0
5	1
0	0
0	0
0	4
0	0
0	0
1921	0
0	0
12	1
10	0
4439	1
0	3
0	0
4	0
930	0
0	0
6839	1
386	0
0	0
2747	2
0	0
1327	0
528	0
1149	0
0	0
188	0
2	3
1	0
0	0
1117	2
1	0
0	0
5	0
637	0
2	0
1	0
0	0
0	0
971	2
0	0
4	0
0	0
86840	21
0	0
0	0
0	0
0	0
0	0
0	0
3	0
20	0
0	0
0	0
0	0
0	0
0	0
0	0
2137	1
2	0
2	20
0	0
1	0
0	0
1347	0
0	0
0	0
12	0
39	0
0	0
1	0
2	0
7	1
0	0
0	0
1641	0
0	0
2113	0
2898	1
12918	6
0	0
0	2
1	0
116657	49
7	0
4	0
0	0
3	0
47	0
0	0
529	0
0	0
0	4
0	1
751	733
2	733
0	0
0	0
0	0
0	0
11	61
5	0
0	0
8	0
0	0
455	0
0	179
2	0
1	0
0	0
11	1
0	0
1	0
1	0
0	0
0	0
7	1
1	0
414	227
26	227
0	0
0	0
1	0
0	0
2416	1
4840	1
0	0
0	2
3	0
4296	4517
2	4517
2	0
0	0
0	0
0	1
2	1
1	0
0	0
0	0
168	12
4	12
3	0
4	0
2	0
248	1391
306	1390
1	0
0	0
57	0
0	0
5	0
2	0
0	1
0	0
7	0
3	0
2181	0
1017	1630
23	1630
741	1474
7	0
45	68
950	67
7	0
603	1475
0	0
0	0
664	0
0	0
0	0
0	0
0	2
2401	2
1	0
0	0
15	0
246	263
51	263
24	26
0	0
0	0
388	0
0	0
11103	1
11	0
0	0
93	12
166	0
2116	3
965	254
880	255
3	0
1	0
0	0
15	0
78	0
1	0
202	0
229	0
0	0
0	0
38483	14
29	1
0	0
0	0
0	0
0	0
1	0
55	0
0	0
0	0
7	0
1	0
0	0
0	1
0	0
0	0
0	0
0	0
0	0
1	0
12	0
0	0
157	150
0	150
0	0
0	0
2	0
6	0
9076	1
0	0
0	1
1	1
0	0
2782	1
22	0
5	0
7	0
71443	51
844	21
12	1
2346	0
1	0
15	0
43	2
1	0
0	0
0	0
0	0
6	0
0	0
17	0
1	0
5	7
4	0
0	0
42	131
424	131
0	0
0	0
1	0
17056	20
0	1
1	2
0	0
2	6
2	0
0	0
245	0
4	0
498	1
26	15
2	18
1	18
63	35
6	0
1	15
0	0
0	0
228	0
2	0
74	3
1	0
503	590
2502	590
0	0
1	0
12	0
0	0
0	0
0	0
0	0
112	0
14	0
0	0
73	116
58	116
1	0
2	0
0	0
0	0
0	12
3	1725
14	0
0	0
14	3
613	3
0	0
42	0
1263	137
3	136
901	0
8	1
430	0
0	0
0	0
1	0
0	5
1	2
1343	0
1132	0
1393	2
0	0
227	0
443	0
5	3
0	0
1898	1
1	0
0	0
2	0
0	0
26379	1133
185	3
1	1124
0	0
3414	3
2634	1
0	0
61108	18
0	0
1	0
58	0
4	0
1	0
3	0
0	0
3	0
1	0
293	0
0	0
0	0
8	0
0	0
0	0
1	0
0	0
0	0
99	12
4	0
0	0
3	12
68	0
0	0
134	0
0	0
763	0
1	0
663	4
12	0
57	1254
0	2
1	0
31	184
0	0
0	0
193	117
19	117
1	0
0	0
11	1
1723	0
0	0
12	0
7	1
3543	2
0	0
0	0
1	0
14	0
6296	3
61	65
1755	0
32	17
10	0
23	0
20	0
0	0
0	0
1	0
79	1426
0	1256
0	38
0	4
0	3
1	0
2	0
1	0
2	460
20	0
0	0
0	0
0	0
0	0
2391	2
9	2
0	0
0	1
0	0
0	17
16	125
800	126
0	0
268	91
2201	91
47	0
0	0
0	0
0	0
463	1
3	0
0	0
2	0
0	0
46	4
0	0
1	0
0	0
0	0
354	0
883	0
5	0
0	0
0	0
0	0
0	1
5	0
6	3
0	0
4233	2
1548	0
0	0
0	0
2037	3342
4	3342
0	0
5	0
0	2
261	2
0	0
0	0
6	0
7	0
15	1
2034	208
1	207
0	0
0	0
0	292
485	292
61	8
0	0
10	0
51	0
0	0
2	0
0	0
23958	5
3	0
0	0
1790	1
0	0
0	0
2	0
0	0
0	19
5	19
0	0
0	0
6	18
1	0
3	0
3	0
3	0
0	0
551	0
0	0
0	0
634	0
0	0
468	0
52	0
9	0
0	0
625	260
601	405
138	145
243	0
741	0
0	0
1018	0
9	16
2	1
0	0
5	0
0	0
0	0
394850	147
1087	695
1	694
11	0
623	0
3	0
563	154
2	154
933	2405
44	2405
9	3
0	0
0	1
0	0
0	0
1602	1196
26	1196
1	0
9	2
13933	2
748	1364
2	1364
0	0
3	6
0	0
5	0
1	0
0	0
0	0
0	6
3300	1
0	4
0	58
12	1367
375	0
0	0
6	0
0	0
2	0
0	1
14	0
0	0
1	0
4	0
0	0
1	0
17915	6
0	0
71	1938
6550	1942
26	0
3313	0
599	0
6	0
72	4
0	0
1	0
0	0
0	0
944	0
0	0
0	1
3345	4061
7	4061
0	0
23	0
170	0
101	1
9799	6
639	0
0	0
2	0
0	0
12	2
0	1
0	0
1087	2
0	0
4	14
2	0
0	0
2	3
9	15
0	0
6	0
1	0
0	0
0	0
0	1
0	1
0	0
0	0
0	2
0	2
0	0
0	0
25	5
0	1
0	0
0	2
3	0
4	0
8	75
0	0
0	0
9	0
0	0
7	1
6	22
3	9
0	0
15	202
0	2
0	0
11	144
0	126
0	198
0	145
0	141
0	10
0	126
0	0
0	205
6416	1
0	0
5	0
3	0
24	3
0	0
2	2
0	0
36	0
59	0
2	0
67	0
1	0
0	0
7	4
3	0
3	21
15	21
0	0
46	0
0	0
217	1797
11890	1798
527	1
2	0
0	0
0	0
0	0
855	1
0	0
38	0
2199	0
22	0
1315	0
4746	2
2	0
3175	0
0	0
0	0
0	0
47	19
11	19
0	0
1	0
0	0
0	4
1071	18
0	18
0	0
3	2
0	0
1148	0
81	0
727	0
7	0
0	0
14	0
253	0
5554	1
18	0
1	0
2	0
1	0
2	5
7	0
11	0
207	0
0	0
10	0
0	0
0	0
0	2
0	0
0	0
1	0
0	0
0	0
1	13
0	2
2	1
11	0
0	0
2	0
0	0
3671	1
621	470
299	470
0	5
0	5
4	21
3	145
0	22
0	21
11969	2
0	3
5	0
7	19
0	0
1557	0
21	26
0	0
93	139
0	0
0	0
0	0
0	0
18	24
157	24
90	140
2	0
14	0
0	0
6	0
10	0
58	0
3	4
1	0
3911	8
17	0
0	0
0	0
0	0
13	1
121	4
3526	0
333	100
33	100
0	0
189	78
4	78
1	3
0	0
1	0
2610	1
0	0
919	0
30	0
0	0
689	4
13	1
0	0
2	1
2051	1
0	0
8830	6
5	0
0	0
0	0
0	0
0	0
1	3
0	0
2085	0
2	1
4	0
7	0
3562	2
0	0
0	0
0	0
0	0
0	0
0	5
0	0
1	0
714	0
4	0
3772	1
14	1
2	14
19	0
0	0
0	0
0	0
0	0
17	0
50	0
19	0
31	315
0	0
0	0
4	0
2	4
15	14
0	5
0	0
0	14
0	0
0	0
0	3
2113	180
64	180
3	0
1093	2
0	0
0	0
1	0
183	0
1	0
0	0
2940	95
6	0
32	94
0	0
9	0
0	0
0	0
1979	0
25	0
1588	0
0	0
4	2
394	0
0	0
0	0
0	0
0	0
15602	663
237	654
0	2
0	0
424	0
22	0
0	0
0	2
169	0
1643	28736
51	28735
483	0
581	0
3	0
8	0
3	0
9	0
295	1177
0	0
2420	0
8659	5
29	5
7	0
3	0
1865	0
0	0
0	0
0	0
743	0
0	0
273	193
1	0
0	11
38	0
0	0
0	0
9	0
4	0
8	0
34	0
3	0
5160	989
1565	446
40	446
0	0
654	0
115	0
0	35
97	0
20	193
0	0
117	0
0	0
0	0
2	133
0	0
0	0
0	0
4	0
4	0
2880	0
0	0
4	0
0	0
93058	52
12	3
0	0
0	0
10	0
5060	0
0	0
53	0
1	0
0	0
1	0
2	7
0	0
3	0
1	3
1711	1
0	0
0	0
404	0
0	0
281	501
19	501
0	0
3	0
4	7
0	0
0	0
0	0
4	0
0	0
3	0
0	0
0	0
2026	0
6	0
0	0
3824	0
12	0
3	0
417	0
0	0
0	0
1939	465
336	2125
8	48
22	2
23839	5
332	0
0	0
314	0
1860	0
2	0
2886	420
0	420
3	0
19	0
0	0
2	0
128	267
0	267
0	0
84	0
0	0
373	876
0	876
21	0
0	0
347	0
0	1
2263	0
0	0
224	0
3	0
0	0
0	0
1	1
1336	0
0	0
0	0
898	190
1	188
45	1
4	4
72	0
0	0
3989	1
0	0
67	23
2	22
0	0
0	0
0	0
0	0
0	1
0	2
0	0
37	0
3	0
0	0
0	0
0	0
6	0
55	0
0	0
1	0
0	0
0	0
2	0
0	4
0	4
6	0
18	0
0	0
5	1
0	0
25	48
592	48
2	0
0	0
0	0
0	0
2	0
0	0
286	0
1553	0
1	0
1068	0
3	0
56	8
19	0
18	10
0	0
53728	12
3	0
0	0
0	0
24	0
1063	3
62	0
6	3
0	0
0	0
0	9
5	3
52	3
0	0
0	0
0	0
0	0
0	0
0	0
0	3
2496	1
65	0
0	0
1	0
0	0
867	0
391	673
0	0
1	0
0	0
0	0
5	3
1	0
1	0
5370	5
0	0
9	0
15	0
1898	1
16	0
5	0
1	0
0	0
19	0
59	4
0	0
0	0
21	35
1211	35
0	0
1	0
0	327
3475	0
0	0
2679	0
36	0
163	0
0	0
0	0
5	0
6	0
8	0
14	0
144	0
4	0
0	0
0	0
0	0
6	8
16	8
15	0
0	0
2211	1
2	0
1	0
245	0
0	0
6	0
0	0
0	0
118	0
6	1
0	0
1729	0
0	0
0	0
0	0
2471	0
2880	2
2	0
0	0
24	1
1	0
0	0
19	0
33	30
0	24
0	0
0	0
6	124
2	124
0	0
6	0
0	0
2356	1
4	0
4	0
12	30
958	0
2	0
8	0
0	0
5	0
4	0
657	0
7	4
8	0
0	1
1	0
0	1
3	0
0	2
1	0
38207	335
123	323
16	2
3025	1
23	0
4479	1
0	6
1	0
0	1
1078	0
1	103
0	0
499	1065
1	1065
673	0
0	0
1	0
31	0
1	0
6	1
2	0
5	2
1	0
5	8
0	0
2	0
0	0
2	0
22	0
0	0
0	0
0	9
0	0
0	0
8	0
19	0
230	0
1865	0
1	0
221	7
5	7
37	1
11	2
3	0
22	0
0	0
0	0
5491	8615
72	8611
159	0
3	0
4	0
555	12
0	0
1823	0
0	0
2	0
5	0
28	10
0	0
26	0
3	0
0	0
0	0
2699	1
3470	0
0	0
0	0
0	0
0	0
84	0
5	0
0	0
90	0
2	0
643	0
7	0
29	22
6	0
0	0
1	0
395	187
0	187
3	0
0	0
12	0
0	0
170	0
40	0
123	0
0	0
802	0
12462	6
12	0
5	0
1	2
0	0
87	56
540	166
16	114
79	5
5	0
0	0
7469	2
0	0
5766	0
247	0
0	0
0	1
4059	2
1	0
817	0
556	0
0	0
0	0
21	0
5	0
0	0
12	461
1976	461
3	1
0	4
1511	0
116	0
27	0
1	0
0	0
0	0
0	0
0	0
350	0
1	0
4	0
13	0
0	0
308	0
0	0
0	0
6	0
2	0
2	560
2779	561
0	0
4	0
0	0
0	0
15	0
0	0
4040	1
1339	0
0	0
80	0
0	0
0	0
0	0
4	0
734	0
0	0
0	0
4601	1
0	0
1	0
2	0
0	0
0	0
0	4
80	0
0	0
0	0
1	0
12	9
2	0
5	2
0	0
2	0
1	0
5	0
0	0
32	209
3129	1
6	0
3	0
0	0
4122	6
4	0
2	0
982	9
7	0
515	1932
313	1932
82	0
0	0
0	0
7131	579
6	577
1685	2
5	0
0	0
0	0
0	0
559	0
0	0
0	0
344	180
4854	184
3	0
0	0
43	0
137	6
382	0
8	0
2	0
14	0
0	1
149306	40
8252	1
0	0
545	0
2	0
0	0
0	0
4	0
6	0
9	0
1	2
0	1
0	0
0	0
0	0
0	2
0	0
5	0
0	0
6970	3
3	0
14	0
0	0
0	0
3	0
17	0
4	0
9	0
0	0
0	0
8	0
0	0
3	0
2	0
3082	2
0	0
0	0
0	1
0	1
32	0
0	47
2	0
0	0
7	3
10	0
0	0
1	0
0	0
0	0
0	0
1109	1
3	0
36	0
8	0
3809	4462
199	4461
33	0
1504	0
1	0
0	0
1	2
0	0
4	1
0	0
1	1
88	0
3514	2
0	2
3	0
4	0
0	0
0	5
63	5
0	0
0	0
7	0
29	0
1051	0
0	0
28173	11
0	0
12	37
13	0
0	0
16	9
1	0
4	3
6	2
10	7
1066	0
24	0
23	0
12	2
57	3
2665	0
0	0
64	158
176	158
304	0
0	0
0	0
1859	0
5	0
3	1
0	0
457	14
0	0
18	14
1	37
0	0
0	0
0	0
26546	8
33	0
0	0
0	0
1	0
0	0
8840	55
0	0
23	50
0	0
0	0
34	4
2	0
10	0
0	0
1666	0
0	0
1	0
0	0
937	1
0	0
0	0
277	0
0	0
0	0
0	0
23	0
0	1
0	0
0	0
0	0
1642	0
0	0
1312	2
21	2
2	0
1666	1
0	0
0	0
10	76
345	76
6	0
0	0
0	0
2	271
676	271
0	0
0	0
0	0
0	1
0	0
0	0
305	0
0	0
0	0
0	0
0	1
0	0
0	0
0	1
0	0
0	3
0	0
0	0
0	0
907	0
242	0
0	0
3	0
15	0
1	0
959	0
0	0
0	1
0	0
1	0
23	11
0	0
1	0
483	0
3534	136
4	134
8	0
0	1
1259	0
1560	1
4307	458
36	458
1361	692
0	0
4	0
7	0
18	0
1	0
2	4
10	8
0	0
0	0
28	2
0	2
0	0
10	0
2	0
6550	1
2070	0
1071	0
2	12
6	35
1361	0
143	0
0	0
1	0
4885	2
1	4
2	0
3335	0
0	0
0	0
0	0
1242	1
2	0
13	0
9	0
4	68
370	0
6	0
0	2
0	0
2627	0
1	0
2	0
0	0
0	0
1604	1
0	3
0	0
198	0
0	0
16455	5
0	0
2	1
0	0
4368	3
0	0
314	0
0	0
788	0
176	0
1	0
5	1
5	2
900	19
2	19
1	0
0	0
2	0
147	1843
273	1844
2	0
0	0
2	0
0	0
2	1131
1480	1131
1	0
0	0
0	0
0	0
279	0
116	0
0	0
0	235
0	0
0	0
167	0
1	0
0	0
0	0
0	0
19	0
0	0
1	0
1180	1
345	0
409	11
0	0
0	0
0	0
0	11
0	0
0	0
8	36
0	0
1178	531
3	0
552	374
0	0
4	18
0	0
4	0
0	0
0	0
1010	0
6	0
0	0
185	94
0	0
2470	94
0	0
0	0
0	0
0	158
0	4
0	43
3	93
1237	0
1	0
3	2
0	2
0	0
137	0
0	0
690	0
6	0
587	0
186	1080
8	1080
3	0
0	0
2259	2
1433	0
10926	4
7	1
0	0
1	0
0	0
3	0
2046	0
20	0
3	0
2488	1
6712	3
3	0
0	0
93	0
1080	0
0	0
8	6
13	0
2074	0
2355	0
0	3
1	0
0	0
0	3
0	0
1	0
1595	0
0	0
1	0
4	0
1058	1
0	0
0	0
1	2
0	76
162	0
174	251
30	251
12	1
6087	1220
16	1220
2	7
0	362
1	0
21155	1111
295	1108
0	0
3	0
0	0
6	0
1855	0
3	0
4	0
0	0
0	0
12668	6
1816	1
0	1
0	0
0	0
5	1
918	0
4	2
0	0
1	0
0	2
5473	0
80	0
984	2
2829	291
1	0
14	0
2	0
0	83
368	531
647	1
0	0
0	0
0	0
35	0
0	174
2	132
0	0
25	0
0	0
1049	0
0	0
1	0
0	2
5	0
303	0
2	0
0	0
0	5
0	22
0	27
3	1056
0	0
0	0
2284	1
0	0
3	1
0	1
1	1
0	0
9753	6
611	1
0	0
0	0
7365	3
5	0
11	3
2	0
2	0
6111	4255
7581	4253
0	0
0	0
0	0
434	0
550	0
0	0
1285	0
0	0
1	0
1672	0
61	0
9	2
1192	0
1	0
153	0
0	0
4009	215
6	215
4	52
1	0
7	2
0	0
0	1
0	0
0	0
0	488
0	25
0	0
0	0
2	0
0	0
0	0
0	0
2	0
0	0
0	0
116	24
0	0
125	13
2	0
0	0
0	0
7	13
2700	0
44	80
76	0
148	0
0	0
1904	0
1054	0
4	0
0	0
304	0
7	0
5	0
0	0
0	0
170	0
246	0
0	0
11	31
1954	111
0	109
1	0
0	0
4137	3
3	1
0	0
425	0
0	0
3	0
0	0
0	0
0	0
491	9838
71	0
437	11679
1419	15729
0	1
1	0
1	0
0	2
0	259
1	0
6867	42473
2	13
2892	42665
443	8
1	0
1	0
0	0
3824	1
46	0
1	0
163	0
18	0
3	10
0	0
0	0
0	1
0	0
5	0
0	0
1128	1
0	0
0	0
1758	2
6	0
1	0
4	0
31	0
0	0
12898	3
0	0
3	0
1	0
45	34
0	0
3	0
0	2
2	0
3	1
0	0
1303	1
51	0
2	0
0	0
58	0
5377	2
1	0
5	0
1225	2
704	0
2	0
220	0
26	0
0	0
0	0
45	0
68	2
0	0
0	0
421	1
6	1
66	0
0	0
6	0
46	34
7	34
3	0
0	0
6	0
557	322
28	322
0	0
0	0
13637	5
7	0
0	0
561	1
2098	3
176	31
0	31
11	0
2053	2
0	0
388	19
2	19
0	0
926	2
2961	1
6	2
1127	418
11	418
5	19
10	0
1	0
0	1
0	0
4	4
1	8
14692	7
8	0
1	0
2	0
1467	0
544	0
0	0
472	48
8	2
46	13
4	48
1275	0
3	0
43	255
1384	255
27	2
50	0
1345	1
0	0
2	0
1	7
88	294
515	294
0	0
6	0
0	0
17	0
62	53
1	53
2	0
1	0
0	0
0	0
2235	0
0	0
784	7
2	0
1270	3
0	0
0	0
240	0
0	0
794	148
0	0
25	0
221	568
6632	571
0	0
991	758
7	758
0	0
3	0
4158	2637
0	2636
0	0
713	0
455	1
2	0
1310	0
0	0
0	0
0	0
757	0
0	0
0	0
0	0
0	7
62	4
20	0
697	5
2	0
0	0
2	0
1458	0
0	0
0	0
5	0
0	31
0	8
0	0
0	0
3321	2
0	0
22704	10
2	0
669	183
21	183
11	0
29	27
69	96
124	0
0	9
0	4
0	55
0	0
0	0
26	564
1199	566
23	0
2	4
0	0
7	0
0	0
1148	58
4	58
0	0
0	0
31793	16563
0	0
12	0
1043	0
0	0
0	0
312	272
3	272
0	0
4	0
0	14
895	15
15	0
6	0
8	0
2	0
3	0
0	0
0	0
14	2
980	2
1	0
0	0
0	0
0	0
225	0
0	0
0	0
0	0
91	0
8404	3
160	0
863	35
176	35
4	0
0	0
0	0
8	0
1	0
1	0
2	0
1687	0
0	0
1	0
0	2
0	2
18	1
1516	2
3	0
0	0
0	0
1	0
0	0
0	0
2374	1
1	1
1	0
0	0
0	0
1	0
72	0
5813	6
0	0
0	0
2683	0
1305	1
0	0
0	0
0	0
1	0
2979	4
2425	0
0	0
10	0
11	0
0	0
1094	0
7	3
0	0
8003	3
5	0
0	0
2	0
3	0
663	1
12	0
0	0
1160	1
0	11
83	11
2842	0
0	0
4	109
2	281
0	0
2	1
26	33
32	0
26	0
20	0
0	0
2	8
1	0
2	0
0	0
1	0
39	0
5	0
0	0
154	272
293	0
16	0
0	0
1638	9
0	187
9	0
1418	2
0	0
0	0
25	0
7	0
2781	6
55	0
0	0
833	4
2328	0
1770	1
0	0
2090	0
17	1
0	0
0	0
0	0
11	0
3	0
17	0
10	3
0	3
8	1
0	0
26	5
0	0
3	0
6	0
1	0
0	0
0	0
1810	0
13	0
8	995
1670	995
431	0
60	0
8	0
0	0
0	0
59	0
0	0
0	0
0	0
2959	0
23	28
0	0
0	0
0	0
0	0
0	0
3586	2
0	0
0	0
0	0
0	0
0	0
285	0
500	218
35	218
0	0
2	0
3317	0
0	0
0	0
0	0
0	0
0	0
35	107
21	124
0	0
0	0
8	182
6	0
175	0
2313	3
0	0
1	0
562	9
31	0
4	0
134	0
70	0
0	0
0	0
578	0
0	0
755	2
0	0
354	0
51	88
2	88
24	0
1	0
0	0
0	0
0	0
2	0
649	107
0	0
2	0
0	0
0	0
0	0
0	2
362	0
680	0
0	0
797	0
29	0
91	0
430	0
4753	2
0	0
0	0
0	0
0	0
181	0
6	9
711	9
0	0
540	0
1	0
487	51
150	51
138	0
0	0
87	58
33	58
119	0
48	0
5977	4
0	1
2	99
14	16
2	74
3	100
0	86
0	1
1	16
1164	97
678	0
0	0
0	0
1	0
8	0
683	0
2	0
218	156
1	156
0	0
0	0
2	0
0	0
0	2
5525	27
398	25
143	0
4	0
788	0
0	0
0	0
7	0
1	124
1	0
0	30
0	0
1031	1431
115	1252
0	0
0	0
0	0
20	84
3000	84
0	0
485	0
6	3
2046	3
0	0
317	0
0	0
0	0
9	0
529	0
9	0
0	0
7	0
7	0
17	0
0	0
0	488
0	119
31	1
3	0
65	0
777	27
107302	83
0	0
0	0
0	0
743	59
0	0
5	59
3	0
4	0
1	1
0	0
0	0
0	0
2	0
16124	1366
113	1365
0	0
0	0
7097	2
0	0
0	0
138	0
1	0
845	0
0	0
4	0
3	0
0	0
1668	0
0	0
0	0
0	0
0	2
393	0
0	0
0	0
0	0
5642	6
2412	0
0	0
482	1
0	0
0	0
0	0
2	0
2129	0
2	0
0	0
0	0
5	0
0	1
0	0
3	0
0	0
0	0
3	0
81	1
6	1
2	2
0	0
0	1
5243	49
13	48
0	0
0	0
0	0
3	0
1	0
0	0
86	0
7368	2
4	0
32	2
53	2
209	1
0	0
174	0
188	245
28	245
0	0
0	0
3	11
383	14
10	0
41	0
1266	8
19	0
6	0
16	2
0	0
0	0
0	0
114	0
0	0
0	0
1410	0
0	0
36	1
0	0
4212	1
0	0
11	6
9	0
1270	0
1	19
3	13
22	19
4389	0
2054	1
0	0
871	0
2	0
0	0
78	0
1017	1
2	0
0	0
2	0
0	3
362	0
0	0
6	0
0	0
0	0
26	0
0	0
0	0
0	0
7703	1
1	0
44	0
29	5
0	5
277	705
13	705
202	0
275	0
2631	68
0	68
3879	6415
1	2
66	7
21	0
9	6405
1	0
0	0
0	0
0	0
0	0
1854	0
2877	1853
1	0
55	11
1370	11
4695	1
0	0
0	1
1	0
2	0
4	0
0	0
0	0
0	0
61	0
3	0
5	0
6	0
31347	3933
0	3925
165	0
335	151
15	151
0	0
0	0
187	0
729	0
4311	448
310	448
0	0
0	0
1	0
0	0
1	0
1	0
104	0
4	0
866	609
1	609
14	0
421	182
1	182
2699	2
1905	1
0	0
0	0
0	0
0	0
0	0
1492	0
3866	359
0	356
1	0
1563	0
7	0
0	0
0	0
13	4
2296	0
0	0
1121	0
0	0
8	180
3430	240
0	0
34	0
1782	0
25	0
0	0
336	2542
0	0
11	0
2	0
4	0
0	0
1	0
0	0
4	974
706	3149
0	0
4	0
0	0
0	0
4879	0
15	0
2217	27
15	27
371	0
11	0
1	60
0	0
0	0
1323	0
3	0
0	0
0	0
0	0
0	0
2515	1
0	0
0	1
0	0
175	0
0	0
0	0
0	0
0	0
0	0
0	0
0	0
0	0
1491	0
0	0
174	113
1	113
38	1
5906	0
0	2
1	9
10	0
6	0
16323	3
1	0
8	0
1108	2258
500	2258
6	0
0	0
0	0
710	1
72	0
0	0
294	289
28	289
0	0
10	1
1869	1
9	199
906	199
0	1
5	0
14	0
1	1
1	0
0	0
2082	1
3	8
4344	1
92	0
604	0
0	0
0	0
0	0
0	0
3923	0
0	0
0	0
3	0
0	0
0	0
1456	660
0	659
1	0
187	12
15816	16
42	2
11	0
293	229
40	229
1091	470
2	470
0	0
0	0
0	0
252	0
0	0
2	0
105	2519
19066	2524
1	0
1	0
3	0
278	0
0	0
4	0
21	0
0	0
2	0
4967	0
1	0
12	0
0	0
1	0
0	0
0	0
620	232
72	232
1	0
1	0
663	0
6	0
0	0
0	0
11276	5
0	0
114	0
43	436
0	170
102	381
0	0
1648	0
0	0
2	0
1	0
55	0
875	17
11	17
115	0
3	0
0	0
87	12
4	0
142	3
47	5
1	0
0	0
0	0
0	0
0	141
0	1
4087	0
0	0
0	0
0	0
0	1
11	14
1788	1
1748	38
825	83
555	116
1421	0
0	0
2	0
0	0
307	0
2	0
146	0
0	0
386	0
20	0
0	0
0	0
355	0
631	0
7	0
44	0
0	0
20	0
1177	813
11	813
1	1
159	0
0	0
3	0
1	0
962	0
0	0
0	0
1945	2
7	0
657	1
2092	0
1	0
12	5
0	0
2	1
6	0
0	0
779	0
0	98
483	98
1	0
1961	4
29	3
9	40
778	40
9	0
0	0
0	0
0	0
2	0
417	0
0	0
6269	2
0	0
0	0
103	78
25	77
1	0
1	0
10	0
1193	70
0	0
1	0
0	2
105	710
29	843
0	2
125	0
7	0
804	0
0	0
5	0
561	0
0	0
18	0
4	14
15	14
65	0
7	0
1	0
5167	6
0	0
3137	2
1414	0
0	0
0	0
1	48
2760	1
0	0
2	12
6	0
133	0
0	0
1	0
3	0
0	0
2	0
0	2
29	0
2937	1367
79	1367
272	1
148	75
3256	77
0	0
1469	0
1	0
5	0
1	2
0	0
2	0
533	454
12	454
7	0
1	0
2	0
0	0
0	0
960	0
5	0
0	0
1	0
0	0
0	0
522	135
88	135
1379	1
0	0
29	0
222	0
1435	545
439	545
0	0
0	0
0	0
44	0
4	0
494	0
1	0
9	0
3373	0
48	0
3	0
0	0
3	0
0	0
10637	3
0	0
803	0
0	0
17664	5
12	4
8586	7
265	5
1	0
281	4
2	4
10	0
9	0
2684	3
9	1
0	0
632	0
192	0
0	0
0	0
0	0
1	0
59	0
0	0
15	0
26	0
4469	0
26	0
9093	2
0	0
1	0
2	1
0	1
0	0
1	0
601	0
0	0
1	4
2187	0
1	0
0	0
2	1
0	0
1	0
0	0
0	0
0	0
922	0
0	0
0	0
1	62
540	62
2	0
1	0
0	0
0	0
1	0
31	1242
9	824
23	1242
0	0
4	0
109	0
0	0
8	0
0	0
1200	0
0	0
6451	262
213	260
17	0
0	0
130	0
0	0
794	0
0	0
0	0
0	0
9	0
3	0
0	1
0	0
0	0
350	0
612	0
4	0
0	0
4	0
0	0
12	0
7	0
0	0
851	1
0	0
6	1
2	1
8	0
30	4
1342	0
0	0
0	0
1	14
0	14
0	0
0	0
0	0
23	23
8	23
0	7651
2	0
0	0
15	72
9237	73
540	0
0	0
1	0
0	0
0	0
0	0
0	0
4	0
0	0
210	0
5	0
2	0
0	0
1	0
5	0
7	0
3	0
0	0
4	2
11	0
10	0
14	0
1608	0
1277	0
0	0
0	0
221	0
0	0
0	0
24	0
241	0
0	0
0	0
0	0
19125	13
0	0
2	0
1	0
0	3
0	37
2745	1516
7	1515
9	227
35	318
8	426
62	518
0	0
0	1
6	14
7	0
2	0
1	0
0	0
0	0
0	0
12	0
19	0
0	0
5	0
0	5
0	5
0	0
0	1
2	0
1	0
36	179
17	0
2	0
0	0
0	0
0	0
0	0
0	0
0	0
0	0
2	0
69	0
1	1
0	0
0	0
0	0
0	0
0	0
0	0
0	0
0	0
0	1
1	5
798	0
171	189
0	189
1	1
2001	1
45	0
0	0
13	0
315	524
0	0
0	0
251	524
0	0
4105	35
34	32
28	0
1	0
1420	221
0	0
0	0
0	0
0	0
0	0
0	0
1	0
0	0
0	0
0	0
8	0
2797	1
0	0
0	0
46	0
0	0
0	5
14	7
0	14
2	0
4	2
566	5443
2	858
0	8
4	5
0	2457
0	1
0	2494
0	2490
5	197
0	1
0	2494
0	2489
0	0
0	0
3	0
0	0
0	0
1	0
1711	1240
19	1240
449	39
34	39
45	0
1	0
204	0
6	4
1814	0
0	0
12	0
0	0
0	0
77	541
4	541
393	0
3	1
1650	804
0	0
62	804
3167	1
313	0
4	0
36	0
9	2
0	0
1370	1
0	0
1156	2
7	2
0	0
0	0
2	0
0	0
1854	0
2	0
2	25
65	293
2	0
5	1
0	332
0	284
7	25
0	284
0	0
0	332
0	332
0	155
2	0
0	155
0	284
0	332
0	0
0	284
0	284
147	28
7	91
9	101
7	0
3	0
3	0
8	0
1	2
0	0
0	0
0	0
16	0
0	9
0	88
0	381
13	4
0	4
0	7
0	0
0	0
9	0
9	223
0	385
0	372
8	0
1	0
8	3
4	0
10	21
0	12
5	3
11	0
0	383
0	153
0	336
17	2
0	0
0	4
2	0
0	6
0	0
0	0
0	0
0	348
0	334
0	169
0	311
3	2
0	0
808	0
47	0
0	0
2	1
6	0
0	0
7336	4
0	0
0	0
5147	3
434	0
2566	1105
0	1105
7	0
13	0
0	0
3	0
26	11
1056	0
3047	1
0	0
0	0
5	0
1183	1
2	0
0	0
89	737
3339	738
0	0
0	0
131	0
97	0
0	0
0	0
621	0
0	0
64	0
742	126
35	0
0	2
3	0
0	0
7	0
14	0
0	0
315	0
309	0
526	186
245	186
17	274
55	18
0	0
25	0
0	0
0	1
1	1
0	0
0	0
0	0
1	0
0	0
0	2493
6	1
0	0
39	663
6	0
114	0
14	0
6	0
0	0
20	0
0	0
535	664
8	12
1	0
2	0
17	0
2	0
2	1
2636	0
16	0
3	1
6	39
0	0
1978	9
0	0
1303	672
17	34
24	0
0	0
1969	4767
2	0
0	0
364	89
1	143
1218	4705
1314	483
25	0
15	62
0	0
4	0
9	145
2021	377
2168	62
0	0
21	0
603	1321
9	1321
8387	46
0	0
0	0
5	3
25	0
0	0
0	0
0	0
0	0
0	0
22	0
94	1
0	0
0	0
2101	670
67	670
574	131
45	131
0	0
0	0
3	3
209	0
6	3
0	0
0	0
10	0
0	0
5	0
0	0
269	0
56	0
2987	1
15	3
0	0
17	0
16	40
2	0
11	0
0	0
2	0
0	0
2	0
0	0
8	0
0	0
2	0
0	0
23	0
6	0
0	0
0	0
2	0
987	0
1754	0
40823	29983
316	29976
67	0
1	0
2456	1
5044	10
0	8
0	0
0	0
5335	1
9	0
1	0
0	0
69	25
0	0
0	0
11	0
37	16
0	0
1510	2432
0	0
817	2431
153	0
3977	1
15	0
3	0
0	0
2	9
0	0
0	0
0	0
0	0
0	0
0	0
5	29
1344	86
28	0
15	0
39	0
0	0
2	0
1852	0
23	0
6	0
514	0
142	106
19	5
1	0
0	0
13	107
4	1
7	6
4	2
316	437
0	453
1	0
0	0
5	0
0	0
26	8
2	0
68	558
0	463
0	0
0	0
2	0
1	100
0	288
13	0
1	269
4	25
0	0
0	0
33	9
0	0
25	519
0	1
0	672
100	111
9	6
7	0
78	0
0	0
0	0
1	0
2	168
14	1915
2	0
0	0
0	0
0	44
0	34
3	0
3	0
0	0
7	0
1	0
4	0
0	0
3498	0
2120	1039
0	0
4	1039
6062	2
11	0
0	0
33	0
0	0
3	0
38	0
42	166
2	6
0	0
2	0
1	0
1	0
22	1
6	10
3	0
0	0
0	0
0	0
1	0
2	1
0	0
8	0
1	0
50	42
28	0
81	15
5	1
0	5
0	0
0	0
0	0
1	9
0	5
0	0
0	0
0	0
2446	0
243	0
8	0
0	0
0	0
0	0
0	0
2002	667
21	667
0	0
4	0
753	0
0	542
2546	1
159	0
1591	0
5	52
21	52
1526	0
0	0
440	68
21	0
1	0
2	0
634	1
24	5
268	0
0	0
524	0
0	0
0	0
0	1
2	1
3644	0
3	0
37252	18
1	0
0	0
2	0
2	0
0	0
1	0
4	0
0	0
0	0
0	0
3	0
3	0
26	1
2361	40
1	0
115	2
463	0
460	172
178	146
0	0
255	38
228	18
16	0
69	54
1	0
31	2
0	0
0	0
0	0
0	0
5	0
0	0
1	0
0	0
0	0
0	0
7	0
8	0
2	0
134	130
2	128
0	0
82	0
29	0
5665	3
41	2
0	0
14	0
119	1
10	1
2	0
0	0
95	0
0	0
2	0
0	52
0	0
828	0
2	0
0	0
879	0
23	2
0	0
0	0
740	0
39	3
1674	0
55	0
2159	0
105	0
1	0
0	0
4	0
7	0
1	0
0	0
0	0
19	0
4	0
5	0
4	0
8	0
31	0
2	0
3	0
0	0
0	0
0	0
0	0
0	0
0	0
8	1
0	0
19	0
15	0
0	0
0	0
1205	0
12	0
0	0
0	0
2700	403
23	25
7	29
0	0
27	16
0	7
0	0
0	0
289	3511
1	0
0	0
1182	0
25	0
590	0
6	0
5	0
0	0
374	0
0	0
13	0
6875	0
20	0
17	1
8	0
1	0
10	0
2	11
0	6
0	26
44	11
2	6
0	0
46	0
0	0
362	0
9	2
10	2
0	0
0	0
0	0
0	0
9	0
0	0
5	0
0	0
1	0
0	1
0	1
474	0
828	0
0	0
582	1588
17	0
0	0
0	14
243	2088
13	0
64	723
29	226
656	226
40	0
2722	0
0	0
16	347
417	347
2	0
9	0
7	0
0	0
0	0
1237	0
1804	3035
0	0
0	0
2	0
0	0
15	0
0	0
0	0
2	0
0	0
0	0
0	0
0	0
2415	4910
2	2
623	1475
1	1475
0	0
0	0
0	0
1645	0
810	319
291	319
10	2
1	0
11	0
8750	0
34	0
9	0
3	0
5	0
0	0
0	0
0	0
23	0
105	61
118	61
1866	3
15	0
3523	0
10	0
1778	0
0	0
0	0
0	0
3	0
1	0
43	0
6	1
0	0
2	0
6	0
0	277
0	79
31	234
6	99
5	0
0	212
11	19
3	15
0	0
1	0
2	0
0	0
8	0
35	15
3643	1
1	0
23	0
791	251
245	251
0	0
75	0
47	0
0	0
0	9
4356	0
26	0
1	0
28	0
0	0
21	0
0	0
229	0
0	0
0	0
0	0
0	0
690	306
7	306
0	0
2	1
0	0
1329	3247
13	0
6	0
17	0
0	0
2	0
0	0
3	3
1	0
0	0
0	1
0	0
11	0
18	0
15	0
0	0
0	0
239	0
1425	0
0	0
1	0
1	0
797	0
0	0
27834	7
1	0
0	0
0	2
0	0
11	0
0	0
0	0
437	0
1339	0
7016	2
16	0
4274	3
1	0
2287	2
9	0
0	0
21	0
938	5279
5	18
195	36
13	0
125	91
28	0
7	0
9	0
3	0
623	413
208	412
0	0
775	18
2199	19
36	1
229	0
0	0
318	0
0	0
4990	32
0	32
0	0
2309	1
310	1
0	0
606	0
7	0
4	0
0	0
0	70
5	0
1	0
0	31
0	1
0	22
0	32
0	32
275	0
0	0
0	0
1329	0
3	0
1	0
15890	6
1	5
7	5
4	0
3	0
50	277
8	277
0	0
3810	0
1	0
33	0
0	0
3	10
0	10
0	0
575	0
145	0
0	0
0	0
1	0
5270	0
599	0
94	5
693	7
5	7
34	5
12	0
0	0
0	0
2	0
0	1
0	0
0	0
0	0
1	0
1	0
0	0
0	0
6	0
0	0
0	0
0	0
1	0
0	0
35	5
13	2
0	0
7	0
0	1
3	2
1	0
3	0
1013	0
2462	0
74	0
0	0
9	0
1	0
1225	49
3	49
0	0
0	0
0	0
3	0
25	42
15	86
2	0
836	8484
0	0
0	1
2	0
2	0
6	0
17	4
0	0
0	3
8	87
503	7961
0	0
1	0
4	0
0	0
0	0
18	0
0	0
0	0
0	11
0	3
34	50
11	0
1078	8025
152	0
19	0
0	1
0	0
0	0
14	8
0	0
5	0
35	0
1	1
1	0
33	8
0	0
0	0
0	0
4	0
2418	0
7	0
2723	2
0	0
0	0
0	0
7	1
3	0
0	0
1517	9242
52	41
0	0
0	0
0	0
0	0
0	0
5	0
0	0
0	0
1698	6510
14	0
1	0
1	0
7	0
1	0
3	0
0	0
37	30
2	0
1	0
0	0
6	0
0	0
0	0
1477	0
1	0
3152	1
13	0
0	0
147	0
13	912
8563	912
5	0
4	0
0	0
8040	4
2084	0
19	7
4	0
0	0
1920	0
0	0
1	3
0	15
0	0
0	2
15	0
1	2
1	0
0	0
0	6
0	50
0	2
0	15
0	0
6013	0
0	0
86	0
1396	0
1449	0
2	0
0	0
0	0
5	0
9629	8
2935	1
1075	0
18741	11
0	0
0	0
14307	9
1	0
2042	1
570	0
264	0
13537	2
34	0
3283	1
1	0
0	0
110	1174
3968	1483
2	22
1	3
6	21
2712	1
0	0
86	696
7593	4
36	0
460	3
4	0
0	0
0	0
3443	1
2	0
23	0
0	0
0	0
11	0
6	0
0	0
22	0
723	22
0	0
1140	1
402	94
12	94
98	63
3505	282
1	0
248	1
5	0
3218	224
0	0
338	9
227	1
302	224
1095	407
205	407
5110	3
249	0
9	85
966	328
68	243
892	0
62	433
38606	7265
236	175
12104	2932
145	10041
7749	11160
8	0
1816	0
1	0
804	622
143	622
344	0
4469	2
1592	1
7312	2596
81	2593
7	0
3038	2
5	0
31	0
222	0
4793	2
3	0
1089	0
0	0
263	0
189	0
0	0
4	0
0	0
58	0
1	0
6	0
21	0
1	0
57	119
1142	119
1820	0
255	396
1609	396
657	807
586	805
2079	0
4	0
236	0
1	0
1	0
1	0
3214	1
5482	0
0	0
3672	1
795	0
0	0
0	54
1198	54
0	0
0	0
571	2
0	2
12	0
14	0
0	0
2	0
0	4
3	0
11	0
1	0
1159	0
0	0
0	0
0	0
62	0
7	0
6447	4
2213	526
13	2
6	524
34	88
569	88
29	0
41	0
9	0
0	0
80	163
802	163
829	1
11	0
5	0
3148	71
0	0
1354	71
0	0
1	0
1453	0
3	0
46	7
0	0
3076	0
4111	4655
52	4657
1	1
66	3
5882	3
27	0
167	0
485	0
1	36847
0	0
176	158
224	167
0	0
1	0
0	0
0	0
0	0
0	0
0	0
803	0
0	0
309	1
23	1
0	0
1569	1
109	0
0	0
1	0
0	0
0	0
0	0
0	0
0	0
0	0
0	0
0	0
0	0
0	0
0	0
10	1
3231	3
0	0
0	1
0	0
2020	4
0	0
2	0
1	0
0	0
1	0
0	0
79	1092
618	1092
0	0
92	0
61	0
605	1
956	0
1	0
699	0
276	0
5820	0
1087	0
0	0
648	0
431	0
874	0
0	0
13	0
418	0
8992	3
48	0
3535	2
139	1
12	0
3138	0
382	0
0	0
1148	0
7	0
0	8
0	0
532	0
2	3
2713	1
6	0
107	0
15	0
1	0
5051	0
0	0
0	0
0	0
83	0
2	0
121	264
307	264
34	0
27	0
117	1
6147	1
0	0
828	1
60	1
4824	3
7	1
0	0
0	0
4	0
2304	1
2958	0
10919	3
15	0
1690	0
95218	32
617	36
0	0
1	0
1	2
0	2
5810	0
1	0
2	0
3	0
3	0
1	1
1096	1
17	1
15	0
32	0
41	0
8	0
125	0
0	0
5	0
3	0
3	1
1	0
9	0
0	0
20	1
0	1
1	0
31	0
0	0
839	0
760	344
10	344
7	0
0	0
0	0
0	5
0	0
0	3
0	0
1	1
0	1
513	0
9533	7
7	6
0	6
0	0
898	0
43	1094
3796	1678
5	15
20	25
0	6
3	0
1284	1
1	0
1	0
16	0
0	0
0	0
737	32
150	24
161	0
0	0
849	0
2183	1
0	0
2667	1
10	0
550	0
102	290
88	290
5840	4
7	0
45587	7
22217	8
0	0
12098	7
4461	1
859	591
753	591
0	0
14	0
0	0
2767	0
7	2
29	16758
162	70353
161	673
46	673
177	121
393	222
68	1616
1439	1515
13596	70147
19	0
2455	2
406	0
1	0
13	0
14	0
0	0
2	0
1	0
2	0
0	0
0	0
6	0
65	1
183	0
4	0
4362	3
0	0
0	0
0	0
262	103
1340	103
9	0
1	0
0	0
0	4
0	4
5004	53
2	0
22	48
0	0
0	0
790	4
32	0
7	0
8	0
0	0
130	0
1	0
1434	3
1	0
1826	0
106	145
1	145
6	1
170	1
180	0
4	0
133	0
19	0
26	0
55901	52
587	34
408	0
2172	0
0	0
570	1
0	0
1196	1
2933	0
10612	4
3739	47
55	47
271	0
0	0
1258	0
0	0
16	0
3	0
117	0
359	1
0	0
2801	2
2	0
1050	0
990	0
1117	0
3819	2
2	0
0	0
1	0
0	0
1497	0
0	0
0	0
14	3
908	0
522	0
27	3
0	0
0	0
3	0
10	0
14	1
57	39
0	0
18952	0
4	0
0	0
0	0
1265	0
60	18
392	0
3902	0
27	0
5	0
0	0
0	0
3630	0
8338	5
908	82
9	82
3972	1
3	0
0	0
0	0
1	64
16	148
0	0
0	0
0	0
0	0
0	0
0	0
6	0
0	0
13	0
1923	2127
34	2126
33	0
609	0
0	0
49	1
2977	6
152	0
0	0
843	1
0	0
362	1
454	0
5918	2
1	0
0	481
0	46
187	0
0	0
448	0
0	0
0	0
673	832
3	832
1777	0
2627	0
0	0
0	0
64	66
30	66
72	130
542	127
1272	496
3	495
5	0
0	0
70	0
230	37
335	38
0	0
5	0
1402	2162
6	2160
0	0
1009	1
91	0
2004	1
2	0
8	0
0	0
0	0
4	0
5	0
0	0
51	0
0	0
2	0
0	0
3	0
9905	1
0	0
88	14
22672	4
0	1
6	1
2283	0
3599	0
0	0
6153	0
22	10
585	0
1	0
2565	1
2518	0
3416	1
25	0
58	548
919	548
503	440
61	440
360	0
440	0
10566	1
81	134
5	134
33	0
3975	872
2002	166
2746	0
194	0
0	1
17	26
1	0
0	0
0	3
1	7
3	0
0	0
16	16
3	5
0	0
6	1
5581	3
1	0
720	69
23	69
0	0
143932	55
4215	0
0	0
0	0
454	0
266	614
743	1229
0	1903
2	874
29	612
1329	2278
1	1955
881	170
0	4
1833	1956
0	0
402	1426
4544	437
6	20
0	410
0	409
8	22
181	36
10	0
6	36
2110	1
0	0
0	0
296	0
0	0
809	0
16556	1152
1	1133
35	1
135	12
760	0
2	0
0	0
0	0
428	0
653	1
0	0
102	159
830	159
839	0
99	0
5159	2
1614	0
1115	0
21	0
2218	0
851	9
3	9
4	0
1624	1
0	0
18	22
1	22
9111	2
0	0
7	1
3356	1
1687	0
108	0
10	30
5	22
10744	4
103	2
0	0
4	0
0	0
105	0
3034	3
74	0
0	0
0	0
0	0
0	0
2	28070
6	340
16	0
1149	0
282	0
0	0
0	0
0	0
61	78
846	218
112	140
24	16
0	1
3	0
0	0
0	0
994	0
0	0
3	0
383	0
0	0
0	0
0	0
3410	3
0	0
65	376
0	0
1158	0
133	60
29	0
623	60
6	0
198	0
744	3322
11289	3322
0	0
0	0
0	0
222	0
0	0
121	0
3	0
361	413
2	412
1305	1
0	0
2493	0
0	0
371	0
1	0
0	0
2029	0
3	0
145	0
0	0
0	0
0	0
1999	0
0	0
7	0
2	0
0	0
0	0
309	31
16	31
0	0
95	0
0	0
0	0
0	0
189	1
4	0
4	0
0	0
0	0
15	829
505	829
15	1
0	0
1	0
1703	0
0	0
1105	1
1	0
0	8
3041	2
7	0
7	0
4599	344
6	0
3	0
0	0
0	0
1	0
0	0
36	344
0	0
7	0
4	0
8046	4
4	1
87	1
508	149
9	149
0	0
8962	4
28	0
10	67
831	67
0	0
1612	0
67	0
26540	19
255	7
2964	1
28	477
1728	478
51	0
0	0
2700	7
23	7
1700	2
34	89
3670	90
0	0
2431	1
3458	1
0	0
1540	0
0	0
0	0
43	0
1190	4
5397	6
0	4
938	2
0	0
0	0
3	0
8	0
0	0
0	1
1	0
1804	1
255	0
4	0
404	0
0	0
0	0
830	0
12635	1531
0	1527
396	0
7	0
7696	3
5	0
9	4
3	0
0	0
105823	42879
476	42844
14	0
0	0
0	0
41	43
228	43
1028	2
1863	0
70	432
3293	434
0	0
3	0
3	0
953	0
41	0
4	0
11	0
1	0
0	0
0	0
0	0
0	0
0	0
5901	1
839	0
840	0
0	0
0	0
4	1
1	0
0	0
0	0
0	0
0	0
146	0
3	0
762	80
0	0
4	80
382	5
10175	7
2232	297
0	0
8	254
0	0
18	57
0	0
8	15
2	7
1	12
1	1
0	1
0	2
0	0
95	0
3	0
4	0
0	0
5	0
332	54
31	54
1433	182
2	140
0	0
0	0
0	0
2	0
0	0
4186	16349
4	16349
0	0
0	0
25	2
14	0
222	0
16	0
2	0
909	0
1	0
354	0
0	29
134	29
0	0
0	1
46	0
0	0
117	3
670	1
467	0
3	0
2	3
6	3
1	0
5195	3
431	0
0	0
2050	1
361	324
106	324
45	0
4	0
157	0
238	10
0	0
0	0
4108	2
3	0
1857	0
1796	2
478	1575
493	1575
1009	0
0	0
876	0
30	0
0	0
0	0
48	0
652	156
24	157
18	0
2	0
32	0
0	0
0	0
67	0
475	0
7881	5806
7	5804
0	1803
2405	1804
2086	0
3298	3
9459	1
0	0
1551	1288
439	1288
0	0
0	0
3	0
265	0
0	0
1669	0
278	0
1	0
0	0
279	0
9046	1
1	0
15	0
516	0
187	0
0	0
5201	10085
1	10084
0	0
0	0
0	0
4	0
436	0
60	0
2	0
1037	0
323	0
3	0
1	0
52	3
5	0
4	0
1646	0
0	0
0	0
2	0
0	0
672	34
555	34
904	285
215	285
0	0
0	0
0	0
0	0
0	1
0	0
0	0
0	0
1045	2
0	0
542	0
482	0
0	0
0	0
0	0
4456	1
1136	0
1	0
808	0
0	0
2942	1
362	0
11	0
286	0
0	0
847	9
0	9
15433	854
31	853
0	0
0	0
18	0
0	0
0	0
2	0
62	0
6	0
2	0
2645	1
0	0
0	0
1	63
14	0
887	0
0	0
1	0
46	0
6	0
5	0
11	0
2	0
12	0
1	0
1	0
0	0
0	0
0	0
0	0
57	0
0	0
0	0
106	428
1761	5451
0	0
8266	5024
167	0
48	2
4297	3
14	0
2326	3
19733	4
877	0
1	0
2	0
2851	0
484	0
2808	1
0	0
2	0
1528	0
0	54
1312	2
24	327
195	0
293	0
1	0
0	0
0	0
77	0
0	0
545	0
290	29
53	0
0	0
0	0
0	0
90517	25
0	0
2	0
2	0
8	0
66	0
0	2
0	0
6	2
0	0
2	2
10	0
0	0
6	0
1	0
1	10
0	0
31	11
60	11
272	0
0	0
0	0
0	0
0	0
0	0
434	0
19	20
545	22
0	0
3	0
0	0
0	0
1341	0
2	0
0	0
2636	185
32	9
35	176
0	0
927	0
3	0
0	0
0	3
59	801
46	12
11	3
1	0
396	801
0	0
3	0
15	12
1995	0
429	0
70	0
10	0
17	0
490	0
3172	0
400	0
262	0
87	0
4	0
297	0
2456	0
3	0
1	0
0	0
337	0
21	0
497	0
590	0
35	244
0	0
567	0
13	0
13	1
1	0
5	0
7	15
0	0
2	0
0	0
0	0
29	0
2	0
2340	1
0	0
685	0
986	1
0	0
1444	0
10	0
995	456
166	454
22	0
184	45
228	45
7	0
6	9
2113	0
8	0
79	0
2	0
1	0
3	0
0	0
0	0
0	0
1324	0
53	0
6	0
11	0
0	0
1	0
26	0
3134	0
10	0
20	0
0	0
5	0
0	0
2913	0
0	0
202	0
7	0
0	0
1151	0
3651	0
36	132
8	132
9269	4
22	0
0	0
2	0
2	0
1887	0
125	0
0	0
2262	0
6	0
2	1
2299	3
1	0
0	0
10	0
0	0
0	1
0	0
0	1
0	1
943	0
0	0
375	0
8	0
4	0
133	0
3	0
1648	0
0	0
147	0
2	0
148	0
0	0
0	0
0	0
1	0
0	0
1212	0
1	0
148	0
1	0
0	0
4067	2
5328	2
0	0
2434	0
85	0
193	0
0	0
3696	0
19	0
1818	0
4898	2
0	0
0	0
0	0
38	0
538	0
0	0
0	0
34641	15
2589	0
17	0
0	0
4537	0
0	0
1665	304
10	304
8	0
38	0
0	0
4815	1
0	0
0	0
0	0
196	0
0	0
0	0
0	0
6071	141
0	141
0	0
1681	1
2555	2
0	0
0	0
8	0
14	0
2056	0
3	9
0	83
0	272
0	0
3912	1
0	0
9	0
7	0
0	0
4	0
1	391
42	391
0	0
0	0
6	0
2	0
0	0
0	0
0	0
1114	0
5	0
0	0
0	0
1054	435
97	435
4227	0
4	27
0	27
413	208
6	0
0	0
0	0
0	0
0	0
4979	209
0	0
0	0
4	0
0	0
1753	0
0	0
7	0
0	0
5	0
2	0
51	0
289	0
3	0
0	0
0	0
2	0
35816	22502
4	22498
5092	1
0	0
1081	0
684	0
89	0
38	9
2996	0
5853	6872
10	6869
0	0
0	0
7	0
110	0
53	0
3	3
519	106
68	106
0	0
0	0
1	0
3	0
1	0
0	0
5	2
8	0
0	351
63	139
0	0
0	0
2091	0
9	0
7	0
6	0
120	0
0	0
275	9
30	19
77	9
0	0
0	0
2	0
1	7
0	7
1475	0
2374	0
12	0
1933	1
0	0
296	0
0	0
2071	0
625	0
9	0
0	0
2	0
3	0
0	0
4	0
26	0
921	0
8	1
0	0
1	2
1367	1889
3	0
67	0
51	0
122	1889
22	5
4	0
81	398
0	0
25	0
1258	0
1537	4492
0	0
214	0
7	0
9	4492
0	0
0	0
3736	2
12	4
0	0
0	0
11959	3
12026	3
12819	13
292	8
248	0
24	27
0	27
2	0
0	0
0	0
0	5
516	418
5	418
0	0
0	0
0	0
276	31
55	35
2	0
3588	1
0	0
216	0
0	0
1041	0
0	0
0	0
4061	1
506	0
346	127
24	127
0	1
370	21
5	21
5	0
502	0
15	183
136	119
164	237
1309	0
306	2
0	0
1720	920
16	920
476	17
3	38
187	106
14	106
0	0
3427	1
9	0
2016	1
380	4
2	0
0	0
7	0
0	0
11	2
8	0
15	0
0	0
6900	1
681	1
0	0
4	1
55	0
1387	476
51	475
4033	0
852	0
0	0
3988	3
7	0
0	3
18	0
8	0
11	8
0	0
938	0
2	0
3374	428
65	426
6	0
0	1
2	0
6	0
7	0
9	0
7	0
0	0
4	0
2125	2
0	0
0	0
0	0
0	0
0	374
0	0
1	4
11	525
192	136
0	0
78	118
2290	486
3	0
0	0
0	0
1270	105
50	0
70	104
1163	0
0	0
5206	108
0	107
2015	1
0	0
897	0
1558	0
4	0
3	0
81	0
0	0
0	0
0	0
224	0
507	0
2517	0
0	0
0	0
11119	11
7	4
6988	0
4	0
0	0
0	0
8	0
4	0
9	0
10115	6
1	0
0	0
0	0
0	0
4	5
1258	5
4	0
68	0
0	0
3330	0
0	0
0	0
873	315
20	314
1	0
0	0
6299	3
3816	0
0	0
9	0
6	0
52	0
0	0
0	0
9	4
11	14
1503	1
0	0
1888	0
3	0
0	0
53	0
16	0
0	0
0	0
5	0
10049	2
0	0
3	0
0	0
0	0
0	0
0	0
0	0
0	0
0	0
0	0
4213	0
41	6
0	0
338	0
721	0
58690	26
0	0
0	0
2681	1
7764	1
0	0
6	0
0	0
28	8
4	0
0	0
3520	1
2047	1
0	0
1	1
0	0
20	0
446	0
0	0
4	0
1808	1
6879	1
944	0
0	0
4	0
345	0
137	3
3498	6
0	0
1	0
2454	0
12	0
0	0
0	0
0	0
322	1
13	0
1476	0
2990	2
188	19432
4974	6
0	0
3583	0
2994	0
499	19433
1628	3183
0	3182
619	0
1	0
0	0
0	0
0	0
0	0
1	0
0	0
8406	1929
0	1816
0	4
3	4
12969	2
0	0
8796	1513
0	0
0	0
0	0
1959	0
2	0
7	8
1	0
0	0
3	0
0	0
0	2
0	0
150	1716
0	779
4	0
0	0
61	0
239	7028
71	61
12	3
0	0
4	0
25	152
20	16
2	1
3	5
0	0
0	0
634	460
10	44
1	0
1	1
112	438
0	0
4	0
577	5
5	0
0	0
0	0
18	1209
131	189
0	0
0	0
57	354
0	0
0	1673
0	0
0	0
3	0
2	0
0	0
4	0
43	68
0	0
298	4031
0	2043
0	0
713	1552
0	0
2	0
0	0
0	0
0	0
0	0
323	0
138	0
0	0
0	0
0	16051
1	17
1575	0
5	0
0	32
651	4525
395	237
766	0
667	0
146	0
1940	0
4	0
3	0
2	0
1	1
0	2
10	0
3	0
0	0
8	0
207	0
0	0
0	1
447	0
17	0
3	0
1069	0
3432	0
1122	90
0	0
0	90
74	94
1521	94
1034	1
0	0
0	234
2423	1
3083	1
0	0
1	0
46	1
1	0
627	1
3	0
586	283
71	282
60	0
2347	459
1	0
7	0
16	0
32	0
38	650
4540	652
3	1
206	0
0	0
0	0
124	134
20	131
2176	4
3	1
0	22
0	0
0	0
3363	1
0	0
0	0
0	0
3068	1
4	0
10	3
15	122
580	122
2	0
1	0
1226	0
0	0
0	0
27	0
495	1
481	1
1	0
270	0
730	1
0	0
176	1582
2214	1583
1	0
38	0
0	0
2740	46
0	46
0	0
4601	3
11	1
0	0
1	0
608	0
2	0
16	0
1508	0
8	0
77	0
3	0
26794	8
2073	0
35	2
0	0
548	1
412	0
8690	3
25	0
0	0
0	0
0	0
0	0
9	0
0	0
3	0
226	0
15	0
0	0
2621	0
4	3
7799	2425
1	1
0	0
1	0
0	0
17	2
4	2
750	0
2	0
0	0
0	0
0	0
0	0
317	642
0	0
8	0
0	0
0	0
0	533
34	678
0	571
0	0
60	742
0	0
0	233
0	598
0	0
0	644
0	10
20	2
31	611
0	222
20	0
3	0
6317	4
1	0
4	0
0	0
326	0
2	0
0	0
0	0
3268	0
1	0
0	0
1439	39
15	39
0	0
0	0
707	0
3	0
11	0
54	161
1033	161
1	0
3	0
3	0
0	0
640	0
0	0
0	0
5	0
284	0
43	0
0	0
0	0
5	0
720	0
0	0
0	0
0	0
1666	1578
7	1577
7997	634
70	634
46	0
1	0
0	0
2	0
0	0
0	0
0	0
0	0
8	1
1947	1
19	0
1	0
2	1
4454	1
0	0
126	73
4	0
6	0
0	0
3426	0
2	0
5	4
0	0
0	0
11583	8719
0	8718
1	0
0	0
5	0
13	0
7	5
13979	2
0	0
9	0
2	0
0	0
1	6
279	0
5	0
1	0
5	0
0	1
0	0
1	13
7	526
2802	527
0	0
0	1
0	0
0	1
0	0
8	0
2784	904
0	901
0	0
5	2
1	0
0	4
0	0
100	0
282	0
0	8
3	8
1950	2
0	0
3	305
0	1
25	1
0	0
3	0
3310	0
1181	0
0	0
31	6
5	0
0	0
3	0
2109	0
0	0
0	0
0	0
21	0
0	0
1	0
3	0
0	0
0	10
0	0
15	0
0	3
0	2
3866	1
0	0
51	126
1339	126
18031	2
0	12
0	22
0	0
11	0
0	0
0	0
19	25
4209	527
299	526
1	0
2	0
19	0
5770	360
22	359
9	0
6	0
0	9
0	0
0	4
0	1
0	0
0	0
0	0
4	5
1258	2
4	0
0	0
8	0
7	0
0	0
0	0
0	0
1	0
51	0
3527	0
0	0
1	0
0	2
1	8
9	0
0	0
0	0
2057	0
0	0
1	0
3	1
22359	10
49	3
0	0
1799	2325
24	2323
7	2
0	0
4	4
0	0
0	0
0	0
11	4
4	0
6318	2
0	0
0	1
12	0
0	0
0	0
10	0
1505	0
95	41
6	0
0	0
0	2
0	0
1	1
6	39
5	98
357	98
0	29
1	0
5226	2
9	0
0	0
0	0
0	0
27	0
4	0
5	3
6	0
0	0
2973	2
0	2
0	0
3	0
0	0
0	0
2	0
1	0
0	0
4	0
5	0
15	2
0	0
584	0
1	0
0	0
0	2
0	2
1533	1672
29	1672
0	0
0	0
0	0
2	0
0	0
861	0
1	0
1844	0
0	4
0	1
0	0
1446	0
586	0
173	0
0	0
0	0
0	0
1	0
0	0
0	6
0	0
3	2
0	0
7	1
652	0
0	6
0	0
2	0
0	152
467	0
0	0
0	25
0	6
0	88
2629	3
0	0
11	0
1160	100
0	6
106	2
71	99
20	0
0	0
1	73
0	238
0	50
6	0
2	0
1	0
0	2
8145	3
3	0
2171	2
0	2
1	3
0	0
1	13
628	708
8	708
0	3
7	0
0	0
7	0
17	0
514	0
0	2
2762	466
312	465
0	0
1	0
0	0
2	7
0	0
0	1
1283	0
0	0
0	0
0	0
1	1
0	9
5	2
0	0
0	0
0	0
2	0
1	0
0	0
737	157
3	156
934	0
35957	16
2	1
0	0
0	0
2	0
24	0
900	1
0	0
0	0
4	0
7	13
1	0
0	2
6	0
2	4
2	32
28	32
0	148
2	46
0	19
2224	2
0	1
1	0
0	0
1	0
0	0
0	0
0	0
40	0
0	0
2	0
0	1
0	0
0	0
0	0
1324	0
4	0
241	0
0	0
221	0
0	0
0	0
0	0
0	2
12556	0
0	0
1	0
0	0
0	236
2	0
0	0
0	0
0	0
0	0
1	5
0	0
0	0
3314	1
0	0
411	0
792	538
0	538
4	3
7	7
9105	5
13	0
0	0
1	0
0	0
451	242
6	242
0	2
0	0
94	0
15	0
4	7
1	0
11	0
1796	0
1617	0
1	9
590	0
482	0
0	0
46	1
58	0
62	23
0	0
8	2
2	0
1861	0
0	0
0	0
0	0
15323	6
0	0
2070	1
4	0
6	4
129	1
5	0
1	0
0	0
398	0
1	0
8	0
0	0
1	0
0	0
0	0
0	0
916	0
0	0
0	0
6	0
17	0
0	0
0	0
2	0
4	0
0	0
5	0
0	0
0	0
2	0
139	0
0	0
0	260
0	124
0	108
328	0
0	82
1	48
1	33
0	5
0	0
0	0
3	0
0	0
0	0
0	0
0	0
0	0
514	546
0	546
4	0
5	0
4	0
0	0
0	0
0	0
0	0
221	1
111	0
1	0
150	0
913	27
37	27
0	212
0	0
3149	213
5	0
9	13
0	0
0	0
8905	0
1	0
774	0
634	0
2	0
0	2
0	0
6	0
13	3
4	0
29	0
25	22
0	0
0	0
1957	0
0	0
0	3
1676	0
1	0
19	0
0	0
1457	9
1	0
3	8
0	0
9482	10
11	0
0	0
6	0
0	0
37	0
13	0
3	4
1	1
0	0
69	0
6	2
128	66
70	66
7	0
694	514
53	514
3	0
0	0
8	0
0	0
0	0
0	0
0	0
2	0
8	0
2	0
1	0
9	0
0	0
0	0
0	0
0	0
0	0
182	0
0	0
27	13
0	0
1142	0
24	0
14873	3
5988	2
3	0
0	0
2	1
5	0
0	0
7448	3
6514	1
0	0
10	0
0	0
0	0
1907	0
0	0
453	0
0	0
824	1
102	288
2	288
0	0
114	0
0	0
0	0
13	0
3494	0
0	0
1511	0
625	1
34	2
1	0
22	0
1492	0
6	0
0	0
0	0
370	36
0	36
0	0
1	0
69	0
11	0
187	0
0	0
417	0
2	0
0	0
0	1404
0	3
15	511
0	0
131	29
0	0
1150	876
19	876
10	13
0	0
202	1
33	0
13	106
90	158
848	158
0	0
669	0
0	0
0	0
37	3
22938	5
0	0
212	0
1320	0
1	0
2	65
660	0
9	6
1	0
2	0
987	0
119	0
1	0
1610	1
0	0
0	0
3	0
5	0
75	0
185	37
336	0
0	37
0	0
275	0
8	0
11	0
1202	0
4	0
90	0
66	0
8	0
5	0
1452	0
0	0
902	436
7	436
0	0
1	0
4	1
0	6
3	340
4	0
5936	0
0	0
2239	0
16	3
537	0
13962	4
14	0
1	0
0	0
469	0
0	0
11	1
71	0
0	0
729	0
0	0
436	0
0	0
359	0
5	0
7	0
2315	1
1	0
27	0
1896	1241
37	1240
4909	0
0	0
51	0
498	1
0	0
62	85
135	57
11	57
7	0
6	0
4497	1
1678	0
15715	5
4	0
8	0
1924	1
340	0
47	1
12	0
1	0
18	0
440	0
0	0
0	0
11	0
0	0
8	0
0	0
0	0
36	0
0	0
2	0
1	0
9	0
7584	0
43	0
1	0
6	0
0	0
0	0
0	0
22	1
903	0
0	0
0	0
0	0
1557	0
35	5
14	6
2145	7
0	0
2	1
0	0
833	0
4	0
0	0
267	0
0	0
0	0
0	0
0	8
0	0
0	0
11342	4
1	0
0	0
0	0
0	0
1	0
215	0
23007	8
0	1
0	0
1	0
2	0
0	0
6	2
0	0
70	0
0	43
4272	43
1966	0
0	0
779	0
727	0
8	0
3554	2
2	0
5	0
48	0
1	0
0	0
5681	1
1222	6191
0	0
0	0
11827	6193
3	0
122	0
1235	2
7	0
10	14
0	0
289	4
0	0
16	4
213	0
0	0
1	0
4	0
16	4
4	0
152	0
12	0
1264	1
58	7
13925	12
0	0
9078	5
4	0
0	0
0	0
0	0
39	0
89	0
274	0
2215	0
1	0
58	2628
4585	2629
3	0
0	0
20	0
15	2951
2553	2951
0	0
1	2
0	21
369	290
198	290
0	0
2303	1
2	775
9	0
0	0
22	0
1371	4
21	0
0	197
0	0
0	0
3957	177
86	185
0	0
1054	2
1	0
3	0
1771	1
2	0
1	0
3	7
555	7
0	0
1	0
3	0
0	0
154	0
172	352
5	352
0	6
0	0
27	81
199	81
531	6
0	0
780	0
0	0
70	0
120	8
1	8
0	0
43585	10
0	0
13	0
4008	2
6122	0
0	0
0	0
95	0
929	0
36	0
49	0
4418	77
2	75
0	0
1	0
11114	5
4454	1
5	0
515	424
2	0
279	448
0	0
0	0
0	53
3360	3
1199	1
0	0
1311	0
4	9
0	31
247	0
81	0
0	0
0	0
79	0
282	0
150	10
45	7
15	3
784	0
16234	4
0	0
1662	0
231	0
0	0
0	0
2278	0
1	0
0	0
0	4272
0	0
582	4272
1	0
10305	6
6139	3
3104	4
447	0
135	0
0	0
3	0
21	2
794	3
0	0
0	1
349	121
0	121
0	0
5927	0
40	0
0	0
13028	5
2	0
0	31
797	0
0	0
3251	0
276	21
127	20
0	0
278	0
10052	3
0	0
3	0
0	132
45	541
0	0
330	541
1	132
0	0
0	0
8409	8
29	6
225	262
59	262
1318	248
18	0
23	248
422	0
186	0
0	0
257	0
584	0
0	0
16394	8
0	0
39759	11
9	0
0	0
0	0
25	0
6	1
0	0
0	0
40	0
101	0
2271	1
25	59
73	62
0	0
1988	0
0	0
0	0
6	21
521	69
0	0
0	0
441	0
328	47
0	12
2123	14
11938	4
107	0
0	0
0	0
0	0
4	0
573	226
0	226
1	0
1	0
1631	0
3	0
23	0
1	0
1672	3
0	0
5	0
0	0
0	0
0	0
0	0
2361	0
0	0
7	3283
9	0
2	0
486	0
1	3
0	456
5	4
0	0
0	630
1018	0
2107	1
5807	6
23	169
878	171
16	2
601	0
0	0
1	0
0	0
1	0
98	0
2738	0
1	0
1726	0
1813	1
9	0
1801	0
3423	1
2	0
871	102
13	101
0	0
13	0
3987	0
0	0
0	0
0	0
43	0
0	0
33	0
0	0
1099	0
62	104
22	0
54	191
0	191
145	0
0	0
12414	0
87	0
0	0
1	1
1	1
947	0
4361	0
0	0
0	0
489	139
14	139
22632	8
0	0
1437	4
0	0
0	0
1535	0
3	0
0	2
0	0
118	0
1420	202
0	0
1	202
1380	13
39	13
10	0
866	0
243	0
1364	0
0	0
4993	3
1	8
0	0
296	1
3369	1
1	0
115	0
1	0
0	0
9	1
1517	0
3	0
2	0
1118	0
12	0
8	0
0	0
237	301
5	301
5	37
7054	38
1	0
17	0
2	2
62	118
1	0
10	0
1186	1
0	0
113	98
2	0
2464	17
527	1
1359	65
34	65
0	0
0	0
0	0
0	0
89	0
1	0
36	0
1930	1
3	0
4	0
0	0
583	0
0	0
3304	3
1	0
2966	0
7	0
25432	4
2326	2
516	0
0	0
24	3
150	0
24	0
3	0
294	0
0	0
291	0
3	0
1339	0
0	0
27	0
0	0
5	0
0	0
0	746
0	65
0	0
19	7
78	0
8	7
4	0
106	0
46	1
7	17
2	0
0	0
0	0
1	0
0	0
6	0
5	0
18	0
4716	3
290	1
0	0
1	0
3092	2
112	0
23	0
0	0
0	26
9	0
1153	1
35	26
0	0
1	0
0	0
2	0
924	1
0	0
719	0
0	0
2726	0
4	0
11149	4
61	0
213	22
5	22
454	0
0	0
1133	1
1	0
1085	0
174	0
5676	0
3	3
82	3
4	0
6844	4
173	0
9	0
1066	0
0	0
95	0
541	0
2967	1
687	0
1	0
480	0
0	0
132489	37
1887	2
47	0
1	0
0	0
0	0
440	1
152	95
16	95
101	0
2	0
2	0
160	110
10	110
13	1
86	0
21	12
53	12
9	0
0	0
82	0
1821	1
6	0
558	1
88	38
12	38
1020	1169
177	1169
2156	0
2	0
4	0
2	0
0	0
4498	13
2	0
350	66
3	64
0	0
0	0
18926	5
8340	3
192	1
8	0
10	0
0	0
433	0
1	190
2809	190
257	0
0	0
0	0
0	0
1597	0
10	0
24	0
1258	463
0	0
1	0
3	20
10	20
0	0
7	7
0	7
4140	1
80	0
326	73
48	73
1217	0
2	0
0	0
3824	2
1	0
19	0
1063	0
161	68
150	68
1	0
78	0
0	0
1535	60
9	0
0	0
30	60
321	0
0	0
117	156
1109	156
2	0
0	0
47	0
4	0
44	0
0	0
39	0
0	1
4411	463
5	0
7160	0
0	0
10	0
666	1
0	0
0	0
0	0
0	0
103	269
0	268
0	0
126	122
1577	100
14	0
63	1
0	0
3221	0
3624	922
5	135
0	0
1	0
0	0
0	0
2174	791
51	5
1461	0
4	0
2	1
26	0
0	0
502	87
49	0
0	0
4283	0
229	0
106	0
5189	5
480	0
200	0
189	0
142	0
0	0
38	0
90	0
46	0
173	0
0	0
49	0
0	0
140	0
1	0
1530	0
6875	0
713	1
747	0
0	0
742	0
0	0
5319	1
33	0
679	0
3129	520
283	520
1884	0
5	0
136	29
97	29
0	0
167	0
1	0
23	0
5	0
596	1
7560	1
3	0
4059	124
14	1
21	123
0	0
3243	3
18658	9
0	0
0	0
273	446
1276	723
0	1
1	4
46	277
0	0
0	0
229	0
5118	2
0	0
25153	6
0	0
19	0
10	5
0	5
11	0
0	0
893	1
1	0
127	0
646	1
0	0
0	0
2	0
1731	0
0	0
5	0
0	0
1583	0
0	0
19	0
60	0
124	0
0	0
0	0
0	0
0	0
1	0
154	0
6974	61
13	59
0	0
70	0
0	0
6	0
421	0
0	0
3429	0
0	0
0	0
0	0
1556	0
0	0
3	0
2	0
25	0
0	0
7	0
8	0
0	0
5	0
4	0
0	0
0	0
0	0
0	0
0	0
5033	3
0	0
106401	80
1862	55
601	0
1327	0
122	0
17	0
829	0
2	0
1210	0
1	0
0	0
80	0
0	0
1435	1
0	0
0	0
16	1015
4601	1015
0	0
799	0
10070	0
0	0
0	0
864	7
29	6
1063	0
4530	2
0	0
275	0
329	0
0	0
0	0
0	0
0	0
2849	1
0	0
6	0
5393	3
233	0
0	0
1459	0
2795	1
89	0
15	19
34	19
434	0
1157	129
4	129
1125	181
30	181
817	0
40	0
804	0
1205	0
37	0
0	0
8529	1
884	0
49	0
4	0
0	1
335	2
3225	0
0	0
565	0
16	0
20	0
241	0
1	0
81	0
18	2
33	2
896	0
359	0
0	0
30	0
0	0
0	0
1427	0
27	0
0	0
0	0
1	0
2321	4
264	4
1320	0
16	0
10260	4
0	0
6087	1
66	71
0	71
0	0
22	0
780	0
4	0
18	0
1	0
249	154
32	154
315	0
0	0
1738	0
299	0
1	0
594	0
0	0
405	0
0	0
1	0
864	0
215	0
9200	2
0	0
341	0
0	0
985	0
37	8
70	0
0	0
0	0
42	1
4707	1
61	0
1744	0
1	2
0	0
0	2
879	0
59	0
201	0
0	0
2178	1
6	0
5060	2
2	0
227	0
239	0
232	154
2535	154
1	0
3	0
0	0
6482	1
23	0
0	0
3224	0
1488	0
687	0
995	1
17	6
0	0
106	10
161	0
831	0
794	0
1	190
240	190
0	0
0	0
0	0
552	0
0	0
0	0
701	0
2	0
1729	0
0	0
2	0
1480	0
0	0
0	1
2688	0
77	0
5412	0
745	0
0	0
13	0
276	0
0	0
37	0
0	0
130	0
127	0
522	1
2	0
1048	0
0	0
1338	1
1194	0
0	0
4250	1
0	0
1	0
0	0
0	2
0	1
0	0
2	1
1	0
7	2
0	0
141	0
40	0
16	0
1	0
0	0
11	0
0	0
0	0
0	0
0	0
1	0
2105	0
0	36
0	1291
1185	0
1	0
14	0
2568	110
63	107
2254	0
52902	17
0	0
4	0
3444	62
0	62
0	256
15	4
8955	2
354	0
589	0
4	1147
2808	1148
1702	0
4362	0
0	0
1608	1
2	0
0	0
1	0
4	0
5	2
11	2
221	0
3	0
4387	1
8	0
101	357
8	357
0	0
271	0
6	0
2	0
2852	3
794	0
903	546
23	546
3	0
36	0
583	746
0	2
248	121
15	624
0	0
38	0
103	2
9520	4
3	3
592	0
272	0
0	0
0	0
0	0
1	0
26367	30615
4428	30602
0	0
0	0
4	0
6098	0
0	131
0	0
0	0
44	0
341	859
0	0
641	908
6	0
473	0
240	717
3	4
0	0
0	0
0	0
0	0
0	0
795	0
1	0
0	0
0	0
2	10
94	0
1	10
0	0
352	285
17	285
11	0
481	0
952	0
4	0
265	0
0	0
407	0
0	0
0	0
1515	380
26	380
1051	0
0	0
0	0
4	0
4004	0
305	341
20	341
4035	0
944	0
216	8
1	0
1	8
8	0
5573	4
862	0
630	706
454	706
267	0
0	0
2506	4
0	0
8271	4
5	0
40	0
998	2
518	0
0	0
1	0
0	0
0	0
2664	0
0	0
0	0
0	0
3	0
21	0
2498	401
0	400
3898	2
577	564
26	564
2	0
232	0
2143	3
17199	8
22	0
0	0
1	0
0	0
240	0
2	0
21809	5
16	0
0	0
439	0
0	0
1475	0
50	0
9	0
3407	4
4	0
63	4
0	0
37	4
1338	0
11	0
3	10
0	0
0	0
0	0
17	0
19	221
1890	221
2	0
670	0
89	0
6819	3
13258	4
9	0
0	0
690	1
61	7
2	0
3942	1
1	1
0	0
0	0
2887	0
3	0
0	0
450	0
0	0
4105	0
482	0
0	0
47	0
0	0
3744	3
235	0
0	0
630	0
0	0
0	1
0	0
0	0
2	15
2	16
0	0
0	0
1	8
0	1
0	0
0	6
0	0
0	0
972	0
350	0
0	0
996	0
84	0
0	0
1898	0
1819	0
46	26
2037	26
1474	1
7	0
589	0
10	20
27	9
3	0
0	21
0	2
0	0
279	0
3	0
2719	1
0	0
14	0
14	0
1	2
1	0
1896	0
698	0
2	0
58	0
0	0
2	0
31	0
6950	0
0	0
3	0
12	0
6	0
0	0
10	0
993	1
5	0
80	0
5764	3
1070	1
980	0
8	107
518	107
20	0
270	0
11	6
14	0
0	0
11	0
3	0
10	0
2797	2
158	0
138	68
5	68
500	1
0	0
333	0
68	0
1	0
2706	0
936	0
2614	3
0	0
4	0
24	0
6496	1
5	0
3	0
35	0
1971	2244
121	2244
0	0
0	1
8	2
0	0
2371	2
450	0
1495	1
2253	0
2886	1
1132	2
9	1
2654	2
0	0
1	1
352	0
0	0
0	0
0	0
0	0
0	0
13	7
0	7
628	0
5711	6
159	0
1577	0
0	0
6	0
3011	2
15	0
7064	1
10434	5
940	5330
277	5330
0	0
172	0
2	0
0	0
1	4
0	0
0	10
0	0
8	4
8	4
32	0
0	0
0	0
0	0
147	892
4284	893
1425	0
13	40
235	40
199	0
1684	2
2	1
2720	0
0	0
3572	1
98	0
22874	10
0	0
0	0
13374	9
0	0
1375	0
76	27
314	0
0	0
402	0
3	0
1933	1
2567	186
0	186
3099	1
561	0
0	0
0	0
1273	0
265	5
1	0
558	0
6	5
11	0
3106	0
8475	1
0	0
2	6
5568	1
831	1
0	0
1	0
0	0
0	0
105	0
783	1
2	5
0	0
734	0
257	313
542	858
4885	1
552	41
61364	49
45	0
728	317
770	319
453	402
4728	3325
0	1
46	4
47	0
29	3
0	0
658	1
55	0
159	0
0	7
1	7
399	2096
1	0
2449	19
0	0
6	18
2374	439
9	438
0	0
1066	0
0	0
0	0
1	0
415	206
136	206
6	0
2	0
14602	1
4773	431
146	430
7	1
944	1
1656	0
6	0
947	0
122	180
0	180
3147	1
0	4
0	4
3886	1441
3	1441
29	0
80	145
0	145
2970	2178
50	2177
118	1
2105	0
0	0
35	0
1974	1772
228	0
0	0
8	205
105	205
5	0
0	0
1412	0
4268	1
3263	0
2488	0
1685	0
43	0
0	0
0	0
783	1
25	0
2	71
2661	1
0	0
24	0
2	1
2	0
1448	1
21408	4
1	0
0	0
111	0
5056	0
0	0
8	0
76	0
1	0
21	0
78	0
60649	17
10556	8
1	0
3	0
986	0
697	13
68	0
8	13
0	0
0	0
770	0
0	0
6	1
0	0
8	13
0	0
7	0
0	0
1109	1
4846	3
0	0
3	0
196	3
10912	7
5	15
1236	0
1622	0
18	32
8024	35
2926	0
0	1
116	38
1298	3
43	2
862	0
8851	2
1147	0
69	733
642	733
850	0
2982	0
10	0
312	24
1	24
11	0
0	0
1561	37
1947	2
722	0
10	0
0	0
0	0
1	0
72	1
2	0
0	0
5713	524
57	519
0	0
0	0
79	0
8047	3
0	0
8686	2989
104	2986
4	0
16	0
1	0
2	0
0	0
633	2
4	0
291	189
15	189
2847	0
0	0
232	0
3	0
3828	1
2	0
3	0
18	0
213	0
21	0
1641	1
1631	2
3808	1
67	0
0	0
4895	4887
0	4887
83	0
10	0
4	0
441	0
0	0
1313	0
192	76
253	76
7104	5
0	0
1207	1
1624	1
0	0
3	0
0	0
5597	0
600	1620
128	1319
9	0
3	0
106	830
197	14
1	0
12	0
0	0
20333	4
43	1715
1223	257
1	256
1293	2
750	2
4	0
4	0
4	0
649	0
0	0
0	0
0	0
684	1
11	0
1	0
100	0
715	0
4790	0
0	0
4830	1
29917	14
2185	0
2737	0
5	0
2214	3125
4920	23073
8	19948
617	1273
34	1273
7531	1
2700	0
949	0
28	39
5500	2
15	0
520	0
2	0
7766	3
47	0
10	0
1930	0
942	1
12	0
13	0
5	0
3	0
1757	0
1	0
1	42
595	42
0	0
0	0
2809	18
28	18
6383	0
5111	247
49	246
0	0
174	80
63	13
0	15
3	0
0	111
1	18
0	2
0	15
0	3
0	0
2	0
3	1
0	1
0	3
0	3
1	23
5	0
2	4
0	25
0	0
0	0
0	0
2	19
0	3
1	14
15	0
0	0
0	15
4	0
0	0
0	0
0	0
1	0
7	5
0	0
0	0
0	3
0	4
0	16
0	10
0	0
0	0
0	0
357	31
210	0
1	15
84	15
1	0
1	0
0	0
861	0
1	0
10	0
4	0
3	0
51	1
82	0
32	0
29	0
0	0
0	0
61	0
16	0
19466	11
0	0
3	2
6735	0
163	0
1	0
8	0
16532	3
62	1
9	21
3426	1
3	0
0	0
0	0
0	0
27	2
5	0
141	1121
6192	1123
2	0
4865	1
1	12
5	2
0	0
1290	1011
24	1011
3692	1
0	0
1029	0
122	0
1941	0
0	0
0	0
0	0
0	0
835	3681
0	0
0	1
1	0
1	0
3	0
3	0
2648	0
0	0
0	0
798	32
35	32
0	0
2641	0
6514	277
17	0
282	63
0	0
88	14
480	3708
15	277
1	0
0	0
38	63
44	61
220	1860
2	0
0	0
0	0
0	0
7	0
1190	439
14	0
905	612
15	0
9	0
4	0
0	1
24	0
157	0
9	21
0	2
3	0
155	47
0	0
4	0
4	0
1774	2703
312	0
1	0
0	0
0	0
0	0
2	0
1026	0
14	0
414	0
0	0
0	0
1692	0
1798	91
5	90
0	177
16	13
190	6
25541	20
352	127
5	127
6	0
88	1
24	0
23280	15
6973	0
0	0
3	0
702	6517
1	12
0	0
0	0
81	5
128	3998
0	0
142	2
0	0
0	0
0	0
0	0
51	12
9	0
0	0
76	0
0	0
0	0
1072	2345
4	0
0	0
0	0
165	0
4	0
0	0
510	0
919	0
12	0
10	0
2000	1
81	0
1588	0
562	0
14	0
6	0
0	296
116	22
1811	4638
4	0
1	0
338	311
1	311
1482	1313
241	1313
0	0
1	0
24764	7
700	0
1	0
10914	6
2090	1
4424	305
0	0
4521	2
0	0
105	0
0	0
912	0
15480	2
10890	3
0	0
0	0
0	0
11	178
0	175
0	0
45444	46338
3252	2
1	3044
12876	47465
44376	20
131512	62513
38949	62512
419	0
649	0
714	0
6	0
2301	1
365	0
0	0
3378	0
0	0
0	0
0	0
0	0
0	0
0	0
287	0
1382	0
0	0
1050	0
4460	0
284	0
1	0
143	0
12	3
7212	3
69	54
4	54
29	0
1509	1
325	131
0	314
0	686
0	723
2632	3
0	0
2	0
4050	1822
83	1821
1	0
3720	0
52	0
5	0
209	0
16	0
5	0
73	0
136	182
6	182
7	0
5	2
530	304
7	167
436	617
4	494
104	226
0	24
1912	2
525	47
19	44
22	1
19	18
9485	3
0	0
0	0
908	1
17	0
0	0
821	0
3	0
0	0
0	0
0	0
1098	2
0	0
0	0
2994	2
0	0
3	0
1	0
872	42
0	0
0	1
2367	0
428	192
0	0
6	0
4	0
25	0
0	0
177	237
60	237
8	0
56	0
784	0
0	0
2	0
0	362
5	10
315	229
8	185
1	174
1	0
1242	0
0	0
0	0
0	0
0	0
1003	10
0	107
0	0
182	0
3	0
536	759
45	759
1767	2
83	0
29	0
45	1
859	1
0	0
270	121
0	0
25	0
3102	4330
0	0
0	0
16	25
10	211
319	10
21	0
0	0
0	0
0	0
2	0
1	0
45	5
318	267
0	0
0	18
77	16
182	212
4	3
1	0
1	0
30	25
442	560
971	0
2	0
518	1
0	0
0	0
9	0
1	0
0	0
5	0
0	0
0	0
0	0
0	0
5	9
2240	9
21	1
0	0
1	0
0	0
9	0
1	0
15	0
11	0
54	1
4472	2
20	0
0	0
0	0
0	0
37	0
7	0
0	0
7	0
0	0
1	0
6	0
447	0
35	0
1	0
0	18
6	0
0	0
0	0
0	20
101	489
1	0
0	0
0	0
1208	2324
5	1
0	0
1	0
535	2006
1	0
2615	0
275	0
244	107
1307	0
13	5
3	0
1302	0
267	0
74	143
0	143
146	0
0	0
0	0
0	0
0	0
445	448
0	0
0	0
0	0
751	2266
0	0
0	1
0	0
0	0
4	6
0	0
0	49
0	0
4	52
16	0
0	0
1	0
4	1
5	0
14	187
7	12
131	1
0	1
535	4787
0	7
0	1
0	0
1	0
0	0
17	15
22	15
2	6
851	226
9	93
23	6
21	13
74	0
0	0
2710	1
0	1
0	0
1481	580
153	580
1	0
4	4
272	4
7378	3
1889	3
3727	820
54	820
22	3
0	0
1258	0
1	0
0	0
2	0
0	0
1134	0
0	10
29	0
1	5438
7920	5441
2	0
4996	6
176	407
0	0
0	1
0	0
204	104
0	0
563	1504
1	2
184	519
0	0
2	0
159	555
0	0
8	0
2407	0
18	0
3	0
5	0
3	0
28	40
2	40
0	0
1941	1
4	0
3	0
1607	146
0	145
1079	1093
1	0
59	0
1	3
1456	1096
10	0
0	0
0	7
7	0
0	0
0	0
0	0
2747	3043
2	0
6	0
694	661
3	13
0	0
1	0
7	0
136	427
37	0
0	0
0	0
0	0
569	3143
231	2357
460	1006
169	27
1	0
0	0
869	1395
655	700
17	3
146	1
0	0
0	0
2	0
2	29
19	0
724	0
642	2
6	0
21	8
3	3
5	1
0	0
0	0
0	0
220018	83
0	0
0	0
4104	450
439	449
0	0
0	0
0	0
20223	23
428	18
0	0
0	0
10629	896
1	0
2	0
0	894
8	0
0	1
80	2866
0	0
0	0
3	1
5	0
1	1
336	1632
2	0
1	0
0	0
16	0
55	37
0	1
2	0
1	0
2	0
15	5
0	0
0	0
31	14
3	0
0	6
0	0
0	0
336	1058
3	0
87	28
0	1
5	0
421	634
0	0
0	0
189	616
0	0
3	22
1	0
70	73
118	103
179	73
0	0
4	10
22	141
22	30
0	18
0	0
6	2
40	0
0	0
1073	0
1	0
0	0
646	0
26	10
3	9
0	0
296	0
0	0
1654	5
0	0
0	0
4	0
4	0
0	0
0	0
0	0
183	70
1116	1921
4	1
9	16
6	0
0	4
0	6
2337	0
3082	2
2	1
1701	1
257	0
0	0
262	0
0	0
0	0
3054	0
0	0
1037	94
0	0
0	0
0	0
1	0
0	1
1	0
0	0
802	0
0	0
0	0
3569	2654
258	2654
0	0
1701	213
0	213
23	0
67	50
13	559
23	509
0	0
0	0
12	9950
19478	9958
0	0
0	0
0	0
1175	0
0	0
101	30
0	0
54	2
7	0
0	0
0	0
923	0
7	0
7	0
0	0
0	0
382	0
0	0
19	3
0	0
17706	4
373	35
3	0
3	0
0	0
0	0
0	35
3544	1
0	0
208	0
0	0
2954	0
4368	1
721	0
0	0
310	333
32	333
0	0
0	0
4	0
838	0
0	0
18	0
0	0
15	0
1834	146
106	145
3027	0
0	10
0	17
588	0
392	1
2989	1
0	0
1389	0
5	0
1	0
5	0
4	301
5025	302
1693	0
0	0
0	0
0	0
1603	0
0	0
11	69
134	69
213	0
1519	1
0	0
0	0
0	0
1245	2
0	0
0	0
0	0
387	0
0	0
4	2
5	0
0	0
0	4
0	0
337	0
572	0
203	0
4	10
0	0
0	0
0	0
2	4
545	145
1	2
161	140
0	0
0	0
1	0
0	0
37	37
9	36
0	0
5	1
0	1
0	0
0	40
1	0
0	0
2	0
2448	6
0	0
15	4
0	0
0	0
1511	0
308	0
0	0
208	0
0	0
1	2
0	0
0	0
18642	4992
2	4988
0	0
0	0
380	97
18	97
3368	2
0	0
12	1
2	0
1023	0
0	0
1	0
2	0
22	0
903	1
9	0
0	0
0	0
0	0
0	0
171	0
24	8
3	8
2473	4
0	0
0	0
216	0
1138	49
105	49
1	0
524	0
1	0
0	0
5222	3
2365	1
0	0
1434	0
613	0
1556	138
7	0
0	0
40	137
1	0
192	760
1348	761
153	55
222	68
1807	6
1480	1
17	10
0	0
215	0
0	0
3	0
962	1
1142	1
1081	0
46	16
0	0
2	0
1420	0
2	0
10	0
0	0
79	0
503	0
14	0
0	0
0	0
2	2
3	0
10	5
5459	19
0	13
3	0
6	0
535	0
2	0
0	0
631	0
0	0
0	0
0	0
0	0
0	0
2	0
3	0
2	0
0	0
22036	8
0	0
0	0
2434	2
3	0
34	0
435	0
2	0
3779	2
0	0
0	0
5959	3
0	0
0	0
0	0
0	0
2150	0
60	3
14	0
11	0
0	0
19	0
27	27
1	0
27	75
0	0
0	0
92	41
239	41
17	0
0	0
2	0
1597	2265
7	0
603	2265
0	0
0	0
71	0
228	0
0	0
0	0
0	0
296	0
0	0
2	0
3	0
8	0
34806	8
2792	1835
0	0
2915	1
2974	1834
0	0
11	0
10222	4
0	0
0	0
6725	1
3	0
2303	10
72	0
0	0
0	0
1	0
0	0
29	0
94	330
1623	330
0	0
0	0
40	0
10	0
34	44
196	44
4	0
0	0
0	0
0	0
0	0
1	0
1	0
2	3
14	11
1581	0
0	0
0	0
0	0
0	1
0	0
1	0
0	0
2284	0
0	0
0	0
1	0
0	0
0	0
2	1
0	0
0	0
0	0
1583	0
0	0
0	0
0	0
0	0
0	0
0	0
0	0
0	0
0	0
2	0
1071	0
0	0
65	0
1	0
4	0
2	0
11	0
4	0
6	0
0	0
3	1
15	1
0	1
4	2
0	0
0	2
0	0
1	0
4	5
47	6
0	0
0	0
0	6
7	0
1	0
1	0
1	0
0	0
0	0
1	1
0	0
2	1
23	11
56323	21
1	0
7	0
2	0
5	6
1	1
8	19
388	0
5	0
0	0
1673	0
235	25
400	64
25	39
454	0
0	0
1571	1
61	0
0	0
52	0
290	0
113	0
7	6
1	6
3	0
46	0
15	0
4	0
3	0
603	0
0	0
203	0
2	0
0	0
214	0
8	1
1385	0
0	0
3273	2
5	0
6	0
0	0
34	16
80	74
20	3
2	16
926	1
0	0
297	17
0	0
3	1
4	1
3	0
1	0
1362	0
509	1
16	0
0	3
35	74
3	1
0	0
0	0
0	0
11	47
57	100
12	0
59	4
29	0
0	0
189	1046
8	978
0	2
95	23
4	0
15	2
267	3
1	0
2	0
317	0
1	0
0	0
2243	0
1	0
626	1
618	146
729	120
0	0
46	108
2	0
9	0
10	0
12	3
16	0
56	2
2	0
0	0
0	0
18	114
2	0
0	2
1	0
0	0
0	0
1407	0
0	0
0	0
608	453
0	1
1	0
0	0
2	1
1830	482
1	0
0	0
0	0
0	0
41	0
0	0
0	0
0	0
0	0
0	0
0	1
1	0
0	0
0	0
0	0
1	0
1	0
8	0
0	0
0	0
0	0
0	0
0	0
0	0
3	0
0	0
0	26
0	19
0	22
0	40
0	127
0	0
0	0
3	3
0	3
0	0
2	0
0	0
0	0
2	0
0	0
2	0
19	21
18	21
0	1
0	342
18	679
4	0
0	8
0	19
2	0
0	0
38	37
50	37
0	0
8	1320
2524	6363
647	6364
0	0
4	7
2	0
5	0
2066	0
7487	0
0	0
22	0
475	0
0	0
0	0
0	0
1044	789
4	789
0	0
0	2
0	0
0	0
0	0
0	0
2	0
0	0
17	0
0	0
0	0
0	0
10110	4
0	0
8	0
6	0
0	0
0	0
1995	0
1	0
0	0
0	0
755	98
0	0
2	0
1	0
694	92
9	0
2	1
9	0
0	0
0	2
0	0
0	0
0	0
29	0
0	0
0	0
0	12
5	1
0	0
0	0
377	125
7	2
0	0
1	2
1	0
0	0
1	2
0	0
92	281
355	262
1	0
0	0
0	0
0	0
15	0
3620	0
33	0
1	1
524	0
0	0
1	0
0	0
0	0
572	0
2	0
0	0
0	0
0	0
0	0
0	0
0	0
0	0
1906	2
3	15
0	0
4983	2
0	0
0	0
2	1
550	0
0	0
1	0
1074	195
4	195
0	0
0	1
0	2
3	26
32446	8
5	0
1	0
0	0
210	359
2	359
20	0
6	0
0	0
2321	0
0	0
324	0
1	7
21	21
551	0
2	0
1	0
1	0
0	0
19897	6
13734	3
1	0
42	0
1858	310
1072	311
15	0
474	0
654	0
2	0
0	0
0	0
1723	0
5	3
6240	5
0	0
1087	85
5	85
9	0
0	0
9	0
0	0
3	0
668	0
0	0
505	0
6849	0
4	0
0	0
6	0
517	0
9309	2
0	0
6	0
0	0
43	5
4006	8
1	0
9484	5
1	0
0	0
4	0
5	0
11	0
316	0
2	0
0	0
1	0
1	0
4033	0
4	0
421	135
2	135
74	0
0	0
0	0
1543	0
656	0
0	3
0	0
4	118
49	118
2	0
27	0
3	0
1	0
0	0
186	0
0	7
279	7
1	0
0	0
1	0
0	0
0	0
3	0
0	0
0	0
0	0
12	0
0	0
0	0
0	0
1	0
0	0
35	0
1608	0
0	0
2758	0
638	2
0	0
1	0
5	1
0	0
0	0
0	0
1	24
1945	24
74	77
1	77
0	0
4	0
2	0
0	0
1337	1
0	0
9	0
161	0
4	2
0	0
3268	0
1	0
0	0
1	0
7	2
2	0
5	11
2	1
28	2
2049	1
24	0
4534	2
2	0
39	0
224	0
134	0
181	141
0	141
5	0
2243	2
29	1
0	0
8	0
131	0
0	0
1	0
6	0
0	0
0	0
198	0
6	0
204	0
0	0
131	0
7	0
594	451
1	451
0	0
0	0
2	7
2	7
50	0
47	0
13	3
0	3
0	0
0	0
0	0
7	0
2	2
8	0
8	0
21	0
5	0
666	0
132	0
2	0
1090	0
0	0
0	0
328	0
6	0
1	0
3976	5
68	2
97	0
0	0
0	0
0	0
1718	4542
4	4542
0	0
0	0
1784	0
7811	3
0	0
74	0
16	0
3	0
3	0
0	0
400	0
1431	1
0	0
0	83
0	58
0	0
2	0
0	0
0	0
0	0
1792	0
2	0
32	929
3	929
3	0
0	0
2974	0
0	0
0	0
1	0
0	0
2	0
0	0
8258	673
54	673
4	0
0	0
316	0
5	0
0	2
3689	2
0	0
19	0
3	0
183	0
7	5
2	0
0	0
33	0
41	0
19	0
0	0
4	0
43	0
8188	2
1	0
3134	1
0	0
8	0
1	0
7	0
2	0
5497	0
0	4
0	0
1	2
0	0
2	0
5596	2
7	0
3	0
855	0
2	0
1	0
0	0
11	7
2	0
0	0
0	0
0	0
1	0
0	0
0	0
6	32
0	0
0	0
0	0
0	0
1	4
0	0
0	0
11	0
0	0
0	0
3	0
114	0
0	0
1	0
0	0
3	0
29	0
0	0
0	0
0	0
0	0
0	87
0	0
4	0
0	0
497	0
0	1
0	0
4	0
0	0
5	0
0	0
0	0
9	0
700	0
39	0
41	0
0	0
1025	0
19	0
0	0
44	0
29759	9
0	0
499	15
1	0
0	15
0	2
6	2
2661	0
81621	28
1246	0
0	0
0	0
0	0
881	0
2	0
786	1
1	0
0	0
7	0
56	0
0	0
3277	1
4639	3
139	8
0	0
174	0
31	0
7	0
1	0
3	4
8	1
0	0
0	0
0	0
0	2
0	0
3	0
1	0
0	0
5	0
3	0
2	0
1	0
4401	368318
0	355592
15	0
1	0
0	0
36	336738
0	0
9	2
25	4
0	0
1	0
0	0
3	0
0	0
0	0
4	0
0	0
1	0
320	0
0	0
1	1
30	0
1478	0
0	0
4	0
1070	1
0	0
13	0
1	0
4	0
14	0
488	0
0	0
1	0
21	2
0	0
0	0
38	5
32	1
2982	8
0	0
1	0
211	0
11	0
820	5
0	0
0	0
7	0
7	0
0	0
0	0
0	0
0	0
13148	5
0	0
0	0
0	0
885	0
0	0
1	0
0	0
0	0
0	0
0	0
0	0
2604	0
6604	2
0	247
3	0
0	646
4	0
12	646
6347	5
12	0
0	0
2203	1
0	0
0	0
114260	688080
96357	688060
1	0
3	0
3081	0
0	0
570	0
0	0
1	0
75	0
0	37
280	0
18	0
2	0
0	0
0	0
0	0
8	0
1	0
0	0
1	0
107	226
77	227
9	0
51	298
353	298
14	0
1607	0
0	0
0	0
0	0
5	0
0	0
0	0
0	1
463	248
4	248
2	0
8813	4983
0	0
0	0
0	0
10612	4979
0	0
4	0
6	1
0	1
1	0
5	1
3	0
1307	1
0	0
0	0
13	0
3	55
0	32
11	0
19	62
0	0
0	0
4	0
0	0
1	0
0	0
2	2
4	0
3	0
8	0
2	0
0	0
501	0
599	377
19	377
0	0
2117	1
13	0
961	0
5	0
0	0
723	0
5	0
982	1
138	0
287	0
1762	0
11	23
126	23
0	0
121	0
0	9
7	0
0	0
4	131
0	0
106	332
0	0
4	0
0	39
4	0
354	48
5	2
32	188
23	344
0	0
0	0
6	2
0	0
156	189
3073	134
15482	3
0	0
0	0
1	8
1	5
0	1
7949	5
1	1
0	0
3	0
3	5
1	0
0	0
1330	0
5353	1
1	0
0	0
2	0
0	0
2	0
7	1
9390	4
0	0
0	0
0	0
14	0
27	0
2619	3
0	0
2248	0
0	0
3	0
13	11
492	11
0	0
2	0
0	255
0	0
10	2
1486	1
0	0
0	0
14952	4
4005	1865
2	1860
0	0
0	0
0	0
0	0
0	0
0	0
505	0
7	3
0	0
0	8
185	0
0	0
124	7
1707	421
291	86
14	0
8	24
18618	355
269	0
1674	0
814	106
56	0
0	0
168	0
1509	0
11	0
21	2
1	0
0	0
2124	1
156	0
8	0
145	113
0	0
17	113
10	0
51	0
961	0
0	0
0	12
1	1867
0	2
0	0
0	0
1131	0
2085	0
5	0
0	0
0	0
7	0
165	0
3066	1
28	0
2998	1
7	0
0	0
10	0
0	0
0	0
1	0
10	0
59	0
1110	2
1	0
0	0
2	1
4	0
1	3
85	1
0	0
353	176
396	176
0	0
0	0
0	0
52	0
1	0
0	12
3	0
1	0
6	0
14930	5
9	0
518	0
4	0
0	0
234	0
0	0
0	0
0	0
2	1451
0	39
0	0
0	0
53	0
0	0
0	0
0	0
3	0
41	0
0	0
39	22
73	33
10	0
2	0
0	0
1931	3
3	10
57	10
12	0
15412	9
0	0
0	0
2	2
5	0
2	0
25	0
0	0
7	0
0	0
9	5
0	0
4	1
0	0
0	0
14	0
1026	0
24	0
25	32
2	32
237	0
0	0
0	0
0	1
0	1
1	0
1	10
0	0
145	0
9	0
0	0
1200	0
9	0
0	0
491	0
0	0
275	1102
0	1101
0	0
0	0
0	0
0	0
1975	0
232	39
33	39
0	0
4	1
1271	3
6	0
0	0
0	0
0	0
197	916
74	889
1	1
556	28
14	25
8	2
0	0
6	0
0	0
205	0
2	0
0	0
0	0
729	0
2	0
0	0
4	2
0	0
0	0
0	0
2	0
0	0
0	0
0	0
0	0
0	0
0	0
8	7
0	0
0	0
1	7
17	0
11	4
0	0
575	0
15	0
0	0
0	0
1629	0
1	0
12	0
17	0
0	0
1	1
30	0
1355	1
0	0
0	0
3	0
0	192
0	0
65	0
0	0
73	0
0	0
2	0
0	0
138	0
0	0
1026	0
21	0
276	0
19	10
0	11
1	7
0	0
2765	4
0	0
54	24
22	24
2	0
2	0
504	0
2	0
0	0
2	0
179	1
0	0
0	0
2101	2
0	0
58	37
815	2
11	0
0	1
73	0
4	0
0	2
0	30
0	41
24	15
1	0
23	0
33	0
0	0
200	0
0	79
8	0
117623	32
19	0
26	742
1	1
14	1
1	0
15	0
0	1208
654	7107
0	0
7	0
0	0
0	3
13	2
0	1
0	0
18	0
0	0
15	7
9	1
2	0
21	0
94	182
2199	183
206	0
67	0
1	0
3621	0
0	0
0	0
0	0
0	0
0	0
1075	0
1	0
1	0
5918	3
2	0
7	0
1363	0
0	0
7	0
11880	3
3	0
843	0
0	0
0	0
605	0
0	0
2	0
2	0
3	0
0	0
0	0
764	0
0	0
0	0
2	0
808	0
2458	4348
512	4347
2	0
0	0
0	0
1021	46
42	46
0	0
0	0
5569	2
0	0
5	0
98	0
0	0
0	0
0	0
0	2
0	0
2	0
0	0
4	2
0	0
477	0
1	0
399	0
3	0
54	12
21	1
0	7
2	4
4	0
3	0
0	1
573	0
0	0
0	0
1	0
6	14
0	0
14278	3
136	281
6384	482
63	0
0	199
16	0
16	43
0	0
0	0
0	0
3504	110
103	110
0	0
0	0
179	1
0	0
0	0
0	0
0	0
8	0
0	0
12	0
1555	0
335	0
1049	721
203	721
0	0
2	0
3	1
0	0
3	0
0	0
2104	0
0	0
1	0
12	0
0	0
0	0
1548	0
9	0
0	0
3667	0
1	0
0	0
0	0
0	0
137	0
1	9
2	0
0	0
0	0
1961	1
0	0
6056	1
1782	0
1	0
47	0
219	0
0	0
0	0
278	0
4	0
186	0
1	0
3	0
252	0
6038	109
26	104
0	0
220	0
64	56
330	0
0	0
493	0
0	0
0	0
1690	1
4	0
12	0
9	0
0	0
3	0
1	0
0	0
624	0
0	0
1	0
0	0
0	0
0	0
1074	0
0	0
2932	29
16	29
0	0
1206	1
1	0
0	0
508	1
0	0
0	0
0	0
0	0
0	0
0	0
3544	1
0	0
1571	1
31	0
2	0
7	0
0	0
1381	0
10	1
3	0
219	0
118	0
3	0
598	0
0	0
1770	1
1	0
0	0
2	0
0	0
0	0
0	318
0	187
24	0
25	91
491	91
8757	5
0	0
0	2
2	0
1322	2998
970	2998
10250	6
0	0
0	0
0	0
413	0
0	0
0	0
21	0
0	0
2	1
1442	0
0	0
14	3
1279	10990
6125	10994
0	10
5	0
1	0
99	0
0	0
792	3261
3	0
690	3261
0	0
0	0
153	53
116	53
13	0
0	0
904	0
208	63
99	63
1010	0
4889	314
6	311
98	2
2	0
0	0
3526	1
15	12
656	12
20	0
0	0
0	0
45	0
0	0
1057	0
59	0
1905	0
25	219
275	219
5	0
4225	7
0	0
0	2
0	0
0	0
0	1
3	11
0	3
0	0
176	1
13	1
1	1
0	2
0	0
0	0
0	0
2	0
0	0
14	389
4375	500
42	133
663	0
3	0
0	0
2	0
1	0
0	0
503	0
0	0
0	0
22	9
5	2
3034	2
909	705
33	704
0	0
0	0
15	0
0	0
1	0
5	28
0	0
0	0
775	0
2	0
1	0
2	0
9687	7
0	0
4899	57
106	57
0	0
3	5
9	2
2	21
0	2
5	7
0	1
2	0
19	1
1	0
542	0
0	0
728	3
3	0
209	0
1381	0
0	0
0	0
0	0
183	0
0	0
40	0
6	0
0	0
4045	0
0	0
5	0
0	0
4087	1
2377	590
556	590
0	0
0	0
0	0
1633	1
5	1
1102	0
0	0
217	101
97	101
3001	3
4	0
30	0
0	0
7	0
4	0
907	1
423	0
1	0
0	0
0	0
157	0
0	0
512	2
0	0
14	0
6	0
18343	1527
72	1534
6	0
1082	1
921	0
0	0
0	0
4	0
1	0
0	0
619	0
557	628
0	0
154	628
4	0
4	1
0	1
0	0
0	0
1	0
0	1
7637	4
1	2
0	0
4581	5818
210	5817
1	0
0	0
1	0
0	0
11258	2
1	0
17	0
1348	1
0	0
0	0
19	0
0	0
0	2
0	0
242	0
0	0
0	0
0	0
0	0
0	0
4	0
2159	0
0	0
828	0
2	39
11	0
0	0
0	0
0	0
0	0
0	0
28	39
0	129
190	0
0	0
53	0
0	0
0	0
0	0
0	0
0	0
5	5
21	66
27	213
3964	213
0	0
3	0
0	0
0	0
792	69
12	0
88	69
0	0
3	0
0	0
2988	3
27	0
432	0
0	0
0	0
327	0
3	2
0	0
1	0
0	0
1730	0
1316	0
0	0
2	4
101	0
0	0
2	16
15	6
0	0
18	0
308	0
6	10
2	3
3	2
0	0
3	2
0	3
0	0
0	0
8	10
509	0
0	0
0	0
2	1
0	0
0	0
2	0
0	0
0	0
3002	2886
6	2885
633	0
0	1
0	0
20	0
0	0
0	0
6	1
6741	2
3	0
0	0
18	1
0	0
0	0
0	0
1181	0
0	0
0	0
0	0
0	0
290	75
3	75
0	0
141	0
10	0
0	0
1	16
19	16
0	0
1	0
775	0
0	0
2293	1
4	1
0	0
2007	184
65	183
3	0
4	0
15	17
0	0
11	0
0	0
11	0
2	0
427	317
1433	318
0	0
377	0
5	0
4	0
0	0
0	0
2598	0
7	0
13	0
9	4
0	3
40	4
11	6
0	0
91	89
2046	89
19	0
1	0
0	0
0	0
803	0
26	0
0	0
0	0
0	0
4	0
0	0
1744	0
1	0
48	19
3	0
559	0
3	36
2939	37
0	0
0	0
0	0
0	0
11	1595
2337	1596
8	0
0	0
26	2
364	0
2	0
15	6
37	0
0	0
0	0
0	0
2022	0
4	1
41	0
1	0
3344	2
0	0
0	0
1	0
0	0
84	21
0	21
7	0
40	0
407	0
352	0
12	0
14	0
2364	1096
0	1094
2112	1
3	0
1	0
5774	0
0	0
0	0
0	0
1516	0
0	0
0	0
1760	0
7	0
7329	2
3	0
442	1
0	0
3	0
80	0
0	0
241	0
133	85
1	85
89	0
0	0
0	0
95	0
149	18
49	18
0	0
10	0
2	0
3114	165
24	163
44	0
0	0
0	0
0	0
0	0
0	0
65	0
1	0
670	0
0	1
2	4
0	0
0	0
4	2
0	0
164	182
2	182
1	0
461	0
0	2
0	3
0	0
0	3
15	0
4	0
364	0
2	0
0	0
87	19
14	19
4	0
34	0
12	0
9	4
20	0
0	0
12	0
6	0
14	0
0	0
0	0
39	5
21	3
943	0
0	0
0	0
1	0
0	0
19498	10
1	0
1009	1
0	0
943	0
944	0
0	0
0	0
1	0
1439	0
3547	0
0	0
63	90
38	0
525	0
2	0
248	0
0	0
0	0
0	2
0	0
3	0
5	0
841	0
0	0
0	0
3880	1
240	0
0	0
320	0
0	0
2950	0
0	0
5	0
0	64
0	30
0	23
218	0
1288	95
0	0
17	92
3	2
26	3
0	0
0	0
7	0
3	0
1	0
0	0
139	0
0	0
26	21
21	0
0	0
1	0
284	180
5	180
22	0
0	0
994	16
3	16
50	0
5	14
0	0
39	14
0	503
0	19
0	3
1112	0
0	0
7	0
7899	2
23	4
7	0
0	0
1	0
7	1
0	0
117	2
84	0
0	0
0	0
0	0
0	0
0	0
483	0
0	0
2573	0
0	0
3919	26
450	24
0	0
1015	17
0	0
0	0
13	27
23	17
75	0
13	27
0	0
13	0
32	0
0	0
0	0
0	0
339	0
1165	0
0	0
0	0
0	0
0	0
8465	2
0	0
268	0
1	0
3	0
0	0
1	0
130	0
2	0
456	1
9	7
6	0
2	0
1288	0
5640	1
4	0
27	0
487	0
0	0
0	0
39	0
0	0
6	0
700	1
0	0
3	0
1	0
0	0
0	4
543	0
0	0
2250	1
342	0
0	0
1175	0
13	0
2	0
0	0
801	51
255	51
81	0
0	0
214	0
0	0
3	0
55	0
517	0
586	108
0	0
3637	3
8	0
0	31
574	31
0	0
2	0
0	0
0	0
2	0
0	0
6785	3
12209	315
15	308
0	113
0	0
116	0
0	0
1	0
0	0
64	0
8	0
0	0
0	0
23	53
142	53
914	108
1	1
0	0
26	0
0	0
194	0
31	0
0	0
2288	1
0	0
694	0
1475	1
25	0
0	0
2	0
3	1
217	4
0	1
2	0
0	1907
10935	1909
0	0
3	0
50	0
0	0
0	0
6	1
19	30
159	30
8	1
0	0
0	0
0	0
0	1
3	0
101	0
0	0
2	7
0	0
0	0
2	4
13	6
3	2
0	4
4	11
0	7
0	0
308	0
0	2
0	0
396	0
1247	0
0	0
1473	0
0	0
0	32
749	33
2	0
0	0
388	0
2	0
0	0
3475	909
267	909
0	0
22	0
2601	0
91	0
5	0
619	0
4	0
0	0
0	0
5	1
544	0
0	0
0	0
2194	2
12	1
0	0
2	0
708	1
0	0
0	4
3	0
8	60
2	0
10	2
183	176
1888	179
0	0
7	60
0	0
3969	15
19	15
0	0
1	0
1	0
11	0
466	0
6238	3
1947	1
1	0
1834	2
1	0
324	0
1	0
370	0
0	0
0	0
2326	0
16	122
1508	123
0	0
876	0
0	0
0	4
155	359
519	359
1	0
2115	0
0	0
0	0
0	0
1142	1
1	0
0	0
0	0
0	0
2842	2
1	0
0	0
286	2
0	0
0	0
2	0
2097	0
0	0
2	108
52	0
5940	1
2739	0
32	54
232	54
0	0
50	3
0	0
0	0
30	0
1	3
2879	48
59	48
1298	0
0	0
3331	1
0	0
36	0
61	0
1261	2
2596	0
29	0
0	0
1	0
3	0
277	0
0	0
0	0
6	0
0	0
0	0
0	0
8	0
0	0
976	0
1200	519
67	519
0	0
0	0
0	0
8	1
0	1
747	350
243	349
1	0
0	0
4821	1
52	35
0	0
25	25
521	25
0	0
0	3
0	0
0	0
0	0
69	0
1295	0
2	0
506	184
4	184
0	0
0	0
0	0
186	0
0	0
0	0
572	79
0	0
14	78
8	0
0	0
2	1
553	0
0	0
1409	0
2	0
4	0
15	0
722	0
1	0
0	0
56	4
13	4
4	0
2	0
1	0
702	1
13	0
4	2
12	0
0	0
396	0
4	0
0	1
309	166
26	166
888	0
0	0
0	308
286	0
506	0
0	0
7	1
293	0
17	9
5	0
920	66
0	0
0	0
3	2
1	9
0	0
11	3
0	66
0	0
11	0
453	0
0	0
0	0
0	0
7	0
61	0
1	0
2	0
9	0
0	0
1	0
1	0
518	0
0	0
9	10
6	0
251	0
678	1
4	0
0	0
4	0
0	0
1444	439
0	438
1	25
153	25
0	0
0	0
0	0
84	0
0	0
0	0
1	0
1382	3
2	0
25	0
0	0
2	0
42	0
181	0
0	0
0	0
60	0
11	0
9	2
0	0
29	0
28	0
4	0
0	0
33	0
14	0
2	0
73	15
0	0
1511	0
0	0
0	0
0	0
6	0
594	110
17	109
3	1
23	0
0	0
13836	3
0	0
647	1
9	0
16	0
0	0
14679	2
15	0
9	0
0	0
0	0
0	0
10	0
21	2
1441	2
24	0
94	0
0	0
0	0
0	0
2	0
2	0
398	0
1	0
0	0
3	0
0	0
13	0
0	0
1	0
0	0
21159	940
11	933
540	0
2943	1
9	16
1214	18
1	0
0	0
1694	0
1480	0
10704	3
0	0
0	0
0	0
3046	3
2065	0
0	0
7	0
11	87
1	1
1870	0
1	0
1808	1306
19	1306
2436	719
0	719
0	0
0	0
4	10
1	10
70	0
21	0
0	0
13	2
177	2
1	0
961	0
54	0
95	0
443	2
6	0
0	0
770	0
48	0
0	0
0	0
2	0
3307	106
0	77
2	28
0	0
0	0
2925	1
8668	3
4912	1
2090	1
703	0
0	1
912	0
1	0
0	0
8	0
1	0
888	1
660	135
297	135
0	0
0	0
2320	2
39	0
802	1
0	0
1	0
2	0
1577	0
738	861
0	0
5142	862
1	0
0	0
860	361
2957	362
12	0
0	0
10	0
0	0
0	0
6	0
0	0
0	0
17	0
6	0
11	0
0	0
14	0
0	0
28	66
144	66
4	0
2270	0
0	0
160	0
0	0
30	54
18	54
229	0
0	0
2527	0
1371	0
10	0
9	2
4	3
20	0
26	2581
3389	2582
347	0
119	374
5	0
0	0
1849	2
1	0
0	2
1867	2
0	0
2778	4
118	3165
25	1
333	3165
1	0
4	0
0	0
10	0
3218	1
320	1275
0	0
0	0
5401	2
14	0
1	0
873	0
0	31
892	966
21	963
0	0
66	0
0	0
1	0
3586	0
0	0
28	0
0	410
0	302
530	0
0	0
0	0
0	0
329	0
14	0
53	0
1	0
105	0
18	0
11	0
7464	317
2	312
21	0
3	0
25	1
12	0
1	0
0	0
10	0
990	0
0	0
0	0
2	1
0	7
0	0
51	0
532	0
0	0
5	0
4176	4
3	0
0	0
0	0
2475	2
0	0
0	0
0	0
0	0
7	0
15611	6
1	0
50	0
0	0
0	17
12	0
0	0
1	0
8	0
152	0
145	0
1	0
0	0
0	0
259	0
0	0
0	0
2428	1
2	0
213	0
0	0
9798	7
0	0
4	0
0	0
0	0
0	3
1	0
51	0
0	0
2	0
0	0
1	11
3	11
56	0
0	0
3	0
0	0
0	0
0	0
9	0
0	11
3	12
1	0
0	0
0	0
2	0
26	1
0	0
0	0
0	0
0	0
0	0
0	0
0	0
2	0
5	0
0	0
16	34
60	34
607	0
1254	0
9	5
2115	442
0	442
0	0
0	0
150	14
9015	399
4457	1881
302	105
12	17
1	14
0	46
1674	1642
16381	3
1347	0
4455	0
1	0
3	0
10370	0
0	0
8	0
3	0
0	0
3	0
0	0
0	0
8278	0
0	0
1	0
6680	2
7	0
0	0
0	0
32	26
0	0
0	0
2	1
3	18
0	0
2682	0
104	0
0	0
14	0
14	1
503	0
1499	0
0	0
0	0
0	1
2	0
13113	1
2	0
21	0
0	0
2039	21
33	1
106	1
1415	19
3	0
86924	1045
1	0
0	0
636	0
0	0
1	0
111	0
0	0
0	102
0	158
1	0
3518	3845
2	3844
0	98
0	0
272	0
17	0
368	0
0	0
4	32
1548	2
0	0
0	0
0	0
0	0
1	0
0	0
1	0
0	0
0	0
3190	4
3	0
7	0
0	0
1298	0
0	0
640	0
50	1
0	0
763	0
53	0
812	0
0	0
4015	1
4	0
0	0
17	1
0	0
174201	235904
7	235862
214	39
3	39
0	0
0	0
0	0
0	0
0	0
0	0
0	5
1	233
720	3054
4	0
9	0
0	2
0	0
1	0
0	0
2271	0
2	0
1464	3037
0	5
47	0
0	1
0	0
380	0
2	0
2	0
0	0
0	0
0	1
0	0
0	0
0	0
0	0
0	0
1725	0
1	0
279	0
1	0
3	0
1409	20
0	20
0	0
0	0
0	0
2343	0
22	0
0	0
0	0
62761	14
0	0
237	0
0	0
0	0
0	0
0	0
4	0
5	0
2	0
828	624
17	624
1237	1545
18	1544
11	0
1277	0
640	1
1	0
3	0
1507	0
1	0
0	0
6	0
0	0
2	2
170	2
4855	2216
458	2260
0	0
156	117
9	117
282	524
13	524
0	0
0	0
0	1
0	0
0	0
11	0
0	0
0	0
38	1
4197	2391
11	2391
0	0
0	0
743	75
85	0
0	0
23	75
3319	2074
1	2074
0	0
0	0
0	0
0	0
3	0
4	0
0	0
1831	3
0	0
2059	2
0	0
9	0
2274	1
93	37
3	0
2	0
27	0
0	0
6460	0
3443	0
12	0
946	0
3	0
10	0
6	0
2036	2
16	0
2	4154
14453	4156
0	0
0	0
4733	1
0	0
0	0
121	0
0	0
211	0
293	0
22	1
2785	0
165	0
259	0
0	137
460	137
18	0
2	0
41158	12
0	0
65	0
0	0
0	0
0	0
2	0
1815	0
0	0
0	0
4	0
2	0
272	195
4	195
793	0
0	10
0	0
4	2
0	0
2	0
2	688
182	0
3394	2
0	0
5	0
0	0
5	0
0	0
0	0
4267	0
502	51
29	50
8984	3
41	20
11	0
0	20
0	0
8527	1
1822	0
1337	0
1606	0
0	0
4680	1315
171	747
0	0
1	3
1204	2
0	3
2720	95
284	95
0	0
0	0
5	0
3	0
7263	1
66	1
0	0
1756	2
0	1
0	0
0	0
3865	0
4	0
0	0
0	0
25	1
5273	1
1172	0
3	0
0	1
0	0
95	21
2	0
5	1062
736	984
273	1059
2	82
10	120
40	120
0	0
0	0
1	0
2	0
9	0
48	332
417	332
0	0
614	0
3	0
0	1
8	1
0	0
31	0
0	0
5	0
504	0
1	54
0	0
3185	0
0	0
164	0
1	0
0	0
1421	0
60	0
10	4
0	0
1	0
543	0
63	5
0	0
2073	3322
0	3322
18	0
0	0
47	0
4	0
0	0
4	0
2	0
0	0
0	0
2739	0
0	0
42	0
553	2
3	0
1	0
3	0
1011	0
3	0
0	0
16994	3433
213	87
22	0
0	0
1	0
105	158
0	0
0	0
7104	2
95	0
3969	0
7	0
0	0
0	0
0	0
2833	0
0	0
0	0
0	0
147	185
29	185
0	0
11	4
12	0
0	0
494	0
0	0
1	0
7	0
0	0
0	0
1	0
1493	0
0	3
1	0
0	0
6551	2
0	7
5287	1
3	0
4516	126
582	126
3	0
2	0
0	0
0	0
0	72
0	30
0	0
0	0
0	1537
1	0
1982	0
0	1
4	0
1	0
2	0
0	0
0	1
985	0
207	0
4934	1
197	0
0	0
0	0
0	0
21	0
0	0
2633	1
1302	0
1	0
8	0
0	0
0	0
0	0
5	2
0	0
148	0
3488	1
0	0
0	0
2	0
51	305
3208	3511
118	0
8	239
4525	240
1694	1
36	0
4503	1
0	0
4416	1
3650	1
1	0
1	0
0	0
1455	10
89	8
19	0
77	0
0	0
4	0
3	0
0	0
12	1
32	8
10	0
0	0
0	0
2	0
5	0
0	0
0	272
0	29
3045	1
0	0
0	0
52	24
0	0
5145	4
0	0
20	51
0	0
539	51
1	0
5	0
0	0
0	0
10425	2
2	0
0	0
0	0
0	0
0	0
0	0
0	0
0	0
0	0
1860	0
11	0
10	0
0	17
0	24
0	0
1457	352
3	352
106	0
0	0
1	0
0	0
0	0
0	0
0	0
0	0
7	1
57	0
1	0
2	0
4	0
8	0
0	7
0	0
1	0
0	0
0	0
8	0
8	0
0	0
33	3
0	0
0	0
0	1
2	0
87	0
5	0
0	0
0	0
0	0
9	0
0	0
95	0
0	0
1	0
2698	0
0	0
0	0
2940	0
0	0
4	0
14	88
2162	88
0	0
0	0
1	0
17889	2
5306	3
22	0
0	0
9	0
1	0
10455	7021
2272	7018
7	0
2	3
844	4
205	0
0	0
19	0
160	0
1275	0
0	0
0	0
37	486
1235	486
320	650
2618	2171
78	4
387	179
2232	1673
2571	0
0	0
9	0
0	0
2	0
0	0
5	0
0	0
0	0
1	0
12	0
8	0
0	0
0	0
3	0
0	1
368	0
1443	6
5	3
0	0
0	0
8895	3
1	0
452	0
0	0
0	0
0	1
0	8
0	0
2182	0
13	0
4	0
5	0
0	0
46	0
13	0
0	0
147	0
3	0
2	0
963	0
0	0
0	0
821	2
15	0
259	0
8	450
134	450
0	0
786	257
19	257
125	112
11	111
0	0
1938	0
1	1
0	0
0	0
21589	16011
2235	16015
790	367
60	367
0	0
0	1
3	0
0	56
1	1549
0	0
0	55
1036	0
0	0
128	0
1062	1
10	0
1789	0
0	0
6	0
776	0
4	0
0	0
0	0
0	0
4132	4
0	0
0	0
0	0
2	0
0	0
8106	1
2650	0
35	0
0	0
0	0
1	0
383	0
0	0
0	0
667	0
216	0
0	0
1	0
0	0
5	0
2500	0
1468	2
0	0
3943	1
0	0
0	0
593	1
0	0
0	2
0	0
2	2
0	2
0	1287
2232	5577
0	0
0	0
666	0
21	0
117	250
0	0
209	243
0	0
188	131
1	0
0	0
8573	3
1230	0
7	0
1718	1
1132	0
397	0
0	0
114	0
36	0
0	0
2865	3
1	0
0	0
2162	1
5	0
10	0
0	0
0	127
386	132
2	0
41	29
1	0
0	0
19167	3
7	0
3	0
0	0
1435	0
2	0
5	0
9227	5
1	0
12	0
0	0
376	630
612	630
0	0
0	0
0	0
0	0
2308	1
5	0
854	0
0	0
4020	3360
289	3360
0	0
1	0
3	8
468	8
0	0
0	0
231	0
0	0
0	0
0	0
852	2
8	0
11	821
0	0
563	0
4	0
0	0
0	0
7	0
0	0
3176	0
1736	0
3	0
1002	0
0	108
4702	108
174	0
39	0
1133	0
0	0
2029	0
2773	0
1	0
0	0
0	0
53	0
19	158
57	158
9	0
3	0
0	0
303	1
17	7
0	0
408	0
36359	12
2	0
0	0
956	0
0	0
27	0
110	0
0	0
0	0
0	0
0	0
0	0
366	0
78	0
522	0
765	0
2928	1
179	0
0	0
0	0
18	0
0	0
563	0
0	0
9	0
0	1
0	0
4658	0
13	0
1	0
12915	2
0	0
8	0
1	0
673	1
1	0
3220	0
0	0
5	0
0	13
7	66
764	66
4	0
4	1
10	0
15	0
0	9
2005	1
30	0
2	5
0	0
0	1
616	779
1	0
0	4
113	68
7919	849
7	0
33	1
1718	0
15	0
8	0
1361	58
6	43
58	15
309	0
10	254
6	0
75	254
0	0
0	0
0	0
0	0
1	0
3	0
1707	0
0	0
4356	0
0	0
8	4
7	0
0	0
2	0
9	0
3	0
3	0
4	28
127	28
92	0
4356	2
5	0
0	0
0	0
963	0
0	0
1198	1
0	1
0	0
0	0
0	0
219	0
1	669
142	0
2	0
181	0
259	0
5810	1
0	0
6	0
263	0
0	0
0	1
573	0
0	0
0	0
236	0
0	0
1914	1
414	0
0	0
0	0
2418	2
1	0
2184	2088
107	2088
4473	0
2	0
1	0
26	0
1	0
0	0
6	0
1152	169
84	169
2	0
656	3
0	0
0	0
0	0
1885	0
0	0
0	0
1848	0
2	2
14	0
741	0
0	0
5	0
0	0
0	0
3685	1
1747	2
33	16
1	0
691	0
348	0
0	0
0	0
0	0
0	1
3449	1
1	0
32	346
637	346
722	0
0	0
0	0
0	0
629	53
79	54
0	0
11	27
397	27
0	0
0	0
51	0
3	0
0	1
1	1
10413	9
2	0
3	1
5	7
12	9
2	3
3830	0
0	0
1	0
304	0
522	0
18	0
25	0
0	0
644	0
0	0
174	0
50	11
0	0
7	11
0	11
381	0
2	2
63	0
2996	0
0	0
2	2
0	0
5	0
836	0
49	0
0	0
17	0
0	0
66	0
408	0
5	0
0	0
0	0
588	1
6	0
0	0
0	0
0	1
7	0
0	0
0	0
0	2
2	0
0	0
0	0
0	0
742	0
0	0
0	0
148	149
80	149
0	0
0	0
7	0
0	0
0	0
1688	3
2	0
1	0
4	0
0	0
1307	1
2	0
391039	59838
725	107
0	0
0	0
2	0
0	0
0	0
12	0
0	0
696	0
7	0
0	0
0	0
0	0
0	0
13	3
4	0
87	0
15	0
0	0
56	0
1	0
0	0
0	0
0	0
0	0
0	0
0	0
5	0
0	0
0	0
1817	0
2099	1
0	0
0	0
1	0
0	0
0	0
47	213
19	213
0	0
162406	59642
0	348
0	0
2930	0
3369	621
8	619
0	0
0	0
1	0
0	0
0	0
685	0
0	0
3617	63
1	61
1264	0
0	0
1765	0
0	0
0	0
0	0
1	0
0	0
0	3
0	335
1660	0
0	0
1	0
0	0
0	0
1209	1108
346	1108
1	0
0	15
17	15
2	0
0	0
551	161
0	161
779	0
1	0
0	0
2	0
3	0
6860	0
0	0
0	0
53	1
9	1
0	7
0	0
10	14
19	14
412	0
2	0
0	0
1	0
73	131
0	0
0	0
1082	0
441	514
235	514
0	0
0	0
0	0
0	0
386	0
0	0
6	448
2190	448
10	0
2191	0
21	0
1	1
572	895
11	895
2	0
0	0
0	0
2588	1
0	0
0	0
8	0
17	137
75	137
0	0
11	0
1	202
161	202
537	0
1	0
1	0
5	2
6250	2
0	0
9	1
6	0
0	0
0	0
240	0
51	35
1	0
0	0
7018	2
44	1
0	0
1	5
0	0
0	0
608	0
0	0
1673	0
82	131
4	131
2	0
0	0
0	0
0	0
555	0
0	0
4	1
80	0
0	0
0	0
27	1
11	0
0	0
450	1
0	0
13	0
1220	0
74	0
16	0
705	35
4	0
18	14
6	0
0	34
45	3
0	0
79	80
0	0
0	3
35	625
14663	628
9682	58
184	62
69	62
982	0
1883	0
73	2
0	0
0	0
0	0
1	0
9	0
30	41
1	41
0	0
3	49
0	0
0	0
9	0
1056	0
2678	0
37	0
3	0
0	0
3426	2
0	3
3	2
0	0
2	0
2	1
1271	3
0	0
2	0
212	0
0	0
247	0
0	1
39	4
37	4
1299	0
24	0
0	0
634	0
0	0
215	0
0	0
1344	0
158	11
0	0
1178	1
0	0
1344	0
119	0
0	0
1	0
3	0
1717	0
5	0
839	1
0	0
1922	0
6	0
5	0
6	0
0	2
11	4
7	4
1	0
5	0
0	0
0	0
0	0
8	0
18	2
0	0
0	0
12	2
0	0
122	56
2	0
0	0
0	0
0	0
6093	2
0	0
901	0
0	0
33	0
0	0
0	0
10329	3
0	5
0	5
2	0
2	0
13	0
0	0
529	0
14581	2
38	1
0	0
631	938
0	938
0	0
0	2
0	0
4	0
0	0
1005	0
2	0
0	0
0	1
0	1
0	0
0	0
0	0
214	0
0	1
1	0
0	0
0	0
3405	66
21	64
2	0
0	0
13	0
46307	13
0	0
5	0
2623	1
0	0
0	0
0	0
0	0
1646	1
30	21
13	21
6	0
15	0
1	1
5	1
3	0
2	0
12	0
0	0
0	0
0	0
6	1
0	68
2	0
23	0
7	0
0	0
0	0
0	0
2	0
3	0
866	14
2	0
0	0
0	0
0	0
0	0
993	1
0	0
5	0
0	0
563	0
1	0
7	0
0	0
22	0
524	0
662	0
0	0
0	0
1	0
0	0
9	0
1199	0
0	2
0	0
2126	0
0	0
0	513
0	0
4	4
20	0
2180	1
5	12
6	6
287	0
0	0
1	0
0	0
0	0
494	0
254	1
0	0
110	0
111	540
16	445
50	416
1	0
0	0
9605	3
1	0
0	0
0	0
0	9
0	0
35454	9
0	0
47	0
0	0
1	8
191	0
0	0
139	0
3157	3
63	1
1	0
2516	5
2	0
0	0
0	0
6	0
36	0
869	0
21	0
2681	1
0	0
902	0
0	0
0	0
2	0
0	0
1	0
482	16170
13984	16171
2	3
0	0
1646	1
7	0
2	0
1	0
1	0
6164	4
3	0
9303	8
0	0
0	0
0	0
0	0
1	0
0	0
0	0
0	0
0	0
0	0
2	0
0	337
0	126
2227	131
55	131
54	0
0	0
2	0
0	0
810	0
2	0
2262	0
0	0
4	1
0	0
0	0
0	0
0	0
44	0
975	0
6	2
7	0
0	0
3576	1
1	0
0	0
444	0
0	0
9	0
2042	0
1562	88
54	1
25	88
28	1
15	0
0	0
0	0
0	0
5	0
0	0
0	0
12	0
1	0
5	0
0	0
0	0
0	0
49	0
407	292
45	292
1	0
0	0
2097	1
672	0
0	0
21	5
2	0
17198	8
5	0
1	0
1	0
2	0
1	2
4	0
624	0
1	0
26	0
5	0
1	243
2268	248
3	0
0	0
0	0
489	0
0	0
444	0
0	0
4210	3
6324	2
0	0
1	0
0	0
1	0
3	19
8	60
4240	8
60	5
30	0
30	0
132	32
55	0
213	0
1191	0
3	0
2269	3
21	2
1830	0
2746	0
1177	0
2	267
1	0
0	0
0	0
1	5
0	0
712	1
0	0
1	3
5	0
1	0
0	0
0	0
2544	1
0	0
3	0
0	0
0	1
0	0
4	0
0	0
0	1
0	0
35	0
3348	1
0	1
14	1
8	0
2	2
4	2
101	0
30	1
0	0
0	0
0	0
0	0
0	0
1891	0
7	0
109	2
35	1
212	0
0	0
1662	0
0	0
1	0
8	0
607	1
0	0
2857	1
1	0
200	0
0	0
0	0
1039	0
0	0
0	0
0	0
0	0
431	0
20	0
978	0
0	0
4	0
1979	49
0	48
1581	0
1438	0
7	0
0	0
0	0
23	0
12	0
2	0
0	0
3475	2
0	0
60	166
267	872
5867	873
4	0
3127	2
115	2
0	4
4	0
31	0
1436	1
0	0
0	0
1	0
35052	8
297	0
1	0
0	0
0	0
0	0
0	0
4622	0
0	0
3	0
1	0
254	43
2	0
7	43
2	4
0	0
22	0
1	0
2037	2
27	4
37	0
2105	1
0	0
3	4
0	0
2709	1846
62	1844
4	7
1	2
1992	1698
15	1698
1	0
0	0
2788	1
0	0
4	0
2	0
5969	2
3	320
0	0
4	0
7	0
0	0
540	1
23	3
1	0
747	0
0	0
11	2
12	0
6023	6
0	0
2	0
217	238
11	238
10191	4
1	0
21	0
2	0
5	0
0	0
250	0
1	1
79	0
8	0
0	0
4	1
2	30
310	30
2	2
0	0
1	0
6319	0
16	0
1	0
115	0
1	0
0	0
0	0
4930	0
0	0
1	0
149	0
254	70
69	70
612	0
1125	0
2	0
0	0
6	7
13	0
288	0
0	0
15587	12
129	6
0	0
740	24
8	24
0	0
0	0
1	0
155	84
625	84
3	0
25	0
0	0
0	0
0	0
953	0
0	0
0	0
4	0
40	0
59	0
1	4
16	4
3547	1
1019	0
2	0
0	0
0	0
3186	0
13	1
0	0
351	0
0	0
0	0
813	0
0	0
0	0
3187	1
1	0
0	0
1449	0
0	2
0	2
2	0
4	650
0	0
0	0
11	0
0	2
0	3
21979	16
0	0
0	0
2	0
2	0
0	0
0	0
0	0
417	0
5	0
1672	0
5	0
31	3
5	1
0	0
0	0
0	0
106	0
0	0
0	0
10	0
2	0
0	0
2	0
430	22
4	22
0	0
0	0
0	0
0	0
946	0
0	0
0	0
1	0
6	0
896	0
1081	1
0	7
2	1
0	0
0	0
22	0
5	0
0	0
3	0
18	0
2	2
0	0
2	7
0	0
0	14
6	14
4870	2
679	0
2	0
529	0
0	0
1	0
0	0
0	0
11	0
5630	1
242	0
1	3
0	5
0	2
0	11
1	14
0	0
1	0
1	0
7	0
95	0
32	0
0	0
84	642
2310	650
1	0
66	8
6	0
0	0
392	0
1	0
0	0
136	0
0	0
11	0
12902	6
0	0
6027	0
0	0
3	0
0	0
177	0
3467	1
0	0
13	2
0	0
0	0
14	0
4284	1
6092	4
0	0
0	0
0	0
2	0
0	3
0	0
0	0
0	0
0	0
0	0
0	0
18	1
0	0
1	0
11	0
0	2
5	0
0	0
5	0
1580	1
1	0
103	123
85	123
0	0
0	0
10	0
0	0
460	0
0	0
0	0
13	0
122	0
0	1
3	0
3	0
593	0
122	0
0	0
8044	1
0	0
2	0
0	0
1	0
0	2
300	0
0	0
0	0
0	0
12	0
11	0
24	1
1	0
1	0
7	0
0	0
1	3
1	0
2	3
0	0
0	0
0	0
26	2
0	0
0	0
1	0
301	0
3	0
2	0
2	0
4	0
1402	2
0	0
2	0
5	0
617	1
0	218
3	0
0	0
2	0
2	0
2	0
8	1
0	0
0	0
0	0
3	0
0	0
45	2
4	0
2	0
0	0
0	0
3	0
4	0
1	0
667	0
0	0
569	0
1229	0
3964	1
63440	17
78	1
1468	0
1231	0
0	0
11	0
2	0
1347	1
0	3
0	5
0	0
2	0
3	0
6	0
0	0
0	0
4	0
4068	4
0	0
1	0
0	0
0	0
0	0
5	0
51	4
0	0
0	0
0	0
46	14
1	0
33	0
2259	43
82251	67
0	0
1	3
2	0
3607	0
1	0
14903	5
710	127
15	0
19	127
8	0
3140	1
3	0
297	0
20	0
0	0
6	129
288	129
0	0
0	0
10775	1
0	0
542	0
0	0
0	0
1615	1
0	0
0	0
0	0
0	0
0	0
0	0
0	0
0	0
3	0
4	6
0	4
1	6
0	6
0	0
988	323
14	323
21	0
3	0
0	0
0	0
0	0
1	0
2763	0
0	0
490	326
1	326
1305	0
41	26821
6706	26824
8	0
0	0
2	0
10	3
0	0
0	0
596	0
11	0
27	0
10	0
0	0
6499	874
4	874
0	0
118	0
0	0
20020	3052
174	1778
0	0
0	0
0	0
5000	946
2120	327
52	1
60	21
0	0
10	0
1	0
9	0
2347	0
13	0
0	0
0	0
4	4
247	4
0	0
0	0
1931	0
3379	1
0	0
0	0
0	1
0	0
2	0
0	0
0	0
1934	0
1	0
1	0
0	0
0	0
1320	2
1	0
14	0
2	0
0	0
1601	2
0	4
0	5
0	0
2502	1
59	0
5	0
2	0
8	6
6	1
35645	27
18	3
429	231
0	221
2	0
0	0
5	0
0	0
1551	0
3004	2
541	5
0	0
9	0
0	0
0	0
73	0
0	724
0	0
0	0
0	2
2	0
7	0
245	1
4	1
0	0
0	0
499	0
2	0
0	140
1456	0
1204	0
2	0
4	0
768	1
0	0
1	0
4	0
0	0
33	1
1	0
2035	0
0	0
0	0
2	0
0	0
6	0
245	0
3	0
0	0
0	0
15	0
0	0
79	2
0	0
5	0
25	0
15	0
19	0
2	0
994	0
2	0
13	0
1	0
10346	0
1	0
0	0
0	0
0	0
0	0
2326	2
2	0
0	0
0	0
0	0
1	0
0	0
12	0
0	0
0	0
755	0
0	0
0	0
3	0
241	0
1	0
0	0
1014	1
0	0
0	1
22479	5
3	0
0	54
2	0
4829	0
0	0
1	0
667	0
1	0
3	15
1	29
1	0
0	325
32	329
21909	13
57	1
10092	6
0	0
0	0
1	0
1797	2
6	0
0	0
49	39
573	40
0	0
0	4
0	0
296	0
0	0
0	0
5	0
0	0
16861	4
0	0
7	0
209	0
574	0
383	1
2	0
1312	7
2	0
0	0
4	0
5	0
8	0
0	0
3	0
285	1
0	0
0	0
0	0
14	0
20	1
4625	75
1	74
1083	0
2173	2
351	0
10021	3
700	0
0	0
238	152
3	0
0	40
0	255
1	0
2	0
0	0
2	0
8164	1
11293	7
0	0
111	0
0	0
5140	2
13	0
61	0
0	92
0	5
1504	0
796	182
927	182
490	0
0	182
0	0
2	0
0	0
665	0
1354	3
0	0
0	0
55	7
3125	1
51	0
7	0
0	0
46	0
3	0
1	0
0	0
0	0
61	9
0	0
2	0
3	4
0	4
35	0
3	0
24	0
0	0
0	0
59	9
6	1
1538	2
5	1
1	0
3	0
0	4
0	4
0	3
1	0
88	0
0	18
0	536
23	77
2326	0
8	3
0	0
0	0
0	0
46907	11
0	0
0	0
25222	1589
0	1574
0	0
3	0
0	0
134	0
0	0
2	0
0	0
2	3
79	36
60	36
113	0
0	98
2	4
0	0
2527	1
0	0
10	0
0	0
1	2
223	348
128	348
0	0
0	0
0	0
418	0
126	0
547	0
0	0
4513	0
1554	0
2	4
83	182
32	144
424	0
0	0
0	0
4	0
486	0
0	0
1	6
0	0
0	4
0	122
1130	2
0	158
0	247
7	96
5	50
0	0
0	0
2466	0
0	0
448	0
0	0
0	0
0	0
2	0
0	0
0	0
0	0
7	0
2428	0
6857	250
0	247
92	0
0	0
2	2
2	0
144026	3989
5	47
234	48
0	0
20495	3962
541	0
1107	0
127992	71
1405	37
35895	891
0	0
18	178
0	0
0	702
0	2
1	0
7	0
0	5
1	0
78510	6608
0	6587
0	0
0	0
1180	0
24	8
35	48
6	0
0	0
14	0
0	0
3253	2
0	0
2801	0
14	1
823	0
0	0
0	0
4	0
0	0
0	0
0	0
0	0
0	0
0	0
378	2
1	2
0	0
0	0
4	0
1183	0
837	0
0	0
377	0
0	0
0	0
4	5
105	0
429	0
9	5002
10326	5008
799	0
0	0
15	0
0	0
1	0
2	1
0	0
0	0
519	0
191	0
1012	0
2602	6
13	6
22	0
0	0
0	0
0	0
0	0
0	0
0	0
9	0
2	0
0	0
1	0
0	13
0	2
0	0
0	3
3	0
1	0
0	0
5	0
0	0
0	2
0	0
0	0
0	0
1	3
231	0
0	0
0	0
6	306
1	0
1	0
16	10017
4297	10018
5	0
644	0
1	0
4329	5
0	0
3	0
1	0
0	0
0	0
13	0
3	0
2	0
11	0
1890	0
0	0
0	18
37	0
0	0
601	0
5	0
0	0
15737	1
20	14
4138	1
650	716
1	716
0	0
26	4
0	0
232	152
0	0
7	0
0	0
14	0
0	0
0	0
566	922
7020	922
2	0
1082	0
15	0
0	0
584	0
620	0
0	5
0	0
751	0
0	0
8	0
0	0
1	0
3	0
1	0
0	0
0	0
15	0
1	0
3476	0
1	0
1	0
4650	0
2	0
1	1
0	0
1	0
1305	0
0	0
0	0
5	0
0	0
3401	189
10	188
8	0
6	0
0	0
1	0
1	0
0	3306
0	0
0	0
1	0
2	0
4	0
781	0
24	0
0	0
0	0
99	5
0	0
1421	141
691	141
0	0
0	0
2067	3
0	0
0	0
0	0
1	0
49	2
301	40
1	0
2	40
2	0
0	0
7	0
7	2
0	0
0	0
148	88
91	88
35	10
1	0
1	0
488	0
27	0
11	0
246	0
0	0
39	7
169	0
9647	6
0	113
0	21
0	0
0	0
2	1
274	0
0	0
1904	2
0	0
0	0
16	0
0	0
2130	1
1	0
18	0
18	0
8756	3
0	0
1605	1
2	4
0	0
3	0
0	1
0	0
6	3
0	0
0	12
0	0
0	0
106	0
0	0
1880	0
5891	4
20	0
76	112
1996	1
53	0
431	61
19	31
4	30
36	0
0	0
1593	1
14	0
0	0
1	0
0	546
7	8
31	9
4	43
4	1
0	0
684	0
0	0
0	169
0	24
1	2
0	6
1	0
0	0
0	0
20	0
2	0
44	0
6	0
53	0
302	83
10	0
2	82
1	0
0	0
3326	1
16	0
0	0
214	0
0	0
0	0
37	4
435	0
1082	0
0	0
1	0
85	0
0	0
0	0
13	5
9728	2
0	0
0	0
0	0
1102	0
0	0
2	0
0	0
0	0
695	1142
30	1142
0	0
1	5
3	3
0	0
0	0
0	0
0	0
6	0
0	0
0	0
1206	0
49	0
0	0
8	0
0	0
0	0
2	1
0	0
0	0
0	0
29	0
0	0
10	28
0	0
0	0
0	0
147	0
1	0
12	0
1	0
1	0
5	2
0	6
798	0
0	0
0	0
4	0
1622	0
95	7
8087	397
5	0
11	392
1	0
4	0
0	0
0	0
1	0
1	0
0	0
0	0
0	0
0	0
0	0
2105	1
0	0
2059	1
0	0
0	0
407	0
11	80
0	0
0	0
1	0
0	0
0	0
0	0
617	0
3	0
1720	1138
133	1136
42	0
0	0
9	0
7543	6
1	0
1	0
0	0
230	0
0	0
0	0
411	0
10	0
1	0
4	0
0	0
0	0
0	0
3366	0
0	0
0	0
68	16
290	16
1849	1
1	1
237	0
0	0
0	0
384	950
1	950
0	0
6104	0
1	0
1	0
0	0
341	0
0	0
5	0
2	0
249	0
1	0
0	1
4	0
0	0
36	10
184	14
57	0
0	4
1183	1
0	1
991	453
390	452
2	0
0	0
1063	95
680	96
1	0
3	0
2	0
1	4
1	2
790	0
2	0
0	0
0	0
76	0
4	0
0	0
1837	1643
0	0
0	0
0	0
0	0
12	1
1	0
3	0
1	0
217	19
81	1
1	0
11	0
15	0
10	1
6	1
0	0
22	0
2	0
0	0
1	1
0	1
0	0
0	0
1136	0
0	0
2656	1
0	0
0	0
0	0
0	0
1	4
3	2
1502	1937
163	1937
0	1
512	1
17	1
0	0
4	0
7	0
0	0
0	0
1665	0
2	0
0	0
0	0
4	5
2	0
0	0
0	0
0	1
1172	715
9	715
2	0
10296	1
0	0
3	1
1	2
870	655
398	655
0	0
1089	0
0	0
0	0
0	5
2055	1
21	20
0	19
3	0
69	0
0	0
11	9
245	140
31	1
0	0
1	0
1	3
257	1318
1	0
4	9
305	1336
0	89
0	75
0	97
0	0
0	0
4	0
3	0
0	0
0	0
0	0
0	0
1	0
3	0
1	0
38	1
4	0
370	0
2037	2
120	1
1	0
0	0
0	0
0	0
1463	1
0	0
1	0
15	0
4	0
647	0
0	1
146	122
0	122
149	0
6	0
10777	4
0	0
0	0
1	0
104	6
58	25
0	0
0	3
0	1
1	0
7	3
0	0
98	0
15	0
7	0
2	0
137	0
0	0
0	0
104	171
11	171
3	0
1391	0
23	0
175	0
1	0
2	17
2	17
4681	2
8	0
1	0
0	0
0	41
0	33
0	26
0	42
0	42
0	37
0	37
0	26
0	26
0	42
0	45
0	30
0	42
0	25
0	37
0	42
0	41
0	42
0	45
0	26
0	26
9	30
0	4
0	1
0	2
0	0
61137	26
3287	0
2	0
2	0
22	45
3	45
0	0
0	0
0	0
101	756
0	0
6	0
3	0
17	214
0	1139
1	0
0	30
79	1153
65	43
17	6
0	0
1	0
0	0
641	13
0	0
2	0
0	0
1969	53
931	2
0	0
567	1
7	0
1	0
2170	1
0	0
4	0
0	0
0	0
7	0
79	61
5	0
0	0
0	0
0	0
7	191
1049	191
0	0
0	0
2414	8
25	19
991	14
106	22
8	0
575	0
10	144
0	0
0	0
871	675
0	675
340	1
0	0
771	1
1	0
0	0
0	0
3	0
2	0
0	0
6766	1
0	61
2	0
333	0
0	0
0	0
5	0
0	0
21	11
1	0
0	0
2	0
0	1
4517	3
0	0
4	0
11	0
682	1
0	0
0	0
0	0
1232	0
2961	4
5	1
3	0
0	0
7	0
36	0
37	511
0	0
0	0
132	7
1	0
16	0
0	0
4	0
1929	513
0	0
16	0
301	0
0	0
2	0
0	0
3523	0
0	0
6	0
0	0
0	0
0	0
0	0
0	0
521	0
0	0
0	0
0	0
1	0
2	20
1	0
0	0
4	0
93	0
0	0
0	0
1	0
0	0
0	0
553	0
0	1
2	0
0	0
6	0
6	7
1	7
5931	2
1	0
850	0
0	0
0	0
0	0
0	2
0	0
1	0
506	0
503	0
2927	0
4	0
0	0
20	0
0	0
8	0
0	0
0	0
100	0
0	0
1	0
0	0
1036	3
2	0
0	0
1544	0
0	0
46	0
0	0
0	1
3053	2
0	0
0	0
2	894
545	894
0	0
1	0
1	0
1	0
938	1
0	0
3	0
0	0
0	0
0	0
0	0
0	0
30	1
1	0
0	0
1	0
0	0
13	19
2	1
0	0
1	0
0	0
0	0
0	0
9119	0
2	0
2	0
0	0
286	0
0	0
1702	1
33	97
0	0
2	0
1	0
9333	121
243	121
0	0
3	0
460	0
1	0
4	0
0	0
0	0
0	0
1	0
0	0
3	0
1994	0
1	0
0	508
0	7
0	155
4	1
0	30
1	0
335	0
0	0
2	0
0	0
0	0
0	0
0	0
1	0
1	0
28	0
0	1
689	1
2	0
407	61
6	60
5069	4
263	0
1489	0
0	0
0	0
0	3
0	1
0	0
0	0
0	1
0	0
0	0
1	0
29	0
4	0
1634	0
14460	10
1545	0
0	0
81	0
0	0
1	0
0	2
20463	4
1513	0
619	0
0	0
0	0
0	0
14	0
4	0
242	0
2	0
0	0
0	0
0	0
2	0
2240	2
0	0
0	0
23	0
0	0
3	0
0	0
122	0
4	0
0	3
32	0
0	0
1896	0
15	0
0	2
0	0
0	0
682	1
1	0
799	1
0	0
0	0
3186	2
795	0
3	0
361	0
2	1
431	0
0	0
0	0
0	0
0	0
1	0
0	0
0	0
3	0
0	0
1437	2
0	0
2516	7
1	0
0	0
0	0
3	4
0	0
0	0
25	0
59	2
0	0
5942	496
12	446
0	0
41	49
67	0
0	0
9	0
32	0
0	0
0	0
0	0
0	1
1950	1516
42	1517
8655	3
0	0
18	0
2831	5
0	0
1	0
1	4
0	0
12549	2
45	59
5	59
1	0
0	0
373	0
2	0
0	0
169	496
2	496
0	0
0	0
5	0
293	21
1	21
0	0
0	0
1576	0
2	0
0	1
372	1
1	0
11	0
0	0
1963	1
0	0
5	0
600	0
72	0
8	0
109	0
0	0
0	0
1	0
438	408
0	408
14	0
1	1
0	0
0	0
0	0
2	0
10	0
2	0
5	0
664	331
10	0
67	0
1	0
0	0
0	0
2	0
43	2
115	4
3	0
0	0
36	0
416	525
11	193
1	0
2	0
0	0
2543	0
0	0
0	0
0	0
55	0
0	0
1380	0
38	2
1184	0
98	0
1	0
0	11
0	110
0	11
2	0
2	0
0	0
0	0
0	2
0	1
0	0
164	73
0	73
14	0
1401	3
5	3
0	0
5	1
2	2
0	0
0	0
0	0
0	0
669	40
0	0
0	18
2	0
1	0
0	40
0	0
3380	0
0	0
4	0
12	0
104	163
0	163
0	0
2158	0
2	0
1	0
1	0
3	0
10	0
20	1
8	0
0	4
3	0
1	0
2	0
57519	26
0	0
189	0
3	6
0	0
0	2
0	0
0	0
0	0
0	0
0	0
4	0
0	0
0	0
151	0
10	0
0	198
186	198
0	0
1	0
2945	131
4777	0
446	1
0	1
1262	932
0	0
2	0
3	0
0	0
4	0
4385	0
15307	5
2	0
613	0
0	0
0	0
0	0
0	0
131	0
0	0
11	0
3	0
3202	0
3610	3
0	0
1	0
0	0
4416	1
2	0
2522	2
11	0
0	0
44	0
804	0
11	0
0	0
3782	3
6	0
2348	1
0	0
0	0
12	0
35	0
2276	1
3	0
2	0
782	0
8114	2
0	0
46991	13
5	0
122	3
0	0
1217	1
0	0
6	0
0	0
0	0
7789	4
28	0
0	0
430	0
1056	1
5	0
0	0
2	1
0	0
0	0
0	0
0	1
0	1
1	0
131	0
0	0
0	0
0	0
62112	37251
33	37243
416	1
0	0
8	7
1	0
0	0
776	0
0	0
0	0
47	0
1781	0
834	0
0	0
0	0
0	0
7	0
981	2
2	0
236	0
8	2
0	0
17	0
322	0
0	0
0	0
18	0
863	3
1	0
33	0
0	0
0	0
0	2069
14198	2074
0	0
2497	0
2	0
0	0
0	0
0	0
956	0
53	0
0	0
0	0
0	0
4	0
1961	0
17	2
8	0
5	2
50	47
4	0
0	0
0	0
0	0
12256	183
9	33
9	0
24	146
492	0
15	0
3230	3
3	0
2699	1
0	0
0	0
508	0
0	0
0	0
4	866
3453	867
0	0
4	555
491	555
1	0
0	0
0	0
9370	3
0	0
5039	1
5	0
7	0
109	0
15	0
0	0
3	0
838	114
135	112
6	0
0	0
26	0
2	0
0	0
15	0
4	0
0	0
0	0
2	5
0	1
0	1
69	0
3	1
0	0
0	0
53	0
0	0
0	0
8	0
0	0
4	12
51	1
3	0
18	14
241	0
1	0
1	1
0	0
2	0
0	0
267	193
0	0
0	0
0	134
0	0
41	1
2	0
21	134
0	193
0	0
3	2
0	2
0	1
0	0
0	0
1	8
0	0
0	0
20	17
0	1
0	334
218	0
0	2
583	2
0	0
0	0
0	0
18820	6174
54	6168
0	0
12136	5
1	0
0	0
0	0
0	0
0	1
363	0
15181	6
9	0
2	0
2	1
1	1
91	71
10	71
0	12
3958	2
24	0
1	0
2	0
1	0
2	0
260	111
1001	112
0	0
7119	3
1560	0
0	1
0	0
0	0
1	0
0	0
0	0
2639	4
1	0
1303	0
0	0
0	0
495	0
0	0
4039	0
1	0
0	0
3	0
2325	1
0	0
0	0
0	0
800	0
0	0
0	0
0	0
5	0
11	0
2	0
2104	1252
0	85
0	26
4933	1252
0	0
0	0
2	0
0	0
2967	2
4	0
3	0
0	0
0	0
0	0
0	0
1	0
0	0
10	4
18	0
0	0
0	0
2	2
0	2
67	0
3	0
24	0
0	0
200	44
43	44
1	67
0	4
1	7
0	24
0	14
0	0
0	0
13516	6
0	0
675	0
0	3
0	3
0	0
3896	0
5	0
1	0
426	0
13	0
0	0
0	0
0	47
0	21
0	0
1	0
0	0
5	0
3	0
16	3
1	6
0	0
0	4
7	0
23	1
9	1
0	0
0	0
1	0
892	0
0	0
4534	15
0	15
3	0
2	0
1026	0
0	0
1	0
0	0
7	0
0	0
1	0
0	0
3868	1
0	0
0	0
0	0
3451	0
1983	0
7882	2
1	0
2781	1
0	3
0	3
2	0
0	0
2	0
15	0
0	0
0	0
368	0
37	0
109	3
37	2
9	0
0	0
2	0
4	3
0	0
0	0
0	2
0	0
2	1
1	0
2465	0
0	0
0	0
0	0
1	0
3729	2
0	0
1397	1
0	0
0	0
4	0
4318	4
178	0
6	0
1	0
0	0
2	3
0	0
0	0
0	0
1	0
0	0
0	0
0	0
5	0
0	0
0	2
4814	1
0	0
0	0
662	0
0	0
0	0
1	12
4199	1
0	0
0	0
6	2
3	0
1	2
0	8
0	0
0	0
0	0
2677	0
0	0
0	0
5	0
5	1
1	0
385	0
0	0
230	0
0	0
0	0
1	3
130	32
2430	1
0	0
773	0
4	0
3	0
0	0
3	0
1	0
0	0
0	0
0	0
369	0
1	0
0	0
1705	1
0	0
8	0
3	0
0	0
5	0
0	0
0	0
545	0
10	1
1	0
759	2
4820	2
0	0
10	3
0	0
29	0
0	0
0	0
2	0
2497	4
0	0
0	0
3	0
0	0
1	0
35	0
1813	0
0	0
0	0
10	0
1171	1448
239	1448
28	3
228	0
6954	1
35	67
0	0
0	0
0	0
0	1
1797	1
19	0
3	0
0	4
8	4
1	0
5	0
8	1
1	0
0	0
3351	5
0	0
12	0
9	0
3376	2
0	0
0	0
1560	1
0	0
3	0
202	0
0	0
1863	0
0	0
3137	115
19	114
4	0
0	337
853	0
0	0
5636	2
0	0
729	0
0	0
3	0
0	0
2	37
0	0
0	0
0	0
3	0
2	0
8	0
2363	68
7	66
6	0
12773	7
7659	0
0	0
2	0
0	0
0	0
0	0
527	0
7	0
0	0
2	0
404	0
0	0
0	0
5	0
16586	6
0	0
403	0
4	2
23	0
0	0
0	0
2539	649
0	0
0	0
1	0
0	1
193	493
7740	3536
3	0
2	0
0	0
0	1
0	0
37	27
0	0
404	2893
0	0
4370	2933
1329	0
0	0
231	0
7	0
9	0
2	0
4733	0
12	0
1251	0
1	0
2	0
842	614
77	0
120	614
14896	12
312	4
0	0
0	0
1	0
231	0
0	0
3	0
2	0
21553	112
411	104
9	0
1572	118
0	118
422	0
2	6
3277	6
0	0
0	0
0	0
0	0
140	0
2	0
0	0
4686	0
36	0
0	0
0	1
0	2
0	0
381	0
5	0
654	0
0	0
0	0
2	0
1075	227
381	227
0	0
0	0
0	0
1065	0
211	160
0	160
0	0
0	1
0	14
1610	2
51	0
0	0
0	0
0	1
1176	0
4	1
0	1
0	470
21141	2378
0	1440
0	462
0	0
1	108
761	108
3	0
360	281
32	281
1	0
1	0
23	27
308	27
0	0
6	0
3883	1
0	0
0	0
0	0
1613	0
0	0
306	331
1	331
13	0
0	1
0	5
0	5
32	0
87	0
80	0
0	0
0	0
0	0
17	0
0	0
0	98
0	387
2479	438
50	437
61	0
0	0
266	0
0	0
0	0
0	0
0	0
1753	319
4	0
0	0
0	0
0	0
326	0
3	26
0	0
0	0
0	0
5	13
0	0
0	2
0	0
140	0
7	12
0	0
317	0
4526	4
0	0
0	0
1	1
0	1
16	9
0	0
0	0
0	0
1901	0
4877	1
0	0
2	0
675	5
0	0
0	0
13	15
6	0
4	0
8	0
12	254
570	254
0	0
27	0
1	0
3721	5
0	0
15	0
0	0
0	1
0	0
7	0
0	0
509	0
6	0
1	0
0	6
530	7
0	0
0	0
1218	0
0	0
19	0
0	0
2	0
0	0
4470	0
1	0
1	0
4558	0
14	1
0	0
5	0
3	0
2	0
1124	0
0	0
2000	0
0	0
0	0
65	116
5114	0
3	0
11	0
0	0
979	0
0	1
0	0
50	12
1	0
0	0
3242	2
7	0
1	0
2	0
0	0
20	0
1	0
3506	15
3	1
0	0
4	0
0	0
1730	345
0	0
156	0
11	0
16	345
26	22
2647	1
0	0
4635	2
0	0
6835	1
2822	1
0	0
0	0
0	0
177	0
54	130
2431	130
4	2
24808	8
14979	4
245	0
0	0
19	0
4	0
2	0
0	0
220	0
0	0
11	0
2	0
0	0
35	0
357	75
34	75
8	347
0	347
7	0
7	0
258	4
4125	4
1	16
0	0
98	777
154	21
109	775
19	121
0	0
0	0
253	0
0	0
0	0
0	0
115	145
6	145
0	0
0	0
0	0
2716	0
2	0
118	7
3	0
0	0
0	0
32463	16
1171	1
263	1
0	0
6	0
35	1
0	0
0	13
0	0
0	0
0	2
0	0
0	0
0	2
0	0
6	40
0	0
0	2
0	0
75	0
0	0
5	0
19	3
4	1
0	0
5	0
0	0
40	0
211	0
0	0
299	0
134	0
5	0
1307	1
4	0
6	1
5629	3868
377	3866
146	0
1	0
968	5
4	0
5993	2
2	0
39	1
245	0
26	0
44	0
4	0
53	0
0	0
0	0
0	0
207	120
151	120
2592	2
17	1
0	2
0	0
13	0
79	43
4	0
3	0
0	0
1	2
111	0
2	0
46	2
0	0
165	6780
0	0
7	0
0	0
995	6780
0	0
16	0
2903	1
7	0
0	0
1	0
0	0
6	1
0	0
12	3
1	0
57	274
1	274
0	0
0	0
0	0
37	0
0	0
4076	1
1992	1
0	54
0	308
1	0
0	0
0	0
0	0
20	0
57	16
1	0
98	0
0	11
0	0
1236	0
63	0
5	0
1172	0
9	0
0	0
399	0
1	0
16	21
128	20
0	0
0	0
0	0
0	0
11129	1
1558	853
49	853
1	0
2	0
319	0
0	0
0	0
0	0
1	0
3084	1
2	0
0	0
0	0
2555	0
2	0
8	121
268	121
0	0
0	0
3	1
3339	1
13	1
1567	247
24	247
3	0
1	0
3782	454
15	454
0	0
1352	1
18	53
14	0
898	0
6	0
1	0
0	0
0	0
18030	7458
437	0
0	0
370	4
0	4
0	0
3	1
0	0
0	0
0	0
628	0
0	0
58	0
0	0
0	0
0	93
15	1500
17200	10652
148	575
0	0
0	0
11	0
4	0
2	1
4056	2144
186	7
0	0
806	1863
0	0
828	195
43	0
11	0
55	0
52	0
0	0
0	0
1	0
0	0
21	0
1	0
11	0
0	0
0	0
553	0
0	0
17	0
0	0
3	0
0	0
1391	0
2	0
0	0
3	0
0	0
0	0
1118	2
0	0
0	0
0	0
0	0
0	0
1	0
0	0
169	0
0	2
601	319
2990	320
0	2
7	0
11	4
583	0
0	0
0	0
0	0
0	0
0	0
1916	0
0	0
15	0
0	0
2	0
0	0
4	0
0	0
0	0
2	0
0	0
7	0
0	0
0	0
0	0
0	0
0	0
0	0
2	0
0	0
0	0
11	0
21	0
66	0
0	0
0	15
39	15
1	0
0	0
36	52
0	0
5	1
6	0
0	0
655	0
0	0
0	0
0	0
2226	1
9	0
389	0
198	0
4	0
2	0
2081	0
1030	0
0	1
0	0
476	0
3	0
0	0
1	0
0	0
0	0
7324	3
274	62
3	62
8	0
1	0
0	0
828	0
2	0
0	0
564	319
3	319
2	0
50	0
0	0
602	1
3	1
2	0
0	0
5	0
0	2
9	4
182	209
0	209
0	0
0	0
39	0
0	12
1	23
4	0
5724	122
16	122
0	0
0	0
1	0
511	12
0	12
5	0
0	0
2	0
0	0
5009	2
1	1
0	1
2645	0
0	0
18	3
126	0
1	0
9	3
2437	1
0	0
1	0
2	76
4	0
0	0
455	0
4	0
3	0
1	0
1	0
0	0
0	0
0	0
377	0
39	0
1	0
54	0
0	0
6	0
12	11
0	0
4	0
736	0
0	0
3	0
12	0
4	2
0	0
1638	0
3	0
271	0
0	0
0	0
0	0
0	0
10	0
1	0
802	2
123	0
1	1
0	0
3	1
0	1
0	1
0	0
0	0
238	545
813	546
0	0
0	0
0	0
0	0
0	0
0	0
2	3
401	0
0	0
0	0
4	0
0	1
3943	0
1	0
0	0
914	0
101	42
3	42
0	0
1	0
0	0
0	0
1140	1
2	0
10	0
40	0
2	0
0	0
382	0
3560	0
28	0
2	0
15	6
4	0
0	0
33	0
1	0
859	0
0	0
3	0
0	0
0	0
910	0
0	0
80	0
0	0
0	0
305	238
17	239
14	50
6	2
0	0
0	0
8004	56
0	0
0	0
0	0
0	0
0	0
7674	1
3680	3
0	0
0	8
0	0
172	0
1812	1
2	0
3	0
0	0
670	0
0	0
0	0
0	0
1	0
0	0
11	0
1742	3
3	0
0	0
14	0
0	0
6653	3
119	0
3	0
0	3
0	0
0	0
292	0
86	0
1	0
0	0
0	0
0	0
0	0
2480	2
5	0
0	0
9	1
315	0
2	0
4	4
1	0
0	0
19528	9887
253	9883
446	0
118	0
9591	4
1	0
10327	8
0	0
0	0
0	0
5	0
19	0
0	1
26	0
42	0
0	5
33	5
833	478
17	478
11	0
37	0
0	0
3	0
52	0
0	0
4	0
966	1
0	0
5	0
0	0
0	0
5	4
0	6
588	35
3	35
5	0
262	0
0	0
1	0
0	0
22	39
0	0
6	475
329	475
0	0
0	0
1545	4402
12	4402
0	0
0	0
0	0
1865	0
0	3
28	0
0	0
356	415
23	415
2	0
0	0
1266	0
3	0
0	0
1	0
385	1
5	0
1	0
2	0
14	0
0	0
14	0
4	0
0	0
6	0
0	0
8	0
1	0
6	0
2	0
0	0
12	1
236	1
950	1
0	0
0	0
2	0
0	0
1	0
5	9
2	2
1	0
47	0
1	0
8388	3
0	0
0	0
0	0
5	1
0	0
0	0
0	0
0	0
155	0
0	0
84	0
74	0
274	0
0	0
1	0
4	0
0	0
9	1
579	0
0	0
0	0
2	4
625	0
2026	421
44	421
0	182
9	0
38	8
272	0
10	0
0	0
4	2
0	0
53	4
0	0
14	63
4	0
1	0
0	0
0	0
0	0
0	0
0	0
0	0
0	0
0	533
9	0
5	13
3	0
2	0
0	0
0	0
0	0
4	0
0	0
14	0
0	0
0	0
0	0
948	702
16	1
1088	0
3	0
1436	1
0	3
125	342
1115	342
0	0
0	0
18	0
0	0
0	0
1	0
3	0
5122	1
0	1777
6	75
0	0
0	0
4413	1
23	0
5	2
0	0
82	2
39	0
21	0
0	5
4	0
0	2
1176	0
2	6
0	0
2	2
0	2
654	0
5	0
0	0
0	0
0	0
0	25
0	4
0	12
27	779
9741	1
18	528
16	0
0	0
7	4
25	1
318	0
14	0
0	0
0	0
0	0
0	0
6944	1
1	0
2	0
982	1
0	0
4	0
91	0
0	0
0	1
0	29
2	1156
0	0
2108	1
3	1
0	1
19320	13
4	2
1	0
2	0
0	1
0	0
184	0
2	0
2	0
0	3
0	9
0	11
1809	0
10257	5
19402	12
881	11
0	0
12	0
0	145
0	0
0	0
0	0
0	25
0	1034
0	18
0	0
30	0
222	0
49	0
0	0
0	0
0	0
2	0
3	0
0	0
27	3
1	0
4	0
0	0
19	1
0	0
69	0
2	0
0	0
8	0
1	0
2880	54
66	53
6	0
0	0
0	0
0	0
2	1
0	0
6	0
4090	878
99	877
12	1
0	0
0	39
0	19
0	0
0	1
2	0
12210	7
1	2
17	0
0	1
281	932
0	64
0	0
17	0
0	1187
9	1429
33	329
4	0
43796	14
4	0
0	0
0	0
34	5
4	5
1	0
0	0
31	0
4	0
0	0
0	0
6	0
0	0
0	0
0	0
0	148
0	16
5	303
0	0
0	9
2032	0
35	0
5	0
0	0
7422	585
0	0
0	1
2926	1871
120	1024
796	847
0	0
0	47
13	1
0	0
0	0
3	0
3	0
33	47
3924	0
0	0
13	2
2726	1
0	0
1539	1
7	0
1	0
0	0
0	0
0	0
49	25
3046	1
0	0
1	0
698	0
0	0
3	1
2636	0
1	0
0	0
0	0
20	0
7534	1097
169	1095
0	0
2	0
1	0
0	262
0	31
0	0
2	0
0	0
0	0
2	0
4	0
1268	0
0	0
2	4
0	0
0	0
0	0
0	0
19524	10
75	0
1	0
0	0
2	0
0	0
2676	1
0	0
0	0
983	0
1	0
0	0
11	0
4	0
0	0
36	1
14	0
0	0
0	0
1666	277
0	0
10	1
5	0
0	0
1	0
6	0
85	57
1445	59
15	0
74	0
0	277
515	0
0	0
0	0
0	0
47	36
792	0
9	0
1	0
2	0
1097	0
10162	3932
51	3932
0	0
2683	0
0	0
426	0
300	105
0	105
0	0
0	0
2	0
333	0
7153	3
0	0
0	0
0	1
0	1
44	0
3	0
2	0
33	0
0	0
2	0
0	0
2	0
0	2
398	1
153	0
2	0
2	0
0	0
0	0
4	0
0	0
1	0
0	0
4	5
283	0
0	0
147	6
0	0
0	0
27	0
1	0
0	0
0	3
0	0
0	0
546	228
13	204
3	23
0	0
1	0
2	0
0	0
23	0
5434	305
28	304
10	0
14	0
21	0
8	0
5	0
1	0
3	0
0	0
0	4
518	143
0	139
3	0
2271	59
23	60
8	0
0	0
1769	1
1	0
10	0
0	0
0	0
0	0
3	0
7183	223
384	221
11455	3
7	1
1	0
2	2
0	0
0	280
0	27
0	51
5	3
8	0
4	1
21	3
1	0
1	0
0	0
28	0
2150	0
0	215
2326	215
3	0
0	0
0	0
1057	18
219	18
17	0
0	0
2573	626
65	626
0	0
87	0
0	0
0	0
0	0
79	0
659	0
10	0
0	0
0	0
2	0
26	0
93	0
2	0
0	0
24118	2192
52	2188
29781	12
131	246
92	245
4	0
98	0
101	0
24	0
53	0
1	0
37	0
95	0
0	0
0	0
8	0
0	0
0	0
0	0
5021	2
0	0
0	0
1146	172
423	172
287	0
56	0
18	0
0	0
1085	203
21	200
0	0
1	0
669	0
21	0
2	0
1466	0
49	2
0	0
7	0
588	0
1196	1
0	0
1	2
23	0
0	0
2	0
2	0
4	0
2149	1
0	0
2	0
3	0
13	0
4	0
1	0
4	4
0	0
1	773
0	3
0	49
3	0
4	0
0	0
1	0
1526	1
0	0
158	0
3	7
0	215
0	19
0	10
0	1095
0	0
2261	1
3	1
246	0
0	0
1	0
2753	337
90	336
547	0
7	0
4	0
4	0
71	0
0	0
0	0
6	0
0	0
0	0
2127	0
265	244
462	248
368	4
0	0
4	0
0	0
3	83
6020	2
0	0
5	0
4	0
0	0
8570	5
0	0
1	0
0	0
0	0
0	0
6474	7894
159	7894
0	0
13111	3
5	0
2708	1435
5	1435
1063	0
0	0
3	0
4	0
0	0
21	0
18	0
0	0
37	0
0	0
0	0
0	0
6	0
4	0
4	0
16	3
0	0
0	0
2750	0
0	0
7	0
0	0
6962	21
598	22
7	180
0	0
1103	1
0	0
1	0
0	0
0	0
408	0
12535	1
614	0
13	3
285	0
1	0
0	0
298	0
0	0
9	0
232	0
0	0
0	1
0	0
0	0
0	0
2964	0
0	0
0	0
24	15
0	0
1	1
0	23
14467	0
1	0
605	0
0	0
0	0
0	0
0	0
1124	2
2	0
0	0
7	0
0	0
50	0
0	13
0	0
0	0
5	0
0	0
0	0
41	10
0	8
0	0
1	0
0	8
0	0
0	0
0	0
6	0
0	1
0	0
2	0
0	0
103	20
0	77
27	83
0	0
0	0
0	0
3	1
0	0
77	0
57	0
8	4
0	0
1	0
3	339
533	339
0	1
0	0
506	0
0	0
5765	0
3	0
0	0
1357	143
58	143
0	0
124	0
9	4
0	0
841	0
1	0
0	0
1135	0
0	0
7	0
3284	0
0	0
0	0
1887	0
0	0
0	0
0	0
11886	8
0	0
0	0
0	4
0	0
2	0
0	0
1	0
1	0
0	0
0	1
2444	131
0	0
13	0
38	131
0	0
6303	20138
20297	23824
132	66
8	0
4	1
3	0
1	0
15	0
0	1
7	0
634	1
0	0
76	0
0	0
948	0
1	0
9	0
0	0
1432	1
10	75
0	0
42	0
0	0
0	0
0	0
1992	1
660	211
18	211
4	0
1243	1
0	0
30	0
0	0
0	0
1	0
7	0
0	0
0	0
0	0
0	0
0	0
6876	0
0	0
2	0
12	0
9	0
2	0
0	0
1547	1
0	0
1697	0
0	0
1419	0
0	0
30	14
2512	1
0	0
0	0
8480	3
0	0
0	0
80	0
19	3
1708	3
7169	1
1973	0
0	0
3	0
1	0
3	0
0	0
129	0
0	0
46	0
2344	133
0	0
0	0
0	0
2	79
4	0
229	118
0	0
885	0
0	0
137	136
38	607
126	0
290	0
89	14
0	0
0	0
0	0
30	311
3	0
411	2
7	5
5	0
675	231
9	0
2559	0
0	0
0	0
0	0
6	0
508	0
1849	0
0	0
5	7
1	0
2	0
0	0
1	0
2	0
0	0
1691	0
1	0
0	0
0	0
0	0
0	0
1	0
1	0
1460	0
1	0
0	1
1	2
521	0
6	0
0	0
0	0
0	0
7	0
70	95
6	95
1335	4
0	0
0	0
2	0
495	4
0	0
0	0
7	258
0	0
2	0
10400	4
1	0
0	0
4	9
4	0
0	0
2127	1
0	0
2	0
1	0
0	0
0	0
10593	7
0	0
0	0
0	0
0	0
27	1
205	0
0	0
6	0
0	4
0	4
31	0
0	0
2881	0
5	0
1273	0
6	0
2	0
0	0
0	0
70	41
857	41
45	0
1	0
1565	0
0	0
0	0
39	9
0	1
2973	0
5	0
0	0
1	6
0	0
3970	6
27	1
0	0
0	0
0	1
0	0
0	0
0	0
0	0
0	0
0	298
0	136
0	6
0	0
0	3
2	0
5079	0
2238	692
0	691
3	0
0	0
0	0
19245	1
7	0
16	0
3	0
242	0
0	0
5172	0
1050	0
0	1
0	169
0	99
0	4
0	1
246	0
0	5
0	0
2	0
45	0
0	0
51	2
0	0
7	0
17	2
0	0
6	0
1295	1
0	0
0	0
150	385
495	385
0	0
22	0
0	0
2	0
3	0
0	0
0	0
0	0
0	1
1270	0
18047	8
0	0
11	0
0	0
0	0
2170	618
61	618
7	0
1163	0
0	0
0	0
11072	9
0	0
0	0
3	0
376	0
0	0
0	0
2	0
3	1
1466	0
4	0
37	7
1226	1
221	10
5	10
78	0
13	0
4	38
669	38
1	0
0	0
0	0
7616	0
2	0
2689	248
1	248
0	0
0	2
23	0
0	0
946	0
2	0
0	0
0	0
672	0
463	29
2	0
30	29
5983	3
0	0
14	3
0	0
0	0
1174	0
2	0
22	0
384	0
0	0
68	86
10	86
1453	0
0	0
0	0
1	0
2266	2
2701	2
8	0
0	0
4	0
0	0
3398	5
1101	0
251	2
85	6
0	0
19	0
47	0
3	5
5459	1379
243	1379
0	0
13	0
1	0
0	0
577	1
0	0
2360	9
2	0
0	0
1	0
182	22
4	0
26	0
3	0
54	15
2	0
0	0
955	0
6	0
0	167
0	1
0	0
1	0
0	0
10	0
0	0
160	0
0	0
3	0
840	0
5	0
0	0
0	0
0	0
4	0
653	32
1	0
72	0
2	0
0	0
0	93
10	231
2	0
1463	0
0	0
1	0
0	0
0	84
0	0
0	0
1516	0
0	1
38	0
0	25
720	25
2	0
306	0
0	0
51	0
3	0
0	0
12	1
1654	116
42	115
0	0
5549	0
1	0
0	0
2	0
2	319
4434	320
197	0
432	0
25	213
5	139
0	0
0	0
0	0
271	6136
0	1
0	6140
1776	484
114	1792
9	0
1	0
1251	0
1	0
0	0
0	0
0	0
320	1
0	0
1089	1
18	8
1	8
6	0
369	0
3639	361
1	359
179	0
0	0
0	0
41	0
22	0
0	0
19	0
27	0
0	0
0	2
49	3
0	1
0	0
17	0
67	34
8	14
30	20
91	0
0	0
2	0
7	10
0	0
9	0
1	0
55	0
0	0
0	0
0	10
2	10
0	0
19	0
0	0
0	0
7	0
0	0
6	0
1	0
2	0
0	0
0	0
0	0
1	0
217	0
77	20
66	1
0	0
0	7
2	0
33	0
0	0
36	0
45	0
3	0
69	0
16	0
73	0
0	0
20	0
69	28
74	30
1	0
11	1
41	8
1	0
169	0
20	852
613	852
7	0
62	8
11	0
0	0
762	190
7	189
5	0
141	0
0	0
0	0
3	0
408	0
1	0
0	0
296	0
10	0
0	0
3	0
0	0
1	447
0	9
0	225
1	0
4936	3
3	1
239	425
0	425
2	0
7955	55
40	51
45982	45
262	11
13	185
172	185
53	5
2	0
50	5
6	1
26	0
2	0
913	0
40	0
77	0
5	0
0	0
0	0
1	0
499	0
7	3
47	0
0	0
24	1
0	0
5501	2
0	0
0	0
0	0
195	0
0	0
15	1021
0	2
58	3
0	0
0	0
1	0
1	0
0	0
0	0
0	0
0	0
0	0
9267	0
20	6
29	0
1452	0
10	0
0	0
0	276
570	0
9	5
1	0
28	0
532	0
1135	1
1087	0
17	1
0	0
327	53
140	0
0	0
2	1
40	0
3	0
23	0
115	0
206	53
9	15
0	0
0	0
0	0
0	0
0	0
3	0
1256	1
2	0
0	0
0	1
0	0
0	0
0	0
3	0
1	0
17	176
11	0
0	0
4786	2
1	0
0	0
0	0
0	0
1680	98
0	97
0	0
0	0
0	0
0	0
5587	2
0	0
0	0
3718	2
19	2
0	0
164	0
0	0
0	0
2	0
475	0
0	0
2389	1
1	0
0	0
0	0
3518	1
0	0
0	0
1647	0
16	46
9	0
0	0
0	0
0	0
0	0
1	0
3	0
3	0
662	0
47	0
0	0
4	0
0	0
0	0
10	0
3	0
1455	0
1	0
1628	1
0	0
0	0
0	0
397	0
0	0
5	0
1256	0
6	0
4	0
0	0
2508	15
2	15
0	0
0	0
0	0
3	0
13	0
192	0
0	0
0	0
5764	2
24	0
0	2840
0	0
4	0
1991	0
2	0
0	0
0	0
0	0
246	0
4	0
0	0
0	0
0	0
8	0
0	0
0	0
22225	2185
135	0
2060	2279
13	100
5	0
0	0
0	0
3	0
0	0
0	0
0	0
0	0
2	0
0	0
4	1
0	0
595	0
0	0
0	0
189	0
0	0
9648	8
0	0
687	1
0	0
500	0
0	0
1	0
1	0
1	3
0	0
263	360
80	360
0	0
30	0
0	0
8	0
0	0
0	0
1006	155
105	155
385	0
0	0
0	0
9	0
3700	4
860	2
2	0
1455	1
1213	2
0	0
7	18
0	0
0	0
4	2
5509	5
0	0
1205	1279
331	1279
1	0
21	0
1	1
5722	3
0	0
279	0
2	0
38	0
1481	0
1489	1
0	0
0	0
0	0
0	0
1	0
3	0
1	0
0	0
0	0
2	0
0	0
0	0
1	0
14	0
0	0
0	262
0	0
0	0
3	4
725	6
3	1
0	0
1348	0
0	1
8	2
0	0
2	0
0	0
1683	1
1	0
477	51
12	0
18	0
13	47
0	0
2716	4
2	0
806	0
514	2
265	0
0	0
0	0
0	0
1	0
0	0
2515	0
2	0
0	0
2	0
2519	0
0	0
0	0
0	0
2	0
0	0
0	0
0	0
0	0
2	0
0	0
8	682
3744	685
2	0
164	0
0	0
1	3
644	0
0	0
121	0
0	0
0	0
12	6
0	0
2	0
0	0
0	0
3	0
2	0
0	0
156	0
0	0
168	0
16	0
8	0
0	0
0	0
3	0
0	0
7	2
0	0
156	0
9	0
107	0
0	0
1	0
5	0
7	0
1	0
0	0
666	937
10	937
1	0
2	0
0	0
0	0
180	0
180	0
0	0
0	0
2	0
1	0
0	0
3	0
2	0
1	0
2	0
1	0
0	0
0	0
0	0
1	0
13	0
29	0
28	0
8	0
109	0
16	4
11	0
5	15
0	15
10	0
1146	0
18	0
1	0
1813	0
5	0
4460	1
1	0
28959	10
13	2
0	0
2	1
0	0
5	0
2354	0
0	0
38	0
0	0
5	1
0	0
3	2
0	0
0	4
0	0
0	0
75	18
0	0
0	0
1220	1
2	0
2	0
15	0
0	0
0	0
0	0
18	0
1	0
0	0
1	0
1	0
300	1
12951	2
0	0
0	1
0	0
1	0
10	0
0	0
0	0
552	48
225	48
1986	0
66	0
0	0
5146	0
2	6
3	0
1	0
0	0
0	0
0	0
0	0
0	0
4	6
494	213
0	213
6	0
2	0
4	0
0	0
3	0
2	0
3	0
0	0
2747	3
1	0
1	0
0	0
509	4
36	4
192	0
14	19
7	0
27544	10
338	521
1	521
2	0
1	2
0	0
2	13
28	1
32	0
15	0
1267	37
40	37
1	0
0	0
20	0
0	0
34	3
17	0
18	0
0	0
40	52
40	6
40	52
0	0
0	0
112	274
511	273
0	0
2	0
0	0
7	0
8	0
336	592
4	592
14	0
0	0
0	0
231	3
3	0
0	3
0	0
5009	439
1	438
1907	0
2693	2
17	0
0	0
0	0
0	0
0	0
196	0
0	0
2	0
5	0
1	0
35	0
0	11
1	0
699	0
0	0
0	0
1	0
4	0
0	0
0	0
0	0
1	1
2	0
0	0
225	0
0	0
8	0
2	0
0	0
0	0
1	0
5	16
0	0
0	0
0	0
0	0
2	8
2	2
0	45
0	23
0	0
3	1
1068	0
0	0
5	0
0	0
0	0
1	0
0	0
0	7
3974	3
0	0
2	0
0	0
228	18
0	18
0	0
0	0
50	21
0	0
0	1
4	0
216	0
1131	0
0	0
3	0
9301	1741
27	1740
0	0
0	0
1	2
2978	0
0	0
43	0
0	0
0	0
2260	2
0	0
4126	1
0	0
0	0
680	0
22704	7
844	0
2	1
0	0
3	0
8	26
21852	81
8	44
93	5
0	0
1686	0
7517	4
0	0
1	1
0	1
130	0
0	0
8	0
0	0
0	0
0	0
0	0
2	178
1195	178
0	0
0	0
2	0
0	0
1	2
5104	1
15	9
3	0
10368	4
0	0
1	6
0	0
1	0
9	0
1	0
0	0
16169	18202
0	2
0	0
0	0
314	0
29312	18206
0	0
1	0
631	1
686	0
0	0
0	0
0	0
49	0
1	0
20295	3
104	25
9	0
930	0
0	0
0	0
0	4
0	0
8440	4
0	0
0	14
2098	0
0	0
2	0
0	2
1	0
131	0
0	0
0	0
5	0
0	2
0	0
0	0
0	0
0	1
0	0
0	0
1	8
8974	6
0	0
0	0
0	0
0	0
0	67
0	34
814	377
2	377
2	0
0	0
6	290
310	291
2	2
0	0
0	0
0	0
0	0
0	0
0	0
0	0
93	0
396	0
0	0
22	0
0	3
0	1
0	1
1	1
3931	0
0	97
0	65
0	51
2117	1
12	1
0	0
0	0
5445	2035
41	2035
0	0
994	0
25	0
1	0
15	0
1	0
0	1
0	0
2004	0
0	0
0	0
0	1
13	165
0	43
2077	0
0	0
1	8
1	0
1	10
0	0
7	2
172	50
415	1
1	0
1560	0
0	0
173	0
3	0
0	0
6	0
456	94
2	94
0	123
0	0
6	7
0	167
0	0
1	166
40	49
55	8
0	0
1031	52
73	0
10	52
13	0
0	0
3394	25
8	25
2	0
0	0
660	9
202	9
1	0
794	0
1	1
0	0
10	0
0	0
1	0
102	39
6	39
0	0
0	0
0	0
5	2
1	0
16	0
4	0
5354	1
5	0
97	0
0	0
0	0
2	0
0	0
0	0
0	0
0	0
712	0
1	0
3656	2
0	3
0	1
1414	4
1	2
2	2
947	1
15	0
1	0
0	0
23	0
707	0
260	217
120	216
0	0
0	0
0	3
9	6
1995	1
1	0
6	0
0	0
1	1
2	0
4	1
0	0
0	0
0	0
0	0
0	0
0	0
0	0
0	0
0	0
1	0
0	0
0	0
0	0
0	0
0	0
371	0
2	0
2	0
2	0
3299	1
0	0
3389	1
32	1
4	0
141	49
1	0
0	0
2	0
9	49
1	0
0	0
0	0
1018	0
0	0
330	0
10	0
859	0
419	1
0	0
19	0
2405	0
0	0
1153	0
0	0
3	4
0	0
0	0
0	0
0	1
0	1
1	0
5435	1
137	0
1397	12
154	5
0	7
0	0
0	0
1	0
0	0
5327	2382
42	2381
0	0
0	0
4349	1
33	1
2403	19
0	0
2	0
100	0
17	0
2467	534
0	534
0	0
0	0
0	0
1	0
1	0
1	0
6	0
0	0
0	0
0	0
5	0
0	0
601	0
0	0
2	0
2	0
0	0
0	0
4	0
0	4
7	6
3	0
193	0
0	0
3990	0
0	0
4106	4
0	0
28179	9
5	106
1	1
0	0
0	0
2331	107
0	0
1	0
62	0
0	104
0	49
0	0
1	0
3	5
0	27
0	11
2	3319
10	0
0	3319
0	82
2840	3311
0	0
1	0
0	0
653	0
0	0
0	0
3	0
4	0
5264	1
360	0
0	0
11	0
2	0
0	0
2	0
3	0
1	0
4	0
0	24
2	19
0	0
2	1
0	0
0	0
0	0
6	96
6	0
0	1
0	1
1	0
2	1
2452	2
0	0
0	0
1568	2
6	0
3	0
9	0
0	0
0	0
1	0
3	0
0	0
0	0
0	0
1	0
407	51
10	51
0	0
1	35
1512	37
2612	0
4	0
63	0
0	0
1	0
13	0
0	0
0	0
0	0
0	0
2	0
0	0
0	0
1	0
0	93
0	0
0	0
383	0
0	0
8	0
1	0
0	0
0	0
2453	4
15	0
2	0
1	0
0	0
0	1
1	0
6821	0
0	0
0	0
459	0
1	0
0	0
927	611
35	610
1	0
1	0
1	0
0	0
209	0
0	0
3	0
0	0
5	0
2	4
1170	0
0	0
9	0
1	0
484	0
0	0
0	0
3	0
25	0
1806	3195
4	3195
8	0
0	0
1	0
4	0
0	0
11710	9
107	6
273	0
4	0
13	1
11	0
43025	3326
3	3308
0	0
0	0
0	0
2	0
7	0
19	1
11413	4
74	0
283	0
10	0
4260	1
0	0
125	73
2	0
789	0
0	2
4028	3
7	0
0	0
75	0
0	0
0	0
844	0
0	0
0	0
0	0
0	0
1	0
0	0
0	0
0	1
0	0
3	0
25	17
0	0
2	0
1	6
998	0
5636	2153
0	0
0	0
0	0
0	0
423	61
2	61
128	119
7	119
0	1
4	258
864	258
4	0
4	0
0	0
1400	0
0	4
0	3
0	0
20	0
6361	1
0	0
100	2
51	2
2	4
8	0
1	0
567	2167
0	0
0	0
4	0
252	145
3	33
0	0
1	0
14	0
3	1
8	16
0	1
0	7
0	0
17	19
2	0
468	0
744	0
5	0
0	0
581	0
1041	1
2	0
83	0
0	0
0	147
2755	1
5909	1
1	0
1	0
0	0
0	0
0	0
0	0
0	0
0	2
0	0
404	1
2	1
0	0
0	0
5	2
0	0
787	0
30	0
18	0
423	0
10	0
0	0
0	0
2	40
950	1331
31	95
54	0
25	0
3	2
0	4
0	0
0	0
0	362
34	571
2	1
1	5
0	0
0	0
107	2862
0	5
0	0
0	0
194	1395
7	0
13	0
0	5
18	4
0	4
3	2
3	0
3	1
0	0
0	0
0	0
4	1
0	13
1	0
0	0
0	0
0	0
842	7892
88	1590
18	3070
71	1418
34	62
0	0
16	2
43	0
4	0
0	0
9	0
6	1
3	0
6	0
2	0
0	0
1035	0
5	0
0	0
0	0
1	0
2836	2
75	0
1	0
629	12
4	12
0	0
0	0
0	0
16	0
0	0
1128	0
1082	4360
4366	7892
3	0
0	13
490	0
0	0
2	0
0	0
16	2
1342	0
1468	1
1	1
0	0
603	231
0	0
105	0
304	9
2	0
1	0
3	0
12	0
2	0
256	0
1	0
11	149
0	0
4	0
0	0
0	0
459	1
0	0
2	1
0	0
0	2
0	0
12	2
3	5
0	92
0	2
0	11
6	0
0	0
601	0
0	0
0	0
28	0
153	109
0	0
0	0
1712	239
0	0
1312	0
53	216
301	217
0	1
0	0
38	2
13	36
0	0
952	435
1	435
1	0
7629	1
791	0
0	0
19	0
0	0
0	0
15	4
0	0
0	0
24	384
763	384
2	0
0	0
0	0
1	0
457	0
0	0
7865	5
1	0
2	0
312	0
1	0
4	0
1	0
1108	0
40	0
0	0
0	0
0	0
0	0
1086	0
721	31
43	29
7	2
0	0
15	0
284	0
1	0
10	0
28	0
0	0
0	0
1957	1
5	0
0	0
0	0
0	0
335	114
72	114
0	0
0	0
6	0
2	0
0	0
6	0
12	0
0	0
2	0
0	0
0	0
0	0
0	0
0	0
31612	13
38	0
0	0
0	0
0	0
1849	2044
0	0
46	23
66	2044
0	0
466	0
0	0
0	0
0	0
0	0
4478	0
0	0
6	0
1	0
0	0
1	0
1	0
0	0
0	0
1	0
0	0
0	0
2	0
2	0
0	0
121	0
0	0
3465	1
13	1
0	1
1036	1
2605	3
0	0
7	0
2694	0
8	1
2946	1
0	0
1	0
445	394
20	394
0	2
5	28
0	2
0	0
2070	0
116	0
3	0
41	0
1255	2
1	0
2	0
2	0
1	0
0	0
3	0
0	0
56	49
6	49
0	0
0	0
4	0
3327	1
1049	1
0	0
167	0
0	0
11649	6
402	5
0	0
1	221
249	221
0	0
0	0
117	0
0	0
0	0
6	0
1	0
496	0
0	0
1772	0
0	0
1	0
826	0
3	0
1979	2
0	0
2244	0
591	1
951	0
0	0
0	0
214	0
1424	0
0	0
3	0
0	0
4574	0
1324	0
2167	0
0	0
2	0
0	0
13	0
882	0
4	0
2	0
0	0
0	0
0	0
80	0
0	0
159	1
2232	1
0	0
0	0
4	0
0	31
3	0
0	0
58	0
0	0
0	0
2694	0
4	1
1	1
30	0
1223	2
5	0
0	0
213	0
0	0
1	0
0	0
15	1090
0	578
0	9
0	0
2	0
0	0
1	1
0	0
714	309
20	309
1	0
0	0
6	0
1628	0
574	264
1452	264
0	0
18	0
4249	0
46870	24
0	230
57	246
6	0
929	0
34	0
0	0
14	1
0	0
0	0
2200	1
0	0
2	3
1940	1
1	1
0	0
3351	1
2279	3
63	3
1	0
0	0
9	0
0	0
2	0
0	0
20	0
3	0
687	0
0	0
3	0
3243	0
0	0
2	6
0	0
482	253
28	253
0	0
0	0
0	0
0	0
1304	0
0	7
0	0
1	44
13	0
1	0
0	0
0	0
0	29
2	1933
0	0
0	208
0	0
1	0
5	208
0	0
0	0
0	0
0	0
2	3
0	0
0	0
1066	208
0	0
0	0
0	0
4	0
296	0
28	0
392	0
0	0
2599	0
4	0
1	1
0	0
1	0
472	0
0	0
2	0
3016	0
0	0
173	0
0	0
3	0
542	1
16	1
0	0
0	2
1	0
0	0
0	0
1015	202
1	202
0	0
1	0
73534	16
0	0
1	0
2338	0
6	0
0	0
42	0
0	0
21	0
0	0
2	0
0	0
0	0
0	0
3	0
4	1
16685	5
0	0
6236	0
75	231
1050	231
2	0
0	0
0	52
0	24
0	0
3	3
223	0
647	0
0	0
2	0
0	0
3620	4
5	0
26	0
23	1
0	0
0	0
0	0
33	3
4	0
0	0
0	0
0	0
0	0
13	0
19593	3
2	0
92	0
2	0
10	4
33	5
3	0
108	0
0	0
0	0
0	7
1	0
70	0
0	2
0	0
0	2
0	0
0	0
8	0
0	0
0	0
0	0
1047	0
62	0
2	0
0	419
10731	3
59	18
0	420
266	0
1	0
23	0
809	0
0	0
0	0
0	0
0	0
0	0
2	0
0	0
0	0
95	0
4615	0
0	0
19	12
0	233
1128	4
0	0
2	0
0	0
0	0
298	0
0	0
1	0
152	0
2	1
11	4
6	0
2	0
0	0
3	0
1	0
1	0
4	0
0	0
434	263
93	261
0	0
0	0
7	0
0	0
0	0
551	0
4	0
0	0
46	1
0	521
0	0
1241	0
2	0
1251	1
0	0
0	0
1	0
7	0
0	0
0	0
12386	211
59	209
9	0
0	0
17	0
894	364
0	381
4843	4894
13185	11401
2033	8364
0	0
617	343
22	0
0	0
1	0
0	0
7	0
0	0
4	0
346	68
1	0
14	68
1145	0
0	0
0	1
0	0
260	0
8	0
14179	1348
1	1339
0	0
0	0
0	0
770	1
0	1
0	0
0	28
0	0
5756	0
0	0
0	0
31	0
6	31
601	31
186	15
1	0
0	0
2447	1
0	0
938	3
0	0
1700	2
38	0
2	0
0	0
1	0
2	3
0	0
0	0
6	0
0	0
576	0
77	44
20	44
0	0
790	0
5	0
4	14
0	372
0	0
2	0
1	0
14	0
0	0
0	0
0	0
8	1
50	0
2	369
0	370
5	0
0	0
13	0
1	0
0	0
2795	14
0	0
2218	2
0	2
5	2
0	0
256	0
39	0
46	5
761	0
0	0
7	24
49759	21
4	5
11	0
3030	0
0	0
5	0
2	291
0	1
0	283
7282	2
8	0
0	0
0	0
0	0
0	0
3	0
0	10
0	3
382	1
19	0
0	1
5	0
0	0
8	4
5054	0
1052	0
100768	39
0	0
1	0
0	0
0	0
0	0
3	0
0	0
37	0
0	0
0	0
11	3
4	0
4	0
9404	1
5782	3
0	0
0	0
2	27
39462	8
0	0
0	0
0	0
0	0
84	0
290	0
1	0
78	369
0	0
30	317
609	0
1	0
86	345
0	0
0	0
0	0
0	0
652	0
0	0
0	0
3	0
0	3
1375	0
7	4
2400	1
0	0
0	0
1270	1
0	0
2	0
1	0
0	0
242	0
0	0
79	85
7	85
1	0
7722	2
3	0
0	0
1601	12
12	12
0	0
2746	1
4	0
0	0
0	0
12304	5
0	0
0	0
0	0
0	0
224	247
5	0
8	0
7	178
13	105
2	0
74	536
73	734
1	0
9	0
0	0
1227	1
2471	4217
1	4216
1	0
6	102
193	102
0	0
0	0
18	1
27	0
0	0
4800	3
0	0
0	0
3217	1
13	14
4	0
1	0
0	0
0	0
38	0
3	0
389	0
0	0
0	0
7	0
3	0
0	0
0	0
0	0
9	0
0	0
0	0
0	0
0	0
18	4
0	0
4	0
0	0
0	0
662	0
21	0
0	0
58	0
0	0
0	0
0	0
1	0
0	0
63	6
3933	1
0	0
6	0
2	0
2	0
0	0
5238	5
3908	3062
0	3059
2	0
1	0
3	0
1	0
2700	3
0	0
0	0
546	0
6	0
30	0
3	0
10	0
6	0
5	0
24	0
7	0
7	0
186	0
0	0
0	0
2	0
3	0
0	0
4	0
0	0
1	0
0	0
2	0
102	401
9212	404
1109	0
0	0
0	0
0	0
7	0
0	0
0	0
840	0
32	38
0	0
1	0
0	0
9	0
0	231
15	0
2	0
0	0
0	0
2	0
0	0
0	0
15454	2
1941	1
0	0
0	0
0	0
3	0
0	125
0	7
5	0
0	0
24	0
6565	2
12	0
0	0
0	0
16	0
1	0
5	0
22122	5
5	0
0	0
0	0
4	0
0	0
0	0
0	0
0	0
0	0
1	0
150848	47
0	3
0	0
1	2
21823	5
217	0
4	0
7	0
152	0
0	0
4	0
0	0
430	30
0	0
74	32
0	0
2367	0
34	0
1	1
3927	0
2028	1
0	0
0	0
0	0
3	0
0	0
175	0
0	0
32	0
0	0
1551	1273
12	1273
4044	1563
54	1561
4967	4
26	4
444	2279
0	2276
0	2215
6	2275
0	2274
0	2270
0	2274
1	2164
0	6
0	6
0	6
0	6
0	6
1	0
0	0
0	0
1	0
955	0
1568	0
0	0
47	0
1682	1
0	0
5	0
0	0
0	0
9	0
5	0
2	0
0	0
0	0
0	0
0	0
17	33
199	33
2	0
0	0
8	0
0	0
13930	4
224	1165
1	1165
0	1
4	0
0	0
0	0
188	229
0	229
3726	3
1	0
687	0
2	0
5011	0
1045	1
3	0
4	0
23	0
0	0
6	1
1	0
3	3
3	0
2	0
5	0
0	0
1	0
17	0
0	0
3	0
6	0
0	0
1	0
1	0
0	0
0	0
1	0
0	0
1	0
19	26
0	0
0	0
2375	1
0	0
1378	2
0	0
0	0
1556	0
26829	8
1	0
2293	2
5	0
4	0
7	1
3869	174
16	154
3	0
17	0
22	20
15	2
3	2
0	0
0	0
0	0
1118	0
0	0
3	0
0	1
0	2
157	0
2542	1
0	0
1898	1
0	2
0	2
0	0
128	0
11	0
0	58
65	58
0	0
0	0
691	14
6	831
1077	832
15	0
1	0
2	0
0	0
52	0
12	0
0	0
0	0
1257	0
0	0
1	0
0	0
10705	6
0	0
6	0
504	0
0	0
1	21
1	50
12	6
1	46
55	47
2	0
0	0
0	0
0	0
3443	0
0	0
3838	0
9	3
3	0
26	0
1306	24
0	0
0	0
10	0
4	24
0	0
225	0
15	9
0	60
217	0
1	0
4	0
6007	4
1	0
0	0
1	0
0	0
4	0
32	0
849	0
0	0
104	0
0	0
26	0
0	0
0	0
0	0
1	0
2148	1
1	0
1198	1
0	0
1	0
1974	0
2	0
8815	3
245	0
0	0
2156	1
1	0
12	25
7	0
1041	0
0	0
2	0
55	0
62	15
812	15
0	0
1758	0
7	0
1	0
1	0
6	4
36	12
0	0
0	0
0	0
116	0
3	0
1	0
4912	8
5	0
3	8
28	0
0	0
4657	2
1	0
0	0
0	0
6	10
35	8
0	0
0	0
1	0
11	4
0	0
136	0
0	0
8	2
793	1
0	0
0	259
0	0
215601	89
254	16
0	0
1	0
1	0
818	0
0	0
0	0
0	0
7640	2
13	0
4	0
1	0
14	0
8	0
2309	0
32	0
0	94
1727	0
33	5
5	1
2	0
8	0
3	0
0	0
0	0
1539	0
0	0
0	0
0	0
0	0
50	0
2050	0
0	0
200	0
0	0
0	0
0	0
0	0
5	0
0	0
0	0
722	0
10	0
2112	3
0	0
0	0
0	0
0	0
622	1
0	0
6	0
0	1
1	0
1968	0
184	57
4	0
0	56
0	0
288	0
1449	0
0	0
33	0
1	0
10	0
33	0
1452	0
0	0
1	5
0	0
0	0
2	1
964	0
421	37
2	37
5083	4
581	0
285	0
7	0
5	0
0	0
45	0
0	0
0	1
1	0
2	0
0	1
3328	14
3	14
1	10
2	10
7	0
4	0
0	0
0	0
15	0
0	0
2140	0
678	0
0	0
1262	424
109	423
11	0
83	48
1580	0
1	0
880	0
0	0
0	0
1	0
1	0
34	40
3	40
0	0
0	0
0	0
1	0
0	0
0	1
0	0
3	0
1514	248
0	0
0	0
0	0
0	244
845	0
3	11
624	11
7	17
0	0
924	1
1	0
0	0
260	0
19	5
4	0
0	0
0	0
1953	0
195	0
4	0
2	0
84008	30
4	1
84737	33
1523	2
45	1
0	235
0	0
27	164
0	0
0	232
951	0
0	0
26	4
693	194
17	194
2	0
0	0
0	0
4105	3
6201	1
1964	1
26	0
0	0
1262	0
47775	56
168	42
21571	102
417	92
0	0
0	0
0	0
1646	2
0	0
0	0
0	0
5	254
1848	254
0	0
20	147
0	13
678	364
175	237
4	0
4	0
8	0
150	181
0	0
283	365
8	2
207	0
18	3
246	1
0	0
0	0
0	0
0	0
0	0
648	0
2388	0
6	0
4	1
238	51
5	51
1099	0
2	0
0	1
1416	1
5	0
285	0
0	0
0	0
7	0
0	0
0	0
0	0
12	9
598	0
0	0
121	0
2	4
3961	1
2	0
0	0
2	2
3211	2
0	55
3	0
6	0
0	0
287	0
0	0
262	0
0	0
504	0
214	0
0	0
0	0
0	0
0	0
1758	192
0	191
4	0
0	0
77	0
0	0
0	0
3	0
2	0
6533	0
0	0
0	1
2	12
0	0
0	0
0	5
0	5
4	0
0	0
0	3
7783	4
0	0
14	31
48	31
17	48
0	0
107	0
1115	0
463	4
43	4
0	0
0	0
0	0
0	0
0	0
0	0
109	171
11	171
0	0
0	0
345	0
0	0
0	0
11	0
2	0
0	0
21	1
2	0
2	0
771	0
10	0
0	0
0	0
620	0
140	0
0	0
0	1
40	429
761	482
0	0
3	53
0	0
0	0
37	29
6	0
1	0
6	6
0	0
24	36
0	0
0	0
0	0
0	661
119	29
42	0
87	0
0	0
0	0
791	142
0	142
0	0
19	0
0	0
6	0
9226	7
14	0
6	3
0	0
2	0
4040	1
3	0
0	0
0	0
364	0
0	0
0	0
492	0
1	2
6344	1
0	0
563	0
1	0
0	9
86	9
2920	3
0	0
1	1
516	0
3	0
0	0
16	0
5243	1
3	0
0	0
62	0
26	144
2027	144
0	0
2202	1290
123	1289
0	0
1116	0
1736	1
0	0
0	0
1	2
39	1
3	0
0	0
244	0
2511	0
237	0
696	0
22	0
0	0
3	0
11	0
0	20
0	121
6	0
1	0
0	0
3	0
4530	10396
2	10395
1	0
0	0
12	0
1258	0
743	1
4853	1
0	5
0	0
0	0
0	0
3	0
2	1
0	5
319	0
2	0
1	0
51	15
4	0
0	0
2	0
0	0
1398	1
0	0
997	0
0	0
997	0
0	0
13	0
10	13
0	0
2983	1
2	0
2438	1
9	0
10	5
0	8
2	1
3	0
0	511
418	0
709	1
0	0
3	0
2674	0
0	2236
4474	3
1766	0
2	0
0	0
3110	0
1	0
0	0
1	0
1	0
0	0
0	0
35967	22
1	0
7	0
45	28
888	28
29	0
100	1
0	0
236	0
0	0
540	2236
2	0
21	0
0	0
1	0
1	0
6	0
0	0
28	3
2	0
1	1
36	1
0	0
437	132
100	132
1117	0
2221	235
95	230
1	0
480	0
0	0
0	2
1521	0
0	0
0	0
0	0
185	0
0	0
0	0
309	63
44	62
0	0
0	0
991	0
0	0
240	681
6	316
229	681
0	0
154	344
979	602
2	0
5	257
7	0
3	0
2	0
2681	1
0	0
1	0
0	0
0	0
2312	0
27	20
0	0
577	0
3	0
7	0
1249	0
5	0
2	0
0	0
0	0
0	0
13347	1
266	1
1395	0
0	0
667	1
0	0
5	0
3	0
1	0
0	0
2	0
0	0
0	0
1597	1444
0	1440
887	0
13	0
0	0
0	0
0	0
234	0
2	0
9	0
0	19
1964	20
0	0
0	0
0	0
4	545
465	545
2	0
0	0
0	0
1212	0
0	0
0	1
0	0
19	619
6714	621
3	0
2	0
0	0
0	0
2332	0
4	0
204	0
0	0
2354	1701
95	1701
1409	1
9	0
0	0
0	0
0	34
3	0
356	175
0	175
0	0
0	0
5	3
0	0
0	0
142	0
0	0
0	0
614	0
39865	19
0	0
965	0
46023	15
0	1
44	0
1	0
0	0
3014	0
0	1
1009	0
1378	1
8	0
7	0
0	0
6	0
453	0
2603	0
503	0
7	5
0	0
3438	0
15	0
0	0
52	27
2	0
11924	2
0	0
62	0
0	0
1	0
0	0
290	0
5	0
0	0
0	0
0	0
0	0
0	0
0	0
847	191
132	191
0	0
0	0
0	0
0	0
3680	1
68	0
0	0
0	0
7	75
739	678
623	683
2762	1
4	0
29	268
1945	304
12	35
0	0
0	1
0	0
519	0
0	0
2	0
1	5
1034	0
1	0
1	0
1176	2
0	0
0	0
3759	0
0	0
1647	1
4	0
3	112
0	0
12	0
6	12
326	12
0	0
0	0
0	0
10	0
0	0
0	0
0	0
0	0
0	0
71	0
13	21
6	2
16	1
244	1
1	1
2	0
0	1
0	0
0	0
240	0
8	0
0	0
0	0
28929	8
0	0
0	0
0	0
3	0
0	0
2	0
63	458
2316	458
7	0
3	0
2	0
0	0
0	0
0	0
0	0
0	0
100	0
0	0
1763	1
2	2
11	0
0	0
29	0
0	0
0	0
1671	477
0	477
0	0
91	0
0	0
0	0
214	0
10	0
0	0
420	0
0	0
17	0
0	148
0	61
0	0
0	0
0	0
0	0
544	0
0	0
4	0
2	0
3797	0
2	0
0	0
0	0
7769	3
2	0
0	0
1952	1
2	0
0	0
886	0
517	282
189	282
11	7
7	315
724	316
6	0
0	0
1	0
1158	1
14	8
5	8
1	0
0	0
1	0
1	0
172	0
0	0
0	0
2	0
49	0
1236	0
0	0
640	31
70	31
1	0
7	0
0	0
228	0
0	0
0	0
100	1153
0	0
0	0
3	5
2277	1
48	17
1075	0
0	0
0	0
0	0
12	0
280	0
0	0
0	0
4177	0
0	0
349	390
9	389
0	0
183	1
0	0
789	0
0	0
10	0
0	0
0	0
2	0
748	1
0	0
0	0
27	0
2	0
0	0
0	0
3876	4
9	0
1	0
0	0
0	0
0	0
0	0
925	16
25	15
423	0
2	0
6	0
3	0
3627	91
1	0
67	87
1	0
0	0
10	0
0	0
1	0
94	0
190	0
4	0
0	0
0	0
0	0
0	0
26	0
3	5
1401	2
1	0
0	1021
52	1232
8	879
11	872
0	0
5	244
0	149
0	0
0	0
0	0
166	1062
0	3
0	0
129	3061
0	0
6	659
0	0
14	907
0	1509
7	0
0	0
25	105
18	13
0	0
1	0
0	9
0	297
1	0
0	0
0	0
49	428
70	413
11	117
6	12
0	0
1	0
0	0
0	0
4	14
0	0
0	0
103	1034
112	208
0	0
0	0
0	270
1	0
0	0
0	227
2	1
0	104
5	0
0	0
0	0
1	0
0	0
0	428
5	444
4	190
0	0
0	0
1	14
3	0
32	1034
7	230
37	260
0	0
2	0
0	270
0	0
871	228
0	0
60	23
0	0
3	0
0	0
5	0
16	0
1171	10
8	8
0	0
1201	0
15	21
44	21
0	0
51	3145
1944	3145
0	0
0	3
4	0
0	0
0	0
7	1
0	0
2	0
181	1
8	0
8	0
0	0
5471	3
1	0
1	0
2829	0
0	0
2	0
323	0
23717	10380
43	10370
3436	252
39	0
224	252
2	0
0	0
5042	5
1896	817
33	817
24	0
2	0
84	0
25	0
0	419
70	207
13	0
1139	1268
3	0
0	0
10	3
7	0
2	0
0	0
4	0
2	413
53	138
0	0
0	0
3	0
78	0
379	0
345	0
1329	0
624	0
0	0
1275	0
0	8
3	4
9013	3
4335	4
17	0
0	0
0	0
3	0
1210	0
1	0
0	0
0	0
0	0
54	0
11	0
472	0
1	183
799	183
17575	10
0	2
2613	0
0	0
3498	2
0	0
2414	1
195	0
3	0
0	0
722	1177
2	1177
0	0
41	0
10	0
1371	0
2	0
4	0
0	0
176	0
0	0
13	0
0	0
0	0
2662	2
688	0
0	0
8062	4
70	77
0	77
12747	8
451	0
0	0
0	0
1635	0
0	2
0	2
0	2
0	0
0	0
0	2
0	0
0	2
0	0
0	2
0	2
0	0
576	1
0	0
0	0
0	5
0	0
54628	9
0	2
5618	4
0	0
80	0
0	0
1967	1
0	0
0	0
57	3
0	0
0	0
3	0
1435	1
0	0
6	0
46	68
175	68
14370	10
183	2
2	0
12	4
0	0
4022	2
15	0
0	0
8723	4
0	0
4	0
689	1
244	14
457	13
0	0
0	0
0	0
51	0
0	0
2	0
2330	2308
4	2308
41	1075
1268	1075
8	0
34	0
0	0
0	0
1	0
44	3
0	0
34	304
193	304
6	0
1	0
0	0
0	0
0	0
6	5
0	0
0	0
2169	2
4649	1
4945	3
2965	1
2	0
0	0
180	0
1	0
664	1
0	0
489	454
4	454
2079	2
1	0
2	0
0	0
4	0
76	0
0	0
7	0
2489	4
655	0
1	0
0	0
599	0
18	0
3695	1
1	0
0	0
0	0
1394	0
2483	313
43	319
18	88
3208	1
0	0
277	0
1	0
7845	3
4	4
27	4
4	0
0	0
1	0
0	2
1	0
0	0
1068	106
1	548
15	2
0	13
76	611
0	299
22	3
128	0
11	0
0	0
9	0
2004	1
22	0
0	0
0	0
1338	120
1	0
510	121
0	0
2477	1
30	0
0	0
5	0
2	0
10	0
804	1
5	0
0	0
3170	0
0	0
0	0
0	0
396	0
1383	48
18	0
8	0
14	46
0	0
3387	0
1	0
40	0
67	0
531	22
28	22
2	0
3	0
2	0
28	554
213	554
0	3
5426	2
3877	2
27	1
4220	681
576	677
0	0
0	0
0	0
2	0
0	0
2744	1
0	0
0	0
4	0
1042	5
7	487
5249	488
0	0
0	2
0	0
0	0
1696	0
0	0
106	0
5	0
933	113
0	0
3	0
39	113
1157	7647
1580	7645
0	0
0	1
0	0
3	0
47	0
1128	197
1	196
4	6
1	0
120	0
0	0
0	2
3	0
0	1
60	0
1171	1
2	0
0	0
0	0
733	0
3	0
717	0
1	0
215	0
6	0
2	0
29	203
2417	203
1	0
2219	2
0	0
0	14
63	0
1705	1
1	0
509	0
669	0
0	0
0	0
13	0
0	0
183	2103
9782	3049
124	722
17	219
3	0
0	0
5699	7
3	0
0	0
0	0
1348	0
6	0
0	0
0	0
0	0
0	0
695	1
6	0
0	0
0	0
0	0
7	0
1	0
0	0
0	0
2	2
31	0
0	0
13	0
3	4
0	4
0	0
15	0
0	0
1	0
0	0
9	0
164	0
0	0
0	0
40	0
0	0
0	0
0	0
17	7
1100	0
0	0
0	2
3	2
0	0
2820	2
1945	0
0	0
0	0
1255	1
13	1
169	3
0	0
28	3
390	1
11	0
2738	146
7	146
0	12
0	12
0	0
0	0
0	0
0	0
0	0
0	0
0	0
0	0
0	0
1	0
16	562
1	0
0	0
3	0
182	562
379	0
1	0
2382	0
4	0
0	0
917	0
0	0
57	105
0	0
9	2
1095	451
4	0
3	0
864	448
1	2
0	0
0	2
2	0
2	0
0	0
23	0
9	0
0	0
0	0
0	0
27	0
422	1
22	0
0	0
0	0
0	0
1824	1
1	0
2	0
0	0
0	0
3811	0
0	0
98	0
76	3
40072	8
3	0
2936	3
0	0
0	1
0	0
18	22
0	0
14	0
313	86
10	86
282	0
1	0
23	4
7	4
1	0
1	0
153	0
0	0
1091	12
62	0
0	1
0	636
2	0
416	122
4	122
1	0
10926	4
1784	2
0	0
0	0
0	0
5824	3
146	0
2	0
0	0
517	0
6	0
1004	203
15	133
1009	0
40	3
0	0
30	0
2	0
26	133
0	0
278	203
157	122
0	122
0	2
1	2
4657	2
951	0
5	0
742	250
12	250
810	0
18	18
0	28
0	19
0	6
0	0
1220	0
6391	3
370	0
0	0
0	0
244	0
0	0
3232	0
0	0
1	0
0	0
1	0
0	0
60	141
0	141
3	1
2	0
214	0
0	0
0	0
0	0
550	0
0	0
8	0
6070	3
2	0
0	0
587	0
0	1
1	0
0	0
0	0
1863	0
2376	0
4	2007
3154	0
0	0
2	1
0	10
0	3
2368	0
0	0
73	352
13	352
0	0
6	167
754	166
877	70
5	70
788	0
0	0
2	0
0	0
0	0
233	0
0	0
234	0
0	0
9	0
0	75
0	0
0	10
2	0
158	25
1	0
0	65
0	0
0	0
906	0
186	0
0	0
1304	319
264	0
92	0
360	319
0	0
8081	2
2225	0
0	0
4750	4
1	0
0	0
48	44
822	40
32	0
12	0
8	0
7	0
2	0
0	0
5	0
22	0
10	0
31	9
1	0
0	0
0	0
4314	4
0	0
1537	0
0	0
115	0
1357	0
40	0
0	0
27	0
0	0
0	0
0	168
0	0
0	0
0	0
2126	0
0	1
3	5
9	0
1	0
0	8
0	0
0	0
533	0
439	0
236	0
50	0
1	0
134	0
19	77
28	77
136	0
0	1
0	0
8	4
6	0
0	0
14	0
845	0
0	0
1	0
765	486
0	486
0	0
1	0
0	0
242	0
0	0
2	0
1	0
0	0
0	1
906	0
0	0
0	0
1	0
5	0
1297	0
0	0
43	0
44	0
401	0
1	0
20402	8
9	5
0	0
0	0
233	129
0	129
1	0
881	2
0	0
363	0
2611	0
0	0
28	106
472	861
38	861
0	0
61657	19024
17	19010
0	0
0	0
1	0
0	0
0	9
15	2
1	0
1050	0
0	0
0	0
1	0
1831	1
940	0
3693	2
0	0
0	2
843	6242
782	6242
8	28
1031	28
1	0
0	0
6	1
2	0
1140	1
0	0
3	0
2827	2
0	0
0	0
3255	1
1322	0
52	1
778	1
1	2
0	0
0	0
0	0
1733	1
9	0
0	0
1	0
2090	2
0	0
0	0
1324	150
88	149
2374	1
3168	1
271	0
3135	0
0	0
0	2
0	330
1216	0
2	0
0	0
0	0
0	0
0	0
0	0
3	0
764	7
205	6
0	0
0	0
749	0
0	0
0	0
5	0
0	0
3	0
2	0
0	0
0	0
439	1
0	0
2	8
0	0
398	349
0	349
2	0
78	0
0	0
0	0
1	0
455	0
0	0
472	0
3	0
22	0
0	0
1	0
0	0
0	0
3	0
517	0
0	0
938	1
5	0
74	41
0	0
0	0
0	0
0	0
1	2
0	0
0	0
0	0
965	0
0	0
0	0
0	0
0	0
0	0
0	0
0	0
0	0
1	0
2	0
0	0
7817	4
1724	29
0	0
2	29
79	0
2609	1
4	1
1	1
1	303
3644	304
0	0
42	0
1409	1
53	0
236	0
0	0
0	0
0	30
0	203
0	0
0	0
4615	4
0	0
19	220
617	220
0	0
2629	1
36	0
0	0
0	0
0	0
1	0
0	291
1	0
81	0
483	2
15	0
3	0
95	0
0	0
2	0
4	0
315	1
145	0
2	0
0	0
11	0
225	531
0	0
280	531
4	0
0	1
0	0
0	0
1789	0
1	0
0	0
304	0
0	0
1	0
0	0
11175	5
34	1
0	0
0	0
0	0
792	0
0	0
242	15
32	33
18	16
7	0
1	0
1816	0
101	0
0	0
3	0
983	31
5	31
3523	1
0	0
8	0
0	0
2680	0
1	1
0	0
0	2
462	4515
62082	4530
236	0
746	0
1	1
0	0
617	0
0	0
17	0
3	0
1	0
2	0
0	1
72	0
2580	0
0	0
407	0
2	4
0	0
0	9
0	3
0	0
0	3
502	0
2	0
4	0
781	2342
792	2342
1196	1
0	0
0	0
0	0
2	0
0	0
0	0
0	51
26	48
0	0
227	0
2	0
0	0
0	1
0	0
12	249
2	0
0	0
3	2
10	32
0	0
0	13
0	0
5	258
2	0
0	2
5	32
383	0
0	0
772	0
0	0
0	0
139	1
0	0
22	0
1	0
123	1
2	3
0	29
1	0
10	31
0	0
0	2
0	0
0	0
0	0
0	0
0	0
3637	1
0	0
0	0
478	0
152	0
0	0
2	2
0	0
0	0
4	0
4701	609
898	607
36	6
48	0
2	0
0	0
0	0
0	0
8	0
0	8
16163	265
5	257
0	0
0	0
0	1
0	6
0	4
0	0
4	1
283	0
1	0
34	1
329	0
683	0
0	0
484	0
1	0
939	1
0	0
0	0
533	0
1799	0
0	2
5	0
0	2
26572	13
3	0
0	0
1775	0
0	0
0	0
0	1
478	0
1	0
0	0
838	0
1263	0
12	0
0	0
5	3
0	0
0	0
7	32
0	0
3725	1
2	0
269	0
0	0
0	0
0	0
0	0
293	0
0	142
42	1
0	142
0	0
266	0
21	0
6397	2
3	0
630	0
0	0
24599	9
13	0
0	0
0	0
2893	1
13	0
5840	1
0	0
4	0
2979	0
13	0
1	0
4	0
0	0
5	0
1	0
970	1399
1227	1399
4	0
5594	3
513	0
0	0
1	2
0	0
7	0
0	1
1	0
822	1
0	0
1	0
4	0
0	0
1	4
0	4
1	0
174	0
0	0
7	0
0	6
19109	11372
11	2
0	0
50872	11375
0	0
7599	2
370	0
0	0
7	0
0	0
11	0
0	0
1947	1
55	0
534	249
1	248
56	0
0	0
1	0
1	19
7	19
0	0
387	0
2278	25
0	0
1302	1
1	0
6	0
0	0
0	0
0	0
0	0
0	0
0	0
1	0
1176	11
6	11
0	0
0	0
2	0
16	3
104	0
0	0
0	0
4	0
0	0
339	14
7	14
5	0
1	0
3	0
180	0
0	2
0	3
4	0
3	0
640	1
1956	2
2	0
51	0
1	2
0	0
3	0
1	0
0	0
3	0
0	254
13578	4
0	0
0	0
8894	1
0	0
0	0
4	0
0	0
0	0
1703	0
612	0
142	0
2	0
0	0
0	0
1361	3
0	0
0	0
442	0
1411	0
1	0
105	0
175	0
0	879
941	2
113	0
5	0
5	0
0	0
0	0
1695	0
2	0
0	0
0	0
0	0
0	0
0	0
1547	124
27	124
43	0
2669	0
1	0
0	0
0	0
4	0
0	0
701	1
0	0
1027	1
10	0
6	0
1601	3
52	0
3100	2
0	0
2	1
0	0
2	0
10	0
0	15
0	1302
0	0
25918	10
0	0
3	0
2520	0
0	0
1084	0
0	0
0	0
6	0
2	0
22	8
265	22
0	0
2	0
0	0
5	0
0	0
0	13
1	0
127	0
2	5
0	1
0	0
21	0
0	0
1	0
305	0
0	0
22	0
2	0
2	0
0	0
226	0
0	0
141	0
14	0
0	0
0	0
3	1
1	0
20	0
2	0
0	2
0	39
814	39
1	0
211	12
0	0
0	11
0	0
3	0
5014	2
3	0
1679	2
1	0
0	0
2	0
0	0
113	2
4054	3130
10	0
6	3130
0	0
0	0
2870	1
15	0
727	0
4213	1
2	0
0	0
173	0
2	0
15	0
0	0
162	0
0	0
0	0
0	0
2760	0
4567	0
550	0
0	0
12	0
0	0
7	2
1666	0
1	0
2	0
2102	0
1880	10158
0	0
13	2
0	7236
629	10971
15198	3
0	76
618	76
131	0
17	0
0	0
0	0
0	0
9	0
0	26
105	0
0	0
4	0
52	0
9	3
15	0
789	0
0	0
4	0
13	0
2	0
2	0
1	0
5	0
0	0
0	0
0	0
2093	0
19	0
0	169
191	33
1796	0
0	0
7	0
1836	0
26	0
38	0
0	0
1866	2
341	0
277	0
0	0
314	0
1	0
4	0
1087	0
2	0
0	0
0	0
202	0
12	0
7	0
2307	34
15	1
226	87
0	0
734	0
1	0
0	0
606	0
0	0
15717	11
0	0
28	2
0	0
104	0
1496	0
1352	1
312	0
2	0
7	32
0	0
0	0
31	0
0	0
1	0
3	0
3	0
1625	0
1	0
0	0
4015	0
240	0
2	11
0	0
537	1
8	0
2	0
1	0
892	16
1	16
29	2
4	0
2	0
0	0
1436	0
0	0
0	0
1150	1
0	0
0	0
1472	1
1531	1
1	0
0	0
1	0
0	0
0	0
6732	4048
2	4044
0	0
34	0
0	1
0	0
0	2
0	0
1182	0
27	0
0	0
1405	0
56	0
303	0
0	0
0	0
121	0
0	0
0	0
0	0
0	0
52948	253
1	0
3	1
1	0
0	0
0	116
923	363
0	0
374	1
2	0
3	0
2491	1
0	0
0	0
3	0
1388	0
3233	3
0	0
0	0
0	0
13	0
92	15
8	15
0	0
0	0
0	0
2	0
0	0
2	0
13	0
245	0
0	0
179	47
9	1
5	46
17	18
88	18
0	0
2	0
0	0
7	0
1	0
393	0
3844	3
0	0
27	0
2	0
1	1
0	0
1	0
2	0
4490	1
21	0
2	0
11490	1
688	0
0	0
776	511
146	511
8	2
63	2
0	0
3	0
0	0
0	0
48	5
0	0
0	0
4	0
6475	6
15	0
4096	0
0	0
0	0
0	0
2	0
0	0
0	0
1764	0
1	0
0	0
107773	37
28	0
0	0
4010	3
1	0
6	0
0	465
7106	1
0	0
278	0
3	0
357	1
0	0
0	0
103	0
0	0
1916	0
36	0
1118	0
0	0
0	0
871	0
2535	1
0	337
0	0
0	0
0	0
0	0
0	0
0	0
4	1
5	0
1577	1
7	0
1605	0
383	0
28	0
22	0
3	0
30	0
0	0
7	0
11	0
0	0
255	0
6	12
139	0
1	0
0	0
0	0
247	77
0	0
0	2
0	1
3	0
40491	11
1016	0
0	0
0	0
733	0
0	0
3279	0
7	0
460	0
9	77
0	0
2300	1
3	0
3	12
0	2
4202	4
968	2
0	0
0	0
3	86
7	10
0	0
203	0
1	0
0	0
0	0
517	0
0	0
3	2
0	0
434	0
23	0
0	0
0	0
7	0
46	0
196	0
0	0
4	0
7	3
598	0
0	0
7	1
1209	0
5	0
42660	30314
29	30299
10211	4
3	0
726	121
9	0
0	0
53	0
9730	3
1	0
767	0
0	0
0	0
9	0
0	0
1508	1
660	0
0	0
1460	1
136	0
3	32
298	0
2	0
0	78
2	268
1	0
2	60
237	60
1	0
0	0
0	0
491	0
4357	1
0	0
4	0
0	1
61	1
10	0
72944	20
1071	0
0	0
3342	1
0	0
0	0
1136	0
0	2
1	0
8091	4
7	0
0	2
20	15
404	0
9	0
0	2
0	0
0	0
598	0
0	0
0	0
0	0
0	0
5	0
0	0
824	2
0	0
1	0
0	11
0	57
0	20
1	0
62	3
53	3
0	0
1221	0
0	0
0	0
1	0
0	0
6	0
0	0
0	0
1	0
36	8
0	8
6	0
0	0
707	121
867	59
1	59
0	0
3098	3
85	0
745	0
5	0
1382	0
18570	4
1107	1507
5	1507
117	0
2	0
0	0
372	0
20	0
10	0
3	0
0	0
4	0
0	0
8	0
1	0
8	0
9	0
4	0
28	48
0	0
23	0
4	0
3	0
0	0
1	0
0	0
2839	2
0	0
0	0
493	1
0	0
14	0
4	0
0	0
7	6
5	0
2762	1
0	0
28	0
104	2
0	0
0	3
0	3
0	0
0	0
152	0
190	0
770	0
5043	4
1	0
4	0
0	0
2468	0
1363	1
0	0
4	0
3064	3
1526	0
2	1
0	0
2677	1
54	10
74	0
0	0
0	0
8	0
29	0
1	0
3	0
0	0
32	0
1855	2
1	1
107403	30
0	0
0	0
546	0
2	1
1393	2
0	6
0	6
0	1
0	1
180	0
3	0
0	1304
0	3
0	0
22	0
22	0
2	0
0	0
2	66
65	66
0	1
1606	0
0	0
593	0
1	1
0	0
2802	3
1560	59
1280	58
142	5
0	5
1	0
2	4
452	0
0	0
1572	2
0	0
0	0
2	0
0	0
698	0
53	0
7	25
8	25
4	0
6	0
0	0
0	5
2	0
4	1
0	0
3	0
1	0
10	0
0	0
10	0
0	0
0	0
0	0
119	45
11	45
0	5
2406	1
0	0
7	1
0	0
0	0
2164	2
537	0
1277	0
17	0
0	0
0	0
0	0
0	0
0	0
0	0
0	0
0	0
0	0
0	0
0	0
9	1
0	0
0	0
0	0
0	0
2	0
26	0
5	0
379	0
0	0
417	0
0	0
4	0
856	0
0	1
0	1
0	0
0	0
2	0
755	32
18431	14430
1	0
1043	0
1	0
0	0
0	0
1	0
26	0
0	0
0	0
4	0
12	0
5	0
0	0
198	21
6682	14411
7604	117
4	115
5	0
0	0
0	0
0	0
0	0
26	67
0	0
0	0
3894	1
895	0
0	0
5298	239
48	17
33	225
0	0
1962	0
30	0
33	20
5	0
0	3
2	0
0	0
0	0
0	0
30	0
11	0
127	0
297	99
6	99
0	0
0	2
1	0
2	0
12	1
0	0
1937	0
0	0
188	0
169	704
21	683
4	0
10	0
1	0
45	0
32	21
0	0
8	0
0	0
6	2
6	0
12	0
0	0
420	0
14	1
0	0
4624	0
0	0
903	0
1	8
0	6
14	147
0	0
0	0
0	0
3	0
0	0
17	0
64	1
4	0
0	0
5	0
3	0
1	0
3	0
3	2
10	0
0	0
0	0
0	0
0	0
3626	0
2	0
0	0
0	0
0	0
0	0
0	0
764	0
0	0
784	0
18	0
0	0
0	0
7	0
1	0
12884	1
3454	3
9	0
185	0
499	0
0	77
45	77
8	0
129	49
0	0
1104	1
0	0
1061	0
13	0
0	0
0	0
0	0
4	0
216	646
4167	650
2	0
0	0
5	0
0	0
0	0
0	0
0	0
0	0
0	0
0	0
18	0
3	0
1	0
52	21
8704	603
92	603
310	0
3	0
5	2
376	0
661	0
0	0
20	0
49	0
5	0
115611	57
2	1
0	0
0	0
2	0
3100	433
45	0
0	0
0	432
2	2
275	0
0	0
0	0
0	0
2	0
2251	16
0	16
6	0
0	0
101	0
2349	1
0	0
944	0
0	0
0	4
0	0
0	0
3	3
8	0
8	0
630	0
11	0
0	0
24	0
90	28
0	0
0	0
10356	2
25	1
1	0
0	0
28511	13
0	0
1	0
7091	3
1	4
0	1
65	353
1407	353
0	0
3321	0
28	0
18	0
11	5
5397	1
1	0
7087	4
35	0
18	0
8	0
0	0
688	1
3	0
3726	1
0	0
1	0
7	0
3	0
0	0
0	0
0	0
4	0
0	4
6	0
0	0
3	0
0	0
0	0
258	446
0	446
0	0
0	0
0	0
3953	0
2	0
5	3
7	3
0	0
1	0
9	0
12	0
1	0
0	0
0	0
0	0
0	0
1	0
0	0
7628	2
19	0
493	2
2	0
0	0
97	0
0	164
0	358
2	0
0	0
106	0
2807	1
5	213
4	0
4	0
0	9
2579	1
33	1
2765	1
0	0
765	0
45	0
158	0
4843	0
1	0
4	0
2260	0
2	0
4	0
4129	1
0	0
0	0
0	0
0	0
5	0
0	0
0	0
764	0
0	0
0	0
16956	3
0	0
0	0
60922	13
0	0
5	71
22	71
7	0
9	0
0	0
0	0
0	0
0	0
4	0
1	0
1379	1
5	0
0	0
54	0
0	0
34	0
363	0
399	0
20	0
1666	0
1	0
26	151
36	151
4	0
1	0
5241	2
2	0
0	0
0	0
303	0
6	0
3	0
6	0
0	0
0	0
480	10
0	0
0	0
4	10
0	0
62	649
0	800
1785	792
869	458
2007	458
0	0
2684	2
0	0
976	235
120	235
0	0
2	5
0	83
321	121
1543	125
332	0
13	0
7	0
4	0
2884	0
640	0
18	0
0	0
0	0
137	0
0	6
15	0
2293	2
59	3
0	0
5	0
0	0
0	0
28	0
1	181
134	181
0	0
179	0
535	0
2090	0
6	0
1	0
573	427
26	427
1253	2032
2	2032
0	0
2	2
4	0
2605	35
61	0
7	35
1362	1
0	0
0	0
4	0
2	0
15	0
0	0
0	0
0	0
6572	4
8976	4
0	0
2722	1
0	0
26	0
2986	0
70	0
0	0
0	0
5	0
573	0
0	0
2552	5
0	0
8	0
0	0
1354	0
0	0
4	0
12	0
1743	44
44	43
0	0
2	0
5587	12
0	0
4	0
0	0
395	0
1962	1
1	0
16	0
19	0
2389	0
19	0
2	0
0	0
42	1139
1805	1140
1	0
114	0
9	0
8	0
9071	2
0	0
4	0
10	0
7	106
0	0
0	0
128	10
4	0
20460	6
0	423
2	778
1	477
12	832
1	0
1	0
0	0
1543	0
0	1
0	0
904	4
4791	3
0	0
974	0
2	0
645	0
4	0
84	184
458	184
0	0
18	1
0	0
579	0
37	7
2	1
2	0
0	0
67	3
0	0
12	0
9	0
803	1
1197	0
5	0
255	0
5	0
441	0
2491	0
1720	1
6	0
900	92
16	92
0	0
0	0
1	0
186	0
10	1
10	0
17	1
18	0
0	0
0	0
0	0
1	0
7	111
56	111
75	0
564	0
13	1
40	0
0	0
3724	0
4	0
0	0
6	0
1	0
21	0
5	0
1261	0
0	0
3	0
12	0
0	0
0	0
0	0
4	0
2	0
0	0
0	0
0	0
5	0
2	0
0	0
1239	1131
0	1131
0	0
0	19
3	0
1025	0
1	0
0	0
0	0
0	0
0	0
0	0
1	0
0	0
0	0
0	0
0	0
63	0
4472	2
0	0
0	0
0	0
23	0
3	0
0	0
20	0
13	0
0	0
32	0
0	0
0	0
0	0
1	0
0	0
5	0
7	3
1613	3
9	0
4	0
5317	0
9	0
1	0
4	0
4	0
762	1
0	0
5	0
0	0
688	0
0	0
15	0
3	0
523	0
0	0
13	0
7	12
4	3
0	0
0	3
4	0
0	0
0	0
4	0
10	19
2476	1
0	0
0	0
8	0
0	0
588	0
0	0
0	0
0	0
12	3
0	3
0	0
0	0
2	5
2	0
0	0
18	0
0	0
6	3
1	0
8	0
2	0
0	0
0	0
350	1
2275	1
5	0
1055	0
6535	1
102	0
0	0
5	0
1	0
489	127
6	0
44	0
114	0
409	6
1488	123
94	0
11	0
1	0
3	0
0	0
4	0
0	0
3586	3
0	0
0	0
130	33
19	0
0	0
30	49
0	0
0	0
230	0
2	0
176	0
18	0
6004	3
45	17
0	0
0	0
0	0
0	0
0	0
454	1
2	2
4	6
1	0
0	0
5280	3
69	0
10129	5
281	1
0	71
4	29
0	0
0	0
0	0
2	0
8	0
1	0
14	0
49	0
0	0
8	0
1439	1
1287	0
3701	4
45	0
0	0
1	0
0	0
18	0
11	0
0	0
1	0
0	0
0	38
1617	1
0	0
88	0
3999	1
1294	0
3776	0
360	277
15	277
48	6
6	4
0	0
10358	7
59	2
2	0
0	0
18611	4
0	4
3249	1
3209	1
0	0
0	0
0	0
14	0
0	0
2	0
0	0
0	0
51	1
7	0
0	0
0	0
2	0
5	14
0	0
0	0
16	0
32	58
13	0
0	1
15	0
0	0
1316	0
0	0
53	6
10019	9
72	75
1123	0
51	1
375	1
5	0
25175	12
69	149
3	149
593	331
64	331
1	0
27	233
352	233
1297	0
4	0
1	0
444	0
0	0
0	0
0	0
0	0
3	0
991	444
161	1232
257	872
0	0
0	0
4171	1
0	1
1	0
290	95
97	0
183	0
15	95
0	1
4411	6618
4	0
0	0
3	0
2604	6617
0	0
0	0
0	0
304	472
2	0
89	472
5	0
10088	2
1	0
638	0
0	0
0	0
0	0
1488	0
0	0
0	0
0	0
1618	2
2	0
18	0
2	0
3	0
0	0
37	0
149	0
0	0
5094	1
3289	4
13285	0
1	0
2	0
438	0
3681	6
0	0
27	0
26	0
0	394
1504	0
0	0
5	0
237	0
20	0
2	0
4222	1
0	0
283	0
8270	2
3905	0
0	0
0	0
8202	2
56	2
23	0
4	0
2065	0
2	0
5273	0
0	0
0	0
2	0
827	0
2	0
0	0
0	0
0	0
0	0
33	0
5	1
0	0
1283	1
0	28
51	0
2	0
0	0
0	0
7	4
0	0
3907	3891
716	3890
0	0
1	0
0	0
10	0
3	0
0	77
1	0
16	0
2	0
4	0
0	0
2	0
1	0
74	0
0	0
0	0
1	0
0	0
11	0
43	0
66	0
89	894
4	1
0	260
0	289
1	896
4	0
0	209
0	0
0	0
829	0
315	0
3	0
1595	0
70	0
950	0
0	0
3	0
54	0
28	33
0	0
24	0
2	4
1	0
700	202
2	202
5	0
553	0
0	0
1995	2
27	0
6	0
13	0
0	0
261	210
5	210
783	653
295	653
0	0
0	1
0	0
0	2
546	0
19	0
0	0
3	0
0	0
31	0
1	0
7	0
13	0
1	0
0	0
423	0
2	0
5	0
2	0
2	0
4	0
6	0
1429	0
0	0
7056	5
0	0
0	0
0	0
0	0
0	0
223	766
0	766
2	0
9	0
1495	2
0	0
0	0
3	0
0	0
54	2
302	2
10	0
31	0
2667	0
1	0
0	0
0	0
0	0
0	0
0	0
0	0
0	0
0	0
0	0
1	0
0	0
0	0
0	0
1756	0
22	2
1	0
13	0
1	3
1	0
0	0
9	0
44	0
452	0
0	0
7	0
0	0
0	0
0	0
0	0
0	0
0	0
0	0
5	0
0	0
0	0
781	1
40267	2517
0	77
0	0
0	0
0	734
15	0
9	1314
23	894
495	1
0	0
2	194
3887	7345
48	7345
2700	0
1	0
0	0
1	0
592	0
0	0
0	0
0	0
10	0
5	1
1	0
1	0
0	0
1	0
109	0
0	0
2	0
824	0
9795	1048
8	1046
0	0
138	0
0	0
0	0
60	0
0	0
366	0
2	0
0	0
0	0
1863	1
11853	6
543	0
0	0
8	0
0	0
0	0
0	0
0	0
4	0
303	0
2124	1
0	0
0	8
4090	2323
16	2323
0	0
0	0
0	0
692	0
0	0
0	0
22	44
0	0
332	0
3058	0
2	1
0	0
2355	2
21	0
0	0
0	0
0	0
1455	0
0	0
22	3
87	0
5	20
1	20
1	0
187	0
50	0
4	0
0	0
3	0
481	0
0	0
2	2
855	0
0	0
0	0
7850	1
0	317
836	0
13	0
0	0
0	0
49	0
10	1
3341	2
19	0
0	83
19	0
1712	1
0	0
0	1
1	5
2	724
0	0
31	61
8	72
1	0
1	0
2	0
172	0
2840	0
0	0
0	0
0	0
0	0
0	0
0	0
157	0
1	0
35	0
1	0
1249	0
1360	0
0	0
5000	6
0	0
0	0
90	0
41	0
21184	7
2943	1
1245	0
1	0
3	0
0	0
742	0
0	0
0	0
2	0
3	0
2477	0
0	0
0	0
2942	1
145	134
23	134
1	0
1755	0
0	0
472	1046
2758	1046
0	0
0	0
0	0
0	0
0	0
0	23
0	0
0	0
0	0
4	0
218	0
0	0
106	0
0	0
0	0
4	0
516	0
40	0
1925	4
0	0
297	0
7	0
32	0
18	2
4	2
0	0
0	0
0	5
39	5
20	0
0	0
0	0
0	0
3	0
177	0
560	0
4	0
0	0
13	0
0	0
0	0
1484	0
0	0
1	0
0	27
0	106
0	0
3591	0
14	47
1	0
0	0
10767	2
0	0
2	0
0	2
0	0
0	2
0	0
0	0
0	0
0	0
0	0
0	0
0	0
605	0
23	0
3326	2
7	0
0	0
2084	2
0	0
1	1
3	0
15	0
4	0
0	0
7	0
1	0
0	0
3010	0
314	1074
0	0
2780	0
112	817
0	0
238	951
14	0
0	0
1517	1
1	0
1	0
126	1584
9	903
0	0
7	1564
772	0
0	0
0	0
0	0
364	0
2	3
40	0
65	0
2	0
9	0
1	0
0	0
0	0
13	0
43	0
9	0
4	0
12	0
51	22
22	0
2	0
3	0
357	247
5	71
20	173
0	3
0	0
1741	0
9	8
0	0
1	0
0	0
94	0
1654	1
0	0
6183	1
4	0
0	0
0	0
1	0
0	0
0	0
0	0
0	0
20	0
68	19
4	0
2	0
669	4
7	0
18731	12
19	5
7830	5
0	0
4208	0
0	0
64	0
2	0
0	0
788	148
34	148
79	0
1	0
130	1
0	0
9	0
1	1
3046	0
9	0
6	0
89	0
3664	0
112	0
21	0
0	0
1	0
0	0
512	0
2	0
59	0
2	0
745	0
0	13
0	0
1	0
11	0
1	1
0	0
0	0
4	0
0	0
0	0
11	0
745	0
0	0
0	0
12	0
57	54
1	0
6	0
0	0
0	0
1	0
10	0
0	0
584	0
0	0
0	0
0	0
0	0
0	0
11	0
0	0
486	0
2814	1
1220	0
0	0
3	2
5	0
1	0
1903	1
0	0
1	0
1	0
172	67
31	67
5	0
18589	6
1876	1
0	33
1	35
0	0
2	0
0	0
574	189
0	0
0	1470
6	1
16	106
0	0
0	1
3768	107
0	772
1476	24
0	0
2	0
0	0
27	38
0	0
24	239
2152	239
8	0
0	0
0	0
8753	6
1	0
2	0
0	0
1909	0
0	0
4	4
439	125
340	125
0	0
0	0
1	0
9	1
74	0
1	0
3	0
0	0
0	0
0	0
65	0
7	0
0	0
0	0
0	1
1576	1
0	0
207	0
295	0
139	0
342	0
681	0
0	0
0	0
2054	0
216	0
440	0
0	0
86	0
142	242
4	242
0	0
725	0
0	0
0	0
0	0
0	0
0	35
604	0
0	0
26	7
0	0
18	0
114	0
69	0
126	0
3	0
3	0
0	0
0	0
0	0
9	0
1800	3
1164	0
27	0
13	0
11	0
2	0
0	0
48923	4479
2	4458
0	0
25696	16
98	2
0	0
1	0
723	0
16	0
0	0
26	0
0	0
7	0
748	276
96	276
47	0
154	55
0	0
0	0
0	0
0	7
0	0
2	0
432	0
0	0
0	0
19	7
0	0
0	0
289	3
2	0
38	0
0	0
300	0
2485	1
0	0
542	2116
0	0
1461	2116
0	0
23	0
57	3
173	3
0	0
2414	0
46356	1953
5	5
3	4
7	7
2209	1704
0	0
0	0
3	1
0	0
4881	1
942	0
0	0
439	1
174	1942
27	0
1	0
1111	1703
11	0
2	0
3505	1
23	1
173578	76
0	0
0	99
0	0
96	1
1	0
2949	1
0	0
51	0
7	0
2	1
1	0
3	0
89	0
0	0
0	0
2	0
7	0
1	0
2593	1
16	6
0	0
0	17
0	2
1	2
1	0
767	5
5	5
1	0
0	0
2095	0
0	0
28	1
12	0
3267	1
0	0
0	0
1	0
0	0
5	1
0	513
3	30930
37	50
0	0
0	0
0	0
0	0
9	0
0	0
0	0
0	0
442	2
0	0
0	0
1	0
0	0
99	0
0	0
3	0
1	0
40	0
0	0
0	0
453	0
116	1
5	0
0	0
172	0
0	0
0	0
3	1
0	0
0	0
0	3
0	0
3	0
0	0
1	50
0	217
0	0
0	0
0	3
0	0
0	0
0	0
72	0
1	0
376	14
0	377
0	0
1	1
0	33
0	41
1007	14
41	0
125	0
0	0
0	0
34	0
0	0
25	0
2561	1
1882	2
1022	0
4	0
0	0
1568	150
48	150
0	0
224	0
0	0
2261	0
2	0
0	0
0	0
0	2
2	1
0	0
1623	240
6	239
2535	0
24	0
0	0
5	0
1	0
20	0
15	0
0	0
3	0
1	0
0	0
0	0
38	0
0	2
0	1
0	0
0	0
1	5
0	0
2	0
7389	482
51	481
0	0
0	0
1560	0
59	54
0	54
1705	1
2	0
0	0
3	0
0	0
0	0
73	0
4489	2
28	0
12	0
0	0
12827	0
48	0
0	0
0	0
1897	2
0	0
0	0
0	0
0	0
0	0
3959	120
2	119
4	0
0	0
1	0
0	0
0	0
963	1
116	1
0	0
0	0
1	0
269	0
0	0
0	0
1080	0
5	0
0	0
1107	160
0	160
4	0
0	0
2	0
0	0
898	0
0	0
0	0
1082	0
0	1
947	0
3	0
0	0
8	4
1	0
2	0
2351	0
523	0
0	0
211	0
2	0
2	0
2	0
78	0
0	0
0	0
19	0
4938	1
0	3
909	0
7	0
1	0
2162	0
0	0
0	0
226	1
0	50
864	890
48	84
1	0
0	0
0	18
1	0
0	0
0	0
5	890
0	0
339	158
31	158
1903	0
5549	3
63	2
3	0
1297	0
267	0
4866	1
3	0
0	0
37	0
7	1
2	3
0	7
2	1
1	0
0	0
175	0
0	1
0	0
0	0
524	0
88	54
10	54
1	0
5	1
0	48
30	48
0	0
2	1
2457	6
3	0
9	0
0	0
5	0
44	0
12	0
34	0
225	2
619	1
182	0
5	0
6256	10
75	2
2	1
0	0
0	0
697	0
29	0
38	0
39	11
2	0
0	0
2	0
0	0
15	0
1	0
1274	0
32	0
1	0
3	0
110	0
2652	0
14087	3
0	0
0	0
1	0
0	0
2918	2
101	55
2	55
3844	1
61	0
1	1
0	0
22	15
0	0
0	323
188	135
1608	134
985	2
26	0
111	0
1	0
0	0
9	5
545	0
1	2
1	0
0	81
289	0
0	2
0	0
1	0
3362	0
3239	3
6	0
13	0
0	0
11	0
493	2
215	0
1	0
428	0
23	0
186	0
7	0
85	9
132	163
0	163
4121	3
24	24
15	0
8	0
4	1
52	0
15	0
21	1
0	0
0	0
22	0
199	0
93	0
151	11
570	11
30	0
7968	2
0	0
0	0
9	1
0	0
200	0
0	0
1134	1
0	0
0	0
0	0
8794	26
0	0
7255	0
108	2
4574	2
1	0
9	0
8	0
710	129
40	129
0	0
1795	1
18	0
7267	3
2360	0
1	0
0	0
0	0
2	0
1607	0
0	0
0	0
0	0
4	0
37896	12
0	0
240	0
4057	2
266	1
9	0
0	0
0	0
608	1
0	0
41	0
1554	2
119	0
1	0
0	0
1	0
0	0
2	3866
0	0
6	45
0	2230
0	0
0	0
0	0
1	0
3	0
0	0
0	0
318	0
1339	0
975	4
0	0
0	0
10517	3258
0	3256
0	0
5	0
0	0
0	0
266	0
0	0
1	0
8	8
348	8
0	0
0	0
9	0
0	0
420	0
5	0
0	0
239	0
0	0
0	0
0	4
0	5
29	0
187	2
0	0
0	0
0	0
0	0
633	0
3	0
34	0
0	0
0	0
0	0
683	0
1	0
0	0
2	0
2	0
0	0
0	0
0	0
0	0
0	1
10	0
22	0
76	6
2	0
0	0
18	0
0	0
0	0
0	0
0	287
46	5
0	0
0	0
11	0
7	0
0	0
132	4
1994	1
15	0
2	0
0	0
0	0
1781	0
2	0
1	0
0	0
18819	30
1059	424
59	424
337	0
14	3
508	0
0	8
37	0
0	0
4	0
33757	1032
0	3
37	4
28	244
0	1
0	770
0	108
0	0
390	0
2	0
0	0
2449	2
0	0
0	0
465	0
1	0
578	0
3	243
1762	243
2	0
7	0
22007	14
57	1
20	1
251	1
0	0
198	4
15	4
10	1
1876	78
0	0
18	11
0	0
1	57
83	122
11907	5
52	0
22	0
1185	0
2	0
33	1
11	1
1323	0
0	0
0	0
0	0
626	3
1	0
0	0
0	0
1389	1239
0	1328
60	0
401	0
0	0
0	0
1	0
203	226
36	226
12	0
0	0
0	0
18	0
5	1
166	0
2	0
5	0
1	0
0	0
1	0
0	0
0	0
1912	2
2720	2
0	0
1076	1
9	4
1	3
19	0
11	4
0	0
35	0
55	87
3620	87
4	0
5	0
2	0
4	0
0	0
0	0
0	0
9	0
0	0
0	0
0	0
2	0
0	0
1412	0
0	0
15	0
0	0
1	0
4	3
5	0
3	0
41	0
3	8
7	3
0	0
0	0
9	0
5	0
1403	0
0	0
0	0
0	0
2947	5
21	4
0	0
0	0
1320	0
0	5
0	1
0	0
1	0
0	1
19	0
0	0
0	0
0	0
0	0
2119	0
0	0
439	0
867	1
2	0
1044	1
0	0
86	0
18	0
4582	2
948	1
4905	2
2	0
677	1
41	0
0	0
0	0
2220	1
231	0
0	0
2	0
3	0
2359	1
0	0
0	0
3651	1098
109	1097
9	2
2	0
1	0
357	0
1	0
0	0
1	0
2679	0
0	0
0	0
9387	4
85	149
176	149
0	0
12	0
0	0
0	0
8	0
2084	1
2	0
1858	8924
5	8924
4	0
8816	3
2	0
0	0
10176	11037
3	3
0	1
1	0
2	0
18	0
2	0
5550	11035
25	0
4	0
0	0
2	0
7	0
1	1
322422	159
1576	51
25	5
2	0
3	0
664	718
46	717
0	0
0	0
0	0
0	0
1	0
258	0
0	0
0	0
1	0
0	0
0	0
0	0
181	0
24	0
2	0
0	0
1783	0
3	0
0	458
0	56
39	18
0	0
6737	2
13435	12874
872	1
4	0
0	0
0	0
0	0
1508	0
1559	0
9	0
0	0
0	0
0	0
4	0
57	0
3152	2
16	0
138	2
9	1
0	0
7631	1
36	92
520	2
0	0
2	0
50	10
386	0
0	0
0	0
991	0
7995	12871
3	2
1	0
2226	2
1126	0
2145	0
1	13
2	1
0	13
15	0
0	0
82548	30
30	691
0	1
0	1
1000	83
13	82
0	0
0	0
5669	1
33	926
6103	926
0	0
3	0
3	0
0	0
0	0
1	0
543	0
0	0
51	0
29	0
0	0
0	0
2	0
0	0
305	0
5	0
617	0
737	1
1457	0
0	0
0	0
0	0
394	0
0	0
0	0
12	0
34	0
1122	0
21	0
10	0
1200	0
590	0
0	0
0	0
0	1
0	0
0	0
1	2
9	3
0	0
0	0
0	1
0	0
0	0
3430	1767
17	1767
2	3
8	0
274	174
7814	2
38	0
640	0
0	0
3530	1
0	0
2	0
1	1
775	0
1370	0
2	0
0	0
12	0
0	0
7	0
0	0
1	0
0	0
141	0
0	11
0	35
0	1
2264	0
29	18
2	0
1365	0
0	0
0	0
580	0
2	0
27	0
0	0
0	0
5	0
2112	1
0	0
0	0
0	0
12	0
1	0
2274	3462
1	3462
1619	1
475	494
3643	860
0	0
6	3
1	3
7	855
3	0
171	304
891	125
24	125
210	5
1	0
1675	10
72	10
1252	0
1605	1
0	0
0	0
6	0
0	0
6	0
1	0
1307	1
0	0
0	0
6	0
0	0
2	0
0	0
0	0
0	0
0	0
0	0
462	0
0	0
0	0
3687	2
17	0
3	0
0	1
0	0
848	0
41	0
0	0
1	0
68	0
0	0
0	0
1	0
140	0
554	0
2247	1
1762	235
4	235
0	0
156	0
0	0
28	0
115	0
778	0
34	0
650	1
124	3
0	0
0	3
8	3
333	3
0	0
1480	1
1	0
3216	538
5	0
8	0
21	1
131	2
0	0
1	0
0	0
22	94
0	0
6	0
0	0
6406	634
84	0
59	2
0	0
0	0
716	0
0	0
357	0
35	0
2	74
879	74
0	0
0	0
0	0
290	175
331	175
0	0
323	1
0	0
5	0
6	0
1930	1
0	0
5	0
1815	1
68	0
3	0
309	0
48	0
5	0
0	0
0	0
2	0
4516	4
110	2
3	0
455	0
31	0
12	20
0	0
2801	1172
1	1171
0	2
0	0
0	0
0	0
0	3
0	0
0	0
24	0
5	0
10	0
43	0
57	302
941	301
1	0
3615	0
0	0
18	30
66	0
1710	0
2	0
0	0
0	0
0	0
8	0
1	0
1524	2
0	0
25	0
10	0
4297	0
1058	0
244	0
0	0
9	0
2352	0
0	0
0	0
44661	19
1	0
0	0
5	0
1	0
0	0
217	0
137	0
672	0
3	0
80	71
148	71
1	0
0	0
35	0
0	0
0	0
0	0
5208	5
11	0
4	0
6	0
8	0
0	0
6	0
0	0
0	0
0	0
0	0
0	0
0	0
0	61
2	57
0	8
3	65
0	23
0	17
11	0
0	0
429	0
94	0
10	0
23	1
263	1
154	0
6	0
192	0
2	0
141	0
93	10
288	0
0	0
0	0
100	0
0	0
0	0
0	0
254	7
0	7
0	7
0	0
2640	2
2	1
128	1
1	0
6	2
4880	6
1341	0
0	0
5	4
1746	4
1	0
0	0
14	7
2	0
0	0
345	105
85	105
2141	200
56	171
2	26
3	0
0	0
0	23
5065	4
5363	1
5526	2
0	0
0	0
2180	12853
0	0
3325	12827
3543	1
0	0
5118	4
24	1
1	0
739	433
48	433
0	0
0	0
1011	0
0	0
44	0
26	0
4	0
1	0
0	0
1	0
0	0
0	0
33	0
74	0
775	0
1	7
8	36
2	0
705	1
0	0
61	0
266	0
14	0
0	0
1749	0
1399	1
10	0
67	0
58	0
6	0
0	0
292	44
25	44
1	0
0	0
3	1
0	0
266	1
0	0
1491	0
30	0
0	0
51	0
0	0
6	0
9	0
4	0
1	0
698	2
2	0
0	0
1042	0
0	0
1	0
0	0
0	0
0	6
57	0
1215	0
0	0
1764	1
0	0
10	0
0	0
3	0
0	7
6	7
192	0
18	0
0	0
12	0
0	1080
64	0
8	0
0	558
0	517
5	1467
27	0
0	2060
0	0
0	3415
0	0
0	0
0	0
0	2931
3	43
1	321
61	0
1	1298
0	0
120	1914
0	3
0	16
0	0
0	43
6	1
0	1464
0	0
0	5690
2	0
7	15
0	16
54	840
0	158
0	7
1	0
0	0
25	139
0	0
3	0
0	0
0	0
10	7
0	4503
0	2740
73	0
0	4483
0	0
3	411
198	517
0	0
523	0
1	1519
0	0
0	2348
1	0
0	3691
2	9093
0	852
0	0
1	6
0	54
0	132
0	174
0	0
10	782
2	1
1	4
0	0
0	2
0	0
0	0
5	69
1	658
22	59
0	0
0	0
0	21
0	428
0	14
0	36
0	5
0	0
2	1986
0	0
2	64
1	0
0	107
0	212
0	24
0	0
6	0
0	162
1	0
0	0
0	0
0	296
1	0
0	248
0	0
0	2
5915	1
955	59
4	59
0	0
1	0
1	0
0	0
144	0
2	0
0	0
3	0
4	0
0	0
0	1
0	0
0	0
0	0
1	0
1	0
308	0
0	0
0	0
49	32
45	0
0	0
1571	1
555	1
3	0
0	1
224	43
28	43
207	0
2446	2
527	2
14	0
17	1
0	0
0	2
60	1
46	0
15	0
0	0
9474	566
93	564
45	11
2823	648
1	645
2	0
2	1
11	1
13	56
28	56
0	0
4501	0
3	0
0	0
2	0
7	0
0	0
5	0
5	3
7	0
22	0
7778	3
4	0
1	0
0	78
65	0
5	3
4329	5
2	0
97	0
1	0
1604	0
0	0
1643	0
0	0
1	0
10	1
11	0
0	27
0	10
3	0
355	840
47	1
0	1
0	0
0	0
969	0
0	0
0	0
0	0
3	0
2	0
7	0
1192	0
18	0
0	0
0	0
39	16
1428	3
5	0
2458	0
0	0
0	1
639	0
0	0
2	3
15	0
16	0
21	0
1	0
0	0
5	122
12	11
0	0
258	0
1	0
0	0
0	0
24	2
58	0
793	0
0	0
0	0
0	0
0	0
0	0
1	0
0	0
0	0
0	0
321	0
101	35
4	5
4	5
6	0
0	0
3	0
0	0
9	0
0	0
0	0
1	0
1377	3
0	0
0	0
0	0
0	0
0	0
48	0
147	0
3940	222
40	222
2	0
491	0
0	0
0	0
3	0
0	0
45	0
0	0
337	0
3	0
2063	1
0	0
0	0
0	0
158	1
0	2
0	9
0	0
0	0
1	0
0	0
0	0
4635	3
0	0
6	0
0	289
473	53
110	53
0	0
314	175
39	175
30	0
75	0
1151	0
2	0
0	0
2	0
1781	0
0	0
14	0
4	0
136	27
3	0
0	27
5	0
0	0
0	0
1	36
119	36
15	0
3	0
0	0
0	0
0	0
0	0
0	0
1	0
9	0
0	0
1	0
5	0
0	0
0	0
0	0
75	0
0	0
2	0
0	0
0	0
488	0
3	0
16	7
4	0
0	0
0	0
0	0
3	0
3799	0
1	0
3396	0
84	0
9	0
1	0
1268	161
244	158
1	0
3	0
0	0
2213	19
51	18
2	0
2050	0
0	175
0	0
0	0
1072	0
2	0
0	67
0	0
29	0
0	318
0	0
56	0
4	0
139	0
3	8
64	0
0	63
16	0
1	0
11	0
0	30
3	1533
6	0
0	0
11	0
8222	2
0	0
550	0
79	0
3	0
1	0
0	0
101	133
0	0
0	30
0	0
0	0
2272	1
5889	1
0	0
4	0
0	0
6	1
487	0
0	0
0	0
562	0
0	0
0	0
1	19
11	23
7633	2
0	0
0	0
0	0
0	0
359	0
0	0
897	0
3	0
0	0
0	15
0	3
0	92
1	0
3205	0
7	0
0	2457
15	4
0	0
1	1
0	0
0	0
0	0
0	359
0	0
888	0
0	0
686	0
0	0
0	0
4343	0
0	0
3	1
855	0
2943	2
16	6
0	0
0	0
0	0
1245	0
0	0
330	0
0	0
25	25
7	25
0	0
0	0
2	0
18	0
2593	0
0	0
0	0
1054	68
5	65
294	0
1	0
350	0
0	0
367	48
393	87
3	6
0	0
807	51
0	0
1889	0
13	0
428	136
142	136
0	2
0	0
78	231
2321	466
33	234
0	20
982	20
0	0
1	43
0	43
0	0
273	0
9	230
872	231
0	0
1594	0
240	0
0	0
1207	0
2793	0
61	0
1	0
649	0
2	0
0	0
319	1
3	0
0	0
1	13
12	13
1	0
0	0
4	0
0	0
8	0
0	0
21	0
0	0
0	0
1089	0
0	0
2449	790
0	790
0	0
5	0
376	442
16	442
0	0
11811	1
5	0
26	39
12	39
0	0
1629	0
6	0
1	0
1721	10
125	10
1	0
9	3
0	0
7	3
0	0
1	1
976	1413
32	1413
1798	2
5	0
2	0
437	0
0	0
417	0
0	0
0	0
0	0
0	0
2653	140
4	138
8	0
51	244
3074	244
0	0
17	0
0	0
1271	119
21	119
1	0
1576	3
126	226
15	226
422	0
695	1
231	0
0	0
15	0
42	0
0	9
6	0
0	0
17	0
1275	0
83	0
0	0
0	1
1	0
1	0
1016	3
0	0
2	26
631	0
1433	0
0	0
4	0
49	10
0	0
0	0
622	0
0	0
1940	1
31	0
1	712
1	0
0	1
0	0
1075	0
5060	243
669	0
230	242
367	0
83	10
0	9
0	0
0	0
101	214
1269	2895
0	0
162	0
4	9
0	4
0	0
13	14
2248	2761
7	2
0	0
1	0
460	0
860	0
443	9
1910	9
1	0
1	0
1	0
67	0
1	0
0	0
0	0
0	0
7	51
1164	51
34	0
0	0
71	0
28	0
3	0
0	0
3	0
3	1
3	0
1767	0
1642	19
886	19
45	0
0	0
688	1
1069	0
8	0
0	0
124	0
0	0
1058	0
145	152
77	0
0	0
0	0
0	0
0	0
0	0
5	0
1	0
0	0
0	2
0	0
0	0
0	11
1321	2
14	0
20820	15
2	0
93	0
753	0
0	0
0	0
0	0
371	0
40	0
9	0
0	0
1	0
0	0
0	0
0	0
30	0
0	0
1	0
1375	0
0	0
7	12
0	0
891	0
4	0
644	0
0	0
2	0
220	0
0	0
0	16
3	0
4	87
0	0
325	0
550	823
1	823
0	0
0	0
6	0
0	4
0	3
0	0
4792	2
1888	0
0	0
0	0
4	0
0	0
3071	0
1	0
0	0
0	0
0	0
40	2
8	0
0	0
0	0
0	0
1869	1
42	9
13	12
358	12
4	0
10	0
71	0
0	0
0	0
11253	13
114	9
1	0
2697	0
777	1496
1	0
1044	1496
1180	0
2	0
0	0
4383	0
7066	2
51	23
3	23
29	1
3	0
0	0
0	1
3355	0
24	8
2140	0
18	0
3	5
516	0
3471	1
64	0
0	0
3090	0
0	0
0	0
782	1
1159	0
1	0
0	0
25	0
9	0
182	0
0	0
495	0
34	20
198	16
44	34
355	0
402	0
9866	9279
20593	9318
171	4
0	0
856	50
0	0
1	0
11805	1068
711	1072
1	0
0	0
1	0
6	0
0	0
72	0
21	0
0	0
0	0
0	0
4151	2
0	0
2	0
3	0
0	54
0	22
0	155
1	254
1	815
9	2235
0	66
0	65
0	66
2862	2250
23	2
102	29
0	0
0	0
0	0
0	0
294	240
2	240
0	0
0	0
1592	1
0	0
0	0
207	0
0	0
8	0
0	0
14	0
0	0
0	0
2	0
6	0
22	0
0	0
0	0
1	0
71	0
0	0
1	0
0	0
5	0
0	4
0	2
953	0
0	0
0	0
14	0
0	0
4	2
1895	0
913	177
27	177
238	0
4	0
0	0
3220	1
94	14
0	0
0	0
1	0
0	0
0	0
0	0
12322	5
0	0
244	3
7	0
0	0
9	0
0	10
516	47
0	0
0	0
3468	1
1	0
29	0
0	0
0	0
0	0
10	7
0	0
0	0
2753	0
27	0
0	0
1	0
0	0
0	0
12	0
0	0
388	179
8757	179
359	0
0	0
0	0
0	0
2	0
2	0
0	85
0	119
0	0
0	0
0	0
0	0
0	0
37	0
662	383
1	526
1	654
0	0
0	3
873	0
4	0
3907	129
0	0
0	0
0	0
0	0
0	0
0	0
35330	19
0	0
0	0
1390	0
0	0
1073	1
14	0
0	0
0	0
1	1
0	1
133	0
0	0
525	187
0	0
9616	3748
3	0
160	0
27	0
3972	3201
47	0
39	21
97	2
0	0
0	0
38	187
0	0
6	0
1	0
5	0
0	0
0	0
1654	1423
0	0
0	0
1	1
4703	0
1875	1
1	0
328	0
12	0
0	0
3	0
8056	7
0	0
0	0
0	0
0	0
0	0
0	0
0	0
1829	64
38	64
0	0
0	0
4	0
0	0
0	0
9695	5
2	0
5	0
5	0
148	0
4	0
1	0
0	4
3	1
0	666
1	6746
0	4
0	0
0	666
0	6746
0	0
6	0
145	272
281	272
0	0
23	44
4	44
0	286
0	0
0	0
0	0
11	17
1	0
1	41
5	0
0	0
0	0
0	1
2	0
0	0
2	0
212	0
2700	0
0	0
0	0
0	0
0	0
0	0
1910	2
0	0
0	0
0	0
2	0
494	0
0	0
0	2
6234	3
3	0
0	1
0	0
68	1
2	0
2024	1
0	0
0	5
1267	0
0	0
0	0
0	0
2	0
0	0
1	0
1	0
3	0
3	1
7	1
656	107
1	105
302	0
1020	0
0	0
14	0
900	0
6	0
0	0
4335	1
62	88
20	88
0	105
8	0
7313	2
8	0
0	0
98	7
3	1
4	1
3	0
29	12
3	0
0	1
0	0
0	0
143	1
133	15
612	17
3	0
0	0
1	0
0	0
9	1
0	0
0	0
61	0
14964	3
10	0
0	0
3	0
3144	2
561	1
770	0
0	0
0	0
0	0
734	1
0	0
0	0
0	0
27	0
10	1
0	0
3078	1
1626	0
0	0
3	0
6	0
0	0
0	0
123	48
5738	51
46	2472
4692	2472
0	9
595	0
0	0
0	0
0	0
502	0
0	0
0	12
22	0
5	1
2	0
0	0
181	0
29	2
10932	6
2	0
1	0
2	0
0	0
0	0
453	949
1041	950
0	0
6	0
0	661
0	69
0	0
2	0
22	2
0	0
16	0
363	0
4483	4
0	0
19	0
2482	1
3	0
0	0
0	0
0	9
1	0
0	0
0	0
3	0
921	0
0	0
0	0
53	0
81	454
454	454
2	2
1	0
21	4
22617	22
93	18
0	0
60	0
0	0
0	0
0	1
19	0
15922	11
1241	1
1174	1
35	7
4	1
0	0
0	0
0	0
5	2
96	0
16	0
1	0
24	0
11	0
5	0
0	0
11	0
0	371
2	5
0	22
0	10
4	13
5505	2
1329	1
84	4
0	4
0	0
1	0
5	0
0	0
127	0
0	0
387	205
5	205
44	0
1369	0
3611	0
4	0
186	0
0	0
0	0
121	3
50873	11
0	0
0	0
6	2
6	0
1	0
3518	5816
0	0
1	0
0	0
1078	5816
9290	2
25	0
0	0
3	0
3	0
1	0
165	0
0	0
6	1
1971	1
712	37
105	39
258	232
70	232
0	0
0	0
396	0
0	0
23	15
704	0
1	0
11264	2
456	0
76	0
0	0
20	0
4	0
37570	10
30	0
2518	0
798	581
519	580
6	0
4407	33
22	0
3	0
32	0
0	33
26	7
0	0
9	0
2	0
1599	0
5	6
211	0
2	0
1189	785
311	1
1298	0
1	0
1162	5169
1130	5170
1	0
0	0
0	0
860	0
2	0
7	8
1131	0
21	1002
7177	1011
47	7
1	2
4396	1
1166550	299
0	0
0	0
3268	3
0	0
1224	0
23	0
143	1
23	0
11864	3
12623	6
10503	2
21	0
0	0
1	0
0	0
0	0
2	0
0	0
11	0
0	64
11	0
0	0
0	0
26	1
0	0
0	0
0	0
0	0
0	0
2	13
0	0
0	0
1	0
1	0
0	0
0	0
0	0
0	0
2	4
0	13
7	0
0	0
0	0
1	0
0	1
0	0
0	0
251	49
0	4
0	3816
7	0
0	483
0	2
0	3
10	4
22	123068
0	31605
0	32504
23	514
11542	2
0	0
0	0
10058	1
2831	0
0	0
9008	3
12	0
368	529
21	0
0	0
10	0
0	0
0	0
0	0
6	0
0	0
20	0
24	0
0	0
0	0
6	0
3	0
74	0
0	0
0	264
12	878
12	264
1056	878
165	0
0	0
0	1
0	0
2240	331
47	331
0	0
1	0
0	0
1	0
0	0
0	0
9796	1234
61	489
57	219
28	521
82	4
8647	5
836	0
1022	0
5308	1
3070	3
0	0
835	0
3534	0
0	0
0	0
0	0
0	0
946	540
0	540
8	0
259	0
4498	1
3	0
4148	2
0	0
1	3
1080	3
0	0
153	0
29	243
0	0
0	0
28	243
339	0
0	0
0	0
390	0
0	0
0	0
0	0
20	129
0	0
0	0
274	0
2	0
6031	1
0	1
0	1
6	27
0	7
0	2
0	1
0	0
0	1
0	2
0	4
0	1
0	0
0	0
0	0
0	6
0	3
0	0
0	11
0	0
0	0
0	0
0	14
0	2
0	0
0	0
788	0
0	0
0	0
695	0
6	0
0	0
1	0
1	0
0	0
1	0
2	0
0	0
14	0
0	0
793	0
0	0
29	0
3853	1
254	574
94	574
1	0
0	0
179	0
6	0
1631	0
0	0
26	0
5	1
5	1
0	0
0	0
2	0
1	0
959	0
2	0
4003	1
2	3
0	0
155	0
10	6
75	0
1	0
7	0
0	0
0	0
1898	1
0	0
0	0
0	0
270	0
586	4
0	0
0	0
8	0
1129	0
5	0
1	0
0	1
0	0
0	0
0	0
1795	0
0	0
0	0
5117	3887
16	3885
11	0
0	0
1075	1
2	3
1	2
0	0
1	15
0	0
2	0
144	0
1	1
1718	1
2	0
4	4
18	9
6575	2
23	1
70	21
0	0
0	0
0	0
3171	808
0	805
2	1
186	0
3219	3
0	0
2	0
14078	1
5	2
2	2
6361	3
0	0
4	0
285	1
0	0
0	0
0	0
126	0
39	19
0	0
0	0
2795	0
1	0
6	0
0	0
0	0
18	0
27	0
92	1
29	1
7	0
6	0
3	0
2177	0
0	0
0	0
212	0
6	0
0	0
56	0
1	0
2	0
0	0
3258	40
2	0
60	40
3	0
104	364
1224	366
0	0
447	0
4	0
2499	263
19	0
0	0
14	262
0	0
0	0
0	0
62	0
1	0
0	0
0	0
12	0
42	1
2	1
0	0
0	0
4	0
439	0
0	0
0	0
0	0
1	0
2	0
5667	2
1	0
1139	0
0	0
1	3
4	3
2	0
1264	0
13	0
514	0
1378	0
10	3
3250	477
0	0
401	477
6	0
641	1
0	0
0	0
3123	1
0	0
8	0
3583	3
577	0
0	0
0	0
0	0
2	0
0	2
0	0
0	0
100	6
12	6
12	6
0	0
131	0
11	0
0	0
1	0
1564	0
0	0
1679	0
0	0
0	0
0	0
37	0
0	0
0	0
10905	7
1982	0
0	0
0	0
2011	3
11	3
0	0
2507	0
788	0
0	0
0	0
1932	3
145	0
1	0
953	1090
48	1090
4234	1
254	312
21	312
0	0
0	0
0	0
1407	0
7	0
2	0
46	0
3	0
1	0
0	0
136	0
112	64
11	64
12	13
1	0
2	0
1	0
0	0
1	0
0	0
15	0
1	0
437	0
881	724
29	0
213	185
0	0
66	35
3748	1296
0	0
3371	1005
0	0
0	0
1	0
0	1
3	0
2	0
7	0
3	0
583	0
1150	0
1	0
37	0
301	0
0	0
0	0
1	0
0	0
0	0
2959	0
0	0
1	0
67	0
9	0
2	0
0	0
0	0
0	0
331	0
3	0
398	34
12	34
0	0
2640	0
2170	0
0	0
2373	0
0	0
1616	2
0	0
0	0
46	0
0	0
0	0
4	0
0	0
0	0
522	0
254	2
1126	2
1	0
4281	0
0	0
1	0
3801	1
158	0
101	0
2	0
13	0
1	0
1	5
0	0
2	1
4231	2
4	2
13	0
1118	3
1903	237
0	237
2	0
0	17
0	17
44	8
8	8
0	0
2	0
9	1
0	0
1294	1
4	0
1115	1
16	0
19	0
0	0
1115	0
1	0
546	0
1	0
540	0
0	0
3475	0
38	116
0	0
7	0
4	0
526	0
0	0
0	0
0	0
0	0
0	0
0	0
61	0
0	0
0	0
0	0
0	0
2334	0
4	0
2	0
0	0
0	0
2641	1
1	1
0	0
547	0
15	1
1	2
31	3
2	0
6	0
0	0
0	0
5748	0
1	0
20	3
25	3
0	0
0	0
0	0
0	0
12647	1140
0	1137
48	7
574	11
1	0
90	11
0	0
3	0
0	0
144	0
0	0
13	0
0	0
7	1
2	0
30	0
14	1
0	0
1	0
58	0
0	0
0	0
2144	0
1172	0
0	0
0	0
1949	1
7	3
1146	1
0	0
1786	1
3	0
0	0
40	0
2	0
30	3
310	0
0	0
700	1
0	0
90	0
231	1
1674	409
59	409
499	0
2371	1
0	0
0	0
3710	1
15792	4
0	0
0	0
0	0
0	0
20	0
5	0
1	0
4	1
439	454
3	454
0	1
0	0
1	0
0	0
925	2
0	0
124	11
5	0
34	11
4	0
0	0
6	0
0	318
3	0
669	1
0	0
0	0
0	0
0	0
0	0
0	0
12307	9
0	0
0	0
447	0
8	0
0	0
1546	0
735	737
31	0
2999	1
0	0
4997	1
2	0
1	0
0	0
441	0
590	0
200	2
4	0
575	0
0	1
1195	0
961	567
109	567
1	1
0	0
0	0
0	0
1	0
11	0
474	0
3	1
1774	1
10	0
0	0
0	0
1079	0
2	0
22	2
155	0
6199	3
1	0
7	3
0	0
1	0
0	48
0	10
8929	1
11767	1
5	0
0	0
53	0
1	0
2455	1
57281	13
0	0
1880	0
366	283
23	283
0	0
0	0
11243	107
0	0
1	102
8	0
5	0
26	0
0	0
783	0
2	0
0	0
0	2
2193	1
41	51
0	0
1146	204
11	202
1	0
125	0
0	0
0	0
2346	1
430	34
48	34
1691	1
0	0
1278	1
4512	1
0	0
0	0
6487	109
4	108
697	0
17	0
0	0
0	0
272	1
20	0
0	0
0	0
49	0
5	0
0	0
2651	2
25	0
3	0
0	0
385	0
31	2
68	0
2	0
2500	0
2	0
0	0
8402	2
0	0
10	0
0	0
952	0
1	0
1362	0
574	0
0	0
3	0
0	0
1330	0
196	0
54	1310
1102	1313
3049	2
3624	0
0	0
1168	1
0	0
7	0
3306	1
0	0
9	0
5760	0
0	0
0	0
5	0
0	0
1644	422
1018	424
4	0
788	3
2188	349
1802	349
0	0
233	10
10076	12
499	829
2098	829
4	9
0	0
0	0
140	0
2154	0
2	0
1	0
358	787
25	787
0	0
10	1
0	211
0	0
8	0
7	1
367	513
942	515
0	0
0	0
138	1
42	18
37295	8534
10	8525
24	0
4	11
0	0
0	0
4326	3
168	0
1782	0
156	0
3238	0
0	0
1	0
0	0
0	0
0	0
2	0
0	0
1	0
9	3
49	0
1	3
0	0
1	0
302	34
171	34
25	5
3	472
984	473
0	0
0	0
1	0
0	0
291	0
0	0
1328	0
3581	2
0	0
0	0
0	0
0	71
0	65
0	4
97	0
0	24
0	162
24	0
2	0
0	0
217	767
4800	765
15	2
539	0
14	0
1159	0
4646	2
0	0
2	0
78	0
35	22
8	0
21	0
4	0
0	0
0	0
11	0
0	0
4	0
12	0
0	0
0	0
32	0
0	0
11	0
0	0
0	0
28	0
0	0
1	0
1474	0
14	0
23	0
389	0
0	0
192	0
10	37
2145	0
0	0
4	0
0	0
6	0
3	4
643	0
1	0
1	0
0	0
861	1161
2	1161
1	0
0	0
1263	0
152	0
3	0
0	0
8	0
257	0
0	0
0	0
4	0
0	0
839	0
780	4
0	0
1	0
6	0
5	3
0	0
1	0
0	0
0	0
1	0
383	340
13	340
3735	0
0	0
742	1507
4	1506
0	0
1	104
0	9
0	34
0	0
1488	0
823	0
2	0
0	0
27	8
0	1
0	1
0	0
68	1
1	3
0	3
54	0
482	0
1	0
10	0
0	0
1112	0
674	1
0	0
7965	11
12	0
8	0
7	0
1810	0
4	0
6	0
2045	2
0	0
14	10
2	7
33	0
6	0
0	0
0	0
0	0
3924	33
0	0
1	33
17	0
0	0
0	0
5217	1
843	0
3	0
1	0
0	0
0	0
24	15
5	22
1772	3
19	21
1717	21
102	0
0	0
0	0
0	0
0	0
2414	0
4	0
5	8
2268	1
0	0
11	3
1	2
1	0
0	0
11	0
0	0
1	0
3	0
1	0
3314	2
6	10
0	0
1	0
404	461
218	461
740	853
756	853
2300	1
2	2
0	0
0	0
1	0
1	0
821	361
0	361
1	0
0	0
0	0
797	857
4	857
0	1
1	1
8222	3
1539	0
0	0
0	236
2384	0
0	0
0	0
16	0
0	0
8	0
0	0
54	0
0	0
0	0
127	0
18	0
1	2
1	0
1	0
0	0
1792	0
0	0
387	0
1	0
5074	2670
66	2669
0	1
0	0
362	0
0	0
5	3
0	0
1	1
7445	2
0	0
9	1
1	0
0	0
0	0
4887	2
0	0
0	0
1	0
0	0
4183	1145
667	1145
0	0
0	0
3	2
3109	0
0	0
2	0
6	0
4	0
4514	6709
51	6829
17	636
0	0
0	0
9432	0
81	0
1	0
0	0
1445	1
3	213
13	0
0	152
1020	0
0	0
0	0
0	0
83	0
4	0
2	0
23	3
259	0
7	0
16	0
12	0
12	0
17	0
0	0
0	0
0	0
7	34
339	34
0	1
0	0
6360	3832
19	3828
285	98
440	140
0	0
1	0
5	42
0	0
1	0
0	1
1781	0
1	0
0	0
0	0
0	0
1	0
3	0
0	0
278	772
1880	773
8377	3
0	0
0	0
0	0
1	0
2	1
6	0
0	0
0	0
3160	1
0	0
8	77
113	77
1	2
4	0
1	1
3	0
13	2
0	0
247	64
0	64
0	0
0	0
2	0
0	0
6512	3
4	0
1	0
897	0
55	0
1	0
12468	2
0	0
0	0
15	1
5	16
0	0
0	0
0	0
2972	156
0	0
0	0
0	0
2383	2
8	2
1	0
0	0
5	0
102	2
10	8
472	368
31	368
0	0
39	0
795	0
1	0
2	0
0	0
336	0
0	0
2	0
865	0
0	0
0	0
0	0
80	0
0	0
2	0
1	2
5	3
0	0
4	0
10276	6
45	0
2	0
1047	0
1	2
7212	5535
189	5535
4	0
1	579
1736	580
3	0
0	0
2710	0
1	0
0	0
308	0
0	4
61	2
5	1
10	0
83	0
24	0
0	0
2	0
21	0
2	0
0	0
4	0
443	0
2	0
1	0
0	0
617	0
1012	1
0	0
42	2
4	0
0	0
0	0
0	0
0	0
0	0
0	1
513	0
0	0
0	0
0	0
0	0
0	0
0	1
0	0
0	0
0	0
793	0
4	0
6299	51
157	47
8	41
1	41
48482	13
2	3
2	0
0	0
5	0
7	2
29	1
0	0
0	0
1531	0
32	0
41239	20
0	0
10	1
1064	0
0	0
411	0
3	0
0	0
12	8
168	5533
7	5533
0	8
0	0
0	1
0	0
2560	1
0	0
20	0
257	0
0	0
165	0
9	80
279	0
0	0
0	0
236	59
24	0
23	73
3	0
0	0
34	0
1473	97
0	96
8	0
2	0
13030	3072
1	762
29	2304
0	0
4348	0
1	0
3	0
64	0
1	0
0	0
15	92
534	1497
8	50
0	9
16	0
26	1497
220	4
12210	12
133	4
6424	0
9	0
0	0
0	0
3827	1
0	0
0	1
0	0
0	1
0	0
1	0
0	0
8	69
294	70
11	3
1884	4
5	1354
1	0
1	0
2	0
0	0
24	0
0	0
0	0
325	44
3	44
10162	5
0	0
1	0
68	0
0	0
5443	0
2801	1
0	0
0	259
0	161
956	32
35	0
6	31
0	239
2274	0
2886	369
8	369
0	0
0	0
341	0
997	0
4	3
0	0
179	148
1538	143
30	0
0	0
0	2
2830	0
0	0
14	0
0	0
0	0
8	0
820	0
10	3
14	0
9	0
0	0
84	120
5879	122
0	0
0	0
446	1
0	0
0	0
0	0
362	0
5	0
0	0
4825	4
0	0
7217	2
1	2
1	0
6	1
711	276
54	276
0	0
5710	7
5	4
11	1991
5496	1992
4	0
3	0
2	0
1488	1
13	1
4	0
0	0
1166	0
0	0
0	1
1641	3985
0	1
385	3984
4	0
0	0
1137	0
4130	0
1	0
15	312
3876	314
176	3
3216	33
35	34
3	41
576	41
10	0
4	0
110	0
633	53
0	0
0	0
323	1
3	0
162	0
0	0
358	0
99	0
6	0
1472	0
0	0
4	30
1	30
2	0
9043	2
0	0
157	121
0	121
73	0
0	0
426	122
0	122
0	0
5	0
189	0
7	7
0	0
0	0
0	0
0	0
5	0
3	0
3	0
0	0
0	0
6571	0
0	0
1	280
229	280
0	0
45	0
0	0
0	0
1267	0
0	0
2	1
60	0
2723	2
0	0
1	0
2046	0
4	0
0	0
4	0
1	0
8	4
6375	6
17788	10
0	3
4333	0
0	0
0	0
697	0
0	0
10363	43707
1	43707
2809	4
10	1
0	450
0	27
0	0
2929	1
0	0
2075	0
37	0
0	0
0	0
6181	1
0	0
0	0
2766	2
0	0
0	0
0	0
0	0
0	0
33	0
1255	0
2404	2
2	28
0	0
1	0
0	0
0	0
4	0
2296	1
0	0
1470	0
9	0
1	0
0	15
671	13
3	0
1709	0
2	0
2548	5
0	0
18194	6
8	0
1	0
112	223
478	192
0	2
0	1
0	0
0	0
0	0
0	0
1707	1
165	40
16	39
31	18
3	0
0	0
2	4
26	280
83	280
0	0
4	0
0	0
1680	304
18	304
24	0
7	0
2	0
419	0
2	0
6	0
4	0
10	0
0	0
0	0
69	210
13	210
0	0
0	0
4622	1
2	0
7	1
1658	0
3	0
75	0
0	0
0	2
0	7
77	274
892	275
4	0
27	1
11	1
1573	673
1	673
16	0
2621	1
0	0
2	0
0	13
32	10
0	10
4	50
1	0
0	0
2	0
0	0
0	0
1070	0
1	0
0	0
0	25
0	190
0	0
0	1
0	0
0	1
5	0
999	1
833	0
0	0
2	0
23	0
0	0
732	1
13	0
0	0
0	1202
0	1202
0	1201
4	0
0	1202
0	1202
0	1201
0	1008
210	21
5	0
1878	0
480	1
0	0
0	0
0	0
0	0
319	0
0	0
2166	2
0	0
4	8
2	8
397	4
0	0
0	0
5	3766
2088	4717
987	682
0	0
19	7
0	0
0	0
1845	0
0	123
10179	2
0	0
128	0
4	0
1	0
0	0
8086	27
0	19
307	0
1343	0
1	0
912	0
583	0
379	0
191	786
184	0
373	2
104	4
0	0
0	0
1	0
18689	6
3	0
0	0
1962	1
0	0
0	0
0	0
2	1
3	0
5	0
66	4832
18600	4841
3	0
114	24
0	0
1	0
1241	1
10	5
0	0
0	0
0	0
2160	1
2525	1
133	0
0	0
0	0
10	0
0	0
0	0
5349	26
0	0
3	0
0	0
0	0
181	0
0	0
0	0
0	0
0	0
21	1
0	0
35	0
657	0
3	0
185	8
10	8
1	0
2797	0
11	0
0	0
1	0
0	0
17	0
0	0
0	0
2892	0
0	0
0	0
1708	0
3	0
0	0
1	0
2	0
43	0
41	0
2750	1
211	0
36	0
5	0
15	4
3	2
0	5
17	19
315	0
2	0
120	0
0	0
0	0
0	0
0	0
0	2
11	2
0	0
0	0
8424	67
0	63
0	0
0	1
0	157
0	233
0	47
0	0
0	12
267	12
0	0
0	0
3	0
114	71
65	71
545	0
0	0
0	0
2	0
1993	1
4	0
3	0
0	0
0	0
0	0
48	0
0	0
132	2
0	0
0	0
10147	736
3	732
1604	0
0	0
1969	0
1	0
3247	3
2	1
19	0
3	0
689	121
5	119
1278	0
6	0
1181	1
3	0
5669	21
0	0
62	21
0	0
359	0
0	0
0	0
0	0
0	0
1012	0
0	0
2	0
12	10
628	13
13	0
0	0
2382	2
0	0
11691	3
0	0
0	7
4	0
6663	3
0	0
2	0
0	0
4	0
0	0
33	0
504	1
0	0
38	29
10	0
0	0
0	0
2	0
0	0
0	0
2	0
3874	2052
2	2050
681	0
1895	0
3	0
1	0
0	0
159	0
9	0
3	0
0	0
0	3
0	0
0	0
0	0
2	0
14	0
11	0
2024	3
5	0
0	1
0	0
218	0
0	0
0	6
0	0
0	0
208	0
1466	0
0	0
0	0
0	0
0	0
0	0
0	0
2771	0
0	0
0	0
0	0
2	0
0	0
0	0
0	0
0	0
0	0
0	0
0	0
0	0
1682	0
0	0
1	0
1	1
1	139
0	328
0	0
0	0
0	0
7608	4
1	0
5	0
0	0
24	0
2	0
359	192
13	192
0	1
1954	1
16	41
4	1
2973	0
5	0
213	0
0	0
2	0
11	0
0	0
0	0
0	0
2540	3
0	0
0	0
0	0
5	0
14	0
5383	2
22	0
7	4
0	0
2	0
1	0
5	0
5	0
211	0
1	0
0	0
1	0
3	2
0	0
1731	0
0	0
902	0
2	0
0	0
43	8
0	0
0	0
0	1
1760	0
0	0
2812	1
0	0
1297	0
1	0
5	138
802	138
27	255
2	1
0	0
61	0
2793	1100
103	1101
1	6
5231	0
1	0
0	0
0	0
1	0
1	0
166	0
0	0
337	0
0	0
378	0
8	4
1786	0
26051	6
1	0
0	0
0	0
47	101
8	101
0	0
6343	2
0	0
0	0
1	0
2977	1
1	0
16	0
3	1
0	0
813	640
13	640
518	441
263	441
1672	0
5	0
0	0
0	0
0	1
2038	0
0	0
2	9
5	1
7	2
8	0
1	0
0	0
4	0
7	2
0	0
2	0
0	0
1	0
0	0
18	0
6	0
1	0
0	0
1	0
1	0
0	0
4	0
2287	0
0	319
28	114
301	115
4	0
10	0
2	0
0	0
11	1
2331	0
5	3
4	0
4380	417
0	416
0	0
0	0
0	0
0	0
0	269
0	293
5398	3
0	0
0	0
0	0
0	0
9593	371
0	0
6	368
1	0
129	274
524	274
0	0
4721	37
6	44
0	0
0	0
286	36
0	0
6	0
0	0
1	42
0	0
946	0
16	0
0	278
0	0
0	0
0	0
3679	1
0	0
4	0
2	0
21284	4
2	0
2417	3
24	0
0	0
0	0
0	0
2774	1
55	657
356	617
1	0
0	2
0	0
38	0
18	22
0	0
0	0
4640	0
42	0
2	0
0	0
284	0
4298	55
195	272
21	53
3	0
2	1
0	0
5	28
0	0
14175	9
9	0
2	2
1	0
0	0
1	0
329	0
0	0
1	0
0	0
0	3
84	3
3	1
62	118
0	0
0	0
1625	310
6	0
90	310
0	0
519	0
2582	1
0	0
2	0
0	0
0	0
5	0
54	0
3	0
2	0
0	0
0	0
3	0
6	0
6	0
8	4
4	5
0	0
1	5
0	0
0	0
0	0
73	0
0	0
430	0
0	0
3	0
576	1
1	0
0	0
0	0
0	0
0	0
0	0
675	0
0	0
4	5
1	0
2	0
0	0
0	0
0	0
830	0
6846	1
29	0
4192	3
0	0
926	0
9	0
1	0
13	0
0	0
30	1
13	0
1	902
2	0
1963	0
0	0
225	0
0	0
0	0
129	0
3	0
0	0
3	0
466	0
4	2
1	0
0	630
5	1
0	629
0	630
0	0
0	278
4	0
5	0
0	0
2	0
0	0
0	0
0	0
5	1
27	10
4	0
0	0
36	4
0	0
312	497
81	497
0	0
2	0
0	0
0	0
55	0
354	0
52	0
0	0
0	0
0	0
757	0
1	94
0	0
7764	1
0	0
0	0
4134	0
20	54
0	0
0	0
1	3
126	55
27	55
0	0
19	5
0	0
0	0
255	0
0	0
40	0
0	0
652	0
0	1
8	0
519	0
177	0
4	2
777	0
0	0
0	0
0	0
64	0
0	0
0	0
102	0
2	0
101	0
0	96
1	3
613	1
1	0
0	0
0	0
114	0
37637	4879
9	524
0	0
1	0
5	0
0	0
1	3918
56	0
427	68
569	990
1	0
3	2
0	0
0	0
1	2
0	0
1	0
11	0
1	2
1	0
2356	0
1	374
0	172
0	97
24	0
0	0
10643	7603
172	1207
18	0
43	6
0	1
21	10
0	0
3	4
42	1303
2074	17560
21	0
3	0
26	6
7	12308
49	44
65	0
5	0
1	1
692	16178
1308	12737
4	0
6513	1741
0	0
0	0
0	0
1441	0
273	341
11	341
0	0
57	0
0	0
1	0
0	0
3	0
0	0
0	0
6	1
6	0
0	735
1	567
0	122
0	212
0	0
0	0
0	0
1637	1
9	0
0	0
1	1
1	1
137	0
639	0
2	0
106	0
1463	2
2	0
1137	0
26	0
901	0
7663	4
13	3
0	0
0	0
527	9
0	8
2	0
2	0
0	0
361	313
153	313
19	0
24	0
50	0
0	0
0	0
76	0
2	0
0	0
9	0
370	0
2	0
2	0
381	0
0	0
4976	1
0	0
3	0
2	0
1	0
18	7
0	0
1	0
0	0
4	0
3211	0
1	0
0	0
1	0
5	0
6	3
2863	0
0	0
0	0
0	0
0	0
956	2
0	0
3	198
2	401
0	170
0	0
0	0
861	1
2	0
30	360
3234	540
0	0
100	178
0	0
405	0
2	0
1	0
0	0
0	0
2676	0
6	0
0	25
1	42
31	68
8692	5
118	3
23	0
0	0
1	0
1	0
0	0
1	2
4906	0
1	0
0	0
4	0
13	0
0	0
173	385
0	385
3	0
0	0
0	0
0	351
0	180
156	0
0	0
0	0
3	0
0	0
44	65
123	65
0	2
0	0
1788	1
0	0
0	0
0	0
0	0
0	1
0	0
0	0
2	0
0	0
0	2
0	0
1	0
7	5
9	91
0	0
1067	0
1	0
0	0
0	0
914	0
0	0
0	0
10	0
4	0
0	0
0	3
0	0
3009	0
12	2
0	0
0	0
4318	0
3	0
0	0
16	10
3	0
3	0
0	0
2	0
66	7
0	0
0	0
8	0
21	0
4	0
3660	0
0	0
0	0
0	0
10	1
2	15
0	30
3	0
41	0
1	0
0	0
4	0
0	0
0	0
0	0
4910	2
0	0
1	0
7	0
0	0
0	1
23	0
133	0
8	0
393	0
5898	1
1029	0
14	0
0	0
9	0
6	0
0	0
1	0
0	0
1	2
206	0
791	0
0	0
17	0
2389	2
0	0
55	0
0	0
11	0
4	0
0	0
2	2
2225	307
87	306
6	0
0	0
1697	614
38	85
0	0
2816	529
302	167
72	167
0	0
15	0
7	0
3	6
0	0
0	0
4	0
8	5
6	4
15	4
7	0
1	1
0	1
0	0
9	0
105	0
105	0
8	0
23	3120
6	0
0	3120
1	0
30	13
8	0
0	0
0	0
3	0
1	0
0	4
0	0
3	0
0	0
2	1
0	0
1	0
4	0
0	1
2	0
0	0
1	0
7947	455
94	5
245	447
4	2
31	10
0	0
0	1
0	0
1	2
4	0
0	0
3	0
1	0
0	0
2364	0
0	0
2	331
0	0
0	0
0	0
100422	39
5	0
0	0
0	0
2955	1
131	0
1	10
3	0
250	115
50	115
0	0
0	0
0	0
0	0
2094	0
1	0
0	0
22	0
0	0
0	0
9	0
0	0
0	0
430	0
0	1
0	0
38	0
798	0
0	0
0	0
0	0
0	0
2952	0
2996	182
126	182
67102	30
95	25
0	0
0	0
5072	1
0	0
0	0
4777	1
9	0
2	0
7972	5
5	0
0	0
0	0
0	0
46	2
5586	4
0	0
0	0
7	0
0	3
0	0
14	0
0	0
32	97
506	192
118	95
9	0
0	0
0	0
5	0
9	0
2	13533
181	13533
2	0
2447	2
0	0
9	2
0	0
8	1
0	0
8	0
180	0
12	0
3	0
4	2
0	0
0	0
0	0
65	0
0	0
5	170
0	19
17	97
25	16
63	0
14139	6
0	0
3	0
0	0
0	0
7	0
0	0
258	0
0	0
0	0
46	0
16	0
0	12
0	0
1	18
10610	4
3	1
6	0
6	0
97	0
2	5
20	2901
1	62
54	2
5	0
1	62
1	0
0	0
0	0
8	2901
6	0
0	0
0	0
0	0
3	5
5	1
25	11
23	2
0	0
3	0
408	359
0	0
861	0
0	0
4248	373
0	0
326	45
49	45
0	0
0	0
0	0
0	0
12	0
0	4
0	4
9	0
4	0
0	0
46	1
504	0
48	5
0	0
63818	25
0	0
0	0
33	0
0	0
1247	0
12	2
1934	0
0	0
5	0
0	0
3	0
1	0
15	0
2539	1
3	0
0	0
1327	1
9	0
0	90
0	18
0	0
0	0
0	0
5	0
1	93
0	42
3	149
27	0
6	0
8	155
2409	155
0	0
3	0
0	0
1	0
0	0
1	0
0	0
3003	2
0	0
2	2
0	0
4	0
0	0
4	0
1	2
0	0
0	0
0	3
1384	0
1	0
3669	0
8	0
2	4
8	0
1964	0
3	192
351	192
384	0
1	0
0	5
2	2
23	13
0	0
0	0
0	0
0	0
0	0
0	0
0	0
9	0
1	0
0	0
935	0
11	0
8337	7
2	5
0	0
1	0
0	0
622	0
675	1
48	1
0	0
13	0
0	0
0	0
0	0
0	0
1	0
0	0
5	0
0	0
2	0
0	0
7	0
2007	0
0	0
37	84
4	84
12941	4
0	0
0	0
7	3
5	0
0	1
0	0
1288	0
0	0
2247	0
2	0
0	0
2	0
0	0
0	0
0	0
3	0
1810	0
3	0
4	0
0	1
1	0
0	1
0	1
1	1
3	1
0	0
14	0
5	2
0	0
0	0
0	0
10	1
0	1
5	0
3	0
2926	2
0	0
327	0
0	0
0	0
0	0
0	0
1137	2
18	0
20	0
40	11
20	0
2	0
463	0
36518	10
3	0
0	0
0	0
0	1
0	0
1782	383
17	380
1	0
0	0
0	0
0	8
491	0
2	0
4	1
120	0
928	0
2	0
1	1
0	0
21	1
0	0
3	0
1	0
1	0
0	0
5	0
0	0
0	0
170	0
0	0
8	0
80	6
1	0
0	0
1233	0
4	0
0	331
0	15
0	0
1715	20
5	0
0	120
768	1
0	0
0	0
3710	8
43	3
0	0
70	0
0	0
6373	5993
4934	5989
1693	1
2	0
19	13258
0	0
54	3159
51	1
0	0
47	0
9305	13728
26	0
0	0
999	3441
0	0
0	0
0	0
0	2511
0	0
11	0
1220	1
0	0
0	8
0	0
0	0
8	3
480	0
25	0
4	3
4	0
7	0
2	862
111	862
0	0
0	0
24	0
0	0
115	0
0	1
0	0
0	0
0	0
0	0
0	0
4	0
2	0
0	0
3	0
4374	1
0	0
3760	2
1	0
0	0
5	0
5	0
5	2
1	0
7	0
57	0
180	0
8	0
0	0
5	0
441	0
0	0
2132	18
1	0
1	1
0	0
0	0
2	0
0	0
1	0
0	1
0	0
79	0
1560	0
1	0
0	0
245	332
2	332
1	0
1	4
0	0
42	0
4	0
0	0
0	0
9	295
1929	295
3	0
0	0
0	0
0	5
0	0
5	0
485	80
2	80
0	0
0	0
1488	3
22	0
1432	330
26	328
0	0
1	0
0	0
318	0
0	0
34	119
637	120
17	7
0	23
0	20
3	0
26	0
1	6
1	0
1	0
0	0
2	0
2	0
1851	0
0	0
0	1
0	0
0	0
0	0
2	1
4	0
139	15
3	3
0	1
1092	628
690	625
0	0
0	0
2	0
0	0
0	0
3	0
1	3
17	0
11	9
0	2
0	0
4	1
0	0
0	0
1	0
0	0
0	0
4	2
0	2
0	0
0	0
0	0
323	372
1120	372
0	0
2	2
25	11
0	3
0	0
1	0
3	0
6	0
5553	1
0	0
0	0
1735	0
0	0
812	0
1	3
0	2
0	0
0	0
0	0
0	0
5	0
6639	17
0	15
1	0
1	0
2	1
1	23
17	2
1397	0
58	1
36	24
0	0
0	0
5	0
1672	0
5	0
2	6
590	0
0	0
0	0
991	1
1	0
0	0
3154	335
0	335
5	0
194	0
0	0
0	0
979	0
0	0
1	0
9	0
0	0
0	0
0	0
0	0
7447	67
137	64
293	0
378	0
23	0
0	0
0	0
65	0
172	0
0	0
3638	1
0	0
31	3
23	0
0	0
1	0
300	0
34	1507
5749	1509
1	0
0	0
63221	19
0	0
0	0
0	0
0	0
1	0
0	0
0	0
43	35
0	0
0	1
0	0
0	0
221	0
16	0
2	0
0	453
26	0
0	2356
46	950
0	0
0	0
24	44
29	0
0	0
2	0
167	2371
655	275
0	0
6	0
0	0
1	0
1	1
0	85
4	172
2	0
0	0
0	0
0	0
0	0
422	0
2	1
14	10
1	1
0	0
0	0
0	91
1587	2004
15	2004
0	5
9	0
0	0
0	0
0	0
3	0
0	0
0	0
0	0
0	0
1	0
5	0
0	0
0	0
0	0
0	0
0	0
0	0
3	0
2	0
0	0
3	2
0	3
0	0
0	0
23	0
0	473
0	264
112	25
1	167
4	0
6	0
0	0
1	0
0	0
0	18
2	0
0	0
3379	0
797	0
0	0
1	0
1836	107
49	84
0	23
14	0
1	0
1556	0
381	0
1681	1
4	0
0	0
2213	0
1205	0
0	0
14	0
0	0
0	1
0	0
0	2
0	1
0	0
787	0
6	0
16752	3
1570	0
3	1
298	84
49	88
0	0
77	0
2676	2
0	0
4884	3
0	2
2	0
0	0
0	0
3	0
1	0
0	4
0	1
192	0
233	0
0	0
6	0
0	0
3031	194
37	191
0	0
81	0
40	0
19	0
44	0
0	0
0	0
14	0
1456	0
8	0
1069	0
3683	0
0	0
8516	3
4	2
0	0
0	0
14924	2
0	0
9168	5090
705	5089
0	0
0	0
1082	2264
62	2264
0	0
0	0
1693	131
167	139
14	0
1540	0
732	0
0	0
0	0
2	0
6	0
6	0
2	0
1	3
8966	4
9	0
0	15
0	18
0	0
927	1
0	0
0	0
0	0
52	22
26	0
2470	1
3	0
1	1
0	0
14	0
4134	4
52	46
1	0
6	0
6	0
0	0
2	0
5	0
0	0
1328	0
0	1
25	0
0	0
2009	584
53	582
3	0
154	22
103	0
0	0
23	0
0	0
0	0
2305	3
3370	0
44	364
0	0
92	364
6912	7454
165	7450
469	0
41	17
1	16
14	471
0	51
0	12
0	11
0	95
0	0
177	0
0	0
490	1
6368	2
0	9
0	0
11	2
14	0
2	2
0	0
957	1
1620	1881
0	1880
938	0
0	0
0	0
12550	11
1	0
0	0
5	1
33	907
2279	908
0	0
0	0
9308	3
260	0
1253	0
2	0
1	379
0	0
385	6
933	1624
3	1624
0	155
0	0
0	34
1944	35
0	0
10	0
0	0
0	0
0	0
23	0
0	0
3	0
0	0
0	0
306	0
885	18
4	0
1	0
0	0
4	0
2	0
0	0
0	0
0	0
0	0
2	1
1279	1
9	4
36	5
12	1
5	16
0	0
207	252
0	0
224	252
0	0
0	0
13	3
1	0
1	0
0	0
0	0
225	0
0	0
0	0
5	0
0	0
443	193
0	193
0	0
1739	1
4	0
2	0
13	0
773	0
2299	1047
890	1047
46	0
4	194
0	0
0	0
3	0
0	0
0	0
0	0
1416	1
3	0
40	1
5	2
0	0
0	0
0	6
4	0
0	1
5	0
14	3
4	0
1031	0
315	0
0	1
0	0
5	13
0	8
3741	0
1102	0
48	0
3	0
0	0
352	290
15	290
0	0
1125	0
0	0
0	5
0	0
1	0
565	0
4	0
4	0
0	0
740	0
22	0
0	0
162	0
1	0
13	0
3	0
914	0
0	0
0	0
6	0
3238	1
2021	0
0	0
0	0
2	2
8	2
0	0
2	5
1	0
0	0
350	78
55	78
12109	10
309	0
0	0
8	0
36	0
0	291
20	0
5	0
280	0
93	0
0	14
39	14
6	0
540	1
1261	0
4447	1
3347	0
0	0
2	0
0	0
4	0
0	0
929	0
0	0
918	0
0	0
5528	2
0	0
0	45
106	0
64	37
0	45
2	487
815	211
2	211
2	0
0	0
0	0
0	0
10419	3
0	0
14	26
0	0
8	26
0	0
4	0
26	3
5	0
0	0
0	0
49	0
0	671
1	0
1	0
561	0
0	0
1	0
0	548
3269	548
0	0
6372	11
22	4
0	3
0	0
115	0
901	0
5	0
0	0
0	0
0	0
2	0
0	2
0	0
0	0
0	3
0	0
3	0
0	0
0	0
0	0
0	0
0	0
0	0
218	0
3	0
14	0
15	0
3	3
24	23
26	4
83	0
0	0
734	0
7	0
45	0
1203	2013
1	2013
0	0
0	0
1	0
1017	474
44	474
804	13
0	13
0	0
4	0
0	0
0	0
0	0
3	0
4	0
2756	0
0	0
0	0
0	0
2657	0
9546	7
1	0
1	0
36	1783
0	53
0	95
0	0
0	0
1	0
6	5
2584	8
3	6
5	0
0	2
0	0
70113	32
0	0
6	14
0	0
0	0
23	0
19	47
2174	47
0	0
0	0
5	0
163	0
0	0
0	0
299	0
899	1
90	0
0	0
0	0
0	0
2000	0
984	1844
39317	1849
0	0
1	0
0	0
0	3
1	236
0	0
608	0
0	0
9	0
1	0
0	0
11	0
561	0
53	0
12	29
0	0
243	0
1	0
4885	5
0	0
11	4
2	0
0	0
0	0
4	5
0	0
7240	3
8	69
3	4
0	0
6	0
55	98
119	48
1	0
48	61
0	0
45	48
7	40
25	11
160	0
1374	2
6	0
0	0
173	0
0	0
1	0
5	0
3	0
14145	1
1	0
0	0
3	0
0	0
6	0
0	0
1	0
1	0
0	446
32	32
1030	33
1183	0
5	0
0	0
0	0
28	1
16	1
20	0
1647	0
28	0
8	0
3	0
0	0
5	0
2142	2
0	0
1084	0
1790	0
1556	1
1477	349
352	348
0	0
7117	0
7	0
0	0
6	1
2728	0
16	1
6	0
12	0
1	0
0	0
0	0
268	169
3	169
8	0
0	0
8	0
0	0
1605	2717
0	2717
230	1
0	0
0	0
0	0
0	0
941	0
0	0
0	0
6	0
0	0
0	0
0	0
0	0
0	0
8585	2404
1	2399
7304	1
7	27
1555	153
57	1
26	126
0	0
20	0
16	0
3	0
3446	1
20312	11
0	0
2276	147
2	147
0	0
1265	1
3443	0
119	0
2363	1
54	0
479	0
3	0
68	0
0	0
0	0
2092	0
0	0
3	0
0	0
0	0
93	0
66	3
0	0
0	0
0	1
0	0
0	0
2	0
1	0
101	0
200	1
4784	0
1	0
0	0
1	0
3	3
598	3
0	0
61	0
0	0
0	0
1671	1
0	0
1	0
10	1
575	1
0	0
0	0
25	0
759	7
6	7
274	0
2	1
0	1
0	0
11583	3
7090	7607
0	7606
0	0
0	0
2246	3453
0	3453
0	0
0	0
0	1
0	0
1	0
537	0
0	0
0	0
0	0
5	0
44	3
2	0
0	0
0	0
658	0
2249	2
201	0
1829	1
0	0
0	0
0	0
0	0
0	0
70	0
0	0
0	0
0	0
2	2
0	2
0	3
0	0
379	0
1	3
2683	2
0	0
1001	0
0	0
0	0
8	0
1161	0
48381	17
0	0
0	0
3	0
0	0
1384	0
187	0
2	0
0	0
0	0
27	0
5	0
39	11
3	2
24	0
4	0
15	0
4	0
0	0
0	0
4089	2
16	0
78	1
0	0
956	0
10	0
2	0
0	0
3	3
0	0
0	0
190	0
0	0
0	31
1	4
0	0
0	0
13	0
1139	0
0	0
0	0
0	1
0	0
883	340
78	340
1052	1
1	0
75	0
15	0
1	0
5	0
0	0
3	0
0	0
0	0
0	0
3132	1
12	25
0	0
169	25
8	16
276	0
2	0
0	0
0	0
4	0
0	0
19	32
3168	34
1679	0
5	2
1551	5
15	5
0	0
0	0
1680	2
25	0
1033	0
18	0
3	0
4	1
0	1
3698	2
0	3
3	2
5	0
11963	13090
2212	0
34	2
0	0
0	0
0	0
10	0
72	9
0	0
4471	151
1	151
0	0
2	0
73	4
3	0
10	0
1	0
3	0
0	0
567	0
0	0
2	4
6821	0
1	0
3	0
6325	0
1	0
8661	2
0	0
3338	1
0	0
0	0
1	0
3532	0
29	10
712	327
0	327
6	0
8	73
739	75
53	0
2	0
120	7
7186	9
12	0
1	2
234	26
6	0
22	0
0	0
976	0
1	0
0	0
156	21
2	0
438	21
73	0
51	0
2	0
10	0
0	0
5	0
0	0
1085	0
1257	0
0	0
536	0
0	0
0	0
5066	3
2711	2
0	0
3806	1
12601	1
0	0
0	0
3	3
3	0
66	0
31	0
2	0
23	0
2989	2809
79	51
1	0
0	0
9430	5
0	0
176	51
276	2807
0	16
0	2
8	0
6250	2
1317	0
3	0
0	0
0	0
3290	0
1	0
0	0
1010	0
0	0
0	0
0	0
0	0
0	0
0	0
1	0
1460	100
352	99
0	0
3	2
386	0
0	0
0	0
0	1
0	0
0	1
0	0
0	0
11	0
7	0
0	0
0	0
0	0
14	0
2030	1
0	0
51683	20
145	0
47	2
0	2
1	0
0	1
0	7
0	1
2	0
0	0
69	2
25	0
29	31
68	31
14	0
6	64
76	73
0	7
0	1
0	9
1956	0
17	7
0	0
5	0
28	0
31	1
0	0
10	0
0	0
220	0
290	17
147	17
15	0
0	0
0	0
0	0
15	0
18573	3
0	0
0	0
3	0
0	0
1	0
4	0
0	38
0	0
0	0
0	0
0	0
4	0
0	0
488	0
0	0
0	0
0	0
4	0
749	0
151	0
15	0
9	0
0	0
2	3135
8741	3142
272	0
0	0
16	0
12	0
252	85
269	87
3	1
0	0
20	0
0	0
0	0
0	0
16	0
0	0
1238	34
68	32
0	0
39	0
0	1951
6309	1953
0	0
3	1
2501	0
0	0
0	0
0	0
790	908
0	908
190	0
171	32
3	32
10	0
16	0
2838	1
1317	0
219	0
925	0
24	0
5064	2
1844	0
0	0
0	0
60	1345
10	1344
0	0
1	0
27	0
95	0
0	0
18	1
0	0
550	379
1	379
17	11
1335	1
0	2
257	1
0	0
0	0
0	0
799	1
1327	3
185	2
0	0
351	349
6	540
16	530
22568	8
652	0
0	0
0	0
131	0
269	0
3821	1
1186	1
627	1
3	0
6374	5
2	0
0	0
1	0
0	0
0	5
2	0
6013	4
635	1
0	0
0	0
0	0
945	1
57	1
471	0
0	0
4	0
1995	1
0	0
2	0
500	66
50	66
1216	0
1	0
2	0
157	0
7	0
926	0
0	0
838	1
0	0
1	0
2	0
0	0
951	0
6	0
5	0
75	113
3722	115
0	0
6825	2
0	0
0	637
21	2
0	0
2	0
259	0
3	0
1115	0
2	0
0	0
0	0
0	0
0	0
4	0
2326	2
9	0
0	0
0	93
3	0
0	0
1095	0
4	0
0	0
0	0
404	0
55	0
187	0
0	0
234	81
10	81
6529	1
97	1
3	0
0	0
1258	0
0	0
0	0
0	0
0	0
0	0
0	0
0	0
0	0
688	0
0	0
0	0
0	0
14	0
1	0
302	142
2	0
0	0
0	0
3	142
0	0
473	0
0	0
1	0
1	0
0	0
1	0
0	0
0	0
3	0
0	0
0	0
0	0
0	0
1490	0
0	0
14208	3
18747	6
2872	2
204	0
2	0
3665	0
0	0
0	0
171	0
0	0
134	0
2497	1
14	1
49	0
9	2
1960	1
2	0
1956	1
336	17
554	17
0	0
559	1
0	0
0	0
0	0
0	0
5	0
10	245
822	246
1802	1
763	0
0	0
33	38
1	0
852	0
0	0
0	0
0	0
6	0
5	0
2544	0
1769	1
0	0
635	0
0	0
2	0
372	0
0	9
3	0
2787	0
5	0
6	0
2816	3
832	0
0	0
266	0
0	0
3	0
1477	5
0	0
12	5
2	0
108	0
0	0
0	0
1	0
22	0
2989	7
0	6
0	0
1537	0
12	0
0	0
2	0
1	0
187	0
0	0
0	0
922	192
0	192
4	0
60	67
329	67
0	0
4	0
378	0
0	0
1850	2
8	0
0	0
8520	5
61	106
0	0
0	0
0	252
0	174
0	3
0	125
0	276
1	2
0	0
2	6
943	0
604	0
0	0
0	0
6	0
6	0
2	0
1032	0
5	0
0	0
0	0
0	0
1779	2
0	0
556	0
87	22
0	0
0	173
373	173
64	0
47	0
0	2
0	2
0	0
0	0
0	0
33	0
0	0
0	0
0	0
1	0
3445	0
0	0
0	0
0	0
1	0
1038	0
0	0
1418	0
0	0
0	0
0	0
40	0
7	1
1	0
0	0
0	0
0	0
0	0
1451	1
0	371
0	345
0	0
0	0
294	0
42	0
0	0
0	0
0	0
4	0
4422	4
0	0
33	0
1047	0
2333	300
0	299
10	1
230	0
997	1
12	0
8	0
0	0
399	53
43	0
411	1
0	0
25	106
169	106
72	4
83	0
13	0
1271	2778
25	292
21522	2745
0	0
567	0
0	0
0	0
0	0
2846	0
2	0
47	0
2322	1
0	0
1	0
0	0
0	0
2	0
1262	2
3	0
397	0
0	0
341	1
222	0
144	0
4199	1
0	0
0	1
0	0
10	0
0	0
143	1726
7546	1819
2	89
225	4
0	4
0	0
0	0
1	0
0	0
22	11
0	1
0	0
61509	16
908	321
124	321
5	0
891	0
3	8
1686	0
0	0
3827	4
1	0
3275	3
0	0
10	19
0	19
0	0
2	0
126	0
464	0
724	212
66	210
107	0
0	0
1399	44
1741	0
0	0
3416	4
11	0
0	0
4108	1
206	0
0	0
1	0
1079	0
3	0
0	0
38	0
469	1
0	0
4483	1
1	0
0	0
68	38
247	38
10	0
29	0
17	0
0	0
12	0
0	0
0	0
269	0
455	0
0	0
2	0
1526	0
0	0
7	0
7	1073
1538	1075
1	0
1	0
1563	0
0	0
1	0
14	1
6880	1
0	1
2407	1
0	0
145	153
3	153
0	0
0	0
12	0
381	0
0	0
1	0
1045	0
494	0
0	0
638	328
46	328
16	0
0	0
4	0
21	7
0	0
0	0
121	0
2	0
0	0
52	0
0	0
2730	469
121	467
317	276
1	276
0	0
15	0
1041	73
29	73
0	0
2	0
0	0
0	1
0	0
5	13
3	0
26	6
0	0
1	0
0	1
3	224
0	178
0	1
93	61
0	7
0	0
0	2
0	3
0	7
0	21
0	21
15	4
0	21
5	6
0	21
3	0
14	46
0	1
0	1
0	7
0	21
0	21
0	21
0	21
0	0
158	155
1007	155
13829	10
0	0
4096	2
0	0
0	0
1	0
0	0
355	0
965	0
0	0
9303	1
26	0
155	206
63	206
6	5
4730	0
0	0
1	0
0	0
0	0
2494	1
0	0
0	2
4737	0
1285	0
0	0
0	0
0	0
0	0
10	0
0	0
0	0
0	0
0	4
2782	2
0	0
0	0
0	0
0	0
0	0
0	0
2	0
0	0
7	0
0	0
7	0
294	0
3	0
0	0
3082	2620
3	2619
2	4
0	0
0	0
0	0
0	0
0	0
13	0
0	0
155	0
185	0
1404	1
18	9
864	9
0	0
2	0
1	4
0	0
3	4
2349	3
0	0
0	0
4	1
2116	1
0	0
131	14
14	14
662	0
13	0
32	0
0	0
0	0
1	0
0	0
1	3
4	0
2	3
26	0
6	0
2	1
3	0
5	13
5267	8
0	0
6	0
157	120
13449	122
0	0
11605	4
5	0
0	61
3225	63
569	0
17	8
0	0
0	0
0	0
1	0
0	0
0	0
0	0
543	0
0	0
0	0
3	0
2421	2
0	0
0	0
0	0
4	0
27	17
12305	4
0	0
0	0
714	0
26	13539
0	0
20	2
0	0
4	0
8	2
0	0
81	13539
3832	0
99	752
0	0
0	0
4	0
0	0
0	0
0	0
6	0
0	0
1414	0
48	0
42	0
0	0
0	0
0	0
28	0
0	0
0	0
1388	0
3	0
0	0
1	0
0	0
471	390
0	390
1	0
672	0
0	215
0	0
0	205
17	277
14	269
7	119
0	0
0	0
0	0
0	120
14	31
165	0
39	0
1	0
0	0
4809	1
0	0
0	0
811	2
0	1
0	0
0	416
2	0
1	0
1	416
13	0
3892	343
121	342
0	0
297	0
0	0
2	0
125	18
107	18
1516	1
0	0
200	225
35	225
0	0
900	0
0	0
0	0
8268	2
1	0
0	0
0	0
0	250
0	19
0	1
1	6
0	1
0	0
25	0
3	0
0	0
0	0
498	1
13898	6
478	0
1	2
0	218
1076	0
1892	0
1	0
13746	3
0	0
0	0
87	0
23067	9
1373	0
3805	2
9	2
19380	9
103	0
38	0
0	0
9073	2
0	0
546	91
18	91
177	0
0	0
3991	0
2	0
19265	8
1005	0
0	4
87	0
0	0
0	2
0	3
2914	241
1	0
8	0
0	0
3	0
0	0
0	0
2049	241
3	0
0	0
8	6
5	4
271	0
3	0
1	0
1857	2
0	0
1	0
0	1
0	0
7	0
7776	4
4	0
0	0
1502	1
0	0
0	0
2	0
0	0
10	0
0	0
0	0
7	0
24	0
0	0
0	0
0	0
9	9
23	0
4	0
0	0
178	64
3	64
335	0
9	3
172	0
1	0
0	0
214	0
1583	0
0	0
544	0
0	0
11	0
0	0
7	1
11	1
2	0
0	0
5	1
4	6
3	0
10	5
0	1
0	1
0	0
0	0
0	0
0	0
279	1
4	7
3	0
0	0
11	0
0	2
1	0
0	0
0	2
5518	32
4	30
3	0
1	0
2	195
4	0
0	0
0	0
15	15
22	317
514	323
0	0
1	0
8	0
15	9
2	0
0	0
3953	1
214	0
57	6
8	0
1	0
0	0
2910	0
35	0
0	0
1484	0
0	0
1	0
1	0
157	0
1	0
11376	5338
31	112
322	0
70	0
8	0
0	0
0	0
2423	105
20	102
207	0
0	0
0	0
1437	0
0	0
222	0
0	0
0	0
0	0
0	0
33	2
0	0
1	1
0	1
0	1
10	1
0	0
5	1
0	0
0	0
1	0
0	0
1086	0
2032	1718
195	1715
4854	12
0	0
1	11
2583	1
3592	0
4	0
18	0
20	8
0	0
6712	7089
0	7083
4	0
0	0
0	0
2	0
0	0
1	1411
541	1411
2	0
2	0
0	0
1022	858
5	858
553	416
66	416
0	0
0	8
1604	1
0	0
717	0
821	1
0	128
67	0
27251	11
2	3869
4374	3872
0	0
1351	2
0	28
77	0
3363	0
35	0
9	0
3	0
0	0
0	0
2	1
0	0
0	0
1	0
0	0
714	89
8	0
1	65
19	0
1	2
0	6
0	0
0	0
2	1
99	0
1471	0
0	0
0	0
4	0
2851	4
11	0
0	0
7	1
0	0
3	1
1963	1
0	0
22	2
6375	3
6	1
0	0
6	13
4	13
1	0
0	0
0	0
745	0
36	0
40	1
2	0
9	0
0	0
0	1444
1039	2
0	0
3	0
692	0
0	0
929	0
0	0
50	666
6082	668
1285	0
0	0
68	43
6	0
3673	0
2	0
824	0
0	0
0	0
3163	32
54	31
4	0
6	0
1	24
2	0
17	0
2	0
0	0
1	0
4	0
1	4
21	0
96	8
1382	160
0	0
1	156
1	0
0	0
1250	0
1	0
2	0
25705	13
0	0
0	0
0	0
302	0
8	0
3037	1
4	0
59	3
0	0
0	0
1871	0
428	0
0	0
0	455
7451	4
1	0
18	0
0	0
8	0
0	0
9	0
0	0
0	0
555	0
0	0
0	0
0	0
0	0
57	35
17	0
0	0
0	0
0	1
77	0
1907	1
0	0
1208	0
0	0
1306	1
6	0
0	0
1619	0
4	0
5208	1
0	0
766	2
0	0
1889	0
1	0
0	0
0	0
5794	2
8	0
0	0
0	6
0	0
7	3
0	0
4	6
5	3
1366	12
6	0
0	238
33	0
671	0
8	0
662	0
2010	0
0	0
0	0
21	0
0	0
1	0
0	0
248	0
0	0
1304	0
2	0
1959	0
0	0
1	0
0	0
0	0
2	5
1209	5
1006	13
3	0
0	0
0	0
985	969
5	969
0	1
1062	0
3	0
0	0
0	0
2	0
2632	2
0	0
460	21
88	40
3532	1
0	0
0	0
4	0
0	2
1380	2
0	0
7	0
15	0
62	0
1	0
3	18
0	18
0	0
0	0
1	1
0	0
2	0
0	0
278	0
0	0
0	0
3913	1518
18	1517
467	0
0	0
0	0
0	0
1	0
41	146
0	0
0	0
0	0
0	0
6	0
0	0
2703	1
1	0
6	0
0	0
41	1
619	13
2	13
0	0
1757	1
0	0
4	0
0	0
403	0
0	0
0	0
2296	0
1	0
1	0
0	1
183	0
5	0
4	0
0	0
226	1530
12391	1530
1	0
5	0
44	2192
0	110
0	0
0	0
1	0
0	0
1	0
0	0
29	1433
0	5
12	10
3	0
768	1
3	1
22	0
2	0
1	0
0	8
1	0
921	1884
0	0
1	0
645	0
558	0
0	0
43	0
11	0
39	0
2	0
3953	2
14	0
2	0
0	0
113	0
1	0
421	1293
464	477
60	477
1	0
3408	2
0	0
0	0
7	0
3	0
4319	3
5	0
0	0
1	0
939	136
0	118
5763	19
3	0
0	0
71	0
2403	1
4	187
9231	192
2	9
961	1882
278	0
7	0
60907	12
2218	0
12	292
1535	292
0	0
0	0
689	0
0	0
937	0
0	30
0	0
3	0
4	0
0	0
98	0
1645	2
11	0
0	0
2	0
355	1
92	0
0	1
3667	131
6	130
13	0
523	2
0	0
1549	1
3064	1
0	0
3	0
0	0
2	0
756	0
0	0
1283	1
4895	1
4	494
0	12
0	5
0	14
0	9
7	0
4	0
0	0
520	93
0	0
0	0
359	85
0	0
585	0
0	2
1	0
1	5
0	0
47	792
44	792
0	0
0	0
2	9
3	0
0	0
0	0
0	0
3	0
0	0
0	30
781	1596
0	1
0	1
0	0
1249	22
0	20
6	1
0	1
366	508
49	509
4	0
0	0
16	0
0	0
0	0
0	0
5	0
2	0
936	2
16	0
0	0
2	0
2	0
0	0
2628	1
1	0
0	0
0	0
0	1
2	0
0	0
0	0
2	0
0	0
7	0
1	6
0	0
124	6
1	0
11	0
1	0
1	0
116	0
44	6
0	0
0	0
1014	1
0	0
6338	2
0	0
0	4
105	2
11	0
0	0
52	14
1	3
0	1
0	0
1	2
574	0
0	0
0	0
2	0
0	0
17	0
2030	8973
21481	8980
6	0
0	0
23038	9
0	0
0	49
0	6
2887	0
0	0
380	1216
4668	1216
2	0
2	0
4189	3
0	11
0	1
6187	1
48	1
0	3
0	5
0	0
1827	0
429	0
7918	2
2538	2
1	0
0	0
0	0
2432	42
84	38
25	0
127	0
126	1
315	0
9283	953
0	953
2	5312
0	5310
75	0
79	0
377	0
0	0
131	0
0	0
1225	0
3	0
0	0
0	0
0	0
0	0
2	266
0	266
0	0
0	0
0	0
0	0
0	0
0	0
23	0
67	334
1045	322
1	0
1	2
180	18
2	0
610	0
3386	0
2201	0
0	0
0	0
1	0
0	0
0	0
378	0
0	0
8	0
0	0
0	0
0	0
0	0
2	0
0	0
2558	0
0	0
10	0
0	0
17	0
0	0
552	1
240	10
0	0
16	84
1	0
2	0
4	0
0	0
6342	4
235	104
0	0
0	0
3	0
0	0
15	0
477	0
8	0
13374	2
21	0
0	439
0	75
3607	380
0	0
0	0
0	303
0	0
0	0
13172	5
444	0
0	0
0	0
1	3
3	0
334	701
0	0
1	0
0	0
2069	0
1	120
0	7
0	8
0	34
0	0
107	0
1146	0
0	0
2	2
0	0
394	0
1495	0
0	29
99	29
0	0
458	0
3	0
14272	5
123	47
1	7
2	0
0	0
2	0
0	0
0	0
0	0
0	0
371	47
0	0
3861	0
11	0
1	1
0	0
1	1
0	2
2289	1
0	0
14559	750
35	747
236	0
0	0
0	0
4259	1
22	0
1	0
1283	1113
84	1113
39	1
11663	3
3	0
3	0
9	0
1	0
1	0
0	0
0	0
4	0
0	0
11	0
2	19
94	19
15	0
3	0
7	0
5086	0
0	0
0	0
0	0
0	0
0	1
5	0
0	0
0	0
0	0
0	0
1020	1
8	0
0	0
0	0
2040	2
4	0
0	0
6	0
6564	2
3098	1123
1	1123
13	0
1657	0
0	0
7	5
688	355
766	356
1172	1
0	0
22	0
1345	105
8	2
0	0
1056	0
2	0
399	0
0	0
12	0
5	501
6	1
47	501
0	0
240	0
2040	1
14	0
0	0
20	136
562	0
0	0
0	0
123	2
15	85
81	87
76	0
0	0
0	0
3	0
1	0
9033	361
8	360
0	0
0	0
569	33
2	33
2	0
0	0
0	0
3	0
1581	0
1	0
3	0
3	0
11	1
12	0
0	0
0	0
0	0
0	0
0	0
1	0
3	0
1111	0
0	0
2	0
0	0
10183	5
5	0
2	3
2	0
9	0
0	0
1037	107
36	0
77	0
54	0
1	0
592	212
5	212
0	0
0	1
166	0
2896	0
2	0
1	0
0	0
12	0
1	3
0	0
6	0
1049	121
10	0
2	0
3	0
4226	2
137	0
15	0
2465	0
0	0
3	0
0	0
1	0
0	0
10	9
0	0
154	0
0	0
0	265
0	0
0	355
9	0
12	0
872	80
0	0
4	0
740	45
2	45
0	0
0	0
2042	0
0	0
537	0
57	0
0	0
0	0
139	0
321	0
8256	2
0	0
0	0
766	0
2511	1
0	0
1168	2
66	0
13228	4
8	0
0	0
0	0
8139	2
16	0
3	0
3468	0
0	0
1	1
0	0
0	0
0	0
0	0
42355	9
0	0
0	0
3	0
1234	1
9	0
861	1
0	0
135	0
3	0
4	1
0	0
17	0
317	0
2295	0
0	0
0	0
4	1
2	0
3	0
43	70
4	70
14	0
0	0
0	0
1	0
1	1
92	1998
1276	1998
0	19
54	19
0	1
14	7
0	23
0	12
0	0
2265	1
0	0
0	0
0	0
1417	0
894	0
0	0
38	0
2202	1
113944	36
36427	20
0	0
4195	1
1127	0
313	0
0	91
0	0
1	0
7	0
67	111
148	0
17	111
0	0
0	0
33856	12
0	0
20	0
6	0
0	0
0	1
0	0
85	0
0	0
1	0
410	1
56	0
4	0
0	0
16	0
0	0
189	0
335	0
975	0
191	18
0	0
1	0
0	0
1	0
0	0
12	0
0	0
0	0
0	1
525	0
0	0
4	0
0	1
0	0
0	24
0	0
722	0
1	0
845	0
34	0
4	0
0	0
0	0
0	0
5108	1
989	396
502	396
0	0
3	0
956	0
8	0
4	0
0	0
0	0
28	107
1464	110
0	0
1	0
6	0
0	0
24	4
1	0
0	0
0	154
1	26
16	0
0	18
0	0
1	20
1163	21
0	0
6	0
187	0
0	0
17	0
1139	0
0	0
1	0
0	0
0	0
126	499
1	499
16	9
0	0
0	4
0	0
8230	1
11	0
1	0
0	0
0	3
1	0
0	0
0	0
0	0
50	5
1	0
0	0
3	0
117	0
6	0
132	0
0	0
0	0
984	0
2	0
46	9
0	0
1	0
1	4
98	0
0	0
0	0
0	0
0	0
5452	250
232	249
1	0
1	0
8	0
15	334
8	169
9	0
0	0
37	680
8	0
19	2
17	2616
0	0
3	2588
1	561
79	524
0	0
18	241
259	1924
25	15
0	0
14	1
2393	2
2	0
26244	6
7	0
3	0
650	631
0	631
60	0
319	0
12	0
5445	3
2533	1
12619	1
0	1
11	1
0	7
4174	8
16	7
1	0
0	0
0	0
0	0
0	0
3	0
2021	0
0	0
0	0
0	0
66	5
17384	13
4712	18
1	0
18824	3
0	0
11	0
2	0
4	0
9	0
1	0
20	3
2	0
0	0
12	0
0	0
0	0
1	0
5	0
12	0
15	0
44	1
1733	0
4	0
0	0
4	0
0	0
0	0
3198	1
0	0
1812	0
3080	1
0	0
0	0
0	0
163	0
0	0
9369	1
2	0
4	0
1	0
0	0
1167	0
13	0
0	0
0	0
1	0
11	0
0	0
1	1
1	0
0	0
2	2
0	0
2231	0
0	0
0	0
1465	1
4	0
0	1
11	0
1	0
0	0
0	0
0	0
21	0
2636	0
0	0
103	11
707	0
3	0
1085	1
0	83
2835	3
0	89
1718	138
64	137
0	0
4	0
57	0
0	0
0	0
21620	5
0	0
0	0
209	0
242	0
2	0
8	141
12	141
0	0
7	0
25	0
0	0
622	0
1754	0
1	0
0	0
2	0
118	1
0	0
0	0
33	5
0	0
91	5
0	0
20	1
819	0
0	0
166	8
1	8
0	0
6233	2
6350	1
0	0
7162	1
0	0
9146	1
2	0
141	0
4	1
1	0
0	0
0	0
1	0
1	0
5001	2
0	0
0	729
0	494
0	729
0	0
0	0
0	0
2	0
0	1
9	12
7352	0
2	0
0	0
1	0
5	0
0	0
4	0
11	0
632	0
21	0
1097	0
1	0
17555	2
0	0
0	0
4	0
3	0
1	0
0	0
0	0
4420	2
121	3
62535	5
312	9173
57689	9186
0	0
1740	0
0	0
16	0
20098	5
53	1
2	0
52	1
2	0
1828	2
2	0
8639	2
2738	1
0	0
0	0
6	0
305	0
1275	1
8	2
22	0
0	0
4	0
0	0
124	12
0	0
9	0
2584	0
0	0
0	0
1229	0
4	0
3	0
3	0
0	0
0	0
4	0
545	115
35	115
0	0
2274	1
4	0
0	0
2	0
842	2580
48	2580
0	0
1	0
5	0
1	0
0	0
17	0
29	0
0	0
434	976
5390	965
1	0
193	273
800	273
2	0
228	0
98	0
159	0
8	1
0	0
0	0
1184	0
23	0
27	0
877	0
0	0
388	0
0	0
0	5
0	5
0	0
266	0
2	0
469	0
14327	2376
218	2368
0	0
11	3
0	0
42	16
1	0
1	0
13	0
0	0
824	0
3347	126
4121	127
7114	1
1889	6
92	3
1352	0
0	0
0	0
4	1
0	0
5383	5
0	0
2551	0
43	0
0	0
0	0
1534	1
1457	0
5217	2
29	2
1113	0
161	0
3	0
1496	0
1	3
0	0
1778	0
0	0
3010	1
0	0
4	4
0	0
0	0
0	0
42	6
7	0
0	1
0	2
74	0
0	0
0	0
0	0
0	6
0	0
0	0
0	3
0	0
6383	7
151	7
0	0
0	0
0	1
0	0
94	0
412	0
306	1
2	35
1	0
33	45
0	0
0	0
0	0
0	0
3	0
0	0
0	0
852	241
154	1475
4420	1237
8831	2
3962	60
17267	50286
11	50270
0	0
1	0
0	35
226	0
34	1
25	2
2	0
10	0
0	0
6256	1
23	176
0	0
2497	3
553	1463
1	0
0	0
2	0
349	999
0	999
1	0
1	0
0	0
0	0
471	0
4	0
0	0
0	11
10	0
1	0
12	0
0	0
2	0
3	0
0	0
9	0
11	6
1	0
0	1
0	1
6	0
0	0
0	0
5	0
1	0
1	0
0	0
82	2
0	0
1	1
3545	1
1	0
769	0
0	0
784	0
14	0
317	0
0	0
4765	2
0	0
1265	620
2	0
1013	621
0	0
7865	0
0	0
825	0
0	0
1561	2
0	0
0	0
2158	0
1	0
3	0
0	0
1	0
44	0
1	0
0	0
4	2
0	0
18	0
1542	0
3	0
0	0
11	22
1	22
0	0
3459	1
95	0
939	1011
2	1011
4426	0
0	0
0	0
33	0
1	0
8	6
90	473
0	473
0	0
0	0
359	0
8	0
3	0
150	331
0	331
1	0
17	0
0	0
28	0
13	0
2	0
0	2
1	203
0	415
24	1
1140	1
262	0
72	0
6	0
0	0
245	0
0	0
3361	1
655	1
0	0
701	2724
1540	2724
8	0
2537	1
98	1
1	0
2529	1
12	0
0	0
698	0
3	0
1193	1
0	0
3	0
0	0
337	0
2	0
44	11
0	0
0	0
1	0
0	0
0	0
3	0
10	0
6	1
0	0
6	0
0	0
9	0
0	0
0	0
52	0
0	0
0	0
0	0
454	0
1	0
231	0
0	0
0	39
3	0
0	0
9	0
0	0
288	0
2	0
48	0
0	0
2253	3
1	0
0	0
0	0
2105	14
4	9
0	0
1	0
4	3
1	0
2569	2
0	0
368	1
1276	0
69	0
140	0
2	0
0	0
0	0
0	0
18	0
0	0
0	0
0	0
1908	0
230	0
2	0
1	0
2	7
73	3
230	173
0	19
13	0
6	0
2	0
39	0
679	0
8	0
0	0
30	91
3	0
2	0
2	0
0	0
36645	2
2551	1
0	0
0	0
0	0
218	0
4	0
0	0
51	0
0	0
0	0
89	0
4	2
0	58
0	82
1	0
3	2
0	82
0	0
870	0
586	653
8	0
51	104
2	4
1	3
864	655
0	0
0	15
0	795
0	715
29	104
0	0
233	0
1	0
14	0
16	0
0	93
1	276
49	685
782	685
0	0
3	0
1	0
9912	4
2153	0
3	0
0	0
0	0
2	0
244	0
1	0
0	0
1951	0
7	0
10	0
0	0
2	0
2	0
3	0
0	0
0	0
0	0
0	0
0	0
3850	0
25	4
5	0
0	0
0	0
0	0
36834	13
3977	2
0	4
883	31
1	0
82	31
0	1
0	0
0	0
3	0
4589	0
0	0
3	0
2	0
0	0
4	0
0	0
2	0
0	0
0	0
89	0
1754	0
1208	0
0	0
1	0
0	70
0	313
4	0
0	0
45	0
0	0
18	0
1	0
0	1
0	0
7	1
684	0
3728	0
0	0
16	0
21	0
2	1
1	1
2	0
0	0
174	0
1	0
2	0
1	0
1	0
5	0
1094	0
4	0
3	5
1	0
42	55
1	11
0	0
3	0
0	0
2	0
0	0
0	0
1	0
19	0
21	0
0	0
1253	0
0	67
641	67
1	1
2	1
0	0
0	0
0	0
0	3
32	0
3	3
0	0
14	4
0	0
0	0
338	1334
115	9
316	1334
0	0
343	9
0	0
0	0
0	0
1	0
2759	0
5	0
1125	263
104	263
0	0
57	203
455	203
4	0
0	0
0	2
0	0
0	0
0	0
0	0
0	0
0	0
2	0
60	0
1	0
1668	0
0	0
0	0
292	0
79	0
1	1
1	0
3	0
0	0
0	0
8	1
5	0
1355	0
0	0
0	0
0	0
0	0
352	0
0	0
0	0
3	0
0	0
4	0
2	0
19	2184
0	74
0	56
149	0
0	6224
0	10
161	6224
0	0
0	0
3398	1
2	0
7	0
4447	0
5	0
9	0
632	914
6	914
15	1
18	0
9	3
0	0
21	2
0	0
0	0
0	1
0	0
3	0
26	0
0	1
0	0
0	1
2	0
0	0
0	0
1	0
2107	1
84	0
0	0
0	0
1	1
427	0
1	0
0	0
146	61
7	61
1	1
0	0
2	0
0	0
4959	6
41	4
11	55
8	51
24	0
3214	0
0	0
2	0
11	0
0	0
0	0
1	1
22	8
4	1
1	0
0	0
5	0
2	1
7	0
0	0
5	0
0	0
1	38
2	0
1	0
32	0
0	0
0	1
46	1
0	0
8	0
1	0
2	0
0	0
0	0
13	0
4	0
0	0
11	0
111	0
514	0
0	0
0	0
3	0
0	1
0	0
3	5
0	0
0	0
42	9
1	0
0	0
3	1
18	0
4	2
64	0
1	1
61	0
3610	5
999	439
0	0
65	442
6	3
0	12
0	3
24	0
0	0
3	0
1	0
2375	389
1	370
62	1
36	7
1	7
0	2
0	0
1	0
0	0
0	0
0	0
27	0
29	0
0	0
0	0
4	0
0	0
1	0
3	1
0	0
8	12
7	5
0	0
0	2
1	0
1	0
0	0
1118	1
39	0
6	0
0	0
1229	2258
4682	2257
46	0
0	0
8	0
88	21
81	0
0	0
6	12
1	0
0	0
0	0
0	0
3	0
2405	1
0	0
371	0
0	0
1	0
172	0
0	0
0	0
72	0
782	56
1	56
3	0
442	18
1	0
111	0
0	0
3	0
1140	334
29	0
41	0
31	334
6049	2
6	0
2252	1
0	0
170	661
0	0
21	0
33	0
4635	4722
124	661
2886	4721
3	139
149	138
2985	0
0	0
0	0
4	0
11	23
0	246
41	57
82	51
0	0
0	0
3	0
0	0
2	5
358	0
2	6
6	1
0	0
1123	0
1190	1
5	0
0	0
1	0
24	0
1	1
0	0
0	0
0	0
2	0
1	0
63	4
0	0
0	0
0	1
1346	0
47	0
25	0
5	0
0	0
0	0
2519	0
0	0
2781	0
0	0
327	0
0	0
2	0
0	0
0	0
0	0
0	0
12141	1243
33	0
137	1238
168	0
0	0
10	333
547	333
4173	3
24	2
0	0
1	0
43	26
1105	569
9	569
0	0
0	0
1700	0
193	0
0	0
3044	0
12	0
4	0
2	0
1	0
0	0
0	0
0	0
0	0
797	30
76	0
13	0
177	81
2	0
10	0
16	1
0	0
3	0
4	0
0	0
0	0
0	0
9	0
0	0
14	0
999	0
2628	0
0	0
0	0
0	0
576	1
87	0
3	0
1	785
0	0
16	32
3687	0
0	0
3384	2
0	0
633	0
0	0
0	0
4	2
0	0
4	0
0	1
0	0
0	0
1	0
0	0
2	0
165	0
0	0
0	0
1	57
0	0
9	2
14	10
859	0
54051	21
2	0
0	0
11	0
547	0
2	0
1245	1
1	0
1565	1
2230	1
972	0
3473	1
0	0
0	0
0	0
1	0
440	98
192	98
34	3
12749	8
2593	3
5	0
1	0
0	0
15	42
0	0
3	15
3	105
559	0
22	42
4555	1261
7	0
145	1156
0	0
5	0
10	2
0	0
6	0
490	0
0	0
1202	0
1	0
298	0
721	1
0	0
1	0
10	0
5	0
4	0
10	0
0	0
0	3
0	0
247	7
622	0
0	0
339	0
249	416
184	416
13	0
1551	1
0	0
0	0
0	0
0	0
69	10
0	1
0	0
0	0
0	0
18399	5
8	0
0	0
435	10
0	0
6680	0
142	0
3	0
85	0
3	0
2012	1305
0	0
0	0
2	0
272	1304
1	1
0	0
0	1
0	0
0	0
0	2
5	0
1513	0
881	1
0	42
0	0
127	0
0	0
709	465
177	465
17	4
7987	649
69	647
0	0
1107	0
1	0
0	0
17	4
0	0
0	2
0	24
0	0
1785	0
0	0
1358	0
0	0
2	0
2	3
3227	1
10232	14
0	0
0	0
0	0
0	0
0	0
4	7
0	0
59	7
18	0
3	0
1	0
79	0
3530	1
0	0
38	0
0	0
143	0
655	12
6	3
1	0
765	1
0	0
0	0
0	13
2	21
2	0
41	0
0	0
2316	0
5	0
15	0
6	0
2369	0
1	151
386	200
88	49
0	0
8878	2
17	0
12	0
1	0
2	0
1	0
8	0
7	0
0	0
231	0
1	0
3535	2
36	0
0	0
0	0
0	0
31	40
1	40
0	0
0	0
0	96
706	96
8	0
461	0
0	0
1	0
60	0
5	0
1	0
3	0
8	0
0	0
0	0
0	0
0	0
1456	1
0	0
438	0
0	0
1	0
110	0
11	0
5382	2
8	0
155	0
0	0
0	0
2909	4
0	0
0	0
2	1
402	0
0	0
19	0
3687	1
0	0
0	0
24	0
71	0
0	0
0	0
1406	0
672	190
2	163
2	20
839	320
0	0
106	121
27	2
2	119
0	0
1788	0
506	0
10	0
0	0
579	13
29	0
11	13
0	0
4	54
7	0
2219	0
898	0
0	0
0	0
1141	829
15	829
240	21
475	21
18	0
1042	1
34	0
0	0
2	0
1062	1676
1716	1676
0	0
1330	2495
6	0
2	9
35	14
1	0
1628	2585
0	0
0	0
2362	1324
0	0
937	0
804	1462
0	0
2	0
0	0
0	0
358	0
0	0
3318	517
66	516
1	0
1937	1
0	0
1	0
0	0
22	24
349	0
3	0
0	0
0	0
19	1
10	157
517	156
0	0
0	0
634	0
0	0
501	0
1108	0
0	0
5729	1
0	0
858	1
77	101
3	1
24	101
4621	2
1012	1
0	0
1	0
83	0
0	0
0	0
46	0
40	0
0	0
785	0
2434	0
99	0
0	0
0	0
1238	1
296	0
25	0
1117	1
1	0
0	0
3	18
142	27
1736	0
85	4
1	4
0	0
9	0
501	398
1764	398
2196	459
108	449
0	0
2	0
0	23
104	23
4	0
0	2
7	0
299	143
3630	144
0	0
309	0
3	0
0	0
0	0
5255	2
1	0
3022	3
21932	6
107	0
1334	1
311	0
4	0
87	0
2761	1
407	168
1	0
2	0
16	11
1377	0
10	0
6	2
2	0
0	0
3	0
2076	0
248	0
7046	2
4729	1
510	487
281	290
0	0
1994	190
0	0
3353	121
25	0
0	621
3386	2
1	0
2	0
1	0
27	4
0	0
1063	0
21784	7
632	0
0	0
13	0
2	0
14	13
101	0
0	0
0	0
95	58
0	0
3	0
0	0
0	0
0	0
7	4
592	0
0	0
0	0
173	0
495	0
167	244
705	244
0	0
1616	1
6	0
483	1
0	0
0	0
31082	4
33	0
23	0
4	0
1158	0
484	0
6787	157
2127	153
54	0
20	0
0	0
867	0
0	0
0	0
0	0
0	0
684	462
86	462
260	0
0	0
0	0
0	0
38	0
7128	1
0	0
12	0
4430	0
0	0
0	0
0	0
1380	3124
169	2842
115	5
0	1
0	0
0	0
3	0
1883	1904
81	10
16	0
0	0
1	0
88	132
5425	3
0	0
2040	5
873	0
3	0
0	0
5	0
1215	37
6	0
20	0
0	1
12	0
4	0
0	0
0	0
5	0
1	0
120	25
163	0
3208	0
0	0
0	0
0	0
9	4
2654	4
2841	1
1197	0
884	1
0	0
0	1230
4398	0
2017	0
7	0
14	0
5	0
721	0
0	0
1058	2
0	1
0	0
0	0
2473	0
348	0
66	0
2	1
0	0
0	0
0	1
0	0
0	0
0	0
0	0
0	0
19	0
0	0
0	0
0	0
12	0
0	0
809	0
1	0
83	0
0	0
2	0
19	0
31	0
7617	1
16128	6
0	0
0	0
0	0
3	0
0	0
0	1
882	1
7	0
3551	1
0	0
21	0
0	95
10596	4
0	0
31	1570
1842	1571
87	0
6	0
935	0
0	0
3695	0
0	0
6048	0
3185	0
3	0
1552	0
7	0
758	1
3	0
10	0
14	0
0	33
0	33
0	0
3574	0
0	0
1	1
1	1
4795	2
1402	0
2	0
0	0
0	0
0	1
10398	1384
0	1382
0	0
0	0
0	0
757	0
0	0
0	0
0	0
0	0
125703	38
6852	3
0	0
2063	1
1	0
2881	4
0	0
15	0
0	0
0	0
0	0
0	0
1	0
65	0
2546	2
0	0
0	0
3662	2
23019	28
478	84
0	15
0	55
15	0
0	0
5	0
4	0
12	0
0	0
1	0
0	0
4	0
710	0
23451	9
0	0
9	0
0	12
0	0
30	40
1126	43
9	0
619	70
5	70
0	0
11	0
4	0
4169	2
0	0
0	0
0	11
0	51
1	2
1	0
2	3
0	0
2801	1
8	0
0	0
1050	966
0	966
15	52
2065	53
32	0
2878	1
121	0
5200	5
0	0
0	0
605	1
0	0
0	0
0	0
611	0
0	369
1926	371
17579	7167
27	6939
1932	3205
288	905
0	0
771	0
5	0
280	2
13	0
25	0
10	2
372	18
33430	22
0	0
1234	1441
0	1441
0	0
0	0
1	0
2394	2
295	0
0	0
842	2
0	0
105	0
10	2
32	14
0	0
6	19
0	0
13	35
95	35
4	19
26	7
0	7
0	0
5	0
0	0
0	0
915	0
0	0
14	0
0	0
0	0
1	0
25795	12
0	0
10	0
0	350
0	322
2	0
0	0
0	0
193	1626
3239	3217
3	0
4	3
0	0
0	0
1	0
1	0
5	7
0	0
0	0
0	0
0	0
5	1
3421	2241
46	343
32	27
9	24
0	0
8	1
120	29
4	2
0	0
2	0
0	0
0	0
0	0
1	0
3	0
14	0
4	3
755	7
76	0
207	222
293	180
1	9
26	463
1	2
438	0
10	0
17	1
1	0
0	0
289	239
1	0
43	0
1594	0
12627	4
24	0
19	1
316	0
0	0
0	0
0	0
0	0
3	0
1699	1
0	0
0	0
0	0
0	0
0	0
0	0
226	0
0	113
11	1
148	0
1141	0
0	0
186	0
2	0
3	0
0	0
25	0
0	0
284	0
4	0
5	70
0	394
2	0
0	0
3620	3
13843	2972
464	2971
0	0
0	13
0	0
340	1503
7	4
13	431
8653	5
5	2
143	457
48	1044
5	34
617	36
1	0
2685	2
3559	0
0	0
0	0
0	0
33	0
2704	1
0	0
4	0
12211	962
40	959
0	0
0	1
0	0
0	0
424	0
0	0
2689	2
2	0
1	0
5987	2
0	0
12	2
0	2
323	90
0	89
0	0
672	2
0	0
3825	320
142	320
12	0
0	0
0	0
5	0
422	52
13	52
2	0
0	0
0	0
0	0
1367	0
0	1
0	0
0	0
348	0
26	0
85	0
3	0
2	0
447	0
0	249
49	0
0	2
5	0
0	0
1405	0
888	0
7	0
28	0
3989	1
67	0
14	0
0	0
0	0
0	0
1	0
845	0
7	0
0	0
0	0
0	0
0	0
0	0
20	29
1114	29
1	0
300	0
779	103
245	0
2	0
5127	733
3	0
160	732
29	101
36	0
2	0
3264	0
1840	0
0	0
0	0
0	0
94	159
1	0
10	159
57	4
0	0
0	0
2	0
79	0
2	0
568	0
0	0
4021	4
60	0
7	56
443	56
0	0
0	0
68	0
0	0
0	0
1831	0
255	0
3	0
22	4
235	0
95	0
4	0
1343	2
0	0
4	41
3	0
189	14
1	0
12	0
49	0
7	0
52	0
85	0
0	13
83	23
1	0
0	0
2	0
0	0
0	0
0	0
10	0
8	1
0	1
12	3
0	0
0	3
2	0
0	0
3	0
7	0
12	0
8	0
20	0
0	0
17	0
0	0
17	1
9	1
28	0
1	24
0	0
0	0
0	0
0	0
1	0
26	0
14215	6
408	0
14972	9
6	0
9513	17
0	0
2	12
0	0
9	1
1	0
957	0
0	1
17	0
0	0
222	51
2155	51
3896	2
28807	13
2	0
0	0
209	0
5	2
0	0
0	0
0	0
5	0
0	2
7	9
4883	2
0	0
3942	1
0	0
510	0
1525	0
11301	4
0	0
5038	4
19	0
0	0
283	0
0	0
485	0
2206	0
2	1
2765	6
0	0
3	0
553	0
1585	1221
426	1221
20	0
627	0
4265	2
0	0
292	0
0	0
138	0
2	0
0	0
0	0
0	0
175	0
0	0
0	0
16	0
5	0
557	0
6	0
0	0
71	0
3	0
1835	1
3	3
41	0
4	0
12	0
97	0
17	1
0	1
0	1
6	0
1	0
0	0
2	0
0	45
0	45
0	1
6	536
11	285
392	524
0	0
157	0
0	0
2	0
0	0
0	0
6	0
0	0
790	0
1534	0
548	0
0	0
4	0
0	1
2	1
0	0
1	0
2	0
8	0
0	0
516	756
1961	757
783	0
1738	0
0	1
0	0
133	0
4	0
4	0
20503	5
40240	5920
3	5905
0	0
2	0
5747	2
31	0
0	1
0	0
12	1
9	0
59	25
0	0
6	0
46	24
0	0
2	0
2	5
132	0
3135	1
311	24384
24706	23483
81	16412
69808	31475
234	71
264	59
1	0
0	66
0	22
0	0
428	0
44	0
0	0
3	0
2	0
0	0
567	0
0	0
2	1
0	0
54	0
1	0
0	0
1	0
0	0
0	0
0	0
0	1
4087	2
1	0
69	0
0	0
2	1
1	0
0	0
37	1
0	0
0	0
2	0
1059	0
0	0
0	0
4679	7436
2437	7437
3	0
142	0
1248	1
3	2
3153	0
3	1
32	0
8	0
0	0
407	1068
0	1068
0	0
1	1
0	2
5	4
1962	2
12	0
0	0
496	0
5	0
2	0
0	0
0	24
0	24
0	0
2	0
0	0
469	0
3	0
170	0
1013	662
38	662
0	0
0	0
0	0
86	89
1	89
7	0
838	0
3	0
0	0
0	0
301	369
367	369
0	0
3	0
4	0
0	0
0	0
4	0
1	0
4536	0
32	0
11	0
21	3
5581	6
5	0
381	0
418	0
0	0
0	0
1864	0
0	0
1623	0
0	0
1321	0
726	0
0	0
1000	1
180	0
163	2
24	2
68	0
1	0
1861	2
21	38
2	0
1	0
725	0
0	0
51	0
0	8
1	2
1	0
0	0
1	1
0	1
1	1
0	0
0	0
5	3
0	2
575	0
10	0
0	0
2	8
0	0
2233	1
613	0
2026	1
0	0
0	0
0	0
13	0
0	0
3166	3
36	0
768	12
223	136
67	136
0	0
2	0
1	0
0	0
0	0
0	0
2206	3
0	0
3	0
1	0
62	0
768	291
0	0
0	0
0	0
563	0
1931	1
2644	2
1	0
0	0
0	0
628	19
10	17
0	0
1467	1
809	0
0	0
2280	2
0	0
1191	789
0	0
0	0
232	789
0	0
0	0
0	0
0	0
3	0
199	0
1	0
143	66
6	66
2	0
1056	0
1	0
1785	291
216	0
0	0
50	0
1	0
1662	0
0	0
3	0
3	0
1694	0
3	0
2667	0
0	0
3728	0
973	0
0	0
2640	0
2	0
0	0
64	56
39	0
2	0
5271	63
35	57
4	1
3858	0
0	0
8	0
0	0
0	0
13191	270
0	0
58	264
6	0
218	0
0	0
70	36
26	36
804	0
115	0
2604	0
486	465
215	520
0	0
3183	0
39	0
5	0
3	0
15	0
218	0
18	0
0	0
0	0
0	0
0	0
0	0
473	0
1	0
149	0
0	0
1	0
0	0
0	0
0	0
0	0
38799	14866
36	14861
0	0
0	0
1087	0
10391	5
1	0
0	0
7	0
1206	0
0	0
0	0
38	0
11	4
5549	3009
274	3008
52	2
0	0
510	2
3227	0
171	1178
141	2
30	8
23	0
0	0
2697	0
0	0
25	0
0	46
2720	47
0	0
4	0
7	0
0	0
13	253
234	253
0	0
0	0
370	135
23	1
5	0
6	0
17	0
2333	0
0	0
423	0
2058	416
179	415
0	0
0	0
2	0
0	0
0	0
1174	28
3	0
7	0
1109	1419
3	8
1	0
0	0
530	1702
5	0
1	0
0	0
3	1
85	462
3334	1
8	0
5	0
13605	2629
1416	2625
4847	0
3482	5
33	50
0	0
0	0
0	277
0	82
0	0
2	0
5056	0
0	0
0	0
2	4
29645	13
0	0
0	0
2	0
1899	5
17	5
5014	0
2	0
0	0
1	0
228	0
0	0
75	0
0	0
4	0
3025	1
0	0
2	0
11	0
3	0
0	165
87	133
17	133
1	0
5	4
1	0
6	0
28532	206
16	199
0	0
0	0
15	0
1	0
5	0
1613	0
23	43
11	43
9	337
1527	337
1	0
3386	20
0	0
2	0
4	15
4	0
3	0
3	0
642	1
0	0
0	0
7	0
2	0
0	0
2	0
0	0
0	1
0	0
0	0
0	1
4	0
2	763
13444	8767
28	3
0	8004
213	0
20	0
130	1038
480	1038
2795	43
3	42
1	0
0	0
2	0
101	0
0	0
95698	26
34	1
4062	0
545	0
0	0
1536	1
5	0
2553	2
0	0
718	1
71	0
3355	0
0	0
1	0
79	0
18	0
190	0
193	0
1694	0
4	0
0	0
8	0
2	0
0	0
1	0
0	0
40	6
0	0
4	2
29	0
0	0
160	0
0	0
7	1
0	157
2	0
1580	0
0	0
6	15
0	0
1	0
16	0
7	0
1426	0
51	1
35381	13
1540	0
0	0
5	0
12602	5
1	0
2	2
1	0
219	340
0	340
0	0
0	2
2475	1
0	0
3	0
2618	0
5	0
93	41
847	41
2982	1
0	0
0	9
0	5
48	0
3261	367
87	367
4	2
511	0
305	0
1978	0
20242	9
0	0
11	0
0	0
1	0
0	0
105	0
3853	3
0	0
142	0
21	1
9	0
3429	0
5	0
2	213
0	0
2	0
3887	1
635	0
7	0
18	152
18	152
0	0
22112	81
0	76
3	0
736	0
0	491
0	4
8	755
0	0
0	0
0	0
2	0
2	0
0	15
1	0
0	0
2	0
0	0
4	0
11	18
6	9
1	6
0	0
2	0
0	0
2	0
0	0
0	37
0	21
0	0
0	0
0	0
1	0
2	0
8	0
0	0
9	0
0	0
0	15
1915	1
1	1
267	0
1719	164
50	163
17	50
5977	51
102	0
0	0
2766	0
5	0
9	0
7984	2
0	0
6	0
0	1311
8621	1315
3571	0
0	0
9	0
95	0
0	1
0	0
0	0
2322	1
0	0
0	0
518	57
5	57
1937	0
985	1
0	0
224	0
704	1
171	0
5246	1
2	0
2779	0
284	176
17	0
61	141
0	3
52	3
212	0
0	0
5	52
3	22
0	0
1380	0
2323	0
18	0
0	0
394	166
11	166
0	0
30	0
10	0
6906	2
0	0
0	0
0	0
144	13
24274	14
0	0
340	0
0	0
8402	1
27	0
3384	1
1	0
23	2
3228	1
557	0
0	0
2571	160
52	158
545	0
0	0
0	2
0	0
1	0
680	0
9	0
28	179
0	0
3716	917
1	916
228	0
0	0
368	0
0	0
2	0
3	0
0	0
1	0
852	0
0	0
81	1
1767	306
266	305
83	0
6767	636
380	634
0	1
0	0
0	0
0	1
1	0
0	0
256	0
0	0
0	0
0	0
6	1
2	0
0	0
25	40
0	0
0	9
48	40
4	25
2010	1061
57	1061
43	0
0	0
16	19
78	0
0	0
278	304
286	304
837	0
140	0
25	0
436	0
0	0
0	0
122	9
325	0
1	0
876	0
1	0
0	0
21	24
6	1
27	2
1	0
38	4
5782	0
2316	44
2	43
10	0
1	0
7495	2
1008	1
0	0
6	0
0	0
474	0
2	0
1	0
1724	0
11912	5
0	0
460	1
0	0
401	0
5448	2
0	0
4718	1
1608	0
18	0
1393	182
356	157
411	0
4	0
0	0
0	0
0	0
179	0
257	0
524	4
16	12
40	12
55	18
1849	101
6	12
88	24
1	92
298	166
5	1
0	0
310	0
2	1
2	0
1918	428
27143	429
0	0
0	0
0	0
1438	11
440	18379
0	18372
8	0
4	0
0	0
525	0
2	1
0	0
3	4
0	0
0	3
0	2
0	1
2	0
147	0
0	0
0	0
0	0
6	0
0	0
0	0
4	0
69	0
38	0
37	17
53	33
1	3
1	0
49	692
2080	693
4	0
0	0
0	0
2755	1
63	84
0	0
812	0
0	0
429	73
26	73
622	692
17	692
0	0
86	0
8	1
0	0
0	0
2	0
12163	4
7	0
16	0
354	75
3	75
2	0
0	0
10	0
3478	1521
11	1521
195	0
17957	8
2230	336
69	3440
9	0
93	962
3	6
0	207
0	0
0	0
57	793
26	260
1	0
0	364
1	100
0	100
574	5
848	247
88	247
5	0
391	0
0	0
1769	1
0	268
21	275
3	78
12	0
3	64
5	21
0	0
394	235
0	0
514	63
146	2
20	0
4	0
0	0
575	101
846	0
6	0
636	101
0	0
946	0
0	0
1881	0
0	0
9	20
11	25
2	9
0	7
6	80
815	375
33	295
6	8
25	0
4	0
9	0
21	0
0	0
1758	0
0	0
39	1
0	0
7	0
1119	0
1	0
1	0
535	0
859	1
0	0
0	0
19312	10
0	0
21	10
0	10
0	4
5106	0
8	0
91	0
3556	0
1063	0
1120	1
0	0
0	0
0	0
0	0
0	0
0	0
13	48
0	3
1	0
0	0
55	49
122	0
2	0
5677	0
17	0
0	0
0	0
91	68
1310	68
5751	0
493	0
1205	10982
64	10982
0	0
1	0
3037	2
338	343
34	343
330	0
0	0
3768	2
0	0
3	0
121	0
2783	2
32	0
1090	0
5420	1739
0	0
59	0
0	64
228	1736
68	0
3	0
4801	376
0	375
429	0
0	0
0	0
1	0
0	0
1	0
0	0
0	0
0	4
0	0
0	0
0	0
2	1688
0	4
0	0
0	0
0	1153
0	11
0	0
0	0
1	0
3	0
1	0
0	0
0	1
0	1
2	1
0	0
0	1
0	0
0	0
0	1
8	1
0	0
0	0
1260	0
706	0
0	0
0	0
1671	2
19	0
2421	1
0	0
1450	0
0	0
0	0
20	3
1	0
671	44
0	44
8	0
0	0
1647	0
2991	1
0	0
0	0
16	225
10206	230
3738	7772
6	7771
5	0
0	0
73	0
0	0
18	6
0	0
1327	0
106	0
1	0
0	0
0	2
66	10
0	0
4	44
626	37
79	0
1	0
0	0
0	0
11	0
2398	0
226	0
8028	3
0	0
0	0
7069	3
0	0
7	0
4414	542
1179	542
240	0
1777	2371
50	0
210	2371
2698	2853
105	2853
11228	5231
211	5226
3415	2
0	0
0	0
0	0
0	0
10	144
140	144
2	0
680	1342
68	0
0	0
0	0
179	105
5	0
24	0
1018	1554
0	0
0	0
0	0
191	0
108	0
1818	2
3	0
0	0
14	0
327	0
226	0
0	0
521	0
0	0
0	0
0	0
263	0
285	0
1463	2
1738	0
2	0
9	0
117	0
7531	5
266	0
0	0
526	0
0	0
3	7
0	0
3	0
9083	3
0	0
1	0
0	3
5	0
1	0
2	0
0	0
187	0
0	0
0	0
0	0
1645	0
217	0
1067	0
3807	9088
632	9084
0	0
4962	1
5	0
0	0
5	5
9	0
1939	0
3	0
0	0
73	0
6	2834
6613	2837
4	0
7	0
15771	652
101	650
2	0
0	0
2	0
2	0
0	0
1	0
4887	0
3714	0
4	0
2241	1
0	0
272	0
3	0
0	0
0	0
2593	0
2286	2
8	9
812	1
9	0
0	0
2	0
442	2
159	1035
146	0
119	0
1	0
228	1035
152	0
0	0
5	0
0	0
9	0
135	37
14	37
1253	2
3	0
0	0
707	371
2	0
16	0
1	0
3	0
0	0
1	0
4	3
20	84
581	86
9	0
40	0
4	0
1	1
0	0
7	0
1939	0
51	0
5	0
3169	0
870	11
14	11
3	0
2	0
0	0
0	0
1	0
0	0
1924	0
18778	12
45	7
1	0
11	2
1445	1747
47	0
20	0
2	0
56	2
338	124
453	635
0	0
4	0
3931	2154
451	658
655	1561
2	0
0	0
384	1034
1	2
55	123
179	28
0	0
4	0
20	5
722	537
805	1525
3	0
0	0
0	0
0	0
0	0
21	32
0	0
0	0
0	0
0	0
0	0
4	0
5	0
450	32
4	0
0	0
41	0
0	0
0	0
0	0
0	0
1	0
1	0
0	0
0	0
953	0
1	0
1	0
0	0
0	0
5	0
0	0
42	392
226	0
808	392
311	0
1160	0
0	0
0	0
0	0
10501	1197
23	743
207	454
1837	5355
2	5355
1	0
98	0
13408	24656
6	24655
645	0
0	0
267	0
0	0
0	0
3	0
2	0
0	231
1	0
3	69
2	68
17	32
0	0
1	0
113	0
0	1
93	1
0	0
0	0
13	0
425	0
0	0
4	0
111	106
2754	1817
151	155
1	0
26	1273
280	1273
7816	1
5	0
4	0
0	0
1	0
1214	0
0	0
1	0
3838	0
0	0
1	0
0	0
657	0
0	0
2	0
1223	0
0	0
294	443
86	443
2142	1
0	0
294	0
2646	978
966	0
1	0
1	0
10354	7
0	0
370	0
6	0
356	0
0	0
0	0
1097	0
1	0
3	0
21	0
4	4350
2031	4350
1	0
1490	1
4	0
933	134
0	0
1	0
0	0
49	840
640	840
2	0
2	0
2	3
2	1
0	0
629	215
132	215
0	0
1153	0
2	24
1257	24
0	0
573	1041
64	1041
5895	1
8138	5
19	2
0	1
1	0
83	0
0	0
0	0
0	0
72	0
313	0
0	0
0	0
0	0
4	0
1856	0
0	0
0	0
30	8
0	0
0	0
2036	0
0	0
2421	0
12706	7
0	0
566	0
0	0
0	0
766	446
6	0
0	0
1291	1403
13	0
199	328
38	0
248	0
13	117
341	117
19	0
2177	2
20	0
5	0
0	0
0	0
913	0
14	0
13	0
0	0
1150	1
214	128
419	127
1350	0
6714	1
2	0
0	0
16	0
1026	0
12	2
0	0
2	0
3969	0
7	0
2922	0
419	0
5	0
1113	95
96	95
12	0
999	0
269	311
6	311
2	0
0	0
6497	364
72	364
4383	2
3	0
0	0
0	0
2	0
1	0
3	0
0	0
115	0
4319	1850
44	1849
0	0
2	0
0	41
442	208
923	210
0	0
1719	43
0	0
477	249
164	249
0	0
6180	2967
2	0
1	12
0	0
5	12
10	0
268	69
0	0
29	0
0	0
14	0
87	0
0	0
1442	0
1307	0
2	0
31	0
0	0
0	0
75	0
18603	237
400	246
49	0
168	15
3069	3
12758	2292
16	2289
1	0
1770	0
0	0
1	0
0	0
0	0
147	0
7	0
0	0
0	0
0	0
4508	3
1363	0
941	0
8	0
1	0
714	1
1	0
0	0
0	1
1	0
470	0
13	0
4140	0
27	0
4037	1192
186	1192
1043	1
83	0
128	551
140	551
1	15
0	0
4865	3
2220	1
4	1
191	0
1253	0
1034	1
3807	1
59	0
1	0
9350	0
10505	0
13779	3
508	0
0	0
0	0
12	504
1090	506
0	0
256	0
0	731
4	0
0	4828
318	5160
1	0
7	1
16181	6
1781	0
250	0
1303	4064
108	5907
0	73
0	6
0	515
0	34
0	468
0	46
0	106
16	106
1	99
0	0
0	144
0	55
443	0
0	3422
1958	0
680	0
221	0
21	0
23253	13
102	0
91	0
413	1
107	0
541	0
7717323	444
90	0
750	55
0	3422
14481	1
