log2FoldChange	padj
h1SMcG0000006	-1.60666395145721	0.158439562346666
h1SMcG0000009	-1.03617091405965	0.357198289470035
h1SMcG0000011	0.615291257203289	0.0918046140773385
h1SMcG0000013	0.555359856468076	0.336837162231972
h1SMcG0000014	0.0232846498940177	0.973010396233727
h1SMcG0000016	-1.56423114183844	0.0586021404932992
h1SMcG0000017	0.350431055662147	0.821412445928519
h1SMcG0000023	0.82540024086761	0.0455012510986276
h1SMcG0000025	0.15899402252602	0.838602564618918
h1SMcG0000026	0.450321108099314	0.351445680448023
h1SMcG0000027	-1.42004165077719	0.0630348454062123
h1SMcG0000028	0.75350329754431	0.203319993278606
h1SMcG0000031	-1.27247134137163	0.353639470244291
h1SMcG0000032	0.922675382915311	0.0151018092842982
h1SMcG0000035	-3.38389488268415	0.0107802585559919
h1SMcG0000036	0.300258931482795	0.402537468645673
h1SMcG0000039	-1.05983417341502	0.223076000572288
h1SMcG0000042	0.0391250839692839	0.973010396233727
h1SMcG0000043	-0.761285265774359	0.315542251951405
h1SMcG0000046	0.550833342026263	0.625330667931257
h1SMcG0000047	0.0656842599214515	0.930503893234206
h1SMcG0000049	0.772041542225443	0.516734818619549
h1SMcG0000051	-1.79448973718484	0.0683958363161091
h1SMcG0000053	0.0190570533745888	0.991419211252513
h1SMcG0000064	-0.765585248972732	0.24636056778238
h1SMcG0000065	1.21292030560907	0.273054164753407
h1SMcG0000067	1.32614176622804	0.00201726304141414
h1SMcG0000068	-2.9341340688435	0.0424984977496069
h1SMcG0000069	-1.06543813271911	0.359026393772946
h1SMcG0000070	0.606452117304358	0.525766367354368
h1SMcG0000073	-2.90395039452566	0.00247350947461573
h1SMcG0000076	-1.39582879306454	0.000888675997603524
h1SMcG0000078	0.018504931134445	0.98883427629176
h1SMcG0000079	1.77869481056134	0.000000386964797184853
h1SMcG0000082	-1.07885681942962	0.346907332882793
h1SMcG0000085	-1.56224018567811	0.260024339257593
h1SMcG0000086	-1.32109709318992	0.0190301644617648
h1SMcG0000090	0.398254702954644	0.110723489665754
h1SMcG0000094	0.0900177858752978	0.961595745418925
h1SMcG0000096	-0.991909262312804	0.135043334590795
h1SMcG0000097	-0.574363146181735	0.403532716499769
h1SMcG0000098	0.666452848624831	0.32118166893877
h1SMcG0000100	1.29160715443073	0.0841432625641812
h1SMcG0000103	-1.09923966671938	0.119659833633562
h1SMcG0000104	-4.92177779601399	0.000000199973342245936
h1SMcG0000105	-1.56204243645677	0.00315827920402682
h1SMcG0000106	-0.465657338828958	0.400600234434848
h1SMcG0000107	0.645249747463723	0.0326341747180777
h1SMcG0000108	0.382365409542533	0.669051875583305
h1SMcG0000109	-0.0214698311329398	0.989522535129625
h1SMcG0000127	-1.1974879557573	0.00621757082941451
h1SMcG0000128	0.153105707473049	0.754711605651372
h1SMcG0000131	0.824232131099188	0.187073655682854
h1SMcG0000132	0.481151703457702	0.398614878928551
h1SMcG0000133	0.649894839963191	0.364470470479318
h1SMcG0000138	0.902802676472366	0.0016400944511097
h1SMcG0000140	0.722522205849436	0.631974625238826
h1SMcG0000143	-1.3742791405909	0.227301959011404
h1SMcG0000144	-2.98510955720078	0.0235718076342857
h1SMcG0000145	-1.27058192391232	0.0679310001221622
h1SMcG0000146	0.00513783192640895	0.996402202412603
h1SMcG0000148	2.83236145445173	0.0162463677689423
h1SMcG0000149	-1.3180517201747	0.0774523973927345
h1SMcG0000150	0.947852903581942	0.133202488034401
h1SMcG0000151	-1.90305247553081	0.157592521217999
h1SMcG0000152	0.23986085273732	0.546431400531491
h1SMcG0000153	-1.84840531989903	0.083203922736028
h1SMcG0000155	-0.144603050068155	0.77001317687748
h1SMcG0000156	-0.996801011469512	0.146480233567841
h1SMcG0000159	-0.0998375202318209	0.912134037274957
h1SMcG0000160	0.646177751051357	0.513884080323472
h1SMcG0000162	-0.837061617487075	0.490914015630371
h1SMcG0000163	-0.701752147760945	0.21225824503666
h1SMcG0000164	-1.89030008255615	0.0000173361046546895
h1SMcG0000165	0.616108691143501	0.17377915509593
h1SMcG0000169	-0.575696205546481	0.248891599607883
h1SMcG0000170	0.469195929071487	0.351438469489503
h1SMcG0000171	0.355254595908869	0.724554549364073
h1SMcG0000174	-1.43652755998054	0.00074578696609521
h1SMcG0000176	-1.56548989440364	0.0286819656376872
h1SMcG0000178	0.420214017804034	0.660955427073862
h1SMcG0000183	0.722452044189772	0.150832834812567
h1SMcG0000184	-0.566245786185103	0.357654028812795
h1SMcG0000185	0.420561119314478	0.670158438262429
h1SMcG0000188	0.557060790566728	0.23562183484956
h1SMcG0000190	0.963734663370848	0.123034406898449
h1SMcG0000193	-2.19050360532261	0.00251334185887306
h1SMcG0000194	-0.680037648856722	0.355884961724056
h1SMcG0000195	0.626967638580285	0.411822597530219
h1SMcG0000196	0.644554748135946	0.0653660972644451
h1SMcG0000199	-2.42978278984176	0.032959299237707
h1SMcG0000202	1.18741966089187	0.316293441662823
h1SMcG0000203	3.04898789816016	0.00000143408374609909
h1SMcG0000204	1.3776184449756	0.0000156736781265618
h1SMcG0000205	-0.519424986094479	0.640940227821242
h1SMcG0000208	-0.145177066661191	0.88520222192377
h1SMcG0000209	-2.32829524309052	0.0765168054967276
h1SMcG0000210	-2.34149915620196	0.0151833233888885
h1SMcG0000211	-0.885663582502443	0.0461593984590586
h1SMcG0000220	0.569324625610313	0.215278435167034
h1SMcG0000226	1.03529885228113	0.0895870517671536
h1SMcG0000231	0.391671908342673	0.54471936725412
h1SMcG0000234	0.438883187969846	0.298524744403513
h1SMcG0000235	0.0491479350679298	0.979826347265129
h1SMcG0000237	0.0460870040865781	0.98179957755461
h1SMcG0000238	0.74581346368114	0.560174091546138
h1SMcG0000239	-1.58651198849835	0.263062976967569
h1SMcG0000240	0.54642428814242	0.541616454581349
h1SMcG0000246	-2.2090264431966	0.0901696236733128
h1SMcG0000248	-0.473459347354039	0.67631466884973
h1SMcG0000250	1.40316820843291	0.103555888305706
h1SMcG0000253	0.851976203790777	0.240444552784782
h1SMcG0000255	-1.00133584188373	0.00488281062220209
h1SMcG0000258	-0.242518923606354	0.877072800171772
h1SMcG0000262	-0.11516817180026	0.949386582385749
h1SMcG0000263	0.242764204244228	0.745491795985486
h1SMcG0000264	-1.02981911716496	0.0783704483755893
h1SMcG0000265	0.775153922222381	0.584170070235908
h1SMcG0000267	-1.07907569334379	0.495151567106952
h1SMcG0000274	1.79303765832691	0.166861252498623
h1SMcG0000275	-1.3430975077169	0.26623102851395
h1SMcG0000280	-1.39099732241272	0.181206518162308
h1SMcG0000283	-1.35985272647724	0.37739211013317
h1SMcG0000284	0.67535979611399	0.0924348866715522
h1SMcG0000285	2.04761994707832	0.00000000443326222515246
h1SMcG0000286	-1.07226612007149	0.144806832652042
h1SMcG0000288	-0.798056644153726	0.175228027172564
h1SMcG0000290	-3.10220389563553	0.000162446576715983
h1SMcG0000292	-1.52817489589746	0.301030841379939
h1SMcG0000293	-1.26325548965718	0.00203949491751814
h1SMcG0000294	-1.40464099732586	0.198341552876893
h1SMcG0000295	-0.844204877524058	0.285066392760725
h1SMcG0000319	-0.437604518008176	0.72529728190451
h1SMcG0000322	-0.992377587725025	0.0131167223549201
h1SMcG0000323	1.83867988833097	0.196712492251055
h1SMcG0000327	-1.44464868456848	0.221361241285947
h1SMcG0000333	-1.76225589054742	0.109254350936757
h1SMcG0000334	-1.02931222972629	0.00251968292392065
h1SMcG0000338	0.936301943237261	0.00664330391479856
h1SMcG0000346	-0.674113315476755	0.232780078398831
h1SMcG0000347	-0.465470097264507	0.656112259358417
h1SMcG0000351	-0.511881248265786	0.71389207895872
h1SMcG0000353	-1.54356924973737	0.152690559946464
h1SMcG0000355	-1.27908454039569	0.0368577661518862
h1SMcG0000356	-0.276149149863646	0.449586618132966
h1SMcG0000360	3.02083627468386	0.0293096456463709
h1SMcG0000361	1.56589348127032	0.046017522509734
h1SMcG0000363	-1.58865344657723	0.00000361297718936718
h1SMcG0000364	-1.86265160565467	0.180589627078966
h1SMcG0000374	1.77811691768793	0.0676748522012827
h1SMcG0000378	-0.328525064060514	0.780393837905119
h1SMcG0000380	-1.12554097998418	0.320684877173341
h1SMcG0000382	1.46152350281318	0.125818791431474
h1SMcG0000385	0.449389544665445	0.652468543899956
h1SMcG0000389	-1.54990155159441	0.131144672670168
h1SMcG0000390	-0.702048575523906	0.632917298261862
h1SMcG0000394	-0.166549883768153	0.862858952458489
h1SMcG0000402	5.43629737989776	0.0000000757487092771769
h1SMcG0000404	7.98721100689071	0.0000000000000000117589305996823
h1SMcG0000405	-1.49159666705965	0.0000012696584072495
h1SMcG0000414	-1.74005959502116	0.113343941110911
h1SMcG0000422	0.659427842742281	0.262392366187909
h1SMcG0000423	0.176110039287943	0.79419680909831
h1SMcG0000424	-1.49750041435273	0.118666624021311
h1SMcG0000426	-1.40325714479805	0.0574793747583396
h1SMcG0000429	-0.518533863413056	0.444920202866896
h1SMcG0000430	0.569671588086488	0.320684877173341
h1SMcG0000432	-0.277596203336071	0.850483151126976
h1SMcG0000434	-1.0066836010282	0.214979282860626
h1SMcG0000435	-1.64431541208131	0.0417096485368109
h1SMcG0000437	-0.528948801420363	0.715834567044214
h1SMcG0000438	1.58403570299628	0.0269534800153656
h1SMcG0000439	-0.0296789247247738	0.979845999970136
h1SMcG0000440	0.0488273026260825	0.971579492427191
h1SMcG0000442	-2.38030962743766	0.00125448301936084
h1SMcG0000444	2.26280663392858	0.0458906436783969
h1SMcG0000445	0.601103506019948	0.7123817556297
h1SMcG0000446	-1.0472494836358	0.0514176498435006
h1SMcG0000448	0.975919093735409	0.0000994473505120676
h1SMcG0000452	-1.06550086500754	0.0154900079603101
h1SMcG0000453	-1.17936596058276	0.160207008939836
h1SMcG0000454	-1.11729685936105	0.0258159099483943
h1SMcG0000455	-3.71825198230042	0.00216514032741224
h1SMcG0000457	0.0612806599498815	0.943609703528689
h1SMcG0000459	0.10982865894644	0.929173009557033
h1SMcG0000460	-1.82730129498081	0.0697288813471571
h1SMcG0000462	0.0322671681316198	0.980572161220347
h1SMcG0000463	0.492569659689903	0.24294321328588
h1SMcG0000466	1.30402906785805	0.177778836729693
h1SMcG0000470	0.228629652786792	0.890331701268322
h1SMcG0000471	0.604849211045815	0.145813110312911
h1SMcG0000473	0.318980399723561	0.420257856546698
h1SMcG0000474	1.37355969379708	0.0000002885164678778
h1SMcG0000476	-4.43195601971057	0.0000146169280557422
h1SMcG0000478	2.81941549967178	0.000211519833645653
h1SMcG0000479	3.57804077661285	0.00000000000000000000000000000000000000000000000000000000000000000000000000000000000000040071761007428
h1SMcG0000482	-2.80362300294426	0.001154864308108
h1SMcG0000485	-0.48453346368306	0.366165482803444
h1SMcG0000488	-2.34801966709951	0.00933596712708263
h1SMcG0000489	0.295606863684146	0.74509837262842
h1SMcG0000490	0.737354440335061	0.522086682440502
h1SMcG0000491	-1.07956146631417	0.214165845875794
h1SMcG0000493	-2.71704998805343	0.0708320006017292
h1SMcG0000494	-0.885713799887338	0.562303862031918
h1SMcG0000496	0.494126684490591	0.631835772717257
h1SMcG0000497	0.479899678297343	0.578866097440331
h1SMcG0000500	-0.983212894872594	0.0180892677837196
h1SMcG0000501	-5.995621572372	0.0000000114462632470008
h1SMcG0000502	-0.166350213720925	0.887632030667327
h1SMcG0000504	0.373432638366702	0.432867406389358
h1SMcG0000506	-0.959212622514148	0.213590719224017
h1SMcG0000507	1.31138198625258	0.393605791414578
h1SMcG0000508	0.441845540326833	0.455182441510737
h1SMcG0000511	-0.285206037716213	0.876559497839004
h1SMcG0000512	-0.947132367858717	0.572024468235243
h1SMcG0000513	5.37210573932797	0.00000000000000000000000000000000000015670298136667
h1SMcG0000514	-1.99721007210372	0.194181974284562
h1SMcG0000515	0.874110045452038	0.0000572967694436298
h1SMcG0000517	-0.0776494960195471	0.965742423395644
h1SMcG0000519	0.549044415247925	0.583473530326183
h1SMcG0000520	-1.35246493297854	0.0000573247561848921
h1SMcG0000523	1.18693817495537	0.233387406601738
h1SMcG0000524	-2.0585070455278	0.0101580281973862
h1SMcG0000525	0.340588251353817	0.703113510802276
h1SMcG0000526	-2.24304584188262	0.033192798786686
h1SMcG0000528	-0.788453656425878	0.416213489141981
h1SMcG0000531	5.81143966670534	0.00000000000000000000000000000000000000000000000000000000000114544866987539
h1SMcG0000545	0.437637529623764	0.316483211854891
h1SMcG0000549	1.08447305752457	0.0109815592635538
h1SMcG0000553	2.6026010806399	0.00000000836247517492019
h1SMcG0000554	-0.0652140239507447	0.917411874314144
h1SMcG0000556	-0.0140158625283134	0.988014466200884
h1SMcG0000557	-0.103778717113753	0.882500928051623
h1SMcG0000558	1.35306648121091	0.00794920797792808
h1SMcG0000559	-0.02538326763889	0.969045060665861
h1SMcG0000560	0.147325916686201	0.802836694702238
h1SMcG0000561	-2.16617117652129	0.143274002537303
h1SMcG0000562	-0.943584661143813	0.0309759133489546
h1SMcG0000564	2.10761834341606	0.00000000317964797638888
h1SMcG0000565	1.21692609301275	0.00798703333521983
h1SMcG0000566	0.770291125696866	0.363761528469826
h1SMcG0000568	-0.767317970740914	0.051740420214725
h1SMcG0000570	-0.644570198472852	0.315386560103531
h1SMcG0000572	-1.28455245481342	0.0770231142622513
h1SMcG0000574	-2.13501225868661	0.0130050056904315
h1SMcG0000577	1.19096173434072	0.351445680448023
h1SMcG0000580	-1.18632484483495	0.0976579193517596
h1SMcG0000583	-0.920807543912557	0.242906774511265
h1SMcG0000584	0.0338249326248614	0.964905957942097
h1SMcG0000585	-0.806752480173797	0.448451908256835
h1SMcG0000586	0.763619513285226	0.0271085204688933
h1SMcG0000587	0.278447297247301	0.571705553431854
h1SMcG0000588	1.15298809915886	0.0000195792851326561
h1SMcG0000590	-0.0923305329941612	0.929287026616002
h1SMcG0000592	-0.908389444553292	0.423509259610763
h1SMcG0000599	1.56883733700601	0.0130665787515135
h1SMcG0000600	-0.0148080421054063	0.99396966598421
h1SMcG0000609	-0.799282991159097	0.344975912625344
h1SMcG0000612	-0.247054998557038	0.888896714861453
h1SMcG0000613	-0.570504314947907	0.373655283996956
h1SMcG0000615	-0.978008554034105	0.446652033333046
h1SMcG0000617	0.221521069150005	0.70357985159632
h1SMcG0000618	0.937980584016816	0.472489877111923
h1SMcG0000619	3.21890053524599	0.00000000000000555688469901238
h1SMcG0000620	-0.1866175425651	0.881832512565676
h1SMcG0000623	0.153715046803831	0.763344701430785
h1SMcG0000624	-0.0604733608501612	0.94504147137026
h1SMcG0000626	-0.127895265739109	0.874508750142804
h1SMcG0000627	-1.55847412383208	0.0263660621803972
h1SMcG0000628	-1.17333512036949	0.0849293707307583
h1SMcG0000629	0.443353498635185	0.304986236607887
h1SMcG0000630	-0.817087093155679	0.549882932733958
h1SMcG0000633	-2.68669646195909	0.014620209846035
h1SMcG0000637	-0.750532307695188	0.507853952892198
h1SMcG0000639	0.397622934165105	0.198195057117033
h1SMcG0000641	-0.374467550540757	0.51963284891407
h1SMcG0000643	-0.896699756879732	0.00026138543452083
h1SMcG0000645	-1.67062478558213	0.256197967650584
h1SMcG0000646	0.722350459470757	0.300747331832136
h1SMcG0000647	-1.43868030724161	0.0629878755490288
h1SMcG0000648	-1.0552632415663	0.465209924157669
h1SMcG0000652	0.377276450340223	0.704985586290304
h1SMcG0000653	0.207171420988391	0.83974170620973
h1SMcG0000654	0.547254965572648	0.342316043949603
h1SMcG0000657	-0.465154512066243	0.236659891244603
h1SMcG0000658	0.521368554502488	0.659236700272959
h1SMcG0000662	-0.892504418645123	0.0731770942874713
h1SMcG0000664	-0.39649790586189	0.613974288612209
h1SMcG0000665	-2.13089732589411	0.047647694322409
h1SMcG0000666	-0.292427057791197	0.635455330543745
h1SMcG0000669	0.428644528430988	0.263793234854841
h1SMcG0000673	-1.29642692041578	0.0502768126043932
h1SMcG0000674	-1.22643681262197	0.0883675621269924
h1SMcG0000675	-3.35741170094189	0.00909030258887164
h1SMcG0000677	-0.859068371699788	0.428910928793634
h1SMcG0000678	-1.23073437521122	0.426194642978491
h1SMcG0000680	-0.304155962100494	0.800597616296822
h1SMcG0000682	1.03722454409633	0.445737221149575
h1SMcG0000684	-0.2758940254028	0.597056952035159
h1SMcG0000689	0.2354149998839	0.747335575800561
h1SMcG0000690	-1.4397567584186	0.00307705917615515
h1SMcG0000692	-0.305582687168964	0.627025500539918
h1SMcG0000693	6.59051136734135	0.000000000000087644980896012
h1SMcG0000698	1.26678348322795	0.00552489099335567
h1SMcG0000699	-0.616512956008476	0.190713847765611
h1SMcG0000701	-0.768824294220133	0.441580827035687
h1SMcG0000702	0.9956188029781	0.342107713384508
h1SMcG0000703	-0.865703849109389	0.419851670575535
h1SMcG0000704	-0.348243749847778	0.663407578451357
h1SMcG0000706	0.558389235644141	0.228859571781564
h1SMcG0000707	-0.158262357215651	0.780606182579451
h1SMcG0000708	-0.0629104666988048	0.966972796671692
h1SMcG0000709	-0.0678233723556929	0.934205858758939
h1SMcG0000710	-0.49183955880008	0.714631634720336
h1SMcG0000711	-5.1259086410479	0.0000036827198905478
h1SMcG0000716	2.52880814914996	0.0000284522004498474
h1SMcG0000718	-3.7490674567869	0.00305132525371972
h1SMcG0000719	-0.15787955808927	0.659612267206282
h1SMcG0000720	0.116582256735911	0.912915404004361
h1SMcG0000723	0.129013023298181	0.936998304584687
h1SMcG0000726	-0.604672734146821	0.680719347712637
h1SMcG0000727	1.1362645093151	0.486749944679393
h1SMcG0000729	-1.03674069041768	0.196393666257444
h1SMcG0000730	-0.356482216593175	0.42823311566298
h1SMcG0000735	-1.30199271232098	0.00836247841999999
h1SMcG0000736	-0.391710217172537	0.591756091656578
h1SMcG0000741	-1.11496672630512	0.137449071891963
h1SMcG0000742	-0.142724546858968	0.8374333863508
h1SMcG0000743	-1.10345389183194	0.26229459356078
h1SMcG0000744	1.06389013632818	0.180978657572508
h1SMcG0000745	2.84210747780804	0.00000809055226192527
h1SMcG0000746	-2.65276215255947	0.0218103364928003
h1SMcG0000747	1.22305222266041	0.255565518846221
h1SMcG0000748	-1.45632239782475	0.0260131484752016
h1SMcG0000749	-0.217167017899568	0.697316157373087
h1SMcG0000750	-0.223867047832318	0.698946845120409
h1SMcG0000757	-1.21161685631339	0.0486365534110689
h1SMcG0000759	-0.357057640962569	0.571753788282763
h1SMcG0000761	-3.69921028811904	0.00379913536327393
h1SMcG0000763	-3.60018884983065	0.00162925229215087
h1SMcG0000764	-1.57018859731165	0.0342290620036201
h1SMcG0000766	-0.304341923983622	0.516473314750427
h1SMcG0000768	0.644759726349978	0.174630992683648
h1SMcG0000772	1.90134781239253	0.0000000000718172877102248
h1SMcG0000773	0.50991739085529	0.701032869901241
h1SMcG0000780	0.0937036313144697	0.93383018746745
h1SMcG0000781	0.835980319794155	0.341273460177589
h1SMcG0000782	-0.532969869246554	0.476960697891731
h1SMcG0000783	-0.522475523465937	0.447545159843711
h1SMcG0000785	-0.410978557337726	0.432813758027923
h1SMcG0000788	0.808732455521302	0.597845896662118
h1SMcG0000789	-1.71350345932728	0.0453533640326366
h1SMcG0000790	-0.517961123135637	0.0887044914047138
h1SMcG0000792	-1.86094181971297	0.00000629547725195197
h1SMcG0000796	-0.950537066474447	0.2247382330661
h1SMcG0000797	4.13635123749957	0.000000127296369466099
h1SMcG0000799	0.93846814599784	0.101073405656193
h1SMcG0000800	-0.049889144678687	0.981680426496353
h1SMcG0000801	0.260036468795934	0.812726457337327
h1SMcG0000802	1.70907944993057	0.0000178762992384086
h1SMcG0000803	0.55093109864412	0.098449274774939
h1SMcG0000804	-0.0361531790810497	0.961858293018245
h1SMcG0000807	-0.35483838367217	0.779104439797786
h1SMcG0000808	-0.174787318844524	0.863599705643343
h1SMcG0000809	0.421106041374476	0.688905680892071
h1SMcG0000811	0.252370387407481	0.885880348142889
h1SMcG0000812	-2.2856096415551	0.00014199755723886
h1SMcG0000813	2.14488543257903	0.0000994473505120676
h1SMcG0000814	0.138543773054188	0.885368094943855
h1SMcG0000815	0.393446513913927	0.65408558459887
h1SMcG0000817	-2.90976780204282	0.0446189453559782
h1SMcG0000818	-0.777234927684909	0.668340664012479
h1SMcG0000819	-0.585418242863212	0.453060587654787
h1SMcG0000820	1.61560090189559	0.0720980946677356
h1SMcG0000821	1.16320665479946	0.419411607362565
h1SMcG0000822	2.45452952950036	0.0110807049793818
h1SMcG0000823	-2.10174859725827	0.12338595145833
h1SMcG0000824	0.915841766136533	0.0359781181655629
h1SMcG0000825	0.602297399639584	0.197284629598609
h1SMcG0000827	1.13808471691312	0.0278665300322557
h1SMcG0000830	-0.863751161890569	0.512372559950692
h1SMcG0000837	-1.3474549883214	0.0395942117841265
h1SMcG0000838	-1.06999787444409	0.329379043270922
h1SMcG0000841	0.261765946036147	0.820656362876417
h1SMcG0000842	-3.43819555857593	0.00966016778389151
h1SMcG0000845	-0.487328486975056	0.177778836729693
h1SMcG0000846	0.373448787970487	0.603141243263815
h1SMcG0000852	-2.21024973853547	0.00263990694284941
h1SMcG0000855	-0.585396350840938	0.646395392257303
h1SMcG0000856	-0.0620441204984868	0.921923830584199
h1SMcG0000858	-0.43831094215772	0.381671434579025
h1SMcG0000859	-0.315752267233046	0.508270240250161
h1SMcG0000860	0.180205088630513	0.875061571130219
h1SMcG0000864	-1.16396398191322	0.101023125794605
h1SMcG0000866	1.31814667191419	0.00695360223179309
h1SMcG0000872	0.250042827077449	0.768485957788225
h1SMcG0000877	-0.545182778059583	0.202211194435183
h1SMcG0000878	-1.05851625982374	0.523555071540042
h1SMcG0000880	-0.91002739136908	0.0526445292342532
h1SMcG0000882	0.492764107795425	0.553558281769986
h1SMcG0000884	1.15923043165283	0.320041608987258
h1SMcG0000886	-0.297656923241589	0.611375146878102
h1SMcG0000887	0.423663610768342	0.287323188655326
h1SMcG0000888	-1.15928576709302	0.456932273036534
h1SMcG0000890	-0.230930714142901	0.763344701430785
h1SMcG0000896	-0.392890948832367	0.371041780514832
h1SMcG0000897	0.623653027992375	0.283202129836615
h1SMcG0000898	-0.735798260693172	0.490529275827724
h1SMcG0000900	-1.73407055784865	0.131284334087266
h1SMcG0000901	-1.23908274085612	0.271180712422523
h1SMcG0000902	-0.698116084248434	0.0475392993899664
h1SMcG0000904	0.831226805109542	0.223150353703073
h1SMcG0000906	1.07707641517889	0.0232536892963467
h1SMcG0000908	-0.66792534673178	0.289692437298789
h1SMcG0000909	0.0170977054951576	0.975037187311591
h1SMcG0000910	0.356368590434742	0.454708667553037
h1SMcG0000913	-1.71321806420509	0.143292431448682
h1SMcG0000915	-1.011043677653	0.282431278423923
h1SMcG0000916	-0.0676352519689429	0.953271817368573
h1SMcG0000917	-0.00731316125040297	0.996067651083725
h1SMcG0000918	-0.15371924854749	0.823641346086747
h1SMcG0000919	-2.17103966962138	0.115633240280048
h1SMcG0000920	-0.654251780697474	0.620585981067799
h1SMcG0000921	1.07155044371827	0.365757621326624
h1SMcG0000922	1.26929449823339	0.124644319201972
h1SMcG0000924	-0.812763188482331	0.142349365965278
h1SMcG0000925	-0.479110638195166	0.655744536757926
h1SMcG0000928	-0.0698438147532197	0.95644167647091
h1SMcG0000929	-1.3214769117875	0.00799917667626135
h1SMcG0000932	0.453017452727761	0.653649728568434
h1SMcG0000933	-0.952025073907785	0.0275137773331836
h1SMcG0000934	-2.16081799351642	0.114814375647397
h1SMcG0000935	-1.79559829926488	0.00208909747973051
h1SMcG0000936	0.200869583680543	0.809743453803445
h1SMcG0000938	0.0629245758112247	0.934205858758939
h1SMcG0000942	1.37590358383595	0.329420377688097
h1SMcG0000944	0.614889301859662	0.288702578197729
h1SMcG0000946	-0.43355429956921	0.794412660688733
h1SMcG0000948	-0.825182456076652	0.492673147964733
h1SMcG0000951	-1.22048573160782	0.0172963086638651
h1SMcG0000952	2.30103730454249	0.0069853866812726
h1SMcG0000954	-0.260161914315027	0.709145981381903
h1SMcG0000955	-0.0273996396992617	0.987431088783375
h1SMcG0000958	-1.88994755842308	0.0390501403463116
h1SMcG0000960	0.156650419916029	0.824473726487582
h1SMcG0000961	-1.86139478238814	0.138357668249159
h1SMcG0000962	4.14547032610128	0.0000000000000000000000000245701323144268
h1SMcG0000963	0.781948031275662	0.49900589778074
h1SMcG0000964	-2.71155054721421	0.0326341747180777
h1SMcG0000966	-0.907347872579767	0.617608657698791
h1SMcG0000967	-0.751567069360576	0.136648359556401
h1SMcG0000971	0.356447356761409	0.588024976929169
h1SMcG0000972	2.1571790432613	0.0186475337604309
h1SMcG0000975	-0.0655595353322947	0.86755370575838
h1SMcG0000976	-1.09702830330563	0.450748208080595
h1SMcG0000977	-1.11654934396833	0.33014772859837
h1SMcG0000978	-2.20377490120369	0.00019209554856376
h1SMcG0000979	0.744870173287059	0.101169590896927
h1SMcG0000980	-1.3655769286908	0.164787860944756
h1SMcG0000981	-2.20653313460161	0.0400515078919368
h1SMcG0000988	0.321688481668441	0.477587940705901
h1SMcG0000989	2.79768257977697	0.000000000000000000000108212641197439
h1SMcG0000990	1.95214011124914	0.0173369584663238
h1SMcG0000991	0.931168107017371	0.00596384731397714
h1SMcG0000992	-0.954763389589289	0.141259863304493
h1SMcG0000994	-0.493680133830282	0.232257790810392
h1SMcG0000995	-1.07525110947698	0.047292125006095
h1SMcG0000997	-1.59499556373435	0.165844517277571
h1SMcG0000998	0.894393573551617	0.00463976120644705
h1SMcG0000999	0.0847235721364692	0.931996699285053
h1SMcG0001005	-0.127773839128814	0.839939897555161
h1SMcG0001007	0.27377360556232	0.814736977285444
h1SMcG0001008	-0.858649353301348	0.277849895899309
h1SMcG0001010	1.72232790581723	0.0000000172378127177492
h1SMcG0001011	1.53835916988725	0.000000106464226942341
h1SMcG0001013	1.55085741284657	0.0652817287454475
h1SMcG0001014	0.10316449004884	0.886801592127729
h1SMcG0001015	-0.935224669570233	0.0349672749424806
h1SMcG0001017	0.19393272086326	0.715834567044214
h1SMcG0001018	-1.33371422540115	0.00113846528665362
h1SMcG0001019	2.49597242930801	0.000000850577128010791
h1SMcG0001022	5.90034996341425	0.00000000000000000000000000000000000000000267621743446179
h1SMcG0001025	-0.706487953725853	0.569629313142921
h1SMcG0001026	-0.762109352394112	0.58358610940761
h1SMcG0001028	-1.64040163311554	0.263867214855551
h1SMcG0001030	0.845718596129301	0.014453906730885
h1SMcG0001032	-1.06370491334006	0.347140345717577
h1SMcG0001033	0.702309099919955	0.686142451791875
h1SMcG0001034	-1.30300900661363	0.324343729292562
h1SMcG0001035	-0.21494704845137	0.899929980398069
h1SMcG0001036	-1.01384373751569	0.496003524279487
h1SMcG0001041	0.250837252969955	0.745307089585752
h1SMcG0001042	0.233192044509569	0.635803568621225
h1SMcG0001043	0.962112307086977	0.413336736783121
h1SMcG0001050	-1.5899659020267	0.156063578555074
h1SMcG0001054	0.639727117764962	0.619435705940515
h1SMcG0001055	-0.327965312461103	0.757935379519565
h1SMcG0001057	-2.16758944324859	0.0548598342249809
h1SMcG0001058	-0.174364327458206	0.822462375513828
h1SMcG0001060	1.35250825611288	0.0531240619071824
h1SMcG0001062	-0.855207644824182	0.114949687187508
h1SMcG0001063	-1.08779339262165	0.0178958399247793
h1SMcG0001065	0.213299318179742	0.762646850157767
h1SMcG0001066	-0.722295061357719	0.482258730380298
h1SMcG0001067	0.535701266746654	0.441960125045962
h1SMcG0001068	0.467949732231594	0.347884725652944
h1SMcG0001069	-1.93282267438294	0.185583410150819
h1SMcG0001074	-2.42185058104503	0.0356569594473288
h1SMcG0001077	0.321143224811494	0.720361434720219
h1SMcG0001078	1.78375826797166	0.00000000374154456316004
h1SMcG0001081	-0.738916574664421	0.282927706731177
h1SMcG0001082	0.850566987545774	0.0597464057281212
h1SMcG0001083	-1.43193067134448	0.0673034479791477
h1SMcG0001086	-0.643566081557068	0.320062019754965
h1SMcG0001090	0.634988572220827	0.593365834268383
h1SMcG0001092	-0.552875553182631	0.312158953148342
h1SMcG0001097	-0.927505142742108	0.576178141883362
h1SMcG0001098	0.121694571568324	0.764413572998238
h1SMcG0001100	0.173768895657774	0.858695234340627
h1SMcG0001101	-1.0037436953346	0.0311509433969827
h1SMcG0001102	0.324070952409572	0.727654326208834
h1SMcG0001103	-0.667543651524224	0.174630992683648
h1SMcG0001104	0.163308374458453	0.741110174235847
h1SMcG0001109	0.927094617619383	0.368374259762398
h1SMcG0001110	-3.24921576055557	0.0000000000172096399590027
h1SMcG0001115	-1.17148005594818	0.16657579925095
h1SMcG0001116	0.0722940036903408	0.934131825228909
h1SMcG0001117	1.75137265849959	0.0426514045568402
h1SMcG0001119	0.282637401394855	0.863138899601804
h1SMcG0001120	0.643401282460073	0.570167847636491
h1SMcG0001122	0.823158093608341	0.441654359313805
h1SMcG0001124	0.480463050254681	0.741749951732137
h1SMcG0001126	-0.195613979179225	0.85833810831233
h1SMcG0001127	-1.35079018880957	0.273622854258036
h1SMcG0001128	-1.15515455485312	0.0967129435351373
h1SMcG0001129	-1.58719991783326	0.114293675179325
h1SMcG0001132	0.694815706021241	0.551471618147561
h1SMcG0001133	3.2318003393598	0.000000000000000000000199502094025605
h1SMcG0001134	1.23158322252208	0.0248754209539743
h1SMcG0001138	0.811477512880133	0.270070727818646
h1SMcG0001139	-0.408845135209334	0.783740756983621
h1SMcG0001140	-0.91974848735412	0.0123371943798109
h1SMcG0001142	3.91240661673184	0.000000000000000386020334308364
h1SMcG0001144	-0.0384140272802166	0.951594777492173
h1SMcG0001149	-0.674676213476137	0.704139655439529
h1SMcG0001152	-0.00979933939027027	0.990105825524064
h1SMcG0001153	1.76302277253771	0.0119524345084033
h1SMcG0001154	0.035517040662973	0.952504229884096
h1SMcG0001155	-0.748009051030136	0.593040235783384
h1SMcG0001156	-1.84527021433741	0.0798819396515249
h1SMcG0001161	-1.97025429343824	0.0293878753266623
h1SMcG0001162	-0.938660311272441	0.566810528478616
h1SMcG0001163	-1.18604675552693	0.417351559123401
h1SMcG0001165	-1.8035634606745	0.150750218503917
h1SMcG0001166	-1.30391034347161	0.387638788642864
h1SMcG0001170	-0.472935641496783	0.434084457520198
h1SMcG0001172	-0.537565720730766	0.439836146898592
h1SMcG0001175	0.786831789843719	0.0650941300443409
h1SMcG0001177	0.855801574607994	0.18469548910808
h1SMcG0001180	-2.06822377091934	0.0000176163627905187
h1SMcG0001183	-1.24907857299226	0.00014199755723886
h1SMcG0001184	0.520311430714282	0.110727649694949
h1SMcG0001188	0.170587569941782	0.693637284110605
h1SMcG0001189	-0.793937002110038	0.00356157997986575
h1SMcG0001191	-1.79828388785161	0.0741379553852876
h1SMcG0001193	0.773146703829556	0.371533918054986
h1SMcG0001194	0.0494066698650031	0.948231114796314
h1SMcG0001196	0.073320903469399	0.956097281245736
h1SMcG0001198	-0.207649334542742	0.707816542730006
h1SMcG0001204	1.68904297303316	0.000110688986962088
h1SMcG0001205	2.18108720159555	0.0000137922551129384
h1SMcG0001206	0.692381673967655	0.47254190751706
h1SMcG0001207	0.494675230574695	0.167973162615799
h1SMcG0001208	-0.0739822282220632	0.967198297962569
h1SMcG0001209	0.963239681382085	0.317305151790071
h1SMcG0001210	0.654526361210584	0.108587836663191
h1SMcG0001212	0.708276739238993	0.0586762580201926
h1SMcG0001214	-0.612638560017486	0.713002005734351
h1SMcG0001215	-0.715793468973902	0.0513704716934951
h1SMcG0001216	-1.16524460087107	0.0901696236733128
h1SMcG0001220	-2.8164233547283	0.0557024703608617
h1SMcG0001221	0.776438985711917	0.566810528478616
h1SMcG0001222	1.35092068471982	0.00000115688423509327
h1SMcG0001223	0.995645407955528	0.00262084223365353
h1SMcG0001226	1.08128008344818	0.209468874157327
h1SMcG0001227	0.231356386525602	0.801303368943441
h1SMcG0001228	-1.29262004207334	0.0898242421956405
h1SMcG0001229	-1.32646541075569	0.191007691307618
h1SMcG0001230	-1.53261340472455	0.221236680045933
h1SMcG0001231	-0.71498086629792	0.340870599562012
h1SMcG0001233	0.103284581819715	0.952504229884096
h1SMcG0001234	-1.14631966970674	0.327021241945406
h1SMcG0001235	0.310490691088758	0.850401716338908
h1SMcG0001236	-3.09625049789237	0.00805460254619406
h1SMcG0001237	-2.64096611835849	0.0832682470484182
h1SMcG0001238	1.43453027403058	0.00974350777324773
h1SMcG0001241	-0.82451912105594	0.393887338405946
h1SMcG0001243	0.0211239411364166	0.977440653573256
h1SMcG0001246	-3.87542901822488	0.011013447176986
h1SMcG0001247	-2.95782519089376	0.0257004204168328
h1SMcG0001248	-0.233633813259141	0.869935768983989
h1SMcG0001250	-0.250150391619689	0.891995744299504
h1SMcG0001251	0.535413494155317	0.45387641419093
h1SMcG0001252	4.93448642184776	0.0000000000000000000000000000000000000000046911415375045
h1SMcG0001253	-0.525137189036786	0.696923516164648
h1SMcG0001254	-1.29538527736851	0.050043877394684
h1SMcG0001255	-1.24751699214126	0.0039769654912921
h1SMcG0001258	-1.30038253525359	0.298253464460228
h1SMcG0001259	-0.263938435739013	0.480778591320861
h1SMcG0001261	0.0859364487731748	0.921759137769643
h1SMcG0001263	-4.68201688695155	0.0000432964310405436
h1SMcG0001264	0.693381376919305	0.112355859303131
h1SMcG0001265	1.07167707170361	0.176692286377265
h1SMcG0001266	-2.37918663407199	0.0938320963255419
h1SMcG0001267	-3.22380100077822	0.0121302432261589
h1SMcG0001270	0.462115624962697	0.413577804537569
h1SMcG0001274	0.108154551445117	0.901003346962128
h1SMcG0001275	0.890057135621948	0.00700854415695164
h1SMcG0001277	-0.813803279797361	0.454708667553037
h1SMcG0001278	-1.15334429248162	0.102505494286455
h1SMcG0001279	-0.0203815952112443	0.981922046312656
h1SMcG0001280	0.168716795616985	0.871000472848712
h1SMcG0001281	-1.67090814279908	0.0244775316065381
h1SMcG0001283	-0.108799090896206	0.932070004420126
h1SMcG0001284	-0.877341457954533	0.558774585030329
h1SMcG0001288	-0.330724844935225	0.470220865431239
h1SMcG0001290	1.60818442445548	0.0000000186439238481886
h1SMcG0001293	-1.65992321688755	0.303626805850457
h1SMcG0001297	-0.56088821700977	0.726881970122667
h1SMcG0001298	-0.129521415172074	0.948363830300134
h1SMcG0001300	-0.592550023314544	0.355482991174648
h1SMcG0001301	-0.387541542130169	0.599234840512371
h1SMcG0001303	-1.66887847779946	0.294032186398289
h1SMcG0001304	-1.55515246411723	0.00826480131883837
h1SMcG0001306	1.53193668081223	0.102902235625753
h1SMcG0001307	-0.481034327800992	0.615074234106541
h1SMcG0001308	-0.408812256173838	0.761593682597298
h1SMcG0001309	-1.67435652465393	0.09228594116894
h1SMcG0001314	-2.35956419282859	0.0000827135528105238
h1SMcG0001315	-1.26581673708345	0.421309712080296
h1SMcG0001318	0.490938364318247	0.562966761863368
h1SMcG0001319	0.764882295132365	0.0993405959879198
h1SMcG0001320	-1.97739358259977	0.00441724479964442
h1SMcG0001321	-3.11271879785895	0.0253868902950616
h1SMcG0001323	-0.485380072393417	0.506696332989554
h1SMcG0001324	-0.827096439709749	0.574297056541835
h1SMcG0001325	0.574020614447065	0.655773272591317
h1SMcG0001332	-0.114669766781695	0.905586287904704
h1SMcG0001333	-1.98463828937961	0.0740098182473694
h1SMcG0001337	-3.01032704842479	0.0153233130037917
h1SMcG0001339	4.04874200640818	0.0000000000000096918260699774
h1SMcG0001343	-1.30637146134856	0.0686501880692702
h1SMcG0001344	-1.80619538634273	0.00499616085566747
h1SMcG0001346	0.834005105092242	0.410310211576106
h1SMcG0001348	-0.0405429813853747	0.956940179427552
h1SMcG0001353	-0.0400051529099619	0.983121977531819
h1SMcG0001354	-0.532802287908179	0.398202802346682
h1SMcG0001356	-1.27199125906357	0.00123168741303213
h1SMcG0001358	-0.073601102199854	0.871529045261286
h1SMcG0001361	-0.172324303828124	0.880055721165085
h1SMcG0001369	-2.54082333578639	0.0587718348866699
h1SMcG0001370	-1.26889883860391	0.362989263164642
h1SMcG0001372	-0.262966211027956	0.773291748401605
h1SMcG0001376	-0.444626814314435	0.801229043707045
h1SMcG0001383	-3.99500535059765	0.000717242315484711
h1SMcG0001384	-0.794919575160744	0.284270266225947
h1SMcG0001385	3.80938499197063	0.0000000000000000000000000000000000066081100094822
h1SMcG0001388	2.96163716673235	0.00000000000809002708302199
h1SMcG0001391	-0.400198425875477	0.803796815440301
h1SMcG0001392	-0.17128683487422	0.814948154485797
h1SMcG0001395	0.91858504444485	0.352421323655264
h1SMcG0001396	-1.70452264913617	0.0232377952872864
h1SMcG0001397	0.0425281467067541	0.949513679263726
h1SMcG0001399	0.2032449115742	0.768485957788225
h1SMcG0001400	-1.02247558150502	0.517327490607069
h1SMcG0001401	-0.26013845226491	0.861654269614161
h1SMcG0001402	0.514375306711978	0.391358719479373
h1SMcG0001403	0.290402372793879	0.72074610180462
h1SMcG0001404	-1.96576311088349	0.0460659241573493
h1SMcG0001405	-1.03037636407772	0.00536115003245767
h1SMcG0001406	0.82223714399555	0.567842393929035
h1SMcG0001408	-1.00813837344786	0.136648359556401
h1SMcG0001409	0.653151885310489	0.571763383216493
h1SMcG0001410	-0.452892473301609	0.447277298192495
h1SMcG0001412	-1.27518413881179	0.00536115003245767
h1SMcG0001413	0.503334407779738	0.68420241646548
h1SMcG0001416	0.0432361196793915	0.968949037630874
h1SMcG0001417	-0.526938228376928	0.462209922596216
h1SMcG0001424	-0.594846461852222	0.725907310007532
h1SMcG0001426	4.89497608734117	0.000000606717745493069
h1SMcG0001427	-2.18978567747872	0.0134507289461674
h1SMcG0001428	0.708636414934558	0.253190959397401
h1SMcG0001429	0.594484482329626	0.138888776129492
h1SMcG0001430	4.20697566831092	0.0000000000000000000000000000000520401500821278
h1SMcG0001433	0.903793176215197	0.333720507497474
h1SMcG0001439	-1.78240170629825	0.154592397388174
h1SMcG0001440	-1.55480301758704	0.0667270625143311
h1SMcG0001441	-0.186211408180462	0.813143733435709
h1SMcG0001443	-1.49170537065414	0.000203152700183316
h1SMcG0001447	0.838913821078441	0.0349649082029517
h1SMcG0001448	-1.62908199719296	0.153459964880838
h1SMcG0001449	0.409555459747689	0.741749951732137
h1SMcG0001450	0.68949919006908	0.0453120930494218
h1SMcG0001452	0.662614560786767	0.143996624655862
h1SMcG0001457	2.44112585909444	0.00000000000000117697161917351
h1SMcG0001464	-0.97429029087091	0.228367534761346
h1SMcG0001466	0.392341996748775	0.426668500548769
h1SMcG0001467	0.472226289362879	0.77751896488623
h1SMcG0001475	-0.0093413678966479	0.996001047644939
h1SMcG0001478	0.589716429567765	0.2009795043513
h1SMcG0001479	-2.73937315067762	0.0129242665445871
h1SMcG0001481	0.744913247332954	0.440522417184413
h1SMcG0001485	-0.126185788192308	0.90682273928889
h1SMcG0001486	-0.0402433143820625	0.909401486328143
h1SMcG0001487	-1.92774555511664	0.000189517719204698
h1SMcG0001488	-0.408467135816434	0.238749007284258
h1SMcG0001489	-1.92997825609473	0.0000252468313077589
h1SMcG0001492	-0.610581249500553	0.068664866380143
h1SMcG0001497	2.19925739795224	0.000000000224630576656313
h1SMcG0001498	0.0930241963814379	0.895636518696944
h1SMcG0001500	-0.332397404470377	0.528806073200373
h1SMcG0001501	-0.785822546709521	0.0325864315481245
h1SMcG0001506	-2.05591413803204	0.0338308883706582
h1SMcG0001507	-2.00565367379597	0.128216941314365
h1SMcG0001508	-0.459823791686531	0.63144978898193
h1SMcG0001509	-1.12820666967196	0.432581489025585
h1SMcG0001510	-1.12479053391813	0.00912683065263915
h1SMcG0001511	-0.499901607709807	0.438840351126806
h1SMcG0001512	0.0428993365925724	0.963941171650501
h1SMcG0001522	-0.132361655328255	0.893266659747827
h1SMcG0001523	-0.801749341727545	0.0364442637179388
h1SMcG0001524	-1.11569377035612	0.155561602428812
h1SMcG0001529	0.374019880544177	0.476974632878863
h1SMcG0001530	-1.30836227846938	0.226161864230466
h1SMcG0001531	1.58084413154902	0.00000311526615636557
h1SMcG0001533	-1.90009236796541	0.06483334337221
h1SMcG0001534	-1.22369617191963	0.42214386351061
h1SMcG0001537	-0.826808031211724	0.531461080709968
h1SMcG0001538	-0.0541671611991222	0.971019478514884
h1SMcG0001543	0.475264994515582	0.446562825389348
h1SMcG0001544	-1.98241608685096	0.156063578555074
h1SMcG0001547	-0.496008837940355	0.269841423746366
h1SMcG0001548	-0.695082200451912	0.432276132004622
h1SMcG0001551	-1.05900603952606	0.00346109737686905
h1SMcG0001553	1.42422682234054	0.000112797271948941
h1SMcG0001556	-0.626348190018057	0.0994895501782824
h1SMcG0001557	0.996359699263594	0.506947786416982
h1SMcG0001560	-0.912384192073597	0.321427408907671
h1SMcG0001563	2.6447145634818	0.0450288448705726
h1SMcG0001569	-0.998483730298013	0.440286049916438
h1SMcG0001572	-0.0444879276752192	0.978027996275277
h1SMcG0001574	-1.71450765074175	0.00080580417087321
h1SMcG0001577	-3.80372058868244	0.00250377494838808
h1SMcG0001580	-2.1627301466938	0.147530401582412
h1SMcG0001581	-1.89871154046602	0.038046381279195
h1SMcG0001582	-0.0172766506344687	0.982369829674919
h1SMcG0001584	-0.543959053733729	0.654766588198207
h1SMcG0001585	-0.486572208482576	0.311916981894516
h1SMcG0001589	-4.55741507532449	0.00000212085961512475
h1SMcG0001590	-1.186939802257	0.0393593695962429
h1SMcG0001592	-2.17491862212053	0.14306190499802
h1SMcG0001599	-0.622784087306663	0.0679310001221622
h1SMcG0001601	0.328991474968962	0.424634234470949
h1SMcG0001604	0.306019510604639	0.652667504361606
h1SMcG0001606	1.9020268754377	0.0000299756444621911
h1SMcG0001607	2.74327638717936	0.00000000112795656043892
h1SMcG0001608	0.778597571100842	0.37211537964938
h1SMcG0001612	0.603417808038931	0.610841848431264
h1SMcG0001619	-1.93721453035138	0.00138852811996827
h1SMcG0001621	-0.562506442349972	0.744445574396675
h1SMcG0001623	0.437060038865418	0.748235345199987
h1SMcG0001630	-0.388996837422957	0.765696246422407
h1SMcG0001631	0.732196653964697	0.211999530897899
h1SMcG0001632	-0.440957324608188	0.373075699764311
h1SMcG0001633	-0.587268837366979	0.255565518846221
h1SMcG0001635	-1.5388038848132	0.00937805457639085
h1SMcG0001637	1.88600003477582	0.0346885242434947
h1SMcG0001638	-1.01409192048544	0.100283046797722
h1SMcG0001639	0.0409277195623919	0.965501387780794
h1SMcG0001641	-2.2215163108629	0.128261538313705
h1SMcG0001642	1.14841979039398	0.371601614882064
h1SMcG0001643	-1.48293363937323	0.00137856158890455
h1SMcG0001649	-3.6404291422369	0.0000136266130219437
h1SMcG0001653	1.70415454485276	0.0000254995251855333
h1SMcG0001654	-0.953505430531409	0.0160854883852838
h1SMcG0001658	0.981899925671977	0.251688591682459
h1SMcG0001659	-1.51973729415243	0.303413271664043
h1SMcG0001660	-0.0559469473489719	0.940727354231748
h1SMcG0001661	-0.717137706444253	0.0903836322594977
h1SMcG0001662	-1.18558782968347	0.00550308868413813
h1SMcG0001663	-0.945105313402019	0.134626726976168
h1SMcG0001665	-1.85403636283013	0.213922659933379
h1SMcG0001668	-1.23969840460715	0.0190301644617648
h1SMcG0001669	-0.0186182357392692	0.966993195852175
h1SMcG0001670	-0.6268650653692	0.293778418258298
h1SMcG0001671	-2.11720992759025	0.0767580114456266
h1SMcG0001672	-1.33305473783322	0.0198736190768632
h1SMcG0001673	-0.872391373844878	0.411822597530219
h1SMcG0001675	-2.83926575851179	0.0153053956679291
h1SMcG0001676	-1.50175204249438	0.193560478651947
h1SMcG0001677	-2.14675951436516	0.0993405959879198
h1SMcG0001678	-3.8527030861097	0.00126966667568395
h1SMcG0001679	-2.09894156050684	0.150037455459233
h1SMcG0001680	-2.97557334330427	0.0170286374093057
h1SMcG0001681	0.00109099568542049	0.999048872310267
h1SMcG0001682	0.512708514872249	0.0726709094047609
h1SMcG0001683	-0.346513238152418	0.568796845776608
h1SMcG0001684	0.149948067312075	0.732866407414212
h1SMcG0001685	-0.0946898076593561	0.952043812939698
h1SMcG0001694	-0.605184614623921	0.750443803900699
h1SMcG0001699	-3.63251631423073	0.00340092055063172
h1SMcG0001701	0.282399949868517	0.868457866263315
h1SMcG0001702	1.50408061297523	0.000884600608261352
h1SMcG0001703	0.106588198290486	0.915598944321564
h1SMcG0001706	-1.03699999038998	0.0584639503240977
h1SMcG0001710	-0.577709481918586	0.0514144334604881
h1SMcG0001712	-1.40766072436045	0.18512657379594
h1SMcG0001713	-0.0392127672014519	0.98179957755461
h1SMcG0001714	-1.33304645799214	0.215017061210262
h1SMcG0001715	0.268629824612096	0.551508217818173
h1SMcG0001717	-0.796578630692723	0.558369883126706
h1SMcG0001718	0.441175463449637	0.561838981518753
h1SMcG0001719	-2.15026224764052	0.000406750580928973
h1SMcG0001720	-0.0720399785914392	0.928886045463434
h1SMcG0001723	-0.356651429439459	0.818207357640087
h1SMcG0001726	-1.5646285905474	0.224352716838528
h1SMcG0001728	3.85434152435789	0.00000000000000000209981466733461
h1SMcG0001729	-1.68991910517176	0.00655410468697633
h1SMcG0001730	-4.089709207884	0.000158772211835811
h1SMcG0001734	-1.2994176383852	0.295291139221004
h1SMcG0001738	-1.43321527498045	0.0254215941956621
h1SMcG0001740	-0.900806961493281	0.0513617357417023
h1SMcG0001748	-0.733316389629439	0.0941996852011261
h1SMcG0001750	1.2378200217156	0.0000637565788090104
h1SMcG0001751	-2.91716315957723	0.00000260038327632991
h1SMcG0001755	-0.801546769749134	0.196550241787395
h1SMcG0001757	0.375093019480475	0.81293358778988
h1SMcG0001759	0.252548686388576	0.812702111520554
h1SMcG0001761	-0.523329416737721	0.540337774509028
h1SMcG0001765	-0.915962693180992	0.3256934185543
h1SMcG0001766	-2.61837696597289	0.0859011607022789
h1SMcG0001771	-1.43315871253995	0.349457899829731
h1SMcG0001772	-0.465494196473802	0.361048643321419
h1SMcG0001773	-2.05196721939523	0.0373908180831998
h1SMcG0001775	1.70387678153432	0.0000000000284719690192287
h1SMcG0001778	0.344782662825876	0.448823456732687
h1SMcG0001782	-0.551229986816304	0.544515627027448
h1SMcG0001783	-0.447203482521656	0.461893256231313
h1SMcG0001784	-1.43578079810364	0.277757804731305
h1SMcG0001785	-1.29513647739359	0.229104214634317
h1SMcG0001787	0.562038684863376	0.72529728190451
h1SMcG0001788	0.576006295742652	0.0642375059350219
h1SMcG0001790	-1.40277441344682	0.332069558942713
h1SMcG0001791	-0.959130944544911	0.562081834801631
h1SMcG0001795	-1.15939291147547	0.481491347878274
h1SMcG0001796	-1.55362079865001	0.00290667143246816
h1SMcG0001797	-0.392454860688576	0.359469435638251
h1SMcG0001798	-1.29112423225134	0.205239871774032
h1SMcG0001799	-1.8155526696522	0.000221064204575167
h1SMcG0001801	-0.0804307823160726	0.940328928486047
h1SMcG0001802	-3.11891060749673	0.0107339792221836
h1SMcG0001803	-0.309758511578994	0.651505683874214
h1SMcG0001804	-3.49149002840755	0.000000680302728979009
h1SMcG0001805	-1.8480014107193	0.0794485681151215
h1SMcG0001806	0.873338657944788	0.329192359158845
h1SMcG0001807	-0.841116181515515	0.0140328147571219
h1SMcG0001808	-0.351553952204752	0.338150462488908
h1SMcG0001811	2.62235643869457	0.000000000152686775751715
h1SMcG0001812	-0.359925344991125	0.544111352187376
h1SMcG0001813	-1.36292919089883	0.0000617246186950037
h1SMcG0001816	-0.715811242670093	0.0513704716934951
h1SMcG0001820	-1.77972368940814	0.265285897694027
h1SMcG0001822	-1.26851857985947	0.192958994649744
h1SMcG0001823	-1.83145166297225	0.00673736769961572
h1SMcG0001825	-1.41322309408435	0.354038124294318
h1SMcG0001827	1.82832876819642	0.0062352346563977
h1SMcG0001829	-1.56195235893993	0.00414374303026097
h1SMcG0001832	-0.898752521106517	0.177096528936054
h1SMcG0001835	0.571075410060001	0.284765608342911
h1SMcG0001836	-1.71132044864774	0.00107526630433284
h1SMcG0001837	1.54405176418089	0.108488488311197
h1SMcG0001838	-0.0580892130524793	0.872272759231056
h1SMcG0001840	-0.118242210672527	0.827302409571378
h1SMcG0001843	-0.0315445017829711	0.954713167423337
h1SMcG0001844	1.85735312802861	0.000190672509862089
h1SMcG0001845	1.20175133651084	0.0553601489466448
h1SMcG0001846	1.47783816630457	0.00595924616502228
h1SMcG0001853	0.74483350250047	0.540841491226974
h1SMcG0001856	-0.771848250464596	0.217837785715452
h1SMcG0001857	1.83212237879947	0.000000370932447956039
h1SMcG0001859	-0.107502470470743	0.831274335224549
h1SMcG0001861	-2.07615049241398	0.0292717522346533
h1SMcG0001863	-0.993501538904228	0.14478874994722
h1SMcG0001865	-3.9793744652338	0.00082164760913516
h1SMcG0001866	0.544244470628119	0.265959311609321
h1SMcG0001867	-0.831113661974463	0.0127090294308685
h1SMcG0001870	-0.186967992435295	0.862578177141993
h1SMcG0001872	2.19253634232516	0.00125848535313409
h1SMcG0001874	-1.85699120670365	0.195305610384097
h1SMcG0001879	-1.18126486834823	0.40537686019329
h1SMcG0001881	-2.65623576389646	0.0220507838942858
h1SMcG0001884	-0.155333790204066	0.812762432774253
h1SMcG0001886	-0.237162407764456	0.858304730627461
h1SMcG0001887	-0.891917335880547	0.347196419997508
h1SMcG0001888	0.14367521648458	0.832375445765581
h1SMcG0001889	-2.82783178583026	0.0232429871176629
h1SMcG0001890	5.81302539627005	0.000000000000000000000000000000000000000000000000000000000000000000000000000000000000000152749499477038
h1SMcG0001891	2.38176542020679	0.00668845557980308
h1SMcG0001892	0.10708813449462	0.932944011201693
h1SMcG0001893	-0.401286085864111	0.803464903232684
h1SMcG0001894	-0.801800866525331	0.598788174689448
h1SMcG0001895	-0.168457492177678	0.901003346962128
h1SMcG0001896	-0.760693058168735	0.272142846638248
h1SMcG0001898	-0.940902865575382	0.00507600639376364
h1SMcG0001900	-1.18000408698133	0.249407390271737
h1SMcG0001902	-0.329824992937599	0.638274872123088
h1SMcG0001903	-1.67286403498974	0.0685479137448127
h1SMcG0001911	-0.777409138695175	0.300296617609737
h1SMcG0001915	0.455851435408513	0.271637930748131
h1SMcG0001916	-3.09206024272738	0.0000000909889445666133
h1SMcG0001921	-2.21146523768881	0.0342905820777586
h1SMcG0001923	0.191777637066566	0.897337406278063
h1SMcG0001924	-0.311971489557565	0.433492083836471
h1SMcG0001927	0.14266496426301	0.891597342370321
h1SMcG0001929	-2.10905474879559	0.0511101370982615
h1SMcG0001931	-0.530627779585987	0.464811818660608
h1SMcG0001935	0.849382565986797	0.341917034089638
h1SMcG0001936	1.37135633664248	0.232566565878767
h1SMcG0001938	-0.282571821755307	0.596285491894861
h1SMcG0001939	2.10912589895746	0.000000045295530909534
h1SMcG0001940	3.24608184556443	0.000000000000000000000000161346067692836
h1SMcG0001941	-0.822900086873777	0.0693212855989169
h1SMcG0001944	-1.06716288951441	0.433508219137132
h1SMcG0001945	-1.33722449459657	0.00798988150335963
h1SMcG0001947	-0.490293029391204	0.784075361336928
h1SMcG0001948	0.891371776202199	0.212431005930742
h1SMcG0001951	-1.47915941660195	0.00585298841900847
h1SMcG0001953	3.70269601427978	0.0000000000000000000052779544596721
h1SMcG0001955	-0.0511273163800989	0.963893276930353
h1SMcG0001956	-0.600361156285146	0.306782226510506
h1SMcG0001958	0.248431475230457	0.774580811740489
h1SMcG0001962	-0.899888020817209	0.521815849189681
h1SMcG0001963	-0.132763894265939	0.840907841142476
h1SMcG0001968	-1.74011996644862	0.225255881921556
h1SMcG0001969	-3.44307327013407	0.00545965808695335
h1SMcG0001972	-1.80456919073949	0.108130312597633
h1SMcG0001973	-1.29040915223796	0.0000150518652905862
h1SMcG0001974	-1.04227938166582	0.155352625647382
h1SMcG0001975	-0.773849207546123	0.305032231630257
h1SMcG0001979	-0.812735961942544	0.0698493114031623
h1SMcG0001980	-1.34079985481667	0.0256892498799863
h1SMcG0001982	-0.742548165591201	0.158724086842914
h1SMcG0001983	-0.575080437466895	0.156742297914835
h1SMcG0001984	-0.73996523959344	0.458052390218248
h1SMcG0001989	0.172291184460804	0.747890444091587
h1SMcG0001991	-2.14561699892586	0.113254128599438
h1SMcG0001993	-0.411469088975324	0.609894418257921
h1SMcG0001994	1.63900220836919	0.0000159738914843291
h1SMcG0001995	0.444911667510853	0.499155924246111
h1SMcG0001997	-0.0859931929867223	0.893536659047377
h1SMcG0001999	0.329484518178073	0.841633949865953
h1SMcG0002001	-1.51608095409261	0.014620209846035
h1SMcG0002003	1.03792957601403	0.132980214417121
h1SMcG0002004	-3.45762640499815	0.00874120321859203
h1SMcG0002005	1.20614342398123	0.0119121706641352
h1SMcG0002006	-1.97635100354524	0.159325727957755
h1SMcG0002007	-1.35935490848487	0.0526046811446624
h1SMcG0002010	-1.06351318199417	0.512310527016052
h1SMcG0002014	0.57713425131666	0.149696629888715
h1SMcG0002016	0.637460870202608	0.237865466252283
h1SMcG0002018	-0.0061115005735278	0.995686299662189
h1SMcG0002019	-1.07804656393043	0.0119056064430814
h1SMcG0002022	-1.84002221657268	0.00220136139315185
h1SMcG0002025	-1.22457422027927	0.365228338939989
h1SMcG0002026	0.962510099919517	0.49897822947261
h1SMcG0002027	-1.13432142591164	0.0670089494952003
h1SMcG0002028	0.0123799331179753	0.995320282026279
h1SMcG0002029	-2.56560524435907	0.0610855391377363
h1SMcG0002030	-1.35653507359315	0.108275188731639
h1SMcG0002034	-0.272951340949679	0.761565252170354
h1SMcG0002037	-1.19690504814687	0.439895774473888
h1SMcG0002038	-0.082344205803513	0.947194978791523
h1SMcG0002041	2.29473560197224	0.00000000000000000000957659786721047
h1SMcG0002044	0.291684855512364	0.702222426452395
h1SMcG0002046	1.31354695363419	0.30056430989918
h1SMcG0002047	1.97635918457827	0.0047049316676385
h1SMcG0002051	-0.663300980741683	0.59014735603581
h1SMcG0002053	-1.05600978620578	0.212493362183059
h1SMcG0002055	1.30190493445585	0.0000208707375517651
h1SMcG0002057	-2.09795712160618	0.0289248516524618
h1SMcG0002059	3.29793096851985	0.00000000000347324715662523
h1SMcG0002061	-2.90042554172173	0.00276993090341872
h1SMcG0002062	-0.883996283424555	0.507141990952764
h1SMcG0002065	0.313392524856831	0.499692792493117
h1SMcG0002067	1.69849084071514	0.133646687608861
h1SMcG0002071	-0.82599394684682	0.499629310150882
h1SMcG0002072	-0.584557602560938	0.636896484104553
h1SMcG0002078	3.24283554306232	0.0000000000000000000000000827839295124464
h1SMcG0002080	-1.13637442975834	0.422025848553868
h1SMcG0002081	-1.27281422148921	0.207795290525217
h1SMcG0002084	0.418497617430101	0.795841000877703
h1SMcG0002085	0.336698760402662	0.827799919837082
h1SMcG0002086	1.42939335761922	0.0338308883706582
h1SMcG0002091	-1.45736750804326	0.224208278178682
h1SMcG0002093	0.937197022644284	0.420016782320545
h1SMcG0002095	0.0535025764532503	0.920307740419281
h1SMcG0002097	-0.613475747222912	0.478213227717292
h1SMcG0002099	-0.656217382611424	0.478921659067989
h1SMcG0002100	-0.942312067262176	0.180752347714054
h1SMcG0002103	-1.19698501571986	0.198461433901925
h1SMcG0002105	-0.00282280175941779	0.998346697212941
h1SMcG0002107	2.87056139334715	0.00000000000000348107925934697
h1SMcG0002108	-0.4079650853051	0.422202919595186
h1SMcG0002110	-2.43048234430421	0.0563025227595081
h1SMcG0002113	-0.212768326376571	0.88914607955194
h1SMcG0002116	-0.309989725887709	0.469669527065396
h1SMcG0002117	-1.52641327984394	0.000000000000310401823006034
h1SMcG0002120	-0.981492344890924	0.0678881292165164
h1SMcG0002123	0.148935118531133	0.804035361336482
h1SMcG0002125	-0.507677021442115	0.565846924260199
h1SMcG0002127	-3.06562189908763	0.0000000021612231801787
h1SMcG0002129	3.29918087299598	0.000000000000000000000000000000000577469906769684
h1SMcG0002130	2.32421108927103	0.0032753444415077
h1SMcG0002131	-0.00690299225282426	0.996796090217489
h1SMcG0002134	-0.522016358900463	0.52231927161719
h1SMcG0002136	0.431466946579897	0.748235345199987
h1SMcG0002137	-0.1873744315242	0.900825518882607
h1SMcG0002138	-1.27596670255873	0.0809291654732661
h1SMcG0002139	-0.664084943933746	0.12347899914865
h1SMcG0002141	-1.19723852649977	0.00108251095600047
h1SMcG0002143	-1.5124798388767	0.0034844155230766
h1SMcG0002144	-0.718453481168135	0.610556554026621
h1SMcG0002149	-1.40975796666216	0.00104904062420337
h1SMcG0002150	-0.900931937202423	0.558774585030329
h1SMcG0002152	-2.22586176527005	0.0000648123036598488
h1SMcG0002157	-3.23173402067228	0.0000338865527748922
h1SMcG0002159	-1.48718566856285	0.12008100202926
h1SMcG0002160	-0.53427284466244	0.655868308800517
h1SMcG0002161	-1.86133259371855	0.196195444164539
h1SMcG0002162	1.27956692107166	0.0000480514356538473
h1SMcG0002168	-0.267834170948434	0.659236700272959
h1SMcG0002169	-1.10968352687482	0.199226013935956
h1SMcG0002172	1.05547693255275	0.435355117902766
h1SMcG0002173	-0.12794922852942	0.919967550258078
h1SMcG0002174	-0.782894360065235	0.325737371429999
h1SMcG0002175	-2.3798844940428	0.0000000000000663793824030019
h1SMcG0002178	-0.455010408186062	0.664284083208964
h1SMcG0002179	2.15420647863721	0.00616864373069572
h1SMcG0002182	0.926441660731006	0.284270266225947
h1SMcG0002183	-0.582423028039315	0.299518724246793
h1SMcG0002185	-1.73221763294904	0.0204986797182437
h1SMcG0002186	-1.0378996689783	0.226819247731193
h1SMcG0002187	1.75756710317105	0.0205071622804021
h1SMcG0002188	-2.19249967770993	0.000100366954202247
h1SMcG0002190	-1.58506617354887	0.00228213016577593
h1SMcG0002192	-1.07633284977099	0.311562692359371
h1SMcG0002194	-1.16427614156528	0.249523746626614
h1SMcG0002196	-2.29383899230474	0.046017522509734
h1SMcG0002197	-0.0460565723245582	0.948349150274159
h1SMcG0002198	-0.814152713604147	0.0926243021594409
h1SMcG0002200	-1.79931674524282	0.209468874157327
h1SMcG0002203	-0.536492989653044	0.714010937748798
h1SMcG0002206	0.606559166828412	0.32118166893877
h1SMcG0002207	0.304734898830522	0.483517119747984
h1SMcG0002209	0.67965515107225	0.317661778066679
h1SMcG0002210	-1.08520933965974	0.348356170442859
h1SMcG0002211	3.38667579506017	0.000197164767556172
h1SMcG0002212	1.01328359815178	0.0430126633366635
h1SMcG0002213	-2.07514295902895	0.0865464203486723
h1SMcG0002214	-0.50203809624923	0.627652844598815
h1SMcG0002215	0.056028992032053	0.902086483311686
h1SMcG0002216	-1.58850329898038	0.173859913122274
h1SMcG0002218	-2.67232265513118	0.0749686965797572
h1SMcG0002219	-0.958853866612111	0.365228338939989
h1SMcG0002220	0.640656853009714	0.166278735845209
h1SMcG0002221	0.427553948881097	0.391229795951288
h1SMcG0002222	6.07096260887566	0.00000000000000000000000000000000000000000000000000000000000000000000000000000000016473295613723
h1SMcG0002223	0.202895241754032	0.69975350125652
h1SMcG0002224	0.676638439031728	0.418477806961401
h1SMcG0002232	7.08596902085175	0.0000000000000000000000000000000000936137638966243
h1SMcG0002233	-0.101742936435987	0.848222576644487
h1SMcG0002235	2.51628283358519	0.00621757082941451
h1SMcG0002239	0.656514350798015	0.315569675110082
h1SMcG0002241	-2.10217209636424	0.018853747198118
h1SMcG0002245	-1.97813774506813	0.11454355396914
h1SMcG0002249	-1.86791969878559	0.17765940569451
h1SMcG0002250	0.0856473133694403	0.860053371695936
h1SMcG0002251	-1.10391841920734	0.0672175755646397
h1SMcG0002252	-1.26986218703451	0.00363804209928063
h1SMcG0002253	-0.0256296778422125	0.983446396908598
h1SMcG0002255	-0.483145665821763	0.499003937586067
h1SMcG0002256	-0.118095467480729	0.950583527029903
h1SMcG0002257	0.615085065650902	0.0835359000937089
h1SMcG0002259	0.777431444141474	0.0337261592814222
h1SMcG0002260	-0.69917563007163	0.0259063753874273
h1SMcG0002262	-2.94466383716988	0.0283196230866817
h1SMcG0002264	-0.705388698200292	0.173317791476431
h1SMcG0002267	-1.66181644079573	0.0004797079481925
h1SMcG0002269	2.34675779987833	0.00000000000000120607361033785
h1SMcG0002274	-0.215331125036022	0.885120875774527
h1SMcG0002275	1.19459949197997	0.00677989177653029
h1SMcG0002278	0.49297138394343	0.593319493971054
h1SMcG0002282	-0.0820315550686057	0.922683632653122
h1SMcG0002285	-1.4433902003086	0.19540417000188
h1SMcG0002286	-0.368591519355078	0.539414604210472
h1SMcG0002287	1.03272225921257	0.43898848707934
h1SMcG0002289	0.843390529018728	0.59321853585759
h1SMcG0002291	0.105299455305755	0.950199049896691
h1SMcG0002292	1.10948683757653	0.0984913684286595
h1SMcG0002293	-2.9658644987859	0.00014199755723886
h1SMcG0002294	-1.01768395747522	0.0163639322399451
h1SMcG0002295	-0.978014894422905	0.0892934827959246
h1SMcG0002296	-1.82323964698811	0.102505494286455
h1SMcG0002297	-1.52381815112338	0.00458003690175328
h1SMcG0002298	-1.28057611133884	0.306545758396488
h1SMcG0002299	-1.17000414909732	0.0467854240697568
h1SMcG0002303	2.22017631816518	0.0261797699673564
h1SMcG0002306	0.779879588437776	0.33048143600599
h1SMcG0002307	-0.493392894157288	0.539414604210472
h1SMcG0002308	-1.22521056478881	0.114814375647397
h1SMcG0002309	-0.338272662642834	0.815351166103912
h1SMcG0002313	-3.75023974019661	0.000479403813548258
h1SMcG0002314	-2.13216864420099	0.00042828247403586
h1SMcG0002315	-5.1023804759318	0.00000623613508396613
h1SMcG0002316	-3.30783633432089	0.0000000000000000619539158432662
h1SMcG0002317	-3.53005789298387	0.0000000553331895198688
h1SMcG0002318	-1.40677449506959	0.000000373340922467541
h1SMcG0002319	1.72907992350636	0.00081770959026985
h1SMcG0002320	1.26713181839115	0.098750796479784
h1SMcG0002322	-1.53258144692902	0.295085178559591
h1SMcG0002326	1.24582192093553	0.0047838256848149
h1SMcG0002328	-1.36465505622467	0.328007799733838
h1SMcG0002330	0.191971803022871	0.920986975230629
h1SMcG0002331	-0.0139528487036283	0.990323067463484
h1SMcG0002334	0.200626191298652	0.809072427194202
h1SMcG0002335	-0.538210370161417	0.455531440625495
h1SMcG0002336	1.03246617790771	0.304986236607887
h1SMcG0002337	0.508971254929153	0.184045722467042
h1SMcG0002341	-2.68656353311509	0.0339683192988646
h1SMcG0002343	-0.398189316186448	0.786914816258226
h1SMcG0002344	0.649661845991179	0.656112259358417
h1SMcG0002351	-0.99058810660164	0.344602046214617
h1SMcG0002353	1.51598269164439	0.000406750580928973
h1SMcG0002360	0.00388497137415456	0.99765426936709
h1SMcG0002361	-1.32009580767197	0.0169238582988337
h1SMcG0002362	2.27877916210368	0.000000000669500099621552
h1SMcG0002364	-0.00856535853186028	0.995359274463544
h1SMcG0002366	-2.3513176728346	0.0419623735699133
h1SMcG0002372	0.150748598406757	0.907193794943527
h1SMcG0002373	-0.257181732089961	0.724521106416532
h1SMcG0002374	-0.618118574913683	0.518814183401684
h1SMcG0002376	-0.423710988088776	0.77461295129807
h1SMcG0002377	0.671029754233232	0.57121271708499
h1SMcG0002380	0.65490065397848	0.26958692815143
h1SMcG0002381	-1.78104024353857	0.0000610141782238144
h1SMcG0002382	-0.875935037726657	0.239120760716072
h1SMcG0002383	1.46044121276014	0.0184331828871593
h1SMcG0002387	-0.872790690324075	0.389867541469436
h1SMcG0002388	0.0471717848232092	0.980337289009159
h1SMcG0002390	-0.88046994317226	0.555764165690481
h1SMcG0002391	0.386032546194422	0.658932756152823
h1SMcG0002395	0.555540583579642	0.434049436847789
h1SMcG0002402	-3.41046075552379	0.00634059371305132
h1SMcG0002404	-4.6722398362278	0.0000462195274401593
h1SMcG0002408	-2.24544417005235	0.00167501750423712
h1SMcG0002410	2.33887925577281	0.000000440292306319266
h1SMcG0002411	-1.20010894809485	0.455728493530657
h1SMcG0002412	-1.78962761579558	0.211058469897915
h1SMcG0002413	0.393576502959698	0.614913662473097
h1SMcG0002414	-0.586084088481991	0.447262702972299
h1SMcG0002416	-1.08598383056505	0.449434213516849
h1SMcG0002418	-1.32586491374218	0.0381719573152304
h1SMcG0002424	-0.769676278035615	0.226161864230466
h1SMcG0002429	0.648579356994367	0.373838045629727
h1SMcG0002430	5.0274949461844	0.00000000000000000000000000000000000000000000000000748097988266393
h1SMcG0002436	-0.543493228217983	0.454817949352475
h1SMcG0002437	-0.613594823815078	0.493167231848727
h1SMcG0002438	0.262518652922061	0.718077285115479
h1SMcG0002440	-1.81956843285746	0.215978315889497
h1SMcG0002441	-2.96224240623579	0.0258159099483943
h1SMcG0002444	-1.07707313967681	0.0930670934312745
h1SMcG0002445	-1.38894783113537	0.306021877397484
h1SMcG0002448	0.36298060016577	0.559737791744793
h1SMcG0002449	1.16681966944078	0.00386925241378403
h1SMcG0002450	-1.64850872469536	0.00297488710128714
h1SMcG0002451	-2.45596166458657	0.0826315985008066
h1SMcG0002453	-0.494592838777264	0.364599950565153
h1SMcG0002456	1.42915326061206	0.0000000625004421638815
h1SMcG0002458	-0.00691151908765836	0.991631705755733
h1SMcG0002462	0.886238656787633	0.526552508195901
h1SMcG0002467	-0.860677565805389	0.619435705940515
h1SMcG0002469	-0.299443015144611	0.434918992099313
h1SMcG0002475	-2.94593530546227	0.000951189645482099
h1SMcG0002477	-0.530118283542309	0.549474875929945
h1SMcG0002479	-0.53802967115882	0.62734112436086
h1SMcG0002480	-0.474900851247593	0.264201280098624
h1SMcG0002483	-3.22942244969113	0.00685482606328439
h1SMcG0002485	-0.385332141014627	0.333373788885001
h1SMcG0002486	-0.926126328356336	0.0347531177855082
h1SMcG0002487	3.5683617116459	0.0000000000809648369605401
h1SMcG0002491	-1.57259395411401	0.188209382291365
h1SMcG0002492	-2.21320417411714	0.0665712939021829
h1SMcG0002493	0.191317353526021	0.921759137769643
h1SMcG0002494	-0.841694656541851	0.211294162904417
h1SMcG0002497	2.0333466655278	0.000341682079472313
h1SMcG0002498	-0.299646504091526	0.832936124025963
h1SMcG0002499	2.11633580088081	0.0000000110763073886569
h1SMcG0002501	0.701309691026277	0.371041780514832
h1SMcG0002505	-1.37622967022439	0.203103232847764
h1SMcG0002506	4.19349706864541	0.00000000226865514188413
h1SMcG0002507	1.92556848608919	0.00185703842289325
h1SMcG0002508	0.936755008237911	0.475438150829057
h1SMcG0002509	-1.32396574878638	0.12338595145833
h1SMcG0002510	-0.142039089167102	0.923988222335872
h1SMcG0002512	1.77853323791303	0.00363783145509766
h1SMcG0002513	-0.827998388305523	0.180640401874004
h1SMcG0002517	1.52168688089552	0.0188615955256565
h1SMcG0002518	-1.10413101760256	0.000652327773790399
h1SMcG0002521	-0.580712450602871	0.344582662214548
h1SMcG0002523	-0.643058919209759	0.611655531221266
h1SMcG0002525	0.670664258893011	0.00348650120106237
h1SMcG0002531	-0.940521493082878	0.0809946198832894
h1SMcG0002534	-0.07474988194728	0.916713594548717
h1SMcG0002535	-0.347621805767293	0.661697990946254
h1SMcG0002538	-0.669831968383453	0.110452398834591
h1SMcG0002540	-0.199785579800637	0.716001651606696
h1SMcG0002543	-0.35380918229735	0.512098980769248
h1SMcG0002545	1.64447525624068	0.00000303163780985896
h1SMcG0002546	-0.74769790619219	0.033856570846549
h1SMcG0002547	-0.55769510427547	0.362989263164642
h1SMcG0002552	1.14232007033186	0.060851024855871
h1SMcG0002554	0.319751374839379	0.768485957788225
h1SMcG0002557	-0.0517426154065093	0.954978003277891
h1SMcG0002559	0.337866471580832	0.732638630349322
h1SMcG0002561	0.671282136196452	0.506869431996085
h1SMcG0002567	2.51972607746975	0.000119678964799296
h1SMcG0002571	2.68059280661476	0.00966016778389151
h1SMcG0002572	-0.308131209333484	0.87179250941749
h1SMcG0002573	0.641853673751298	0.615530705818692
h1SMcG0002574	0.101524658424923	0.93566907367229
h1SMcG0002577	0.94193705557038	0.263042343345057
h1SMcG0002580	0.718976818858971	0.0742205666915541
h1SMcG0002584	-0.17110304547349	0.907492739700094
h1SMcG0002589	-2.39494657735031	0.0391037649148125
h1SMcG0002590	0.083005909771989	0.953271817368573
h1SMcG0002591	1.00908399260579	0.0119800387010255
h1SMcG0002592	-0.357828239239558	0.827770494628955
h1SMcG0002595	0.23055333970043	0.719454437635228
h1SMcG0002597	2.79145699390578	0.00196166560887136
h1SMcG0002601	-0.659438382770838	0.131747806288801
h1SMcG0002603	-0.441601213471219	0.790044536948897
h1SMcG0002608	-1.65052261663174	0.067893331901535
h1SMcG0002609	-0.614225258532303	0.40043911720366
h1SMcG0002616	0.566921528124096	0.503315170433369
h1SMcG0002618	0.363127238255949	0.737349007725773
h1SMcG0002620	-1.34081823660959	0.332325202819523
h1SMcG0002621	0.062150604508037	0.949386582385749
h1SMcG0002622	-0.359254860062806	0.342534089532844
h1SMcG0002623	-0.632705264935996	0.506753667250263
h1SMcG0002631	0.136268110278662	0.89275520859377
h1SMcG0002633	-4.41706172712961	0.000100366954202247
h1SMcG0002634	-0.173548461162873	0.816761805344585
h1SMcG0002635	-1.09489381132615	0.249554472877648
h1SMcG0002638	0.947180580699824	0.463601304434453
h1SMcG0002647	-1.71917252217382	0.240900126300384
h1SMcG0002663	-0.42460948473813	0.657094895572202
h1SMcG0002664	-0.840127180708624	0.562272768512531
h1SMcG0002668	1.29396218877053	0.229379451939669
h1SMcG0002670	0.288675457793886	0.84555563469738
h1SMcG0002678	-2.17715738641085	0.0222151942111425
h1SMcG0002690	-0.301791482426652	0.865882832704309
h1SMcG0002692	1.05984065838226	0.380931083241393
h1SMcG0002695	0.528228969361848	0.410652202870281
h1SMcG0002696	-1.37226386055156	0.000100489179860799
h1SMcG0002697	0.121423786639297	0.838602564618918
h1SMcG0002699	-0.189883275399647	0.81293358778988
h1SMcG0002703	-0.6847995989826	0.110723489665754
h1SMcG0002706	-1.66747504283951	0.191236315023847
h1SMcG0002709	-1.10739645392107	0.341273460177589
h1SMcG0002710	-0.843016087034061	0.117790675544097
h1SMcG0002712	-1.72309156070794	0.206644325498414
h1SMcG0002713	-1.09375601175841	0.0243496245081163
h1SMcG0002714	-1.33153322854486	0.396478381070527
h1SMcG0002715	-0.385170631845346	0.598289623256082
h1SMcG0002717	-1.42234008843891	0.0323083736035629
h1SMcG0002718	-1.48304253723187	0.058993170175858
h1SMcG0002719	-1.64848917771657	0.00221479998458471
h1SMcG0002720	2.83040696244253	0.000000000000717256797871279
h1SMcG0002726	0.507642672327298	0.679819591480755
h1SMcG0002727	-0.158334264453947	0.912134037274957
h1SMcG0002728	2.36056812449291	0.000000267853066045994
h1SMcG0002732	-0.448404693707171	0.285478763834509
h1SMcG0002735	0.859178165515427	0.518814183401684
h1SMcG0002736	0.637979344930854	0.59321853585759
h1SMcG0002738	2.88666779698148	0.0000000000000000570557444196602
h1SMcG0002739	0.23980875846682	0.629019350930941
h1SMcG0002741	-1.25065270179907	0.0709368527968406
h1SMcG0002748	-3.16977978130777	0.014147626034786
h1SMcG0002750	-1.786942186436	0.0203935912426055
h1SMcG0002751	-0.836087068667654	0.409765798924803
h1SMcG0002752	-0.567449083659326	0.52562466901762
h1SMcG0002753	-0.879940192768585	0.0525909554078671
h1SMcG0002756	1.36551460765283	0.0615481108946557
h1SMcG0002757	0.102410752388784	0.941581340976568
h1SMcG0002758	0.111411565366946	0.853236880355254
h1SMcG0002761	-1.81712106226183	0.141185983359925
h1SMcG0002762	-2.45356691693443	0.0891941750661592
h1SMcG0002763	-0.517364836915243	0.564469011535884
h1SMcG0002766	0.629406339213534	0.397373600309528
h1SMcG0002771	0.434051884475884	0.540841491226974
h1SMcG0002775	-1.59423256989843	0.120115750545553
h1SMcG0002776	0.0992710264591034	0.897730151639723
h1SMcG0002778	-4.21950710862331	0.00000311720267633586
h1SMcG0002779	1.7218218297073	0.000803898420927385
h1SMcG0002783	-0.309613869656913	0.585637862403598
h1SMcG0002787	-0.436748033171617	0.598401191052573
h1SMcG0002790	-1.17883364400288	0.0446189453559782
h1SMcG0002791	0.0185001733180377	0.981534443132749
h1SMcG0002794	-0.965604525194113	0.432485923822977
h1SMcG0002795	-1.12492443904107	0.0047838256848149
h1SMcG0002796	3.14921892367981	0.000000000000000000000000102291118671802
h1SMcG0002798	-0.191129571496658	0.839228164208465
h1SMcG0002800	-1.27960757782007	0.0452336595550574
h1SMcG0002803	-1.62553803149607	0.000303657393193444
h1SMcG0002804	0.97242206488133	0.0601188816297404
h1SMcG0002808	-0.357755877624269	0.692462603906552
h1SMcG0002809	0.514698822748004	0.455831023096581
h1SMcG0002811	-3.53665930765602	0.000129471012118091
h1SMcG0002812	1.99831865436071	0.00000000212979482747056
h1SMcG0002813	-0.862567056720958	0.491898374837333
h1SMcG0002815	-1.10057343430829	0.00168580880953057
h1SMcG0002819	0.545482175157659	0.200053154585224
h1SMcG0002822	0.575306351901692	0.530070036102303
h1SMcG0002829	-0.611935486701576	0.456387256352507
h1SMcG0002830	0.0373034256034447	0.955501151892676
h1SMcG0002832	2.87840983353611	0.000000927187395817134
h1SMcG0002834	0.139039110204159	0.883488943245272
h1SMcG0002835	-0.562937670527023	0.436532814635388
h1SMcG0002836	0.131898108716542	0.921508845762189
h1SMcG0002838	-0.496360521656033	0.715834567044214
h1SMcG0002839	0.333739571842855	0.654083180467128
h1SMcG0002844	-0.203593437373195	0.873996837721295
h1SMcG0002848	1.76142603212707	0.00000012286542328643
h1SMcG0002850	-0.227888763548759	0.821962158275852
h1SMcG0002851	-1.85661435857357	0.000115484480138295
h1SMcG0002852	0.806137698386371	0.325231622565191
h1SMcG0002853	-0.699823949753121	0.335891667495464
h1SMcG0002855	0.01793070323351	0.983419373326835
h1SMcG0002858	-1.49205362160657	0.263238729668557
h1SMcG0002859	1.95158347267346	0.000000403152599447917
h1SMcG0002860	0.00983095098003387	0.989387500003651
h1SMcG0002864	-0.643443545696117	0.0747868718084785
h1SMcG0002865	0.39664170614892	0.811243090875359
h1SMcG0002868	-1.38921557478585	0.133024243620508
h1SMcG0002876	-0.321019897750218	0.855371923928047
h1SMcG0002877	-0.0570436106190083	0.972495220755396
h1SMcG0002878	-2.91050031493042	0.00109338782876976
h1SMcG0002879	-0.634217269451588	0.55078938752722
h1SMcG0002883	1.27655711316934	0.386871719652739
h1SMcG0002884	-2.74349644622257	0.0455464027411543
h1SMcG0002886	2.13152956081471	0.0445342356145665
h1SMcG0002888	1.69669651360927	0.00300322806870806
h1SMcG0002889	0.28371999440264	0.705800621949603
h1SMcG0002890	-0.826319990027583	0.329091767663617
h1SMcG0002892	0.591447425451385	0.536721754197489
h1SMcG0002893	-1.26027233886227	0.00462608026987795
h1SMcG0002895	0.310084348482094	0.744012678159829
h1SMcG0002898	-0.320355853613049	0.861095335492216
h1SMcG0002899	-1.16482726617496	0.348753102259498
h1SMcG0002901	-1.82862053468104	0.237964793900715
h1SMcG0002905	-3.97268133966527	0.000769814170302436
h1SMcG0002908	2.76270505637664	0.000471641356951136
h1SMcG0002911	0.144948934425455	0.918665474160286
h1SMcG0002914	0.716832324786523	0.397721378762453
h1SMcG0002915	0.402335597443525	0.727654326208834
h1SMcG0002919	-1.03238081322124	0.540716156009842
h1SMcG0002924	1.49602232988464	0.000000629114206000324
h1SMcG0002926	-0.667198381464352	0.40285355478571
h1SMcG0002928	2.10045451914512	0.000185612517286928
h1SMcG0002929	4.71997937366435	0.000000000000000000000000000000569104288446755
h1SMcG0002930	-0.0620149156532408	0.958423812400082
h1SMcG0002932	-3.50229996948117	0.00119307454861701
h1SMcG0002936	-2.52737176329585	0.0489083113716803
h1SMcG0002941	-1.73805684067126	0.0574083514144182
h1SMcG0002945	-0.364736024122153	0.744445574396675
h1SMcG0002947	-0.120963134630176	0.947103294985541
h1SMcG0002948	-1.84095034369141	0.178057199196098
h1SMcG0002949	-0.0875128189594035	0.929287026616002
h1SMcG0002950	0.489271212103288	0.329648936749168
h1SMcG0002951	-0.798653809277033	0.522086682440502
h1SMcG0002952	-4.0271452743575	0.000970693359501529
h1SMcG0002953	-2.61575926393424	0.00294311260180619
h1SMcG0002963	-0.0354429404047632	0.977487258192451
h1SMcG0002965	-3.03356329076071	0.0000346709765230973
h1SMcG0002968	2.79805168775322	0.00177546011584969
h1SMcG0002971	0.361560719732914	0.701877355383829
h1SMcG0002972	1.65191195963805	0.0623118905250533
h1SMcG0002975	-0.976619620977324	0.0953510962901331
h1SMcG0002976	-0.416827839027973	0.76485332063782
h1SMcG0002978	1.36243935896842	0.322322559760674
h1SMcG0002980	-0.895952295012249	0.420257856546698
h1SMcG0002983	-0.244924404415332	0.827302409571378
h1SMcG0002984	0.537103511847601	0.476273477385278
h1SMcG0002986	-1.21480870066251	0.0178181800134748
h1SMcG0002989	-0.659749943616167	0.0929056394950252
h1SMcG0002992	-0.29806827387134	0.804876097595359
h1SMcG0002994	1.56309202035247	0.196199072359717
h1SMcG0002997	-0.598058165970567	0.726140939605143
h1SMcG0002998	0.230928703680947	0.80160703229036
h1SMcG0003004	-0.68396788716117	0.65975179109177
h1SMcG0003005	2.34133679947166	0.0148873412493619
h1SMcG0003011	-1.85427802336772	0.235234726229191
h1SMcG0003015	-2.0756770354014	0.127996213969865
h1SMcG0003019	-0.323733805350646	0.853312448474897
h1SMcG0003020	2.58100112596438	0.00000000000000000000616081159575649
h1SMcG0003021	3.53906283604871	0.000128804861245939
h1SMcG0003027	0.367261225133543	0.687848563805256
h1SMcG0003028	0.856364928908042	0.174153527694142
h1SMcG0003033	-0.846926397869535	0.218927416112696
h1SMcG0003040	-0.0207203986160812	0.989703498842061
h1SMcG0003044	-1.71424408806225	0.137069758295617
h1SMcG0003046	0.21090449819007	0.885791943374666
h1SMcG0003048	-1.85777611219539	0.140241593782005
h1SMcG0003049	-0.784723714751519	0.431699184448793
h1SMcG0003053	-0.652876713868203	0.386090872853218
h1SMcG0003054	1.39762906140009	0.293778418258298
h1SMcG0003055	1.06119508100127	0.485200697224693
h1SMcG0003058	0.479330007627861	0.441580827035687
h1SMcG0003059	-0.941464292359684	0.391434406595528
h1SMcG0003060	-0.496762978416551	0.748103039975966
h1SMcG0003062	3.63144429092079	0.00000000000000000000000000000000000307167284804953
h1SMcG0003063	1.22185666156668	0.0432615112763063
h1SMcG0003064	0.836821362305879	0.558944022531363
h1SMcG0003066	-0.470699112831048	0.778990617499465
h1SMcG0003068	-2.12235860329287	0.0487151437184843
h1SMcG0003074	-2.0302245529821	0.101716562550972
h1SMcG0003075	5.18514870623133	0.0000000000000000000000000153170420654592
h1SMcG0003076	-1.02325064728522	0.484339188956674
h1SMcG0003079	5.64938654441122	0.00000000000000000123842044633895
h1SMcG0003086	0.998425624603206	0.180191829914586
h1SMcG0003087	-0.329423728746791	0.815547731656749
h1SMcG0003096	1.34905470639861	0.000086443031496681
h1SMcG0003097	-0.379517038105544	0.147164756977803
h1SMcG0003098	0.00290124383094461	0.995895202841689
h1SMcG0003099	-0.745839292951148	0.398233731798817
h1SMcG0003100	-0.292494363582613	0.832375445765581
h1SMcG0003105	3.41760585345643	0.00000000206789460340162
h1SMcG0003107	-1.91127763611991	0.142493857452099
h1SMcG0003111	-1.29782417286743	0.0637475809967881
h1SMcG0003114	-2.813233330546	0.0563844869064998
h1SMcG0003115	-1.18370696790513	0.0000201540681834198
h1SMcG0003118	-2.80003541975814	0.0372181808749609
h1SMcG0003119	-0.36085427344395	0.769070198421644
h1SMcG0003122	3.3402534587607	0.00000000164190936152762
h1SMcG0003123	-0.782887011770804	0.0509935205731487
h1SMcG0003126	-0.259243616620504	0.831270317030773
h1SMcG0003130	-0.863365440919076	0.10105136842435
h1SMcG0003133	0.218250822465027	0.78450513748515
h1SMcG0003135	0.64505410337403	0.538368495412413
h1SMcG0003136	1.20600886209829	0.445231331856923
h1SMcG0003142	-2.66247242198352	0.0557096388893462
h1SMcG0003143	2.06122253900238	0.0250465888633694
h1SMcG0003144	0.706145210380658	0.540337774509028
h1SMcG0003147	-1.18974755599814	0.012030920122379
h1SMcG0003148	-0.205830043537457	0.914107022357205
h1SMcG0003150	2.61888700638633	0.000414448917537456
h1SMcG0003154	-1.12500337826786	0.318902915828942
h1SMcG0003156	-1.66331854913613	0.000665381171936263
h1SMcG0003159	-0.0992511392453532	0.948100401368342
h1SMcG0003160	0.193796002404645	0.836386153835179
h1SMcG0003161	0.0648796995192394	0.946646604611025
h1SMcG0003162	0.379951616570808	0.418731450864572
h1SMcG0003163	0.14622863251421	0.837615025692139
h1SMcG0003166	-0.369985880497385	0.342534089532844
h1SMcG0003168	-0.63816430208912	0.545449674342398
h1SMcG0003170	-1.07012271097606	0.220383275546723
h1SMcG0003174	-3.24991053942378	0.0174544007601137
h1SMcG0003175	-0.554205702615244	0.659357655648395
h1SMcG0003176	1.34395780987213	0.0211726619126912
h1SMcG0003177	1.45070911894761	0.000130949720772766
h1SMcG0003178	1.47317307289519	0.112649556634745
h1SMcG0003180	0.965349418994411	0.0395364112516953
h1SMcG0003182	-1.63796249250268	0.0292067415548834
h1SMcG0003186	-0.118593458031945	0.921912104632502
h1SMcG0003187	-0.434243095895751	0.613663109261555
h1SMcG0003188	0.324255675680789	0.688865345062513
h1SMcG0003189	0.820766040954938	0.40852378677842
h1SMcG0003192	-1.07915129573861	0.109539838647206
h1SMcG0003194	0.108037264013847	0.871119435910364
h1SMcG0003195	-0.120062056269847	0.896102966252761
h1SMcG0003196	-0.674047782120843	0.398576240390934
h1SMcG0003198	0.230361617656503	0.898774208575207
h1SMcG0003202	3.53512980604843	0.000000000000000000000000294918870400043
h1SMcG0003203	-3.56177406743118	0.000463912128079131
h1SMcG0003204	-1.89864914781849	0.210337599555526
h1SMcG0003205	1.58582644622603	0.165604632756398
h1SMcG0003206	1.13191352015887	0.0145442067970993
h1SMcG0003207	1.2873744248264	0.00388562080001994
h1SMcG0003211	-0.64743981073266	0.386083736315668
h1SMcG0003213	-1.4380553671364	0.183375895905725
h1SMcG0003214	-0.78946614516024	0.0466360008340374
h1SMcG0003217	-1.91594045778675	0.000000290249948530657
h1SMcG0003221	-1.53836194078662	0.0021692061106569
h1SMcG0003223	-0.245624787878204	0.578177385452854
h1SMcG0003225	0.0755301052938284	0.963450878612611
h1SMcG0003226	-2.3873375558695	0.0275137773331836
h1SMcG0003227	-2.54424086137695	0.0257985129803947
h1SMcG0003229	0.0280103835773911	0.984586238277862
h1SMcG0003230	0.228556338441126	0.874402487111059
h1SMcG0003231	0.875730922382771	0.429013109980892
h1SMcG0003232	-1.27032823931729	0.000381260088072704
h1SMcG0003233	1.08136256428237	0.0415640353482522
h1SMcG0003235	-2.06236569529738	0.176692286377265
h1SMcG0003236	-0.085770113371933	0.908221084856393
h1SMcG0003239	-0.694140860770601	0.685235754789997
h1SMcG0003240	-0.96052981454539	0.286659554561947
h1SMcG0003242	-1.50406967358523	0.100944940405072
h1SMcG0003243	0.427217136743504	0.278934570488711
h1SMcG0003246	-0.815840886903309	0.398576240390934
h1SMcG0003247	1.37311682248173	0.0000000316025489868719
h1SMcG0003248	0.548310810077588	0.666060481803225
h1SMcG0003249	-1.74036884717717	0.0672175755646397
h1SMcG0003250	0.282392596929374	0.826455295686082
h1SMcG0003251	-1.29363300136587	0.401803127963602
h1SMcG0003254	0.26302730431716	0.426668500548769
h1SMcG0003257	1.99523605976971	0.0267072647355346
h1SMcG0003258	0.80790511051342	0.178027044754377
h1SMcG0003260	-0.860501367078781	0.389826793621795
h1SMcG0003261	0.875421244914685	0.135650425735081
h1SMcG0003262	-1.09183722252181	0.282766172509096
h1SMcG0003265	-0.449461796305337	0.25850412988231
h1SMcG0003266	-1.6382540146377	0.0141409210486131
h1SMcG0003267	-1.42416993513016	0.23970259067719
h1SMcG0003269	0.218184109290063	0.744012678159829
h1SMcG0003271	-1.6946663688533	0.00101872648266343
h1SMcG0003272	1.00016153685611	0.0769276614926249
h1SMcG0003273	-2.77255798334255	0.0450523388058957
h1SMcG0003275	0.0244122707352524	0.956213306353238
h1SMcG0003277	-0.746491969462343	0.0920449394867652
h1SMcG0003278	-2.06926310543505	0.177529855586975
h1SMcG0003280	-0.313444513953384	0.713868771541884
h1SMcG0003282	2.44721836992938	0.00000000149400540405745
h1SMcG0003287	-2.16585990301071	0.142493857452099
h1SMcG0003288	-1.11606710432605	0.123268964239063
h1SMcG0003290	-1.45402673574622	0.0628197655339856
h1SMcG0003291	-0.0108107124981504	0.98632096221806
h1SMcG0003292	0.478754764731276	0.296624164644047
h1SMcG0003293	0.109658470050931	0.749739347287685
h1SMcG0003294	-1.04384064393319	0.254633736796497
h1SMcG0003295	0.624439179020269	0.264201280098624
h1SMcG0003296	0.122990862318438	0.902086483311686
h1SMcG0003298	-1.8891001055021	0.0158983382399684
h1SMcG0003303	-1.76211368424339	0.213209343131458
h1SMcG0003304	0.546314508385247	0.193963123239258
h1SMcG0003306	-0.0775575249388292	0.896857492110859
h1SMcG0003308	-0.166819432612959	0.79863995454481
h1SMcG0003313	0.0669057690036931	0.950260811600824
h1SMcG0003314	0.749475322330642	0.348753102259498
h1SMcG0003319	0.766100422125232	0.59437143032361
h1SMcG0003321	0.722199366784254	0.610419873123575
h1SMcG0003322	-0.398689797248975	0.775020343690953
h1SMcG0003323	-0.584649667964353	0.506065844611655
h1SMcG0003326	-0.757767586820157	0.630211885231827
h1SMcG0003328	-0.173673057133172	0.66721861493715
h1SMcG0003329	-1.47083440873648	0.232780078398831
h1SMcG0003333	-1.2085873311019	0.0161903985079421
h1SMcG0003335	-0.77932361101305	0.184762507133559
h1SMcG0003337	0.0106606476227177	0.995359274463544
h1SMcG0003339	-0.258095808924205	0.763344701430785
h1SMcG0003341	0.278168008859882	0.859056429902005
h1SMcG0003342	-4.55997712547398	0.00000346128663214088
h1SMcG0003343	-2.18372241969979	0.110808086562197
h1SMcG0003346	-0.0328178364931789	0.987525463617646
h1SMcG0003349	-0.579683093482808	0.36120706839266
h1SMcG0003350	0.127844209191976	0.927134432980675
h1SMcG0003354	-1.9437334070207	0.207676888190299
h1SMcG0003355	-0.735513045184468	0.595652012394346
h1SMcG0003357	0.29923022072373	0.798173879595254
h1SMcG0003358	0.0168538923225705	0.981680426496353
h1SMcG0003363	-1.544140566462	0.116223158642862
h1SMcG0003365	0.646263481353653	0.609754738170807
h1SMcG0003372	-1.03745610590593	0.136407259536073
h1SMcG0003374	1.35711306639454	0.0203935912426055
h1SMcG0003376	-1.88732133348418	0.148621835445962
h1SMcG0003377	-1.24069606686177	0.32219669520086
h1SMcG0003379	-0.323043888481361	0.714555419470205
h1SMcG0003380	-1.65093535587196	0.0202019078599157
h1SMcG0003381	-0.945787997920702	0.0840285367684879
h1SMcG0003382	-1.47824042126663	0.25610447029234
h1SMcG0003384	-0.439821958785032	0.761239566628037
h1SMcG0003385	4.95121250802852	0.0000000573579684600992
h1SMcG0003386	4.15980754815867	0.0000000129709415313249
h1SMcG0003387	2.64190197695792	0.000166469913567178
h1SMcG0003389	0.262611244906074	0.704913112282324
h1SMcG0003391	2.06784664851244	0.0141717312062027
h1SMcG0003392	-2.42966991997291	0.00106884742418466
h1SMcG0003396	-2.00884238850383	0.000563768772707106
h1SMcG0003397	-0.524780853887413	0.610403037410282
h1SMcG0003398	-0.136650732796521	0.940621730555514
h1SMcG0003400	-1.43811208533199	0.273502626964923
h1SMcG0003401	-1.21714530077943	0.281059573967726
h1SMcG0003403	-2.82063997054345	0.0222151942111425
h1SMcG0003404	1.46290738472688	0.111222602249497
h1SMcG0003407	2.07397307927337	0.0897150355245487
h1SMcG0003408	0.625472172642585	0.0899740194573974
h1SMcG0003409	0.061124503660617	0.895993367726469
h1SMcG0003411	1.11300583154601	0.00595360311219389
h1SMcG0003412	7.01808045753987	0.0000000000000000753440982765594
h1SMcG0003413	-0.675677352319222	0.158100886980615
h1SMcG0003415	-0.962586180669374	0.513440540828559
h1SMcG0003416	0.896283898985173	0.0434647708851658
h1SMcG0003420	0.371241174042388	0.650939381540695
h1SMcG0003421	-1.73633751208227	0.151827415850693
h1SMcG0003422	-0.550981398566961	0.718077285115479
h1SMcG0003423	-0.935650934128941	0.194058711092068
h1SMcG0003426	-0.926852456922425	0.23088025981941
h1SMcG0003429	-0.394578818266961	0.515784153391889
h1SMcG0003430	-5.40758769843124	0.000000630238654666755
h1SMcG0003431	-1.54238565433042	0.21848582790626
h1SMcG0003432	-1.02222119176896	0.532919281915304
h1SMcG0003433	-0.23328348850261	0.746487340506064
h1SMcG0003434	0.546974519263522	0.218648944333177
h1SMcG0003435	1.65808777653291	0.242906774511265
h1SMcG0003436	-0.858518445381329	0.218136188146704
h1SMcG0003439	-4.84573262192489	0.0000181852066827904
h1SMcG0003441	-2.71250985389043	0.0702286029656406
h1SMcG0003442	-0.755492496072583	0.276994233410208
h1SMcG0003443	-0.299177017518845	0.868154804964222
h1SMcG0003444	-2.16611249507271	0.0457534587387418
h1SMcG0003445	-1.83475127996311	0.0763974219453901
h1SMcG0003447	1.05469763866603	0.000852089322426099
h1SMcG0003449	-0.341701710576413	0.448028427794607
h1SMcG0003450	0.784830473964127	0.0334040980660152
h1SMcG0003452	-0.0667106587369364	0.953488368215291
h1SMcG0003453	-0.0216607084155919	0.990323067463484
h1SMcG0003456	-0.94624215384671	0.383619343006091
h1SMcG0003458	-1.40774774087955	0.290712562069203
h1SMcG0003460	0.666459292930937	0.369825305711512
h1SMcG0003461	0.344173781959535	0.424347594489377
h1SMcG0003463	-1.64045372502724	0.0100343854534473
h1SMcG0003464	0.604753330723198	0.128216941314365
h1SMcG0003465	0.869446939069576	0.00526323811212702
h1SMcG0003466	0.687486602960121	0.235818113006997
h1SMcG0003467	-2.01030817955398	0.147424703473834
h1SMcG0003471	0.201012989537259	0.605961609328579
h1SMcG0003472	-1.1894857857054	0.456387256352507
h1SMcG0003473	0.363369231943136	0.714706682119845
h1SMcG0003474	0.0284051754672293	0.984096213478697
h1SMcG0003475	-0.726994408477753	0.0831946684608301
h1SMcG0003476	0.390698453658753	0.710660788550345
h1SMcG0003477	1.45860744614918	0.00173207521998601
h1SMcG0003478	0.720281792235576	0.583484534619296
h1SMcG0003480	0.788953341613682	0.514759985640625
h1SMcG0003481	-1.17078768835965	0.346899466029904
h1SMcG0003482	-1.52303389701783	0.172938689455298
h1SMcG0003483	-1.22725319124609	0.050043877394684
h1SMcG0003486	-1.63517186520073	0.176946807415969
h1SMcG0003488	-0.411724455194971	0.461546269859816
h1SMcG0003493	0.281517972525093	0.57547564519718
h1SMcG0003494	-0.527241985551305	0.122759817513474
h1SMcG0003500	1.11382456054713	0.324320956417703
h1SMcG0003502	0.321698119558863	0.553471068031765
h1SMcG0003504	-0.00584738256320417	0.996067651083725
h1SMcG0003507	-0.903745104807034	0.205914393967689
h1SMcG0003508	-0.378428938767837	0.752176061768011
h1SMcG0003510	-2.30052105810114	0.00000347951848472524
h1SMcG0003511	-0.862927050626299	0.0056339505963145
h1SMcG0003515	-2.91787597291277	0.0445342356145665
h1SMcG0003517	-1.8073790345523	0.00805460254619406
h1SMcG0003518	1.62453782304712	0.00000839071246895209
h1SMcG0003519	-0.517626826377701	0.438617436294338
h1SMcG0003520	0.475505293384783	0.743074240529577
h1SMcG0003522	-0.555041251747694	0.72529728190451
h1SMcG0003523	0.744531293865429	0.479753049356614
h1SMcG0003526	0.349909655889058	0.738009459930913
h1SMcG0003527	0.329976982353817	0.753162136747379
h1SMcG0003529	1.07491518583481	0.424030191798729
h1SMcG0003530	0.618045890678421	0.0846359945027701
h1SMcG0003531	0.0222390668932418	0.98883427629176
h1SMcG0003532	0.265460738901702	0.679135248035156
h1SMcG0003534	0.723377535054047	0.0715349844100345
h1SMcG0003538	0.361879477753123	0.832059691646087
h1SMcG0003539	-0.00254878578317245	0.99836141239314
h1SMcG0003540	0.2775154351932	0.813143733435709
h1SMcG0003543	-1.53670234000948	0.29480889976438
h1SMcG0003545	-2.10350202241129	0.0672088286154445
h1SMcG0003547	-0.24665895698053	0.835046575108348
h1SMcG0003551	0.761189944483884	0.129997056877583
h1SMcG0003552	0.0238791327269857	0.981680426496353
h1SMcG0003553	4.00055002927239	0.000000000000000000000000000204210289313388
h1SMcG0003556	1.1579488168685	0.0000535392141944415
h1SMcG0003558	-0.78870617334873	0.149134080366797
h1SMcG0003565	-0.813445108908799	0.187433454263218
h1SMcG0003572	0.300290806448736	0.485675599068866
h1SMcG0003573	-1.39872030855451	0.122759817513474
h1SMcG0003576	0.543791598128184	0.679750712331414
h1SMcG0003578	0.518174890153013	0.309514081424601
h1SMcG0003579	-0.269967606762927	0.83974170620973
h1SMcG0003580	2.65169678513581	0.000024775833276784
h1SMcG0003581	-0.539457121027788	0.584328794711544
h1SMcG0003582	-1.94800753307818	0.00829464609376995
h1SMcG0003583	-1.01229403084885	0.00429569019625584
h1SMcG0003584	0.809447318910095	0.548519904174047
h1SMcG0003587	-3.12270404942391	0.025531668260213
h1SMcG0003589	-0.832696892481692	0.0219714592724226
h1SMcG0003590	-2.05310035699686	0.180974216716767
h1SMcG0003594	-0.826475612685858	0.463627189627028
h1SMcG0003595	-0.0875770943279766	0.883143721658043
h1SMcG0003596	3.26396957396078	0.0000000000000000385931605199868
h1SMcG0003601	0.93688104504311	0.061931487783439
h1SMcG0003602	0.480777382451418	0.731979559176613
h1SMcG0003604	-3.64303631277744	0.00258754833595008
h1SMcG0003605	-0.342182989276805	0.664284083208964
h1SMcG0003608	-0.396604398002442	0.401642954298209
h1SMcG0003610	-1.10226241323968	0.00739052641175028
h1SMcG0003611	0.318092378582772	0.782152444065364
h1SMcG0003620	0.546007907863878	0.326720486419843
h1SMcG0003622	-0.248982365877972	0.824608465967338
h1SMcG0003625	-1.50409217055457	0.00196628786977528
h1SMcG0003627	0.833916946759259	0.460922718797671
h1SMcG0003628	-1.35257170596464	0.323889006892202
h1SMcG0003629	-0.810117374847894	0.230090967510543
h1SMcG0003631	-0.998378336682941	0.250390184136389
h1SMcG0003632	-0.385990915994491	0.478831104006243
h1SMcG0003633	-0.56715316382294	0.117278855740582
h1SMcG0003634	0.188022334828789	0.817339226197193
h1SMcG0003646	-2.18648991305529	0.0631613855526909
h1SMcG0003647	-0.514307938785444	0.369745555648063
h1SMcG0003648	0.360044998702353	0.819727998704124
h1SMcG0003650	0.899413242529962	0.589584454484814
h1SMcG0003651	0.153356691241443	0.739314460998028
h1SMcG0003654	-0.470203403275466	0.286253152058721
h1SMcG0003655	0.0972312728426305	0.929808795721276
h1SMcG0003656	0.135497625577151	0.863435464920632
h1SMcG0003657	-1.33461073569764	0.266342035786773
h1SMcG0003658	-1.46702903425872	0.0761181045859342
h1SMcG0003663	0.783489040700136	0.531919644402995
h1SMcG0003664	-2.50706326181161	0.0427689348183323
h1SMcG0003665	-0.281127232676468	0.429513130445861
h1SMcG0003668	-0.326471792766632	0.60981206529809
h1SMcG0003669	-2.35042064306345	0.0119997345319957
h1SMcG0003670	0.148268677330164	0.794590023057476
h1SMcG0003672	1.23270265192981	0.00000157664057813479
h1SMcG0003675	-0.264996405941884	0.844021989661415
h1SMcG0003676	-0.32323700451584	0.776959226932872
h1SMcG0003677	0.651220419489639	0.420257856546698
h1SMcG0003680	-2.20812994574833	0.0868138228933137
h1SMcG0003686	0.328401212313496	0.58803938395793
h1SMcG0003687	0.447368457191844	0.785492409725487
h1SMcG0003694	0.867089233404687	0.017969889389737
h1SMcG0003696	-0.283779964403061	0.814870187805613
h1SMcG0003698	0.367958084751948	0.657094895572202
h1SMcG0003699	3.13661106349711	0.00839471773198172
h1SMcG0003701	0.0813598600342091	0.958423812400082
h1SMcG0003703	0.502324141464752	0.733420489346376
h1SMcG0003708	-0.865935424717565	0.0172136595034391
h1SMcG0003710	-0.48841463303001	0.503754421058888
h1SMcG0003713	0.346175440363653	0.449434213516849
h1SMcG0003714	-0.144287075437478	0.876244754429243
h1SMcG0003715	0.375861388222145	0.580563856383695
h1SMcG0003717	0.209894942214331	0.584044988562659
h1SMcG0003718	-0.953255941804282	0.158724086842914
h1SMcG0003719	-0.216162983771525	0.885155932426266
h1SMcG0003721	-0.869174524484567	0.194046392778586
h1SMcG0003722	0.019131849425204	0.981827666666126
h1SMcG0003724	-0.173484266240904	0.668186629078518
h1SMcG0003725	0.108818430492792	0.901671002352379
h1SMcG0003729	-0.542524096755101	0.703308114053924
h1SMcG0003730	-1.55316675405955	0.0651762365657652
h1SMcG0003731	-0.258109573510116	0.756395538716586
h1SMcG0003735	0.169290585836263	0.817551600967513
h1SMcG0003737	-0.335761432757953	0.402112937718988
h1SMcG0003738	0.131583191321138	0.869808248570255
h1SMcG0003740	-1.14863321562373	0.0450741260993072
h1SMcG0003742	2.89703618476743	0.000425859857317099
h1SMcG0003743	0.599792618804703	0.127395338529226
h1SMcG0003745	-3.21887262231538	0.0107026668046834
h1SMcG0003746	0.342602927146531	0.791344458552834
h1SMcG0003757	1.42045758845332	0.253190959397401
h1SMcG0003758	-1.07722271463259	0.198341552876893
h1SMcG0003759	-0.0954601334501958	0.881760331461608
h1SMcG0003763	0.853075388286341	0.437985882071543
h1SMcG0003770	1.48004545205185	0.241845877312866
h1SMcG0003773	-1.23862036617878	0.282803457329299
h1SMcG0003774	0.209582699321247	0.828780890275689
h1SMcG0003775	-1.56734768373264	0.0209859418344478
h1SMcG0003777	0.153138587972979	0.775020343690953
h1SMcG0003779	-1.82585985268321	0.147441059771372
h1SMcG0003780	-0.529313092660304	0.505715542519822
h1SMcG0003782	0.0938207510888742	0.855815301826819
h1SMcG0003783	0.289095302422062	0.662328989639443
h1SMcG0003784	1.22938147999473	0.00259854437338498
h1SMcG0003785	-0.357158838987505	0.652912497987518
h1SMcG0003786	0.00114626770834486	0.999048872310267
h1SMcG0003791	1.172789747908	0.445632833970839
h1SMcG0003794	-2.02707975898152	0.188474875957681
h1SMcG0003797	-0.236442919050149	0.576577639088371
h1SMcG0003798	-2.25282850786986	0.00000155144296421543
h1SMcG0003801	1.14229393892623	0.383619343006091
h1SMcG0003802	-0.281083675756949	0.783032936357493
h1SMcG0003803	0.0246371632506193	0.969517480137064
h1SMcG0003807	-0.407332477042745	0.810164490795537
h1SMcG0003808	-1.41287994271297	0.0047838256848149
h1SMcG0003809	-1.86271021274819	0.228085442007292
h1SMcG0003810	-0.998358479378123	0.261846728517536
h1SMcG0003812	0.389207370405209	0.634372511106315
h1SMcG0003814	1.08884232164571	0.441654359313805
h1SMcG0003815	-1.38109751203472	0.000458982346769418
h1SMcG0003816	1.42082937248434	0.00000139544342289624
h1SMcG0003818	0.648622296130029	0.137308233571335
h1SMcG0003819	-1.34873342623064	0.207659009956823
h1SMcG0003820	-2.3151767605562	0.107155206861207
h1SMcG0003821	-0.402763435352308	0.631208983103346
h1SMcG0003823	-1.09398399329381	0.336015815194964
h1SMcG0003824	0.645294278941116	0.571763383216493
h1SMcG0003834	0.0163183589479368	0.988014466200884
h1SMcG0003836	-1.4698942724646	0.225480120391804
h1SMcG0003838	2.14151738650399	0.00000000000344966242526929
h1SMcG0003839	-2.85242369148968	0.0000000435104612997171
h1SMcG0003840	-2.32443338633158	0.0195835361155289
h1SMcG0003841	-1.77403872447404	0.181872834813747
h1SMcG0003842	-0.817285756753124	0.186910757713062
h1SMcG0003846	1.78236006333268	0.0777485552684944
h1SMcG0003847	-1.74608513783345	0.0385791629140296
h1SMcG0003849	-1.16567175749583	0.087732515123687
h1SMcG0003850	0.511255955390903	0.697679244321278
h1SMcG0003851	-1.68195833518034	0.197780113499919
h1SMcG0003852	-0.224118765686674	0.87179250941749
h1SMcG0003857	-0.757981851216322	0.259131419463081
h1SMcG0003858	-1.53655669284907	0.0447862256671341
h1SMcG0003859	-1.15362244561718	0.191367142451067
h1SMcG0003863	0.904190844236095	0.202821931200766
h1SMcG0003866	-1.82675770421221	0.180056071742484
h1SMcG0003868	0.672410893417796	0.0425495675071649
h1SMcG0003873	-1.29528371190737	0.406672289957756
h1SMcG0003875	0.728678006087907	0.0713248066673527
h1SMcG0003879	0.537798928046257	0.335964981500515
h1SMcG0003881	0.0317658158828477	0.948363830300134
h1SMcG0003882	0.545592312252697	0.751506204520411
h1SMcG0003883	0.313108999753274	0.87275834604596
h1SMcG0003884	1.03616837260867	0.0047838256848149
h1SMcG0003887	-1.20921313736507	0.434084457520198
h1SMcG0003889	-0.193274200683722	0.789689193057371
h1SMcG0003893	4.55890420326237	0.0000000000487957051254253
h1SMcG0003895	-1.1070995905418	0.0232536892963467
h1SMcG0003896	-0.477628924332426	0.242720274839935
h1SMcG0003897	-0.0438058599115119	0.939269111992388
h1SMcG0003899	-0.285695625589032	0.815043238296994
h1SMcG0003919	0.194046462824663	0.775216293818608
h1SMcG0003928	1.22071115591714	0.224356397137068
h1SMcG0003929	-1.58204428438076	0.0736271227592434
h1SMcG0003937	-0.385488501138764	0.634352112353372
h1SMcG0003938	-0.736019322573653	0.457471805040739
h1SMcG0003940	1.05742181845222	0.246281049201136
h1SMcG0003941	3.94882032521005	0.000000000000000000886662121541486
h1SMcG0003942	0.352945626398145	0.423161738258703
h1SMcG0003945	1.94823163684734	0.00000000000143559213957946
h1SMcG0003947	2.079986853286	0.00140397472745159
h1SMcG0003948	-0.0408542301415156	0.973028030330311
h1SMcG0003950	0.268807509118505	0.746487340506064
h1SMcG0003951	1.84017174299653	0.0820982645960357
h1SMcG0003953	-0.185284438335719	0.790481871124144
h1SMcG0003962	-1.38178193685343	0.154242934945428
h1SMcG0003963	0.359104610561295	0.377317608548774
h1SMcG0003967	-0.698515202514945	0.370431156990545
h1SMcG0003968	-1.06807295070939	0.35607113442677
h1SMcG0003969	2.14990859586629	0.0108497702773438
h1SMcG0003975	0.409081724713166	0.246556092177275
h1SMcG0003976	0.798678841207263	0.29037186108215
h1SMcG0003978	2.02505184604985	0.00000000127086644013968
h1SMcG0003979	-0.632618050821254	0.208602986906457
h1SMcG0003985	0.47078787491726	0.196712492251055
h1SMcG0003986	-0.950205311540661	0.20999954760511
h1SMcG0003987	-1.00307610516612	0.0368588397032622
h1SMcG0003991	2.16908439028013	0.00667576273069531
h1SMcG0003993	1.76472022402994	0.175889627103809
h1SMcG0003995	-0.129834276159925	0.943609703528689
h1SMcG0003996	-0.300069811668742	0.577139908884399
h1SMcG0004001	-0.79145294568037	0.236732411023297
h1SMcG0004004	-4.12628907610975	0.000422709913312557
h1SMcG0004005	-1.34522205074925	0.387638788642864
h1SMcG0004006	-0.959110252788165	0.388122111154864
h1SMcG0004009	-2.06985131353879	0.179370857916901
h1SMcG0004010	-0.646349848647803	0.333425267356607
h1SMcG0004011	-0.516021933335349	0.261394508299415
h1SMcG0004012	-0.721555327643467	0.56379102934229
h1SMcG0004013	-1.23207537469594	0.235204685161651
h1SMcG0004016	-0.36822937225853	0.496907440586554
h1SMcG0004018	-2.0759634736391	0.107412866024302
h1SMcG0004019	-1.10883316396312	0.298263301929467
h1SMcG0004033	-3.57446748002396	0.00186699781569206
h1SMcG0004034	2.59888391638316	0.0000000000000452949703504232
h1SMcG0004038	-1.0545467256638	0.204484681871129
h1SMcG0004042	-2.90956516257004	0.00000052569534572592
h1SMcG0004045	-0.301520184521409	0.763844222882283
h1SMcG0004046	-2.33678870336705	0.00000614462415581185
h1SMcG0004048	-0.342573134128102	0.737766678841899
h1SMcG0004049	-1.27165646593592	0.0557146203433739
h1SMcG0004050	-1.09084530805901	0.0308634042564013
h1SMcG0004051	-1.26805031510243	0.00385663672096388
h1SMcG0004052	-0.739548870443812	0.0768613528302413
h1SMcG0004055	0.579151024923075	0.25626991915834
h1SMcG0004057	-2.14049433680894	0.0000310331799201726
h1SMcG0004058	0.804324508927977	0.462392622383614
h1SMcG0004060	0.0823374948589671	0.911005311091851
h1SMcG0004061	-0.6082721112047	0.583484534619296
h1SMcG0004063	-1.51351719967938	0.00227598541480928
h1SMcG0004065	-0.696065136964991	0.621639998170972
h1SMcG0004066	-0.55371034334092	0.362186704891864
h1SMcG0004067	0.395181462366624	0.273412222094553
h1SMcG0004068	-0.657944057969603	0.609892753764709
h1SMcG0004069	-1.21744424263909	0.0868868897962023
h1SMcG0004071	-1.47317080586651	0.141831172772593
h1SMcG0004074	-1.0448527061081	0.095217622993737
h1SMcG0004076	0.496007921906078	0.51963284891407
h1SMcG0004077	-0.749376871086729	0.0537056066176731
h1SMcG0004078	-1.2398329927949	0.0250465888633694
h1SMcG0004079	-0.941966913418013	0.156596441524056
h1SMcG0004080	-1.06887503298946	0.089475095496991
h1SMcG0004081	-0.609521868567319	0.694676944322377
h1SMcG0004082	-2.41954864212911	0.077314267134074
h1SMcG0004083	-2.04822372653246	0.0211726619126912
h1SMcG0004086	-0.523364469805768	0.411444416447486
h1SMcG0004096	1.3415283289003	0.158908894226065
h1SMcG0004097	0.633752720249957	0.232713610375155
h1SMcG0004098	0.526192708421046	0.761239566628037
h1SMcG0004104	0.213254302160274	0.802210026552598
h1SMcG0004106	-1.92938286247546	0.0154975126333418
h1SMcG0004107	0.499058626863694	0.543954107471392
h1SMcG0004108	-0.798192270662132	0.322245072337693
h1SMcG0004111	0.82739883419382	0.010310498648734
h1SMcG0004112	0.198929239935636	0.756395538716586
h1SMcG0004114	-1.67810761010435	0.00243836785671794
h1SMcG0004116	2.05542201968396	0.0000000000000135985529910618
h1SMcG0004117	-2.42955755699289	0.000115245455156841
h1SMcG0004119	0.711725621709175	0.316041192284158
h1SMcG0004122	-1.71798505505665	0.0394366392153563
h1SMcG0004124	-0.919031639416686	0.290669314773323
h1SMcG0004127	0.022779448609126	0.971019478514884
h1SMcG0004135	0.134451406790917	0.815009351819565
h1SMcG0004146	-1.07538307169777	0.0487971805468809
h1SMcG0004148	-0.472258397276783	0.742437780078868
h1SMcG0004151	0.129376040895129	0.922683632653122
h1SMcG0004152	-0.0429115594402568	0.981898126229961
h1SMcG0004154	-2.09473851640349	0.0833289748263564
h1SMcG0004155	-1.89790066761951	0.0844671501375729
h1SMcG0004156	-0.637899005163638	0.0279328154759224
h1SMcG0004157	-0.317760963043407	0.856769893554721
h1SMcG0004162	0.00995460259233739	0.995895202841689
h1SMcG0004165	-0.335180032431065	0.8115507460159
h1SMcG0004166	-1.96767500481041	0.0131306039792683
h1SMcG0004168	-0.263831101601167	0.695941213543493
h1SMcG0004170	-0.5992302890145	0.106724767307153
h1SMcG0004173	-1.08071111203815	0.0475296933077191
h1SMcG0004175	1.22384074231171	0.0639863610060911
h1SMcG0004176	-1.74005319449949	0.019391327032737
h1SMcG0004177	-0.272447329409	0.801303742075735
h1SMcG0004179	-1.17923012930628	0.00203281533389949
h1SMcG0004180	-2.31690564723129	0.00000000636496733068339
h1SMcG0004181	-1.0502223381381	0.469872956505639
h1SMcG0004183	-1.24292411104109	0.0173457062275811
h1SMcG0004189	1.12608174993008	0.00573964319236377
h1SMcG0004190	-0.858140593925153	0.334775193474755
h1SMcG0004192	-1.26737553551481	0.0243905491093464
h1SMcG0004194	-0.707391838041088	0.159967413439488
h1SMcG0004197	-1.83026537119033	0.0000320530162110911
h1SMcG0004200	2.27547424915353	0.00160223573313287
h1SMcG0004201	6.54173832875608	0.000000000000459301789774695
h1SMcG0004202	5.58578791336746	0.00000000000000000000000000643848389506441
h1SMcG0004203	1.53755086110229	0.02647583442599
h1SMcG0004207	-0.726094469455705	0.0362144239531397
h1SMcG0004208	-0.569688854104742	0.506420578568825
h1SMcG0004209	-0.441147931958979	0.611282161137719
h1SMcG0004211	-2.19151982131882	0.10105136842435
h1SMcG0004212	-0.867193192309556	0.363761528469826
h1SMcG0004220	0.204003823024576	0.869860649163144
h1SMcG0004221	1.57153445579232	0.00805039812420837
h1SMcG0004228	1.03409250662998	0.297472976867815
h1SMcG0004231	0.980092206188614	0.512099871403634
h1SMcG0004232	-0.0961946319285594	0.934009417844901
h1SMcG0004235	0.0967093209794207	0.947194978791523
h1SMcG0004236	-3.26375687493736	0.0101691531518401
h1SMcG0004237	-2.50896056657398	0.0000000536076566894762
h1SMcG0004240	-0.0352973892763468	0.974790739654132
h1SMcG0004241	0.28845591654419	0.578867558940138
h1SMcG0004242	-0.548587576219156	0.578905428124221
h1SMcG0004243	-2.19842970728768	0.0636140361472296
h1SMcG0004244	-1.48894712250925	0.0616800981934896
h1SMcG0004246	-0.467216269030034	0.793643597700021
h1SMcG0004250	0.27403566743769	0.866619756813746
h1SMcG0004251	-3.01981560609465	0.0307437181418603
h1SMcG0004252	0.0113749881886184	0.98632096221806
h1SMcG0004254	-0.971559670343746	0.506342128321114
h1SMcG0004259	-0.92514069667476	0.547147321992825
h1SMcG0004260	0.460825996667903	0.649341560819891
h1SMcG0004262	4.57525562907148	0.0000000000000000000345398571937042
h1SMcG0004264	0.477991792458873	0.742742370863408
h1SMcG0004266	-0.756230220815911	0.258956863666699
h1SMcG0004269	-0.171574130125872	0.648103212083952
h1SMcG0004270	-0.0324466474915518	0.952811511624992
h1SMcG0004271	0.0706288958835488	0.903996464462461
h1SMcG0004275	1.40201538359311	0.000358136978427995
h1SMcG0004276	-2.1168644028945	0.0233574630768739
h1SMcG0004279	-1.27239230291853	0.359800707854102
h1SMcG0004280	-0.231446507466022	0.729394198176188
h1SMcG0004286	0.715043659682319	0.0891781286677302
h1SMcG0004289	-1.02478792683548	0.40063862940204
h1SMcG0004290	-0.765533829851176	0.151889621120764
h1SMcG0004291	-0.395508873835059	0.47254190751706
h1SMcG0004292	-3.22844307370761	0.0186646329178068
h1SMcG0004294	-1.54208414010963	0.187941138282066
h1SMcG0004296	-1.4537962532995	0.0805352867077846
h1SMcG0004298	0.262637870724717	0.761229480576797
h1SMcG0004299	7.17832162096869	0.000000000000000000000000000000000000000000000073457317444201
h1SMcG0004300	-3.12053328936263	0.00638301098690966
h1SMcG0004301	1.06177806487832	0.228115761772172
h1SMcG0004302	0.881994934537711	0.51488833994662
h1SMcG0004303	-2.94690469364214	0.0403427036337907
h1SMcG0004305	-1.4836449257746	0.0198840831391395
h1SMcG0004308	-0.207707977978247	0.903563809672695
h1SMcG0004310	0.637810765389835	0.118653969434376
h1SMcG0004317	0.503320634498003	0.568221185011802
h1SMcG0004318	-1.805694627103	0.109620289165827
h1SMcG0004320	0.859628149844365	0.132074028405799
h1SMcG0004322	0.290881360295745	0.741749951732137
h1SMcG0004323	0.116645933759717	0.858950110355648
h1SMcG0004324	-4.04243660462923	0.000000000275568055944195
h1SMcG0004327	-1.73021848085529	0.0897150355245487
h1SMcG0004329	-0.369640213435263	0.743427664418415
h1SMcG0004340	-0.29684704239675	0.644731610619477
h1SMcG0004342	1.06171269316115	0.305502351936147
h1SMcG0004343	-0.0238462696830804	0.97753706332423
h1SMcG0004344	4.88707372411776	0.00000000000000000000000000000000000000000209577255547327
h1SMcG0004347	-2.66851424785835	0.0331746748453772
h1SMcG0004348	-2.49617354665514	0.0509643015804474
h1SMcG0004349	-1.71855439091216	0.00014365549857869
h1SMcG0004352	0.680346804645586	0.228752534896548
h1SMcG0004354	0.196879006713048	0.698764163291641
h1SMcG0004355	0.350378064445372	0.359567303983183
h1SMcG0004356	0.256260160024472	0.785167328141252
h1SMcG0004357	0.325725859305372	0.732439875670321
h1SMcG0004358	-0.127757202269486	0.727939221863656
h1SMcG0004359	0.203354683203965	0.789461092790116
h1SMcG0004364	0.0814515095443265	0.961595745418925
h1SMcG0004365	-0.462898852482672	0.42823311566298
h1SMcG0004366	-2.74923730248611	0.0394773003982179
h1SMcG0004368	-0.378829062213305	0.570995686433311
h1SMcG0004369	2.37667982981269	0.0000000000746571457699844
h1SMcG0004370	-0.643087546754183	0.328430341723744
h1SMcG0004371	-1.44879065962333	0.00310614414118205
h1SMcG0004373	0.394239185943973	0.635686147795248
h1SMcG0004374	-0.235415561746265	0.831383831495879
h1SMcG0004377	-0.36472745648641	0.717230408294743
h1SMcG0004379	0.161749379354183	0.779104439797786
h1SMcG0004380	-0.00497865405257316	0.993399945752967
h1SMcG0004384	-0.182995977503499	0.842811847795238
h1SMcG0004386	-2.8043124441541	0.00110803929718472
h1SMcG0004388	-0.889373812176892	0.0606894475568527
h1SMcG0004389	-0.882580701200631	0.0610401259275008
h1SMcG0004393	-5.31172283616592	0.000000336647826751047
h1SMcG0004394	1.71406742475564	0.00840114547406374
h1SMcG0004395	-1.41155853896082	0.238079548062976
h1SMcG0004396	0.570669307458628	0.241845877312866
h1SMcG0004397	-0.769728057965315	0.512099871403634
h1SMcG0004398	-1.14763316971574	0.0757493322202048
h1SMcG0004399	-1.39553643035132	0.156141622749396
h1SMcG0004400	-0.349741774066878	0.725010186065394
h1SMcG0004401	0.655986799601673	0.357176422047341
h1SMcG0004404	-1.37573876386471	0.0000799957598089509
h1SMcG0004405	2.30820578445951	0.0000855489292313126
h1SMcG0004406	-1.04179287024238	0.070607581766276
h1SMcG0004408	0.868044763112962	0.545783425791434
h1SMcG0004410	-0.0680907063614526	0.931996699285053
h1SMcG0004411	0.0946094409471506	0.948099235899215
h1SMcG0004413	-0.785296673560485	0.297175231441361
h1SMcG0004414	1.6664189714381	0.00217842833226008
h1SMcG0004416	-0.632199182436744	0.37437852170785
h1SMcG0004417	-2.46704605600993	0.00686572989653307
h1SMcG0004418	-0.538166186119809	0.166472210197166
h1SMcG0004421	0.756462901516348	0.471293764575376
h1SMcG0004422	-1.36341425414218	0.125768692525797
h1SMcG0004423	-0.982595242228478	0.067338507010125
h1SMcG0004424	-1.3573845274462	0.218571281484866
h1SMcG0004427	-0.872784999753946	0.0515458006427615
h1SMcG0004428	-0.235945345074474	0.845265768554171
h1SMcG0004431	0.321965569984687	0.467664849250316
h1SMcG0004437	3.33890163998461	0.000000000887821690573203
h1SMcG0004438	-0.799293925595049	0.396955953031159
h1SMcG0004439	0.576985667713129	0.192738827948459
h1SMcG0004440	-0.394523627077634	0.693498143545497
h1SMcG0004441	-0.622149808477677	0.537688687290275
h1SMcG0004442	1.76060157493551	0.180752347714054
h1SMcG0004443	-0.961418243633695	0.329922448601693
h1SMcG0004444	1.79170145246257	0.000268784659204221
h1SMcG0004445	-1.79982446570157	0.048719170996823
h1SMcG0004448	2.35561822820762	0.0345474645808793
h1SMcG0004449	0.90343158082008	0.0298310865306068
h1SMcG0004450	-0.917251205834108	0.443885962415518
h1SMcG0004452	-3.79940501860599	0.00247518124067255
h1SMcG0004453	-0.359851580816323	0.559933357062742
h1SMcG0004455	-2.64174838332805	0.0597169624256446
h1SMcG0004458	-0.0146975763153523	0.982369829674919
h1SMcG0004460	0.222821991341749	0.89527840459794
h1SMcG0004462	1.29702325534018	0.00135459160006658
h1SMcG0004467	-0.505913745766571	0.767876449916958
h1SMcG0004468	0.0282964668491672	0.969706215956342
h1SMcG0004469	-2.66546363585272	0.00200372337886456
h1SMcG0004470	-3.05853494000278	0.000143680075495182
h1SMcG0004471	1.54767955748113	0.0016400944511097
h1SMcG0004472	-1.08115948603716	0.0144845849578439
h1SMcG0004473	-0.270351717384147	0.855075825797967
h1SMcG0004474	-1.3184963890022	0.348884343414922
h1SMcG0004476	-0.0853792532938742	0.897730151639723
h1SMcG0004478	-1.32677199088229	0.30196770751897
h1SMcG0004479	-1.47065814587969	0.19540417000188
h1SMcG0004480	-2.25318049590467	0.00526691875455937
h1SMcG0004483	-1.09441139334092	0.253190959397401
h1SMcG0004485	0.136850610229709	0.801229043707045
h1SMcG0004486	-0.0511141953013137	0.97753706332423
h1SMcG0004487	0.716511886894038	0.0331569202919985
h1SMcG0004489	-1.22715970670119	0.260599756516045
h1SMcG0004490	0.0404562559543328	0.982122038398463
h1SMcG0004491	-1.19531878788689	0.0713348243239956
h1SMcG0004493	0.495154145249133	0.221676952476559
h1SMcG0004495	-0.222659014156591	0.790481871124144
h1SMcG0004499	-0.726259708517005	0.473515748509968
h1SMcG0004501	0.785633898625755	0.569444701587734
h1SMcG0004505	-3.0836834496908	0.0185295545186245
h1SMcG0004509	-0.814525513969424	0.123252301882064
h1SMcG0004513	-1.26256065390588	0.304070521374722
h1SMcG0004514	0.333381544653075	0.831855671396563
h1SMcG0004516	0.922744387212713	0.0604108900306538
h1SMcG0004518	0.394488674563286	0.741825395774103
h1SMcG0004520	-0.484148350051287	0.657094895572202
h1SMcG0004523	-2.02140833350682	0.00750687167063769
h1SMcG0004525	-1.50782436210259	0.0000000279459652054875
h1SMcG0004527	2.25972582119445	0.00000000000000171674238220991
h1SMcG0004531	-1.68831338262967	0.244020604759283
h1SMcG0004532	0.473474832757781	0.209804033410463
h1SMcG0004538	-3.65675409858209	0.00433697527792131
h1SMcG0004539	0.0940197746385141	0.884056633948582
h1SMcG0004543	-0.877791693425794	0.343413797743273
h1SMcG0004545	-2.17545987773892	0.1491126950887
h1SMcG0004546	-2.55935826101861	0.0675815669570699
h1SMcG0004547	5.18796162853976	0.000000000000000000000000000000214721088809779
h1SMcG0004551	0.910225632565252	0.521815849189681
h1SMcG0004555	0.00425337340827336	0.997234972721984
h1SMcG0004558	-0.920055587102185	0.0433538607683772
h1SMcG0004562	2.44127986061615	0.0143106360059285
h1SMcG0004563	-2.71372752989558	0.0301585366315898
h1SMcG0004566	0.429367912188588	0.397925548530747
h1SMcG0004567	1.85262143856944	0.0226641080899705
h1SMcG0004572	1.72040619931395	0.241586994991405
h1SMcG0004574	0.477211619129783	0.540337774509028
h1SMcG0004576	1.86413171485711	0.00000000363732260712871
h1SMcG0004584	-1.59825967179637	0.0689907128997064
h1SMcG0004585	0.18336945314118	0.669747324616808
h1SMcG0004586	-0.00308444194887441	0.9971343262375
h1SMcG0004588	-0.703079802521996	0.230135269542302
h1SMcG0004589	1.49221342428108	0.000119267972338441
h1SMcG0004590	0.910217000957347	0.111879972459958
h1SMcG0004592	-1.41075705799333	0.235315534420039
h1SMcG0004593	-2.11349225236087	0.0260131484752016
h1SMcG0004594	1.03049903583867	0.17698240462998
h1SMcG0004596	0.624216739997748	0.142493857452099
h1SMcG0004602	-0.129504351918984	0.885085820612889
h1SMcG0004604	-0.032448616784392	0.981534443132749
h1SMcG0004606	-1.59027575706556	0.000712171991745553
h1SMcG0004607	-1.19466252562325	0.0162091927224472
h1SMcG0004608	0.643745307666644	0.108133525487998
h1SMcG0004609	-2.84412100022714	0.0000116722104935325
h1SMcG0004610	0.459567230230179	0.347291813668199
h1SMcG0004613	1.235499417489	0.0338481191812945
h1SMcG0004615	-2.36228229274804	0.103230857594839
h1SMcG0004616	-2.89523227860147	0.0455482383274474
h1SMcG0004619	-0.196045139617231	0.883488943245272
h1SMcG0004621	-1.93566333443034	0.195298388498802
h1SMcG0004622	-0.476021068229083	0.193383200694834
h1SMcG0004623	-0.63901437200547	0.653469146431548
h1SMcG0004624	-0.139633131409116	0.827770494628955
h1SMcG0004627	-1.4584085730913	0.0942415909406311
h1SMcG0004630	-0.264372333325793	0.751506204520411
h1SMcG0004632	5.15853619779982	0.0000000000000000000614743207927767
h1SMcG0004634	-2.61916159692305	0.059097562644536
h1SMcG0004637	0.119939602734076	0.828725018630329
h1SMcG0004638	-0.182639542806951	0.875878821430003
h1SMcG0004643	7.99145954606574	0.0000000000000000000000000000000000000000000000000000000000114448042462301
h1SMcG0004644	0.441771300691125	0.784772696662044
h1SMcG0004645	-0.135868265591713	0.944756725567653
h1SMcG0004647	0.225470798484297	0.896119642242632
h1SMcG0004648	0.0602988029145436	0.947103294985541
h1SMcG0004650	1.6327504949069	0.011013447176986
h1SMcG0004654	-0.254247226093308	0.716982797808308
h1SMcG0004655	-0.861685925572165	0.387477408740362
h1SMcG0004656	3.90986443447612	0.00000000000000000000000000000000000000000000164085338207303
h1SMcG0004658	-0.286162232153191	0.832672458131025
h1SMcG0004659	-1.43061448165196	0.372327140052718
h1SMcG0004661	0.854593409913989	0.00228779112820647
h1SMcG0004663	-1.49866714195674	0.0758886050824576
h1SMcG0004666	-4.55615028073325	0.0000000000007794183658236
h1SMcG0004667	-0.329743964664505	0.793609343368346
h1SMcG0004671	-0.39645326962078	0.709210713979536
h1SMcG0004680	0.808275833584909	0.450103645925122
h1SMcG0004683	0.338084364188437	0.337049305450262
h1SMcG0004684	0.435931697348263	0.469872956505639
h1SMcG0004687	-0.108930061213498	0.845488946415114
h1SMcG0004688	0.0829568152755032	0.875601760575894
h1SMcG0004689	-2.25722696863744	0.00675595897570563
h1SMcG0004692	-0.312554461335246	0.497831428328765
h1SMcG0004693	-1.22421302563205	0.418970825336578
h1SMcG0004695	0.989530832065092	0.0206534879229758
h1SMcG0004697	0.60993269337248	0.207619260962795
h1SMcG0004700	-0.529610545085131	0.355193414156764
h1SMcG0004702	0.308667645554692	0.756636093068501
h1SMcG0004703	1.54070244200618	0.0663179501413728
h1SMcG0004705	-1.73054048317049	0.129831525896299
h1SMcG0004706	0.199120100512285	0.824608465967338
h1SMcG0004707	-0.500640328657477	0.637708549595994
h1SMcG0004708	-0.50075271977418	0.373655283996956
h1SMcG0004711	-0.0979390504683453	0.879691815546074
h1SMcG0004713	-1.63532120990948	0.0000915655764049521
h1SMcG0004717	-0.102643663597742	0.955501151892676
h1SMcG0004721	-0.570733605752107	0.442388347038392
h1SMcG0004722	-0.524927040366352	0.434227808525726
h1SMcG0004724	1.77853400545714	0.000834517372962323
h1SMcG0004725	2.94103382994844	0.0000000306094755149582
h1SMcG0004726	1.89907708763157	0.159052199734559
h1SMcG0004727	-0.758489911460877	0.451444434188473
h1SMcG0004728	0.683101464998437	0.255899950122186
h1SMcG0004745	0.637447887319735	0.222276855562201
h1SMcG0004749	-0.567067952003714	0.735631420263234
h1SMcG0004750	-0.767241175281253	0.507937433040964
h1SMcG0004753	-0.0617331915575077	0.929287026616002
h1SMcG0004754	-0.443661840971953	0.589475197349929
h1SMcG0004755	-1.00581182538499	0.370512236035469
h1SMcG0004760	-1.97200919900819	0.204104425370252
h1SMcG0004762	-0.0577089125561692	0.942841326799599
h1SMcG0004763	-0.0874482311229289	0.934205858758939
h1SMcG0004764	0.980290968909531	0.366895322824228
h1SMcG0004766	-0.825350673542942	0.217471717928212
h1SMcG0004767	0.764218559997178	0.599365559559025
h1SMcG0004769	0.241388287958089	0.88065575873344
h1SMcG0004773	-0.833288636330999	0.333425267356607
h1SMcG0004776	0.302444934799274	0.766499310662164
h1SMcG0004777	-0.145877009752856	0.924277662338966
h1SMcG0004778	-0.556595092812426	0.702864918271073
h1SMcG0004780	-2.31388285544293	0.111549043126717
h1SMcG0004782	-1.54134289988338	0.00741351876897549
h1SMcG0004784	0.417225773651092	0.692114409207891
h1SMcG0004786	-0.782162557747623	0.191897379766663
h1SMcG0004788	0.488139870822715	0.06483334337221
h1SMcG0004789	-0.478583451334697	0.311899143669741
h1SMcG0004790	-0.870090941622665	0.209452259858329
h1SMcG0004793	-1.31607657840266	0.0122835912632753
h1SMcG0004794	-2.73214807856145	0.0639546731444432
h1SMcG0004797	-0.708182246223678	0.618254004706507
h1SMcG0004799	-1.27156562283346	0.00157634121738539
h1SMcG0004807	0.721332129540401	0.461546269859816
h1SMcG0004808	0.0750437101350549	0.922683632653122
h1SMcG0004809	-1.51737918906562	0.0000285483412852767
h1SMcG0004810	0.0204763938574494	0.971019478514884
h1SMcG0004811	0.371894977617456	0.227048637432711
h1SMcG0004812	0.658780686050454	0.295040260108747
h1SMcG0004816	-0.427016287376815	0.643948457129148
h1SMcG0004818	-0.216840953038285	0.859056429902005
h1SMcG0004819	0.444766261442716	0.547363384532531
h1SMcG0004821	0.741336208392857	0.11781089191124
h1SMcG0004822	-1.71295914552521	0.159922756361978
h1SMcG0004823	-0.636953570289518	0.581903515543219
h1SMcG0004827	0.811736930427004	0.305032231630257
h1SMcG0004828	0.881599545110596	0.309726845716499
h1SMcG0004829	-1.57441611470131	0.156742297914835
h1SMcG0004830	-1.11369426243865	0.0308634042564013
h1SMcG0004831	1.88919727160197	0.144015122703547
h1SMcG0004832	0.588906209320477	0.117481465888553
h1SMcG0004836	3.8862472309292	0.00000000000000000000667708833200098
h1SMcG0004837	-0.662189710479462	0.364470470479318
h1SMcG0004839	0.760740338718998	0.0113487978286616
h1SMcG0004840	-0.876515160253355	0.289750253390305
h1SMcG0004841	3.01593937482479	0.000000000000000000000000708577248440856
h1SMcG0004844	0.0580097516602933	0.976654247133389
h1SMcG0004846	-1.13629522052486	0.0557797108563057
h1SMcG0004847	-0.0706643838501644	0.954440008195919
h1SMcG0004848	-0.840389546572766	0.349457899829731
h1SMcG0004850	0.650438263192012	0.411753640029729
h1SMcG0004851	0.477612520972143	0.56635787308752
h1SMcG0004856	1.34378238898757	0.0331414943189075
h1SMcG0004857	-0.43666642511094	0.603038776085436
h1SMcG0004860	-0.897873024299463	0.414268485937421
h1SMcG0004864	0.441020791865728	0.663069655839924
h1SMcG0004865	0.112102146696638	0.951160393784845
h1SMcG0004866	-2.21430702651852	0.038661339320517
h1SMcG0004867	-3.32694716636733	0.00867713737043539
h1SMcG0004868	-0.661759513574278	0.0673101656697353
h1SMcG0004870	-0.894604491850793	0.119449956078308
h1SMcG0004871	-0.199091337033	0.882990296867189
h1SMcG0004872	1.50911305838464	0.00629600732509806
h1SMcG0004874	1.40857837772403	0.000213749688861089
h1SMcG0004876	0.64316870806393	0.627054333660562
h1SMcG0004877	-0.409161080740344	0.783029066399263
h1SMcG0004878	-0.636246384097768	0.440029454087078
h1SMcG0004880	3.91313070882641	0.000000000139075803189484
h1SMcG0004882	0.284831194598897	0.88149774732181
h1SMcG0004884	1.78714093788912	0.0364416714748151
h1SMcG0004886	-0.519307439599068	0.243984952534581
h1SMcG0004888	-2.01253624260438	0.000000000000712774735083938
h1SMcG0004889	-1.46551716704771	0.271180712422523
h1SMcG0004890	-0.604256511055666	0.23303406787891
h1SMcG0004893	-0.654054676597225	0.644755287933903
h1SMcG0004894	0.838383240721933	0.0581621600553935
h1SMcG0004895	-1.4943805532516	0.0157732277226261
h1SMcG0004897	7.95732597348489	0.000000000000220290807700234
h1SMcG0004898	-0.75001115076151	0.104161228453168
h1SMcG0004900	-1.8173129584679	0.00648061485315416
h1SMcG0004901	-0.234336713220311	0.820009149781625
h1SMcG0004902	-0.970715563401183	0.373445321330864
h1SMcG0004904	-0.676113987026995	0.286058346039521
h1SMcG0004905	-1.50420604350347	0.335823133906882
h1SMcG0004907	1.63533250794182	0.000000681939113718557
h1SMcG0004908	0.896638611731594	0.146798746686315
h1SMcG0004909	0.0201179016783112	0.993135422784834
h1SMcG0004912	-0.231409445988109	0.662066592644587
h1SMcG0004914	-1.20594447231216	0.0228097638964785
h1SMcG0004915	-2.15496030328781	0.0082043610870908
h1SMcG0004916	-0.70418935300244	0.429513130445861
h1SMcG0004917	0.635070923493762	0.202126811723569
h1SMcG0004918	-1.60511458914464	0.188258973504621
h1SMcG0004919	-1.11999670264807	0.482258730380298
h1SMcG0004920	-0.763848558969237	0.227626993046428
h1SMcG0004921	0.790549844669892	0.426194642978491
h1SMcG0004924	-1.60158684279864	0.00945366693353414
h1SMcG0004928	1.24626107762657	0.322587611168926
h1SMcG0004929	-1.96547319985246	0.0011117534712781
h1SMcG0004932	0.323824630071517	0.770629655677218
h1SMcG0004934	0.229587987852303	0.877869942706116
h1SMcG0004937	-0.822005013552447	0.553124038069017
h1SMcG0004938	0.938705349473119	0.0798014598437539
h1SMcG0004941	4.77349945525962	0.0000000000000000695743078382459
h1SMcG0004942	-1.06796186565113	0.396003707163223
h1SMcG0004944	-1.41073801599168	0.293818998995598
h1SMcG0004945	-1.76046119267609	0.00106908456658848
h1SMcG0004947	0.870545021543102	0.0929056394950252
h1SMcG0004949	-1.18217713081306	0.163194608553345
h1SMcG0004950	0.228375901243269	0.832668014733029
h1SMcG0004951	3.64099901942088	0.00307107805197678
h1SMcG0004952	3.73078925778308	0.00000000000888831267058179
h1SMcG0004953	7.55407743906128	0.0000000000000000000000000000000000000000000000000000000000000000000000000000000000800485474471928
h1SMcG0004958	-0.4330454344535	0.486781782622525
h1SMcG0004960	-2.78322034388567	0.061931487783439
h1SMcG0004961	0.3096679157438	0.536225229133974
h1SMcG0004962	4.7311453548009	0.000000000000000000000000000000000000000302782392575328
h1SMcG0004963	2.62564389032185	0.000000000185613249079727
h1SMcG0004965	2.68867616714741	0.0513339959454172
h1SMcG0004966	2.24073949314209	0.0754045364477732
h1SMcG0004972	3.30696563311688	0.00000000000000173715674523245
h1SMcG0004978	-0.469228893781849	0.765479328028067
h1SMcG0004986	1.29965806393728	0.0104654715802411
h1SMcG0004987	0.662335608661012	0.415301904636054
h1SMcG0004992	2.16209230582508	0.0262881817043292
h1SMcG0004994	-0.885360536212456	0.579164428904382
h1SMcG0004995	-0.261659371003946	0.762646850157767
h1SMcG0004996	-2.30044400295659	0.0500748799143184
h1SMcG0004999	0.799812509956002	0.312963065076239
h1SMcG0005003	-0.244031241603384	0.842499076366908
h1SMcG0005004	-1.59713416802024	0.000258551214956906
h1SMcG0005005	-0.893313781946694	0.109774066554578
h1SMcG0005006	0.769918156803539	0.521815849189681
h1SMcG0005009	-0.669383789642443	0.61382183899443
h1SMcG0005013	-2.181248546316	0.000586603745656371
h1SMcG0005014	-2.79135041701075	0.0255931404062636
h1SMcG0005015	-1.74855403438435	0.00462608026987795
h1SMcG0005017	-1.84113351612601	0.0794485681151215
h1SMcG0005019	0.260715624921485	0.568382093212241
h1SMcG0005020	-0.211787662126366	0.872921132304237
h1SMcG0005021	-1.61871386779186	0.184768343512604
h1SMcG0005022	-0.4787554917073	0.778036467301202
h1SMcG0005023	-1.53098465128234	0.19540417000188
h1SMcG0005027	-1.60142687964234	0.112649556634745
h1SMcG0005030	5.32100899792913	0.00000000000000000000000000000000000000000000000010518375097444
h1SMcG0005032	-0.737888474463824	0.165844517277571
h1SMcG0005033	0.820507410799931	0.206828759446223
h1SMcG0005035	-0.340551524723489	0.579644180207253
h1SMcG0005036	-2.07826608660204	0.166669065548119
h1SMcG0005040	0.182349519828556	0.895636518696944
h1SMcG0005044	-0.225458657673775	0.881213420571508
h1SMcG0005045	-0.0529947994956626	0.929287026616002
h1SMcG0005046	0.510393905007244	0.249667263704862
h1SMcG0005048	-0.586918666136051	0.190067773485304
h1SMcG0005049	-0.979354645292717	0.197688933978681
h1SMcG0005050	-0.182676774945809	0.678971997367996
h1SMcG0005053	-1.21326455109138	0.366165482803444
h1SMcG0005059	6.08077381363794	0.00000000000000000000000000000000456645357418335
h1SMcG0005060	-2.2367431516893	0.0600743349194985
h1SMcG0005061	-0.280974815223013	0.824409893373293
h1SMcG0005062	0.547112322722406	0.6516174219756
h1SMcG0005066	0.646214164613611	0.522883230870986
h1SMcG0005067	-0.161483656788698	0.785288837235477
h1SMcG0005069	-1.85812265184926	0.0684363844984265
h1SMcG0005070	-1.85265288875434	0.00458782710337622
h1SMcG0005072	0.03526793239204	0.966215183031067
h1SMcG0005075	0.923425906858526	0.346768163312324
h1SMcG0005076	-0.834515490473031	0.246064833250031
h1SMcG0005078	3.16745438684601	0.00000000392282495301083
h1SMcG0005079	5.31194369883789	0.00000000000000000000000000000000000000000000677025789165047
h1SMcG0005081	-0.0925082161298676	0.950260811600824
h1SMcG0005082	0.349656984175952	0.681296270540048
h1SMcG0005083	-0.968633504649713	0.400825929995922
h1SMcG0005084	-1.58674581171	0.245241299745437
h1SMcG0005085	-0.466784723754352	0.298263301929467
h1SMcG0005092	-0.393004943887137	0.499003937586067
h1SMcG0005093	0.814791115356875	0.553359729608238
h1SMcG0005102	-2.76354048664187	0.0132751019849962
h1SMcG0005103	-0.896395309351885	0.0048728860628769
h1SMcG0005107	-1.74587725941016	0.232713610375155
h1SMcG0005109	-3.46448027069601	0.000197456550649806
h1SMcG0005111	0.0204409669294374	0.981534443132749
h1SMcG0005112	0.42739057228365	0.614913662473097
h1SMcG0005113	-0.921482853438235	0.52600249660328
h1SMcG0005114	-0.513200625136246	0.744704169018855
h1SMcG0005125	0.417995409893386	0.463281276899973
h1SMcG0005126	0.194995784101835	0.870012986067758
h1SMcG0005128	-0.332870135840052	0.831270317030773
h1SMcG0005129	0.50721734185442	0.222319957696777
h1SMcG0005130	0.367473070326675	0.395762749072774
h1SMcG0005133	0.429165747408843	0.193401178154496
h1SMcG0005135	5.05473950125581	0.00000000000000000000000000000118456013757568
h1SMcG0005136	-0.442747458846225	0.570608184246861
h1SMcG0005140	-0.496012582991308	0.667094040825754
h1SMcG0005142	1.41310367319063	0.283290947100803
h1SMcG0005144	-0.766955911642679	0.49900589778074
h1SMcG0005152	0.399899634794319	0.460230976304653
h1SMcG0005154	-2.02401690050802	0.0244775316065381
h1SMcG0005166	1.23880462003619	0.44072505088087
h1SMcG0005168	-0.0984078333449953	0.948349150274159
h1SMcG0005170	-1.17084035870811	0.201401205669394
h1SMcG0005171	0.15261314703422	0.904461324025288
h1SMcG0005173	-0.460243331307942	0.381123881311748
h1SMcG0005174	-0.553889695147531	0.593040235783384
h1SMcG0005178	-0.159815041975557	0.698380597944123
h1SMcG0005179	-0.670537963702816	0.465209924157669
h1SMcG0005182	-1.0137859819718	0.546300029793375
h1SMcG0005186	-1.77207190823253	0.149696629888715
h1SMcG0005190	0.678325103770279	0.395762749072774
h1SMcG0005192	-0.438071642377503	0.731575606960467
h1SMcG0005193	0.489302863587877	0.571763383216493
h1SMcG0005194	0.19858013358988	0.793609343368346
h1SMcG0005195	-2.03453261496541	0.00909730949574092
h1SMcG0005198	0.45667014834209	0.455143986474482
h1SMcG0005201	0.134174739739185	0.941023235644501
h1SMcG0005202	0.586252594261442	0.686009176281111
h1SMcG0005203	-0.356993347558636	0.758931134369647
h1SMcG0005205	0.930126171573984	0.445737221149575
h1SMcG0005210	0.50978098383025	0.497206632243753
h1SMcG0005212	0.172138924541668	0.911757153907179
h1SMcG0005213	-0.412617062395573	0.806654695511108
h1SMcG0005214	-1.69522622431144	0.0162417476879824
h1SMcG0005215	-0.335703989030299	0.823021525077387
h1SMcG0005218	-0.702248197967893	0.556281689577001
h1SMcG0005219	0.0935645073757253	0.87594587994532
h1SMcG0005221	-1.04836306777002	0.189779459014402
h1SMcG0005223	0.146074305540812	0.779104439797786
h1SMcG0005224	1.16230885420374	0.0103509557126207
h1SMcG0005227	-3.22535286901293	0.0184456702147251
h1SMcG0005229	-1.91099082282802	0.219941390005273
h1SMcG0005231	-1.47261390667456	0.0272222219484208
h1SMcG0005232	-0.46509260607899	0.241136099815558
h1SMcG0005241	-4.2711540259159	0.00000000000000000000000000000152358004421963
h1SMcG0005243	-2.37107588792522	0.00214451245011278
h1SMcG0005245	0.165114541083721	0.925283580800829
h1SMcG0005248	2.9973396914495	0.000000202408929322574
h1SMcG0005250	0.547571409654315	0.202316293025779
h1SMcG0005255	-0.178710399084911	0.926413651794129
h1SMcG0005257	-2.25985785593009	0.113175084004706
h1SMcG0005258	0.589816742184927	0.67616578120674
h1SMcG0005262	0.342010451628522	0.802388127865807
h1SMcG0005265	0.783539982079063	0.42214386351061
h1SMcG0005266	0.609287647453287	0.205621244645743
h1SMcG0005267	-2.78047890396582	0.0342905820777586
h1SMcG0005268	0.554391601404201	0.703834967686512
h1SMcG0005269	-1.17789580212073	0.114756263970606
h1SMcG0005270	0.0350413591633001	0.955938784775042
h1SMcG0005272	0.320363894070212	0.605036222187117
h1SMcG0005273	-0.267180401864319	0.524011710677607
h1SMcG0005274	-0.86403444562278	0.0317917809950743
h1SMcG0005276	-2.05151821214648	0.142349365965278
h1SMcG0005277	0.0886139340103281	0.93971587939566
h1SMcG0005279	-0.780724013758058	0.629019350930941
h1SMcG0005280	-1.28020870103671	0.203396028568056
h1SMcG0005284	-0.62975491337286	0.548549945692714
h1SMcG0005287	-0.230983076169937	0.788328061083853
h1SMcG0005288	-2.13391541865947	0.00300602573455345
h1SMcG0005291	-1.5912265266207	0.1414918951815
h1SMcG0005293	0.636262348737269	0.193055962586007
h1SMcG0005297	0.366567151462281	0.580563856383695
h1SMcG0005298	0.842334481314979	0.195030435193136
h1SMcG0005300	-1.59098532000068	0.222657896387109
h1SMcG0005305	-0.519960391532241	0.414505096231116
h1SMcG0005306	2.29651003935374	0.00000000923560250068009
h1SMcG0005310	4.7284638934927	0.000000000000000228852356633432
h1SMcG0005311	-1.26395419675882	0.177095088513197
h1SMcG0005312	-0.0865701316067666	0.866645627605207
h1SMcG0005316	-0.469540022342117	0.491503647791368
h1SMcG0005317	0.398841343101051	0.352937320097867
h1SMcG0005321	-3.01525029572542	0.0322390762841841
h1SMcG0005324	0.631450576152459	0.273911026478672
h1SMcG0005325	0.302046556321919	0.671264461106427
h1SMcG0005326	0.710329594298223	0.149929053322725
h1SMcG0005328	0.120485302520305	0.900825518882607
h1SMcG0005330	1.76423732405279	0.0922155045925621
h1SMcG0005331	-0.375047272179896	0.545449674342398
h1SMcG0005332	-1.60579730913725	0.00247518124067255
h1SMcG0005338	-0.88989985654806	0.546431400531491
h1SMcG0005340	1.169013605307	0.002744461229691
h1SMcG0005341	0.336570394152541	0.826455295686082
h1SMcG0005345	0.843583770244968	0.575569616036074
h1SMcG0005347	2.08115802341079	0.0000000000136730997845166
h1SMcG0005348	2.07166678545217	0.0000616414956196858
h1SMcG0005351	1.94904562900023	0.00000000821286537243443
h1SMcG0005353	-2.04676905961413	0.179873925935388
h1SMcG0005356	2.08540052946255	0.000000000101618483376998
h1SMcG0005357	0.304243566540355	0.791676828815806
h1SMcG0005358	-3.70718161178698	0.00361587360455819
h1SMcG0005360	-0.915790117442998	0.0011162378608477
h1SMcG0005361	-2.36425113657226	0.0954905568683862
h1SMcG0005365	0.629382752141887	0.698227159066056
h1SMcG0005366	-1.76725557439651	0.268126791303148
h1SMcG0005368	-3.11628191628671	0.00850028075113077
h1SMcG0005370	-2.09553947153177	0.00170705840562903
h1SMcG0005374	4.03785461713949	0.0000000451634209115295
h1SMcG0005376	-0.43858035264883	0.620585981067799
h1SMcG0005380	1.15516163850144	0.124607527473813
h1SMcG0005381	1.87916563541445	0.00000000724842986683782
h1SMcG0005382	-0.00967067166442333	0.995350599439894
h1SMcG0005384	0.170191193466414	0.668340664012479
h1SMcG0005385	3.05285261294419	0.0048728860628769
h1SMcG0005386	1.72305484693008	0.0174155954468614
h1SMcG0005387	0.162298489334244	0.874797011581068
h1SMcG0005389	-0.156107851602548	0.735631420263234
h1SMcG0005390	0.505074987822738	0.641213576453545
h1SMcG0005391	-1.24913864937254	0.291142151508024
h1SMcG0005396	-1.18944158281933	0.00000613994202085798
h1SMcG0005398	-0.611292753837584	0.705896131123201
h1SMcG0005399	1.64785399443407	0.00904602982085826
h1SMcG0005400	-0.00769955826030634	0.989713597066602
h1SMcG0005402	-0.762810621544666	0.153088344683325
h1SMcG0005405	-2.34979798924765	0.0770362446786773
h1SMcG0005407	-3.045284597908	0.000000716618893176985
h1SMcG0005413	1.13481017440121	0.0146638279423637
h1SMcG0005416	-0.0762382604744069	0.934432658194926
h1SMcG0005420	0.291843183380726	0.391358719479373
h1SMcG0005423	0.98296464445909	0.00490870025768519
h1SMcG0005424	0.998080949586784	0.134145014166766
h1SMcG0005426	-0.565621770915687	0.568549368965355
h1SMcG0005428	4.65394699195736	0.0000000258714346411548
h1SMcG0005432	-0.306118515063049	0.790481871124144
h1SMcG0005434	-0.147915647032606	0.906468228190183
h1SMcG0005436	-0.917220114408034	0.462860707959827
h1SMcG0005440	-0.697875196163292	0.565847737811733
h1SMcG0005441	0.680994285038144	0.314725780525036
h1SMcG0005445	0.155663552270436	0.795233088026354
h1SMcG0005446	-1.36975567742032	0.308207839486274
h1SMcG0005449	-2.26586512279633	0.0000036827198905478
h1SMcG0005450	0.824512917563509	0.00710117792461105
h1SMcG0005451	-0.477468892265802	0.610671720156081
h1SMcG0005453	1.83974523215648	0.129543610215298
h1SMcG0005456	-0.658566340288858	0.34582498825566
h1SMcG0005458	1.03458770075387	0.0145126262336269
h1SMcG0005460	-0.206958948593288	0.914107022357205
h1SMcG0005461	-0.0448111370246581	0.968037648780373
h1SMcG0005463	-4.34983016741959	0.000000335989609439239
h1SMcG0005464	-2.00810169771334	0.0115237779035909
h1SMcG0005465	-1.9559665190659	0.02294864723504
h1SMcG0005471	-0.927713344483795	0.242463132867295
h1SMcG0005473	-3.5856424857406	0.00403802301489397
h1SMcG0005475	0.150257057900419	0.854171426671074
h1SMcG0005476	0.557542915390936	0.472489877111923
h1SMcG0005477	-2.67195033815447	0.0746306374254586
h1SMcG0005478	-1.2363652333527	0.0736271227592434
h1SMcG0005479	-0.882704480057136	0.177076674737596
h1SMcG0005486	0.238013554149786	0.714631748847419
h1SMcG0005489	1.11942023216799	0.00615214910143331
h1SMcG0005490	2.27401223115312	0.0000000000000025148186822219
h1SMcG0005491	0.619263586856488	0.213761500557103
h1SMcG0005493	1.57577114754505	0.00000490957169476187
h1SMcG0005494	-0.275064617263075	0.856617805899963
h1SMcG0005495	-1.12373407448476	0.216597978103428
h1SMcG0005496	-0.649781114707269	0.315467300047049
h1SMcG0005498	-1.88336559203938	0.0462633629427817
h1SMcG0005502	0.0704932906754188	0.896672710456716
h1SMcG0005503	4.74114604684247	0.00000000000000000000142001043183547
h1SMcG0005504	0.0676258207894099	0.942025462002555
h1SMcG0005505	-0.555137698441955	0.212109975846184
h1SMcG0005506	-0.561516813119368	0.269450382952518
h1SMcG0005507	1.94313376392783	0.0000150518652905862
h1SMcG0005512	-0.464321163782645	0.358218781849973
h1SMcG0005514	-0.934585386752738	0.442861299679345
h1SMcG0005515	-0.00366535975061844	0.996402202412603
h1SMcG0005517	-1.18553522188901	0.08253109803047
h1SMcG0005519	-1.14114568655053	0.360950050567615
h1SMcG0005522	-3.03171813562985	0.0000929397100798099
h1SMcG0005523	-0.745985447907921	0.642207784486799
h1SMcG0005524	1.91242396027327	0.00148330608251571
h1SMcG0005525	1.3338443643035	0.000000865233842331988
h1SMcG0005526	1.18930844566504	0.156596441524056
h1SMcG0005531	-1.75040925608464	0.04674461943203
h1SMcG0005533	0.995459857055234	0.428440678738982
h1SMcG0005534	-1.06172869140222	0.208264593934965
h1SMcG0005535	-0.776799453517322	0.26138665715665
h1SMcG0005537	-0.178465633062468	0.873313625878977
h1SMcG0005538	-0.575439457882833	0.543302928805279
h1SMcG0005539	-0.549471010680987	0.598289623256082
h1SMcG0005540	-0.331068695421458	0.81293358778988
h1SMcG0005541	2.63636950981946	0.0000000000974437728468743
h1SMcG0005543	-0.184112341622063	0.855434184081016
h1SMcG0005546	0.390647436199834	0.536094152727727
h1SMcG0005547	1.1919440543589	0.0211407206826873
h1SMcG0005549	1.77700733357581	0.001914237900961
h1SMcG0005553	0.741546173712779	0.223607431427459
h1SMcG0005554	1.00000442917742	0.0128246764247845
h1SMcG0005555	-0.0260506433877078	0.974670507849907
h1SMcG0005560	-1.03443127602114	0.513668073780838
h1SMcG0005561	-0.598751358109338	0.418035938067902
h1SMcG0005562	-0.301897417099903	0.815926396363009
h1SMcG0005567	-0.557936734704386	0.462509202273559
h1SMcG0005568	-0.27059011620364	0.869016301777833
h1SMcG0005571	-0.0382924180278829	0.965407322020633
h1SMcG0005574	-2.30209457809122	0.108124752998289
h1SMcG0005577	3.31339238685442	0.00000000226504035072129
h1SMcG0005578	-1.53489668881422	0.255858928735884
h1SMcG0005579	0.125073452351484	0.742139164574295
h1SMcG0005581	6.74159074160374	0.0000000000000000000000000000373940077209402
h1SMcG0005587	-0.895316914726204	0.0101032877381519
h1SMcG0005588	0.212841113164302	0.682444542437218
h1SMcG0005589	5.68974584577662	0.000000143217315597545
h1SMcG0005590	-2.1211034100757	0.161439205771283
h1SMcG0005592	0.176074356871237	0.783029066399263
h1SMcG0005595	0.225940788890021	0.79839617632167
h1SMcG0005596	0.601244604391682	0.414268485937421
h1SMcG0005597	-0.256137035104705	0.8374333863508
h1SMcG0005600	-1.02756966519617	0.454976530664855
h1SMcG0005601	-1.30299220780345	0.00277576375443405
h1SMcG0005602	3.49552120542227	0.0000000000147898199963636
h1SMcG0005603	0.682546180005758	0.07109480850197
h1SMcG0005604	1.00086650244021	0.26829791574581
h1SMcG0005606	1.11288488388767	0.321493652185493
h1SMcG0005608	-0.707065653379708	0.53772029069816
h1SMcG0005609	0.417125320058183	0.765795374529075
h1SMcG0005612	2.6421114420821	0.0000000000312640525679316
h1SMcG0005613	-0.420945567922372	0.586847912854719
h1SMcG0005614	0.664421084945524	0.665591692397729
h1SMcG0005616	-0.212961105347588	0.836904969436636
h1SMcG0005618	0.0825826070716918	0.921759137769643
h1SMcG0005620	-1.13251944472114	0.0986241671168923
h1SMcG0005622	1.50602217988365	0.000619150811688886
h1SMcG0005625	1.90073646212343	0.0254619583816441
h1SMcG0005629	-0.771264123274909	0.392455480467957
h1SMcG0005633	-1.50670967122187	0.294986060172539
h1SMcG0005634	0.00226734717545865	0.998346697212941
h1SMcG0005637	0.0327195864211712	0.978123366246296
h1SMcG0005642	2.53889064522478	0.00529725942294781
h1SMcG0005643	0.644470546776332	0.291165626693529
h1SMcG0005647	-3.33197972962608	0.00536115003245767
h1SMcG0005651	0.792875693453227	0.0588079035842591
h1SMcG0005658	-1.09555564220241	0.0174548938934455
h1SMcG0005662	-2.4839239156866	0.0795580185519091
h1SMcG0005664	6.10153373999694	0.0000000000000000000000000000000000000314273567284257
h1SMcG0005668	2.60193916163734	0.00808745054659073
h1SMcG0005672	0.893550881060231	0.266418031037884
h1SMcG0005675	1.79111841469393	0.131183624136838
h1SMcG0005676	-1.47987332475015	0.14557011577439
h1SMcG0005678	-2.49461772713826	0.0531202162158707
h1SMcG0005679	0.635574343351442	0.155349419570954
h1SMcG0005681	-0.507511082185925	0.776207715617134
h1SMcG0005688	-0.0640709385923278	0.97590683884962
h1SMcG0005692	-0.631790643013166	0.179923709706006
h1SMcG0005693	0.260377686657351	0.759091580337144
h1SMcG0005694	0.289172214002881	0.748518232789816
h1SMcG0005695	0.393684941848379	0.83566382624237
h1SMcG0005697	1.55925582233088	0.124222015225738
h1SMcG0005699	0.599264565607415	0.515028232165177
h1SMcG0005700	1.11857197129908	0.228085442007292
h1SMcG0005702	0.234083245138506	0.896927540573409
h1SMcG0005703	0.970692080045651	0.262088517077435
h1SMcG0005707	4.03985958670756	0.00000000000000000000000000530802360556009
h1SMcG0005709	1.53783865142795	0.11668561817004
h1SMcG0005712	-1.44009089636054	0.320638812757489
h1SMcG0005716	-1.13512666016865	0.00858806116573409
h1SMcG0005717	-0.22804419053077	0.862238734896485
h1SMcG0005719	0.0210212978094791	0.992374515748504
h1SMcG0005721	-0.134726302832758	0.847210963644511
h1SMcG0005725	0.718523431467669	0.407963666034766
h1SMcG0005726	-0.989468281575561	0.349457899829731
h1SMcG0005727	0.676269713642984	0.307818466686319
h1SMcG0005730	-2.18665441935511	0.0304980453095736
h1SMcG0005731	1.0271962226417	0.273914806472115
h1SMcG0005732	-0.622092116128975	0.505608345648554
h1SMcG0005733	0.0489833425776178	0.963540730430221
h1SMcG0005735	-1.89848011391404	0.0918863859812255
h1SMcG0005736	1.52967236290906	0.0000456222568644156
h1SMcG0005737	-1.35144710560736	0.312833603790466
h1SMcG0005738	-1.48976749795694	0.108909728425264
h1SMcG0005739	-0.60952218927913	0.184918560609117
h1SMcG0005740	-0.553240749318119	0.445553086051637
h1SMcG0005743	-1.29898426123453	0.254358177567675
h1SMcG0005744	-0.127167063623844	0.88874482425268
h1SMcG0005747	0.82977020490843	0.394238274457719
h1SMcG0005748	-0.328935549341907	0.750169186231706
h1SMcG0005749	0.404627238782766	0.633405814336708
h1SMcG0005750	-3.54359838217625	0.00105421326912661
h1SMcG0005751	-1.72208945705119	0.218648944333177
h1SMcG0005752	-1.9868328463314	0.131123806187903
h1SMcG0005753	-2.22887035820862	0.130779939637446
h1SMcG0005755	-0.906644395235069	0.455287018130944
h1SMcG0005757	-0.608562806256	0.293380259103258
h1SMcG0005761	-1.79410752105587	0.0844671501375729
h1SMcG0005763	3.62095308945149	0.0000000000000000000000000265977398339421
h1SMcG0005764	-0.818273287678917	0.415720540895734
h1SMcG0005767	-1.82836297030145	0.0000324746848787459
h1SMcG0005768	-0.371150430190636	0.790481871124144
h1SMcG0005772	-1.19763939235668	0.252953639457215
h1SMcG0005777	-1.44000478683336	0.310479497907442
h1SMcG0005807	0.48974953349709	0.49900589778074
h1SMcG0005809	-0.105943130938469	0.909708631319677
h1SMcG0005810	-0.549017129347062	0.663965833647267
h1SMcG0005814	3.07859702086099	0.00000011698391970442
h1SMcG0005815	1.92700094684959	0.0140871518577029
h1SMcG0005818	-0.52486920379847	0.754546481700074
h1SMcG0005822	-0.51494691031603	0.219941390005273
h1SMcG0005823	-2.09209155637396	0.127081944759488
h1SMcG0005824	0.331133204126622	0.413336736783121
h1SMcG0005825	-0.461186335477738	0.203540703011816
h1SMcG0005826	-0.34216844507735	0.814714005656573
h1SMcG0005828	1.02653090291182	0.468975136242833
h1SMcG0005832	0.482136699388263	0.532726871070079
h1SMcG0005834	-1.23038957147657	0.00658349952834129
h1SMcG0005835	0.120526617850566	0.930187356278208
h1SMcG0005837	-0.701134262548267	0.41218272414313
h1SMcG0005838	-1.45734286645108	0.225696748295288
h1SMcG0005839	-0.245361252804027	0.525059775703852
h1SMcG0005840	-0.771553695926863	0.0914667892012604
h1SMcG0005841	-0.807628627116816	0.434713277403278
h1SMcG0005842	0.33850745608619	0.757935379519565
h1SMcG0005843	-0.373595930030325	0.500505151610987
h1SMcG0005844	-0.495842718089033	0.14699958442343
h1SMcG0005845	0.737023596779254	0.0136905413686563
h1SMcG0005846	-0.16303511757765	0.83974170620973
h1SMcG0005849	1.28550661582493	0.241136099815558
h1SMcG0005850	-1.21795751214795	0.074165916569715
h1SMcG0005862	7.27109069797586	0.000000000000000000000000000000000000000310070960561501
h1SMcG0005864	-1.60018512195353	0.0442036568859888
h1SMcG0005866	-2.5217985197848	0.00000679886281704564
h1SMcG0005871	0.185486296553979	0.720737135959444
h1SMcG0005872	-1.36656526318424	0.28269465310302
h1SMcG0005874	0.650566498849866	0.535956679507439
h1SMcG0005878	-0.858198853360951	0.316610139402644
h1SMcG0005881	2.22644737536953	0.0047720195309382
h1SMcG0005882	-0.703470005399146	0.421212656882211
h1SMcG0005883	0.0732471175924246	0.880984258127909
h1SMcG0005884	-0.883154955800355	0.37671456440118
h1SMcG0005886	-0.899944310780838	0.00356396083467228
h1SMcG0005890	-1.22688247496991	0.192875758000478
h1SMcG0005891	-0.0482048876505147	0.944756725567653
h1SMcG0005893	0.646552232144607	0.187941138282066
h1SMcG0005894	2.241348566781	0.000169984345483146
h1SMcG0005898	-1.23163076180931	0.324691137537761
h1SMcG0005902	-0.873444998272187	0.00573758913683247
h1SMcG0005903	-1.17475989201444	0.198990563759068
h1SMcG0005905	0.227336764184523	0.744036556497239
h1SMcG0005908	-1.04067434074491	0.0691115539704514
h1SMcG0005909	2.03419369489358	0.00843914086834365
h1SMcG0005910	-0.712400696619792	0.649341560819891
h1SMcG0005913	1.88808456632807	0.00013121160302903
h1SMcG0005915	-1.39170960786666	0.424875547008675
h1SMcG0005916	1.11476566347232	0.26366484312066
h1SMcG0005917	1.3920321082229	0.0113220316646048
h1SMcG0005918	0.0957447504833218	0.942652044727402
h1SMcG0005923	-1.14875551049892	0.256093539136558
h1SMcG0005925	-1.36839609442501	0.24588199894263
h1SMcG0005927	0.369025845215008	0.3386972854033
h1SMcG0005929	-1.26553278411962	0.000110475704982443
h1SMcG0005932	0.94212682060107	0.531225710821687
h1SMcG0005933	1.99634076741298	0.000463400965752572
h1SMcG0005934	5.99796116675367	0.0000000000000000000000293394804969138
h1SMcG0005937	-0.878368413480054	0.611375146878102
h1SMcG0005939	1.24682034887174	0.221110695614086
h1SMcG0005941	-1.25660560727882	0.244354495405525
h1SMcG0005942	-0.144326106223895	0.838110308566442
h1SMcG0005943	0.805874540434415	0.0514026969297857
h1SMcG0005945	0.187931180174153	0.73067339611576
h1SMcG0005947	0.0690441072838902	0.932831996198131
h1SMcG0005950	-0.163475444938536	0.804622900749208
h1SMcG0005951	-2.04147577376576	0.068598457954156
h1SMcG0005952	-1.52898242465329	0.0863379393816196
h1SMcG0005953	-0.573694566556582	0.266030446901309
h1SMcG0005954	0.196804932842201	0.667490900969367
h1SMcG0005955	-0.83605010006569	0.537106196818487
h1SMcG0005956	0.602201944251582	0.659612267206282
h1SMcG0005957	-1.08510594817496	0.503754563765198
h1SMcG0005960	1.8766220656622	0.00000353521677796099
h1SMcG0005961	-0.696426602865377	0.665496186049048
h1SMcG0005962	-5.10160690082893	0.00000463169162208307
h1SMcG0005963	0.253927686966	0.850401716338908
h1SMcG0005964	-0.971184387418819	0.366862108386742
h1SMcG0005965	5.2853192376852	0.0000000000000000192538985138288
h1SMcG0005966	0.67819550727155	0.597455086174634
h1SMcG0005968	0.17474247109039	0.893653789025032
h1SMcG0005969	1.82943442341475	0.0238992785847591
h1SMcG0005970	0.651886334561599	0.468874519569797
h1SMcG0005972	1.52614557399876	0.00000000885243036338474
h1SMcG0005974	-1.25396422341924	0.129809349181981
h1SMcG0005978	-1.92065982571188	0.00269812870831512
h1SMcG0005979	-2.19953132694981	0.00000000094481551820717
h1SMcG0005980	1.39313164191687	0.0263932206001062
h1SMcG0005981	-1.92131367368886	0.000000216822378668292
h1SMcG0005984	-1.0305701323731	0.0631613855526909
h1SMcG0005985	-1.04961531974542	0.348913222594035
h1SMcG0005986	-0.0849656415481318	0.928431789633894
h1SMcG0005988	1.3584676891211	0.00116925050179522
h1SMcG0005990	0.808266902417656	0.301621559405083
h1SMcG0005992	-0.224737568874309	0.78450513748515
h1SMcG0005994	2.79457786064616	0.000000000000000730427582483451
h1SMcG0005999	4.68341362518251	0.00000000269059627448102
h1SMcG0006000	1.01888808643329	0.49900589778074
h1SMcG0006001	-1.63250968177719	0.0598803143144319
h1SMcG0006002	-0.251964462227002	0.709088913864607
h1SMcG0006005	1.55267387677949	0.0106350933651632
h1SMcG0006012	0.570847927150945	0.64275464764119
h1SMcG0006034	0.188220075393799	0.616599714847542
h1SMcG0006040	-1.62914040883861	0.0804425389594528
h1SMcG0006042	-0.662627481647398	0.0446029617831132
h1SMcG0006043	0.136804091706014	0.814870187805613
h1SMcG0006044	-0.0423512437247781	0.970273094322559
h1SMcG0006046	0.629579686334444	0.357533893933517
h1SMcG0006048	0.816126640922295	0.4031449872517
h1SMcG0006049	0.053816863250594	0.954769654649451
h1SMcG0006050	-0.956923946208639	0.420257856546698
h1SMcG0006055	-0.488994694792877	0.471531145783534
h1SMcG0006059	-1.26121008349806	0.0000325566544313614
h1SMcG0006060	1.06222061344249	0.00386909343552299
h1SMcG0006065	-0.275663575417251	0.540337774509028
h1SMcG0006068	-3.65296370088555	0.00435649513292019
h1SMcG0006069	-3.41179349560547	0.00223925590965151
h1SMcG0006070	1.1063375394065	0.0262248431500732
h1SMcG0006071	-0.827854912257787	0.122749210306112
h1SMcG0006074	-0.939060689728662	0.10260383851582
h1SMcG0006075	0.0954794864720228	0.954080264587604
h1SMcG0006077	-1.2090218228579	0.310767400567141
h1SMcG0006078	-1.15251915895691	0.000784115069001493
h1SMcG0006079	2.7288456609908	0.0130699597405471
h1SMcG0006080	0.546339598306522	0.556992138797883
h1SMcG0006081	1.57621313781032	0.0000269686091700061
h1SMcG0006082	-1.27846795432671	0.396910975449548
h1SMcG0006087	-2.43486718941575	0.0000000675870440969522
h1SMcG0006088	1.93636584856578	0.000000000925487144314188
h1SMcG0006089	-0.355154716730025	0.801912046034224
h1SMcG0006091	0.461592473760979	0.355297071262724
h1SMcG0006093	-1.88547415943398	0.118341735379832
h1SMcG0006094	-1.89737711714582	0.0362594843181724
h1SMcG0006095	0.578407307270646	0.401546957369663
h1SMcG0006096	0.220006308273684	0.825305241217985
h1SMcG0006099	-0.225819277983001	0.83974170620973
h1SMcG0006100	-1.2831838165021	0.167380324390118
h1SMcG0006103	0.0468988396755475	0.95390420436376
h1SMcG0006105	0.374916089569406	0.239366589992192
h1SMcG0006109	0.268156201874379	0.680719347712637
h1SMcG0006110	-0.471865601722956	0.322883541752778
h1SMcG0006112	0.957633606988796	0.347517685278015
h1SMcG0006113	-0.0268427530341537	0.976190578762269
h1SMcG0006114	1.60759951795876	0.00830510225430158
h1SMcG0006115	-0.915695803812	0.541609200247747
h1SMcG0006116	-0.236149008808923	0.72778312193731
h1SMcG0006117	-1.23930163189722	0.0718704158742432
h1SMcG0006119	-1.74977571455089	0.0286974520013475
h1SMcG0006120	-2.98730605581801	0.0330123560352519
h1SMcG0006122	-0.863936077379157	0.356639773937988
h1SMcG0006123	1.93197342622483	0.000000000271742311825872
h1SMcG0006124	1.18679595880805	0.00453753151022808
h1SMcG0006125	0.578212838727546	0.59014735603581
h1SMcG0006127	-0.578033785351474	0.262392366187909
h1SMcG0006131	0.567609775896385	0.645662685659093
h1SMcG0006132	2.41294415791804	0.00000000000000000000275921723853173
h1SMcG0006133	-1.09781362029128	0.0891941750661592
h1SMcG0006136	-0.267382642926464	0.616949262445154
h1SMcG0006142	0.0101852810275975	0.991407817501696
h1SMcG0006144	0.306410209458213	0.49835392628982
h1SMcG0006146	-1.26040452150576	0.0767580114456266
h1SMcG0006149	-0.0748018789944429	0.954440008195919
h1SMcG0006150	-0.390421564068036	0.819727998704124
h1SMcG0006154	-1.34386090930954	0.0039769654912921
h1SMcG0006157	-1.18746193046683	0.358439321454509
h1SMcG0006158	-0.77134937349371	0.321445083138468
h1SMcG0006160	0.157853036083082	0.740885993840591
h1SMcG0006167	-1.55685491120905	0.109809740595542
h1SMcG0006169	-1.31079449797038	0.40063862940204
h1SMcG0006170	-0.759271260339077	0.0970826640509524
h1SMcG0006173	-1.2870832814031	0.0983950989339907
h1SMcG0006174	-0.398180204160271	0.394493633554967
h1SMcG0006175	-0.960147937962107	0.115340364927276
h1SMcG0006178	0.114053039105162	0.947090546766633
h1SMcG0006179	-1.04254702686224	0.455728493530657
h1SMcG0006182	0.367073478571389	0.395256167636471
h1SMcG0006187	-0.557097617494544	0.194844294864903
h1SMcG0006189	0.410293383395015	0.773537532590969
h1SMcG0006190	0.0764705797995777	0.931059541097904
h1SMcG0006192	-2.68710340990877	0.000000181717072370888
h1SMcG0006193	-1.03756325451789	0.0464800273533731
h1SMcG0006194	-0.217078870883064	0.838501705961331
h1SMcG0006195	-0.496394172120929	0.521815849189681
h1SMcG0006197	0.407706931142584	0.571763383216493
h1SMcG0006198	-0.706466875640507	0.345430908096447
h1SMcG0006199	-3.60384063213129	0.00000106113967999467
h1SMcG0006201	-1.54116151482602	0.0592948004431204
h1SMcG0006202	-1.06328735645986	0.0794485681151215
h1SMcG0006203	-0.300018648502842	0.819149324584256
h1SMcG0006206	-0.766403856724166	0.283315147094104
h1SMcG0006209	-1.10600627131595	0.0122452433510865
h1SMcG0006210	0.0849421862653223	0.924894624264932
h1SMcG0006211	-0.332316326694985	0.540337774509028
h1SMcG0006213	-1.0565843306873	0.0548598342249809
h1SMcG0006216	-0.874425416768646	0.42505741773576
h1SMcG0006217	-0.234611235179352	0.832668014733029
h1SMcG0006218	-1.32945736091044	0.40217429454538
h1SMcG0006219	-0.366471391721549	0.496487768920226
h1SMcG0006220	0.507678366499919	0.385418687635333
h1SMcG0006228	-0.102121081595915	0.942652044727402
h1SMcG0006229	-0.229078983295579	0.686614302349248
h1SMcG0006230	-4.07298757832069	0.000000000000000000000000161346067692836
h1SMcG0006231	-0.438254536431323	0.428387693110025
h1SMcG0006232	0.121428478122883	0.911005311091851
h1SMcG0006233	-1.27354558743561	0.410287245687553
h1SMcG0006235	0.899508656473442	0.0626701125474678
h1SMcG0006238	-0.021420407539995	0.979272327065236
h1SMcG0006239	0.453484780822103	0.263437472156841
h1SMcG0006250	0.701936239931312	0.00704784972554104
h1SMcG0006253	-2.45838224003923	0.000971020150621831
h1SMcG0006254	-0.337069680140992	0.431669531012847
h1SMcG0006257	1.35468175959052	0.00415720140166996
h1SMcG0006260	-3.16602413536028	0.00125443176094715
h1SMcG0006261	-0.697262347550792	0.640940227821242
h1SMcG0006262	-0.307013706447941	0.643945287573618
h1SMcG0006263	-3.86288826937118	0.00000000000186336702328505
h1SMcG0006264	-0.55804573154045	0.659236700272959
h1SMcG0006266	-0.902264498978998	0.521713049937514
h1SMcG0006267	-1.46069289137263	0.34747168299557
h1SMcG0006268	0.902136657854442	0.324145588745771
h1SMcG0006269	1.13487203097376	0.333637095215428
h1SMcG0006271	-0.829013183609739	0.561964382400911
h1SMcG0006275	2.27890257221201	0.0424577336202718
h1SMcG0006276	0.875258868593081	0.488887461834526
h1SMcG0006277	-0.615844931790117	0.0868234965939343
h1SMcG0006280	-1.19198578235572	0.174027816663982
h1SMcG0006281	0.48173090983225	0.437739686291343
h1SMcG0006282	1.96966586674154	0.000000173299541088712
h1SMcG0006283	-0.737232187223728	0.432918705942795
h1SMcG0006285	-0.774224457011863	0.550876549450679
h1SMcG0006287	-0.513796906333081	0.703112903446019
h1SMcG0006288	-2.78602055254062	0.0261164344568205
h1SMcG0006290	-1.03294670157635	0.106040952152583
h1SMcG0006291	-1.42066911787032	0.0160623980236097
h1SMcG0006292	-0.375439791994521	0.464811818660608
h1SMcG0006294	-0.535983484187974	0.375592087778624
h1SMcG0006295	-0.108503685752644	0.942257185274545
h1SMcG0006297	-1.28900505347072	0.235726553590674
h1SMcG0006298	0.189166605452021	0.900825518882607
h1SMcG0006299	-0.495029738904393	0.382591103602335
h1SMcG0006301	2.55104331908794	0.0368707982615752
h1SMcG0006302	1.45553842357582	0.256197967650584
h1SMcG0006308	0.573664212057709	0.133576522303092
h1SMcG0006309	-0.296278250907236	0.824250787352743
h1SMcG0006311	-0.485532197904354	0.503538389258065
h1SMcG0006314	-0.443118759258113	0.314099067419638
h1SMcG0006315	2.37173730138764	0.00000240500488538142
h1SMcG0006316	-0.376339313526556	0.347317533188546
h1SMcG0006317	0.481050098110169	0.531680310248648
h1SMcG0006318	-0.215639836796533	0.854714658853566
h1SMcG0006319	0.29128007541403	0.761239566628037
h1SMcG0006320	0.394144124638523	0.702911291994535
h1SMcG0006321	-0.564903219045086	0.241723218008925
h1SMcG0006324	0.0162210769276513	0.990923510377125
h1SMcG0006325	-1.0231755910631	0.248496262285142
h1SMcG0006326	-0.0323231414555081	0.955938784775042
h1SMcG0006328	-1.61923405260648	0.273412222094553
h1SMcG0006329	1.13116693637238	0.000673552942030862
h1SMcG0006330	0.0354822344667495	0.967628549290168
h1SMcG0006331	-0.411152576019409	0.586567037686457
h1SMcG0006332	-0.345985264487642	0.813143733435709
h1SMcG0006334	-0.0999928481792388	0.949912718754896
h1SMcG0006336	0.844513003534791	0.284865297556366
h1SMcG0006338	-0.0769119013468093	0.956552473892931
h1SMcG0006339	0.315697998682596	0.581903515543219
h1SMcG0006342	-0.974935667598216	0.160207008939836
h1SMcG0006343	-0.496289479451838	0.397877175410201
h1SMcG0006344	0.545896638641955	0.379138292142684
h1SMcG0006346	2.79417829391987	0.00000000000224651393124854
h1SMcG0006347	2.72640282037321	0.0000000000000725848597026214
h1SMcG0006348	0.370914584183877	0.802210026552598
h1SMcG0006350	-1.65182954369862	0.049976086524293
h1SMcG0006353	4.36080045056841	0.000000000000000000407686773951263
h1SMcG0006354	-2.6275233620961	0.00000000128735615578877
h1SMcG0006356	1.39576820981624	0.416875586559905
h1SMcG0006357	1.56697234238884	0.285902147865866
h1SMcG0006359	0.257427316406436	0.634792618966596
h1SMcG0006360	0.980734945750582	0.000245603026707349
h1SMcG0006362	0.528197570623374	0.507862284886966
h1SMcG0006364	0.426003143637142	0.199350854339829
h1SMcG0006365	-0.555975972242407	0.309489472564651
h1SMcG0006367	1.63784183982704	0.00780613516159046
h1SMcG0006369	-1.20893146095026	0.451205255207471
h1SMcG0006372	0.0234785191465918	0.987525463617646
h1SMcG0006373	-0.924121387704337	0.515830747642206
h1SMcG0006374	1.19643191858065	0.00909030258887164
h1SMcG0006375	0.250160965447601	0.632720019894421
h1SMcG0006376	2.48822938285326	0.0604108900306538
h1SMcG0006377	0.1469717266075	0.727414225243048
h1SMcG0006378	0.442070659650412	0.29638064141541
h1SMcG0006379	-1.34904567928103	0.0928800596937304
h1SMcG0006381	0.512703781985213	0.138852739210766
h1SMcG0006382	0.218983720327185	0.899396355956634
h1SMcG0006383	-0.752114632359294	0.553689232381999
h1SMcG0006384	-0.0986509924182557	0.901003346962128
h1SMcG0006385	-1.73220231050221	0.0424977916986733
h1SMcG0006386	1.92520931170414	0.0000300233763717827
h1SMcG0006387	-1.94724771357897	0.211500242369262
h1SMcG0006388	-0.339844812797958	0.581903515543219
h1SMcG0006392	0.125478953813124	0.935499253880121
h1SMcG0006393	-1.07348046839938	0.130683714174303
h1SMcG0006394	1.2328036186204	0.10625774650582
h1SMcG0006395	0.196687856224071	0.894916016826798
h1SMcG0006397	-0.0648583944199678	0.923770443135338
h1SMcG0006399	-2.20699442547549	0.0124650884022612
h1SMcG0006400	-3.04180800529415	0.0197616654773563
h1SMcG0006403	0.118009193733145	0.879691815546074
h1SMcG0006404	-0.132168101861242	0.932831996198131
h1SMcG0006405	3.8920966121388	0.00000000000000000447495263366281
h1SMcG0006407	0.170878569791311	0.756636093068501
h1SMcG0006409	-0.569490455040422	0.741749951732137
h1SMcG0006413	-1.36813810055741	0.0745138688830327
h1SMcG0006419	0.789756734538689	0.0565218241173635
h1SMcG0006420	-0.960968339803531	0.578474577509127
h1SMcG0006421	-1.19300148432083	0.459537260978966
h1SMcG0006425	0.0200993686769841	0.973929916079252
h1SMcG0006427	0.419845230280433	0.752468850773467
h1SMcG0006428	0.294300683148626	0.713868771541884
h1SMcG0006430	0.442197397726951	0.752978630853206
h1SMcG0006431	-1.08640322642511	0.00397674670808365
h1SMcG0006433	-1.33999131915048	0.000000000121967263357784
h1SMcG0006434	0.270438379014524	0.869577598655342
h1SMcG0006435	-0.227724806586945	0.697316157373087
h1SMcG0006436	0.493281695508304	0.340245695269074
h1SMcG0006437	-0.723218201745451	0.0947739753524768
h1SMcG0006438	-0.0355917301242135	0.950407404239726
h1SMcG0006440	-0.337768997428875	0.674306423954631
h1SMcG0006441	0.147286737019689	0.873795078214447
h1SMcG0006444	-0.433201829052202	0.640940227821242
h1SMcG0006445	1.88119968975563	0.0707800545475058
h1SMcG0006447	0.83639331150573	0.125768692525797
h1SMcG0006452	0.583675944323076	0.240444552784782
h1SMcG0006455	2.65134535423435	0.0000000000000218577020562204
h1SMcG0006456	2.32820757866548	0.00414576484266216
h1SMcG0006457	1.34492128461305	0.00114045257290913
h1SMcG0006460	-1.26669107882664	0.310997596439774
h1SMcG0006461	-1.09475579548676	0.0865489545016179
h1SMcG0006462	-2.02150342993313	0.0137037802684714
h1SMcG0006466	-1.08521389244623	0.490914015630371
h1SMcG0006467	-3.57844845857804	0.000000000866739452123813
h1SMcG0006469	-0.937437406204383	0.00945669544431714
h1SMcG0006470	-0.357372730804953	0.539387838123804
h1SMcG0006471	0.518396886155391	0.605036222187117
h1SMcG0006472	-0.812469052498328	0.359540620829377
h1SMcG0006473	1.70274179759802	0.0000000622480563502004
h1SMcG0006475	-2.30647434090962	0.0254990615165369
h1SMcG0006477	-0.243909901323687	0.72529728190451
h1SMcG0006481	1.29641182250838	0.137246057537015
h1SMcG0006482	1.66876764221721	0.00014199755723886
h1SMcG0006483	-0.651804982094761	0.0255292608701322
h1SMcG0006484	-1.63426638951666	0.00000303544555670442
h1SMcG0006486	1.18233902031437	0.125901908773889
h1SMcG0006489	0.285742051086402	0.763344701430785
h1SMcG0006495	-1.79386098143544	0.00178191509389298
h1SMcG0006501	-0.873703291299208	0.423052864106637
h1SMcG0006502	0.114984554893763	0.859426720901535
h1SMcG0006503	-0.690999848033055	0.122325524551333
h1SMcG0006504	0.0756449537053137	0.95311654500162
h1SMcG0006505	1.00631310105791	0.362778396101957
h1SMcG0006506	1.08569406539439	0.233387406601738
h1SMcG0006507	-0.943229252251729	0.550167586512429
h1SMcG0006508	-0.0685431366319531	0.921998433890895
h1SMcG0006509	-1.70437271876423	0.246178541973124
h1SMcG0006511	-0.437632153529752	0.449166636918916
h1SMcG0006512	-1.78934328337421	0.0767580114456266
h1SMcG0006515	0.259687228553671	0.888348493100164
h1SMcG0006516	-2.2884624360424	0.00000000318755809855989
h1SMcG0006518	-0.464116591925205	0.801303368943441
h1SMcG0006519	-0.274647781453163	0.873334453651519
h1SMcG0006520	0.884412709185703	0.0868138228933137
h1SMcG0006522	-0.94948373952294	0.104469452049415
h1SMcG0006523	-2.32184260559426	0.0816702611673059
h1SMcG0006524	-1.27016354373617	0.000100013797609532
h1SMcG0006525	-0.654486886441506	0.394238274457719
h1SMcG0006527	0.123345142707705	0.914107022357205
h1SMcG0006529	2.50275192388601	0.000000000000503623017771860
h1SMcG0006531	1.79727427832662	0.0000000377014669442759
h1SMcG0006532	2.68813309566775	0.00000000445434874141598
h1SMcG0006534	-0.567779727881183	0.293329039519262
h1SMcG0006535	-3.1061006026435	0.000105010743163818
h1SMcG0006536	-0.0697219340575487	0.952935578401567
h1SMcG0006537	-0.337184753207309	0.779104439797786
h1SMcG0006541	0.024057083712957	0.988943470376882
h1SMcG0006548	0.0199320243932621	0.9621200811213
h1SMcG0006550	1.05780169729446	0.276618174065949
h1SMcG0006551	1.83228778474414	0.219576488959333
h1SMcG0006552	-1.19229948970646	0.0791546565193113
h1SMcG0006554	-0.166824055179488	0.924894624264932
h1SMcG0006556	-1.25534176996248	0.383235662340985
h1SMcG0006557	-2.94734968192877	0.000275102010312696
h1SMcG0006558	0.183279407727853	0.754449995774342
h1SMcG0006559	3.04927816237775	0.000177933206755711
h1SMcG0006560	-0.0361689377814214	0.986712121564887
h1SMcG0006561	0.0193708452226154	0.981898126229961
h1SMcG0006562	-0.417843661086918	0.745800210825978
h1SMcG0006563	0.706301531140295	0.296932988432726
h1SMcG0006567	0.176620622788972	0.801229043707045
h1SMcG0006568	0.725799760493317	0.237964793900715
h1SMcG0006569	0.631099417020328	0.102291075344154
h1SMcG0006573	-0.658965201456303	0.598289623256082
h1SMcG0006574	-1.01361662715165	0.000109833675350108
h1SMcG0006576	0.938814124704725	0.3637177764537
h1SMcG0006580	0.602995806529855	0.115575443158853
h1SMcG0006581	-0.354092249756847	0.806678312881211
h1SMcG0006582	1.33051625451365	0.0261450937228665
h1SMcG0006584	-0.0751888124324191	0.913758091402894
h1SMcG0006586	-1.46748756606843	0.33014772859837
h1SMcG0006587	-0.475386170562632	0.563554155757778
h1SMcG0006589	-0.216067974521541	0.83974170620973
h1SMcG0006593	-0.090661739912623	0.948268278014541
h1SMcG0006594	-1.23706262193699	0.373127190224629
h1SMcG0006595	-2.33465771338224	0.0778460764881967
h1SMcG0006596	0.255596600579214	0.759627252368589
h1SMcG0006597	0.781050076972306	0.00705274684954234
h1SMcG0006598	-2.46904126753025	0.0000542738399532582
h1SMcG0006599	-2.49713682974048	0.000613759256219507
h1SMcG0006604	-2.0915497657156	0.00000000000864330809475564
h1SMcG0006605	-0.113267469848863	0.837501374330392
h1SMcG0006606	1.55087992020169	0.239068569254874
h1SMcG0006607	-2.18896898989307	0.001723801491504
h1SMcG0006608	2.3839340301353	0.00000000237610591498342
h1SMcG0006611	-0.717979151029717	0.238065962205926
h1SMcG0006612	-0.556336120559389	0.283290947100803
h1SMcG0006613	-1.78562360098362	0.214585657103889
h1SMcG0006616	0.486823570252291	0.604685962739995
h1SMcG0006617	-1.92785528834688	0.096174321263141
h1SMcG0006623	0.241247339485155	0.846093073533914
h1SMcG0006624	-2.89710876499761	0.0222151942111425
h1SMcG0006626	-1.51722806811621	0.000881292008973109
h1SMcG0006627	-0.0132741044966722	0.992643201108271
h1SMcG0006629	-1.18297557323087	0.469366628795914
h1SMcG0006630	0.0557717881642604	0.928431789633894
h1SMcG0006633	-0.283394909121371	0.567744702570319
h1SMcG0006635	-0.957273299554173	0.0223626164427594
h1SMcG0006636	-0.840625949873995	0.257687682591808
h1SMcG0006638	-0.0766175086685026	0.927405750465278
h1SMcG0006639	0.99418259282699	0.118532925637526
h1SMcG0006640	-1.31068541723092	0.0476132783717275
h1SMcG0006644	-0.544728013290563	0.203266876056277
h1SMcG0006645	-0.456470428848842	0.218299026922641
h1SMcG0006646	-1.09709512299404	0.00139438426987125
h1SMcG0006647	0.812432614777839	0.155032729073844
h1SMcG0006650	0.964779572947963	0.0123356300700293
h1SMcG0006651	1.38752811289797	0.00000330513821809472
h1SMcG0006653	3.08387899643513	0.000000000000000438983480394225
h1SMcG0006658	0.365627877811907	0.768485957788225
h1SMcG0006660	0.752818099413552	0.0244374281691515
h1SMcG0006662	-1.19011878589755	0.168423941993965
h1SMcG0006665	1.53419871096132	0.0000000267227722210253
h1SMcG0006666	-0.0496669090332024	0.972391043693941
h1SMcG0006667	-1.10326813998743	0.0000816665736670161
h1SMcG0006669	-0.732917578824176	0.526447264207142
h1SMcG0006670	0.240768038582923	0.507718661624384
h1SMcG0006674	1.01700792846142	0.310997596439774
h1SMcG0006675	0.0984775132296504	0.956940179427552
h1SMcG0006678	-1.72103822959921	0.241875217219807
h1SMcG0006679	1.6678050750071	0.158979340594488
h1SMcG0006680	-1.43199499343409	0.191236315023847
h1SMcG0006682	-0.579349629404245	0.325035768646334
h1SMcG0006683	-0.372915679575935	0.801862855926259
h1SMcG0006687	0.586907057729873	0.160329551858496
h1SMcG0006688	0.385270231196654	0.520870780081732
h1SMcG0006689	-0.982478564005825	0.188674569692851
h1SMcG0006694	-2.04595752568663	0.0114749786497985
h1SMcG0006697	-0.472058793843994	0.493335946165632
h1SMcG0006698	-2.02421800669194	0.100240177991038
h1SMcG0006699	-1.54010371819617	0.242266036199413
h1SMcG0006700	0.0991391424176118	0.957534043503773
h1SMcG0006701	1.15243305056491	0.0000359899998453817
h1SMcG0006702	1.8582026438646	0.00000000000106100141459186
h1SMcG0006705	0.565219009071743	0.318055488530885
h1SMcG0006706	0.735285043243819	0.437316017260852
h1SMcG0006710	-0.982646840927176	0.26300370523111
h1SMcG0006712	2.61710091580978	0.0000149263800461508
h1SMcG0006714	-2.4624991260588	0.00167501750423712
h1SMcG0006718	-0.390139288739468	0.609971564436773
h1SMcG0006720	-0.279308244556676	0.839939897555161
h1SMcG0006723	0.928707878860568	0.418731450864572
h1SMcG0006725	-2.50753911702831	0.00000000000159860157794923
h1SMcG0006726	-0.44473917078199	0.716203023305435
h1SMcG0006727	-1.41531669756818	0.190156896725761
h1SMcG0006729	0.835928316080281	0.109809740595542
h1SMcG0006730	-0.590399386965972	0.174027816663982
h1SMcG0006731	-0.0524529750141822	0.932947976181963
h1SMcG0006734	0.262487214306219	0.828568506016267
h1SMcG0006735	-0.0707060972372692	0.941581340976568
h1SMcG0006736	0.0680000621756242	0.936252755986548
h1SMcG0006741	0.900790503945168	0.560174091546138
h1SMcG0006745	-0.0898548095678248	0.961149945398287
h1SMcG0006746	0.437776841879981	0.33727186448041
h1SMcG0006749	-1.86412792167227	0.0431986182778507
h1SMcG0006751	-1.27499840346388	0.399966320106989
h1SMcG0006754	0.323975496922594	0.438840351126806
h1SMcG0006755	-0.325769940751312	0.546116197174519
h1SMcG0006757	-0.154749651316326	0.884423180316416
h1SMcG0006758	0.489801429308798	0.567663263196202
h1SMcG0006760	-2.26096304712076	0.000827963405020296
h1SMcG0006761	-2.83178044735243	0.00164941269287093
h1SMcG0006762	0.110610974600129	0.942257185274545
h1SMcG0006764	0.117228129771875	0.789857362711959
h1SMcG0006765	-1.47829543281547	0.305700738593391
h1SMcG0006766	0.445947738567438	0.705971878637379
h1SMcG0006767	-1.66144982341337	0.0846293174212049
h1SMcG0006773	0.689693291480764	0.546550722012411
h1SMcG0006775	-2.80315902629506	0.000191572741781871
h1SMcG0006776	-2.07330183834446	0.0167991993482146
h1SMcG0006778	-0.310078019757812	0.781953805106847
h1SMcG0006781	-0.174926809866321	0.794590023057476
h1SMcG0006783	-0.0763782846565952	0.966346667889664
h1SMcG0006784	-1.84516966633617	0.089076240576203
h1SMcG0006785	-1.66113779865057	0.0127514387228218
h1SMcG0006786	-0.323958354819386	0.714631634720336
h1SMcG0006787	0.0457857974221993	0.944236378049168
h1SMcG0006792	0.0335043267355901	0.972495220755396
h1SMcG0006794	-0.569009904461014	0.208929157899794
h1SMcG0006796	-0.476821276229166	0.612548990942175
h1SMcG0006797	-1.05325200362097	0.038661339320517
h1SMcG0006798	-1.39123933738386	0.258417976013509
h1SMcG0006801	-1.11211877644634	0.363761528469826
h1SMcG0006803	0.0465334939957038	0.968642817352341
h1SMcG0006804	-1.01271345117198	0.466958916347901
h1SMcG0006805	-1.05320612113806	0.140021622048324
h1SMcG0006813	0.548112614566842	0.706948273469465
h1SMcG0006815	0.40184522302614	0.615759060627698
h1SMcG0006819	-0.448327764786853	0.656112259358417
h1SMcG0006820	-0.580868014325705	0.577398634361377
h1SMcG0006823	-1.32414179390281	0.225255881921556
h1SMcG0006825	-0.164981419369139	0.913332285080545
h1SMcG0006828	0.0106916280933744	0.990105825524064
h1SMcG0006829	-0.615671122227171	0.221225442642784
h1SMcG0006830	1.44922606547249	0.00383987335740226
h1SMcG0006832	1.32415528750892	0.00457908994022348
h1SMcG0006833	0.845056877622665	0.290687034497838
h1SMcG0006836	1.13957950329747	0.335891667495464
h1SMcG0006837	-1.31690563384216	0.00000902635451539128
h1SMcG0006839	2.58443826227115	0.00000000000000000488850054776694
h1SMcG0006842	-1.22557662279674	0.0620576343140794
h1SMcG0006843	1.48285973018501	0.000731860109759156
h1SMcG0006845	-0.738826976495933	0.236510177345885
h1SMcG0006846	-1.39552621382163	0.052912876359632
h1SMcG0006847	-0.678637587555914	0.434426652691848
h1SMcG0006849	-0.874303810994246	0.294643019377102
h1SMcG0006850	-0.962486575423438	0.293586989804646
h1SMcG0006851	-0.429233603270042	0.459685878239265
h1SMcG0006857	-0.533076021593755	0.14176020005318
h1SMcG0006858	-2.44273085424252	0.0814878807680957
h1SMcG0006859	-0.609562841784301	0.491898374837333
h1SMcG0006861	-3.34394440901849	0.00287043026998684
h1SMcG0006864	3.25692548079702	0.00000000000000000000000130636418453191
h1SMcG0006866	-0.596292478468012	0.711875430063457
h1SMcG0006868	-1.89157145377623	0.000908640874787943
h1SMcG0006869	-0.853191454784604	0.467532582717627
h1SMcG0006871	5.50945500976778	0.0000000000000000000000000000128310432631663
h1SMcG0006872	0.0230819096544806	0.985064822323962
h1SMcG0006874	-0.461610443144499	0.605661627641551
h1SMcG0006875	-2.71135723238855	0.0715349844100345
h1SMcG0006877	-1.16514849685506	0.00117116629575423
h1SMcG0006878	2.10249230914254	0.000000000465108711045653
h1SMcG0006879	-1.07865807270056	0.217631289478931
h1SMcG0006880	0.257352052283047	0.65408558459887
h1SMcG0006883	-0.323303656953702	0.78933865543548
h1SMcG0006885	0.605054101037492	0.102505494286455
h1SMcG0006886	-0.022614571325809	0.971336610589734
h1SMcG0006889	0.919232628348281	0.397877175410201
h1SMcG0006890	5.04856480596831	0.0000000000000000000000000000000000000000000000000000242557981851521
h1SMcG0006895	-2.7399332901613	0.0269534800153656
h1SMcG0006896	-0.705544884954331	0.120872428199988
h1SMcG0006897	-1.05894229654392	0.176692286377265
h1SMcG0006898	0.591056012773035	0.157707620141611
h1SMcG0006899	-0.441601883128732	0.693637284110605
h1SMcG0006901	-0.437663252863542	0.55078938752722
h1SMcG0006902	-0.451002393486769	0.535379486913703
h1SMcG0006903	-2.29796326173348	0.0672175755646397
h1SMcG0006904	-0.911671500047995	0.277287274093718
h1SMcG0006907	-2.13175072033385	0.0358924682934947
h1SMcG0006908	1.12592399177365	0.0307062790100892
h1SMcG0006912	-1.08917139454637	0.112649556634745
h1SMcG0006914	-0.698400370841228	0.158146068399464
h1SMcG0006915	0.204543714807687	0.632720019894421
h1SMcG0006917	-0.727350167925866	0.398450890114182
h1SMcG0006919	4.29883476405621	0.00000857158092126769
h1SMcG0006921	2.01301928962761	0.0423286818097553
h1SMcG0006922	0.00422829044333972	0.996067651083725
h1SMcG0006927	-1.30089415457272	0.404169730531611
h1SMcG0006933	-0.266226823818889	0.693498143545497
h1SMcG0006934	-2.88893106738781	0.00826951596176803
h1SMcG0006935	-0.918743604638867	0.477804629324007
h1SMcG0006936	-1.73021200832429	0.0118015315900344
h1SMcG0006939	-2.04187518888552	0.0030714698700857
h1SMcG0006940	-0.0363795516312491	0.933871379916583
h1SMcG0006941	-1.37400118064907	0.13313189773221
h1SMcG0006943	-4.78834711406619	0.0000154986950009857
h1SMcG0006946	-1.12289327157894	0.364599950565153
h1SMcG0006947	-2.73381219399227	0.0000110326020174811
h1SMcG0006949	-1.18707886783678	0.027298923979859
h1SMcG0006950	0.544382764445703	0.406128032071984
h1SMcG0006954	0.834287491519703	0.260024339257593
h1SMcG0006955	0.220361334121057	0.850401716338908
h1SMcG0006957	-2.11512711968127	0.0868220009303427
h1SMcG0006959	-1.00077203273478	0.0377578922965651
h1SMcG0006960	0.508724647972967	0.668994002757682
h1SMcG0006961	-2.26841300802397	0.0712992333121899
h1SMcG0006962	-1.36253675903122	0.193450735668266
h1SMcG0006964	-1.14163690093543	0.396549692845743
h1SMcG0006965	-1.34357599838397	0.0993405959879198
h1SMcG0006966	-1.47008873416181	0.126828116627532
h1SMcG0006967	0.686543320380158	0.218592845900772
h1SMcG0006970	0.30413062354801	0.615074234106541
h1SMcG0006973	-1.65489022142791	0.0000074713425370066
h1SMcG0006974	1.02253020657581	0.429533943485965
h1SMcG0006976	-1.47653376002352	0.11396976788504
h1SMcG0006978	-0.740418644800606	0.665512586293427
h1SMcG0006979	0.0935267210418704	0.913758091402894
h1SMcG0006984	0.503246948204879	0.119455704596209
h1SMcG0006985	-3.19379299899648	0.0000119280671524063
h1SMcG0006987	-0.796212376922795	0.0370564831205496
h1SMcG0006988	0.501649892477636	0.303413271664043
h1SMcG0006993	-1.60926081328656	0.113416565670871
h1SMcG0006996	0.588469881093587	0.916614688631808
h1SMcG0006997	-0.448864789909893	0.267591779384658
h1SMcG0006999	-0.891368091843974	0.546041714272317
h1SMcG0007000	-0.0878227441769409	0.943266185692532
h1SMcG0007001	-1.04492142402138	0.470313238486059
h1SMcG0007004	0.820777832197785	0.0193460077604364
h1SMcG0007005	0.689994245063186	0.603124917504315
h1SMcG0007006	-0.64817735135996	0.541616454581349
h1SMcG0007009	0.698940313628553	0.375181543761033
h1SMcG0007010	-1.14804079444486	0.361428476095367
h1SMcG0007012	-0.483911714212467	0.696605886196806
h1SMcG0007018	-3.91325183972568	0.000341682079472313
h1SMcG0007019	-1.63011582404867	0.0225484336445742
h1SMcG0007021	-1.80813818047298	0.254754483558425
h1SMcG0007023	-0.355357833991673	0.81572873117833
h1SMcG0007024	-1.39853039919064	0.289726211605303
h1SMcG0007026	0.287857392747594	0.545038947310266
h1SMcG0007028	-0.901001461915505	0.0531132531887626
h1SMcG0007029	-0.0629478914535309	0.961267733845554
h1SMcG0007031	-0.866613777809238	0.343757523446397
h1SMcG0007032	0.343474861102464	0.512098980769248
h1SMcG0007033	0.30852588417638	0.620635346853035
h1SMcG0007034	-0.725612694246539	0.0294509283240663
h1SMcG0007035	-1.16775868442303	0.353256565824243
h1SMcG0007036	1.33952768076633	0.32172868297073
h1SMcG0007038	-1.68210497275765	0.18941214318951
h1SMcG0007039	1.38086707126745	0.195428625837025
h1SMcG0007041	-0.420137035360856	0.807252303641205
h1SMcG0007042	0.0207368465567727	0.975037187311591
h1SMcG0007043	-1.09222915703829	0.0563391043979519
h1SMcG0007044	-0.323157728884847	0.327594663052484
h1SMcG0007046	-0.880164886664836	0.0987309786644021
h1SMcG0007050	-2.39571046425327	0.0701156792783623
h1SMcG0007052	-0.680079895822173	0.261358552317843
h1SMcG0007053	0.0142674455930913	0.989387500003651
h1SMcG0007056	-1.22429037983312	0.0510805061188112
h1SMcG0007057	-0.631088953458153	0.467641843352491
h1SMcG0007058	-0.301195996971104	0.722865352282866
h1SMcG0007059	0.0980238431012807	0.910890443829489
h1SMcG0007060	1.56119483681694	0.0195590983789135
h1SMcG0007062	-1.0316236633403	0.0828352983124701
h1SMcG0007064	-0.621014592042623	0.145484484163306
h1SMcG0007065	-0.344353848161067	0.633405814336708
h1SMcG0007067	-0.988165831246295	0.559516261645065
h1SMcG0007069	-0.0257420197903169	0.971019478514884
h1SMcG0007072	0.0691944611493139	0.936252755986548
h1SMcG0007073	0.0483984422172089	0.978393602001831
h1SMcG0007074	0.0794140469307586	0.936993200190857
h1SMcG0007078	0.155574495136183	0.908561523650534
h1SMcG0007079	-0.332057276123792	0.718229538514784
h1SMcG0007081	-0.880852353615282	0.0098637459002094
h1SMcG0007083	-0.317461308033929	0.79959116960856
h1SMcG0007086	1.23674446944285	0.00485423262996103
h1SMcG0007087	-1.21575042372685	0.330158073583694
h1SMcG0007088	-1.13860391511061	0.432917388403499
h1SMcG0007089	-1.11468478667379	0.399267733401545
h1SMcG0007090	1.10507341158052	0.235234726229191
h1SMcG0007098	-1.54898244774698	0.280455325615996
h1SMcG0007101	0.405965651261287	0.469872956505639
h1SMcG0007102	-0.0867624802010495	0.961149945398287
h1SMcG0007105	0.349805611854487	0.820361945663161
h1SMcG0007109	-0.840600862685481	0.587744342077892
h1SMcG0007112	-1.50005937160538	0.0994895501782824
h1SMcG0007114	-1.30034520269071	0.00835459307311379
h1SMcG0007115	4.00614431543884	0.000000000000000234078542791852
h1SMcG0007116	-0.230061882465998	0.80160703229036
h1SMcG0007117	-1.32758103227865	0.333953356287071
h1SMcG0007119	-1.88233226047481	0.0348550681960614
h1SMcG0007120	-4.82856326770657	0.0000201398616643615
h1SMcG0007121	0.201425880316118	0.880489877127451
h1SMcG0007122	-1.33557318818682	0.400825929995922
h1SMcG0007124	0.208592099067278	0.739196687348872
h1SMcG0007125	-0.300441007175895	0.832691758913392
h1SMcG0007126	-0.217315676469747	0.906097084256682
h1SMcG0007128	-1.32428669771056	0.305715241624566
h1SMcG0007129	1.61455311761782	0.176915710372269
h1SMcG0007131	-1.81420228387814	0.0230494729629577
h1SMcG0007134	-0.499803069344831	0.771236026286223
h1SMcG0007137	1.08628013368386	0.451205255207471
h1SMcG0007138	-0.971786244568047	0.365757621326624
h1SMcG0007139	0.60575051984107	0.342107713384508
h1SMcG0007141	-0.0516679068247346	0.949807659373581
h1SMcG0007143	-0.78319217167773	0.595530925713828
h1SMcG0007147	-2.2790154162829	0.0794897304145965
h1SMcG0007148	-1.60760088267735	0.000000508668274581906
h1SMcG0007150	-1.3699155106488	0.253269352239394
h1SMcG0007152	-1.33783485192248	0.0728586396261003
h1SMcG0007158	-0.337275251947875	0.599129071495034
h1SMcG0007163	0.0638195895680087	0.971199211510093
h1SMcG0007165	-2.26296351564187	0.0254215941956621
h1SMcG0007166	-2.05607118365057	0.115543287127941
h1SMcG0007169	-0.761431033467106	0.575324274082027
h1SMcG0007170	-0.0457798829420931	0.974790739654132
h1SMcG0007172	0.381061728878055	0.683952597869879
h1SMcG0007173	-0.670950932121446	0.241686392874257
h1SMcG0007175	-1.51586795882618	0.0000583756097986628
h1SMcG0007177	1.01724859834017	0.347140345717577
h1SMcG0007178	0.471549580150336	0.569978088187223
h1SMcG0007180	0.381313214368478	0.722865352282866
h1SMcG0007183	-3.1411160104529	0.0230494729629577
h1SMcG0007184	-1.76850878036463	0.254973873444072
h1SMcG0007185	-2.85214717333189	0.0296038908381603
h1SMcG0007188	-0.847774167577846	0.4310521822263
h1SMcG0007190	3.56431149913088	0.000000100451958870277
h1SMcG0007194	0.363066611068517	0.844765859841995
h1SMcG0007197	1.56387589487857	0.272266671625655
h1SMcG0007198	1.59093182925574	0.152072014541449
h1SMcG0007199	-1.94660575739025	0.116475811908061
h1SMcG0007201	-1.36537237409879	0.0235438688472927
h1SMcG0007202	0.612610635147405	0.425909369196438
h1SMcG0007204	-0.817065804249676	0.259131419463081
h1SMcG0007206	-0.133501854846086	0.880984258127909
h1SMcG0007211	-0.588120990788807	0.520025966015107
h1SMcG0007214	-0.205345517032976	0.788271748743242
h1SMcG0007215	0.866939111458292	0.0648640045851877
h1SMcG0007219	0.0977723474732071	0.869559036798592
h1SMcG0007220	0.108622877022472	0.921923830584199
h1SMcG0007223	-0.188984146074867	0.898460788419092
h1SMcG0007226	-3.87790243120178	0.000387769154192385
h1SMcG0007227	-3.09600205296183	0.0000036827198905478
h1SMcG0007229	-0.0409212412965121	0.98395761096125
h1SMcG0007233	-2.06754715958201	0.151442648099394
h1SMcG0007234	0.745686503434792	0.423409377952414
h1SMcG0007236	0.785429074140603	0.31915857441923
h1SMcG0007237	0.374866414070832	0.780706001139605
h1SMcG0007240	-1.55837949547149	0.105515816352739
h1SMcG0007245	-1.78159269455072	0.0000659864177389921
h1SMcG0007247	1.88433647678286	0.000000939073661230693
h1SMcG0007248	0.572547874900084	0.204525517926525
h1SMcG0007250	-0.936725501037043	0.481788620931822
h1SMcG0007251	-1.20456592755058	0.108275188731639
h1SMcG0007254	-0.624492859366018	0.525415185724413
h1SMcG0007255	1.24651475895505	0.232602150540145
h1SMcG0007257	0.82581927557788	0.203540703011816
h1SMcG0007262	0.104888021584811	0.900825518882607
h1SMcG0007267	-0.597254999043975	0.620635346853035
h1SMcG0007268	-0.335322702816184	0.775216293818608
h1SMcG0007270	3.40909181972336	0.00000976102705686439
h1SMcG0007271	-1.7023958035642	0.0170913100365483
h1SMcG0007272	-0.796636398282383	0.242985471525603
h1SMcG0007273	0.928194025304602	0.382723045699057
h1SMcG0007274	-0.322377256822264	0.635055396966567
h1SMcG0007275	-1.49746042163656	0.000178563876634529
h1SMcG0007276	-1.83573809649121	0.00308553514933773
h1SMcG0007280	-1.75473847389757	0.0373908180831998
h1SMcG0007283	0.378413167905171	0.285767782022696
h1SMcG0007285	-1.05810298372421	0.180184282206122
h1SMcG0007286	0.715591800556469	0.0108766863241594
h1SMcG0007287	-0.320742519613143	0.824250787352743
h1SMcG0007290	-0.942650300719775	0.470179628359655
h1SMcG0007303	1.64115956418674	0.43570854090999
h1SMcG0007304	2.55172321767165	0.197284629598609
h1SMcG0007307	0.00565405252897092	0.996067651083725
h1SMcG0007317	-1.72643224669658	0.0641658524198721
h1SMcG0007320	0.0548449560109391	0.897449781780641
h1SMcG0007321	-2.16032991336685	0.0144845849578439
h1SMcG0007322	0.666412709465065	0.208929157899794
h1SMcG0007324	-0.846513308331223	0.480717424570542
h1SMcG0007325	0.119189824752973	0.886798946986506
h1SMcG0007326	-0.929394723076001	0.00384807163716907
h1SMcG0007329	0.551610191631839	0.331694963079703
h1SMcG0007330	-0.116991300714532	0.949429890176879
h1SMcG0007331	1.04497952458205	0.00189166725577838
h1SMcG0007332	1.92461985809611	0.0000000282850301398409
h1SMcG0007336	-0.528907950918439	0.411444416447486
h1SMcG0007338	-2.21270913512531	0.0673143047830401
h1SMcG0007342	-0.629161901193365	0.0718292588128201
h1SMcG0007343	-0.857490690756618	0.410287245687553
h1SMcG0007344	-0.655476712144038	0.386128398848927
h1SMcG0007345	-1.46402705727287	0.0395364112516953
h1SMcG0007346	1.47856340620557	0.000000202408929322574
h1SMcG0007348	-0.705202324952462	0.580790332986091
h1SMcG0007350	-2.35538543608808	0.00219142751927865
h1SMcG0007352	-1.36954259632806	0.308449415606172
h1SMcG0007356	-1.06543094142908	0.448465324389535
h1SMcG0007357	-0.519526500930913	0.684137373212817
h1SMcG0007358	-2.4279119732337	0.00000000313281040056313
h1SMcG0007359	-2.19324507642116	0.00135100850142814
h1SMcG0007361	-2.12762913277031	0.150706761529164
h1SMcG0007364	-0.974641380423766	0.00406208595730383
h1SMcG0007365	-2.29941985463496	0.0527663268532626
h1SMcG0007368	-1.68888220812049	0.0936831932218978
h1SMcG0007369	5.90329253672828	0.0000000000000000000000000000137504579307087
h1SMcG0007370	3.61931688851413	0.140899521857516
h1SMcG0007371	-0.216366006244375	0.79863995454481
h1SMcG0007372	3.07077602509406	0.00000000401974678193254
h1SMcG0007375	-0.9956631001667	0.00633493060640446
h1SMcG0007376	-0.13556574239742	0.948178378825584
h1SMcG0007378	0.332635921205812	0.765154011220115
h1SMcG0007381	-0.527469906184108	0.391001583341758
h1SMcG0007382	0.343574556259279	0.722158922504568
h1SMcG0007386	0.736594212083462	0.222897619549535
h1SMcG0007387	0.444770942152364	0.222119553410446
h1SMcG0007388	-0.365707389125754	0.507718661624384
h1SMcG0007392	1.06970566625248	0.17698240462998
h1SMcG0007393	-1.14235192678428	0.38550207782551
h1SMcG0007394	-0.788317383893496	0.0518707650566106
h1SMcG0007395	1.75316965649058	0.0126025053334799
h1SMcG0007396	-1.37956982016864	0.0739028104414357
h1SMcG0007404	-0.138537601260287	0.754876815266198
h1SMcG0007408	-1.20931661452187	0.426078004608638
h1SMcG0007414	-0.283310819225383	0.797474553879477
h1SMcG0007416	-2.65266259673274	0.0398833993631496
h1SMcG0007420	-0.252168708711767	0.890967303275385
h1SMcG0007421	-2.97666254026442	0.0083416675687586
h1SMcG0007422	-0.679667578397099	0.486749944679393
h1SMcG0007431	-0.707162469637694	0.567611707355822
h1SMcG0007432	-0.189509099715138	0.68502651147479
h1SMcG0007433	0.274294907786348	0.4675469578862
h1SMcG0007436	-1.86483813196753	0.0359496284253416
h1SMcG0007437	-0.809549319320211	0.183312107094612
h1SMcG0007439	-0.225011116258065	0.812726457337327
h1SMcG0007441	-0.468019266523335	0.628274546510519
h1SMcG0007442	-1.72556493796615	0.0000000241431701640668
h1SMcG0007444	-1.15568249264964	0.475821766901129
h1SMcG0007445	-0.122448202123277	0.929173009557033
h1SMcG0007446	0.380914962402807	0.437000794278337
h1SMcG0007447	-1.30471739852815	0.19331160000216
h1SMcG0007449	0.138680653263324	0.821866288232081
h1SMcG0007451	-0.7547759185832	0.0575598573241966
h1SMcG0007452	-1.11632422922676	0.0217178432886612
h1SMcG0007453	-0.243068714442645	0.449926928667241
h1SMcG0007455	-1.1060819372958	0.0746953915294701
h1SMcG0007463	-3.01629991468674	0.0143136360804815
h1SMcG0007465	-0.82604421380989	0.511460760263573
h1SMcG0007466	-0.321902610991251	0.618771670938886
h1SMcG0007467	-1.27748645767641	0.29646949447356
h1SMcG0007469	-0.0772319345562559	0.959989657764133
h1SMcG0007471	-0.78624050074618	0.218985399809603
h1SMcG0007472	-1.73062297435947	0.0993405959879198
h1SMcG0007473	0.812723483683997	0.285283597469844
h1SMcG0007476	1.32072696898575	0.000310768636577049
h1SMcG0007478	-1.19751289608923	0.000318828190489627
h1SMcG0007485	-2.9178816268959	0.0275181060004608
h1SMcG0007496	-1.47686903163662	0.000000000147894372367519
h1SMcG0007497	-0.231030324899546	0.781299086174864
h1SMcG0007498	-0.751978822874759	0.5741884599102
h1SMcG0007499	1.94517838518188	0.000000000382235295152001
h1SMcG0007500	0.283670209506962	0.704084757283775
h1SMcG0007501	-0.132917475717594	0.930187356278208
h1SMcG0007502	1.08891871683342	0.431905008389961
h1SMcG0007503	2.0921675682832	0.000128280302389377
h1SMcG0007504	-2.6214127265836	0.0036963882676913
h1SMcG0007506	0.711456420737035	0.0859011607022789
h1SMcG0007514	-0.424513967282359	0.293915449524013
h1SMcG0007515	0.357727984006286	0.80829557910326
h1SMcG0007516	-1.19812328094526	0.0149489488028548
h1SMcG0007517	-0.420115820209073	0.289431777737265
h1SMcG0007518	-2.01803679182621	0.102598658558152
h1SMcG0007522	0.600136123235187	0.684117659695939
h1SMcG0007525	3.18312480807497	0.000000000000244023872546979
h1SMcG0007526	0.0525148420480909	0.922683632653122
h1SMcG0007528	-1.17768607570121	0.35702497394615
h1SMcG0007529	-2.76524229535759	0.041388380945379
h1SMcG0007530	-0.824234658532564	0.371041780514832
h1SMcG0007536	1.33239108838844	0.037554784930555
h1SMcG0007554	-0.975080327826508	0.0623754434423092
h1SMcG0007555	0.0119594242888863	0.993374513932913
h1SMcG0007558	-0.0396574381619996	0.956213306353238
h1SMcG0007560	4.66845153153932	0.000000514510639648086
h1SMcG0007562	-1.31646537624781	0.0106213383112178
h1SMcG0007565	-0.666811005495044	0.33441591070747
h1SMcG0007566	-0.46924441470341	0.526193051600051
h1SMcG0007567	-0.659711669326307	0.113862459926888
h1SMcG0007569	0.725889831223484	0.171393267104247
h1SMcG0007570	-0.185979273508176	0.844834009478192
h1SMcG0007571	-0.876706731740376	0.33727186448041
h1SMcG0007574	0.781130768201292	0.571705553431854
h1SMcG0007575	-0.120934486918482	0.929802791220336
h1SMcG0007578	4.19721728851276	0.000000000000288178694578848
h1SMcG0007579	1.89060473871686	0.0415751142778715
h1SMcG0007580	-0.245247325265097	0.879457638755554
h1SMcG0007581	-0.638797782497226	0.177095088513197
h1SMcG0007582	0.75396019422132	0.0868736126971854
h1SMcG0007583	1.00663749574964	0.0364712279499005
h1SMcG0007585	2.28302014087515	0.000000128653101104643
h1SMcG0007586	-0.537421592252394	0.479044585444287
h1SMcG0007587	-0.191741516205282	0.903982039941738
h1SMcG0007589	2.80862699973734	0.000000000000000763322331743844
h1SMcG0007592	-1.4298242099462	0.228859571781564
h1SMcG0007593	-0.0724302125877575	0.952504229884096
h1SMcG0007596	-0.948847301988557	0.179370857916901
h1SMcG0007598	0.236279372650943	0.740857333473577
h1SMcG0007602	-1.29877630769278	0.346134203933683
h1SMcG0007603	-2.77475030114317	0.00000140876164226744
h1SMcG0007608	0.297966923940654	0.855399983904933
h1SMcG0007616	-0.368627611413575	0.641010338279422
h1SMcG0007617	-0.739075279354526	0.633405814336708
h1SMcG0007621	0.479379691431029	0.505715542519822
h1SMcG0007624	1.08690020466129	0.0000284522004498474
h1SMcG0007625	-0.287175236075518	0.580028680188308
h1SMcG0007627	0.595389887209638	0.649566111562097
h1SMcG0007628	1.48918586957214	0.0000000195427757854703
h1SMcG0007632	1.13173445364841	0.0917214109210266
h1SMcG0007636	-0.0481652869118338	0.92606912723394
h1SMcG0007637	-0.661679055828516	0.125166876026665
h1SMcG0007639	2.69681140007068	0.0000000137958235638082
h1SMcG0007640	-1.05066564762509	0.297629649871527
h1SMcG0007642	0.211566460493654	0.779104439797786
h1SMcG0007643	-1.26088608019326	0.0000317405746586235
h1SMcG0007644	-1.21410985302506	0.386931186132398
h1SMcG0007650	3.27701151155812	0.000109466357267129
h1SMcG0007653	-0.228896490530865	0.526297420334732
h1SMcG0007656	-2.84463139659892	0.0178793598427453
h1SMcG0007658	0.457649392910176	0.68999241897322
h1SMcG0007660	-1.79753924865983	0.141536381290753
h1SMcG0007661	-2.05285384260274	0.184286256673883
h1SMcG0007664	-1.85298634717374	0.238325229616995
h1SMcG0007671	1.65525956390831	0.134145014166766
h1SMcG0007673	2.15471529607499	0.0000000000000033036681021975
h1SMcG0007676	1.58437686567291	0.147424703473834
h1SMcG0007677	-0.638658546122483	0.160367676420941
h1SMcG0007682	-1.18695962572084	0.391358719479373
h1SMcG0007684	-1.21317019389192	0.465195702419109
h1SMcG0007685	-2.88615251227847	0.0451133381711515
h1SMcG0007686	-2.22855536633594	0.125671310162342
h1SMcG0007687	-0.251768885380091	0.839939897555161
h1SMcG0007689	-1.78364189865512	0.0000192152878472454
h1SMcG0007690	-0.785475366172378	0.228598163233474
h1SMcG0007692	1.6174811481562	0.00503782598722867
h1SMcG0007693	1.24722949954382	0.230044531145132
h1SMcG0007696	-0.210951694616253	0.715834567044214
h1SMcG0007701	-0.173114019875333	0.793108245005685
h1SMcG0007702	1.62238708915651	0.199697916799021
h1SMcG0007703	-2.39533966169369	0.0384628176367003
h1SMcG0007704	-0.182575974811291	0.628139809165204
h1SMcG0007707	-0.165772277255248	0.669176045916207
h1SMcG0007710	-1.0146074918897	0.286307334175117
h1SMcG0007714	0.491062859904264	0.557350052761443
h1SMcG0007715	-0.574173462629107	0.727477894026601
h1SMcG0007716	-1.08985435812081	0.283975610311557
h1SMcG0007718	0.264870700323589	0.584898283265163
h1SMcG0007720	2.54688756582357	0.000000000623794032222005
h1SMcG0007722	-0.948197795517144	0.0958090370173235
h1SMcG0007724	-0.461972013421117	0.482438007891894
h1SMcG0007725	0.940031917282507	0.0640838840104115
h1SMcG0007726	2.39532928572179	0.0000625399446694573
h1SMcG0007728	-0.944113417410443	0.217075085283767
h1SMcG0007730	0.237580512034143	0.888052284914796
h1SMcG0007733	-3.62215073774077	0.00047973936910269
h1SMcG0007734	-1.11926368661356	0.0880999304947803
h1SMcG0007735	-0.311129701047731	0.426595245580941
h1SMcG0007736	-0.819791556518558	0.240785419658435
h1SMcG0007745	0.505386980398865	0.334745746604041
h1SMcG0007747	-2.73074589260662	0.0508460661919578
h1SMcG0007749	-2.29776210504262	0.0821818987509975
h1SMcG0007750	-2.95238167940866	0.0385002179599423
h1SMcG0007751	-2.07256953913106	0.137603202757537
h1SMcG0007756	0.350840938165532	0.325540866288982
h1SMcG0007757	-0.853730152025078	0.0208173629008403
h1SMcG0007758	2.37739104091129	0.0127514387228218
h1SMcG0007759	-0.875623008062294	0.100402165084665
h1SMcG0007761	-0.542708536683982	0.453607942922502
h1SMcG0007762	-0.937963289533171	0.219576488959333
h1SMcG0007766	-0.161606720008408	0.893673869151968
h1SMcG0007770	-0.627703358794053	0.352421323655264
h1SMcG0007774	1.31188368171814	0.109791716219558
h1SMcG0007778	-1.09244468339787	0.291429314927851
h1SMcG0007779	0.585829576326166	0.229324463927412
h1SMcG0007782	-2.84022378262341	0.000266518823874075
h1SMcG0007783	-0.546103118786857	0.702962219238754
h1SMcG0007785	-2.60145142429566	0.0609143830376753
h1SMcG0007786	-0.85394488461663	0.467378427378796
h1SMcG0007787	0.413213923729466	0.374475862830044
h1SMcG0007789	-1.46295037691705	0.339027052958941
h1SMcG0007791	0.649763175847023	0.353535818596321
h1SMcG0007793	3.38594960871381	0.000000442153917675246
h1SMcG0007794	0.953656325304101	0.205589219172172
h1SMcG0007795	3.93701521547034	0.0000000000000000000711691569012281
h1SMcG0007797	0.509671131955856	0.100398214739418
h1SMcG0007798	-1.348405331332	0.183613853907151
h1SMcG0007799	-0.201331889542427	0.72529728190451
h1SMcG0007802	-0.905893633628531	0.0153422024837266
h1SMcG0007807	-1.68642620385494	0.244353703700709
h1SMcG0007809	-0.76138831982268	0.254358177567675
h1SMcG0007810	-0.162983567456395	0.722116488331879
h1SMcG0007811	0.180105627462949	0.71573981574241
h1SMcG0007813	-3.03667108861677	0.0166647647322788
h1SMcG0007815	-0.423899040419196	0.353176995501566
h1SMcG0007817	-0.663787937380542	0.526765043419455
h1SMcG0007818	-0.408450468148639	0.820656362876417
h1SMcG0007819	-1.68378893705986	0.236298506291553
h1SMcG0007820	-0.840723944352892	0.147795799682667
h1SMcG0007822	1.73442793886199	0.0000537072908062364
h1SMcG0007823	-0.389967515490675	0.753041550199028
h1SMcG0007826	2.75968838327575	0.000000446838283936051
h1SMcG0007827	-0.246246398974613	0.666581322713989
h1SMcG0007829	-1.50246619719146	0.198774761213049
h1SMcG0007830	0.446089397909671	0.398302325533519
h1SMcG0007833	3.72934902929512	0.00000000000000000000145755592237581
h1SMcG0007836	-0.407890016205546	0.458187925527079
h1SMcG0007844	0.963627045523516	0.443384427907765
h1SMcG0007855	-0.467188949861137	0.52231927161719
h1SMcG0007863	0.0365894280149852	0.962215618326897
h1SMcG0007864	-0.369167124503706	0.430575780143572
h1SMcG0007866	-2.07528771994119	0.0567822252669585
h1SMcG0007868	-1.48708081721772	0.312654687301745
h1SMcG0007870	-0.700972630409006	0.0715349844100345
h1SMcG0007872	-3.90370075194704	0.0000145272565768221
h1SMcG0007873	-3.65482803015889	0.00414787686692608
h1SMcG0007874	-0.386364664779513	0.393878150683086
h1SMcG0007875	-1.43124402021886	0.000237700849354529
h1SMcG0007878	0.874078277368737	0.00915550875591342
h1SMcG0007880	5.04997950889371	0.00000000000000216163093068068
h1SMcG0007881	-0.924496657221525	0.197597693483186
h1SMcG0007883	-0.683465305267055	0.550762991703725
h1SMcG0007885	-1.31060587824986	0.000805414854492376
h1SMcG0007886	-0.0899152302593149	0.912349529311266
h1SMcG0007890	-1.97238943494376	0.0097524470384726
h1SMcG0007895	-1.30496612521588	0.350703930345382
h1SMcG0007897	0.366320425690804	0.633241339615078
h1SMcG0007905	0.851724515470009	0.590301564774391
h1SMcG0007909	2.20450276428765	0.0985567282054233
h1SMcG0007911	0.927479211198763	0.302439163425242
h1SMcG0007916	-0.442031556828954	0.44790757657017
h1SMcG0007917	-0.33842221161417	0.816706845716063
h1SMcG0007918	0.150428202174027	0.831043211273989
h1SMcG0007920	-0.944985323956385	0.101637615876111
h1SMcG0007921	-2.48363760682327	0.0803631185559391
h1SMcG0007923	0.895211953643868	0.0413667778831705
h1SMcG0007924	1.54213054772545	0.0330123560352519
h1SMcG0007926	-0.797176243468152	0.615430571479415
h1SMcG0007928	-0.366097337956594	0.73067339611576
h1SMcG0007932	-0.674939549732584	0.13536704312549
h1SMcG0007933	0.112929368166468	0.839939897555161
h1SMcG0007937	0.479469366571253	0.774045320493823
h1SMcG0007938	-0.656494374921594	0.0368707982615752
h1SMcG0007941	0.76727480116271	0.473970701534096
h1SMcG0007942	-0.12821407514013	0.92106674394056
h1SMcG0007943	-1.14960007142474	0.467532582717627
h1SMcG0007946	-2.87749145624273	0.0306421891117879
h1SMcG0007947	-0.604637815081713	0.436532814635388
h1SMcG0007949	0.185736287454036	0.902655626570077
h1SMcG0007953	-0.589932447958472	0.0929277894984124
h1SMcG0007955	-2.03551901463578	0.0977807827364518
h1SMcG0007958	0.475028074455947	0.422167323252881
h1SMcG0007960	-0.499312949644783	0.489417668051985
h1SMcG0007961	-1.23385956912529	0.100286962672519
h1SMcG0007969	-0.12465956825017	0.949442313586263
h1SMcG0007970	-0.186731415861988	0.890331701268322
h1SMcG0007973	-2.29341613758967	0.114814375647397
h1SMcG0007982	-0.700343347260763	0.50236902331591
h1SMcG0007985	0.581669604988736	0.208264593934965
h1SMcG0007987	-0.339059191838049	0.746405816379955
h1SMcG0007990	-0.0277933071179165	0.981848740453438
h1SMcG0007991	0.899644852074483	0.228041322187008
h1SMcG0007993	-0.421279835067048	0.590525287188222
h1SMcG0007994	-0.651910296729768	0.590301564774391
h1SMcG0007995	-0.878835025560998	0.357198289470035
h1SMcG0007996	-1.0565863903885	0.1868282440773
h1SMcG0007997	-0.931382346914902	0.315569675110082
h1SMcG0007999	1.35868881527805	0.0686053729543107
h1SMcG0008000	1.14707095873377	0.140046096157881
h1SMcG0008003	-0.591567528541258	0.59122955248098
h1SMcG0008007	6.55603089490297	0.000869147365392964
h1SMcG0008008	0.330050064272303	0.705132964750636
h1SMcG0008011	1.22463436862559	0.0376949375609415
h1SMcG0008012	-0.925276313334661	0.268126791303148
h1SMcG0008013	0.0974554309302022	0.83602809297644
h1SMcG0008014	0.855423692700921	0.524200529712469
h1SMcG0008015	0.64879245495859	0.475438150829057
h1SMcG0008018	0.0622503335813805	0.942025462002555
h1SMcG0008019	-0.611792530403732	0.40090506602674
h1SMcG0008020	-0.565909784146319	0.728032447040568
h1SMcG0008025	-1.72590693079961	0.1466901942633
h1SMcG0008026	-0.188072731503225	0.882158710385504
h1SMcG0008028	-0.603978724435735	0.551740539871401
h1SMcG0008031	-0.275153522516507	0.725955649475518
h1SMcG0008033	-0.605105913609811	0.227673105361959
h1SMcG0008034	-0.0177866288129994	0.978123366246296
h1SMcG0008035	-3.82750964250373	0.0000000000000000000000000000000000000254225436524476
h1SMcG0008036	-2.42185650620879	0.00000000000549553703055693
h1SMcG0008037	-0.510445721240857	0.665907990347411
h1SMcG0008042	0.33185371294922	0.429513130445861
h1SMcG0008044	-1.82021687630409	0.072636880543205
h1SMcG0008055	-0.16274643254297	0.777538815847615
h1SMcG0008056	-1.1826640895903	0.459224588150982
h1SMcG0008062	-0.0662602433364635	0.949801611132081
h1SMcG0008063	-0.121256061226094	0.842499076366908
h1SMcG0008064	-0.78666341697324	0.610471380030835
h1SMcG0008067	-0.291789670296693	0.855500618326924
h1SMcG0008069	-0.881349651654733	0.267548441246686
h1SMcG0008070	-0.74501982860127	0.197122743274915
h1SMcG0008071	-1.26074809487494	0.00734397500930334
h1SMcG0008073	-1.08891276035836	0.0013102822895341
h1SMcG0008074	-1.03357876732698	0.00132108448805127
h1SMcG0008076	3.14439809784211	0.0000000000000000000000000000000315519075023399
h1SMcG0008077	-4.53303041158995	0.0000948775221832151
h1SMcG0008078	-0.804124330457469	0.553558281769986
h1SMcG0008082	1.25318149633524	0.00100458209322968
h1SMcG0008083	-0.513547859810342	0.50820322453358
h1SMcG0008085	0.319411266294707	0.704084757283775
h1SMcG0008086	0.389971823600876	0.693637284110605
h1SMcG0008089	-1.35092495279067	0.0831946684608301
h1SMcG0008091	0.369347408732647	0.250782603610659
h1SMcG0008093	0.743995713895854	0.307360302094593
h1SMcG0008097	-2.51814535953898	0.0269486924047579
h1SMcG0008104	-0.804163757222485	0.485201455504791
h1SMcG0008106	1.23193133525746	0.0667059355748847
h1SMcG0008107	-1.03884995931382	0.274529408981658
h1SMcG0008108	1.39650690712297	0.000718257316921919
h1SMcG0008109	3.64743432453888	0.000244979778277228
h1SMcG0008110	3.70909125662598	0.000000000000029257890914498
h1SMcG0008113	-1.35689146320677	0.0468331746432487
h1SMcG0008114	-0.303894944264435	0.806065529639303
h1SMcG0008118	0.920861579253001	0.00413264366592373
h1SMcG0008119	-0.84523983716535	0.40251554559201
h1SMcG0008120	-0.733564894964525	0.598115611985284
h1SMcG0008121	-0.783787350798296	0.19898924750778
h1SMcG0008122	-2.02908211045254	0.0674928820959972
h1SMcG0008123	-0.0202276667566495	0.989387500003651
h1SMcG0008125	0.151685369563356	0.783570311075039
h1SMcG0008132	-0.497087406154412	0.546550722012411
h1SMcG0008134	-4.74290801226926	0.0000424276776407841
h1SMcG0008135	-1.10740707186383	0.00186077508994681
h1SMcG0008142	0.629876687728837	0.560174091546138
h1SMcG0008145	-0.587024973140947	0.185355895137598
h1SMcG0008146	-0.0642809247652252	0.924313350770346
h1SMcG0008147	2.55544989350579	0.0437054662592625
h1SMcG0008150	-0.687802569123466	0.0741238386698985
h1SMcG0008151	0.228919228974017	0.669051875583305
h1SMcG0008152	0.353413047541847	0.477021832326559
h1SMcG0008155	-0.257381870706808	0.767378309893206
h1SMcG0008157	-0.613575504296943	0.275479970294067
h1SMcG0008159	1.94010962349081	0.0426119578185032
h1SMcG0008161	-1.58352732256522	0.0261797699673564
h1SMcG0008163	-1.47353874441004	0.16330796054401
h1SMcG0008167	-2.79989782850967	0.00156672425128166
h1SMcG0008168	0.174306668313851	0.917875252247648
h1SMcG0008169	-0.793044656794307	0.0235493836696127
h1SMcG0008171	0.0584187801278392	0.978123366246296
h1SMcG0008173	-0.979865591734321	0.373075699764311
h1SMcG0008177	-0.14268274320925	0.890000875962258
h1SMcG0008178	0.485485411603447	0.180618673872002
h1SMcG0008179	-0.678669503139665	0.352421323655264
h1SMcG0008180	0.556414859073579	0.109700646762026
h1SMcG0008181	-0.980364145034416	0.252254550092932
h1SMcG0008182	-0.322419662019864	0.667928139476426
h1SMcG0008183	-1.08550663479875	0.167380324390118
h1SMcG0008184	-0.0454630437347262	0.945775791049016
h1SMcG0008185	-1.02069910241985	0.49900589778074
h1SMcG0008186	-1.79180870816208	0.0000000901334376498217
h1SMcG0008188	0.852553491449847	0.419411607362565
h1SMcG0008190	-0.577844018612864	0.350703930345382
h1SMcG0008192	0.29573813960321	0.606411133400451
h1SMcG0008194	-2.99709617608009	0.0246924994694358
h1SMcG0008196	-1.94258011412961	0.16330796054401
h1SMcG0008198	-0.354269047971653	0.564206575299763
h1SMcG0008200	-0.280186962589526	0.662528322007913
h1SMcG0008202	2.85137314285308	0.0000152907356760064
h1SMcG0008204	0.229295683832157	0.725562601599291
h1SMcG0008205	-1.41745519829466	0.0641448531786731
h1SMcG0008206	-1.24123829762596	0.00815621854516108
h1SMcG0008209	-0.423429542316184	0.53922878071161
h1SMcG0008211	0.471309078406266	0.48553807083782
h1SMcG0008216	-0.840423430742033	0.232473018756498
h1SMcG0008217	0.293142772683728	0.849807161998592
h1SMcG0008220	-0.351516863289656	0.653016217568114
h1SMcG0008221	-1.26031625266887	0.076597569051828
h1SMcG0008223	-0.484133570754675	0.40470124199435
h1SMcG0008229	0.03032066355368	0.966993195852175
h1SMcG0008230	0.634800071183085	0.605036222187117
h1SMcG0008232	-2.32784861044564	0.10285137934188
h1SMcG0008233	-2.25471460440084	0.0140241052852983
h1SMcG0008234	0.68619812937263	0.597974900430954
h1SMcG0008236	0.996368748833263	0.491876032215452
h1SMcG0008238	-1.7087379878758	0.289492829081429
h1SMcG0008239	0.0926867216429463	0.918232047306759
h1SMcG0008241	-0.294141825140228	0.817719387841493
h1SMcG0008244	-2.71220880240942	0.0499282095710228
h1SMcG0008246	-0.684573008230873	0.0697990283849764
h1SMcG0008251	0.111257248817786	0.949801611132081
h1SMcG0008254	-1.5830422434797	0.0198840831391395
h1SMcG0008255	-0.664621864747701	0.680943319194535
h1SMcG0008257	-1.67216647570102	0.0987433867138228
h1SMcG0008258	-0.246681526211043	0.789689193057371
h1SMcG0008260	-0.328093940494649	0.553471068031765
h1SMcG0008261	-2.47079740281529	0.0597169624256446
h1SMcG0008262	-2.93475974319049	0.0424977916986733
h1SMcG0008263	-0.641899423979672	0.323889006892202
h1SMcG0008264	-1.06687732873942	0.0184615483134875
h1SMcG0008266	-1.73793518987851	0.00368705160064526
h1SMcG0008267	-3.40573289693935	0.0105556232179979
h1SMcG0008269	2.77287980248736	0.00178355094960985
h1SMcG0008271	-0.122530669507181	0.947768081397565
h1SMcG0008274	-0.72140178959105	0.0102060745758053
h1SMcG0008276	-0.56849792470383	0.702169319665631
h1SMcG0008277	-0.442124416229178	0.64275464764119
h1SMcG0008281	0.43460675218299	0.639851963023133
h1SMcG0008283	-0.269128732008515	0.691062994867436
h1SMcG0008286	1.54818142726454	0.0532891296031505
h1SMcG0008288	-2.32450729130436	0.000840964246756071
h1SMcG0008292	0.324134234262886	0.510600157197701
h1SMcG0008293	0.340725182389763	0.507000252064166
h1SMcG0008294	0.690266816547663	0.325540866288982
h1SMcG0008298	-2.13322796888093	0.110810329153754
h1SMcG0008299	0.511436101071004	0.285066392760725
h1SMcG0008300	-0.324720388140012	0.585413331467691
h1SMcG0008304	-0.653909740649718	0.220653243882283
h1SMcG0008309	-0.431687652539459	0.703873618594644
h1SMcG0008310	-0.66486516897653	0.00843097556775538
h1SMcG0008311	0.356701471687958	0.471724088033647
h1SMcG0008317	-2.56957996783374	0.0678957416289872
h1SMcG0008318	-0.783658700274737	0.0672175755646397
h1SMcG0008319	-0.0183719845375403	0.976112396753846
h1SMcG0008320	-0.0127682382677198	0.992514654489404
h1SMcG0008322	-0.467181585281748	0.788532408120762
h1SMcG0008325	-0.76438012121475	0.553558281769986
h1SMcG0008326	-0.180400794728872	0.842530072097966
h1SMcG0008338	-1.46204136591186	0.0670100852130592
h1SMcG0008339	-0.728359631760533	0.603141243263815
h1SMcG0008340	0.255793677471888	0.662093164999059
h1SMcG0008345	0.714557774527008	0.0235718076342857
h1SMcG0008347	-0.186381095054323	0.905377538580211
h1SMcG0008350	-0.204152588278067	0.688021639673159
h1SMcG0008354	1.94994052538739	0.0000343409709803488
h1SMcG0008355	0.1235048894202	0.812914560487689
h1SMcG0008356	0.871958791809124	0.499003937586067
h1SMcG0008358	-1.2951187522767	0.0888401390816969
h1SMcG0008359	0.458522318416847	0.777850992495008
h1SMcG0008360	-1.75910135480054	0.0212330904092025
h1SMcG0008361	-0.948941280497317	0.038661339320517
h1SMcG0008363	-0.630144809407195	0.14699958442343
h1SMcG0008364	-1.01180432876158	0.312963065076239
h1SMcG0008366	-2.00567048575137	0.0248828692091698
h1SMcG0008369	-1.9270424981019	0.0148072374337573
h1SMcG0008370	-0.693511252550645	0.0732798545341493
h1SMcG0008371	-0.191149789087643	0.866182240059814
h1SMcG0008372	-2.78842740130461	0.0000553499294472981
h1SMcG0008373	0.313423025479159	0.743109423731724
h1SMcG0008374	-0.252355597340413	0.763344701430785
h1SMcG0008378	-0.894479831231782	0.446159132468576
h1SMcG0008379	0.425574339133327	0.407591930519946
h1SMcG0008382	-0.645021953048308	0.181397668401331
h1SMcG0008384	0.327029584932774	0.599365559559025
h1SMcG0008385	-0.376597509954895	0.826455295686082
h1SMcG0008386	1.35479886452772	0.260215440147419
h1SMcG0008387	0.403680212428008	0.741536406650384
h1SMcG0008388	1.85039687809296	0.000000128638006617433
h1SMcG0008389	-0.496732526188852	0.451618753823914
h1SMcG0008391	-1.87945516022163	0.199869690227384
h1SMcG0008397	-0.162867033704223	0.772359185558164
h1SMcG0008400	-0.266536596039057	0.574706931068179
h1SMcG0008405	1.42411298629876	0.000278047745982711
h1SMcG0008408	-0.00955405351951903	0.989522535129625
h1SMcG0008409	1.14815133326419	0.0706590120474318
h1SMcG0008410	-0.438939037343451	0.707291576942951
h1SMcG0008413	-0.383930512525365	0.302766190229594
h1SMcG0008414	0.0323265777460498	0.986423537357938
h1SMcG0008416	0.457971289951822	0.288149779611031
h1SMcG0008418	-0.273686103339799	0.701428155225784
h1SMcG0008420	-0.396320059526868	0.623467464340298
h1SMcG0008424	-3.206865804082	0.000758010751838083
h1SMcG0008425	-2.05997726919878	0.091773208013656
h1SMcG0008426	-1.26132126574569	0.36025734101894
h1SMcG0008427	1.12341031061713	0.208264593934965
h1SMcG0008428	1.31987102929819	0.294032186398289
h1SMcG0008434	1.07272803225569	0.491790735951558
h1SMcG0008437	-0.803486501286586	0.448823456732687
h1SMcG0008440	-1.2576180783747	0.176574415408934
h1SMcG0008441	-3.02122210963735	0.00930418540903452
h1SMcG0008446	0.214411684072532	0.805986427746609
h1SMcG0008448	6.54273815136194	0.00000000000000434935141918708
h1SMcG0008449	-1.79515082317573	0.156075522547172
h1SMcG0008450	-3.07004614006236	0.0175172731214301
h1SMcG0008451	0.469760978779165	0.298465913974921
h1SMcG0008454	-2.3431887246042	0.0265987182455274
h1SMcG0008461	-1.77493249208849	0.0248828692091698
h1SMcG0008462	-0.0778306591918779	0.918665474160286
h1SMcG0008463	-0.554903087540698	0.521815849189681
h1SMcG0008465	-2.78718468546922	0.00228431523685852
h1SMcG0008468	-4.01988778721865	0.000222166898624419
h1SMcG0008469	-1.76575957715927	0.00590132866422098
h1SMcG0008470	0.304663651287374	0.56835360981061
h1SMcG0008474	-0.420122825167274	0.645536320845806
h1SMcG0008476	-0.0388292445671526	0.971618906249452
h1SMcG0008479	-0.340263367579214	0.780606182579451
h1SMcG0008480	-0.15138312545773	0.880902013893535
h1SMcG0008487	0.159808346368359	0.922683632653122
h1SMcG0008489	0.478964491474492	0.318902126014501
h1SMcG0008490	1.88371103760669	0.0872762918654883
h1SMcG0008491	2.98906671764158	0.00614156835344898
h1SMcG0008492	0.64885443415071	0.482258730380298
h1SMcG0008493	-0.980865590117391	0.0429359529402285
h1SMcG0008495	-1.15272764019728	0.406939154025334
h1SMcG0008497	0.826602270229009	0.099774270712309
h1SMcG0008498	-0.93520837789616	0.533025845402643
h1SMcG0008500	-3.50714844225528	0.00744055869206005
h1SMcG0008503	-0.104023463649117	0.825253337629425
h1SMcG0008504	5.68182746216143	0.00000000000000000000000000000000000000000000000000000000000000000000000000000000000000000000000252825730858723
h1SMcG0008506	-2.98874193687699	0.0265047187948807
h1SMcG0008507	-2.28750491303454	0.079527966213647
h1SMcG0008509	-0.639745715364959	0.613085745251053
h1SMcG0008510	-0.232748724256101	0.832375445765581
h1SMcG0008511	-2.89818913810747	0.0175727424217109
h1SMcG0008512	0.860541632661291	0.42383834152042
h1SMcG0008514	-1.26710819787766	0.367332669570087
h1SMcG0008516	-2.30706634852541	0.0464800273533731
h1SMcG0008517	-0.30879440366436	0.556992138797883
h1SMcG0008523	-3.33635889618967	0.0132944362804737
h1SMcG0008525	-0.59475935040468	0.105921666595282
h1SMcG0008526	-0.845638576171044	0.3637177764537
h1SMcG0008527	-3.51821821383673	0.0000000625004421638815
h1SMcG0008529	-1.91698058036253	0.00891788762722531
h1SMcG0008531	-0.566672163698952	0.150220314648108
h1SMcG0008532	-1.97577319938436	0.155346037477254
h1SMcG0008534	-0.0270331522466126	0.97997664532947
h1SMcG0008535	-0.935146207634059	0.11891672458147
h1SMcG0008538	-0.825120866165835	0.66101512103875
h1SMcG0008539	-1.01992499571117	0.00557525417586811
h1SMcG0008542	0.982493767086291	0.0703917981001617
h1SMcG0008543	0.540545012259269	0.741202629170558
h1SMcG0008544	0.377348663873477	0.735631420263234
h1SMcG0008545	-1.25399093517039	0.430408125707313
h1SMcG0008546	-0.796070657892809	0.234448368325462
h1SMcG0008548	-0.935639025814886	0.533272858978747
h1SMcG0008551	-1.88819124433839	0.0446739435790748
h1SMcG0008552	-1.4003240108092	0.357440674160598
h1SMcG0008553	-0.872623165850308	0.449978826140873
h1SMcG0008559	-2.10776618659746	0.0507170025459346
h1SMcG0008560	-0.247352891829158	0.691913961269695
h1SMcG0008563	-1.73368548003521	0.00320177024507859
h1SMcG0008564	0.739257812548844	0.566056939093367
h1SMcG0008565	-2.32287341358056	0.0131654697931428
h1SMcG0008568	-1.95894382635991	0.195770420453329
h1SMcG0008572	-0.0169250262105003	0.984160836183869
h1SMcG0008575	-1.19012058585217	0.403008444090306
h1SMcG0008576	-0.242519622819237	0.69144355196166
h1SMcG0008577	1.01936177492074	0.0150199772746705
h1SMcG0008581	-1.82061065128793	0.141709323087348
h1SMcG0008582	3.53667372445448	0.00000173701590237358
h1SMcG0008584	-0.911557131766168	0.0938017575370869
h1SMcG0008590	-1.03005479607243	0.341612323228735
h1SMcG0008591	-1.00657100129489	0.533232294060922
h1SMcG0008594	-1.23330923062237	0.234669580597625
h1SMcG0008596	0.373272899961985	0.413413386418877
h1SMcG0008597	-0.744736039870305	0.134145014166766
h1SMcG0008598	-2.09825363223435	0.169209207775492
h1SMcG0008599	-0.637073984846762	0.512471100333564
h1SMcG0008601	2.6998312399802	0.0000000766427937149475
h1SMcG0008602	-2.29981889746173	0.028276525050999
h1SMcG0008604	0.44569167749079	0.390829465462971
h1SMcG0008605	1.45262933402507	0.0743397119340612
h1SMcG0008606	-1.25527087517991	0.42214386351061
h1SMcG0008607	-3.71155876676685	0.00000027745999130767
h1SMcG0008610	-0.279402150915739	0.839939897555161
h1SMcG0008611	-3.71118586403709	0.000366868495665211
h1SMcG0008616	4.02463579748512	0.00000335842554886843
h1SMcG0008618	0.353611236079831	0.744445574396675
h1SMcG0008619	0.520188103547214	0.603582737169403
h1SMcG0008620	1.32825859057938	0.000114028304798233
h1SMcG0008621	-1.61370853776606	0.260215440147419
h1SMcG0008622	-0.781050822815887	0.296545440944232
h1SMcG0008623	-1.76677387088622	0.117534973947673
h1SMcG0008624	-0.373329602148479	0.564814995763755
h1SMcG0008625	-0.22867701770604	0.906886560991701
h1SMcG0008627	0.479170868305203	0.193029209767881
h1SMcG0008628	-1.96710888851028	0.00667127282155849
h1SMcG0008629	-0.622751078791578	0.283980693560185
h1SMcG0008630	-0.889427757976017	0.0958874754301911
h1SMcG0008631	-1.14665179553111	0.299136129343704
h1SMcG0008632	-2.54201690623591	0.0514549414832259
h1SMcG0008633	-0.27488017659622	0.606045639047545
h1SMcG0008635	-1.66093111093053	0.253269352239394
h1SMcG0008636	0.0559049815088259	0.955501151892676
h1SMcG0008637	0.272009663170657	0.81209448955848
h1SMcG0008641	0.00238667739716274	0.998462350108193
h1SMcG0008643	-0.375226112497048	0.51963284891407
h1SMcG0008645	0.237263655662747	0.893673869151968
h1SMcG0008649	1.62685948060717	0.0000327301776226228
h1SMcG0008650	1.20719160980594	0.00641121124957567
h1SMcG0008651	4.54837994574845	0.0000000000000000000293914574801486
h1SMcG0008652	-1.12832200871318	0.0325112901401011
h1SMcG0008654	-2.44488957666289	0.0564213083944815
h1SMcG0008655	-0.536016549712109	0.421687936778794
h1SMcG0008656	-0.648450296886132	0.486749944679393
h1SMcG0008657	-0.60090282731846	0.46851085159159
h1SMcG0008661	-1.70423153865174	0.0561795620401729
h1SMcG0008668	-1.24210437856213	0.0008684203494615
h1SMcG0008669	1.15580658688061	0.0827814834279807
h1SMcG0008673	-0.289586107643067	0.800087921277813
h1SMcG0008678	0.335482845592917	0.764413572998238
h1SMcG0008680	-2.04921740037994	0.000492598150024682
h1SMcG0008682	-2.13700281888928	0.00718810611672072
h1SMcG0008691	-0.775057875844246	0.0325932187913679
h1SMcG0008692	0.603877042393271	0.167956865828401
h1SMcG0008694	-1.10265065393921	0.0000168762888673531
h1SMcG0008706	4.30764415398968	0.00000000000000000000196023966485831
h1SMcG0008707	-0.644308173878649	0.468221958715139
h1SMcG0008708	0.366259805612771	0.718020538547523
h1SMcG0008711	-0.66273861723233	0.523875555952156
h1SMcG0008713	0.036065464975958	0.961552024275374
h1SMcG0008716	-0.582813877785092	0.437025742300062
h1SMcG0008717	1.01770442449207	0.509160427121335
h1SMcG0008720	-2.48495042254607	0.00276993090341872
h1SMcG0008722	0.208725433423058	0.605036222187117
h1SMcG0008724	-1.26170448730362	0.203807312291583
h1SMcG0008729	0.795420118263448	0.415349664527784
h1SMcG0008733	0.595355461516991	0.721101714633669
h1SMcG0008735	1.89673996366637	0.000528044803577112
h1SMcG0008740	-1.31152291132859	0.0702390203930612
h1SMcG0008745	-1.83414548672547	0.0863973480663371
h1SMcG0008747	-0.551730710755741	0.621444989398521
h1SMcG0008749	-0.351200101841394	0.804510304174108
h1SMcG0008750	-0.480509843695434	0.664057652805921
h1SMcG0008751	-3.08243917748874	0.00151385989552263
h1SMcG0008753	-2.92957793266267	0.00110213157053306
h1SMcG0008755	0.231243687465382	0.743733355576138
h1SMcG0008757	-1.71173249251016	0.0000736571460216513
h1SMcG0008761	-0.675580469465127	0.237844004742149
h1SMcG0008764	-1.79547963850489	0.18512657379594
h1SMcG0008766	0.312880639107369	0.598270861658908
h1SMcG0008779	-1.22733341471579	0.405412371510523
h1SMcG0008780	1.3074201733755	0.0631541980872455
h1SMcG0008781	1.88103272233602	0.00216659742326694
h1SMcG0008782	-0.275378698947043	0.880824146565663
h1SMcG0008783	-0.341343367001557	0.701032869901241
h1SMcG0008784	-0.567738989191857	0.669546615427006
h1SMcG0008786	-1.86957102228674	0.0949282375502948
h1SMcG0008787	0.511877876352895	0.464752363422728
h1SMcG0008788	1.37402390984194	0.0000172874371682121
h1SMcG0008790	1.14287533255272	0.0903105288611738
h1SMcG0008791	1.54839829324194	0.160724310071985
h1SMcG0008792	0.0670769807702889	0.947194978791523
h1SMcG0008794	-0.0190235491749198	0.977440653573256
h1SMcG0008801	5.23744302053621	0.00169511048272285
h1SMcG0008802	-0.347630505442331	0.71826232382421
h1SMcG0008803	0.949723861500929	0.249846638340323
h1SMcG0008811	-0.131198744617956	0.936760229298678
h1SMcG0008812	-2.3654734864792	0.0712992333121899
h1SMcG0008819	0.643616423101984	0.660629060912134
h1SMcG0008822	0.0726759190243835	0.934205858758939
h1SMcG0008824	1.25470909008993	0.00297607735305851
h1SMcG0008828	0.661823398268066	0.221676952476559
h1SMcG0008829	0.426026284516806	0.454017094303291
h1SMcG0008831	-3.03710812220766	0.0320488514832034
h1SMcG0008832	0.387445455557665	0.752467275091417
h1SMcG0008834	-0.69941145032744	0.0147490289529422
h1SMcG0008837	-0.995568194046096	0.0553430222671252
h1SMcG0008840	0.724235596507268	0.0197593338985505
h1SMcG0008844	-0.504769726517159	0.616025617464325
h1SMcG0008849	0.470091821078012	0.476383032717957
h1SMcG0008850	0.11228399570239	0.909425770870573
h1SMcG0008851	-1.59740385954769	0.168451028496224
h1SMcG0008852	-0.594911901847032	0.679117384383914
h1SMcG0008854	1.59952073493594	0.171177321028621
h1SMcG0008855	-0.274939613445896	0.798346071080154
h1SMcG0008856	2.31672818601116	0.0000189666975992433
h1SMcG0008861	-0.392529600735201	0.637211698830146
h1SMcG0008863	-1.57913069246713	0.226972323213443
h1SMcG0008865	0.250758203058166	0.723971089928167
h1SMcG0008868	-1.58999110946207	0.109719180397075
h1SMcG0008873	-1.28850221343053	0.425968327256434
h1SMcG0008880	1.05950188568035	0.00727880793337274
h1SMcG0008881	0.927061259967661	0.0718292588128201
h1SMcG0008882	0.157099015180034	0.919967550258078
h1SMcG0008883	1.045617625792	0.00213448615427988
h1SMcG0008885	-0.650307887797409	0.694795954642321
h1SMcG0008886	0.994408518275062	0.138254589329798
h1SMcG0008887	-1.08160145258412	0.23193672676018
h1SMcG0008889	0.463701979473825	0.774045320493823
h1SMcG0008890	1.30218837944814	0.0000717576162392535
h1SMcG0008891	-1.3445351149219	0.00588219845333889
h1SMcG0008893	0.739819061657978	0.0183768161461091
h1SMcG0008896	-1.64467366204106	0.028125947906693
h1SMcG0008899	0.470351385194245	0.591165858451348
h1SMcG0008901	-0.248426838548343	0.728032447040568
h1SMcG0008903	0.267360554563401	0.588024976929169
h1SMcG0008904	-0.117405631643884	0.920307740419281
h1SMcG0008907	-1.9238323155732	0.111742325431975
h1SMcG0008934	-3.01745403817215	0.0137037802684714
h1SMcG0008935	-1.89920500151496	0.186179672595533
h1SMcG0008936	-1.96290782668898	0.163123228121161
h1SMcG0008938	-4.42846775049771	0.000155293876047867
h1SMcG0008940	-1.38204447229067	0.30587048584302
h1SMcG0008943	-2.4696348183856	0.0790396485464495
h1SMcG0008947	-1.11573046249591	0.00586635271734445
h1SMcG0008949	0.463725813444995	0.431224368233739
h1SMcG0008950	5.23936418371995	0.000000000000000681846019858077
h1SMcG0008951	0.618867906379666	0.232960928351168
h1SMcG0008953	-1.20906731189749	0.293223055785006
h1SMcG0008954	-1.85503822640204	0.0069853866812726
h1SMcG0008955	-2.53102946380271	0.0720978916304465
h1SMcG0008959	0.534235616577382	0.0579191961194815
h1SMcG0008960	-1.18496461680251	0.451701987123273
h1SMcG0008962	-1.8424453543475	0.0122734758231277
h1SMcG0008965	0.477783957300605	0.205914048475464
h1SMcG0008966	0.0648093426016882	0.909401486328143
h1SMcG0008968	0.523880278498259	0.618927808588951
h1SMcG0008970	-0.133295164249259	0.861818911678829
h1SMcG0008971	-0.598509242687122	0.382591103602335
h1SMcG0008972	0.47868824054465	0.259298851841434
h1SMcG0008973	0.261324937073865	0.467187995698384
h1SMcG0008979	0.293392120607104	0.863599705643343
h1SMcG0008980	-1.09115970374995	0.189549775414316
h1SMcG0008981	-1.25099892496739	0.4342395083874
h1SMcG0008985	0.749308473055466	0.0709876315081618
h1SMcG0008987	0.0272280394166459	0.972421491895434
h1SMcG0008988	-2.48961171230115	0.0000241676039844707
h1SMcG0008989	0.983093378324073	0.441911825345699
h1SMcG0008990	0.458389405603951	0.128204652264597
h1SMcG0008991	0.0538940958823745	0.971199211510093
h1SMcG0008997	0.508328851021117	0.156968483141715
h1SMcG0009000	-0.988184789553389	0.505608345648554
h1SMcG0009001	0.439124557352432	0.692462603906552
h1SMcG0009002	0.372096930345106	0.67733041788096
h1SMcG0009003	2.19254987805454	0.00747396340531577
h1SMcG0009006	-1.96699834373462	0.200502892602164
h1SMcG0009007	-2.66863842842958	0.0788876515968124
h1SMcG0009008	-0.804075791464683	0.613452379422857
h1SMcG0009012	-2.08311942455375	0.0461593984590586
h1SMcG0009013	-0.768367626303866	0.0337697912110742
h1SMcG0009015	-1.21997898158809	0.0175466549694216
h1SMcG0009016	0.996018518142851	0.328450560531695
h1SMcG0009017	1.0157187520243	0.118666624021311
h1SMcG0009018	0.0145617055885209	0.989646103926454
h1SMcG0009022	-0.76156983062784	0.141851071164395
h1SMcG0009023	-0.346072492982373	0.56265786798891
h1SMcG0009025	0.572607156930134	0.838832434692102
h1SMcG0009026	2.50210085199617	0.0184520920264866
h1SMcG0009027	0.245500110568683	0.927390692214126
h1SMcG0009028	2.75806048122602	0.0661351769788174
h1SMcG0009029	-1.31323865829605	0.0452151236591338
h1SMcG0009031	-0.543615914081184	0.414268485937421
h1SMcG0009033	-0.998276114973003	0.0730298523049072
h1SMcG0009037	-1.3526179896444	0.0288856508392946
h1SMcG0009039	-0.132220988820266	0.833292741818006
h1SMcG0009047	-0.161911684497026	0.923880015462131
h1SMcG0009048	1.34898793726248	0.217631289478931
h1SMcG0009049	0.516288089461969	0.617890281936107
h1SMcG0009054	-0.109498482737384	0.851876492994052
h1SMcG0009055	0.287627083787362	0.645301870647445
h1SMcG0009058	-1.10612359259605	0.354178788299011
h1SMcG0009059	-3.35927603569305	0.0123989922136227
h1SMcG0009060	-0.861308879982421	0.0858182787934073
h1SMcG0009061	-0.645332031748475	0.688228338313323
h1SMcG0009065	-0.226738047365033	0.838769449595957
h1SMcG0009067	0.979875212007966	0.274504346784389
h1SMcG0009069	0.76946219842929	0.238065962205926
h1SMcG0009070	-3.26504284398665	0.0157872581415319
h1SMcG0009073	-1.32895231641548	0.209665680973217
h1SMcG0009075	-0.586232903608633	0.687848563805256
h1SMcG0009076	1.23696670902953	0.39662289372104
h1SMcG0009078	-1.97756564383321	0.0730096936253197
h1SMcG0009083	0.0450963404707417	0.973876163468766
h1SMcG0009084	-1.99082159181893	0.045553950030914
h1SMcG0009085	-0.17309029386889	0.904153968881112
h1SMcG0009086	0.402019443085679	0.147424703473834
h1SMcG0009087	-0.386448499272132	0.661339328656047
h1SMcG0009088	0.108348024268539	0.949801611132081
h1SMcG0009090	1.17764952423597	0.0474623626087064
h1SMcG0009094	-0.051022444863399	0.974675042239106
h1SMcG0009095	-1.76459299220009	0.116631809821159
h1SMcG0009097	-1.16052667964065	0.00349444794750535
h1SMcG0009099	-0.527813002447356	0.448823456732687
h1SMcG0009101	-0.272015241571346	0.614653152180545
h1SMcG0009106	0.307726617991488	0.714871947494719
h1SMcG0009107	0.672817540558538	0.0672175755646397
h1SMcG0009109	0.326230496155443	0.459069233309742
h1SMcG0009110	-0.00212207012069276	0.998140895126145
h1SMcG0009111	0.405197784761898	0.627025500539918
h1SMcG0009116	-2.10510790220683	0.090477504892978
h1SMcG0009120	0.64203629027409	0.145813110312911
h1SMcG0009125	0.0469260964885978	0.938438384255004
h1SMcG0009129	-1.15767340018325	0.151272322227789
h1SMcG0009130	0.543104372916754	0.398450890114182
h1SMcG0009133	-0.606671180768055	0.492749753694625
h1SMcG0009135	-0.347415250246802	0.747108499723714
h1SMcG0009137	3.71779141681284	0.000000000000357104704591737
h1SMcG0009138	0.667247513452811	0.619921014680345
h1SMcG0009139	0.606430941903728	0.18322410300329
h1SMcG0009140	-0.361881229837002	0.811167222706646
h1SMcG0009141	-1.64070889695218	0.238749007284258
h1SMcG0009143	1.03502488958156	0.0359781181655629
h1SMcG0009144	-0.222889503596666	0.713684611680553
h1SMcG0009145	0.792510514480995	0.23993964373587
h1SMcG0009147	-0.394032437543989	0.731575606960467
h1SMcG0009148	0.570511335663488	0.257778707255357
h1SMcG0009149	-0.485392353728895	0.715834567044214
h1SMcG0009150	1.44252681612346	0.0485255736868248
h1SMcG0009151	-0.13164841447221	0.85317221859442
h1SMcG0009154	-1.17225715877329	0.211252425949338
h1SMcG0009155	-0.375452239980978	0.432867406389358
h1SMcG0009158	-0.770756166176576	0.612727434561736
h1SMcG0009164	-0.329506656276719	0.641156116386222
h1SMcG0009165	-4.24411569186089	0.0000000000000000110889444054969
h1SMcG0009166	0.480901872321042	0.207253182904354
h1SMcG0009167	0.737541068423946	0.221676952476559
h1SMcG0009168	-2.60680688204267	0.00588959043993081
h1SMcG0009169	0.579670872908798	0.199989460429944
h1SMcG0009170	0.235782253829229	0.727654326208834
h1SMcG0009171	0.393632269876031	0.467137894457994
h1SMcG0009173	5.10232550093364	0.00000538089549324608
h1SMcG0009175	1.99208941224936	0.000000000489593604383092
h1SMcG0009176	-0.370616122807623	0.830006881924369
h1SMcG0009177	0.451435898866734	0.638783829881886
h1SMcG0009180	0.831894903342317	0.0299199812127696
h1SMcG0009181	2.12022229575113	0.0918046140773385
h1SMcG0009182	0.80163726442696	0.318448497044369
h1SMcG0009183	1.04735354182425	0.0196774474133916
h1SMcG0009184	-0.111561054957108	0.802393349365205
h1SMcG0009189	1.00593615823561	0.0636140361472296
h1SMcG0009190	1.7849614836051	0.156188579309327
h1SMcG0009192	0.645980973204727	0.263218881021942
h1SMcG0009193	0.28846690396453	0.682509366359299
h1SMcG0009196	-0.200732524516107	0.884245357515652
h1SMcG0009197	0.0311560932533416	0.9881514342314
h1SMcG0009200	2.57314308252716	0.0470079940999909
h1SMcG0009201	-1.76622127603128	0.00569398749306874
h1SMcG0009203	0.618218827252368	0.14179970414449
h1SMcG0009204	-1.15032203571359	0.479454289104563
h1SMcG0009207	0.958932411520525	0.191051809425564
h1SMcG0009208	0.297153723867258	0.662351429558267
h1SMcG0009209	0.0797955974143484	0.968686333416389
h1SMcG0009211	-3.12501113858382	0.0110399886123893
h1SMcG0009216	0.163044475031525	0.827171987162413
h1SMcG0009217	0.869832360423919	0.0358763451509846
h1SMcG0009219	-0.600072158366801	0.380686249256592
h1SMcG0009223	2.10924309343382	0.0108717980645768
h1SMcG0009225	-1.7315752600666	0.137255623522582
h1SMcG0009226	-0.25234915137451	0.854127628458576
h1SMcG0009228	0.656499823452163	0.386470306168787
h1SMcG0009230	-0.31147428769572	0.349457899829731
h1SMcG0009233	0.157977831454938	0.731979559176613
h1SMcG0009234	-1.68333352984547	0.252953639457215
h1SMcG0009235	0.352324603328666	0.776116645308538
h1SMcG0009238	-0.27452780281734	0.837615025692139
h1SMcG0009241	-2.01938856775952	0.0820063169851193
h1SMcG0009242	0.803157646360486	0.56835360981061
h1SMcG0009243	2.57267205402163	0.0412891730426015
h1SMcG0009246	0.896900435648916	0.207795290525217
h1SMcG0009247	-0.830953001726904	0.598289623256082
h1SMcG0009248	0.19755893145193	0.805932312302739
h1SMcG0009249	1.89092542106326	0.0000261919468614971
h1SMcG0009250	0.673566860929597	0.563554155757778
h1SMcG0009254	-0.646627087935848	0.70103153907992
h1SMcG0009258	-0.886497645933705	0.612388784037544
h1SMcG0009259	0.0935647854681354	0.937563901450801
h1SMcG0009262	-2.40163556966622	0.0557096388893462
h1SMcG0009263	0.529869526521847	0.420257856546698
h1SMcG0009265	-1.19661462689943	0.0323617409046804
h1SMcG0009268	-0.143699435826184	0.828645277066274
h1SMcG0009269	-1.84541054948771	0.194481261341711
h1SMcG0009273	-0.913043569070236	0.143481779282591
h1SMcG0009274	-0.0268342308202858	0.990105825524064
h1SMcG0009275	0.135006367547854	0.803705668256012
h1SMcG0009277	-1.81584087580398	0.115020215503682
h1SMcG0009279	4.31966667190703	0.00000000000000000000000513069190638114
h1SMcG0009283	-1.16621055457678	0.122306322790368
h1SMcG0009285	-1.09583314147148	0.132074028405799
h1SMcG0009287	0.427995181993759	0.232713610375155
h1SMcG0009288	-1.20261585201956	0.216476387146959
h1SMcG0009289	0.657827189098271	0.450748208080595
h1SMcG0009291	-0.0678172347455309	0.969428185615628
h1SMcG0009296	0.407125789803701	0.744012678159829
h1SMcG0009300	-2.89828245823195	0.0465579388834558
h1SMcG0009302	-0.855211164271724	0.289086019533947
h1SMcG0009304	-1.65766418159762	0.264596546483159
h1SMcG0009306	0.391199056971872	0.556030608097344
h1SMcG0009309	0.231068869065484	0.831393678436135
h1SMcG0009310	-0.653063376112457	0.512410341970552
h1SMcG0009311	1.13469368455845	0.211642236932603
h1SMcG0009313	0.14497259689611	0.845488946415114
h1SMcG0009315	-0.793616736906892	0.35265522095246
h1SMcG0009316	1.11333626943969	0.489275560359883
h1SMcG0009317	-1.0461388484768	0.315484855136623
h1SMcG0009318	-0.570153983013224	0.217122046463891
h1SMcG0009319	-1.07709445959541	0.310210347553741
h1SMcG0009327	0.429015855288839	0.567663263196202
h1SMcG0009328	-0.216318826868061	0.763646643490153
h1SMcG0009329	-1.1194544904421	0.156075522547172
h1SMcG0009330	-0.38879580773116	0.568382093212241
h1SMcG0009331	0.224366432898821	0.702169319665631
h1SMcG0009334	0.220979428071486	0.637211698830146
h1SMcG0009335	0.857160230064264	0.487445487205368
h1SMcG0009336	0.364195752432491	0.591165858451348
h1SMcG0009337	-0.158672882400947	0.8781379550245
h1SMcG0009338	0.417617905584754	0.348753102259498
h1SMcG0009339	0.97045777412242	0.000758010751838083
h1SMcG0009340	-0.123259601026429	0.931996699285053
h1SMcG0009343	-1.05963616195972	0.331339114612686
h1SMcG0009344	-0.877744739880871	0.032416626578696
h1SMcG0009345	-1.1359866990987	0.175889627103809
h1SMcG0009346	3.001058263137	0.0000000000000316553588511599
h1SMcG0009347	1.8235896596828	0.149753506810763
h1SMcG0009348	2.42201975573623	0.0000031822837378993
h1SMcG0009353	-0.941479985209639	0.000989100225321649
h1SMcG0009354	0.20247889304699	0.537135073571442
h1SMcG0009355	0.116885199859108	0.774312968690263
h1SMcG0009356	-2.63465373685893	0.00414374303026097
h1SMcG0009357	-1.74339766918806	0.0558971224790519
h1SMcG0009359	0.0483425814890108	0.979826347265129
h1SMcG0009364	-1.27580059996815	0.417788657554966
h1SMcG0009365	0.215521876719759	0.873996837721295
h1SMcG0009368	1.51202191232052	0.213590719224017
h1SMcG0009369	-1.00370659869158	0.423226368540633
h1SMcG0009370	-0.204735733002285	0.88731659811486
h1SMcG0009372	-0.117997577593608	0.824160475207737
h1SMcG0009376	0.127403009520592	0.929287026616002
h1SMcG0009382	3.94470353755435	0.00000000000276497717078987
h1SMcG0009383	-0.521052520298534	0.420482985079302
h1SMcG0009391	0.509686201242403	0.224104772158915
h1SMcG0009392	0.308092116498798	0.425023707357986
h1SMcG0009400	-1.00458297382053	0.401642954298209
h1SMcG0009401	-0.2740969598842	0.696331666576362
h1SMcG0009405	0.78730051063131	0.393878150683086
h1SMcG0009406	-1.43275022615334	0.356372056530236
h1SMcG0009409	-0.927969070027855	0.289431777737265
h1SMcG0009410	-0.152404803674291	0.918665474160286
h1SMcG0009413	0.381941314299707	0.623279574173074
h1SMcG0009416	0.612800433893197	0.522086682440502
h1SMcG0009422	-2.68444575052324	0.044011851561921
h1SMcG0009426	2.17520050864911	0.00134713527653428
h1SMcG0009427	-3.21052381709164	0.0111582757582029
h1SMcG0009431	-0.17310398289911	0.921508845762189
h1SMcG0009434	-0.223300927140087	0.611375146878102
h1SMcG0009437	-0.112973798568204	0.917411874314144
h1SMcG0009440	-0.280498910131812	0.795285894129809
h1SMcG0009441	1.05474546257426	0.291870242385502
h1SMcG0009442	0.0265397382880706	0.989387500003651
h1SMcG0009445	-0.874700191758395	0.0163639322399451
h1SMcG0009446	-0.820009066603275	0.0346885242434947
h1SMcG0009454	1.50471033199414	0.124191034806595
h1SMcG0009459	-0.720105341213202	0.332959359349458
h1SMcG0009462	0.852071841677049	0.46082802103419
h1SMcG0009463	-0.181839296785552	0.732231408844361
h1SMcG0009465	1.78012358320319	0.000000000061614058336118
h1SMcG0009467	3.1980865734897	0.00000148149216036509
h1SMcG0009468	1.81984765286197	0.0529765548556779
h1SMcG0009470	0.888784056951095	0.0406917816746104
h1SMcG0009471	1.4844032118912	0.00377136909857182
h1SMcG0009472	0.418979353250988	0.250866160154992
h1SMcG0009473	-0.37940999401836	0.538269957486305
h1SMcG0009474	-0.689511407941158	0.386221003452658
h1SMcG0009477	-0.690951631097139	0.572475169607909
h1SMcG0009478	0.338495748688431	0.336861447936652
h1SMcG0009479	0.282555691356812	0.761239566628037
h1SMcG0009480	-0.32114010636407	0.713157037002166
h1SMcG0009483	-0.094405363156349	0.928844741793035
h1SMcG0009484	-0.921213026466778	0.317362349858994
h1SMcG0009485	-1.71124265098122	0.0422744143761727
h1SMcG0009486	-0.42687482717864	0.215135498479497
h1SMcG0009488	1.45318803242511	0.0000413789645748537
h1SMcG0009490	-0.0754794453328443	0.971019478514884
h1SMcG0009493	0.693289947519711	0.659236700272959
h1SMcG0009495	0.322368622394155	0.717230408294743
h1SMcG0009496	-0.387725620656542	0.214979282860626
h1SMcG0009497	0.355090785486501	0.513440540828559
h1SMcG0009498	0.595683300278884	0.202633768980418
h1SMcG0009499	-0.290328916099457	0.854623221718836
h1SMcG0009500	-1.59680243663949	0.00404852612201788
h1SMcG0009501	-1.62436148342682	0.218136188146704
h1SMcG0009502	-1.11364685278572	0.493242975330053
h1SMcG0009503	-1.23206592878302	0.258956863666699
h1SMcG0009504	-1.87573258405719	0.192246382427576
h1SMcG0009505	-0.356419021691277	0.726341763112278
h1SMcG0009509	-1.06662771045624	0.237927845539713
h1SMcG0009510	-0.742316726786359	0.632134898373799
h1SMcG0009511	-3.49669574143551	0.0075718813871772
h1SMcG0009513	-0.0169874926320362	0.990323067463484
h1SMcG0009514	-0.715410672233804	0.660390683502532
h1SMcG0009517	-0.279369164804728	0.669385600554201
h1SMcG0009518	-4.12719705092389	0.000655541069388638
h1SMcG0009520	-0.900863078037405	0.225003262390948
h1SMcG0009523	-1.39978137119674	0.198990563759068
h1SMcG0009524	-1.08298246337883	0.00747396340531577
h1SMcG0009525	-2.49451652442887	0.0709876315081618
h1SMcG0009527	-0.688748030168434	0.298257305601863
h1SMcG0009531	-1.75699138856493	0.0716714760963958
h1SMcG0009532	-1.0130726904576	0.280593890656746
h1SMcG0009533	-0.825884190063347	0.114814375647397
h1SMcG0009537	-0.114528854843711	0.907193794943527
h1SMcG0009540	-1.04907588065079	0.0668409323779556
h1SMcG0009543	4.18787428913947	0.0000000000000000000000000000151512051545268
h1SMcG0009545	0.552044590409003	0.447627327995301
h1SMcG0009547	0.859557697650776	0.228598163233474
h1SMcG0009550	-1.26397753424474	0.410302466953196
h1SMcG0009552	0.138529031734897	0.921759137769643
h1SMcG0009554	0.139311447176481	0.715013842528346
h1SMcG0009560	0.0908550941246985	0.961595745418925
h1SMcG0009561	-0.277274878861707	0.426078004608638
h1SMcG0009562	-1.77554862079256	0.0206136919182153
h1SMcG0009563	1.72928059784826	0.0000916429820367994
h1SMcG0009564	-0.753916457168005	0.312804062657346
h1SMcG0009566	-1.75094549807625	0.00000000196338044809617
h1SMcG0009567	0.288078321480778	0.809175977564402
h1SMcG0009571	0.147445638349607	0.911765854939659
h1SMcG0009582	-0.3836510403315	0.672096776830609
h1SMcG0009583	-0.603917043621896	0.364599950565153
h1SMcG0009584	-2.607794142495	0.000631027831938844
h1SMcG0009586	-1.77641560113071	0.257110666428192
h1SMcG0009587	-1.29753842128634	0.0013018605487529
h1SMcG0009588	1.10145342976927	0.413428514269035
h1SMcG0009589	0.0639694354118704	0.92106674394056
h1SMcG0009590	-0.624368551749528	0.0457534587387418
h1SMcG0009591	-0.159812733814495	0.89527840459794
h1SMcG0009592	-1.43854298539851	0.350244384816438
h1SMcG0009594	0.497939910692875	0.562187369049251
h1SMcG0009596	0.684058067015767	0.0972115653709469
h1SMcG0009600	0.305262709929302	0.794629101632789
h1SMcG0009601	0.0606012922761594	0.950260811600824
h1SMcG0009602	-0.878829478306447	0.221676952476559
h1SMcG0009603	-1.00730184718513	0.000655541069388638
h1SMcG0009604	-1.02944087881117	0.0013476524272379
h1SMcG0009605	-1.14627141092151	0.00000303163780985896
h1SMcG0009614	-0.230949308132375	0.783229902900029
h1SMcG0009615	0.412290037332131	0.773247822752327
h1SMcG0009616	-0.726386282194061	0.0161375630130904
h1SMcG0009619	1.82853552662373	0.0812720819134134
h1SMcG0009621	1.96946836308541	0.000000000229935990668468
h1SMcG0009626	-2.58233935951898	0.000271070442196602
h1SMcG0009630	0.496056869264245	0.187474029828598
h1SMcG0009631	-1.68241637848232	0.236423020249408
h1SMcG0009632	2.09461852302254	0.000000000000000000000000000339870584592151
h1SMcG0009633	2.16959029904597	0.0000000000000000000000000000463937307529011
h1SMcG0009634	-0.666772083086649	0.153459964880838
h1SMcG0009636	-1.10172209065574	0.373167562122508
h1SMcG0009639	-0.310729926415307	0.423087554937217
h1SMcG0009644	0.504987890664518	0.54224958339516
h1SMcG0009645	1.60657821517264	0.0000000000869639417980118
h1SMcG0009646	0.28669998650081	0.845488946415114
h1SMcG0009647	2.10891491808985	0.0000000594192626624596
h1SMcG0009648	1.2482986987451	0.0338481191812945
h1SMcG0009651	-1.99391885217109	0.121839476014783
h1SMcG0009654	-0.587742155158516	0.701032869901241
h1SMcG0009655	-1.96774108367663	0.158159546928075
h1SMcG0009656	-1.53803737831356	0.106093645700348
h1SMcG0009658	-0.45764471509278	0.789847518421222
h1SMcG0009660	-1.29033762920984	0.0047720195309382
h1SMcG0009661	1.6721272569721	0.206399540260908
h1SMcG0009670	-2.57012903966071	0.0000000000000135985529910618
h1SMcG0009675	-0.72444294751532	0.354909509352766
h1SMcG0009676	-0.617067091517073	0.702057565012386
h1SMcG0009677	-0.436390544341203	0.672946848946655
h1SMcG0009679	0.110070170762764	0.844175833579966
h1SMcG0009681	0.225754136267071	0.66338932710493
h1SMcG0009682	-0.580645431255403	0.163123228121161
h1SMcG0009683	-1.48227425116273	0.0146416881890637
h1SMcG0009684	-0.263132550703157	0.855399983904933
h1SMcG0009686	2.19543023257366	0.00000000180869314807422
h1SMcG0009687	0.23947589240745	0.556191026195001
h1SMcG0009688	-1.48013094158629	0.00262244144733489
h1SMcG0009690	-0.124845400746176	0.832668014733029
h1SMcG0009697	-2.19544181618032	0.0987309786644021
h1SMcG0009699	-2.19973465362567	0.0666049792888885
h1SMcG0009701	-1.59412701308206	0.0071729222577329
h1SMcG0009702	-1.56509314873399	0.00596764526124706
h1SMcG0009705	-1.65734167793142	0.0793265892216121
h1SMcG0009711	0.47276602567982	0.43441564191187
h1SMcG0009717	-1.63500646862489	0.0000841525586099214
h1SMcG0009718	-0.643523992187938	0.567493769684273
h1SMcG0009722	-0.125325910987678	0.915280411109303
h1SMcG0009723	-1.01381879676887	0.385217026877179
h1SMcG0009724	-0.492389799407088	0.502846364060872
h1SMcG0009726	0.204579799190128	0.700838933256298
h1SMcG0009727	-1.99980273409554	0.138725411983006
h1SMcG0009729	0.819984376554708	0.501777730942639
h1SMcG0009735	-2.14700243982967	0.111260513715546
h1SMcG0009736	0.0722709066436369	0.901649707157655
h1SMcG0009738	5.47861199730931	0.00000000000000000000000126929384833754
h1SMcG0009739	-0.278278959394983	0.763344701430785
h1SMcG0009741	-1.91439938454211	0.00407982438996776
h1SMcG0009743	-0.752234049004378	0.521815849189681
h1SMcG0009744	-0.80831298565402	0.631208983103346
h1SMcG0009745	0.447560194384357	0.227838412275909
h1SMcG0009746	-0.917437709651064	0.49553859709174
h1SMcG0009750	-1.58222025785564	0.219641390812377
h1SMcG0009756	-0.63000749327997	0.357198289470035
h1SMcG0009758	-2.52278767090205	0.0342905820777586
h1SMcG0009762	-0.530433414878851	0.547966404873155
h1SMcG0009763	-0.00999617568562065	0.992037625948447
h1SMcG0009765	-0.39252228390575	0.618927808588951
h1SMcG0009767	-0.406162009365754	0.810721338942518
h1SMcG0009769	0.749898292813825	0.559098549936699
h1SMcG0009774	-0.923286549524675	0.0254262743289889
h1SMcG0009775	-2.74224100737453	0.0443229890541429
h1SMcG0009776	-1.70276915351572	0.0156901155133074
h1SMcG0009778	-1.60073115489304	0.231784867233771
h1SMcG0009780	-1.67760158361813	0.000758010751838083
h1SMcG0009785	-1.04488004120245	0.0000502509216168668
h1SMcG0009790	-0.189994925816881	0.673655336898542
h1SMcG0009791	2.76922137230384	0.00000000116952330687813
h1SMcG0009792	0.792025076862425	0.0368588397032622
h1SMcG0009793	1.8269244684095	0.0000786151486802628
h1SMcG0009794	-0.607308334850649	0.274214056924996
h1SMcG0009795	-0.724647674431169	0.538269957486305
h1SMcG0009798	0.652426779069857	0.0395023064892228
h1SMcG0009799	-0.218523167584447	0.761508479098883
h1SMcG0009800	0.146515885513533	0.797525572600073
h1SMcG0009801	0.42984794263965	0.216852512105825
h1SMcG0009803	0.403147136378927	0.208823292852382
h1SMcG0009805	1.75606538513286	0.194814211688997
h1SMcG0009812	-0.653901939533054	0.268317261143863
h1SMcG0009813	1.64488288653523	0.0038399082425839
h1SMcG0009814	1.62215173791173	0.0143148275954112
h1SMcG0009821	-2.04588305232887	0.0622069530064734
h1SMcG0009826	1.11648178263381	0.0904185533167624
h1SMcG0009828	-0.911396907529708	0.0071729222577329
h1SMcG0009829	0.405921956211457	0.361599510136902
h1SMcG0009832	-2.21890170711056	0.00000542152245853157
h1SMcG0009838	0.7087328786783	0.462820113953466
h1SMcG0009840	0.0333427450777243	0.986423537357938
h1SMcG0009843	1.51920726293385	0.00000778660195964198
h1SMcG0009847	0.342166765671251	0.309514081424601
h1SMcG0009848	1.92164983781419	0.000000370926125833189
h1SMcG0009849	-1.52125373691396	0.00192373023236754
h1SMcG0009850	1.94719958688405	0.0929056394950252
h1SMcG0009854	0.262051059345796	0.772359185558164
h1SMcG0009857	0.418328303380967	0.675087557521429
h1SMcG0009859	0.426832077462463	0.756636093068501
h1SMcG0009860	-0.515741723178125	0.721665542727324
h1SMcG0009861	0.315162183606411	0.553359729608238
h1SMcG0009862	-0.67062494407956	0.375745636278773
h1SMcG0009863	0.356228476028145	0.774045320493823
h1SMcG0009864	0.438874121220863	0.515972713519025
h1SMcG0009865	-0.583039866778257	0.241723218008925
h1SMcG0009867	-3.50573589841281	0.00267451246134533
h1SMcG0009868	-0.107936305960127	0.956940179427552
h1SMcG0009870	1.36005270376507	0.214737770470104
h1SMcG0009871	0.944605962839705	0.30477035671604
h1SMcG0009874	-2.08466888787746	0.163123228121161
h1SMcG0009875	1.14880267079181	0.000045667279460583
h1SMcG0009876	0.235194594518786	0.552370141954804
h1SMcG0009877	-0.293990636282363	0.539563619920238
h1SMcG0009879	0.418725405277843	0.565441852267912
h1SMcG0009883	-0.253497967915117	0.746225732471197
h1SMcG0009884	-0.888765049297174	0.154970801473939
h1SMcG0009885	-1.04349168435196	0.0391364475472554
h1SMcG0009886	-0.777912547587531	0.475350748007148
h1SMcG0009887	-0.00677402078186936	0.99405106327784
h1SMcG0009888	-2.23079459483866	0.00273795646191088
h1SMcG0009889	-0.721598349030874	0.0880355044400775
h1SMcG0009890	0.0826449826587012	0.931996699285053
h1SMcG0009891	1.6200783918585	0.000617296537908531
h1SMcG0009892	-1.48497738683139	0.0038133966595973
h1SMcG0009898	-0.666013496299395	0.541093950036067
h1SMcG0009902	0.917096383464507	0.476103370887095
h1SMcG0009903	-0.835478687440587	0.486749944679393
h1SMcG0009904	0.946677181167538	0.512471100333564
h1SMcG0009905	-0.228892036946891	0.79348240331968
h1SMcG0009908	3.65288910923918	0.000000127296369466099
h1SMcG0009909	0.0973727507019798	0.919292821358755
h1SMcG0009911	-0.870897355183202	0.301943164353986
h1SMcG0009912	0.667194134097966	0.241845877312866
h1SMcG0009914	0.790338723107469	0.625330667931257
h1SMcG0009915	-0.266010337023538	0.748235345199987
h1SMcG0009919	0.668078311577443	0.0929056394950252
h1SMcG0009920	-2.08388611991246	0.00000000374318544592594
h1SMcG0009921	1.38491844551494	0.004367163920723
h1SMcG0009922	-0.564913035242708	0.377688506982329
h1SMcG0009923	2.51451984031458	0.00000000000000001215254153347
h1SMcG0009925	-1.57561977964331	0.299604895742556
h1SMcG0009926	2.32071670413	0.0000115099601370657
h1SMcG0009929	-1.37919780564239	0.3790481262784
h1SMcG0009932	-1.6105084598501	0.0205964805912528
h1SMcG0009933	0.34376347725335	0.56688398108208
h1SMcG0009934	-1.48378674042697	0.202721549135567
h1SMcG0009936	-0.0766611890306284	0.934725780148719
h1SMcG0009939	1.85875313406899	0.0745333911168156
h1SMcG0009940	-0.623523967896015	0.249407390271737
h1SMcG0009941	-0.697290487013636	0.420257856546698
h1SMcG0009944	7.34944030567469	0.000000000000000000000000000000000000000000482364345412848
h1SMcG0009945	1.86984630307781	0.0000210775071811884
h1SMcG0009946	-1.72778963650352	0.233365568008806
h1SMcG0009947	0.769675541598649	0.189136501597041
h1SMcG0009948	-4.24541035248879	0.000000649947036727892
h1SMcG0009949	4.96791536174582	0.0000000155483793398555
h1SMcG0009956	0.126987247874444	0.813143733435709
h1SMcG0009958	0.265597015258372	0.732405364859313
h1SMcG0009960	0.968445782105991	0.00787969519416792
h1SMcG0009963	1.82521600505068	0.00000000161588267291423
h1SMcG0009967	-1.43016321606419	0.0421726475617699
h1SMcG0009968	-1.12594561475929	0.446524213848851
h1SMcG0009969	-0.309404992290388	0.789712338875246
h1SMcG0009975	-0.164692902738016	0.750600815882297
h1SMcG0009977	-0.777274737882154	0.504662236640333
h1SMcG0009978	0.628596631828613	0.0793265892216121
h1SMcG0009981	-1.62695979468375	0.26878761286222
h1SMcG0009982	-1.29833356775976	0.0459549367891556
h1SMcG0009983	-0.678749883040757	0.54798449223077
h1SMcG0009987	0.0845854557648862	0.962192795088772
h1SMcG0009988	-0.0735230696565159	0.973028030330311
h1SMcG0009989	-0.684408919754923	0.460864182824586
h1SMcG0009990	1.67366050112328	0.0036963882676913
h1SMcG0009991	1.33840929031654	0.0932705028353099
h1SMcG0009994	-0.978760882581257	0.447148290118869
h1SMcG0009999	1.47779185424716	0.000140986945464497
h1SMcG0010002	0.287200630265222	0.495763824868683
h1SMcG0010005	-0.830843012379935	0.222947074717224
h1SMcG0010007	0.272769029517788	0.806520468585713
h1SMcG0010010	-3.72835418147553	0.00208327212492619
h1SMcG0010011	-0.681369849287769	0.630704458463346
h1SMcG0010013	-0.148493332864057	0.794590023057476
h1SMcG0010014	0.506186894387373	0.453607942922502
h1SMcG0010015	1.22611212146194	0.0706228823046997
h1SMcG0010016	-4.20567236249271	0.0000747747923204378
h1SMcG0010017	-0.0560039886282386	0.919548072622089
h1SMcG0010018	-0.455913403600969	0.761229480576797
h1SMcG0010019	-0.181202763897755	0.743543642538808
h1SMcG0010020	-1.40272582424857	0.0175466549694216
h1SMcG0010022	-0.250825752921463	0.732176260161136
h1SMcG0010023	-1.45981688860451	0.267420703913603
h1SMcG0010024	-0.631841424928764	0.229324463927412
h1SMcG0010026	3.94151888031558	0.00000000000000000000000000000182778505702367
h1SMcG0010028	-0.297793364683226	0.819149324584256
h1SMcG0010032	-0.677464855561631	0.354694303144295
h1SMcG0010035	-0.377163152413911	0.580144136558093
h1SMcG0010037	-2.31469497099452	0.0261642835813233
h1SMcG0010038	0.0593860652323428	0.962762417583645
h1SMcG0010040	0.781281878522813	0.233437738410219
h1SMcG0010041	-1.49549275131654	0.0367664365967742
h1SMcG0010042	-0.547068076164596	0.365757621326624
h1SMcG0010043	-0.416888952029006	0.802388127865807
h1SMcG0010045	0.213811391078022	0.876244754429243
h1SMcG0010046	0.814647975888197	0.00753970298012014
h1SMcG0010048	-3.64852240472177	0.0000753885850006761
h1SMcG0010053	2.78093313198391	0.0200068385942899
h1SMcG0010056	0.644287634366024	0.0327365473415432
h1SMcG0010058	0.210607043382093	0.854058107043681
h1SMcG0010059	-0.400090115977344	0.675735305728888
h1SMcG0010060	0.763029379718515	0.447107837170251
h1SMcG0010061	0.894664723935762	0.199718358704136
h1SMcG0010063	-1.80173598776669	0.115575443158853
h1SMcG0010071	-0.945301468122692	0.298156961033744
h1SMcG0010072	-1.43495907890601	0.00000309776860416996
h1SMcG0010073	-0.867358894769764	0.308991423361373
h1SMcG0010075	-1.29868946276914	0.364599950565153
h1SMcG0010076	-0.319110507012862	0.76524937576989
h1SMcG0010077	-0.335660123352469	0.812745777523988
h1SMcG0010078	-0.639418415544459	0.662328989639443
h1SMcG0010082	-2.13665159355257	0.00695360223179309
h1SMcG0010084	-1.03256484117389	0.390877758974247
h1SMcG0010085	-1.4839563466911	0.045381321747318
h1SMcG0010086	-3.7209203397976	0.00211090279027374
h1SMcG0010088	0.0994360992143353	0.92100066175035
h1SMcG0010091	7.52479928165739	0.00000000000000000000000000000396696829489924
h1SMcG0010092	4.95503698399024	0.0000000000000626614124487412
h1SMcG0010097	-2.015840128719	0.186128781127149
h1SMcG0010098	-0.351356565568301	0.458187925527079
h1SMcG0010104	4.31992803932777	0.00000000000000000000000000000563969408418493
h1SMcG0010109	0.359857341277019	0.78485101538985
h1SMcG0010110	-0.870204833514708	0.302439163425242
h1SMcG0010111	-2.08187989094789	0.137308233571335
h1SMcG0010112	-1.81498565066215	0.114493803576223
h1SMcG0010117	0.571502242039829	0.706187242662786
h1SMcG0010118	-2.035287755188	0.000868379323038565
h1SMcG0010119	0.234531793566385	0.80210975229361
h1SMcG0010120	-0.791398161102173	0.0335329969411728
h1SMcG0010123	0.0396007848396004	0.979826347265129
h1SMcG0010124	-0.766671796422719	0.442255502195917
h1SMcG0010125	1.21109018661129	0.000232510184168454
h1SMcG0010127	1.03303524171517	0.363789227531808
h1SMcG0010133	-0.341258172418965	0.714631634720336
h1SMcG0010137	-0.5482447416254	0.304023328232996
h1SMcG0010142	-0.177162687249469	0.903917104520791
h1SMcG0010143	0.230041914045889	0.843914351634767
h1SMcG0010144	-0.026899222795545	0.967628549290168
h1SMcG0010145	-0.780704252499834	0.568028780431138
h1SMcG0010146	-0.569985279498952	0.168304962527715
h1SMcG0010147	-2.20907022213819	0.0000000137456075669626
h1SMcG0010149	-0.669814050461489	0.674071333415751
h1SMcG0010151	-2.18029153485305	0.115600681392824
h1SMcG0010152	-3.60787016177383	0.00224697016055173
h1SMcG0010153	-0.460188658726955	0.607797528233582
h1SMcG0010157	-0.272964864164529	0.745690203085961
h1SMcG0010159	-0.696488393569005	0.324614160178839
h1SMcG0010163	2.07129376091179	0.000000000210225769441145
h1SMcG0010167	1.42258825608013	0.325244326521611
h1SMcG0010170	-0.456912989529769	0.645662685659093
h1SMcG0010173	4.35335384801961	0.00000000000697142889927456
h1SMcG0010175	-1.3798541404291	0.173454983772662
h1SMcG0010177	-0.749551971905065	0.341273460177589
h1SMcG0010178	-1.55230236498042	0.0216947479017311
h1SMcG0010180	0.382192582448577	0.810079070245644
h1SMcG0010184	-1.40285146748933	0.291439242832613
h1SMcG0010186	0.795849834709425	0.200751137560998
h1SMcG0010188	-0.293906538850558	0.543918310622015
h1SMcG0010190	0.543731162686049	0.209274686002149
h1SMcG0010191	-1.34041692489658	0.336837162231972
h1SMcG0010192	-0.212710671592766	0.810741334166686
h1SMcG0010193	-1.40389596331742	0.252160679741545
h1SMcG0010194	-0.853549248998539	0.0748535812834895
h1SMcG0010195	-1.63732292019117	0.0153515638477033
h1SMcG0010196	-1.08426280012312	0.348959427252672
h1SMcG0010197	-1.48864084107426	0.00997303272153353
h1SMcG0010199	-0.997886467328462	0.314725780525036
h1SMcG0010200	-1.05792694992354	0.165587411915983
h1SMcG0010201	-0.66017101010895	0.218571281484866
h1SMcG0010202	-0.435356835462858	0.368767389002999
h1SMcG0010205	-0.743566184349619	0.0858627806083552
h1SMcG0010206	-0.602472526032976	0.691373422789602
h1SMcG0010208	-0.893707468465619	0.209452259858329
h1SMcG0010209	-0.286830673297116	0.591207042725692
h1SMcG0010211	-0.138951154801552	0.797967649100398
h1SMcG0010212	0.46629439904094	0.652468543899956
h1SMcG0010215	0.478401882541526	0.467187995698384
h1SMcG0010216	-0.433200789062035	0.406672289957756
h1SMcG0010218	-2.61462246800821	0.0648750308257251
h1SMcG0010219	-1.42662632495858	0.179873925935388
h1SMcG0010220	-1.53723528391445	0.0463081796241983
h1SMcG0010221	0.0201893099523673	0.992066531581659
h1SMcG0010223	-2.33952032941303	0.0402043487042488
h1SMcG0010225	-0.688416656098219	0.493152071628436
h1SMcG0010226	0.0813269778095897	0.903982039941738
h1SMcG0010230	0.872580529427585	0.515130975111429
h1SMcG0010231	1.09261843513562	0.447148290118869
h1SMcG0010233	0.266678726577242	0.732961774275529
h1SMcG0010235	-0.460172423619904	0.574220515051321
h1SMcG0010236	-0.49949144023059	0.15794404790613
h1SMcG0010238	-1.27672209548062	0.0322814230953065
h1SMcG0010240	0.569163156213983	0.736250416947987
h1SMcG0010241	-0.595141350795584	0.278632443369601
h1SMcG0010245	0.729155075336785	0.224356397137068
h1SMcG0010247	-0.833863788774798	0.285933566900479
h1SMcG0010248	1.58865883677395	0.0578170979463988
h1SMcG0010251	-0.373503972976518	0.773363747016757
h1SMcG0010252	-0.933258344178924	0.229556097979919
h1SMcG0010254	-1.25893857275028	0.112649556634745
h1SMcG0010256	-0.257973526012116	0.832628507263977
h1SMcG0010258	-1.14052338674885	0.0550033364291428
h1SMcG0010265	-1.77296827602968	0.127540389334232
h1SMcG0010266	-0.898534987455692	0.00690149986234067
h1SMcG0010270	-0.206407453580164	0.874942689992072
h1SMcG0010271	-0.238776627237538	0.883760175091502
h1SMcG0010277	0.128162619736533	0.897337406278063
h1SMcG0010278	-2.89051987829388	0.0304773080330135
h1SMcG0010279	-1.14035757365617	0.0157649452233691
h1SMcG0010280	-0.855316835528731	0.264201280098624
h1SMcG0010281	0.388471686626024	0.698770198593348
h1SMcG0010285	-1.35166576272305	0.0401431024590672
h1SMcG0010287	0.0962383036956915	0.913629523351065
h1SMcG0010289	-0.931173388654136	0.537083648716553
h1SMcG0010290	-2.36109453329055	0.00212659357634352
h1SMcG0010292	0.285240574780951	0.691156050393563
h1SMcG0010293	-0.402716130366292	0.730995142022974
h1SMcG0010294	-0.48699117747166	0.54228038286416
h1SMcG0010295	0.0778218783232495	0.901271608968114
h1SMcG0010296	-0.0343950878033888	0.955805632733027
h1SMcG0010297	-0.379577702852154	0.783927947042784
h1SMcG0010299	-0.396514188312121	0.731525007765275
h1SMcG0010300	0.488952048944751	0.614913662473097
h1SMcG0010301	-0.010820573622809	0.993399945752967
h1SMcG0010304	-0.247200604629045	0.633405814336708
h1SMcG0010305	-1.50991042731654	0.145104706352481
h1SMcG0010309	-2.14586695237171	0.0448439889343982
h1SMcG0010310	-1.84813349290442	0.137602614995634
h1SMcG0010313	0.00638779942410438	0.992510595676392
h1SMcG0010315	-1.57542193737749	0.0810780066787528
h1SMcG0010317	-0.158076518683102	0.850401716338908
h1SMcG0010318	0.115535823175975	0.93865187411123
h1SMcG0010319	-0.271191561512202	0.870199705748021
h1SMcG0010320	-0.706167748700707	0.311899143669741
h1SMcG0010321	-0.689766881391414	0.488887461834526
h1SMcG0010322	-0.498624720720402	0.423184392215409
h1SMcG0010323	-0.235875049466516	0.807462700746488
h1SMcG0010326	2.84367378521118	0.0000617246186950037
h1SMcG0010328	3.62064778615391	0.00000000461367499108461
h1SMcG0010329	4.85342848954152	0.000000000000000000000000000000000000000000000000000000000000000000000124280307199112
h1SMcG0010330	-1.56139441035024	0.130957773409298
h1SMcG0010332	-1.71115948780313	0.0584066136308706
h1SMcG0010339	-1.1461877019222	0.106040952152583
h1SMcG0010340	-1.87799812324574	0.228154397705998
h1SMcG0010341	0.135288463830355	0.827643124784735
h1SMcG0010342	0.798581381794445	0.356405262469811
h1SMcG0010345	-0.539133539217973	0.603620130988234
h1SMcG0010350	0.77740176811024	0.46963470992542
h1SMcG0010352	-0.713159460719749	0.446411776647601
h1SMcG0010353	0.949336060283773	0.531680310248648
h1SMcG0010354	1.874101010522	0.121002553125439
h1SMcG0010355	-0.967936580685767	0.0187460476069175
h1SMcG0010357	0.239105622892532	0.778036467301202
h1SMcG0010358	0.146946350264206	0.860193495921527
h1SMcG0010359	0.645207400231413	0.480700555615945
h1SMcG0010360	6.00193094272084	0.000000000000000000000000169720524410298
h1SMcG0010368	1.27506807813605	0.000263794114809844
h1SMcG0010373	-1.80690913718829	0.0852635432793985
h1SMcG0010374	-0.0774846170856049	0.901722774630398
h1SMcG0010376	0.768118056495262	0.356032593899241
h1SMcG0010377	-0.71568007910682	0.114709710633116
h1SMcG0010382	-0.31697115276457	0.486361122460193
h1SMcG0010383	-2.79325361322531	0.0565627063579409
h1SMcG0010384	-1.56847753407636	0.000000222004116323436
h1SMcG0010388	-3.98818779055947	0.00115846352992229
h1SMcG0010389	-1.90429447941328	0.225142086732059
h1SMcG0010398	3.23878749205943	0.00000000344962357563883
h1SMcG0010399	-0.760163310256573	0.122749210306112
h1SMcG0010401	-0.822318573794638	0.447897913114646
h1SMcG0010404	1.32071745995543	0.285267917192886
h1SMcG0010405	-0.00509941279705592	0.997196460392542
h1SMcG0010409	0.72833936031905	0.100902496008644
h1SMcG0010411	1.05469754322719	0.0271473193106012
h1SMcG0010412	1.43923809067939	0.00000286837561988225
h1SMcG0010415	-0.294406920056262	0.803320716023428
h1SMcG0010416	0.355938638304322	0.704913112282324
h1SMcG0010417	0.384771699494696	0.558302825847684
h1SMcG0010418	0.649473257395745	0.35265522095246
h1SMcG0010420	0.498538561546486	0.227572067119228
h1SMcG0010421	-0.578476120574239	0.539414604210472
h1SMcG0010422	0.725383114187705	0.046017522509734
h1SMcG0010424	1.76061654331604	0.046017522509734
h1SMcG0010425	2.03668204344639	0.0216384129825418
h1SMcG0010426	1.58601870275491	0.00000000000019072734481355
h1SMcG0010428	0.388469803087891	0.771610187981064
h1SMcG0010430	-1.06231304259439	0.068237041070972
h1SMcG0010432	-0.765492933272729	0.66721861493715
h1SMcG0010433	0.116821642617773	0.90810636953233
h1SMcG0010434	2.3700356440255	0.0000413789645748537
h1SMcG0010435	0.1400791909972	0.735104318510752
h1SMcG0010437	-0.281927806877764	0.657094895572202
h1SMcG0010438	-1.81743573236271	0.205589219172172
h1SMcG0010439	0.864060725103285	0.499221626063071
h1SMcG0010441	1.99097076537758	0.00000000132590048469341
h1SMcG0010442	-0.368945788059918	0.59744911438357
h1SMcG0010448	-2.34110101128908	0.0359867142443049
h1SMcG0010450	-1.31533887458701	0.404647638447869
h1SMcG0010451	-2.59438970122601	0.000761612707630188
h1SMcG0010455	0.235641693653016	0.855303534489037
h1SMcG0010461	1.48456791249025	0.00000320837701460736
h1SMcG0010465	-0.0666249071309665	0.923988222335872
h1SMcG0010466	-3.94486437123752	0.000000559952956251722
h1SMcG0010468	1.09209781120507	0.0000257707077272593
h1SMcG0010469	-1.46988458357931	0.268382319077956
h1SMcG0010470	-2.02289698598621	0.131827603188308
h1SMcG0010471	0.18807288595918	0.817554038126686
h1SMcG0010472	-0.300228875911617	0.835274876395828
h1SMcG0010474	-2.25602768865044	0.0609652174909764
h1SMcG0010477	-0.894832137386173	0.180752347714054
h1SMcG0010479	-1.6364441413006	0.253923772063572
h1SMcG0010480	-1.19742895814567	0.00223349871006518
h1SMcG0010482	-1.25381391237517	0.0633735189628094
h1SMcG0010483	0.876279008943816	0.0321884847702151
h1SMcG0010484	0.260218791700108	0.849905347837096
h1SMcG0010485	1.6560329304877	0.181912998790802
h1SMcG0010487	-2.89095000871021	0.000447404351282131
h1SMcG0010488	-0.606261142359759	0.50430685087023
h1SMcG0010490	-1.48612340661456	0.298257305601863
h1SMcG0010492	-0.364166521603761	0.377688506982329
h1SMcG0010494	-1.39808886419202	0.247070961362599
h1SMcG0010495	-1.63771516618646	0.147424703473834
h1SMcG0010496	0.0141007297687733	0.979826347265129
h1SMcG0010497	0.255380479552671	0.656112259358417
h1SMcG0010498	-2.66883818530734	0.0751760487570537
h1SMcG0010504	2.99824839610263	0.000000780908764502745
h1SMcG0010506	-1.98188265712928	0.00855679878747173
h1SMcG0010508	-0.816083623829955	0.584690295296997
h1SMcG0010509	-0.58441602004463	0.599167139329333
h1SMcG0010513	-0.0331708635250574	0.966346667889664
h1SMcG0010514	-1.42015189596174	0.00224519192892086
h1SMcG0010516	-1.89100874854037	0.0000074713425370066
h1SMcG0010518	1.96198425766751	0.0988161004720429
h1SMcG0010519	-0.279836686940787	0.587511843050747
h1SMcG0010520	-0.9151297108211	0.531889181250678
h1SMcG0010521	-0.163776436170224	0.863435464920632
h1SMcG0010522	2.00472702015253	0.000000000827914631522955
h1SMcG0010524	-2.26795933581475	0.0674378741611876
h1SMcG0010525	-0.219654286680754	0.772090781455165
h1SMcG0010527	1.25315892250936	0.140333260775347
h1SMcG0010529	0.318778450648862	0.586079223815092
h1SMcG0010530	-1.67772170565749	0.00424690036155867
h1SMcG0010531	-0.762862912634891	0.169781671137887
h1SMcG0010533	0.730400452361983	0.431669531012847
h1SMcG0010537	1.1306328436885	0.16367928705531
h1SMcG0010539	-0.725785722846119	0.405929503793764
h1SMcG0010543	1.19051016689723	0.328007799733838
h1SMcG0010545	-0.0693656790451271	0.93865187411123
h1SMcG0010546	-0.253852905695675	0.882500928051623
h1SMcG0010547	-0.694826558261745	0.432890654852921
h1SMcG0010548	1.91215364706163	0.141259863304493
h1SMcG0010551	-1.11438223474407	0.328721200538123
h1SMcG0010552	-0.394470676701918	0.502617785175696
h1SMcG0010553	-0.693502795967401	0.323516641215166
h1SMcG0010555	-0.823906447977566	0.547372756254667
h1SMcG0010556	-0.439853657786575	0.779104439797786
h1SMcG0010557	4.58131474304897	0.000000000000000000000000000000000000000000000000000000000000000000000000000000990786146512213
h1SMcG0010559	0.200231927174708	0.758931134369647
h1SMcG0010560	-0.129577620928976	0.860021226905769
h1SMcG0010563	0.775865892097097	0.263513529407927
h1SMcG0010564	-0.591096750584412	0.346213615081747
h1SMcG0010565	-1.7971496703737	0.10086992703411
h1SMcG0010567	-1.61395549650217	0.214383641740844
h1SMcG0010570	-1.06649527280519	0.0529631664952898
h1SMcG0010571	-0.536243198667182	0.327834476606278
h1SMcG0010573	0.782970776431278	0.0693212855989169
h1SMcG0010578	-1.00716631308048	0.323889006892202
h1SMcG0010582	-2.67844039510352	0.0278776597184465
h1SMcG0010584	-1.5706000575372	0.00000166302889933663
h1SMcG0010585	-2.3588731026525	0.101801346494349
h1SMcG0010587	-1.03029038585519	0.277533380076819
h1SMcG0010588	-1.67921719644326	0.0829318275962129
h1SMcG0010593	-0.109486984791038	0.825464404331768
h1SMcG0010596	5.90332440967531	0.000000000000000000000000000000000000000000886425804575914
h1SMcG0010597	-0.223346386143241	0.798148401397516
h1SMcG0010598	-0.636345539467486	0.638941409594557
h1SMcG0010599	0.820879154759891	0.182496522727519
h1SMcG0010600	-1.18850187986827	0.24351041549845
h1SMcG0010601	-0.186457237220193	0.832936124025963
h1SMcG0010602	-1.17820487760414	0.30819576571893
h1SMcG0010603	-0.0109640536762351	0.989522535129625
h1SMcG0010609	0.107751450067362	0.915132157391654
h1SMcG0010612	0.328041809404359	0.795108709268331
h1SMcG0010614	6.50977962965453	0.0000000000000000000000000000000000000000000000000000000000000000000000649759749626987
h1SMcG0010616	-0.0874779512663517	0.837615025692139
h1SMcG0010619	0.0013536659272616	0.99852625352104
h1SMcG0010621	-0.620450000780147	0.488887461834526
h1SMcG0010622	0.241762144875167	0.855371923928047
h1SMcG0010624	-1.05730322073943	0.532413044738703
h1SMcG0010625	0.813112038019774	0.570608184246861
h1SMcG0010626	-0.248051551742813	0.583322424284948
h1SMcG0010627	-0.815292145839035	0.253269352239394
h1SMcG0010628	0.490154644903514	0.607649653469494
h1SMcG0010629	0.705727913110854	0.0969857111057863
h1SMcG0010631	-0.141854308988849	0.924346650962595
h1SMcG0010632	0.411610864821072	0.742930291583523
h1SMcG0010635	1.16474296866418	0.0296954558924939
h1SMcG0010636	0.388073767456527	0.708742458519154
h1SMcG0010637	0.103913079192598	0.891691317525987
h1SMcG0010638	0.0116795534200406	0.98599190638209
h1SMcG0010642	0.390163190836305	0.704454149059977
h1SMcG0010643	1.71606479570601	0.00308553514933773
h1SMcG0010644	0.0263777018670254	0.985534457692815
h1SMcG0010646	-3.1503296541668	0.000385134231740916
h1SMcG0010648	-2.36705668116767	0.0666870472825765
h1SMcG0010650	0.0578376067609232	0.962667998316144
h1SMcG0010651	-3.08418773920553	0.00991511134560231
h1SMcG0010652	0.071580814200627	0.927186905929924
h1SMcG0010653	-0.890405221454304	0.455438552933426
h1SMcG0010656	1.03570291128605	0.0938017575370869
h1SMcG0010658	-1.15133729249624	0.00207071569968565
h1SMcG0010659	-0.78925733550585	0.516713523504216
h1SMcG0010661	0.95219617565638	0.125789196784306
h1SMcG0010663	-1.13831830719014	0.336837162231972
h1SMcG0010664	-1.43284318267536	0.232994199741786
h1SMcG0010665	-0.335304048154254	0.697501882044469
h1SMcG0010667	-0.827906112919119	0.505608345648554
h1SMcG0010668	1.23853287556304	0.0047838256848149
h1SMcG0010669	1.43106315781292	0.194058711092068
h1SMcG0010670	-0.111225982823291	0.884893797564852
h1SMcG0010671	-0.0503717903898257	0.974670507849907
h1SMcG0010673	-1.62373341211086	0.00187912860751151
h1SMcG0010674	0.2906085307169	0.595912916299464
h1SMcG0010678	0.927672896519392	0.101114949186083
h1SMcG0010685	-0.666307955327885	0.307749919976305
h1SMcG0010691	-0.269012930299342	0.681407887463157
h1SMcG0010694	-0.392531314323191	0.714631634720336
h1SMcG0010696	-0.156894887899615	0.751785368744676
h1SMcG0010698	-0.529320921991535	0.171795461608748
h1SMcG0010699	-2.01623986143429	0.0102934718047246
h1SMcG0010700	0.752962160474722	0.00784545949918045
h1SMcG0010707	-0.506072518803821	0.492468343396124
h1SMcG0010708	-1.74123157300398	0.00558861574569556
h1SMcG0010710	-1.13162871926217	0.00982771203698985
h1SMcG0010711	-0.446208338571343	0.756636093068501
h1SMcG0010715	-0.925591387885962	0.592702718439809
h1SMcG0010717	-0.168250348389451	0.903996464462461
h1SMcG0010718	1.45949588411671	0.119653231257513
h1SMcG0010719	-1.32663610313039	0.232713610375155
h1SMcG0010720	-1.69074018679735	0.0917214109210266
h1SMcG0010721	2.04857275109661	0.0051066807775274
h1SMcG0010724	0.0816031947776888	0.945289864393162
h1SMcG0010725	2.69377739087484	0.00000182169034054381
h1SMcG0010726	1.50202422697351	0.0702286029656406
h1SMcG0010727	0.511345034139669	0.502495297586698
h1SMcG0010730	-0.958212935710054	0.00143775765296196
h1SMcG0010731	-2.6382882821561	0.00815362959679261
h1SMcG0010732	0.617770215136798	0.561493157472288
h1SMcG0010733	-2.57144719469781	0.0655706384780501
h1SMcG0010734	-0.27747927878576	0.837615025692139
h1SMcG0010736	4.5541426795505	0.00000000000000000047665854563232
h1SMcG0010738	0.960066750206942	0.309856044726163
h1SMcG0010739	-0.825883436441329	0.399455072807966
h1SMcG0010741	-0.0355342305178412	0.965112225516116
h1SMcG0010742	2.18767387769637	0.0018202871629562
h1SMcG0010743	0.088261339795335	0.933023883598631
h1SMcG0010744	0.00524297560828709	0.995320282026279
h1SMcG0010745	-0.250097295770472	0.686498068239551
h1SMcG0010747	0.37534995190705	0.506933076241895
h1SMcG0010749	-0.0606311743326626	0.887064209276512
h1SMcG0010750	0.396765357101993	0.535966997562098
h1SMcG0010751	5.75824200150648	0.000000000000000000000000000000000000313120459728717
h1SMcG0010756	-0.264770050028439	0.762967051261914
h1SMcG0010757	0.13134496161275	0.903516131885541
h1SMcG0010758	0.136893339862287	0.820361945663161
h1SMcG0010760	1.37273989369408	0.239845727134825
h1SMcG0010764	0.596352396183257	0.379231333323796
h1SMcG0010767	2.98459339585107	0.00000000000000000182516130419272
h1SMcG0010769	0.579829229455333	0.621394044479898
h1SMcG0010770	0.195019539070772	0.819149324584256
h1SMcG0010772	-0.4903580366599	0.362560879735535
h1SMcG0010773	6.59358094059921	0.0000000440400416667862
h1SMcG0010774	0.348533087009305	0.70136891010295
h1SMcG0010775	0.795658656547899	0.0962809863561373
h1SMcG0010776	0.470879579581448	0.588876537413852
h1SMcG0010777	-0.721889090756066	0.253315324341124
h1SMcG0010781	0.156229005748619	0.772359185558164
h1SMcG0010782	-0.362261636618564	0.634352112353372
h1SMcG0010783	-0.167627787357545	0.781584717664089
h1SMcG0010785	-0.672216752657965	0.674128451976366
h1SMcG0010788	-1.4395468812645	0.0481995793175394
h1SMcG0010789	-0.114090663490583	0.929676223825195
h1SMcG0010790	-0.928560087079626	0.210900657948769
h1SMcG0010791	0.418694949480821	0.291200197651828
h1SMcG0010793	0.799568687879966	0.410466718718153
h1SMcG0010795	-0.283768085590473	0.671436085228965
h1SMcG0010796	0.308712747998287	0.50259516072668
h1SMcG0010797	0.195935894441953	0.619435705940515
h1SMcG0010798	0.651780755231618	0.0835830195270942
h1SMcG0010799	-0.846406755353645	0.294422588855581
h1SMcG0010801	-0.959445597185653	0.150315490741488
h1SMcG0010802	-0.809993243361983	0.451090810358243
h1SMcG0010803	0.165674188438279	0.857761279274329
h1SMcG0010807	-2.39837967765431	0.0204053728266767
h1SMcG0010809	2.16729778633598	0.00000183918355416995
h1SMcG0010810	-0.907250948227936	0.445737221149575
h1SMcG0010811	-1.01887679823343	0.314039552355332
h1SMcG0010812	-0.022930011767786	0.975902363554392
h1SMcG0010813	-0.361044994026081	0.648103212083952
h1SMcG0010820	-1.56228386513316	0.0283377372510024
h1SMcG0010821	-1.09228830908063	0.390573325654271
h1SMcG0010823	-0.669888477292139	0.00205472024107037
h1SMcG0010829	0.255336596306012	0.693503877465726
h1SMcG0010832	0.33739090229725	0.460000860483497
h1SMcG0010835	-0.734265211718068	0.000262466105912167
h1SMcG0010837	-0.929347864122828	0.0964564972900101
h1SMcG0010841	0.208042119833636	0.85198358597096
h1SMcG0010842	2.41627200455427	0.000673552942030862
h1SMcG0010843	-0.324968645028534	0.734571306267862
h1SMcG0010845	-1.1559458135123	0.168922222391445
h1SMcG0010847	-1.97392289940167	0.00897601056291244
h1SMcG0010849	-0.518040500812899	0.5145771189423
h1SMcG0010851	-1.42589633297071	0.331330414162026
h1SMcG0010852	0.453135715042224	0.683251800175833
h1SMcG0010854	-0.474064933185274	0.632461541587899
h1SMcG0010855	-3.08540290850484	0.0281037201815093
h1SMcG0010860	-2.10713927131797	0.0794485681151215
h1SMcG0010862	1.25502085900608	0.326186053038967
h1SMcG0010863	-0.507737577364752	0.540566075054837
h1SMcG0010864	-3.53600884557715	0.00672512373956462
h1SMcG0010865	0.418668729130962	0.304861779109255
h1SMcG0010866	-1.50738483252685	0.0000932817460095496
h1SMcG0010871	-2.28379056993071	0.0518707650566106
h1SMcG0010874	-0.72311525870575	0.0636190282586645
h1SMcG0010875	-0.873007923572908	0.407919536945517
h1SMcG0010878	1.59748613237296	0.109635676467406
h1SMcG0010879	-0.547126662670937	0.43346551731218
h1SMcG0010881	-0.547284911167802	0.623209259293968
h1SMcG0010882	0.466497527857011	0.553471068031765
h1SMcG0010885	4.2918810734301	0.0000000000000000157762322876169
h1SMcG0010886	0.261094654429307	0.704482939853324
h1SMcG0010887	-2.43282504366049	0.0100075983964706
h1SMcG0010888	1.08766602517164	0.0244906924012534
h1SMcG0010889	-0.24050069960579	0.545529100721552
h1SMcG0010890	-3.02144273358527	0.0320488514832034
h1SMcG0010891	-1.80715387058697	0.0607324413887663
h1SMcG0010892	-2.09353171173156	0.145416750155884
h1SMcG0010895	-1.90089179675357	0.00072512941560874
h1SMcG0010897	0.252941353853183	0.81236813796217
h1SMcG0010898	2.45439436343459	0.000000018107414400712
h1SMcG0010899	-0.205830038445411	0.770333077256452
h1SMcG0010901	-0.832977389821624	0.260599756516045
h1SMcG0010902	-1.37243525886725	0.302389915703225
h1SMcG0010903	-1.20933529911965	0.0242049966969555
h1SMcG0010904	-0.0806804552529216	0.957726171588045
h1SMcG0010907	-3.75103189802636	0.00306625239226215
h1SMcG0010910	-0.253113401568486	0.594102720963956
h1SMcG0010911	-1.01709375510038	0.235554440881417
h1SMcG0010913	0.803710168796079	0.111742325431975
h1SMcG0010914	-1.40669055193509	0.00271632819643257
h1SMcG0010915	-0.620909435298592	0.279353560381952
h1SMcG0010916	-2.51074098863341	0.0369933636265127
h1SMcG0010918	0.451802951225592	0.366898564699472
h1SMcG0010920	0.0511391670813452	0.961595745418925
h1SMcG0010921	-0.248566463274054	0.893673869151968
h1SMcG0010923	-0.206797360165568	0.611499547742124
h1SMcG0010924	0.683540971027861	0.241136099815558
h1SMcG0010926	0.503747696938145	0.209804033410463
h1SMcG0010928	2.58935806738955	0.00000000000000000000312662022515464
h1SMcG0010929	-0.310963027129532	0.743733355576138
h1SMcG0010930	0.617923743498547	0.451444434188473
h1SMcG0010936	0.807326489214223	0.477175810305702
h1SMcG0010938	-1.64739923109326	0.000000816045988775168
h1SMcG0010939	-0.987937426676723	0.000888675997603524
h1SMcG0010940	-0.0334162431597372	0.965742423395644
h1SMcG0010941	-0.162576579109898	0.753162136747379
h1SMcG0010944	0.699018184614163	0.322353186847877
h1SMcG0010948	-1.27589016969232	0.0597169624256446
h1SMcG0010953	-1.01891735912898	0.276903037285432
h1SMcG0010956	-2.11125729386864	0.16330796054401
h1SMcG0010957	-1.02682668796658	0.3135429150121
h1SMcG0010959	0.164108408845522	0.864187658416193
h1SMcG0010961	0.431845314909544	0.397719039821471
h1SMcG0010965	-0.516360565807402	0.384316766430782
h1SMcG0010971	1.23246776143255	0.155352625647382
h1SMcG0010973	-0.283027116233649	0.879691815546074
h1SMcG0010974	-1.50881814593469	0.172424407752535
h1SMcG0010975	-0.669246816412421	0.0305276621542563
h1SMcG0010976	-4.48697028830864	0.0000019990913046396
h1SMcG0010977	0.691474513298573	0.305715241624566
h1SMcG0010980	1.65029485544408	0.0000542738399532582
h1SMcG0010982	0.807032407702468	0.116958983629345
h1SMcG0010985	0.979564623853531	0.0922155045925621
h1SMcG0010986	-1.12671614923761	0.0193657214647175
h1SMcG0010989	1.22504964689217	0.00000468065424473089
h1SMcG0010990	0.244486387991228	0.695900080514092
h1SMcG0010991	0.228357592780263	0.540484519269344
h1SMcG0010992	1.10442410993863	0.128261538313705
h1SMcG0010995	0.092757891293915	0.955324898855519
h1SMcG0010996	2.86755794242687	0.00694417160676108
h1SMcG0010997	0.422398115371481	0.789493083281643
h1SMcG0010998	-0.370253187527168	0.776573951982281
h1SMcG0010999	-0.250490864656482	0.80160703229036
h1SMcG0011001	-1.69677134054427	0.0347583243043515
h1SMcG0011002	-4.92363218053181	0.00000349960636026476
h1SMcG0011003	-0.318690577931519	0.652701086679411
h1SMcG0011004	-1.47211888623524	0.163272519104441
h1SMcG0011005	-1.04122415498873	0.102053704233847
h1SMcG0011006	0.453567379886902	0.531461080709968
h1SMcG0011007	-4.12294823597804	0.000655541069388638
h1SMcG0011014	0.118488096321641	0.916440252659952
h1SMcG0011015	-1.0363591617907	0.17001984077448
h1SMcG0011016	-0.020050787897745	0.993399945752967
h1SMcG0011017	0.0141026336609962	0.98179957755461
h1SMcG0011023	2.07760345578673	0.0000000120074915227294
h1SMcG0011025	0.0514594723320296	0.974414009728213
h1SMcG0011026	-0.357866179548589	0.687064247868328
h1SMcG0011027	-1.04103678946922	0.0139556763522137
h1SMcG0011028	0.392135501132132	0.418895133414431
h1SMcG0011030	0.29606569736879	0.438304348503546
h1SMcG0011031	0.272874159417647	0.413225868239934
h1SMcG0011032	-1.07973123747685	0.106784983448215
h1SMcG0011034	1.74713193433984	0.0000160632056120705
h1SMcG0011035	-1.17439072059582	0.0318037191940625
h1SMcG0011036	0.766629823016819	0.175768222285068
h1SMcG0011038	1.42808516614354	0.129543610215298
h1SMcG0011040	-1.11259355083587	0.105031472033568
h1SMcG0011046	-0.034685818362519	0.955111886314898
h1SMcG0011047	-2.66578352103776	0.0262480121931842
h1SMcG0011049	-0.60296035616488	0.621539783040668
h1SMcG0011050	2.06103472660747	0.000622539773706658
h1SMcG0011051	-1.07466171730763	0.264388856539387
h1SMcG0011053	0.82346739472332	0.427572445013005
h1SMcG0011055	-3.4062476808781	0.00709564025090236
h1SMcG0011056	-0.260644795668509	0.817146715304946
h1SMcG0011058	-0.693942949636861	0.450306774793734
h1SMcG0011059	3.16623240469342	0.0000000474480575212394
h1SMcG0011060	-1.18052197633926	0.418907064787312
h1SMcG0011064	-0.0964217689808636	0.945853168421547
h1SMcG0011066	-0.190342231196865	0.826455295686082
h1SMcG0011068	-0.627764741500819	0.420257856546698
h1SMcG0011069	-1.4392760824384	0.187943525639145
h1SMcG0011070	-0.940173817676419	0.159112170608062
h1SMcG0011072	0.00229398249379432	0.998140895126145
h1SMcG0011073	-1.31259680364575	0.00841868804274608
h1SMcG0011074	0.362206316706715	0.828915423606381
h1SMcG0011076	0.238607430419408	0.579895136784174
h1SMcG0011077	-1.72660872410831	0.230982716701187
h1SMcG0011078	-0.644433823265659	0.28401619314044
h1SMcG0011079	-0.390392154669812	0.630810451389727
h1SMcG0011080	-0.350535973066085	0.466883110345738
h1SMcG0011082	-2.096882848819	0.00300984562996128
h1SMcG0011083	-1.8957163019487	0.0125637822678409
h1SMcG0011084	-0.265608246037303	0.884056633948582
h1SMcG0011085	-0.55057377839357	0.46882870842323
h1SMcG0011087	-0.863312457730732	0.619435705940515
h1SMcG0011088	-0.989482599154469	0.351981531934353
h1SMcG0011089	0.806387206917661	0.498180112520569
h1SMcG0011090	-0.380546902507367	0.585173926324322
h1SMcG0011091	-4.68899259440565	0.0000128468098910721
h1SMcG0011092	0.0631823361063165	0.966346667889664
h1SMcG0011093	-2.21645093521295	0.0552213657268442
h1SMcG0011094	-1.90362135657707	0.0000204253641933535
h1SMcG0011096	-0.305054655485575	0.748740859642554
h1SMcG0011098	-2.19720565729484	0.000294598108561715
h1SMcG0011100	-1.92352873674969	0.125230671347051
h1SMcG0011101	-1.77109044345758	0.00000319694632536349
h1SMcG0011102	-2.73351805649394	0.038046381279195
h1SMcG0011103	-1.75726337035019	0.0314597355379447
h1SMcG0011105	-0.324969391991772	0.702100787632401
h1SMcG0011109	-1.14649359971234	0.000119678964799296
h1SMcG0011111	-1.1231940449815	0.24417324982982
h1SMcG0011112	0.49146102823477	0.487151875316579
h1SMcG0011114	-1.71144235735318	0.00436082604371032
h1SMcG0011117	-0.836497637008427	0.250879502887661
h1SMcG0011120	1.77446608486965	0.00000000161040329606455
h1SMcG0011121	1.69247913905903	0.126824127865811
h1SMcG0011122	-2.02366311066783	0.134861692040575
h1SMcG0011123	0.592006540174981	0.17264093524324
h1SMcG0011127	0.424008771003732	0.737969062554739
h1SMcG0011130	-0.21588010704147	0.619147760865
h1SMcG0011132	-0.98089729874434	0.232694290504997
h1SMcG0011135	2.01270339492742	0.0158858060366538
h1SMcG0011137	3.11433188514079	0.0000000528939386639173
h1SMcG0011138	0.772084689537402	0.219252669658691
h1SMcG0011139	-0.0425326144311889	0.981659069201792
h1SMcG0011148	0.64763265401206	0.636896484104553
h1SMcG0011149	0.21195714692301	0.839879813531735
h1SMcG0011153	0.755405143596173	0.0967282257689544
h1SMcG0011154	-2.4466873924534	0.0551588938349853
h1SMcG0011155	-3.35873765878507	0.0124255437228529
h1SMcG0011156	-3.40111201385645	0.000231528369929568
h1SMcG0011160	0.314346039402361	0.44623540280519
h1SMcG0011161	-2.20243035419734	0.139540073714774
h1SMcG0011163	1.11873098226225	0.0112338584532233
h1SMcG0011164	0.489176056011465	0.215824066068752
h1SMcG0011165	-2.22163152271639	0.0481853728346955
h1SMcG0011168	0.372519983186048	0.399966320106989
h1SMcG0011169	0.717136811027643	0.338247404750333
h1SMcG0011172	0.0543093680462876	0.949807659373581
h1SMcG0011176	4.7401087491532	0.00000000000000000000028929956906809
h1SMcG0011178	-3.04990534175663	0.0310157053062675
h1SMcG0011180	-1.85251400951795	0.011340758497949
h1SMcG0011183	-0.24661073907228	0.893914306362738
h1SMcG0011190	-0.752854700048179	0.334887719094826
h1SMcG0011197	-0.431662352616746	0.619435705940515
h1SMcG0011198	0.292680706250016	0.876559497839004
h1SMcG0011199	1.27182366348395	0.0339854413311853
h1SMcG0011201	1.05743127278343	0.130135433016797
h1SMcG0011203	-3.83190822806608	0.00227067741700432
h1SMcG0011204	-1.77295154385514	0.00539921403275943
h1SMcG0011207	-0.368464707775002	0.291142151508024
h1SMcG0011210	-0.893926940712494	0.000385908360796798
h1SMcG0011211	-0.585831023185109	0.469857070609238
h1SMcG0011212	0.022618014538115	0.979826347265129
h1SMcG0011213	-1.88573539637043	0.0647963094580287
h1SMcG0011216	-0.279764705318583	0.560174091546138
h1SMcG0011218	-1.54847978311797	0.112554741631069
h1SMcG0011219	-2.17683846745805	0.0000993763003218103
h1SMcG0011220	-0.345482429775435	0.545056527426389
h1SMcG0011221	3.03118379205192	0.000000321091481273192
h1SMcG0011226	0.00362664606093778	0.998107791692348
h1SMcG0011228	-0.0813758805199078	0.961552024275374
h1SMcG0011229	-1.52522326284605	0.0335648529072934
h1SMcG0011230	-0.821296379315008	0.226161864230466
h1SMcG0011235	2.27964545268169	0.00458682087867614
h1SMcG0011237	-1.57085225543037	0.291200197651828
h1SMcG0011238	-0.956596535753884	0.0414821691133262
h1SMcG0011240	1.42464418734887	0.194481261341711
h1SMcG0011241	-0.800732724025262	0.0311208135100575
h1SMcG0011243	-0.598828524849438	0.0455526083828467
h1SMcG0011244	0.163794654852043	0.776562851604175
h1SMcG0011245	-0.062630830137972	0.922893022822115
h1SMcG0011249	-1.55241541284519	0.308857572031289
h1SMcG0011250	0.888104088707382	0.5145771189423
h1SMcG0011252	-0.516804418774801	0.541918909796754
h1SMcG0011255	-0.609019844074268	0.667070594778986
h1SMcG0011256	-1.0779360557456	0.0648645860852703
h1SMcG0011258	-0.134112455454337	0.925234482766122
h1SMcG0011263	1.58769028707834	0.00207329639564106
h1SMcG0011264	0.866660920127051	0.00620122432880975
h1SMcG0011266	-0.706479662488526	0.284865297556366
h1SMcG0011270	-3.95058683928057	0.000847128908230009
h1SMcG0011272	-0.936898085368073	0.471705411002987
h1SMcG0011282	2.68108286051599	0.000000000000245284488080626
h1SMcG0011283	3.31577096133985	0.00000000000000000000000000000000000000318785935200463
h1SMcG0011284	1.20826185276664	0.093220576638595
h1SMcG0011285	-0.974239817849485	0.224277875587377
h1SMcG0011288	-1.13300306243498	0.0385791629140296
h1SMcG0011289	-0.628704964891201	0.140585905888552
h1SMcG0011291	-0.894301648585234	0.108868624102099
h1SMcG0011292	-1.7400074350777	0.0746306374254586
h1SMcG0011293	1.56189115826448	0.0110160006866844
h1SMcG0011295	0.794600845967222	0.397616625721358
h1SMcG0011296	0.0885445945145914	0.900825518882607
h1SMcG0011297	-0.403759833284439	0.712263687166539
h1SMcG0011300	0.706814876953077	0.0183441087246918
h1SMcG0011302	-1.84272358683678	0.0446445523457926
h1SMcG0011303	-0.315190779111417	0.777037367980219
h1SMcG0011306	0.954549246410528	0.347140345717577
h1SMcG0011308	-1.9542479630542	0.0335648529072934
h1SMcG0011310	0.188718285398586	0.606411133400451
h1SMcG0011311	-1.40454081946353	0.0000809951871900965
h1SMcG0011312	-3.2863871749901	0.000572721125470358
h1SMcG0011316	-0.735004382593448	0.156196481084124
h1SMcG0011317	1.051490981051	0.33727186448041
h1SMcG0011318	0.731823458975233	0.291821024294639
h1SMcG0011323	-0.0396699963260206	0.974550090785461
h1SMcG0011325	0.947147175082432	0.515028232165177
h1SMcG0011326	0.442052858558925	0.714794261290527
h1SMcG0011328	-1.59521841597653	0.061594434118193
h1SMcG0011332	-1.91476807800559	0.209084733925357
h1SMcG0011337	-2.36239958421251	0.0409903820511105
h1SMcG0011339	-1.2936714055335	0.20573475153069
h1SMcG0011349	0.55658726450557	0.125076042180113
h1SMcG0011350	-0.0356961489396983	0.937696893775431
h1SMcG0011351	-0.473758967986559	0.761983106476951
h1SMcG0011356	-2.43646645667106	0.00141936044477229
h1SMcG0011357	3.75202462855164	0.0000002885164678778
h1SMcG0011358	-2.24792604868534	0.0578170979463988
h1SMcG0011360	0.258765174157953	0.585812903042792
h1SMcG0011361	-2.04189426869291	0.184182298269452
h1SMcG0011363	2.37042074078321	0.000541390021546745
h1SMcG0011364	-0.0701890301297347	0.924313350770346
h1SMcG0011365	-0.155277877315287	0.875601760575894
h1SMcG0011367	-0.46226557261998	0.786565475013952
h1SMcG0011369	-0.850616593372023	0.435767386830689
h1SMcG0011372	2.29859473385845	0.000156192191663916
h1SMcG0011373	-0.342504777595892	0.538269957486305
h1SMcG0011374	-1.33745745579091	0.386128398848927
h1SMcG0011376	-1.28669744034575	0.312963065076239
h1SMcG0011378	-1.72540289985391	0.00686510374196108
h1SMcG0011379	-2.81645524089273	0.0378062326346434
h1SMcG0011380	-1.67907583442423	0.608414427399935
h1SMcG0011382	0.690641517185056	0.0442421297781703
h1SMcG0011383	0.369964434671105	0.55731480115895
h1SMcG0011385	0.0247828667109748	0.959759123903377
h1SMcG0011389	1.47533220265344	0.000013830636242463
h1SMcG0011391	-0.871327531539778	0.465473474751199
h1SMcG0011392	-1.3547217049509	0.00185603242411384
h1SMcG0011393	-1.23943657027532	0.0485059150362839
h1SMcG0011394	-1.87495322634786	0.104260927378125
h1SMcG0011395	1.518977091702	0.185813212576948
h1SMcG0011398	-1.61514185491449	0.199824390276298
h1SMcG0011399	0.396865624332695	0.729954917510504
h1SMcG0011400	-0.519185361188534	0.689858084838486
h1SMcG0011404	-0.385472111906029	0.693829207170549
h1SMcG0011410	5.17376022905567	0.000000000000000000000000000000000000000000000000000000000000011431609667047
h1SMcG0011411	1.61172174915104	0.108891286994067
h1SMcG0011415	0.559186458814261	0.3790481262784
h1SMcG0011420	0.624556603625803	0.647066956234698
h1SMcG0011421	1.86445170354089	0.0159159838690699
h1SMcG0011423	-1.28922670082381	0.409986894357126
h1SMcG0011425	-1.12590334939463	0.0230494729629577
h1SMcG0011428	0.74880436287754	0.180618673872002
h1SMcG0011435	0.37769303603479	0.579440782178497
h1SMcG0011437	-1.2142912742963	0.00318301908085735
h1SMcG0011438	1.81340174135234	0.00000000161588267291423
h1SMcG0011439	-0.588248322263796	0.452260895201165
h1SMcG0011442	3.91323135456647	0.00000000000000000000000000000001444636816459
h1SMcG0011443	0.288158133279763	0.640940227821242
h1SMcG0011444	-0.904632334239558	0.361152341002471
h1SMcG0011445	-2.92649743516615	0.0173457062275811
h1SMcG0011447	0.342445981681848	0.442861299679345
h1SMcG0011449	0.41413306679146	0.501098494068539
h1SMcG0011452	0.10721345328554	0.915132157391654
h1SMcG0011453	0.657104529451691	0.0836326868114861
h1SMcG0011455	0.065235550167207	0.951160393784845
h1SMcG0011456	-0.499529985984085	0.740354037702712
h1SMcG0011458	-0.508761425430377	0.428625188644509
h1SMcG0011461	-0.632063018972898	0.658332483120352
h1SMcG0011462	-3.26776339879042	0.000190264989987169
h1SMcG0011464	-2.39260031961921	0.0293887426804655
h1SMcG0011466	0.637715999132054	0.233499669012102
h1SMcG0011468	0.534466660620999	0.535966997562098
h1SMcG0011469	-0.298802863736287	0.515972713519025
h1SMcG0011470	-0.201492327888933	0.918665474160286
h1SMcG0011473	-0.169814532437142	0.921773751394704
h1SMcG0011475	-0.162527054650419	0.901649707157655
h1SMcG0011479	-0.228933080556281	0.750443803900699
h1SMcG0011480	0.721995668072059	0.0609652174909764
h1SMcG0011485	-3.17011649615788	0.0212507438778382
h1SMcG0011486	-3.16545925829487	0.0137627248459186
h1SMcG0011488	0.11457857206126	0.952021162518952
h1SMcG0011490	-2.43695640292382	0.0859011607022789
h1SMcG0011493	4.91986974298612	0.000000000000000000000000000356325619476151
h1SMcG0011496	-1.73803344926252	0.177327738420034
h1SMcG0011502	-0.498853847272688	0.265341648489945
h1SMcG0011503	-3.07017284545487	0.0104195110665814
h1SMcG0011504	-0.972721077670854	0.456200190161453
h1SMcG0011505	-0.328159622176451	0.693237785021617
h1SMcG0011509	-0.853533444776544	0.000626303742944485
h1SMcG0011510	-0.448974461948244	0.595912916299464
h1SMcG0011511	0.713965737315575	0.161297496061161
h1SMcG0011512	-0.314110049484041	0.774045320493823
h1SMcG0011516	-0.523828107110945	0.332325202819523
h1SMcG0011518	-1.37650406872525	0.268789916756986
h1SMcG0011521	-1.77397159971517	0.144536078578973
h1SMcG0011523	-1.10941814882782	0.106784983448215
h1SMcG0011525	-0.0797980109647514	0.916713594548717
h1SMcG0011530	1.02435683531098	0.0504714395910966
h1SMcG0011532	-1.22856615113931	0.257284055040516
h1SMcG0011534	0.671437885731892	0.442126220196881
h1SMcG0011535	0.344842678956355	0.523043869432361
h1SMcG0011536	-0.0208133452352642	0.972391043693941
h1SMcG0011537	-0.615411247866491	0.644435399885404
h1SMcG0011538	2.08020126331464	0.0679483794835032
h1SMcG0011540	1.08916209245799	0.0356597615869352
h1SMcG0011543	-0.297220320322689	0.855427187835515
h1SMcG0011544	-0.454786932668857	0.774923322401071
h1SMcG0011545	0.157722624550258	0.867461072067763
h1SMcG0011546	0.37549666508626	0.413577804537569
h1SMcG0011547	0.588077432464185	0.665668043791296
h1SMcG0011548	0.0802246133276654	0.954519812592704
h1SMcG0011550	-0.946281334549917	0.514169537976983
h1SMcG0011551	0.433080457535714	0.749962655130314
h1SMcG0011554	0.188632663094402	0.902644640585551
h1SMcG0011556	-0.297512909730829	0.616310863959478
h1SMcG0011563	-1.26802726671998	0.296868417505452
h1SMcG0011564	-0.169975551584618	0.778036467301202
h1SMcG0011566	-0.102440285772844	0.931996699285053
h1SMcG0011569	-0.447401213606431	0.663961981135105
h1SMcG0011570	-4.52374665501571	0.0000994473505120676
h1SMcG0011571	-0.621292498123173	0.388122111154864
h1SMcG0011573	0.152858782831804	0.884893797564852
h1SMcG0011575	-1.11089717843686	0.2814332762289
h1SMcG0011576	-1.24963717501375	0.000224136143155509
h1SMcG0011577	-1.0106633031842	0.548767304103474
h1SMcG0011580	-1.80396480340369	0.00183689732155317
h1SMcG0011582	0.905911355080766	0.502495297586698
h1SMcG0011584	0.442072905240386	0.781406201720479
h1SMcG0011590	-2.94875158030464	0.0154759288259284
h1SMcG0011591	-2.60055896336465	0.00223695502420279
h1SMcG0011593	-0.456440800035284	0.70136891010295
h1SMcG0011597	-1.43167612424693	0.00000199204046398381
h1SMcG0011598	-0.538231581290377	0.598115611985284
h1SMcG0011599	-0.270063198027184	0.649165719996665
h1SMcG0011605	-0.713808389205342	0.345404445313648
h1SMcG0011606	-2.90498267506038	0.0442593765587774
h1SMcG0011607	0.220076742166314	0.578631923132555
h1SMcG0011633	-1.03194647830755	0.0000843379749241588
h1SMcG0011634	-0.950517047676716	0.0170286374093057
h1SMcG0011638	-0.983105710220118	0.59014735603581
h1SMcG0011640	0.698210730110904	0.416054571070616
h1SMcG0011642	1.01263909142948	0.386220692896781
h1SMcG0011643	-1.05114252394986	0.418639894409283
h1SMcG0011644	-0.676310121529135	0.670998551994105
h1SMcG0011645	-0.537865788087116	0.654543966800703
h1SMcG0011646	-1.40775895024559	0.00650604378706169
h1SMcG0011647	-2.25123483327156	0.128683065483705
h1SMcG0011649	-0.0614208161032135	0.928863221794744
h1SMcG0011651	0.024424166856141	0.973876163468766
h1SMcG0011652	0.282852116739947	0.650620182101349
h1SMcG0011653	0.91832122618712	0.0844797017022379
h1SMcG0011654	-1.05758483307921	0.498180112520569
h1SMcG0011657	-2.41197700390958	0.082903849595402
h1SMcG0011658	-1.75897057731908	0.00626686387246043
h1SMcG0011661	-0.361254479792155	0.475821766901129
h1SMcG0011666	1.37754646827025	0.00000000622219290675625
h1SMcG0011668	-1.52766236605177	0.110355084763676
h1SMcG0011669	0.424734769925021	0.304070521374722
h1SMcG0011670	-1.73494569872609	0.101553542254299
h1SMcG0011671	0.0581580122147917	0.959122956087009
h1SMcG0011672	-0.0569327866805347	0.975782064766437
h1SMcG0011673	-0.265529615662495	0.620181545265603
h1SMcG0011677	-0.406414566599065	0.791676828815806
h1SMcG0011684	-0.108852711507217	0.875189422665893
h1SMcG0011685	-0.385405369318996	0.713868771541884
h1SMcG0011687	-1.12317107332112	0.174482361083861
h1SMcG0011689	-1.05543829435593	0.011590764777167
h1SMcG0011691	-0.15645116185356	0.8374333863508
h1SMcG0011693	0.793104647948617	0.569760291792953
h1SMcG0011696	-0.607912296851257	0.177529855586975
h1SMcG0011697	1.25380417107286	0.000782823715950597
h1SMcG0011698	1.39775598853204	0.0134889042331339
h1SMcG0011700	-3.00586263905113	0.00367659534871363
h1SMcG0011703	2.76388880566342	0.0000000000802689843583531
h1SMcG0011704	-1.36571943232675	0.0271473193106012
h1SMcG0011705	-1.03925397642735	0.525331883636363
h1SMcG0011706	-0.648406385850631	0.0729220096390261
h1SMcG0011707	-0.405465869627813	0.572375430613151
h1SMcG0011708	-1.30819074078594	0.0986241671168923
h1SMcG0011713	-3.55803299731155	0.00394133670680488
h1SMcG0011714	-0.817034142070167	0.578177385452854
h1SMcG0011715	0.627080211592723	0.0944015593502545
h1SMcG0011716	0.875899616967366	0.101114949186083
h1SMcG0011719	0.371814756673582	0.68995475017018
h1SMcG0011724	0.540565583083168	0.331286778158924
h1SMcG0011726	2.32970235332531	0.00000178924343812831
h1SMcG0011728	1.38260984493862	0.00170797871768927
h1SMcG0011730	0.477605850524258	0.65770145239711
h1SMcG0011732	-1.07636354660858	0.103469311714039
h1SMcG0011734	1.8697107203377	0.00000000264004941325683
h1SMcG0011735	-0.339900719943263	0.675346024000952
h1SMcG0011737	-1.11418867393831	0.19540417000188
h1SMcG0011738	-0.990716210653009	0.0741178605624629
h1SMcG0011739	-3.04697032157049	0.012186632259848
h1SMcG0011744	-0.848517627231236	0.176725475931015
h1SMcG0011746	0.420764879013924	0.770167985409122
h1SMcG0011749	-1.28998096497942	0.0526558074242847
h1SMcG0011752	-0.393840774830598	0.665428186005201
h1SMcG0011753	1.36690484095707	0.00135051574875544
h1SMcG0011755	-0.836097426012533	0.503348432546265
h1SMcG0011756	-0.708048378731988	0.0651532837825696
h1SMcG0011757	0.601104639033108	0.628139809165204
h1SMcG0011758	-1.94424018643585	0.0854410569001379
h1SMcG0011760	0.0488155396983023	0.966056336399891
h1SMcG0011762	1.61462400196204	0.176478844578706
h1SMcG0011763	0.197749707406475	0.754876815266198
h1SMcG0011766	-0.134198216977982	0.886386649449335
h1SMcG0011768	0.510868693216599	0.503949692470309
h1SMcG0011769	-0.237256184125085	0.589584454484814
h1SMcG0011771	-1.20030398057839	0.438735281634587
h1SMcG0011773	-0.283978171438956	0.566056939093367
h1SMcG0011774	0.507838773024395	0.324351273259306
h1SMcG0011776	-1.53125605541378	0.249667174670374
h1SMcG0011778	-1.12228259743279	0.221254778320298
h1SMcG0011779	-1.67333241067671	0.0717332943645668
h1SMcG0011781	-3.12077072623994	0.0255657269076028
h1SMcG0011786	0.442037779155461	0.483754074505537
h1SMcG0011787	0.715249228145048	0.25582397696158
h1SMcG0011788	-0.406272905172239	0.38496438802931
h1SMcG0011790	0.738684631472531	0.0790973232500279
h1SMcG0011792	-1.68937981722903	0.235265490267265
h1SMcG0011793	0.23004012079336	0.602133465351271
h1SMcG0011798	-0.897807252292687	0.0112152632876969
h1SMcG0011799	-3.21600139593097	0.00805039812420837
h1SMcG0011806	-0.353358891481103	0.802970800381065
h1SMcG0011807	-1.08710957365537	0.00241788545000788
h1SMcG0011809	-0.540676640208056	0.426078004608638
h1SMcG0011811	-0.193053483949744	0.804700366696539
h1SMcG0011812	1.62132574587107	0.000000403152599447917
h1SMcG0011816	-0.718528675863413	0.173162306963529
h1SMcG0011817	2.5935988432982	0.0000000000104644328138443
h1SMcG0011818	-2.65001900886187	0.000000537080510401341
h1SMcG0011819	-0.502823629394182	0.407706345217387
h1SMcG0011821	-0.648124345112243	0.566773023838834
h1SMcG0011822	-0.0442247674581173	0.960371143340906
h1SMcG0011823	-0.293179101430975	0.693029963291295
h1SMcG0011826	-1.63390204762755	0.00969323715060435
h1SMcG0011827	-0.828856964591211	0.196384905217984
h1SMcG0011828	1.32628946745601	0.011586481228748
h1SMcG0011829	0.700710765627792	0.0689216643198804
h1SMcG0011830	0.280750095869477	0.869032756911211
h1SMcG0011833	0.404843505659154	0.621639998170972
h1SMcG0011835	0.785459729603814	0.203902795482462
h1SMcG0011840	0.646666142150337	0.458187925527079
h1SMcG0011841	1.45177942434734	0.000080746719803767
h1SMcG0011842	-1.2912629124707	0.358308876677808
h1SMcG0011843	-0.539177026938476	0.629074252677712
h1SMcG0011844	0.528598574898366	0.184762507133559
h1SMcG0011847	0.210983895486342	0.660390683502532
h1SMcG0011848	0.785074735336723	0.501777730942639
h1SMcG0011849	-0.713380182027447	0.606863785257883
h1SMcG0011850	-2.70758470290556	0.0347187018583697
h1SMcG0011851	-0.0785841907391802	0.904153968881112
h1SMcG0011852	-0.0881762556785311	0.909693206231229
h1SMcG0011853	-1.22594268106508	0.267466781032495
h1SMcG0011854	-0.0819663567558048	0.927186905929924
h1SMcG0011857	0.581468970528121	0.0647540279807934
h1SMcG0011859	-0.631206886678757	0.653469146431548
h1SMcG0011860	-0.324024072112099	0.77453988034368
h1SMcG0011862	1.03057198717728	0.279023758338598
h1SMcG0011863	-1.92307213328272	0.0320290007191417
h1SMcG0011864	0.580486396200684	0.487175444660597
h1SMcG0011865	-0.0265143631433648	0.98179957755461
h1SMcG0011866	-0.606438098288218	0.673934602338166
h1SMcG0011868	-0.245412493542301	0.599405120369129
h1SMcG0011875	0.193044147967512	0.827770494628955
h1SMcG0011881	-0.403108937474641	0.535956679507439
h1SMcG0011885	-1.0635661790355	0.515028232165177
h1SMcG0011894	-3.4152365985303	0.0102965035546588
h1SMcG0011895	-3.4414870079651	0.0062300576753213
h1SMcG0011896	2.29383518387797	0.00000219094566858039
h1SMcG0011897	1.44063753204781	0.000325290232692374
h1SMcG0011899	-1.00540594481229	0.437009254773096
h1SMcG0011900	-1.27128399448149	0.00004767208553786
h1SMcG0011904	1.23705626590925	0.0977807827364518
h1SMcG0011905	0.651570091718518	0.133784371610551
h1SMcG0011907	0.406586369838957	0.543302928805279
h1SMcG0011908	1.33992205924288	0.311899143669741
h1SMcG0011909	-0.854454229441569	0.0316976971668012
h1SMcG0011911	1.61975347332045	0.00753690042752766
h1SMcG0011914	0.320262841944464	0.848669875983067
h1SMcG0011917	-0.995123941061616	0.38574525066017
h1SMcG0011918	0.407548807295471	0.720482452536351
h1SMcG0011919	-0.316797312222769	0.445450714137977
h1SMcG0011920	-0.506928099036455	0.23329477102545
h1SMcG0011923	1.0844398933277	0.0707472574599686
h1SMcG0011925	-2.32258538247588	0.0838253637390991
h1SMcG0011928	0.00124935166971082	0.999048872310267
h1SMcG0011930	-1.22590531447595	0.000974392245952696
h1SMcG0011931	-0.313760367390066	0.821412445928519
h1SMcG0011933	0.436303226327795	0.562927150287042
h1SMcG0011938	-0.107304264519255	0.922683632653122
h1SMcG0011939	-1.37894022693763	0.195651094419246
h1SMcG0011941	-1.48418263682836	0.164790884085752
h1SMcG0011942	-1.87349025821774	0.000062372689291846
h1SMcG0011943	-2.28314225233981	0.116475811908061
h1SMcG0011945	-0.683271933558442	0.583969822695817
h1SMcG0011946	0.317649595097388	0.797474553879477
h1SMcG0011947	-0.723989916063513	0.168451028496224
h1SMcG0011948	0.143463716691916	0.737599734108183
h1SMcG0011949	-1.06261904444778	0.15431425317717
h1SMcG0011951	-0.72529351251349	0.555750718832481
h1SMcG0011954	-0.155754731971549	0.915462616724082
h1SMcG0011956	-0.466256657909129	0.635430974998965
h1SMcG0011959	1.05772362015243	0.193029209767881
h1SMcG0011960	0.1970426853305	0.838507013755168
h1SMcG0011961	-0.0662468524254851	0.965405408326226
h1SMcG0011962	0.106385463287042	0.85198358597096
h1SMcG0011966	-1.67953515832816	0.301121562409577
h1SMcG0011968	-0.590869505106151	0.136927411864827
h1SMcG0011969	-1.6162567391138	0.142582625598573
h1SMcG0011970	-1.30996051378331	0.0196060442818314
h1SMcG0011971	-0.57957744657963	0.35702497394615
h1SMcG0011973	-0.574021966025627	0.741110174235847
h1SMcG0011976	-0.692394682726014	0.482663372313403
h1SMcG0011979	2.14361754908657	0.0125902765362393
h1SMcG0011980	0.758861983467004	0.105205628825997
h1SMcG0011984	-3.11835760816717	0.0178958399247793
h1SMcG0011986	-0.350837970757093	0.51721644660286
h1SMcG0011990	0.627451538272835	0.0952292047812649
h1SMcG0011991	0.449795517113356	0.545449674342398
h1SMcG0011993	0.334326190941168	0.841786186702766
h1SMcG0011995	0.947033590254232	0.0401431024590672
h1SMcG0011997	-1.07900782550485	0.102505494286455
h1SMcG0011999	-1.31274080480796	0.332325202819523
h1SMcG0012000	-1.90746223915045	0.0713697459098997
h1SMcG0012003	-0.0315304667829829	0.961858293018245
h1SMcG0012005	0.449396695781642	0.165482297918522
h1SMcG0012006	0.377675012252517	0.707808891721361
h1SMcG0012007	-1.59250942450157	0.00907512591587097
h1SMcG0012008	-1.40623338656637	0.00496323412915281
h1SMcG0012010	-1.14323879028868	0.416533663494453
h1SMcG0012011	0.723240739642165	0.65774436072942
h1SMcG0012015	-0.0907089956805665	0.905590934854364
h1SMcG0012016	0.897957229864918	0.0230570399250638
h1SMcG0012017	0.115673578075362	0.859056429902005
h1SMcG0012021	-0.574743506775059	0.532827497257719
h1SMcG0012022	-3.27557166559468	0.0153053956679291
h1SMcG0012023	-0.992678754772686	0.002470946443665
h1SMcG0012026	0.462484950369749	0.77850658918993
h1SMcG0012028	-0.675818155660499	0.359567303983183
h1SMcG0012029	-2.63319459036667	0.0377129782806142
h1SMcG0012030	-0.0189535879111988	0.986423537357938
h1SMcG0012033	-0.263525004119143	0.846093073533914
h1SMcG0012034	0.228527540381298	0.809345287299769
h1SMcG0012035	1.08814670451467	0.361573614211404
h1SMcG0012036	-1.07017635143175	0.249154535191643
h1SMcG0012037	0.685812529748646	0.110944505081783
h1SMcG0012039	-1.6098600055527	0.227025285204111
h1SMcG0012040	0.961567736443926	0.0192218555398746
h1SMcG0012041	-1.27459493369866	0.00178426584063412
h1SMcG0012042	1.95955107442067	0.0297292848292915
h1SMcG0012045	0.800940356359669	0.00388876943038979
h1SMcG0012046	-2.902813904811	0.0285314563426956
h1SMcG0012047	-0.925417872694873	0.327002440510894
h1SMcG0012048	2.91775470418254	0.000000490227855826015
h1SMcG0012050	0.395167937769981	0.316167821942897
h1SMcG0012051	-3.2952779726919	0.0133173918561404
h1SMcG0012054	0.0462651125668808	0.984160836183869
h1SMcG0012055	1.12204731300942	0.205687407531027
h1SMcG0012056	-3.24398689456525	0.0000994473505120676
h1SMcG0012058	1.68817289154937	0.17326442474257
h1SMcG0012060	0.531571919158146	0.253222757038728
h1SMcG0012062	-1.77551771584112	0.0273028237776198
h1SMcG0012064	1.03448607515566	0.0192931125940371
h1SMcG0012065	0.393669129810666	0.283290947100803
h1SMcG0012066	-1.56119677625212	0.313112910731696
h1SMcG0012068	-0.643374147067685	0.35463682666689
h1SMcG0012070	-0.965812809514131	0.0951244501293019
h1SMcG0012079	-0.481605555386213	0.645397113403506
h1SMcG0012084	0.640471184916089	0.202821931200766
h1SMcG0012086	1.26775041556777	0.199128790147356
h1SMcG0012088	0.344437144114283	0.74616107022455
h1SMcG0012090	0.257907396623276	0.631583348368724
h1SMcG0012092	1.23199808027433	0.169753498124802
h1SMcG0012094	-2.38100830684208	0.0021037153717497
h1SMcG0012095	-3.85887482494565	0.00179315048751874
h1SMcG0012102	-0.638934707777011	0.451425347839119
h1SMcG0012103	-0.383511071191285	0.740617712692901
h1SMcG0012105	0.831393314340119	0.150187440817127
h1SMcG0012106	-0.535988751485451	0.751406752060894
h1SMcG0012108	-0.803958180804439	0.364599950565153
h1SMcG0012109	-0.363316964493671	0.551508217818173
h1SMcG0012111	3.93102591591497	0.0000000000000000236081607311874
h1SMcG0012112	-2.14909928637886	0.0254215941956621
h1SMcG0012113	-0.858277902678149	0.0688715106402906
h1SMcG0012116	1.50033958072258	0.000152508340924492
h1SMcG0012119	1.10640070331993	0.000105016446154232
h1SMcG0012121	-0.230402669332385	0.667928139476426
h1SMcG0012122	0.000253254545744981	0.999472732418626
h1SMcG0012123	0.490360770175198	0.501777730942639
h1SMcG0012124	-0.647031217284082	0.329922448601693
h1SMcG0012125	-0.237571284037735	0.747207369008583
h1SMcG0012127	-1.72347682288854	0.0443884975622885
h1SMcG0012128	0.908383863312654	0.0265635878764226
h1SMcG0012129	3.3418506468889	0.000000000515698689215444
h1SMcG0012133	-2.01046207715466	0.188122095207405
h1SMcG0012137	1.40768898053156	0.0596969717978043
h1SMcG0012138	4.40017469249859	0.000107194392650854
h1SMcG0012139	2.44136062526381	0.0172704920645111
h1SMcG0012141	-2.59298341486254	0.0353430325733068
h1SMcG0012143	-0.847893775533988	0.256727047438032
h1SMcG0012146	-1.14584841663248	0.000417623823726286
h1SMcG0012147	0.772532867728495	0.0540836446066365
h1SMcG0012152	-1.76463680370569	0.168481446506521
h1SMcG0012156	-0.549700852612113	0.598270861658908
h1SMcG0012157	-0.0156319322505999	0.976948001552464
h1SMcG0012158	0.377110009420573	0.793685509294664
h1SMcG0012159	-0.801067511011437	0.371258782092408
h1SMcG0012160	0.310850169715173	0.799022906048602
h1SMcG0012164	-1.01853819289537	0.432822011023076
h1SMcG0012165	1.13375704392028	0.241264654975013
h1SMcG0012167	-3.32150297693227	0.00855679878747173
h1SMcG0012169	-1.98171191195782	0.160207008939836
h1SMcG0012170	-2.42266701589737	0.0444360123563158
h1SMcG0012171	0.803707527785119	0.042424431647464
h1SMcG0012172	1.12707310599896	0.266430376193138
h1SMcG0012174	1.95196622371391	0.0000000114462632470008
h1SMcG0012176	0.40809186054791	0.471176713379496
h1SMcG0012177	-2.55191146461124	0.0238050137911248
h1SMcG0012180	-3.990211289133	0.00115346138925421
h1SMcG0012183	-0.176592595560484	0.874971823120902
h1SMcG0012184	-0.831117891781436	0.478906486534553
h1SMcG0012189	4.30751386479058	0.00000000226619420327158
h1SMcG0012190	-0.535637787027442	0.339318194965521
h1SMcG0012192	-1.02002624729792	0.430413160268118
h1SMcG0012195	1.38219028129152	0.0000312588427120799
h1SMcG0012198	-0.664268698602423	0.223655151736768
h1SMcG0012200	-0.435383784795181	0.468048301268224
h1SMcG0012201	0.152237289930446	0.791435445093945
h1SMcG0012202	1.14072643599643	0.135650425735081
h1SMcG0012204	-1.2518814321749	0.452139499137123
h1SMcG0012205	0.616460317515533	0.0229339636030882
h1SMcG0012208	-2.06959224431165	0.0139978228711419
h1SMcG0012210	0.737558741959529	0.000881025024671999
h1SMcG0012211	0.23177308223599	0.531461080709968
h1SMcG0012214	-0.62480887558786	0.209732855257572
h1SMcG0012217	-0.654085937178078	0.473970701534096
h1SMcG0012219	-0.0498739317263204	0.961358578899514
h1SMcG0012223	-2.34388910122037	0.0548505718483319
h1SMcG0012226	-0.256819035987833	0.785060400452766
h1SMcG0012234	0.693444599125678	0.275035425575437
h1SMcG0012235	-0.116821331588539	0.930296461838428
h1SMcG0012236	0.503827917779224	0.663961981135105
h1SMcG0012238	0.0224495962186868	0.986963331726889
h1SMcG0012239	1.2659838786531	0.117373895692279
h1SMcG0012243	2.02665663411006	0.0000697151337007564
h1SMcG0012244	-1.00306579782994	0.507064020111204
h1SMcG0012246	-0.236402316426582	0.859417892407962
h1SMcG0012248	-2.79963547293323	0.0000000000284719690192287
h1SMcG0012249	1.28122851287884	0.127524878574387
h1SMcG0012251	-0.414906776764139	0.606411133400451
h1SMcG0012253	-1.42329116023007	0.360802580571835
h1SMcG0012255	-0.0619416705850291	0.952897836728759
h1SMcG0012257	-0.477369332041144	0.481291036841196
h1SMcG0012259	0.37146395179951	0.770333077256452
h1SMcG0012261	-0.0303802849754154	0.967244168095783
h1SMcG0012264	-0.868696167877105	0.0338932265504325
h1SMcG0012267	-1.00670468241125	0.177141822695575
h1SMcG0012274	-0.778131385663367	0.0994522706752999
h1SMcG0012276	-1.88108134408024	0.151746650472242
h1SMcG0012277	-0.00738553817780284	0.996088948318143
h1SMcG0012279	0.558203372165364	0.398233731798817
h1SMcG0012280	0.840327685979924	0.544573111820066
h1SMcG0012281	1.18645338710488	0.00894574283978953
h1SMcG0012286	-1.83032910562499	0.00770471516474109
h1SMcG0012287	-1.05051958534227	0.32014797316586
h1SMcG0012289	-3.07266992888788	0.0292067415548834
h1SMcG0012291	-1.10710404025163	0.281059573967726
h1SMcG0012292	0.334367718708093	0.415806280851623
h1SMcG0012293	0.410736461909662	0.703839187385302
h1SMcG0012295	-1.98245895838928	0.152682843796334
h1SMcG0012296	0.424800813996749	0.346768163312324
h1SMcG0012297	-0.417632570937635	0.570097281466842
h1SMcG0012298	-1.22862185302818	0.00033520212542212
h1SMcG0012300	-0.00341200704295161	0.996067651083725
h1SMcG0012301	-0.234945578420821	0.85272765709982
h1SMcG0012302	-2.74632137450524	0.0655743414994875
h1SMcG0012303	0.00594132957997128	0.994792258805952
h1SMcG0012304	1.45756040229385	0.000568239965132288
h1SMcG0012305	-0.163345209802132	0.900744701332887
h1SMcG0012306	0.199172561436534	0.770282906674791
h1SMcG0012308	1.51194455537515	0.0000000214571848151291
h1SMcG0012314	-0.369270810011779	0.521646146042752
h1SMcG0012316	-1.81295809975522	0.000568239965132288
h1SMcG0012319	1.3103743096008	0.000301633984198402
h1SMcG0012320	0.17361528289297	0.735631420263234
h1SMcG0012321	-0.557420465572868	0.385284098347021
h1SMcG0012326	-3.50373068994648	0.00464244552984797
h1SMcG0012327	-1.32863139308017	0.176574415408934
h1SMcG0012330	-0.037981394073274	0.953271817368573
h1SMcG0012333	2.07928686918184	0.0000000334092868378614
h1SMcG0012336	-2.33804374096328	0.0286974520013475
h1SMcG0012337	0.132670292507943	0.905590934854364
h1SMcG0012338	-1.02279477579163	0.266164885227933
h1SMcG0012342	-1.3715584154103	0.0483208984074278
h1SMcG0012350	-2.2563663505331	0.125215656700179
h1SMcG0012351	-0.617449681630481	0.320333106399624
h1SMcG0012356	0.281776346656584	0.838602564618918
h1SMcG0012364	-1.78780807949246	0.162865755457715
h1SMcG0012365	-0.740674249868702	0.186454970824409
h1SMcG0012368	0.119705075945092	0.927382062141644
h1SMcG0012375	-1.54200069845427	0.163096230230705
h1SMcG0012379	0.370833024264764	0.770333077256452
h1SMcG0012381	-1.10619984319968	0.436891519319404
h1SMcG0012382	-0.516083359051486	0.663492428544266
h1SMcG0012383	-1.49844879756124	0.0000684691365468225
h1SMcG0012384	1.49511967755845	0.000000022944363529365
h1SMcG0012385	2.5317539382356	0.000293863322977321
h1SMcG0012386	2.29255259571571	0.0127555735997571
h1SMcG0012387	-0.77584572384653	0.331753879472927
h1SMcG0012389	2.1394910551167	0.103622158000894
h1SMcG0012390	-1.37962280614151	0.0123989922136227
h1SMcG0012394	0.335060928784294	0.584690295296997
h1SMcG0012395	0.887347456352449	0.0307684620829459
h1SMcG0012398	-0.0598436129733732	0.923880015462131
h1SMcG0012400	1.15931916663382	0.221584115709885
h1SMcG0012401	-0.86299243459677	0.530238257458026
h1SMcG0012403	0.510906522181927	0.213590719224017
h1SMcG0012404	-1.69486345510667	0.0000343409709803488
h1SMcG0012411	-0.654588089469117	0.195247850230545
h1SMcG0012412	-1.39420456018665	0.0000220874836632677
h1SMcG0012416	1.02669388308737	0.416533663494453
h1SMcG0012419	-0.341329971636119	0.403630214924718
h1SMcG0012424	0.504084252138069	0.351660084302407
h1SMcG0012429	0.679584406936365	0.333049094381453
h1SMcG0012431	-0.964127079860781	0.0133670614336189
h1SMcG0012436	4.43492287550679	0.0000000000000000000000000000000000000000000000000230959955020629
h1SMcG0012437	-2.91849210773889	0.00206102187417391
h1SMcG0012438	-0.904739592976977	0.316170953089337
h1SMcG0012440	-1.9091503585348	0.0809675495509836
h1SMcG0012444	0.673370185206361	0.0830831777328819
h1SMcG0012445	-0.5035071651559	0.362298101991053
h1SMcG0012446	0.43202539737557	0.388214163547026
h1SMcG0012447	-0.0081473195645698	0.996067651083725
h1SMcG0012448	-0.640190403467991	0.253967791326254
h1SMcG0012449	-0.920394089888649	0.496124458715034
h1SMcG0012450	-0.552717951202963	0.330354390720501
h1SMcG0012451	-0.296950749257218	0.801912046034224
h1SMcG0012453	0.146336125488129	0.805548805072727
h1SMcG0012454	-0.0317235718569998	0.978139133370719
h1SMcG0012455	-0.360497026798409	0.509550269008022
h1SMcG0012458	7.39791930416116	0.00000000000000000000000000000000000000000000000035032105519734
h1SMcG0012459	8.19006922413369	0.0000000000000848341118397691
h1SMcG0012462	9.11107321493808	0.0000000000000000000000111060894855455
h1SMcG0012464	1.37637618924981	0.0000000291225957411521
h1SMcG0012467	-0.706764059909482	0.0709734592445908
h1SMcG0012468	-0.162239456551989	0.936760229298678
h1SMcG0012470	0.443480427095811	0.675346024000952
h1SMcG0012472	-0.497844279539963	0.599365559559025
h1SMcG0012473	-1.91088144453631	0.105123136726373
h1SMcG0012474	0.050293614880176	0.946646604611025
h1SMcG0012475	0.592575976226401	0.0861857704388556
h1SMcG0012477	3.60997224706059	0.000000000000000051317589073404
h1SMcG0012478	0.109754194288511	0.850401716338908
h1SMcG0012479	-0.582386745701879	0.532712507635015
h1SMcG0012480	-1.21754337754429	0.0161635611362826
h1SMcG0012481	-0.0586541326664387	0.922683632653122
h1SMcG0012482	2.58667970071201	0.0031237946675983
h1SMcG0012483	-0.43742790146889	0.743074240529577
h1SMcG0012484	-0.418927160427499	0.218927416112696
h1SMcG0012486	0.265591484149042	0.411822597530219
h1SMcG0012489	-2.56446483290787	0.000637311224411932
h1SMcG0012499	-0.589516169535132	0.487706908444091
h1SMcG0012501	0.405755402654262	0.257284055040516
h1SMcG0012505	0.394660847520172	0.29711671641895
h1SMcG0012506	0.808835652015338	0.285267917192886
h1SMcG0012507	-0.166215116485517	0.802879510283485
h1SMcG0012508	1.04296197578054	0.439910923194903
h1SMcG0012509	0.231756406234652	0.745690203085961
h1SMcG0012510	-0.361025037974972	0.399747539996527
h1SMcG0012514	-2.31680879780018	0.0484617557160246
h1SMcG0012517	-2.02014297796912	0.141831172772593
h1SMcG0012518	4.97396727567802	0.000000000000000000000000000156615200056381
h1SMcG0012519	-0.72588976803674	0.157193269965949
h1SMcG0012520	-0.55712427107421	0.56835360981061
h1SMcG0012522	1.21691530277686	0.000171640289520958
h1SMcG0012523	0.133148719973876	0.862238734896485
h1SMcG0012525	0.153086140424808	0.804876097595359
h1SMcG0012527	0.0890309485057463	0.938810356253989
h1SMcG0012529	1.34162378303321	0.000000780929418894799
h1SMcG0012530	8.14055740211211	0.000000000000000000000000000000000000000000000000000000139813799041161
h1SMcG0012531	-0.568442680556235	0.388598248680235
h1SMcG0012533	1.76766631956655	0.00000000415430867437246
h1SMcG0012534	1.85317223289248	0.0000272299530312374
h1SMcG0012537	-1.20455417941471	0.45172097845149
h1SMcG0012539	0.611722455841685	0.361599631587171
h1SMcG0012541	-0.935024188049068	0.34177614086696
h1SMcG0012542	-0.822268304310952	0.221254886875568
h1SMcG0012543	2.18844979721655	0.00000000000309936528351667
h1SMcG0012547	0.550362825031525	0.176661999234314
h1SMcG0012548	-2.64283027930807	0.0557146203433739
h1SMcG0012549	-0.999372767690038	0.512201776207367
h1SMcG0012552	0.834926982709463	0.465473474751199
h1SMcG0012553	-2.86251517426501	0.0358763451509846
h1SMcG0012554	-1.25361914784803	0.295291139221004
h1SMcG0012555	-2.95172914790247	0.00005957077922037
h1SMcG0012557	-0.269963233773204	0.702117251593997
h1SMcG0012558	-0.436159377137886	0.430113935659951
h1SMcG0012561	-1.21331783493686	0.172633027111209
h1SMcG0012562	0.912305967167317	0.164790884085752
h1SMcG0012563	0.306537377570535	0.704139655439529
h1SMcG0012564	-1.11488201680006	0.00338634898017703
h1SMcG0012565	-0.334698099981375	0.705896131123201
h1SMcG0012566	-3.34530883457538	0.0125572590231531
h1SMcG0012570	-1.15065973721022	0.18512657379594
h1SMcG0012571	1.044229976649	0.306007495346817
h1SMcG0012572	-1.87952390263901	0.0635214520482831
h1SMcG0012575	-2.69585429063723	0.0294245850195254
h1SMcG0012577	-1.37771902881002	0.125617267774092
h1SMcG0012578	-1.13146185144789	0.242326945323078
h1SMcG0012580	1.60263879279921	0.0000105701715804201
h1SMcG0012583	-1.11121388458623	0.020516772836826
h1SMcG0012585	-0.269555922633154	0.732405364859313
h1SMcG0012587	-0.0900326306778573	0.913332285080545
h1SMcG0012595	-2.10658947484237	0.167766355544449
h1SMcG0012596	-0.219776315794955	0.659612267206282
h1SMcG0012600	0.155591084290111	0.882500928051623
h1SMcG0012601	-0.426055414463718	0.465473474751199
h1SMcG0012602	-1.73461146612369	0.0933370347075014
h1SMcG0012604	0.617981529482514	0.0632734915901703
h1SMcG0012605	2.7907050973353	0.0000128267662137642
h1SMcG0012608	2.81941279968918	0.00000000000000460247398561057
h1SMcG0012609	0.752959214810653	0.209302247257383
h1SMcG0012610	-2.95730438663148	0.0255657269076028
h1SMcG0012612	-1.72751948417731	0.0323617409046804
h1SMcG0012613	3.77244077377068	0.000000654007158512054
h1SMcG0012614	0.805048075799542	0.42505741773576
h1SMcG0012615	-1.66229858157084	0.11959126019025
h1SMcG0012620	-0.877782409708688	0.0244775316065381
h1SMcG0012621	-0.383676218965926	0.5495394773559
h1SMcG0012622	-1.20583411730386	0.0395285901985746
h1SMcG0012625	-0.268516183861314	0.545529100721552
h1SMcG0012627	-3.98791234731095	0.000195432278819287
h1SMcG0012628	0.177848180221753	0.839879813531735
h1SMcG0012629	-0.908078802410102	0.424068864825339
h1SMcG0012632	-1.25946916605518	0.00592964727931572
h1SMcG0012633	-1.02277927045107	0.00039539749751616
h1SMcG0012634	1.93880044990036	0.0000000152230760945221
h1SMcG0012635	6.9038789802235	0.00000000000000000000000000000000000000000969202805505893
h1SMcG0012636	3.36640927612615	0.103918575928049
h1SMcG0012637	5.75614862025727	0.0000000000000000000000000000000000679793916463626
h1SMcG0012640	0.785718777125464	0.568549368965355
h1SMcG0012646	0.746187441189811	0.0773972649791798
h1SMcG0012647	1.29159033778097	0.18964058411825
h1SMcG0012651	-0.803495480603274	0.565441852267912
h1SMcG0012653	-1.23586988430587	0.0664083721521012
h1SMcG0012655	-1.64504726824062	0.199350854339829
h1SMcG0012656	0.667413179559387	0.0765168054967276
h1SMcG0012658	-0.7023482907177	0.555950048887807
h1SMcG0012659	-1.2423094704145	0.220709727217882
h1SMcG0012661	-0.379428077362259	0.811230655605217
h1SMcG0012662	-0.251836302751351	0.877968703849169
h1SMcG0012663	-0.432439884544658	0.45064946554346
h1SMcG0012664	0.419702404488081	0.659697630814014
h1SMcG0012665	1.44240668820823	0.0123989922136227
h1SMcG0012669	-0.26801647967286	0.669546615427006
h1SMcG0012670	0.1734495997429	0.828915423606381
h1SMcG0012671	-3.23085392664156	0.0186728232813086
h1SMcG0012673	-1.27202669702844	0.0982442088520064
h1SMcG0012676	0.353028702523401	0.55811403377553
h1SMcG0012678	0.76393830665586	0.0901696236733128
h1SMcG0012679	-0.191525950379162	0.866560167108386
h1SMcG0012680	-2.33306165542029	0.0675690497259457
h1SMcG0012683	1.21729122773737	0.114814375647397
h1SMcG0012689	0.983578650940893	0.0235718076342857
h1SMcG0012691	4.37344702257096	0.00000000000000000000000000283314609176668
h1SMcG0012693	0.500779011953224	0.197284629598609
h1SMcG0012694	-0.921948000544427	0.184918560609117
h1SMcG0012699	-2.37931420203874	0.000129860048786002
h1SMcG0012704	-0.0892052991462001	0.943635372994424
h1SMcG0012706	3.00388646121534	0.00000000000000000000000000000118456013757568
h1SMcG0012709	0.707358186579901	0.406652011514784
h1SMcG0012710	1.05898130975915	0.0222151942111425
h1SMcG0012713	-0.472486690904261	0.344380227510212
h1SMcG0012715	-0.968984997683803	0.223284061897966
h1SMcG0012716	1.36023458113962	0.000472479106522845
h1SMcG0012718	-0.358025833077986	0.780606182579451
h1SMcG0012720	-1.13645224478295	0.123268964239063
h1SMcG0012723	0.707611189137822	0.52298088109317
h1SMcG0012726	-0.331904133352186	0.52562466901762
h1SMcG0012727	-1.21258910318743	0.135136533162374
h1SMcG0012729	0.766104487931068	0.483841232709974
h1SMcG0012730	1.06292825383585	0.089557529882154
h1SMcG0012731	0.0568345932832175	0.921508845762189
h1SMcG0012732	-0.322836220712054	0.763344701430785
h1SMcG0012736	-0.567232757160557	0.258363466092123
h1SMcG0012737	0.589882010849168	0.432581489025585
h1SMcG0012738	-0.465043050722203	0.363500095399063
h1SMcG0012739	0.780097605850769	0.112851788930553
h1SMcG0012741	-2.1569189942619	0.146383105179059
h1SMcG0012743	-0.245647369420369	0.598611811449058
h1SMcG0012744	-0.8501441322888	0.301873504488365
h1SMcG0012745	-3.45932263624236	0.00227255647221889
h1SMcG0012746	-0.881399461601062	0.445737221149575
h1SMcG0012751	-1.54916835385616	0.0247855357037261
h1SMcG0012756	-0.264740870783394	0.804876097595359
h1SMcG0012759	4.37013946350438	0.00000000000000000285083131579905
h1SMcG0012761	-1.94017386613465	0.138216260856789
h1SMcG0012762	-0.843630468898867	0.311977540167876
h1SMcG0012763	-0.648860155810232	0.572693323466577
h1SMcG0012765	2.53557192379816	0.0000000000000000487025069093253
h1SMcG0012766	-0.102675289651339	0.822573065679304
h1SMcG0012767	1.5328945436104	0.0000200873172685813
h1SMcG0012771	-4.16345624628858	0.0000217128098150032
h1SMcG0012773	-0.545864045875308	0.744445574396675
h1SMcG0012774	-1.23134820915739	0.0767595442363313
h1SMcG0012777	-1.01092943421813	0.115575443158853
h1SMcG0012779	-0.650457237996202	0.410287245687553
h1SMcG0012780	-2.22833084741748	0.00104468530371412
h1SMcG0012787	-1.23892218160395	0.320274268626037
h1SMcG0012792	0.48271609119142	0.674128451976366
h1SMcG0012794	-0.582086506961505	0.557376318341363
h1SMcG0012799	-0.276658219453098	0.85711450287454
h1SMcG0012808	-2.20472132378409	0.0797323320927229
h1SMcG0012810	0.665616514247363	0.66685802332265
h1SMcG0012812	0.350605687501671	0.448823456732687
h1SMcG0012816	1.32114285265116	0.35265522095246
h1SMcG0012817	-1.47752770845364	0.264801945111618
h1SMcG0012818	-0.0283794925141831	0.963893276930353
h1SMcG0012819	1.42994035389846	0.000606484361993767
h1SMcG0012824	1.67701654759828	0.245682930164172
h1SMcG0012826	-3.12717264722651	0.00450144925334015
h1SMcG0012827	-0.579631126697681	0.188209382291365
h1SMcG0012828	0.0697795812182802	0.960176234193145
h1SMcG0012829	0.57708034145375	0.49426441372838
h1SMcG0012833	-0.70939666400167	0.0204139536060964
h1SMcG0012834	0.528144466436957	0.445737221149575
h1SMcG0012836	-3.57147029945175	0.0000434910950622012
h1SMcG0012837	-2.23204522853137	0.00562741248824919
h1SMcG0012839	-0.964210213121056	0.211785448350299
h1SMcG0012840	-0.062912759930369	0.875142393035599
h1SMcG0012841	-0.0756126125702274	0.874371955939215
h1SMcG0012842	0.12600398635524	0.837615025692139
h1SMcG0012843	-0.307553781354363	0.673049440741651
h1SMcG0012844	0.315030528892625	0.553471068031765
h1SMcG0012847	0.0559429449027133	0.968949037630874
h1SMcG0012850	-1.87537084004385	0.00000493423900437579
h1SMcG0012851	-1.54056146552926	0.153236263509142
h1SMcG0012852	-0.293591561042772	0.646041431179951
h1SMcG0012853	-1.04072960821236	0.125768692525797
h1SMcG0012855	-1.01276798465991	0.355441380914006
h1SMcG0012856	-0.988015086386534	0.449586618132966
h1SMcG0012857	0.607975209716881	0.277181789419573
h1SMcG0012861	-1.00298272556689	0.399455072807966
h1SMcG0012863	2.55806310596215	0.000000000000448543815017079
h1SMcG0012867	0.449364256957142	0.346134203933683
h1SMcG0012869	-1.69193190100688	0.216840414647218
h1SMcG0012870	-0.958184074198118	0.0307405021130497
h1SMcG0012874	-0.985539993401355	0.00663954676592704
h1SMcG0012876	-0.578217511828603	0.708899842798081
h1SMcG0012880	0.690050130381331	0.0724159655000054
h1SMcG0012881	-0.66784543641471	0.718601226340799
h1SMcG0012883	-1.30831949476294	0.00629302236799308
h1SMcG0012885	1.50854246764915	0.0884774911949971
h1SMcG0012886	0.15839152098788	0.936993200190857
h1SMcG0012887	1.37602853646215	0.168304962527715
h1SMcG0012890	-0.841934629000188	0.0339642076861244
h1SMcG0012891	2.87372533754625	0.000000681939113718557
h1SMcG0012894	3.02606674505359	0.0000000746601362581813
h1SMcG0012895	-0.543966577548634	0.544673063104744
h1SMcG0012898	1.39610360237948	0.000298872532629908
h1SMcG0012899	0.416426914397123	0.499155924246111
h1SMcG0012900	-0.00739709380291732	0.995895202841689
h1SMcG0012901	-1.77901471438533	0.00250167170669231
h1SMcG0012902	-1.06020493074009	0.411356980596954
h1SMcG0012904	0.774407904951422	0.594005362425098
h1SMcG0012908	1.0496480108647	0.249667174670374
h1SMcG0012909	-5.58354919532114	0.000000230586780746058
h1SMcG0012918	-2.76569704464528	0.000185625091105791
h1SMcG0012919	-2.00523414684287	0.0108766863241594
h1SMcG0012922	0.82043145675366	0.124222015225738
h1SMcG0012924	-0.813582969410342	0.420198575807023
h1SMcG0012928	-0.516233881832451	0.736387333887059
h1SMcG0012930	0.309711303539186	0.82323268226489
h1SMcG0012939	-1.71336487335156	0.123006808944143
h1SMcG0012943	-0.471230247983129	0.332325202819523
h1SMcG0012944	0.43574365303186	0.296356059302128
h1SMcG0012946	1.13397813387502	0.000195523092613222
h1SMcG0012947	-0.663793955068982	0.566663459948651
h1SMcG0012950	-1.08804712908695	0.065747831088345
h1SMcG0012951	0.0652444222586955	0.955938784775042
h1SMcG0012953	0.396241529917502	0.616011474969028
h1SMcG0012955	0.120278003905214	0.841786186702766
h1SMcG0012957	2.65354762293277	0.0000972891857036832
h1SMcG0012960	-0.210281564104161	0.865755989747482
h1SMcG0012961	0.531794612641555	0.129375671652288
h1SMcG0012962	-1.03253166202432	0.452564383478985
h1SMcG0012965	0.202840668758301	0.862645071214844
h1SMcG0012966	-0.389490517023241	0.407706345217387
h1SMcG0012968	-0.304554525364576	0.757575149731236
h1SMcG0012970	-0.583058354319685	0.675087557521429
h1SMcG0012972	-2.15024524563316	0.000607152595847879
h1SMcG0012975	-1.18216420479748	0.0593035732751573
h1SMcG0012976	-0.603416456350392	0.459573919122631
h1SMcG0012978	-0.642994198901432	0.467262852148758
h1SMcG0012983	2.5718570181885	0.02647583442599
h1SMcG0012984	-0.935616203536084	0.0298310865306068
h1SMcG0012988	-0.752973817790014	0.136179861665691
h1SMcG0012989	-0.806378782025452	0.345773713794864
h1SMcG0012990	0.199869323981916	0.622718988824259
h1SMcG0012992	0.186816928234742	0.861201755378589
h1SMcG0012997	-2.8242663102413	0.0364442637179388
h1SMcG0012999	-1.46705550006191	0.184045722467042
h1SMcG0013001	-1.95528498976833	0.166278735845209
h1SMcG0013004	-0.192973624692399	0.765893808069558
h1SMcG0013006	1.4939252477783	0.0456742453238299
h1SMcG0013007	-1.59894181866692	0.283290947100803
h1SMcG0013008	-0.116515289918805	0.840985315333483
h1SMcG0013010	-0.587313266237514	0.176725475931015
h1SMcG0013012	0.389590340735255	0.552625241514948
h1SMcG0013013	-0.0880215812195737	0.946462996170051
h1SMcG0013015	0.193133292268719	0.557114510189928
h1SMcG0013018	-2.22828933728968	0.00449390702584645
h1SMcG0013020	-1.19908442506413	0.254633736796497
h1SMcG0013021	-0.839878751164149	0.274256341209772
h1SMcG0013023	1.23840553852376	0.0681493556831916
h1SMcG0013024	1.42686086845567	0.0685479137448127
h1SMcG0013026	-0.617738756729601	0.384316766430782
h1SMcG0013030	-1.03634835780532	0.0042450301168472
h1SMcG0013032	-0.580067214178572	0.236098671452017
h1SMcG0013033	-0.8802502671722	0.0200579629809398
h1SMcG0013034	-0.0663805631775822	0.95806254727317
h1SMcG0013035	0.763943701773286	0.510490256842741
h1SMcG0013037	1.00537586140613	0.356999615353119
h1SMcG0013039	-1.4265197158031	0.137049148362254
h1SMcG0013040	0.754615961079156	0.345376797478929
h1SMcG0013042	-0.208806578715131	0.763344701430785
h1SMcG0013043	3.69184707806731	0.000000490227855826015
h1SMcG0013044	-0.696904590189125	0.163096230230705
h1SMcG0013046	-2.28528192974795	0.00447254787131417
h1SMcG0013051	-0.0933355912090254	0.95861517757241
h1SMcG0013054	-0.255537087964239	0.639674514688799
h1SMcG0013056	0.720601389850705	0.585405908096654
h1SMcG0013058	-0.283852928807664	0.875239637425865
h1SMcG0013059	-0.338493560997254	0.781250269380666
h1SMcG0013061	-1.32989419052119	0.023155014524944
h1SMcG0013073	0.526224061113497	0.66338932710493
h1SMcG0013077	-1.7022007055538	0.0000538325426291312
h1SMcG0013079	0.689689954954586	0.222790677024835
h1SMcG0013080	-2.10702786739184	0.0541804477487677
h1SMcG0013084	-0.199755750872572	0.812477990796273
h1SMcG0013091	0.941161839963457	0.299344181383638
h1SMcG0013094	-0.902412553381503	0.529175738639478
h1SMcG0013096	0.528197168175512	0.748740859642554
h1SMcG0013102	0.0309510563254133	0.986089744130239
h1SMcG0013103	0.0450440031882041	0.98179957755461
h1SMcG0013104	0.143731225262996	0.890132008884396
h1SMcG0013105	-3.5787046413198	0.00582272266182155
h1SMcG0013106	-1.27303033016406	0.168423941993965
h1SMcG0013108	-2.27426356406721	0.0367929655780282
h1SMcG0013111	-0.942269426657232	0.0107855176288305
h1SMcG0013115	-0.373314084123581	0.662328989639443
h1SMcG0013116	0.255391586151485	0.773247822752327
h1SMcG0013117	-0.100355324584609	0.839939897555161
h1SMcG0013119	-0.012908578635085	0.994855016943332
h1SMcG0013121	-1.68011794815355	0.200293065584578
h1SMcG0013123	-1.16365604924545	0.456932273036534
h1SMcG0013127	-0.588299749967817	0.362298101991053
h1SMcG0013130	-1.11762673903266	0.0345294007745955
h1SMcG0013133	-2.51935827783198	0.00590281260653339
h1SMcG0013134	0.132553161118074	0.946881110822184
h1SMcG0013141	1.62532354036816	0.118177054962579
h1SMcG0013145	-0.978165314490853	0.191897379766663
h1SMcG0013150	0.207055102873197	0.729115038487141
h1SMcG0013151	-1.22320382385602	0.329420377688097
h1SMcG0013152	1.43681700034843	0.111870909097937
h1SMcG0013153	-0.177902605267826	0.867461072067763
h1SMcG0013155	-1.0103009478883	0.349457899829731
h1SMcG0013156	-0.0897994389842191	0.941581340976568
h1SMcG0013160	-0.194316336090993	0.791262885770632
h1SMcG0013161	0.236154274899943	0.641572857753527
h1SMcG0013162	-4.2942137684177	0.000000000000000000000126739454671874
h1SMcG0013163	-1.57328720216947	0.2982273808998
h1SMcG0013166	-1.03163239680461	0.0639401295502153
h1SMcG0013177	-1.11973773389858	0.0718704158742432
h1SMcG0013178	-1.03916302535002	0.125703585975322
h1SMcG0013179	-1.74054453422591	0.000000715595176737019
h1SMcG0013180	-0.136929098069987	0.836846144544935
h1SMcG0013183	-0.0192738575200726	0.978264139151662
h1SMcG0013184	0.340116433614708	0.837615025692139
h1SMcG0013189	-2.3794870673808	0.0918068885849963
h1SMcG0013190	-0.152674609621013	0.858950110355648
h1SMcG0013191	0.761187930332031	0.196626061082565
h1SMcG0013195	0.63603327564818	0.284003078414768
h1SMcG0013199	-1.82128097000695	0.150666433665822
h1SMcG0013200	-0.331529645211179	0.503545368284806
h1SMcG0013202	0.695824930941108	0.630535194917461
h1SMcG0013203	-0.540087022325761	0.639851963023133
h1SMcG0013204	1.49727535274048	0.254734011567606
h1SMcG0013205	0.361003852850516	0.323039667726925
h1SMcG0013206	0.147085207671028	0.742593062692929
h1SMcG0013208	-2.45915601372128	0.0483873834334367
h1SMcG0013211	1.78192956944668	0.00178355094960985
h1SMcG0013215	-1.02875255853455	0.0528775647385125
h1SMcG0013217	-0.477818126826406	0.349335352248864
h1SMcG0013218	-0.647685156496918	0.0651192065765729
h1SMcG0013219	0.361409395112748	0.669066849233113
h1SMcG0013220	0.173748849886426	0.801363420596338
h1SMcG0013223	0.548887018198905	0.274529408981658
h1SMcG0013225	0.313076826763921	0.824267731280043
h1SMcG0013226	0.40658377828403	0.377352441132049
h1SMcG0013227	-0.0311067438596087	0.987431088783375
h1SMcG0013230	-0.306678856839575	0.807252303641205
h1SMcG0013231	-0.320545923603575	0.646202854188077
h1SMcG0013232	0.967181881400903	0.11891672458147
h1SMcG0013233	-0.204941531068412	0.890617211218882
h1SMcG0013235	-0.528867267779224	0.753325442056122
h1SMcG0013237	1.0758916312979	0.0798935496278432
h1SMcG0013239	-0.81946031290773	0.00728861561402952
h1SMcG0013241	0.707604060252058	0.391995889036374
h1SMcG0013242	-1.79617331622888	0.19505474324813
h1SMcG0013245	0.0202520405821256	0.987431088783375
h1SMcG0013247	-1.64265525922849	0.0498169818285225
h1SMcG0013249	-1.15634474112146	0.170770404569048
h1SMcG0013250	-0.598737983885092	0.217988688972159
h1SMcG0013253	-0.895883387578678	0.251639942121923
h1SMcG0013254	-1.20783687403855	0.450825202135734
h1SMcG0013256	-0.233393790911417	0.70136891010295
h1SMcG0013262	-0.244176979567038	0.862849074056656
h1SMcG0013264	-1.08863581874028	0.064600915081669
h1SMcG0013268	-1.94190652373277	0.0027787743576539
h1SMcG0013272	-1.9738584704136	0.203997454421126
h1SMcG0013273	-0.766399528638609	0.408429531877512
h1SMcG0013277	1.41907899297212	0.0615481108946557
h1SMcG0013279	-3.34281775943893	0.0000745734107035085
h1SMcG0013280	-2.95584194228759	0.0261797699673564
h1SMcG0013281	-1.39971249703777	0.296692598301563
h1SMcG0013282	1.19568830358196	0.400133400629799
h1SMcG0013289	4.34869928731962	0.00000000964005616069423
h1SMcG0013291	2.22306402869786	0.0244765149701816
h1SMcG0013292	-0.383504338034901	0.789712338875246
h1SMcG0013293	-0.748229097757203	0.557196440225079
h1SMcG0013294	0.637692639883041	0.659612267206282
h1SMcG0013296	0.245896977738741	0.884354666755704
h1SMcG0013298	-0.555562366651614	0.617890281936107
h1SMcG0013299	0.0716420891278764	0.948363830300134
h1SMcG0013300	1.24584378641915	0.101356129644492
h1SMcG0013301	4.52212314104275	0.0000100964557819243
h1SMcG0013303	-0.060516056479553	0.947090546766633
h1SMcG0013305	-1.80045041501518	0.152212773835088
h1SMcG0013306	0.190686966969536	0.900825518882607
h1SMcG0013316	-0.451110734479011	0.564272203699454
h1SMcG0013323	-3.76307875549225	0.00297607735305851
h1SMcG0013326	-2.03480274787673	0.064666743336796
h1SMcG0013327	1.20333694116441	0.0574034328379678
h1SMcG0013328	-0.410403054430872	0.765893808069558
h1SMcG0013329	-0.641107780021197	0.428661531321934
h1SMcG0013331	-1.18813319829177	0.17765940569451
h1SMcG0013333	-0.415284686017094	0.697316157373087
h1SMcG0013334	0.299110311665251	0.812018082208081
h1SMcG0013335	-0.0910201473208643	0.848382798365313
h1SMcG0013337	-0.383177294140691	0.563554155757778
h1SMcG0013339	0.363655347843513	0.401860104241009
h1SMcG0013340	0.210523933401823	0.827770494628955
h1SMcG0013341	3.27071984209314	0.00000000000574572172417801
h1SMcG0013342	1.13925459244767	0.248248194034356
h1SMcG0013344	0.603122391045392	0.0894073174522156
h1SMcG0013345	-0.202917511127871	0.915929114164006
h1SMcG0013352	0.727847590012042	0.159585046507656
h1SMcG0013355	0.440846576806377	0.451483839662545
h1SMcG0013358	0.0756140047426385	0.878442666087332
h1SMcG0013360	0.389314363989756	0.819149324584256
h1SMcG0013361	1.72784360120345	0.0000426709785294637
h1SMcG0013363	-0.573688612007412	0.204673032794846
h1SMcG0013366	-0.216142025745343	0.792875151470967
h1SMcG0013369	2.50110677449367	0.000000000000000000169838973062574
h1SMcG0013373	0.428352558599704	0.351381259852183
h1SMcG0013374	-1.63254529977708	0.271669266208138
h1SMcG0013376	-1.3334284751164	0.000231710589727966
h1SMcG0013377	-0.732565671716522	0.597660969321879
h1SMcG0013379	-0.393548084906094	0.819149324584256
h1SMcG0013382	-1.54738949071361	0.220383275546723
h1SMcG0013383	-0.0679352589304671	0.924265002797589
h1SMcG0013388	1.17327196904826	0.166105105491035
h1SMcG0013389	-0.180084377983126	0.881213420571508
h1SMcG0013392	0.0129356361063924	0.981848740453438
h1SMcG0013393	0.641814304241398	0.276994233410208
h1SMcG0013395	-0.214183716297455	0.90810636953233
h1SMcG0013397	-0.0290958006159618	0.988202135473699
h1SMcG0013398	0.604208398247762	0.369979661487177
h1SMcG0013403	-2.18729051137084	0.142896276567853
h1SMcG0013406	-0.567591366412409	0.400617480499636
h1SMcG0013407	-0.254742408824972	0.754809569031981
h1SMcG0013409	0.249244988391979	0.620635346853035
h1SMcG0013410	0.812482802686676	0.196761535867316
h1SMcG0013413	-0.384109336129448	0.749739347287685
h1SMcG0013415	-2.04074662498048	0.186179672595533
h1SMcG0013416	0.0271043840426755	0.977440653573256
h1SMcG0013417	-0.37526813164224	0.460693086948822
h1SMcG0013418	-2.45371375293504	0.0179584472650185
h1SMcG0013419	-2.30071721383541	0.114944983016822
h1SMcG0013423	-1.61308282579417	0.108411381065747
h1SMcG0013424	-0.0838593279932505	0.93121864102777
h1SMcG0013425	-0.882193710530721	0.207020887736261
h1SMcG0013426	-0.0266390482754386	0.989387500003651
h1SMcG0013433	-0.301474801862376	0.699760190281383
h1SMcG0013435	0.310357458975698	0.609971564436773
h1SMcG0013437	-0.519248565524525	0.683840097370952
h1SMcG0013438	-0.0814741718452932	0.94545465462895
h1SMcG0013441	-0.114125209655773	0.94545465462895
h1SMcG0013444	0.177531411315554	0.888348493100164
h1SMcG0013445	0.128632628313049	0.859993702806928
h1SMcG0013446	0.667260826105823	0.269177081045707
h1SMcG0013447	1.06926198747131	0.146606380147298
h1SMcG0013448	-0.876180265701318	0.0355660907578877
h1SMcG0013450	-1.27003265411129	0.000822091964886369
h1SMcG0013451	2.10095633226084	0.00000000226433850674864
h1SMcG0013452	-2.18959241842697	0.0232480222649155
h1SMcG0013457	-0.106865137329064	0.937696893775431
h1SMcG0013461	-2.5395597977912	0.0406746089194305
h1SMcG0013462	1.62728196587422	0.00000000000000819298134424207
h1SMcG0013464	2.9908639505813	0.000000398482220305652
h1SMcG0013466	0.138501529091639	0.868154804964222
h1SMcG0013474	-0.784818699789267	0.272770144524318
h1SMcG0013477	-1.38322224383557	0.000565983857967302
h1SMcG0013479	-0.514131328815762	0.671349345413967
h1SMcG0013481	-0.506593927837379	0.347892983236669
h1SMcG0013483	-2.21049727076084	0.109604164516452
h1SMcG0013484	-0.896757610723823	0.0427175797835295
h1SMcG0013488	0.925025403617202	0.46082802103419
h1SMcG0013490	-0.53322982224822	0.630535194917461
h1SMcG0013492	2.3212353965753	0.0000809153226855056
h1SMcG0013497	-0.150847919312731	0.717188204695945
h1SMcG0013498	-0.315344117864628	0.774045320493823
h1SMcG0013501	-1.72244559264053	0.227626993046428
h1SMcG0013502	0.557992981680296	0.566077896220821
h1SMcG0013504	0.614334137067757	0.135650425735081
h1SMcG0013505	-1.5088526755631	0.0514549414832259
h1SMcG0013507	-0.170457189651834	0.660407032287331
h1SMcG0013512	-0.770161574239744	0.157804786248799
h1SMcG0013513	1.63787526582924	0.162862854222415
h1SMcG0013514	0.352640161477301	0.631583348368724
h1SMcG0013517	-1.79646332667951	0.161421230644267
h1SMcG0013520	-0.654538595058645	0.210096574307586
h1SMcG0013522	-1.17823373101501	0.342107713384508
h1SMcG0013523	0.10948472756094	0.942851767984629
h1SMcG0013525	-1.14235461437078	0.0782496562944819
h1SMcG0013526	0.889225265484796	0.138358875772312
h1SMcG0013531	-0.299849164945625	0.481788620931822
h1SMcG0013532	-1.38277082544903	0.00225633394329554
h1SMcG0013533	-1.08204563913934	0.000597713278390318
h1SMcG0013534	1.06704278518536	0.361577431496451
h1SMcG0013536	-1.75351222460146	0.273126129819727
h1SMcG0013538	1.21754163242875	0.223655151736768
h1SMcG0013539	-1.190386100483	0.195305610384097
h1SMcG0013540	-1.20141717429085	0.000029694845270313
h1SMcG0013541	1.62077387009841	0.108909728425264
h1SMcG0013548	-2.74510634853566	0.000000000735440539621361
h1SMcG0013550	-1.21035245150668	0.0000434910950622012
h1SMcG0013551	0.11864948767626	0.946727398173711
h1SMcG0013552	0.108732075587568	0.89527840459794
h1SMcG0013555	-1.89550318325672	0.219251932258391
h1SMcG0013558	-0.400013368722733	0.778036467301202
h1SMcG0013560	-0.0591075938398662	0.964905957942097
h1SMcG0013563	-0.731039763873242	0.0805660148265637
h1SMcG0013565	0.811268831448877	0.0506371598488078
h1SMcG0013571	0.529805767307231	0.134726897364532
h1SMcG0013573	0.31626231751481	0.717230408294743
h1SMcG0013574	0.882165795666397	0.0127555735997571
h1SMcG0013575	1.82899872695873	0.00000039216983527457
h1SMcG0013577	-1.02476868532154	0.251651135700134
h1SMcG0013581	0.340754555090667	0.688865345062513
h1SMcG0013585	-0.957280519423893	0.146173841580218
h1SMcG0013586	-0.373720946514361	0.795602177712728
h1SMcG0013590	-0.863698785561936	0.395161537513591
h1SMcG0013591	0.977351065695294	0.319150869556788
h1SMcG0013595	1.06004563794909	0.0121880786317599
h1SMcG0013596	-0.436593158052229	0.367287108308431
h1SMcG0013597	-1.62104817376613	0.0595761852059883
h1SMcG0013598	-2.88044380547925	0.0320488514832034
h1SMcG0013600	-1.23858408197986	0.231205395189152
h1SMcG0013609	-0.439931089174854	0.259380699050227
h1SMcG0013611	-1.75922454362889	0.16330796054401
h1SMcG0013613	0.517097530975934	0.728990735657035
h1SMcG0013615	-1.92614571933414	0.00000182837177538623
h1SMcG0013616	-1.22781383815056	0.325367086305141
h1SMcG0013621	2.00491377499911	0.000000347701695531345
h1SMcG0013623	-1.12881134043075	0.00239780526380067
h1SMcG0013627	-1.30345914100866	0.00000247780304369148
h1SMcG0013630	-0.962382865049372	0.00997938616884269
h1SMcG0013633	0.0353824337637123	0.962782181562295
h1SMcG0013635	1.39887139696949	0.00133919885217795
h1SMcG0013636	-0.233752151816557	0.763344701430785
h1SMcG0013637	0.106296059123079	0.935499253880121
h1SMcG0013641	-0.0555970372670949	0.947194978791523
h1SMcG0013644	0.0314620119581457	0.982076355541623
h1SMcG0013653	-2.62508299061396	0.03708184188851
h1SMcG0013655	-2.57929476254954	0.0406311920328551
h1SMcG0013658	-0.16219323906772	0.88794507953721
h1SMcG0013659	-0.913621904669844	0.274443326910885
h1SMcG0013660	-1.7652917789937	0.0535465581734606
h1SMcG0013664	1.31420055128394	0.00000234228187599803
h1SMcG0013665	-2.36597006331961	0.000000267042662084759
h1SMcG0013669	-1.86100476531151	0.123268964239063
h1SMcG0013670	-0.356145193290934	0.838903270083337
h1SMcG0013671	-1.04229887947921	0.00288385657316153
h1SMcG0013673	-0.203505715404164	0.85506523068878
h1SMcG0013674	-1.85659557198696	0.0265987182455274
h1SMcG0013675	-1.53967724554804	0.119224095401203
h1SMcG0013676	-0.635826935280325	0.226972323213443
h1SMcG0013677	-0.420439682688846	0.646199715694317
h1SMcG0013682	0.00410276125532615	0.995349309206485
h1SMcG0013683	-0.55484430197828	0.429513130445861
h1SMcG0013686	-0.694941908520868	0.668851946856647
h1SMcG0013687	-0.87163069354517	0.315542251951405
h1SMcG0013689	-1.54500871703119	0.122758929953392
h1SMcG0013690	0.453126978221382	0.751094787718612
h1SMcG0013691	-0.900855438749319	0.385418687635333
h1SMcG0013693	-2.24249366819536	0.000827667652610932
h1SMcG0013698	-0.870127699690839	0.283017417817707
h1SMcG0013699	2.18459983418451	0.537688687290275
h1SMcG0013700	2.54572942836346	0.00993366260820144
h1SMcG0013703	4.36259616985792	0.000000000000000000721531937894008
h1SMcG0013705	2.3600375843541	0.0000000285696615526765
h1SMcG0013706	-0.722860145117851	0.20359714474492
h1SMcG0013710	2.0853689625653	0.0673645518282186
h1SMcG0013712	2.19383223815472	0.0293688320531338
h1SMcG0013713	0.815215932916938	0.0962809863561373
h1SMcG0013715	-1.66614627941897	0.0277526976980471
h1SMcG0013719	1.25637208624327	0.000197762939394252
h1SMcG0013721	-3.38898676653641	0.00135100850142814
h1SMcG0013723	-0.261440026732532	0.767876449916958
h1SMcG0013724	-0.761234891933786	0.24588199894263
h1SMcG0013725	-1.02265186045594	0.0162694796797338
h1SMcG0013727	0.713973134276458	0.477460860492614
h1SMcG0013729	-0.745828968919377	0.34907978294396
h1SMcG0013730	-0.714977372175352	0.442861299679345
h1SMcG0013732	-3.31524345271836	0.000038282895317813
h1SMcG0013733	-1.08663047479342	0.0452336595550574
h1SMcG0013735	-0.426896506226714	0.414327952522682
h1SMcG0013737	-0.509715032474351	0.34358630912934
h1SMcG0013741	-4.06349504657009	0.000851534246000878
h1SMcG0013746	0.110903541083202	0.765154011220115
h1SMcG0013748	-1.33389212415077	0.00302353838010182
h1SMcG0013750	-0.523843711239375	0.353176995501566
h1SMcG0013756	-0.797389862981325	0.314275109482813
h1SMcG0013759	0.887307241749966	0.0179657967997033
h1SMcG0013760	-0.50280390952711	0.701032869901241
h1SMcG0013761	-1.1371791893751	0.228268584248748
h1SMcG0013762	-0.339824799703865	0.632461541587899
h1SMcG0013764	-0.474638695550731	0.701032869901241
h1SMcG0013765	1.22780015428339	0.00114045257290913
h1SMcG0013767	-1.12447986871787	0.115266763651908
h1SMcG0013768	-1.44830783251999	0.307360302094593
h1SMcG0013770	0.391571862058709	0.416875586559905
h1SMcG0013773	0.480526340142053	0.142349365965278
h1SMcG0013774	-0.0516583116187365	0.934725780148719
h1SMcG0013775	0.231585215667571	0.828780890275689
h1SMcG0013776	-2.32129169472977	0.107854881901276
h1SMcG0013777	0.669309725187295	0.353671390832182
h1SMcG0013780	-1.25686917323554	0.00095078708741826
h1SMcG0013781	-1.42422152337229	0.228752534896548
h1SMcG0013782	-1.23897072880602	0.31903375912568
h1SMcG0013784	0.546800708877761	0.162554824423566
h1SMcG0013786	-1.20844259964948	0.33671224751452
h1SMcG0013787	-0.849518627890624	0.571261216928635
h1SMcG0013788	0.806787212957987	0.193727790051997
h1SMcG0013790	-1.64359114730681	0.264237885851352
h1SMcG0013791	-0.897497082209199	0.280593890656746
h1SMcG0013792	0.620105976766643	0.608219606479524
h1SMcG0013795	1.3345332853359	0.0010205208275916
h1SMcG0013796	-0.0648313816594035	0.969428185615628
h1SMcG0013798	0.641244277146238	0.30319819432778
h1SMcG0013799	-0.900223589091641	0.00496855476703028
h1SMcG0013800	-0.661091039526617	0.635803568621225
h1SMcG0013802	2.13551701847548	0.000252721711814312
h1SMcG0013805	-0.508459042355324	0.198774761213049
h1SMcG0013806	0.589642187227845	0.0891941750661592
h1SMcG0013807	-0.976894777898638	0.0108186894503986
h1SMcG0013808	-0.104185500718377	0.911723612070209
h1SMcG0013809	-1.07390492500495	0.00012807747069162
h1SMcG0013810	-0.384094106098563	0.407448861615165
h1SMcG0013811	-1.92475077934294	0.0279858801491455
h1SMcG0013812	-0.421639705227451	0.602529032385949
h1SMcG0013821	1.30756092392679	0.129981110319592
h1SMcG0013823	-0.0305436028810456	0.973874003823627
h1SMcG0013824	0.134989819880578	0.901371007327735
h1SMcG0013825	0.765413077301586	0.0701657467156824
h1SMcG0013828	-1.61721479457034	0.277955397428782
h1SMcG0013829	-0.592904680347966	0.160442947098985
h1SMcG0013831	1.53370048671924	0.198174396764944
h1SMcG0013832	1.32542045072152	0.280749317217936
h1SMcG0013833	-0.223261925867753	0.708165774881415
h1SMcG0013836	-1.20668135540728	0.20993434918359
h1SMcG0013838	3.90519552651195	0.0000000000000000000000000000822570659016867
h1SMcG0013839	-1.45424903514685	0.00000261922535804582
h1SMcG0013844	0.430850287961206	0.639612427325628
h1SMcG0013847	-2.03832394416976	0.00566688540131739
h1SMcG0013848	-0.709920816639984	0.329078648737951
h1SMcG0013849	-0.331795757877997	0.402497930112823
h1SMcG0013861	-0.215229535412611	0.910303704041727
h1SMcG0013865	-3.53898277824737	0.00412802458459168
h1SMcG0013867	-1.41702660028383	0.00147751835737919
h1SMcG0013868	1.23589621676196	0.000051472262514048
h1SMcG0013869	-0.2064392461927	0.812702111520554
h1SMcG0013870	-0.908086575461096	0.318559392409853
h1SMcG0013872	-1.42360791854746	0.14190778961709
h1SMcG0013873	-0.584432061612601	0.377612641386964
h1SMcG0013876	0.616499985587582	0.620181545265603
h1SMcG0013878	-0.804079460466519	0.400234864070621
h1SMcG0013879	0.790454086746192	0.0824559788359178
h1SMcG0013881	0.0760647880484208	0.916879859851017
h1SMcG0013883	-0.482559093003191	0.568492288231991
h1SMcG0013884	-0.882210898062906	0.525059775703852
h1SMcG0013885	0.659203308172901	0.633241339615078
h1SMcG0013888	-1.66733933379531	0.00601725538938105
h1SMcG0013890	-2.21965182064715	0.0122144937560859
h1SMcG0013894	0.358250488347849	0.433016624095678
h1SMcG0013897	0.385188893417456	0.63245859782957
h1SMcG0013899	0.616112841825958	0.703112903446019
h1SMcG0013900	-1.38300698891522	0.306662111393184
h1SMcG0013903	0.800998686494431	0.169436334450379
h1SMcG0013904	-3.92028487894992	0.000289842657044445
h1SMcG0013905	-0.221228358198456	0.832535035729753
h1SMcG0013907	3.13758517740669	0.000000000000143549018357723
h1SMcG0013908	0.150371544270253	0.80160703229036
h1SMcG0013915	-0.00166285482915361	0.997912632353085
h1SMcG0013916	-0.190136384638638	0.921508845762189
h1SMcG0013917	-0.92211939931016	0.58526458306459
h1SMcG0013918	-3.2855576548374	0.00613116603502255
h1SMcG0013919	0.0265661473974628	0.975662877942475
h1SMcG0013920	-1.15908134615872	0.000738579560993766
h1SMcG0013921	-0.305983900459542	0.667476684200125
h1SMcG0013922	-0.0809057257564015	0.952504229884096
h1SMcG0013927	-0.631381602031856	0.537164066006137
h1SMcG0013928	1.14416592518302	0.232270318175497
h1SMcG0013929	-0.56402736670559	0.515350146094499
h1SMcG0013934	-0.200444476489389	0.885791943374666
h1SMcG0013935	-0.942696860522218	0.576188076795365
h1SMcG0013937	-1.19225664566489	0.344204860481028
h1SMcG0013940	1.22617888313358	0.0185295545186245
h1SMcG0013942	-0.657657297488557	0.180618673872002
h1SMcG0013944	0.227150735283668	0.812351010704439
h1SMcG0013946	0.114517874034844	0.929173009557033
h1SMcG0013947	-0.201531047192199	0.754861007893386
h1SMcG0013948	-1.05691324610394	0.512410341970552
h1SMcG0013949	-1.68752644753116	0.00568169923211524
h1SMcG0013953	0.564324105859273	0.16330796054401
h1SMcG0013956	-2.78790446628813	0.0000000624351799314056
h1SMcG0013957	-0.269017874327726	0.69302616270561
h1SMcG0013958	-0.0406940974674097	0.97753706332423
h1SMcG0013961	-2.22642060712975	0.120557511414769
h1SMcG0013964	-0.816435247465069	0.0351794028801198
h1SMcG0013965	-0.980772797447455	0.0148597039144304
h1SMcG0013969	0.0142345923176427	0.992643201108271
h1SMcG0013970	-0.815699102398704	0.320124748794895
h1SMcG0013971	0.0573068465974772	0.978123366246296
h1SMcG0013973	-0.908039185520015	0.398711641102842
h1SMcG0013974	1.37828030752013	0.00536075319487118
h1SMcG0013979	1.21145967849595	0.0154102069924162
h1SMcG0013981	0.2949502460968	0.674031165011597
h1SMcG0013984	-0.0698009013797182	0.942158479617787
h1SMcG0013985	-2.34839111919	0.00296285164916361
h1SMcG0013986	3.00657924119228	0.000581710906621289
h1SMcG0013987	-0.957703304816007	0.577372400223137
h1SMcG0013990	-0.00792558914874034	0.995359274463544
h1SMcG0013991	0.409185025139366	0.464688540727714
h1SMcG0013994	1.1276007007429	0.308677774788595
h1SMcG0013997	-3.38376363454594	0.0114658982017489
h1SMcG0013999	-4.29003512524262	0.00000000000000000000000000016295276175159
h1SMcG0014003	-0.106210273668041	0.884423180316416
h1SMcG0014004	1.15223334099846	0.447148290118869
h1SMcG0014009	-0.251350062474891	0.790272346107335
h1SMcG0014014	0.510932471200701	0.297651288768092
h1SMcG0014015	-0.699791988987064	0.248706398921669
h1SMcG0014016	0.899316668157534	0.0970826640509524
h1SMcG0014017	-0.622045492909573	0.660822705113017
h1SMcG0014018	-0.128495429473859	0.929173009557033
h1SMcG0014020	-1.68100833013349	0.00716327117615459
h1SMcG0014021	-0.779446827164458	0.171247951071527
h1SMcG0014026	7.43161194466544	0.00000000000000000000000000000000000000000000000000000000000234513176456222
h1SMcG0014027	0.357222719729786	0.793323099253446
h1SMcG0014028	-0.839443550484979	0.521254649281325
h1SMcG0014029	1.61177023395615	0.271829955695117
h1SMcG0014030	-1.4981634140849	0.0774885151375769
h1SMcG0014031	-4.36702957461569	0.000131986088646604
h1SMcG0014032	-2.98046485927543	0.0365124647115927
h1SMcG0014033	1.20487186808623	0.230962330106048
h1SMcG0014037	0.849307112793353	0.205722447001372
h1SMcG0014039	1.34139681194544	0.00000121254533887834
h1SMcG0014040	-1.49922333395866	0.203660019034733
h1SMcG0014041	-1.41466215077869	0.291200197651828
h1SMcG0014042	-1.1603375634898	0.0420394539603025
h1SMcG0014044	0.157601298128688	0.901637739790478
h1SMcG0014048	-1.36072032191312	0.0151833233888885
h1SMcG0014049	-1.44360185738243	0.0841800155915053
h1SMcG0014051	-2.37900575319824	0.0794995530795464
h1SMcG0014054	-1.193159113084	0.393305013175693
h1SMcG0014056	-1.42908527526	0.183935757992651
h1SMcG0014059	-2.56721015410531	0.0663179501413728
h1SMcG0014064	-2.75079742844421	0.0642897323644565
h1SMcG0014067	-1.88829379853568	0.17651328395163
h1SMcG0014068	-1.76030251434624	0.167973162615799
h1SMcG0014074	-2.57720002859404	0.0655016131370372
h1SMcG0014076	-1.81270947023167	0.195305610384097
h1SMcG0014077	-1.61987947568185	0.2247382330661
h1SMcG0014080	-1.04154564983126	0.53207936356159
h1SMcG0014083	0.799618719378014	0.197122743274915
h1SMcG0014084	-0.560029681817381	0.697537926951108
h1SMcG0014085	-1.92128684937183	0.0827456322637737
h1SMcG0014086	-1.16790015760504	0.0367912915326008
h1SMcG0014087	0.299914000605155	0.812745777523988
h1SMcG0014091	-0.7452447108323	0.0746160126911719
h1SMcG0014092	-0.137751644995004	0.826455295686082
h1SMcG0014095	-0.341882173064642	0.76052463556294
h1SMcG0014096	-1.09989422246332	0.372723294801716
h1SMcG0014097	-0.234727030106765	0.596812122377392
h1SMcG0014100	-0.22049417984451	0.896109197823171
h1SMcG0014101	-0.934241915998185	0.243174705942338
h1SMcG0014105	-0.375650062453061	0.696605886196806
h1SMcG0014108	-0.475609020058703	0.785434814847224
h1SMcG0014110	1.80662131890557	0.17765940569451
h1SMcG0014111	0.343407293101067	0.515028232165177
h1SMcG0014112	-0.344604345548581	0.754861007893386
h1SMcG0014114	-0.386706695250053	0.697679244321278
h1SMcG0014116	0.550442821955378	0.638274872123088
h1SMcG0014117	-0.293411096293543	0.699760190281383
h1SMcG0014118	0.675048127277224	0.134887658445384
h1SMcG0014119	2.73957660649833	0.0000000000209287461911394
h1SMcG0014121	0.772893082286618	0.24779290280014
h1SMcG0014122	-1.23808267766787	0.368649196725896
h1SMcG0014124	-2.40570305569299	0.075393225811692
h1SMcG0014125	-0.274821453777508	0.732231408844361
h1SMcG0014127	-1.9521719560963	0.00000000026172535636999
h1SMcG0014128	-1.84908295711121	0.19638530052395
h1SMcG0014129	-0.802653438647156	0.0563025227595081
h1SMcG0014130	0.0781329133038014	0.950260811600824
h1SMcG0014131	-0.844673717057207	0.246642522982036
h1SMcG0014132	-0.832550695510587	0.407706345217387
h1SMcG0014134	0.183370905722538	0.743733355576138
h1SMcG0014135	0.453210082394862	0.343058454179401
h1SMcG0014136	-3.1650467621992	0.00179552816173986
h1SMcG0014139	-0.699387947301933	0.17396743410167
h1SMcG0014142	0.313569185386916	0.264388856539387
h1SMcG0014143	0.890441828704368	0.124100165991181
h1SMcG0014144	-0.00625600943161853	0.991407817501696
h1SMcG0014145	0.117050904826217	0.903563809672695
h1SMcG0014146	0.349927950053441	0.749739347287685
h1SMcG0014149	0.366198391129002	0.522086682440502
h1SMcG0014150	-0.499246015706679	0.37671456440118
h1SMcG0014153	-0.625883246378982	0.625330667931257
h1SMcG0014154	1.23108303917499	0.0000265893246362983
h1SMcG0014155	-0.63331714575757	0.0517183327662769
h1SMcG0014156	-0.0228630154850089	0.985246678016443
h1SMcG0014158	1.59118010245317	0.153093869444838
h1SMcG0014159	-0.241363130407577	0.885155932426266
h1SMcG0014160	-2.62930696435823	0.0360812918179348
h1SMcG0014161	0.362618734093379	0.666118042336
h1SMcG0014164	-1.01121643175343	0.18255786983266
h1SMcG0014166	-3.80342184301633	0.0014858039991305
h1SMcG0014168	1.07502161101024	0.388073136334897
h1SMcG0014169	-1.77230031130865	0.0835359000937089
h1SMcG0014170	-0.663460091112861	0.364183198109352
h1SMcG0014171	0.831478648607776	0.417423103524992
h1SMcG0014172	-2.61695217554095	0.0856686068127219
h1SMcG0014173	-0.274522727141779	0.546185498875706
h1SMcG0014174	-3.23773551977341	0.0170422100145785
h1SMcG0014177	0.122897999744496	0.768884707993493
h1SMcG0014180	0.20893646584784	0.789857362711959
h1SMcG0014182	-0.738157417281566	0.264332405594266
h1SMcG0014183	-1.44515216870025	0.255110379912905
h1SMcG0014186	-0.251531942164165	0.822573065679304
h1SMcG0014191	-0.763467354259867	0.55102362495146
h1SMcG0014193	0.705933639631575	0.382341486348565
h1SMcG0014195	1.24592081029085	0.207611341646302
h1SMcG0014196	0.226973352785412	0.72074610180462
h1SMcG0014197	-0.845790482300085	0.198349550439258
h1SMcG0014199	-0.580893780569458	0.414525473522405
h1SMcG0014201	0.385073148236566	0.7439678611039
h1SMcG0014202	0.628447989794891	0.195772828879526
h1SMcG0014203	-1.62501210538473	0.171684167720047
h1SMcG0014204	-1.87127470465682	0.0942380023050294
h1SMcG0014206	0.26936947063544	0.670207044541707
h1SMcG0014210	-0.213981390749014	0.790481871124144
h1SMcG0014212	1.89634139159448	0.153855912530555
h1SMcG0014214	-0.820263051133756	0.00518359640547111
h1SMcG0014215	-3.44404901786995	0.0038996400828113
h1SMcG0014216	-1.98760777556562	0.101637615876111
h1SMcG0014218	-1.40198861145603	0.00383987335740226
h1SMcG0014219	-0.616649835969924	0.331678878723845
h1SMcG0014220	1.68133243878736	0.0212261354988401
h1SMcG0014221	-1.64741570338123	0.0901696236733128
h1SMcG0014222	-1.84279932978502	0.126194239768425
h1SMcG0014225	-0.560685372632615	0.356405262469811
h1SMcG0014227	-0.711920490855805	0.229435845852599
h1SMcG0014228	-1.3476092371524	0.0740188252270069
h1SMcG0014229	1.7613366632994	0.0513438174543136
h1SMcG0014238	-1.73465608272743	0.00153056196693774
h1SMcG0014239	-0.703541117733138	0.319150869556788
h1SMcG0014240	0.560780535340976	0.217103245074516
h1SMcG0014241	-0.848093084218903	0.477965190348116
h1SMcG0014243	0.731687075519147	0.248389833983367
h1SMcG0014251	-2.09729872886329	0.000936637319958706
h1SMcG0014252	-0.837846486300026	0.386460474035816
h1SMcG0014260	-0.536542508380284	0.318456268144727
h1SMcG0014262	0.123866310261918	0.754861007893386
h1SMcG0014263	1.52380720697137	0.0000912285662899402
h1SMcG0014264	-0.168736447897052	0.769802646809512
h1SMcG0014266	1.33795190011871	0.332325202819523
h1SMcG0014269	-3.37473838451852	0.0000674406663104016
h1SMcG0014274	-0.878291972398099	0.222623232130384
h1SMcG0014275	0.261784263943381	0.885120875774527
h1SMcG0014276	-2.67488933267811	0.0293688320531338
h1SMcG0014277	0.0535034501483954	0.938338930513092
h1SMcG0014285	-1.1013756085064	0.411822597530219
h1SMcG0014286	1.68839454934327	0.000000609366537834707
h1SMcG0014287	1.24574805825116	0.00235016299615588
h1SMcG0014288	0.356569016805245	0.629795509192976
h1SMcG0014289	-0.99450473705174	0.497206632243753
h1SMcG0014293	-1.73167830660538	0.0640838840104115
h1SMcG0014297	-0.674039732345717	0.12338595145833
h1SMcG0014301	1.78241734015577	0.0000000570796929934818
h1SMcG0014302	-0.885173153159674	0.422273995219447
h1SMcG0014303	0.550264385175756	0.603978206128744
h1SMcG0014304	-0.813479498138762	0.521815849189681
h1SMcG0014305	0.269267885452184	0.779104439797786
h1SMcG0014306	1.27226546430704	0.000568239965132288
h1SMcG0014308	-0.0791897046723373	0.910303704041727
h1SMcG0014309	0.206614158640698	0.903494804400544
h1SMcG0014311	-1.99691620405911	0.000822091964886369
h1SMcG0014312	-0.426640974240626	0.68523381973979
h1SMcG0014314	0.425835997389445	0.266698069856396
h1SMcG0014319	-1.01746637558567	0.249390402429297
h1SMcG0014321	-0.346513024953303	0.64168002706225
h1SMcG0014322	-0.278377844715205	0.864536837271631
h1SMcG0014323	0.181209741060514	0.714010937748798
h1SMcG0014324	0.0915543185805178	0.832691758913392
h1SMcG0014325	-0.721766719811676	0.650820658343167
h1SMcG0014326	-0.562204139053225	0.445688271089759
h1SMcG0014327	-2.48366401582987	0.00286604029666048
h1SMcG0014328	-0.324900264923728	0.748740859642554
h1SMcG0014329	1.49786885721637	0.114814375647397
h1SMcG0014330	-1.75440715590096	0.0373953315946447
h1SMcG0014333	-1.03822804655131	0.00929683845550258
h1SMcG0014339	0.281097750966803	0.851983171138899
h1SMcG0014341	-0.843768363542968	0.315676436004878
h1SMcG0014342	0.601344485152033	0.54224958339516
h1SMcG0014346	1.79734647048689	0.0000316304816757989
h1SMcG0014349	-0.16876655732065	0.90810636953233
h1SMcG0014350	0.943353528205828	0.213175395879408
h1SMcG0014354	0.82819912028363	0.00573007369435009
h1SMcG0014355	-1.64330576082556	0.150832834812567
h1SMcG0014356	0.188341808009927	0.690494581736275
h1SMcG0014358	-0.587822431043523	0.372723294801716
h1SMcG0014362	0.221078279456108	0.520231518770915
h1SMcG0014367	-0.457294926708007	0.403630214924718
h1SMcG0014371	0.26856444000186	0.8115507460159
h1SMcG0014372	-0.409470756354181	0.68523381973979
h1SMcG0014373	-1.54897726478083	0.0499266542090054
h1SMcG0014374	0.178051135271534	0.902086483311686
h1SMcG0014375	-0.0149676685576361	0.988529011267848
h1SMcG0014376	0.179235948591916	0.902086483311686
h1SMcG0014377	1.58254300492517	0.00360695258061899
h1SMcG0014381	3.84091503745479	0.0000000000000000000000000000000000000192706910498602
h1SMcG0014383	-1.36710739621363	0.00684202364020562
h1SMcG0014384	-1.51703336640485	0.197597693483186
h1SMcG0014385	-1.17653658610757	0.179683748185559
h1SMcG0014390	-0.168810103771785	0.789427759169908
h1SMcG0014394	-2.09112603184706	0.0513459721273517
h1SMcG0014395	3.14146783235479	0.000000284304988952183
h1SMcG0014401	0.892439767494343	0.272696124447051
h1SMcG0014402	0.753453662268622	0.425023707357986
h1SMcG0014403	-0.64091162066432	0.111222602249497
h1SMcG0014404	-0.524764139561841	0.348761992373851
h1SMcG0014405	-0.708893663322722	0.240425590513444
h1SMcG0014406	0.717102483061443	0.307564408199277
h1SMcG0014407	0.263529726523229	0.89527840459794
h1SMcG0014408	-0.843361374208104	0.157962688027427
h1SMcG0014415	2.49958332413269	0.0000000996817261462592
h1SMcG0014416	-1.43618245331788	0.189804371654649
h1SMcG0014417	-0.692265874267475	0.385791109958208
h1SMcG0014422	-0.18782241306287	0.902655626570077
h1SMcG0014424	-3.51074281463994	0.00453637546296539
h1SMcG0014430	-0.701409605109189	0.114790107232962
h1SMcG0014432	-1.01240552294052	0.403630214924718
h1SMcG0014434	-1.83441106871609	0.00569398749306874
h1SMcG0014436	-0.380761601243715	0.726476106511189
h1SMcG0014438	-0.438396351522751	0.471200200677109
h1SMcG0014439	0.405316103191097	0.691156050393563
h1SMcG0014440	0.253038707032625	0.836084138864443
h1SMcG0014442	0.85959002089934	0.336881006380597
h1SMcG0014443	1.92978976580992	0.00000000103919791050321
h1SMcG0014444	-1.4030906073595	0.365120104159512
h1SMcG0014445	-0.381541102689765	0.719910125031093
h1SMcG0014446	-1.3498072721474	0.144973904234696
h1SMcG0014447	-1.29334605444324	0.0000256036429360279
h1SMcG0014448	-1.33667022264509	0.162992701047964
h1SMcG0014449	1.01935406946276	0.421212656882211
h1SMcG0014453	-1.92947543307171	0.0915902126316554
h1SMcG0014454	-2.30860848808335	0.0276605325744052
h1SMcG0014455	-0.410625234999396	0.718830132218025
h1SMcG0014459	-3.38678760613354	0.0112322147167674
h1SMcG0014461	-1.05686584005809	0.459302660416537
h1SMcG0014464	-3.63698618046982	0.00461836314877154
h1SMcG0014466	3.14787043565373	0.0000000000000125893260072736
h1SMcG0014472	-0.895589739764265	0.191610897846621
h1SMcG0014473	-1.11287854388495	0.0944373921084049
h1SMcG0014474	-1.13310034682746	0.445339503404461
h1SMcG0014475	-1.42819161104633	0.0125027369523628
h1SMcG0014476	0.0205408609459617	0.989522535129625
h1SMcG0014480	0.494893568702009	0.173585066486205
h1SMcG0014481	0.257029708018529	0.836838391260292
h1SMcG0014483	-1.81482305913123	0.101114949186083
h1SMcG0014484	0.696706465586027	0.564589932663109
h1SMcG0014487	-0.526366693947024	0.453906956965554
h1SMcG0014488	-1.77086264690774	0.0238160119433257
h1SMcG0014491	1.54497692937436	0.0000145046815045544
h1SMcG0014493	-2.25653800759612	0.0315271930655628
h1SMcG0014495	0.129771944235066	0.945853168421547
h1SMcG0014497	-0.272103806369004	0.679987095430339
h1SMcG0014498	0.576922802859813	0.284003078414768
h1SMcG0014503	-0.775682162494808	0.362186704891864
h1SMcG0014505	-1.39213912235904	0.00000481940243939549
h1SMcG0014506	-0.119553311914796	0.829787113764409
h1SMcG0014508	-0.212519728401371	0.653885468603752
h1SMcG0014511	-0.550221545424385	0.37671456440118
h1SMcG0014512	-0.351071363992493	0.71573981574241
h1SMcG0014516	-0.30743199533684	0.827302409571378
h1SMcG0014521	-0.920440316041474	0.582112278433755
h1SMcG0014522	-0.948105026031991	0.135026153446336
h1SMcG0014523	-0.34377341825988	0.691109637156453
h1SMcG0014524	1.07414402584937	0.276994233410208
h1SMcG0014525	-0.968986802876593	0.0888375560177019
h1SMcG0014527	0.485328309732387	0.451483839662545
h1SMcG0014530	-2.67588736168162	0.0000862753656529921
h1SMcG0014531	-1.71079306704659	0.0248754209539743
h1SMcG0014535	-1.12877528748832	0.207020887736261
h1SMcG0014536	-0.943545312136293	0.0106357297904179
h1SMcG0014540	-1.93588466895625	0.0845574133345586
h1SMcG0014541	0.502767750278967	0.252920450281863
h1SMcG0014544	0.226069521027297	0.651909075887975
h1SMcG0014545	-0.598809566442442	0.330825855485339
h1SMcG0014546	-0.678814127410106	0.619350484930591
h1SMcG0014547	0.890894938062671	0.165243464347381
h1SMcG0014548	-2.06855484073577	0.100123266919558
h1SMcG0014550	1.25426206895679	0.0522410613053104
h1SMcG0014551	0.639818457159927	0.541618263790389
h1SMcG0014556	-1.77889864879255	0.118503592239432
h1SMcG0014558	0.445347945255727	0.426668500548769
h1SMcG0014560	0.173872073815719	0.766288799053592
h1SMcG0014561	1.18563171316655	0.300889430082187
h1SMcG0014563	0.528343334597538	0.490334589262911
h1SMcG0014565	-0.214721398519698	0.67336331012967
h1SMcG0014569	0.231875199970476	0.53164531756902
h1SMcG0014570	-2.55426722070089	0.011419599364765
h1SMcG0014571	0.434716841964932	0.590175151538659
h1SMcG0014572	-2.85325991642691	0.0342031417985424
h1SMcG0014579	-2.55343252683677	0.0681223106014667
h1SMcG0014581	-2.09987551665604	0.0495023238570235
h1SMcG0014584	0.797208790788806	0.102566390296375
h1SMcG0014585	-1.28399217489315	0.291870242385502
h1SMcG0014588	0.416934295241092	0.588251206955639
h1SMcG0014589	-2.86872842664092	0.0266026999704464
h1SMcG0014590	0.152028870276985	0.82027222406075
h1SMcG0014592	-1.43137293754057	0.00197408167502848
h1SMcG0014596	2.87262542777677	0.000000000000757663952498126
h1SMcG0014597	0.34249352918519	0.598789481691231
h1SMcG0014598	0.608356958596603	0.469366628795914
h1SMcG0014599	-0.782568667479844	0.559737791744793
h1SMcG0014600	0.665235680160009	0.676258389296506
h1SMcG0014602	0.554878799326374	0.213911647844411
h1SMcG0014604	-0.556978544384113	0.33517033913425
h1SMcG0014608	-0.348160291576263	0.465209924157669
h1SMcG0014609	-2.87498154318424	0.0187815890653808
h1SMcG0014614	0.186019587115368	0.693829207170549
h1SMcG0014617	-1.14672753254229	0.311899143669741
h1SMcG0014619	0.465112238720187	0.50259516072668
h1SMcG0014620	-1.35646542276594	0.323484723891047
h1SMcG0014622	-1.92449749829468	0.00493963262888527
h1SMcG0014624	-0.660137494835653	0.521815849189681
h1SMcG0014626	1.06660424122506	0.426194642978491
h1SMcG0014628	0.450824173184032	0.718077285115479
h1SMcG0014630	-1.2846091064681	0.0533987127355204
h1SMcG0014634	-1.4874310007789	0.257687682591808
h1SMcG0014637	-1.09289065525324	0.162865755457715
h1SMcG0014640	-0.468623587808663	0.592178302651729
h1SMcG0014645	-0.667593851180796	0.475586379744221
h1SMcG0014647	-0.663755585981345	0.491524474154464
h1SMcG0014650	-2.41215592306713	0.0929056394950252
h1SMcG0014651	-1.1621406876062	0.322245072337693
h1SMcG0014652	-0.148223490192886	0.904511782720908
h1SMcG0014653	-0.581525493919929	0.173978524686796
h1SMcG0014655	1.23413596422325	0.0039769654912921
h1SMcG0014656	0.85555067758656	0.221225442642784
h1SMcG0014657	0.0436321097213983	0.942025462002555
h1SMcG0014659	0.210995528716512	0.905878661303953
h1SMcG0014660	0.520258935785574	0.0423034444774287
h1SMcG0014663	-0.694941009360333	0.0888375560177019
h1SMcG0014666	-1.30940691127151	0.0973813977850586
h1SMcG0014667	-3.59528626971802	0.0000155838672133625
h1SMcG0014669	0.501556633982648	0.746487340506064
h1SMcG0014671	-3.18105970290078	0.00000357147824099131
h1SMcG0014681	0.68612770810279	0.42823311566298
h1SMcG0014685	-0.331794331188722	0.623209259293968
h1SMcG0014686	-2.79575345084257	0.0400515078919368
h1SMcG0014687	-1.74031589491766	0.00291111523879574
h1SMcG0014690	-1.32002867854118	0.162888226928505
h1SMcG0014691	0.0612092224666404	0.972421491895434
h1SMcG0014692	-0.966040163983116	0.0000165107832047514
h1SMcG0014693	-0.408846474033241	0.669456012257859
h1SMcG0014697	-1.23527069830838	0.106040952152583
h1SMcG0014700	-2.11653390268589	0.119028811483101
h1SMcG0014701	-0.250410597892934	0.794590023057476
h1SMcG0014702	-0.588158154153225	0.186621286393279
h1SMcG0014703	-1.64288531591845	0.266342035786773
h1SMcG0014704	-0.224782868638891	0.837091142294352
h1SMcG0014710	-0.964236697047139	0.552221617160037
h1SMcG0014711	1.01183820947184	0.045536288870928
h1SMcG0014712	-3.81970297753187	0.000735342634154463
h1SMcG0014716	-3.23188680154382	0.0062300576753213
h1SMcG0014725	-0.776968408682429	0.0107298033385809
h1SMcG0014726	-0.825695041615941	0.491867202436442
h1SMcG0014727	-1.24549283520515	0.436532814635388
h1SMcG0014728	-1.1147525138199	0.118503592239432
h1SMcG0014731	0.552879767008203	0.460693086948822
h1SMcG0014733	0.944728768353086	0.213802405417838
h1SMcG0014737	-1.37699148145143	0.31403937646524
h1SMcG0014742	-2.34926338620293	0.105677602983004
h1SMcG0014743	2.94467242724375	0.00000000000000591392558218502
h1SMcG0014744	0.698599812458173	0.252785577512905
h1SMcG0014745	-0.131597938328945	0.789857362711959
h1SMcG0014747	0.669118429682581	0.0477708611671073
h1SMcG0014748	-0.411214999858736	0.394781666553233
h1SMcG0014749	0.624935416248763	0.662328989639443
h1SMcG0014751	-1.11860387116699	0.00307962741319922
h1SMcG0014757	-1.99560203593142	0.102938783262235
h1SMcG0014759	-0.911930039004213	0.163123228121161
h1SMcG0014762	0.703119452814388	0.334775193474755
h1SMcG0014763	-4.14378790841218	0.000619733904018241
h1SMcG0014764	-0.895126764976749	0.257094759682459
h1SMcG0014766	-1.43509976550189	0.330158073583694
h1SMcG0014768	-0.652665706080251	0.554808176462672
h1SMcG0014769	-2.31959360030081	0.106958707260625
h1SMcG0014777	-1.03276158713443	0.17651007125321
h1SMcG0014778	-2.88189278532675	0.0289361555816644
h1SMcG0014782	4.26827867953274	0.0000000000000000360973609036762
h1SMcG0014784	0.240957843004555	0.557532996372622
h1SMcG0014785	-2.19140224947495	0.0202755624210765
h1SMcG0014787	-0.664616878652479	0.669081366845932
h1SMcG0014788	-1.11095931001268	0.0357157481625724
h1SMcG0014789	1.79576149975498	0.0000000213717263360121
h1SMcG0014795	-1.31554940135321	0.258956863666699
h1SMcG0014796	0.449242792754731	0.741252809813252
h1SMcG0014799	-2.42688537650298	0.0904221960919095
h1SMcG0014803	-2.55749710802603	0.067859417973491
h1SMcG0014804	0.168075627899168	0.804510304174108
h1SMcG0014805	1.14017613972813	0.0318037191940625
h1SMcG0014807	-0.137358286571315	0.827302409571378
h1SMcG0014808	-0.265204667099069	0.656112259358417
h1SMcG0014809	-0.674614834452065	0.354909509352766
h1SMcG0014810	1.72001893565566	0.100170149923157
h1SMcG0014812	0.343809623932325	0.748235345199987
h1SMcG0014813	1.23607403768348	0.00000167207604730141
h1SMcG0014814	-2.36204279789418	0.102990964976702
h1SMcG0014815	-0.610387584934106	0.365450504742014
h1SMcG0014816	0.00523761148455996	0.997389788034781
h1SMcG0014818	-1.65215251101356	0.304162165092413
h1SMcG0014820	-0.977721203987425	0.551006806999447
h1SMcG0014821	-2.84591839293651	0.00133201088828091
h1SMcG0014822	-1.94191135175431	0.0257985129803947
h1SMcG0014826	0.953908603275563	0.048719170996823
h1SMcG0014827	1.55712599505131	0.0395015643616618
h1SMcG0014829	2.74328038108286	0.000344096423368177
h1SMcG0014831	-0.618317672133525	0.423226368540633
h1SMcG0014832	0.0124654069888635	0.995359274463544
h1SMcG0014835	-1.69185424073276	0.0161104874429424
h1SMcG0014836	-0.470556022369539	0.618998904494706
h1SMcG0014837	-0.711681166448441	0.342099585606728
h1SMcG0014842	-3.89221356816128	0.0011725952668894
h1SMcG0014846	-2.18678396004209	0.000000000000123025262386892
h1SMcG0014848	-0.014116928698788	0.992826268240402
h1SMcG0014849	-1.92479647889212	0.0000000000263748039211365
h1SMcG0014850	-0.0556342310639275	0.90727931933929
h1SMcG0014854	2.86312959137262	0.0000000021612231801787
h1SMcG0014855	-0.120082331949376	0.903563809672695
h1SMcG0014856	1.11949026239308	0.095092262432522
h1SMcG0014857	3.25849560852948	0.00026081622327009
h1SMcG0014864	-1.00024833396097	0.354982188472439
h1SMcG0014866	-1.38056381646993	0.193508252234213
h1SMcG0014868	-0.189016979638511	0.842403909806257
h1SMcG0014869	0.495608220479248	0.598289623256082
h1SMcG0014871	-0.281219808066925	0.832172520785684
h1SMcG0014873	-0.463696669550734	0.620635346853035
h1SMcG0014874	-0.211990459013241	0.814576281097452
h1SMcG0014875	-0.845349754039687	0.226819247731193
h1SMcG0014878	0.858534092219878	0.298656993967314
h1SMcG0014881	-3.11992295443317	0.0246618792539969
h1SMcG0014883	-1.35708854843721	0.347737513783741
h1SMcG0014886	0.475285302136532	0.593230404911955
h1SMcG0014892	-0.114942932100028	0.828112196148469
h1SMcG0014893	0.0427797782718899	0.970273094322559
h1SMcG0014895	-0.557882353527481	0.376459183003496
h1SMcG0014897	-0.761397426140625	0.624088742085737
h1SMcG0014899	0.896599140170396	0.356708002951974
h1SMcG0014902	-3.40746663163721	0.00512028606754523
h1SMcG0014905	-0.509932107471188	0.144300168519743
h1SMcG0014906	0.908296145405431	0.0807602487226406
h1SMcG0014908	-0.658570195845912	0.326186053038967
h1SMcG0014909	-0.0646882069983074	0.915132157391654
h1SMcG0014910	-0.258140813585359	0.779425034903248
h1SMcG0014915	-0.838122214149543	0.109635676467406
h1SMcG0014919	-0.559349760932001	0.725907310007532
h1SMcG0014922	1.87221299290656	0.0000000129763926101937
h1SMcG0014924	-0.277312952575774	0.832059691646087
h1SMcG0014925	1.47176061420164	0.143940149753127
h1SMcG0014926	0.364855423886103	0.556992138797883
h1SMcG0014927	-1.33260704153093	0.0000000847388037617689
h1SMcG0014931	1.00865529397076	0.447262702972299
h1SMcG0014933	-1.4665679217331	0.342365137149335
h1SMcG0014934	-0.653393919634764	0.675346024000952
h1SMcG0014936	0.940180085579801	0.585812903042792
h1SMcG0014938	-1.04482807613778	0.0100273595156405
h1SMcG0014941	-1.84080243207801	0.00307060285100893
h1SMcG0014943	0.551448348904717	0.443114687656897
h1SMcG0014946	-0.742202857812392	0.430404892627878
h1SMcG0014949	1.06217123993501	0.0685096103591078
h1SMcG0014950	-1.41975892242166	0.112037432766846
h1SMcG0014954	0.760858394620536	0.368374259762398
h1SMcG0014956	-0.452978288845039	0.773247822752327
h1SMcG0014957	-0.614388109978014	0.298728084619885
h1SMcG0014959	-0.840308079210574	0.283667715707422
h1SMcG0014961	0.0491386162197715	0.893914306362738
h1SMcG0014963	-1.34040482752129	0.0000000279459652054875
h1SMcG0014965	-0.791080974619033	0.619147760865
h1SMcG0014968	-0.952257867148669	0.530856144325272
h1SMcG0014971	1.28967707936273	0.0210093601816189
h1SMcG0014974	-0.635898359767837	0.419922106466544
h1SMcG0014979	-2.99483212109816	0.0362364642752554
h1SMcG0014981	-0.395169163003737	0.495598520750225
h1SMcG0014982	-0.500498727314942	0.281248609462131
h1SMcG0014983	-0.506167227359334	0.537024225246476
h1SMcG0014986	-0.826343549806975	0.0106350933651632
h1SMcG0014987	1.2635927258393	0.219890415367617
h1SMcG0014990	-1.61207050376515	0.0195277670876669
h1SMcG0014991	-2.76659922054657	0.0453650635749064
h1SMcG0014995	0.702858813868227	0.613341280171679
h1SMcG0014996	-1.37084343140667	0.385791109958208
h1SMcG0015000	-0.451757505035738	0.588328838574284
h1SMcG0015001	-0.296383974422101	0.829723515306958
h1SMcG0015002	-1.2573635754153	0.420198575807023
h1SMcG0015003	-2.4771370068764	0.000100366954202247
h1SMcG0015004	4.19925457090351	0.000000000000000000000000543666864069131
h1SMcG0015005	-3.54119772148977	0.00206966280257349
h1SMcG0015006	-0.683061767113775	0.0792066341664946
h1SMcG0015007	0.193621981261106	0.827643124784735
h1SMcG0015009	-0.235517089224769	0.763344701430785
h1SMcG0015011	-0.0629893225913575	0.923988222335872
h1SMcG0015015	2.89566481032154	0.0000000000515027905842251
h1SMcG0015016	-0.914433735833401	0.011419599364765
h1SMcG0015018	-0.340415304132798	0.346907332882793
h1SMcG0015019	0.72703765707745	0.517848911236587
h1SMcG0015020	0.666200844266975	0.167423075455883
h1SMcG0015021	-1.4017708014797	0.0286550714544653
h1SMcG0015024	-3.2074078795551	0.000735342634154463
h1SMcG0015027	-0.116171476235137	0.900825518882607
h1SMcG0015030	-1.26279935937751	0.00227554995827012
h1SMcG0015031	-0.994442085375011	0.311899143669741
h1SMcG0015032	-0.409306499626533	0.793841109406542
h1SMcG0015033	0.893132120805637	0.10105136842435
h1SMcG0015034	1.49962489809108	0.634352112353372
h1SMcG0015041	-0.435552105163112	0.402026925137478
h1SMcG0015042	1.61979128950923	0.0715349844100345
h1SMcG0015043	-0.0383567314947528	0.961363751101128
h1SMcG0015045	-0.240317334809343	0.620212813474335
h1SMcG0015046	-1.05865609314045	0.411822597530219
h1SMcG0015049	-0.637615183713527	0.580790332986091
h1SMcG0015050	-0.334413275280166	0.824250787352743
h1SMcG0015051	-0.509986625573182	0.628139809165204
h1SMcG0015052	-1.03419474045305	0.5370302378938
h1SMcG0015054	0.0423697978515648	0.978114181638736
h1SMcG0015056	0.869447318117863	0.306662111393184
h1SMcG0015058	0.468813699457553	0.411444416447486
h1SMcG0015060	0.210231304600243	0.766499310662164
h1SMcG0015062	-1.19651384650129	0.36246360962244
h1SMcG0015064	0.693298175860218	0.0562724540667785
h1SMcG0015066	0.115936298573781	0.930453006703043
h1SMcG0015068	0.878563659498392	0.0743520060806947
h1SMcG0015070	-0.824402196128177	0.125076042180113
h1SMcG0015072	-3.21000602667623	0.0188622947153533
h1SMcG0015073	-1.02652064677704	0.486368131251706
h1SMcG0015077	-0.429658059933937	0.392537737629409
h1SMcG0015078	0.546915931277976	0.241845877312866
h1SMcG0015081	0.00479087081679038	0.99765426936709
h1SMcG0015083	-0.821711755977556	0.19695295092632
h1SMcG0015084	0.505254264576471	0.662528322007913
h1SMcG0015087	-1.37423939854506	0.00042786783425961
h1SMcG0015088	0.239991003430292	0.84460665833639
h1SMcG0015092	-0.422298789683193	0.456200190161453
h1SMcG0015097	-4.09699978933977	0.000752874862200345
h1SMcG0015099	0.158790948179476	0.813081918948214
h1SMcG0015102	-3.93540178688233	0.000233368328030671
h1SMcG0015103	0.51545171501571	0.620181545265603
h1SMcG0015104	-0.184251117875536	0.720071111619889
h1SMcG0015106	-0.314166331414414	0.697679661865635
h1SMcG0015107	0.0609400027186755	0.974670507849907
h1SMcG0015109	0.332812878687187	0.590449620486268
h1SMcG0015110	-0.372050167692551	0.573703083243235
h1SMcG0015111	0.113003421511015	0.952021162518952
h1SMcG0015114	0.553904460280159	0.254633736796497
h1SMcG0015115	1.63531736089428	0.112542143797705
h1SMcG0015118	2.8710450422234	0.0000000000014834353724755
h1SMcG0015123	-1.79289610421499	0.0684363844984265
h1SMcG0015125	-1.28432618342846	0.361573614211404
h1SMcG0015126	-0.755922728987137	0.140529444983146
h1SMcG0015127	-2.48803873336515	0.0022728709762011
h1SMcG0015128	1.69760813107133	0.00042828247403586
h1SMcG0015130	-0.0377479254806932	0.971579492427191
h1SMcG0015136	-1.2559079324627	0.0560293615511947
h1SMcG0015138	-0.723289201350625	0.42603937290688
h1SMcG0015140	-1.19931732622072	0.378941453412862
h1SMcG0015143	0.560039234852093	0.403630214924718
h1SMcG0015144	0.982023572151416	0.400267434270711
h1SMcG0015147	5.92301615463906	0.00000000000000000000000000000000000000000000411847966641429
h1SMcG0015149	1.5345016319368	0.16330796054401
h1SMcG0015151	-1.70944929528464	0.00588087149221975
h1SMcG0015153	-0.412720345538708	0.419922106466544
h1SMcG0015154	1.20092065923006	0.154282282816648
h1SMcG0015155	0.64653175537207	0.100402165084665
h1SMcG0015157	0.984963753488685	0.0481237216227946
h1SMcG0015159	1.3416177360357	0.00888692904509538
h1SMcG0015160	-2.67622870587203	0.0767580114456266
h1SMcG0015161	2.08264358418732	0.0170286374093057
h1SMcG0015164	0.520235319131053	0.180565190023992
h1SMcG0015165	-0.0510641833214928	0.942025462002555
h1SMcG0015166	-0.929493026395642	0.230713075836884
h1SMcG0015168	0.442896885060025	0.620181545265603
h1SMcG0015169	2.88616085466072	0.00000000115142311625162
h1SMcG0015170	-0.050618299462274	0.952113446921862
h1SMcG0015172	-0.114745479211196	0.946727398173711
h1SMcG0015174	-4.35107022213659	0.000000000000236489394596213
h1SMcG0015183	0.293948281459074	0.744445574396675
h1SMcG0015191	0.365978148633914	0.731939162624267
h1SMcG0015193	-2.70762804370074	0.00139264492160473
h1SMcG0015194	2.10560926246067	0.000167835678087822
h1SMcG0015198	-0.722301677795807	0.601052395365861
h1SMcG0015199	-0.031859619716335	0.977598660313287
h1SMcG0015201	-1.4187886959392	0.340517162160326
h1SMcG0015203	1.11276275157451	0.448382068781904
h1SMcG0015204	-1.59010950342028	0.0022165934286974
h1SMcG0015207	-0.634846936132329	0.288702578197729
h1SMcG0015208	-0.0331237257004626	0.979826347265129
h1SMcG0015210	-0.26891463269651	0.680846181601292
h1SMcG0015211	-1.10262507237819	0.444075249061254
h1SMcG0015212	1.34544910493255	0.052912876359632
h1SMcG0015213	-0.272560901665055	0.881798940967062
h1SMcG0015217	-0.585129087292778	0.194916229230733
h1SMcG0015219	-0.998579158621475	0.398183897919034
h1SMcG0015220	0.357286361194458	0.271669266208138
h1SMcG0015223	-1.5457518871368	0.065973984427796
h1SMcG0015224	-0.764122331886468	0.0783704483755893
h1SMcG0015225	1.92061231908413	0.0000232565094868936
h1SMcG0015226	-1.76137419453652	0.00348570146620551
h1SMcG0015228	-0.734095817101936	0.399966320106989
h1SMcG0015229	2.50911872093694	0.00000000000000000686185060969581
h1SMcG0015235	-0.180521812235864	0.90620038356991
h1SMcG0015236	0.980891835396968	0.0106333463401364
h1SMcG0015237	0.435554823287999	0.611655531221266
h1SMcG0015239	-0.363186708171241	0.72529728190451
h1SMcG0015240	-1.79652943854348	0.000263782236200998
h1SMcG0015241	1.10968808998164	0.106730077817738
h1SMcG0015243	-0.191937930376848	0.919447126363836
h1SMcG0015247	-1.088355648526	0.0152090560142185
h1SMcG0015257	-2.0085620028983	0.190116724829177
h1SMcG0015258	-0.798128045755034	0.159052199734559
h1SMcG0015259	-1.11700603527698	0.111549043126717
h1SMcG0015266	-0.284081898037809	0.515766644616168
h1SMcG0015270	-0.781683505535753	0.220725461586948
h1SMcG0015272	1.399502075194	0.0515091317504534
h1SMcG0015273	0.956339703820139	0.000445973531630132
h1SMcG0015274	0.191786426476686	0.774045320493823
h1SMcG0015275	-0.14972654979822	0.854566862168814
h1SMcG0015279	0.533035324883287	0.569228436006708
h1SMcG0015280	-2.1928869795297	0.0769276614926249
h1SMcG0015281	2.93786233165918	0.000180179003238154
h1SMcG0015282	0.916368718596947	0.361599510136902
h1SMcG0015285	0.539978475454378	0.702057565012386
h1SMcG0015286	-0.423885037048152	0.626644820561221
h1SMcG0015288	-1.86668359171171	0.0000211664047861615
h1SMcG0015289	-0.915064507055639	0.00789337525654145
h1SMcG0015294	0.237136784275349	0.659236700272959
h1SMcG0015298	0.350573052807917	0.756636093068501
h1SMcG0015299	0.193658604462174	0.801528218873389
h1SMcG0015301	-1.31004342942337	0.229739224320977
h1SMcG0015302	0.0445184105917638	0.942851767984629
h1SMcG0015303	-1.17537466885264	0.341906839529715
h1SMcG0015305	-1.65961212065369	0.202496968874241
h1SMcG0015306	0.593063421181845	0.168451028496224
h1SMcG0015310	-2.02932055249192	0.187915322612809
h1SMcG0015311	-3.2935396567511	0.000325720019198683
h1SMcG0015319	-0.16370989571565	0.883956242394445
h1SMcG0015320	0.228187863396089	0.906886560991701
h1SMcG0015323	0.679191914727338	0.524952765949131
h1SMcG0015324	-1.14373956779373	0.235554440881417
h1SMcG0015329	0.0712551817034491	0.90810636953233
h1SMcG0015330	-1.83994031484062	0.0000185267153573266
h1SMcG0015332	-0.664088624481731	0.316525740776783
h1SMcG0015333	0.162330619448202	0.649612056467677
h1SMcG0015336	0.321167111802444	0.78450513748515
h1SMcG0015337	0.855521624911169	0.540337774509028
h1SMcG0015339	3.0151338793843	0.00310828970557562
h1SMcG0015342	-0.381861397118914	0.475437358558768
h1SMcG0015344	-0.487956197563155	0.763344701430785
h1SMcG0015346	-1.15121970315389	0.00103909739765071
h1SMcG0015348	-0.51325002965701	0.539317577364049
h1SMcG0015350	2.5918085711891	0.0000529362711673922
h1SMcG0015351	-0.0693711279397412	0.949678409748137
h1SMcG0015352	-1.14938980447382	0.199128790147356
h1SMcG0015354	-2.77802496345087	0.0042563198665659
h1SMcG0015356	4.70855697266381	0.00000000000120453020591513
h1SMcG0015357	5.30571860956255	0.0000000000000000000000000266779639838411
h1SMcG0015358	2.02302608402212	0.000000000084708211906305
h1SMcG0015360	8.34503137605073	0.0000000000000000000000000000000000000000000000000000000000000000000000000000000000000000000000000430713809336681
h1SMcG0015361	8.30731048045159	0.0000000000000000000000000000000000000000000216946325391857
h1SMcG0015365	-0.731726602127944	0.645301574013315
h1SMcG0015369	-0.850387985404959	0.519702524381659
h1SMcG0015371	-1.01732226979396	0.297492896882888
h1SMcG0015374	0.717479379978685	0.365745440119606
h1SMcG0015377	0.00663491791644118	0.989188203991086
h1SMcG0015378	0.218436330263601	0.699760190281383
h1SMcG0015379	-0.506692732641153	0.741825395774103
h1SMcG0015383	-1.72395085656739	0.00353329681476925
h1SMcG0015386	-1.8932576648893	0.202153478623605
h1SMcG0015389	-0.958305180135909	0.284985405278491
h1SMcG0015392	-1.23947769391077	0.0518393582040415
h1SMcG0015395	1.43122279517927	0.289560828369193
h1SMcG0015396	-1.54583675883389	0.235554440881417
h1SMcG0015397	-0.615600348091311	0.0669422969941796
h1SMcG0015399	0.314640991631206	0.745427159142067
h1SMcG0015403	-0.107107009112437	0.79863995454481
h1SMcG0015404	-2.1435029024057	0.0000000000000347876981633759
h1SMcG0015405	-2.35179946758007	0.0959105850013315
h1SMcG0015412	-4.40490845352135	0.000174026932811393
h1SMcG0015413	0.33520480150752	0.816764510375501
h1SMcG0015414	-2.23934652627872	0.0532055135768194
h1SMcG0015417	1.16384154880562	0.359800707854102
h1SMcG0015418	-1.21347600759377	0.432352152965251
h1SMcG0015420	2.11369629612683	0.0907242460332975
h1SMcG0015421	-1.34934213967372	0.0742318046244434
h1SMcG0015422	0.913901573956181	0.00345809203186355
h1SMcG0015425	2.04348765350262	0.00436805030986079
h1SMcG0015426	-0.0991568108586865	0.871728947414337
h1SMcG0015427	-0.325858232258263	0.387507617849175
h1SMcG0015430	1.06345677850248	0.179054248671679
h1SMcG0015431	2.61418630160247	0.000138167672248903
h1SMcG0015432	-1.88361241825825	0.00653723036178779
h1SMcG0015433	1.28785723587502	0.00000120968903573814
h1SMcG0015434	-2.63839134454639	0.0348534602880676
h1SMcG0015437	-0.825965403175033	0.235234726229191
h1SMcG0015438	2.67354044758022	0.00000000112937650695604
h1SMcG0015443	-0.727373376660703	0.325911954340997
h1SMcG0015447	-0.950477878430864	0.585812903042792
h1SMcG0015448	-1.32480680706477	0.0889070245702541
h1SMcG0015449	-1.99363748134688	0.00200124436524564
h1SMcG0015451	0.489831352015096	0.754809569031981
h1SMcG0015452	-1.24140056551559	0.00673283870531692
h1SMcG0015455	0.596839369234806	0.630704458463346
h1SMcG0015457	-0.495240935518539	0.477175810305702
h1SMcG0015458	-2.42730087119798	0.0892196043488303
h1SMcG0015463	-1.65613115326832	0.231899829250724
h1SMcG0015477	0.881907071947038	0.411147330449701
h1SMcG0015479	-0.710740479691732	0.524036972486161
h1SMcG0015481	0.157943855718994	0.888596643523424
h1SMcG0015484	0.313649116836537	0.780438172601721
h1SMcG0015485	-1.03115155166719	0.464639251330135
h1SMcG0015486	-1.25855516181609	0.170770404569048
h1SMcG0015487	0.905467363206308	0.231937756238097
h1SMcG0015491	0.593260526192499	0.436891519319404
h1SMcG0015492	0.505215926660335	0.732498397903649
h1SMcG0015493	-0.209366957414629	0.827770494628955
h1SMcG0015494	0.539842935576575	0.24636056778238
h1SMcG0015495	1.93990577909225	0.00266471448180468
h1SMcG0015496	0.599071172707317	0.116475811908061
h1SMcG0015497	-0.844778703923122	0.180974216716767
h1SMcG0015499	0.42026183778465	0.231784867233771
h1SMcG0015501	-0.715463447188952	0.416535040534592
h1SMcG0015502	-0.508670771849436	0.315467300047049
h1SMcG0015504	1.67951075619263	0.0000000603951622990498
h1SMcG0015505	0.603316329268109	0.335964981500515
h1SMcG0015506	-1.08591071088329	0.507853952892198
h1SMcG0015510	3.69396265635782	0.0000000000000000535934769929694
h1SMcG0015514	0.233772413169045	0.813143733435709
h1SMcG0015516	-0.844267615135115	0.196746439979664
h1SMcG0015517	-1.17748129360016	0.285066392760725
h1SMcG0015519	-0.85897567494282	0.271637930748131
h1SMcG0015520	-2.00144204674861	0.0986241671168923
h1SMcG0015526	0.277224026827479	0.538269957486305
h1SMcG0015527	-0.616240965198066	0.365757621326624
h1SMcG0015529	-0.865310324309846	0.102678821645441
h1SMcG0015530	-0.731180038416528	0.535333212947913
h1SMcG0015532	-0.842001126058421	0.282913649396031
h1SMcG0015534	0.265430711484384	0.735795668687054
h1SMcG0015537	-1.50087396107411	0.0011647067650988
h1SMcG0015538	-0.248749979600637	0.861818911678829
h1SMcG0015540	-1.41802156292809	0.310395114167312
h1SMcG0015541	-0.181539534970219	0.744193578700612
h1SMcG0015543	-0.156534209759373	0.744009257138526
h1SMcG0015544	1.95210949325867	0.0857433197011144
h1SMcG0015545	-0.516062421484629	0.594639851356645
h1SMcG0015546	0.033242028312398	0.972495220755396
h1SMcG0015551	1.1914044582644	0.0264681859923697
h1SMcG0015553	-1.3081926147821	0.408964962004381
h1SMcG0015554	-1.59261866881364	0.00843097556775538
h1SMcG0015555	-0.21704996837902	0.532653441431173
h1SMcG0015557	-1.09211883827765	0.0117768682483943
h1SMcG0015560	1.12037216633661	0.116724838909439
h1SMcG0015561	-0.789012313008595	0.045315995614318
h1SMcG0015563	-0.72185822757542	0.546431400531491
h1SMcG0015564	-0.445686793843198	0.398450890114182
h1SMcG0015565	2.16660328784972	0.0000000000125144385722956
h1SMcG0015568	1.90732887526474	0.108108934729912
h1SMcG0015570	0.425445194163614	0.417045468235142
h1SMcG0015571	0.21455942319167	0.902086483311686
h1SMcG0015574	-1.05128937140683	0.232228332988526
h1SMcG0015577	0.0300468451607569	0.959122956087009
h1SMcG0015578	-0.22363214405684	0.813143733435709
h1SMcG0015579	0.0792302078716291	0.949400472165693
h1SMcG0015580	1.42040504983969	0.097281447407796
h1SMcG0015585	-0.996477359090633	0.0373953315946447
h1SMcG0015587	-1.0330313298521	0.46082802103419
h1SMcG0015588	-0.794662552412761	0.406062706868123
h1SMcG0015593	-0.283046365955924	0.644304526227651
h1SMcG0015595	0.990142973608967	0.0592338779194846
h1SMcG0015596	-0.0111383730574921	0.980572161220347
h1SMcG0015598	0.219605659304215	0.630704458463346
h1SMcG0015600	0.266971264768828	0.562912379527886
h1SMcG0015603	-0.61272546913397	0.633745962493693
h1SMcG0015604	0.208790561235974	0.658279797627635
h1SMcG0015605	0.710604940736639	0.0865464203486723
h1SMcG0015606	-2.67361672847791	0.0507170025459346
h1SMcG0015607	-1.63536612265143	0.0487971805468809
h1SMcG0015608	-1.07691177989564	0.00118510094963943
h1SMcG0015609	-1.01711733693995	0.172586409754102
h1SMcG0015610	0.745544580477681	0.572475169607909
h1SMcG0015612	1.9677272856086	0.0000248926366148951
h1SMcG0015613	-1.86028447434077	0.059097562644536
h1SMcG0015615	0.143819069922174	0.936115225873329
h1SMcG0015616	-3.24033574286506	0.0001446509614264
h1SMcG0015617	-2.4755450362228	0.0299199812127696
h1SMcG0015621	-0.910449857326011	0.0713342448583083
h1SMcG0015623	0.0838037313748029	0.953614826979926
h1SMcG0015625	-1.72758238089086	0.279122389800306
h1SMcG0015627	-0.977416821444711	0.495270916968227
h1SMcG0015630	-1.89897410023232	0.0177148210218541
h1SMcG0015631	-2.5169014817698	0.0466551234624978
h1SMcG0015643	-0.270287076240178	0.679135248035156
h1SMcG0015644	-0.702179522025429	0.418937446060857
h1SMcG0015645	-0.0184019331756594	0.98139834834516
h1SMcG0015646	-1.51610839393321	0.145977413769499
h1SMcG0015647	-0.802246646283945	0.600333971244916
h1SMcG0015648	-0.563574467765112	0.598925590842484
h1SMcG0015651	0.533099381049755	0.424155555693302
h1SMcG0015656	0.221938635605343	0.713302942422966
h1SMcG0015658	-2.66358596238048	0.00553467669798503
h1SMcG0015659	-1.22291606126101	0.429551821683458
h1SMcG0015660	-0.678421512027667	0.550298572340718
h1SMcG0015661	-0.321511453861976	0.480778591320861
h1SMcG0015662	-0.899218169072896	0.0831240403885504
h1SMcG0015663	3.03488403504846	0.00000000000230033959695664
h1SMcG0015665	-0.272440525955875	0.705896131123201
h1SMcG0015666	-3.35942156272925	0.0123356300700293
h1SMcG0015668	0.331155682784282	0.615293316355238
h1SMcG0015670	-0.525757227057105	0.293853241267415
h1SMcG0015671	-0.0382103517414463	0.969428185615628
h1SMcG0015674	-0.725107187797846	0.49900589778074
h1SMcG0015675	0.164331644697977	0.927938801865313
h1SMcG0015678	0.195079719828281	0.725958176514873
h1SMcG0015679	0.500944422312185	0.688905680892071
h1SMcG0015682	0.682043628047495	0.0903105288611738
h1SMcG0015684	0.439342749145389	0.761983106476951
h1SMcG0015688	0.523175859788783	0.197277464241734
h1SMcG0015689	0.934281335036219	0.185260772020175
h1SMcG0015691	-0.956617806377238	0.411444416447486
h1SMcG0015694	0.0475346793798763	0.978525260960191
h1SMcG0015695	-1.10020360935152	0.381659003555069
h1SMcG0015697	-1.83798140537811	0.0138462168888226
h1SMcG0015698	-0.627397525111229	0.191897379766663
h1SMcG0015699	1.81658168232104	0.0212330904092025
h1SMcG0015700	0.448328957216523	0.284318146073917
h1SMcG0015704	1.33037955511068	0.125048347454144
h1SMcG0015705	-0.372094088657934	0.664057652805921
h1SMcG0015706	-1.77872255859517	0.0367829788265359
h1SMcG0015707	3.93715132500959	0.000000000000311467199448614
h1SMcG0015709	0.174266226151129	0.757265203431194
h1SMcG0015712	1.22296955263778	0.0230094575679724
h1SMcG0015713	1.41218200959632	0.0000366352436648586
h1SMcG0015714	1.73394756024841	0.000428230708303696
h1SMcG0015715	-0.879344227241535	0.0942380023050294
h1SMcG0015716	-0.269529029313835	0.78450513748515
h1SMcG0015717	-1.8718526308181	0.12060782434465
h1SMcG0015720	-0.802291336257823	0.199718358704136
h1SMcG0015722	-0.316470160788369	0.189041491939472
h1SMcG0015723	-0.949147402743583	0.243174705942338
h1SMcG0015725	1.17540757259145	0.334775193474755
h1SMcG0015726	0.644055969254525	0.138509069088148
h1SMcG0015727	7.6059698197081	0.0000000000000000000000113772315502719
h1SMcG0015731	8.17712048978398	0.000000000224491224430273
h1SMcG0015732	7.54886959771078	0.00000000000000000000000000000000000000000000000116946100531433
h1SMcG0015733	8.53535143621591	0.00000000000000288959016406418
h1SMcG0015736	-1.4815885317453	0.0400842420116158
h1SMcG0015742	-0.0943224104980076	0.943194064730239
h1SMcG0015745	0.656593408108036	0.0840314092797775
h1SMcG0015747	0.558063873457145	0.723971089928167
h1SMcG0015750	7.33863757972565	0.0000000000000000000000000000000000000000000000000010146389746059
h1SMcG0015751	-1.09377594931285	0.0188271102555818
h1SMcG0015752	-2.1231890200149	0.026741075182231
h1SMcG0015753	-0.806769664330863	0.464301739345629
h1SMcG0015757	1.66175287358594	0.000000000193438081375039
h1SMcG0015758	-0.180554103991878	0.855371923928047
h1SMcG0015759	0.0320561170495915	0.974670507849907
h1SMcG0015761	-1.51082986494367	0.262194824309806
h1SMcG0015763	-1.88492642025346	0.17504132844423
h1SMcG0015764	-1.43219011452105	0.00269717029726473
h1SMcG0015765	-1.12628689058603	0.00983486358207799
h1SMcG0015766	-2.91015785061473	0.00651762543372429
h1SMcG0015768	-0.858411091127633	0.417351559123401
h1SMcG0015770	-0.863051323255579	0.264292821296428
h1SMcG0015771	1.12841688778487	0.285398738184297
h1SMcG0015773	1.99830748894939	0.0849580107706305
h1SMcG0015776	-0.946801482887061	0.420777411645296
h1SMcG0015777	-1.37009073363288	0.0414486527202755
h1SMcG0015778	0.176470095890299	0.814301229405588
h1SMcG0015780	2.09360847319188	0.064093848841549
h1SMcG0015782	0.81874324260871	0.0944288758917119
h1SMcG0015783	1.39829867191802	0.188209382291365
h1SMcG0015784	0.937660892935596	0.179370857916901
h1SMcG0015787	1.92804765122864	0.0000000000791316589939544
h1SMcG0015791	-1.09953350795692	0.512688290032608
h1SMcG0015792	-1.54516791860864	0.147795799682667
h1SMcG0015793	-1.66296148024587	0.205953990174196
h1SMcG0015795	-1.95300276716211	0.210727357627747
h1SMcG0015799	0.90017671695146	0.379138292142684
h1SMcG0015800	0.683948060690387	0.345063607176087
h1SMcG0015802	2.06790026169171	0.000000000570189560333953
h1SMcG0015803	-0.0763343397170375	0.928879754562833
h1SMcG0015804	0.0280060129076126	0.969517480137064
h1SMcG0015805	0.714880760140917	0.616546643643808
h1SMcG0015806	0.926029494059982	0.0413702258877908
h1SMcG0015810	-1.34747608543347	0.0228097638964785
h1SMcG0015811	-1.15641105559159	0.467262852148758
h1SMcG0015812	1.25729553635094	0.36490996329009
h1SMcG0015813	0.986283057463349	0.437585993485268
h1SMcG0015814	-0.0514299706505035	0.955818013072943
h1SMcG0015815	-3.00539433499454	0.00450749392350601
h1SMcG0015816	2.29465647281833	0.000469226263071585
h1SMcG0015819	-1.63904275603909	0.0000617246186950037
h1SMcG0015820	-0.217564036091286	0.713002005734351
h1SMcG0015825	1.19448643562903	0.000265130124584367
h1SMcG0015826	-0.456014531445491	0.485259694166594
h1SMcG0015827	5.18049780663062	0.0000000000000000000005156804545106
h1SMcG0015832	-2.03593624145522	0.128956567150787
h1SMcG0015833	0.589966505905409	0.711965515585848
h1SMcG0015836	1.11130793597184	0.510382800915542
h1SMcG0015837	1.47939190982746	0.204085228290428
h1SMcG0015841	0.653462568686173	0.528160659327663
h1SMcG0015846	-0.338261949285412	0.781438507409146
h1SMcG0015848	-0.648747798202592	0.703266428453586
h1SMcG0015849	0.670114341893686	0.33727186448041
h1SMcG0015851	-0.312722946779043	0.845488946415114
h1SMcG0015852	-1.96017163037644	0.00864976775936649
h1SMcG0015854	-0.00292898851762678	0.998347105464729
h1SMcG0015856	-1.11977711567854	0.0258065584677404
h1SMcG0015858	-0.866910949199749	0.153039074657231
h1SMcG0015859	0.584853951766864	0.691987795490227
h1SMcG0015866	-0.0618005041681233	0.976097804596306
h1SMcG0015867	-0.250760301263467	0.587592333514791
h1SMcG0015869	-1.06213392210307	0.0680988109291019
h1SMcG0015874	1.41315697937158	0.052133199540469
h1SMcG0015875	0.24787666829017	0.501777730942639
h1SMcG0015878	-1.33181472378967	0.298156961033744
h1SMcG0015880	3.19367673737284	0.00000000000000000000000000000000000000000397646307617566
h1SMcG0015881	0.461950928357195	0.20728015228103
h1SMcG0015882	-0.596776682043332	0.14504983511739
h1SMcG0015883	0.78072202433669	0.108133525487998
h1SMcG0015899	-0.544607200247499	0.42603937290688
h1SMcG0015901	-0.817942030522472	0.114070169481635
h1SMcG0015902	-1.07634737734863	0.389666627500632
h1SMcG0015903	0.760312350654711	0.125992060044804
h1SMcG0015907	1.99294634650939	0.0000000684346570075699
h1SMcG0015908	-0.463625112650261	0.574758284487166
h1SMcG0015910	0.933449860801224	0.56835360981061
h1SMcG0015911	0.798017708563852	0.556992138797883
h1SMcG0015912	-0.710312831426079	0.183312107094612
h1SMcG0015913	0.464089613306514	0.260599756516045
h1SMcG0015914	-0.107241098810052	0.943303218306724
h1SMcG0015919	-2.09270563214004	0.0840314092797775
h1SMcG0015922	-0.29552118766248	0.863138899601804
h1SMcG0015925	2.05570798855225	0.0464502123880484
h1SMcG0015926	0.211453800952302	0.781214789865238
h1SMcG0015931	1.63414503166284	0.00000003765950716929
h1SMcG0015933	-2.27391018146584	0.121272206968407
h1SMcG0015934	-0.316934531534954	0.620181545265603
h1SMcG0015936	-0.932215759582566	0.345063607176087
h1SMcG0015937	-0.246976278220273	0.894345179877603
h1SMcG0015939	-3.16934720290728	0.000993393231625738
h1SMcG0015942	-0.965203176508798	0.44072505088087
h1SMcG0015943	-1.30674275710236	0.0477471807677906
h1SMcG0015944	-0.0389662920319205	0.950260811600824
h1SMcG0015945	-0.739854033655708	0.465634275875166
h1SMcG0015947	-0.0441950451120516	0.956097281245736
h1SMcG0015948	0.314594802351205	0.622841568243474
h1SMcG0015950	-0.896518295429242	0.0878627615362962
h1SMcG0015951	2.93221471311804	0.0000185267153573266
h1SMcG0015953	0.807545445803195	0.440286049916438
h1SMcG0015954	0.379231384977052	0.578474577509127
h1SMcG0015958	-1.87582232619819	0.00472076134854896
h1SMcG0015959	-1.38843830962524	0.0594994200220051
h1SMcG0015961	-2.55749428876771	0.0691633439949511
h1SMcG0015962	-0.532253349725521	0.589722945437943
h1SMcG0015963	-0.116546927760102	0.946779992206446
h1SMcG0015964	-0.126896229002754	0.918665474160286
h1SMcG0015965	0.425265504530681	0.2850212648487
h1SMcG0015967	1.43472799137191	0.00140569196255918
h1SMcG0015968	0.588833422853737	0.65013857250789
h1SMcG0015969	0.501121605583431	0.638941409594557
h1SMcG0015971	-0.217227286758271	0.88914607955194
h1SMcG0015972	-0.941111740645709	0.219790039464667
h1SMcG0015973	0.146864884684653	0.794590023057476
h1SMcG0015974	-1.36353127599359	0.212518493262837
h1SMcG0015975	0.416793125125281	0.818973369796803
h1SMcG0015985	-0.287283130622464	0.883647399485774
h1SMcG0015986	1.27600027909274	0.337761093508591
h1SMcG0016002	-1.36790724483743	0.000396147891300092
h1SMcG0016003	-1.3663898665176	0.377666586424344
h1SMcG0016004	0.77863333131917	0.593491376931751
h1SMcG0016007	-1.43126516471589	0.143182730402855
h1SMcG0016009	0.497628995069637	0.694102391045535
h1SMcG0016010	-0.154231626827569	0.827770494628955
h1SMcG0016013	0.115234252180685	0.885791943374666
h1SMcG0016014	1.3446250877041	0.349712345773995
h1SMcG0016018	-0.950642980108211	0.0704988067324077
h1SMcG0016019	0.80468847700761	0.0616256486984454
h1SMcG0016021	1.55339307836038	0.222947074717224
h1SMcG0016022	0.0682634810900174	0.943609703528689
h1SMcG0016027	-1.68556803433441	0.26045654341503
h1SMcG0016029	-1.19067906522877	0.0709734592445908
h1SMcG0016031	-0.112549806296525	0.914107022357205
h1SMcG0016032	0.095298516910325	0.851825151496902
h1SMcG0016036	-1.68932736003636	0.0306273459032327
h1SMcG0016039	-0.123922813667994	0.879457638755554
h1SMcG0016040	1.05915162682665	0.0403989538877808
h1SMcG0016043	-0.201331288376269	0.771231232920207
h1SMcG0016044	-0.759328590348399	0.184762507133559
h1SMcG0016045	-0.41798372147383	0.822573065679304
h1SMcG0016048	-1.12596981734432	0.270348273912138
h1SMcG0016049	-0.0246331297633768	0.984589566723536
h1SMcG0016051	-1.35291013787587	0.136179861665691
h1SMcG0016053	1.18119047828992	0.290910116594286
h1SMcG0016054	-0.877585722201266	0.525331883636363
h1SMcG0016055	1.34243476434297	0.186578081160172
h1SMcG0016058	-2.95394487617704	0.0261683414440196
h1SMcG0016060	0.0952245328561316	0.885880348142889
h1SMcG0016061	-4.70576504314184	0.0000502509216168668
h1SMcG0016062	-0.124313068965664	0.93971587939566
h1SMcG0016064	3.25709336343851	0.00000000000000145231638958065
h1SMcG0016068	-0.0878238028682162	0.909943047476631
h1SMcG0016070	-1.79274626846732	0.213736987438605
h1SMcG0016072	-1.39239039169226	0.0505002964245329
h1SMcG0016073	-2.34817004881262	0.078035947373275
h1SMcG0016076	-0.949167541627322	0.57488290760703
h1SMcG0016078	-0.630956208688423	0.703839187385302
h1SMcG0016079	0.086352091329149	0.95861517757241
h1SMcG0016080	1.58369741536135	0.00780317414495924
h1SMcG0016081	-0.137635856853106	0.851825151496902
h1SMcG0016083	-0.662344132652667	0.420482985079302
h1SMcG0016084	-1.49375512555485	0.103078280295006
h1SMcG0016098	-0.0498826987579507	0.919349448631391
h1SMcG0016099	-2.26526597005825	0.00213841157984833
h1SMcG0016103	0.162069693711568	0.780606182579451
h1SMcG0016105	-0.294547030202293	0.611840429041207
h1SMcG0016108	-0.600242687646355	0.20585462252757
h1SMcG0016110	1.2304320509285	0.305032231630257
h1SMcG0016111	0.355711655138739	0.797917871030066
h1SMcG0016113	-0.932569530193968	0.0538583593778388
h1SMcG0016114	-1.12516551545578	0.387905979071834
h1SMcG0016117	-0.331819247625142	0.853388043942289
h1SMcG0016118	-0.51939817559262	0.52600249660328
h1SMcG0016119	1.80982920265199	0.0000516746423273563
h1SMcG0016121	-0.843104511383578	0.0243905491093464
h1SMcG0016122	-0.798197425781563	0.51963284891407
h1SMcG0016123	-0.261480279761833	0.873996837721295
h1SMcG0016124	2.0953733154378	0.000677272622107446
h1SMcG0016128	-0.663172915065149	0.414227314279418
h1SMcG0016129	1.57892161789114	0.0512069013091847
h1SMcG0016130	1.15880507841286	0.351099145916629
h1SMcG0016131	3.91044377382429	0.00000000000000000000038161261706484
h1SMcG0016133	0.388262413646409	0.545837763249785
h1SMcG0016134	0.563702581193733	0.339454731724413
h1SMcG0016135	1.19387624347311	0.021646502940021
h1SMcG0016136	0.708069669368208	0.181388279570143
h1SMcG0016137	-0.770661833753008	0.347622972345403
h1SMcG0016140	0.0281699701916904	0.985379928520983
h1SMcG0016141	1.64426844742557	0.0011453961590185
h1SMcG0016142	2.52848495554375	0.00000000000000244056679083356
h1SMcG0016143	-1.71768065515703	0.0861226899710917
h1SMcG0016144	-0.747652031715129	0.590625681467366
h1SMcG0016146	0.490544404283956	0.16327419814711
h1SMcG0016147	0.25301817055543	0.847210963644511
h1SMcG0016149	-1.13941433427896	0.0155453596342723
h1SMcG0016152	-2.40241953662149	0.0641658524198721
h1SMcG0016154	1.13180640993255	0.0861857704388556
h1SMcG0016158	-1.59622828479206	0.000927288078171153
h1SMcG0016160	-0.37500734156718	0.703395131978878
h1SMcG0016163	-0.119411884511198	0.89527840459794
h1SMcG0016164	0.183741931193519	0.784762570345155
h1SMcG0016165	1.34221133163846	0.0368528086903983
h1SMcG0016166	-0.0713583320140181	0.928472244124774
h1SMcG0016167	-2.27471512442039	0.118032031936556
h1SMcG0016168	-0.754125551759487	0.598289623256082
h1SMcG0016169	9.43965763248911	0.000000000000000000000000000000000000471510636506997
h1SMcG0016172	-0.156921166662714	0.791415738993274
h1SMcG0016176	-0.742603087293075	0.683251800175833
h1SMcG0016179	0.0956734610947442	0.900092717569809
h1SMcG0016181	-1.39014585624052	0.253197462911736
h1SMcG0016182	-0.62840102792039	0.535734118070232
h1SMcG0016183	-0.0132852254129553	0.986474226507425
h1SMcG0016184	-0.373020998530935	0.313047677560815
h1SMcG0016185	2.84849049427298	0.0000978521442410713
h1SMcG0016189	0.871616743942392	0.157074710068264
h1SMcG0016190	2.77440877937706	0.0000133874547424005
h1SMcG0016193	-2.76833909663477	0.00000000158507989103295
h1SMcG0016196	-1.23905485140614	0.000202674167108612
h1SMcG0016198	0.807334460591453	0.179798330627853
h1SMcG0016199	-1.40710750641747	0.244882452719714
h1SMcG0016202	-0.499606001329371	0.522604820023665
h1SMcG0016204	-0.0225426069221488	0.990991707165112
h1SMcG0016205	-1.12801273655718	0.0123153877754241
h1SMcG0016206	-0.644347920796322	0.655744536757926
h1SMcG0016207	-0.404636890016108	0.515028232165177
h1SMcG0016210	-1.89119015806488	0.210717535551286
h1SMcG0016211	-0.526446106671342	0.46082802103419
h1SMcG0016212	0.394261040273764	0.794311788853394
h1SMcG0016214	0.14877578493429	0.892190248174418
h1SMcG0016216	-0.455574108226278	0.697501882044469
h1SMcG0016217	0.331098528041009	0.850065110646714
h1SMcG0016221	1.23559778690468	0.411125668831881
h1SMcG0016225	-0.92808006880889	0.102856558355572
h1SMcG0016227	-1.92201070581764	0.00519780128249469
h1SMcG0016233	-1.96407094640185	0.00000133508145645228
h1SMcG0016234	-0.0112442258022859	0.989703498842061
h1SMcG0016235	-0.563876037611398	0.357009175339769
h1SMcG0016236	-0.257303086654968	0.880829561629806
h1SMcG0016237	2.80392869041298	0.000000000000000000000000169720524410298
h1SMcG0016238	-1.33469755724349	0.183312107094612
h1SMcG0016241	-2.18144061881849	0.0717332943645668
h1SMcG0016242	0.833782413905886	0.213922659933379
h1SMcG0016245	1.82625545629389	0.00492895012559504
h1SMcG0016246	-0.164411859039684	0.904223833166944
h1SMcG0016249	0.290754649530289	0.482624223611856
h1SMcG0016250	0.035518610270548	0.942841326799599
h1SMcG0016251	0.685383662432984	0.274699497224508
h1SMcG0016254	1.21980076134199	0.00224682453712473
h1SMcG0016255	0.641827347150367	0.309341899898683
h1SMcG0016259	2.75276264544719	0.00524950366583378
h1SMcG0016261	-0.620655402887837	0.254358177567675
h1SMcG0016267	0.241219028414983	0.866182240059814
h1SMcG0016271	1.03183774655122	0.474329111202479
h1SMcG0016280	0.194659765721991	0.637483188037815
h1SMcG0016281	-1.11779829356032	0.436532814635388
h1SMcG0016283	-2.33465885474309	0.0242394047237522
h1SMcG0016287	-2.01700945223908	0.189657907202176
h1SMcG0016288	-5.15650112161977	0.000000000448002966469845
h1SMcG0016292	-1.06369238690797	0.0000340041650880835
h1SMcG0016293	-0.784282382916333	0.369913070631736
h1SMcG0016294	0.42194075970895	0.76474208182898
h1SMcG0016295	-2.98435253358425	0.00000000772787376646688
h1SMcG0016296	-3.22367159232096	0.000000000173139736468607
h1SMcG0016299	0.559213656889813	0.461190534894441
h1SMcG0016300	0.955634429635654	0.382723045699057
h1SMcG0016303	-2.96707963846161	0.00000000000000000000000525422981059498
h1SMcG0016304	-0.165354563424177	0.922683632653122
h1SMcG0016307	-1.44584416750319	0.0831422355293438
h1SMcG0016309	-0.0635925577384112	0.947194978791523
h1SMcG0016311	2.96361969076752	0.00000000851092727605044
h1SMcG0016315	0.144731803594247	0.817551600967513
h1SMcG0016317	0.560584806517956	0.353535818596321
h1SMcG0016319	1.3769291222846	0.268382319077956
h1SMcG0016320	-0.866523173589946	0.015397606809436
h1SMcG0016322	1.69187539342095	0.000222993277221274
h1SMcG0016323	1.23977828735623	0.0802940963816617
h1SMcG0016327	0.357559945022817	0.598788174689448
h1SMcG0016328	0.309910986294268	0.739336882107847
h1SMcG0016334	0.767882590766881	0.565433309675486
h1SMcG0016336	0.688587221453973	0.475950663871041
h1SMcG0016337	0.665958050903051	0.246994704323089
h1SMcG0016338	-0.371096361452514	0.711965515585848
h1SMcG0016340	0.436471232052952	0.353639470244291
h1SMcG0016341	-0.267084669860974	0.80829557910326
h1SMcG0016343	0.0399291614886531	0.965501387780794
h1SMcG0016344	-0.071876707738868	0.81293358778988
h1SMcG0016346	-0.528517025130394	0.33621654576082
h1SMcG0016347	0.337179085265766	0.832375445765581
h1SMcG0016348	-0.580130390464554	0.223284061897966
h1SMcG0016349	-1.41259995429742	0.227498130729742
h1SMcG0016351	-0.906481116582843	0.411170370956067
h1SMcG0016352	-0.879173612499161	0.416710512313825
h1SMcG0016361	2.41752744504109	0.0000000016540653410129
h1SMcG0016363	-0.729390789852816	0.635686147795248
h1SMcG0016365	0.171735002998416	0.717230408294743
h1SMcG0016368	-0.814453359725382	0.359576497076617
h1SMcG0016372	-0.448392097078864	0.296624164644047
h1SMcG0016376	-1.04496558048914	0.0826354272512
h1SMcG0016378	2.48190261207949	0.000000450859107648446
h1SMcG0016380	-0.641654365741536	0.653469146431548
h1SMcG0016384	-1.62864750597456	0.00000309852771017895
h1SMcG0016386	-0.0687091056249484	0.907899305483966
h1SMcG0016387	0.77318571000322	0.577246505972701
h1SMcG0016388	-0.421558274396511	0.666093743205785
h1SMcG0016389	-0.353211363964636	0.729680371032452
h1SMcG0016390	0.259831929043049	0.786604869081646
h1SMcG0016393	0.047203882886607	0.970339183076851
h1SMcG0016394	-0.376286369549597	0.693637284110605
h1SMcG0016397	0.597275649835009	0.159112170608062
h1SMcG0016398	1.19359449997927	0.364183198109352
h1SMcG0016402	-1.12451318395391	0.467077046754979
h1SMcG0016404	-0.255255004709554	0.744445574396675
h1SMcG0016406	-0.434017178766108	0.571763383216493
h1SMcG0016412	0.322234359506607	0.345376797478929
h1SMcG0016413	-0.157644068281522	0.928879754562833
h1SMcG0016417	-0.127638731964874	0.903563809672695
h1SMcG0016420	-0.776641948643056	0.0349475987885647
h1SMcG0016425	-1.06140460492378	0.192937731516504
h1SMcG0016426	-4.09321678056927	0.000433552577591876
h1SMcG0016430	-1.08023647290639	0.386358392320552
h1SMcG0016434	-2.82381267615999	0.0534238426502668
h1SMcG0016438	-0.124431671881077	0.947090546766633
h1SMcG0016440	-3.35878608506925	0.000000000504518682564163
h1SMcG0016441	-2.00550470241011	0.00167272354673396
h1SMcG0016445	-1.4255744001455	0.282927706731177
h1SMcG0016446	2.17629887997337	0.000927998726776553
h1SMcG0016447	0.577405792245851	0.386470306168787
h1SMcG0016448	0.611541881766537	0.134739208887429
h1SMcG0016451	-1.27551948796813	0.296624164644047
h1SMcG0016452	-1.20925945089426	0.194481261341711
h1SMcG0016453	-1.62282615270826	0.0125027369523628
h1SMcG0016454	-3.14937429594579	0.00297640722569997
h1SMcG0016455	-0.242250397476449	0.708868868716675
h1SMcG0016457	-0.333312857124433	0.58227214861527
h1SMcG0016458	-0.599336478710387	0.595912916299464
h1SMcG0016463	-0.456339137609297	0.579762831505757
h1SMcG0016464	-0.774767776595233	0.345773713794864
h1SMcG0016468	-0.432423965318505	0.276994233410208
h1SMcG0016469	-1.03845035297695	0.296868417505452
h1SMcG0016471	0.897469103325179	0.105677602983004
h1SMcG0016472	0.765095284170115	0.385418687635333
h1SMcG0016474	2.36790718030595	0.0000459775682236818
h1SMcG0016479	-2.58849271817105	0.0169156650885249
h1SMcG0016480	-0.226378377263755	0.807063385674398
h1SMcG0016482	-0.136332742707209	0.639674514688799
h1SMcG0016487	1.84289504927561	0.0274474632101043
h1SMcG0016488	-0.545358858429564	0.379005976140872
h1SMcG0016489	-0.806425631417933	0.0490071643430945
h1SMcG0016499	-3.72889226680712	0.00126140925524067
h1SMcG0016500	-1.95094244993332	0.00000468065424473089
h1SMcG0016503	1.0688721489135	0.0257985129803947
h1SMcG0016504	-0.155512685135906	0.881020260343598
h1SMcG0016505	-0.392092608014755	0.250154567774394
h1SMcG0016507	-3.86464590229352	0.000000202408929322574
h1SMcG0016512	-1.13219757343869	0.47254190751706
h1SMcG0016514	-1.04799149760679	0.477362759754257
h1SMcG0016516	-0.484949659581215	0.619435705940515
h1SMcG0016518	-0.423054530070518	0.277659806000288
h1SMcG0016519	-0.592325225805154	0.225102804039606
h1SMcG0016521	-1.27081160588312	0.365120104159512
h1SMcG0016522	1.00903707497421	0.42505741773576
h1SMcG0016523	-0.605121527010825	0.503754563765198
h1SMcG0016524	-0.875008601133421	0.356166994407341
h1SMcG0016525	-0.656542145560303	0.59014735603581
h1SMcG0016526	-0.459871068633608	0.473246438137067
h1SMcG0016529	0.253259738243455	0.755445143196116
h1SMcG0016530	-0.426397557678914	0.801035528613375
h1SMcG0016531	-0.890357211347224	0.199489115638014
h1SMcG0016532	-1.06891350386104	0.0593441481600323
h1SMcG0016533	-0.387297186990287	0.36490996329009
h1SMcG0016537	-2.16770337314712	0.128214366926868
h1SMcG0016540	-2.06586404660462	0.13141005229832
h1SMcG0016541	-1.32922957683664	0.0365902911465774
h1SMcG0016544	0.685641009263093	0.583484534619296
h1SMcG0016545	2.54155070261764	0.000000000000448543815017079
h1SMcG0016546	1.13876288002866	0.127395338529226
h1SMcG0016547	0.960123344281597	0.351438469489503
h1SMcG0016548	-1.30267770734048	0.335823133906882
h1SMcG0016550	-1.49122883754228	0.272680475164791
h1SMcG0016551	0.0296362792884506	0.964905957942097
h1SMcG0016552	0.414032342046987	0.784075361336928
h1SMcG0016555	-0.502701335104722	0.521815849189681
h1SMcG0016557	-1.65241830057049	0.00383321865912559
h1SMcG0016560	0.00951092377228733	0.996001047644939
h1SMcG0016562	-1.51834773194747	0.0917214109210266
h1SMcG0016565	-0.382043639825027	0.633405814336708
h1SMcG0016567	-0.137245457267481	0.872921132304237
h1SMcG0016568	0.862006276640568	0.00695360223179309
h1SMcG0016571	0.479542406408968	0.123268964239063
h1SMcG0016573	0.234198989012623	0.858976590508463
h1SMcG0016574	-2.38943205355204	0.00000000913567332904546
h1SMcG0016575	-0.501836204590856	0.767857945134882
h1SMcG0016576	-3.47795843138572	0.00241434289165276
h1SMcG0016577	0.674639995016716	0.0831422355293438
h1SMcG0016578	5.60604376844956	0.0000000000000000000000000000000000000000000000000000000000000192464285008732
h1SMcG0016579	0.47306382872406	0.263062976967569
h1SMcG0016582	0.629841446247288	0.635430974998965
h1SMcG0016584	1.38279843005481	0.0242099013962805
h1SMcG0016587	-0.306724153495185	0.728413125346269
h1SMcG0016591	1.95615323841429	0.000000000282126766409358
h1SMcG0016592	-0.0086841412641461	0.9936270055296
h1SMcG0016594	-0.156265386178551	0.792919392387218
h1SMcG0016599	-0.575290863703493	0.58803938395793
h1SMcG0016603	-0.553813953661336	0.283208912615856
h1SMcG0016605	0.192955113308147	0.67616578120674
h1SMcG0016606	-0.053299203657338	0.961358578899514
h1SMcG0016607	-1.08050667782874	0.343413797743273
h1SMcG0016612	-0.675818036702149	0.355441380914006
h1SMcG0016613	0.466049896542413	0.205986229883208
h1SMcG0016615	1.06600046251564	0.0261441326042801
h1SMcG0016616	2.24079606142056	0.000012480532611451
h1SMcG0016617	-0.503804460243616	0.552625241514948
h1SMcG0016618	-0.901355341060277	0.160921306939888
h1SMcG0016619	-1.45058762239295	0.0632951017790914
h1SMcG0016621	-0.885569839831049	0.448823456732687
h1SMcG0016622	0.124840535204331	0.826928203971931
h1SMcG0016624	0.785431257171425	0.353767146496344
h1SMcG0016625	0.370258355947201	0.826455295686082
h1SMcG0016632	0.366398377332375	0.793841109406542
h1SMcG0016635	-0.24805133286347	0.838602564618918
h1SMcG0016636	-1.59644025384211	0.0700139574801396
h1SMcG0016637	0.769814826558946	0.460000860483497
h1SMcG0016640	0.0584319825938811	0.930296461838428
h1SMcG0016641	0.812135579100769	0.430413160268118
h1SMcG0016646	-0.316067752085852	0.775020343690953
h1SMcG0016647	0.463845652222546	0.256972042664484
h1SMcG0016648	-0.80280411899827	0.599725140938886
h1SMcG0016649	-0.0668449018945278	0.929173009557033
h1SMcG0016650	0.294488305865843	0.793490652813094
h1SMcG0016652	-1.50878196172971	0.0360904744698163
h1SMcG0016654	0.687168643861281	0.568423038087065
h1SMcG0016655	0.247801789103501	0.789689193057371
h1SMcG0016657	-1.69934317879974	0.00519780128249469
h1SMcG0016659	-0.265155734343378	0.619133929574398
h1SMcG0016660	-2.0070581364362	0.000869147365392964
h1SMcG0016663	1.0949557252297	0.0725686402893729
h1SMcG0016664	-1.14372692303417	0.00519153106986213
h1SMcG0016665	0.0851641117230964	0.962782181562295
h1SMcG0016666	-0.882847442829551	0.418731450864572
h1SMcG0016668	-3.03148920468763	0.00018190735520686
h1SMcG0016669	-0.74346839988848	0.645662685659093
h1SMcG0016671	-2.61826410480896	0.0231740285032841
h1SMcG0016673	0.73442787855577	0.46082802103419
h1SMcG0016678	-0.699483582823685	0.220383275546723
h1SMcG0016680	-0.14314403858754	0.883488943245272
h1SMcG0016681	-0.239642365230991	0.722672127605288
h1SMcG0016682	-0.695056963549165	0.535444392121329
h1SMcG0016683	-0.564499366429395	0.679554830258657
h1SMcG0016684	-0.699240206030876	0.0425576794906723
h1SMcG0016686	1.26620717829925	0.00268442739119741
h1SMcG0016687	0.0387328516206388	0.985641249608841
h1SMcG0016691	-1.5754804626782	0.0127525677424811
h1SMcG0016692	-0.0486485217982892	0.97980133108619
h1SMcG0016694	-0.25325543529801	0.680719347712637
h1SMcG0016696	2.33143551041324	0.00000133680449089733
h1SMcG0016701	0.309149262522666	0.85198358597096
h1SMcG0016703	0.329575375252643	0.620585981067799
h1SMcG0016704	-0.857806330038492	0.436237169231259
h1SMcG0016705	-0.226310779043685	0.730459344907917
h1SMcG0016706	1.22416204059451	0.00398240078409067
h1SMcG0016707	-0.327414539631989	0.807553558379098
h1SMcG0016712	-1.09150629656289	0.273885167714507
h1SMcG0016716	0.0252463028962442	0.984265660970618
h1SMcG0016718	0.0727063397730987	0.943113428952479
h1SMcG0016720	0.277724638692145	0.697316157373087
h1SMcG0016721	-0.0779541992778126	0.900452442160576
h1SMcG0016723	-0.409558492434811	0.564469011535884
h1SMcG0016724	-0.596320214137931	0.518814183401684
h1SMcG0016725	-0.0959066624155797	0.913661586512537
h1SMcG0016726	-1.04267903429725	0.125364450408287
h1SMcG0016729	-2.69444393050447	0.0530793814414137
h1SMcG0016730	-0.629032013244427	0.659612267206282
h1SMcG0016732	-1.35913595141587	0.176397817661226
h1SMcG0016733	0.207043427116844	0.726376011122514
h1SMcG0016737	-0.512765830303508	0.206644325498414
h1SMcG0016740	-0.54046791313567	0.37097792153447
h1SMcG0016741	1.03771561896389	0.0111232398016729
h1SMcG0016742	2.45664622824033	0.00000000000575575488806948
h1SMcG0016744	0.19858737825897	0.730993578123863
h1SMcG0016746	-1.91888472516145	0.066708008089942
h1SMcG0016747	-2.07233721042236	0.00309150531588564
h1SMcG0016748	-1.89128113388901	0.0212330904092025
h1SMcG0016750	4.86570983510075	0.00000000000000000132672570665418
h1SMcG0016751	0.883905561454318	0.482847659155256
h1SMcG0016752	-0.877927308917112	0.154402751032362
h1SMcG0016753	1.91238653702292	0.000000407082675560383
h1SMcG0016754	-1.34428099364298	0.181313410219673
h1SMcG0016755	-0.25860917935575	0.662328989639443
h1SMcG0016757	-0.720003909479507	0.0859011607022789
h1SMcG0016760	-1.74565275859545	0.0901696236733128
h1SMcG0016762	-0.317577367306613	0.580790332986091
h1SMcG0016764	-0.803128390635647	0.520528454592682
h1SMcG0016765	0.981945725619374	0.111386988787541
h1SMcG0016766	1.54975996920652	0.00593567375352532
h1SMcG0016768	1.58333598045625	0.219790039464667
h1SMcG0016770	-0.0627941998668258	0.97753706332423
h1SMcG0016772	-0.546000722206727	0.583974854551016
h1SMcG0016773	0.88309565897446	0.0407278383899724
h1SMcG0016774	-1.69501633976155	0.138958109055991
h1SMcG0016775	3.90323053118057	0.0000000000000000122178451286909
h1SMcG0016776	0.952758968650589	0.110723489665754
h1SMcG0016777	1.3657176970611	0.0268013048318299
h1SMcG0016780	2.76264033373146	0.00243417723312187
h1SMcG0016781	4.30749829725251	0.00000159367373941971
h1SMcG0016782	4.93900611738399	0.0000303047339052604
h1SMcG0016786	3.18576074363271	0.00000366824294386142
h1SMcG0016787	-1.94623199612719	0.0044202561077789
h1SMcG0016789	2.75076236103648	0.0402043487042488
h1SMcG0016790	-1.78468670782487	0.0744754503393631
h1SMcG0016794	-0.632421169534647	0.160291823776871
h1SMcG0016796	-0.922149813861582	0.0338972635844935
h1SMcG0016798	-0.616704756822319	0.24407404566942
h1SMcG0016800	-1.52900800633838	0.0446445523457926
h1SMcG0016802	-0.25050160955895	0.578177385452854
h1SMcG0016804	1.28832726271265	0.368443213236161
h1SMcG0016805	-0.0238427088913962	0.979272327065236
h1SMcG0016806	1.20224411735337	0.020053085101575
h1SMcG0016808	0.64627995729198	0.12933283982967
h1SMcG0016810	-1.01854316038385	0.400134893361053
h1SMcG0016811	-0.600898578405823	0.251582484503881
h1SMcG0016815	-0.142067566989527	0.746487340506064
h1SMcG0016817	-0.308906126553604	0.783423332800532
h1SMcG0016818	0.409266639717762	0.449926928667241
h1SMcG0016820	-0.82997829864746	0.105515816352739
h1SMcG0016825	0.461584999132312	0.419922106466544
h1SMcG0016827	0.0576027219930478	0.973769684843381
h1SMcG0016828	0.431428780824689	0.685165193098255
h1SMcG0016831	-0.0980812026952732	0.948178378825584
h1SMcG0016832	-0.584398965935095	0.491037644674982
h1SMcG0016834	0.694076638237779	0.379108367369646
h1SMcG0016836	-0.400139860837255	0.680595877482591
h1SMcG0016837	-2.04324249861017	0.00770471516474109
h1SMcG0016839	-2.08655939649722	0.0212719735053614
h1SMcG0016840	-0.240144194174942	0.865882832704309
h1SMcG0016841	0.117626657941087	0.944327751744889
h1SMcG0016843	0.217559235626857	0.838832434692102
h1SMcG0016844	-0.398972106384438	0.503545368284806
h1SMcG0016845	1.38253306706565	0.125768692525797
h1SMcG0016848	-0.955704491019857	0.306021877397484
h1SMcG0016858	-1.20115665820883	0.207619260962795
h1SMcG0016859	-1.21194307108118	0.0048728860628769
h1SMcG0016860	-2.01417241931352	0.143694287772198
h1SMcG0016863	-2.07124309107608	0.0952871659724654
h1SMcG0016864	1.38876465706585	0.0285655436540375
h1SMcG0016866	-0.767982948268689	0.348753102259498
h1SMcG0016867	1.02457176229621	0.000579705753117809
h1SMcG0016868	-2.74097873005207	0.00000389262061117494
h1SMcG0016869	0.665677410835542	0.673314646228809
h1SMcG0016873	-0.498855073331807	0.765696246422407
h1SMcG0016876	0.760234215113007	0.0922575883854112
h1SMcG0016877	-0.737647058001427	0.140334648751077
h1SMcG0016880	0.0392716574581731	0.950260811600824
h1SMcG0016881	-0.749841993116011	0.205986229883208
h1SMcG0016885	1.58904826568586	0.000000241638486473707
h1SMcG0016887	0.207851991227696	0.811230655605217
h1SMcG0016889	-1.43809592661096	0.00103903576541895
h1SMcG0016890	-2.76356771758312	0.0400842420116158
h1SMcG0016891	-0.252740753290584	0.812185807038199
h1SMcG0016892	0.150426352155058	0.903982039941738
h1SMcG0016893	-0.914548704381008	0.00267451246134533
h1SMcG0016894	0.466383288327309	0.669747324616808
h1SMcG0016897	0.489754545206382	0.727414225243048
h1SMcG0016899	-0.138067030494944	0.909434239726461
h1SMcG0016900	0.814899012595505	0.050660097701404
h1SMcG0016901	0.0260562829263943	0.983232347553966
h1SMcG0016902	-1.58838058979072	0.161055488964235
h1SMcG0016904	3.32730209476403	0.00000166101853775465
h1SMcG0016905	-0.0313783717379183	0.950260811600824
h1SMcG0016907	-1.65214463252812	0.000982394362039451
h1SMcG0016909	0.545214757589494	0.137394451373192
h1SMcG0016911	0.884045615823226	0.270070727818646
h1SMcG0016912	-0.151047655090381	0.85198358597096
h1SMcG0016915	-0.922269182204805	0.0167189830741965
h1SMcG0016917	0.033770208030418	0.933802388728001
h1SMcG0016918	0.677713657717122	0.216748007694456
h1SMcG0016922	0.00534275267984793	0.995320282026279
h1SMcG0016924	0.362530275954268	0.812973663093517
h1SMcG0016926	1.01876344535105	0.0607701502758694
h1SMcG0016927	-1.84527889041745	0.104041006960385
h1SMcG0016928	-0.291704394476699	0.578972871187548
h1SMcG0016930	-2.22899804883523	0.00294093775772772
h1SMcG0016931	-0.992823191523365	0.0301864254413269
h1SMcG0016934	-0.0539540488223856	0.923988222335872
h1SMcG0016935	0.232864212385742	0.881020260343598
h1SMcG0016937	-0.306006567946223	0.8512595968146
h1SMcG0016938	0.0859674703925735	0.936235777002471
h1SMcG0016939	0.46005695465943	0.224726475306362
h1SMcG0016940	1.43825251869174	0.00873749609681423
h1SMcG0016941	1.09653616964134	0.0011539719049568
h1SMcG0016944	-0.453545129981515	0.400919913630942
h1SMcG0016949	-1.45597526001807	0.328450560531695
h1SMcG0016952	0.139198861350329	0.792094493635355
h1SMcG0016953	-0.526960765599156	0.756618388351513
h1SMcG0016956	0.36998947287616	0.520605023303805
h1SMcG0016957	-2.9700564000781	0.00000000243672759250058
h1SMcG0016958	-1.27013221699597	0.232694290504997
h1SMcG0016959	-0.857450133610034	0.0450461526033604
h1SMcG0016961	-0.878544983705012	0.0873177871779942
h1SMcG0016962	-0.447773155348671	0.726881970122667
h1SMcG0016965	-3.12927266730392	0.017120874988379
h1SMcG0016970	0.172247515251889	0.699170380843385
h1SMcG0016974	-0.736931167392688	0.437014469671439
h1SMcG0016975	-0.0317437317454808	0.945853168421547
h1SMcG0016977	1.47484598443609	0.0000000469448475504814
h1SMcG0016981	-0.716356665124234	0.314255588878943
h1SMcG0016982	1.50364722261782	0.00000000000641954744889851
h1SMcG0016985	-2.52063128741822	0.0338308883706582
h1SMcG0016989	-0.560148758782257	0.449434213516849
h1SMcG0016992	-0.216576375561336	0.79863995454481
h1SMcG0016993	-1.87763629065484	0.14263034252642
h1SMcG0016994	0.616412729795783	0.630849968005644
h1SMcG0016995	0.964442629828779	0.236164296460996
h1SMcG0016997	0.406449243261054	0.571639892482951
h1SMcG0016998	2.20293829998876	0.000000000000765492425081696
h1SMcG0016999	0.0731015065863858	0.914187059945121
h1SMcG0017003	0.146549527801887	0.73682429057891
h1SMcG0017004	1.02349778585374	0.0185295545186245
h1SMcG0017006	-0.285024729854254	0.480017156137672
h1SMcG0017011	-1.19017965312054	0.379005976140872
h1SMcG0017015	0.742252819832852	0.00753970298012014
h1SMcG0017018	-1.78107559431298	0.0288483764097142
h1SMcG0017019	-0.686918879543344	0.12883070679572
h1SMcG0017022	-1.00092441033165	0.0835801156185129
h1SMcG0017024	6.72296899629267	0.0000000000000000000000000000000000000000000000000000000000224049213113078
h1SMcG0017025	0.473095204932	0.75595954754982
h1SMcG0017026	-1.21572868071649	0.377688506982329
h1SMcG0017027	0.536199100770671	0.294032186398289
h1SMcG0017028	2.22581284831204	0.000181565282908564
h1SMcG0017029	-3.48120716187579	0.00286604029666048
h1SMcG0017030	0.376678168155611	0.590449620486268
h1SMcG0017031	-1.50801274293896	0.307360302094593
h1SMcG0017034	0.861036330030464	0.173317791476431
h1SMcG0017035	-0.977337893188702	0.525766367354368
h1SMcG0017036	1.14486932680911	0.000461220697767041
h1SMcG0017037	0.938861278501351	0.000570954165476083
h1SMcG0017040	3.09012423750769	0.0000000000725706677393408
h1SMcG0017041	3.10658685002586	0.00151907676736151
h1SMcG0017042	0.562265737697216	0.348913222594035
h1SMcG0017044	-0.813461030084615	0.179911002660636
h1SMcG0017046	-0.594046227541811	0.530070036102303
h1SMcG0017047	-0.426574741634982	0.50806474170075
h1SMcG0017048	0.604786341057156	0.241347680836844
h1SMcG0017049	8.84857543132148	0.00000000000000000000000000000000000000333087328152577
h1SMcG0017051	-1.74156044815764	0.00592964727931572
h1SMcG0017052	-0.923370694074124	0.51343220807276
h1SMcG0017054	-2.24227860721586	0.0670757749898598
h1SMcG0017057	-0.421461927164975	0.770333077256452
h1SMcG0017058	-1.64478986719102	0.0172228445685459
h1SMcG0017060	-1.33221354882791	0.013911855134205
h1SMcG0017061	-0.345078176792035	0.815351166103912
h1SMcG0017062	-0.0887151202504302	0.949513679263726
h1SMcG0017063	4.53642376466957	0.00000000000748657002324188
h1SMcG0017065	0.163973322529134	0.741749951732137
h1SMcG0017066	0.561938925286451	0.664099940283361
h1SMcG0017067	0.488367143427598	0.411615723994704
h1SMcG0017068	0.376052424836699	0.281248609462131
h1SMcG0017069	0.403753571529939	0.592765929457298
h1SMcG0017071	0.449085718072247	0.319150869556788
h1SMcG0017072	0.323131389875472	0.472198104062134
h1SMcG0017073	0.020323234056102	0.986207685167643
h1SMcG0017074	-3.08969454503141	0.000131008611232116
h1SMcG0017075	-0.790142861784197	0.0208173629008403
h1SMcG0017076	-0.827282658919089	0.021473128287242
h1SMcG0017077	0.508017248348603	0.21505301735425
h1SMcG0017079	-1.25900539127074	0.269462488673274
h1SMcG0017080	-1.28498323338029	0.0553430222671252
h1SMcG0017081	0.78527832574888	0.0570090187111821
h1SMcG0017082	2.97488936999961	0.000000000000000000238835822806528
h1SMcG0017083	1.28462975362833	0.0465579388834558
h1SMcG0017084	2.92628531446187	0.00000000000000000330776288692134
h1SMcG0017087	1.56579835565195	0.00300602573455345
h1SMcG0017088	-0.757968118596693	0.206502801725478
h1SMcG0017089	0.169854588771853	0.844021989661415
h1SMcG0017092	-1.33500852681552	0.0306273459032327
h1SMcG0017095	0.271287883555372	0.874508750142804
h1SMcG0017097	-1.18640195569894	0.0373093424918204
h1SMcG0017098	-0.836359705672176	0.394238274457719
h1SMcG0017099	-0.487078321847512	0.547589752938746
h1SMcG0017100	-1.1276341428436	0.0522288487257811
h1SMcG0017102	-1.44277448129804	0.329379043270922
h1SMcG0017103	-0.710405335694404	0.637150244598193
h1SMcG0017106	2.17858351979531	0.0000000102466680124225
h1SMcG0017108	-1.23148723506	0.148621835445962
h1SMcG0017111	-1.79703027744268	0.00560763032867681
h1SMcG0017114	1.10627093939424	0.0673733879212601
h1SMcG0017115	0.805829086414143	0.212175855273197
h1SMcG0017121	-2.32184728678798	0.00080551929878615
h1SMcG0017122	0.433598825349153	0.761632029044585
h1SMcG0017124	-0.925899829975345	0.578905428124221
h1SMcG0017125	3.0398806053513	0.000000000000000746186202563169
h1SMcG0017128	-0.32410810499715	0.782662889200042
h1SMcG0017129	1.64797609551545	0.00955414631767902
h1SMcG0017135	2.17412735635893	0.084928059503886
h1SMcG0017137	-1.65111974522064	0.238286228575752
h1SMcG0017139	-0.46411667639858	0.600577883784627
h1SMcG0017140	-2.62991516585584	0.0483339765848111
h1SMcG0017143	4.16121100821625	0.000000000000000000030322577215132
h1SMcG0017145	-0.941307601352351	0.575569616036074
h1SMcG0017147	0.220662785351943	0.707291576942951
h1SMcG0017148	0.181717344366666	0.79863995454481
h1SMcG0017149	-0.377483333127191	0.64938094661968
h1SMcG0017151	-1.31265612340765	0.00302449569597325
h1SMcG0017152	0.12357337976758	0.913718507455712
h1SMcG0017153	0.152780373098947	0.934308796296235
h1SMcG0017154	1.10510701677679	0.125242397381224
h1SMcG0017155	-1.72317524094636	0.0203935912426055
h1SMcG0017156	2.81387385293233	0.000000000000050646592437911
h1SMcG0017157	2.69212790214404	0.000000103088003903754
h1SMcG0017158	2.85101174684753	0.0000000000745380844002594
h1SMcG0017159	0.385115055023375	0.218427301347065
h1SMcG0017160	0.330654547367795	0.816470007896505
h1SMcG0017161	2.22547176972439	0.000000000456555145349078
h1SMcG0017162	3.43859487525234	0.0000144047375760358
h1SMcG0017163	-0.258435709432294	0.752467275091417
h1SMcG0017164	0.328104581791304	0.526888844015786
h1SMcG0017167	-0.251806203179019	0.621825109365068
h1SMcG0017168	1.47603097899669	0.26829791574581
h1SMcG0017169	-1.68298265781734	0.00627535577899045
h1SMcG0017172	-0.346510138417451	0.453315567786832
h1SMcG0017174	-0.305157826236155	0.673733712363954
h1SMcG0017175	-0.272873953945977	0.596812122377392
h1SMcG0017176	-0.275388070476357	0.599725140938886
h1SMcG0017181	2.74181281223283	0.0077738594510905
h1SMcG0017184	-0.73712427911633	0.0307684620829459
h1SMcG0017191	1.43055428713533	0.000758010751838083
h1SMcG0017192	1.85562553934121	0.0000000250608859944007
h1SMcG0017193	-1.86458507982157	0.0897423526767858
h1SMcG0017194	-0.635879718465046	0.163123228121161
h1SMcG0017195	2.31292519221405	0.000000000523273578391823
h1SMcG0017197	-0.537914450045053	0.564272203699454
h1SMcG0017198	2.64716551627538	0.00000265869091390262
h1SMcG0017199	-0.15789705322564	0.793841109406542
h1SMcG0017200	-0.355081153495309	0.640474055889493
h1SMcG0017202	0.605657138669566	0.367885704660294
h1SMcG0017203	-0.330574207143166	0.664013646835521
h1SMcG0017204	1.89898067844631	0.00000000302289685236766
h1SMcG0017205	-0.826713295109113	0.036002394788538
h1SMcG0017208	-2.47413155355306	0.0817740318484574
h1SMcG0017211	0.376230526903763	0.806576381224151
h1SMcG0017213	-0.153758233671934	0.822573065679304
h1SMcG0017214	0.0192815084412632	0.989703498842061
h1SMcG0017215	0.47907045489637	0.351466065534587
h1SMcG0017216	-0.937537899110378	0.259348533033693
h1SMcG0017221	-1.45204685653655	0.0781164075395439
h1SMcG0017222	-1.18390033662736	0.280439250734551
h1SMcG0017224	-1.87074755658224	0.137997471220302
h1SMcG0017226	-1.05555485441709	0.451444434188473
h1SMcG0017228	-0.417204699974634	0.391603815989096
h1SMcG0017230	0.796299959379793	0.0198736190768632
h1SMcG0017232	0.0339190323390022	0.974406405991152
h1SMcG0017236	-0.607410053374982	0.132074028405799
h1SMcG0017240	-0.37152135362033	0.638428277086764
h1SMcG0017241	-0.893641141522827	0.329192359158845
h1SMcG0017242	-1.36342729736144	0.0597169624256446
h1SMcG0017243	0.575564860623593	0.598749661725386
h1SMcG0017245	0.959061877468	0.429745148185282
h1SMcG0017251	-1.07442255350149	0.335772371957505
h1SMcG0017252	-1.88654765449728	0.0646046813965762
h1SMcG0017253	-1.81407911655105	0.0112738712219896
h1SMcG0017254	0.148033820178901	0.799705653791735
h1SMcG0017255	-0.0182826617729154	0.990991707165112
h1SMcG0017256	2.44429020740662	0.00000936035564855615
h1SMcG0017258	-2.5092676662962	0.0756807390256595
h1SMcG0017259	-0.710996684057865	0.445737221149575
h1SMcG0017260	4.25134631569649	0.000000000323860789105817
h1SMcG0017261	1.1788991132093	0.284003078414768
h1SMcG0017263	-1.08825586986449	0.410440934557999
h1SMcG0017264	-1.91455521861076	0.00000000117227972591775
h1SMcG0017266	-1.94785156636057	0.0832806910358781
h1SMcG0017267	-0.145106263001068	0.772359185558164
h1SMcG0017268	-1.34197992520481	0.216191520823634
h1SMcG0017271	-0.346100616173388	0.68096984618767
h1SMcG0017272	-0.6366599946311	0.329156307590413
h1SMcG0017276	-0.328679461678753	0.643353596448896
h1SMcG0017278	0.686373607113584	0.302439163425242
h1SMcG0017285	-0.803571741327179	0.346884540522568
h1SMcG0017287	0.568108181663455	0.649612056467677
h1SMcG0017288	0.787408832955832	0.196342370679006
h1SMcG0017291	-1.33940227093817	0.00603904670836487
h1SMcG0017294	-0.509298066910045	0.267591779384658
h1SMcG0017295	1.46683063680831	0.165923159655633
h1SMcG0017296	-0.930999307531079	0.487493307061303
h1SMcG0017299	-0.338810387863917	0.807063385674398
h1SMcG0017300	-0.107783747928188	0.947768081397565
h1SMcG0017304	0.267541595188025	0.714319547843583
h1SMcG0017306	-3.20684349993216	0.0141386271241372
h1SMcG0017307	-1.25946304361543	0.385791109958208
h1SMcG0017309	1.76068465915267	0.0000000000298550841104302
h1SMcG0017318	0.256217752489208	0.687064247868328
h1SMcG0017319	0.479087893600744	0.190948899550914
h1SMcG0017324	-0.886607296248454	0.0307380368989076
h1SMcG0017326	-0.429345902439592	0.627128083189476
h1SMcG0017330	0.806364998472333	0.0914191478633502
h1SMcG0017332	-0.0180366815571738	0.986423537357938
h1SMcG0017337	-2.89610213735422	0.0184765293448809
h1SMcG0017338	-1.28591118149195	0.0344694409093965
h1SMcG0017340	1.83639336031636	0.00261311562912734
h1SMcG0017344	0.893118495276445	0.174969385598219
h1SMcG0017348	-0.387125833303766	0.522086682440502
h1SMcG0017349	-0.994400002582886	0.306770311235835
h1SMcG0017354	-0.527661061316715	0.640223352761809
h1SMcG0017355	-1.7701121110259	0.000000253732563353001
h1SMcG0017356	-0.627305600839939	0.645224220204301
h1SMcG0017357	-1.34666158710231	0.186512996241253
h1SMcG0017360	-0.748167803653534	0.626645944482631
h1SMcG0017363	1.57015116577301	0.0653660972644451
h1SMcG0017367	-3.97058133474539	0.00126028622729062
h1SMcG0017373	-1.75343626587489	0.223384150050711
h1SMcG0017374	-0.87156596221801	0.56835360981061
h1SMcG0017378	-1.76430964058007	0.177141822695575
h1SMcG0017381	2.45729888594384	0.00000616664468678733
h1SMcG0017385	0.251194772206073	0.616003032635291
h1SMcG0017386	-0.365793114346834	0.652491563772443
h1SMcG0017390	-3.28067308576954	0.00346368277221797
h1SMcG0017391	-1.89699174465436	0.174077488793805
h1SMcG0017393	-0.96852935651444	0.372889793224306
h1SMcG0017400	0.653928227680538	0.0941347920435438
h1SMcG0017407	-0.701204961425405	0.176946807415969
h1SMcG0017412	-0.660663975751358	0.103372047856376
h1SMcG0017414	2.1941660951553	0.00979449089951593
h1SMcG0017415	-1.48149206181672	0.0176477125861995
h1SMcG0017416	-1.21214332741046	0.0794995530795464
h1SMcG0017417	-1.30651300750196	0.017830585153047
h1SMcG0017418	-1.73484461622562	0.0000396915995863449
h1SMcG0017419	-0.207427279817499	0.557828439479724
h1SMcG0017420	3.4331899931564	0.00000414109450061679
h1SMcG0017425	-1.32146192451808	0.400134893361053
h1SMcG0017430	-0.202755628598181	0.632080548282027
h1SMcG0017431	-1.41082741595663	0.372723294801716
h1SMcG0017432	1.23177002538706	0.389777946885436
h1SMcG0017433	-0.0444188249782459	0.98178738530317
h1SMcG0017434	-3.00679534790574	0.0310157053062675
h1SMcG0017436	1.79497639964115	0.0828531074913574
h1SMcG0017439	1.60476323002917	0.193513068803573
h1SMcG0017441	-0.104106629023496	0.921234056040598
h1SMcG0017444	-0.248339371384244	0.81326958491388
h1SMcG0017445	-1.4056047255496	0.150471484200071
h1SMcG0017448	-0.86782697532826	0.391995889036374
h1SMcG0017449	0.75386112465994	0.186300912000152
h1SMcG0017450	-1.58693125294994	0.243281343166088
h1SMcG0017452	-1.67277672488967	0.0366417964068417
h1SMcG0017455	1.76059353928444	0.000000000232820998070252
h1SMcG0017458	-0.7750299382434	0.0792066341664946
h1SMcG0017459	1.15817032042591	0.393887338405946
h1SMcG0017461	-1.8739636887679	0.0639464232515172
h1SMcG0017466	0.0634436514658845	0.956940179427552
h1SMcG0017467	-0.739926989884448	0.302577866615378
h1SMcG0017479	0.599062985398266	0.58526458306459
h1SMcG0017482	-0.333008947606403	0.469351945810966
h1SMcG0017484	1.45233815473136	0.0000154037298026458
h1SMcG0017486	-0.241842243152797	0.507000252064166
h1SMcG0017488	-0.547542595285719	0.497831428328765
h1SMcG0017491	-1.76084582013633	0.0014571159008363
h1SMcG0017498	-0.720072764467069	0.32118166893877
h1SMcG0017503	0.846022433663014	0.200053154585224
h1SMcG0017505	-0.689059913726971	0.518680273325592
h1SMcG0017506	0.616904550812904	0.694785878015239
h1SMcG0017508	0.220626519955433	0.763344701430785
h1SMcG0017509	0.273256756715175	0.752176583641294
h1SMcG0017510	-0.894712805807149	0.254248226822476
h1SMcG0017511	-0.942391060734961	0.200871602637221
h1SMcG0017512	-0.224631927208623	0.837615025692139
h1SMcG0017518	-1.29836961442164	0.114814375647397
h1SMcG0017521	0.923575400890093	0.566266186087089
h1SMcG0017526	-0.233850908078925	0.767103714877971
h1SMcG0017527	-0.212926291277198	0.519470587966369
h1SMcG0017531	0.209295416255089	0.887386698457989
h1SMcG0017534	-1.53081698618919	0.132001106328912
h1SMcG0017536	1.40115546636622	0.0220507838942858
h1SMcG0017537	1.11314104329125	0.457471805040739
h1SMcG0017538	1.96141743075735	0.0000659864177389921
h1SMcG0017540	0.674073806763846	0.519648545748131
h1SMcG0017542	-1.00257803331578	0.235234726229191
h1SMcG0017544	-1.16469988438259	0.203033767637349
h1SMcG0017547	-0.0136398384439122	0.991994287628936
h1SMcG0017549	-0.566082444795285	0.0897150355245487
h1SMcG0017550	-0.408166146132424	0.527809750124378
h1SMcG0017551	0.381215924767412	0.318952116805692
h1SMcG0017553	-0.236818690462246	0.649858544019476
h1SMcG0017554	-0.460938853082282	0.273711858131955
h1SMcG0017557	-1.67283115926349	0.228085442007292
h1SMcG0017561	0.00292990893635533	0.996067651083725
h1SMcG0017566	1.35558694729839	0.000000495167901281607
h1SMcG0017575	-0.200179320691615	0.649112512411439
h1SMcG0017584	-4.66437840361716	0.00000255554117579393
h1SMcG0017587	0.466242710136593	0.659983224324908
h1SMcG0017590	0.161457416498146	0.922683632653122
h1SMcG0017592	3.52870670287144	0.000000000438508835206994
h1SMcG0017593	0.812105402501652	0.12060782434465
h1SMcG0017594	0.979319228369145	0.00884968989377478
h1SMcG0017597	-2.82230720812361	0.0532055135768194
h1SMcG0017598	0.140440655945205	0.815009351819565
h1SMcG0017599	2.4964587765218	0.00000000000244204929737231
h1SMcG0017600	-2.0829961512257	0.165751876410332
h1SMcG0017602	2.95025685368186	0.00000000000000068016593766164
h1SMcG0017606	-0.0174843119829786	0.990923510377125
h1SMcG0017607	-0.972114708222342	0.34327463520752
h1SMcG0017612	-1.20246311274477	0.472036697108213
h1SMcG0017613	-1.02003863710232	0.384316766430782
h1SMcG0017614	-1.86479294420645	0.0419474459357661
h1SMcG0017621	0.0100846093564398	0.995359274463544
h1SMcG0017622	0.74663220676505	0.191919896068761
h1SMcG0017623	1.37432933166292	0.32118166893877
h1SMcG0017624	1.04750223205741	0.415688008287152
h1SMcG0017626	-1.02474641350249	0.4847142950344
h1SMcG0017630	0.363190302807474	0.724554549364073
h1SMcG0017632	-0.731050671900419	0.184244681389283
h1SMcG0017635	-0.302041923608854	0.596812122377392
h1SMcG0017637	0.397447778093671	0.746487340506064
h1SMcG0017639	-0.269607893908975	0.793685509294664
h1SMcG0017640	0.135331281299205	0.912894459587076
h1SMcG0017644	0.199339243438297	0.86012900420078
h1SMcG0017646	-1.02752412786761	0.529205873452132
h1SMcG0017647	0.642213345796957	0.25731854771504
h1SMcG0017649	-1.25082685681849	0.438617436294338
h1SMcG0017652	0.948663614896448	0.263046789396303
h1SMcG0017653	1.67950889116831	0.000000916128129957067
h1SMcG0017658	-2.78550081429675	0.0576939397275931
h1SMcG0017661	-0.992465548969784	0.00993612947004134
h1SMcG0017668	0.16659401756417	0.781299086174864
h1SMcG0017670	1.13317307972969	0.0156372956849044
h1SMcG0017672	2.02376213386163	0.000000505911957773078
h1SMcG0017673	0.596820086771574	0.320565034536845
h1SMcG0017674	0.580699830629764	0.202007902434412
h1SMcG0017675	-0.924087112829318	0.128956567150787
h1SMcG0017676	-2.45608895330442	0.00546457368339832
h1SMcG0017677	-2.85223066672908	0.00537055291201611
h1SMcG0017679	-1.81011532972394	0.0633735189628094
h1SMcG0017680	-1.57485462764626	0.18978136989386
h1SMcG0017682	-0.685988539812209	0.593040235783384
h1SMcG0017684	-2.15707238141173	0.112963776401616
h1SMcG0017686	-0.955317830793018	0.459302660416537
h1SMcG0017688	0.789763609745143	0.115691293370661
h1SMcG0017690	-0.463756944396619	0.572835905780801
h1SMcG0017692	0.117179045433387	0.789857362711959
h1SMcG0017696	-1.45914272025067	0.0932705028353099
h1SMcG0017697	-2.1992464325981	0.102415543840389
h1SMcG0017701	1.02118195475933	0.0929497890588152
h1SMcG0017704	1.19441759926777	0.0214583691619607
h1SMcG0017705	0.0491051971552201	0.956097281245736
h1SMcG0017706	-0.903656539706443	0.0891941750661592
h1SMcG0017711	-1.31776832320204	0.402865951312225
h1SMcG0017713	-1.1845309712477	0.159052199734559
h1SMcG0017715	0.417940258000342	0.357314495135827
h1SMcG0017718	0.315241160843664	0.853341131359084
h1SMcG0017720	0.680259098250367	0.0417069010793552
h1SMcG0017721	-0.118333787590096	0.910303704041727
h1SMcG0017722	2.03140975744167	0.0526029810336146
h1SMcG0017723	-1.34755349318992	0.137004857986778
h1SMcG0017724	-1.14431094951117	0.329922448601693
h1SMcG0017726	-1.29197132613127	0.243369626322633
h1SMcG0017728	-0.172370982136869	0.844747553726484
h1SMcG0017729	-0.532478237230798	0.482685945431649
h1SMcG0017730	-0.431211582830325	0.707084350254673
h1SMcG0017732	-1.71665683365766	0.128665108842662
h1SMcG0017733	-0.43709722156296	0.775020343690953
h1SMcG0017734	-0.482666789040968	0.200053154585224
h1SMcG0017740	-1.17989819400598	0.00496855476703028
h1SMcG0017743	-1.38621489973608	0.142489223167398
h1SMcG0017745	1.86916058140525	0.0911558535882871
h1SMcG0017748	-0.923668821323497	0.0351265988044509
h1SMcG0017749	5.22572484032316	0.000000000000000000000000000000000000154756761659857
h1SMcG0017750	0.915752206280439	0.349320721913987
h1SMcG0017752	0.225937761859691	0.812914560487689
h1SMcG0017754	-0.795978433909468	0.598925590842484
h1SMcG0017755	-0.859290637525674	0.436532814635388
h1SMcG0017757	1.40945157372285	0.12305311361989
h1SMcG0017758	2.14859092178684	0.0000000000000191239175327929
h1SMcG0017760	-0.652728489857555	0.466369253590817
h1SMcG0017761	0.0323274825303455	0.957534043503773
h1SMcG0017763	1.99143717801625	0.0000381512784492453
h1SMcG0017767	0.45943115630217	0.778486794222968
h1SMcG0017769	-1.03854371567732	0.323416976740162
h1SMcG0017772	1.4165797091581	0.0986241671168923
h1SMcG0017774	0.376345735765462	0.195893615590302
h1SMcG0017775	-2.74085323523514	0.0338545156810655
h1SMcG0017777	0.535413066154636	0.416875586559905
h1SMcG0017779	-1.173579613621	0.300889430082187
h1SMcG0017788	-2.11009524811468	0.16106211674462
h1SMcG0017792	-0.653029692425463	0.672477865959782
h1SMcG0017799	0.0814271409038871	0.923154986951963
h1SMcG0017802	-1.34032926086541	0.112156712509941
h1SMcG0017803	0.173300753159476	0.917307979093592
h1SMcG0017804	1.56568041347019	0.00913946792382614
h1SMcG0017805	0.117720129854111	0.921859961571931
h1SMcG0017806	-2.18458130343408	0.0282025413586471
h1SMcG0017807	-0.983199352693666	0.0590975878608021
h1SMcG0017808	1.64894983896728	0.166443888138392
h1SMcG0017812	-0.695260112997891	0.625494535238481
h1SMcG0017813	-1.64855450055559	0.632461541587899
h1SMcG0017814	-2.70878735033892	0.00000000142907487213235
h1SMcG0017816	-1.43788254899076	0.050660097701404
h1SMcG0017818	-0.0703826567219757	0.931996699285053
h1SMcG0017819	-1.50765914627357	0.000606905607581745
h1SMcG0017826	2.23604565771366	0.00020076268715318
h1SMcG0017831	0.726941517436693	0.303716920942181
h1SMcG0017833	1.06463131513007	0.279998628461804
h1SMcG0017834	-1.86356434721446	0.00317250882765829
h1SMcG0017836	-1.18082800707363	0.0470751310350975
h1SMcG0017837	2.17568063605467	0.000000000000652797553178292
h1SMcG0017839	0.350743701205114	0.491329035818649
h1SMcG0017841	-1.41381136265264	0.287010620194934
h1SMcG0017842	0.165063378063875	0.904223833166944
h1SMcG0017844	-0.248839234537571	0.790481871124144
h1SMcG0017846	-0.970932989598198	0.211461978269695
h1SMcG0017851	-4.16542607768891	0.00000161552492611523
h1SMcG0017852	-0.326164183495979	0.73682429057891
h1SMcG0017853	-2.15582974531659	0.552415752300057
h1SMcG0017855	-1.5866032685218	0.143182730402855
h1SMcG0017856	-0.753122731903272	0.536453404383305
h1SMcG0017858	-2.85075296906782	0.050660097701404
h1SMcG0017860	-0.87167465798273	0.559698673855288
h1SMcG0017861	-1.04540667566794	0.426194642978491
h1SMcG0017862	3.1800996206784	0.00723583233694249
h1SMcG0017863	2.32653578201483	0.0466360008340374
h1SMcG0017864	1.8868528202781	0.00000250888978085013
h1SMcG0017868	0.510301074025793	0.611838489952637
h1SMcG0017871	2.2163389341845	0.000174843497133127
h1SMcG0017872	0.296276377743029	0.587511843050747
h1SMcG0017876	0.263260374597371	0.72074610180462
h1SMcG0017877	-0.652800551209283	0.576931896770205
h1SMcG0017878	1.59037629706584	0.155141766937472
h1SMcG0017879	-0.743585231329632	0.329466891184925
h1SMcG0017880	2.88739057060838	0.000000000000000000000000000000013238316116768
h1SMcG0017881	1.85251960311382	0.00210777676659884
h1SMcG0017882	0.0193349466039018	0.983446396908598
h1SMcG0017883	-1.16999219611774	0.166669065548119
h1SMcG0017884	-1.32855288580204	0.33226180942737
h1SMcG0017885	-0.471478739416555	0.548147997573057
h1SMcG0017886	-1.29728778850497	0.111742325431975
h1SMcG0017891	-0.866513012810747	0.189549775414316
h1SMcG0017894	0.763222246300544	0.461190534894441
h1SMcG0017896	0.540738430291502	0.662328989639443
h1SMcG0017897	-1.51120505643439	0.0397567657150961
h1SMcG0017898	-0.794205207219274	0.289431777737265
h1SMcG0017899	-0.759340397692877	0.628895562274529
h1SMcG0017901	1.92767802616445	0.00148923246974858
h1SMcG0017903	-0.856177563196025	0.442058167790384
h1SMcG0017904	-1.15081280897847	0.137211827303257
h1SMcG0017906	-0.0935817740900299	0.909367871914939
h1SMcG0017909	-0.454706836182097	0.470214099468835
h1SMcG0017911	0.610727979473287	0.209452259858329
h1SMcG0017912	0.684953482818795	0.181206518162308
h1SMcG0017916	0.783688363765714	0.283202129836615
h1SMcG0017918	0.411026083111584	0.341876346291386
h1SMcG0017920	-0.894602789886372	0.0220413524961924
h1SMcG0017921	-0.0483581799052058	0.929104865946482
h1SMcG0017922	-3.31258171000331	0.0144108932240803
h1SMcG0017929	-2.3268801382129	0.0250713008210004
h1SMcG0017930	-1.27682079080838	0.211058469897915
h1SMcG0017937	-1.59100284932136	0.000610600497354143
h1SMcG0017939	-2.12939543171693	0.160442947098985
h1SMcG0017941	0.878200363712869	0.45925434243037
h1SMcG0017943	1.54936718505772	0.0206534879229758
h1SMcG0017952	-0.225696286083897	0.790291098708013
h1SMcG0017953	-1.6517210118824	0.0707800545475058
h1SMcG0017954	-0.192765192876213	0.716822755637692
h1SMcG0017955	1.64217518119955	0.00000171484688268371
h1SMcG0017956	-2.08292262902225	0.134951468965034
h1SMcG0017957	-3.4390025730994	0.000000221556383676945
h1SMcG0017958	-0.211827416671715	0.828657146373062
h1SMcG0017959	-0.971027881927073	0.00927317439731476
h1SMcG0017962	-0.795073446106642	0.598289623256082
h1SMcG0017964	-0.740754041802061	0.248891599607883
h1SMcG0017965	-1.22720475989644	0.0699335393031255
h1SMcG0017968	0.293949439610408	0.83181186487965
h1SMcG0017970	-0.112016295637949	0.940490323157142
h1SMcG0017971	-0.71893699787552	0.157001210524187
h1SMcG0017974	-0.396335544554349	0.555469208362453
h1SMcG0017981	0.485448247143402	0.113475459401927
h1SMcG0017983	-1.10536969583777	0.326186053038967
h1SMcG0017984	0.171216483458257	0.809051274648326
h1SMcG0017985	4.13633597289658	0.0000000000000000229809616504733
h1SMcG0017987	-0.260691578259877	0.684926643333479
h1SMcG0017988	0.709836393784999	0.297651288768092
h1SMcG0017989	-0.860799447032732	0.0699805330722635
h1SMcG0017993	-0.454128669460584	0.450748208080595
h1SMcG0017995	0.061050933875748	0.888052284914796
h1SMcG0017997	-0.18889146734152	0.760139738101082
h1SMcG0018000	1.08762098072752	0.00750687167063769
h1SMcG0018001	0.836029225902159	0.455287018130944
h1SMcG0018002	2.49807886275361	0.00000000000000000000000000000000000000185843119329131
h1SMcG0018006	-1.25490284931412	0.431801139098279
h1SMcG0018007	0.0688397904898641	0.957977759224696
h1SMcG0018008	-1.65399637925691	0.25055551968253
h1SMcG0018011	0.412149342127512	0.207020887736261
h1SMcG0018012	0.967627550268565	0.00281287023997207
h1SMcG0018014	0.129642893071134	0.92048888032773
h1SMcG0018016	0.136106569008281	0.788532408120762
h1SMcG0018017	-0.241440548231813	0.615759060627698
h1SMcG0018019	-2.71857735016141	0.0686053729543107
h1SMcG0018024	0.101648214150079	0.868728774868049
h1SMcG0018025	-1.67734677457228	0.255899950122186
h1SMcG0018026	-1.59945495206913	0.0000562894459455004
h1SMcG0018029	-0.504735230893224	0.679987095430339
h1SMcG0018030	0.454527014753083	0.50820322453358
h1SMcG0018032	-2.88243429897603	0.0223147234781394
h1SMcG0018034	-0.605250263053408	0.560818801227925
h1SMcG0018036	-1.04000080926656	0.208958528361727
h1SMcG0018037	0.0547255459964644	0.93356010413359
h1SMcG0018039	1.92497058705919	0.00040214806061662
h1SMcG0018040	-0.308598116227882	0.629019350930941
h1SMcG0018042	0.434395454678029	0.33254477896707
h1SMcG0018045	-2.09518649665769	0.165400873545819
h1SMcG0018047	-1.69395711817733	0.0356569594473288
h1SMcG0018049	-0.678315850182488	0.668090437364273
h1SMcG0018050	0.492725058644812	0.262604213132567
h1SMcG0018051	0.17808425691183	0.674208449861917
h1SMcG0018052	1.34775945618075	0.0000666927318566721
h1SMcG0018053	1.6007839100171	0.0441329850406862
h1SMcG0018054	-1.78248276511503	0.0551588938349853
h1SMcG0018055	0.306238051990108	0.706468152306766
h1SMcG0018057	0.496919730186412	0.29711671641895
h1SMcG0018059	6.16741562885181	0.00000000000000000000000000000000000000000000000185585681414753
h1SMcG0018061	-2.24306218078856	0.00276993090341872
h1SMcG0018063	0.998186376423144	0.111879972459958
h1SMcG0018067	0.758660350471587	0.547189519968304
h1SMcG0018069	0.644888418600098	0.0997792424866665
h1SMcG0018072	-1.45042965244993	0.187108036918472
h1SMcG0018074	-1.48712130096903	0.20359714474492
h1SMcG0018078	-0.368103880111272	0.814000059169901
h1SMcG0018079	-0.423460376396845	0.813099803387827
h1SMcG0018081	-0.616713379218993	0.0486669963003315
h1SMcG0018082	-0.389450431321511	0.368374259762398
h1SMcG0018083	0.773157770204823	0.183935757992651
h1SMcG0018089	-0.312496750947788	0.626349220300792
h1SMcG0018090	-0.237315711715985	0.771973494722237
h1SMcG0018097	0.10940608669747	0.874508750142804
h1SMcG0018098	-1.09962248865042	0.452139499137123
h1SMcG0018100	0.846944513119127	0.0605122010561651
h1SMcG0018103	-1.18863700343381	0.0690539606754978
h1SMcG0018109	-1.25718685256609	0.21721827002141
h1SMcG0018110	-1.12266463116827	0.217535002727867
h1SMcG0018112	0.828629353801555	0.436532814635388
h1SMcG0018114	-0.210329659023637	0.911002813383399
h1SMcG0018115	2.15302166338711	0.000196816166461043
h1SMcG0018118	-0.737126932202283	0.509752553752588
h1SMcG0018123	-1.12141279307894	0.30596835333596
h1SMcG0018124	0.216646019120219	0.692114409207891
h1SMcG0018126	1.46533322767708	0.0188854391777979
h1SMcG0018128	-0.0919570199591343	0.953271817368573
h1SMcG0018129	-2.20776496329044	0.107308837677301
h1SMcG0018130	0.111226964986089	0.948363830300134
h1SMcG0018133	0.214677261967989	0.773051566316709
h1SMcG0018135	1.5503445933326	0.414268485937421
h1SMcG0018136	0.958780558186512	0.0298310865306068
h1SMcG0018139	-0.353049425931911	0.407734988444257
h1SMcG0018140	-1.10351872612855	0.0190503568640662
h1SMcG0018142	1.02133855440888	0.19865771450838
h1SMcG0018143	-1.24420650745222	0.00286615146481895
h1SMcG0018144	-3.47050946770484	0.0000000122157901360544
h1SMcG0018145	-2.06063204299009	0.0000380877944689055
h1SMcG0018146	0.0411444882313703	0.939574220580765
h1SMcG0018147	0.179593387048418	0.784075361336928
h1SMcG0018149	-1.26603940391052	0.301260490663835
h1SMcG0018150	-0.532497638462732	0.380686249256592
h1SMcG0018151	0.344164734905465	0.50918982459872
h1SMcG0018154	-2.04877008613909	0.125703585975322
h1SMcG0018156	0.659760234923564	0.659236700272959
h1SMcG0018157	-3.46129403881454	0.00539921403275943
h1SMcG0018162	2.85732245235118	0.00000971020815299268
h1SMcG0018163	4.53919591479948	0.000000000000000000000262129427050504
h1SMcG0018165	-1.24750922955653	0.0137307785510591
h1SMcG0018166	-1.80792774638719	0.00000000020125134082465
h1SMcG0018167	0.436585309379873	0.352421323655264
h1SMcG0018173	1.05363462665253	0.222319957696777
h1SMcG0018179	-1.02969582907616	0.107187594568157
h1SMcG0018180	0.316938699405235	0.481505379501578
h1SMcG0018181	0.421396279919198	0.349457899829731
h1SMcG0018182	-0.762911409450131	0.584170070235908
h1SMcG0018183	-0.805094482422732	0.331682395211238
h1SMcG0018184	-3.47018396700753	0.00823674745567652
h1SMcG0018185	-1.75182797527687	0.164876818532842
h1SMcG0018186	-1.35878279713625	0.264395276636822
h1SMcG0018187	0.98047226824846	0.507064020111204
h1SMcG0018191	0.0420462158428709	0.972391043693941
h1SMcG0018192	-0.0256480579806586	0.951539164520496
h1SMcG0018193	-2.14155811971676	0.152464752231904
h1SMcG0018195	-2.21082465027329	0.114254630878158
h1SMcG0018196	1.20656824104639	0.045536288870928
h1SMcG0018197	-0.417104037880408	0.479454289104563
h1SMcG0018198	-1.34855771799753	0.178840558249018
h1SMcG0018199	-0.768655272369965	0.0859011607022789
h1SMcG0018202	-0.670303839227022	0.324614160178839
h1SMcG0018203	0.95186135100479	0.379578138657981
h1SMcG0018205	-0.185870696751336	0.880829561629806
h1SMcG0018207	1.81177598880033	0.00000000147904158625728
h1SMcG0018208	-2.42148554204747	0.103897803228258
h1SMcG0018209	-0.600950077158978	0.0830831777328819
h1SMcG0018210	0.874719103572192	0.030053185258047
h1SMcG0018211	0.793935845441979	0.0249331927957753
h1SMcG0018213	4.42863476614255	0.000000000000000000000000000000000131384519799296
h1SMcG0018216	-0.120874589376635	0.903996464462461
h1SMcG0018217	-0.758089464768056	0.626841874834583
h1SMcG0018218	-1.84249129346665	0.150666433665822
h1SMcG0018220	2.67796911248299	0.0000120932117454561
h1SMcG0018223	0.660209462199599	0.577622300414335
h1SMcG0018224	-0.206026224621388	0.816867752261503
h1SMcG0018227	0.529886235282643	0.714706682119845
h1SMcG0018229	0.360104125277484	0.830654275437839
h1SMcG0018230	-1.04355373897124	0.158490898618324
h1SMcG0018231	1.0877388987962	0.377317608548774
h1SMcG0018232	2.4403036228729	0.00000000000000000000000991439855695573
h1SMcG0018236	1.12146467906445	0.43974430456003
h1SMcG0018238	3.8314576551614	0.00000651341791216086
h1SMcG0018239	0.639856332306499	0.652468543899956
h1SMcG0018242	1.08645311304324	0.00167272354673396
h1SMcG0018243	-0.470903448132684	0.424286194437874
h1SMcG0018245	1.4033538845004	0.0016620931688306
h1SMcG0018247	0.755493932734176	0.576846113685046
h1SMcG0018248	-1.09262671932336	0.440393742412028
h1SMcG0018251	-1.55910240415233	0.0243213633452548
h1SMcG0018252	-0.697261780220728	0.253190959397401
h1SMcG0018253	-1.00810880534305	0.489087424109608
h1SMcG0018255	5.59498045230754	0.000000000000000000000000000000000184257244916155
h1SMcG0018256	-0.046684381644818	0.951539164520496
h1SMcG0018260	-0.336940401745215	0.836199691490245
h1SMcG0018262	0.0288710644209474	0.967198297962569
h1SMcG0018267	-1.07585669888501	0.177414713530478
h1SMcG0018269	-0.573119031541	0.705125648474456
h1SMcG0018271	-1.22283167321992	0.148154179343828
h1SMcG0018273	-0.723545317065924	0.348156443516958
h1SMcG0018274	-0.0955993289325225	0.959568965600795
h1SMcG0018275	-1.27363307558368	0.299749790732789
h1SMcG0018277	-1.9386572952399	0.00611921626954509
h1SMcG0018282	-1.5500474320274	0.209829101505321
h1SMcG0018284	-0.0483352169998433	0.963540730430221
h1SMcG0018285	-0.868127660846035	0.015877773453408
h1SMcG0018286	0.046277158190026	0.983446396908598
h1SMcG0018287	1.54740312644312	0.112003533567329
h1SMcG0018288	1.25720045313061	0.0000128267662137642
h1SMcG0018289	-3.82805966128373	0.00219256607514372
h1SMcG0018292	-0.689164836570679	0.168183904495642
h1SMcG0018293	-0.873831667671224	0.202390750232958
h1SMcG0018294	-1.71311606748361	0.283290947100803
h1SMcG0018295	-0.0666789290338393	0.95748645633846
h1SMcG0018296	-0.419701791369179	0.818381724657269
h1SMcG0018297	-1.1115509986656	0.259947170843267
h1SMcG0018298	0.766798399229255	0.347501278111033
h1SMcG0018299	-0.370067821955188	0.832375445765581
h1SMcG0018302	-1.46968759544995	0.00276993090341872
h1SMcG0018303	-0.913797462474728	0.073781052774931
h1SMcG0018304	-3.9202427511674	0.000283311925363684
h1SMcG0018307	-1.16297344615404	0.027298923979859
h1SMcG0018308	-1.23658669704828	0.189655518029276
h1SMcG0018309	-0.440188079455725	0.699070993388392
h1SMcG0018310	0.145059109525669	0.884245357515652
h1SMcG0018311	-1.15715504853031	0.255858928735884
h1SMcG0018313	-0.81113359778552	0.629019350930941
h1SMcG0018314	0.387232187948491	0.803663827047174
h1SMcG0018315	0.194439746966028	0.86189239138515
h1SMcG0018316	-0.39405909389498	0.42603937290688
h1SMcG0018317	-2.18466272193312	0.0761984254639867
h1SMcG0018318	-0.0237174341118572	0.979266189988995
h1SMcG0018319	0.816516570529861	0.310290231910554
h1SMcG0018320	-0.886330073788498	0.560174091546138
h1SMcG0018321	0.0931001144940067	0.944756725567653
h1SMcG0018323	-0.187459978068461	0.743074240529577
h1SMcG0018330	0.864808050161897	0.333217910313456
h1SMcG0018332	-1.30178278387407	0.00705274684954234
h1SMcG0018333	0.423602375045724	0.470314510166989
h1SMcG0018334	-1.20663455798045	0.359827048566766
h1SMcG0018339	0.339387871570265	0.541881523824084
h1SMcG0018340	-2.44449863024374	0.0849580107706305
h1SMcG0018341	0.368270581074919	0.695393294974403
h1SMcG0018342	-0.224224207314817	0.694734703529191
h1SMcG0018346	-1.21873996686148	0.215690760573441
h1SMcG0018347	-1.13048526337717	0.34763544457139
h1SMcG0018348	-1.82987596266609	0.173112278029651
h1SMcG0018349	-0.261320319235861	0.599129071495034
h1SMcG0018353	-0.104507322652837	0.855434184081016
h1SMcG0018354	0.0320946011323987	0.974790739654132
h1SMcG0018355	4.28826357748406	0.000000000000029257890914498
h1SMcG0018356	3.83023488845254	0.0000000000000508905202240375
h1SMcG0018359	-1.23829865573586	0.0765785043008601
h1SMcG0018360	0.238804323691728	0.832375445765581
h1SMcG0018362	-1.43534673275086	0.174351478980426
h1SMcG0018365	-0.359244932326589	0.815506133888156
h1SMcG0018366	0.597767527313979	0.0861982544164202
h1SMcG0018370	-0.112938506296865	0.807179643697994
h1SMcG0018371	1.573352233185	0.046017522509734
h1SMcG0018373	0.541370712581759	0.292911492636436
h1SMcG0018374	-0.488814410071734	0.526297420334732
h1SMcG0018376	1.66560185018788	0.000568239965132288
h1SMcG0018377	0.0620096167067465	0.917167534860971
h1SMcG0018381	-0.423595796122537	0.774059177677652
h1SMcG0018386	0.389717805290838	0.353451149118992
h1SMcG0018387	-2.07876600460521	0.0027127201433863
h1SMcG0018390	-0.745565764076946	0.641156116386222
h1SMcG0018395	-0.49396024674534	0.459022942541236
h1SMcG0018396	-0.214730907650703	0.602246241940773
h1SMcG0018398	0.842262465212645	0.045315995614318
h1SMcG0018399	1.63152816064782	0.00338676235718579
h1SMcG0018400	0.218442028534141	0.62734112436086
h1SMcG0018401	-0.743270371325328	0.156075522547172
h1SMcG0018403	0.197752444186042	0.702911291994535
h1SMcG0018404	-2.67730876195255	0.073582152678671
h1SMcG0018409	-1.48568673281967	0.0955361504751742
h1SMcG0018416	-0.789066799319482	0.427572445013005
h1SMcG0018418	-1.56034355015913	0.18322410300329
h1SMcG0018425	0.205873053573643	0.913784771385345
h1SMcG0018431	2.25938528600865	0.0016400944511097
h1SMcG0018432	-0.434214815508789	0.505606110660274
h1SMcG0018433	1.46733767023726	0.184918560609117
h1SMcG0018436	-1.81418254817796	0.000375944685758476
h1SMcG0018438	1.73056731928266	0.119204357253083
h1SMcG0018440	-0.0435202977728643	0.954713167423337
h1SMcG0018442	0.618381329908671	0.077314267134074
h1SMcG0018446	1.69508294734373	0.0025846415414278
h1SMcG0018449	-3.42458909785795	0.00113537504400179
h1SMcG0018450	-1.8356903138367	0.091122031699796
h1SMcG0018452	1.40139806751478	0.00189166725577838
h1SMcG0018454	0.134888851341766	0.914187059945121
h1SMcG0018459	0.633348229909217	0.558516156648681
h1SMcG0018460	-0.565840623060575	0.419922106466544
h1SMcG0018462	-0.440114043311144	0.793685509294664
h1SMcG0018463	-0.606264556459363	0.714631634720336
h1SMcG0018466	0.273170168621034	0.595293183461064
h1SMcG0018468	-1.73090876367296	0.14699958442343
h1SMcG0018470	0.0900265272783317	0.938810356253989
h1SMcG0018471	0.116129414957406	0.789712338875246
h1SMcG0018473	0.301632087899381	0.399455072807966
h1SMcG0018474	-0.796764092223627	0.0212619323634097
h1SMcG0018475	-1.41522326963478	0.000000537080510401341
h1SMcG0018476	-0.190322552164839	0.763646643490153
h1SMcG0018479	0.257051133838512	0.882500928051623
h1SMcG0018480	-0.851481374810791	0.301943164353986
h1SMcG0018483	-0.488943533444643	0.131241422581041
h1SMcG0018485	-0.298048719125306	0.834042758327033
h1SMcG0018493	-0.241865694611755	0.790000977818526
h1SMcG0018497	-0.954729917965666	0.0349090224827456
h1SMcG0018508	0.860580754240977	0.0288308523870678
h1SMcG0018509	-0.275414480243381	0.708742458519154
h1SMcG0018513	0.74247105076666	0.111549043126717
h1SMcG0018514	-2.37842335821143	0.036421730634555
h1SMcG0018517	5.634564780747	0.0000000654462511572871
h1SMcG0018519	-0.689992918920051	0.452709910615871
h1SMcG0018521	0.142328860231501	0.722672127605288
h1SMcG0018529	-1.93997965653843	0.00000000113192993902083
h1SMcG0018531	-0.679984994377261	0.0801216797891016
h1SMcG0018532	0.0215220626033014	0.978027996275277
h1SMcG0018533	1.42431561803991	0.00127699080816705
h1SMcG0018534	-0.211583975431541	0.688905680892071
h1SMcG0018535	-0.775063852761844	0.281238423233583
h1SMcG0018537	2.42092909575873	0.00000000000000000000000396759481412421
h1SMcG0018538	-0.454245303226257	0.224208278178682
h1SMcG0018540	-3.37857682427969	0.00108688943592694
h1SMcG0018542	1.29691061342957	0.00000360704495705575
h1SMcG0018543	-2.80863633609675	0.00000263641732321614
h1SMcG0018545	-0.0662903082593784	0.975949508435966
h1SMcG0018547	-0.0701613384273705	0.928035539240731
h1SMcG0018548	-0.13203831534189	0.774045320493823
h1SMcG0018551	-0.598370930521956	0.491329035818649
h1SMcG0018552	-1.17296992646353	0.294032186398289
h1SMcG0018555	0.883645843676054	0.0459853999025853
h1SMcG0018563	-0.703683080706913	0.540337774509028
h1SMcG0018564	-1.14824233835946	0.0113487978286616
h1SMcG0018568	-2.49357993948342	0.0771720131493948
h1SMcG0018569	0.671561485892421	0.605661627641551
h1SMcG0018574	0.220684336703089	0.452049863365445
h1SMcG0018575	1.12603251174135	0.00513292619757546
h1SMcG0018576	0.351536632102021	0.819588244901083
h1SMcG0018577	-0.352330523389564	0.71282809502188
h1SMcG0018584	0.0103354162143453	0.992629890331887
h1SMcG0018585	-0.0289908413297989	0.979826347265129
h1SMcG0018587	-0.559166270179252	0.371041780514832
h1SMcG0018591	-1.56617130344578	0.23175635449109
h1SMcG0018593	-1.64164397138299	0.174504892972962
h1SMcG0018594	-0.895494496412617	0.549882932733958
h1SMcG0018597	1.89955326944303	0.000000148405552629204
h1SMcG0018598	-0.656992827117499	0.574389091024853
h1SMcG0018601	-2.1987324774904	0.0216901483438876
h1SMcG0018608	0.41892487842208	0.321651470531565
h1SMcG0018612	-1.03849808765719	0.0431530904984687
h1SMcG0018618	0.275107377749995	0.706076246255973
h1SMcG0018621	-1.71053966882013	0.000000165762257805
h1SMcG0018622	0.118631303396121	0.893914306362738
h1SMcG0018623	-0.786984474292687	0.0823098113795404
h1SMcG0018626	0.843008047935951	0.258478730259277
h1SMcG0018628	-0.493717972231711	0.614792133190608
h1SMcG0018629	-0.00700534886185224	0.996067651083725
h1SMcG0018630	-0.586718303467412	0.59014735603581
h1SMcG0018631	1.5580549250676	0.0000524787559929931
h1SMcG0018635	-1.87741953694458	0.00000039660427410689
h1SMcG0018636	-0.518182939310466	0.720482452536351
h1SMcG0018640	0.0643147740506545	0.937879739365316
h1SMcG0018643	-1.73828668726452	0.0171143517129993
h1SMcG0018644	-1.4772279853378	0.104002495484628
h1SMcG0018645	-1.32344841392708	0.135999000321759
h1SMcG0018646	-2.0189323439401	0.0155589844556414
h1SMcG0018648	0.271694627603965	0.717486013225402
h1SMcG0018649	1.67991849502677	0.0000000034316121245911
h1SMcG0018654	-2.43907658859105	0.08923247141774
h1SMcG0018656	-1.01540562790672	0.353535818596321
h1SMcG0018657	1.07257049229105	0.00346109737686905
h1SMcG0018658	0.340249923966969	0.364890599914981
h1SMcG0018659	-2.04551965714531	0.000647149129038207
h1SMcG0018660	-1.21431597343475	0.0107872999902486
h1SMcG0018662	-0.560515155510297	0.460615612087818
h1SMcG0018666	-3.25725624441836	0.000922251705429354
h1SMcG0018667	0.283136825480462	0.66101512103875
h1SMcG0018668	-1.22351004712908	0.00991511134560231
h1SMcG0018669	3.53644749822387	0.0000000000000000100271596820953
h1SMcG0018671	0.487740582760949	0.511169178393752
h1SMcG0018673	1.04781068324273	0.348434493032656
h1SMcG0018674	-0.317216067522589	0.578905428124221
h1SMcG0018675	-1.13464258773635	0.421575116895087
h1SMcG0018677	-0.474302985247859	0.668297168395803
h1SMcG0018680	-0.424747755255397	0.399966320106989
h1SMcG0018681	-0.288987116420766	0.873091942360554
h1SMcG0018682	-0.881855410584287	0.248297377615062
h1SMcG0018683	-0.251690553490766	0.890783581573765
h1SMcG0018684	-2.20639089485788	0.000000322075165149034
h1SMcG0018685	-0.526475743907414	0.461162272145961
h1SMcG0018686	-1.13370025309931	0.435325394702578
h1SMcG0018687	-0.214083344979974	0.669081366845932
h1SMcG0018689	-2.90515682415365	0.00121286672523271
h1SMcG0018691	-0.304751322001417	0.761632029044585
h1SMcG0018695	3.00993338778905	0.0000000000254038836067786
h1SMcG0018698	-1.33244534979892	0.0158932169802239
h1SMcG0018699	0.158273073598535	0.69706849645288
h1SMcG0018700	0.138235933215301	0.862032144446193
h1SMcG0018701	-0.971862291611168	0.267664724466656
h1SMcG0018703	-1.43551116326158	0.219696072943879
h1SMcG0018704	-0.243114015816169	0.499221626063071
h1SMcG0018707	-1.28432605262882	0.000195913782146772
h1SMcG0018709	-2.41183225685717	0.000260324746282215
h1SMcG0018713	-0.31434980188529	0.668042141206866
h1SMcG0018715	-0.992181934831108	0.540841491226974
h1SMcG0018716	1.7652445468172	0.0396275886477633
h1SMcG0018721	-0.409454126019652	0.539414604210472
h1SMcG0018722	-1.72489911612717	0.100016687066189
h1SMcG0018723	-1.31718581180075	0.209084733925357
h1SMcG0018724	1.58665207900875	0.0777272395472529
h1SMcG0018725	-0.924276727521909	0.036002394788538
h1SMcG0018726	1.89770872449899	0.0850792952879513
h1SMcG0018728	0.782665000746131	0.0373908180831998
h1SMcG0018729	-0.788916122477424	0.303959605471449
h1SMcG0018731	-0.22619576599988	0.80829557910326
h1SMcG0018733	-0.575737404971758	0.584690295296997
h1SMcG0018736	-0.610819423501875	0.255480765945062
h1SMcG0018738	-1.43018574634949	0.235234726229191
h1SMcG0018742	4.33196385586424	0.000000000000000000000000420233514573226
h1SMcG0018744	-0.612215557538527	0.268163096057568
h1SMcG0018745	-0.235440849549063	0.886215690033591
h1SMcG0018746	-0.182482851301	0.900825518882607
h1SMcG0018748	-0.485081870325168	0.437162920340075
h1SMcG0018750	-0.432993616753117	0.55146580634501
h1SMcG0018751	-0.556796705538462	0.203319993278606
h1SMcG0018752	-1.31842373547505	0.0314081860261302
h1SMcG0018753	-1.42563246558903	0.0000000451006405549071
h1SMcG0018755	-0.674526248480103	0.235234726229191
h1SMcG0018758	1.56124882772239	0.000178587398069548
h1SMcG0018759	1.349887040208	0.180463710128493
h1SMcG0018760	0.892884892065733	0.0204401640112811
h1SMcG0018765	-1.25691860189768	0.413336736783121
h1SMcG0018766	5.67634715257133	0.0000000000000000000000000000000000000656709879930372
h1SMcG0018767	6.97665008128007	0.00000000148468357060843
h1SMcG0018768	-0.547199092350697	0.467143888496394
h1SMcG0018769	2.56513875916992	0.00000893290177589524
h1SMcG0018772	1.58962461841958	0.000126406015383096
h1SMcG0018773	-1.70682220916349	0.254754483558425
h1SMcG0018774	-1.15864163147829	0.0161903985079421
h1SMcG0018779	1.18726974053335	0.339520635361612
h1SMcG0018789	0.360151255206011	0.790044536948897
h1SMcG0018791	-0.858095976023446	0.171247951071527
h1SMcG0018792	-2.04427293227654	0.0946706837895354
h1SMcG0018794	-0.893422178222693	0.558774585030329
h1SMcG0018795	0.465903635177028	0.780262789165873
h1SMcG0018797	-1.14623234901023	0.145104894986501
h1SMcG0018799	-0.230055442090663	0.749021347458286
h1SMcG0018802	0.316844715271052	0.826455295686082
h1SMcG0018808	-1.13070517392354	0.074347574060605
h1SMcG0018813	2.19217084934987	0.0993405959879198
h1SMcG0018815	-1.8179978066113	0.184477610106919
h1SMcG0018817	-1.67378163524441	0.228859571781564
h1SMcG0018818	0.40213171286481	0.351612012099744
h1SMcG0018819	-1.20685450038903	0.00381322071010565
h1SMcG0018823	0.0623558835697158	0.893694659504284
h1SMcG0018824	-0.922242435366107	0.149567914739906
h1SMcG0018827	0.310407203834336	0.796865220601445
h1SMcG0018828	1.10857121721729	0.0394366392153563
h1SMcG0018831	2.21224934581261	0.0275137773331836
h1SMcG0018832	1.93989997071108	0.00000031091611404601
h1SMcG0018833	1.44895511846753	0.0187133699793799
h1SMcG0018834	-1.31618939687168	0.385918366185994
h1SMcG0018835	-1.49381643548476	0.0998006916006978
h1SMcG0018840	-0.95594959914007	0.443738246250068
h1SMcG0018841	0.211553267059595	0.85198358597096
h1SMcG0018842	0.632162505059945	0.476383032717957
h1SMcG0018844	-2.50305100644115	0.0548444454025435
h1SMcG0018846	-2.31920727620148	0.0766530351779443
h1SMcG0018847	-0.132990532079194	0.945227089968106
h1SMcG0018850	-1.77905986887685	0.000100571294516722
h1SMcG0018851	0.098349358792444	0.933766552000005
h1SMcG0018854	1.05097575006465	0.431705956789918
h1SMcG0018855	1.20680433699086	0.0324093089532609
h1SMcG0018856	0.861337174796983	0.106442070447567
h1SMcG0018858	-0.493075810808128	0.323884070871565
h1SMcG0018859	-1.04784241265787	0.00275990544505398
h1SMcG0018860	-2.79085391671958	0.0392366761808075
h1SMcG0018862	-0.615324832407265	0.493298658668196
h1SMcG0018864	-0.57349811402854	0.457291218456443
h1SMcG0018867	-2.16622395414491	0.153088344683325
h1SMcG0018868	-1.65288434549667	0.153255921258417
h1SMcG0018869	-0.688240186558154	0.549882932733958
h1SMcG0018870	-4.14827115321742	0.000577640502144825
h1SMcG0018872	2.80579266950526	0.00000108127747278203
h1SMcG0018874	-0.454376833423534	0.309340657365192
h1SMcG0018877	0.527208363409219	0.687848563805256
h1SMcG0018879	0.126392903854629	0.92262614827987
h1SMcG0018881	-0.292145982279819	0.74200895335783
h1SMcG0018883	1.30892576115476	0.00116959412176832
h1SMcG0018884	0.00648851905100674	0.994792258805952
h1SMcG0018885	0.142569795693202	0.868728774868049
h1SMcG0018886	-1.73234352053384	0.00000781144454312499
h1SMcG0018888	-0.891395765276299	0.0606850346500464
h1SMcG0018889	-0.54223100043599	0.17326442474257
h1SMcG0018894	-0.206415643384716	0.792092572168705
h1SMcG0018897	0.123770073729549	0.796480182412763
h1SMcG0018899	0.459436027129381	0.477460860492614
h1SMcG0018901	-0.816736106113348	0.313157294995127
h1SMcG0018903	-0.252117433340594	0.705896131123201
h1SMcG0018904	-0.628909938441366	0.236245121242641
h1SMcG0018909	-2.78351719201345	0.0134173832935105
h1SMcG0018912	-0.790029535957451	0.513844952327559
h1SMcG0018919	1.58233187757944	0.187915322612809
h1SMcG0018920	1.49015455193387	0.043766482081777
h1SMcG0018921	-0.0324923941605815	0.97584210713421
h1SMcG0018924	-0.408539810847749	0.745784084742329
h1SMcG0018927	-0.187765614203111	0.731227760973037
h1SMcG0018931	-0.671856155203361	0.276311501403514
h1SMcG0018935	-1.39978849392933	0.356178029941146
h1SMcG0018939	5.08745279813016	0.0000000000000000000000000117699551381661
h1SMcG0018941	-1.00572009964118	0.108411381065747
h1SMcG0018942	-1.25589173884749	0.00747396340531577
h1SMcG0018944	-0.971925394471747	0.133202488034401
h1SMcG0018946	-0.0941809249957845	0.963309623599699
h1SMcG0018950	-1.38389663492848	0.129965622935225
h1SMcG0018951	-0.763261754909096	0.552229611043963
h1SMcG0018952	-0.273855109096971	0.798433250016701
h1SMcG0018955	-0.536873708491182	0.760946401394233
h1SMcG0018956	0.142360127578808	0.838602564618918
h1SMcG0018957	-0.0530903537079862	0.945775791049016
h1SMcG0018958	2.6962639602333	0.0000883794449871496
h1SMcG0018959	3.0325749257751	0.00000000000000000000000182500608992705
h1SMcG0018962	5.18539783880559	0.000000000000000000000000000000000000000000000000000000000000000000000270395899367636
h1SMcG0018963	-0.190052784914795	0.748235345199987
h1SMcG0018964	-1.16070875399728	0.131265489585669
h1SMcG0018966	-0.677555854212971	0.377004383149815
h1SMcG0018968	-2.24859178536146	0.00609674106520963
h1SMcG0018970	-1.91537774780551	0.0495219369206034
h1SMcG0018971	-0.979341073800316	0.566773023838834
h1SMcG0018972	0.163391800360142	0.925615107527006
h1SMcG0018975	-3.93495013755191	0.00145325237606159
h1SMcG0018977	-0.0924947041451899	0.948363830300134
h1SMcG0018978	-1.91579293273071	0.209802231545674
h1SMcG0018982	0.0720715568547211	0.924095847010324
h1SMcG0018983	-1.53492444524242	0.184918560609117
h1SMcG0018984	-1.25872882242243	0.129965622935225
h1SMcG0018986	1.19948108048914	0.398233731798817
h1SMcG0018987	2.01380115785863	0.000000354562130784295
h1SMcG0018988	2.14373146568882	0.00000062712691054806
h1SMcG0018990	2.48166169670991	0.0127514387228218
h1SMcG0018997	-0.860687639216916	0.0210992790763743
h1SMcG0019002	-1.47117528770584	0.210878119679077
h1SMcG0019006	-3.12168771355323	0.0162070192405354
h1SMcG0019008	-0.172840012508665	0.91628655654975
h1SMcG0019012	-0.806416212293473	0.399563025667615
h1SMcG0019017	-1.81127307425474	0.00276448393097634
h1SMcG0019018	-0.956720346997807	0.253190959397401
h1SMcG0019020	-0.90493120966354	0.331695351718499
h1SMcG0019029	1.07571421268047	0.291078826827189
h1SMcG0019030	-2.84050298969233	0.0511811635226338
h1SMcG0019034	-0.381609114110067	0.548046818440308
h1SMcG0019035	-1.70480600356203	0.0702390203930612
h1SMcG0019038	-0.338630368145522	0.787690173651275
h1SMcG0019039	0.0234365572506731	0.990794387364074
h1SMcG0019043	0.192965764236552	0.670951744287328
h1SMcG0019044	0.393102904116095	0.774045320493823
h1SMcG0019047	0.733128220394265	0.56835360981061
h1SMcG0019048	0.845275200261619	0.580761269872802
h1SMcG0019052	-0.860197704579586	0.435828203001335
h1SMcG0019053	-1.03310025909083	0.0228097638964785
h1SMcG0019056	0.403628396878427	0.714631634720336
h1SMcG0019058	-1.08894899717783	0.406629189443042
h1SMcG0019059	-0.136315347516163	0.875189422665893
h1SMcG0019060	-1.31490445690893	0.00162733891283303
h1SMcG0019063	0.304781207191057	0.549969220487975
h1SMcG0019065	-2.29297438588756	0.0382273318255999
h1SMcG0019067	1.57008486356812	0.123338595281054
h1SMcG0019068	0.969667886082473	0.115747617974152
h1SMcG0019069	0.111224827259223	0.952100566169343
h1SMcG0019073	-1.18301341316109	0.0987309786644021
h1SMcG0019076	-0.202908262637782	0.765893808069558
h1SMcG0019077	1.29757616861672	0.0281961308395623
h1SMcG0019085	1.70894990765973	0.0378906678118199
h1SMcG0019089	-2.70828525911552	0.0718292588128201
h1SMcG0019100	-1.18553054798106	0.300733049678727
h1SMcG0019103	-1.06003522043222	0.00484368020737069
h1SMcG0019105	-2.95023082302932	0.0193772442925759
h1SMcG0019106	0.192530347974024	0.876107744741756
h1SMcG0019107	-1.66179792388398	0.264348940848963
h1SMcG0019108	-0.892774291690596	0.0247445013217557
h1SMcG0019109	-1.02565004604802	0.339039762161047
h1SMcG0019111	3.48216169764907	0.000000500914181706869
h1SMcG0019119	-2.24668170126507	0.0169121723127128
h1SMcG0019121	1.66441390475784	0.291329706978787
h1SMcG0019123	1.25514652673119	0.18931885196342
h1SMcG0019124	1.23661458976997	0.0766310885002923
h1SMcG0019127	-0.115731632804416	0.890026047970162
h1SMcG0019129	-2.24758530338798	0.0944315825130647
h1SMcG0019132	1.156908918217	0.0151451561274466
h1SMcG0019134	-0.474921014386634	0.598788174689448
h1SMcG0019135	1.27897195730062	0.0544356702207875
h1SMcG0019136	0.852312889187821	0.0196924141826896
h1SMcG0019138	-1.45409674652694	0.0376005048680869
h1SMcG0019140	0.114587253159023	0.884501838487767
h1SMcG0019141	0.500666794276696	0.459022942541236
h1SMcG0019142	-0.476548750252771	0.726140939605143
h1SMcG0019144	1.23578325557191	0.00211178180344448
h1SMcG0019145	-1.0270105918834	0.322163002352526
h1SMcG0019146	-2.88846247690297	0.00000000130136782343564
h1SMcG0019147	-2.06855406132973	0.118666624021311
h1SMcG0019148	-1.64139111409317	0.30789785885255
h1SMcG0019151	0.988622125408868	0.531461080709968
h1SMcG0019152	-0.294810797359772	0.809175977564402
h1SMcG0019154	-0.405543997020057	0.690032517964097
h1SMcG0019155	-0.413555673635855	0.779651768228361
h1SMcG0019156	0.110257652142691	0.911448956750715
h1SMcG0019160	-1.55496362731277	0.217535002727867
h1SMcG0019164	-2.13855437948741	0.154397306808068
h1SMcG0019165	-3.68536309471674	0.00211139465109284
h1SMcG0019169	1.84788350578024	0.165162517275266
h1SMcG0019170	-0.937502388506308	0.00759893427310756
h1SMcG0019177	3.73867218847438	0.000000000000000000289822366610016
h1SMcG0019178	-0.492305832354499	0.650527761402461
h1SMcG0019179	-1.45382457361073	0.268126791303148
h1SMcG0019181	0.220820849581684	0.751506204520411
h1SMcG0019182	0.410329889431279	0.778990617499465
h1SMcG0019183	-1.2843858632879	0.171195108886212
h1SMcG0019184	-1.52863284647292	0.0420223890591033
h1SMcG0019185	0.866122139045813	0.456147518306679
h1SMcG0019186	0.927485881049884	0.413577804537569
h1SMcG0019188	-0.00478489061488302	0.99643035227095
h1SMcG0019191	-0.247379077018307	0.657647889695047
h1SMcG0019196	-0.232375170278361	0.699058314383217
h1SMcG0019200	0.4062969711653	0.599129071495034
h1SMcG0019205	-1.01477065563923	0.194046392778586
h1SMcG0019208	0.0611916768648231	0.951463237973611
h1SMcG0019213	-0.518021989266896	0.476999415733506
h1SMcG0019214	-1.65403171506817	0.000647953725192483
h1SMcG0019215	-1.11698168432648	0.00295146202181918
h1SMcG0019218	0.331644051732165	0.437009254773096
h1SMcG0019219	0.288475599934016	0.708899842798081
h1SMcG0019221	-1.62282319106279	0.156836407635161
h1SMcG0019222	-0.577813538301968	0.46681161975703
h1SMcG0019223	-0.205226806309317	0.811230655605217
h1SMcG0019228	-1.4173077965364	0.00356396083467228
h1SMcG0019230	-0.922401293304252	0.268382319077956
h1SMcG0019233	0.478266794289638	0.241594594422407
h1SMcG0019234	-1.80403275435474	0.000404635521521834
h1SMcG0019235	-3.02499084167626	0.0208809604701019
h1SMcG0019236	-0.827841120032282	0.629032579069732
h1SMcG0019237	0.568910198686132	0.355049084797724
h1SMcG0019238	-0.109326505182764	0.956940179427552
h1SMcG0019241	0.120313701895934	0.852668676914828
h1SMcG0019243	4.35184387495636	0.00000000836247517492019
h1SMcG0019244	-2.17505027886543	0.0268666937049029
h1SMcG0019246	-1.20003770129485	0.00991865169076991
h1SMcG0019248	0.470368819130477	0.266342035786773
h1SMcG0019249	1.2829032491136	0.154381931032772
h1SMcG0019250	0.264209086740572	0.657094895572202
h1SMcG0019254	-0.48937058352326	0.668994002757682
h1SMcG0019262	-1.87471522728914	0.0628197655339856
h1SMcG0019265	-0.355612992063996	0.585877707389976
h1SMcG0019266	-0.102895123213172	0.936998304584687
h1SMcG0019267	-0.428262274353954	0.576086190324063
h1SMcG0019276	0.735653234153951	0.224352716838528
h1SMcG0019278	-1.12212721283494	0.326186053038967
h1SMcG0019279	-0.654003774005641	0.160991222118005
h1SMcG0019281	0.323296544238612	0.832417815460033
h1SMcG0019282	-2.96247604942897	0.0139631804279675
h1SMcG0019283	0.29929434464279	0.281637634493599
h1SMcG0019286	-2.10797428141843	0.0852635432793985
h1SMcG0019288	-1.65085996294884	0.19269960910306
h1SMcG0019290	-1.67412575260506	0.206384714964865
h1SMcG0019293	0.39158394349781	0.761983106476951
h1SMcG0019298	-1.49516171163881	0.140529444983146
h1SMcG0019312	-1.51558525464417	0.000838952956422659
h1SMcG0019313	-0.953741326950024	0.386128398848927
h1SMcG0019317	-1.49673880529213	0.320314708183379
h1SMcG0019319	0.323772167616453	0.608584305003177
h1SMcG0019322	-0.908316865697103	0.00368901091143861
h1SMcG0019324	-1.18258599895155	0.254754483558425
h1SMcG0019326	0.559744553756407	0.188258973504621
h1SMcG0019327	0.217831435614822	0.719454437635228
h1SMcG0019331	-0.472432236313153	0.78828876100594
h1SMcG0019332	-1.28593424568908	0.0345699897011098
h1SMcG0019337	-1.93149001549626	0.159056436140247
h1SMcG0019338	-0.552438982663447	0.283202129836615
h1SMcG0019340	-2.69779265347378	0.0742318046244434
h1SMcG0019342	-0.137861104929735	0.803631142915358
h1SMcG0019347	-1.79648217050174	0.0251884852051593
h1SMcG0019348	-0.924983044170155	0.215736982893003
h1SMcG0019351	-1.86450337516506	0.00684089607902076
h1SMcG0019352	-2.71809675135467	0.00723583233694249
h1SMcG0019354	-0.24800753100961	0.656112259358417
h1SMcG0019355	-0.342226437167927	0.670348854104383
h1SMcG0019359	-0.852272942242653	0.0958285986400262
h1SMcG0019362	-0.915133607108819	0.450748208080595
h1SMcG0019364	1.40690690986401	0.147424703473834
h1SMcG0019369	-1.23173049355241	0.0596960331876018
h1SMcG0019371	-1.58089167150726	0.0691573236706941
h1SMcG0019373	-1.97750746089245	0.0000413789645748537
h1SMcG0019374	-0.657099171994691	0.624547298973173
h1SMcG0019375	-0.7136685314107	0.332069558942713
h1SMcG0019377	1.83171175138535	0.00983096651211841
h1SMcG0019382	-1.03865682206668	0.213590719224017
h1SMcG0019383	-3.52868774194294	0.000731860109759156
h1SMcG0019384	-3.1738310338187	0.0076845175017666
h1SMcG0019386	-0.0906052112999942	0.902644640585551
h1SMcG0019390	0.718415183753643	0.626644820561221
h1SMcG0019395	-1.7950864460143	0.150093621921627
h1SMcG0019398	-0.733695275210116	0.134298159204687
h1SMcG0019403	0.531915561324329	0.31590540565065
h1SMcG0019407	-0.884234514243059	0.254358177567675
h1SMcG0019408	-3.21997323179723	0.0188615955256565
h1SMcG0019410	-0.642598011308845	0.296356059302128
h1SMcG0019413	-4.8735454231339	0.00000981819502148205
h1SMcG0019415	-0.324247698462138	0.840985315333483
h1SMcG0019419	0.404509132708125	0.689761961649827
h1SMcG0019421	-1.52406055734869	0.315542251951405
h1SMcG0019423	0.240005737371463	0.787018582243841
h1SMcG0019425	-0.560605074767699	0.331166490726069
h1SMcG0019427	1.59834421879407	0.00268894790056571
h1SMcG0019429	2.92500583758491	0.00000000128735615578877
h1SMcG0019431	2.44798069948512	0.00000000196774775104578
h1SMcG0019433	-0.0755589279524719	0.953488368215291
h1SMcG0019434	0.151145354734248	0.810079070245644
h1SMcG0019437	-0.320558971994604	0.839939897555161
h1SMcG0019440	-2.86700181740258	0.0486365534110689
h1SMcG0019441	-0.685210851422499	0.177076674737596
h1SMcG0019442	-0.487142503254751	0.569086234790254
h1SMcG0019443	3.18775932872026	0.00683900005182774
h1SMcG0019444	0.621059469168437	0.194481261341711
h1SMcG0019448	-2.03566252310966	0.178464723636416
h1SMcG0019454	0.255640709390212	0.649984459783586
h1SMcG0019455	1.17241280260985	0.36490996329009
h1SMcG0019456	5.77661978567938	0.000000000570189560333953
h1SMcG0019457	-0.610661155271817	0.705659884310082
h1SMcG0019458	-0.23564794598422	0.674208449861917
h1SMcG0019459	-0.361661462934209	0.69302616270561
h1SMcG0019460	4.89902299430838	0.000000000000000001246709067998
h1SMcG0019461	0.197476701097324	0.762646850157767
h1SMcG0019463	-0.439893542114156	0.436878489942733
h1SMcG0019466	-0.657818078719789	0.592702718439809
h1SMcG0019467	-1.20800477645362	0.207034538469779
h1SMcG0019469	-0.0833332561718364	0.896119642242632
h1SMcG0019470	0.435078725848275	0.512471100333564
h1SMcG0019471	0.206471129050783	0.571763383216493
h1SMcG0019472	-1.05408468896899	0.0608820425195851
h1SMcG0019473	0.825499355779162	0.393894715412875
h1SMcG0019478	0.0347210487068134	0.950260811600824
h1SMcG0019479	-1.57384086701275	0.289492829081429
h1SMcG0019480	-1.59101336580064	0.0342905820777586
h1SMcG0019481	1.36410714859555	0.115600681392824
h1SMcG0019482	-2.48951284854625	0.000000000000000000000000000199888232560034
h1SMcG0019484	-0.116215302445529	0.950260811600824
h1SMcG0019485	-1.0299039560771	0.109719180397075
h1SMcG0019486	-0.493559124306022	0.467132122722509
h1SMcG0019488	-0.0299827716360871	0.967821552721159
h1SMcG0019489	-1.02301191686069	0.379005976140872
h1SMcG0019490	0.507964564442848	0.380569724368112
h1SMcG0019491	-0.714491229124352	0.329156307590413
h1SMcG0019498	2.69837002996033	0.000000000937297463728725
h1SMcG0019501	-2.67558374161653	0.050660097701404
h1SMcG0019512	1.32697855893045	0.000100571294516722
h1SMcG0019513	-1.07779170013939	0.0036963882676913
h1SMcG0019514	-0.921361182795389	0.140313175725603
h1SMcG0019516	0.482240206373084	0.668340664012479
h1SMcG0019517	0.928478443599402	0.0566659295157688
h1SMcG0019519	-1.41590965547616	0.00679353582656585
h1SMcG0019521	-1.34036057123729	0.00132870539562061
h1SMcG0019525	-0.573174137738507	0.333637095215428
h1SMcG0019526	0.977099894074425	0.421861928773482
h1SMcG0019530	-0.746124671447781	0.393878150683086
h1SMcG0019533	-0.928192603529419	0.138634936148045
h1SMcG0019534	-0.294191411012298	0.78041938438506
h1SMcG0019535	-0.62364896919134	0.411444416447486
h1SMcG0019538	4.9072934060132	0.00000115470137398136
h1SMcG0019539	0.0813296303243735	0.951594777492173
h1SMcG0019548	0.443687910674613	0.48980486190779
h1SMcG0019549	-0.225970771277143	0.882327843252968
h1SMcG0019552	-1.33120929317932	0.209802231545674
h1SMcG0019559	0.737522139142206	0.640444311301017
h1SMcG0019561	-0.860432414328865	0.00743871402852667
h1SMcG0019566	-1.34199654597504	0.329460631109828
h1SMcG0019571	-0.941831848802811	0.0390710920959871
h1SMcG0019573	-1.14871137746573	0.413975206147918
h1SMcG0019577	-0.328794323067486	0.67616578120674
h1SMcG0019578	2.6091580060706	0.000000000000000000000458444538827825
h1SMcG0019579	3.22854228624469	0.00000065161587389605
h1SMcG0019580	-0.233039996272773	0.86189239138515
h1SMcG0019585	-0.0722123335293911	0.928770962930049
h1SMcG0019586	-0.438292265762426	0.75662859502046
h1SMcG0019587	0.454420122544457	0.63245859782957
h1SMcG0019589	-0.782147189131981	0.325426218646839
h1SMcG0019591	-1.85396820560825	0.101553542254299
h1SMcG0019592	-0.32673121809992	0.411266074907577
h1SMcG0019595	-0.339098342213638	0.578866097440331
h1SMcG0019596	-1.75321049886131	0.215921567036371
h1SMcG0019597	-0.461918404988	0.587238172090538
h1SMcG0019600	0.416934040978246	0.666118042336
h1SMcG0019602	1.62732358169493	0.0000310331799201726
h1SMcG0019603	-0.817495306573501	0.0359126942311486
h1SMcG0019606	-1.01335533360495	0.0263660621803972
h1SMcG0019607	0.353251315902636	0.424919509018032
h1SMcG0019608	-2.28718299581439	0.0725049123099692
h1SMcG0019609	-1.12996107078129	0.0330123560352519
h1SMcG0019610	0.264914358900258	0.79348240331968
h1SMcG0019612	2.69914632128618	0.000000115498416219074
h1SMcG0019616	-1.41154758630788	0.191404782325162
h1SMcG0019618	-2.57827217648031	0.0212415502920114
h1SMcG0019619	1.93424966705525	0.101331219749276
h1SMcG0019620	-0.582302010804067	0.686509540492125
h1SMcG0019624	0.493290481396232	0.14642750094085
h1SMcG0019629	-0.420749408298875	0.687848563805256
h1SMcG0019630	2.105426109517	0.0000000000260434335950367
h1SMcG0019633	-0.260219587655365	0.714845980843981
h1SMcG0019637	2.8123883601091	0.0000751471664735861
h1SMcG0019638	2.62471736106147	0.000229988638687336
h1SMcG0019640	1.14394155388038	0.389867541469436
h1SMcG0019644	-0.230363086233219	0.64342352089149
h1SMcG0019646	0.734908316914077	0.0536303228423029
h1SMcG0019650	0.380326808747964	0.353464188220935
h1SMcG0019652	-1.29331788490265	0.125525125975626
h1SMcG0019655	-2.65208354062227	0.00000648012983806076
h1SMcG0019656	-0.45994652015324	0.743733355576138
h1SMcG0019657	1.62558781076765	0.0175466549694216
h1SMcG0019658	0.658213031095095	0.61289032518723
h1SMcG0019661	0.393184474598217	0.76846672469397
h1SMcG0019664	-0.541963731224301	0.551168678256239
h1SMcG0019665	-0.772973184102853	0.486368131251706
h1SMcG0019666	0.555921955076179	0.580622178042848
h1SMcG0019667	8.23474626891052	0.000000000000000000000000281313765609012
h1SMcG0019672	-0.8878240670545	0.47377621660678
h1SMcG0019673	0.274300446578858	0.621503499591709
h1SMcG0019674	0.754325286995676	0.245682930164172
h1SMcG0019677	-0.898910278748055	0.000823466263205485
h1SMcG0019681	0.210040001042695	0.799443412164579
h1SMcG0019682	0.515179468129371	0.35920980590948
h1SMcG0019684	-0.410921812594923	0.784367489924953
h1SMcG0019685	0.0607367671081715	0.964787984477745
h1SMcG0019686	1.2743907092831	0.0312466755689993
h1SMcG0019688	2.27878015366872	0.00000000000622411273615395
h1SMcG0019690	-0.838430569281207	0.285066392760725
h1SMcG0019691	-0.0932203024372257	0.910536828828965
h1SMcG0019692	-0.270283871899716	0.667327369554539
h1SMcG0019693	0.294054006029469	0.472393028740218
h1SMcG0019696	-1.27122375999793	0.153459964880838
h1SMcG0019697	0.472839518940411	0.349521410609
h1SMcG0019698	-4.21076256894925	0.0000146927181637094
h1SMcG0019699	-2.22844182200617	0.130883331315382
h1SMcG0019700	-0.260728330497177	0.854623221718836
h1SMcG0019702	-2.2980036070233	0.113637752163918
h1SMcG0019704	-0.220072989785944	0.744012678159829
h1SMcG0019707	-0.464951312457405	0.285779038713849
h1SMcG0019709	-1.29403944067677	0.0269486924047579
h1SMcG0019710	0.827540163542475	0.503754563765198
h1SMcG0019711	0.507327822602278	0.613180219450496
h1SMcG0019712	-2.94034615544739	0.0127578737203955
h1SMcG0019727	-0.208336202341882	0.704985586290304
h1SMcG0019728	-3.21715535209635	0.0000235636881179102
h1SMcG0019730	0.734896769570069	0.629074252677712
h1SMcG0019731	-0.674706721031067	0.204768863579884
h1SMcG0019733	-0.702480263147944	0.335964981500515
h1SMcG0019737	-1.4588590099813	0.222297024591913
h1SMcG0019739	-1.03267956246686	0.0427376178266886
h1SMcG0019745	0.638157196123988	0.664085804212241
h1SMcG0019747	0.91605113321207	0.2447597788982
h1SMcG0019748	-2.60846665948538	0.00774830992443019
h1SMcG0019749	0.689081013750203	0.156742297914835
h1SMcG0019750	0.379600638985276	0.357533893933517
h1SMcG0019751	-1.69636593433911	0.25504002478994
h1SMcG0019752	-1.91397155588136	0.00000361297718936718
h1SMcG0019753	0.457842801043403	0.489284998169294
h1SMcG0019754	-0.871953895202301	0.20359714474492
h1SMcG0019756	-0.141883006856675	0.770330581806883
h1SMcG0019758	-1.30870162129703	0.000107865330179317
h1SMcG0019762	-2.66369021742158	0.0797083413436783
h1SMcG0019763	1.18987645248185	0.000758010751838083
h1SMcG0019765	-1.27348090050457	0.0534789440676573
h1SMcG0019767	-0.165188189269231	0.862644535840874
h1SMcG0019769	0.0673618694282133	0.921773751394704
h1SMcG0019772	7.56192589043414	0.000000000000000000000000000000000226296241841537
h1SMcG0019775	0.175035168634497	0.814736977285444
h1SMcG0019776	-0.386995867508909	0.525702064926928
h1SMcG0019778	0.268354895223369	0.589637347303553
h1SMcG0019779	-0.180682475131736	0.717230408294743
h1SMcG0019780	2.99547905387369	0.0000000000000000000000000873767512322684
h1SMcG0019781	3.66847762982551	0.00000096723765810599
h1SMcG0019782	0.0106668303873694	0.991864441796375
h1SMcG0019783	8.7045396754924	0.00000000000000000000414068539859502
h1SMcG0019784	8.44008425494591	0.000000000000000000000000000000000000000351427981095238
h1SMcG0019786	-1.68348392200172	0.0941737417773601
h1SMcG0019787	-0.526495876954203	0.160291823776871
h1SMcG0019790	0.402532873368841	0.379005976140872
h1SMcG0019799	-0.581398081498239	0.255288283223577
h1SMcG0019801	-0.521771695605116	0.145504198561724
h1SMcG0019802	0.0372593393762133	0.98179957755461
h1SMcG0019805	-0.159201832576161	0.854566862168814
h1SMcG0019806	-0.256710735327551	0.827643124784735
h1SMcG0019807	-0.135454254261713	0.822811845897323
h1SMcG0019808	-0.425549549859442	0.803464903232684
h1SMcG0019810	-0.106104508381347	0.896102966252761
h1SMcG0019812	-1.78697671444545	0.25582397696158
h1SMcG0019813	-3.73143917768217	0.00137856158890455
h1SMcG0019814	-0.817250399913204	0.29480889976438
h1SMcG0019816	0.100466543621956	0.949224306523359
h1SMcG0019817	-4.20516508291737	0.0000665869108114089
h1SMcG0019819	0.87148367529759	0.416875586559905
h1SMcG0019821	-3.2865074816767	0.000707250264220215
h1SMcG0019823	0.545486159178493	0.674128451976366
h1SMcG0019824	0.285498210363898	0.419851670575535
h1SMcG0019827	1.95023174335581	0.059788837521598
h1SMcG0019831	0.312454340307762	0.846093073533914
h1SMcG0019835	2.8432411276811	0.00000000000129353061984334
h1SMcG0019836	0.364204330971638	0.522732131645238
h1SMcG0019837	-0.839714422633493	0.437305306029223
h1SMcG0019840	0.58019578507213	0.137611649795353
h1SMcG0019841	-1.24610904645404	0.335964981500515
h1SMcG0019842	-0.171252244537696	0.888348493100164
h1SMcG0019843	0.0904913180885991	0.926954709472024
h1SMcG0019844	0.493903716074246	0.512688346346677
h1SMcG0019845	-0.930913511619635	0.0263932206001062
h1SMcG0019846	-0.0315691054419464	0.960968864442963
h1SMcG0019853	-0.354844706019429	0.547660902608653
h1SMcG0019856	-0.633817201515436	0.611383566446294
h1SMcG0019857	0.666978061018037	0.029425621577413
h1SMcG0019862	-0.0701531663678437	0.949678409748137
h1SMcG0019863	-1.22405589985497	0.380801921612405
h1SMcG0019865	-2.02993371054042	0.0967251032533998
h1SMcG0019866	-3.35052485237832	0.00778310967174651
h1SMcG0019867	3.01200028301193	0.0000000000000000000000000266779639838411
h1SMcG0019869	-0.862360946653194	0.0310462444762494
h1SMcG0019871	-2.15628353971407	0.147187296382367
h1SMcG0019881	0.00153850374284417	0.99748970102672
h1SMcG0019885	-0.791832610349687	0.113016556814998
h1SMcG0019889	-0.559235934695416	0.185355895137598
h1SMcG0019890	-2.75729091701399	0.0423034444774287
h1SMcG0019893	-2.32912162709297	0.0458310969001787
h1SMcG0019895	-2.22263022975203	0.00600917010945301
h1SMcG0019896	-3.8487661808347	0.00125448301936084
h1SMcG0019897	-2.30583454518611	0.0025080766594089
h1SMcG0019898	1.77588667785627	0.00328715359861394
h1SMcG0019902	-2.74093586076368	0.0653660972644451
h1SMcG0019903	-3.21829778977205	0.00709564025090236
h1SMcG0019904	0.109777683560385	0.942025462002555
h1SMcG0019906	-2.8688298410145	0.0312096690320494
h1SMcG0019908	-3.062505336916	0.0151171960029907
h1SMcG0019909	-2.35675417077489	0.0509643015804474
h1SMcG0019910	-1.30125192888085	0.0807214541426989
h1SMcG0019911	1.38852073723923	0.0808841411864988
h1SMcG0019913	0.403246204794555	0.401791739630759
h1SMcG0019914	0.12199635980109	0.706948273469465
h1SMcG0019915	-2.75272300984255	0.0666342393021182
h1SMcG0019918	0.281488159430918	0.51963284891407
h1SMcG0019919	1.43711181878682	0.01870456980556
h1SMcG0019920	-1.68505461644487	0.000000711556597999799
h1SMcG0019926	0.307863749323184	0.43337128040367
h1SMcG0019927	-2.1293025289162	0.00000636832028336425
h1SMcG0019929	-1.17708065304015	0.155352625647382
h1SMcG0019936	-1.27826410996688	0.177141822695575
h1SMcG0019939	-0.363020969935068	0.717664574603576
h1SMcG0019941	1.40896823457664	0.000658146438171791
h1SMcG0019949	0.14087659840578	0.908409331006013
h1SMcG0019950	-0.261590456683765	0.687514111575086
h1SMcG0019951	1.95394435219721	0.0100363714178838
h1SMcG0019952	7.97341542941033	0.00000000000000677110469070099
h1SMcG0019962	-0.265460485871597	0.843823956689381
h1SMcG0019963	0.0199738294580517	0.991864441796375
h1SMcG0019967	-0.942270444409481	0.572475169607909
h1SMcG0019968	-0.854795299146895	0.535734118070232
h1SMcG0019969	-0.242299770010248	0.798406046835795
h1SMcG0019970	-0.334505620685792	0.659236700272959
h1SMcG0019972	0.766644245511885	0.05425561250128
h1SMcG0019973	1.2530279006042	0.000732553420264745
h1SMcG0019974	-0.723260408432948	0.457471805040739
h1SMcG0019976	4.01269210776912	0.000881221181807316
h1SMcG0019977	5.22146732984791	0.00000000000000000000000803264666438421
h1SMcG0019978	0.837701392445262	0.386871719652739
h1SMcG0019979	6.54995046487125	0.00000000000000000000000000000000000000000000000035032105519734
h1SMcG0019980	7.97405719840986	0.00000000000000000000000000000000000000000000000000000000000000000000000926841125794087
h1SMcG0019981	-1.77376892273716	0.212022233305025
h1SMcG0019984	-1.57328796147104	0.310032303343293
h1SMcG0019985	-0.952817675773632	0.573796589155589
h1SMcG0019986	-1.29038783145195	0.32498236039303
h1SMcG0019988	-3.08000029875074	0.0160623980236097
h1SMcG0019990	0.485608042297485	0.744445574396675
h1SMcG0019991	-1.23237217530002	0.219154252289916
h1SMcG0019994	-0.224607110087947	0.813143733435709
h1SMcG0019997	0.881320500692893	0.0195824705023072
h1SMcG0019998	-1.25079091792391	0.000046960132050213
h1SMcG0020001	-0.833830020668218	0.0070367958769513
h1SMcG0020002	0.0761659165725535	0.957292816913656
h1SMcG0020003	-0.57342757560491	0.168300451007073
h1SMcG0020005	-0.341258517133777	0.763366386569379
h1SMcG0020007	-1.2782771321123	0.0193676373922693
h1SMcG0020013	-0.460739957309895	0.590525287188222
h1SMcG0020017	-0.360845304812627	0.810027611508004
h1SMcG0020018	-1.43597817831476	0.224352716838528
h1SMcG0020020	-1.57255585009758	0.000747501694723828
h1SMcG0020022	1.69239130762526	0.0172704920645111
h1SMcG0020025	1.92992290739741	0.0139803448458774
h1SMcG0020026	0.117479024631919	0.895636518696944
h1SMcG0020027	-0.865760777749199	0.434172375209833
h1SMcG0020029	0.761234461392177	0.159827802477799
h1SMcG0020030	0.981001755151537	0.285066392760725
h1SMcG0020032	-2.85057983091877	0.0336657775527231
h1SMcG0020034	0.382843388208616	0.74319907684698
h1SMcG0020035	0.221249401429959	0.879592236876006
h1SMcG0020036	-1.70222402648711	0.276994233410208
h1SMcG0020037	-2.60239473054613	0.0431376578697578
h1SMcG0020040	-1.72332953674963	0.128214366926868
h1SMcG0020044	-1.86449014920818	0.0868234965939343
h1SMcG0020045	-0.921538774186862	0.551006806999447
h1SMcG0020046	3.57355026640666	0.0000542738399532582
h1SMcG0020047	1.5072928798615	0.000155293876047867
h1SMcG0020048	-2.73553227820452	0.0331746748453772
h1SMcG0020049	-1.40452072579811	0.302577866615378
h1SMcG0020052	-1.80724604109985	0.00828334617243522
h1SMcG0020057	0.0551842995659528	0.963782810152125
h1SMcG0020058	0.102211452516581	0.884481478757809
h1SMcG0020059	0.11433551316344	0.871000472848712
h1SMcG0020061	5.28310461112443	0.000000000000000000000194450221162077
h1SMcG0020063	5.04603697823427	0.0000000000000000000352639090514567
h1SMcG0020066	-0.820759997309391	0.601161278353034
h1SMcG0020067	0.818086576506654	0.300747331832136
h1SMcG0020068	-1.594341228027	0.186633151493858
h1SMcG0020072	4.51173581781822	0.00000000204979515344795
h1SMcG0020075	0.284817878214089	0.737599734108183
h1SMcG0020076	1.34415183006125	0.209973981248163
h1SMcG0020077	-0.382960625757754	0.43558444156054
h1SMcG0020078	1.80777465997626	0.0000319994684302092
h1SMcG0020079	0.32692915743904	0.585649561701505
h1SMcG0020082	-0.769155769623562	0.0317652042940313
h1SMcG0020083	0.946934639831773	0.147706440593257
h1SMcG0020085	0.953359553734111	0.0338972635844935
h1SMcG0020090	-0.069183318359744	0.933023883598631
h1SMcG0020091	0.140187499586735	0.900825518882607
h1SMcG0020093	-0.968573660600066	0.348179413869967
h1SMcG0020095	-0.003178510082567	0.998107791692348
h1SMcG0020096	-1.87500627592866	0.228455461997616
h1SMcG0020097	1.16973575633746	0.391358719479373
h1SMcG0020101	-2.63827157704385	0.0555137530026812
h1SMcG0020106	7.34519464637262	0.0000000000000000000000000000000000000000000000000000000495342126898436
h1SMcG0020109	-1.48821324328758	0.262863142877569
h1SMcG0020110	0.871181279099748	0.0134768121052208
h1SMcG0020111	0.247620703582238	0.868457866263315
h1SMcG0020112	-0.485138922046234	0.393784911470581
h1SMcG0020113	-0.369156709374237	0.655611185067993
h1SMcG0020116	0.128683208759609	0.812745777523988
h1SMcG0020117	-0.60393092239038	0.4646826092529
h1SMcG0020118	-0.843609286845405	0.616878692188268
h1SMcG0020119	0.504006727496317	0.662528322007913
h1SMcG0020120	-0.128684035613284	0.805192062363029
h1SMcG0020121	-1.40782588905312	0.0808172373385624
h1SMcG0020124	0.378739824370127	0.584044988562659
h1SMcG0020126	-0.820250617470425	0.351381259852183
h1SMcG0020129	-0.906252364898889	0.285478763834509
h1SMcG0020131	-1.05023343978027	0.210387985472917
h1SMcG0020134	-0.2355116054015	0.7075972270562
h1SMcG0020136	0.602177431235564	0.120115750545553
h1SMcG0020138	-0.0280304647277094	0.975708539851256
h1SMcG0020144	-0.746934743841669	0.0327378128404609
h1SMcG0020145	-0.324547397503589	0.675216864400321
h1SMcG0020148	-0.746268817727984	0.391721915018082
h1SMcG0020150	3.3305126080806	0.00113846528665362
h1SMcG0020151	-2.03608205222846	0.168997222415488
h1SMcG0020152	0.116028316211041	0.790580785236056
h1SMcG0020155	-0.37946632499708	0.688905680892071
h1SMcG0020156	-0.915722636929354	0.224677503985978
h1SMcG0020157	-1.21374071716542	0.192482163966388
h1SMcG0020158	-0.676661682419755	0.274641780996708
h1SMcG0020160	-0.194627981172521	0.870199705748021
h1SMcG0020161	1.76763909434293	0.0511020941354841
h1SMcG0020174	-1.91594695899828	0.209553424255683
h1SMcG0020176	0.601323353196182	0.0849848546778786
h1SMcG0020177	-2.1576183916646	0.0000410893102756598
h1SMcG0020178	-2.23269834233243	0.0958285986400262
h1SMcG0020179	-0.619423738951343	0.681820550832938
h1SMcG0020180	-0.769001676810723	0.440393742412028
h1SMcG0020187	-0.443163370065582	0.680595877482591
h1SMcG0020191	0.465286125877628	0.439910923194903
h1SMcG0020194	-0.751971411772248	0.0719636613784258
h1SMcG0020195	0.0784736087340639	0.844932670774305
h1SMcG0020196	-0.842952541787471	0.111354386540067
h1SMcG0020197	-1.05555683003136	0.00968412091341858
h1SMcG0020202	0.391040761926124	0.397975071773314
h1SMcG0020204	-2.23630629706687	0.00145023143526638
h1SMcG0020205	-1.07085014294011	0.0366417964068417
h1SMcG0020207	-0.75892466566541	0.399966320106989
h1SMcG0020209	-0.0860812308649675	0.962762417583645
h1SMcG0020210	1.03381900255877	0.0820881346416113
h1SMcG0020211	-1.17461803690023	0.00203281533389949
h1SMcG0020212	-1.08875883821269	0.184732924066041
h1SMcG0020215	0.508422000574302	0.391358719479373
h1SMcG0020217	-0.067954715010288	0.936473015145571
h1SMcG0020223	3.05593793881531	0.00000000000000000000000000000000000000000000000708810592390199
h1SMcG0020244	-0.140827273456194	0.94545465462895
h1SMcG0020245	-0.743890616046632	0.115633240280048
h1SMcG0020246	-1.82855742342024	0.000000878730059360487
h1SMcG0020247	-0.509233107472719	0.431669531012847
h1SMcG0020248	-1.62666307945403	0.0206150470655024
h1SMcG0020249	-0.804312780457072	0.16016247253579
h1SMcG0020252	0.673683359540497	0.643353596448896
h1SMcG0020253	-0.555364184934337	0.472789566104977
h1SMcG0020254	-1.88506834889234	0.0169189807356906
h1SMcG0020259	5.5631420831071	0.0000000000000000000000000000000000000000000972900344867044
h1SMcG0020260	-0.742661507846622	0.493867351726658
h1SMcG0020261	4.54253073907288	0.0000000000000313627464136033
h1SMcG0020264	3.03254706877486	0.00147922464413882
h1SMcG0020269	0.0900937286424658	0.882589441686065
h1SMcG0020270	-1.83144954853622	0.000148714324526614
h1SMcG0020273	0.915805951412665	0.316328234795308
h1SMcG0020275	1.66100668042834	0.00000725567136380815
h1SMcG0020276	-0.12470171581485	0.934205858758939
h1SMcG0020278	-0.406430797986302	0.554826719254483
h1SMcG0020280	-0.503647695443919	0.46082802103419
h1SMcG0020281	-0.40388777139958	0.673232215289871
h1SMcG0020283	0.406122795578392	0.47254190751706
h1SMcG0020288	-2.10229241259081	0.131241422581041
h1SMcG0020289	-0.932390649233153	0.373114950493726
h1SMcG0020290	-0.998193481227012	0.419411607362565
h1SMcG0020291	1.41802972481161	0.000865235376739987
h1SMcG0020292	-3.61058035669116	0.00320177024507859
h1SMcG0020300	0.104285769894514	0.955938784775042
h1SMcG0020310	-0.775731581764168	0.344602046214617
h1SMcG0020315	2.24357084737542	0.0632383259988745
h1SMcG0020316	3.82251111631123	0.000000000000000000000000151399520730889
h1SMcG0020318	1.996949600151	0.000000000317848158195102
h1SMcG0020319	-0.455565369111825	0.594079605572149
h1SMcG0020321	-1.17187758971818	0.241136099815558
h1SMcG0020322	-0.0305445173960548	0.964167908448573
h1SMcG0020324	1.11874157882135	0.253040281560982
h1SMcG0020325	-0.205461517954953	0.902141602624312
h1SMcG0020326	-1.09695206943919	0.00980315919677386
h1SMcG0020327	-0.85670060890913	0.0301771837163271
h1SMcG0020328	0.211336005160713	0.861915016095306
h1SMcG0020329	0.276306086583286	0.778327375342279
h1SMcG0020334	-2.21489170850305	0.132074028405799
h1SMcG0020338	-3.94059190520775	0.000869147365392964
h1SMcG0020349	-0.843950303524201	0.17466457162865
h1SMcG0020350	1.01701787019814	0.0136842262789451
h1SMcG0020353	0.0173586073280156	0.991419211252513
h1SMcG0020354	-0.53499864411429	0.748740859642554
h1SMcG0020358	0.514567606097059	0.34763544457139
h1SMcG0020359	-0.30673650014358	0.57972404276485
h1SMcG0020360	-0.588121263802983	0.712129934611024
h1SMcG0020361	0.669193510114481	0.217720305756655
h1SMcG0020362	-0.511297464186413	0.568599571011783
h1SMcG0020364	0.410061360475342	0.774045320493823
h1SMcG0020365	1.2869900446106	0.209735329391393
h1SMcG0020368	-1.92757966851052	0.0852635432793985
h1SMcG0020369	0.140080301958411	0.909708631319677
h1SMcG0020370	0.316959994908694	0.801229043707045
h1SMcG0020374	-1.66020292930566	0.208929157899794
h1SMcG0020376	-1.625391345439	0.214556453925259
h1SMcG0020380	-1.02870706244072	0.114139978363511
h1SMcG0020382	-1.43815966531358	0.190776594250392
h1SMcG0020383	-0.729226259850385	0.553558281769986
h1SMcG0020384	-0.0713937563466238	0.871000472848712
h1SMcG0020385	0.0817232864503628	0.882500928051623
h1SMcG0020386	0.0670880634253643	0.947090546766633
h1SMcG0020390	-1.96256610214737	0.00160775079889809
h1SMcG0020392	-0.93226463025108	0.264506342226253
h1SMcG0020398	0.274049856581327	0.844765859841995
h1SMcG0020401	0.418707021891474	0.611375146878102
h1SMcG0020403	-0.554978044966338	0.208020778104296
h1SMcG0020405	3.0758257103778	0.000000000000000000000445149442337814
h1SMcG0020407	-1.255742612218	0.0904221960919095
h1SMcG0020408	-0.363203403438405	0.783740756983621
h1SMcG0020410	0.931937636974791	0.34582498825566
h1SMcG0020412	-0.307633711311274	0.80512838286439
h1SMcG0020413	0.231704244786597	0.792093503959925
h1SMcG0020414	1.12064900208499	0.273412222094553
h1SMcG0020415	-0.0567306786013356	0.963309623599699
h1SMcG0020416	-0.125967885326185	0.840657025132589
h1SMcG0020417	0.201162228607301	0.799443412164579
h1SMcG0020422	-1.98973342484131	0.103194791821497
h1SMcG0020425	0.721681008606757	0.143182730402855
h1SMcG0020428	-0.0906223308816341	0.958739375397002
h1SMcG0020429	-1.02732037040367	0.0449094762337165
h1SMcG0020430	0.570630783902109	0.34747168299557
h1SMcG0020431	-1.19263201766194	0.0130754050877835
h1SMcG0020432	0.268994729254573	0.854009466113182
h1SMcG0020434	-1.51149527570261	0.177942559315853
h1SMcG0020435	-1.5229490121959	0.244354495405525
h1SMcG0020439	-1.30433496290349	0.174351478980426
h1SMcG0020440	0.663254830188477	0.420482985079302
h1SMcG0020443	1.35461963520164	0.140973015668266
h1SMcG0020445	-0.740957101513571	0.669546615427006
h1SMcG0020446	0.826691836082717	0.413336736783121
h1SMcG0020447	1.10005742132609	0.000991391467753139
h1SMcG0020449	2.02484310133471	0.00489906667110668
h1SMcG0020450	1.69211764527976	0.00436082604371032
h1SMcG0020452	-2.47695131697072	0.00667576273069531
h1SMcG0020453	-3.27112285261527	0.00999204024712802
h1SMcG0020457	-2.2792834222461	0.0118851959768579
h1SMcG0020458	-0.199249258223473	0.749326734027193
h1SMcG0020459	-0.355517855582803	0.564664082457268
h1SMcG0020461	-1.82232113189142	0.155937838947086
h1SMcG0020464	0.0223953091516623	0.966346667889664
h1SMcG0020465	-0.718940295260294	0.653016217568114
h1SMcG0020468	-0.112294722302517	0.952768202073472
h1SMcG0020470	6.35030402293841	0.00000000000246333438544669
h1SMcG0020473	-0.884708730387454	0.000622539773706658
h1SMcG0020475	1.08089586833308	0.166842271660907
h1SMcG0020479	0.401933056843276	0.342107713384508
h1SMcG0020480	-1.63370780040031	0.273711858131955
h1SMcG0020481	0.217203093550122	0.791676828815806
h1SMcG0020483	1.18410845201988	0.130200013506082
h1SMcG0020484	0.589600725063222	0.620181545265603
h1SMcG0020485	0.203755038176523	0.709404405738943
h1SMcG0020489	0.577791540932791	0.4842379189121
h1SMcG0020490	-1.77072252186706	0.124515963923645
h1SMcG0020491	-0.678795522139045	0.531919644402995
h1SMcG0020492	-1.32216698603192	0.0899044298276358
h1SMcG0020494	-1.59123486243522	0.134958722871145
h1SMcG0020497	-1.18158016546066	0.0976708231474164
h1SMcG0020498	1.63743003667849	0.0000318589149419512
h1SMcG0020502	-0.967926393329387	0.469366628795914
h1SMcG0020505	-0.430931456267855	0.753162136747379
h1SMcG0020507	-0.909145003625189	0.135026153446336
h1SMcG0020508	0.482859552789216	0.522678936031184
h1SMcG0020510	0.703096228038955	0.110808086562197
h1SMcG0020512	0.567835366705719	0.7439678611039
h1SMcG0020513	2.60724035802103	0.00000000000519378704597459
h1SMcG0020514	-1.38037552267362	0.0553430222671252
h1SMcG0020515	1.83960571860915	0.00119788294899426
h1SMcG0020516	-0.778741884050922	0.543918310622015
h1SMcG0020517	2.38708797440371	0.00531837530801072
h1SMcG0020518	1.20765982598097	0.323992900173691
h1SMcG0020520	1.48944122685916	0.196761535867316
h1SMcG0020521	2.61590639057082	0.00000212938127341935
h1SMcG0020527	-1.0861406732355	0.19540417000188
h1SMcG0020535	1.41698596340444	0.302609236133209
h1SMcG0020536	3.08072281626225	0.0000000000000000000291528287563263
h1SMcG0020537	-3.15470335735557	0.000000000000000000011245268413291
h1SMcG0020538	-0.305435855571358	0.850401716338908
h1SMcG0020539	-0.819482521579172	0.531830889235982
h1SMcG0020542	-0.561086368478778	0.19540417000188
h1SMcG0020544	-0.155350319213052	0.878119662804677
h1SMcG0020547	-1.98709673857134	0.199773809624885
h1SMcG0020548	2.26620181789313	0.00000000000485718198580104
h1SMcG0020550	1.05556432402699	0.00436082604371032
h1SMcG0020552	0.437571133258384	0.670207044541707
h1SMcG0020554	-1.05561622011683	0.413577804537569
h1SMcG0020555	4.00602808294556	0.00000000000000000122445127281712
h1SMcG0020557	0.804330567307065	0.358008961740319
h1SMcG0020558	-1.57933482416592	0.119602076564014
h1SMcG0020559	2.08968036443708	0.00000000596111699477656
h1SMcG0020560	-1.80177090094794	0.156637479589326
h1SMcG0020562	0.581767148527052	0.267285639611263
h1SMcG0020570	-0.662620458862728	0.392545217908367
h1SMcG0020571	1.3417070695613	0.0306288247528719
h1SMcG0020573	2.09210603132145	0.082885092725096
h1SMcG0020577	-0.403440508498797	0.788532408120762
h1SMcG0020578	-1.05983070555539	0.417015468431209
h1SMcG0020579	4.28794164787596	0.00000000000170134336475502
h1SMcG0020581	-0.485470120864769	0.461388257345985
h1SMcG0020582	0.465374228938616	0.461815810999997
h1SMcG0020583	-2.10194088079037	0.00000673561278301871
h1SMcG0020587	0.264463930290362	0.744012678159829
h1SMcG0020589	0.295987102678659	0.772832180014187
h1SMcG0020590	0.806599627352498	0.329379043270922
h1SMcG0020591	-0.39750233308521	0.587238172090538
h1SMcG0020592	-1.87465619546714	0.00000000892744233589495
h1SMcG0020594	2.13554155317301	0.0644863263659946
h1SMcG0020596	1.56856486389943	0.000823466263205485
h1SMcG0020599	-0.327539023511469	0.703834967686512
h1SMcG0020600	-0.223082365850819	0.895993367726469
h1SMcG0020602	-1.91302008403143	0.0593639920031476
h1SMcG0020603	0.864371763246219	0.235324788057644
h1SMcG0020605	0.306341859029246	0.755026999114317
h1SMcG0020609	-0.260022494271374	0.765154011220115
h1SMcG0020611	0.389192591197929	0.473970701534096
h1SMcG0020613	-0.123817688781935	0.846093073533914
h1SMcG0020615	-0.257430283213475	0.858976590508463
h1SMcG0020618	0.47952954835099	0.27562347766472
h1SMcG0020619	0.297466413284607	0.649574734151959
h1SMcG0020622	-0.730038783204215	0.691109637156453
h1SMcG0020623	-2.09058438615202	0.000129076590167246
h1SMcG0020627	1.27778872443995	0.124908862908936
h1SMcG0020628	-0.327613709432825	0.845488946415114
h1SMcG0020629	1.56394264479352	0.00000617102433923763
h1SMcG0020636	-0.630469570854426	0.262392366187909
h1SMcG0020637	0.107605360952699	0.877072800171772
h1SMcG0020638	-0.678527676043077	0.49875227697734
h1SMcG0020639	0.997757608299408	0.084428445199314
h1SMcG0020640	-4.28837617726208	0.000304009822700012
h1SMcG0020643	-0.0286969403944531	0.989522535129625
h1SMcG0020644	-2.74303023823278	0.040974722101329
h1SMcG0020647	-0.0493298195213951	0.965742423395644
h1SMcG0020651	-1.22240164943557	0.204270629524954
h1SMcG0020652	-0.148527267292359	0.89894043169115
h1SMcG0020653	-2.22753975988876	0.0242099013962805
h1SMcG0020657	-1.57801975669981	0.0367929655780282
h1SMcG0020658	-1.15102962245149	0.227626993046428
h1SMcG0020660	-1.74449691194955	0.12066545939302
h1SMcG0020661	0.745922881783572	0.0697990283849764
h1SMcG0020662	1.777564157516	0.0484140079043363
h1SMcG0020664	-0.848839428410204	0.197597693483186
h1SMcG0020665	3.56187555210982	0.000037405044830302
h1SMcG0020666	-2.84117188735185	0.0000212757232713143
h1SMcG0020668	-1.9109926209897	0.219696072943879
h1SMcG0020671	-0.886834641663573	0.122491178305112
h1SMcG0020675	-2.14127126119179	0.0181981127457563
h1SMcG0020676	-0.812321461642444	0.42833653218712
h1SMcG0020682	0.184348012028576	0.905586287904704
h1SMcG0020683	-1.42613184582804	0.351299235253059
h1SMcG0020686	-0.0639794843718818	0.928438501050421
h1SMcG0020687	-1.92089260035345	0.0367929655780282
h1SMcG0020689	-1.32944423136733	0.0100273595156405
h1SMcG0020690	2.33110306961509	0.00000000728511258062037
h1SMcG0020692	-1.21116601146669	0.264388856539387
h1SMcG0020693	-0.476846797027007	0.715408197062963
h1SMcG0020695	1.20749745103336	0.00162221714654558
h1SMcG0020696	1.63734730885466	0.00163204504527602
h1SMcG0020697	1.15165815629325	0.0463081796241983
h1SMcG0020701	-0.795401959493268	0.162236263839028
h1SMcG0020702	5.01539359354371	0.00000000000000000263167160297223
h1SMcG0020703	1.6122143219808	0.0242099013962805
h1SMcG0020707	0.337729820815354	0.578122378740003
h1SMcG0020708	0.0210338199864523	0.990152786473231
h1SMcG0020709	0.975914086585499	0.461190534894441
h1SMcG0020710	1.31231894071551	0.0212330904092025
h1SMcG0020711	3.17514182249251	0.000117976034796455
h1SMcG0020712	-1.0183126994252	0.547849378825378
h1SMcG0020715	0.0377091673141043	0.986423537357938
h1SMcG0020716	-1.10787915304369	0.222947074717224
h1SMcG0020717	1.32453827207529	0.000000104955965072321
h1SMcG0020718	0.740653999609245	0.0743397119340612
h1SMcG0020719	0.70294906513697	0.0713917285500094
h1SMcG0020721	0.971538786403209	0.239616706198035
h1SMcG0020724	0.0542808670473351	0.961149945398287
h1SMcG0020726	-0.382208865008017	0.51085456968425
h1SMcG0020728	0.0456112556203222	0.962579483313522
h1SMcG0020730	-2.98740751521382	0.000132363392223592
h1SMcG0020734	-5.24120870646123	0.0000018721744875841
h1SMcG0020735	-0.60524581934873	0.683982229285535
h1SMcG0020736	-0.816314059483448	0.335891667495464
h1SMcG0020738	5.62924642281691	0.0000000000000000000000000000000000621097937476997
h1SMcG0020739	5.52331109120452	0.0000000000000037827549379332
h1SMcG0020741	-0.69305170336177	0.264244636519924
h1SMcG0020742	1.22410485335783	0.118666624021311
h1SMcG0020744	-1.74118730367319	0.0338481191812945
h1SMcG0020745	2.59102370149895	0.00181519851764713
h1SMcG0020746	-0.033952506447005	0.966993195852175
h1SMcG0020747	0.546488372206429	0.674919957476049
h1SMcG0020748	-0.804359656589754	0.275479970294067
h1SMcG0020752	-0.0980485828601857	0.948363830300134
h1SMcG0020753	0.58176510611359	0.737507563263106
h1SMcG0020756	5.30547853871534	0.000000000280272788644266
h1SMcG0020757	0.224615928382727	0.893266659747827
h1SMcG0020758	0.271137751633298	0.56551134706508
h1SMcG0020760	-1.94654790095422	0.00000000391226383527302
h1SMcG0020761	0.277616975359315	0.677016366148234
h1SMcG0020762	-0.868531245388212	0.00130478228828287
h1SMcG0020777	-0.107321701846861	0.926413651794129
h1SMcG0020779	0.241073166918972	0.867326998230811
h1SMcG0020780	0.929517970197848	0.53772029069816
h1SMcG0020783	-0.0012480920426078	0.99836141239314
h1SMcG0020786	2.89655865567124	0.0368826161630687
h1SMcG0020787	-1.41035314554864	0.310567487632298
h1SMcG0020789	0.832154921796607	0.585812903042792
h1SMcG0020791	-0.128593919139682	0.885120875774527
h1SMcG0020792	0.795360285936331	0.0402865477984721
h1SMcG0020793	-0.0710285225350718	0.94545465462895
h1SMcG0020794	0.3491946195572	0.568796845776608
h1SMcG0020795	0.563382827055792	0.6986059009656
h1SMcG0020796	-2.50288524640337	0.0799917368655459
h1SMcG0020797	0.0629066031103688	0.967326839184959
h1SMcG0020798	-2.0549232493036	0.00269812870831512
h1SMcG0020801	-0.0829721489875513	0.911951375159855
h1SMcG0020804	-0.617375949375542	0.0845574133345586
h1SMcG0020805	-1.73198511051663	0.0899973758219466
h1SMcG0020806	0.251306066053609	0.704084757283775
h1SMcG0020808	0.0105465199940275	0.989387500003651
h1SMcG0020809	1.01096090033809	0.000419498027498693
h1SMcG0020810	-1.09256846802011	0.514766473549564
h1SMcG0020811	-0.990978166793384	0.000120037456189253
h1SMcG0020812	-1.57690844763097	0.0793485959703252
h1SMcG0020815	-1.5462247539001	0.000755197227078037
h1SMcG0020817	-1.10940957959759	0.206828759446223
h1SMcG0020818	0.501757793481966	0.577398634361377
h1SMcG0020820	-1.60948002791554	0.0049435837694285
h1SMcG0020823	-2.38074522015387	0.0598803143144319
h1SMcG0020825	-1.04932757571754	0.0158983382399684
h1SMcG0020826	-0.0865591818648816	0.950260811600824
h1SMcG0020829	-0.436370772726899	0.450103645925122
h1SMcG0020831	-1.43281797478415	0.228085442007292
h1SMcG0020832	-2.2345373484914	0.0218110363240863
h1SMcG0020833	0.678714463855468	0.0489083113716803
h1SMcG0020835	-2.53715860206897	0.0712342805663184
h1SMcG0020836	2.31031794792255	0.00365097145799665
h1SMcG0020839	1.87859041950838	0.000197762939394252
h1SMcG0020840	-1.26773452745142	0.352600363877527
h1SMcG0020841	-0.185931922994074	0.76485332063782
h1SMcG0020842	-0.651393286427606	0.448669215726657
h1SMcG0020843	-5.61816501192935	0.000000183767648118266
h1SMcG0020844	-0.897310816397743	0.270070727818646
h1SMcG0020846	3.56235818535686	0.00000000000000000000000003364017994384
h1SMcG0020847	3.42018419365302	0.0000000418675329903714
h1SMcG0020849	0.262020874089852	0.604685962739995
h1SMcG0020850	-2.41146588151736	0.0365124647115927
h1SMcG0020851	-1.99725101591227	0.143036194650907
h1SMcG0020852	-0.267277718532622	0.685245736628028
h1SMcG0020853	6.21664332797823	0.0000000000000000000000000000000000000000000000716391090507563
h1SMcG0020855	-0.723921042402573	0.57121271708499
h1SMcG0020856	-1.32600119611523	0.384393073445444
h1SMcG0020858	7.93877587380953	0.000000000000000000000590269208870927
h1SMcG0020859	-0.464737380257846	0.705896131123201
h1SMcG0020863	0.282140112773619	0.849807161998592
h1SMcG0020870	3.19883373223658	0.0000517896183977678
h1SMcG0020873	0.526110214553513	0.674031165011597
h1SMcG0020874	-0.906114137943953	0.289431777737265
h1SMcG0020875	-1.50786858959746	0.267550746276608
h1SMcG0020876	-0.347684601661462	0.844822671473531
h1SMcG0020877	-2.77029408227289	0.0163855582078176
h1SMcG0020880	-0.885397900575961	0.00095078708741826
h1SMcG0020882	-0.577013199974492	0.381509492580739
h1SMcG0020883	-2.06244799402859	0.170739085905283
h1SMcG0020884	-0.131183642778075	0.827103044329648
h1SMcG0020885	-1.24671155330847	0.0000752567568565805
h1SMcG0020887	-1.45527391145125	0.167622626852022
h1SMcG0020890	-0.781561950158031	0.259879006566901
h1SMcG0020891	-2.95600210149455	0.00000133508145645228
h1SMcG0020893	-1.05285549973821	0.106206847636074
h1SMcG0020895	0.677041193564863	0.0850340068676252
h1SMcG0020897	2.99452139204266	0.000000000000000000000000124120752500574
h1SMcG0020903	-2.07086274676749	0.123006808944143
h1SMcG0020904	0.785436214283986	0.612388784037544
h1SMcG0020906	-0.52849573927489	0.370512236035469
h1SMcG0020908	0.0487971480403663	0.943113428952479
h1SMcG0020909	0.639499049846194	0.661657809890584
h1SMcG0020910	2.10301233905478	0.00000362465800950666
h1SMcG0020911	-1.17748559548182	0.0215719137336056
h1SMcG0020913	0.793117289974153	0.431669531012847
h1SMcG0020916	-0.287632042625433	0.555750718832481
h1SMcG0020917	-3.41965874318278	0.0047884781731356
h1SMcG0020918	-0.58850170779503	0.63140352079621
h1SMcG0020920	-0.822787358150954	0.0417970867314942
h1SMcG0020923	1.24483361108927	0.336881006380597
h1SMcG0020925	-3.05489701740759	0.000423041905796272
h1SMcG0020926	-1.1108556241667	0.209941495408903
h1SMcG0020927	1.60904470543745	0.00345873198600801
h1SMcG0020928	2.14505768529711	0.0206334775810951
h1SMcG0020930	0.422700298231591	0.637211698830146
h1SMcG0020934	-1.13453027533087	0.237964793900715
h1SMcG0020936	1.3945579784518	0.0157872581415319
h1SMcG0020937	-0.281224433646638	0.599129071495034
h1SMcG0020941	-0.47636886554138	0.509221036495987
h1SMcG0020942	1.24412053628433	0.0200977016715738
h1SMcG0020943	-0.035876161603008	0.971066668774696
h1SMcG0020944	-1.07039410044775	0.475438150829057
h1SMcG0020945	0.627282875066779	0.247073812692243
h1SMcG0020946	-0.381465887286004	0.309150742940877
h1SMcG0020947	3.3476376643125	0.00157276183536182
h1SMcG0020948	-0.717556911326121	0.348468975637256
h1SMcG0020949	-0.434953372778016	0.566959598092282
h1SMcG0020950	-1.69999855549758	0.251934262146228
h1SMcG0020951	-0.358321427164531	0.719947934415486
h1SMcG0020958	0.371971288603974	0.27627109854731
h1SMcG0020959	-0.0644430662620419	0.960826132737148
h1SMcG0020960	-0.4315386554355	0.708738170785479
h1SMcG0020961	-0.711830363963104	0.628620073767009
h1SMcG0020963	0.0168909303155791	0.978027996275277
h1SMcG0020978	-2.14502491811575	0.0726709094047609
h1SMcG0020979	1.04995655645775	0.00437955921089825
h1SMcG0020983	0.548024696361409	0.223384150050711
h1SMcG0020987	-0.950381052787505	0.301873504488365
h1SMcG0020988	-0.795301859066889	0.0119283460664348
h1SMcG0020989	-1.62837205237123	0.00313051259084351
h1SMcG0020990	2.38593696344242	0.0477708611671073
h1SMcG0020991	3.36974122921782	0.0000000000000000000000000151837708307593
h1SMcG0020992	-0.657500467857021	0.339039762161047
h1SMcG0020995	-1.83561976955814	0.0276554462084667
h1SMcG0020996	-2.99490257026797	0.00000617102433923763
h1SMcG0021000	-2.22717429309331	0.0000000000000124724512540946
h1SMcG0021003	0.137772304478163	0.830045350555201
h1SMcG0021005	0.195808472647698	0.750848830278232
h1SMcG0021008	-0.682441210552195	0.0697990283849764
h1SMcG0021010	-2.89444276465727	0.00251808268386549
h1SMcG0021012	-0.00289420939180917	0.9971343262375
h1SMcG0021017	-1.03165346263125	0.248952777221963
h1SMcG0021021	2.18150134139056	0.000000389419660851917
h1SMcG0021022	0.819866453406718	0.0151862539233663
h1SMcG0021025	-0.112448608182232	0.89105819521725
h1SMcG0021026	-1.66225677036161	0.0661901472260357
h1SMcG0021027	-1.13268325055239	0.128593401056629
h1SMcG0021029	-0.333004486504182	0.836647252950922
h1SMcG0021031	-0.574384157430752	0.503949692470309
h1SMcG0021036	-0.734880092818219	0.377544737515352
h1SMcG0021039	-0.678815878054331	0.570736285809661
h1SMcG0021040	-0.707827405610999	0.411822597530219
h1SMcG0021041	-0.562609546020689	0.62456826698445
h1SMcG0021042	-1.45430001907462	0.0026127248518611
h1SMcG0021045	0.399667385884527	0.28056503744237
h1SMcG0021046	-0.222228757289491	0.500242576831968
h1SMcG0021048	0.892644817705984	0.182664870131849
h1SMcG0021049	-0.445781925825745	0.629019350930941
h1SMcG0021050	0.860859678498917	0.0129843423244373
h1SMcG0021052	1.43251222380419	0.0125027369523628
h1SMcG0021054	-1.04339107077888	0.465473474751199
h1SMcG0021055	0.474724260208587	0.288780881747812
h1SMcG0021056	-0.970784175273685	0.00792989520720619
h1SMcG0021057	1.10147405918836	0.376541892635151
h1SMcG0021058	0.81596988986248	0.0465066062056984
h1SMcG0021060	0.983846113553951	0.05794971756603
h1SMcG0021061	0.867713555777599	0.438757201499312
h1SMcG0021062	-0.501456302514265	0.305715241624566
h1SMcG0021063	-0.137253241435996	0.929287026616002
h1SMcG0021064	-0.856599185116979	0.268317261143863
h1SMcG0021065	0.951197724431472	0.00784726296197329
h1SMcG0021066	-0.0156177066825725	0.9936270055296
h1SMcG0021067	0.0347752887629247	0.951594777492173
h1SMcG0021068	-1.64000418076646	0.0627866921395076
h1SMcG0021069	-0.614964081814507	0.369979661487177
h1SMcG0021071	-2.28869723366838	0.0788876515968124
h1SMcG0021072	0.290406906934293	0.826455295686082
h1SMcG0021073	0.683954759879434	0.0904221960919095
h1SMcG0021074	-0.487060654342286	0.7776652818187
h1SMcG0021075	0.628206032729146	0.447900100649079
h1SMcG0021076	0.425008872371206	0.503348432546265
h1SMcG0021077	4.43959657288325	0.00000000000000231871946133456
h1SMcG0021078	-1.38615583098615	0.242985471525603
h1SMcG0021079	-1.27203042649436	0.140032715959977
h1SMcG0021080	1.76967307995153	0.0463345332584406
h1SMcG0021082	0.482571098798534	0.444920202866896
h1SMcG0021083	0.0926033895997706	0.933023883598631
h1SMcG0021084	0.719774704335585	0.123023299171232
h1SMcG0021085	-0.543988447712895	0.605036222187117
h1SMcG0021086	0.8374133091483	0.244020604759283
h1SMcG0021089	-2.76555597315321	0.00548948391031783
h1SMcG0021090	-0.261949071589028	0.68523381973979
h1SMcG0021091	-0.905061585976041	0.480429097988137
h1SMcG0021092	0.852295367568476	0.479322497262232
h1SMcG0021096	0.437870102339115	0.761009443577127
h1SMcG0021097	0.0492076162641163	0.969428185615628
h1SMcG0021100	-1.11646888574257	0.00768729211375617
h1SMcG0021102	-1.11298345906609	0.384839829607254
h1SMcG0021104	0.718939860315275	0.523875555952156
h1SMcG0021106	-1.8805493441536	0.0151456546203618
h1SMcG0021109	3.24859908823945	0.000000000000000000000025473428344874
h1SMcG0021110	-1.71701521786648	0.123023299171232
h1SMcG0021112	-1.69933094967664	0.000392749573821704
h1SMcG0021114	0.520520523569398	0.424442397394494
h1SMcG0021115	-0.884857844003775	0.45331602174285
h1SMcG0021116	-2.47081697355691	0.0800875832728749
h1SMcG0021117	0.977147570742884	0.478162479644217
h1SMcG0021119	-0.864923135123475	0.184477610106919
h1SMcG0021121	-1.48662574469822	0.0194799457814841
h1SMcG0021122	-0.106823244657364	0.957292816913656
h1SMcG0021124	-2.99599316362689	0.0225520207509373
h1SMcG0021125	0.0699523678648664	0.941204209513431
h1SMcG0021126	-1.76916568153854	0.269450382952518
h1SMcG0021127	0.336212904829642	0.413336736783121
h1SMcG0021128	0.865888491050609	0.3779285096433
h1SMcG0021129	1.35466950040045	0.000686027014892672
h1SMcG0021130	1.14480447512441	0.00985869905305013
h1SMcG0021131	0.931360570945797	0.0347783158341953
h1SMcG0021132	-0.250326162558495	0.774923322401071
h1SMcG0021134	3.16564237947272	0.0000000000000725848597026214
h1SMcG0021136	0.229019120513177	0.710902822385447
h1SMcG0021139	1.48075601132489	0.0508793517483808
h1SMcG0021141	0.539115852014566	0.687142135391682
h1SMcG0021142	-2.54353183170264	0.0462842937172527
h1SMcG0021143	-0.433620666102099	0.705659884310082
h1SMcG0021144	-1.10848936035645	0.186910757713062
h1SMcG0021146	-1.28181038501292	0.400134893361053
h1SMcG0021147	-1.61087174465719	0.164389801600703
h1SMcG0021155	-1.8547590386176	0.0087792095229077
h1SMcG0021156	-3.74274188560091	0.00308553514933773
h1SMcG0021157	-0.351787277901409	0.581205133095522
h1SMcG0021160	-0.805209074695927	0.163123228121161
h1SMcG0021161	1.45902268808299	0.198174396764944
h1SMcG0021164	-0.967769176431096	0.124100165991181
h1SMcG0021165	-1.80303867452688	0.0000000248862977635177
h1SMcG0021171	1.08902337032613	0.00360378660080675
h1SMcG0021172	-1.80064869023008	0.0213680829543999
h1SMcG0021178	0.173672588161002	0.905590934854364
h1SMcG0021179	-0.0448740892135862	0.966993195852175
h1SMcG0021182	-0.813411859629548	0.0179772396605705
h1SMcG0021183	-2.63159784915379	0.0565627063579409
h1SMcG0021184	-1.46132255817628	0.0852857795759664
h1SMcG0021186	-1.55622564475157	0.0291293864605102
h1SMcG0021188	0.737439590614281	0.558643420948195
h1SMcG0021190	-0.274695593323577	0.76485332063782
h1SMcG0021195	3.92970235929435	0.0000000513024837369001
h1SMcG0021197	2.45769846297086	0.00000000000000000000000000000285288116017295
h1SMcG0021198	-0.819230156817883	0.0606850346500464
h1SMcG0021202	-1.63983904877186	0.150376032247545
h1SMcG0021203	-0.859254662662361	0.00265523824138497
h1SMcG0021204	-1.4502578694347	0.0119418081070944
h1SMcG0021207	0.546475148016449	0.273450132244709
h1SMcG0021208	0.208609075928432	0.888468064772195
h1SMcG0021216	-0.659105586216061	0.210693068849924
h1SMcG0021221	1.27990384555044	0.0631887585882405
h1SMcG0021225	-1.22179645801683	0.112038971159041
h1SMcG0021227	-1.0236597205445	0.379028661683457
h1SMcG0021229	-1.55664039115066	0.241594594422407
h1SMcG0021231	-2.4399176818382	0.0253024005853895
h1SMcG0021232	-0.849481040199924	0.235090461698026
h1SMcG0021237	0.253047118929322	0.812477990796273
h1SMcG0021238	-0.0953684749867151	0.907193794943527
h1SMcG0021239	-1.04068891041677	0.00097859997326798
h1SMcG0021241	-1.9836497976799	0.0748535812834895
h1SMcG0021242	-1.11096016906668	0.00349883010232827
h1SMcG0021243	-1.48737292983131	0.0000210214806659732
h1SMcG0021244	-1.21135401264181	0.426194642978491
h1SMcG0021246	-1.7379536358522	0.0301968650862669
h1SMcG0021250	1.54210839998442	0.268297220945901
h1SMcG0021252	-0.353876809147336	0.660390683502532
h1SMcG0021254	2.40522282109623	0.0246618792539969
h1SMcG0021255	0.201634934462321	0.727793807461214
h1SMcG0021258	-1.79206877724761	0.0745443552970927
h1SMcG0021259	0.0616448002164638	0.938851457217985
h1SMcG0021262	-1.07588943287203	0.499078527327458
h1SMcG0021263	-1.29172712811362	0.419461351485708
h1SMcG0021264	0.491387345429949	0.712911464285544
h1SMcG0021266	-0.676536542957751	0.410938800679515
h1SMcG0021269	-1.61902479129607	0.211058469897915
h1SMcG0021273	0.20380051003564	0.612388784037544
h1SMcG0021276	-1.21588325334187	0.00311328228517228
h1SMcG0021278	-1.61027339421376	0.000335482983479433
h1SMcG0021279	1.75829851896909	0.000000227218609364381
h1SMcG0021280	1.09471931580905	0.00010937206432716
h1SMcG0021283	0.717893002884206	0.339818522292914
h1SMcG0021284	1.03217696280455	0.0373733411341943
h1SMcG0021286	1.01613496690345	0.451205255207471
h1SMcG0021289	-0.028943931459977	0.97242245618835
h1SMcG0021290	0.917388195359984	0.0387039340463833
h1SMcG0021291	1.22323609664931	0.0424977916986733
h1SMcG0021295	-0.375375895910643	0.610419873123575
h1SMcG0021300	-0.163679844361355	0.924937036963018
h1SMcG0021303	1.450518610417	0.176725475931015
h1SMcG0021308	0.313054769986389	0.605943581959909
h1SMcG0021311	-0.0367792375401046	0.961520654073531
h1SMcG0021312	0.0155921928791462	0.98883427629176
h1SMcG0021314	-0.874925012184266	0.415688008287152
h1SMcG0021317	-0.428213534561593	0.590418429177216
h1SMcG0021319	-0.0531931747973289	0.989499809812853
h1SMcG0021320	-2.90122463115541	0.0440174276157052
h1SMcG0021321	-2.25829799750381	0.0395697812855633
h1SMcG0021322	-0.554826796781276	0.638122804692425
h1SMcG0021327	0.82442032921583	0.421249812705178
h1SMcG0021329	1.29850390880559	0.462509202273559
h1SMcG0021330	-2.08916079680263	0.0297112615705109
h1SMcG0021331	0.00429095214294545	0.9936270055296
h1SMcG0021333	-1.57728299014557	0.0167122738626626
h1SMcG0021337	0.296458587132109	0.590449620486268
h1SMcG0021340	0.22563575565491	0.759993008365128
h1SMcG0021341	1.56304091598118	0.224117858402546
h1SMcG0021342	1.02898098675038	0.00136203779164013
h1SMcG0021343	8.38210737967901	0.000000000000000000000000000000000000000000000000000000000114819692190018
h1SMcG0021344	-1.49723925501169	0.30477035671604
h1SMcG0021348	-0.67454260548132	0.638274872123088
h1SMcG0021349	0.411253038753622	0.696605886196806
h1SMcG0021350	-2.15642400574772	0.0160942164652649
h1SMcG0021352	-0.968596334701783	0.238328741662494
h1SMcG0021355	0.261563071329636	0.88211831235714
h1SMcG0021356	-1.63640058446224	0.276994233410208
h1SMcG0021358	-1.47145480958595	0.335772371957505
h1SMcG0021359	0.867837299272437	0.338207936899696
h1SMcG0021362	-0.16838880752966	0.775216293818608
h1SMcG0021363	-0.985359586632815	0.119389992319775
h1SMcG0021364	-0.435699681057334	0.801303368943441
h1SMcG0021365	0.455054514495492	0.713868771541884
h1SMcG0021367	0.520416516998774	0.284864875388941
h1SMcG0021369	0.271332344463043	0.708899842798081
h1SMcG0021370	-0.809673801148266	0.479998418291044
h1SMcG0021371	0.737331857611278	0.380103256835349
h1SMcG0021372	-1.6416083562874	0.289431777737265
h1SMcG0021375	0.477820310301241	0.442567503582807
h1SMcG0021376	-0.979027268418865	0.135299804194854
h1SMcG0021377	0.110840148733232	0.922683632653122
h1SMcG0021380	-0.2715156555461	0.461994660206624
h1SMcG0021381	0.129032398112641	0.789857362711959
h1SMcG0021385	-0.450596421448317	0.594984273756626
h1SMcG0021387	1.38615787952706	0.0913187632259443
h1SMcG0021388	1.19644547317341	0.26288281458122
h1SMcG0021389	3.61440578780989	0.000357539660855563
h1SMcG0021391	-0.460668018195077	0.391358719479373
h1SMcG0021392	1.01234236979485	0.538983578664767
h1SMcG0021393	0.645664863426416	0.0942820269083157
h1SMcG0021394	-0.474637443876892	0.453804671759374
h1SMcG0021396	0.785454198218441	0.135351356095413
h1SMcG0021397	-0.847247798715168	0.0269534800153656
h1SMcG0021399	-1.64310702335201	0.241136099815558
h1SMcG0021401	-0.968613099327598	0.548851562741538
h1SMcG0021402	-1.42250726827979	0.207898757154273
h1SMcG0021403	0.916738651663618	0.0349090224827456
h1SMcG0021405	-0.928516522596723	0.586999727509913
h1SMcG0021406	0.0293263440139757	0.962782181562295
h1SMcG0021407	-0.254516378714072	0.863435464920632
h1SMcG0021408	0.718580209033159	0.640940227821242
h1SMcG0021409	-0.000994652461422744	0.998347105464729
h1SMcG0021411	-0.173491585953602	0.813118154378872
h1SMcG0021415	-0.299386355708307	0.640940227821242
h1SMcG0021416	1.86374715614233	0.109719180397075
h1SMcG0021418	-2.98927362985572	0.00636778850154306
h1SMcG0021419	3.82656797757598	0.00000000000000000000270296438430042
h1SMcG0021421	-0.389966800916066	0.388593230016013
h1SMcG0021424	-0.766557133378535	0.00296751959920709
h1SMcG0021425	-0.631701071837791	0.571639892482951
h1SMcG0021426	0.449507736912829	0.35265522095246
h1SMcG0021428	3.94003687692053	0.000000000000000000000223398777292709
h1SMcG0021429	-0.374186506825109	0.593491376931751
h1SMcG0021430	-0.546468449207412	0.599129071495034
h1SMcG0021432	0.851111131324781	0.0188376722021934
h1SMcG0021433	-0.0639929508613881	0.959122956087009
h1SMcG0021434	-0.0634593803478805	0.932944011201693
h1SMcG0021435	-0.34025578231192	0.693637284110605
h1SMcG0021436	1.93796361847809	0.000000357206329753757
h1SMcG0021438	0.792241192558064	0.609971564436773
h1SMcG0021440	-1.76460898814763	0.177076674737596
h1SMcG0021441	3.21085944604231	0.00000000349603079716497
h1SMcG0021442	2.12838091645752	0.0000786151486802628
h1SMcG0021443	-0.17205674091328	0.87891427455382
h1SMcG0021444	-0.0236514687270749	0.9777943799115
h1SMcG0021445	0.141994979958114	0.879592236876006
h1SMcG0021446	-1.74799167405709	0.00227598541480928
h1SMcG0021447	0.492670021289682	0.570383011778386
h1SMcG0021448	-0.790989904536356	0.112344785704587
h1SMcG0021449	-1.87678868408163	0.235234726229191
h1SMcG0021451	0.674522854857161	0.0275181060004608
h1SMcG0021452	1.77427698154687	0.00000171864088782743
h1SMcG0021455	-2.26788508627416	0.119661634952846
h1SMcG0021460	0.369200690853507	0.772264260437748
h1SMcG0021461	0.423514549214024	0.467262852148758
h1SMcG0021464	2.11227654472295	0.00797381991857915
h1SMcG0021466	-2.12985797594665	0.000574108624416874
h1SMcG0021468	1.36670291468109	0.0217051434835675
h1SMcG0021471	-0.386614388129485	0.820656362876417
h1SMcG0021475	-1.17793690007113	0.294032186398289
h1SMcG0021479	1.56045217369387	0.0000000222039746260973
h1SMcG0021480	-0.0546265317564594	0.949626408938843
h1SMcG0021481	-0.952111819245167	0.0173445789061133
h1SMcG0021483	0.924315018850991	0.38724692860809
h1SMcG0021484	-1.99911775106155	0.190373989691427
h1SMcG0021485	0.970675082924001	0.380925576675713
h1SMcG0021486	0.0503173881071704	0.978867681342339
h1SMcG0021487	-0.351143847669854	0.403925842960952
h1SMcG0021488	1.23772881027734	0.185961251508121
h1SMcG0021489	-0.692529988648171	0.159052199734559
h1SMcG0021492	-0.983789276009087	0.329349895566309
h1SMcG0021493	0.0529944915299432	0.961149945398287
h1SMcG0021494	2.97704577235394	0.024449801224704
h1SMcG0021495	4.63969995259087	0.000000000000000000000000000000597189328435969
h1SMcG0021496	-1.6555733893188	0.165734813949158
h1SMcG0021497	-0.0869507198270056	0.941581340976568
h1SMcG0021499	2.94733938424183	0.0000000000310810414782998
h1SMcG0021500	-0.141789051330769	0.771973494722237
h1SMcG0021501	-1.12469731799487	0.428387693110025
h1SMcG0021502	-0.460992894978577	0.78450513748515
h1SMcG0021504	-2.94738160640133	0.00215860149395851
h1SMcG0021505	0.994479710082038	0.00579281315382252
h1SMcG0021508	-1.91749040977455	0.217562930968803
h1SMcG0021509	-0.506325973260799	0.593491376931751
h1SMcG0021514	0.454012372164843	0.0474623626087064
h1SMcG0021515	0.250783223161886	0.656969703991885
h1SMcG0021517	-1.99093367956634	0.198199934905248
h1SMcG0021522	-0.722801603244797	0.420232204111808
h1SMcG0021524	-0.397745749357028	0.571763383216493
h1SMcG0021525	-0.690903356062529	0.342725383290938
h1SMcG0021526	-0.824487340227205	0.401278285395602
h1SMcG0021527	2.97089314562867	0.000000000000000000000179307302599113
h1SMcG0021531	2.38883725464437	0.0000000441377792964774
h1SMcG0021533	-3.08915005625791	0.0033796139797549
h1SMcG0021535	-0.913507587034729	0.359827048566766
h1SMcG0021536	-4.34295421806307	0.00000659176542004791
h1SMcG0021537	2.12223365588572	0.00000000221980018979791
h1SMcG0021543	0.0154860023803807	0.979826347265129
h1SMcG0021544	0.162145973365374	0.652773093121647
h1SMcG0021546	-0.808958580375203	0.40273965449426
h1SMcG0021548	-3.14662520573382	0.0107298033385809
h1SMcG0021550	-1.20905884976756	0.452603286307269
h1SMcG0021554	0.180178979601017	0.844765859841995
h1SMcG0021555	-0.148181747782034	0.855371923928047
h1SMcG0021558	0.462394546492037	0.33604173651746
h1SMcG0021559	-0.322889120539453	0.80160703229036
h1SMcG0021560	0.329898940815905	0.832306983874119
h1SMcG0021563	-0.3199331851236	0.781363097239983
h1SMcG0021564	-0.225526633565271	0.852265897985962
h1SMcG0021567	0.0783658929767863	0.894795009940953
h1SMcG0021570	0.371667032118076	0.348434493032656
h1SMcG0021572	-3.42381099258082	0.00261128345771138
h1SMcG0021574	-1.50936024063893	0.127300974050735
h1SMcG0021575	-0.237132787902824	0.637130558138253
h1SMcG0021577	0.604608387908399	0.11156665131683
h1SMcG0021578	-0.838884650264607	0.0459853999025853
h1SMcG0021579	0.705251230293066	0.585812903042792
h1SMcG0021580	0.984109032172079	0.28425757107211
h1SMcG0021585	-0.486479571797189	0.337614736621423
h1SMcG0021587	-1.5317734710901	0.00695360223179309
h1SMcG0021588	-2.02506692676507	0.183312107094612
h1SMcG0021590	-0.0257889818353087	0.978027996275277
h1SMcG0021592	0.284421223928367	0.595530925713828
h1SMcG0021593	3.04329738973782	0.0000000000000000000000000103593439959072
h1SMcG0021597	-0.146605768085612	0.801303742075735
h1SMcG0021598	-0.913141241710607	0.491707730986034
h1SMcG0021599	-0.74598754861502	0.0849851379313685
h1SMcG0021603	-0.983514148887194	0.136170314289143
h1SMcG0021604	2.57286329561832	0.000000000000631135054223692
h1SMcG0021605	0.306251944155409	0.854414721593269
h1SMcG0021607	-0.349968635991464	0.782352391382118
h1SMcG0021612	-1.45360664457573	0.0134728586591384
h1SMcG0021616	-0.765314908240401	0.356708002951974
h1SMcG0021618	-1.07426921394501	0.298865737628091
h1SMcG0021619	1.56582822741689	0.0000000742492186730399
h1SMcG0021620	-0.712457562504411	0.196550241787395
h1SMcG0021622	0.397624592548917	0.429755574091022
h1SMcG0021623	-1.10523005928721	0.477175810305702
h1SMcG0021624	-3.49541691827127	0.00788885392957997
h1SMcG0021627	-1.35390562143471	0.0272768113833753
h1SMcG0021630	-1.14489126890897	0.434084457520198
h1SMcG0021632	0.886213344964932	0.282431278423923
h1SMcG0021634	0.32546824244142	0.737766678841899
h1SMcG0021635	0.185386974525528	0.73912969070879
h1SMcG0021637	-0.119663987055882	0.884423180316416
h1SMcG0021641	0.571505996290858	0.0536856503009171
h1SMcG0021643	1.41799210991532	0.0240040561006339
h1SMcG0021644	-0.182493832507129	0.89415316045461
h1SMcG0021646	-1.01337849471673	0.444352639201418
h1SMcG0021647	0.543839645183896	0.331327376998741
h1SMcG0021648	0.528515617405394	0.454598215466203
h1SMcG0021649	-0.539402659991045	0.742185842939598
h1SMcG0021651	-2.03613027208875	0.136592204762228
h1SMcG0021656	0.558447679711346	0.715880568838952
h1SMcG0021658	0.513904682277413	0.653723241597873
h1SMcG0021662	-0.291323237915683	0.859993702806928
h1SMcG0021663	0.00461507218233219	0.993399945752967
h1SMcG0021664	0.592828259224503	0.196626061082565
h1SMcG0021669	0.868402216087768	0.0843600411990054
h1SMcG0021670	-0.334598757192368	0.68547242775141
h1SMcG0021672	-1.55147113670808	0.182659420880538
h1SMcG0021674	0.914304758448274	0.410302466953196
h1SMcG0021675	-0.298493173417993	0.65408558459887
h1SMcG0021677	0.569948633200395	0.540841491226974
h1SMcG0021680	-1.43314753899587	0.232994199741786
h1SMcG0021681	-0.088214904228363	0.943609703528689
h1SMcG0021684	-0.933840986323759	0.537498259633982
h1SMcG0021685	1.10584555774839	0.411327918659393
h1SMcG0021690	-1.3523151657062	0.00320177024507859
h1SMcG0021691	-1.60015744595097	0.266185244783162
h1SMcG0021692	-2.2612507315721	0.000000000000000140519735418529
h1SMcG0021693	-0.745261307786338	0.348179413869967
h1SMcG0021699	-0.239941203866712	0.618771670938886
h1SMcG0021707	2.79853326557544	0.00772065799762627
h1SMcG0021709	2.50661626605377	0.0000000325367948232062
h1SMcG0021710	3.19488963950682	0.0000799957598089509
h1SMcG0021715	1.10385508521901	0.00317430801711065
h1SMcG0021718	-0.585425026029345	0.475438150829057
h1SMcG0021722	0.755338653073603	0.57916402906843
h1SMcG0021723	-0.014019240015276	0.986207685167643
h1SMcG0021725	-0.0034629148681166	0.996193738628562
h1SMcG0021726	-1.54528986005072	0.228455461997616
h1SMcG0021727	-0.0970492484065625	0.855303534489037
h1SMcG0021729	-1.65154507046242	0.0938437699747968
h1SMcG0021732	-1.18622033801181	0.0453533640326366
h1SMcG0021733	-1.23630539874093	0.0419488053581769
h1SMcG0021736	1.72667641138526	0.000000000520513059532081
h1SMcG0021739	1.28326073666126	0.000127917568109812
h1SMcG0021741	-0.911824151464509	0.114493803576223
h1SMcG0021744	-0.948325563934435	0.466369253590817
h1SMcG0021753	-1.43635138367602	0.294032186398289
h1SMcG0021757	-0.396365921345925	0.709210713979536
h1SMcG0021762	-1.23544069580426	0.0871275833006069
h1SMcG0021764	0.431790215034915	0.366165482803444
h1SMcG0021765	-0.493601936132237	0.405881675937506
h1SMcG0021766	-0.496140247976958	0.717230408294743
h1SMcG0021767	0.0931358702803284	0.884245357515652
h1SMcG0021768	1.5765232129317	0.0765168054967276
h1SMcG0021771	0.165420408267801	0.892727006867253
h1SMcG0021772	0.168124330552061	0.797917871030066
h1SMcG0021773	-1.82708497495951	0.202721549135567
h1SMcG0021775	-1.3644468839169	0.0253472260552977
h1SMcG0021782	-1.77393063421498	0.127540389334232
h1SMcG0021788	-0.283875552526505	0.60975061319681
h1SMcG0021789	-0.046566807972602	0.973028030330311
h1SMcG0021790	1.03113400757773	0.15239648855155
h1SMcG0021793	0.24600375573801	0.503949692470309
h1SMcG0021794	0.844906878854315	0.00373568560200925
h1SMcG0021795	-0.1222182446901	0.902086483311686
h1SMcG0021796	-0.598875208182024	0.621826974183913
h1SMcG0021797	-0.486978244452705	0.610621489054538
h1SMcG0021800	-1.15991338618767	0.137176479595507
h1SMcG0021801	-0.580209968379446	0.661657809890584
h1SMcG0021802	-0.815572430822977	0.592264648042971
h1SMcG0021804	-1.91194109885969	0.174155459649467
h1SMcG0021810	-0.224734338400674	0.830781633514011
h1SMcG0021813	1.1339179880091	0.238065962205926
h1SMcG0021814	0.0674905500499705	0.971336610589734
h1SMcG0021815	1.1020963859629	0.0464214963313293
h1SMcG0021816	0.190529181869889	0.914187059945121
h1SMcG0021817	0.281163882370538	0.658974980411279
h1SMcG0021821	-1.54528544574991	0.184488456956024
h1SMcG0021822	-0.855100364325642	0.152072014541449
h1SMcG0021826	-3.02706468105649	0.0215034740999171
h1SMcG0021827	-1.76832247977869	0.21080188164451
h1SMcG0021829	-3.05078737506321	0.0308510298167978
h1SMcG0021833	2.56912134647262	0.0000000266489437482327
h1SMcG0021834	0.256850747395469	0.826455295686082
h1SMcG0021838	-2.05784291363259	0.000031255340525924
h1SMcG0021839	-1.67035847091234	0.000268784659204221
h1SMcG0021840	-0.926413972413923	0.450748208080595
h1SMcG0021841	-0.0929414917348099	0.954769654649451
h1SMcG0021842	-0.214013797082265	0.590525287188222
h1SMcG0021845	0.985128484373285	0.137611649795353
h1SMcG0021847	-1.83328366601395	0.0897150355245487
h1SMcG0021848	-0.555819565286144	0.674031165011597
h1SMcG0021851	-1.10395653574197	0.344602046214617
h1SMcG0021855	-1.61075322314919	0.253190959397401
h1SMcG0021856	0.0792483972431112	0.943459933761519
h1SMcG0021857	1.02869836555408	0.21967900010447
h1SMcG0021858	-0.109327177606759	0.88914607955194
h1SMcG0021860	0.0680069981982423	0.957870191662366
h1SMcG0021861	-0.495794357898722	0.711593330012503
h1SMcG0021866	0.148547148283949	0.803464903232684
h1SMcG0021868	1.25457946951807	0.215853009305338
h1SMcG0021869	-0.566518172037295	0.285576782122462
h1SMcG0021871	-1.08890431146398	0.0292067415548834
h1SMcG0021874	-1.38989202405582	0.244354495405525
h1SMcG0021878	-0.167323070895117	0.918665474160286
h1SMcG0021879	0.38847297734753	0.381510253784326
h1SMcG0021881	-2.41038984704513	0.0672088286154445
h1SMcG0021882	-0.814017870941726	0.0345016213889034
h1SMcG0021884	-1.90371328937143	0.000104935877369763
h1SMcG0021885	0.447670842944539	0.203205933782595
h1SMcG0021886	-1.60769524013954	0.0671029283064791
h1SMcG0021889	1.89380570471672	0.010482192504161
h1SMcG0021891	0.113429497790559	0.88520222192377
h1SMcG0021892	2.02028974760385	0.00436082604371032
h1SMcG0021894	1.18421490125846	0.0487544493449777
h1SMcG0021895	-1.52515591781888	0.304366333521018
h1SMcG0021896	0.900645883870191	0.183935757992651
h1SMcG0021900	-3.99141555949765	0.000698308963381866
h1SMcG0021902	-2.35508517235559	0.00000296130549438405
h1SMcG0021903	-0.673197432738846	0.229739224320977
h1SMcG0021904	-2.02265923293904	0.000758010751838083
h1SMcG0021907	0.105033442205045	0.961595745418925
h1SMcG0021908	-0.165209615185788	0.693029963291295
h1SMcG0021910	0.395368776991524	0.259739043743953
h1SMcG0021913	-0.361599791687397	0.668994002757682
h1SMcG0021914	-1.332160486965	0.312963065076239
h1SMcG0021916	-0.599002371077879	0.264201280098624
h1SMcG0021917	-0.0220044060652996	0.982016167937298
h1SMcG0021918	-1.44634307989049	0.265453733619703
h1SMcG0021919	-0.924961090791291	0.175228027172564
h1SMcG0021920	-1.44984952587786	0.0234715630528852
h1SMcG0021921	1.58543872919379	0.0461593984590586
h1SMcG0021923	1.13142498560586	0.209468874157327
h1SMcG0021924	2.43601371527574	0.000669597953165727
h1SMcG0021927	2.00235395249267	0.00000368163339179402
h1SMcG0021929	0.476058717149746	0.784075361336928
h1SMcG0021930	1.37839704096399	0.000000000000245284488080626
h1SMcG0021935	-1.22252145944679	0.00824832354485294
h1SMcG0021936	-1.53794020350429	0.0228508623395994
h1SMcG0021937	2.64756281898191	0.000000000000000137968801123133
h1SMcG0021938	3.09045911497853	0.0000000000000000122482887683013
h1SMcG0021940	3.28603062331922	0.000000000000000097153552732292
h1SMcG0021941	2.67611468838598	0.00000000404166509095174
h1SMcG0021942	-0.423694704690622	0.689501390856638
h1SMcG0021943	-1.23765729030593	0.307787292813515
h1SMcG0021949	-0.856024750107149	0.574590701684866
h1SMcG0021952	-3.76146602253976	0.000907866456406454
h1SMcG0021953	0.160854528317154	0.748740859642554
h1SMcG0021955	-1.4062108236828	0.038661339320517
h1SMcG0021957	-2.43487568663728	0.019391327032737
h1SMcG0021959	-0.924406129028613	0.3989956313857
h1SMcG0021960	-1.34738670283798	0.0424984977496069
h1SMcG0021962	0.00624083990400432	0.99146901168059
h1SMcG0021963	1.02436101976263	0.141979400182195
h1SMcG0021966	0.27272104458951	0.715834567044214
h1SMcG0021967	-1.66193522193185	0.185282296946525
h1SMcG0021968	0.709594065122403	0.0222307031078998
h1SMcG0021969	-1.34131610015091	0.00000133504961200276
h1SMcG0021970	-1.28676446944138	0.063387559523802
h1SMcG0021974	-0.675405124847822	0.379881661001635
h1SMcG0021977	-2.76541532043128	0.0265625196839709
h1SMcG0021980	8.36733832449828	0.0000000000000000000000000000000000000000000000000000000000000000000000000311374044489863
h1SMcG0021981	3.52991076724101	0.000318610181692609
h1SMcG0021983	2.35256897608678	0.00000000158507989103295
h1SMcG0021985	-4.01272223026507	0.000290090405367122
h1SMcG0021986	-0.0190882123519361	0.988377348025742
h1SMcG0021987	-1.30973917586683	0.402460707010091
h1SMcG0021988	0.882099242441135	0.301168047879849
h1SMcG0021989	-0.782902937393562	0.0170286374093057
h1SMcG0021997	4.79870320887086	0.0000000000000000000000000000320144943885812
h1SMcG0021998	-3.60394029105908	0.00217716694055296
h1SMcG0021999	-2.89980619479177	0.0463081796241983
h1SMcG0022001	0.189194639777449	0.806678312881211
h1SMcG0022002	6.81450618648017	0.000000000000000000000000000000000000000000000000000000000000000000000150640204232605
h1SMcG0022004	-0.295262691357044	0.629075834511371
h1SMcG0022005	0.30977638042251	0.858976590508463
h1SMcG0022008	-1.83259189569913	0.0671376772107587
h1SMcG0022009	1.3549407110429	0.211768608906129
h1SMcG0022010	-0.0887203409075607	0.913427222967882
h1SMcG0022011	-0.461182100756453	0.580432786667327
h1SMcG0022012	-0.124620625398827	0.839070858764515
h1SMcG0022013	-0.614163340014615	0.40673837369179
h1SMcG0022014	-0.73543454354642	0.11755276292301
h1SMcG0022015	4.65222775871547	0.000013444599055014
h1SMcG0022017	-1.67852132424164	0.0271085204688933
h1SMcG0022019	-0.909065401185294	0.486399475638307
h1SMcG0022022	0.164415953144537	0.91628655654975
h1SMcG0022023	0.461602818425559	0.19865771450838
h1SMcG0022032	-0.783232137370169	0.403925842960952
h1SMcG0022033	-1.59094522187161	0.120307298421832
h1SMcG0022034	-1.03717313037154	0.0133485014337426
h1SMcG0022036	-0.887351583835959	0.00480567181456496
h1SMcG0022037	4.3584321016062	0.0000000000000000000000034715110450582
h1SMcG0022038	0.584636989646588	0.169098897680206
h1SMcG0022039	1.44463788190626	0.277757804731305
h1SMcG0022041	-0.171421752945203	0.919447126363836
h1SMcG0022043	-0.370783689152355	0.614359168012555
h1SMcG0022045	-0.0194050962269822	0.980883693304373
h1SMcG0022047	-0.163974976156844	0.832375445765581
h1SMcG0022049	-1.12845519900852	0.497831428328765
h1SMcG0022050	-1.24955262297959	0.106793500940727
h1SMcG0022051	0.0754200557064461	0.893536659047377
h1SMcG0022052	-0.87672923240673	0.579440782178497
h1SMcG0022053	-1.25851900684655	0.247770904360809
h1SMcG0022054	1.65852914235502	0.00000000000124204102512917
h1SMcG0022057	-1.22213096895764	0.00296286037230605
h1SMcG0022059	0.473317527651267	0.349521410609
h1SMcG0022061	0.765746362931042	0.104617654133
h1SMcG0022063	-1.48528600235694	0.344628562568632
h1SMcG0022064	-1.02921915968325	0.0839296127860826
h1SMcG0022065	-2.70348990791558	0.0480533798548712
h1SMcG0022066	-1.35160290456328	0.0170711839648852
h1SMcG0022068	-1.06266354238094	0.00638639437985398
h1SMcG0022074	-0.337786287019982	0.431224368233739
h1SMcG0022075	-0.00680297770737405	0.995359274463544
h1SMcG0022081	-0.067781031360955	0.973769684843381
h1SMcG0022083	5.27417557577671	0.0000000000000000000000000000000000000000000000000000137739565373866
h1SMcG0022084	-1.01158869252213	0.0500633535081981
h1SMcG0022090	4.95777785412184	0.000000000000000000000012908144807705
h1SMcG0022092	-0.525914242407357	0.249010423949204
h1SMcG0022093	-0.740878903408872	0.637857405832473
h1SMcG0022094	2.21108297927881	0.152682843796334
h1SMcG0022095	-1.38184582668562	0.393887338405946
h1SMcG0022097	0.524073540351201	0.762609060553508
h1SMcG0022100	-0.626920415880255	0.112547947844745
h1SMcG0022101	-0.497022410000895	0.460705492688678
h1SMcG0022103	-0.668927100082401	0.0113383824846374
h1SMcG0022104	0.175847288736001	0.64962285278933
h1SMcG0022106	-0.301489836399673	0.848222576644487
h1SMcG0022107	1.02081291380252	0.407706345217387
h1SMcG0022111	0.307954843941226	0.84302184655765
h1SMcG0022113	0.0933635863840223	0.948349150274159
h1SMcG0022115	2.26819169123427	0.0111796668012451
h1SMcG0022116	4.81238790767951	0.0000000000123918751118235
h1SMcG0022119	-0.391038795922767	0.57488290760703
h1SMcG0022123	1.51087588468734	0.0113598427344451
h1SMcG0022124	3.50512722198376	0.00000000000000000000000170617619000203
h1SMcG0022125	0.0960100582843915	0.954209922044729
h1SMcG0022126	0.115624192456814	0.854735585815479
h1SMcG0022127	0.106199145920109	0.947194978791523
h1SMcG0022129	-0.474085283979182	0.472789566104977
h1SMcG0022133	0.0345828201507822	0.982072286407858
h1SMcG0022135	-1.30993406104287	0.246994704323089
h1SMcG0022136	-0.372970317803626	0.599773570329947
h1SMcG0022137	0.346697362542875	0.743733355576138
h1SMcG0022138	-2.2737541866581	0.116461553763855
h1SMcG0022139	-0.861709522084422	0.399455072807966
h1SMcG0022140	-0.495899901129039	0.633241339615078
h1SMcG0022149	-0.357149377513594	0.578177385452854
h1SMcG0022150	-0.472685231155028	0.191404782325162
h1SMcG0022151	-0.34056193174099	0.715013842528346
h1SMcG0022152	0.0722752002606582	0.966346667889664
h1SMcG0022154	1.07360567843825	0.00712905181836024
h1SMcG0022156	0.130377786841127	0.830271789238927
h1SMcG0022157	-0.202771078262531	0.667490900969367
h1SMcG0022158	-0.556782993874047	0.47460045176721
h1SMcG0022159	-0.707211257539245	0.268317261143863
h1SMcG0022166	0.92744718497217	0.0708122073223298
h1SMcG0022168	-1.56823628394416	0.0212619323634097
h1SMcG0022169	-0.891973290896332	0.232713610375155
h1SMcG0022170	-1.20277467231683	0.378941453412862
h1SMcG0022173	-1.45610866477807	0.190116724829177
h1SMcG0022174	-1.16744852293095	0.0639578740290804
h1SMcG0022176	0.352092057537846	0.405291829200716
h1SMcG0022177	0.338751009302858	0.74319907684698
h1SMcG0022178	-0.0439861309139681	0.968257709700937
h1SMcG0022182	-0.599750143208549	0.537293889508299
h1SMcG0022183	0.767826516308748	0.0560901758276621
h1SMcG0022188	0.291033876464608	0.694795954642321
h1SMcG0022190	-1.30877665958618	0.0726496722944757
h1SMcG0022196	0.383546880586467	0.358204217124678
h1SMcG0022201	-0.737893400066442	0.0936151258278079
h1SMcG0022202	-0.603651023237345	0.391358719479373
h1SMcG0022205	0.808785756816247	0.198378040442202
h1SMcG0022206	-0.298473690292256	0.438939241020475
h1SMcG0022207	0.410147861245892	0.795602177712728
h1SMcG0022208	-1.65003355254467	0.0858627806083552
h1SMcG0022211	-0.83912319125432	0.250734266390866
h1SMcG0022214	-0.321872679768832	0.547308072375803
h1SMcG0022215	-0.312532104101524	0.801359470991028
h1SMcG0022216	-1.06023378233205	0.0709527601882795
h1SMcG0022218	-1.22353214219327	0.445737221149575
h1SMcG0022219	0.415104374041914	0.58829677857163
h1SMcG0022220	0.0731779422352698	0.881020260343598
h1SMcG0022222	1.62750151554674	0.0000104190425303412
h1SMcG0022223	0.694884336770132	0.291429314927851
h1SMcG0022225	0.239225800158664	0.876107744741756
h1SMcG0022226	-1.66015092717667	0.00302449569597325
h1SMcG0022228	-0.495993867209811	0.692219907244292
h1SMcG0022229	-1.35960136506782	0.0791546565193113
h1SMcG0022230	-0.583565712140023	0.421873303662628
h1SMcG0022231	-0.530385745220587	0.644695467025061
h1SMcG0022233	-0.35520485219549	0.726887722140055
h1SMcG0022236	1.15455380085146	0.0157049881772675
h1SMcG0022237	0.761266106028931	0.330672835081973
h1SMcG0022239	-3.9729253109183	0.000458982346769418
h1SMcG0022240	0.253479449706351	0.476103370887095
h1SMcG0022241	0.203358459601811	0.867326998230811
h1SMcG0022248	-3.11871046923365	0.0160244298281575
h1SMcG0022249	-0.409176048054137	0.345404445313648
h1SMcG0022250	-0.516328592563565	0.371041780514832
h1SMcG0022251	-0.991434236284762	0.287797831864375
h1SMcG0022252	3.26974882487668	0.000000000000000000000000130198259891871
h1SMcG0022253	0.455716268488777	0.411615723994704
h1SMcG0022255	-2.06163335046477	0.180463710128493
h1SMcG0022256	0.571287335702552	0.344316588296583
h1SMcG0022258	-3.99791138970042	0.00113158246071025
h1SMcG0022259	-1.16748637242378	0.0839092932602773
h1SMcG0022260	-0.678220607774612	0.478817415045977
h1SMcG0022261	-0.1463511578364	0.911005311091851
h1SMcG0022262	-2.25379882629659	0.116724838909439
h1SMcG0022264	0.126193813704223	0.869933137247712
h1SMcG0022266	-0.262272356255123	0.754428777332891
h1SMcG0022267	-2.24792650636283	0.0938017575370869
h1SMcG0022268	-2.02060389723287	0.00108088036507931
h1SMcG0022269	-1.61156444795333	0.0077738594510905
h1SMcG0022272	-0.452287677424808	0.57547564519718
h1SMcG0022274	1.50018467585881	0.000395975794963601
h1SMcG0022275	1.43514579206388	0.0000104698092260809
h1SMcG0022277	1.15092640870234	0.368320503848244
h1SMcG0022278	0.215027288669711	0.653469146431548
h1SMcG0022281	0.34934271961615	0.374405869937885
h1SMcG0022283	0.0376678910544149	0.963309623599699
h1SMcG0022284	1.0435192880085	0.143125411639558
h1SMcG0022289	-1.02169657043645	0.389255098388416
h1SMcG0022291	-1.74845505580842	0.274443326910885
h1SMcG0022295	3.39855600665994	0.00000000000000000198451607737383
h1SMcG0022296	-2.79969534728327	0.00509385485311196
h1SMcG0022299	0.0581667755237041	0.931564870711426
h1SMcG0022302	-1.6039875417062	0.174896089020741
h1SMcG0022303	-1.230776317009	0.115115065495552
h1SMcG0022307	-0.964403315685411	0.385553670668441
h1SMcG0022311	-0.652081346311034	0.270070813290485
h1SMcG0022313	-1.44361989969939	0.347291813668199
h1SMcG0022316	0.167433835133644	0.80873799526426
h1SMcG0022317	0.450898841471899	0.344975912625344
h1SMcG0022318	-0.048454790221705	0.943113428952479
h1SMcG0022319	2.14221714011106	0.00000000000000015135101360237
h1SMcG0022320	0.477572441686777	0.308803981803313
h1SMcG0022323	-1.22280458545163	0.000518427815385829
h1SMcG0022324	-0.155867330197575	0.92606912723394
h1SMcG0022326	-2.27060201488944	0.00436805030986079
h1SMcG0022327	0.954880586517849	0.415688008287152
h1SMcG0022328	-1.67946901386606	0.139530602879626
h1SMcG0022332	-3.01822912623927	0.0210093601816189
h1SMcG0022335	-0.0577052823174245	0.934131825228909
h1SMcG0022337	-0.568179833721267	0.558774585030329
h1SMcG0022338	0.395865508444014	0.74319907684698
h1SMcG0022339	2.31854115100111	0.0352030980194278
h1SMcG0022340	-1.36592917208595	0.322907151530573
h1SMcG0022343	-0.967528781070393	0.288780881747812
h1SMcG0022345	0.13063547350308	0.903513467726777
h1SMcG0022348	-0.217152251934466	0.706187242662786
h1SMcG0022349	-0.414529969998667	0.414138533852811
h1SMcG0022358	-2.55869950134587	0.0692014890051972
h1SMcG0022360	-2.10247584182362	0.0792758627584312
h1SMcG0022363	-0.805339030389704	0.238969520095532
h1SMcG0022367	-0.0175889123234094	0.986963331726889
h1SMcG0022371	0.0718035628697948	0.956473070522414
h1SMcG0022373	0.0856518734385948	0.855303534489037
h1SMcG0022374	-0.54145861386188	0.71535650874755
h1SMcG0022375	0.917206703700991	0.240319630469225
h1SMcG0022377	-0.13464203219929	0.783570311075039
h1SMcG0022379	-0.437757105041994	0.639612427325628
h1SMcG0022380	-0.0828512317944032	0.956097281245736
h1SMcG0022381	0.702317489374496	0.241845877312866
h1SMcG0022384	-0.902714047368805	0.11762704635413
h1SMcG0022385	0.429655391161202	0.464895555881762
h1SMcG0022389	0.155638700828689	0.819896207691437
h1SMcG0022390	0.763714889606073	0.0592758946196262
h1SMcG0022393	1.02848881596115	0.249644587054656
h1SMcG0022396	-0.586681520966683	0.320274268626037
h1SMcG0022397	-2.02661513299241	0.000171508933896677
h1SMcG0022399	-0.163498824546907	0.837713913877957
h1SMcG0022400	-1.53535584176915	0.0382686713737551
h1SMcG0022401	0.00608296050016483	0.995320282026279
h1SMcG0022405	-0.360900937361796	0.625237364314617
h1SMcG0022406	0.232137442133183	0.628274546510519
h1SMcG0022407	-1.08183139815495	0.4029490251305
h1SMcG0022409	-0.198546581841796	0.714631634720336
h1SMcG0022411	-1.21010662637907	0.0841589956472706
h1SMcG0022413	-0.0206104748532404	0.970339183076851
h1SMcG0022414	-1.56112997069477	0.218927416112696
h1SMcG0022417	0.373683165737884	0.801035528613375
h1SMcG0022422	0.0935399728688043	0.896119642242632
h1SMcG0022423	-1.01541436899148	0.110494253142306
h1SMcG0022424	0.25801240305123	0.838769449595957
h1SMcG0022425	0.693962639156697	0.121769330760435
h1SMcG0022426	-1.68488476580174	0.0278888552771937
h1SMcG0022430	0.570207978521715	0.209813760497218
h1SMcG0022431	-0.0203047108897676	0.979826347265129
h1SMcG0022432	-2.29978440062277	0.0467985658421895
h1SMcG0022433	-0.105281917950278	0.950260811600824
h1SMcG0022437	-1.71649871192312	0.0952869579272431
h1SMcG0022439	1.39495308051008	0.203414847151892
h1SMcG0022440	0.804737504195638	0.455182441510737
h1SMcG0022441	-4.88104596713727	0.0000000000685003956768071
h1SMcG0022444	-0.0518346484268713	0.924346650962595
h1SMcG0022447	0.276777763533148	0.604394227175517
h1SMcG0022452	0.262165789115637	0.502617785175696
h1SMcG0022453	-0.281873841461758	0.736387333887059
h1SMcG0022454	-0.592907188019362	0.318448497044369
h1SMcG0022458	1.50538307320467	0.0808581872261254
h1SMcG0022462	0.0353314975484114	0.965742423395644
h1SMcG0022464	-1.00966190663315	0.158724086842914
h1SMcG0022468	-0.889676877070261	0.570296906706279
h1SMcG0022469	-1.38074053694897	0.308857572031289
h1SMcG0022470	-2.48953752186655	0.000826680671998155
h1SMcG0022472	-1.80679910757176	0.0696717962441282
h1SMcG0022474	-0.570839379763493	0.741749951732137
h1SMcG0022476	-0.306062185589303	0.834320996408336
h1SMcG0022477	-1.47092428499984	0.167378079616437
h1SMcG0022478	-3.08746450852507	0.0133538063891103
h1SMcG0022479	-0.684338575233145	0.465288512942111
h1SMcG0022480	0.24628994751731	0.805481945075248
h1SMcG0022483	-1.6973139490625	0.189549775414316
h1SMcG0022486	-0.198440203014153	0.9112395478022
h1SMcG0022487	-1.18650502157965	0.00458682087867614
h1SMcG0022488	-0.809442819435942	0.295085178559591
h1SMcG0022490	-1.58158138076628	0.00000826351417695493
h1SMcG0022492	1.34728170281905	0.267089992977665
h1SMcG0022498	-0.631332322611464	0.424875547008675
h1SMcG0022503	2.29940039411873	0.0104073343951086
h1SMcG0022504	0.699374206786951	0.577650591401953
h1SMcG0022505	4.78515271999594	0.00097179063069865
h1SMcG0022509	-0.945121806174326	0.348142508624655
h1SMcG0022511	0.16741624275934	0.835842868483879
h1SMcG0022512	-0.991226488939982	0.560872650379223
h1SMcG0022513	0.463628781132424	0.491524474154464
h1SMcG0022515	-0.696311513071565	0.0410203382929467
h1SMcG0022516	-0.269361352486144	0.744012678159829
h1SMcG0022517	0.450857912694597	0.141145393949415
h1SMcG0022518	1.35740402874697	0.302439163425242
h1SMcG0022520	-0.638858462334421	0.264381152543051
h1SMcG0022521	0.410578449427065	0.281607293823745
h1SMcG0022522	-0.489600081408608	0.379005976140872
h1SMcG0022525	6.16471710489646	0.0000000000000000000000000000000000000000000000000501149063283383
h1SMcG0022526	0.404916607577933	0.490914015630371
h1SMcG0022528	1.2321971148588	0.133024243620508
h1SMcG0022530	-1.5985748396086	0.126906947640577
h1SMcG0022532	-1.80781811075956	0.0483208984074278
h1SMcG0022536	-0.994022446290762	0.35943271882045
h1SMcG0022537	4.63334750584161	0.0000000000000000000000705977180360355
h1SMcG0022538	0.900070409279616	0.0888345578966961
h1SMcG0022539	0.0916446411194038	0.865737379591395
h1SMcG0022543	2.27986360507165	0.0112322147167674
h1SMcG0022544	-0.984683867664382	0.260599756516045
h1SMcG0022545	0.473974283865265	0.449836730277951
h1SMcG0022546	3.20115172479579	0.00012740851372714
h1SMcG0022547	-0.836672286723631	0.484773119103239
h1SMcG0022548	0.488515227891754	0.599129071495034
h1SMcG0022549	-1.43025637184761	0.0991575892959639
h1SMcG0022550	0.0979728882433618	0.832668014733029
h1SMcG0022552	-0.95008322303837	0.130006852492351
h1SMcG0022555	1.1845121190713	0.0000746314677552796
h1SMcG0022556	0.306253777258429	0.669051875583305
h1SMcG0022558	-2.67431391551152	0.0522296075386778
h1SMcG0022561	-1.88448423139749	0.112554741631069
h1SMcG0022562	0.338196355458846	0.275479970294067
h1SMcG0022563	-1.87445500845409	0.130121979231082
h1SMcG0022564	-1.70286084705731	0.0511020941354841
h1SMcG0022565	-0.230058056519425	0.575988129549129
h1SMcG0022567	-0.803290459830267	0.284003078414768
h1SMcG0022569	5.57781911599503	0.000000000000000000000000000101535198027429
h1SMcG0022572	-1.77844205660886	0.208823292852382
h1SMcG0022573	-0.422749085275893	0.777109935458839
h1SMcG0022574	-0.259821812912056	0.823902011297062
h1SMcG0022576	-0.159946834916656	0.92106674394056
h1SMcG0022577	-1.37632950132332	0.0149355929372282
h1SMcG0022578	-2.89404282355885	0.00931262331469517
h1SMcG0022583	0.276220618813317	0.768485957788225
h1SMcG0022585	1.28154538341544	0.00363804209928063
h1SMcG0022586	2.58196333519877	0.0000324746848787459
h1SMcG0022588	-1.89953558104847	0.040974722101329
h1SMcG0022590	-4.54927228443213	0.0000871778239493773
h1SMcG0022592	-2.03435914627374	0.0348736337229031
h1SMcG0022595	-2.10003931623762	0.0270643567026491
h1SMcG0022596	-0.187904293033397	0.855303534489037
h1SMcG0022597	-0.712829383331227	0.349457899829731
h1SMcG0022598	0.276712877731111	0.683254985957912
h1SMcG0022602	-1.18400785297747	0.332052847235241
h1SMcG0022603	0.340130288750715	0.768154712999537
h1SMcG0022604	0.430968094761096	0.491707730986034
h1SMcG0022605	-0.0770384312696259	0.919447126363836
h1SMcG0022606	-0.348110227727596	0.793108245005685
h1SMcG0022608	-1.33229227151311	0.398842361006507
h1SMcG0022612	0.423189311896675	0.431669531012847
h1SMcG0022614	0.643899139583379	0.370620647534391
h1SMcG0022615	-0.120879890427517	0.921508845762189
h1SMcG0022618	-1.74251745797114	0.0125637822678409
h1SMcG0022621	-2.59385930321495	0.0393077197964835
h1SMcG0022622	0.472066653573066	0.431905008389961
h1SMcG0022623	-0.367823421120423	0.376859564313804
h1SMcG0022624	-1.32979869063955	0.0000191029630295994
h1SMcG0022625	0.0952806926665661	0.921859961571931
h1SMcG0022627	-0.841964483871248	0.468975136242833
h1SMcG0022628	0.178333180082568	0.789427759169908
h1SMcG0022631	-0.670509737935673	0.357440674160598
h1SMcG0022633	0.266967908823658	0.736036421638191
h1SMcG0022634	-3.47627269746592	0.00277207537912844
h1SMcG0022637	-0.717399486178883	0.409445044313683
h1SMcG0022639	-0.29806625610803	0.649896159432548
h1SMcG0022640	1.36253791272732	0.0965834989902027
h1SMcG0022641	0.576388088110859	0.303375388592812
h1SMcG0022642	-4.18021228503117	0.0000433811242571846
h1SMcG0022652	-1.32219598544317	0.331678878723845
h1SMcG0022664	-3.22528046485749	0.0188679644765882
h1SMcG0022666	0.389132943309865	0.389536088708778
h1SMcG0022667	0.406977762914511	0.245682930164172
h1SMcG0022670	-0.377491062182011	0.827302409571378
h1SMcG0022674	0.156241822286713	0.826455295686082
h1SMcG0022676	-3.09571135112051	0.0264158424654628
h1SMcG0022677	0.275051569264575	0.844886193985733
h1SMcG0022684	0.866236333072299	0.441506920341669
h1SMcG0022688	0.430542479451826	0.72074610180462
h1SMcG0022692	0.127203154103844	0.902865565316746
h1SMcG0022703	1.89066031738334	0.0483570746857587
h1SMcG0022706	-2.07992048040884	0.00588959043993081
h1SMcG0022707	0.573693969750177	0.478565320350032
h1SMcG0022710	-0.776165975933932	0.431669531012847
h1SMcG0022712	0.0750803534462237	0.963905530584756
h1SMcG0022715	-0.324100659175711	0.701877355383829
h1SMcG0022717	0.390820186947542	0.434170433405902
h1SMcG0022719	-2.94160869194768	0.000188143019925074
h1SMcG0022721	1.67924274361468	0.00304934505157725
h1SMcG0022723	-2.00938491115871	0.148913832720917
h1SMcG0022726	-0.671758902877511	0.689134448469272
h1SMcG0022735	0.0315940697074228	0.980883693304373
h1SMcG0022741	0.25817245312455	0.761261033985786
h1SMcG0022755	0.433361349698519	0.691639956032102
h1SMcG0022757	0.0801190967483774	0.967687337741068
h1SMcG0022759	-2.68724485475426	0.0699713193220189
h1SMcG0022767	-2.29178068402333	0.00126085480899351
h1SMcG0022769	-1.52828566545162	0.02647583442599
h1SMcG0022771	2.04500190479116	0.00000320837701460736
h1SMcG0022777	-0.731366779595123	0.287142574166282
h1SMcG0022781	-2.30292181460938	0.0108634411561044
h1SMcG0022785	-2.14611798352699	0.150832834812567
h1SMcG0022786	0.0885777661111019	0.950260811600824
h1SMcG0022787	-1.74198826430272	0.187115626039865
h1SMcG0022790	-1.47968687788852	0.00398176477779003
h1SMcG0022791	-2.26121542198907	0.0938017575370869
h1SMcG0022792	0.0714547075099579	0.922184042932443
h1SMcG0022793	1.58400807250504	0.00000000278049109028453
h1SMcG0022794	2.76037663447903	0.000841761684935087
h1SMcG0022795	2.56533910655441	0.000000000000216868665526299
h1SMcG0022796	2.43981022222984	0.00000000280130451259411
h1SMcG0022803	0.424120922531293	0.685901945685598
h1SMcG0022805	-0.976239870452653	0.155349419570954
h1SMcG0022813	1.09289393964044	0.351914085338777
h1SMcG0022818	-0.341171353054461	0.802362842543961
h1SMcG0022822	-2.11091981442024	0.121304142318465
h1SMcG0022824	1.2148015481436	0.333637095215428
h1SMcG0022827	0.129598807176521	0.881213420571508
h1SMcG0022832	-3.15745799044002	0.0216901483438876
h1SMcG0022834	-3.07870950415304	0.0102902628877831
h1SMcG0022835	-1.26854364955191	0.137176479595507
h1SMcG0022837	1.45412448158592	0.0000194730252482708
h1SMcG0022840	-0.885425683423604	0.601495198004437
h1SMcG0022841	-0.640446245059963	0.559059812587524
h1SMcG0022843	0.123505751987947	0.89527840459794
h1SMcG0022844	1.1222245100698	0.16330796054401
h1SMcG0022855	0.196463612230705	0.88914607955194
h1SMcG0022859	-1.44085728229298	0.277854517032337
h1SMcG0022860	-1.14248726678201	0.224541682369563
h1SMcG0022871	-1.23418816493647	0.395677527225083
h1SMcG0022873	-0.185671127108687	0.921923830584199
h1SMcG0022874	-1.42255477049796	0.00909730949574092
h1SMcG0022877	1.71978939389329	0.000277667488197335
h1SMcG0022878	0.316854578915821	0.789689193057371
h1SMcG0022880	-1.02251335086924	0.488490515865902
h1SMcG0022882	-0.516587142478742	0.546116197174519
h1SMcG0022884	-1.67821013328919	0.273199068496327
h1SMcG0022885	-1.8700578746722	0.0400515078919368
h1SMcG0022892	-1.14501233165592	0.421718348745638
h1SMcG0022893	-0.0391558034751678	0.972391043693941
h1SMcG0022896	-0.441345354096577	0.803409352708928
h1SMcG0022902	-0.205422545351701	0.92066604684961
h1SMcG0022912	0.897914522664258	0.139375613771498
h1SMcG0022914	-1.54419909496633	0.225102804039606
h1SMcG0022918	-0.487678329837205	0.508061565819965
h1SMcG0022919	-0.303445133321717	0.480450400967211
h1SMcG0022920	-0.758881434586808	0.0414805010358578
h1SMcG0022922	0.946522632145665	0.0133173918561404
h1SMcG0022925	-0.372923201423738	0.61597882038404
h1SMcG0022932	2.28644046705398	0.00000000000000203644910155579
h1SMcG0022933	0.148859381083852	0.85198358597096
h1SMcG0022934	0.395526240370944	0.467400648500845
h1SMcG0022946	0.773153706114067	0.501430921836221
h1SMcG0022948	-1.94320451308351	0.0993405959879198
h1SMcG0022949	-0.0191490720224673	0.986207685167643
h1SMcG0022951	-2.12954200605576	0.128175899823766
h1SMcG0022955	0.211590748895042	0.876886922462194
h1SMcG0022965	-0.492023399953003	0.642202850074333
h1SMcG0022971	-0.787440354126368	0.502601230106248
h1SMcG0022973	0.831062135167814	0.33758775829239
h1SMcG0022977	6.55288156859802	0.000000000000992633656096162
h1SMcG0022979	0.218020160851314	0.865945031586293
h1SMcG0022983	-0.015590430534036	0.991637684349638
h1SMcG0022985	1.27721771946535	0.305292371763962
h1SMcG0022986	-0.0761595795841391	0.871119435910364
h1SMcG0022988	-0.788687867354849	0.481291036841196
h1SMcG0022994	0.314003913106064	0.732961774275529
h1SMcG0022995	0.761315727930068	0.114957132695745
h1SMcG0022996	0.672471047825977	0.397721378762453
h1SMcG0022998	1.74210151609747	0.257626727278858
h1SMcG0023008	-0.225834865957659	0.848252034848551
h1SMcG0023011	-2.22159187475918	0.114814375647397
h1SMcG0023013	-0.863496376207081	0.565331229757709
h1SMcG0023018	-0.672363832820308	0.199350854339829
h1SMcG0023023	0.190431819474024	0.761275652836566
h1SMcG0023028	0.79080644372082	0.356999615353119
h1SMcG0023029	-1.74328257755106	0.276994233410208
h1SMcG0023036	-1.99418054598537	0.185961251508121
h1SMcG0023038	-1.10795319854307	0.10105136842435
h1SMcG0023039	0.610819664611356	0.391358719479373
h1SMcG0023040	-1.77358038081214	0.00979449089951593
h1SMcG0023041	-2.57033502984516	0.0629642252794637
h1SMcG0023042	-1.14447691935475	0.49900589778074
h1SMcG0023044	2.13770287350402	0.000140975329641515
h1SMcG0023053	-0.788589356901539	0.601797334954657
h1SMcG0023054	0.653576607474797	0.60645930692429
h1SMcG0023055	-0.614995482250207	0.382400189911684
h1SMcG0023058	0.871579276280209	0.0987828594947465
h1SMcG0023063	3.15087828819803	0.000000581343457277304
h1SMcG0023064	1.76982048077568	0.0809675495509836
h1SMcG0023068	0.758085534068068	0.26878761286222
h1SMcG0023069	0.697028415648709	0.33545170126846
h1SMcG0023072	-3.28255784745974	0.0154958236380552
h1SMcG0023076	-0.0908117214946537	0.963309623599699
h1SMcG0023080	1.30085583830575	0.0038133966595973
h1SMcG0023084	-0.583417223398543	0.447389323217673
h1SMcG0023085	0.50000348480757	0.744704169018855
h1SMcG0023088	-0.762549382411813	0.298865737628091
h1SMcG0023092	-1.90135562779115	0.177096528936054
h1SMcG0023093	1.24729751090154	0.0000759792318727497
h1SMcG0023097	-4.20910051331339	0.00000161552492611523
h1SMcG0023098	-0.841043780653093	0.224385618280618
h1SMcG0023099	-3.66545214617345	0.00403975430829246
h1SMcG0023100	-0.572769764893291	0.733420489346376
h1SMcG0023103	-4.9697729392544	0.00000876336223715313
h1SMcG0023109	-1.54081202230882	0.0359781181655629
h1SMcG0023111	-0.46811071678034	0.747150779741334
h1SMcG0023112	-0.557183959377137	0.679991342360729
h1SMcG0023113	0.836639388073643	0.486985578184216
h1SMcG0023114	-2.34597710530605	0.102505494286455
h1SMcG0023120	0.106792120667236	0.841786186702766
h1SMcG0023121	1.44424468565789	0.0000312588427120799
h1SMcG0023123	0.0320472914883753	0.973010396233727
h1SMcG0023128	0.147380021887952	0.771973494722237
h1SMcG0023132	-0.429537452485563	0.237136627500433
h1SMcG0023133	-1.86160639424833	0.190662174601966
h1SMcG0023142	-0.54622359945841	0.0342036685644869
h1SMcG0023143	-0.980147063791169	0.0000507768790079673
h1SMcG0023144	-1.01487310245049	0.00031679764013241
h1SMcG0023145	-0.759480454331652	0.00244312917938502
h1SMnG0000002	-0.579609642116113	0.724168919131072
h1SMnG0000003	0.532642394855196	0.56835360981061
h1SMnG0000053	-0.291294806132492	0.876244754429243
h1SMnG0000055	-0.163901450739849	0.884893797564852
h1SMnG0000059	-0.748966649986868	0.437316017260852
h1SMnG0000068	0.271511413768297	0.81472483701602
h1SMnG0000069	-0.591502861955516	0.624726425254607
h1SMnG0000070	-1.34286750787558	0.413806741454076
h1SMnG0000073	0.0769435322757131	0.931996699285053
h1SMnG0000078	-0.235545116000042	0.890617211218882
h1SMnG0000099	0.738565542723299	0.509160427121335
h1SMnG0000109	-1.35091598865289	0.00537055291201611
h1SMnG0000117	-0.763569524109739	0.248965479507553
h1SMnG0000122	-0.00869654538085548	0.996067651083725
h1SMnG0000129	-0.456259967036034	0.520605023303805
h1SMnG0000133	0.479690687057733	0.700838933256298
h1SMnG0000136	0.945886239503381	0.455831023096581
h1SMnG0000137	-1.28961171026528	0.283290947100803
h1SMnG0000144	-0.401054223413952	0.76474208182898
h1SMnG0000152	-2.78711669733594	0.00405427513566425
h1SMnG0000192	-1.15805246821956	0.461190534894441
h1SMnG0000202	-2.01986931805236	0.102505494286455
h1SMnG0000210	-0.592405760788974	0.710472869222743
h1SMnG0000228	0.195701524114772	0.893673869151968
h1SMnG0000232	-1.76585783181766	0.263042343345057
h1SMnG0000254	-1.07978646025296	0.420722823193991
h1SMnG0000259	-0.0723465615499959	0.957870191662366
h1SMnG0000264	-0.518023967164183	0.730995142022974
h1SMnG0000270	1.92889257045238	0.143428090484162
h1SMnG0000287	0.808598811514193	0.610419873123575
h1SMnG0000291	1.1085656442773	0.313344160809694
h1SMnG0000304	-0.696587785765913	0.627047557089189
h1SMnG0000340	0.647679165554843	0.451205255207471
h1SMnG0000347	-0.0959097599421602	0.860021226905769
h1SMnG0000361	0.433225540465403	0.503754563765198
h1SMnG0000398	1.57047773182719	0.122622070038814
h1SMnG0000402	-0.92618650811073	0.204708072299465
h1SMnG0000404	1.03425520732343	0.405291829200716
h1SMnG0000420	0.0805364028024298	0.968099390274274
h1SMnG0000444	-2.22437870994332	0.128424168536405
h1SMnG0000462	-0.397630885933355	0.813143733435709
h1SMnG0000472	-0.291401075507194	0.848441451034352
h1SMnG0000497	-0.39296768217619	0.796636060580354
h1SMnG0000500	-0.229291870347521	0.568050999073569
h1SMnG0000501	-1.3545520482285	0.370431156990545
h1SMnG0000504	0.0599592914657118	0.955501151892676
h1SMnG0000506	0.759878749336394	0.30900956269822
h1SMnG0000514	0.955779217810865	0.411615723994704
h1SMnG0000528	-1.32429758188932	0.0366209703426447
h1SMnG0000533	-3.4609553660605	0.0031192351700876
h1SMnG0000536	-1.5059855743035	0.146420626777436
h1SMnG0000537	-2.42447153725336	0.0913187632259443
h1SMnG0000538	-2.2533596641297	0.0572378551154386
h1SMnG0000544	-1.70075617289655	0.223384150050711
h1SMnG0000557	-0.271699826515726	0.832969419854009
h1SMnG0000562	-1.18407775198881	0.149884571024426
h1SMnG0000563	-0.91464440762519	0.435828203001335
h1SMnG0000569	-1.33006424834168	0.0000149033011415952
h1SMnG0000572	-2.8666286953871	0.0210560672725457
h1SMnG0000581	-0.603039512594901	0.139269874139958
h1SMnG0000584	-1.26417440892793	0.357359831947002
h1SMnG0000586	-0.856465396193929	0.49426441372838
h1SMnG0000589	-0.83653534333566	0.491679645244064
h1SMnG0000658	0.884089272455391	0.349108011775825
h1SMnG0000669	-0.384878406210962	0.788502517681399
h1SMnG0000717	-0.84979932766409	0.493055212543297
h1SMnG0000719	0.848217988974097	0.00558978086967192
h1SMnG0000725	-0.577109924962972	0.674031165011597
h1SMnG0000740	-1.14078319584652	0.469351945810966
h1SMnG0000750	1.40835733719524	0.0336900600676002
h1SMnG0000850	4.64396809144859	0.00000000128735615578877
h1SMnG0000851	5.62899558273584	0.000000000000000000000000000000000014269708588646
h1SMnG0000856	5.78916622431864	0.000000000000000000000000000000000000000000345927583610588
h1SMnG0000857	4.27948680769255	0.0000000000000000000180198087336778
h1SMnG0000870	5.90491975279643	0.000000000000000000000000107355952902361
h1SMnG0000875	-0.496690267237956	0.394965559835062
h1SMnG0000877	-0.216069983749226	0.906886560991701
h1SMnG0000878	-1.98119091426885	0.156335274835697
h1SMnG0000898	2.65155357937581	0.00127307459235594
h1SMnG0000900	0.253332871831823	0.893947636194848
h1SMnG0000904	0.965378620646068	0.000445973531630132
h1SMnG0000917	-0.405635386180372	0.801235133284388
h1SMnG0000937	-2.29135717769475	0.00218413978901082
h1SMnG0000957	-3.15969364706132	0.000887721296371186
h1SMnG0000958	-0.265130701083077	0.832417815460033
h1SMnG0000959	-1.40288149508343	0.160291823776871
h1SMnG0000960	1.23335079032121	0.0056661020377518
h1SMnG0000964	0.283838438746114	0.804510304174108
h1SMnG0000975	-0.998810930993616	0.496520819909409
h1SMnG0000989	-0.383829362005319	0.737871717115494
h1SMnG0001021	5.65541537833336	0.000000000000575970412199113
h1SMnG0001060	-0.369834683767535	0.826455295686082
h1SMnG0001084	-0.574845869763073	0.727547674031071
h1SMnG0001146	-2.50222295486094	0.00250167170669231
h1SMnG0001150	6.35972011614838	0.0000000000000000000000000000000000000000000000000000493388249916773
h1SMnG0001151	6.77039223867006	0.0000000000000000000000000000000000000000000000000149333318924046
h1SMnG0001187	-0.163276443825	0.807179643697994
h1SMnG0001188	-0.297185910530573	0.689501390856638
h1SMnG0001190	0.288424139851375	0.840985315333483
h1SMnG0001200	0.434291322238179	0.629019350930941
h1SMnG0001212	1.50353571588743	0.153294447054304
h1SMnG0001234	0.426311095400111	0.72054666126205
h1SMnG0001235	-1.09088779463518	0.440651148649456
h1SMnG0001242	0.59712088726153	0.51781015149395
h1SMnG0001275	-1.27918513626658	0.300889430082187
h1SMnG0001279	-0.517160001832475	0.632046099831731
h1SMnG0001299	-0.844301951640079	0.3823856723216
h1SMnG0001303	-0.265797996080487	0.886767812275011
h1SMnG0001312	0.60889184162865	0.692546764146753
h1SMnG0001366	-1.20452053148835	0.0659870112389101
h1SMnG0001367	-2.48762174228595	0.0338732554945446
h1SMnG0001368	-2.05099591502461	0.180974216716767
h1SMnG0001370	-0.734731035416379	0.639316914739443
h1SMnG0001388	0.593175013509905	0.652704357581311
h1SMnG0001528	-0.618986193164821	0.711965515585848
h1SMnG0001551	0.278197575545866	0.843555377823132
h1SMnG0001552	-1.45078835798072	0.348724342727414
h1SMnG0001577	1.20506108478004	0.211058469897915
h1SMnG0001594	2.02986230109972	0.0332673741714864
h1SMnG0001637	-1.72905127459675	0.000983601734630169
h1SMnG0001674	4.97960229891097	0.0145291946826223
h1SMnG0001676	0.342538976520214	0.852453059085312
h1SMnG0001686	0.851168470410311	0.136136584296925
h1SMnG0001687	-0.471847584863839	0.633405814336708
h1SMnG0001705	0.379378981425111	0.802209546667252
h1SMnG0001753	-1.29075916995695	0.0254215941956621
h1SMnG0001760	-1.47259617486564	0.206502801725478
h1SMnG0001796	-0.149433923700713	0.911765854939659
h1SMnG0001807	0.302252989691488	0.761239566628037
h1SMnG0001833	-1.77343770612116	0.220584423577524
h1SMnG0001842	0.702164810797067	0.50918982459872
h1SMnG0001903	0.134408286322037	0.925883245280622
h1SMnG0001914	-1.5217454779808	0.169121454759491
h1SMnG0001942	0.571285400633871	0.632720019894421
h1SMnG0001944	-0.139171369194128	0.92810829407703
h1SMnG0001947	-2.11634194004083	0.0248638778789727
h1SMnG0001965	0.672621601736249	0.662093164999059
h1SMnG0001989	2.55792067071202	0.00000626726088874652
h1SMnG0002007	-2.39347789314812	0.000908640874787943
h1SMnG0002043	0.395757584529771	0.570608184246861
h1SMnG0002044	-1.71627174465912	0.0455526083828467
h1SMnG0002056	5.924924546589	0.0000000000000000000030513800788344
h1SMnG0002083	1.73235449197877	0.0242099013962805
h1SMnG0002084	2.70599219255934	0.0316976971668012
h1SMnG0002086	0.84971194979272	0.202721549135567
h1SMnG0002087	-2.07433346708014	0.176946807415969
h1SMnG0002095	1.16387417662958	0.220364342658392
h1SMnG0002172	-1.15533620010411	0.3567269000293
h1SMnG0002186	-1.29679315235699	0.148215238892956
h1SMnG0002191	-0.488791141477546	0.779104439797786
h1SMnG0002199	1.37918010981451	0.0662606315855553
h1SMnG0002208	-0.136889453002274	0.933766552000005
h1SMnG0002241	0.285463290595649	0.533292377183088
h1SMnG0002251	1.63565128387574	0.0942415909406311
h1SMnG0002257	1.47512995962536	0.265875350173831
h1SMnG0002272	0.00696662175026389	0.996193738628562
h1SMnG0002276	-1.45784589064726	0.00230326861308448
h1SMnG0002277	-0.139330303266466	0.944756725567653
h1SMnG0002290	-0.258862989212703	0.885120875774527
h1SMnG0002320	-2.63588999497398	0.00223349871006518
h1SMnG0002335	1.79290056403988	0.0232698473347135
h1SMnG0002337	2.50890221932005	0.000000791623397939688
h1SMnG0002338	2.96602360698042	0.000000000432446084527543
h1SMnG0002339	3.49914793095601	0.00000303163780985896
h1SMnG0002340	2.00055991396939	0.0586750386733374
h1SMnG0002343	-1.06820554230224	0.11421007807024
h1SMnG0002345	-0.629890856992004	0.592020784289506
h1SMnG0002347	0.150847778331263	0.885120875774527
h1SMnG0002348	0.987410283562585	0.346296154954938
h1SMnG0002372	-0.611194375318793	0.0670100852130592
h1SMnG0002374	-1.58722456060991	0.162619947339655
h1SMnG0002375	-1.49066487164106	0.17366049801121
h1SMnG0002376	-0.543506952323732	0.534103710463223
h1SMnG0002377	-0.636196410226973	0.696923516164648
h1SMnG0002383	-1.12204782871963	0.421687936778794
h1SMnG0002420	1.359169689287	0.253269352239394
h1SMnG0002426	-2.21913909078068	0.0946998778109534
h1SMnG0002447	0.206780996210934	0.740156489020109
h1SMnG0002454	1.36483765778616	0.30056430989918
h1SMnG0002455	-1.00900225381793	0.445737221149575
h1SMnG0002465	2.92041669560535	0.0000245733795825831
h1SMnG0002468	2.44231600149518	0.00728584652770428
h1SMnG0002469	2.72897937630469	0.0170913100365483
h1SMnG0002475	-0.861521663100173	0.210096574307586
h1SMnG0002476	-0.0703406336981066	0.969706215956342
h1SMnG0002477	-0.563610687857227	0.534604450134897
h1SMnG0002478	-0.418347204725791	0.696906948905195
h1SMnG0002479	-0.869287537082164	0.404023798990923
h1SMnG0002508	-1.15156262312295	0.0489981742386253
h1SMnG0002509	-3.0691153385988	0.0191327842830607
h1SMnG0002510	-0.315662124395729	0.840985315333483
h1SMnG0002511	-1.48194789192714	0.209528089133821
h1SMnG0002533	0.229726076953538	0.770012505621694
h1SMnG0002536	0.53737332135993	0.743815785983241
h1SMnG0002568	1.42439934155975	0.0325992759397195
h1SMnG0002570	-0.159135755746293	0.902234846553549
h1SMnG0002588	0.0282492302195504	0.986474226507425
h1SMnG0002590	0.900985780947676	0.451427179402043
h1SMnG0002599	-0.362544802714151	0.832691758913392
h1SMnG0002618	-0.0805630047120089	0.964152998070431
h1SMnG0002637	1.49141662005747	0.139995565721498
h1SMnG0002639	-0.0106538222607536	0.995686299662189
h1SMnG0002654	0.368780428077341	0.79513959916784
h1SMnG0002698	0.785278096967334	0.461190534894441
h1SMnG0002708	1.13963107072799	0.290543274594304
h1SMnG0002712	2.4950164078728	0.0252858080803275
h1SMnG0002722	-1.71170454559643	0.0127514387228218
h1SMnG0002740	-1.53602153993816	0.00000000276049176336468
h1SMnG0002759	-0.314356362611912	0.789857362711959
h1SMnG0002765	-0.976233460580837	0.0272656424547236
h1SMnG0002767	-1.62831218996738	0.262392366187909
h1SMnG0002784	-0.795661128973788	0.464811818660608
h1SMnG0002787	-0.75003224171901	0.0526635549729496
h1SMnG0002789	-0.0889108257414101	0.958202575899083
h1SMnG0002792	3.77216540145224	0.00000000000000288278035967174
h1SMnG0002802	-2.2781611102291	0.122095722827152
h1SMnG0002809	-1.02570978375237	0.541356997108841
h1SMnG0002810	-1.10261509771798	0.135650177942476
h1SMnG0002820	1.15484241021351	0.306029246115758
h1SMnG0002824	0.059186792792906	0.972391043693941
h1SMnG0002830	-0.661880042835936	0.158623956301469
h1SMnG0002832	-1.57614401885116	0.235818113006997
h1SMnG0002834	0.521098575134739	0.653016217568114
h1SMnG0002835	-0.954240082449995	0.465473474751199
h1SMnG0002836	0.175770014242103	0.910303704041727
h1SMnG0002843	-1.16137686003242	0.471708319303268
h1SMnG0002849	-2.16487732921606	0.128261538313705
h1SMnG0002860	-2.40850503783599	0.0739028104414357
h1SMnG0002887	-1.26224389189953	0.419377481353825
h1SMnG0002888	-2.38957234096776	0.0637305962638167
h1SMnG0002891	-3.39272602716713	0.010932745836094
h1SMnG0002902	-1.34009245795874	0.192738827948459
h1SMnG0002906	-2.61035010130743	0.0145094537441442
h1SMnG0002909	-1.55704157428919	0.296624164644047
h1SMnG0002933	-0.556114750066098	0.46082802103419
h1SMnG0002938	-1.26213630488475	0.428440678738982
h1SMnG0003023	0.349744056082806	0.428625188644509
h1SMnG0003054	-0.3901173357294	0.733608326650499
h1SMnG0003072	-0.581684497016146	0.751094766110738
h1SMnG0003074	0.679792375100956	0.567751128574265
h1SMnG0003112	0.131578954506414	0.907683808827707
h1SMnG0003172	2.18411226018942	0.0603814135611299
h1SMnG0003174	4.10374885696708	0.000000000000000402138197698156
h1SMnG0003175	3.5610453955851	0.000497918435497115
h1SMnG0003179	1.98269959939001	0.0759272704339482
h1SMnG0003195	0.528246401970337	0.744445574396675
h1SMnG0003196	-0.355332947471476	0.83974170620973
h1SMnG0003237	3.05818712605254	0.0101691531518401
h1SMnG0003241	-0.588465117687354	0.570736285809661
h1SMnG0003253	-2.11641854050371	0.119124264597906
h1SMnG0003276	-0.490471903116393	0.669066849233113
h1SMnG0003285	0.560991217376591	0.698718259200873
h1SMnG0003305	-1.11919418238799	0.482038803759567
h1SMnG0003314	-1.17741096213395	0.449434213516849
h1SMnG0003334	0.00930717785656329	0.9951477752796
h1SMnG0003353	0.361573082740134	0.772359185558164
h1SMnG0003379	-3.24615450270782	0.0128843107850234
h1SMnG0003401	-0.457572984369253	0.783740756983621
h1SMnG0003417	1.18601458749113	0.247593596408499
h1SMnG0003422	-1.37213247557492	0.192321370566935
h1SMnG0003429	0.198847583724204	0.694676944322377
h1SMnG0003430	-0.694955986211627	0.571357910478487
h1SMnG0003433	-0.389702398448503	0.591292172816604
h1SMnG0003435	0.326790882574062	0.763366386569379
h1SMnG0003447	-0.462484450198708	0.786518533159169
h1SMnG0003463	-1.55690585834285	0.34358630912934
h1SMnG0003467	-1.61695497302629	0.128288395404825
h1SMnG0003474	-0.0502095197567418	0.966993195852175
h1SMnG0003492	-1.98093410465242	0.202721549135567
h1SMnG0003500	-0.973802032549113	0.0381843715855194
h1SMnG0003503	-0.202227828512167	0.629019350930941
h1SMnG0003505	-0.366411400401375	0.778036467301202
h1SMnG0003506	0.268319524224719	0.871000472848712
h1SMnG0003509	-0.566704173151235	0.288780881747812
h1SMnG0003524	1.0179270479397	0.306434473134794
h1SMnG0003528	1.61747818885038	0.0000971953888082559
h1SMnG0003529	0.388251319316826	0.77001317687748
h1SMnG0003548	1.04050974523313	0.409083805433238
h1SMnG0003563	-1.43600949313024	0.283290947100803
h1SMnG0003591	0.563624849769465	0.374580740107082
h1SMnG0003610	-0.527854093062523	0.63802210855392
h1SMnG0003611	2.57129014755125	0.00264483307119466
h1SMnG0003632	1.42839357877464	0.223962141131883
h1SMnG0003633	1.60492186086542	0.151576700798516
h1SMnG0003634	5.90947952410769	0.0000000000000000000000000000000000220228629831314
h1SMnG0003645	0.538343905005659	0.547004632053467
h1SMnG0003648	-1.1946849783874	0.44623540280519
h1SMnG0003651	-0.493842244411205	0.768485957788225
h1SMnG0003675	-0.0390824728108228	0.966056336399891
h1SMnG0003705	-1.15509553367489	0.473656845996599
h1SMnG0003717	0.170835596538673	0.901649707157655
h1SMnG0003726	3.0994215542244	0.00102680403503641
h1SMnG0003737	0.336266725157308	0.675346024000952
h1SMnG0003743	-0.696251314087668	0.125789196784306
h1SMnG0003751	-0.721565425241661	0.610556554026621
h1SMnG0003766	0.91115038489547	0.559526542204907
h1SMnG0003792	0.625421110971389	0.612727988653636
h1SMnG0003806	-1.02556041898151	0.434234657609894
h1SMnG0003817	-0.652982049166199	0.143125411639558
h1SMnG0003818	-0.910404669978256	0.203396028568056
h1SMnG0003819	-0.255834420556096	0.87869591369816
h1SMnG0003859	-1.17162912381995	0.271669266208138
h1SMnG0003866	-0.490781409336676	0.705693731539015
h1SMnG0003871	-0.069557357741452	0.935312025175617
h1SMnG0003884	-2.7684762646662	0.00000000132590048469341
h1SMnG0003885	-1.65325193193708	0.20359714474492
h1SMnG0003886	-2.68136421539694	0.017769138188894
h1SMnG0003887	-3.19012255323717	0.0206150470655024
h1SMnG0003891	-1.22931115983898	0.377200526875738
h1SMnG0003919	-0.590571188674298	0.366685572974905
h1SMnG0003922	-0.186798390823687	0.860997044111877
h1SMnG0003924	0.330106042125764	0.845488946415114
h1SMnG0003933	1.39013176903733	0.180694725934757
h1SMnG0003936	0.120735699551103	0.943547027334801
h1SMnG0003938	-0.794801997977061	0.576848813760925
h1SMnG0003967	5.63364245130495	0.000000000000000000000000000182560424327369
h1SMnG0003986	0.410323249404841	0.785817934228677
h1SMnG0004016	-0.871058322905239	0.0856729047093381
h1SMnG0004043	0.666215216048067	0.53772029069816
h1SMnG0004056	-0.25305467122242	0.864627984368691
h1SMnG0004071	-1.9216978268158	0.204682183588829
h1SMnG0004073	0.426962638319529	0.682139644949608
h1SMnG0004087	-1.98131441765395	0.196671205553041
h1SMnG0004093	3.539408755754	0.00840114547406374
h1SMnG0004124	0.265003712323656	0.795108709268331
h1SMnG0004148	0.658234659402283	0.629472413573847
h1SMnG0004159	0.632011785592728	0.465209924157669
h1SMnG0004164	-1.05839314442923	0.243093832335756
h1SMnG0004165	0.174759574074716	0.85097876796356
h1SMnG0004166	-0.657027912309894	0.660982561557735
h1SMnG0004173	0.368389180167503	0.79863995454481
h1SMnG0004186	0.747656931330396	0.321186066171103
h1SMnG0004190	0.481391645885942	0.499629310150882
h1SMnG0004193	-0.267154701655243	0.482663372313403
h1SMnG0004197	0.776037029518389	0.455720310872516
h1SMnG0004199	-1.25584535568426	0.28734854446528
h1SMnG0004200	-0.175377266740821	0.840985315333483
h1SMnG0004203	-0.720828042714703	0.419411607362565
h1SMnG0004218	1.32303753603964	0.359800707854102
h1SMnG0004225	-1.39727539911629	0.195853979908654
h1SMnG0004228	-1.94372605347262	0.14642750094085
h1SMnG0004237	1.13768335341261	0.266825056358322
h1SMnG0004249	-1.10626799439341	0.198967009496727
h1SMnG0004251	-0.475049231706899	0.733420489346376
h1SMnG0004252	0.504814091712119	0.493306524530437
h1SMnG0004253	-0.584200673901428	0.697468894785805
h1SMnG0004261	-1.11107512388953	0.011542337534265
h1SMnG0004262	0.0988526004402602	0.934725780148719
h1SMnG0004263	-0.175714039398996	0.884245357515652
h1SMnG0004265	-1.06383970045522	0.465307683672536
h1SMnG0004266	0.596541428619268	0.320245078254002
h1SMnG0004269	1.61307054864264	0.221077788582572
h1SMnG0004271	-0.613533287004193	0.399455072807966
h1SMnG0004272	0.190322340336696	0.861787679544899
h1SMnG0004274	-0.203833096180346	0.877428536239545
h1SMnG0004275	0.143508625706649	0.866645627605207
h1SMnG0004276	-0.761327607896466	0.59102419285143
h1SMnG0004279	-0.82390240803285	0.603582737169403
h1SMnG0004280	0.897287251558156	0.012537074476023
h1SMnG0004284	0.673410759584567	0.51627608573008
h1SMnG0004302	-0.825600666592509	0.628895562274529
h1SMnG0004345	0.0719699019958123	0.953920337358602
h1SMnG0004350	0.985575533851396	0.399639873748179
h1SMnG0004358	-0.326553628351102	0.866645627605207
h1SMnG0004360	-0.432307085309013	0.795924536675805
h1SMnG0004361	-0.134641754398245	0.940595659914991
h1SMnG0004364	-1.36891746105395	0.000858309527216005
h1SMnG0004365	-1.02249377009166	0.173317791476431
h1SMnG0004366	-1.17657906743416	0.399966320106989
h1SMnG0004369	-0.00929996600734584	0.996067651083725
h1SMnG0004398	1.77039014003821	0.123023299171232
h1SMnG0004439	0.392498131238022	0.606325043740261
h1SMnG0004445	0.48609896041627	0.775586203965317
h1SMnG0004446	0.00223785377216276	0.99836141239314
h1SMnG0004447	-0.436683726269422	0.752467275091417
h1SMnG0004450	-0.52073281036767	0.384316766430782
h1SMnG0004451	-0.835388771815327	0.526388344915479
h1SMnG0004454	-0.144240206789755	0.883122547819472
h1SMnG0004462	0.0294636354536125	0.981803990271653
h1SMnG0004493	-2.36002834050993	0.101114949186083
h1SMnG0004506	-0.984685898172321	0.0929816103027626
h1SMnG0004540	0.990649039300782	0.229739224320977
h1SMnG0004565	-0.525423130548486	0.114519307429365
h1SMnG0004572	0.0798394695375531	0.946727398173711
h1SMnG0004574	-1.39802869814828	0.35702497394615
h1SMnG0004575	-0.878488207785776	0.507862284886966
h1SMnG0004577	0.660910090397047	0.428339935431699
h1SMnG0004583	1.07982186255103	0.00136406015652849
h1SMnG0004589	-2.43603907277118	0.0894212173189166
h1SMnG0004610	1.43839123845175	0.184045722467042
h1SMnG0004614	0.057634037801775	0.957747887361463
h1SMnG0004649	-0.16906944956757	0.819011498618683
h1SMnG0004678	0.212087186418489	0.901271608968114
h1SMnG0004680	-0.48974761021705	0.607461541988074
h1SMnG0004681	-0.428721381816279	0.476383032717957
h1SMnG0004683	0.445256245585846	0.835114092619616
h1SMnG0004685	0.0533804565052915	0.970273094322559
h1SMnG0004687	-0.407725792217553	0.546188109877904
h1SMnG0004693	-0.175058712275935	0.872921132304237
h1SMnG0004696	-0.353546542852461	0.654083180467128
h1SMnG0004698	-0.0644135775369434	0.948690550220173
h1SMnG0004705	0.456367167699502	0.78450513748515
h1SMnG0004708	-0.821911603681819	0.209628796516321
h1SMnG0004718	0.469548041291567	0.713868771541884
h1SMnG0004780	1.50749011325993	0.0370016503583756
h1SMnG0004817	0.493289992149378	0.731575606960467
h1SMnG0004846	-0.150349255587208	0.933766552000005
h1SMnG0004863	-1.05279481510677	0.515028232165177
h1SMnG0004877	-0.80116034695595	0.365757621326624
h1SMnG0004915	-1.11170803175211	0.00177311309149709
h1SMnG0004918	-1.61907280911528	0.272770144524318
h1SMnG0004949	-1.42300486182864	0.049009393187804
h1SMnG0004958	-0.819969024740163	0.490728522275772
h1SMnG0004976	-0.643331656848352	0.509160427121335
h1SMnG0004987	1.16158867792435	0.19557942672816
h1SMnG0004990	2.53782778495516	0.0316867258706062
h1SMnG0004996	-0.0914825913747096	0.918084219346038
h1SMnG0005001	-2.38352419600149	0.0959105850013315
h1SMnG0005004	-0.843292639141172	0.137159067815856
h1SMnG0005044	7.43990356031044	0.0000000000160990283174964
h1SMnG0005049	1.24739819461777	0.185953123498429
h1SMnG0005063	6.61755875987723	0.0000000000000000000000255282379337324
h1SMnG0005069	-1.24296342290997	0.420257856546698
h1SMnG0005074	2.81395211481118	0.0497165365661968
h1SMnG0005087	0.106541212963227	0.931996699285053
h1SMnG0005089	-2.17147808183517	0.0122492029622414
h1SMnG0005134	-1.76268112935204	0.0597169624256446
h1SMnG0005146	1.1236679766153	0.140295018033326
h1SMnG0005271	-3.14283688500341	0.0150735641310713
h1SMnG0005282	-0.0605457983979829	0.967723457179972
h1SMnG0005336	-0.468606522330647	0.675346024000952
h1SMnG0005348	-3.87538678393769	0.00193485234738933
h1SMnG0005368	-2.13686663898296	0.155237674052717
h1SMnG0005374	-0.169180752623607	0.84345870409333
h1SMnG0005375	-0.616381455356865	0.637488656919687
h1SMnG0005390	-0.55145405730994	0.697316157373087
h1SMnG0005391	-0.553260636489286	0.687064247868328
h1SMnG0005444	-0.427282157295282	0.79863995454481
h1SMnG0005449	-2.69889898654081	0.0703917981001617
h1SMnG0005450	-0.361033450342159	0.786587300222919
h1SMnG0005473	-0.360938379338758	0.83181186487965
h1SMnG0005486	0.493165656200036	0.601118021366185
h1SMnG0005521	5.69042993135457	0.00000000000000000000000000000000399394270207475
h1SMnG0005523	5.52224338997864	0.0000000000000000000000000593194963570694
h1SMnG0005525	5.50134935782173	0.000000000000000000000301789697905903
h1SMnG0005528	6.40498327527225	0.0000000000000000000000000000000000000000000000521856734601782
h1SMnG0005557	-0.78069543016466	0.335964981500515
h1SMnG0005565	1.79218542683501	0.196393666257444
h1SMnG0005614	1.86896236050732	0.0127090294308685
h1SMnG0005619	-0.565900916644065	0.673163271464007
h1SMnG0005625	-0.0674746930636558	0.965112225516116
h1SMnG0005626	-0.398427123411956	0.775157916554663
h1SMnG0005644	1.492151388937	0.114604347347354
h1SMnG0005654	0.902897167554435	0.509506789681159
h1SMnG0005673	-1.41170073296427	0.194916229230733
h1SMnG0005682	0.0325957757085684	0.986976570993767
h1SMnG0005693	0.00856552906178723	0.995895202841689
h1SMnG0005732	1.41839103052705	0.00231841975863992
h1SMnG0005735	0.964601573232465	0.125768692525797
h1SMnG0005736	0.118796849901611	0.929287026616002
h1SMnG0005773	0.20789646766105	0.827770494628955
h1SMnG0005798	-0.619023802233649	0.526765043419455
h1SMnG0005807	-1.00203333073647	0.282766172509096
h1SMnG0005814	4.1391840337533	0.000000231874832333504
h1SMnG0005830	-3.33473160225345	0.0123356300700293
h1SMnG0005831	-1.48495072638612	0.258152498001963
h1SMnG0005835	0.535384006558012	0.598289623256082
h1SMnG0005847	-1.01652547474235	0.244353703700709
h1SMnG0005858	0.4241111062867	0.194999144320068
h1SMnG0005865	3.14309794770918	0.00478044989508133
h1SMnG0005877	-0.893840729820315	0.473246438137067
h1SMnG0005884	0.943893384031386	0.327834476606278
h1SMnG0005888	3.85177517062445	0.000000193131336408079
h1SMnG0005906	-1.21075851277821	0.327768702878031
h1SMnG0005918	-0.0958852334195517	0.929287026616002
h1SMnG0005926	-0.999073430780273	0.467446262470131
h1SMnG0005949	-1.90367557949791	0.171684167720047
h1SMnG0005963	-1.23307982916154	0.32118166893877
h1SMnG0005974	-0.674806584255303	0.666246073897229
h1SMnG0005982	-0.426429213795764	0.637150244598193
h1SMnG0005983	-0.45023772430119	0.606857922802868
h1SMnG0006030	-2.87598715177391	0.0491034929645596
h1SMnG0006037	1.31446720951039	0.267027919596754
h1SMnG0006038	1.33518142879817	0.264596546483159
h1SMnG0006040	-1.12944281751419	0.196550241787395
h1SMnG0006087	0.0910022209520851	0.942257185274545
h1SMnG0006093	-0.435225157510588	0.761593682597298
h1SMnG0006094	0.301325544551967	0.784532275611242
h1SMnG0006095	-0.00686188408323779	0.996067651083725
h1SMnG0006100	-0.289241439520062	0.831167416320536
h1SMnG0006103	-2.36898989856316	0.0100173687587741
h1SMnG0006105	0.428073971612208	0.678082955422997
h1SMnG0006125	1.28109512747629	0.369979661487177
h1SMnG0006137	-0.865297141247869	0.47517030479483
h1SMnG0006155	-0.360071091505069	0.774045320493823
h1SMnG0006185	3.44300898534354	0.00000144782171009355
h1SMnG0006187	-1.02758758987486	0.505386746008083
h1SMnG0006198	-1.03067043234712	0.511906239787862
h1SMnG0006210	-2.32943569583278	0.111549043126717
h1SMnG0006260	-0.184224773260803	0.806988544436249
h1SMnG0006264	0.330387179331048	0.696923516164648
h1SMnG0006272	-0.722052252234165	0.503803568130584
h1SMnG0006288	-0.552487499866218	0.699798335051197
h1SMnG0006294	-0.295023450197512	0.867326998230811
h1SMnG0006296	-1.55095033780469	0.0179185613898661
h1SMnG0006299	0.680629336389516	0.335090515823211
h1SMnG0006300	-1.08158080941495	0.211021403697937
h1SMnG0006365	-0.156991829357087	0.90682273928889
h1SMnG0006383	-0.175486948124475	0.88731659811486
h1SMnG0006398	-1.17619409788481	0.465473474751199
h1SMnG0006445	-0.163311819324551	0.836386153835179
h1SMnG0006447	0.419596182604299	0.775017744639619
h1SMnG0006481	0.526497030713729	0.742185842939598
h1SMnG0006514	-0.225534405451958	0.790481871124144
h1SMnG0006519	-1.39955424281438	0.35265522095246
h1SMnG0006561	2.14013129481198	0.080263974546784
h1SMnG0006565	0.187789635241596	0.872064880383088
h1SMnG0006574	0.601236762171896	0.6004952151579
h1SMnG0006592	0.18972378123508	0.900096540662977
h1SMnG0006596	1.49946342357341	0.241723218008925
h1SMnG0006652	0.09718831345728	0.957534043503773
h1SMnG0006668	-0.0187372239635738	0.987412334130592
h1SMnG0006670	-0.149261069567432	0.933023883598631
h1SMnG0006674	-2.02109353520831	0.0140328147571219
h1SMnG0006678	0.26299542791245	0.8374333863508
h1SMnG0006704	-1.26766638230486	0.40848734281689
h1SMnG0006722	-0.948010498086047	0.0228818003753331
h1SMnG0006725	-1.21345817514646	0.0563025227595081
h1SMnG0006726	-2.42971247489491	0.0103823697933843
h1SMnG0006728	-1.12212003480906	0.426194642978491
h1SMnG0006732	-2.67737160645018	0.0518491737830488
h1SMnG0006763	-2.77471186805551	0.0409324315896631
h1SMnG0006781	-0.0872813960051724	0.962224099590148
h1SMnG0006784	0.300726201098994	0.840488387184692
h1SMnG0006786	-0.341559702029864	0.801303368943441
h1SMnG0006829	-0.854308819771775	0.619435705940515
h1SMnG0006841	-0.974761889653059	0.384839829607254
h1SMnG0006853	3.06408421849489	0.000000000000000201200050075905
h1SMnG0006855	-0.609193247610898	0.658288169410464
h1SMnG0006908	0.417253977738721	0.741252809813252
h1SMnG0006921	-3.06909178886648	0.000368074008116449
h1SMnG0006924	-2.22590560455449	0.132362860594543
h1SMnG0006929	0.600152124385385	0.674188494911029
h1SMnG0006933	0.556492072513314	0.268382319077956
h1SMnG0006955	-1.39498048908773	0.376182972443103
h1SMnG0006958	0.466308396506596	0.747756331888522
h1SMnG0006968	0.232854385525901	0.884185421850434
h1SMnG0006977	0.205059849400181	0.687982221540068
h1SMnG0006979	0.716457775318323	0.653016217568114
h1SMnG0006980	-0.0306580440596884	0.984930148546711
h1SMnG0006981	0.0070829849162535	0.995686299662189
h1SMnG0006996	-0.82953296886782	0.609085516695366
h1SMnG0007005	-0.217083421659682	0.914237590360641
h1SMnG0007031	-4.41227689248726	0.000162278514836825
h1SMnG0007035	2.32603822079991	0.0662606315855553
h1SMnG0007098	-0.0479839174042114	0.937581454141373
h1SMnG0007114	1.21758805251039	0.226269092459379
h1SMnG0007134	7.11130565816214	0.0000000000000000000000000000000000000000000000000000000000000000000430146372760552
h1SMnG0007135	6.69039456484543	0.0000000000000000000000000000000000640086522473626
h1SMnG0007158	-0.00227702398776473	0.997912632353085
h1SMnG0007178	-1.8884385513046	0.159052199734559
h1SMnG0007179	1.25627493378146	0.245496588514236
h1SMnG0007186	-1.04176873475932	0.511906239787862
h1SMnG0007187	-0.865701985765459	0.506753667250263
h1SMnG0007189	-3.14784665808924	0.014688100661745
h1SMnG0007190	-2.86075332157784	0.0501805902885133
h1SMnG0007226	1.44242911278967	0.26678953971803
h1SMnG0007237	-1.9223806570364	0.159052199734559
h1SMnG0007240	-1.94469595202767	0.202126811723569
h1SMnG0007250	0.411965778937621	0.697899890439644
h1SMnG0007260	1.19609117830723	0.258794834134071
h1SMnG0007264	-0.432864271689678	0.726974794397297
h1SMnG0007291	-2.88870187323078	0.0464996993129276
h1SMnG0007298	0.068651221532834	0.971199211510093
h1SMnG0007318	-0.305254414403605	0.657259583321827
h1SMnG0007321	-0.0827891982903774	0.963683352487823
h1SMnG0007322	-3.11359485328734	0.015877773453408
h1SMnG0007323	0.807256121728741	0.586541596868504
h1SMnG0007324	7.10793991713693	0.0000000000000000000000000000000000000000588232726469772
h1SMnG0007325	7.72161493820023	0.0000000000000000000000000000000000000000504916957458823
h1SMnG0007337	0.343972128452932	0.812726457337327
h1SMnG0007347	-0.420182986988314	0.779193144226682
h1SMnG0007363	-1.05544574945763	0.325244326521611
h1SMnG0007366	-0.104107587010282	0.948491455596516
h1SMnG0007393	-0.518240491242925	0.758925324583857
h1SMnG0007398	3.71995386949819	0.0000000000000000135030532614693
h1SMnG0007399	4.44285654167055	0.0000688861418364737
h1SMnG0007400	6.08780714974642	0.00000000164190936152762
h1SMnG0007408	0.264626258958603	0.841445371983968
h1SMnG0007411	-0.756971543002686	0.625047345661978
h1SMnG0007461	-0.53177446169452	0.413577804537569
h1SMnG0007515	0.953585907601405	0.411615723994704
h1SMnG0007544	-0.174078517695652	0.904153968881112
h1SMnG0007545	-0.327338661031008	0.854566862168814
h1SMnG0007551	0.105797586149455	0.956213306353238
h1SMnG0007635	-1.36617881655011	0.359577979722347
h1SMnG0007654	0.386069961397848	0.311574076566997
h1SMnG0007665	0.883119907330855	0.535091881172175
h1SMnG0007666	2.60463518024663	0.0432897165747867
h1SMnG0007667	1.5072736138982	0.0171709134992724
h1SMnG0007674	-2.91123169928301	0.0432875297865421
h1SMnG0007747	3.86063340968476	0.00000065161587389605
h1SMnG0007755	-0.279249207898373	0.877395296105053
h1SMnG0007775	-0.82488006616664	0.593491376931751
h1SMnG0007790	0.134751345837981	0.906097084256682
h1SMnG0007847	0.917480469313601	0.326186053038967
h1SMnG0007854	-2.70014351487101	0.0719982725747707
h1SMnG0007855	0.114068137061343	0.951477335271861
h1SMnG0007856	0.301133163608698	0.824267731280043
h1SMnG0007858	4.55285127636018	0.0000000399690128702093
h1SMnG0007868	-0.637229787397353	0.675718623761024
h1SMnG0007870	-0.785083754867478	0.539414604210472
h1SMnG0007872	2.85959619734416	0.0251119723250852
h1SMnG0007876	-1.11168937907544	0.442103549652091
h1SMnG0007972	-0.2713349667433	0.767030515607343
h1SMnG0007980	0.0276587559631963	0.987506703553733
h1SMnG0008024	-0.0573791945964783	0.969428185615628
h1SMnG0008046	-1.98569414164474	0.19638530052395
h1SMnG0008053	-1.44818843445645	0.340664422683842
h1SMnG0008054	-0.847353821090572	0.401571834689962
h1SMnG0008068	0.142092651623423	0.934308796296235
h1SMnG0008092	-0.920879424948004	0.248496262285142
h1SMnG0008093	-0.652093091319568	0.322933277663829
h1SMnG0008095	-1.12699672496444	0.433423948085716
h1SMnG0008096	-0.691155403124981	0.531576347491648
h1SMnG0008112	0.98938695356271	0.495763824868683
h1SMnG0008121	-0.874145997117123	0.553558281769986
h1SMnG0008134	-0.149719665435246	0.840985315333483
h1SMnG0008136	0.14886103554386	0.836084138864443
h1SMnG0008143	-1.74367613270012	0.224208278178682
h1SMnG0008144	-1.55403879326864	0.155804912176887
h1SMnG0008168	-0.146709272231617	0.931593219114764
h1SMnG0008235	-0.266023990454588	0.836084138864443
h1SMnG0008254	1.58512932953779	0.00000737383364996423
h1SMnG0008255	0.939188589334088	0.283297685843225
h1SMnG0008268	-0.716016540113965	0.619435705940515
h1SMnG0008278	-0.950407451248267	0.541602489258805
h1SMnG0008296	0.632881631448152	0.593491376931751
h1SMnG0008298	1.03541830740117	0.327834476606278
h1SMnG0008303	-0.218658650933684	0.735631420263234
h1SMnG0008304	-0.642668939558495	0.493242975330053
h1SMnG0008305	0.920611715103127	0.523043869432361
h1SMnG0008338	2.00894087609832	0.115609523681372
h1SMnG0008343	2.00529987849965	0.0728398927813805
h1SMnG0008357	-0.674005162961212	0.0293096456463709
h1SMnG0008384	-1.1486018191947	0.343196148240949
h1SMnG0008396	0.0753186883962255	0.940490323157142
h1SMnG0008405	-1.55258268713769	0.209600121682647
h1SMnG0008433	-1.0164176854688	0.225255881921556
h1SMnG0008434	-3.00948277018849	0.0339683192988646
h1SMnG0008467	0.343016998505649	0.717605673428979
h1SMnG0008504	0.146558420041188	0.907899305483966
h1SMnG0008506	-1.14310154329297	0.466958916347901
h1SMnG0008559	-0.869661558903955	0.566331927222703
h1SMnG0008578	-1.02492803450179	0.490334589262911
h1SMnG0008583	-0.0236224688777108	0.98243518641908
h1SMnG0008588	-0.415835623620924	0.641213576453545
h1SMnG0008592	0.116141030149549	0.838602564618918
h1SMnG0008595	0.396911476388496	0.730995142022974
h1SMnG0008597	-0.331795328944935	0.837713913877957
h1SMnG0008608	-0.932912627483418	0.511679973439151
h1SMnG0008623	0.833280595910599	0.438840351126806
h1SMnG0008624	1.11706905006652	0.466369253590817
h1SMnG0008627	0.407138079310727	0.687064247868328
h1SMnG0008633	0.141278099925428	0.836967635673468
h1SMnG0008636	0.713143300313555	0.0835289155342551
h1SMnG0008639	-0.415027798137382	0.815743993629381
h1SMnG0008644	-1.28903320144543	0.315467300047049
h1SMnG0008645	-1.46457121592491	0.274957029603073
h1SMnG0008646	-0.214867603259467	0.908683185098271
h1SMnG0008657	-3.00578859167993	0.000494616081003031
h1SMnG0008694	-1.45324081105621	0.140333260775347
h1SMnG0008720	-1.53413235133462	0.0153053956679291
h1SMnG0008721	-0.6798387180789	0.109793116547233
h1SMnG0008722	-1.78034263521917	0.217631289478931
h1SMnG0008774	-0.384248906718177	0.798148401397516
h1SMnG0008775	-0.461995303445032	0.451418290130526
h1SMnG0008776	1.10136571891453	0.0572259963812881
h1SMnG0008784	-0.304565382124606	0.747933712805248
h1SMnG0008813	-0.937729748000422	0.451565695311489
h1SMnG0008814	-0.885232855892621	0.467077046754979
h1SMnG0008818	-1.5162351880347	0.220698173368685
h1SMnG0008820	-1.07353992728028	0.514777102544023
h1SMnG0008821	-0.372129602111007	0.817554038126686
h1SMnG0008822	-0.71171784153766	0.0477708611671073
h1SMnG0008823	-1.2173114111511	0.0571524955199053
h1SMnG0008824	-1.01177626724672	0.192738827948459
h1SMnG0008828	-2.040300094582	0.145529720851144
h1SMnG0008836	-0.944522396856446	0.362298101991053
h1SMnG0008848	-0.961192552108108	0.00383987335740226
h1SMnG0008850	-0.969051763581529	0.329379043270922
h1SMnG0008887	1.18110253530599	0.180752347714054
h1SMnG0008897	7.63421360826834	0.0000000000480060116323753
h1SMnG0008901	-1.38402493458159	0.284861689692959
h1SMnG0008922	-0.0361472785009132	0.974628823921119
h1SMnG0008923	-0.00638944424195071	0.996067651083725
h1SMnG0008933	-0.880301730438363	0.465288512942111
h1SMnG0008970	0.17527878335164	0.911765854939659
h1SMnG0008976	-0.175028638870594	0.890331701268322
h1SMnG0009004	1.52651513936829	0.254633736796497
h1SMnG0009019	-1.13586754518427	0.485201455504791
h1SMnG0009030	-1.12761500885114	0.336478518426412
h1SMnG0009038	-1.82909605762619	0.0340021507399584
h1SMnG0009042	2.01826719235227	0.0240067926954621
h1SMnG0009064	0.677398383138765	0.653469146431548
h1SMnG0009074	1.80693023496677	0.0532823376321075
h1SMnG0009075	2.03126712146119	0.0982344840599958
h1SMnG0009082	-1.43247216078488	0.111870909097937
h1SMnG0009083	-1.79753881326075	0.130252852590243
h1SMnG0009097	0.246803530545268	0.819149324584256
h1SMnG0009103	-0.999276478287771	0.357198289470035
h1SMnG0009105	-2.04240257016233	0.174504892972962
h1SMnG0009115	0.665855983846672	0.46082802103419
h1SMnG0009120	-0.331126928297547	0.733420489346376
h1SMnG0009122	1.46741774938434	0.00000791777788926598
h1SMnG0009123	1.82049120512146	0.000000394420547837333
h1SMnG0009126	0.642452169983632	0.472393028740218
h1SMnG0009171	-0.333949164008834	0.789857362711959
h1SMnG0009211	1.46064536955409	0.280067241684525
h1SMnG0009219	1.39172009776783	0.267466781032495
h1SMnG0009226	-0.874234624289982	0.0732765845123373
h1SMnG0009229	-0.685028427240361	0.479454289104563
h1SMnG0009244	-2.56296487794637	0.00577844877737486
h1SMnG0009275	0.836642273414565	0.551668149522608
h1SMnG0009303	-0.656658532406228	0.166278735845209
h1SMnG0009304	-1.04080651092961	0.425952087877339
h1SMnG0009305	-0.604763661302927	0.371041780514832
h1SMnG0009306	0.374783827473437	0.619350484930591
h1SMnG0009358	0.305647741635058	0.701428155225784
h1SMnG0009367	-2.00663918598441	0.202198855774283
h1SMnG0009380	-1.31406408330141	0.396360550420008
h1SMnG0009394	-0.945755406422432	0.403630214924718
h1SMnG0009414	2.32922414203025	0.0118607160452796
h1SMnG0009416	-0.765253842408549	0.570167847636491
h1SMnG0009432	-0.579896768625774	0.0800875832728749
h1SMnG0009434	0.478042290960303	0.775216293818608
h1SMnG0009436	0.475210354909816	0.702057565012386
h1SMnG0009437	-0.730965483232317	0.564272203699454
h1SMnG0009440	0.168844118303942	0.88520222192377
h1SMnG0009442	-1.23429028230235	0.241136099815558
h1SMnG0009457	0.136145558768474	0.850401716338908
h1SMnG0009458	-0.68436818182645	0.594066100480984
h1SMnG0009459	-0.0205152297170727	0.99013011139798
h1SMnG0009460	-0.530392493612977	0.761229480576797
h1SMnG0009467	-0.730951152623874	0.0771720131493948
h1SMnG0009469	-0.658907178977313	0.11209457275166
h1SMnG0009470	0.124757563465554	0.943609703528689
h1SMnG0009476	0.152703524794238	0.918665474160286
h1SMnG0009477	2.33796871406254	0.000114226298366386
h1SMnG0009480	0.276370241427892	0.764346622513073
h1SMnG0009542	-1.46037144286007	0.00824832354485294
h1SMnG0009545	-0.213625283778426	0.877282985190311
h1SMnG0009548	1.36845896483748	0.184918560609117
h1SMnG0009556	0.754160432305041	0.0934479489146734
h1SMnG0009601	-0.382920596608276	0.739336882107847
h1SMnG0009626	4.70610023209305	0.0000000000000000057571145145239
h1SMnG0009637	-3.06188574080178	0.018682356038207
h1SMnG0009712	-0.223369732393372	0.885990767579398
h1SMnG0009718	0.030521740381179	0.98179957755461
h1SMnG0009761	0.199422502870656	0.909401486328143
h1SMnG0009789	-1.11308918561625	0.384316766430782
h1SMnG0009792	1.29350596875778	0.343983719492912
h1SMnG0009793	-1.14688217764763	0.408964962004381
h1SMnG0009798	-1.34181518822051	0.279023758338598
h1SMnG0009800	-1.08629092802121	0.455831023096581
h1SMnG0009804	0.749853542659364	0.623628128119482
h1SMnG0009813	-0.866755916495538	0.521587845051815
h1SMnG0009854	0.991575611224345	0.334042407013656
h1SMnG0009875	-1.26779983713569	0.272680475164791
h1SMnG0009893	-1.42877156161373	0.109603202272234
h1SMnG0009904	0.669622914863125	0.643945287573618
h1SMnG0009931	5.29828033600321	0.0000000000760442009315971
h1SMnG0009965	2.96839016453238	0.0106984059552238
h1SMnG0009974	-2.03215302641351	0.0981845999987872
h1SMnG0009979	0.725744061915194	0.639851963023133
h1SMnG0010044	1.73265971747198	0.0285975083224345
h1SMnG0010045	1.23704730478928	0.235234726229191
h1SMnG0010089	-3.48332378957091	0.00355157092998208
h1SMnG0010158	5.07921796966376	0.0000866492141855119
h1SMnG0010165	-0.351412277319258	0.811873964702395
h1SMnG0010166	0.0680673769944415	0.971019478514884
h1SMnG0010198	0.531484604322197	0.582573563931934
h1SMnG0010211	-0.170771356844539	0.921490649459068
h1SMnG0010212	-1.90709138780315	0.0899161058215791
h1SMnG0010229	-0.743524462443644	0.493298658668196
h1SMnG0010282	-0.65396246097109	0.573958091700376
h1SMnG0010285	1.65753092143887	0.099289316488157
h1SMnG0010315	1.35893641822223	0.0226851686367323
h1SMnG0010320	1.90814098505314	0.0153515638477033
h1SMnG0010331	-0.481982624774599	0.672733672321421
h1SMnG0010344	-1.02942226401438	0.262356118660941
h1SMnG0010345	-0.0700456758346798	0.950692489622181
h1SMnG0010346	-0.311006259148788	0.809051274648326
h1SMnG0010347	-1.68289716434222	0.135541811703938
h1SMnG0010348	-0.857859362539228	0.132980214417121
h1SMnG0010401	0.433714837002338	0.737599734108183
h1SMnG0010434	-0.0928120584339065	0.951183064367059
h1SMnG0010522	-1.04149184328522	0.0136842262789451
h1SMnG0010534	-1.15762759534121	0.41243952220384
h1SMnG0010546	4.24292806642937	0.0000124562055265226
h1SMnG0010559	-0.00402785762640557	0.995484124737974
h1SMnG0010564	4.0859144449745	0.00000000000000126117369415575
h1SMnG0010586	1.79514411997724	0.11586531739906
h1SMnG0010625	-2.33439768014485	0.100970237102551
h1SMnG0010627	-2.57572849959118	0.0655027195536014
h1SMnG0010643	-0.565546939306152	0.625961111904488
h1SMnG0010660	4.73109964523078	0.00000000000017998274288021
h1SMnG0010748	-1.02079069110867	0.36456928341542
h1SMnG0010766	1.79018101479164	0.00288059305751449
h1SMnG0010796	-1.13958072562217	0.179867409504827
h1SMnG0010803	1.0689048196299	0.407706345217387
h1SMnG0010815	0.395858978992727	0.78450513748515
h1SMnG0010816	-1.0509261237964	0.420232204111808
h1SMnG0010827	-1.87745378771726	0.163194608553345
h1SMnG0010831	-0.25527540145563	0.865012970648981
h1SMnG0010857	1.32641928396258	0.000862683540111366
h1SMnG0010867	2.97145339800726	0.00388876943038979
h1SMnG0010888	0.287961666631468	0.708742458519154
h1SMnG0010905	-4.23622587038094	0.000442924154658258
h1SMnG0010941	-0.610421391910271	0.328245910597456
h1SMnG0011019	-0.38394200645152	0.561964382400911
h1SMnG0011020	0.94193868991594	0.521677084291747
h1SMnG0011024	0.998039138277476	0.514166722681984
h1SMnG0011030	2.30432883732554	0.0217051434835675
h1SMnG0011031	1.80658429411304	0.0518798567481156
h1SMnG0011053	-0.525817017935202	0.692984571255154
h1SMnG0011058	-1.48521623142989	0.139651569785278
h1SMnG0011059	0.0687730600271695	0.912349529311266
h1SMnG0011060	-1.78611042179046	0.214585657103889
h1SMnG0011179	-1.89875073407875	0.188039861121926
h1SMnG0011200	-1.66635660912312	0.0305276621542563
h1SMnG0011211	-0.392099561399786	0.822573065679304
h1SMnG0011226	1.16996561193545	0.366725871169369
h1SMnG0011228	-0.820730587648803	0.590138291597903
h1SMnG0011231	-0.615040019180158	0.261541975842922
h1SMnG0011233	-0.0802305793710005	0.942025462002555
h1SMnG0011234	-0.6913504080127	0.645523786658884
h1SMnG0011236	-1.33292141157545	0.338219507274704
h1SMnG0011257	0.540922206720388	0.707807723252707
h1SMnG0011270	-0.11082572479307	0.796918806100875
h1SMnG0011271	-0.797101976383199	0.450748208080595
h1SMnG0011289	0.230334747297512	0.809051274648326
h1SMnG0011356	-2.09517619642401	0.0849293707307583
h1SMnG0011364	-1.38780693996422	0.377544737515352
h1SMnG0011391	-0.351915278235798	0.419411607362565
h1SMnG0011392	-0.879987818828356	0.133024243620508
h1SMnG0011393	-0.132776423201199	0.915271268151121
h1SMnG0011394	-0.752834318707929	0.451483839662545
h1SMnG0011396	0.314867624993466	0.809494576666235
h1SMnG0011397	-0.614707271351606	0.682509366359299
h1SMnG0011401	0.222699867387232	0.892190248174418
h1SMnG0011410	-0.59108920984588	0.684117659695939
h1SMnG0011413	-0.659691913618204	0.680891027152865
h1SMnG0011428	-1.51337306336103	0.0477937219260154
h1SMnG0011467	-1.03921948718911	0.367994489834631
h1SMnG0011486	-0.694869004477436	0.357693415763371
h1SMnG0011498	-0.87719579862832	0.596321639213416
h1SMnG0011499	-0.340354131485351	0.835591171499235
h1SMnG0011503	0.589255149011765	0.0368588397032622
h1SMnG0011508	1.06516671726363	0.0167557903219714
h1SMnG0011509	0.170317207038283	0.719242732813367
h1SMnG0011517	0.311046142130928	0.744036556497239
h1SMnG0011542	0.916993067928865	0.3459533512459
h1SMnG0011577	-2.0926165361997	0.132224761719534
h1SMnG0011581	-0.631680650262057	0.546431400531491
h1SMnG0011603	0.348817654381911	0.785060400452766
h1SMnG0011622	-0.664062602161319	0.16327419814711
h1SMnG0011627	0.0688052411762988	0.967628549290168
h1SMnG0011629	0.837766101092883	0.566056939093367
h1SMnG0011645	0.888236887143506	0.414885213587706
h1SMnG0011678	-0.730216341661084	0.595202277964443
h1SMnG0011700	-2.88192122731027	0.0299711264345073
h1SMnG0011708	-0.347113540945251	0.521158911392871
h1SMnG0011722	0.845708405577447	0.275928053904663
h1SMnG0011725	-1.67621597783899	0.254516292653735
h1SMnG0011726	-1.06124247646719	0.351438469489503
h1SMnG0011728	-0.96049876667848	0.293388153334858
h1SMnG0011729	-1.14593258545619	0.475586379744221
h1SMnG0011731	-0.928707789066323	0.572845546044826
h1SMnG0011739	6.93008103171065	0.00000000000000000000000000000000000000834542670571108
h1SMnG0011740	0.145219711515683	0.943609703528689
h1SMnG0011743	-1.68939786955903	0.202633768980418
h1SMnG0011750	-0.231681543066541	0.900825518882607
h1SMnG0011757	-0.442653076635263	0.754546481700074
h1SMnG0011758	-0.490681902858125	0.694060682767622
h1SMnG0011764	-1.32106405359276	0.342720019960474
h1SMnG0011765	-0.822999773531825	0.267118814894796
h1SMnG0011777	0.88455533383639	0.0495922273690706
h1SMnG0011797	0.561584581129236	0.595202277964443
h1SMnG0011812	-0.266795419986551	0.791833908574671
h1SMnG0011817	1.36121753263303	0.225648703182807
h1SMnG0011820	1.37268607071338	0.128956567150787
h1SMnG0011822	5.06468354230538	0.000000000254944441892971
h1SMnG0011842	-1.2958271452976	0.396766129362838
h1SMnG0011871	2.03828069076504	0.00466475575648202
h1SMnG0011876	-0.183324679381187	0.844765859841995
h1SMnG0011880	-2.18623739444813	0.138958109055991
h1SMnG0011896	0.273790031570549	0.871529045261286
h1SMnG0011899	-0.210490795268669	0.848441451034352
h1SMnG0011906	-0.811523143159155	0.0509643015804474
h1SMnG0011907	-1.471910936209	0.0922165437303271
h1SMnG0011915	-0.279110642161003	0.855434184081016
h1SMnG0011916	-0.703845599745726	0.506983545241679
h1SMnG0011918	-0.0360276068922993	0.986027442820385
h1SMnG0011929	-0.147904960354008	0.931996699285053
h1SMnG0011930	0.484169206264353	0.754428777332891
h1SMnG0011931	0.0325651940453063	0.988014466200884
h1SMnG0011933	0.387900375399761	0.741749951732137
h1SMnG0011940	0.0461798622729	0.975782064766437
h1SMnG0011950	1.1475937104251	0.284003078414768
h1SMnG0011952	0.107079335009905	0.954519812592704
h1SMnG0011961	0.265987500136898	0.839939897555161
h1SMnG0011993	1.01349429717214	0.434093999859161
h1SMnG0012003	-1.6328683589814	0.21848582790626
h1SMnG0012010	-0.0285625144175426	0.984589566723536
h1SMnG0012011	-0.300342213084828	0.855815301826819
h1SMnG0012012	-0.0964446151057351	0.879931650817957
h1SMnG0012013	-0.21310687291036	0.776783288777433
h1SMnG0012014	0.358452234270731	0.520206630466334
h1SMnG0012015	-0.292093844359187	0.668090437364273
h1SMnG0012018	3.54277585350467	0.00629600732509806
h1SMnG0012023	-1.05678260319564	0.469971837268053
h1SMnG0012024	0.391864684471966	0.271632082559053
h1SMnG0012033	-0.839173277893104	0.164787860944756
h1SMnG0012034	0.1387260225096	0.907193794943527
h1SMnG0012035	-0.776048907627226	0.486368131251706
h1SMnG0012038	-1.77926353005818	0.259739043743953
h1SMnG0012040	3.08845909324211	0.00000000000639278059473003
h1SMnG0012041	-1.74453599794444	0.0771720131493948
h1SMnG0012051	-1.0060600813866	0.500512030230936
h1SMnG0012052	0.0409774056743616	0.983044099577841
h1SMnG0012053	-0.640677596338505	0.393506542259425
h1SMnG0012054	-0.41839205591914	0.350703930345382
h1SMnG0012073	-1.14904123845966	0.00394728748810337
h1SMnG0012074	-1.78581384863427	0.206399540260908
h1SMnG0012076	-0.725624548615402	0.601797334954657
h1SMnG0012077	-1.30437813437629	0.128216941314365
h1SMnG0012079	-1.36463319571907	0.0622168360753214
h1SMnG0012080	-0.0650871907458362	0.895993367726469
h1SMnG0012082	-0.179857999747132	0.837068622500577
h1SMnG0012083	0.124473485092519	0.931564870711426
h1SMnG0012090	-0.264436801596237	0.88669979162963
h1SMnG0012099	-0.710706655644876	0.111633962151019
h1SMnG0012102	0.0792820100825083	0.962714557924583
h1SMnG0012105	-0.342936278614334	0.708738170785479
h1SMnG0012113	-1.3993215630021	0.310032303343293
h1SMnG0012126	-0.123000308034508	0.899404887313429
h1SMnG0012181	-0.229663980157993	0.895848199177402
h1SMnG0012184	-2.01246469054225	0.147106427060011
h1SMnG0012199	-0.765266784854818	0.0465412339046815
h1SMnG0012228	-2.15036261175795	0.150832834812567
h1SMnG0012254	0.120315682297439	0.954216543433283
h1SMnG0012310	-1.43497240286926	0.328123809933522
h1SMnG0012313	-1.37056167057869	0.20476694297114
h1SMnG0012342	-0.114870932632008	0.822811845897323
h1SMnG0012343	-0.748514713435767	0.447292312083234
h1SMnG0012357	1.98096852652767	0.128749039616022
h1SMnG0012363	0.456002209632699	0.393600782757225
h1SMnG0012364	1.13244718024062	0.270375959258369
h1SMnG0012392	-1.33764762144884	0.317661778066679
h1SMnG0012393	-1.92572470572536	0.0518602064916777
h1SMnG0012397	-2.87999096067841	0.000013444599055014
h1SMnG0012399	-3.19850226467995	0.0127514387228218
h1SMnG0012404	-1.10523054214605	0.391358719479373
h1SMnG0012412	-1.38069953136313	0.256642075803231
h1SMnG0012421	-2.01103560993858	0.152493496731878
h1SMnG0012433	-1.60415763112047	0.0359124157627102
h1SMnG0012434	-0.265892844771232	0.62316934506106
h1SMnG0012437	-0.627633083163925	0.509662640987326
h1SMnG0012477	2.27230286985862	0.0207403225014264
h1SMnG0012486	-1.04228985102915	0.121839476014783
h1SMnG0012488	-0.885770042502646	0.451396248987838
h1SMnG0012492	-1.19862708341935	0.341917034089638
h1SMnG0012508	-2.20285314237272	0.105444572087919
h1SMnG0012519	-0.394628986744022	0.408458330052672
h1SMnG0012531	-1.46869701858063	0.0179708700451051
h1SMnG0012546	-0.8620190940597	0.244353703700709
h1SMnG0012553	-0.967009891259053	0.00644876629054577
h1SMnG0012554	-1.01037433872737	0.440651148649456
h1SMnG0012555	-0.0599902425822403	0.963756143118352
h1SMnG0012557	-1.89445117942769	0.179637646784477
h1SMnG0012559	-0.239589963180121	0.824165059299033
h1SMnG0012572	-0.298002630559236	0.837068622500577
h1SMnG0012615	0.517189593011943	0.743543642538808
h1SMnG0012627	6.59334776461591	0.00000000190425001689921
h1SMnG0012629	-1.80795426103711	0.249486646512653
h1SMnG0012641	0.261729231804517	0.850156608678453
h1SMnG0012651	-1.2743355149015	0.0148449653086068
h1SMnG0012652	-1.34641569184694	0.382847605621019
h1SMnG0012659	-1.7931037454371	0.116724838909439
h1SMnG0012679	0.287082326210609	0.774045320493823
h1SMnG0012685	-0.0710590572916674	0.971019478514884
h1SMnG0012693	0.693183126233345	0.31903375912568
h1SMnG0012705	-2.15733773414852	0.000758010751838083
h1SMnG0012710	0.107243100593315	0.929287026616002
h1SMnG0012711	-1.08132951489613	0.146401081840071
h1SMnG0012717	-1.88723648338511	0.174153527694142
h1SMnG0012723	-1.31420363472777	0.383000250636645
h1SMnG0012738	-0.463891587743166	0.70598802626374
h1SMnG0012741	-0.455604874031093	0.770333077256452
h1SMnG0012742	-1.37417308831603	0.168117153415289
h1SMnG0012745	-1.23498196291281	0.439638616072875
h1SMnG0012747	-0.551021733266143	0.744012678159829
h1SMnG0012748	-1.17686639621843	0.208264593934965
h1SMnG0012749	-0.81982874978105	0.15855807385466
h1SMnG0012751	-1.12590717659236	0.120557511414769
h1SMnG0012781	0.871919023657665	0.172112886132575
h1SMnG0012782	-0.104043534563626	0.91407272519153
h1SMnG0012784	-1.10142770421176	0.344432852104305
h1SMnG0012792	3.15949553030087	0.00655905147993268
h1SMnG0012800	2.80892278602095	0.00338051509153766
h1SMnG0012811	-0.689038529225868	0.693029963291295
h1SMnG0012816	-1.28802505601522	0.420145731371349
h1SMnG0012835	0.251504749906431	0.785167328141252
h1SMnG0012863	-0.10086027378367	0.850399211976528
h1SMnG0012866	-0.0796358306149278	0.95861517757241
h1SMnG0012867	-0.132998533206158	0.94109106586019
h1SMnG0012868	0.160741529941735	0.839411863108223
h1SMnG0012869	-0.19560534727813	0.92106674394056
h1SMnG0012886	-2.22739913956213	0.0000672505893949705
h1SMnG0012889	-1.13123502153292	0.109774066554578
h1SMnG0012904	0.817023634062589	0.577398634361377
h1SMnG0012912	-1.72572403224076	0.193055962586007
h1SMnG0012932	-0.894985446801671	0.145484484163306
h1SMnG0012941	-0.154410785677459	0.922222337896512
h1SMnG0012968	-0.464944438113099	0.40673837369179
h1SMnG0012969	-0.495400988671983	0.656360968755685
h1SMnG0012970	0.171297367979097	0.931623760328518
h1SMnG0013001	-0.134968901341074	0.919447126363836
h1SMnG0013003	1.28702260273192	0.0142573342140852
h1SMnG0013008	0.576568638679555	0.715834567044214
h1SMnG0013045	-0.24888061391049	0.799365944407145
h1SMnG0013046	-0.10340482471725	0.91488544121671
h1SMnG0013047	-0.117361431079003	0.951971118882951
h1SMnG0013051	0.1647986480199	0.914187059945121
h1SMnG0013052	-0.137836470442551	0.918211078770794
h1SMnG0013060	-1.587983107196	0.287437092401499
h1SMnG0013072	-0.331925446038167	0.798501149171709
h1SMnG0013138	-0.962353291089204	0.0248339380400571
h1SMnG0013141	-0.59751772139446	0.510743882045195
h1SMnG0013142	-0.585876742515515	0.224683805202931
h1SMnG0013143	-1.87045049924864	0.0597169624256446
h1SMnG0013146	-1.12110174423804	0.474329111202479
h1SMnG0013155	-1.88594331998729	0.216576656274751
h1SMnG0013212	0.782260497995202	0.567842393929035
h1SMnG0013215	3.587080966029	0.0000000245766117969934
h1SMnG0013216	-0.255134403059236	0.866645627605207
h1SMnG0013235	-0.125019619586173	0.944391819904925
h1SMnG0013237	0.210052882252591	0.837615025692139
h1SMnG0013245	-0.62514242520136	0.656112259358417
h1SMnG0013261	-2.00246988316624	0.141145393949415
h1SMnG0013264	-0.220682952625298	0.819149324584256
h1SMnG0013282	-0.0141315088153765	0.9881514342314
h1SMnG0013288	-2.0263145337229	0.136412992650494
h1SMnG0013366	-0.978134254439536	0.445737221149575
h1SMnG0013391	-0.237085810120835	0.781795268635426
h1SMnG0013456	-2.0921643442069	0.0512069013091847
h1SMnG0013466	0.142855802046172	0.935121293740134
h1SMnG0013471	-1.24461379384011	0.0446189453559782
h1SMnG0013472	-0.362864490118173	0.834941367216013
h1SMnG0013492	-1.22453445346152	0.00467731707911185
h1SMnG0013567	0.6038783859177	0.6505494724402
h1SMnG0013568	-0.928488926693502	0.541616454581349
h1SMnG0013594	0.216204767317004	0.78450513748515
h1SMnG0013596	0.420234308992992	0.244687417828837
h1SMnG0013602	-0.470242845512138	0.756658331758473
h1SMnG0013616	-1.25016916628523	0.385418687635333
h1SMnG0013659	-2.91660819285264	0.0000000637653848043689
h1SMnG0013661	-1.83566125393528	0.244020604759283
h1SMnG0013683	-0.597006546902026	0.681407887463157
h1SMnG0013688	-1.74862271494895	0.176692286377265
h1SMnG0013696	-1.10440967747574	0.0482582294002878
h1SMnG0013698	0.0126917752356807	0.990923510377125
h1SMnG0013713	-0.317547655878126	0.800504736230334
h1SMnG0013751	-0.0562010571867395	0.951497057696012
h1SMnG0013752	0.612936203085773	0.628832881006578
h1SMnG0013774	0.682469170539569	0.669546615427006
h1SMnG0013789	0.518943357764933	0.684917557235135
h1SMnG0013791	-0.532977686616281	0.750443803900699
h1SMnG0013794	-0.0347850861656068	0.986207685167643
h1SMnG0013810	0.121763831188391	0.898976534535766
h1SMnG0013814	1.08477565423825	0.228793218756524
h1SMnG0013839	0.972060523766832	0.47587771891268
h1SMnG0013841	0.0609324055105342	0.955501151892676
h1SMnG0013842	0.682906256073834	0.433375640643283
h1SMnG0013843	-0.0404953543675464	0.97753706332423
h1SMnG0013857	-0.0940820528183673	0.960371143340906
h1SMnG0013863	-0.0285971672238422	0.990051604384489
h1SMnG0013869	-0.141201039947765	0.928745558774145
h1SMnG0013870	-0.648021314168205	0.689858084838486
h1SMnG0013880	0.0635527269501308	0.967244168095783
h1SMnG0013889	-0.642584847056191	0.646202854188077
h1SMnG0013929	-1.00485942262322	0.419922106466544
h1SMnG0013937	-0.433387324584564	0.774712477450298
h1SMnG0013938	0.541185691416662	0.636853183243031
h1SMnG0013961	0.354388198652696	0.832691758913392
h1SMnG0013963	-0.0246569661845256	0.988200550531846
h1SMnG0013978	-1.18885906448268	0.455294146484021
h1SMnG0014004	-0.00680666714313363	0.996067651083725
h1SMnG0014009	-0.517753476137144	0.679035152369717
h1SMnG0014013	-1.61624258033615	0.277287274093718
h1SMnG0014014	-1.29928481020172	0.341612323228735
h1SMnG0014015	-1.20925162960895	0.43276066488303
h1SMnG0014041	0.393581925354498	0.699595758893264
h1SMnG0014064	-1.64262626755406	0.257626727278858
h1SMnG0014083	-0.0780087036838017	0.956682283168904
h1SMnG0014085	0.480716805235621	0.684520108734807
h1SMnG0014102	1.48556325279333	0.00000720855702669395
h1SMnG0014168	-0.816995005009824	0.426668500548769
h1SMnG0014183	-0.371790620173484	0.441452584250698
h1SMnG0014184	-0.181400941872687	0.892619575802515
h1SMnG0014188	0.727655973948463	0.463257834247864
h1SMnG0014190	-1.09194305074901	0.372889793224306
h1SMnG0014192	-0.476391925306253	0.75248559320526
h1SMnG0014193	-2.35621057696567	0.0982553117643798
h1SMnG0014194	-2.30341032298389	0.0125125563930868
h1SMnG0014195	-2.00532165162628	0.102443783812854
h1SMnG0014196	-1.9563265997747	0.000000046071951490977
h1SMnG0014197	-1.52945342956812	0.0459853999025853
h1SMnG0014201	1.76978220724165	0.00826951596176803
h1SMnG0014214	-0.668893596474122	0.0754045364477732
h1SMnG0014217	0.841989564882657	0.424286194437874
h1SMnG0014218	-0.342007565192081	0.729751033100314
h1SMnG0014219	0.554788067725676	0.655218636093164
h1SMnG0014221	-0.478574508721849	0.534619532386596
h1SMnG0014222	-1.66512434098408	0.147320265411295
h1SMnG0014223	-1.16031826029393	0.358008961740319
h1SMnG0014224	-0.779685923013304	0.2850212648487
h1SMnG0014226	-0.246029140638234	0.786410916604212
h1SMnG0014267	-2.32398185150306	0.0805352867077846
h1SMnG0014268	-2.12715748905402	0.111222602249497
h1SMnG0014278	0.421620816084079	0.750700313568097
h1SMnG0014326	-1.45476435184141	0.315467300047049
h1SMnG0014328	-1.12105522208891	0.0163308116258289
h1SMnG0014330	-0.633368307447978	0.0938017575370869
h1SMnG0014332	-0.393107992140175	0.744012678159829
h1SMnG0014337	-1.05025405996149	0.151418698642375
h1SMnG0014340	0.194922576165997	0.78485101538985
h1SMnG0014341	-2.43656728933454	0.0868234965939343
h1SMnG0014342	-0.0129919610683334	0.989387500003651
h1SMnG0014347	-0.626452245057161	0.146802874790562
h1SMnG0014348	-1.05973661948802	0.299457447171837
h1SMnG0014349	0.117294795252452	0.892190248174418
h1SMnG0014351	-0.0138394521945002	0.992066531581659
h1SMnG0014352	-0.627626633298981	0.149584994988337
h1SMnG0014356	-0.811252265075326	0.174569006774197
h1SMnG0014358	-0.144238010349476	0.894376618905738
h1SMnG0014360	-0.358405826171664	0.43558444156054
h1SMnG0014368	-0.706454791091562	0.465473474751199
h1SMnG0014380	0.171611742595859	0.863960204916124
h1SMnG0014392	-0.459962441764238	0.788441930437489
h1SMnG0014393	0.244662683866483	0.890967303275385
h1SMnG0014407	-0.610039388698226	0.546116197174519
h1SMnG0014416	-0.687594955693392	0.679987095430339
h1SMnG0014422	0.412916118072519	0.715880568838952
h1SMnG0014426	-0.570573959958393	0.74319907684698
h1SMnG0014429	-0.00925286219540245	0.995359274463544
h1SMnG0014443	-0.2881040237744	0.737766678841899
h1SMnG0014444	-2.31400657811394	0.101079612822334
h1SMnG0014445	-0.703634124155085	0.206100409456613
h1SMnG0014449	-1.46283443005928	0.129981110319592
h1SMnG0014452	-1.18615624541044	0.00247518124067255
h1SMnG0014453	-1.21177354756851	0.383619343006091
h1SMnG0014460	-0.476522172695352	0.781795268635426
h1SMnG0014461	0.485502064314843	0.390544113118054
h1SMnG0014462	0.165558023917621	0.878139316278047
h1SMnG0014464	0.408867490835384	0.654158149282225
h1SMnG0014465	-0.572344368136708	0.554169277501476
h1SMnG0014466	-0.0640107056820561	0.948363830300134
h1SMnG0014467	-0.700350157577157	0.657094895572202
h1SMnG0014468	-1.63036298317811	0.283290947100803
h1SMnG0014469	-0.343071347009009	0.780262789165873
h1SMnG0014470	-0.265730695262922	0.795616917934113
h1SMnG0014471	-0.140362175512791	0.912349529311266
h1SMnG0014472	-0.555008436378542	0.391358719479373
h1SMnG0014478	-0.536419986752049	0.729680371032452
h1SMnG0014485	-1.07529826252174	0.0213416219043133
h1SMnG0014487	-1.85071089128202	0.0612560999765176
h1SMnG0014492	-1.08814048835937	0.0173457062275811
h1SMnG0014493	-2.10355467499001	0.0923938171892703
h1SMnG0014495	-0.185422240574119	0.921759137769643
h1SMnG0014502	-2.64877478207393	0.0175727424217109
h1SMnG0014506	-0.2899244168072	0.635430974998965
h1SMnG0014507	-1.32426224090955	0.000265130124584367
h1SMnG0014508	-3.39004849572377	0.00685482606328439
h1SMnG0014509	-2.23513076554742	0.0346450896003368
h1SMnG0014510	-0.088841572581187	0.959122956087009
h1SMnG0014514	-0.766088268783483	0.367805905930714
h1SMnG0014521	-0.734890652060479	0.0829237721687563
h1SMnG0014523	-1.81299519561873	0.0228684762226004
h1SMnG0014524	-0.650209437958689	0.0485912476115033
h1SMnG0014530	0.489066093465343	0.71573981574241
h1SMnG0014531	0.215995931481824	0.87891427455382
h1SMnG0014536	-1.861149834335	0.0385405171039154
h1SMnG0014540	-0.820179061262743	0.145484484163306
h1SMnG0014541	-1.23155614567977	0.130478948436361
h1SMnG0014542	-1.0866498765397	0.505715542519822
h1SMnG0014543	-1.88445196452692	0.0856686068127219
h1SMnG0014545	-0.842007294930065	0.61816963334854
h1SMnG0014547	-1.54144250026147	0.252785577512905
h1SMnG0014548	-1.90334128867339	0.171654676069147
h1SMnG0014549	-1.88834995209375	0.0416603733132232
h1SMnG0014550	-1.5111146910058	0.256977533058324
h1SMnG0014554	-2.10190710069329	0.124343713410084
h1SMnG0014566	0.296822572577851	0.837615025692139
h1SMnG0014577	-2.9248405508734	0.0174091305395936
h1SMnG0014580	-1.03966905413785	0.0432897165747867
h1SMnG0014581	-0.490400887461918	0.706076246255973
h1SMnG0014583	-1.03009222943457	0.00477043510821111
h1SMnG0014585	-1.99407703076879	0.198232267174292
h1SMnG0014587	-0.572956703563404	0.696219257019727
h1SMnG0014600	0.950304518066371	0.000637390521554902
h1SMnG0014602	0.849667908229488	0.3567269000293
h1SMnG0014603	0.357454415470692	0.763344701430785
h1SMnG0014604	0.419812019437859	0.746487340506064
h1SMnG0014605	0.325648382667173	0.762646850157767
h1SMnG0014621	7.04910471419172	0.00000000000308612093514667
h1SMnG0014622	-1.12315917557281	0.00543273476080613
h1SMnG0014624	-1.16307097860853	0.364660667077724
h1SMnG0014625	-0.114183097195108	0.930659267258673
h1SMnG0014626	-0.462361814754389	0.741252809813252
h1SMnG0014627	0.234980378393518	0.886767812275011
h1SMnG0014628	-1.14092932923687	0.305715241624566
h1SMnG0014634	-1.09896788722861	0.0608858161319716
h1SMnG0014638	-2.60914200577037	0.0363543706111136
h1SMnG0014661	5.79637055839456	0.0000000000000000000000411735707731054
h1SMnG0014662	-0.909075142052877	0.0297900994771294
h1SMnG0014664	-0.210942479903683	0.901271608968114
h1SMnG0014665	-0.197032065731386	0.815168986571871
h1SMnG0014666	0.170087708931987	0.917799642646863
h1SMnG0014667	0.288972639246422	0.840985315333483
h1SMnG0014673	-1.73350245332009	0.123023299171232
h1SMnG0014677	0.805404076956122	0.493167231848727
h1SMnG0014705	-0.00455237752197411	0.997961811975841
h1SMnG0014707	0.194709211610639	0.898581740747933
h1SMnG0014712	-1.45876828685389	0.00297640722569997
h1SMnG0014714	-2.11625838518113	0.160238267504878
h1SMnG0014715	-2.85415547103925	0.0514547387939046
h1SMnG0014717	0.348207535804213	0.500558696531017
h1SMnG0014718	0.550412403437911	0.584170070235908
h1SMnG0014719	0.0977827385120186	0.958065424541993
h1SMnG0014720	0.47420076010359	0.257215442115811
h1SMnG0014724	0.92414580295241	0.0145840799663189
h1SMnG0014733	4.66885949303796	0.0000000000000000000000000000202769959323967
h1SMnG0014745	-0.561218660454508	0.583773614129035
h1SMnG0014749	-1.50589982307691	0.321493652185493
h1SMnG0014750	0.689799527446318	0.356999615353119
h1SMnG0014762	6.19149895354996	0.0000000000399433014971730
h1SMnG0014763	6.51705318379803	0.00000000000000000000156998524011963
h1SMnG0014764	5.3154331792521	0.00000000000000000000000000299812358829916
h1SMnG0014765	6.40185050597855	0.00000000000000000000015564262909109
h1SMnG0014807	-2.37953866702861	0.0000000000000297788024145999
h1SMnG0014820	-2.86969886257962	0.000000000860345898976218
h1SMnG0014823	-2.45823194402954	0.00025168396484692
h1SMnG0014835	0.310000133331022	0.8532406198847
h1SMnG0014838	-0.738045167777991	0.552625241514948
h1SMnG0014841	-1.14967622610388	0.0257944466823716
h1SMnG0014844	-0.766048274237742	0.0899906454222129
h1SMnG0014849	-1.04032486177835	0.52750824805482
h1SMnG0014851	-2.3117185727492	0.0288308523870678
h1SMnG0014853	1.03093394909645	0.477587940705901
h1SMnG0014862	-1.32935485010999	0.00732897395290565
h1SMnG0014864	-1.44732752068563	0.149884571024426
h1SMnG0014866	-0.401212392289235	0.743109423731724
h1SMnG0014875	-1.90272423689577	0.131280840421663
h1SMnG0014878	-1.50783671175297	0.308594242742372
h1SMnG0014880	-0.371891300974748	0.775174932880992
h1SMnG0014885	0.367958711722064	0.827021057066845
h1SMnG0014887	1.82832043217226	0.0674928820959972
h1SMnG0014893	-1.88290890047289	0.228105870968287
h1SMnG0014904	0.455141006530063	0.299645995030462
h1SMnG0014934	-0.602125967841509	0.161055488964235
h1SMnG0014935	-0.645246939483584	0.469745450723469
h1SMnG0014936	-2.04404465731669	0.142343937208103
h1SMnG0014937	-1.35392239538792	0.0301284067487718
h1SMnG0014953	-0.907381826422981	0.584044988562659
h1SMnG0014964	0.268581916894988	0.873772981817683
h1SMnG0014970	-0.24335019715222	0.839089877644334
h1SMnG0014973	-0.0969719366288646	0.949032108318471
h1SMnG0014987	-0.146829570027666	0.934009417844901
h1SMnG0015008	0.21992044105798	0.803663827047174
h1SMnG0015010	0.733427074918167	0.497206632243753
h1SMnG0015073	-0.463125624753268	0.729115038487141
h1SMnG0015107	0.633853885201469	0.537345937781622
h1SMnG0015111	-0.629528519497126	0.57022603830055
h1SMnG0015113	0.797662898970261	0.579644180207253
h1SMnG0015120	-0.050066464304821	0.970273094322559
h1SMnG0015122	0.755710962664696	0.641213576453545
h1SMnG0015124	1.50797514336242	0.2692453155436
h1SMnG0015139	0.442987453625236	0.311343859228861
h1SMnG0015140	1.15139923860305	0.117354410109131
h1SMnG0015141	0.862902380728463	0.255455653684083
h1SMnG0015142	-0.0274055634944754	0.984140140274612
h1SMnG0015144	-0.305507455913882	0.827302409571378
h1SMnG0015148	-1.66588790895116	0.00000867833242427784
h1SMnG0015162	0.135907273282861	0.858740603316898
h1SMnG0015168	-0.619345519936125	0.248891599607883
h1SMnG0015176	-0.727031001724377	0.429013109980892
h1SMnG0015178	-1.36234667187221	0.182140010915409
h1SMnG0015198	3.78575199641186	0.0000423774456568431
h1SMnG0015209	-0.958603329333889	0.263218881021942
h1SMnG0015210	-2.19040542088169	0.134380386336073
h1SMnG0015223	-0.49574711825688	0.594079605572149
h1SMnG0015233	-1.0416201021894	0.236164296460996
h1SMnG0015235	1.59495155999569	0.205460978168238
h1SMnG0015255	0.927794509321052	0.490891216827682
h1SMnG0015261	0.508663101677106	0.743109423731724
h1SMnG0015269	-1.46264406734822	0.348434493032656
h1SMnG0015273	-2.14778937407594	0.050253684202576
h1SMnG0015274	-2.40327045735768	0.0648645860852703
h1SMnG0015276	0.700663509576439	0.690371468842187
h1SMnG0015277	-1.04238792062828	0.39058633502421
h1SMnG0015279	0.00640604587338116	0.996432635896763
h1SMnG0015281	0.503101178055201	0.32118166893877
h1SMnG0015283	-1.90126875951949	0.228085442007292
h1SMnG0015287	-1.91681534908396	0.0474638167264456
h1SMnG0015303	-1.41273809217642	0.212263089221471
h1SMnG0015307	0.388078538678642	0.793685509294664
h1SMnG0015311	0.240187607788678	0.722695731051852
h1SMnG0015364	-2.07995336283387	0.117841629528495
h1SMnG0015369	-1.42325331800392	0.29946852049022
h1SMnG0015370	-0.800848329611798	0.650939381540695
h1SMnG0015375	0.123459079217337	0.924493057165664
h1SMnG0015435	-3.52908658026071	0.00384673952338535
h1SMnG0015448	-0.773832300428187	0.620181545265603
h1SMnG0015456	-3.0587622409425	0.00000966140699720745
h1SMnG0015457	-1.22281669092748	0.309391135709125
h1SMnG0015458	-2.47784415074726	0.0164009996400938
h1SMnG0015460	-0.569762608166775	0.268126791303148
h1SMnG0015461	-0.267828401219628	0.882414316631681
h1SMnG0015462	-0.682575193571278	0.666779403358532
h1SMnG0015484	-0.509721277144423	0.604394227175517
h1SMnG0015496	-0.397130680024867	0.779104439797786
h1SMnG0015533	-0.778376648914644	0.630704458463346
h1SMnG0015534	-1.49246833637166	0.325761935184183
h1SMnG0015535	-0.422166371787942	0.694022099474085
h1SMnG0015536	-0.701602122538736	0.335593730471195
h1SMnG0015537	0.113964982974892	0.929287026616002
h1SMnG0015543	-0.808524999593219	0.0382686713737551
h1SMnG0015548	-1.203313864648	0.401903222178615
h1SMnG0015553	0.302226589759894	0.815387105732778
h1SMnG0015572	-0.29925611571794	0.870340473409906
h1SMnG0015587	0.0913918789094198	0.850573482934645
h1SMnG0015595	2.01501037595242	0.0156591512340163
h1SMnG0015599	2.48887786039613	0.00563627733280611
h1SMnG0015600	0.00732798729486333	0.995135063732004
h1SMnG0015630	-1.29217893360153	0.0943990919015431
h1SMnG0015638	-0.681579012899523	0.559310359111473
h1SMnG0015649	-0.856953088533503	0.511906239787862
h1SMnG0015650	-0.653703521838612	0.632046099831731
h1SMnG0015651	-0.950899014308693	0.383235662340985
h1SMnG0015653	-0.61403572026513	0.545837763249785
h1SMnG0015663	-0.25239388067122	0.635445560757205
h1SMnG0015720	-1.10163378215121	0.497496581319139
h1SMnG0015726	2.1076133317284	0.0283981763423835
h1SMnG0015734	0.173446118937282	0.921759137769643
h1SMnG0015759	1.71928601312009	0.0868234965939343
h1SMnG0015801	-0.148334329688679	0.88914607955194
h1SMnG0015816	-0.611817624921492	0.45815702142502
h1SMnG0015817	-1.14661065069016	0.255107830628442
h1SMnG0015821	-1.55493051065532	0.168941711937341
h1SMnG0015822	0.42488071432307	0.782509349285298
h1SMnG0015858	0.353167556792256	0.720361434720219
h1SMnG0015861	0.245698172407517	0.775216293818608
h1SMnG0015863	0.0783151364990283	0.970273094322559
h1SMnG0015864	-0.405879960750453	0.346907332882793
h1SMnG0015867	-0.136536765644838	0.907899116868999
h1SMnG0015868	-0.624382392799172	0.145182842174135
h1SMnG0015885	-1.50651266384344	0.00183234309565367
h1SMnG0015894	-2.55135220751664	0.000000716618893176985
h1SMnG0015902	-0.139654283501762	0.844932670774305
h1SMnG0015903	-0.910571887568944	0.555950048887807
h1SMnG0015911	-1.68702648932222	0.114949687187508
h1SMnG0015913	-1.6768332016963	0.254633736796497
h1SMnG0015914	0.355389437973346	0.828568506016267
h1SMnG0015915	-0.0440598139309292	0.98179957755461
h1SMnG0015932	0.0983676271402831	0.816706845716063
h1SMnG0015933	-0.371416796624628	0.83181186487965
h1SMnG0015935	1.53005366664314	0.163123228121161
h1SMnG0015940	0.772846712488343	0.493152071628436
h1SMnG0015941	-1.47440936032558	0.160508935392315
h1SMnG0015942	-0.321401234848206	0.851650516169641
h1SMnG0015961	-0.356438991581573	0.80160703229036
h1SMnG0015962	-1.03539309092567	0.378017526081954
h1SMnG0015968	-0.251915829139722	0.863093459616506
h1SMnG0015975	-0.924182326315959	0.0133751022023271
h1SMnG0015976	-0.428246972973201	0.779104439797786
h1SMnG0015989	-1.94021331307337	0.209553424255683
h1SMnG0015990	-0.815071418259028	0.594639851356645
h1SMnG0015998	0.0740772788929952	0.911005311091851
h1SMnG0016024	-0.157132782809117	0.879691815546074
h1SMnG0016027	-1.4695550138979	0.101858678373465
h1SMnG0016029	-0.841285685074646	0.302010291227631
h1SMnG0016031	-0.675662778309658	0.447032235630229
h1SMnG0016032	-0.814425570163979	0.437014469671439
h1SMnG0016034	-3.32128350338255	0.00427573135085417
h1SMnG0016035	-1.17388417233554	0.285779038713849
h1SMnG0016047	-1.31251458123194	0.371041780514832
h1SMnG0016067	-0.303896536028146	0.827669783588335
h1SMnG0016080	-0.357900130707335	0.85198358597096
h1SMnG0016085	0.0141427373082477	0.992932753600787
h1SMnG0016096	-0.596233918169313	0.687064247868328
h1SMnG0016099	1.49501050095894	0.0485042438586922
h1SMnG0016102	-0.751885651143865	0.127395338529226
h1SMnG0016103	-0.235890176790196	0.852769140792988
h1SMnG0016104	1.40530661398069	0.228978110701697
h1SMnG0016105	1.65053278102685	0.0689216643198804
h1SMnG0016130	-0.707889095599578	0.555271827785738
h1SMnG0016133	-0.623673012963686	0.607542356774373
h1SMnG0016134	-0.713114777789431	0.449586618132966
h1SMnG0016145	4.09291242664106	0.0000000471840676656613
h1SMnG0016152	-0.701766212970307	0.111064339314904
h1SMnG0016153	-0.260927775924818	0.883122547819472
h1SMnG0016155	-1.31075698392752	0.349172530742982
h1SMnG0016158	-0.824580009304882	0.552090523806527
h1SMnG0016167	-0.403682516453026	0.494798673180105
h1SMnG0016171	-1.12313434154979	0.0190800756671059
h1SMnG0016173	-1.08214530451857	0.364470470479318
h1SMnG0016199	1.12494191222399	0.187943525639145
h1SMnG0016206	-0.690652569642342	0.667328386176317
h1SMnG0016208	-0.471939674765762	0.702845260121174
h1SMnG0016210	-1.24399385488073	0.19695295092632
h1SMnG0016211	-0.808219286824919	0.18225352418083
h1SMnG0016212	0.125710883206473	0.922683632653122
h1SMnG0016218	0.131191028324465	0.915843606741307
h1SMnG0016246	-0.4264920896115	0.684511573067887
h1SMnG0016267	-1.44799475757305	0.347572217736493
h1SMnG0016295	-0.573179145253595	0.641156116386222
h1SMnG0016310	0.536386609650748	0.642202850074333
h1SMnG0016311	1.64426086607498	0.0474623626087064
h1SMnG0016329	0.639736096153638	0.640940227821242
h1SMnG0016356	-0.243677191986757	0.856106950201733
h1SMnG0016361	1.40736812668618	0.19269960910306
h1SMnG0016393	-2.50743463300121	0.0179772396605705
h1SMnG0016407	-0.294122523752662	0.696863586401477
h1SMnG0016456	-0.692244538366365	0.584328794711544
h1SMnG0016469	-1.60283388748731	0.0445847096200432
h1SMnG0016516	0.577109615371986	0.573299934819788
h1SMnG0016529	0.619397297712069	0.668297168395803
h1SMnG0016557	0.111834799923919	0.836846144544935
h1SMnG0016593	-0.331850478344242	0.800042578789704
h1SMnG0016594	0.969217141961111	0.283202129836615
h1SMnG0016598	-0.382788673632014	0.788551732461203
h1SMnG0016603	-0.0280072474211199	0.989522535129625
h1SMnG0016648	0.723677434117414	0.505971366809494
h1SMnG0016665	-1.24463243021763	0.104358633589994
h1SMnG0016666	-1.84996228195693	0.097281447407796
h1SMnG0016667	-0.777189346285375	0.471293764575376
h1SMnG0016689	-0.386484253637989	0.795108709268331
h1SMnG0016708	-0.0133182992033944	0.9936270055296
h1SMnG0016719	-2.12390464611261	0.116663904067136
h1SMnG0016759	0.522622488073117	0.754712413382952
h1SMnG0016765	-0.385478630804284	0.682761222203746
h1SMnG0016796	0.422256934453243	0.744012678159829
h1SMnG0016804	0.236488776421174	0.889142575059144
h1SMnG0016805	0.620170638535786	0.481963951477441
h1SMnG0016808	0.770697732165887	0.194296191795124
h1SMnG0016812	0.0694850131946653	0.961358578899514
h1SMnG0016814	-2.49313404183448	0.0456796518520938
h1SMnG0016819	-1.96255668473498	0.208264593934965
h1SMnG0016824	-0.473472763121953	0.686009176281111
h1SMnG0016875	-0.549804710040694	0.73983268058992
h1SMnG0016917	-2.00853063738221	0.000145932092583025
h1SMnG0016945	0.374616547507945	0.767857945134882
h1SMnG0016947	3.9928683776277	0.0000292228216527832
h1SMnG0016981	-2.42857593562081	0.0633893236446229
h1SMnG0016982	0.925658762008011	0.408523810353145
h1SMnG0017019	-0.457920553903541	0.660822705113017
h1SMnG0017027	0.0795131666918691	0.9621200811213
h1SMnG0017041	5.63275960285053	0.00000000000000000000000000000000000000000000000000000000000158243646550099
h1SMnG0017044	-0.842217035862339	0.0279110997814733
h1SMnG0017066	-0.259261590859178	0.888348493100164
h1SMnG0017076	1.36588395524264	0.131175489309944
h1SMnG0017079	3.36140323724943	0.0000000752915567275456
h1SMnG0017098	1.17872931843763	0.254358177567675
h1SMnG0017110	-0.39658127023198	0.467143888496394
h1SMnG0017111	-0.765058212719729	0.213238303849945
h1SMnG0017122	3.1047035245392	0.00000000000361068481418350
h1SMnG0017132	0.558432787508797	0.490529275827724
h1SMnG0017155	0.376993998448349	0.649013554998115
h1SMnG0017161	2.73596281727692	0.018886892790029
h1SMnG0017165	-2.15247631116772	0.000288436035083742
h1SMnG0017180	1.39770284489185	0.0727339163417437
h1SMnG0017182	0.164992382940172	0.871000472848712
h1SMnG0017198	1.61191564390645	0.164217886663819
h1SMnG0017200	-1.57089929748301	0.0743226674033
h1SMnG0017219	-0.320752707609308	0.666714040602052
h1SMnG0017227	0.428804612999585	0.629019350930941
h1SMnG0017265	0.406786931435096	0.712129934611024
h1SMnG0017267	0.176643103952278	0.904373557026224
h1SMnG0017269	-1.00686743958616	0.487142328642483
h1SMnG0017319	-1.84267023499895	0.0605709475403668
h1SMnG0017349	-1.72520988477799	0.163272519104441
h1SMnG0017350	-0.538790413528043	0.718783305372273
h1SMnG0017375	4.39692337075072	0.0000000751279376893808
h1SMnG0017399	-0.467412664044076	0.592702718439809
h1SMnG0017414	0.32632354343236	0.763344701430785
h1SMnG0017429	-1.60651682381647	0.267591779384658
h1SMnG0017439	1.03315096810465	0.531926796565335
h1SMnG0017454	-0.025072817513427	0.97753706332423
h1SMnG0017466	-0.599993828569746	0.168841631230509
h1SMnG0017470	0.298012038368875	0.746405816379955
h1SMnG0017472	0.472827379290285	0.656743352338695
h1SMnG0017474	-0.299905025484867	0.838832434692102
h1SMnG0017476	-0.388278672206743	0.436210917996565
h1SMnG0017497	-1.07273842311116	0.0477937219260154
h1SMnG0017513	-1.56638198747855	0.00220136139315185
h1SMnG0017515	-1.53768970442574	0.232610306348626
h1SMnG0017516	-1.42270345491871	0.314993674623172
h1SMnG0017517	-1.84800455255455	0.169860828021918
h1SMnG0017518	-0.222327180679352	0.889111527470545
h1SMnG0017519	-0.667764833671078	0.658493801324155
h1SMnG0017542	1.04211622384896	0.410799219938685
h1SMnG0017543	-0.291992751048114	0.827597509326398
h1SMnG0017581	-1.04700185000592	0.0479307629999512
h1SMnG0017610	-1.14537853040589	0.310875112101033
h1SMnG0017639	1.37675925871846	0.156229380408452
h1SMnG0017670	-0.427140567594391	0.680304317661105
h1SMnG0017676	-0.239487080475852	0.837501374330392
h1SMnG0017688	0.364224508882687	0.270302375217072
h1SMnG0017694	0.379594655862784	0.820015817957767
h1SMnG0017696	-0.361952839808234	0.818581786975606
h1SMnG0017697	0.311603818770921	0.754546481700074
h1SMnG0017698	0.172741366147632	0.908258121535756
h1SMnG0017707	0.426212428320115	0.222119553410446
h1SMnG0017729	0.271085473419094	0.716001651606696
h1SMnG0017755	0.16501235969718	0.887632030667327
h1SMnG0017756	0.99423538128875	0.222790677024835
h1SMnG0017771	-0.602318642245335	0.635230313942754
h1SMnG0017808	0.942480111398536	0.486368131251706
h1SMnG0017824	0.92812802317593	0.515766644616168
h1SMnG0017884	-1.76965337905732	0.266626189498421
h1SMnG0017951	-0.169129940346421	0.916448860044085
h1SMnG0017952	-0.575475173913829	0.667184535766051
h1SMnG0017953	-0.112797686876584	0.828169434512799
h1SMnG0017956	-0.17190121843519	0.893132616898546
h1SMnG0017957	-0.605292551663511	0.721787378041353
h1SMnG0017959	-1.98208378017633	0.198628204202788
h1SMnG0017961	-0.936901097818396	0.446933278037927
h1SMnG0017970	-0.518944235192607	0.199718358704136
h1SMnG0017971	-0.482330655324825	0.652773093121647
h1SMnG0017972	-0.834440119193823	0.571763383216493
h1SMnG0017993	-0.00974059927312045	0.993769874832242
h1SMnG0017999	0.1818320468645	0.843555377823132
h1SMnG0018001	0.0297067975509961	0.977408059242892
h1SMnG0018002	-0.719449737353031	0.606045639047545
h1SMnG0018003	-0.531740184652555	0.747207369008583
h1SMnG0018004	-0.801069337017899	0.646068499057209
h1SMnG0018013	-2.07653068737315	0.0901530798100558
h1SMnG0018089	0.420146875891566	0.803874897405436
h1SMnG0018102	1.63355428383363	0.113232908385464
h1SMnG0018119	0.991896247998322	0.144769563154337
h1SMnG0018120	2.01673504431012	0.00000000000109711444678658
h1SMnG0018121	2.48218458985496	0.000732553420264745
h1SMnG0018122	2.53815795263261	0.0079399188148575
h1SMnG0018123	2.19316386318456	0.0149737837505889
h1SMnG0018131	-1.39541810532452	0.255905862573749
h1SMnG0018173	0.894676212787327	0.426668500548769
h1SMnG0018174	-0.616901742028829	0.575042088603756
h1SMnG0018190	0.356906525834924	0.824050751773885
h1SMnG0018218	0.966348046749772	0.198797443972708
h1SMnG0018224	-0.893179011779643	0.467453611883994
h1SMnG0018227	-0.732765913443422	0.0344756729540491
h1SMnG0018228	-0.443211280608689	0.763790782077625
h1SMnG0018229	-0.288393807972257	0.804773229727659
h1SMnG0018230	-0.411514348177053	0.765795374529075
h1SMnG0018260	0.978918603042553	0.417588413038927
h1SMnG0018293	-0.0326230817355227	0.980912987215174
h1SMnG0018298	-0.172586706618403	0.922683632653122
h1SMnG0018304	-2.13075738447262	0.145780905359614
h1SMnG0018305	-2.8565039832527	0.00657655620693089
h1SMnG0018307	-3.14900105139177	0.000263794114809844
h1SMnG0018313	0.876748173842457	0.204765858114946
h1SMnG0018342	-1.34786756810629	0.010482192504161
h1SMnG0018362	-1.09900762282314	0.00127699080816705
h1SMnG0018363	-0.780585371682648	0.468931274278248
h1SMnG0018365	-1.26710503076465	0.32855665367239
h1SMnG0018383	-0.351849839223626	0.355297071262724
h1SMnG0018389	-1.46980608576412	0.269938505063946
h1SMnG0018391	-1.28396437754524	0.0826315985008066
h1SMnG0018392	-0.652330774018501	0.494795100173597
h1SMnG0018407	-3.94067975823532	0.00143274953584929
h1SMnG0018408	-1.1723692451211	0.467262852148758
h1SMnG0018415	-1.31053357896564	0.0211458025919909
h1SMnG0018437	-0.455294438537499	0.590067920415894
h1SMnG0018458	-0.0557116981869667	0.908561523650534
h1SMnG0018463	-0.305636498694258	0.629795509192976
h1SMnG0018464	2.4590831967846	0.0485042438586922
h1SMnG0018472	0.802714840026146	0.568781251247615
h1SMnG0018474	3.08433692982267	0.0102902628877831
h1SMnG0018494	-1.70957346640263	0.267549882439538
h1SMnG0018523	-0.186330797425532	0.693029963291295
h1SMnG0018524	0.442813787578362	0.761925555343239
h1SMnG0018525	-0.329603085355365	0.843877635932735
h1SMnG0018526	0.350099111273666	0.840985315333483
h1SMnG0018527	0.121533824093039	0.916440252659952
h1SMnG0018569	-0.994971490025389	0.546375736764451
h1SMnG0018588	-0.175105857495357	0.84814839277529
h1SMnG0018606	-0.294172912222452	0.773247822752327
h1SMnG0018619	0.0107123430265988	0.995320282026279
h1SMnG0018638	0.694833788080987	0.233280762542113
h1SMnG0018640	-0.525259172548248	0.486961006730342
h1SMnG0018642	5.28146172470133	0.0000000000000000000163904281200978
h1SMnG0018662	-0.809949780771313	0.533250458717923
h1SMnG0018669	0.723119886964633	0.285066392760725
h1SMnG0018678	-2.01739496429194	0.184918560609117
h1SMnG0018689	-0.0878329370693771	0.950407404239726
h1SMnG0018701	1.32500273094703	0.281025322608621
h1SMnG0018714	0.221943112731295	0.891129926976403
h1SMnG0018737	-1.3159346139503	0.388393369391129
h1SMnG0018758	-2.84353815124982	0.00732897395290565
h1SMnG0018768	0.779176877578152	0.475899032950146
h1SMnG0018794	-0.714050236739587	0.611375146878102
h1SMnG0018795	0.816268771695671	0.379108367369646
h1SMnG0018803	0.7219190137251	0.611435156887232
h1SMnG0018814	-0.766280354362614	0.633910991645572
h1SMnG0018845	-1.08180686252295	0.516713523504216
h1SMnG0018847	0.617725832331279	0.689858084838486
h1SMnG0018863	-1.02761969384607	0.331166490726069
h1SMnG0018885	-0.714546282690133	0.609892753764709
h1SMnG0018901	0.315604719702747	0.861420701755535
h1SMnG0018939	0.610033094126919	0.457344554887808
h1SMnG0018972	-2.0527344251009	0.179370857916901
h1SMnG0018974	-1.14997251745769	0.45925434243037
h1SMnG0018998	0.581607566450329	0.627025500539918
h1SMnG0019032	1.29715729673143	0.0367963868971171
h1SMnG0019034	1.20737957381047	0.324284041823841
h1SMnG0019080	-0.27141449863316	0.879691815546074
h1SMnG0019102	1.04094409253466	0.449434213516849
h1SMnG0019110	0.201614813195433	0.903516131885541
h1SMnG0019128	-3.55872871435086	0.0062300576753213
h1SMnG0019137	1.96612958348431	0.108133525487998
h1SMnG0019163	-0.683176113360769	0.66507116502143
h1SMnG0019191	0.11859601746211	0.954216543433283
h1SMnG0019225	-2.0828448488624	0.108133525487998
h1SMnG0019251	-0.858962234446512	0.62734112436086
h1SMnG0019314	0.194580070182597	0.87891427455382
h1SMnG0019315	-0.139895414980191	0.892619575802515
h1SMnG0019340	0.141946400104155	0.912956874644507
h1SMnG0019368	0.374248032275839	0.822573065679304
h1SMnG0019383	-2.00183790184266	0.00964712794047175
h1SMnG0019421	-0.368745718955633	0.830497794916281
h1SMnG0019426	-0.641385468826045	0.57972404276485
h1SMnG0019442	0.120463378201699	0.949405725781093
h1SMnG0019455	0.73368292862202	0.646881798693377
h1SMnG0019466	-0.454245436786395	0.656112259358417
h1SMnG0019485	-0.875481948340605	0.162992701047964
h1SMnG0019486	0.937530488727217	0.385791109958208
h1SMnG0019539	0.783336748529101	0.652897283177513
h1SMnG0019553	0.143541620786366	0.765893808069558
h1SMnG0019570	-0.218463907302567	0.876836383969123
h1SMnG0019586	-0.367866620400583	0.663961981135105
h1SMnG0019591	-2.32358398797579	0.00196790757413768
h1SMnG0019603	0.890548919888268	0.535956679507439
h1SMnG0019652	1.68817112198504	0.0514549414832259
h1SMnG0019709	-0.731335402255863	0.198862130048356
h1SMnG0019725	-1.07320312036937	0.396549692845743
h1SMnG0019738	1.28366289371374	0.215073041988133
h1SMnG0019739	2.46408539825593	0.000126844927767418
h1SMnG0019740	1.41120614534882	0.13374927093861
h1SMnG0019745	-0.390989533625121	0.774923322401071
h1SMnG0019795	-0.0134480816344718	0.994792258805952
h1SMnG0019810	-1.24768482605479	0.327296561819291
h1SMnG0019814	1.46195258342981	0.232707826974221
h1SMnG0019823	0.0677443347156329	0.95748645633846
h1SMnG0019864	-0.960910770749274	0.411697699577621
h1SMnG0019876	-1.25129958618615	0.255687501934345
h1SMnG0019887	0.711702089400164	0.610671720156081
h1SMnG0019893	1.55265598064969	0.00012489008022166
h1SMnG0019902	0.049266991188899	0.978458494825947
h1SMnG0019913	0.192588238264297	0.900827885371632
h1SMnG0019919	-0.31137737909197	0.772193400388436
h1SMnG0019931	0.0214339928136302	0.986963331726889
h1SMnG0019932	-0.523207038321496	0.497137717872494
h1SMnG0019935	0.245310473554751	0.780606182579451
h1SMnG0019954	0.477534946816885	0.775752398302203
h1SMnG0019958	-0.522838167800764	0.636727595961863
h1SMnG0019959	0.10669864524384	0.909401486328143
h1SMnG0019980	0.610534084368168	0.693637284110605
h1SMnG0019992	0.305524276734797	0.806654695511108
h1SMnG0020001	0.655101650601729	0.153459964880838
h1SMnG0020024	1.0163355525364	0.331359411778598
h1SMnG0020025	-0.47095267702856	0.789833691891229
h1SMnG0020026	0.139596923086648	0.907269336604387
h1SMnG0020035	-0.567989150449219	0.714631634720336
h1SMnG0020036	-0.974978266939638	0.399455072807966
h1SMnG0020047	0.771169325719929	0.280127938275489
h1SMnG0020057	-0.212413713931721	0.893673869151968
h1SMnG0020076	0.148103972682433	0.935563786866974
h1SMnG0020078	0.119867756085831	0.944391819904925
h1SMnG0020085	-0.282163564251266	0.615431308956892
h1SMnG0020100	-0.122933017831831	0.888643217693948
h1SMnG0020113	-0.573972936867822	0.602967139898359
h1SMnG0020121	-0.195281118420467	0.865627298254992
h1SMnG0020122	-0.730248245246183	0.479066394477833
h1SMnG0020172	-0.384505809302916	0.762646850157767
h1SMnG0020185	-0.723361532455996	0.314099067419638
h1SMnG0020207	0.192785392943775	0.886447377569855
h1SMnG0020216	-0.274321033652155	0.858290530420069
h1SMnG0020220	-0.399795357540023	0.776554828532927
h1SMnG0020222	-0.732194419393154	0.564318510121053
h1SMnG0020240	-0.74356748660405	0.672477865959782
h1SMnG0020252	-0.850826287495395	0.32118166893877
h1SMnG0020269	-0.0203354387598677	0.989898736884576
h1SMnG0020285	0.786497496859177	0.461546269859816
h1SMnG0020296	-0.362720206707165	0.763344701430785
h1SMnG0020315	0.853324389172084	0.157707620141611
h1SMnG0020320	-1.4369094969796	0.329345604386553
h1SMnG0020326	1.7540045209136	0.0631887585882405
h1SMnG0020328	1.95727217010314	0.0532823376321075
h1SMnG0020347	0.083959988788298	0.955805632733027
h1SMnG0020356	-0.884281439539493	0.552370141954804
h1SMnG0020368	-1.00811871008853	0.496124458715034
h1SMnG0020389	-1.02970537190174	0.284865297556366
h1SMnG0020391	-0.0675363226831908	0.961595745418925
h1SMnG0020394	-0.615009970947848	0.714631634720336
h1SMnG0020419	-0.349848150320608	0.813118154378872
h1SMnG0020441	7.65636235057118	0.00000000000000000000000208263482644582
h1SMnG0020442	8.16821665434978	0.000000000000000000826606822457546
h1SMnG0020455	-2.18005215563986	0.14699958442343
h1SMnG0020465	2.0938861843128	0.102533718428859
h1SMnG0020469	0.219703706806638	0.756395538716586
h1SMnG0020470	1.07634934543942	0.185961251508121
h1SMnG0020471	2.0804042625005	0.0993405959879198
h1SMnG0020486	0.0557126135454897	0.965742423395644
h1SMnG0020511	0.942689995751975	0.476119148518116
h1SMnG0020565	-0.306957407955001	0.733027669164434
h1SMnG0020573	2.23859086144391	0.0000994473505120676
h1SMnG0020596	-1.13951498815126	0.117032567583143
h1SMnG0020601	-1.81921167766024	0.200053154585224
h1SMnG0020618	-0.193101725992331	0.881661445021808
h1SMnG0020619	-0.53155093245206	0.709688723857084
h1SMnG0020633	-0.136563799750272	0.918665474160286
h1SMnG0020656	1.09430549598368	0.370789064315837
h1SMnG0020658	-1.13996845348184	0.263046789396303
h1SMnG0020701	-2.07912117431107	0.0322597302877367
h1SMnG0020702	-2.06745176568484	0.0897150355245487
h1SMnG0020717	-0.434311262354643	0.678291581862394
h1SMnG0020718	0.044309199091344	0.940490323157142
h1SMnG0020740	0.928093801239964	0.447262702972299
h1SMnG0020751	-0.444937764764715	0.720361434720219
h1SMnG0020771	-0.85921352925264	0.431948940185312
h1SMnG0020772	2.04841721330832	0.021949158751186
h1SMnG0020784	0.498808979438085	0.764843209811834
h1SMnG0020799	1.4243380464604	0.242823826996614
h1SMnG0020800	0.466708093493877	0.751785368744676
h1SMnG0020801	1.19685416556663	0.148900887061548
h1SMnG0020810	0.0336336346026118	0.986305482590081
h1SMnG0020853	0.976233083869322	0.414076365899403
h1SMnG0020885	0.507318817825429	0.675216864400321
h1SMnG0020890	-0.387337295420204	0.824608465967338
h1SMnG0020895	-0.188358912673961	0.915462616724082
h1SMnG0020921	0.866490970086147	0.246033279188511
h1SMnG0020929	-1.22381939533646	0.30900956269822
h1SMnG0020936	1.4013976407291	0.0653660972644451
h1SMnG0020944	-0.0725464583213516	0.972661537973836
h1SMnG0021013	-0.582212888530124	0.202211194435183
h1SMnG0021017	-0.461160480295767	0.765893808069558
h1SMnG0021021	2.36807678260691	0.0288683686680091
h1SMnG0021022	-1.76678474985225	0.0496917756022169
h1SMnG0021035	-0.0565810725011637	0.969271695914848
h1SMnG0021036	1.23137797342638	0.3459533512459
h1SMnG0021037	-0.964891807065057	0.56688398108208
h1SMnG0021043	-1.31668027898008	0.376182972443103
h1SMnG0021083	0.413386206475784	0.485260090007684
h1SMnG0021093	-0.339072657305722	0.789885263710853
h1SMnG0021116	1.48201981170071	0.0974481356376128
h1SMnG0021117	1.7331569976674	0.210717535551286
h1SMnG0021160	0.510040501488782	0.134692919490483
h1SMnG0021163	-0.435497180689925	0.677813646396949
h1SMnG0021177	-0.227854477516074	0.902139361881234
h1SMnG0021190	-1.1851842564361	0.0693423329959407
h1SMnG0021248	-0.924687847713748	0.349457899829731
h1SMnG0021250	1.38613570207566	0.0379641864931359
h1SMnG0021254	1.59544017814803	0.204270629524954
h1SMnG0021279	0.661581993964443	0.281637634493599
h1SMnG0021285	-1.3485893903607	0.000144474016082784
h1SMnG0021286	-0.39808452649298	0.708899842798081
h1SMnG0021289	-1.50610463739413	0.0568830450882515
h1SMnG0021290	-0.160668049674336	0.681248311857067
h1SMnG0021293	0.264588040519096	0.806678312881211
h1SMnG0021296	0.206275919688235	0.908785376774422
h1SMnG0021297	0.170040666276618	0.924625907316477
h1SMnG0021298	-0.143313686444272	0.814736977285444
h1SMnG0021299	-0.781448073987543	0.420257856546698
h1SMnG0021301	-0.00246919354918754	0.998107791692348
h1SMnG0021304	-0.973622369400722	0.429513130445861
h1SMnG0021315	-0.326342515330776	0.543251403466435
h1SMnG0021317	0.258866633595591	0.682961880817725
h1SMnG0021328	-0.672113288180047	0.560818801227925
h1SMnG0021330	1.50040858689107	0.122011721701018
h1SMnG0021332	-0.816326280416885	0.420257856546698
h1SMnG0021341	-0.166302049795659	0.93121864102777
h1SMnG0021351	-0.488397271826982	0.762873440980117
h1SMnG0021359	-0.420156739083207	0.809357255078916
h1SMnG0021360	0.0149164741906446	0.993882906269423
h1SMnG0021364	0.2538035880861	0.890465514682376
h1SMnG0021396	-0.197876587443644	0.730109903400157
h1SMnG0021423	1.98072068656975	0.150380175226191
h1SMnG0021478	-1.79108674214544	0.213238303849945
h1SMnG0021483	-0.104420759462401	0.946646604611025
h1SMnG0021526	0.317898016942107	0.788271748743242
h1SMnG0021546	-0.610335294555087	0.695070049933776
h1SMnG0021576	-0.614912657240135	0.649165719996665
h1SMnG0021631	-1.01212067495838	0.152212773835088
h1SMnG0021632	-0.682678791893538	0.498547663870971
h1SMnG0021633	-0.354801984399662	0.718907540606332
h1SMnG0021634	0.770770746395238	0.590449620486268
h1SMnG0021653	-0.565669272677265	0.728974555538623
h1SMnG0021664	-0.405641030044595	0.267027919596754
h1SMnG0021705	-1.26526538429895	0.235554440881417
h1SMnG0021711	-2.15178038735029	0.140230861279291
h1SMnG0021712	-0.718403092614046	0.551125838745239
h1SMnG0021733	-0.97929320916372	0.365071816894509
h1SMnG0021763	-1.41238386185731	0.0693212855989169
h1SMnG0021789	-0.860090555265479	0.488158925730869
h1SMnG0021791	-0.635430252531407	0.17698240462998
h1SMnG0021794	-0.511677649122389	0.737599734108183
h1SMnG0021827	1.11160153354901	0.0311436829390872
h1SMnG0021839	0.632190087791173	0.577437928668934
h1SMnG0021853	-0.416830491146712	0.81501217957142
h1SMnG0021860	0.975973124490241	0.528424523328475
h1SMnG0021910	-1.17529733900397	0.468874519569797
h1SMnG0021954	-1.80915437983195	0.254754483558425
h1SMnG0021957	-0.0954129968575115	0.938810356253989
h1SMnG0021984	-0.30422429022601	0.726902809524347
h1SMnG0022001	0.303042658916322	0.806678312881211
h1SMnG0022020	-0.452418388996226	0.790292855711692
h1SMnG0022034	0.107856954704456	0.949801611132081
h1SMnG0022052	-0.0610491885133683	0.970978190174906
h1SMnG0022055	-2.21592538116411	0.0456077908933502
h1SMnG0022069	-2.21941015137175	0.00936045093103265
h1SMnG0022071	-0.515845130087181	0.669747324616808
h1SMnG0022105	-0.759889380799183	0.0930542286291203
h1SMnG0022109	0.657026089032564	0.693029963291295
h1SMnG0022112	-0.854249825216476	0.349608698011335
h1SMnG0022118	0.422735870074328	0.696605886196806
h1SMnG0022121	-0.717840452374051	0.0251513721493448
h1SMnG0022130	-0.316655618539625	0.8622052532398
h1SMnG0022131	0.343287436679657	0.571763383216493
h1SMnG0022132	0.32149578534312	0.673726406001237
h1SMnG0022134	0.177932258422473	0.898585635953879
h1SMnG0022178	-1.34350259333733	0.33992044567641
h1SMnG0022181	0.981975052944148	0.258478730259277
h1SMnG0022204	-1.0213739178454	0.500869903740953
h1SMnG0022258	-1.26843554525512	0.0000697952900550596
h1SMnG0022265	0.267480894576079	0.838602564618918
h1SMnG0022269	0.226826553801099	0.865882832704309
h1SMnG0022314	-1.210094612267	0.207366075766387
h1SMnG0022319	-1.20314742326089	0.460615612087818
h1SMnG0022328	-1.0644402108118	0.455531440625495
h1SMnG0022339	-1.20727746607002	0.408523810353145
h1SMnG0022354	-0.66186854155953	0.67653780378441
h1SMnG0022388	-1.03657209289039	0.0696109924745021
h1SMnG0022389	-1.78297762687333	0.160603028122698
h1SMnG0022391	-1.07948746943471	0.398578525763781
h1SMnG0022395	0.522105269799694	0.701032869901241
h1SMnG0022399	-0.537511712660931	0.702911291994535
h1SMnG0022401	-0.514293400479089	0.660584500542223
h1SMnG0022406	-1.38940374245805	0.00257136972076927
h1SMnG0022420	0.293933971402041	0.741252809813252
h1SMnG0022477	-2.13175951636804	0.117926737509471
h1SMnG0022555	0.153403669210561	0.895358170575467
h1SMnG0022614	0.102180812997725	0.945853168421547
h1SMnG0022693	-1.67219075436622	0.0306421891117879
h1SMnG0022694	-0.409451682883355	0.616924926992188
h1SMnG0022727	-0.112695812293028	0.955528107180213
h1SMnG0022773	0.0424194606470022	0.984930148546711
h1SMnG0022788	-0.568566070044278	0.669546615427006
h1SMnG0022804	0.682673895510397	0.55773529084538
h1SMnG0022821	-0.992783354673784	0.441059186799772
h1SMnG0022835	-1.85315229773863	0.240426271922035
h1SMnG0022840	-0.269545666439573	0.866645627605207
h1SMnG0022850	-3.77661765125226	0.0000415720153280195
h1SMnG0022869	0.016778552510724	0.986207685167643
h1SMnG0022874	-0.37783515858927	0.83031172905958
h1SMnG0022907	-0.918006255095413	0.383887656648121
h1SMnG0022925	0.102407374608802	0.958797396623099
h1SMnG0022928	-1.75498657343149	0.226569343012303
h1SMnG0022937	-0.580999524910146	0.687848563805256
h1SMnG0022949	-0.916436872011195	0.469971837268053
h1SMnG0023000	1.71340700788265	0.0402865477984721
h1SMnG0023037	-1.48671084212028	0.0264149160839652
h1SMnG0023045	-0.0385235007278681	0.976242875221667
h1SMnG0023046	-2.35787624420309	0.0982442088520064
h1SMnG0023059	-0.0445014599130779	0.983232347553966
h1SMnG0023064	-1.89323564070518	0.128956567150787
h1SMnG0023100	0.326213012766135	0.81572873117833
h1SMnG0023129	-0.16545091244749	0.931623760328518
h1SMnG0023165	-0.566786600929304	0.552633846912391
h1SMnG0023176	1.03269254992458	0.184732924066041
h1SMnG0023178	0.341967545731676	0.822573065679304
h1SMnG0023184	-0.224896454238913	0.727654326208834
h1SMnG0023192	0.211017514379352	0.91407272519153
h1SMnG0023198	1.49442543307779	0.00000000567318242523078
h1SMnG0023199	1.30860589306918	0.242985471525603
h1SMnG0023231	-0.703106150535458	0.289431777737265
h1SMnG0023240	0.845920141839972	0.328497761344418
h1SMnG0023275	-0.31552914075732	0.78828876100594
h1SMnG0023305	0.0236013455695218	0.984619762053018
h1SMnG0023306	0.440354460988069	0.804510304174108
h1SMnG0023323	-1.71268140538996	0.00108688943592694
h1SMnG0023326	-0.472766024470277	0.745351210793379
h1SMnG0023342	-0.706363973618305	0.655966334224249
h1SMnG0023368	-0.425290056856248	0.650546360505275
h1SMnG0023371	-0.673977657483326	0.475059072161587
h1SMnG0023375	-0.305756418434781	0.827770494628955
h1SMnG0023397	-0.606532855397795	0.707816542730006
h1SMnG0023403	1.36577315943273	0.338247404750333
h1SMnG0023416	0.109109867679325	0.956097281245736
h1SMnG0023461	-2.34973036368846	0.0839296127860826
h1SMnG0023462	-0.815877122562783	0.55388886888983
h1SMnG0023463	-0.565753988422196	0.406062706868123
h1SMnG0023469	0.425719432623858	0.578177385452854
h1SMnG0023470	0.187129154213402	0.765699145442526
h1SMnG0023471	-0.604976547492781	0.58227214861527
h1SMnG0023472	-0.381677033594541	0.756177513467847
h1SMnG0023475	0.420067739772885	0.773291748401605
h1SMnG0023479	-1.13280944745199	0.399455072807966
h1SMnG0023497	0.758508884701492	0.585173926324322
h1SMnG0023506	-3.54058781304913	0.00636856741242538
h1SMnG0023551	-1.94383044285606	0.0113100194250128
h1SMnG0023558	-1.39679935186384	0.348913222594035
h1SMnG0023586	-0.108559949772662	0.947263095598453
h1SMnG0023644	-2.34763491306146	0.0958746401488393
h1SMnG0023653	1.43076260197326	0.292970025085034
h1SMnG0023654	2.0695384882784	0.0148449653086068
h1SMnG0023676	-1.71679090871807	0.215824066068752
h1SMnG0023697	-1.10261012530515	0.503809083127673
h1SMnG0023703	-0.727142254607018	0.603141243263815
h1SMnG0023705	-1.41562976055237	0.188474875957681
h1SMnG0023713	0.440117999487909	0.76272909698031
h1SMnG0023722	0.867779005535238	0.210693068849924
h1SMnG0023794	1.1178234031752	0.441452584250698
h1SMnG0023838	0.916000078323624	0.293180130485138
h1SMnG0023866	1.40637519627846	0.0831564737732237
h1SMnG0023875	-1.59896363343846	0.271197998325234
h1SMnG0023891	1.49442159904278	0.23575793551722
h1SMnG0023895	-2.08226822075631	0.126709129728362
h1SMnG0023908	0.0755536038605944	0.949410013696324
h1SMnG0023922	-0.379638427841928	0.483660823349924
h1SMnG0023939	-0.102067256394321	0.945289864393162
h1SMnG0023943	-1.76428293218484	0.00552489099335567
h1SMnG0023945	-1.48143260746919	0.339454731724413
h1SMnG0023972	-0.0179208628429446	0.974125113574649
h1SMnG0023973	2.27471951212575	0.0000000425043331191927
h1SMnG0023994	0.182319293120786	0.907368414539833
h1SMnG0023999	-0.632212507582406	0.247073812692243
h1SMnG0024038	-0.807452788295543	0.517709563308473
h1SMnG0024045	-0.628457498872157	0.351299235253059
h1SMnG0024047	-1.62244190981903	0.215278435167034
h1SMnG0024094	-1.97880009170188	0.199226013935956
h1SMnG0024117	-0.572696560032225	0.740473899602454
h1SMnG0024125	-1.51519095189591	0.0169189807356906
h1SMnG0024127	-0.668145197692343	0.674031165011597
h1SMnG0024133	1.69267928922669	0.195806820595638
h1SMnG0024141	-1.21236632126619	0.00107709874217018
h1SMnG0024142	-1.09791345476567	0.364735038688384
h1SMnG0024145	-0.982682036129224	0.0559224498279641
h1SMnG0024146	-0.397727985151328	0.693637284110605
h1SMnG0024147	-0.824490992189475	0.420980680597902
h1SMnG0024149	-0.693016257436858	0.114756263970606
h1SMnG0024157	-0.689669260789597	0.0316976971668012
h1SMnG0024177	0.11191862526957	0.811230655605217
h1SMnG0024178	-0.349985729410328	0.839421094382599
h1SMnG0024180	0.602014761339324	0.574297056541835
h1SMnG0024200	-0.422532407268054	0.432867406389358
h1SMnG0024206	0.508465822603341	0.351718415411694
h1SMnG0024207	0.357841017774883	0.413413386418877
h1SMnG0024209	0.300485012865563	0.784392186248538
h1SMnG0024227	-2.17457949895415	0.0903105288611738
h1SMnG0024229	-1.55615404062717	0.000000424210782919088
h1SMnG0024236	-1.64123834002136	0.269531711837063
h1SMnG0024237	-2.77428744265464	0.0607324413887663
h1SMnG0024238	-2.06393968613587	0.0162694796797338
h1SMnG0024239	-0.86379780432636	0.496124458715034
h1SMnG0024251	-1.51833154757592	0.299451424533438
h1SMnG0024259	-1.02978791518716	0.140241957109094
h1SMnG0024261	-0.734431690400876	0.371041780514832
h1SMnG0024274	-1.03104892883503	0.0495529293329352
h1SMnG0024276	-0.827742211244148	0.0633487569478071
h1SMnG0024290	0.640472728680679	0.697383987912781
h1SMnG0024291	-0.39054238440189	0.403630214924718
h1SMnG0024302	-0.614331216375001	0.551656352887931
h1SMnG0024303	-0.377098642663401	0.713180699924715
h1SMnG0024304	-0.65060570913416	0.434093999859161
h1SMnG0024305	-1.97021588567197	0.183312107094612
h1SMnG0024306	-0.632684943214298	0.193727790051997
h1SMnG0024308	-0.428482803656486	0.650939381540695
h1SMnG0024310	0.433718337069416	0.788271748743242
h1SMnG0024311	-1.38997194209488	0.242906774511265
h1SMnG0024318	-1.89347665810628	0.000185227404966333
h1SMnG0024319	-1.09937764312347	0.332154027550877
h1SMnG0024337	-2.88672744273354	0.0260367885821566
h1SMnG0024338	-1.13507795480352	0.26125249553389
h1SMnG0024339	-3.04126107310041	0.0102433026169409
h1SMnG0024341	-1.64218614840866	0.254686626204444
h1SMnG0024343	-2.54262859220367	0.0699713193220189
h1SMnG0024354	-0.339315426164062	0.790481871124144
h1SMnG0024355	-0.558537119992969	0.75248559320526
h1SMnG0024366	-1.36900182393068	0.295346109711744
h1SMnG0024375	-1.49124455792092	0.000221064204575167
h1SMnG0024376	-0.236415768241067	0.866645627605207
h1SMnG0024392	-0.53090174309845	0.625330667931257
h1SMnG0024393	-0.897489463532902	0.549832570814527
h1SMnG0024394	-1.30036512773201	0.0609652174909764
h1SMnG0024395	-0.684115851355324	0.0655743414994875
h1SMnG0024403	-0.554966232747141	0.525051367396171
h1SMnG0024406	-0.696119696959994	0.355049084797724
h1SMnG0024407	0.0924555475643909	0.947943860219285
h1SMnG0024408	-0.734448813626935	0.42603937290688
h1SMnG0024413	0.0202909662150863	0.992643201108271
h1SMnG0024415	-1.20978785180337	0.386871719652739
h1SMnG0024416	-0.405505264195851	0.795741066993117
h1SMnG0024434	-1.29663033472687	0.000178475992656589
h1SMnG0024435	-1.92104679519251	0.0805352867077846
h1SMnG0024436	-1.37519573269731	0.322756678543534
h1SMnG0024438	-0.826149343693206	0.377688506982329
h1SMnG0024439	-1.08990525506524	0.278177986828131
h1SMnG0024445	-1.07202854968574	0.0177531705944994
h1SMnG0024466	0.435162684291248	0.735631420263234
h1SMnG0024471	0.503294034584327	0.659983224324908
h1SMnG0024485	-0.0372458481973715	0.984589566723536
h1SMnG0024532	0.338453697290397	0.332677542655909
h1SMnG0024535	-0.609415861576822	0.0965959399223161
h1SMnG0024536	-1.15593596021599	0.315467300047049
h1SMnG0024538	-0.0304558829459845	0.984160836183869
h1SMnG0024547	-0.956940690814449	0.010378545074196
h1SMnG0024548	-1.33882860232622	0.0969415123697102
h1SMnG0024566	-0.831600281971862	0.0241700174392177
h1SMnG0024570	-0.586238129885235	0.620181545265603
h1SMnG0024590	-0.835012344950659	0.583484534619296
h1SMnG0024608	-0.633327023704628	0.239366589992192
h1SMnG0024609	-0.83203532173641	0.400825929995922
h1SMnG0024636	-0.340196876295449	0.816824482963816
h1SMnG0024639	-1.16877905220588	0.0631749068370446
h1SMnG0024643	2.76806473238043	0.000370793340539778
h1SMnG0024648	-0.667268852916638	0.687982221540068
h1SMnG0024649	-1.05788081027067	0.528510004683415
h1SMnG0024650	-0.286872836352284	0.826455295686082
h1SMnG0024651	-1.47488716532915	0.0241895629135538
h1SMnG0024653	-0.398787967713987	0.792014395368692
h1SMnG0024660	0.655153443891976	0.590449620486268
h1SMnG0024661	-1.05707166533839	0.521713049937514
h1SMnG0024662	-0.167725576981257	0.915462616724082
h1SMnG0024673	-0.416330484616737	0.724675861967863
h1SMnG0024674	-0.389720105925685	0.597660969321879
h1SMnG0024679	-0.314301439532423	0.855303534489037
h1SMnG0024681	-0.220996003140407	0.841786186702766
h1SMnG0024688	0.36860036022074	0.826455295686082
h1SMnG0024691	-0.694485466624013	0.668297168395803
h1SMnG0024692	-0.707030800536469	0.347854533020542
h1SMnG0024703	0.015744801439085	0.993990175592351
h1SMnG0024709	-1.0547812262395	0.00356157997986575
h1SMnG0024711	-0.229858551605354	0.79863995454481
h1SMnG0024712	-1.3667592222705	0.248706398921669
h1SMnG0024720	5.38265673204776	0.000000000000000000000000000000000000000000000000000000000000000000321511728565938
h1SMnG0024754	0.238347998250393	0.893673869151968
h1SMnG0024785	-0.685760480131152	0.111549043126717
h1SMnG0024786	0.214971012426814	0.89527840459794
h1SMnG0024799	-1.52543179244863	0.000140975329641515
h1SMnG0024802	-1.42058631046338	0.199697916799021
h1SMnG0024804	-1.51884318486473	0.0434840820074209
h1SMnG0024805	-1.05501836827176	0.0214378188308108
h1SMnG0024812	-0.0882389120795791	0.957534043503773
h1SMnG0024829	-1.04794533247698	0.0222339479392835
h1SMnG0024831	-0.952655539719302	0.127170816497482
h1SMnG0024832	-0.355428398782594	0.697679661865635
h1SMnG0024833	-1.51297203459732	0.143559131276551
h1SMnG0024834	-0.728340757886896	0.559830730931921
h1SMnG0024835	-2.22400811376124	0.0966464533667424
h1SMnG0024840	1.70940476121046	0.156742297914835
h1SMnG0024847	0.460870556114323	0.308104319982577
h1SMnG0024876	-0.527615340114439	0.733253712518731
h1SMnG0024878	-2.14004509343424	0.109793116547233
h1SMnG0024879	-1.08794574682827	0.351438469489503
h1SMnG0024880	-0.236335965863253	0.890331701268322
h1SMnG0024892	2.75538985361341	0.0339683192988646
h1SMnG0024898	-1.29898193395189	0.000306270673096589
h1SMnG0024900	-1.23362716892628	0.274485644580099
h1SMnG0024901	-2.08515130056293	0.0468661742122037
h1SMnG0024902	-2.1296382516592	0.0474352698273686
h1SMnG0024940	-1.50324998352082	0.0707800545475058
h1SMnG0024942	-1.26677870251434	0.30900956269822
h1SMnG0024946	0.523613524279424	0.543688952037432
h1SMnG0025002	-0.301508532850719	0.852099876629476
h1SMnG0025003	-0.76062369334859	0.455678765945053
h1SMnG0025006	0.517969596322444	0.700786460200773
h1SMnG0025051	0.306409827211909	0.353671390832182
h1SMnG0025052	-0.552402250678254	0.630398279583878
h1SMnG0025053	0.227699450143697	0.8374333863508
h1SMnG0025054	-0.321097546330473	0.825444376414251
h1SMnG0025063	-0.0791786866325376	0.963490712777949
h1SMnG0025065	-0.845077668342921	0.0363794270044931
h1SMnG0025070	-1.27500752805296	0.405291829200716
h1SMnG0025079	-0.948775004065374	0.097281447407796
h1SMnG0025098	-3.23101167500986	0.0113123829510612
h1SMnG0025107	-0.840593023184471	0.540841491226974
h1SMnG0025108	-0.855695358647308	0.44165921541416
h1SMnG0025110	-2.63863045950725	0.0231706810200058
h1SMnG0025111	-0.186578229267004	0.879125673489592
h1SMnG0025112	-1.28662386844748	0.145891699903264
h1SMnG0025113	-1.524371672091	0.0359781181655629
h1SMnG0025116	-3.62593327352916	0.00498314057192954
h1SMnG0025126	-0.00284920192686105	0.99836141239314
h1SMnG0025153	-1.38787876748232	0.128424168536405
h1SMnG0025161	-0.354148714971429	0.714631634720336
h1SMnG0025163	-0.962029091877371	0.0228097638964785
h1SMnG0025168	-0.804178195807311	0.0521299881397628
h1SMnG0025169	-0.178798779333024	0.906886560991701
h1SMnG0025174	2.33564365763383	0.0612891442104045
h1SMnG0025175	-1.19310633855961	0.0047318182850883
h1SMnG0025178	-2.31894490487921	0.104260927378125
h1SMnG0025187	-0.733800321778529	0.140118389507103
h1SMnG0025216	-1.72103351730895	0.180463710128493
h1SMnG0025235	-2.06439412096823	0.174896089020741
h1SMnG0025254	-0.236762896255855	0.857020210017931
h1SMnG0025261	-1.87201758235825	0.136412992650494
h1SMnG0025286	0.389789163259928	0.612285102592816
h1SMnG0025292	-0.349717670594746	0.805932312302739
h1SMnG0025328	-1.33989957804969	0.265079817118703
h1SMnG0025348	-0.302971068061705	0.862032144446193
h1SMnG0025351	-0.733420196368627	0.146699246172649
h1SMnG0025366	1.66069395947778	0.141356080471288
h1SMnG0025389	2.3437136494446	0.0000116966043016309
h1SMnG0025406	-0.0383140726587935	0.985771924848681
h1SMnG0025409	-1.59428534671978	0.0942820269083157
h1SMnG0025410	-0.865356091453693	0.535087094028368
h1SMnG0025470	1.65997098590695	0.0917214109210266
h1SMnG0025488	-0.582598240391034	0.484934066516059
h1SMnG0025489	-0.226391109519427	0.788833966892795
h1SMnG0025490	-0.381973167409869	0.685165193098255
h1SMnG0025492	-1.01865286651694	0.53969695596282
h1SMnG0025493	-0.914426191828946	0.49835392628982
h1SMnG0025513	3.42162873865021	0.000259272586051835
h1SMnG0025574	-2.33785295521273	0.00250183137078471
h1SMnG0025577	-2.90760218004359	0.0173838484858052
h1SMnG0025580	-2.92235802318925	0.043492040332996
h1SMnG0025581	-2.55962584839207	0.0679285518703742
h1SMnG0025586	0.395160424304384	0.80495450312616
h1SMnG0025606	1.11605557773575	0.342107713384508
h1SMnG0025610	-0.421420598483001	0.707291576942951
h1SMnG0025616	4.0427681164396	0.000000000542277371459575
h1SMnG0025657	-0.551931205699628	0.589656131325929
h1SMnG0025746	-2.40909080015462	0.0335648529072934
h1SMnG0025762	-0.1273300464069	0.837615025692139
h1SMnG0025776	1.6093700573572	0.217535002727867
h1SMnG0025796	-0.355864530321543	0.83766226264031
h1SMnG0025816	-0.0119830338595718	0.991407817501696
h1SMnG0025819	-1.08310061330876	0.24588199894263
h1SMnG0025821	-1.93097361285272	0.215824066068752
h1SMnG0025866	-0.287351903263662	0.841065451983894
h1SMnG0025873	0.184428569195675	0.90771722107525
h1SMnG0025878	0.31722744779474	0.832309446297488
h1SMnG0025930	-1.17035818130898	0.351272132962595
h1SMnG0025941	-0.717348859312556	0.604394227175517
h1SMnG0025990	0.0669664194285679	0.961520654073531
h1SMnG0026005	0.777699984562037	0.0996371556063998
h1SMnG0026021	-0.755440874543305	0.0231967153588847
h1SMnG0026023	-0.0855163900795438	0.960414218521814
h1SMnG0026025	-1.01064554472144	0.291429314927851
h1SMnG0026026	-0.665484489680361	0.678285224995506
h1SMnG0026030	4.14768218544897	0.000000000000000174118124266656
h1SMnG0026041	-0.636086243621372	0.149078330183597
h1SMnG0026042	-0.651941730901002	0.41516900144614
h1SMnG0026043	-0.518474446191543	0.737871717115494
h1SMnG0026055	0.270711808327914	0.481961211533951
h1SMnG0026105	-1.07916008490482	0.213511986444357
h1SMnG0026117	0.572175912990334	0.593491376931751
h1SMnG0026118	-0.00364147336572348	0.994792258805952
h1SMnG0026123	-1.23451737799048	0.420257856546698
h1SMnG0026133	-1.10686637161234	0.432813758027923
h1SMnG0026136	-0.327928512813044	0.741063047134227
h1SMnG0026141	-0.53803105906599	0.743102084280969
h1SMnG0026157	-0.762637380595268	0.605671842247927
h1SMnG0026183	4.69112936487774	0.0000000000000000000000146056756549428
h1SMnG0026191	-0.265750979862558	0.875142393035599
h1SMnG0026197	1.41406141057036	0.225696748295288
h1SMnG0026199	0.963285270188594	0.162865755457715
h1SMnG0026200	1.91645860230752	0.134145014166766
h1SMnG0026202	-0.800860105366926	0.00991511134560231
h1SMnG0026205	0.257176149375168	0.820567242662017
h1SMnG0026206	-0.0784696327596351	0.951971118882951
h1SMnG0026208	-0.407789726359214	0.64342352089149
h1SMnG0026211	3.92580664798875	0.000000576139908196441
h1SMnG0026220	0.486237089550126	0.72529728190451
h1SMnG0026221	-1.57944909515645	0.166709044059487
h1SMnG0026234	8.42160397298393	0.000000000000000000000000000000000000000107519249801557
h1SMnG0026237	1.15181004536381	0.357568532571596
h1SMnG0026253	-0.523552835442271	0.561894744576592
h1SMnG0026259	3.4027756896423	0.0000000102714388494124
h1SMnG0026261	0.239840332996821	0.541084935044042
h1SMnG0026264	-3.34133354942103	0.00264177149554191
h1SMnG0026300	-0.268407732635084	0.843823956689381
h1SMnG0026307	-1.11691491913583	0.00364457385952947
h1SMnG0026310	-0.747973797165735	0.618771670938886
h1SMnG0026334	-1.07263636151865	0.122009882800187
h1SMnG0026336	-1.22725568387804	0.388447822185942
h1SMnG0026341	-0.0757064451279713	0.936688630157114
h1SMnG0026342	1.08502220418153	0.431669531012847
h1SMnG0026353	-0.935523439614509	0.487793304570183
h1SMnG0026366	0.527746047335607	0.638274872123088
h1SMnG0026405	-1.76240264306021	0.176455611937417
h1SMnG0026406	-0.533783601313204	0.544573111820066
h1SMnG0026434	1.11721852376138	0.418518844466528
h1SMnG0026436	-0.857153680413867	0.0230094575679724
h1SMnG0026438	0.00661303638716429	0.996612593812459
h1SMnG0026439	-0.375615285544219	0.757732527372744
h1SMnG0026490	-0.629782969900629	0.580622178042848
h1SMnG0026502	0.104279665158591	0.954978003277891
h1SMnG0026505	-0.593039778177156	0.0788922158911095
h1SMnG0026524	-0.391291319762728	0.780606182579451
h1SMnG0026536	-0.983105234246998	0.000400982074747466
h1SMnG0026545	0.546777167843757	0.689290927192743
h1SMnG0026551	-0.383641260072705	0.507862284886966
h1SMnG0026565	0.0396408598536967	0.970273094322559
h1SMnG0026573	0.205332968029543	0.901239644558362
h1SMnG0026593	-1.38554745166363	0.00519153106986213
h1SMnG0026594	-1.71305354272495	0.147706440593257
h1SMnG0026600	-0.147855523794636	0.763344701430785
h1SMnG0026604	0.796819653961614	0.293223055785006
h1SMnG0026610	-1.94298528435134	0.111397916948017
h1SMnG0026634	-0.120226722875324	0.92262614827987
h1SMnG0026642	-0.382511549652962	0.742685324437579
h1SMnG0026660	-1.12340497918706	0.346768163312324
h1SMnG0026664	-0.979683280442682	0.452702930071814
h1SMnG0026675	0.428753699520294	0.246994704323089
h1SMnG0026678	0.283374797960773	0.46082802103419
h1SMnG0026682	0.185927748896722	0.670411456328639
h1SMnG0026683	0.251226351639358	0.857527612925552
h1SMnG0026684	-0.0769412317142862	0.929287026616002
h1SMnG0026686	-2.97425916283881	0.0359124157627102
h1SMnG0026693	-2.96935709707498	0.0120710984891979
h1SMnG0026697	-1.61504035784196	0.0135985391731225
h1SMnG0026699	0.545397655865681	0.137943472263205
h1SMnG0026701	-0.668989557864253	0.261650905403533
h1SMnG0026705	0.376528243053737	0.351299235253059
h1SMnG0026713	0.921274073722507	0.49900589778074
h1SMnG0026722	-2.76297350839302	0.00506132418567732
h1SMnG0026729	-0.184821162808042	0.854009466113182
h1SMnG0026788	0.366986352564147	0.748249664960288
h1SMnG0026796	1.16256225113611	0.278549591686725
h1SMnG0026803	1.02406317171669	0.447203084330385
h1SMnG0026823	-2.12663405639366	0.0551588938349853
h1SMnG0026858	2.35818701818237	0.0104553738497198
h1SMnG0026860	-0.738971030623263	0.638428277086764
h1SMnG0026865	0.76944968042641	0.594102720963956
h1SMnG0026870	-0.284460214118489	0.873334453651519
h1SMnG0026888	1.05622954013165	0.357314495135827
h1SMnG0026893	0.15616322201059	0.791727375029111
h1SMnG0026909	0.009857542890236	0.995686299662189
h1SMnG0026932	-0.970151334796547	0.51420347190094
h1SMnG0026943	0.275421914933899	0.788789569052401
h1SMnG0026956	0.250277913770697	0.774059177677652
h1SMnG0026992	-1.05781073845802	0.448866826929515
h1SMnG0027017	-0.767032625643141	0.578972871187548
h1SMnG0027018	-0.336370529841873	0.809339511594736
h1SMnG0027029	-1.63620591154646	0.294032186398289
h1SMnG0027077	3.76856080152759	0.000398867721057759
h1SMnG0027081	0.924851865082707	0.0278665300322557
h1SMnG0027122	-0.285792508301858	0.804876097595359
h1SMnG0027133	4.19790124786352	0.000000384692022781393
h1SMnG0027170	-1.49926086015526	0.195853979908654
h1SMnG0027198	-0.503090205387123	0.746405816379955
h1SMnG0027204	-1.10626210448567	0.450975348022071
h1SMnG0027215	-0.626047607455704	0.615431308956892
h1SMnG0027269	-1.85337606564789	0.193508252234213
h1SMnG0027285	-0.456343420509336	0.553558281769986
h1SMnG0027295	-0.156795220413089	0.713868771541884
h1SMnG0027305	-0.325990805622662	0.839939897555161
h1SMnG0027307	0.398258030577126	0.814736977285444
h1SMnG0027325	0.689774068204463	0.558774585030329
h1SMnG0027332	-0.343967466493299	0.840985315333483
h1SMnG0027334	0.0549418894042582	0.964014317297739
h1SMnG0027345	0.602696914098869	0.476378609011841
h1SMnG0027348	-0.0510598443258463	0.981680426496353
h1SMnG0027360	-0.397038598677573	0.827235934301692
h1SMnG0027386	-1.76998223776167	0.125048347454144
h1SMnG0027394	-0.650135466472153	0.460922718797671
h1SMnG0027401	-1.361636847107	0.312332715932409
h1SMnG0027414	-1.34905096411369	0.0119929329976475
h1SMnG0027415	-0.966757707554677	0.524200529712469
h1SMnG0027424	-1.35860878525017	0.137049148362254
h1SMnG0027435	0.0916513296548069	0.95748645633846
h1SMnG0027436	-0.529785757284418	0.536719008011121
h1SMnG0027450	1.00242351581987	0.211333627269219
h1SMnG0027464	0.191359756982352	0.924385230848198
h1SMnG0027467	0.35334716894218	0.813084389660475
h1SMnG0027493	-0.448266306039045	0.620181545265603
h1SMnG0027509	-0.370927179914073	0.817551600967513
h1SMnG0027510	5.58469972634934	0.000000000000000000000000000000000000941784926830812
h1SMnG0027516	0.420389793373413	0.555469208362453
h1SMnG0027529	0.798596492887969	0.245415202406882
h1SMnG0027537	6.12239596696541	0.0000000000000000000000000000000000000000000000000000000000000000000000000018644422223884
h1SMnG0027561	5.69354464252355	0.0000000000153678891648367
h1SMnG0027590	-2.96657724450591	0.012247218942093
h1SMnG0027625	-0.105711541938012	0.955501151892676
h1SMnG0027629	0.255904285151383	0.824913767145673
h1SMnG0027630	0.551197133112302	0.459022942541236
h1SMnG0027634	-0.78154411961253	0.531461080709968
h1SMnG0027656	0.480021569312754	0.763241841690167
h1SMnG0027668	-0.355186508593784	0.53922878071161
h1SMnG0027670	0.645026381367028	0.694144888867122
h1SMnG0027697	2.28384180654524	0.0000102892721474005
h1SMnG0027698	2.73035181275078	0.0598668034601166
h1SMnG0027719	-2.55418482295665	0.091193274992288
h1SMnG0027738	-0.851704161141737	0.471102922853644
h1SMnG0027750	0.415006759533471	0.735250176105648
h1SMnG0027792	0.659754617151755	0.679715639001404
h1SMnG0027799	-0.342860099959881	0.830006881924369
h1SMnG0027807	-4.04220717293803	0.00020536777096377
h1SMnG0027849	0.564412147114528	0.701428155225784
h1SMnG0027850	1.63497525726981	0.0632448018250819
h1SMnG0027851	-1.12273288053157	0.471531145783534
h1SMnG0027855	-0.178146539248308	0.896119642242632
h1SMnG0027858	0.206509674182253	0.909486058372163
h1SMnG0027868	-0.666407228928588	0.509752553752588
h1SMnG0027878	-0.469848272388361	0.782763743058974
h1SMnG0027890	1.02052208183757	0.246556092177275
h1SMnG0027899	-1.44817342833747	0.283290947100803
h1SMnG0027910	-1.0433036933091	0.210727357627747
h1SMnG0027915	0.483764926356542	0.610419873123575
h1SMnG0027916	0.0741377019346029	0.933766552000005
h1SMnG0027917	0.271177997806341	0.778221332901312
h1SMnG0027919	-0.509255312756682	0.535956679507439
h1SMnG0027920	0.569889168859077	0.525766367354368
h1SMnG0027921	0.621153200779797	0.586206306693797
h1SMnG0027925	1.41693953381042	0.426668500548769
h1SMnG0027926	1.31259933148087	0.0512069013091847
h1SMnG0027949	0.0358110377604302	0.978264139151662
h1SMnG0027952	-0.546524387367006	0.643489022952326
h1SMnG0027968	-0.569660679266028	0.737566904237915
h1SMnG0027974	0.114135376769651	0.950260811600824
h1SMnG0027976	-1.85309373180288	0.155352625647382
h1SMnG0027989	-1.30653046129467	0.223076000572288
h1SMnG0027990	-0.362327363493946	0.496124458715034
h1SMnG0027991	-0.306172080561933	0.794509745352058
h1SMnG0028014	-0.266883921609969	0.887458364887018
h1SMnG0028016	-1.45715557441055	0.139269874139958
h1SMnG0028037	-0.545618260204471	0.742185842939598
h1SMnG0028038	0.943359004765307	0.357568532571596
h1SMnG0028077	-0.56125665922588	0.737766678841899
h1SMnG0028082	-0.585011058361986	0.379841636618722
h1SMnG0028098	0.180944582790671	0.857631105177572
h1SMnG0028117	-1.93271013963772	0.00000303928014554634
h1SMnG0028118	-1.65979814031931	0.259947170843267
h1SMnG0028126	-0.776070853568256	0.0160345171929575
h1SMnG0028127	-0.988466314626024	0.295284830357788
h1SMnG0028163	-1.01943306271599	0.499003937586067
h1SMnG0028181	-0.151631885487072	0.93971587939566
h1SMnG0028195	-0.096338792814516	0.944391819904925
h1SMnG0028196	-0.199588980255317	0.908354005286084
h1SMnG0028197	-0.717366842572082	0.384316766430782
h1SMnG0028198	-0.303091731339666	0.832691758913392
h1SMnG0028199	-0.83608768967886	0.541881523824084
h1SMnG0028203	-1.49819138690603	0.160329551858496
h1SMnG0028205	-0.224453936537602	0.79863995454481
h1SMnG0028218	-2.56436047888317	0.0651359336636496
h1SMnG0028231	0.680681736313445	0.665428186005201
h1SMnG0028235	-1.59817692461685	0.0462842937172527
h1SMnG0028236	-0.303069158385484	0.83974170620973
h1SMnG0028237	-0.38775103094747	0.826455295686082
h1SMnG0028241	-2.44416347274508	0.0344775958604432
h1SMnG0028242	-0.560020213161043	0.703112903446019
h1SMnG0028246	1.24989343782932	0.128204652264597
h1SMnG0028247	0.372947950641714	0.707575151749492
h1SMnG0028248	0.901348173432729	0.489557139957855
h1SMnG0028249	-0.204831055742088	0.909401486328143
h1SMnG0028250	0.225552901168872	0.841633949865953
h1SMnG0028251	0.029515113076069	0.988014466200884
h1SMnG0028252	-0.920783513512142	0.453601817657781
h1SMnG0028253	1.30079141337749	0.293878232358186
h1SMnG0028254	-0.187875818185617	0.812477990796273
h1SMnG0028256	0.16426396835994	0.881213420571508
h1SMnG0028279	-1.83389643958137	0.0646928979023017
h1SMnG0028281	-1.33592083473681	0.339454731724413
h1SMnG0028342	0.560092416168791	0.63774893958097
h1SMnG0028404	-1.71713025297861	0.00100458209322968
h1SMnG0028411	-0.468674530120623	0.370512236035469
h1SMnG0028414	-0.50439227964837	0.763344701430785
h1SMnG0028417	-0.617418222748331	0.595912916299464
h1SMnG0028418	-0.18009934892273	0.91407272519153
h1SMnG0028443	2.08430421446736	0.0903105288611738
h1SMnG0028451	1.43322599421249	0.111683331851544
h1SMnG0028470	-1.73476616074194	0.209802231545674
h1SMnG0028471	-0.411624724276943	0.746487340506064
h1SMnG0028480	-0.0200555403905584	0.990923510377125
h1SMnG0028499	-1.97251627046648	0.202134317056215
h1SMnG0028515	-0.931478433202589	0.00579958562328081
h1SMnG0028516	-2.49899193875176	0.0790973232500279
h1SMnG0028518	0.12048404902966	0.944236378049168
h1SMnG0028519	-1.27331196389335	0.0396458469913784
h1SMnG0028521	0.768436260207431	0.169356524651512
h1SMnG0028544	1.76479638019986	0.0431530904984687
h1SMnG0028545	0.453997492240417	0.696906948905195
h1SMnG0028552	0.545010436504653	0.737599734108183
h1SMnG0028564	-0.609503837964783	0.657094895572202
h1SMnG0028565	-0.670706169024039	0.575431622855523
h1SMnG0028574	-1.53663253566157	0.203319993278606
h1SMnG0028576	-1.04958651635091	0.448320422811144
h1SMnG0028577	0.538534969841606	0.260638013057885
h1SMnG0028578	-2.2601556946315	0.11525341752222
h1SMnG0028583	-1.34354980005909	0.327713376574685
h1SMnG0028592	-0.914645699183012	0.417423103524992
h1SMnG0028594	1.35118114886569	0.000313861502925865
h1SMnG0028604	-0.0846615541598996	0.957534043503773
h1SMnG0028605	-1.0388269982875	0.419922106466544
h1SMnG0028629	3.08177283997061	0.000700957206578633
h1SMnG0028631	0.534638536357724	0.733253712518731
h1SMnG0028643	0.982680129874949	0.514777102544023
h1SMnG0028677	-0.203427207123454	0.839372318464218
h1SMnG0028694	-0.401930819780901	0.452177777670289
h1SMnG0028724	0.12743937846751	0.938749783214224
h1SMnG0028796	-0.222971069944598	0.836967635673468
h1SMnG0028799	-0.557953516662181	0.746487340506064
h1SMnG0028819	-0.433145398151278	0.446026803144329
h1SMnG0028820	-0.58200615211906	0.653670879200274
h1SMnG0028824	-1.41799895985973	0.270677646440923
h1SMnG0028853	1.19831316152701	0.270796189715893
h1SMnG0028888	1.55857981409785	0.0628444819513897
h1SMnG0028890	1.50801107658433	0.04581274370619
h1SMnG0028891	0.0184939651673648	0.9881514342314
h1SMnG0028931	1.56559363401283	0.133374218124883
h1SMnG0028958	-1.11776179468111	0.473970701534096
h1SMnG0028969	-0.0108173458543875	0.993399945752967
h1SMnG0028970	-0.584853013849433	0.665428186005201
h1SMnG0028978	2.87716937440544	0.00904451655535707
h1SMnG0028982	1.58783888372014	0.184762507133559
h1SMnG0028983	-1.30788501440686	0.325231622565191
h1SMnG0029012	-1.14226973043377	0.49154653142985
h1SMnG0029014	-2.10665367337475	0.0848406373578466
h1SMnG0029021	0.228873207729433	0.859993702806928
h1SMnG0029041	-0.303099339019454	0.838832434692102
h1SMnG0029051	2.67234287617541	0.0260366524877704
h1SMnG0029061	0.0768114970522234	0.971618906249452
h1SMnG0029073	-0.807222240173941	0.0462842937172527
h1SMnG0029075	-1.85516010745053	0.10149461679965
h1SMnG0029098	4.11890953659271	0.0000000246689020655192
h1SMnG0029105	-0.287990080437906	0.837584937168268
h1SMnG0029141	-1.4101643278129	0.296624164644047
h1SMnG0029183	1.05553907621384	0.450235887429353
h1SMnG0029203	-1.60492866499546	0.289431777737265
h1SMnG0029204	0.471602559335641	0.539414604210472
h1SMnG0029207	-1.16443456691928	0.417855124587725
h1SMnG0029208	-0.528752991643962	0.743267933367999
h1SMnG0029221	-0.60595935250167	0.106040952152583
h1SMnG0029223	-0.444802595381082	0.733420489346376
h1SMnG0029224	-1.14270477683139	0.368359428875774
h1SMnG0029225	-0.242550320212596	0.854566862168814
h1SMnG0029227	-0.574533544516354	0.657094895572202
h1SMnG0029228	-0.793432058796669	0.531919644402995
h1SMnG0029233	1.09297683595715	0.444093475280754
h1SMnG0029243	-0.236961042894524	0.885155932426266
h1SMnG0029249	0.646872706723478	0.618927808588951
h1SMnG0029275	-0.958537969486488	0.45475591532528
h1SMnG0029291	-0.249959736387413	0.894752835098894
h1SMnG0029304	6.59977198691627	0.00000000401974678193254
h1SMnG0029309	1.16381314122096	0.438939241020475
h1SMnG0029376	-2.90556908912334	0.0288856508392946
h1SMnG0029390	-0.784325879920016	0.556030608097344
h1SMnG0029400	0.448265780973097	0.744951690786026
h1SMnG0029405	-0.129601441396549	0.921859961571931
h1SMnG0029419	0.722955435365468	0.655821661998615
h1SMnG0029420	0.749967438941798	0.617291289217927
h1SMnG0029445	-1.43166535102833	0.307787292813515
h1SMnG0029455	0.0975758612859672	0.92106674394056
h1SMnG0029458	0.789860383155418	0.531461080709968
h1SMnG0029459	-0.379913943278001	0.680029284423793
h1SMnG0029473	-0.187439352929815	0.884423180316416
h1SMnG0029504	-1.32805967308504	0.409083805433238
h1SMnG0029505	0.0570379659265765	0.955111886314898
h1SMnG0029506	-1.99331004444603	0.147913538921747
h1SMnG0029543	0.178987537001959	0.738058511238796
h1SMnG0029544	0.711619631915964	0.431669531012847
h1SMnG0029581	0.0521475064406894	0.97753706332423
h1SMnG0029585	0.518374964817222	0.192738827948459
h1SMnG0029614	-0.201356191272202	0.656351021980823
h1SMnG0029664	-1.75589977473548	0.209553424255683
h1SMnG0029685	0.059004516047407	0.976930033903378
h1SMnG0029688	-1.34791287461902	0.288780881747812
h1SMnG0029695	1.4246502495496	0.155426101180517
h1SMnG0029696	2.29493673424379	0.00601725538938105
h1SMnG0029711	-0.0447456819712216	0.9594959492045
h1SMnG0029739	-0.126580561144667	0.802836694702238
h1SMnG0029746	-2.17518531455128	0.139023958960864
h1SMnG0029752	1.8400613087716	0.00000266115363866653
h1SMnG0029755	2.11438158360456	0.0219140108019631
h1SMnG0029758	-1.02970740270881	0.0722786995919555
h1SMnG0029769	0.457959934360784	0.784367489924953
h1SMnG0029826	-2.25310200871259	0.0563008909691616
h1SMnG0029832	2.65159889893354	0.0131271417042274
h1SMnG0029834	0.786553857249205	0.512310527016052
h1SMnG0029841	-1.70955510895988	0.25582397696158
h1SMnG0029899	0.469649607723485	0.778982317891549
h1SMnG0029959	0.148273913652183	0.911765854939659
h1SMnG0029960	0.247455101120523	0.834047556447102
h1SMnG0029967	0.0495186720812063	0.973897332103035
h1SMnG0030001	0.309128593230738	0.822573065679304
h1SMnG0030014	-0.460018694952156	0.733754564494844
h1SMnG0030053	-1.18733200960883	0.462509202273559
h1SMnG0030055	-1.32827960212309	0.225480120391804
h1SMnG0030073	5.76245474072519	0.0000000000381290552755162
h1SMnG0030080	-0.0569865851105046	0.975037187311591
h1SMnG0030106	1.63888728024758	0.0828283990208896
h1SMnG0030124	-0.556217045959575	0.413336736783121
h1SMnG0030150	2.43785021260928	0.0717332943645668
h1SMnG0030164	-0.119176162233945	0.951971118882951
h1SMnG0030233	0.65167306209187	0.560408269645448
h1SMnG0030283	0.457043614024253	0.674128451976366
h1SMnG0030307	-0.112099151885001	0.949801611132081
h1SMnG0030309	0.283773891691297	0.831043211273989
h1SMnG0030312	-2.22008959060174	0.109700646762026
h1SMnG0030318	-0.347692161799404	0.814576281097452
h1SMnG0030354	-0.512742264848935	0.248891599607883
h1SMnG0030357	-0.53688648343871	0.620181545265603
h1SMnG0030358	-0.456046443174302	0.789857362711959
h1SMnG0030360	-0.0397855334151523	0.978027996275277
h1SMnG0030361	0.694285729177213	0.54445120212337
h1SMnG0030362	-0.256485458155546	0.876244754429243
h1SMnG0030401	-0.864394969807011	0.0745138688830327
h1SMnG0030404	-1.04230422335532	0.535087094028368
h1SMnG0030406	-1.61993072835057	0.208813259218167
h1SMnG0030407	-2.04597371643457	0.0597981272705829
h1SMnG0030412	-0.972177764044762	0.0186658721753468
h1SMnG0030413	-2.74976341591639	0.0435109550450763
h1SMnG0030414	-0.798958631279499	0.394945234727697
h1SMnG0030416	-1.86709056588268	0.207619260962795
h1SMnG0030418	0.940835294072592	0.515784153391889
h1SMnG0030432	-1.25076608300761	0.209008429696825
h1SMnG0030450	-0.637705555246302	0.0965032431006692
h1SMnG0030489	0.107705749662343	0.929173009557033
h1SMnG0030498	-1.05684816851459	0.213295806784192
h1SMnG0030524	1.14768339083451	0.00381220405075141
h1SMnG0030542	0.941966781378253	0.475486417679423
h1SMnG0030556	-0.892779525026884	0.420145731371349
h1SMnG0030559	-0.315304369915901	0.856000464042522
h1SMnG0030561	0.683534560348917	0.567386664285641
h1SMnG0030566	0.627548759210577	0.415840233654549
h1SMnG0030567	0.750290912595042	0.40063862940204
h1SMnG0030568	0.358136893179709	0.772359185558164
h1SMnG0030573	0.35555878452052	0.805192829347948
h1SMnG0030576	-1.79613406274357	0.255527803839169
h1SMnG0030577	-1.84059907691422	0.179626660637552
h1SMnG0030578	-1.01129348752191	0.0509643015804474
h1SMnG0030579	-0.181187436260691	0.908785376774422
h1SMnG0030592	-0.366176165219926	0.345916111136377
h1SMnG0030594	-1.19223488749977	0.471708319303268
h1SMnG0030595	0.00888827309246107	0.994552121870055
h1SMnG0030596	0.400159961250229	0.776573951982281
h1SMnG0030621	-1.04449221347676	0.174027816663982
h1SMnG0030631	0.337773909000511	0.803409352708928
h1SMnG0030645	-0.531782204953874	0.704884205569566
h1SMnG0030646	-1.99319144571706	0.194732790683594
h1SMnG0030647	-1.35160046507713	0.0878627615362962
h1SMnG0030648	-0.490692489331484	0.442688200309957
h1SMnG0030654	0.546869141624791	0.420482985079302
h1SMnG0030658	0.675041594087712	0.603582737169403
h1SMnG0030665	-0.653526207208673	0.0799406199539118
h1SMnG0030669	0.260157696342807	0.859056429902005
h1SMnG0030693	-0.93253560744043	0.494221930991514
h1SMnG0030698	0.77507341018966	0.11959126019025
h1SMnG0030699	0.979313625555614	0.329379043270922
h1SMnG0030700	-0.76983195170345	0.501553610851241
h1SMnG0030701	-0.185975454716382	0.900825518882607
h1SMnG0030708	-0.367003524520769	0.296356059302128
h1SMnG0030710	-0.0842764532416537	0.932500821881535
h1SMnG0030711	-0.987122326668779	0.255288283223577
h1SMnG0030712	-0.529937031847358	0.549140917190857
h1SMnG0030716	-1.60723847275472	0.258501425933197
h1SMnG0030740	-0.276786422528949	0.726140939605143
h1SMnG0030748	-0.234122330148704	0.590449620486268
h1SMnG0030750	-0.303052809804237	0.831270317030773
h1SMnG0030764	0.305455173072268	0.818557607734524
h1SMnG0030765	-0.362117628423825	0.798501149171709
h1SMnG0030766	-0.798130334975142	0.232602150540145
h1SMnG0030768	-0.8891276111003	0.123409180316836
h1SMnG0030778	-1.4229887741905	0.296868417505452
h1SMnG0030788	-1.35733015165237	0.223123214119099
h1SMnG0030789	-1.01838117043216	0.147795799682667
h1SMnG0030792	-1.34042208555983	0.118357975329569
h1SMnG0030793	-1.23504027546503	0.414268485937421
h1SMnG0030797	-2.28843725105568	0.00383007511943903
h1SMnG0030813	0.132010492358554	0.945984915443512
h1SMnG0030822	-1.95501604491549	0.0000000487364141018616
h1SMnG0030823	-1.65869904843153	0.0891941750661592
h1SMnG0030824	-1.94247525255086	0.208813259218167
h1SMnG0030836	-1.48676865560541	0.000000588793156617546
h1SMnG0030837	-2.50326895086758	0.0489083113716803
h1SMnG0030838	-2.88578956317168	0.00272888719386329
h1SMnG0030840	-0.82967902120227	0.583619023170187
h1SMnG0030846	-1.37002351890303	0.000121839009512721
h1SMnG0030847	-0.44924583389512	0.703112903446019
h1SMnG0030857	0.342743109500287	0.442194792126496
h1SMnG0030859	1.70522236589618	0.0670757749898598
h1SMnG0030862	1.40323169387149	0.0118851959768579
h1SMnG0030863	1.95359212304228	0.101019604599507
h1SMnG0030864	2.1649744507427	0.00251237607165521
h1SMnG0030879	0.664380833673201	0.579150231982552
h1SMnG0030883	-0.307460821268093	0.688905680892071
h1SMnG0030887	-0.869636604625516	0.191897379766663
h1SMnG0030888	-2.17894950356956	0.0679310001221622
h1SMnG0030889	-1.75037835267237	0.098750796479784
h1SMnG0030890	-1.42507827220109	0.180579886697826
h1SMnG0030894	-1.25336394107702	0.00253187873977721
h1SMnG0030895	-1.73876545818175	0.273914806472115
h1SMnG0030896	-1.47522528564053	0.266332319555404
h1SMnG0030902	-0.0450056706173395	0.936998304584687
h1SMnG0030903	0.0797382771635189	0.961858293018245
h1SMnG0030904	0.442745345943267	0.605976786201345
h1SMnG0030905	0.0162845685763682	0.993339677347107
h1SMnG0030906	-0.597469994915385	0.683003596311319
h1SMnG0030910	-2.50403021779057	0.0476192245955791
h1SMnG0030916	-2.55302351042055	0.0266492392564059
h1SMnG0030917	1.09880110767701	0.450572463597357
h1SMnG0030918	-0.165508776517802	0.894752835098894
h1SMnG0030921	-0.17482830211493	0.897337406278063
h1SMnG0030923	-0.668258286565281	0.571763383216493
h1SMnG0030930	0.399468372805809	0.639484902571169
h1SMnG0030936	-3.20539892546888	0.0118958315129097
h1SMnG0030941	0.372894005362449	0.832691758913392
h1SMnG0030942	-0.388205168240726	0.7983870889263
h1SMnG0030972	0.00749721546000738	0.996088948318143
h1SMnG0030973	0.672565466202849	0.663492428544266
h1SMnG0030977	3.65548195954287	0.00524675983905909
h1SMnG0030987	-1.38125570883906	0.360950050567615
h1SMnG0030989	-1.48752686244894	0.265699190059399
h1SMnG0030990	-0.433652451918297	0.779122877305238
h1SMnG0030992	0.0382790625635814	0.979826347265129
h1SMnG0031004	-1.41450753049835	0.351445680448023
h1SMnG0031012	-0.471834755288533	0.594079605572149
h1SMnG0031019	3.79068320425247	0.00000139544342289624
h1SMnG0031022	-0.701988602084429	0.0447276189657276
h1SMnG0031034	0.227938649095604	0.860143543642502
h1SMnG0031035	-1.07757215447819	0.318055488530885
h1SMnG0031037	-0.258642606837791	0.871077502728111
h1SMnG0031038	-0.67088242755322	0.411822597530219
h1SMnG0031040	-1.47622163552981	0.0368528086903983
h1SMnG0031041	-0.70598773761829	0.598401191052573
h1SMnG0031048	-0.67769185723814	0.0773744683331198
h1SMnG0031050	-1.5045694203826	0.245241299745437
h1SMnG0031052	-0.5980432823942	0.659612267206282
h1SMnG0031056	-1.28401003144947	0.000271356312523668
h1SMnG0031057	-1.49312065687096	0.0300234882083157
h1SMnG0031058	-0.653566072448056	0.620062429362347
h1SMnG0031062	2.7757270847927	0.0000917215413337417
h1SMnG0031073	-1.37876271969977	0.0167330760735114
h1SMnG0031076	-1.35578888069065	0.387383248847691
h1SMnG0031082	-1.57849586494429	0.00274232464183856
h1SMnG0031084	-0.135698279186067	0.946727398173711
h1SMnG0031092	-0.994170132930267	0.451205255207471
h1SMnG0031093	-0.900618635316901	0.209941495408903
h1SMnG0031106	-1.45181360018333	0.163123228121161
h1SMnG0031114	-0.353473684289954	0.565846924260199
h1SMnG0031116	-2.08845493626001	0.17238436332946
h1SMnG0031123	-1.89476822610036	0.0552644694588762
h1SMnG0031125	-1.84027082242601	0.200662645523588
h1SMnG0031132	-0.0973336259373153	0.961520654073531
h1SMnG0031136	0.332813038368402	0.820015817957767
h1SMnG0031151	-0.976087670985795	0.461794730794541
h1SMnG0031152	-0.646405380836816	0.0542052142179538
h1SMnG0031153	-0.47176671355302	0.550843523384163
h1SMnG0031156	-1.29288530653877	0.213590719224017
h1SMnG0031158	-0.360907358909296	0.832691758913392
h1SMnG0031165	-0.27165093463167	0.885120875774527
h1SMnG0031175	0.199526858042193	0.868457866263315
h1SMnG0031183	0.205577230241397	0.896119642242632
h1SMnG0031256	-0.307019292200994	0.82402503736743
h1SMnG0031275	-0.697487154052578	0.55102362495146
h1SMnG0031294	0.334111921580311	0.699070993388392
h1SMnG0031309	1.8632295864208	0.00000014789905749934
h1SMnG0031311	2.24309559022369	0.0807245043059979
h1SMnG0031312	2.86099490283296	0.0000389028375825538
h1SMnG0031313	2.26261691768031	0.0000621339985692502
h1SMnG0031314	0.884524749354878	0.336478518426412
h1SMnG0031315	0.451984293988016	0.666060481803225
h1SMnG0031324	-0.414687231666872	0.215824066068752
h1SMnG0031328	-0.720007185610757	0.227425514381858
h1SMnG0031329	-1.84601900798143	0.0490458871005764
h1SMnG0031349	-1.03199686521472	0.223449105415994
h1SMnG0031360	-0.993312304538165	0.445782144375396
h1SMnG0031402	-1.97974430381245	0.138463564238544
h1SMnG0031417	-1.26223723231105	0.423484074791211
h1SMnG0031424	-0.348645966966519	0.824913767145673
h1SMnG0031439	-1.67956172740855	0.227498130729742
h1SMnG0031452	-3.21378966622751	0.0122452433510865
h1SMnG0031453	-2.03993420721388	0.107402393220182
h1SMnG0031460	-0.326644937559906	0.704985586290304
h1SMnG0031465	0.941511393239972	0.185674145191806
h1SMnG0031486	1.76363922356149	0.135650177942476
h1SMnG0031498	0.671119034317944	0.587011726327569
h1SMnG0031506	0.728136084458263	0.619147760865
h1SMnG0031509	-0.817768919653302	0.572192295187498
h1SMnG0031536	0.780657866119798	0.513844952327559
h1SMnG0031551	0.703711801817937	0.337514820937849
h1SMnG0031573	-1.31926182929101	0.188258973504621
h1SMnG0031602	-0.660554529910779	0.570337084551032
h1SMnG0031605	0.906699396195587	0.494541387750428
h1SMnG0031616	1.14688484409726	0.324691137537761
h1SMnG0031651	-1.02234652908266	0.467898345113666
h1SMnG0031668	6.81463893934365	0.0904221960919095
h1SMnG0031670	8.79498798441562	0.0000000000000000000000000000000219673643043806
h1SMnG0031690	1.08520639370208	0.319116257622097
h1SMnG0031721	0.907334602365762	0.522604820023665
h1SMnG0031728	-0.084644607167681	0.965371300861125
h1SMnG0031731	0.949601756031111	0.340039567366251
h1SMnG0031732	1.04197871629353	0.193276835352409
h1SMnG0031733	0.292214928123833	0.864623750064087
h1SMnG0031739	-1.32096146897303	0.179873925935388
h1SMnG0031741	-0.568294886696	0.571763383216493
h1SMnG0031749	1.03342251466784	0.245326468155496
h1SMnG0031820	0.143539752926817	0.928886045463434
h1SMnG0031828	-0.0762639754386501	0.963309623599699
h1SMnG0031837	-0.434660933257308	0.662528322007913
h1SMnG0031845	0.382319160485737	0.57182651829411
h1SMnG0031856	-3.17557502379525	0.0205071622804021
h1SMnG0031875	0.75911882923276	0.58539958311985
h1SMnG0031882	1.8697045767882	0.00572333421608828
h1SMnG0031890	-0.907775539011364	0.00855679878747173
h1SMnG0031891	-1.21092324276917	0.284864875388941
h1SMnG0031897	0.440598824733685	0.793609343368346
h1SMnG0031904	-0.577825398004537	0.435563160743254
h1SMnG0031907	-0.422774504623632	0.679979021663661
h1SMnG0031914	1.77552749604781	0.124515963923645
h1SMnG0031919	-0.140806128848651	0.886767812275011
h1SMnG0031927	-1.73744189839	0.0849293707307583
h1SMnG0031964	-0.936630278304987	0.373259953030746
h1SMnG0031967	-2.07980554488184	0.109266060355402
h1SMnG0031984	4.89315260358804	0.00000140926303690292
h1SMnG0031990	0.588718657840687	0.462611379766463
h1SMnG0032065	0.633206460845722	0.223384150050711
h1SMnG0032066	0.275350546668147	0.827799919837082
h1SMnG0032071	0.726099536555217	0.0754344191516925
h1SMnG0032072	1.67336101570308	0.00346672042511528
h1SMnG0032076	1.7495637929381	0.0514176719447726
h1SMnG0032083	0.812078476294784	0.463601304434453
h1SMnG0032084	0.45264777838251	0.764399910028506
h1SMnG0032092	-0.915365502813536	0.379379079251395
h1SMnG0032096	-1.07417842769587	0.526644645561481
h1SMnG0032097	-2.0711238432303	0.00000106436796638795
h1SMnG0032098	-0.450217365253947	0.756636093068501
h1SMnG0032112	-0.702723752947259	0.460726487116022
h1SMnG0032121	-1.59132668986486	0.0799406199539118
h1SMnG0032130	-0.182424539785399	0.837068622500577
h1SMnG0032132	-1.48271252804046	0.336931066949852
h1SMnG0032141	0.780288201378693	0.0816702611673059
h1SMnG0032146	0.646288948995385	0.669051875583305
h1SMnG0032159	-0.746715100114016	0.438617436294338
h1SMnG0032161	0.919768679416628	0.402497930112823
h1SMnG0032168	-0.616920801167519	0.683317309472212
h1SMnG0032175	-0.855100930867941	0.486399475638307
h1SMnG0032218	-1.07676293491877	0.512632368407221
h1SMnG0032224	-0.412995318198778	0.745690203085961
h1SMnG0032258	-3.11716307524853	0.0248754209539743
h1SMnG0032264	-0.242825447560447	0.553690882153821
h1SMnG0032274	-1.76266043845359	0.216954955476306
h1SMnG0032297	-0.468201087065393	0.64631356558147
h1SMnG0032337	-0.0137826773819443	0.995320282026279
h1SMnG0032347	-1.44954414028148	0.113297396537555
h1SMnG0032348	-2.49347799032501	0.0807077490875402
h1SMnG0032356	-0.974306372352261	0.00712913831603476
h1SMnG0032357	-1.43369405084771	0.30819576571893
h1SMnG0032358	-1.12845774094044	0.279998628461804
h1SMnG0032359	-0.473682410148872	0.778221332901312
h1SMnG0032361	-2.39639676455957	0.0714789946762266
h1SMnG0032387	-0.572340775040438	0.705659884310082
h1SMnG0032388	-0.326449347943157	0.832375445765581
h1SMnG0032392	0.548932416193609	0.378270287111665
h1SMnG0032408	0.962337337895722	0.360235779940557
h1SMnG0032433	-0.357703383267537	0.506983545241679
h1SMnG0032439	-3.1951015819066	0.0098637459002094
h1SMnG0032456	0.238211815537567	0.728974555538623
h1SMnG0032465	-1.05982722285958	0.348469245269973
h1SMnG0032488	0.00949979749004389	0.992826268240402
h1SMnG0032522	-0.0091345034199635	0.993399945752967
h1SMnG0032536	6.78689865001863	0.0257944466823716
h1SMnG0032561	0.480922842155267	0.356680961428171
h1SMnG0032571	-0.157272619247566	0.804510304174108
h1SMnG0032572	-0.618315025851989	0.719947934415486
h1SMnG0032573	-1.10518085775346	0.424239861326668
h1SMnG0032581	2.39001535214236	0.00952946252851832
h1SMnG0032589	-1.81216544681433	0.00000000851092727605044
h1SMnG0032590	-1.04057531717183	0.429316775192565
h1SMnG0032591	-1.01871590011408	0.105515816352739
h1SMnG0032593	-0.614147501713787	0.58566183798161
h1SMnG0032594	-2.19230961169522	0.0219992313106649
h1SMnG0032595	-3.27781770631132	0.0161589689187192
h1SMnG0032599	0.501385368896195	0.525331883636363
h1SMnG0032602	2.4661912198749	0.0729220096390261
h1SMnG0032603	0.265619064124708	0.776959226932872
h1SMnG0032639	0.0227986615620902	0.988642324482684
h1SMnG0032658	-0.366150194003846	0.787708196697621
h1SMnG0032670	-2.19926199589613	0.142410270488885
h1SMnG0032682	0.00778767726049248	0.989522535129625
h1SMnG0032683	0.731009438131087	0.640940227821242
h1SMnG0032684	0.151843103301262	0.876918134228094
h1SMnG0032687	-1.31543253660765	0.00131236999503947
h1SMnG0032688	-0.973140555487358	0.000306977907114929
h1SMnG0032694	0.389028086940419	0.80910600869143
h1SMnG0032704	-0.765113223460025	0.477932998604658
h1SMnG0032710	0.923170116495065	0.507064020111204
h1SMnG0032715	2.53092469203795	0.000000000000000000000324143838871209
h1SMnG0032716	2.21639423621877	0.000000000931476598029557
h1SMnG0032724	-2.36294221337692	0.0805352867077846
h1SMnG0032726	-1.49568543895713	0.303688845193628
h1SMnG0032729	-2.99172559453183	0.0366591978078874
h1SMnG0032730	-1.21367536836867	0.222947074717224
h1SMnG0032731	-1.30748221464179	0.00169511048272285
h1SMnG0032732	-1.88206393809953	0.0717332943645668
h1SMnG0032734	-0.496433744695353	0.317128785031254
h1SMnG0032742	0.206991589473255	0.761239566628037
h1SMnG0032744	-0.0418425592762355	0.952019895601484
h1SMnG0032746	-0.916877235582987	0.543302928805279
h1SMnG0032757	0.186300094404772	0.748740859642554
h1SMnG0032762	-0.730411106868698	0.568642879907648
h1SMnG0032772	-0.964347747270482	0.00909106030285114
h1SMnG0032773	-0.663859417856554	0.32118166893877
h1SMnG0032776	1.57847521444376	0.00000166100856816421
h1SMnG0032785	-1.09003836041563	0.00162925229215087
h1SMnG0032786	-0.859974796597391	0.399568457478623
h1SMnG0032787	-2.53728682373998	0.0470392373542644
h1SMnG0032788	-0.309726292503509	0.656112259358417
h1SMnG0032791	-0.648180565992587	0.487175444660597
h1SMnG0032792	-1.19236123164301	0.106828209756882
h1SMnG0032793	-1.01621990507648	0.50527871941014
h1SMnG0032795	-0.107192003672282	0.957292816913656
h1SMnG0032818	3.40451850768171	0.000803829973734367
h1SMnG0032823	-0.206725106140443	0.621503499591709
h1SMnG0032836	2.3509369734925	0.00000000000000000271309392745856
h1SMnG0032841	1.42242789115113	0.273126129819727
h1SMnG0032843	0.00824827214230814	0.992826268240402
h1SMnG0032852	1.44438027930719	0.000000000000288178694578848
h1SMnG0032853	0.989211270919748	0.00136406015652849
h1SMnG0032883	1.00337705906775	0.444773423285249
h1SMnG0032884	-0.91830428101138	0.0244906924012534
h1SMnG0032886	-1.47641768834781	0.170449763158157
h1SMnG0032887	-1.00447711770406	0.0560662599225535
h1SMnG0032905	2.68662235249431	0.00001046479165249
h1SMnG0032914	0.151773650069492	0.726476106511189
h1SMnG0032930	-0.993730979286244	0.210693068849924
h1SMnG0032934	5.69916056533496	0.0000000000000000000000000267800659454793
h1SMnG0032935	-0.305156833087823	0.813143733435709
h1SMnG0032936	-0.404478779592031	0.812762432774253
h1SMnG0032937	-0.225057148846883	0.617084106533754
h1SMnG0032942	-0.282677267530064	0.765154011220115
h1SMnG0032943	0.873704463977177	0.52231424101736
h1SMnG0032968	-3.41682287989281	0.0101691531518401
h1SMnG0032975	-2.03376647792117	0.18469548910808
h1SMnG0032986	-0.630550740108706	0.697468894785805
h1SMnG0032987	-1.68862932169677	0.00026998713151645
h1SMnG0032988	-1.40806144687087	0.114604347347354
h1SMnG0032989	-1.89860641061237	0.221225442642784
h1SMnG0032991	-1.11070675299868	0.236188336854493
h1SMnG0033015	-0.732007456016753	0.0612948899223552
h1SMnG0033033	-0.0338769109355465	0.962793920809815
h1SMnG0033049	-0.410181059412504	0.475519062278713
h1SMnG0033051	-0.0373749903323238	0.986207685167643
h1SMnG0033052	-2.60094665911083	0.00000000000000118170869800679
h1SMnG0033053	-3.52014777290847	0.00709564025090236
h1SMnG0033073	-0.66809521662112	0.09309647628621
h1SMnG0033077	-1.39479162017395	0.00309781886976093
h1SMnG0033079	-2.00951536982181	0.177141822695575
h1SMnG0033087	-0.306944286603085	0.864558120635093
h1SMnG0033094	-0.255069642480548	0.883760175091502
h1SMnG0033095	-2.0443372660693	0.000036249937792676
h1SMnG0033105	-0.0577492576191305	0.911997727833924
h1SMnG0033106	-0.502211112609829	0.641688230587035
h1SMnG0033109	-1.02325849210552	0.00596170653065178
h1SMnG0033111	-0.0276922526624153	0.980951596942674
h1SMnG0033112	-1.76529578117076	0.158724086842914
h1SMnG0033120	0.608846881297905	0.539668673785161
h1SMnG0033131	-0.148762429628199	0.896927540573409
h1SMnG0033141	-0.47579303682814	0.803464903232684
h1SMnG0033142	-1.62195152195364	0.194481261341711
h1SMnG0033143	-1.12711433001546	0.305715241624566
h1SMnG0033144	-1.43357313146063	0.174882283856376
h1SMnG0033145	-1.16885641465745	0.417045468235142
h1SMnG0033157	1.09883401526894	0.091122031699796
h1SMnG0033158	0.501932708917119	0.599129071495034
h1SMnG0033172	-0.52585659196807	0.558763505593361
h1SMnG0033173	-1.51844955886263	0.111549043126717
h1SMnG0033187	-1.83807485096088	0.0982344840599958
h1SMnG0033188	-1.39954953836993	0.365450504742014
h1SMnG0033202	-0.460808122180168	0.42823311566298
h1SMnG0033205	0.728826304097847	0.604043696508011
h1SMnG0033209	-0.470079789987239	0.78467726955338
h1SMnG0033229	-0.4862335848815	0.361048643321419
h1SMnG0033236	2.27257827711537	0.00000123642944166779
h1SMnG0033254	-1.24573447098255	0.0743548685381879
h1SMnG0033294	-1.21855004376973	0.17001984077448
h1SMnG0033296	-0.868420110886441	0.344752051216181
h1SMnG0033297	-3.05085089916349	0.0198840831391395
h1SMnG0033303	-1.3184061311149	0.000561461828280351
h1SMnG0033304	-1.31183616790183	0.196626061082565
h1SMnG0033305	-0.925786780741932	0.179637646784477
h1SMnG0033306	-2.62985161246225	0.0365415534788248
h1SMnG0033314	6.4877546910151	0.000000000000000000000181265451192283
h1SMnG0033318	6.66357739550593	0.000000000000000000000000000000104484859769339
h1SMnG0033323	7.55716137054627	0.00000000000000104781411141329
h1SMnG0033324	8.8321167607715	0.0000000000000000000000919360121822471
h1SMnG0033326	2.15791373586128	0.00306625239226215
h1SMnG0033336	-0.12275279452317	0.88669979162963
h1SMnG0033339	-0.788081395722	0.378660698328973
h1SMnG0033352	5.56715971812456	0.000000000000000000000000000998285960165572
h1SMnG0033355	5.22464633560598	0.000000000000000000000000213412958184983
h1SMnG0033370	-0.12180985526874	0.828482563891428
h1SMnG0033371	-0.208945588810828	0.87869591369816
h1SMnG0033372	-1.54561812905581	0.296233938452857
h1SMnG0033373	-0.689721561744562	0.587511843050747
h1SMnG0033376	-1.29393856400745	0.428387693110025
h1SMnG0033377	-2.53636242189779	0.0223147234781394
h1SMnG0033395	-0.0149704886638964	0.99396966598421
h1SMnG0033401	-0.362821282705553	0.764500709452201
h1SMnG0033402	-1.40360059817113	0.285576782122462
h1SMnG0033415	-1.18696886066858	0.0159714650854202
h1SMnG0033416	-1.42165434944886	0.101114949186083
h1SMnG0033473	0.933019111203557	0.184244681389283
h1SMnG0033524	0.36678507064179	0.552633846912391
h1SMnG0033525	-0.047299223289087	0.947090546766633
h1SMnG0033526	-0.424874847623585	0.728032447040568
h1SMnG0033534	-0.889901931480356	0.306545758396488
h1SMnG0033541	0.238802866573117	0.894077885825181
h1SMnG0033565	-0.226741052314568	0.89527840459794
h1SMnG0033660	0.108138540827339	0.953920337358602
h1SMnG0033686	-0.00580424710729133	0.995686299662189
h1SMnG0033705	-0.999704249089627	0.436237169231259
h1SMnG0033722	-1.63812744684845	0.193055962586007
h1SMnG0033724	0.331378215664362	0.837615025692139
h1SMnG0033733	1.13062074189208	0.357919804018831
h1SMnG0033761	0.500850078144498	0.585192865242926
h1SMnG0033769	0.356115827793605	0.76474208182898
h1SMnG0033785	1.2785975252629	0.0732355039083239
h1SMnG0033786	1.99155299858401	0.0335648529072934
h1SMnG0033800	0.316909684763297	0.824250787352743
h1SMnG0033801	0.0312227897138254	0.982758559886378
h1SMnG0033827	3.93098768580637	0.00000362335687428808
h1SMnG0033836	0.0527014912614791	0.978500656836622
h1SMnG0033848	1.76557317541057	0.0609652174909764
h1SMnG0033857	1.43364720487303	0.253190959397401
h1SMnG0033860	-0.553967987228972	0.619435705940515
h1SMnG0033864	-1.65972676211153	0.265699190059399
h1SMnG0033866	0.0123600746050413	0.992028904743912
h1SMnG0033873	-1.04773559623191	0.364647391431627
h1SMnG0033879	1.22290101753378	0.303269243784204
h1SMnG0033880	0.367264057435102	0.520025966015107
h1SMnG0033905	-1.55949544214885	0.0112638292251865
h1SMnG0033922	1.11695036488208	0.0304980453095736
h1SMnG0033950	-1.20571960419661	0.0147099071435147
h1SMnG0033984	0.370584286880604	0.779920494681832
h1SMnG0034010	-0.459652996205997	0.617890281936107
h1SMnG0034036	0.230848206390918	0.795108709268331
h1SMnG0034075	-3.08075416964419	0.00929683845550258
h1SMnG0034077	-2.417669733082	0.114694781228078
h1SMnG0034094	-1.12521925794339	0.496188691647213
h1SMnG0034128	4.28523297867641	0.00000000521734194450104
h1SMnG0034134	0.12883479420133	0.909943047476631
h1SMnG0034137	-0.923146747244095	0.0390386602311411
h1SMnG0034140	-1.98913720819456	0.146869324741844
h1SMnG0034145	2.02098772492235	0.0794485681151215
h1SMnG0034158	1.69796123524714	0.0443884975622885
h1SMnG0034159	-2.03886806029977	0.184045722467042
h1SMnG0034183	-2.92349197454088	0.0190281031613186
h1SMnG0034198	-0.33060470349075	0.837615025692139
h1SMnG0034243	0.131358154148274	0.929420225581287
h1SMnG0034269	-1.19036619439257	0.0257404039014037
h1SMnG0034270	0.0514353329341312	0.972391043693941
h1SMnG0034276	-1.17137379059602	0.0271085204688933
h1SMnG0034278	-0.939916670153415	0.506753667250263
h1SMnG0034279	0.307880563939219	0.459022942541236
h1SMnG0034283	6.26310007887102	0.000000000000000000192977840473431
h1SMnG0034286	0.374759459844338	0.356999615353119
h1SMnG0034287	0.651950361766218	0.630135779416481
h1SMnG0034294	1.69339020542633	0.0100343854534473
h1SMnG0034297	1.30745514102683	0.245676275825706
h1SMnG0034304	4.27356301077766	0.000000000894512110435418
h1SMnG0034330	4.90999771706907	0.000000000000000029087922489386
h1SMnG0034331	5.64329869206655	0.0000000000485261622818545
h1SMnG0034369	1.19712649187289	0.137049148362254
h1SMnG0034381	1.04133873772996	0.209468874157327
h1SMnG0034383	1.00409219739203	0.445246381133146
h1SMnG0034391	-2.02037851935809	0.0370016503583756
h1SMnG0034405	-0.707433008777987	0.655744536757926
h1SMnG0034416	-1.23273453262951	0.232257790810392
h1SMnG0034420	-0.762036155546722	0.0875940767181078
h1SMnG0034438	0.117163045458457	0.943609703528689
h1SMnG0034457	-0.00871529256967204	0.996067651083725
h1SMnG0034486	-0.250703327409189	0.889860720815579
h1SMnG0034495	0.241836888468494	0.88914607955194
h1SMnG0034496	-0.364139501421668	0.714631634720336
h1SMnG0034519	-0.13767494747289	0.916414350854043
h1SMnG0034561	0.278837699944304	0.83974170620973
h1SMnG0034565	0.0734368321907222	0.963309623599699
h1SMnG0034569	0.114736381316316	0.952935578401567
h1SMnG0034570	-1.95538651693771	0.0154362326732607
h1SMnG0034616	1.66314833953821	0.255527803839169
h1SMnG0034647	0.0876035027982913	0.936760229298678
h1SMnG0034680	1.5380706980155	0.239715115505805
h1SMnG0034686	0.150514682888014	0.930978706004621
h1SMnG0034688	-0.541028370228447	0.193727790051997
h1SMnG0034689	-0.427804111333698	0.784705344545677
h1SMnG0034690	-1.37279897913039	0.108891286994067
h1SMnG0034693	1.41919651469581	0.216852834879849
h1SMnG0034694	-0.0783305612941164	0.854009466113182
h1SMnG0034695	-0.296465833526141	0.763190433102557
h1SMnG0034696	-0.744393335417342	0.206828759446223
h1SMnG0034703	-1.63187974948023	0.0887192662607211
h1SMnG0034704	-0.480660873020143	0.548046818440308
h1SMnG0034706	0.878607544400226	0.0881486660234625
h1SMnG0034716	-2.02997170523065	0.00000471367383117329
h1SMnG0034717	0.447341754152785	0.74319907684698
h1SMnG0034719	-0.963988985601674	0.346806889041019
h1SMnG0034725	-0.799113765308083	0.0498401123457858
h1SMnG0034727	-0.762231320895612	0.0378906678118199
h1SMnG0034731	-1.36994984438108	0.000242025906397636
h1SMnG0034732	-2.00874617453851	0.0446445523457926
h1SMnG0034737	-0.978745157257102	0.267645035437657
h1SMnG0034738	-2.06788478182634	0.172633027111209
h1SMnG0034746	-1.02209375726291	0.0716799699593997
h1SMnG0034761	-0.440543085341715	0.340966964095906
h1SMnG0034762	0.336925392408205	0.831270317030773
h1SMnG0034766	1.92529402943491	0.0768073685127899
h1SMnG0034767	0.596219564907888	0.380931083241393
h1SMnG0034768	-0.0251065588382427	0.990039015577895
h1SMnG0034781	0.293842061291322	0.85198358597096
h1SMnG0034793	0.842751622420255	0.580144136558093
h1SMnG0034819	-1.88867662945466	0.0595292017923191
h1SMnG0034820	-0.142044220835208	0.943170638601667
h1SMnG0034821	-0.286319357436537	0.818207357640087
h1SMnG0034822	-0.427879180032351	0.49154653142985
h1SMnG0034823	-1.4659509331672	0.355048154087221
h1SMnG0034825	-0.878396950773761	0.429889160225752
h1SMnG0034826	-1.56467523872564	0.199824390276298
h1SMnG0034833	-0.832570369226346	0.403630214924718
h1SMnG0034838	2.92829349524724	0.0039769654912921
h1SMnG0034844	-1.1596696311471	0.411467464575146
h1SMnG0034846	0.00175248756526071	0.998912476081917
h1SMnG0034848	-0.615962105844116	0.704084338494568
h1SMnG0034849	-0.526899103243684	0.628139809165204
h1SMnG0034851	-1.06103008104983	0.0612139191984271
h1SMnG0034855	-1.96576392689867	0.162865755457715
h1SMnG0034867	-1.89316804496296	0.000372761472685198
h1SMnG0034881	-0.627373727770706	0.408007493153521
h1SMnG0034895	0.479932128643985	0.701032869901241
h1SMnG0034919	0.666256363517432	0.636071013859724
h1SMnG0034920	-2.79605429540802	0.0586021404932992
h1SMnG0034943	-0.158310262174572	0.917482749221508
h1SMnG0034997	-0.00306916042136139	0.996826552099591
h1SMnG0035000	-0.787234006730112	0.405494936735048
h1SMnG0035004	-0.689841658941976	0.666602571945562
h1SMnG0035042	0.393358957575216	0.451205255207471
h1SMnG0035048	1.41684536560729	0.0147691406636952
h1SMnG0035070	0.0320621752227591	0.927186905929924
h1SMnG0035073	0.548758880754124	0.144211549478816
h1SMnG0035077	0.29646329587022	0.7123817556297
h1SMnG0035078	0.809529430549228	0.255565518846221
h1SMnG0035080	0.317044999379736	0.416822851943479
h1SMnG0035083	-1.97213996007209	0.205476179398211
h1SMnG0035089	0.80181689500991	0.562724482178977
h1SMnG0035110	0.0365147240224512	0.948363830300134
h1SMnG0035127	0.415089236569393	0.253040281560982
h1SMnG0035128	0.942021555866326	0.232713610375155
h1SMnG0035130	0.11861543358067	0.872703159405747
h1SMnG0035131	0.421350729338654	0.217187865810996
h1SMnG0035136	1.27618626632001	0.383371143369802
h1SMnG0035137	-0.0411109212451686	0.948690550220173
h1SMnG0035138	0.422336240204852	0.205476179398211
h1SMnG0035139	0.434760098793386	0.532314332455639
h1SMnG0035140	0.265406142021365	0.580622178042848
h1SMnG0035142	0.623685920426767	0.108811075087463
h1SMnG0035145	0.443810408888315	0.18000956374677
h1SMnG0035150	0.40644723511046	0.331678878723845
h1SMnG0035151	0.411726077474979	0.262392366187909
h1SMnG0035175	0.432994853864211	0.206670381396134
h1SMnG0035189	0.900855001389202	0.419888427936181
h1SMnG0035194	-0.578788792746638	0.355049084797724
h1SMnG0035195	0.0216912920756433	0.986305482590081
h1SMnG0035196	-1.89728407782399	0.0814072847579255
h1SMnG0035223	1.31434873475975	0.0977319582067285
h1SMnG0035224	0.323577658615852	0.770167985409122
h1SMnG0035228	-0.865899065125767	0.233153793843513
h1SMnG0035233	-1.82015203521237	0.245827743640245
h1SMnG0035235	0.677385392370729	0.1252011262338
h1SMnG0035236	-0.0162438828525641	0.979826347265129
h1SMnG0035237	0.827100841933913	0.0987309786644021
h1SMnG0035238	0.761308650447491	0.234632436485788
h1SMnG0035242	-1.79417754308307	0.202081059107322
h1SMnG0035288	1.27612841229008	0.315673673822974
h1SMnG0035291	0.242772827014456	0.885172630479905
h1SMnG0035328	0.424234972087541	0.475586379744221
h1SMnG0035336	0.181941928570772	0.831393678436135
h1SMnG0035338	-0.154201090874686	0.928886045463434
h1SMnG0035347	0.208781828395105	0.885155932426266
h1SMnG0035352	0.327978425962088	0.372889793224306
h1SMnG0035353	0.445344100434352	0.19638530052395
h1SMnG0035354	0.598662204404182	0.302577866615378
h1SMnG0035355	-0.586917827891131	0.594902898239645
h1SMnG0035356	1.90027589207955	0.570736285809661
h1SMnG0035357	0.162049510605468	0.861328218010449
h1SMnG0035366	0.910630980578519	0.504838272179489
h1SMnG0035369	0.841406385891381	0.232868465548508
h1SMnG0035373	-0.216454301141899	0.844175833579966
h1SMnG0035390	0.426822770254966	0.260843370457351
h1SMnG0035391	-0.0419596675743169	0.963540730430221
h1SMnG0035423	-0.026259797192869	0.990105825524064
h1SMnG0035424	-1.00278031122609	0.558405018041407
h1SMnG0035432	0.230141846788765	0.714631634720336
h1SMnG0035433	1.42819336694506	0.327834476606278
h1SMnG0035452	0.487511304747534	0.178319470831234
h1SMnG0035456	-0.554830079168082	0.577542318498581
h1SMnG0035471	0.227630869811693	0.844914900577455
h1SMnG0035502	1.5038969287357	0.0387039340463833
h1SMnG0035506	-0.118264272116921	0.94163923999038
h1SMnG0035515	3.19846662386021	0.00387133247284349
h1SMnG0035523	-0.111720184045672	0.950260811600824
h1SMnG0035536	-0.89740501705301	0.299518724246793
h1SMnG0035548	1.18978101339049	0.36059661879867
h1SMnG0035564	-1.05769771638758	0.528084868851419
h1SMnG0035606	-0.625863027588763	0.00975559933789128
h1SMnG0035607	-0.967604730697932	0.00000622324365594479
h1SMnG0035608	-1.00330967754001	0.000000189343346196724
h1SMnG0035609	-0.553851916307203	0.173317791476431
h1SMnG0035610	-1.08955235837473	0.0161903985079421
h1SMnG0035611	-0.930159079655743	0.314982481458395
h1SMnG0035613	-0.707247737584982	0.473406782792385
h1SMnG0035614	-0.752014555451011	0.196750207935223
h1SMnG0035615	-1.18112860591191	0.281025322608621
h1SMnG0035616	-0.738062123087548	0.00058182897623366
h1SMnG0035617	-0.613857570199299	0.0100363714178838
h1SMnG0035618	-0.981525120898626	0.00000809878177154849
h1SMnG0035619	-1.11303281776787	0.000151607014867886
h1SMnG0034274	4.70958457628071	0.0000150518652905862
h1SMnG0035367	0.852075885425566	0.511906239787862
