log2FoldChange	padj
h1SMcG0000001	-2.10601047706108	0.0684182580128103
h1SMcG0000006	-3.01475997760868	0.0015706123700564
h1SMcG0000009	-0.442946105264948	0.589503790607773
h1SMcG0000011	0.950047293315915	0.0000582517125433185
h1SMcG0000013	0.347891939552055	0.379976883092694
h1SMcG0000014	0.680078760528203	0.00548361530874411
h1SMcG0000016	-1.32255593896928	0.00891544966583962
h1SMcG0000017	-0.460674923879067	0.69953029300318
h1SMcG0000023	1.4464110341378	0.00000000000137984511396436
h1SMcG0000025	0.106369027621075	0.830438002738987
h1SMcG0000026	0.141439006001334	0.741012444362135
h1SMcG0000027	-1.15567518992901	0.0163943351563724
h1SMcG0000028	-0.450515787862488	0.37396357809493
h1SMcG0000029	-0.179102615431923	0.925929980007346
h1SMcG0000030	5.36060079872778	0.0000000000015204675099404
h1SMcG0000031	-0.574280584549459	0.575012206324984
h1SMcG0000032	1.53922484047264	0.000000000000261580422519691
h1SMcG0000034	3.3809604413502	0.00000000000701944006992286
h1SMcG0000035	-0.793704196266037	0.283297547084349
h1SMcG0000036	0.231756779980911	0.447448676263643
h1SMcG0000039	1.94863071881527	0.00000000000953027442918854
h1SMcG0000040	2.32442560072793	0.0169530455219765
h1SMcG0000042	-0.30643062278448	0.664129504946223
h1SMcG0000043	0.365681236357266	0.382175130768216
h1SMcG0000044	1.42483004925991	0.243945308135614
h1SMcG0000046	-0.562406046716538	0.575945849867143
h1SMcG0000047	-0.251192693069901	0.56710680847428
h1SMcG0000049	-2.61469895059847	0.0755643911823543
h1SMcG0000050	3.86152876386317	0.000000000000000000143430363309724
h1SMcG0000051	-0.767215458149803	0.183307004786904
h1SMcG0000053	-0.966751748831816	0.384688275343785
h1SMcG0000054	0.479955431903581	0.722656613370692
h1SMcG0000057	-2.15553151498924	0.12839237775623
h1SMcG0000064	-1.14633132727579	0.00717405738814655
h1SMcG0000065	3.30022487752845	0.000000000000274373127596217
h1SMcG0000066	0.307694529588141	0.854051027167728
h1SMcG0000067	0.94633856073467	0.001951169003801
h1SMcG0000068	-4.14040775327889	0.000942333472968746
h1SMcG0000069	-1.77628774872542	0.0477035177963604
h1SMcG0000070	0.0419920971052297	0.965227627701086
h1SMcG0000073	-2.94087182016554	0.00000231806675813976
h1SMcG0000076	-1.51808992845589	0.000000057033830673806
h1SMcG0000078	-1.42484568685302	0.115983718106469
h1SMcG0000079	0.542440350661655	0.111123060329083
h1SMcG0000082	-1.90857253530158	0.0531328505122406
h1SMcG0000085	0.336592382786014	0.635952012441646
h1SMcG0000086	-2.40273183435188	0.000000185673517431379
h1SMcG0000090	0.295722528758345	0.198089530460366
h1SMcG0000094	0.193097703564444	0.868215757822773
h1SMcG0000096	1.87072600737889	0.000000000000000141002061630036
h1SMcG0000097	0.00321968814950997	0.99497435489576
h1SMcG0000098	0.201901391141917	0.738845702933568
h1SMcG0000100	0.451290976594442	0.571602748718155
h1SMcG0000102	-0.961954243469075	0.487500070218739
h1SMcG0000103	-1.45475116952339	0.00355942981410931
h1SMcG0000104	-4.25246366790188	0.000000000000000305286452873234
h1SMcG0000105	-2.01350509002476	0.00000129084746623826
h1SMcG0000106	-0.867906184831843	0.0190630246938348
h1SMcG0000107	0.608490389342408	0.00742166626864548
h1SMcG0000108	0.325632294993791	0.606451318031355
h1SMcG0000109	0.761644320553187	0.28501770641586
h1SMcG0000124	5.7578869453468	0.00000000605259964541017
h1SMcG0000127	-0.692623542347549	0.0112468444949731
h1SMcG0000128	1.09203162287224	0.000260185885329716
h1SMcG0000131	0.689643262660861	0.0849820171197006
h1SMcG0000132	0.149572048097655	0.743330481934653
h1SMcG0000133	0.57669401911451	0.26540602120503
h1SMcG0000137	0.433860370149052	0.697318100143956
h1SMcG0000138	1.10565142012489	0.0000000000919811595388117
h1SMcG0000140	-0.0888345993393407	0.952440116452077
h1SMcG0000143	1.77299010967956	0.000000544147770593225
h1SMcG0000144	-3.6424286478119	0.0015928161737727
h1SMcG0000145	-0.747081501041578	0.0832247967104557
h1SMcG0000146	-1.28812206966701	0.116724562453526
h1SMcG0000149	-0.687797752756138	0.090853223467681
h1SMcG0000150	0.351149464936741	0.555470689109333
h1SMcG0000151	-4.10896089783937	0.000408091067405863
h1SMcG0000152	-1.29891664836382	0.000000000142730931788585
h1SMcG0000153	-1.12558177818147	0.0688776435246721
h1SMcG0000154	-1.6862399569044	0.226334208748532
h1SMcG0000155	-1.05532687360159	0.000173781821568554
h1SMcG0000156	-1.14942027754929	0.0122855060581883
h1SMcG0000159	-0.886425070714303	0.126053585237332
h1SMcG0000160	0.672941280245011	0.322267104111941
h1SMcG0000162	-1.640952660047	0.0766423760370318
h1SMcG0000163	-0.997823171844828	0.0082081159905963
h1SMcG0000164	-1.37048977240671	0.000000570666671534499
h1SMcG0000165	0.155875974099053	0.731684212755235
h1SMcG0000169	-0.306676193925515	0.345107703811648
h1SMcG0000170	1.67846201106981	0.00000000000897309758165932
h1SMcG0000171	-0.274365052835738	0.734890370507868
h1SMcG0000174	-0.424649016406254	0.111178996986038
h1SMcG0000176	-1.6388254632396	0.000387830762011625
h1SMcG0000178	0.157714685706608	0.840218944425424
h1SMcG0000183	0.136156667207682	0.771598517142617
h1SMcG0000184	-1.04428557422456	0.017372175150061
h1SMcG0000185	2.46740386131271	0.00000000000282590087415353
h1SMcG0000188	-0.878139451046088	0.00120428014102291
h1SMcG0000189	-1.5563318621447	0.348758132150874
h1SMcG0000190	0.900852224355007	0.0558434946724203
h1SMcG0000191	-0.619873852680596	0.626661205566225
h1SMcG0000193	1.0793418601597	0.0000178859623181837
h1SMcG0000194	-0.364777955081442	0.491580015427821
h1SMcG0000195	2.42882818641511	0.0000000000000663704027531412
h1SMcG0000196	0.20446996814536	0.546160777160101
h1SMcG0000199	-2.86369178051356	0.00174495729910753
h1SMcG0000202	6.42931411387248	0.000000000000000000000000000000000000000000000000000000000000000000000000854501460180379
h1SMcG0000203	-0.25457144534444	0.86084522034244
h1SMcG0000204	0.282413352136808	0.412805924072195
h1SMcG0000205	-0.39120535033105	0.578908133123774
h1SMcG0000208	-1.20576823295499	0.0761725980623779
h1SMcG0000209	0.376502227970163	0.573038030546902
h1SMcG0000210	0.273650220749025	0.522086219051952
h1SMcG0000211	-1.56009981219217	0.000000296626485711304
h1SMcG0000212	-0.0430440140513896	0.979541334942189
h1SMcG0000215	0.208392714267319	0.885468780568522
h1SMcG0000216	-0.802237799881672	0.572375175476474
h1SMcG0000220	-0.423136949441298	0.324339099025634
h1SMcG0000223	-0.716341694599725	0.634622950819632
h1SMcG0000224	-2.54057380749483	0.0774167493007873
h1SMcG0000225	-1.76720246962284	0.251756093389485
h1SMcG0000226	1.15017503054564	0.00710281851389158
h1SMcG0000231	1.99366049643041	0.0000000000000605373969979085
h1SMcG0000234	0.727522414153528	0.0270517578169375
h1SMcG0000235	0.666280693341299	0.495771081243331
h1SMcG0000237	0.197876000350479	0.875522693975246
h1SMcG0000238	2.77638191516091	0.00000000168030870054156
h1SMcG0000239	0.753715329306283	0.233275887109946
h1SMcG0000240	0.0930974408280232	0.911813809453114
h1SMcG0000246	-2.08614686215799	0.0187883081566292
h1SMcG0000248	-0.575748202969221	0.433343008874592
h1SMcG0000250	-0.8480183068872	0.443537889280231
h1SMcG0000253	0.590697749990245	0.301162776814826
h1SMcG0000255	-1.91360765120624	0.0000000000269713142355279
h1SMcG0000256	-1.56020970641653	0.329407651754221
h1SMcG0000258	0.864321751463152	0.1851378317303
h1SMcG0000262	1.33606074560893	0.0548398114264725
h1SMcG0000263	0.265528042599694	0.659011085093002
h1SMcG0000264	0.506461778977622	0.104763624360016
h1SMcG0000265	-0.0409714824455241	0.978223393523413
h1SMcG0000267	0.365242813642259	0.689322131817796
h1SMcG0000274	1.24398050809205	0.270930597427836
h1SMcG0000275	-0.727544148416794	0.329775353568743
h1SMcG0000280	-1.69639457932968	0.0104919128406687
h1SMcG0000282	3.45209179002635	0.0000000000000378514833849255
h1SMcG0000283	2.09685615147631	0.0000149206247247141
h1SMcG0000284	0.305171559940109	0.390342773276957
h1SMcG0000285	0.408787192585005	0.3662171685989
h1SMcG0000286	-1.41268862745962	0.00511389870301075
h1SMcG0000288	0.60881791068609	0.0560001555339292
h1SMcG0000290	-1.84881760356524	0.000000533654363213116
h1SMcG0000292	-3.2524265472613	0.0128193415039899
h1SMcG0000293	-1.27288995360624	0.00000227536609593609
h1SMcG0000294	-1.84682729993401	0.0192203035010066
h1SMcG0000295	3.14195697962511	0.0000000000000000000000000000000000000000015411140375931
h1SMcG0000299	-2.52942912198543	0.157145506938809
h1SMcG0000319	0.427942062787275	0.596923234441734
h1SMcG0000322	-1.34116042753481	0.000000816950795639483
h1SMcG0000323	1.44603196141443	0.243556527313101
h1SMcG0000327	-1.05542062225731	0.155891309936776
h1SMcG0000330	0.486471816279037	0.761935021564595
h1SMcG0000333	1.47214155663842	0.000335820269856957
h1SMcG0000334	-0.809274693793987	0.000657223883672627
h1SMcG0000338	1.45817608296306	0.0000000000014194508405846
h1SMcG0000343	-3.09232380905737	0.0370038790150501
h1SMcG0000346	-0.951693900080025	0.00603720606717499
h1SMcG0000347	-1.19196924547298	0.105577213776241
h1SMcG0000350	-0.0585206505699797	0.968616347072897
h1SMcG0000351	0.00386994093716233	0.996981001658249
h1SMcG0000352	2.3640273846964	0.00182960589119694
h1SMcG0000353	-0.457470073117842	0.45420497331342
h1SMcG0000355	-1.5467979499369	0.000240530251113019
h1SMcG0000356	-1.17855593991763	0.000000368041594223811
h1SMcG0000357	1.0756960273145	0.477399311230676
h1SMcG0000361	0.319230360655585	0.732341717958828
h1SMcG0000363	-1.74843229149334	0.000000000000538220714740204
h1SMcG0000364	-2.01232657980827	0.0501701337315005
h1SMcG0000374	0.0602485838402737	0.967598893196335
h1SMcG0000375	-0.371867833581951	0.839721279086308
h1SMcG0000378	-0.16894902913934	0.830706408218344
h1SMcG0000380	-0.610089925753906	0.421286047674114
h1SMcG0000382	5.36770063441806	0.000000000000000000000000000000000000000000000000000000000000000000636359134975309
h1SMcG0000384	-2.47115445732847	0.0640529627081633
h1SMcG0000385	2.11283965001237	0.00000000432238705097186
h1SMcG0000387	0.124471810846064	0.945720739632036
h1SMcG0000389	-1.35288498286464	0.0332492491531547
h1SMcG0000390	-0.903650241854062	0.392917108622527
h1SMcG0000392	-0.478841095450313	0.652675038224569
h1SMcG0000394	-1.62569815580413	0.0148975403198008
h1SMcG0000405	-2.12582439155618	0.0000000000000000000000544390189573631
h1SMcG0000414	-2.71883930922013	0.00354234032865031
h1SMcG0000420	0.770167861122555	0.64646906101822
h1SMcG0000421	-2.19891330484386	0.1601331730532
h1SMcG0000422	-0.77972405769651	0.125065239613518
h1SMcG0000423	-0.967081389626729	0.0154531328845306
h1SMcG0000424	-1.92133425642519	0.00457358098799841
h1SMcG0000425	-1.3318528689261	0.36067032269721
h1SMcG0000426	-0.384650475680799	0.340947268236087
h1SMcG0000429	-1.23093778812779	0.0055939901536996
h1SMcG0000430	3.07805574448077	0.0000000000000000000000000000000000000000000000000179195053389596
h1SMcG0000432	0.930210900784405	0.145063959496238
h1SMcG0000434	-1.08076154530339	0.0861294153014438
h1SMcG0000435	-1.32565444861968	0.00713187579580565
h1SMcG0000437	-0.0865674042757272	0.933569373371126
h1SMcG0000438	0.447958767991559	0.433707535260142
h1SMcG0000439	-4.90288983380571	0.0000168353509337156
h1SMcG0000440	-0.464291297514363	0.582715077171628
h1SMcG0000442	1.1393157893142	0.000000593419283292334
h1SMcG0000444	3.05434376012236	0.000043319759197229
h1SMcG0000445	3.11431114985517	0.0000000167060380123376
h1SMcG0000446	-0.974039193131791	0.0105465560572123
h1SMcG0000447	3.93225935078215	0.000000000450945701266423
h1SMcG0000448	-2.82654595151572	0.00000000000000026498485092166
h1SMcG0000452	-0.875074920418998	0.0015478383760409
h1SMcG0000453	-1.01720092326488	0.0494579847557168
h1SMcG0000454	-1.24045396438022	0.000164524367327665
h1SMcG0000455	-1.29037185858011	0.0245270200195024
h1SMcG0000456	1.30366621940395	0.214804946313116
h1SMcG0000457	-1.34834403145046	0.0118821583639959
h1SMcG0000458	-0.831558391715346	0.601805888048326
h1SMcG0000459	-0.126729774100482	0.877406205105037
h1SMcG0000460	-2.21315155688687	0.00288790175742604
h1SMcG0000462	0.152542850443068	0.836363209323756
h1SMcG0000463	0.371505437323544	0.303858470583529
h1SMcG0000466	-0.046461305302536	0.970419487633732
h1SMcG0000470	1.22796987773368	0.0707132365807706
h1SMcG0000471	0.594966891614361	0.0193237192578477
h1SMcG0000473	0.187122345475577	0.518993369777218
h1SMcG0000474	0.829265931866343	0.0000545424937786781
h1SMcG0000476	-3.45677773405629	0.0000000000631716403619913
h1SMcG0000479	-1.47859693771912	0.00000000145742256182825
h1SMcG0000481	-0.603476800089517	0.619481409338543
h1SMcG0000482	-2.38069442724449	0.00000423564704151308
h1SMcG0000485	0.164093142096276	0.645466397247596
h1SMcG0000487	1.40350123862763	0.170508071624566
h1SMcG0000488	-3.42777375958909	0.00000531769083533793
h1SMcG0000489	1.45462943338075	0.000061752066203791
h1SMcG0000490	0.933461024315089	0.241338886296091
h1SMcG0000491	-0.425215272624659	0.469947320672072
h1SMcG0000493	-0.45616985347498	0.623944074668057
h1SMcG0000494	-1.1606553652122	0.292675979013976
h1SMcG0000496	-0.578864636435849	0.539099267888243
h1SMcG0000497	-0.468527563770919	0.50762540855387
h1SMcG0000499	0.329088667560966	0.768361217801549
h1SMcG0000500	-0.346351543129602	0.216466422821208
h1SMcG0000501	-3.93791916219749	0.00000000000000129993149766867
h1SMcG0000502	-0.159779233721381	0.837910739632423
h1SMcG0000504	1.07550094283867	0.00000209915027342588
h1SMcG0000506	-1.05413592647919	0.0351716880280416
h1SMcG0000508	-0.146543230666478	0.785838428162475
h1SMcG0000511	-1.08085713140127	0.410261674422904
h1SMcG0000512	1.4364515632871	0.017089526082234
h1SMcG0000513	0.363927984990884	0.401100303314888
h1SMcG0000514	-2.10229486824229	0.0888671243263927
h1SMcG0000515	0.712765726630241	0.000000968769060343501
h1SMcG0000517	2.28858211216337	0.00000222177534714703
h1SMcG0000519	-1.44475589947732	0.146602067978222
h1SMcG0000520	-2.0886178322478	0.000000000000132953029511322
h1SMcG0000522	-0.0898496592563858	0.955073003716904
h1SMcG0000523	-0.513879998500111	0.681777953777116
h1SMcG0000524	1.36114460139003	0.000000422297861058747
h1SMcG0000525	-0.547795516411607	0.427627948874342
h1SMcG0000526	-2.55401361667679	0.00108604003562361
h1SMcG0000528	-0.266085790411046	0.696772921236297
h1SMcG0000531	1.82868361505203	0.000494099777726276
h1SMcG0000536	1.76518471917566	0.0705071376577147
h1SMcG0000537	0.477978079066604	0.703093224346879
h1SMcG0000538	-1.82868142746033	0.157526079796464
h1SMcG0000544	1.78568579998861	0.00195292592002209
h1SMcG0000545	0.319193398752099	0.320792936882331
h1SMcG0000549	-0.10782423628446	0.830881542803378
h1SMcG0000551	-2.43333795626189	0.0860833608710842
h1SMcG0000553	0.343158336244534	0.661632712758744
h1SMcG0000554	-0.062277926513496	0.875539688824135
h1SMcG0000556	0.149596786496799	0.731832782784796
h1SMcG0000557	0.402029696852449	0.328507731538967
h1SMcG0000558	-1.12043469156464	0.105699017887862
h1SMcG0000559	-0.138377864744557	0.713571983955311
h1SMcG0000560	0.949805727404785	0.0000328738212491236
h1SMcG0000561	-1.99358598772634	0.0636244170625113
h1SMcG0000562	-0.737600334016448	0.00897270973361597
h1SMcG0000564	0.269827029058931	0.562484080858213
h1SMcG0000565	-1.64776524131314	0.00170832026484929
h1SMcG0000566	0.439386199079561	0.502238001385539
h1SMcG0000568	-0.316495225408445	0.225767104412929
h1SMcG0000570	-0.527951759445457	0.27709049612131
h1SMcG0000571	0.118107094022184	0.923930211614946
h1SMcG0000572	2.61590944121205	0.000000000000000000000000000000000781964615644978
h1SMcG0000574	1.05101946804148	0.000117816144450703
h1SMcG0000577	0.86786995252897	0.411530865214209
h1SMcG0000580	-1.38065318760569	0.000973948816902754
h1SMcG0000582	-0.328955726675107	0.829344389011779
h1SMcG0000583	-0.271848391452664	0.596066915275824
h1SMcG0000584	0.721417391642775	0.0200624795767765
h1SMcG0000585	-0.516909740156935	0.452624051130877
h1SMcG0000586	1.0752663864543	0.00000000568709638533515
h1SMcG0000587	1.39646790163184	0.0000000768753888239309
h1SMcG0000588	0.935829051066395	0.00000248332459186902
h1SMcG0000590	0.128987035418915	0.830385109457684
h1SMcG0000592	-0.209737357629645	0.752097540947605
h1SMcG0000599	1.08483888564938	0.0603114399730801
h1SMcG0000600	-1.29799013999769	0.345216672583624
h1SMcG0000601	0.236224984829226	0.895125750849141
h1SMcG0000609	-0.958563415888576	0.0961246023419114
h1SMcG0000612	1.06360307755637	0.129777813102129
h1SMcG0000613	-2.39343936330617	0.00000860441504175449
h1SMcG0000615	-1.06803960211923	0.2467867533855
h1SMcG0000617	-0.733622281570673	0.0954412788508497
h1SMcG0000618	0.455051188804649	0.693165212729486
h1SMcG0000619	-0.731111766951627	0.41777850943239
h1SMcG0000620	-0.719887680596356	0.385072897943692
h1SMcG0000623	0.17639053575511	0.580388481234976
h1SMcG0000624	-0.650242935987245	0.151641201934666
h1SMcG0000626	0.554905150980105	0.130851073519218
h1SMcG0000627	-0.363546901387346	0.348687121978946
h1SMcG0000628	0.40286853437137	0.248694578351246
h1SMcG0000629	-0.500742311691498	0.0844733047175887
h1SMcG0000630	-0.127435899586443	0.901528619355135
h1SMcG0000633	-1.53102992647958	0.0114218724535341
h1SMcG0000637	-0.762413535624357	0.311897727526161
h1SMcG0000639	-0.118443520293822	0.643580184907411
h1SMcG0000640	-0.584765886778878	0.641264127475696
h1SMcG0000641	-1.05122723825146	0.00367123868955281
h1SMcG0000643	-2.36485218172667	0.00000000000000000000000000900862843498209
h1SMcG0000645	-1.15221291033956	0.220443315298765
h1SMcG0000646	-0.434666127369578	0.567203381439737
h1SMcG0000647	-2.53492960444709	0.0000212747065053584
h1SMcG0000648	-0.744911822460272	0.446366088566973
h1SMcG0000651	2.23441261900355	0.0407404064109833
h1SMcG0000652	-0.171745469797419	0.821592743414894
h1SMcG0000653	-0.944623853450544	0.27691057972483
h1SMcG0000654	0.429751367768275	0.216999174083947
h1SMcG0000655	0.0236330854476044	0.989940535365398
h1SMcG0000657	-1.14778366895434	0.000110789681449991
h1SMcG0000658	-1.52900009567974	0.168995844119666
h1SMcG0000662	-1.21762830899935	0.000467656397812519
h1SMcG0000664	-0.726179576793162	0.124839622413032
h1SMcG0000665	-0.656759720855928	0.186506928274319
h1SMcG0000666	-0.346593988072764	0.400165770200092
h1SMcG0000669	0.236459545856202	0.419512068673809
h1SMcG0000673	2.63307443905225	0.0000000000000000000000000000000059823054378047
h1SMcG0000674	-1.58562885093323	0.00230176859551499
h1SMcG0000675	-3.57199819773969	0.000470270711850864
h1SMcG0000677	0.111279961153594	0.884081503711835
h1SMcG0000678	0.713863799990713	0.313648659381873
h1SMcG0000680	-1.19558268494093	0.140929626205055
h1SMcG0000682	0.313504749774002	0.81622991878602
h1SMcG0000684	-0.240833373222545	0.485453661516564
h1SMcG0000686	0.420463969856309	0.774345886184449
h1SMcG0000689	0.404985781474679	0.359777036847054
h1SMcG0000690	-2.05868623471843	0.000000085289436901352
h1SMcG0000692	-0.971516136531646	0.0386429640667019
h1SMcG0000693	0.794596689545447	0.327174890470034
h1SMcG0000698	1.9752135709347	0.0000000000000000000495206355500755
h1SMcG0000699	0.939924701942269	0.00000605829057349054
h1SMcG0000701	-1.22490514656865	0.0830328678541598
h1SMcG0000702	-1.2902361883705	0.314496030535275
h1SMcG0000703	-0.964880917132861	0.171667280090461
h1SMcG0000704	0.462105280780551	0.275509520565706
h1SMcG0000706	0.73951911620977	0.0193237192578477
h1SMcG0000707	1.43946679320566	0.000000000502713077793084
h1SMcG0000708	0.577155588384872	0.416794525663334
h1SMcG0000709	-0.715537713427129	0.117025404595629
h1SMcG0000710	-0.753366555342509	0.406965036464432
h1SMcG0000711	-5.1861779617892	0.000000645127079568339
h1SMcG0000716	-1.57469717512394	0.248694578351246
h1SMcG0000718	-2.28698204413068	0.00551023669277491
h1SMcG0000719	-0.214092770886289	0.34323172501021
h1SMcG0000720	0.374232536395183	0.528840126911751
h1SMcG0000721	-2.01873553649183	0.144567983415352
h1SMcG0000723	-0.0575448081610929	0.958249075976361
h1SMcG0000726	2.86442157907874	0.000000000000010099252622633
h1SMcG0000727	-0.104649197320291	0.957776461751829
h1SMcG0000728	2.23917151465339	0.0000807013418656069
h1SMcG0000729	-1.45033515400765	0.0105307780535431
h1SMcG0000730	-0.803799016784157	0.00443880800676254
h1SMcG0000735	-0.457686869826662	0.128100626952922
h1SMcG0000736	-0.648647770371261	0.113346491922072
h1SMcG0000737	-1.8016205453336	0.290985065665699
h1SMcG0000740	2.99376760110741	0.0000000000000105893693919101
h1SMcG0000741	-0.939152381076318	0.0428046219501933
h1SMcG0000742	-0.488521898805367	0.256660496043124
h1SMcG0000743	-1.17628337990106	0.100817728186171
h1SMcG0000744	-1.95954893473765	0.0577416978054927
h1SMcG0000745	0.968198301800941	0.251108306682875
h1SMcG0000746	-2.17316886552664	0.00206631475944488
h1SMcG0000747	0.998886642154915	0.227386670933015
h1SMcG0000748	-1.72974543808145	0.000349048131438008
h1SMcG0000749	1.25353603887011	0.0000000306331082387501
h1SMcG0000750	0.0525111754933455	0.884950042502045
h1SMcG0000751	3.24241215065033	0.0000126862567975697
h1SMcG0000752	2.77204510315113	0.000000521163004483773
h1SMcG0000753	6.04332672125441	0.0000000122264696046503
h1SMcG0000754	1.09393131721112	0.084334837066255
h1SMcG0000757	1.8249785972001	0.0000000000000000585656498187049
h1SMcG0000759	-1.83912980136117	0.0000851426231472201
h1SMcG0000761	0.516624825368008	0.417840646503333
h1SMcG0000762	-3.49804566956544	0.01062554546846
h1SMcG0000763	-2.04964451675903	0.000230428206967271
h1SMcG0000764	0.983962667774744	0.000304589857006569
h1SMcG0000765	-1.53806206356744	0.333776173128766
h1SMcG0000766	-0.251039504475639	0.409218858460663
h1SMcG0000768	-1.13048352931965	0.00833281219355725
h1SMcG0000770	3.25332073065242	0.00000093758655258988
h1SMcG0000771	-0.0234514231082936	0.98651966870132
h1SMcG0000772	0.231648766273774	0.433707535260142
h1SMcG0000773	2.35997071694441	0.00000135757001376391
h1SMcG0000780	-0.574788591932825	0.432940713025226
h1SMcG0000781	0.187858203462658	0.839721279086308
h1SMcG0000782	-0.612363609749264	0.183179210390788
h1SMcG0000783	-0.481144295241819	0.32805296868728
h1SMcG0000785	-0.390686372913362	0.270291041623157
h1SMcG0000788	0.938239107499874	0.36067032269721
h1SMcG0000789	2.26293540844378	0.00000000000000000938133183691388
h1SMcG0000790	-1.1336638850491	0.000000416016541654111
h1SMcG0000792	-1.53820694582074	0.0000000000350037378394483
h1SMcG0000794	-0.298153028491331	0.823335184260299
h1SMcG0000796	-0.167906477689391	0.754172556709849
h1SMcG0000797	2.3164805558624	0.0210286641205648
h1SMcG0000799	-0.672350198507266	0.273320071403211
h1SMcG0000800	0.441519372458544	0.696205285509382
h1SMcG0000801	-0.290183826759267	0.724130847534375
h1SMcG0000802	3.74857455130779	0.0000000000000000000000000000000000000000000000000000000000000211795747140836
h1SMcG0000803	0.37201581383337	0.192480242106658
h1SMcG0000804	0.626433371902346	0.0265908881486575
h1SMcG0000807	-1.61671424383916	0.0943168106145088
h1SMcG0000808	-0.987940638508268	0.12438392712628
h1SMcG0000809	-0.0830797256512606	0.930693256563977
h1SMcG0000811	-1.34785589413408	0.360040129128359
h1SMcG0000812	-2.15340810653578	0.00000000419532137089486
h1SMcG0000813	-0.63991147899349	0.534542192710618
h1SMcG0000814	-0.4868700899978	0.46233330342037
h1SMcG0000815	1.05930680306575	0.0153653151925987
h1SMcG0000817	-2.20647352936868	0.0375272179076001
h1SMcG0000818	-1.05953432847791	0.440740364361585
h1SMcG0000819	1.49449710650257	0.0000000442644488421605
h1SMcG0000820	1.19770734700707	0.104361536193106
h1SMcG0000821	1.77530029231938	0.0301176983622821
h1SMcG0000822	1.82896633431343	0.0429287075795948
h1SMcG0000823	-1.82693522292894	0.0537080892278908
h1SMcG0000824	0.737308774840517	0.0271472935577278
h1SMcG0000825	-0.248179860913452	0.576361691716958
h1SMcG0000826	0.273152262603402	0.848718837468069
h1SMcG0000827	0.238146030472356	0.643705387794881
h1SMcG0000830	-1.15586332257689	0.238373333738374
h1SMcG0000832	1.7998208414554	0.00811707986360522
h1SMcG0000837	-1.01415197756101	0.0117090617784287
h1SMcG0000838	-1.26320884346058	0.0996084687096918
h1SMcG0000841	0.959602066478423	0.0770173489951996
h1SMcG0000842	-1.49253882101949	0.0607572488777632
h1SMcG0000845	-0.204775786835594	0.383855262668047
h1SMcG0000846	0.33771076638525	0.524358273645224
h1SMcG0000850	4.71100283814935	0.00000000000519269895132035
h1SMcG0000851	3.47353218717362	0.00000000000000140836255925028
h1SMcG0000852	-1.91225884488832	0.0000324060196612504
h1SMcG0000855	2.50874987565265	0.000000000000286417134425387
h1SMcG0000856	-0.931995619101718	0.00263093138684823
h1SMcG0000858	-0.166227715263181	0.650564489836234
h1SMcG0000859	-0.356253053605885	0.246530651845646
h1SMcG0000860	1.00157673990751	0.0459431627882814
h1SMcG0000863	-0.0643135862096633	0.968973166992699
h1SMcG0000864	-1.07191440224704	0.0201549395472993
h1SMcG0000866	-0.663148655415413	0.168109678302362
h1SMcG0000868	3.14313736761949	0.00181011724866435
h1SMcG0000871	6.92694334729146	0.00000000000000000000000000000000000000000000000000000000000341135294809192
h1SMcG0000872	-0.0264042488594111	0.961624766787024
h1SMcG0000875	2.356382260851	0.000000113644471551299
h1SMcG0000877	-1.00162074497138	0.000229170750169392
h1SMcG0000878	0.449166405489448	0.617716188260502
h1SMcG0000880	-0.785847142252163	0.00114861146387647
h1SMcG0000882	0.935329721731151	0.0562731542778136
h1SMcG0000884	-0.809345133162638	0.573124080866795
h1SMcG0000886	0.705436424288859	0.0123086864208043
h1SMcG0000887	0.651415402375212	0.0116696571125012
h1SMcG0000888	-1.24096961631578	0.308540095933732
h1SMcG0000890	-0.319505042423544	0.557702467386746
h1SMcG0000893	3.23785802086022	0.00114361588603805
h1SMcG0000896	-0.126886190873183	0.734818866803604
h1SMcG0000897	0.482695278147596	0.273995208749257
h1SMcG0000898	-0.154579825814548	0.833667001453669
h1SMcG0000900	-2.36842558812149	0.00633883137047483
h1SMcG0000901	0.231366570687983	0.716823562586452
h1SMcG0000902	-0.897518351200267	0.000103595208833475
h1SMcG0000904	-0.775545910920363	0.282932128881968
h1SMcG0000906	-0.378861623478507	0.492837602233983
h1SMcG0000907	5.69909973638919	0.000000000000000000000000000000000354994056807379
h1SMcG0000908	-0.68852619317239	0.103067202647451
h1SMcG0000909	-1.20822704501437	0.000000000451091911950374
h1SMcG0000910	0.00779334817854013	0.986228437156163
h1SMcG0000913	-0.515127834259211	0.430137237302138
h1SMcG0000915	-1.03071034076162	0.0848409970745797
h1SMcG0000916	-1.30388743247599	0.090886081323431
h1SMcG0000917	1.62811245103015	0.00204949804581926
h1SMcG0000918	2.14534821000355	0.00000000000000000000000097620045187956
h1SMcG0000919	0.161860927854607	0.829219466119529
h1SMcG0000920	-1.37630466338501	0.141782506049849
h1SMcG0000921	3.83701364730075	0.00000000000000153622956576669
h1SMcG0000922	3.33358801194358	0.000000000000000000704479449071929
h1SMcG0000924	-1.33052999938489	0.0000931008145715425
h1SMcG0000925	0.0302893346771268	0.968995664397632
h1SMcG0000928	1.40879227357398	0.000657656219933335
h1SMcG0000929	-0.761103038612184	0.0224545814500026
h1SMcG0000930	1.08962835787213	0.301162776814826
h1SMcG0000932	0.789668922301943	0.161707817548564
h1SMcG0000933	-0.146921163292286	0.637461566932928
h1SMcG0000934	-0.221714378654492	0.778470357111246
h1SMcG0000935	-2.54301197153971	0.000000070432407036657
h1SMcG0000936	-0.135869899449508	0.770775762667137
h1SMcG0000938	-0.990237001947992	0.0264789241894276
h1SMcG0000939	-0.624404185716268	0.725365084216739
h1SMcG0000942	-0.849644944947846	0.646497981448936
h1SMcG0000944	0.545280070938191	0.156516236642899
h1SMcG0000945	-0.0171331526640573	0.990834527881397
h1SMcG0000946	0.236124507151369	0.817030926252606
h1SMcG0000948	0.223358818293973	0.751431545209215
h1SMcG0000951	-2.52985911095051	0.000000000351789905067804
h1SMcG0000952	2.11163839762776	0.002176872962545
h1SMcG0000954	-0.524262375991909	0.234188155698435
h1SMcG0000955	-0.12975491953243	0.900558350099816
h1SMcG0000958	-1.78180963614378	0.00186247380734512
h1SMcG0000960	-0.638281688049472	0.188762557357856
h1SMcG0000961	-1.30498508878699	0.105905557408798
h1SMcG0000962	4.20392783691311	0.0000000000000000000000000000000000018090855540017
h1SMcG0000963	1.46172084535417	0.0179222904244139
h1SMcG0000964	-5.04742030872085	0.00000658046321297622
h1SMcG0000966	-1.98004363722482	0.170902005760548
h1SMcG0000967	-0.173982924599631	0.65430420410951
h1SMcG0000968	-3.08993005895169	0.0210073560646972
h1SMcG0000971	-0.197991082153585	0.718317633046443
h1SMcG0000972	-0.459235059758471	0.780646806413293
h1SMcG0000975	-0.344216355587511	0.082935644753203
h1SMcG0000976	4.20191349883764	0.00000000000000000000000000000000000000000049562693807934
h1SMcG0000977	-1.38281603402212	0.0876663570164838
h1SMcG0000978	-2.62718233735493	0.0000000194338246314897
h1SMcG0000979	1.18844676412931	0.00000293134935545905
h1SMcG0000980	-0.374934501306664	0.5357095889797
h1SMcG0000981	0.254775009037834	0.617716188260502
h1SMcG0000986	-0.592534807777357	0.697256146189377
h1SMcG0000988	1.19826802957216	0.000000216059694413755
h1SMcG0000989	3.07564069257095	0.0000000000000000000000000000000000000000000104186788687608
h1SMcG0000990	1.73857668467646	0.00481040294294262
h1SMcG0000991	0.733560135451502	0.00311067256843706
h1SMcG0000992	0.59247446781642	0.0830779752483531
h1SMcG0000994	-0.340390752239104	0.270291041623157
h1SMcG0000995	-1.58880772313855	0.0000377451561837875
h1SMcG0000997	0.0222976078056571	0.975429111787439
h1SMcG0000998	0.712389463850684	0.0190179235315041
h1SMcG0000999	0.264485071238079	0.647108114218443
h1SMcG0001005	-0.256275854871645	0.556193753270354
h1SMcG0001006	3.36283054228303	0.00000000000770868536324394
h1SMcG0001007	-0.121047112957303	0.892405980720975
h1SMcG0001008	1.21028112366382	0.000129956429770518
h1SMcG0001010	1.1088898033352	0.00000970307254675196
h1SMcG0001011	1.04278597899038	0.0000105072643518597
h1SMcG0001013	-0.286789155471611	0.818416569889914
h1SMcG0001014	-0.204159107295132	0.689030410139077
h1SMcG0001015	-0.0732457990456296	0.845089582404208
h1SMcG0001016	3.55352498174147	0.0000000000000312224125575029
h1SMcG0001017	0.504329708454325	0.135264767765712
h1SMcG0001018	-1.80193923421814	0.00000000989109857825052
h1SMcG0001019	2.85084563746389	0.0000000000000000000227141914151922
h1SMcG0001021	1.51478362841596	0.259926142898006
h1SMcG0001022	1.43378506830683	0.0969589650701736
h1SMcG0001023	-0.0428064328073594	0.97901237262499
h1SMcG0001025	-0.0495903069014031	0.955073003716904
h1SMcG0001026	-1.04545853897639	0.289910547692676
h1SMcG0001028	-1.65794545437064	0.115532509722011
h1SMcG0001030	1.18979503570163	0.00000000175686326266333
h1SMcG0001032	2.66132844342475	0.0000000000000000000270840122100025
h1SMcG0001033	0.218016318768759	0.899804735406457
h1SMcG0001034	-0.235567185704154	0.787346868660435
h1SMcG0001035	-0.849543603872753	0.491234608910225
h1SMcG0001036	-0.369481756223473	0.723332187983854
h1SMcG0001041	0.0209959829984306	0.973771564078862
h1SMcG0001042	-1.92094471155692	0.000000565859925931431
h1SMcG0001043	0.0479123198927676	0.969587624123283
h1SMcG0001050	-1.76139132657435	0.0386835878425374
h1SMcG0001052	6.62124421173192	0.00000000000000000000000000000000000000000000350524589724587
h1SMcG0001054	0.0879529612730893	0.942430348957835
h1SMcG0001055	0.108537547206569	0.895760927801076
h1SMcG0001057	-2.46931005253461	0.00224244788801744
h1SMcG0001058	0.287862925338936	0.503851305597603
h1SMcG0001060	-1.82928565851451	0.10969827927902
h1SMcG0001062	-1.33441528719314	0.000346857453854074
h1SMcG0001063	-0.925830558368506	0.00202916042547773
h1SMcG0001065	0.382782508597222	0.336573039911866
h1SMcG0001066	2.16616403619523	0.00000000000382158819093237
h1SMcG0001067	0.506870068908394	0.307059712679358
h1SMcG0001068	0.75480526290898	0.00343117300571877
h1SMcG0001069	-0.97792698486918	0.264494770537027
h1SMcG0001074	-1.36417347276185	0.0251115157512901
h1SMcG0001077	0.560866668191245	0.29765327882994
h1SMcG0001078	0.184727051129883	0.551177835944509
h1SMcG0001081	-0.429794208599894	0.312483416755384
h1SMcG0001082	1.15686800834551	0.00110645522596212
h1SMcG0001083	-0.90860965269513	0.0445629239080419
h1SMcG0001085	2.79267853941516	0.00000268005174790826
h1SMcG0001086	-1.00308518135401	0.0105183677620624
h1SMcG0001089	4.81047253337318	0.0000000111805199478641
h1SMcG0001090	1.36877039629939	0.0228072433786114
h1SMcG0001092	0.0182439855729904	0.964881656254183
h1SMcG0001097	-1.11184107567782	0.381918221145465
h1SMcG0001098	0.282759391243043	0.179847122048308
h1SMcG0001100	-0.349224458583989	0.625162152626827
h1SMcG0001101	-1.23488808973029	0.0000312658396346597
h1SMcG0001102	-1.42458660846126	0.0752144698162173
h1SMcG0001103	2.19130490370689	0.000000000000000014285790999812
h1SMcG0001104	-0.223830900940802	0.509936685926024
h1SMcG0001109	-0.0928114446700299	0.937836207547826
h1SMcG0001110	-4.24243415724418	0.000000000000000000000000000000199264184461624
h1SMcG0001115	-2.32851509976792	0.000598121664318452
h1SMcG0001116	3.6229383344699	0.0000000000000000000000000000000000000000000112793806255456
h1SMcG0001117	1.02419994952127	0.214263907594629
h1SMcG0001119	1.3145208140007	0.0660043204995217
h1SMcG0001120	0.685082875995344	0.402101592528385
h1SMcG0001122	0.0891031748523413	0.936866582080697
h1SMcG0001124	1.18464576894856	0.112771961671684
h1SMcG0001125	1.50917810971464	0.194524531561821
h1SMcG0001126	-0.129581020891784	0.865206275512396
h1SMcG0001127	-0.357695112010603	0.64488202192153
h1SMcG0001128	-0.504413052179788	0.257555597564625
h1SMcG0001129	-0.737058071766504	0.226654645884672
h1SMcG0001130	-1.21296243561104	0.399881409102429
h1SMcG0001132	-0.075942017547503	0.950621535192987
h1SMcG0001133	2.70690449754134	0.000000000000000000000968756548248981
h1SMcG0001134	-0.584411218582529	0.39935359165969
h1SMcG0001138	0.43096548208207	0.452020556625846
h1SMcG0001139	-2.01027430271202	0.0787044097671521
h1SMcG0001140	-2.03474965776194	0.000000000000015111743734719
h1SMcG0001142	0.629499272899531	0.470123283032784
h1SMcG0001144	-0.478997543989191	0.158468227740161
h1SMcG0001146	-2.96568016457564	0.0554543061254375
h1SMcG0001149	-1.57262595272539	0.239440665521517
h1SMcG0001151	-1.94385785460898	0.244987336662561
h1SMcG0001152	-0.633076518786755	0.164271367249481
h1SMcG0001153	2.5211496109069	0.00000000381540840277114
h1SMcG0001154	-1.11273080302841	0.000220920145060495
h1SMcG0001155	-0.305144729362441	0.736385735900243
h1SMcG0001156	0.259242159178567	0.637528657687102
h1SMcG0001157	3.16698674134006	0.00000311965237451918
h1SMcG0001159	3.26288913991481	0.000785065516587148
h1SMcG0001160	2.7820398915071	0.00034557391760747
h1SMcG0001161	0.88426804551838	0.00821705308062281
h1SMcG0001162	-1.73140709480394	0.200955240158746
h1SMcG0001163	-0.416776830451235	0.661434353685655
h1SMcG0001165	-2.78779355748013	0.00568873915860006
h1SMcG0001166	-0.979497233483355	0.362428048483556
h1SMcG0001170	-1.01645914239108	0.0159170170515748
h1SMcG0001172	-0.87940403131951	0.0641250593485806
h1SMcG0001175	1.10239319864333	0.0000986923297649048
h1SMcG0001177	0.84212948579311	0.0930381562121639
h1SMcG0001178	-1.109083226036	0.391552869766891
h1SMcG0001180	-2.61251517388777	0.000000000107455305041532
h1SMcG0001183	-0.951737515248806	0.00000129798336019123
h1SMcG0001184	-1.16401372971097	0.0000000000214527438780614
h1SMcG0001185	-0.806673876369945	0.626031678064472
h1SMcG0001187	7.11093196807307	0.000000000288357052843834
h1SMcG0001188	0.206768210206588	0.476276799176314
h1SMcG0001189	-2.21915941301503	0.00000000000000000000000000435266270961401
h1SMcG0001191	-2.12023533380981	0.00459335155342861
h1SMcG0001193	0.520053230214615	0.432310648893365
h1SMcG0001194	0.33658892069372	0.276965980282301
h1SMcG0001195	-1.91177511613914	0.239195382450501
h1SMcG0001196	-0.238784701789414	0.789968876216271
h1SMcG0001198	-0.588031425382463	0.0418583851976451
h1SMcG0001204	-0.751838955767748	0.0439858690867742
h1SMcG0001205	-0.765951684494431	0.443824725732922
h1SMcG0001206	1.02832827310383	0.0859193284910238
h1SMcG0001207	-1.07480642753007	0.000000000902285832606798
h1SMcG0001208	0.00194283522397855	0.998949358156547
h1SMcG0001209	-0.0280154812025234	0.97901237262499
h1SMcG0001210	-0.837108920823646	0.0371318924710279
h1SMcG0001211	-0.499506277758379	0.755957431850568
h1SMcG0001212	2.53605158378498	0.000000000000000000000000198897243678637
h1SMcG0001214	-1.28554236235433	0.332502335871593
h1SMcG0001215	-1.56789759256048	0.00000000263890016430354
h1SMcG0001216	1.08729913037688	0.000532174346485415
h1SMcG0001218	-0.0483500276784985	0.9677862857553
h1SMcG0001220	-0.500065552029038	0.578737933897238
h1SMcG0001221	2.53021677841382	0.0000221921812036205
h1SMcG0001222	-0.0603575042609431	0.865683658206741
h1SMcG0001223	0.247686386370503	0.373687880604094
h1SMcG0001226	-0.348498755775183	0.734587806653375
h1SMcG0001227	-0.92590136415593	0.192510220187627
h1SMcG0001228	0.619782616209355	0.111319090739347
h1SMcG0001229	-1.67957272258745	0.0162159648226932
h1SMcG0001230	2.99903613607608	0.0000000000000000000000714696070985986
h1SMcG0001231	-1.03369969376273	0.0401324689943261
h1SMcG0001233	2.78571432010012	0.000000000225627474075288
h1SMcG0001234	1.03631902200285	0.0276676810396902
h1SMcG0001235	-0.64657732357632	0.63030352928784
h1SMcG0001236	-1.69288184976758	0.00619949653326892
h1SMcG0001237	2.85911373241017	0.00000000000000901184717929044
h1SMcG0001238	1.70352376224327	0.0000122908196806646
h1SMcG0001241	-0.813589511294248	0.193723075950639
h1SMcG0001243	-0.932327687261216	0.0293247870991333
h1SMcG0001246	-1.92234639985131	0.0000000864321654837971
h1SMcG0001247	-2.09843142098361	0.021569724302247
h1SMcG0001248	0.425680707513912	0.523286165392083
h1SMcG0001250	-2.51042534656434	0.0926200709240015
h1SMcG0001251	-0.548522802573137	0.376645595146592
h1SMcG0001252	-1.09714489977798	0.38578385333902
h1SMcG0001253	-2.55334633369887	0.0308831705265327
h1SMcG0001254	-1.68099493927876	0.00024448813302161
h1SMcG0001255	-1.33816468105543	0.000000928364906019776
h1SMcG0001258	-0.874008814022024	0.276287289780392
h1SMcG0001259	-0.277402175467293	0.250307205838258
h1SMcG0001261	2.41617578731798	0.00000000000000000000232373935470174
h1SMcG0001263	-4.75757600168134	0.00000208914362129555
h1SMcG0001264	1.02286928525672	0.0000911480507745703
h1SMcG0001265	-0.48362435618739	0.615423785251141
h1SMcG0001266	2.06760070089318	0.00000230772722261052
h1SMcG0001267	-3.45881142603168	0.00134057350104272
h1SMcG0001270	0.777803912729161	0.0140243333294235
h1SMcG0001273	-0.80838365769317	0.547326850013307
h1SMcG0001274	-2.34961050392547	0.00108560660427653
h1SMcG0001275	0.361355319802987	0.144237761822915
h1SMcG0001277	-0.867832649305199	0.22868415064301
h1SMcG0001278	-1.56097352283693	0.00191728978833803
h1SMcG0001279	3.35120383448391	0.000000000000000000000000000000000000000000000641431959338396
h1SMcG0001280	0.0870066208751893	0.903931722878129
h1SMcG0001281	-1.2485616971049	0.00526210223513874
h1SMcG0001283	1.93958780832609	0.000000982243244477597
h1SMcG0001284	2.28424923394957	0.00000012597387874294
h1SMcG0001287	-1.01276684206466	0.573889838948517
h1SMcG0001288	3.00057232288944	0.00000000000000000000000000000000000000394233932239722
h1SMcG0001290	1.37658219387979	0.0000000000000321433737895721
h1SMcG0001291	6.88840345297695	0.00000000000000000000000758758095684773
h1SMcG0001293	2.21982805530049	0.00000162914330182734
h1SMcG0001295	3.26809378365175	0.000000000000000000454204794631767
h1SMcG0001297	-0.92348448818794	0.448836258598985
h1SMcG0001298	-1.10043864916709	0.40115600107414
h1SMcG0001300	-0.648312194426037	0.168043370321748
h1SMcG0001301	-0.513705792866333	0.313693749426577
h1SMcG0001303	3.52642255281295	0.000000000000000000000251448978063835
h1SMcG0001304	-1.97518175105285	0.00000199772382915205
h1SMcG0001306	0.439083004372051	0.682598508572576
h1SMcG0001307	-1.67783687220411	0.0226202745243009
h1SMcG0001308	-0.597912458399638	0.506262931694123
h1SMcG0001309	-1.01599469830836	0.0862610050829728
h1SMcG0001314	-0.263663415402708	0.39076034971158
h1SMcG0001315	-1.13943037615122	0.315300889145834
h1SMcG0001317	1.00113181363954	0.337768838971266
h1SMcG0001318	-0.742851850148334	0.325664487933011
h1SMcG0001319	0.212779569416859	0.624475010878873
h1SMcG0001320	-0.113541584953554	0.79351190416189
h1SMcG0001321	-3.7410482365511	0.00209973500843369
h1SMcG0001323	-0.478811342971092	0.262229521956064
h1SMcG0001324	-0.986798674947565	0.361082666142726
h1SMcG0001325	2.52747283525961	0.000020358906495743
h1SMcG0001327	-0.794705272724459	0.654124793102505
h1SMcG0001332	5.12512027107909	0.00000000000000000000000000000000000000000000000000000000000000000000000000000000000000000000000000000000000000000000000000000897571716664768
h1SMcG0001333	-1.06570814697797	0.0767930688827903
h1SMcG0001336	0.870650994973358	0.465438141168439
h1SMcG0001337	1.35992191870554	0.0000798974247364391
h1SMcG0001339	-1.37287874112421	0.403831973627895
h1SMcG0001341	3.258284623037	0.00128041804631409
h1SMcG0001343	0.450673112949993	0.232920782708722
h1SMcG0001344	1.44387249342377	0.00000115743743938476
h1SMcG0001346	0.120936813238667	0.912578678878588
h1SMcG0001348	-0.576203589936058	0.187366393399244
h1SMcG0001349	-3.2855398215141	0.0144197038399679
h1SMcG0001353	3.96965482805649	0.000000000000000000000000000302080369261597
h1SMcG0001354	0.1394099763857	0.738751619525397
h1SMcG0001356	-1.19822663732655	0.00000184701337234019
h1SMcG0001358	-0.5931432315786	0.0162422842338447
h1SMcG0001361	0.430670481772724	0.4575688878777
h1SMcG0001369	-2.31037769307516	0.0230790128867976
h1SMcG0001370	-1.8998238481611	0.0975475364555461
h1SMcG0001372	-0.281847818614993	0.646936344875494
h1SMcG0001375	-0.280828297960299	0.846817991551322
h1SMcG0001376	-2.12873085882598	0.127174413478323
h1SMcG0001380	6.51355487877665	0.0000000834935900331455
h1SMcG0001383	-4.14722141450578	0.0000230225595644589
h1SMcG0001384	-0.822113272114606	0.0904359790899268
h1SMcG0001385	0.427212171432547	0.420057461058206
h1SMcG0001388	2.92284657021657	0.00000000000000246026413370031
h1SMcG0001391	-1.1900168042748	0.309747175045705
h1SMcG0001392	-0.657478744588825	0.146855886770168
h1SMcG0001393	0.627746626095027	0.690462147863852
h1SMcG0001395	-0.13287598918986	0.905136628001151
h1SMcG0001396	-1.10765314943827	0.0199215607402454
h1SMcG0001397	0.0391112318564819	0.924448434071283
h1SMcG0001399	-0.351292842131934	0.453631645396758
h1SMcG0001400	0.175128523580136	0.86758163666925
h1SMcG0001401	0.579433537734343	0.444305604495871
h1SMcG0001402	1.92588092282223	0.0000000000083330824847994
h1SMcG0001403	1.15565172916721	0.00169093261088467
h1SMcG0001404	0.797464681520096	0.0379035311349252
h1SMcG0001405	-0.462148018276819	0.0476746285300602
h1SMcG0001406	2.70599100586846	0.000000713721872057829
h1SMcG0001408	-1.87368075142282	0.000259436066076306
h1SMcG0001409	0.847344074842895	0.233887862665182
h1SMcG0001410	-0.54042835339415	0.141042953634799
h1SMcG0001411	0.286878743760077	0.830206949599493
h1SMcG0001412	-1.69127395932367	0.000000112375484949302
h1SMcG0001413	0.570537294935135	0.500511081392507
h1SMcG0001414	-1.30621091048807	0.293472184316282
h1SMcG0001415	-2.1322350449457	0.190478024814251
h1SMcG0001416	0.813416186172139	0.0652414772881895
h1SMcG0001417	0.80533942736202	0.0155673629605877
h1SMcG0001424	-0.0580006735894769	0.960807181961256
h1SMcG0001427	-2.3057645564137	0.000161543175714675
h1SMcG0001428	0.444434282200261	0.358645327504391
h1SMcG0001429	0.422799899686399	0.132661629972882
h1SMcG0001430	-0.783176672584709	0.399881409102429
h1SMcG0001432	-0.949958104916512	0.56388501412451
h1SMcG0001433	0.748351455031582	0.292836487989028
h1SMcG0001434	1.19844272469813	0.321305830167194
h1SMcG0001439	-2.60566347183361	0.00772867534157997
h1SMcG0001440	-1.89021773020427	0.000529283482007728
h1SMcG0001441	-0.984452894210285	0.0360673690533434
h1SMcG0001443	-1.14012053657425	0.00000423480408093223
h1SMcG0001444	-1.38546471869056	0.399405593163651
h1SMcG0001447	-0.116495664538094	0.776946775495148
h1SMcG0001448	-2.70472550470203	0.00355591007528244
h1SMcG0001449	1.01282818392664	0.096441241471945
h1SMcG0001450	-0.0398920958921149	0.883541159517735
h1SMcG0001452	0.964635349513455	0.000678390579120887
h1SMcG0001453	-2.21069049362195	0.107121217400481
h1SMcG0001457	0.49100334026795	0.0505036907527176
h1SMcG0001459	-1.69254362326099	0.311193267903481
h1SMcG0001464	-1.485544086593	0.00898436915614828
h1SMcG0001466	0.529590058981156	0.099801930016369
h1SMcG0001467	0.0802486754716234	0.954906880181693
h1SMcG0001475	3.96432092860352	0.00000000000000000000000000000961638538837375
h1SMcG0001477	2.07472940890873	0.0105173362773606
h1SMcG0001478	1.8698685232125	0.00000000000000000873824794804429
h1SMcG0001479	-2.33871799582211	0.000707714637097657
h1SMcG0001481	-0.320371351349407	0.766829225317521
h1SMcG0001483	0.401453467479961	0.67728783800973
h1SMcG0001485	-0.151880371803209	0.826323212319994
h1SMcG0001486	-0.918529366282157	0.000000245613310167127
h1SMcG0001487	-2.61721571182126	0.00000000129509240826777
h1SMcG0001488	-0.693060071729366	0.00108492167859492
h1SMcG0001489	-2.63548917183098	0.0000000000400475714440973
h1SMcG0001492	-0.335585440357525	0.128801922202825
h1SMcG0001497	-0.447031098964544	0.311015767901517
h1SMcG0001498	0.97001019937363	0.0000902976972749934
h1SMcG0001500	-0.198441661126197	0.617140306681572
h1SMcG0001501	-1.05639676797136	0.00000170766600680678
h1SMcG0001503	0.215276949155964	0.894544837521392
h1SMcG0001506	-3.08316438642604	0.000181473073763494
h1SMcG0001507	-2.30229713398246	0.0120958053108387
h1SMcG0001508	-1.66864890894967	0.0214227914807926
h1SMcG0001509	-0.364039386055939	0.700272325669894
h1SMcG0001510	-0.593080746383791	0.0383938698598609
h1SMcG0001511	0.414325895767844	0.225832934102005
h1SMcG0001512	-0.457761584549174	0.464305574251708
h1SMcG0001514	-1.65368676631863	0.264276583084899
h1SMcG0001515	-0.873983417900962	0.590346880377656
h1SMcG0001522	0.469218207823822	0.33426009128328
h1SMcG0001523	-0.668562397465845	0.00606998728880426
h1SMcG0001524	-1.10344087172715	0.0459661826306825
h1SMcG0001526	0.327094784275907	0.815393820954572
h1SMcG0001529	0.896030937053496	0.00170832026484929
h1SMcG0001530	-0.183447245216771	0.786029191872183
h1SMcG0001531	-1.22408167402298	0.00190462623901813
h1SMcG0001533	0.569584897066348	0.19368140037923
h1SMcG0001534	-0.177099925052657	0.880229761046086
h1SMcG0001537	-0.490911342996692	0.641823102839235
h1SMcG0001538	-3.4204323663787	0.00694383893557806
h1SMcG0001541	-0.730652646046115	0.527352329122816
h1SMcG0001542	-0.724040630355647	0.652134547476838
h1SMcG0001543	1.50374837282805	0.0000000308607615359804
h1SMcG0001544	-2.30371137477927	0.0261264781546254
h1SMcG0001545	-0.812542600068244	0.578009542447363
h1SMcG0001547	-0.0361748637102143	0.917089599511221
h1SMcG0001548	-1.78347006152268	0.0136257616289153
h1SMcG0001551	-0.982598317752351	0.0000635408037440408
h1SMcG0001552	-0.890400164709841	0.523793074945621
h1SMcG0001553	-0.0972619198877516	0.753105871534627
h1SMcG0001556	-0.520429257941328	0.0364849865861604
h1SMcG0001557	4.5886704741319	0.00000000000000000100890903994123
h1SMcG0001560	-2.01651483621604	0.00607424290038828
h1SMcG0001569	-1.36670517943892	0.134011274083548
h1SMcG0001572	1.03230431287688	0.09909015927956
h1SMcG0001574	-2.69663660211831	0.00000000000626840290243775
h1SMcG0001575	-1.18727883393036	0.421689303043688
h1SMcG0001577	-3.88481571221286	0.00037131673906543
h1SMcG0001580	-2.13185021333272	0.0602599886254557
h1SMcG0001581	1.73358898561917	0.0000000000645273835327768
h1SMcG0001582	-0.930726670237489	0.0230069492304216
h1SMcG0001584	1.49112139733446	0.000797080503260916
h1SMcG0001585	-0.70788536653149	0.0142429559142981
h1SMcG0001588	-0.542990597187106	0.753336390122477
h1SMcG0001589	-5.04896968843035	0.0000000000488441905726361
h1SMcG0001590	-2.13730063604711	0.00000216512331473587
h1SMcG0001592	-1.35917436788601	0.188758779390166
h1SMcG0001598	2.74179934982528	0.000000312519957309578
h1SMcG0001599	-0.54700215799076	0.00592766836542176
h1SMcG0001600	0.326989263643651	0.845963422512655
h1SMcG0001601	-0.703232615276357	0.0176797861231059
h1SMcG0001604	-0.0761452826265159	0.896182371014667
h1SMcG0001606	2.51118178998239	0.00000000000000970303353820065
h1SMcG0001607	3.13231851156895	0.00000000000000000232134597651625
h1SMcG0001608	0.596273533116282	0.342915015516771
h1SMcG0001612	0.361545261676766	0.68794839889932
h1SMcG0001619	-2.29011128644747	0.00000000550534419233242
h1SMcG0001620	-1.0433528706073	0.418898672159537
h1SMcG0001621	-1.05957549044696	0.385566848002669
h1SMcG0001623	1.28600140578627	0.0415388124689518
h1SMcG0001625	2.08762995438348	0.00197727978507119
h1SMcG0001626	0.41038555207524	0.810449712625342
h1SMcG0001627	1.74358713537253	0.0666865850450713
h1SMcG0001630	-0.387982085271139	0.663874433428989
h1SMcG0001631	0.911103560262397	0.0124756015472422
h1SMcG0001632	-0.500146779465367	0.110645502487457
h1SMcG0001633	-0.446892531292976	0.16967189069569
h1SMcG0001634	4.02717195886484	0.00000000322772292403931
h1SMcG0001635	-2.11748352241161	0.00000280661333860902
h1SMcG0001637	1.1284820662675	0.194566974839798
h1SMcG0001638	-1.62022410556049	0.0000755031259936203
h1SMcG0001639	0.147404089422961	0.763127560729962
h1SMcG0001640	-1.48593626341739	0.22808156931015
h1SMcG0001641	-3.03503693056693	0.010062040430557
h1SMcG0001642	0.243051945121323	0.847079434809568
h1SMcG0001643	-1.67425837266958	0.000000101883757318757
h1SMcG0001646	5.87330904185439	0.0000000219167979891995
h1SMcG0001647	6.42547252881173	0.0000000125300126437979
h1SMcG0001649	-4.04518003964213	0.000000000245682781163924
h1SMcG0001650	0.0768910022192462	0.967779541696481
h1SMcG0001652	6.09755590239084	0.0000000815138732177082
h1SMcG0001653	2.15795843306606	0.0000000000000000000173573614282011
h1SMcG0001654	-1.41118941520665	0.000000148826811883285
h1SMcG0001658	2.25511591714203	0.0000000517504802563394
h1SMcG0001659	-1.60297475719081	0.15363811095056
h1SMcG0001660	1.15602241669363	0.00000307558809759155
h1SMcG0001661	-0.954528942637756	0.000415928189787505
h1SMcG0001662	-1.4527705670931	0.0000000176992689081404
h1SMcG0001663	-1.70903281377462	0.000281400822147607
h1SMcG0001664	5.60661772068752	0.000000000000000000000000000000000000000000000000948781726072124
h1SMcG0001665	2.41492904857899	0.0000000000133890265944409
h1SMcG0001668	-0.630953956388971	0.0604917684162444
h1SMcG0001669	2.40868726292552	0.000000000000000000000000000000000000000000000000000000718226848522479
h1SMcG0001670	2.90865814313504	0.00000000000000000000000000000000000000000486929190604658
h1SMcG0001671	-2.63732297365809	0.00362249422215833
h1SMcG0001672	-1.47300478331012	0.000137424676834239
h1SMcG0001673	-1.40158086979138	0.0597630014009736
h1SMcG0001674	0.463717483998361	0.770575759700569
h1SMcG0001675	0.41555711771821	0.416673410454403
h1SMcG0001676	-0.305836729072491	0.708037882601324
h1SMcG0001677	0.655346479897931	0.280699250097535
h1SMcG0001678	-0.0914633167615928	0.894270836545389
h1SMcG0001679	-0.186669231149836	0.850437054487909
h1SMcG0001680	0.223455017074422	0.705347544492771
h1SMcG0001681	0.252369367271146	0.812545716044908
h1SMcG0001682	0.549992324154167	0.0122037483179761
h1SMcG0001683	-1.01360914282847	0.0135976839496537
h1SMcG0001684	-0.145231028705227	0.628592326229647
h1SMcG0001685	0.170382387055759	0.864203652416718
h1SMcG0001694	-0.543937395779635	0.6969480117587
h1SMcG0001697	0.49481444305337	0.652677382203455
h1SMcG0001698	-1.00336690475317	0.532704224669363
h1SMcG0001699	-4.26476406036781	0.0000733629162623139
h1SMcG0001701	-0.203738062604398	0.887069945708813
h1SMcG0001702	0.783878408878933	0.0721650729858489
h1SMcG0001703	0.480343026501339	0.334210326316581
h1SMcG0001704	-3.21441179259893	0.014705746678364
h1SMcG0001706	-0.798840794326488	0.0174317415588945
h1SMcG0001710	-0.900028644605796	0.000000159700800122708
h1SMcG0001712	-1.98315437962423	0.0127882377124045
h1SMcG0001713	2.4208964351996	0.0000000155900609638405
h1SMcG0001714	-1.0755559444333	0.127183018277666
h1SMcG0001715	0.315149838327748	0.269225130208722
h1SMcG0001717	-1.38089278350696	0.163227040489979
h1SMcG0001718	0.933664505154183	0.0266559366136913
h1SMcG0001719	-2.8549006007019	0.0000000198198478490179
h1SMcG0001720	-1.8532557829311	0.000938768587071044
h1SMcG0001722	-0.65698659993911	0.694459552901264
h1SMcG0001723	-1.75714769546792	0.134870526048998
h1SMcG0001725	2.66878792182111	0.000245909897540165
h1SMcG0001726	-1.32950358893044	0.117098265040617
h1SMcG0001728	-1.65748609459236	0.232442999388354
h1SMcG0001729	-3.05078660604714	0.00000000260926186916007
h1SMcG0001730	-1.46772730643209	0.00156051707227845
h1SMcG0001731	-2.12834560436908	0.193849457955806
h1SMcG0001734	-1.71944275281033	0.0427408832932714
h1SMcG0001738	-2.7200028722968	0.0000000954249463437957
h1SMcG0001739	-1.86442209789784	0.177857812035863
h1SMcG0001740	-0.298894445953955	0.29441060128218
h1SMcG0001747	-2.44098152677647	0.11621880871816
h1SMcG0001748	-0.653617137505423	0.0403113442049459
h1SMcG0001750	0.97751837708928	0.0000324740734996242
h1SMcG0001751	-3.59717576354724	0.0000000000028771487132638
h1SMcG0001752	-0.970935675943461	0.585830170301188
h1SMcG0001755	-0.750646697649809	0.0495323847456042
h1SMcG0001756	1.00797545716329	0.452560352133386
h1SMcG0001757	0.735011219812262	0.466964576720036
h1SMcG0001759	3.11117662084003	0.00000000000000000000000019229870248674
h1SMcG0001761	-0.39584618928017	0.482661171249616
h1SMcG0001765	-1.35775600204052	0.08875167803112
h1SMcG0001766	-3.24766916764135	0.0121764263401653
h1SMcG0001768	1.07639600202158	0.262046266978791
h1SMcG0001771	4.26492621005514	0.000000000000000000000000000000000000000000000254678515205546
h1SMcG0001772	-0.527465286119316	0.0737085495447719
h1SMcG0001773	-1.02902142456821	0.0726377273804777
h1SMcG0001775	-0.51384695901867	0.116586026264005
h1SMcG0001776	0.94228702610383	0.452537296669255
h1SMcG0001778	-0.2807457386994	0.380462363878814
h1SMcG0001780	-1.19400360532187	0.459357920957477
h1SMcG0001782	-0.576217587066706	0.35643834032391
h1SMcG0001783	-1.41452936884934	0.00102513073526491
h1SMcG0001784	-0.361062201631135	0.661171938540829
h1SMcG0001785	-0.387847995399031	0.567220798903377
h1SMcG0001787	3.60107498985004	0.000000000000000169153702052558
h1SMcG0001788	-0.753295449892246	0.00446321507832508
h1SMcG0001790	-0.624460763959418	0.545037304665168
h1SMcG0001791	-2.70944216499762	0.0531346081739075
h1SMcG0001795	-1.00835913587942	0.38177001708222
h1SMcG0001796	-1.57407661468304	0.00000380388500033328
h1SMcG0001797	0.231192517462396	0.390731635974493
h1SMcG0001798	-1.88934939321502	0.0121970013849174
h1SMcG0001799	-2.60029096808656	0.0000000011933094163154
h1SMcG0001801	-1.05811549454593	0.0740945191150769
h1SMcG0001802	-5.4575029994355	0.000000474106297164248
h1SMcG0001803	0.572621938262022	0.0818459556554392
h1SMcG0001804	-4.02636536044121	0.0000000000000179581657697977
h1SMcG0001805	-2.64801152280962	0.00141996845701621
h1SMcG0001806	0.993115806132181	0.0816380387450591
h1SMcG0001807	0.255694500700602	0.23384993071182
h1SMcG0001808	0.581657369478786	0.00159178500318792
h1SMcG0001811	0.550516501622154	0.441026439744916
h1SMcG0001812	-0.567857946400992	0.118505489632226
h1SMcG0001813	-1.41424975493691	0.00000000000919788538415045
h1SMcG0001816	-1.54530559898677	0.00000000994851064685744
h1SMcG0001820	2.11599861299895	0.00000357338602839477
h1SMcG0001822	-0.645691592580529	0.278077777716424
h1SMcG0001823	-1.26706021859336	0.00302686235322789
h1SMcG0001825	-2.71156585230634	0.0382063575890029
h1SMcG0001827	1.31260426427148	0.0712287211299387
h1SMcG0001829	-1.9179887969284	0.00000269004891486083
h1SMcG0001832	-1.16770606808516	0.00944526990325476
h1SMcG0001835	0.0449876523007745	0.934828599119454
h1SMcG0001836	-1.38217380820287	0.0000953733363529102
h1SMcG0001837	-1.32633958892987	0.374631700317757
h1SMcG0001838	-0.246287716480498	0.198926923661454
h1SMcG0001840	-0.452901953556093	0.154986129991855
h1SMcG0001843	-0.131306602133421	0.67794074825838
h1SMcG0001844	1.5508339869211	0.000136370782436408
h1SMcG0001845	-0.957525683386997	0.20941649735291
h1SMcG0001846	1.86302898574133	0.000000178666796275896
h1SMcG0001847	4.132824298911	0.00000140338159590996
h1SMcG0001848	0.655890059640449	0.722263185758952
h1SMcG0001852	5.27577963714302	0.0000000000000000000125740035993671
h1SMcG0001853	2.56448229193649	0.0000000176031731891485
h1SMcG0001854	1.7254700925055	0.0886841286440094
h1SMcG0001856	-0.748361485771189	0.0701926670479444
h1SMcG0001857	2.26358087978386	0.0000000000000000000700590581825722
h1SMcG0001859	0.573616338716406	0.00491023876169309
h1SMcG0001861	-1.27181886920606	0.0313446585812694
h1SMcG0001862	0.114907219638008	0.944888863190378
h1SMcG0001863	-1.41068099198516	0.0025439053520024
h1SMcG0001865	-4.18598949848232	0.0000130115880340965
h1SMcG0001866	1.19957364785848	0.000017857603484154
h1SMcG0001867	-2.37555706286873	0.0000000000000025529975811257
h1SMcG0001869	-1.08672078486572	0.371917548582604
h1SMcG0001870	-0.601711983044479	0.38578595329073
h1SMcG0001872	2.26635003734314	0.0000119823147404574
h1SMcG0001874	-4.20165771133856	0.000660062140279128
h1SMcG0001879	-0.225935638576317	0.831324334708547
h1SMcG0001881	-1.58938686662627	0.0088006785602454
h1SMcG0001882	1.00487678657885	0.235261461889725
h1SMcG0001884	1.20515775837872	0.00000100241830014378
h1SMcG0001885	-0.717845325399043	0.659127666956937
h1SMcG0001886	-3.12218859509787	0.0115851008300078
h1SMcG0001887	-1.55471533830929	0.0257386793607878
h1SMcG0001888	-1.04126609428979	0.0151164633098454
h1SMcG0001889	-4.01903286988347	0.000406219544552889
h1SMcG0001890	-1.53309580395209	0.0220391745847635
h1SMcG0001891	3.73974898312026	0.0000000000000475417312284108
h1SMcG0001892	-1.98619315570376	0.054848138915729
h1SMcG0001893	-0.604059978303674	0.55538784141605
h1SMcG0001894	-1.34900598068525	0.251292039047614
h1SMcG0001895	-1.78400669272277	0.0938435165002197
h1SMcG0001896	-2.09377917410249	0.000395057991276166
h1SMcG0001898	-2.58257052803712	0.000000000000000000608169298039826
h1SMcG0001900	-1.31608899315196	0.0626891696349851
h1SMcG0001902	0.325287124018826	0.392652904558819
h1SMcG0001903	-1.9725585165113	0.00169403508645244
h1SMcG0001904	0.575544582335762	0.737867618150439
h1SMcG0001911	-0.348912985212435	0.492837602233983
h1SMcG0001915	-0.192893850053821	0.568383279479628
h1SMcG0001916	-2.98096640194498	0.000000000000216320227614196
h1SMcG0001920	1.3393618923723	0.213432385021898
h1SMcG0001921	-2.29779940620167	0.00131714799965406
h1SMcG0001922	-3.70422336914219	0.00555636067115943
h1SMcG0001923	-1.34974546940335	0.231117472288471
h1SMcG0001924	-0.916212156144731	0.000150791187941765
h1SMcG0001927	-1.70091845793632	0.0259134181394046
h1SMcG0001928	3.17066286809216	0.00000000000000131481384476115
h1SMcG0001929	-2.64441123187593	0.000558907904606316
h1SMcG0001930	-1.9798913954493	0.240316551954267
h1SMcG0001931	0.171428385745972	0.710293180482715
h1SMcG0001934	-1.88834319840828	0.19894170979994
h1SMcG0001935	0.164772740198265	0.845067123059863
h1SMcG0001936	2.92358916130566	0.000000020150630067621
h1SMcG0001938	-0.476823156415014	0.17102877223953
h1SMcG0001939	0.713976382587581	0.11830384305856
h1SMcG0001940	2.68864868251233	0.0000000000000000000443997379780863
h1SMcG0001941	-1.607632110162	0.000000708489408407962
h1SMcG0001944	0.337463574254113	0.683558448385224
h1SMcG0001945	-1.00758447053366	0.0030705776394309
h1SMcG0001946	5.07288624157856	0.0000000000000000000000871130280650908
h1SMcG0001947	-1.69732729543717	0.229070344130198
h1SMcG0001948	1.61157909380755	0.000321918506390979
h1SMcG0001949	1.00114226782537	0.482787630413991
h1SMcG0001951	0.241264152841785	0.427395828460701
h1SMcG0001953	2.84073557639925	0.00000000000000102939673684733
h1SMcG0001955	0.504009485884795	0.361782255180836
h1SMcG0001956	0.196906265704276	0.612733248730879
h1SMcG0001958	0.33237346979151	0.487500070218739
h1SMcG0001961	0.79205356430835	0.649978815945932
h1SMcG0001962	-1.35090212244851	0.191157840299396
h1SMcG0001963	-0.877123290956591	0.0261713935202766
h1SMcG0001967	0.625099400752042	0.61870635123103
h1SMcG0001968	-2.54110951915217	0.0297261445895294
h1SMcG0001969	-4.64702972468171	0.0000263442149519485
h1SMcG0001970	-0.782364440161947	0.522662249779514
h1SMcG0001972	-1.59267204939884	0.0294044440577678
h1SMcG0001973	-2.41223101183156	0.000000000000000000000164785818651659
h1SMcG0001974	-1.03614880751653	0.0369365234302496
h1SMcG0001975	-0.261845480404296	0.594813569757689
h1SMcG0001978	4.3324917901376	0.00000000000000000000000141460209257018
h1SMcG0001979	-1.02742199159176	0.000261817523139244
h1SMcG0001980	-1.85674257424572	0.000007247824488878
h1SMcG0001982	-0.877703542942115	0.00272460779764275
h1SMcG0001983	-0.524025760940378	0.0392997373510006
h1SMcG0001984	-0.44090278393813	0.519325319557778
h1SMcG0001989	0.504650168923902	0.0648678570137936
h1SMcG0001991	1.06476474691847	0.019149568940985
h1SMcG0001992	-1.17109038156684	0.508855560966291
h1SMcG0001993	-0.533057641120399	0.359200424325651
h1SMcG0001994	2.82474136421139	0.00000000000000000000000000000259489684713093
h1SMcG0001995	1.65710491994511	0.00000022361706847183
h1SMcG0001997	0.122798854604813	0.761104348507904
h1SMcG0001999	0.344864458029562	0.787074268948623
h1SMcG0002001	-0.43575732137752	0.215207776277096
h1SMcG0002003	0.177791869028874	0.827124087674624
h1SMcG0002004	-2.21560995754772	0.0189842585134949
h1SMcG0002005	2.53229662019333	0.000000000000000000000117111448693047
h1SMcG0002006	-0.454628848899117	0.588162173541549
h1SMcG0002007	-1.60019953666365	0.00248494235912357
h1SMcG0002009	4.30604122169082	0.0000000000000340667272993131
h1SMcG0002010	-0.264481673127863	0.834402981395671
h1SMcG0002014	-0.819101987450055	0.0161746357487393
h1SMcG0002016	0.338640627747843	0.412805924072195
h1SMcG0002017	-1.53797424568265	0.236331495332066
h1SMcG0002018	-0.979655340467583	0.124305382493345
h1SMcG0002019	-1.62506079265424	0.0000000837421520671578
h1SMcG0002021	-0.136908097375197	0.939395177905574
h1SMcG0002022	-1.71358042882288	0.0000117640153977305
h1SMcG0002023	0.514250932837272	0.677575240983282
h1SMcG0002025	-0.496003823662421	0.59501312125761
h1SMcG0002026	2.3500672259582	0.000494399158317647
h1SMcG0002027	-0.361319027220374	0.358021045260187
h1SMcG0002028	-0.793048598134512	0.549520543352928
h1SMcG0002029	-4.32877294880033	0.00034643652509056
h1SMcG0002030	-0.893654795946292	0.0838751307111804
h1SMcG0002034	-0.968271934469357	0.0972655993347486
h1SMcG0002035	-1.19556505964742	0.309574072249143
h1SMcG0002037	0.429021469325196	0.643580184907411
h1SMcG0002038	-0.0961213306634671	0.902394179098086
h1SMcG0002039	2.34591490325155	0.00926744180956452
h1SMcG0002041	-0.580916258819784	0.128548317390349
h1SMcG0002044	0.42384628160616	0.399687121150302
h1SMcG0002046	1.22145577158541	0.20776877233839
h1SMcG0002047	0.181807455312847	0.865100726761441
h1SMcG0002051	0.569439300359824	0.372178276750569
h1SMcG0002053	-0.535293369634737	0.333114105280271
h1SMcG0002055	0.0747004523601541	0.868809925964138
h1SMcG0002057	-5.05129261301991	0.00000278210987768031
h1SMcG0002059	0.677818598593584	0.384688275343785
h1SMcG0002061	0.489598340946683	0.169111659608798
h1SMcG0002062	-0.155713688610022	0.865641995624809
h1SMcG0002065	0.618549505071036	0.0166201976020724
h1SMcG0002066	-1.58271098386414	0.31051066345761
h1SMcG0002067	1.35345729572713	0.158800944503132
h1SMcG0002071	-0.345674066453111	0.68006019999619
h1SMcG0002072	-0.861892549682534	0.315379698739498
h1SMcG0002073	-1.88612862385179	0.261570144634553
h1SMcG0002076	-1.56336821224124	0.367395985195976
h1SMcG0002077	-1.23728629395594	0.343970283743925
h1SMcG0002078	0.917706853107166	0.0597930580102871
h1SMcG0002079	4.28646506792396	0.00000000000000000157103287731653
h1SMcG0002080	-2.42405738136272	0.0360207854638937
h1SMcG0002081	-0.815010844907447	0.201124558273192
h1SMcG0002084	-0.854353036037779	0.558002415781203
h1SMcG0002085	-0.366704388732139	0.779353429016186
h1SMcG0002086	1.17597368214091	0.0257657703418739
h1SMcG0002091	-0.382088957087338	0.613970070640989
h1SMcG0002093	0.684662515161751	0.434174893259341
h1SMcG0002094	-0.587461964678527	0.706660439538859
h1SMcG0002095	0.0202402248788247	0.956395552969286
h1SMcG0002096	-0.246453174816703	0.89654289737976
h1SMcG0002097	0.215142449325843	0.697029923396824
h1SMcG0002099	2.13115139864329	0.0000000000000881802190164748
h1SMcG0002100	-2.1977145446514	0.000175344834619108
h1SMcG0002102	-0.25550923375862	0.854875664274948
h1SMcG0002103	-0.638205466715068	0.247589488467462
h1SMcG0002104	-0.210455359874277	0.896734140230521
h1SMcG0002105	0.577885228572702	0.489432585392193
h1SMcG0002107	3.00792709768678	0.000000000000000000000000698332369546945
h1SMcG0002108	0.057305671550523	0.880802605124956
h1SMcG0002110	-0.215364950294127	0.77069670552563
h1SMcG0002112	0.946988646977091	0.477453144270558
h1SMcG0002113	0.175671033930809	0.868809925964138
h1SMcG0002114	0.108335983701873	0.91863862966704
h1SMcG0002116	-1.2124656014661	0.00000114455653777897
h1SMcG0002117	-2.61598817321476	0.00000000000000000000000000000000000000000000000000000000000000000000000000372521987164618
h1SMcG0002120	-1.46415717566545	0.000154509078065221
h1SMcG0002123	0.683056863281854	0.0263730663386926
h1SMcG0002125	-1.65207800716773	0.0113825163026605
h1SMcG0002126	3.50170710883438	0.000182083612529077
h1SMcG0002127	-3.98821634160668	0.0000000000000000501884031597845
h1SMcG0002129	0.597130303355679	0.131250915286361
h1SMcG0002130	-0.660972309772408	0.671623610507031
h1SMcG0002131	3.86689835764825	0.0000000000000000000000683797598986737
h1SMcG0002134	1.04149982496859	0.000404079051001765
h1SMcG0002136	-0.497967993324171	0.655734456711566
h1SMcG0002137	-0.271009354220175	0.774647211730158
h1SMcG0002138	-1.24548193550133	0.0189264231654271
h1SMcG0002139	-1.46047243515064	0.000000000893212093460428
h1SMcG0002141	-1.12535745675368	0.00000262997367152917
h1SMcG0002143	-1.1828373384843	0.000172493813337072
h1SMcG0002144	0.00611442478523649	0.995209956285747
h1SMcG0002149	-1.76079954181301	0.0000000156166502789938
h1SMcG0002150	-0.612202665508066	0.586996815369095
h1SMcG0002151	0.578182448985258	0.666625066843066
h1SMcG0002152	-2.19220986287199	0.00000000197704740979633
h1SMcG0002153	1.21561729215966	0.191247647546075
h1SMcG0002154	0.0441668777613163	0.976268262770925
h1SMcG0002157	-2.81995150373229	0.00000000834627796217446
h1SMcG0002159	-0.474786133810114	0.400342152691427
h1SMcG0002160	3.5016298840599	0.000000000000000000000000000147882127182183
h1SMcG0002161	1.42230197136663	0.00110220699577483
h1SMcG0002162	1.23277436173488	0.000000000436596997769876
h1SMcG0002164	-0.110730686682681	0.946179827625022
h1SMcG0002168	-0.746711340071847	0.0579474330571627
h1SMcG0002169	-1.09932526829709	0.0605304302049665
h1SMcG0002171	-3.17487272148849	0.0359415967342906
h1SMcG0002172	-0.095116257690715	0.951523918054291
h1SMcG0002173	-1.49049121433601	0.0884288598055765
h1SMcG0002174	-1.64214435777453	0.0054377748278027
h1SMcG0002175	-2.77322613204688	0.0000000000000000000000000000000261350846327346
h1SMcG0002178	-1.865596383304	0.0270025089922762
h1SMcG0002179	0.254915057664177	0.842156948205197
h1SMcG0002182	1.47318437857178	0.00277344256190146
h1SMcG0002183	-0.712872614090521	0.0498266073540001
h1SMcG0002185	-3.006794011268	0.00000168803190821014
h1SMcG0002186	-1.41417124604797	0.0166680402733842
h1SMcG0002187	1.30414040702259	0.065943286885977
h1SMcG0002188	-3.28124018093939	0.00000000392631421084561
h1SMcG0002190	-2.30237023809887	0.00000000230127886684929
h1SMcG0002191	-3.52530045105769	0.0109958123398251
h1SMcG0002192	-0.999482525005857	0.143675648591845
h1SMcG0002194	2.03270601109335	0.00000000000464105494658049
h1SMcG0002196	-2.02231291981567	0.0112466181285842
h1SMcG0002197	0.413524688108791	0.241778668420093
h1SMcG0002198	-0.812586212291642	0.0118517319148636
h1SMcG0002200	1.63078504601741	0.000103585289952946
h1SMcG0002201	-0.833202402007139	0.644654017117763
h1SMcG0002203	-0.419331660119364	0.694680540171661
h1SMcG0002206	-1.1268940668984	0.0450416316939855
h1SMcG0002207	0.154177155821653	0.556140087814056
h1SMcG0002209	1.32520139121526	0.000638604169612166
h1SMcG0002210	1.80329891334747	0.0000445711150283683
h1SMcG0002211	1.26417269745996	0.375466034859905
h1SMcG0002212	1.30609535473687	0.0000408929722430525
h1SMcG0002213	-1.07416631126154	0.143544420034316
h1SMcG0002214	-1.30976144976481	0.0645934730839685
h1SMcG0002215	-0.129079201201587	0.635751364267002
h1SMcG0002216	-2.04561713542821	0.0171359116474524
h1SMcG0002217	3.13047039168301	0.0000000464965920886497
h1SMcG0002218	-2.74568378317403	0.0290796409992493
h1SMcG0002219	-0.96973875652745	0.168536633116119
h1SMcG0002220	0.274386629723387	0.46233330342037
h1SMcG0002221	0.437209060931435	0.273200488908173
h1SMcG0002222	-0.0124746378454298	0.98763909224963
h1SMcG0002223	-1.08189789629424	0.000818779234925239
h1SMcG0002224	-1.81375275663515	0.0675598564529774
h1SMcG0002232	1.02005828522573	0.409749641746435
h1SMcG0002233	-0.460926712897105	0.166614469703627
h1SMcG0002234	3.23904701878363	0.000229404219914436
h1SMcG0002235	1.47906502148566	0.156659199147104
h1SMcG0002236	0.248205451970665	0.832680003788963
h1SMcG0002239	0.945207244269545	0.0187648770327998
h1SMcG0002241	-1.09251598462546	0.0342917047436547
h1SMcG0002244	2.09725279989527	0.0126733159087435
h1SMcG0002245	-2.94871397297568	0.00262132696116814
h1SMcG0002249	-1.85030260384043	0.0781875789237828
h1SMcG0002250	0.808811525041749	0.000205414953090446
h1SMcG0002251	-0.348907678636216	0.400530369836279
h1SMcG0002252	-0.398727597142524	0.194003521433904
h1SMcG0002253	0.296625779427145	0.648757096059493
h1SMcG0002255	1.11086840838771	0.00048768922660344
h1SMcG0002256	3.51197878560406	0.0000000000000000304730962369087
h1SMcG0002257	-0.735556717355968	0.0203787633905897
h1SMcG0002259	0.790737520234105	0.00223917847036267
h1SMcG0002260	-1.25649733060098	0.00000203505862395635
h1SMcG0002261	2.26091434343592	0.0136521093172871
h1SMcG0002262	-3.55801192617225	0.00203886900451727
h1SMcG0002264	-0.281850297678125	0.416681700493171
h1SMcG0002267	-1.24581395428792	0.0000010383794103748
h1SMcG0002268	1.75909113248767	0.163990633648468
h1SMcG0002269	0.685319021314811	0.00135628372137778
h1SMcG0002273	4.36412997094069	0.000000000152368367350631
h1SMcG0002274	2.86820511676386	0.00000000000000669463510050801
h1SMcG0002275	1.06309741511817	0.00000825995573090099
h1SMcG0002278	-1.12377969800526	0.198129127097803
h1SMcG0002282	-0.0949932254475664	0.860664938585485
h1SMcG0002285	-1.07663509536153	0.123026988824883
h1SMcG0002286	-0.626264273800669	0.0866726170065814
h1SMcG0002287	1.26102294222647	0.170855678477973
h1SMcG0002288	-0.114233336621152	0.942701229585083
h1SMcG0002289	-0.715724122510011	0.659011085093002
h1SMcG0002291	1.03101996026063	0.146602067978222
h1SMcG0002292	1.05506518345011	0.0605304302049665
h1SMcG0002293	-2.85927928933331	0.0000000273176499561237
h1SMcG0002294	-1.0532707764057	0.000219292632402106
h1SMcG0002295	-1.26746141088239	0.00117858142579801
h1SMcG0002296	-1.23469135361071	0.0492817966415209
h1SMcG0002297	-0.608174520129644	0.0389650633830558
h1SMcG0002298	-1.92026034902029	0.0366696156280099
h1SMcG0002299	-0.837372194496635	0.0256217068822538
h1SMcG0002303	2.50764500271429	0.000428312856950427
h1SMcG0002306	0.331041064127189	0.638977480902173
h1SMcG0002307	-0.753480838749747	0.165862723045626
h1SMcG0002308	-1.41238553179649	0.006978717132505
h1SMcG0002309	-0.343708046511845	0.739146296816722
h1SMcG0002313	-4.97807618995426	0.0000000322658159666328
h1SMcG0002314	1.52031437464544	0.00000000000000815804425866262
h1SMcG0002315	-3.92123507191183	0.000000000698936203711814
h1SMcG0002316	-3.89937904905204	0.000000000000000000000000000000000679722595575482
h1SMcG0002317	-6.04429063379593	0.000000158554524448541
h1SMcG0002318	-2.179398644949	0.000000000000000000000000000116012286069974
h1SMcG0002319	-0.89782290948176	0.265888283576028
h1SMcG0002320	1.29854222015853	0.0446062151786128
h1SMcG0002322	-0.500642408639489	0.616993378744055
h1SMcG0002326	2.27718561481942	0.00000000000000000000117971869633975
h1SMcG0002327	-0.687230834780763	0.647400726015133
h1SMcG0002328	-0.418657204692812	0.645439573400806
h1SMcG0002330	-0.676762788287635	0.654418278589254
h1SMcG0002331	1.20681361809396	0.00125570948122938
h1SMcG0002334	-0.527291046950053	0.368946618342106
h1SMcG0002335	-0.56584780429462	0.221450112712138
h1SMcG0002336	2.31570053744318	0.000000208927717994818
h1SMcG0002337	-0.977203943507221	0.000000409346521104691
h1SMcG0002340	-0.61324560887795	0.741383710024705
h1SMcG0002341	1.92914951993383	0.00000000205968634272952
h1SMcG0002343	-0.271430636517012	0.789012866337677
h1SMcG0002344	4.03149263484597	0.000000000000000000000745761020362097
h1SMcG0002345	0.40930070000708	0.740214250396864
h1SMcG0002348	-2.61610940317353	0.0658780126032716
h1SMcG0002349	1.65666713131854	0.236047719532133
h1SMcG0002351	1.72076386182003	0.000000350101379540811
h1SMcG0002353	1.05731354204144	0.00123549612490071
h1SMcG0002357	4.41832943051841	0.0000000000000000000000157396720982429
h1SMcG0002359	6.92944327186011	0.00000000000000000405691929600527
h1SMcG0002360	-0.221944616471498	0.826173965144493
h1SMcG0002361	-1.47411640411019	0.0000186267542696459
h1SMcG0002362	1.29559281017786	0.000147783607027883
h1SMcG0002364	-0.643455980557924	0.424578734520841
h1SMcG0002366	-1.39652523804446	0.0340330841855289
h1SMcG0002367	-0.276540615974044	0.808246375479447
h1SMcG0002371	3.12953281662763	0.000674293615233701
h1SMcG0002372	0.152562174442119	0.855868885129945
h1SMcG0002373	-0.87756330435488	0.0858697336953199
h1SMcG0002374	0.164280173663987	0.770775762667137
h1SMcG0002375	-0.237237344240229	0.868809925964138
h1SMcG0002376	-2.93027407800544	0.0297930275341685
h1SMcG0002377	-1.70637411704235	0.18021437343665
h1SMcG0002380	-0.28548822980949	0.632057892606954
h1SMcG0002381	-1.28224968652765	0.00000569214774024229
h1SMcG0002382	0.635328858635279	0.084334837066255
h1SMcG0002383	0.570003663805304	0.2833508665355
h1SMcG0002387	-0.367883598118156	0.582442801471368
h1SMcG0002388	-1.49037636538071	0.273767865543878
h1SMcG0002390	-1.46101591597532	0.230782858820385
h1SMcG0002391	0.673990607438315	0.204007162539997
h1SMcG0002395	0.135383768653552	0.820429658993296
h1SMcG0002396	-0.165604506636502	0.931230040195082
h1SMcG0002402	-0.960644961911541	0.122460719823074
h1SMcG0002404	-4.2613215947862	0.00000525660398695054
h1SMcG0002406	2.49031050497872	0.00632247119839354
h1SMcG0002408	-2.90158524042078	0.0000000202559793369775
h1SMcG0002409	3.93147849056724	0.000000000000000000000000513285757096928
h1SMcG0002410	2.37668288130195	0.00000000000000729486312558711
h1SMcG0002411	0.715261423651558	0.371981213702074
h1SMcG0002412	-0.953102524369008	0.282066119050412
h1SMcG0002413	0.504447231975381	0.353659099156725
h1SMcG0002414	-0.878130435961679	0.108532727916386
h1SMcG0002416	3.04341235815376	0.0000000000000000585625293217175
h1SMcG0002418	-1.7342327709364	0.0000417825242415549
h1SMcG0002424	-0.162474943232731	0.711933319407147
h1SMcG0002429	0.194388235561137	0.731701789603288
h1SMcG0002430	-0.234366394985406	0.613275228426125
h1SMcG0002434	-0.172959560743156	0.916542530259716
h1SMcG0002436	-0.441520543452593	0.384151600935596
h1SMcG0002437	1.44040110668986	0.000000146751966018883
h1SMcG0002438	-0.604164261369576	0.282570460007717
h1SMcG0002440	-1.07324155128521	0.254404760394348
h1SMcG0002441	-2.20827583256472	0.0137523082294972
h1SMcG0002444	-0.185545320247964	0.64822305565186
h1SMcG0002445	-1.43077778422017	0.146825773725491
h1SMcG0002446	-1.81623334392434	0.174240654243412
h1SMcG0002447	-2.71649168119714	0.0587309588861088
h1SMcG0002448	0.191567214563455	0.703295809303867
h1SMcG0002449	1.38122274237686	0.000000278998491096268
h1SMcG0002450	-1.6015182310266	0.0000345821538642682
h1SMcG0002451	-2.77229348171538	0.0129266372443555
h1SMcG0002453	-0.501393301123499	0.134339356002283
h1SMcG0002455	1.05472180621579	0.439396159891546
h1SMcG0002456	-0.441073604941059	0.108689376418196
h1SMcG0002457	2.56457659626563	0.00137884032023941
h1SMcG0002458	-0.013573991503047	0.973861011081452
h1SMcG0002460	0.871680764407153	0.613547575571976
h1SMcG0002461	0.549367062635828	0.708733399318794
h1SMcG0002462	0.101252351583905	0.943594817127365
h1SMcG0002466	1.28950081218005	0.177961777361347
h1SMcG0002467	-0.486195856114491	0.7072367635134
h1SMcG0002469	-0.814693640210658	0.000315590750179526
h1SMcG0002475	-5.3122568527524	0.000000614393340813932
h1SMcG0002477	-1.4205878992372	0.0320907457064159
h1SMcG0002479	-0.803144704195131	0.299190275876684
h1SMcG0002480	-0.879590257837	0.00284136120615839
h1SMcG0002481	-0.253427257032555	0.883763307718897
h1SMcG0002483	-4.43677326947981	0.0000297995604624923
h1SMcG0002485	-0.57074860344072	0.0200535974257647
h1SMcG0002486	-1.72703928491529	0.0000000944319948796314
h1SMcG0002487	1.00767053731654	0.176760793496256
h1SMcG0002491	-0.755678184681572	0.277304894122147
h1SMcG0002492	-2.79144019601464	0.0016260422582283
h1SMcG0002493	-0.0952105809034017	0.943162354144936
h1SMcG0002494	-1.06964644345232	0.0165825595894865
h1SMcG0002497	3.08558046642497	0.0000000000000000680138360759617
h1SMcG0002498	1.39938278860236	0.00959060856787078
h1SMcG0002499	2.82294668222024	0.00000000000000000000000000000000000000000000282567010684943
h1SMcG0002501	0.568490425173453	0.295632774272419
h1SMcG0002503	-2.08534451612417	0.195889723531903
h1SMcG0002505	-1.16023257379935	0.0858428692683141
h1SMcG0002507	4.68003131597841	0.000000000000000000000000000000000000000000000000000000348233308592106
h1SMcG0002508	7.43596580229081	0.00000000000000000000000000011281954391993
h1SMcG0002509	-0.538699065961159	0.328901225791487
h1SMcG0002510	0.189663294892417	0.832803522830431
h1SMcG0002512	-0.570557271882932	0.537099873770521
h1SMcG0002513	-0.349962621161235	0.384417685381129
h1SMcG0002517	-0.282136990814174	0.773695008252864
h1SMcG0002518	-1.37343044312174	0.0000000000187395305403572
h1SMcG0002520	0.569493780583174	0.65454323291128
h1SMcG0002521	0.025034779655616	0.958493448834148
h1SMcG0002523	0.816358442943332	0.148254487565788
h1SMcG0002525	0.288611602656663	0.126500297373997
h1SMcG0002531	-1.69668601876027	0.00001236611658813
h1SMcG0002533	-1.97967969019045	0.166679482029501
h1SMcG0002534	1.0012233171245	0.0000748242751793324
h1SMcG0002535	-1.14643048641831	0.0352729648193744
h1SMcG0002537	-0.918610221641788	0.404561113994478
h1SMcG0002538	-0.828657086783925	0.00328105084135412
h1SMcG0002540	-0.22662126774317	0.499785149083674
h1SMcG0002543	-0.140595838698014	0.720727144224853
h1SMcG0002544	2.36895983874391	0.0000255679133864212
h1SMcG0002545	2.20921391306072	0.0000000000000000000000990068718649884
h1SMcG0002546	-1.53110209074781	0.00000000968899546873022
h1SMcG0002547	-0.919909175449167	0.0261956237899845
h1SMcG0002552	-0.235633691273138	0.737621463866864
h1SMcG0002554	-0.811141083773533	0.335736733651975
h1SMcG0002557	0.0178994770790148	0.977688793268657
h1SMcG0002559	0.565265881614672	0.326187030981047
h1SMcG0002561	4.06836381367639	0.00000000000000000000000000000063116269878135
h1SMcG0002566	1.92935523808446	0.134854578732716
h1SMcG0002567	0.916073845698415	0.304439026134026
h1SMcG0002571	1.56929040164043	0.156979602348686
h1SMcG0002572	-0.92431519522457	0.470267736138831
h1SMcG0002573	0.885122050732371	0.19287830091254
h1SMcG0002574	-1.97156825873618	0.0477937802395698
h1SMcG0002575	0.2664484996811	0.852607229652146
h1SMcG0002577	0.708182098369695	0.348760380707795
h1SMcG0002580	-0.107941433907376	0.786238607393065
h1SMcG0002581	1.04411985813679	0.455756476694055
h1SMcG0002582	3.49310177119747	0.0000000000000000174081554718039
h1SMcG0002583	-0.983369219744155	0.555485135671566
h1SMcG0002584	-0.435285955645481	0.678078636449638
h1SMcG0002589	-0.352844121935345	0.542081574340774
h1SMcG0002590	0.524784502923276	0.447563479805543
h1SMcG0002591	-0.054319756644801	0.8965850676851
h1SMcG0002592	-0.71671742330837	0.545107931365567
h1SMcG0002595	-0.201485291919377	0.66143668567829
h1SMcG0002596	-0.818412696512673	0.612983918937911
h1SMcG0002599	-2.46586901868571	0.0714044363113238
h1SMcG0002601	-0.694963123506392	0.00416397010353249
h1SMcG0002603	0.282403669172721	0.776970553071753
h1SMcG0002606	1.84295742371594	0.218011338105132
h1SMcG0002608	-1.16503463118219	0.0352344148448146
h1SMcG0002609	-1.2859433884869	0.0103073901228542
h1SMcG0002612	0.295973826959657	0.808510390489596
h1SMcG0002615	5.03039964365868	0.000000000000000000201308639763914
h1SMcG0002616	-0.660329439027713	0.406667189915526
h1SMcG0002618	-0.741979308908002	0.407282144438303
h1SMcG0002620	-0.944476228054003	0.273200488908173
h1SMcG0002621	0.838663532829046	0.00431576695886091
h1SMcG0002622	0.245157432089826	0.389544410757526
h1SMcG0002623	-1.68367706418426	0.0221448682139735
h1SMcG0002626	-0.28420031138686	0.874202229121749
h1SMcG0002631	-0.835105634002328	0.225047663808398
h1SMcG0002632	0.861384066821995	0.533471727004521
h1SMcG0002633	-3.81223071508503	0.00000370335225622487
h1SMcG0002634	0.383675458546124	0.350698726730531
h1SMcG0002635	3.3606145128218	0.00000000000000000000000000000000000198594070659149
h1SMcG0002638	0.493809740768563	0.658247888809949
h1SMcG0002647	3.28023682241652	0.00000000000000000000000064625003291127
h1SMcG0002648	-3.0072413624929	0.0568832941738398
h1SMcG0002663	1.65477945196581	0.00000000973541746316692
h1SMcG0002664	-1.49159141063434	0.228882600205125
h1SMcG0002667	4.41728250840917	0.0000000000948786147500746
h1SMcG0002668	0.750168367386493	0.462820007855755
h1SMcG0002670	-2.24144576454843	0.117774453607004
h1SMcG0002671	-0.259910948438717	0.835510951813351
h1SMcG0002675	-0.492097874500009	0.709471158327214
h1SMcG0002678	-2.50762104474305	0.00014265228323053
h1SMcG0002686	-1.60412756219019	0.301011179315773
h1SMcG0002690	-0.46377734285662	0.701367326938915
h1SMcG0002691	-1.01724950844912	0.493476930823571
h1SMcG0002692	0.238587097709508	0.846684885382752
h1SMcG0002695	-1.09863755258271	0.0286674985216747
h1SMcG0002696	-1.37039649317878	0.000000122909786297098
h1SMcG0002697	-1.62787790586739	0.00018974022534919
h1SMcG0002699	1.49350354323276	0.000000000121021204640832
h1SMcG0002703	-0.333289345452655	0.251977951693083
h1SMcG0002706	-0.940168365217844	0.215918344562466
h1SMcG0002709	-1.67155637598327	0.0585988930891815
h1SMcG0002710	-0.0590963591022023	0.875952378547934
h1SMcG0002712	-4.00522864599618	0.00157471216709154
h1SMcG0002713	-1.33879206401529	0.00000923458922418579
h1SMcG0002714	2.3044887645895	0.00000199568722931768
h1SMcG0002715	-0.64352571052832	0.186415760400549
h1SMcG0002717	-1.97875737973683	0.000646344175960917
h1SMcG0002718	-2.3854765070435	0.000642558204328153
h1SMcG0002719	-1.52556282769535	0.00000606914192628086
h1SMcG0002720	-0.147470554848611	0.816332850074575
h1SMcG0002721	-0.00196381691450536	0.99941752941691
h1SMcG0002726	-0.415477804124852	0.681334734551392
h1SMcG0002727	0.319711481820315	0.682958339608409
h1SMcG0002728	-0.999604629743914	0.178672932046972
h1SMcG0002732	-0.986018909529389	0.000252430601239814
h1SMcG0002735	-1.06829366765924	0.467146286251308
h1SMcG0002736	0.111757813851598	0.920771076877189
h1SMcG0002738	2.07137183515297	0.0000000750039383086915
h1SMcG0002739	-0.80840699546714	0.00126280126156417
h1SMcG0002741	-1.10109530940514	0.0123764641229914
h1SMcG0002743	5.12596882450254	0.0000158600035695298
h1SMcG0002747	0.958337753771328	0.560955740412373
h1SMcG0002748	-3.30362844220538	0.00199096112860836
h1SMcG0002750	-2.35408499508096	0.000034791269020176
h1SMcG0002751	-2.79871368766917	0.00497194117812717
h1SMcG0002752	0.517896912389852	0.212682363642492
h1SMcG0002753	-0.463258728848305	0.12880364389542
h1SMcG0002756	-1.24841484836344	0.257501734441215
h1SMcG0002757	-0.134014280257905	0.884107397406669
h1SMcG0002758	0.141613042070178	0.724328517373244
h1SMcG0002761	-0.439450295174851	0.565832404747799
h1SMcG0002762	-3.65412139052616	0.00290807269040489
h1SMcG0002763	-2.42899493196274	0.00288991893680078
h1SMcG0002766	0.42318526902585	0.448081915945267
h1SMcG0002767	-2.17601053838633	0.117077772524553
h1SMcG0002769	4.93469195009251	0.0000000000000000000000551553428973853
h1SMcG0002771	3.03031488656683	0.000000000000000000000000000000000021086438926929
h1SMcG0002775	-1.18868141476877	0.0578244465330796
h1SMcG0002776	2.17856226114686	0.000000000000000000000473992015701635
h1SMcG0002778	-3.7050521485167	0.0000000000110957811392548
h1SMcG0002779	1.50293085932362	0.000123326004336818
h1SMcG0002780	4.31359380925346	0.00000000020194235499289
h1SMcG0002783	-0.780881611067224	0.0114456282229744
h1SMcG0002784	5.08134557541521	0.000000000000000335375856072302
h1SMcG0002787	1.89399325227652	0.000000000000416648554628877
h1SMcG0002790	-0.246152832324993	0.539352959002507
h1SMcG0002791	-0.843448934153271	0.0527702336823439
h1SMcG0002792	-0.350850855756129	0.86257958797886
h1SMcG0002794	-1.08345397410263	0.204903602238879
h1SMcG0002795	-2.01884277182311	0.0000000000000000180086157282373
h1SMcG0002796	-1.10685129392205	0.0797413436552449
h1SMcG0002797	4.97623452894051	0.000000000250930537571768
h1SMcG0002798	-0.489524897216568	0.399405593163651
h1SMcG0002800	-1.19144538254464	0.00426323955317159
h1SMcG0002803	-1.82115334481608	0.00000000808881082990211
h1SMcG0002804	0.18664171973174	0.688244899143393
h1SMcG0002808	-0.688549330968623	0.256999016345051
h1SMcG0002809	-0.380831727327339	0.534850590525494
h1SMcG0002811	-4.37528186100913	0.000000000334037389089483
h1SMcG0002812	1.14573083228115	0.00000384932791931288
h1SMcG0002813	-0.961530648273724	0.257501734441215
h1SMcG0002814	2.96262188899276	0.0000184136153520081
h1SMcG0002815	-2.09171605157141	0.0000000000531066330440643
h1SMcG0002816	-2.99061030567659	0.0546015667189459
h1SMcG0002819	0.301625277323453	0.349202831908455
h1SMcG0002822	0.871599466211056	0.133924263422868
h1SMcG0002829	0.988885392903816	0.00667263985150564
h1SMcG0002830	0.781819856488702	0.00243865587574823
h1SMcG0002832	4.08633036564072	0.0000000000000000000000000006172213453043
h1SMcG0002834	-0.522346120849781	0.429819275846545
h1SMcG0002835	-0.238350210607963	0.626661205566225
h1SMcG0002836	-0.706956619405356	0.433869640933402
h1SMcG0002838	-0.129391763784079	0.895504943217624
h1SMcG0002839	2.39458127719559	0.000000000000000000219703156096371
h1SMcG0002843	5.87038738950093	0.000000000000000000000000000000000226623474102184
h1SMcG0002844	-0.275969596311599	0.738265418012133
h1SMcG0002848	2.22579616810736	0.000000000000000000000000000502494033105159
h1SMcG0002850	-0.142569785528612	0.834139577694983
h1SMcG0002851	-1.67918981290674	0.00000123863615725713
h1SMcG0002852	-0.186396604768639	0.833182807877664
h1SMcG0002853	-1.27511990731032	0.00700898756295262
h1SMcG0002855	1.09404755430683	0.000370562543555636
h1SMcG0002858	1.06035809384038	0.0425526169224817
h1SMcG0002859	0.54827900724382	0.276577545949761
h1SMcG0002860	-0.357819546111501	0.331888542955667
h1SMcG0002862	-2.23534132539826	0.16375329348889
h1SMcG0002864	-1.09888673036726	0.0000423377901734196
h1SMcG0002865	4.77502633054042	0.000000000000000000000000000000000000301560824479964
h1SMcG0002866	0.773724399296812	0.646497981448936
h1SMcG0002868	-0.593964123626345	0.291089969089734
h1SMcG0002876	-2.06631366732898	0.150605286809563
h1SMcG0002877	0.0391710828892782	0.970042904722512
h1SMcG0002878	-0.733191746438935	0.0566347350378525
h1SMcG0002879	-1.01997361856889	0.174240654243412
h1SMcG0002884	-1.50828196624221	0.0846563908891786
h1SMcG0002885	-0.182635449569772	0.905136628001151
h1SMcG0002886	-0.125132447758323	0.944876437815975
h1SMcG0002888	2.92818866969784	0.0000000000000000122671196959389
h1SMcG0002889	0.395505463079073	0.412510351452762
h1SMcG0002890	0.788929468868685	0.0454651579834516
h1SMcG0002892	0.573166225491251	0.383330183411732
h1SMcG0002893	-2.17822970034623	0.000000000344944778014824
h1SMcG0002895	1.78552042092067	0.000000903340157048081
h1SMcG0002897	5.20883117996627	0.0000000000000000123335704426956
h1SMcG0002898	5.08199617421514	0.00000000000000000000000000000000000000000000000000000236382518944298
h1SMcG0002899	-0.25626681078279	0.743248570835764
h1SMcG0002901	-2.45638303265924	0.0585612639468815
h1SMcG0002905	-2.2900209623527	0.000339440227391409
h1SMcG0002906	-0.965811068612722	0.558457968296482
h1SMcG0002908	-0.34640007128498	0.842174574752299
h1SMcG0002911	4.34558329463004	0.000000000000000000000000000000000000000000283452702413041
h1SMcG0002912	2.1759312232495	0.00298798813467153
h1SMcG0002914	0.875701860444221	0.0854886500702799
h1SMcG0002915	0.391957505563005	0.640200572542362
h1SMcG0002916	-2.37451151566828	0.125787796891341
h1SMcG0002919	-1.38913658428114	0.269948075243403
h1SMcG0002924	0.535988097425239	0.0596124184785467
h1SMcG0002926	-0.698598061764062	0.178972260650397
h1SMcG0002927	2.62318205551804	0.0220666167645867
h1SMcG0002928	6.93683496920131	0.0000000000000000000000000000000000000000000000000000000000000000000000000000000000000000000000000000000000000000000000000000422189686250363
h1SMcG0002929	0.976658182572676	0.256024494041027
h1SMcG0002930	-2.07046428373386	0.0219644833695678
h1SMcG0002931	4.76104697717025	0.0000000000000000000000000000154827472717061
h1SMcG0002932	-2.7623732376266	0.000001178393618924
h1SMcG0002936	-1.02788643293983	0.14018625764744
h1SMcG0002941	-0.271402672557553	0.616879377912696
h1SMcG0002945	-0.598179549432824	0.404074619329439
h1SMcG0002947	-1.26048820516046	0.3379189584534
h1SMcG0002948	-1.71239325117165	0.0890542050868975
h1SMcG0002949	1.99903114592332	0.000000000488891679312771
h1SMcG0002950	0.213911482759501	0.599191767894689
h1SMcG0002951	-1.7278289632179	0.0804346601478829
h1SMcG0002952	-1.35022775065719	0.0277140476180332
h1SMcG0002953	-1.58754179059485	0.000406694886813551
h1SMcG0002956	-1.57883227695342	0.285795989725539
h1SMcG0002963	-1.71979601612944	0.0400334411282604
h1SMcG0002965	-2.8753222248187	0.0000000000410902960801709
h1SMcG0002968	1.37583940544029	0.226824461378318
h1SMcG0002971	1.48121613812856	0.000478832201265896
h1SMcG0002972	1.80233494217844	0.00307916812519945
h1SMcG0002975	0.945499298457822	0.000727376694464269
h1SMcG0002976	4.10770520811714	0.000000000000000000000000000000000000000000000881650726220079
h1SMcG0002978	-0.864645486540832	0.664168125208807
h1SMcG0002980	3.33427701895887	0.000000000000000000000000000000000000502366166844837
h1SMcG0002982	2.00352549939509	0.107121217400481
h1SMcG0002983	-0.182339696172514	0.808390899436143
h1SMcG0002984	0.137185589775334	0.840524426973058
h1SMcG0002986	-1.39984013634797	0.0000476966502337189
h1SMcG0002987	0.438599297697778	0.791488818143293
h1SMcG0002988	-0.688713563775723	0.600179214119053
h1SMcG0002989	-0.888785921752034	0.00111318939069189
h1SMcG0002992	-0.370121113910562	0.648525125811351
h1SMcG0002994	-0.19593785420996	0.903652823525052
h1SMcG0002997	-1.27905559804719	0.284657163947167
h1SMcG0002998	-0.323690101839573	0.647966029668387
h1SMcG0003001	1.01044917337226	0.492325256972929
h1SMcG0003002	2.53666029079327	0.000004086991485924
h1SMcG0003003	2.23728793532308	0.000169877086687995
h1SMcG0003004	-0.591199236571925	0.60367084083155
h1SMcG0003005	3.57743223627185	0.0000000000838362639573504
h1SMcG0003007	0.720413248138051	0.59501312125761
h1SMcG0003010	-0.78842398307743	0.635872699338342
h1SMcG0003011	-1.86544106567245	0.132835220492433
h1SMcG0003012	0.076704869857585	0.961005000045881
h1SMcG0003014	0.993448565456407	0.473912573358513
h1SMcG0003015	-2.25352364351352	0.0212133979176312
h1SMcG0003019	-0.7334385931055	0.558092758882809
h1SMcG0003020	0.736230756448191	0.0124912717127278
h1SMcG0003021	1.17925694517826	0.433715038071943
h1SMcG0003024	3.318379989068	0.0000000221477790991908
h1SMcG0003027	1.9573655016661	0.00000000000717089772339667
h1SMcG0003028	0.369715737959251	0.519399727698081
h1SMcG0003029	-1.11407212557956	0.439210586135502
h1SMcG0003030	0.182651863631478	0.896182371014667
h1SMcG0003033	-0.2935994331483	0.522660326984358
h1SMcG0003034	0.281771327047584	0.845963422512655
h1SMcG0003040	-0.202912783347004	0.83565843947363
h1SMcG0003042	-1.46495398138336	0.356546456649805
h1SMcG0003043	0.534444087725631	0.687379932142431
h1SMcG0003044	-0.840447833797725	0.266834909565675
h1SMcG0003046	-1.41834406103715	0.247247495787498
h1SMcG0003048	-0.490297500690465	0.510700888242866
h1SMcG0003049	-0.473642016758938	0.491192665813751
h1SMcG0003053	0.443006389527217	0.275409995472414
h1SMcG0003054	1.34247707222182	0.277553808009516
h1SMcG0003055	0.375923902865182	0.809303053737959
h1SMcG0003058	-0.247575107393152	0.642981078517704
h1SMcG0003059	-1.24639113652037	0.0811248683462929
h1SMcG0003060	-1.10773701135251	0.32037588609142
h1SMcG0003061	-0.0813181656850105	0.95280976355605
h1SMcG0003062	5.56950307988536	0.00000000000000000000000000000000000000000000000000000000000000000000000000000000000000000000000000000000000000000000000000000000000000130780490631102
h1SMcG0003063	1.15508244424953	0.0106032533578821
h1SMcG0003064	0.888839394289799	0.39445917133248
h1SMcG0003066	-2.12252820837369	0.124754383572465
h1SMcG0003068	-1.2499911402286	0.0792836280688328
h1SMcG0003071	-1.00526008437545	0.512255434021823
h1SMcG0003074	-3.09900063061558	0.00385576420956662
h1SMcG0003075	0.0369103459049015	0.976626666327761
h1SMcG0003076	-0.453433050680928	0.642221791633843
h1SMcG0003086	2.06377669333945	0.0000000119993779964464
h1SMcG0003087	0.199696913990987	0.814240765665312
h1SMcG0003088	-3.85634303132171	0.00314245894538997
h1SMcG0003091	-0.712549631505275	0.668601518932344
h1SMcG0003096	1.54884117474686	0.0000000000194417957732468
h1SMcG0003097	-1.06884874634975	0.000000003471110073243
h1SMcG0003098	-0.315730145989477	0.293751400932504
h1SMcG0003099	-1.56765761531455	0.0172687684869436
h1SMcG0003100	-0.329592059322055	0.726482661910515
h1SMcG0003101	-0.518160804825329	0.76715170346207
h1SMcG0003104	-0.0403639273224339	0.979726911202482
h1SMcG0003105	2.70474090519433	0.00000994150455675875
h1SMcG0003106	5.0047831173462	0.00000000000000000000647307193335066
h1SMcG0003107	-1.92525089333178	0.0292280869942337
h1SMcG0003111	-2.06595335667873	0.000128295249852223
h1SMcG0003114	-4.01523691174397	0.0015840872986706
h1SMcG0003115	-1.47866811634835	0.00000000000255268526375952
h1SMcG0003118	-3.03100276402004	0.00401035305044145
h1SMcG0003119	-0.355016627731162	0.66143668567829
h1SMcG0003122	1.95239513280642	0.000797132166509216
h1SMcG0003123	-0.96553803763867	0.000193187282797107
h1SMcG0003126	0.154084151491271	0.840761978956533
h1SMcG0003130	-0.580021135233395	0.0802936547792178
h1SMcG0003133	0.0388613884996597	0.946725144312606
h1SMcG0003135	1.51687865230637	0.00582230027364209
h1SMcG0003136	3.57251937090755	0.00000000598262691964145
h1SMcG0003137	-0.858086577850614	0.490020459855862
h1SMcG0003138	-0.442182363948367	0.785838428162475
h1SMcG0003142	-1.16695909501672	0.152839314066385
h1SMcG0003143	4.33349605299323	0.00000000000000000000000000926867060090449
h1SMcG0003144	0.597233201993432	0.507490991723765
h1SMcG0003147	-1.51065570857433	0.00000322332853795298
h1SMcG0003148	-0.439842428408791	0.737354345056244
h1SMcG0003150	-0.126402784780757	0.935242548660679
h1SMcG0003154	0.333366995593439	0.598814167475681
h1SMcG0003156	-1.39549144138511	0.0000027378960440159
h1SMcG0003159	-1.40127856232723	0.183545939461073
h1SMcG0003160	0.00316637805634336	0.996696855811403
h1SMcG0003161	-0.383684431071852	0.528002076951618
h1SMcG0003162	-0.239089205486564	0.565832404747799
h1SMcG0003163	0.00560282708847447	0.991695630751708
h1SMcG0003166	-1.69886937741717	0.0000000000184982425626899
h1SMcG0003168	-1.11107478247876	0.139059238281218
h1SMcG0003170	-0.651185779535473	0.237893296921733
h1SMcG0003174	-4.45360758958788	0.000200489509788869
h1SMcG0003175	-0.180864585647338	0.834560302390605
h1SMcG0003176	-0.304472732217336	0.693165212729486
h1SMcG0003177	-1.30490074769794	0.00100848214171644
h1SMcG0003178	0.507760409809848	0.619005433369226
h1SMcG0003179	1.02864590282685	0.50447993252574
h1SMcG0003180	1.32528733681968	0.00000194428944491961
h1SMcG0003182	-2.22494913644452	0.0000967673253591763
h1SMcG0003186	0.203859602527874	0.780524869310972
h1SMcG0003187	-0.553185239862375	0.226999310019435
h1SMcG0003188	-2.27796896987306	0.00357377662522187
h1SMcG0003189	0.528573772749166	0.520662662365499
h1SMcG0003190	3.22881211025484	0.000000000000447752324884386
h1SMcG0003192	-0.884126927838223	0.0426920530647669
h1SMcG0003194	-0.423573849548751	0.337961850023986
h1SMcG0003195	-0.340319704454162	0.561492725226835
h1SMcG0003196	-0.992743895616908	0.0500425554390644
h1SMcG0003198	-1.3328078558782	0.377744379074057
h1SMcG0003202	2.10167430664111	0.0000000150845859814761
h1SMcG0003203	-3.00883878077081	0.000000347023954600111
h1SMcG0003204	-3.10887537142244	0.0194915456869513
h1SMcG0003205	0.628417526990385	0.593349256094202
h1SMcG0003206	0.375998008270379	0.393058528169542
h1SMcG0003207	5.64250819456404	0.00000000000000000000000000000000000000000000000000000000000000000000000000000000094742971295259
h1SMcG0003211	-0.682978356541935	0.200482972739644
h1SMcG0003213	0.0420642763941706	0.951248965936204
h1SMcG0003214	1.12234753080539	0.000000175118764917834
h1SMcG0003216	-2.1849469565741	0.172499404473685
h1SMcG0003217	-2.4253964978635	0.00000000000000490536406550373
h1SMcG0003219	0.0672345301649071	0.968709395881086
h1SMcG0003221	-1.77051998503462	0.0000000819141875729751
h1SMcG0003222	-2.71532933287767	0.0578133738122174
h1SMcG0003223	-0.143580002682655	0.640494758057568
h1SMcG0003224	3.72186920338558	0.000000000000000449549983549351
h1SMcG0003225	-2.33255637333281	0.0904617596939322
h1SMcG0003226	-1.87814546998715	0.00256456707448454
h1SMcG0003227	-0.430100182372008	0.415568516089947
h1SMcG0003228	3.16332668575056	0.000378706561405866
h1SMcG0003229	-0.502924788989676	0.534542192710618
h1SMcG0003230	-0.250536975880371	0.816332850074575
h1SMcG0003231	-0.955310905477032	0.408958457822943
h1SMcG0003232	-3.01299951565845	0.000000000000000000000000305537482175871
h1SMcG0003233	3.85549547977919	0.00000000000000000000000000000000000000000656905502280341
h1SMcG0003234	-0.173241817061684	0.918389274945983
h1SMcG0003235	-3.87119269817549	0.00273388294798001
h1SMcG0003236	-0.0316078799543201	0.945961453125078
h1SMcG0003239	-1.0147603633115	0.432002979668366
h1SMcG0003240	-1.84527136295814	0.00786143348359145
h1SMcG0003242	-2.33291037427224	0.000263905664676482
h1SMcG0003243	0.0268088614365174	0.942360458943916
h1SMcG0003246	-0.821391630448072	0.202093547817396
h1SMcG0003247	-0.46935171288922	0.0738229854834195
h1SMcG0003248	-0.281891265574192	0.818786331144397
h1SMcG0003249	-1.06601189282455	0.062595634470573
h1SMcG0003250	1.90246897991464	0.000120315613700391
h1SMcG0003251	3.15953535050338	0.000000000000000000882945869053641
h1SMcG0003253	-1.32413886942	0.41136499351458
h1SMcG0003254	-0.578517714754353	0.0101406270698491
h1SMcG0003257	1.17164994193979	0.146388615146392
h1SMcG0003258	0.254502197984256	0.637045268354502
h1SMcG0003260	-1.23321059720739	0.0801260119560917
h1SMcG0003261	0.828414726768486	0.00911191822137823
h1SMcG0003262	-0.624134418382663	0.441026439744916
h1SMcG0003265	-1.69230878043986	0.000000000429239915524397
h1SMcG0003266	-0.945457895059823	0.0115831640873857
h1SMcG0003267	-1.2442533282069	0.103591077361566
h1SMcG0003269	0.296156455207214	0.450444739873564
h1SMcG0003271	-1.97826818140284	0.0000000962223828032202
h1SMcG0003272	-2.23338842076612	0.00366330363821694
h1SMcG0003273	-3.92866478586024	0.000961330583279899
h1SMcG0003275	-0.261317808074162	0.410537545512813
h1SMcG0003277	-1.26541605186045	0.00041293887438712
h1SMcG0003278	-3.2602132158718	0.0120396555166493
h1SMcG0003280	-0.781283546633976	0.160767590258498
h1SMcG0003282	-0.325002075309167	0.571516351343144
h1SMcG0003285	-0.3025449350597	0.800315842179126
h1SMcG0003287	-1.40111388748018	0.166130421764613
h1SMcG0003288	-2.39426718620245	0.000142607838992921
h1SMcG0003290	-0.782072969385647	0.1038378931984
h1SMcG0003291	0.0345575601484645	0.923109842451746
h1SMcG0003292	0.794303461696673	0.00367914366242351
h1SMcG0003293	0.272912019657176	0.161728358758277
h1SMcG0003294	-0.745664765512344	0.201370398672426
h1SMcG0003295	-0.29702181541327	0.567172375754091
h1SMcG0003296	-0.384963206149343	0.580935545147948
h1SMcG0003298	-3.39292625773355	0.0000288287539676085
h1SMcG0003303	2.59975848788642	0.00000000000609407109057062
h1SMcG0003304	0.337131122344003	0.350956326896311
h1SMcG0003306	-0.164221737831692	0.646859529154955
h1SMcG0003308	-0.109447741922203	0.823944521212191
h1SMcG0003311	-0.19202505905885	0.913986781320847
h1SMcG0003313	-0.643535762579925	0.315641694700422
h1SMcG0003314	0.509085967798927	0.416681700493171
h1SMcG0003316	2.91088661521851	0.00108180079192373
h1SMcG0003319	-1.23920522722197	0.407941611730792
h1SMcG0003320	3.7081760286016	0.000995584962003964
h1SMcG0003321	0.25264707939051	0.845067123059863
h1SMcG0003322	-1.28330126314983	0.207008556798307
h1SMcG0003323	-0.795181022330683	0.210490506420756
h1SMcG0003325	3.770693712457	0.000000000000000000665108639239138
h1SMcG0003326	3.17777367233358	0.000000000000000000897389942459712
h1SMcG0003328	-0.786441122427455	0.0000473057227846877
h1SMcG0003329	-0.967297714611259	0.211004942815767
h1SMcG0003333	-1.09731592119165	0.000914650077479704
h1SMcG0003335	-0.153421587678985	0.736098242246288
h1SMcG0003337	2.54110026334847	0.0000000550462231147936
h1SMcG0003338	3.85525784839983	0.00000413031101460763
h1SMcG0003339	-0.36818186205184	0.494123921913633
h1SMcG0003341	1.89542074831449	0.00099966872196241
h1SMcG0003342	-3.22342859747415	0.00000000000016818800671862
h1SMcG0003343	0.871887522259938	0.122545603598606
h1SMcG0003346	-0.440138114666675	0.731531554717657
h1SMcG0003349	0.928178532198585	0.00102442963342373
h1SMcG0003350	-3.31690471888488	0.0102951864457171
h1SMcG0003354	-2.2234493438179	0.0629393227592342
h1SMcG0003355	3.38422524537123	0.000000000000000000000037294103500384
h1SMcG0003357	0.561170488544869	0.401001805313412
h1SMcG0003358	0.221021026212773	0.554202701568351
h1SMcG0003363	-1.14705936377899	0.0618273119693709
h1SMcG0003365	2.70599053669679	0.000000154831835612533
h1SMcG0003369	-0.53517716177413	0.734446167383814
h1SMcG0003372	-1.28832887932917	0.0102773353938238
h1SMcG0003374	2.25073004460465	0.00000000152582224041202
h1SMcG0003376	0.402485337918626	0.551416848641633
h1SMcG0003377	-0.206181249290638	0.792365173846701
h1SMcG0003379	-0.634318269846338	0.265317403184596
h1SMcG0003380	-0.907863280845384	0.024600878545883
h1SMcG0003381	-1.14509705480236	0.00154584323185473
h1SMcG0003382	-1.67164779975844	0.0826372463505689
h1SMcG0003383	-0.449861233774224	0.711203052277792
h1SMcG0003384	0.216786055880521	0.815491146869226
h1SMcG0003387	-0.398237300819254	0.778763850010624
h1SMcG0003388	1.20285610020323	0.446263773212768
h1SMcG0003389	-0.21166432262076	0.691429137430088
h1SMcG0003390	-0.293347464293745	0.841372079658891
h1SMcG0003391	0.0378722713468182	0.980021579368226
h1SMcG0003392	1.31253835130426	0.0000000149721525650746
h1SMcG0003393	3.61544175421626	0.00000177043286050796
h1SMcG0003394	2.82575715831924	0.000000989976389220772
h1SMcG0003395	0.310230465662021	0.83134349136413
h1SMcG0003396	-2.35247555781312	0.000000974632314798302
h1SMcG0003397	-1.70738801789942	0.0330537989453712
h1SMcG0003398	2.33951764966405	0.00000265254076453771
h1SMcG0003399	-0.363116703315713	0.854582178571724
h1SMcG0003400	0.443409123995129	0.545044128556825
h1SMcG0003401	-0.874074214242316	0.224508240843293
h1SMcG0003403	-1.25648711623578	0.0555678710481784
h1SMcG0003404	4.28305467246918	0.0000000000000000000000000159037136522933
h1SMcG0003405	2.09153681242892	0.000369235014086079
h1SMcG0003407	0.530261626609051	0.735008185445046
h1SMcG0003408	1.70089889553938	0.000000000000000896923877864944
h1SMcG0003409	0.143575467507145	0.550866542010251
h1SMcG0003411	2.0681538382301	0.00000000000000000332046741590383
h1SMcG0003413	-1.00023125321166	0.002581259807441
h1SMcG0003415	-2.6375895329852	0.0432815032396819
h1SMcG0003416	2.79863753968499	0.000000000000000000000000000000000000747106565469322
h1SMcG0003419	0.130560678835436	0.934337501159154
h1SMcG0003420	1.45748189594911	0.0000224339798488765
h1SMcG0003421	0.299468659384101	0.608969927504393
h1SMcG0003422	-0.391697883773397	0.7090831022696
h1SMcG0003423	-1.89055436721107	0.00076018580060664
h1SMcG0003425	0.339999277887492	0.847374189440496
h1SMcG0003426	-0.465165844783088	0.355692102923681
h1SMcG0003429	-0.804928197997738	0.0464676086195601
h1SMcG0003430	-4.00639568225741	0.00000000000449800333424792
h1SMcG0003431	-1.34408128971712	0.125315685643711
h1SMcG0003432	-1.59725944853896	0.20766476599133
h1SMcG0003433	-0.452843742492493	0.308594492665502
h1SMcG0003434	0.0488190559839333	0.901124802279719
h1SMcG0003435	0.00208623541692639	0.999427731700959
h1SMcG0003436	-1.89000110155034	0.000790948804751334
h1SMcG0003437	-1.56619499322511	0.256171731292213
h1SMcG0003438	-0.729568667238633	0.644468879569756
h1SMcG0003439	-3.71661266695226	0.00000336686248734574
h1SMcG0003441	-3.92378011348054	0.00227812696621025
h1SMcG0003442	-0.890234062151904	0.0524137977643214
h1SMcG0003443	-1.0778967439219	0.358645327504391
h1SMcG0003444	-2.89606796460754	0.000335716158212096
h1SMcG0003445	-1.96531918596864	0.0058943908088089
h1SMcG0003447	0.618127403276306	0.0139137812178279
h1SMcG0003449	-0.112425220707954	0.703870062846105
h1SMcG0003450	0.660030477243809	0.0109958123398251
h1SMcG0003451	2.30533917658958	0.00229982065718237
h1SMcG0003452	-1.20429837445853	0.125039096118536
h1SMcG0003453	0.384011095591419	0.648821589242725
h1SMcG0003456	-3.6045065760117	0.0014543896626116
h1SMcG0003458	-3.5730187209446	0.00385499793931026
h1SMcG0003460	-0.699224690349371	0.346965828498852
h1SMcG0003461	-0.591603177151473	0.0938435165002197
h1SMcG0003463	-1.61279182906297	0.0000265778018623024
h1SMcG0003464	-0.453549802946053	0.198296493638067
h1SMcG0003465	0.740219134327025	0.00129962424196166
h1SMcG0003466	2.56873578493901	0.000000000000000000000000250895576152773
h1SMcG0003467	-1.4000225379822	0.105459043874152
h1SMcG0003471	0.193485152761908	0.392440992742326
h1SMcG0003472	-0.643285948409784	0.563115562020621
h1SMcG0003473	0.37870623830629	0.570913983350587
h1SMcG0003474	0.743970502168637	0.239107290537112
h1SMcG0003475	-1.80592859814209	0.000000000134773720712417
h1SMcG0003476	-0.189228788896094	0.826541186449458
h1SMcG0003477	0.130911065381384	0.838450609747522
h1SMcG0003478	0.444014030212534	0.693715592165142
h1SMcG0003480	0.12980415548313	0.915036970861025
h1SMcG0003481	-1.59744297045919	0.0625873557281119
h1SMcG0003482	-1.35044340543427	0.0601139323655093
h1SMcG0003483	-1.32155552459334	0.00124757344932592
h1SMcG0003486	-0.870904879277759	0.202781451637706
h1SMcG0003488	-1.25914011700763	0.00226101737523475
h1SMcG0003489	-0.142877168847996	0.927054474100166
h1SMcG0003492	-0.207350205658479	0.88761931817264
h1SMcG0003493	0.874117877131424	0.000517538437856096
h1SMcG0003494	-0.615927878294637	0.00238712940854731
h1SMcG0003499	-2.10568051050656	0.190634646719527
h1SMcG0003500	1.16033538685185	0.165858038156832
h1SMcG0003502	0.392018268177733	0.232886946881087
h1SMcG0003504	0.255936026375948	0.700272325669894
h1SMcG0003507	-2.13556036260378	0.000297950802274934
h1SMcG0003508	-1.42116328195137	0.0957697246557749
h1SMcG0003510	-2.15884520340818	0.0000000000188270128850717
h1SMcG0003511	-1.16295737803312	0.000000640378394809642
h1SMcG0003515	-4.11981295092894	0.0010379307798589
h1SMcG0003517	-3.64237777176515	0.0000000231282600042408
h1SMcG0003518	1.49881891801096	0.0000000000000195488102474172
h1SMcG0003519	-0.977992199502999	0.03996216202786
h1SMcG0003520	-1.10259722971823	0.391401961643363
h1SMcG0003522	-0.432312959206491	0.682524708642516
h1SMcG0003523	1.5733622095824	0.0021203045707206
h1SMcG0003524	1.28301249557959	0.211411815273816
h1SMcG0003526	2.60396301733126	0.0000000000000751743389060378
h1SMcG0003527	4.72038739792072	0.0000000000000000000000000000000000000000000000000000000000000130867326117237
h1SMcG0003529	6.74250079196289	0.000000000000000000000000000000000000000000000000000000000000207246484170627
h1SMcG0003530	0.0801158319068464	0.806275184270458
h1SMcG0003531	-0.336573734954296	0.728945572222446
h1SMcG0003532	-2.28685285643193	0.00019243340266986
h1SMcG0003533	-0.0301858855988728	0.980999582281918
h1SMcG0003534	-0.448283382977135	0.154973545525813
h1SMcG0003538	2.66408036062842	0.000000550007614468944
h1SMcG0003539	0.448743440536205	0.652082659423375
h1SMcG0003540	1.28397499078242	0.0240918905174256
h1SMcG0003541	0.751120507348673	0.504017771951286
h1SMcG0003542	-0.269042388888961	0.857304119036884
h1SMcG0003543	-3.27017374739664	0.0122239221594028
h1SMcG0003545	-2.8857681972994	0.00261877612039041
h1SMcG0003547	-0.200674975669768	0.798660939982412
h1SMcG0003548	-0.615494914148764	0.734300611699015
h1SMcG0003551	1.75267591697851	0.00000000001169387436794
h1SMcG0003552	0.891482306892761	0.0184593677963872
h1SMcG0003553	2.24852953485168	0.00000000000000000354579334845719
h1SMcG0003556	1.16869009481289	0.0000000119761131044991
h1SMcG0003558	-1.21921919693275	0.00108180079192373
h1SMcG0003562	6.00929183783252	0.0000000168542756772722
h1SMcG0003565	-0.620518238649783	0.0867140587943852
h1SMcG0003569	-0.668049888982686	0.687365010322118
h1SMcG0003572	-0.862257027387313	0.0000146501156044514
h1SMcG0003573	-1.08445071302028	0.0665997667752178
h1SMcG0003574	4.27239395748754	0.0000139867567790345
h1SMcG0003576	4.24427216435007	0.0000000000000000000000185818643166972
h1SMcG0003578	-0.0390183046917253	0.930279308892617
h1SMcG0003579	-0.868117054714534	0.331185260856795
h1SMcG0003580	1.10567184617841	0.157421929370373
h1SMcG0003581	-0.464842595863715	0.469817839419834
h1SMcG0003582	-3.04947375325544	0.0000141135312200641
h1SMcG0003583	-2.39311277658732	0.00000000000000651260330431411
h1SMcG0003584	1.56473995279675	0.0187239458192223
h1SMcG0003587	-2.37229754906311	0.0230209564815761
h1SMcG0003589	-0.650624360082972	0.00381914969201788
h1SMcG0003590	-1.11442377407243	0.280699250097535
h1SMcG0003594	-2.68218630947949	0.00688799517597271
h1SMcG0003595	0.661735244112628	0.00857227905961216
h1SMcG0003596	-0.480019629279196	0.551416848641633
h1SMcG0003601	0.517555171876057	0.153184687036745
h1SMcG0003602	2.34765873062855	0.00000213157292665754
h1SMcG0003604	-4.84479867634866	0.0000047091516874367
h1SMcG0003605	-0.29235023743659	0.57507996492594
h1SMcG0003607	-0.227493307487633	0.862918210859673
h1SMcG0003608	-0.398102238996772	0.181240239947634
h1SMcG0003609	-0.932418826489801	0.559262295792653
h1SMcG0003610	-0.06948179207429	0.801276332348032
h1SMcG0003611	5.22272141468237	0.0000000000000000000000000000000000000000000000000566575617365466
h1SMcG0003614	-0.943884465054413	0.537681913427759
h1SMcG0003620	0.331305075185816	0.434512779824004
h1SMcG0003622	-1.72114339690363	0.0445876672852409
h1SMcG0003625	-1.22637769983083	0.0000545424937786781
h1SMcG0003627	0.609424422308912	0.575195303148148
h1SMcG0003628	-0.0613400062995094	0.943594817127365
h1SMcG0003629	-1.93258837376629	0.00152912201828871
h1SMcG0003631	-2.27614154791886	0.00144575079823506
h1SMcG0003632	-0.402941395994403	0.262805780769522
h1SMcG0003633	-0.80495761016697	0.000430576952333891
h1SMcG0003634	-0.500353322929082	0.423463086569431
h1SMcG0003635	2.73256118147784	0.00000689365913448558
h1SMcG0003645	0.814994447698593	0.520760249488985
h1SMcG0003646	-1.27000388494128	0.0687961434290318
h1SMcG0003647	-0.00645682797437303	0.988643129033128
h1SMcG0003648	0.677413232614372	0.470909149048586
h1SMcG0003650	-0.124725121549769	0.944727738309922
h1SMcG0003651	0.46377444791779	0.0396623887999494
h1SMcG0003653	-1.37500681620496	0.410537545512813
h1SMcG0003654	-1.4346484203369	0.0000236768890048455
h1SMcG0003655	0.0593562533174716	0.92057513486808
h1SMcG0003656	0.0494941357140809	0.92968974762629
h1SMcG0003657	-2.52777893066292	0.0154346452235354
h1SMcG0003658	1.98870214647809	0.000000000000000104122244821688
h1SMcG0003663	0.572599742436653	0.563647257077982
h1SMcG0003664	-2.35374690830203	0.0122493894072061
h1SMcG0003665	-0.239680033625831	0.257555597564625
h1SMcG0003668	-0.864445754295454	0.0268102695262353
h1SMcG0003669	-1.12376440080511	0.0434196046838958
h1SMcG0003670	-0.386756826679245	0.293659013125152
h1SMcG0003671	-0.999936706826295	0.466091969131961
h1SMcG0003672	0.309843573926514	0.206630741236337
h1SMcG0003675	-0.652692898169276	0.461772897974927
h1SMcG0003676	0.470952267192761	0.321305830167194
h1SMcG0003677	1.85392643662359	0.00000108283599124197
h1SMcG0003680	-1.17035644448288	0.140929626205055
h1SMcG0003681	6.71019364490509	0.000000000000000430067835101212
h1SMcG0003684	-0.353842440327939	0.773413795007776
h1SMcG0003686	0.587393808573886	0.10341818499512
h1SMcG0003687	0.640741302206022	0.617477955085938
h1SMcG0003691	6.08412798863679	0.0000000000000000000192128510710487
h1SMcG0003694	-0.301582811320638	0.288847170363299
h1SMcG0003696	-0.340005682517723	0.675488726285712
h1SMcG0003698	0.427310674791053	0.48345448004202
h1SMcG0003701	3.41446539539806	0.0000000000000000000005472053405583
h1SMcG0003703	0.675935521990474	0.463712321928345
h1SMcG0003706	0.211331422495936	0.877264437610945
h1SMcG0003708	-0.962517979865102	0.000121196777856186
h1SMcG0003710	-2.29998667612887	0.000251403515765273
h1SMcG0003713	1.26160905249253	0.000000105295602268043
h1SMcG0003714	-0.693055793041133	0.216903157564761
h1SMcG0003715	-0.0806075360727522	0.890204492635869
h1SMcG0003717	0.399234615131575	0.0537240726099101
h1SMcG0003718	-1.96316092612251	0.000221887248633667
h1SMcG0003719	4.89240245921552	0.000000000000000000000000000000000000000000000000000000000000000780165096680838
h1SMcG0003720	6.35821032615696	0.00000000000496885899807803
h1SMcG0003721	-0.410730429181255	0.390494842458242
h1SMcG0003722	-0.0420197336875838	0.933216468633045
h1SMcG0003724	0.509937245279362	0.0110688347124871
h1SMcG0003725	-0.344561185794391	0.553084182562505
h1SMcG0003729	-2.18411736202346	0.0614915941304449
h1SMcG0003730	-1.57433394410297	0.00465910338975569
h1SMcG0003731	-0.431212272646659	0.408950979319204
h1SMcG0003732	0.819369894987364	0.579306677182451
h1SMcG0003735	1.73211548607621	0.0000000000700952691318501
h1SMcG0003737	-0.589672381987722	0.0105439091652431
h1SMcG0003738	0.547362325611169	0.184641062425115
h1SMcG0003740	-1.00826848599768	0.00720463346386045
h1SMcG0003742	0.440966895162221	0.722190591902249
h1SMcG0003743	-0.0656299497453212	0.877281406937215
h1SMcG0003745	-2.76199509533712	0.00196461335785473
h1SMcG0003746	-0.0261293327187071	0.979603158291207
h1SMcG0003752	0.958923167297493	0.446366088566973
h1SMcG0003753	-0.325054758302659	0.862324519888607
h1SMcG0003754	-0.556286705701496	0.738845702933568
h1SMcG0003757	1.62428333835557	0.0598398987740869
h1SMcG0003758	-2.72160857941279	0.000440048545067548
h1SMcG0003759	0.726663800798258	0.00486531671718369
h1SMcG0003763	0.225871394341711	0.846343360843373
h1SMcG0003768	-0.750921994014651	0.612623674658967
h1SMcG0003770	2.76975116247386	0.0000464375409243592
h1SMcG0003773	-2.22134475520665	0.0169398173875745
h1SMcG0003774	-0.09150110170855	0.874775682085641
h1SMcG0003775	-3.44759632484202	0.00000000184867178960776
h1SMcG0003777	0.33106092060392	0.21692942298029
h1SMcG0003778	0.726541153863443	0.561251510331985
h1SMcG0003779	-2.39663236734442	0.0150692488183608
h1SMcG0003780	-1.13547941313909	0.0310028625707002
h1SMcG0003782	-0.316523809683068	0.364117726825612
h1SMcG0003783	0.380118447860698	0.355841130092926
h1SMcG0003784	1.03806508481843	0.0029748933653797
h1SMcG0003785	0.19923450744486	0.72284703241437
h1SMcG0003786	3.49326210130726	0.00000000000000000281128514250159
h1SMcG0003787	3.06833342753194	0.0000000111805199478641
h1SMcG0003793	4.03523863464888	0.0000000000000323428040656569
h1SMcG0003794	-1.13678474147352	0.27807712560883
h1SMcG0003795	1.06024939450608	0.325233587115644
h1SMcG0003796	-1.77842555185739	0.210954503111256
h1SMcG0003797	-0.878825866559652	0.000535377910067132
h1SMcG0003798	0.167054282061394	0.59240753442395
h1SMcG0003799	0.390212414285789	0.786311575515456
h1SMcG0003800	3.05159396048557	0.000140050845766155
h1SMcG0003801	-0.942497703479182	0.568309283012661
h1SMcG0003802	-0.47466197350977	0.483081660602627
h1SMcG0003803	1.02249356280173	0.00000871250798377543
h1SMcG0003806	-3.05507114880222	0.0440954643450376
h1SMcG0003807	0.252699386731641	0.819205571559223
h1SMcG0003808	-0.773636884293045	0.0157450703995552
h1SMcG0003809	-3.0743330711214	0.0194418500758934
h1SMcG0003810	-0.638384713732899	0.218968275525992
h1SMcG0003812	0.243207311050143	0.723763117314988
h1SMcG0003814	-0.0384851937466117	0.980999582281918
h1SMcG0003815	-1.39410539160412	0.0000000474411141886218
h1SMcG0003816	0.00547501373825997	0.988149976925726
h1SMcG0003817	7.05371771320323	0.0525975140919893
h1SMcG0003818	0.984560891330281	0.000192798596798573
h1SMcG0003819	-1.0850189585125	0.112325783326742
h1SMcG0003820	-0.493255447703479	0.562125489102613
h1SMcG0003821	-0.328376478323274	0.565984184618681
h1SMcG0003823	0.392288113383037	0.532704224669363
h1SMcG0003824	-0.678805800297174	0.505366688106357
h1SMcG0003826	-1.17930004202904	0.35403440604566
h1SMcG0003834	0.550844356369433	0.235261461889725
h1SMcG0003836	-1.55277430526035	0.0569792564465636
h1SMcG0003838	0.57751960375097	0.0567688484323571
h1SMcG0003839	-3.20180796044099	0.0000000000000000291180834124904
h1SMcG0003840	-1.60393979286815	0.0293128001187794
h1SMcG0003841	-1.21920285346563	0.126736549449305
h1SMcG0003842	-0.323615228648938	0.399881409102429
h1SMcG0003843	-1.13016012535847	0.488057836475119
h1SMcG0003846	1.34748398138741	0.0894258963167062
h1SMcG0003847	-2.18910130224486	0.000224073285276789
h1SMcG0003849	0.75903285096526	0.00650111492808279
h1SMcG0003850	2.37602773269941	0.000000202583290000699
h1SMcG0003851	1.93897369998764	0.00000010886414353942
h1SMcG0003852	2.74776072255785	0.00000000000000288826723045222
h1SMcG0003856	1.32643115560103	0.321399598166879
h1SMcG0003857	3.16002324558154	0.000000000000000000000000000000000000000000000000447605171207592
h1SMcG0003858	-0.142048365912094	0.775804181610306
h1SMcG0003859	-1.32123774858203	0.0267581584863939
h1SMcG0003862	-1.64497696532364	0.343059816363659
h1SMcG0003863	0.849972105916114	0.130003374367669
h1SMcG0003866	-4.08397339580602	0.000953489660561471
h1SMcG0003868	0.800864284898861	0.000153900847361065
h1SMcG0003871	-2.59961274871791	0.0502230218504033
h1SMcG0003873	-0.344635757367894	0.73942198264268
h1SMcG0003874	1.49246583843866	0.276344205957719
h1SMcG0003875	-1.71286520541542	0.0000000554766234418351
h1SMcG0003878	-2.37985532197436	0.123053975939995
h1SMcG0003879	-0.360276536501403	0.433343008874592
h1SMcG0003880	0.295225030687181	0.811458059668981
h1SMcG0003881	-0.0630069077386406	0.837910739632423
h1SMcG0003882	0.0777876013847658	0.958925617338192
h1SMcG0003883	0.99629108222611	0.317550700361394
h1SMcG0003884	-0.784440302006962	0.0375241233223098
h1SMcG0003885	1.24961920510253	0.272355326668034
h1SMcG0003887	0.796320495608453	0.290703062079568
h1SMcG0003888	0.855528667909521	0.415331831301687
h1SMcG0003889	-0.521871369785767	0.263283937400828
h1SMcG0003891	1.85597884381083	0.0234668561718985
h1SMcG0003895	-0.186041456073325	0.57277198735462
h1SMcG0003896	-0.803171422368811	0.00316442656044152
h1SMcG0003897	0.197503060619858	0.546681635806694
h1SMcG0003899	-1.31761642992681	0.162466619106299
h1SMcG0003910	-0.566917168128083	0.634381558283399
h1SMcG0003911	-2.4522547486744	0.108273818575205
h1SMcG0003915	-0.00547610627632462	0.997602809903529
h1SMcG0003919	0.183412254556927	0.688138682429177
h1SMcG0003927	3.55453979540903	0.000000000000000000143430363309724
h1SMcG0003928	-0.420092576229554	0.74951267924835
h1SMcG0003929	-1.70246413585147	0.00488295336228611
h1SMcG0003930	3.69748162218618	0.0000213473410168391
h1SMcG0003932	7.20718800157575	0.0000000000186103996013652
h1SMcG0003937	-0.453210903756219	0.418562565396551
h1SMcG0003938	-1.20573376031428	0.0979047628859632
h1SMcG0003940	1.0973559380602	0.0998170615377618
h1SMcG0003941	0.719093773580135	0.416128660581774
h1SMcG0003942	0.511056366134167	0.0658281136012803
h1SMcG0003943	-2.86131674560971	0.0777888339050099
h1SMcG0003944	1.80706171485468	0.0477937802395698
h1SMcG0003945	2.54417069805048	0.0000000000000000000000000000000000176264313210249
h1SMcG0003947	2.02857549920501	0.00000400880552114714
h1SMcG0003948	2.1290005493062	0.00000000111169965547053
h1SMcG0003950	0.438094283758113	0.359710217519093
h1SMcG0003951	1.25283514346487	0.283299040785365
h1SMcG0003953	-1.65789088041355	0.000655548632314392
h1SMcG0003956	5.18201944856547	0.000000000000000000000000409409901491735
h1SMcG0003958	5.63415458506251	0.000000000214579021738405
h1SMcG0003962	-1.47443624234201	0.0209779498669738
h1SMcG0003963	0.791003114318209	0.000676630808649214
h1SMcG0003967	-0.273631130227177	0.603330041694639
h1SMcG0003968	-0.469538059073448	0.538281945823202
h1SMcG0003969	1.33020705696462	0.12504077638692
h1SMcG0003975	-0.935335084230033	0.0000000563524687306008
h1SMcG0003976	2.17474055717213	0.0000000000649966233311414
h1SMcG0003978	0.916656007020347	0.000000848132723188097
h1SMcG0003979	-0.593972232959777	0.0261935652353071
h1SMcG0003980	5.04861169231668	0.000000173044782552185
h1SMcG0003985	0.220005886609424	0.443861536690943
h1SMcG0003986	-1.59074793666204	0.00302899164458044
h1SMcG0003987	-1.66054455182423	0.000001727874079286
h1SMcG0003989	-2.18085236904067	0.171505728463093
h1SMcG0003991	2.68704881030088	0.00000139285572458554
h1SMcG0003993	0.659323901031251	0.656923510988185
h1SMcG0003995	0.819405533393652	0.300282038537009
h1SMcG0003996	-0.0871602435505869	0.818584736507437
h1SMcG0004001	-0.91615558226136	0.0411994520080442
h1SMcG0004004	-2.23708132341386	0.00010211912120433
h1SMcG0004005	-1.35026323027233	0.220545151057327
h1SMcG0004006	-1.90486246787021	0.0245270200195024
h1SMcG0004007	-1.87037699338546	0.175861434787672
h1SMcG0004009	-0.475611053178414	0.617530551540711
h1SMcG0004010	-1.09654848508783	0.0193582663453388
h1SMcG0004011	-0.517797338530156	0.145034239181169
h1SMcG0004012	-0.435827856669397	0.604322612172839
h1SMcG0004013	-1.25384354378324	0.0636598735319609
h1SMcG0004016	0.599896650633842	0.0304790087249542
h1SMcG0004018	-0.550826356361048	0.471315165746951
h1SMcG0004019	-2.51058093632888	0.00581997091250527
h1SMcG0004024	2.71587403967213	0.00148465391186321
h1SMcG0004026	-1.1219355847705	0.489556117701489
h1SMcG0004028	6.31172245243825	0.0000000000000000000000000000000000000000000000000165122323554304
h1SMcG0004029	5.83686221991954	0.0000000000000000000349063339675984
h1SMcG0004030	-1.65298435394666	0.273398244210676
h1SMcG0004033	-4.2440873428886	0.0000126319387881784
h1SMcG0004034	1.01934227255913	0.00286808181421793
h1SMcG0004038	-0.992437239718629	0.0647280374506466
h1SMcG0004042	-3.95796940420793	0.0000000000000288306282196684
h1SMcG0004045	-0.237376871326584	0.714209067930908
h1SMcG0004046	-2.62497816009777	0.00000000000144418396933005
h1SMcG0004048	0.347613893275585	0.569409057227317
h1SMcG0004049	-1.14576210764984	0.00764501371133143
h1SMcG0004050	0.087729543909489	0.82677293104214
h1SMcG0004051	-2.56038567599918	0.0000000000145153066072409
h1SMcG0004052	-0.739699197206841	0.00142022156261057
h1SMcG0004055	-0.833146488769834	0.0189299531806031
h1SMcG0004056	0.691661570546467	0.666898366785971
h1SMcG0004057	-2.18120072182643	0.000000000129262937378738
h1SMcG0004058	0.186765461769521	0.862324519888607
h1SMcG0004060	-0.339659545183518	0.420802974526523
h1SMcG0004061	-1.12924249078953	0.157311132960938
h1SMcG0004063	-1.30928612013201	0.0000113379303500767
h1SMcG0004065	2.14745632358388	0.00000013308923110116
h1SMcG0004066	-0.336026969767225	0.421579760376127
h1SMcG0004067	-0.984360081649521	0.0000000000028612008231565
h1SMcG0004068	-0.256582774291985	0.768586832384749
h1SMcG0004069	-1.3456700729164	0.00550800181358268
h1SMcG0004071	-0.448459099876032	0.45355859063853
h1SMcG0004072	-1.12044446936536	0.400984702539128
h1SMcG0004073	1.09692106669971	0.308160956062191
h1SMcG0004074	0.868441922938124	0.00223085185965578
h1SMcG0004076	-1.58164626960316	0.0445390702802233
h1SMcG0004077	-0.766063184563779	0.0018323428338545
h1SMcG0004078	-0.453145837759612	0.193964976792317
h1SMcG0004079	-1.4468341313738	0.00140452936558762
h1SMcG0004080	-1.80993695853882	0.0000300403227052143
h1SMcG0004081	-0.551796241306555	0.644973464621528
h1SMcG0004082	-1.21714742714786	0.161391123770026
h1SMcG0004083	-1.74891216475575	0.000373348181146624
h1SMcG0004084	-0.757059726316746	0.665034509135311
h1SMcG0004086	0.548217099186515	0.133137552766119
h1SMcG0004093	2.52953466673669	0.00612781995760691
h1SMcG0004096	1.35326368760189	0.0625012749360236
h1SMcG0004097	0.010346958360342	0.986857561720404
h1SMcG0004098	3.39139292515375	0.00000000000795196583980899
h1SMcG0004101	-2.27378805975932	0.141307990868078
h1SMcG0004103	-1.82236982259085	0.275711988964415
h1SMcG0004104	-0.166999556955666	0.794939206265342
h1SMcG0004106	1.60283516015961	0.00000000000450196569938969
h1SMcG0004107	0.0808558585417857	0.908327418350708
h1SMcG0004108	-0.322223153306951	0.537701952124159
h1SMcG0004111	0.392639043451415	0.0898687847270788
h1SMcG0004112	0.833699819469403	0.0042069719843331
h1SMcG0004114	-2.3977828315219	0.0000000252587796831054
h1SMcG0004116	0.0278562992276491	0.910571000994529
h1SMcG0004117	-1.80373477431766	0.00000125533025377479
h1SMcG0004119	-0.942474633217469	0.162433403003952
h1SMcG0004122	-0.151073014051889	0.770775762667137
h1SMcG0004124	3.21703832449525	0.00000000000000000000000000000000000000000630972859267727
h1SMcG0004125	-0.138137262100475	0.918174524857828
h1SMcG0004127	-1.91764349972727	0.000000207203549613682
h1SMcG0004132	1.36096816063268	0.220595183866424
h1SMcG0004135	0.26354302133296	0.462093959508371
h1SMcG0004146	-0.756364040112917	0.0454935495022391
h1SMcG0004148	-0.129743548645704	0.897921616504404
h1SMcG0004151	1.62889673765646	0.000151385560879722
h1SMcG0004152	2.05107952734303	0.0000923553888242328
h1SMcG0004153	-2.80041880449952	0.0836625750681415
h1SMcG0004154	-0.852437788569122	0.233496751932782
h1SMcG0004155	-2.8529507589758	0.00187512135353169
h1SMcG0004156	-0.0289262524094764	0.913856925332048
h1SMcG0004157	-2.79821648935504	0.0463340459564204
h1SMcG0004161	0.912687560103837	0.490650512148589
h1SMcG0004162	0.366931323877264	0.722133602429119
h1SMcG0004164	0.35970111908398	0.757146019120635
h1SMcG0004165	-0.342906166209657	0.718803232800081
h1SMcG0004166	-1.93260676569031	0.000159034111153643
h1SMcG0004168	0.639014956279558	0.0379076948222702
h1SMcG0004170	-0.538633433774718	0.0293441451072778
h1SMcG0004173	-1.15173601457109	0.00139670573951322
h1SMcG0004175	1.11623911383974	0.0100689341592908
h1SMcG0004176	-2.66817143877338	0.0000159256563076298
h1SMcG0004177	-0.985848662652491	0.180921702033192
h1SMcG0004179	1.10313503355457	0.00000000452185527920258
h1SMcG0004180	0.0712885017038239	0.804498325685237
h1SMcG0004181	-2.73067324501827	0.0340143399037523
h1SMcG0004183	-1.1529056988896	0.000865221469766307
h1SMcG0004189	-0.757761521231393	0.0537277370752595
h1SMcG0004190	-1.17539575560399	0.0614606290453631
h1SMcG0004192	-0.793855312255921	0.026324794286364
h1SMcG0004194	-0.505048681048488	0.140713080484179
h1SMcG0004197	1.69882353066974	0.0000000000000000000000000381696257166769
h1SMcG0004198	2.34639995732963	0.0000732705605261928
h1SMcG0004199	-1.30296928020642	0.417124238711001
h1SMcG0004200	0.682171258022494	0.48144471183715
h1SMcG0004202	0.450128645329371	0.782845572474484
h1SMcG0004203	0.856537534211379	0.171580794709217
h1SMcG0004207	-1.33248328579348	0.000000169993149429351
h1SMcG0004208	-0.106864804274166	0.856587808321952
h1SMcG0004209	-0.997809567269	0.068227768272278
h1SMcG0004211	-1.52507818176363	0.0715525388576942
h1SMcG0004212	-0.432410386395831	0.506372311369139
h1SMcG0004215	-0.873511267776269	0.50762540855387
h1SMcG0004216	-1.7380628758686	0.242613798979791
h1SMcG0004218	-1.81293468612921	0.211622024489786
h1SMcG0004220	-0.490871584965397	0.592725464192268
h1SMcG0004221	0.484379984971663	0.475099719200979
h1SMcG0004223	4.75344220845683	0.000000000000000364395553015934
h1SMcG0004228	0.518276779962576	0.56673231945898
h1SMcG0004231	-0.710049468433831	0.666811598678984
h1SMcG0004232	-0.00756899622354057	0.992752328782515
h1SMcG0004235	-2.33553863773148	0.0539611120357619
h1SMcG0004236	-2.19787873734154	0.00767901185285493
h1SMcG0004237	-2.68429881737565	0.00000000000000000236863966128255
h1SMcG0004240	1.67978491897024	0.00000572740196342251
h1SMcG0004241	-0.317677533449511	0.414120417101116
h1SMcG0004242	3.03497435447516	0.000000000000000000000000000014568815050364
h1SMcG0004243	-4.4214668439965	0.0000807471325075364
h1SMcG0004244	-0.988153200397994	0.0310707406889665
h1SMcG0004246	0.535691967844212	0.528202294442071
h1SMcG0004249	6.74662448861628	0.000000000000261038876317342
h1SMcG0004250	3.73487167056695	0.000000000000000205857376920012
h1SMcG0004251	-1.73220272907799	0.0886573942998101
h1SMcG0004252	0.553231989224542	0.0283472592339625
h1SMcG0004254	0.936862707400814	0.166228955667763
h1SMcG0004255	-0.449500818434456	0.757146019120635
h1SMcG0004257	2.28655268966133	0.00000255932606514854
h1SMcG0004258	3.17951677938412	0.00000315864164953876
h1SMcG0004259	-0.708817293246743	0.506976961976987
h1SMcG0004260	0.857704570927611	0.103067202647451
h1SMcG0004262	0.0963489326965557	0.944642722782973
h1SMcG0004264	0.371842262317474	0.729118511284675
h1SMcG0004266	-0.940645636398718	0.0220158371318224
h1SMcG0004268	0.0127735207746916	0.992071435706095
h1SMcG0004269	0.335148435961567	0.0435528850044789
h1SMcG0004270	1.61698159275702	0.000000000000000000185259478279026
h1SMcG0004271	2.34762043437055	0.00000000000000000000000599040311135645
h1SMcG0004272	-0.926175841806693	0.449022672484397
h1SMcG0004273	1.18167277036769	0.211016485877149
h1SMcG0004275	0.729180507114011	0.0309748366160185
h1SMcG0004276	-1.62985637553646	0.00660245501711945
h1SMcG0004279	-1.52673479388911	0.115760317796565
h1SMcG0004280	0.047682561135175	0.920975132252978
h1SMcG0004283	1.43713759750239	0.147901057935674
h1SMcG0004284	0.812747962053959	0.526960785942326
h1SMcG0004286	0.837517410257624	0.00275319717353676
h1SMcG0004289	1.45247914753549	0.000330400003365593
h1SMcG0004290	-0.0808154717149765	0.819114358724607
h1SMcG0004291	-0.454354995369166	0.229472406635022
h1SMcG0004292	-0.379484948786275	0.61870635123103
h1SMcG0004293	-2.22066186410302	0.161028501170884
h1SMcG0004294	-0.811104003239128	0.255952695856941
h1SMcG0004296	-0.438185595257638	0.377153778500774
h1SMcG0004298	-0.069042776489844	0.921345134380608
h1SMcG0004299	0.735129125841732	0.544989586229674
h1SMcG0004300	-3.88145415533285	0.0000559782628836698
h1SMcG0004301	0.443255728066909	0.588990196221962
h1SMcG0004302	-0.424670172685471	0.780278078805617
h1SMcG0004303	-3.04349907009383	0.0110290736181155
h1SMcG0004305	-1.26130974804495	0.000504457758767784
h1SMcG0004308	0.0716216165165977	0.950054078541386
h1SMcG0004310	1.77682179366551	0.000000000000000289226773460148
h1SMcG0004314	4.11226839932739	0.0000000196606236913372
h1SMcG0004315	1.50467241396238	0.196758737908459
h1SMcG0004317	0.132201005931736	0.86521132932641
h1SMcG0004318	-3.31618321661391	0.00138386895872713
h1SMcG0004320	1.1066885755259	0.00171514802736109
h1SMcG0004322	-0.170692621109175	0.803009329219132
h1SMcG0004323	0.209245148045394	0.628166249033116
h1SMcG0004324	-1.64034249085149	0.000000000000872527251639263
h1SMcG0004327	-1.97331867033422	0.00514798202522138
h1SMcG0004329	0.919414975415034	0.0828949482979812
h1SMcG0004335	-1.10229442970923	0.464692883687065
h1SMcG0004337	1.23455549385827	0.409885917139038
h1SMcG0004340	-0.172851959332259	0.701367326938915
h1SMcG0004341	2.22910372450438	0.0025648587151529
h1SMcG0004342	0.00242269356767456	0.998669600300567
h1SMcG0004343	-0.628722329796509	0.126611368256752
h1SMcG0004344	1.23821913614631	0.00869588561201287
h1SMcG0004346	3.21794349464189	0.000000268834942530562
h1SMcG0004347	0.546342534607851	0.270006913339933
h1SMcG0004348	-3.25418320593801	0.00186507621289314
h1SMcG0004349	-3.14065481089717	0.000000000000652438802086822
h1SMcG0004352	1.13487362030029	0.00388750636884926
h1SMcG0004354	-0.47271239677788	0.153536508611759
h1SMcG0004355	-0.42218026171463	0.138766713795912
h1SMcG0004356	3.07961035279665	0.000000000000000000000000451117314506697
h1SMcG0004357	0.721543435098792	0.207677346948728
h1SMcG0004358	-0.198768005960681	0.384353940554015
h1SMcG0004359	0.0719513910202687	0.896919288825669
h1SMcG0004364	2.97598633232732	0.0000000000000318208847684827
h1SMcG0004365	-1.20408066836124	0.00201603157629821
h1SMcG0004366	-2.64650527378153	0.00309189298494397
h1SMcG0004368	0.901706638430864	0.000935383262702739
h1SMcG0004369	2.29135753359532	0.00000000000000000000000190492628694737
h1SMcG0004370	-0.348585197208245	0.421286047674114
h1SMcG0004371	-1.96829965601453	0.0000000599479575942366
h1SMcG0004373	0.767601270561357	0.0972842002919815
h1SMcG0004374	-0.496711978630096	0.461430757484342
h1SMcG0004377	-0.532534879630993	0.435996712192757
h1SMcG0004379	1.09998238611833	0.0000336787679684826
h1SMcG0004380	-0.724613031908904	0.0114158792828321
h1SMcG0004382	2.7435289094861	0.00374378146513402
h1SMcG0004384	-0.764375308396973	0.193849457955806
h1SMcG0004386	-2.73694296583921	0.00000772869269228736
h1SMcG0004387	0.103003857076379	0.956395552969286
h1SMcG0004388	-1.64053233239711	0.00000208709436265339
h1SMcG0004389	-1.01385388731967	0.00125932868766692
h1SMcG0004391	-1.12089493349218	0.472190531064488
h1SMcG0004393	-4.61282024887835	0.000000000000234762018357468
h1SMcG0004394	-0.463404317681629	0.654418278589254
h1SMcG0004395	-1.08428283825406	0.16206544384487
h1SMcG0004396	0.655291992312813	0.0327623663730671
h1SMcG0004397	-0.553125120853769	0.469817839419834
h1SMcG0004398	-1.77333683898576	0.0000904231213906544
h1SMcG0004399	2.09031351429848	0.000000000000205139205891674
h1SMcG0004400	0.672239807889794	0.180541488557511
h1SMcG0004401	0.184796774405853	0.812484243417605
h1SMcG0004404	-2.25546386666416	0.0000000000000000260647539604967
h1SMcG0004405	1.91547653404077	0.0000412057831760056
h1SMcG0004406	-0.150410382867815	0.723325952887248
h1SMcG0004408	3.80573523151097	0.0000000000000000134708745448194
h1SMcG0004410	0.66258405076335	0.0890633637967438
h1SMcG0004411	0.513077117752811	0.475727214073929
h1SMcG0004413	-1.55526335363966	0.00505145011018606
h1SMcG0004414	1.06358051239027	0.0388945000025542
h1SMcG0004416	-1.94477641059832	0.00272308732330378
h1SMcG0004417	-2.93288598310979	0.000027350420880437
h1SMcG0004418	-0.304028550760327	0.227386670933015
h1SMcG0004421	0.693629435288961	0.343175807240166
h1SMcG0004422	-2.08702676437963	0.0014884020576558
h1SMcG0004423	-1.16534198680684	0.000617645541113941
h1SMcG0004424	-1.2726295960095	0.0777189159251794
h1SMcG0004426	4.32600570160526	0.000000000000000000000605971648814301
h1SMcG0004427	-0.332698871693894	0.269948075243403
h1SMcG0004428	-0.382302731313753	0.600077509181576
h1SMcG0004431	-0.119936968791901	0.739502805581659
h1SMcG0004436	3.72085717511723	0.000896162400970256
h1SMcG0004437	3.50874950737312	0.000000000000000756952224065292
h1SMcG0004438	1.40925779459553	0.000989589864272619
h1SMcG0004439	1.06588150490296	0.00000909519812271777
h1SMcG0004440	0.0650253437682049	0.918389274945983
h1SMcG0004441	1.60491886110171	0.00000258700513563947
h1SMcG0004442	3.30122164216145	0.000000528124636608879
h1SMcG0004443	-0.22248710061357	0.733171022486007
h1SMcG0004444	1.89117157964765	0.0000000282729821633218
h1SMcG0004445	-2.33821954916549	0.000142607838992921
h1SMcG0004447	4.18467764758778	0.0000000000000000320087189806498
h1SMcG0004449	0.0474192408347411	0.916831463652403
h1SMcG0004450	0.0093908157460038	0.990834527881397
h1SMcG0004452	-3.91300470716907	0.000353811566655539
h1SMcG0004453	0.266336916822723	0.487996535945446
h1SMcG0004455	-2.07970348294683	0.0282327626554508
h1SMcG0004458	-0.206253529320899	0.567130559660282
h1SMcG0004460	-1.46482646270931	0.295359694553944
h1SMcG0004462	2.00326701115296	0.0000000000000000128505299656248
h1SMcG0004467	-2.13323216502436	0.124087793726268
h1SMcG0004468	-0.230857749226394	0.633393886649121
h1SMcG0004469	-3.75704972221103	0.000000191181272909149
h1SMcG0004470	-1.05647937568469	0.00170651515865061
h1SMcG0004471	1.72582399157963	0.0000000123020388949247
h1SMcG0004472	-1.3879123007242	0.0000103643029116005
h1SMcG0004473	2.90582223457261	0.000000000000025128586679289
h1SMcG0004474	0.375381262423715	0.614484259637813
h1SMcG0004476	-0.202071842052679	0.600284808441625
h1SMcG0004478	2.75436134712636	0.00000000000000414735386241654
h1SMcG0004479	4.072534506982	0.000000000000000000000000000000000000000000000000000000000000000000000410499675974216
h1SMcG0004480	-1.86707211918022	0.000276535294917839
h1SMcG0004482	-0.842075765978252	0.494275282892212
h1SMcG0004483	-1.24849118576274	0.0605304302049665
h1SMcG0004485	-0.434979573312933	0.168941971004215
h1SMcG0004486	-0.0519962667658498	0.96216377866135
h1SMcG0004487	-0.425623010352215	0.179975858495515
h1SMcG0004488	-1.34396008289449	0.312022400811356
h1SMcG0004489	-1.14932053838613	0.105052468148129
h1SMcG0004490	-0.0172310493286357	0.987922561617119
h1SMcG0004491	-1.55958160358681	0.000325448147427624
h1SMcG0004492	0.644962829570209	0.466627773363651
h1SMcG0004493	0.52821968522506	0.0524137977643214
h1SMcG0004495	-1.76251140512709	0.0068866321363188
h1SMcG0004499	-0.385525541629826	0.570913983350587
h1SMcG0004500	1.44609285097439	0.338319654774396
h1SMcG0004501	4.35736148692293	0.0000000000000000000000000000972576432444485
h1SMcG0004505	-1.31424894421853	0.0630532451190652
h1SMcG0004508	-3.45863978333649	0.0140460746565681
h1SMcG0004509	-1.50777568269663	0.000101004341006249
h1SMcG0004513	-2.57475439511038	0.0167487187011523
h1SMcG0004514	0.991904537763527	0.308443363855208
h1SMcG0004516	0.428831320964239	0.29458838473038
h1SMcG0004518	1.25927463974966	0.0193300402083263
h1SMcG0004520	2.21793338750821	0.00000000000250140413472031
h1SMcG0004523	-2.56126072113072	0.0000127417126723698
h1SMcG0004525	-2.04989511144925	0.000000000000000000523636397943712
h1SMcG0004526	-1.09111452189492	0.473854168337929
h1SMcG0004527	-1.58695595166235	0.00281155589651538
h1SMcG0004531	-3.45715576367158	0.00622186116723058
h1SMcG0004532	0.665368164479386	0.00240249467874791
h1SMcG0004534	2.02511926401094	0.0428749194490214
h1SMcG0004538	-4.86105378646612	0.0000201866763002319
h1SMcG0004539	1.06516586244724	0.0000832793155252521
h1SMcG0004543	-0.021377453310478	0.974554827176592
h1SMcG0004545	-3.35732290930972	0.00936058141791169
h1SMcG0004546	-2.75778012470419	0.0164111330410939
h1SMcG0004547	2.87262038880141	0.0000000000653299478700909
h1SMcG0004549	2.42891128372499	0.00000021401200530219
h1SMcG0004550	5.558700505429	0.0000000000000191537601535399
h1SMcG0004551	-0.249619663408054	0.87344283140739
h1SMcG0004553	0.196689292084283	0.906902123890136
h1SMcG0004555	0.180953992021559	0.818419978460897
h1SMcG0004558	0.0248097210224573	0.946048780486177
h1SMcG0004559	-0.145879895524936	0.928872066636801
h1SMcG0004562	2.67235385494945	0.00017141930757736
h1SMcG0004563	-3.40574419440782	0.00074246064587662
h1SMcG0004564	2.69495320598942	0.052180703931253
h1SMcG0004566	2.69387637943791	0.00000000000000000000000000000000000000000000167379586813006
h1SMcG0004567	2.45538055462922	0.00000180409073348051
h1SMcG0004570	-0.0911602980150076	0.96001083508503
h1SMcG0004571	0.608154384840262	0.628893426815645
h1SMcG0004572	0.610439769542103	0.713456846292202
h1SMcG0004574	4.03779998012941	0.000000000000000000000000000000000000000000000000000000000000000000000000032115563024249
h1SMcG0004576	1.34953437966164	0.000000456096590941478
h1SMcG0004577	3.60110044078324	0.000226273178718995
h1SMcG0004578	-2.91790750609157	0.0619089902463559
h1SMcG0004581	0.798035858575471	0.633825699508971
h1SMcG0004584	-1.71966513881131	0.00221500105363288
h1SMcG0004585	-0.8794392384361	0.00912105776785494
h1SMcG0004586	-0.809864991713075	0.163916442336524
h1SMcG0004587	1.28816466154343	0.303858470583529
h1SMcG0004588	-1.5814170837318	0.000184998962365271
h1SMcG0004589	-0.765479978103224	0.00986836481301226
h1SMcG0004590	-0.306785839832546	0.592491404835152
h1SMcG0004592	-0.276856312576228	0.697116265566198
h1SMcG0004593	-1.66379129475761	0.00714103228849125
h1SMcG0004594	1.32379742601313	0.0231233419161329
h1SMcG0004596	1.07236813366319	0.00000503963565422331
h1SMcG0004602	-0.415696017628473	0.459092119155458
h1SMcG0004604	-0.160487947436928	0.831162036048267
h1SMcG0004606	-0.921025394544472	0.0000292492847619624
h1SMcG0004607	-0.831292122056815	0.000694805631642228
h1SMcG0004608	0.132609887008874	0.687016202897967
h1SMcG0004609	-1.38064831639634	0.0000000882788665716575
h1SMcG0004610	-0.671184174968642	0.0541208478502559
h1SMcG0004612	1.36434410108815	0.288661031294594
h1SMcG0004613	-0.0948435735036194	0.897167666222933
h1SMcG0004615	-2.54325831460566	0.0261216851218732
h1SMcG0004616	2.66906779915239	0.00000000000000251574120119923
h1SMcG0004619	-0.937035690798793	0.304335189263334
h1SMcG0004621	-1.78461855990635	0.112590780220396
h1SMcG0004622	-1.07674957315193	0.000090206949933701
h1SMcG0004623	3.20118437555495	0.000000000000000000000336206943010534
h1SMcG0004624	0.187102173377604	0.646560499853142
h1SMcG0004627	-0.297854802141421	0.580388481234976
h1SMcG0004630	0.977442401163891	0.00379204608391835
h1SMcG0004632	1.22010649858892	0.279122855636498
h1SMcG0004634	-3.3583502081686	0.00619833857906347
h1SMcG0004637	-0.0951846362005808	0.804295669803709
h1SMcG0004638	0.477729836305662	0.413711920263748
h1SMcG0004643	0.0774544050637435	0.959317027701803
h1SMcG0004644	1.61058803075871	0.0234898228679857
h1SMcG0004645	3.77323454893211	0.000000000000000000000391368239666778
h1SMcG0004647	-1.89060640889707	0.198471722787501
h1SMcG0004648	-0.314858146165392	0.520776682103227
h1SMcG0004650	1.52693679495095	0.00116009197235048
h1SMcG0004654	-0.971079491359967	0.0257976452797871
h1SMcG0004655	-1.46059698975486	0.0536106063166084
h1SMcG0004656	-0.320566959374342	0.633522219804578
h1SMcG0004658	-0.67901265961842	0.466080859512508
h1SMcG0004659	-1.74877199490499	0.157986969159649
h1SMcG0004661	1.36055762090617	0.00000000000000000358876403853424
h1SMcG0004662	0.843566587535498	0.20283774790178
h1SMcG0004663	-1.64758248673542	0.00741429581503336
h1SMcG0004666	-4.09197104417341	0.0000000000000000000000000150989813322496
h1SMcG0004667	1.04664817471568	0.0183748007132326
h1SMcG0004671	-0.674671967679362	0.298234857886244
h1SMcG0004680	2.17660672076555	0.00000296164234081338
h1SMcG0004683	0.139577729543255	0.623406403194152
h1SMcG0004684	-0.222246856351713	0.698311681640562
h1SMcG0004686	-2.84330092133985	0.0391165078837695
h1SMcG0004687	-0.392328053634288	0.252122065198366
h1SMcG0004688	0.221529950624916	0.438808791174701
h1SMcG0004689	-4.06057284885067	0.00000228388902383246
h1SMcG0004692	-0.375868526489347	0.141129398466045
h1SMcG0004693	-2.15394346526896	0.0812602954602157
h1SMcG0004694	0.922202493764981	0.29172509099007
h1SMcG0004695	2.0489773190228	0.00000000000000000000000799195550686741
h1SMcG0004697	0.780644959930093	0.0106861626391592
h1SMcG0004698	-0.865545129288496	0.548824313911682
h1SMcG0004700	-0.325966553454578	0.396977014221457
h1SMcG0004702	0.750879923458153	0.118203781240728
h1SMcG0004703	3.42227480449097	0.0000000000000000235997934991285
h1SMcG0004705	-1.70737508950404	0.0217647594484002
h1SMcG0004706	-0.306912094081703	0.627054437515857
h1SMcG0004707	-2.05497576424158	0.0190891017601909
h1SMcG0004708	-0.274810266953591	0.463554268062886
h1SMcG0004711	-0.860446973041361	0.0223480640718058
h1SMcG0004713	-1.5540826770554	0.00000000000439947064451765
h1SMcG0004717	0.382908799800636	0.697836302636085
h1SMcG0004718	0.295810831164923	0.86084522034244
h1SMcG0004721	-1.06243737557211	0.0255266356210821
h1SMcG0004722	-0.188132635991642	0.683917936647488
h1SMcG0004724	0.299895158227654	0.678804664521945
h1SMcG0004725	0.422535263815857	0.640251920256555
h1SMcG0004726	0.97005801105877	0.514991146255857
h1SMcG0004727	-0.375805835929857	0.606486587978314
h1SMcG0004728	-0.159171885793667	0.78677711573046
h1SMcG0004734	1.36648871630302	0.238335101629406
h1SMcG0004735	0.452218537600661	0.793143337709276
h1SMcG0004738	1.11709017942439	0.237455844357633
h1SMcG0004741	8.77718746356393	0.00000000000000000000000992228715485063
h1SMcG0004743	2.549977573171	0.0000308201272785994
h1SMcG0004744	0.373336541395027	0.843628299890336
h1SMcG0004745	-0.858267988746005	0.0945398216662614
h1SMcG0004749	-1.88982328919027	0.16283869033651
h1SMcG0004750	-1.19080592428626	0.161028501170884
h1SMcG0004753	0.366362840109664	0.245439080607708
h1SMcG0004754	0.447909613241403	0.315965783104185
h1SMcG0004755	1.50630577807986	0.0000549980466299352
h1SMcG0004756	1.82020936824137	0.00573305889552381
h1SMcG0004760	-1.44924586585364	0.183029532272715
h1SMcG0004762	0.698357890689996	0.0239674965690732
h1SMcG0004763	-0.295485796298959	0.618754580684767
h1SMcG0004764	0.32869704768944	0.765392856301213
h1SMcG0004766	-1.33535257369434	0.0031134392655406
h1SMcG0004767	0.184668216479905	0.885930033693688
h1SMcG0004768	1.39513259650974	0.465595787320915
h1SMcG0004769	2.4137164473378	0.000000990724336384094
h1SMcG0004770	-0.411835942502357	0.805096991263508
h1SMcG0004773	-1.48947034876017	0.0311676629728252
h1SMcG0004774	2.7154353955856	0.000778951031060761
h1SMcG0004775	-0.465907763093339	0.700974597132641
h1SMcG0004776	-0.225874343844959	0.801149841112585
h1SMcG0004777	-0.587513216012234	0.539184059130108
h1SMcG0004778	-1.33739057602522	0.210311445689078
h1SMcG0004780	-0.870710648167218	0.369292594807619
h1SMcG0004781	-1.44426389930294	0.358021045260187
h1SMcG0004782	0.412575351512879	0.180203918457875
h1SMcG0004784	-0.350091972977724	0.699013817812125
h1SMcG0004785	0.0431663354200347	0.976400460169833
h1SMcG0004786	-0.840412800598984	0.0261127440904936
h1SMcG0004788	0.300496005044327	0.0796916526640767
h1SMcG0004789	-0.256430347177776	0.479351839307813
h1SMcG0004790	-0.593847725389782	0.17576679330919
h1SMcG0004792	0.880250691221649	0.379797507746029
h1SMcG0004793	-0.29243597619353	0.41449067020848
h1SMcG0004794	-2.39987709394338	0.0446062151786128
h1SMcG0004797	-1.44956263334264	0.162245515003086
h1SMcG0004799	-1.31693476797899	0.000000735556030093171
h1SMcG0004801	-1.06606431421358	0.491787113428601
h1SMcG0004803	-0.81991283423604	0.604916374839895
h1SMcG0004804	-2.56181479653542	0.0838951276659611
h1SMcG0004805	1.4577433636443	0.058756147878838
h1SMcG0004806	-1.95824591505897	0.199914983919904
h1SMcG0004807	0.555470814992848	0.451040172997451
h1SMcG0004808	0.284119728367728	0.434619077705457
h1SMcG0004809	-1.26680089250223	0.0000000108659770868782
h1SMcG0004810	0.279971919921253	0.267211116440348
h1SMcG0004811	-0.748021012507786	0.0000136018810006123
h1SMcG0004812	0.516701621710481	0.266785209217075
h1SMcG0004813	-0.00943742417065025	0.995481799007797
h1SMcG0004815	1.83855992476159	0.151996222403197
h1SMcG0004816	0.486472904112585	0.334140836539728
h1SMcG0004818	0.0809392162242237	0.917460700130827
h1SMcG0004819	0.0965857192753107	0.884334002415679
h1SMcG0004821	1.05255439028665	0.00025721172443772
h1SMcG0004822	-1.37828467937428	0.0519865080846951
h1SMcG0004823	1.14665693385667	0.00814475473604612
h1SMcG0004826	2.28303478502279	0.00445158696059613
h1SMcG0004827	0.84889262450938	0.109423448941229
h1SMcG0004828	0.307394731660321	0.732860615415976
h1SMcG0004829	0.756564690094443	0.0865938763057531
h1SMcG0004830	-2.20298590296744	0.00000000030602131614384
h1SMcG0004831	1.97118403185368	0.0313100866705304
h1SMcG0004832	1.59873051402433	0.000000000000136443384775538
h1SMcG0004836	4.41987435742712	0.0000000000000000000000000000276749284332738
h1SMcG0004837	-0.233179339152316	0.672423734098599
h1SMcG0004839	-0.149218502538149	0.67794074825838
h1SMcG0004840	0.0909100301790925	0.874373552164741
h1SMcG0004841	0.0227330621342327	0.969399851578422
h1SMcG0004843	3.94119763094416	0.000000000000000000325751248075472
h1SMcG0004844	-1.55607438990545	0.274323876262592
h1SMcG0004846	-2.0056466404895	0.000000757070354630709
h1SMcG0004847	-1.50593416544666	0.063161819474944
h1SMcG0004848	1.46025832394676	0.00000483178932793726
h1SMcG0004850	-0.0680466290370565	0.93433302701756
h1SMcG0004851	1.32621824664821	0.00137356801328816
h1SMcG0004856	0.577788210065234	0.333114105280271
h1SMcG0004857	0.622346802300573	0.115344562368766
h1SMcG0004860	-0.511529827670672	0.486286791861651
h1SMcG0004864	2.29240880038849	0.000000000245721619223799
h1SMcG0004865	-0.143870559245082	0.905367265652706
h1SMcG0004866	0.42485115977833	0.341147719172753
h1SMcG0004867	0.160446753394247	0.795293726349168
h1SMcG0004868	-1.53691023334959	0.0000000262522142068316
h1SMcG0004869	0.29363127134338	0.837910739632423
h1SMcG0004870	-1.39317794605841	0.000587865706665011
h1SMcG0004871	-1.59889345967805	0.110912268497542
h1SMcG0004872	0.924818490725269	0.0736916419833778
h1SMcG0004874	0.781595102481526	0.0214227914807926
h1SMcG0004875	2.78291260259305	0.0061321676763522
h1SMcG0004876	-0.705554935571004	0.58454012205081
h1SMcG0004877	2.85540236982253	0.00000000000000208758362648159
h1SMcG0004878	-0.00782782588454118	0.989607537100976
h1SMcG0004880	3.43789508580984	0.0000000000597549830828455
h1SMcG0004882	-0.428298806307727	0.778777819289205
h1SMcG0004884	2.19721802106235	0.00013000680083657
h1SMcG0004886	-0.52671670149916	0.0781747912608593
h1SMcG0004888	-2.79818559436604	0.00000000000000000000000000000000121019978782659
h1SMcG0004889	-0.872354630419102	0.319678761193681
h1SMcG0004890	-0.406337901760327	0.182294642197089
h1SMcG0004893	2.15556699100055	0.0000000893347542377489
h1SMcG0004894	-1.62160416908881	0.00124278957840565
h1SMcG0004895	-1.74628396212199	0.0000741166405329376
h1SMcG0004898	-1.23362743239538	0.000004697047724366
h1SMcG0004900	-2.11428510188818	0.0000205166119664705
h1SMcG0004901	-0.369546784367828	0.572445711187203
h1SMcG0004902	-0.280272238012894	0.717258860017792
h1SMcG0004904	-1.06170723970378	0.0254201214127734
h1SMcG0004905	2.29921885928847	0.0000000150891669738559
h1SMcG0004907	1.84051899867352	0.00000000000000037643628495731
h1SMcG0004908	0.663290942008564	0.147809107769468
h1SMcG0004909	1.27870448199952	0.123782627992815
h1SMcG0004912	-0.63819251583144	0.0487110669738389
h1SMcG0004914	-2.23028447719492	0.000000247818379613491
h1SMcG0004915	-1.71314713129226	0.000564811146098599
h1SMcG0004916	4.17562234800503	0.0000000000000000000000000000000000000000000000000000000000000000000000000000000000129379591994817
h1SMcG0004917	1.28488429007827	0.000155137475151187
h1SMcG0004918	-1.77172268037622	0.0685223691017815
h1SMcG0004919	-2.85309086379624	0.0415105756427073
h1SMcG0004920	0.807736195546455	0.00318484231993413
h1SMcG0004921	1.11890729970493	0.0935516853387769
h1SMcG0004924	-1.47327800548934	0.000215291824251883
h1SMcG0004928	-0.52952975431519	0.693165212729486
h1SMcG0004929	0.521521608172468	0.0838177057439961
h1SMcG0004931	1.35633296805166	0.204625676219371
h1SMcG0004932	-0.239885888509346	0.789091092155918
h1SMcG0004933	3.46454163177789	0.00000000209922561838871
h1SMcG0004934	3.33128712667635	0.00000000000000000383725211696851
h1SMcG0004935	-0.538324436322387	0.719088155959883
h1SMcG0004937	-0.233117663626306	0.814075693206684
h1SMcG0004938	1.63787620996676	0.000000600791204736317
h1SMcG0004940	-2.34085726598707	0.0912447459847773
h1SMcG0004941	6.44928514325741	0.00000000000000000000000000000000000000000000000000000000000000000000000000000000134398220489186
h1SMcG0004942	-0.732337688455745	0.421579760376127
h1SMcG0004943	0.73869507435913	0.625023070609128
h1SMcG0004944	0.612378547748788	0.314820805704155
h1SMcG0004945	-0.380231769041625	0.269144882461114
h1SMcG0004947	0.706799250857218	0.0731802681272776
h1SMcG0004949	-1.36776711517931	0.0185119221685392
h1SMcG0004950	-0.0451106127103976	0.955073003716904
h1SMcG0004952	1.10706798529142	0.208111712084933
h1SMcG0004953	0.834560710225884	0.388557376274394
h1SMcG0004955	0.625934771660866	0.57711267728077
h1SMcG0004958	-0.0677429620109185	0.88699254392759
h1SMcG0004960	-2.44250083413584	0.0428084039106549
h1SMcG0004961	0.750814140186888	0.00320629166677206
h1SMcG0004962	0.485006788279849	0.5240091986843
h1SMcG0004963	1.58475289663404	0.00108253104420357
h1SMcG0004964	3.19069983712631	0.000784110749163467
h1SMcG0004965	1.23022055044394	0.452537296669255
h1SMcG0004966	2.11641493648537	0.0522050132587997
h1SMcG0004971	5.48476151273193	0.000000000000000000193411264982972
h1SMcG0004972	0.27757057805084	0.754660388539408
h1SMcG0004973	1.05246982838541	0.225809863793224
h1SMcG0004977	2.97008699629754	0.000000102249566754748
h1SMcG0004978	-1.34921359926898	0.238238699197077
h1SMcG0004984	1.05185224472398	0.283595484101375
h1SMcG0004986	-0.370830775155189	0.445929461735901
h1SMcG0004987	0.926399111773637	0.0375849136336962
h1SMcG0004988	-0.191939464708215	0.918989864527312
h1SMcG0004989	2.35833139984127	0.000000889371135650869
h1SMcG0004992	1.26240512690479	0.20213797458817
h1SMcG0004994	1.53093601349975	0.0189481604305015
h1SMcG0004995	-0.714742197210085	0.223851149042826
h1SMcG0004996	-3.33285424853073	0.00107153746723652
h1SMcG0004999	-0.688087909132753	0.414697385533964
h1SMcG0005003	-0.563154754410526	0.502289275659879
h1SMcG0005004	-2.71798915488946	0.00000000000214046214207853
h1SMcG0005005	0.660147593908074	0.0190891017601909
h1SMcG0005006	0.930644187774605	0.263491506414483
h1SMcG0005009	-1.25352777283974	0.169206030993616
h1SMcG0005013	-2.76156177296904	0.000000000997572660383791
h1SMcG0005014	-3.47801043510331	0.000483378603261229
h1SMcG0005015	-1.49783883752002	0.0000466581913167391
h1SMcG0005017	-2.78121131814489	0.000586026369775395
h1SMcG0005019	0.147758089286105	0.649016545788604
h1SMcG0005020	-0.867380372176194	0.316023785569359
h1SMcG0005021	-3.64455943581473	0.00266273695549051
h1SMcG0005022	-1.31067213316798	0.310950028953
h1SMcG0005023	-1.85383020878158	0.0210899380931275
h1SMcG0005024	1.60271113408107	0.01978883756787
h1SMcG0005027	-0.113525205303492	0.857304119036884
h1SMcG0005030	2.8083457862141	0.000000000000000000633415290570474
h1SMcG0005031	-0.272996430348942	0.866505550867034
h1SMcG0005032	-0.824208013539924	0.00251947562279024
h1SMcG0005033	0.795923593479875	0.0738798490011044
h1SMcG0005035	0.201526422019969	0.610091640640603
h1SMcG0005036	1.33863713524792	0.0113408453622291
h1SMcG0005039	2.78035773048578	0.0000170309859558403
h1SMcG0005040	-0.703482641774021	0.494161777256512
h1SMcG0005044	-0.0721091067042408	0.944315251273861
h1SMcG0005045	0.16764196748704	0.608997773799522
h1SMcG0005046	0.88412314463428	0.000575953767374503
h1SMcG0005048	-0.955987818217003	0.00107561373288861
h1SMcG0005049	-0.962796630604222	0.0573679293078628
h1SMcG0005050	0.141745462998275	0.572756444260629
h1SMcG0005053	-0.778966536173814	0.353984591923722
h1SMcG0005056	1.68615437991672	0.000874143391717841
h1SMcG0005057	-0.817642997827053	0.4638021560476
h1SMcG0005058	-0.647032438832869	0.60321089261257
h1SMcG0005059	0.248782603025172	0.88591265939558
h1SMcG0005060	-2.78789806316029	0.00113130643187117
h1SMcG0005061	2.91765339878354	0.0000000000000000000510883336946565
h1SMcG0005062	0.539430133991337	0.566577645942173
h1SMcG0005066	-0.43594390576598	0.611836863444004
h1SMcG0005067	-0.318754869800464	0.324620997164033
h1SMcG0005069	-0.766483612299359	0.183470572376078
h1SMcG0005070	-1.48178295295707	0.000195675862263142
h1SMcG0005072	0.885958507691876	0.010389482002096
h1SMcG0005074	-0.545598721864831	0.725897503038286
h1SMcG0005075	0.781795392690265	0.271634728223977
h1SMcG0005076	0.211718388669225	0.631782107566822
h1SMcG0005077	2.72472455577978	0.0000996572463694042
h1SMcG0005078	1.11618903419806	0.0755083027042369
h1SMcG0005079	-0.174206314002941	0.86355086388303
h1SMcG0005081	0.865522784271263	0.183470572376078
h1SMcG0005082	2.34010051977502	0.00000000000000217491934697554
h1SMcG0005083	-1.90962336632009	0.0378118082058802
h1SMcG0005084	0.653918848542957	0.32518023026901
h1SMcG0005085	-1.65646606573179	0.000000215603393618282
h1SMcG0005090	3.1339906603904	0.0000000155092659504057
h1SMcG0005092	0.781178043720364	0.0146101610898253
h1SMcG0005093	0.497490112857175	0.649639864025932
h1SMcG0005098	1.49209708797182	0.268173121005422
h1SMcG0005101	6.33489182839336	0.0000000382790216847481
h1SMcG0005102	-2.19165427349661	0.0015617146196966
h1SMcG0005103	-1.1054260082903	0.0000000319461452617775
h1SMcG0005107	-1.24623665254256	0.206488853169292
h1SMcG0005109	-1.47482936421718	0.0000880108081146621
h1SMcG0005111	0.588304472552393	0.10585893687747
h1SMcG0005112	0.688745607302459	0.17218712047792
h1SMcG0005113	1.72864406088579	0.000308740312489428
h1SMcG0005114	-2.02127752416233	0.115983718106469
h1SMcG0005116	-1.10552801710516	0.44686401323669
h1SMcG0005125	-0.525758086944044	0.239368705716724
h1SMcG0005126	2.35486341011163	0.000000000288045671630988
h1SMcG0005127	-0.772081898468648	0.512262767485019
h1SMcG0005128	-2.01258095228861	0.102512946216721
h1SMcG0005129	0.643631806948472	0.008278731177624
h1SMcG0005130	0.521207215669118	0.0577604106884138
h1SMcG0005133	0.73801239716984	0.0000977323062301886
h1SMcG0005135	4.13960333441171	0.00000000000000000000284071952954568
h1SMcG0005136	3.50965126002968	0.00000000000000000000000000000000000000182030130273523
h1SMcG0005140	0.407150817221179	0.498340734911782
h1SMcG0005142	1.26865610859214	0.22501811617949
h1SMcG0005144	1.9094785986825	0.000000161751196581411
h1SMcG0005150	-0.176024241561277	0.918215283802152
h1SMcG0005152	0.527873278096531	0.125094741394116
h1SMcG0005154	-1.27611042545467	0.0111405188737124
h1SMcG0005155	-0.036011267172339	0.981679159730508
h1SMcG0005156	7.20758602290468	0.0000000000000000000197726528504972
h1SMcG0005157	-0.534774305312189	0.713964351618387
h1SMcG0005158	0.802702615682115	0.52016519061148
h1SMcG0005162	4.99013450412841	0.00000000000000000000013830871465924
h1SMcG0005166	0.0838849042706037	0.965347648352089
h1SMcG0005168	-0.797397333369208	0.41397344606423
h1SMcG0005169	2.52446146718026	0.000000184536283239534
h1SMcG0005170	-1.02183500747055	0.0875533887340145
h1SMcG0005171	-0.699418735003414	0.46217305963502
h1SMcG0005173	-0.672713308130688	0.0226276245446765
h1SMcG0005174	-0.927803606993519	0.185747263075064
h1SMcG0005178	-0.19994878897138	0.390942727432521
h1SMcG0005179	-0.866834733258397	0.121235546236912
h1SMcG0005182	-1.70782967574369	0.192480242106658
h1SMcG0005183	6.53998123254638	0.0000000000003112359407306
h1SMcG0005184	5.11595756946897	0.0000000035362626534865
h1SMcG0005186	-1.04192688440104	0.164432980670183
h1SMcG0005189	-2.5793821225564	0.0756472267354863
h1SMcG0005190	1.20647686897859	0.00761047660887212
h1SMcG0005192	-0.575000974073924	0.486170724674356
h1SMcG0005193	0.863189545050077	0.0746203363250344
h1SMcG0005194	-0.871558109286143	0.102734734242623
h1SMcG0005195	-3.28337237189327	0.0000165444862534836
h1SMcG0005198	4.40784762515288	0.00000000000000000000000000000000000000000000000000000000971714314601454
h1SMcG0005199	2.11748078831596	0.0688600680995261
h1SMcG0005201	2.97990319918584	0.000000000418970895460578
h1SMcG0005202	-0.630077766315108	0.651743145997385
h1SMcG0005203	0.103970221132654	0.888909615799616
h1SMcG0005205	0.803726133594259	0.355635570631304
h1SMcG0005210	-0.0115913563917434	0.987597749126057
h1SMcG0005212	-0.449903943650387	0.687804409493932
h1SMcG0005213	0.132786055268515	0.907034994998221
h1SMcG0005214	-2.32296235334195	0.00000959979324239176
h1SMcG0005215	-1.74980231599152	0.13318461954192
h1SMcG0005218	-3.16469177995736	0.00825890058991543
h1SMcG0005219	-0.539224981422913	0.116818163103468
h1SMcG0005221	-2.1633163050116	0.000484094418942116
h1SMcG0005223	-0.249512547320223	0.429712252830174
h1SMcG0005224	0.701419273013737	0.10110005542979
h1SMcG0005225	-3.30638009116306	0.0228928795955899
h1SMcG0005227	-4.4237701589074	0.000223303468224121
h1SMcG0005229	-1.30144500580221	0.240998328579538
h1SMcG0005231	-1.52184502325893	0.000228632780474521
h1SMcG0005232	-0.764413830366628	0.00149138332523878
h1SMcG0005233	-2.30098267211732	0.142166047047864
h1SMcG0005241	-4.92955217424131	0.0000000000000000000000000000000000000000000000000000077298606465944
h1SMcG0005243	-3.12078186152897	0.000000674993153398494
h1SMcG0005244	5.92453984754697	0.0000000000000000000000050304523569865
h1SMcG0005245	3.86726412811333	0.00000000000000000327273255278355
h1SMcG0005248	-0.341432336633213	0.800315842179126
h1SMcG0005250	0.438929024067927	0.105224728833347
h1SMcG0005253	0.653260488635784	0.642221791633843
h1SMcG0005255	-2.93795352257978	0.0572927772495854
h1SMcG0005257	-1.8311962665421	0.0590576933516
h1SMcG0005258	-1.88072124041003	0.19594500157658
h1SMcG0005261	5.50899123851055	0.00000000000000000000000000000000000000000000000000198665431521375
h1SMcG0005262	1.57047182844844	0.00484800974490065
h1SMcG0005265	0.40689713491964	0.574236756781383
h1SMcG0005266	0.234346046607135	0.606825493845675
h1SMcG0005267	-0.259685864521348	0.731701789603288
h1SMcG0005268	0.00879831849411817	0.99469480868827
h1SMcG0005269	-1.12323795300208	0.0232220134031456
h1SMcG0005270	-0.930519574690958	0.000847766002938252
h1SMcG0005272	-0.0126334491439631	0.97948305213008
h1SMcG0005273	-0.415012585640704	0.110233818930202
h1SMcG0005274	-1.31727312234787	0.00000280983439923342
h1SMcG0005276	-2.46939528151016	0.0219981779844199
h1SMcG0005277	3.51787477396284	0.00000000000000000000000000000000592158195360449
h1SMcG0005278	-2.93666650149725	0.063462592443583
h1SMcG0005279	-1.84183210230037	0.162600157970069
h1SMcG0005280	-2.06935103262911	0.00458170143952112
h1SMcG0005281	4.08768379482614	0.000000000000000000238274956326542
h1SMcG0005284	-1.01042655170013	0.170396774311019
h1SMcG0005287	-0.491178025112143	0.360504829893243
h1SMcG0005288	-1.26947846051288	0.0063061999801483
h1SMcG0005291	-1.82175098798714	0.0162653475570742
h1SMcG0005292	-3.68198528605416	0.00642755036497893
h1SMcG0005293	0.176624635504202	0.696231206330315
h1SMcG0005297	-0.345766644654271	0.495011853722781
h1SMcG0005298	-0.510125727390585	0.469156562027837
h1SMcG0005300	1.58389384077198	0.0000878520633031999
h1SMcG0005305	-0.871156386542602	0.0454812582601818
h1SMcG0005306	2.15774924541094	0.00000000000088709811453756
h1SMcG0005308	3.1825874794488	0.00000000000675629448493971
h1SMcG0005310	4.65710414396116	0.0000000000000000000118676394799774
h1SMcG0005311	-1.78965180506855	0.00249872455225313
h1SMcG0005312	0.416026765480868	0.132089998431583
h1SMcG0005316	-0.360216928431408	0.46597430965643
h1SMcG0005317	0.446126986212706	0.129936715601402
h1SMcG0005320	-1.1036559103127	0.463249674577473
h1SMcG0005321	-1.00083530769987	0.244359144968007
h1SMcG0005322	4.08880366606034	0.000000000545424849537552
h1SMcG0005323	2.41376350673365	0.0734951276123833
h1SMcG0005324	0.219989994923839	0.640868519400343
h1SMcG0005325	0.299705477008753	0.566220809775272
h1SMcG0005326	0.254084166478826	0.543621561721723
h1SMcG0005327	3.23671937162571	0.00000000000133535040041851
h1SMcG0005328	3.03420435484188	0.0000000000000000000000000261178534709231
h1SMcG0005329	-0.827686140342625	0.512633983042831
h1SMcG0005330	1.16767905972616	0.220381154050786
h1SMcG0005331	-0.227905882172134	0.59501312125761
h1SMcG0005332	-2.17429059078982	0.000000566135553004376
h1SMcG0005338	3.88855164766506	0.00000000000000000000000000000164314187972832
h1SMcG0005340	0.343116785739772	0.327726105382545
h1SMcG0005341	0.536887799108623	0.575600647693582
h1SMcG0005344	-0.9941287362646	0.40522953355807
h1SMcG0005345	0.431012996309557	0.772303968107016
h1SMcG0005346	6.35558829473277	0.000000177695418060155
h1SMcG0005347	1.11610668208996	0.000219854368670715
h1SMcG0005348	1.14072209330051	0.0666044031340498
h1SMcG0005351	1.59983014666707	0.00000000688442682226792
h1SMcG0005353	2.40587551323582	0.00000000355557334399784
h1SMcG0005356	1.36729471610397	0.0000216527012289508
h1SMcG0005357	-0.0342078571418405	0.971102546919016
h1SMcG0005358	-4.90902320444557	0.0000154359393752871
h1SMcG0005360	-2.12158008676022	0.0000000000000000000000000408975076232843
h1SMcG0005361	-1.86257384234982	0.0606567466183292
h1SMcG0005362	0.108476615150144	0.949859471682091
h1SMcG0005364	2.57858291786195	0.0000018427850393413
h1SMcG0005365	1.0719243799362	0.240183430294627
h1SMcG0005366	-3.47548695015933	0.012265140673176
h1SMcG0005368	-2.32015001798996	0.00188141990503965
h1SMcG0005370	-1.34828081686236	0.00034226581695213
h1SMcG0005375	0.00652936869584451	0.997425090912055
h1SMcG0005376	-1.27824551550108	0.0425526169224817
h1SMcG0005380	-0.00946265576442175	0.99164235234672
h1SMcG0005381	-1.55885535994332	0.00471098098943567
h1SMcG0005382	-0.421914644272547	0.65692644749061
h1SMcG0005384	0.124680558891455	0.626661205566225
h1SMcG0005385	2.50197967175118	0.0150438359807863
h1SMcG0005386	1.69999371226004	0.00120078385230914
h1SMcG0005387	-0.918358180174977	0.220909753990731
h1SMcG0005389	-0.47182394957532	0.143610516048581
h1SMcG0005390	0.818845296247018	0.213576563961258
h1SMcG0005391	-0.982677976613193	0.190724121718215
h1SMcG0005396	-0.622250038256311	0.000798343214156175
h1SMcG0005398	-1.46941136485475	0.242770650578218
h1SMcG0005399	-0.00811247736458474	0.992853022901528
h1SMcG0005400	-0.851095093634662	0.0022155536081854
h1SMcG0005402	0.995317716013075	0.00000238481335632135
h1SMcG0005403	-1.09349149188337	0.307452576187646
h1SMcG0005405	3.03378358963735	0.0000000000000000000000000000223999384317982
h1SMcG0005407	-3.48521374059619	0.0000000000000079093412852758
h1SMcG0005413	-0.188209830686002	0.73102754983858
h1SMcG0005414	-0.133713571537209	0.951408976286245
h1SMcG0005415	4.34919524095151	0.0000000000000000000171001763705497
h1SMcG0005416	1.23534885032159	0.0000641857732047378
h1SMcG0005419	1.3164004847841	0.310368152821764
h1SMcG0005420	-0.117450601843079	0.647803031600689
h1SMcG0005422	-0.59139089855052	0.67728783800973
h1SMcG0005423	1.00579111884304	0.000048444046469531
h1SMcG0005424	1.74743716936141	0.000030465150173562
h1SMcG0005426	-1.42134812745412	0.0589236703686594
h1SMcG0005428	-0.90354206294185	0.229974237886209
h1SMcG0005432	-0.467547527308633	0.561694025377588
h1SMcG0005434	-0.214282014361425	0.778438020913988
h1SMcG0005435	-1.14645727762671	0.327519214874982
h1SMcG0005436	3.76494688465815	0.000000000000000000528320956009462
h1SMcG0005440	1.80657681505122	0.000000123437781736803
h1SMcG0005441	0.272804400548323	0.599784344033447
h1SMcG0005444	-0.559590865191033	0.69199424006404
h1SMcG0005445	0.596332675665792	0.0491703952122803
h1SMcG0005446	-2.02209254300518	0.0600329590040328
h1SMcG0005449	-1.79840138810286	0.00000000303859542810596
h1SMcG0005450	-0.732802571525866	0.0133651688327081
h1SMcG0005451	-0.387925596715351	0.517418372497032
h1SMcG0005453	-0.100634285815309	0.956395552969286
h1SMcG0005456	-0.163689805663782	0.758924776878894
h1SMcG0005458	0.349577617059211	0.344746112236189
h1SMcG0005459	5.14279300774498	0.000000000000000000121996387589692
h1SMcG0005460	0.223880141281549	0.852144099681728
h1SMcG0005461	-1.17427949689406	0.109616245140373
h1SMcG0005463	-2.45012324549612	0.000000000000180187759476203
h1SMcG0005464	-2.9006027296164	0.00000583563737780588
h1SMcG0005465	-1.37011699890186	0.00863721770753942
h1SMcG0005466	-0.694030337667726	0.678537768484081
h1SMcG0005469	-0.5802582929418	0.639136059026844
h1SMcG0005471	-0.873982317001641	0.0833448751860727
h1SMcG0005472	3.98874382703105	0.00000000000453841489348332
h1SMcG0005473	-0.493792147381312	0.35935458157281
h1SMcG0005475	-0.383637591540089	0.471954522984337
h1SMcG0005476	0.285189103396096	0.682958339608409
h1SMcG0005477	-3.30879801556641	0.00858250513123516
h1SMcG0005478	-0.751631340289906	0.0735105285778949
h1SMcG0005479	-0.259693478670064	0.579853745406115
h1SMcG0005486	0.185353731119028	0.676260059182908
h1SMcG0005487	0.849397713546198	0.614629859596196
h1SMcG0005489	3.54648654010419	0.000000000000000000000000000000000000000000000000000000000000000000000000000000144800644196409
h1SMcG0005490	2.48628843868739	0.0000000000000000000000000960959102395661
h1SMcG0005491	-0.491470689165873	0.248258969112388
h1SMcG0005493	0.942429292356811	0.00084291647829076
h1SMcG0005494	-1.18887380191358	0.264077845234667
h1SMcG0005495	-0.0851126062838796	0.88591265939558
h1SMcG0005496	-1.06744969379766	0.0223139531615895
h1SMcG0005498	-1.5052786530064	0.00833060589101981
h1SMcG0005500	6.56288821224428	0.000000000000000000000556184235590601
h1SMcG0005502	0.52265319445382	0.0287672140897419
h1SMcG0005503	0.582681988663468	0.625026366283805
h1SMcG0005504	-1.39048172844123	0.0131029707509563
h1SMcG0005505	-0.967536033815871	0.000441450936867141
h1SMcG0005506	-0.512344635036244	0.125663536539948
h1SMcG0005507	2.40076926495551	0.00000000000000026498485092166
h1SMcG0005509	0.240757863876903	0.858758560575972
h1SMcG0005512	-0.942014715690294	0.0016809251081997
h1SMcG0005514	0.2212973073194	0.768164070340503
h1SMcG0005515	-0.258535651919448	0.628631448331369
h1SMcG0005517	1.46920544321922	0.0000000103312819149355
h1SMcG0005519	-3.74511830753271	0.00208447862320098
h1SMcG0005522	-3.32830505751533	0.00000000301925408154291
h1SMcG0005523	-2.7752370778643	0.0449221597918335
h1SMcG0005524	2.25094417791973	0.0000000115448763786724
h1SMcG0005525	0.774626254696766	0.000480428222759267
h1SMcG0005526	2.56058107318318	0.0000000201749193359855
h1SMcG0005530	-0.119804531343161	0.943873335319257
h1SMcG0005531	-2.25704909649556	0.000533501708456873
h1SMcG0005533	1.33291402650346	0.102108034147962
h1SMcG0005534	-0.952154360260423	0.0330973474049162
h1SMcG0005535	-0.819577300666483	0.108691973216742
h1SMcG0005537	-0.518669860098834	0.483434105893168
h1SMcG0005538	-0.51150697325433	0.461610452051151
h1SMcG0005539	-0.542262945032706	0.32786097735033
h1SMcG0005540	-0.351932058239137	0.69953029300318
h1SMcG0005541	0.535285494981258	0.215143402141878
h1SMcG0005543	-0.9275722132706	0.19700278773769
h1SMcG0005544	2.29961629118049	0.0247708552544626
h1SMcG0005546	0.799750598236912	0.0277506829741055
h1SMcG0005547	1.18891405797338	0.00171435553647375
h1SMcG0005549	0.981536727573791	0.0680797347896298
h1SMcG0005553	0.791401236943165	0.0199768360877458
h1SMcG0005554	-0.348580046513309	0.306616532921059
h1SMcG0005555	0.366757403777228	0.37722721753091
h1SMcG0005558	2.56439005032404	0.000385264354549529
h1SMcG0005560	-0.930951990543896	0.41926386917992
h1SMcG0005561	-0.589618453589933	0.239368705716724
h1SMcG0005562	-1.80771053625188	0.0786291377891075
h1SMcG0005567	-0.944851740452389	0.0605304302049665
h1SMcG0005568	0.0746470986160929	0.947780815008349
h1SMcG0005571	-0.98251384386696	0.0428511228630491
h1SMcG0005574	-1.99971848899015	0.0644754787095923
h1SMcG0005576	3.72881437509972	0.00000000000000000556548248878257
h1SMcG0005577	4.7273618619059	0.0000000000000000000000000000000000619047250144867
h1SMcG0005578	-1.02715556733557	0.238110074185867
h1SMcG0005579	-0.112129049461592	0.614195836815501
h1SMcG0005584	-0.383587596111373	0.834082331033957
h1SMcG0005585	-0.213621245884655	0.833404206444004
h1SMcG0005587	-0.996830381697346	0.0000000656743537547322
h1SMcG0005588	-0.862147187139886	0.0119435842730953
h1SMcG0005590	2.09288636740546	0.000000654768142039945
h1SMcG0005592	0.286097520498129	0.414992932375406
h1SMcG0005595	-0.222252429535124	0.74872060437941
h1SMcG0005596	-0.0907998098042493	0.902696858148396
h1SMcG0005597	-0.15011432873038	0.859825402137005
h1SMcG0005600	-0.993646504475806	0.303482437430669
h1SMcG0005601	-2.48514710777364	0.00000000000000245132371007559
h1SMcG0005602	-0.374190797937795	0.763299630490264
h1SMcG0005603	1.18429341178255	0.00000112469223078774
h1SMcG0005604	1.49910997443167	0.00457463800675427
h1SMcG0005606	0.561573779651489	0.613970070640989
h1SMcG0005607	5.46928887022277	0.000000000377950423052564
h1SMcG0005608	-0.614136249018404	0.411522590316835
h1SMcG0005609	-0.271989319440736	0.83565843947363
h1SMcG0005612	1.52041992027785	0.000688786420257489
h1SMcG0005613	-1.1631677334705	0.0286881027800222
h1SMcG0005614	-0.320082395211543	0.838297502942617
h1SMcG0005616	-1.53293072359292	0.0456879577224986
h1SMcG0005618	4.21258198571965	0.00000000000000000000000000000000000000000000000000000000000000000000000000000000000000729367206534349
h1SMcG0005620	1.57801521349667	0.00000000275615150805654
h1SMcG0005622	-1.01078014550234	0.092830430405405
h1SMcG0005625	-1.00127410607558	0.493194682298082
h1SMcG0005628	0.325846317837569	0.803965205012467
h1SMcG0005629	1.34110330249976	0.0000988028109926348
h1SMcG0005633	-1.35930507123281	0.191914452479913
h1SMcG0005634	-0.435411131361383	0.570766056380044
h1SMcG0005636	-2.41835702942008	0.103528125881672
h1SMcG0005637	1.90686160088843	0.000000176060906973028
h1SMcG0005639	3.53294426758752	0.0000727539204734739
h1SMcG0005641	3.09576303454679	0.000617010301779073
h1SMcG0005642	0.413750154698079	0.807040703885304
h1SMcG0005643	1.12610543431032	0.00066694515455116
h1SMcG0005644	4.38045055126786	0.0000111613590584937
h1SMcG0005646	-0.492059956483738	0.744801185920506
h1SMcG0005647	0.391581198114063	0.391028810372714
h1SMcG0005651	0.852039110749417	0.000387178762827971
h1SMcG0005658	-1.13090883704701	0.000199504316484207
h1SMcG0005662	-3.14611096910504	0.00700898756295262
h1SMcG0005664	0.132280845757546	0.934754954250385
h1SMcG0005672	1.03362809546271	0.0527170585641312
h1SMcG0005674	-1.75242224714262	0.326967837253622
h1SMcG0005675	4.67399035269136	0.000000000000020236864485072
h1SMcG0005676	-1.1033415359527	0.0738229854834195
h1SMcG0005677	-0.140344731399875	0.909336223062537
h1SMcG0005678	-1.65851845603931	0.0337075343675213
h1SMcG0005679	-0.282625723024508	0.407941611730792
h1SMcG0005681	-0.312546971434747	0.819399705086437
h1SMcG0005683	1.42092429674238	0.262339902997464
h1SMcG0005688	-1.59755494143616	0.296520411749209
h1SMcG0005692	-0.436798928467832	0.156709623867874
h1SMcG0005693	0.506422407192983	0.327667108466626
h1SMcG0005694	0.377895965330352	0.516949920407388
h1SMcG0005695	0.847391998029439	0.429181951721073
h1SMcG0005697	6.25712944350041	0.000000000000000000000000000000000000000000000000000000000000000000000000106833365161996
h1SMcG0005699	-0.157403181198832	0.844815233243331
h1SMcG0005700	0.987421650963405	0.12662655271646
h1SMcG0005702	-0.252865020428898	0.857098617049552
h1SMcG0005703	-0.0774459789665325	0.937906664460631
h1SMcG0005707	2.83238606362499	0.00000000000000387150269968948
h1SMcG0005709	1.3919794611104	0.0733139132501315
h1SMcG0005710	1.02790922609239	0.40861119290903
h1SMcG0005712	-1.28168429201417	0.223172065486052
h1SMcG0005713	1.47884162446657	0.0403689617470069
h1SMcG0005714	-1.21322634505915	0.339108648265214
h1SMcG0005716	-1.00505726244196	0.000103402892945226
h1SMcG0005717	-1.08991504874312	0.195698995467061
h1SMcG0005719	-0.658347110233264	0.628604311506046
h1SMcG0005721	0.638108302543345	0.0674021231430125
h1SMcG0005723	2.90030831327977	0.0293057635032273
h1SMcG0005725	1.24044520107571	0.0110695970888813
h1SMcG0005726	-1.89804283319651	0.019232773896747
h1SMcG0005727	-0.00310219338318149	0.99674657066611
h1SMcG0005728	6.39374714562678	0.0000000108552276745461
h1SMcG0005730	-2.94444365546752	0.0000680833856285305
h1SMcG0005731	0.608495028856933	0.449672735224469
h1SMcG0005732	-0.894497822045589	0.162118160810416
h1SMcG0005733	0.849664807764409	0.0553134730047654
h1SMcG0005735	-1.0750017031045	0.0861294153014438
h1SMcG0005736	1.04542517499494	0.000060015778157883
h1SMcG0005737	3.13752373914258	0.00000000000000000000000790492400795755
h1SMcG0005738	-1.44720708710196	0.0171353580452046
h1SMcG0005739	-0.305047694437907	0.307266921282835
h1SMcG0005740	-1.56737173958083	0.00225560685929085
h1SMcG0005741	1.10390019874701	0.351806107809684
h1SMcG0005743	-0.405187759808897	0.586215824963797
h1SMcG0005744	-0.765471631185948	0.187611735869576
h1SMcG0005747	5.07068146049178	0.0000000000000000000000000000000000000000000000000000000000292048764939404
h1SMcG0005748	-0.189045054865497	0.805628150577594
h1SMcG0005749	-0.401646866101136	0.561694025377588
h1SMcG0005750	-3.05049510467874	0.00000082304396011948
h1SMcG0005751	-1.86685187926035	0.0698248283141812
h1SMcG0005752	-1.722703401301	0.0516249497844386
h1SMcG0005753	-3.46350571653094	0.00651438506696682
h1SMcG0005755	-1.20206970421057	0.147513356222328
h1SMcG0005756	-0.365100565217763	0.775502775357737
h1SMcG0005757	-1.40587125096575	0.00152301525290223
h1SMcG0005761	2.29871853658897	0.0000000000000000000517801985160887
h1SMcG0005763	3.73403959929689	0.000000000000000000000000000000000000000000000000000651040373661671
h1SMcG0005764	1.12007032779042	0.00616144109286954
h1SMcG0005767	-2.9967211516334	0.00000000000013949953001029
h1SMcG0005768	-1.07301557775271	0.285464580789104
h1SMcG0005769	3.47662245184629	0.00000897209142413537
h1SMcG0005772	3.03700500167754	0.00000000000000000000000000000000711591103350091
h1SMcG0005776	-1.79201350868479	0.30019672838211
h1SMcG0005777	3.4669893942542	0.00000000000000000000000000000000285099384713136
h1SMcG0005806	3.41203256615244	0.00000000178324303705716
h1SMcG0005807	-0.324318353267507	0.583961000546415
h1SMcG0005808	-0.387762907982617	0.830251066081097
h1SMcG0005809	0.353570701415783	0.431434530395753
h1SMcG0005810	-3.22005745068337	0.00847124629114431
h1SMcG0005814	-0.203941917329951	0.880508850190881
h1SMcG0005815	1.21849426849409	0.0906778115187047
h1SMcG0005817	2.21906010263798	0.00000314571682326877
h1SMcG0005818	-1.33557609368014	0.281827435988554
h1SMcG0005822	-0.353691315011992	0.255047271238896
h1SMcG0005823	1.54779144547233	0.000153535074443565
h1SMcG0005824	0.478887191251685	0.0688047440988391
h1SMcG0005825	0.34479718576966	0.104771300762658
h1SMcG0005826	-0.804465807949375	0.399881409102429
h1SMcG0005828	-0.981599012035692	0.545206827488249
h1SMcG0005832	-0.248204298219005	0.715196977588142
h1SMcG0005834	1.17725287404241	0.00000000104038238496643
h1SMcG0005835	0.957012708844706	0.117328586703973
h1SMcG0005836	3.03795743112289	0.000260984513607021
h1SMcG0005837	-1.27748831532582	0.0326877326613226
h1SMcG0005838	-0.256874002109793	0.719063919273965
h1SMcG0005839	-0.150627424659245	0.537903438983622
h1SMcG0005840	0.705289718188151	0.00153878273508071
h1SMcG0005841	-1.067614181499	0.117948899563179
h1SMcG0005842	-0.270953179149249	0.766644159355741
h1SMcG0005843	-0.271834487612578	0.43811916069544
h1SMcG0005844	0.0276717193159069	0.914529018294023
h1SMcG0005845	0.377525574147764	0.131047416656835
h1SMcG0005846	2.49918438660678	0.0000000000000000000000391539448647856
h1SMcG0005848	-0.169729575846414	0.922592839000051
h1SMcG0005849	0.845907344157503	0.342684363082938
h1SMcG0005850	-0.927810396576051	0.0292682392330763
h1SMcG0005854	-0.538365617471742	0.651672808912519
h1SMcG0005862	1.31192121060634	0.0931206403254802
h1SMcG0005863	-0.0208610884745376	0.986945139638277
h1SMcG0005864	-1.11703360205455	0.00527739840803532
h1SMcG0005865	-1.47313445163422	0.292257532564871
h1SMcG0005866	-1.62364559545733	0.000000210915262209733
h1SMcG0005867	3.47834230460434	0.0000462049243184046
h1SMcG0005869	3.74110709348229	0.0000000107957565022216
h1SMcG0005871	-0.105051461449136	0.755582068736248
h1SMcG0005872	-0.91107615209403	0.262805780769522
h1SMcG0005873	3.07897059568003	0.000000000000462529749550699
h1SMcG0005874	-1.1883978513599	0.27869166506116
h1SMcG0005875	5.07112716332854	0.00000000000127738148953223
h1SMcG0005878	0.615571072204083	0.13101506446075
h1SMcG0005881	-0.377699904226815	0.803713960194964
h1SMcG0005882	1.03510984021567	0.00410016091857936
h1SMcG0005883	1.38275342538565	0.00000000000000318299511875127
h1SMcG0005884	-1.11310436086812	0.119121712693912
h1SMcG0005886	-1.21776526127738	0.000000000709258385626373
h1SMcG0005890	-0.804762340668719	0.154662442280818
h1SMcG0005891	-0.51644854279203	0.11331210444485
h1SMcG0005892	-3.21532787783893	0.0293168760776884
h1SMcG0005893	0.988266092174039	0.000102952446828185
h1SMcG0005894	0.716839583644124	0.321864919935205
h1SMcG0005896	3.8876611763217	0.000576787013685439
h1SMcG0005898	-1.82951023196182	0.0484966881394756
h1SMcG0005899	4.05524187708576	0.0000000622241147384037
h1SMcG0005901	3.11197701379204	0.00833020018631604
h1SMcG0005902	-2.04628000248474	0.00000000000000356162901091874
h1SMcG0005903	-2.53850552385083	0.00108604003562361
h1SMcG0005905	-1.1198624649631	0.0109903709932186
h1SMcG0005908	-0.530777476865067	0.130364209513633
h1SMcG0005909	1.61271239562942	0.02131032181746
h1SMcG0005910	-0.772155819553247	0.484838511613356
h1SMcG0005913	-1.19829258853718	0.0928710960064843
h1SMcG0005914	-0.766188926360437	0.602341996802234
h1SMcG0005915	-1.35659929445454	0.257501734441215
h1SMcG0005916	1.11149703449459	0.118094661604619
h1SMcG0005917	0.3340760004886	0.567698835010649
h1SMcG0005918	0.495526162781714	0.571924077235103
h1SMcG0005922	-0.549014988960495	0.745908663238713
h1SMcG0005923	-2.02713557261239	0.00971211827589591
h1SMcG0005925	-1.35382750800713	0.154393924139618
h1SMcG0005927	0.362204206722253	0.107351855021403
h1SMcG0005929	-1.35038577736361	0.000000000379249685809399
h1SMcG0005932	-0.61509000960239	0.720448070995288
h1SMcG0005933	2.72756693316868	0.000000000000000027228560483962
h1SMcG0005935	5.82591471756683	0.00000184308480110968
h1SMcG0005937	-1.66614571225389	0.237262730238277
h1SMcG0005939	0.0380609223087416	0.976532975970697
h1SMcG0005940	-1.61914386232742	0.219143002411023
h1SMcG0005941	3.42324830198219	0.0000000000000000000000000000000000000000000219231835726558
h1SMcG0005942	-0.171971722441423	0.712496516060928
h1SMcG0005943	0.0552422996609337	0.888071743945508
h1SMcG0005945	-0.381060206282424	0.294426742077469
h1SMcG0005947	1.01581829811915	0.00472867380943486
h1SMcG0005948	5.41151224079748	0.000000000000567884157078796
h1SMcG0005950	1.06993111570417	0.0000570089193162938
h1SMcG0005951	0.612069393893835	0.150845353167365
h1SMcG0005952	-0.683013842690601	0.230174452019315
h1SMcG0005953	-0.76472551978595	0.0297994939256811
h1SMcG0005954	-0.799064520648549	0.00291716523732869
h1SMcG0005955	1.45814609746625	0.00148584516536969
h1SMcG0005956	0.830619657882914	0.29307031265991
h1SMcG0005957	-1.07301798668008	0.36473530100345
h1SMcG0005959	3.47813573084218	0.000022304331120934
h1SMcG0005960	1.58243502736884	0.0000000614927014164236
h1SMcG0005961	-0.733953145727769	0.511961997736038
h1SMcG0005962	-2.56192136637501	0.0000024797584963434
h1SMcG0005963	0.28432308000171	0.76715170346207
h1SMcG0005964	2.75938550354555	0.000000000000000000000295296428309113
h1SMcG0005966	0.448913388592128	0.674581830717201
h1SMcG0005968	0.458103409483708	0.525235627875546
h1SMcG0005969	0.812229017819026	0.280903135206446
h1SMcG0005970	0.639295525743347	0.315688333965261
h1SMcG0005972	-0.17469205063635	0.538324798548474
h1SMcG0005974	-1.71245197104038	0.00320108223614382
h1SMcG0005975	-1.54375296365133	0.330546311355642
h1SMcG0005976	0.638335110568021	0.595339022303249
h1SMcG0005978	-1.90781464838156	0.0000250302272941065
h1SMcG0005979	-2.82437700591339	0.000000000000000000000000000000002168820030789
h1SMcG0005980	0.251936272854688	0.726021610370015
h1SMcG0005981	-1.89281605039059	0.000000000000224293472512223
h1SMcG0005983	-0.101419772580517	0.94015265311317
h1SMcG0005984	-1.99900228825037	0.00000815376410709668
h1SMcG0005985	-1.52330004638058	0.0555143564280875
h1SMcG0005986	-1.05005139180428	0.066593099645395
h1SMcG0005988	0.754958218400509	0.0179222904244139
h1SMcG0005990	0.628286488662382	0.286237036422569
h1SMcG0005992	-0.510928769698497	0.341147719172753
h1SMcG0005994	1.37204691015083	0.0000471432676050182
h1SMcG0006000	-0.20381997725874	0.907034994998221
h1SMcG0006001	1.12633829458259	0.000329841352620688
h1SMcG0006002	0.123895788442823	0.780278078805617
h1SMcG0006005	0.291551771876097	0.717379398039881
h1SMcG0006006	8.63426538995906	0.00000000000000000000000257756443435915
h1SMcG0006012	0.0904696252729656	0.935242548660679
h1SMcG0006015	1.82764275642467	0.00214309530165448
h1SMcG0006019	5.80065472157149	0.00000268337249313082
h1SMcG0006031	4.24910066353492	0.00000367504618690444
h1SMcG0006034	-0.920032990291787	0.00000129605463111098
h1SMcG0006036	4.80639452099658	0.000000000000000220782168432403
h1SMcG0006040	-0.869153689123543	0.15833878081443
h1SMcG0006042	-0.80993207773927	0.0000572253763145396
h1SMcG0006043	0.659936073659837	0.00104676510616338
h1SMcG0006044	0.379626548457387	0.501618030298766
h1SMcG0006046	4.00643539464383	0.00000000000000000000000000000000000000000000000000000000000000000000269954930282842
h1SMcG0006048	2.86526100385855	0.0000000000000320718042725092
h1SMcG0006049	0.438071180163008	0.353177640233216
h1SMcG0006050	2.46001279738261	0.0000000000000172804110007948
h1SMcG0006051	2.88761159169695	0.00652671714654863
h1SMcG0006052	0.72334385299903	0.500247418914919
h1SMcG0006055	-0.559790505378159	0.190623419078522
h1SMcG0006057	2.93811438239425	0.0000000014161124067967
h1SMcG0006059	-2.50156102543816	0.00000000000000000000000416636559468874
h1SMcG0006060	0.965165599222018	0.00152498894661432
h1SMcG0006065	-0.757854268687212	0.00649127467894642
h1SMcG0006068	-4.2769243324751	0.000187870882395101
h1SMcG0006069	-4.08012724925453	0.0000260283857582758
h1SMcG0006070	-0.885190526079122	0.149163919883922
h1SMcG0006071	-0.6940957441411	0.0476302445795561
h1SMcG0006074	0.124838139995793	0.746921045197152
h1SMcG0006075	0.140083926683738	0.89488018993112
h1SMcG0006077	-1.03415070231432	0.181240239947634
h1SMcG0006078	-1.09713353920496	0.00000217581586518843
h1SMcG0006079	1.04606948815679	0.46825686655066
h1SMcG0006080	-0.237338159430856	0.785333156175259
h1SMcG0006081	0.107309792077729	0.839039118152513
h1SMcG0006082	-0.486803373777454	0.658957656968475
h1SMcG0006087	-2.19871422733992	0.000000000000621053578840218
h1SMcG0006088	0.457933677845604	0.150873555671782
h1SMcG0006089	-0.432638126793179	0.649895756751057
h1SMcG0006091	0.791359664818439	0.00694903634860525
h1SMcG0006093	-1.2897250783106	0.0870560125657209
h1SMcG0006094	-1.34574384040719	0.0123433601872651
h1SMcG0006095	0.149978142216436	0.796740182634904
h1SMcG0006096	-0.851807344981899	0.264032465375603
h1SMcG0006098	0.375678179501134	0.711547538492536
h1SMcG0006099	-1.43975082965148	0.0776008750455106
h1SMcG0006100	-1.1201128142032	0.0516614005565579
h1SMcG0006103	0.0295939487623789	0.958649635015746
h1SMcG0006105	0.209732416536489	0.378680697785763
h1SMcG0006106	3.43941677020042	0.00173201351723504
h1SMcG0006109	0.475458409043851	0.186656186476264
h1SMcG0006110	-2.93551003363276	0.0000000120727080107376
h1SMcG0006112	0.775736679194469	0.337636082781185
h1SMcG0006113	0.3375970007922	0.409750428351793
h1SMcG0006114	1.85096713631688	0.00000133869487846074
h1SMcG0006115	-1.27722435801963	0.245379006139963
h1SMcG0006116	0.251220190532739	0.570388502953645
h1SMcG0006117	3.34908268159512	0.00000000000000000000000000000000000000000000000000000000000000293401165041114
h1SMcG0006119	-1.99222873360839	0.000256855917511096
h1SMcG0006120	-3.59699243357765	0.00321479868781309
h1SMcG0006122	4.14679290369482	0.00000000000000000000000000000000000000000000000000000000000000000000000000000000000000000186584453815106
h1SMcG0006123	-1.39489895603522	0.0000086260811021112
h1SMcG0006124	-1.6973370075699	0.0000254126964962271
h1SMcG0006125	0.815426664268456	0.260636204734961
h1SMcG0006126	3.95802847018858	0.00000000000141203076458367
h1SMcG0006127	-0.574288266570474	0.10025150082603
h1SMcG0006128	0.883403470773551	0.463989718430907
h1SMcG0006131	0.714732824416824	0.362149475266859
h1SMcG0006132	1.27661446447147	0.000000026785507089243
h1SMcG0006133	-1.45118717781205	0.00102442963342373
h1SMcG0006136	-0.25452584919835	0.529689009977272
h1SMcG0006142	1.02648359827779	0.000764647833993598
h1SMcG0006144	0.972434239453933	0.00000379565038930915
h1SMcG0006146	2.05023448004323	0.00000000000000000000534576057099941
h1SMcG0006147	2.4560720439328	0.0000000466372462088435
h1SMcG0006149	-1.11568140141127	0.181859521852332
h1SMcG0006150	0.18530719334952	0.867127379601017
h1SMcG0006154	-1.86981042296743	0.000000197778920494738
h1SMcG0006157	-1.33848246831281	0.109745921883249
h1SMcG0006158	-0.316440580388074	0.540085251006935
h1SMcG0006160	-0.0526644055198091	0.877805895948218
h1SMcG0006165	0.686920927092314	0.699038224634327
h1SMcG0006166	3.92525045830836	0.0000000987333385980512
h1SMcG0006167	-2.28361595600775	0.00121557754507188
h1SMcG0006169	0.316919848271319	0.741436465399991
h1SMcG0006170	-1.53458324737461	0.000000435963634410248
h1SMcG0006173	-0.144218521049277	0.765891244998869
h1SMcG0006174	-0.763412629403225	0.0294992039157556
h1SMcG0006175	-0.0912220190983309	0.843981394281341
h1SMcG0006177	0.39599355205103	0.812484243417605
h1SMcG0006178	0.311026408381758	0.767063321966782
h1SMcG0006179	2.95388104942606	0.00000000000000000834066342004937
h1SMcG0006182	-0.437916343620488	0.212014072804933
h1SMcG0006183	-1.10312221498795	0.407941611730792
h1SMcG0006185	0.607198216434992	0.533897048047099
h1SMcG0006187	-0.465846891627176	0.0725098479961145
h1SMcG0006188	-1.72367785563997	0.18080203464895
h1SMcG0006189	3.20737806424553	0.000000000000000161803132406411
h1SMcG0006190	-0.812025804757107	0.144533072738834
h1SMcG0006191	-0.839604207573051	0.539554513385411
h1SMcG0006192	-2.79300416153143	0.00000000000000071956658552304
h1SMcG0006193	-1.15025078309353	0.000524837344329378
h1SMcG0006194	-0.812563617483535	0.254297101907031
h1SMcG0006195	-0.341016357858213	0.502514862347118
h1SMcG0006196	0.817792529487399	0.487032351987616
h1SMcG0006197	-0.711059895466081	0.21297783935044
h1SMcG0006198	-1.85201603278988	0.00192409556068967
h1SMcG0006199	-4.73400224533378	0.00000000000220296490199122
h1SMcG0006201	-1.11946047550043	0.0262989847140687
h1SMcG0006202	-0.394980252652311	0.371755333219183
h1SMcG0006203	0.0829130192929685	0.922902300917561
h1SMcG0006206	-0.13365278026145	0.79342727850556
h1SMcG0006208	0.253988085282019	0.841249939477377
h1SMcG0006209	-2.0249227315473	0.00000000014207830689984
h1SMcG0006210	0.307412552803559	0.533549060769811
h1SMcG0006211	-0.578405840606958	0.11331210444485
h1SMcG0006212	5.2353425638116	0.00000000000000000000000000000105834218251206
h1SMcG0006213	-1.14096572107209	0.00129633465215262
h1SMcG0006215	0.725697256659148	0.508952142258979
h1SMcG0006216	-1.62262023065283	0.0488510349205498
h1SMcG0006217	-1.09906889811274	0.129359838362107
h1SMcG0006218	-1.95417826466812	0.11915501613362
h1SMcG0006219	-0.267727443456711	0.432138535456051
h1SMcG0006220	0.593776631005185	0.120644160778968
h1SMcG0006228	1.73663203834358	0.000240798281853177
h1SMcG0006229	-0.335320149254031	0.387289764210278
h1SMcG0006230	-4.66864635711442	0.0000000000000000000000000000000000000000000000000000000000000000149754731091239
h1SMcG0006231	-0.471302769674536	0.210311445689078
h1SMcG0006232	-0.264829424852421	0.722133602429119
h1SMcG0006233	-1.09653228568229	0.316453641315592
h1SMcG0006234	3.97499161555055	0.0000000000000350029339822358
h1SMcG0006235	0.76534208929112	0.0158671176306406
h1SMcG0006238	-0.15027428286238	0.741714663156429
h1SMcG0006239	-0.954412774922909	0.0000000543200134035576
h1SMcG0006241	0.136970004538163	0.8965850676851
h1SMcG0006243	-1.30149714228323	0.266971150549476
h1SMcG0006249	-3.12294250445405	0.0385283708607877
h1SMcG0006250	0.0795429037698479	0.781186582702197
h1SMcG0006253	-1.68270675162785	0.0000431160179271948
h1SMcG0006254	-0.383558482516749	0.14669441743835
h1SMcG0006257	0.482523371071831	0.234999246278914
h1SMcG0006259	-3.07364607430888	0.0449221597918335
h1SMcG0006260	-3.34449056218287	0.000000179921596389053
h1SMcG0006261	3.31819452001199	0.000000000000000000000534965882132962
h1SMcG0006262	-1.05065319028144	0.0217303544261545
h1SMcG0006263	-4.31117824729729	0.00000000000000000000198582998102835
h1SMcG0006264	-1.39951424750012	0.136420277753143
h1SMcG0006265	0.617089444601037	0.686708020147823
h1SMcG0006266	-2.31277823673132	0.0510692659446481
h1SMcG0006267	-0.481970657063541	0.659818048826089
h1SMcG0006268	2.70537015217709	0.000000000000639595759641432
h1SMcG0006269	5.63163910684389	0.000000000000000000000000000000000000000000000000000000015832904800835
h1SMcG0006271	-2.5336035543784	0.0324683199481929
h1SMcG0006272	-0.156409680611544	0.913523586150125
h1SMcG0006276	-0.141602829825143	0.921345134380608
h1SMcG0006277	-1.06454271530129	0.000000652003005205028
h1SMcG0006278	0.319325060801942	0.811528684283131
h1SMcG0006280	-0.33241668876305	0.562283430272371
h1SMcG0006281	0.145362899973222	0.785797217858072
h1SMcG0006282	0.496279257229458	0.279819258644228
h1SMcG0006283	-0.790251053598299	0.193802434763776
h1SMcG0006285	-0.543080844990037	0.544704342145838
h1SMcG0006286	0.352227729068366	0.812944153784944
h1SMcG0006287	-2.39498186070833	0.0422028500589864
h1SMcG0006288	-1.34758579368619	0.0577387177846124
h1SMcG0006290	-1.51911444532392	0.000584582278187866
h1SMcG0006291	-1.45509548851108	0.0000627093862732673
h1SMcG0006292	-0.549374868026034	0.0900179536695083
h1SMcG0006293	0.660983641372317	0.693164653920352
h1SMcG0006294	-1.08372879815542	0.00653670882194812
h1SMcG0006295	0.312321725877391	0.699038224634327
h1SMcG0006297	-1.40296194689402	0.0596314770433158
h1SMcG0006298	4.0773288874731	0.0000000000000000000000000000000000946177553351817
h1SMcG0006299	-0.371687518964219	0.276547912995244
h1SMcG0006301	3.15599340182275	0.000170816397087925
h1SMcG0006302	1.29850806051136	0.164311059147729
h1SMcG0006304	-1.3903596147762	0.4011995362226
h1SMcG0006305	-2.78496752348225	0.0918335195207697
h1SMcG0006308	0.610782531950039	0.0226955510952819
h1SMcG0006309	-1.23340569028551	0.182535551272728
h1SMcG0006310	4.38312134044673	0.0000000000000000000000000000783892676509835
h1SMcG0006311	-1.67682550432707	0.00742952183124712
h1SMcG0006313	-1.61250946548819	0.226515551429594
h1SMcG0006314	0.431471728070389	0.0830968899620516
h1SMcG0006315	-0.858362678262661	0.309639625506925
h1SMcG0006316	-0.755264758878992	0.00129851061967111
h1SMcG0006317	0.417316112623739	0.449521066628629
h1SMcG0006318	1.76869484658438	0.00018205607639036
h1SMcG0006319	0.263375498991983	0.664168125208807
h1SMcG0006320	3.41051465064056	0.00000000000000000000000000000101821917945243
h1SMcG0006321	-1.12495830178001	0.0000565939111825195
h1SMcG0006322	3.81744405566095	0.00000258122169399398
h1SMcG0006324	-0.476280622742752	0.55450217771925
h1SMcG0006325	-0.783924377871994	0.171685218302458
h1SMcG0006326	-0.0680626373181289	0.825658343831309
h1SMcG0006328	-3.41443882821338	0.00756559959536065
h1SMcG0006329	0.310679446268995	0.307364163463588
h1SMcG0006330	-1.29418034001421	0.00712132248669666
h1SMcG0006331	-0.203428185366453	0.693165212729486
h1SMcG0006332	-0.530943241616413	0.589251702881314
h1SMcG0006334	0.0610284094898235	0.9512207880652
h1SMcG0006336	-0.0507236478795248	0.953115106307176
h1SMcG0006338	0.662986340475607	0.281883802096321
h1SMcG0006339	1.23335917742023	0.00000283170412737514
h1SMcG0006340	1.73043825452188	0.251846832997176
h1SMcG0006341	0.35266042650675	0.848036259741942
h1SMcG0006342	-1.73715268705657	0.000359398942382268
h1SMcG0006343	-0.364776192104561	0.341259075485442
h1SMcG0006344	-1.13189499934803	0.0407387765796915
h1SMcG0006346	0.40461898478092	0.551601636987923
h1SMcG0006347	1.21094680766418	0.000778450843372142
h1SMcG0006348	0.187561322267348	0.876200250180164
h1SMcG0006350	-2.42037412857656	0.000330202765753146
h1SMcG0006353	4.54259699736301	0.000000000000000000000000000000000000000000000000206742189738558
h1SMcG0006354	-2.76147561143886	0.00000000000000000000000330351326135972
h1SMcG0006356	-0.300111859345679	0.675989552461057
h1SMcG0006357	-0.0778441679025708	0.920449740972337
h1SMcG0006359	0.67969106220032	0.0325575276861948
h1SMcG0006360	-1.20593043192024	0.0000000143003322069609
h1SMcG0006362	0.589601551080021	0.32518023026901
h1SMcG0006364	-1.236253552423	0.00000139914282159243
h1SMcG0006365	1.34729687945648	0.0000000253926649604668
h1SMcG0006367	-0.579844523618099	0.534542192710618
h1SMcG0006369	4.56617072594986	0.00000000000000000000000000000000000000000110839536894123
h1SMcG0006372	-0.04369376926157	0.963882224726278
h1SMcG0006373	3.13291051588911	0.000000000000000000308825506536138
h1SMcG0006374	2.64078146580158	0.0000000000000000000000317016350505644
h1SMcG0006375	0.223345206850454	0.525696464633041
h1SMcG0006377	-1.25717465685871	0.000000005623361709563
h1SMcG0006378	0.664478188162752	0.00971765382354845
h1SMcG0006379	-1.23963252060774	0.0149531679637088
h1SMcG0006381	-0.024525969861033	0.940038842839955
h1SMcG0006382	3.46436839906131	0.0000000000566940796716311
h1SMcG0006383	-1.3179858971423	0.165564355174197
h1SMcG0006384	0.35814451855743	0.393271349349483
h1SMcG0006385	-1.60165952418713	0.00216228833934551
h1SMcG0006386	-1.57568260606044	0.0445687332814656
h1SMcG0006387	-0.332634642252672	0.740214250396864
h1SMcG0006388	-2.09605567315465	0.0000363782183690567
h1SMcG0006391	-1.35955548346918	0.409742526783093
h1SMcG0006392	-1.28303754431666	0.247350448343429
h1SMcG0006393	-1.39966963227728	0.00109723879920224
h1SMcG0006394	0.166326722511688	0.86084522034244
h1SMcG0006395	0.372162654941501	0.683917936647488
h1SMcG0006397	-0.861421528094646	0.0139213786620843
h1SMcG0006399	2.0162813611529	0.0000000000483593750748387
h1SMcG0006400	-3.21375756172758	0.00372249661795894
h1SMcG0006401	1.3275183637006	0.246987333730926
h1SMcG0006403	-0.031911254353442	0.9551426792913
h1SMcG0006404	0.462348421917252	0.533372551402613
h1SMcG0006405	2.39814294927023	0.000000287984132717676
h1SMcG0006407	1.39055463496335	0.00000000128789300796064
h1SMcG0006409	3.90951129967129	0.000000000000000000000000000502494033105159
h1SMcG0006413	-1.03455132612518	0.0347206214005698
h1SMcG0006419	0.215894234397883	0.572445711187203
h1SMcG0006420	-2.34488284016621	0.101505069889035
h1SMcG0006421	-0.427764642213976	0.691738974981697
h1SMcG0006423	1.79417548296655	0.0763829754455067
h1SMcG0006424	3.34418953319259	0.00000000440300907752186
h1SMcG0006425	-0.868817843070958	0.00612464458057795
h1SMcG0006427	0.559459540868062	0.504468972370439
h1SMcG0006428	0.646724766711089	0.147851859524228
h1SMcG0006430	1.02720746377629	0.186656186476264
h1SMcG0006431	-1.19450245234666	0.0000000990437381003138
h1SMcG0006433	-1.94965541477243	0.000000000000000000000000000101693543872014
h1SMcG0006434	-0.641207141085619	0.627930041842067
h1SMcG0006435	0.410438916171436	0.190022013799668
h1SMcG0006436	1.59373827597444	0.0000000000977265486268143
h1SMcG0006437	-1.03465869692735	0.000358493913213089
h1SMcG0006438	-0.157340018547627	0.601556509175488
h1SMcG0006440	-0.423719272516445	0.404074619329439
h1SMcG0006441	-0.222993370724253	0.725341919249601
h1SMcG0006444	-1.04301959577082	0.119308078217513
h1SMcG0006445	-0.368017592522625	0.827011660817075
h1SMcG0006447	2.99904235286516	0.00000000000000000000000000000000000026424147937403
h1SMcG0006452	2.68181319352859	0.00000000000000000000000000000000000000000132407546150384
h1SMcG0006455	5.43432927351125	0.00000000000000000000000000000000000000000000000000000000000000000000000000000000000000000000000000000000000000000000000000000000000000000000000000000426502365027494
h1SMcG0006456	5.28739686340154	0.000000000000000000000000000000000000000000757884800292112
h1SMcG0006457	0.173406098343649	0.725365084216739
h1SMcG0006460	-0.604793741660689	0.44062981314432
h1SMcG0006461	-1.03852284408534	0.0109868348996617
h1SMcG0006462	-3.39050853461764	0.0000241453462458664
h1SMcG0006466	-1.34566119035563	0.295272007530897
h1SMcG0006467	-1.82216234241892	0.000000000141979770733032
h1SMcG0006469	-2.19012805370729	0.0000000000189353413081825
h1SMcG0006470	-0.0701622563132709	0.868508578737321
h1SMcG0006471	0.711675915334373	0.291734940928743
h1SMcG0006472	-0.455278029088944	0.429181951721073
h1SMcG0006473	1.50274086558836	0.00000000891501385764417
h1SMcG0006475	2.21828334718158	0.0000000000000000000444772078040069
h1SMcG0006476	0.180888174410269	0.910360304473619
h1SMcG0006477	0.643549313558549	0.0453075051996136
h1SMcG0006481	2.45871982084987	0.0000000707070186434315
h1SMcG0006482	1.83380691505368	0.000000000909117669833736
h1SMcG0006483	-1.95558124833557	0.000000000000000402665930343185
h1SMcG0006484	-1.77998583091915	0.00000000000266503733926953
h1SMcG0006486	0.879651628895788	0.146213235992928
h1SMcG0006489	0.269541332696221	0.691804900301173
h1SMcG0006495	2.22994898514502	0.000000000000000000000000000000339902168863613
h1SMcG0006501	-1.20190276017754	0.112170010516442
h1SMcG0006502	-0.0850099966802792	0.861861290778802
h1SMcG0006503	-0.865491502127321	0.00493996321926455
h1SMcG0006504	0.0377470104066233	0.967280446797489
h1SMcG0006505	0.790775031273494	0.331570228357129
h1SMcG0006506	4.44912827354086	0.000000000000000000000000000000000000000000000443227584761299
h1SMcG0006507	0.974822008303291	0.228968331848643
h1SMcG0006508	-0.384481327784716	0.290703062079568
h1SMcG0006509	5.07456383284452	0.000000000000000000000000000000000000000000000000000000000000070239573182451
h1SMcG0006511	-1.11375889363288	0.00624237881156953
h1SMcG0006512	-2.39966820758606	0.00172453660061968
h1SMcG0006515	-2.25907276256165	0.140789629020713
h1SMcG0006516	-2.77352400156962	0.00000000000000000000000000000109023334479014
h1SMcG0006518	-0.547862203580958	0.660583485613327
h1SMcG0006519	0.0082376447838221	0.994405992594109
h1SMcG0006520	-1.49337275855411	0.0158679159619606
h1SMcG0006522	-1.17486561571443	0.0043198044475169
h1SMcG0006523	-2.10778884643384	0.0181688810865955
h1SMcG0006524	-1.03576753731967	0.000000735477210853836
h1SMcG0006525	-0.470130485844794	0.358802397515036
h1SMcG0006527	-1.14731805765093	0.125790235119748
h1SMcG0006529	1.98668472383636	0.0000000000412717445706895
h1SMcG0006531	1.81278312826896	0.0000000000000243610967995369
h1SMcG0006532	-1.46625008724	0.118020543235105
h1SMcG0006534	-0.362033881093249	0.324411426945911
h1SMcG0006535	-4.16170594570832	0.000000000187278079681146
h1SMcG0006536	2.33586468383908	0.0000000000000433036833005315
h1SMcG0006537	-1.96197727626626	0.0407387765796915
h1SMcG0006541	-1.62368989475864	0.172214474357864
h1SMcG0006545	-0.406515462822849	0.80783038543371
h1SMcG0006548	-0.0642032063578313	0.778763850010624
h1SMcG0006549	-0.148961393785644	0.934205772731189
h1SMcG0006550	1.64465490568453	0.00483274710724909
h1SMcG0006552	-1.6133884466978	0.000545490195120552
h1SMcG0006554	0.328154038030142	0.739502805581659
h1SMcG0006556	-1.28012489253142	0.196408185726417
h1SMcG0006557	-1.02733754826229	0.00323044610463806
h1SMcG0006558	0.867952855593434	0.00150253670679513
h1SMcG0006559	3.28789396917197	0.00000032400429779114
h1SMcG0006560	1.26655890541063	0.117948899563179
h1SMcG0006561	1.10562214911897	0.0019539576360475
h1SMcG0006562	-2.14970094848653	0.0496348337903594
h1SMcG0006563	0.871372761593286	0.0609633394265579
h1SMcG0006564	1.04982141637245	0.309090316386967
h1SMcG0006567	0.931082594136076	0.00319719387079645
h1SMcG0006568	2.05563555967139	0.0000000000000644993919078043
h1SMcG0006569	1.66358049290644	0.000000000000187402383954549
h1SMcG0006573	0.922668208847184	0.0858428692683141
h1SMcG0006574	-1.4884895809944	0.000000000000000161803132406411
h1SMcG0006576	2.01806001434118	0.000263868345363746
h1SMcG0006577	2.316388269538	0.0510054330159188
h1SMcG0006580	-1.11940219506053	0.00267805332367327
h1SMcG0006581	0.846879918576252	0.202450005513719
h1SMcG0006582	-1.32878560675074	0.106595614010458
h1SMcG0006584	-0.141206951455248	0.742550292747957
h1SMcG0006585	0.441739766499695	0.764427758631301
h1SMcG0006586	0.923852267420895	0.149186431592501
h1SMcG0006587	2.45581590206808	0.00000000000000000000294696823570643
h1SMcG0006589	1.41198470097529	0.0000003817873909136
h1SMcG0006593	2.90995451120614	0.0000000000000000000733131568337689
h1SMcG0006594	-1.63608689112634	0.147464690774916
h1SMcG0006595	0.337920582597291	0.586996815369095
h1SMcG0006596	0.146454071497415	0.803713960194964
h1SMcG0006597	0.00814013705374884	0.980515887162769
h1SMcG0006598	-2.80318750874635	0.00000000000513834961476172
h1SMcG0006599	-2.64096994539664	0.000000129172694835647
h1SMcG0006604	-2.5439565496606	0.00000000000000000000000000000000096942527624379
h1SMcG0006605	-0.673961230328936	0.0426074445308682
h1SMcG0006607	-2.23048152319947	0.00000025923817648506
h1SMcG0006608	1.32795876396785	0.000674581439323168
h1SMcG0006611	-1.46723541460154	0.000511945934104421
h1SMcG0006612	-0.582234939819901	0.05940684157464
h1SMcG0006613	2.04151057084482	0.000000284323731932706
h1SMcG0006616	-1.92256066283891	0.0604917684162444
h1SMcG0006617	-0.186725187978834	0.787074268948623
h1SMcG0006621	-0.191713624365547	0.92493260888406
h1SMcG0006622	-0.673744556305719	0.651186417563798
h1SMcG0006623	-0.307989678658733	0.730346863140322
h1SMcG0006624	-4.64940424454054	0.0000264863616737758
h1SMcG0006626	-2.85883296474438	0.0000000000013604899511019
h1SMcG0006627	-0.236542254233254	0.778235342748128
h1SMcG0006628	-2.83542266864761	0.0595928799618485
h1SMcG0006629	3.54655456111489	0.0000000000000000000000817920529139709
h1SMcG0006630	0.0770585977263377	0.838643362672024
h1SMcG0006631	-1.5148421157538	0.332264029253974
h1SMcG0006633	-0.226116511152922	0.448836258598985
h1SMcG0006635	-0.395785345883736	0.129863013917511
h1SMcG0006636	1.00220864694511	0.0019790447613537
h1SMcG0006638	-0.35333105076858	0.489214757340772
h1SMcG0006639	7.94233912800831	0
h1SMcG0006640	-0.356321056999189	0.448516513576986
h1SMcG0006644	0.144285143580163	0.655861343198439
h1SMcG0006645	-1.00636268678807	0.0000773636880279038
h1SMcG0006646	-1.92047110984004	0.0000000000000097983001020855
h1SMcG0006647	0.756468409325253	0.0372857216648456
h1SMcG0006650	2.48407816057066	0.0000000000000000000000000000000000000000799388095169454
h1SMcG0006651	-0.183719985916454	0.59950486273834
h1SMcG0006653	0.23640266492513	0.764469913273419
h1SMcG0006658	0.233017495194309	0.808139451105697
h1SMcG0006660	-1.19249638798315	0.00000685281275028393
h1SMcG0006661	-0.480407420366409	0.740788848698842
h1SMcG0006662	0.0150753975190727	0.979366941473244
h1SMcG0006663	-1.49282337015405	0.318383048235366
h1SMcG0006664	4.46367655296872	0.00000000000000120227199215215
h1SMcG0006665	0.377266418786054	0.195789315493314
h1SMcG0006666	1.08269550656779	0.0760764410132617
h1SMcG0006667	-1.15065512459801	0.000000000642125693299552
h1SMcG0006668	-1.47298168511196	0.372259456172232
h1SMcG0006669	-1.01371581549475	0.218361390385722
h1SMcG0006670	-0.169804961344383	0.474498633174739
h1SMcG0006674	2.17086500426415	0.0000030055779201402
h1SMcG0006675	0.0185245169973873	0.988597645024084
h1SMcG0006678	-1.99922925686152	0.0704778646410806
h1SMcG0006679	4.33939767738012	0.0000000000000000504924028923455
h1SMcG0006680	-1.08857423876499	0.122866616243773
h1SMcG0006682	-1.0835544930836	0.00505786871895493
h1SMcG0006683	-0.355999358929278	0.738845702933568
h1SMcG0006687	-0.174738210689242	0.567174498221784
h1SMcG0006688	-0.322645961643885	0.475947723222042
h1SMcG0006689	1.96391254376921	0.0000000000000793808040719754
h1SMcG0006692	0.0326514867549437	0.984656047995538
h1SMcG0006694	-0.491394372779551	0.261194476648429
h1SMcG0006695	-1.32920053737707	0.351382720195673
h1SMcG0006697	0.234046294383673	0.601771114978418
h1SMcG0006698	1.07565064045263	0.00982975412817341
h1SMcG0006699	-1.53823722035416	0.0785417809642207
h1SMcG0006700	0.0253921482984762	0.983526008052873
h1SMcG0006701	0.674832303393094	0.0109735562079178
h1SMcG0006702	0.675299847711744	0.00999067604568421
h1SMcG0006705	-0.209322594862439	0.701172709496028
h1SMcG0006706	-0.300210593969406	0.747570770066778
h1SMcG0006710	-0.26435184716926	0.676605906161263
h1SMcG0006712	-0.106164917021306	0.937906664460631
h1SMcG0006713	4.38413319986481	0.269144882461114
h1SMcG0006714	-3.39793270276981	0.000000545131907763944
h1SMcG0006718	-0.434793323012144	0.381448732201497
h1SMcG0006720	2.50247634278136	0.0000000000162807303020888
h1SMcG0006721	-0.147603123992902	0.918389274945983
h1SMcG0006723	0.613790418945952	0.585895370926402
h1SMcG0006725	-2.70788296217712	0.000000000000000000000000000000000384838719050692
h1SMcG0006726	0.579449258819651	0.339517803746678
h1SMcG0006727	-0.993534716275396	0.147595912958325
h1SMcG0006729	0.66979286048578	0.0849180237964425
h1SMcG0006730	-0.855171502331248	0.00410935413336019
h1SMcG0006731	0.723115610643217	0.00328953542707485
h1SMcG0006734	-0.0357284832288821	0.96848807754173
h1SMcG0006735	1.83303613522017	0.0000000000310018325828744
h1SMcG0006736	-0.86724639697027	0.111749522710354
h1SMcG0006742	0.605805604570268	0.713253612959915
h1SMcG0006745	0.154642223480271	0.893410485437283
h1SMcG0006746	1.00727715103971	0.00000231078864345395
h1SMcG0006747	0.357036641487873	0.823977113451965
h1SMcG0006748	4.30042332635683	0.00000000000441000628611419
h1SMcG0006749	-1.28348126455761	0.0181024030576931
h1SMcG0006750	-0.46486411648422	0.807621688559035
h1SMcG0006751	2.41354469814965	0.0000000258210289252965
h1SMcG0006754	0.49571124657511	0.0737661031630564
h1SMcG0006755	-0.911178306306958	0.0148764360983434
h1SMcG0006757	-1.27784511047078	0.0714764047499101
h1SMcG0006758	-0.353658852219712	0.647803031600689
h1SMcG0006760	-3.21016548147813	0.0000000194883488476016
h1SMcG0006761	-2.03216192361099	0.0000367898370048912
h1SMcG0006762	0.981140002787241	0.111178996986038
h1SMcG0006764	0.158174898533305	0.551433298797553
h1SMcG0006765	0.141540005931087	0.881383202422054
h1SMcG0006766	-0.903856645253214	0.394526449839432
h1SMcG0006767	-2.22680456661697	0.00224597855594204
h1SMcG0006769	0.932812393337515	0.470122763720373
h1SMcG0006773	-1.14866029073332	0.334981187210199
h1SMcG0006775	-4.0876829908902	0.0000000175050151665843
h1SMcG0006776	-1.86877401124554	0.00203713484767346
h1SMcG0006778	-1.08979060808202	0.190731134962874
h1SMcG0006781	-0.158361109412939	0.713456846292202
h1SMcG0006783	0.0324205733043818	0.979366941473244
h1SMcG0006784	-2.69528740259238	0.000781412132215023
h1SMcG0006785	-2.64419575138214	0.00000177971698719872
h1SMcG0006786	0.193329285106998	0.726433281943239
h1SMcG0006787	-0.403674998132944	0.217412462597277
h1SMcG0006788	2.58397811630327	0.0103553431557797
h1SMcG0006791	2.93763274447615	0.00391612710125642
h1SMcG0006792	0.25892078298911	0.648074024318896
h1SMcG0006794	-1.26866975196969	0.000000335160518704452
h1SMcG0006796	-0.815275823826814	0.231186181895123
h1SMcG0006797	-0.639611007886829	0.0385699144765947
h1SMcG0006798	-1.58993959168977	0.0671846729437275
h1SMcG0006801	-0.977779235315767	0.222833737841112
h1SMcG0006803	-0.0288050702204037	0.970949761016183
h1SMcG0006804	-0.947406039143533	0.349588359425958
h1SMcG0006805	1.93185807506044	0.00000000000157240390496885
h1SMcG0006813	-0.413326556272037	0.767798352635802
h1SMcG0006815	1.5706088101877	0.0000023328145986405
h1SMcG0006819	-0.638937340341952	0.310012703989614
h1SMcG0006820	-0.632140859246553	0.388877083985924
h1SMcG0006823	1.88309510643573	0.00000000241614939016747
h1SMcG0006825	-0.307889166884349	0.742550292747957
h1SMcG0006828	0.482139300371274	0.19926142620012
h1SMcG0006829	-0.772770463149401	0.0262649432974215
h1SMcG0006830	2.15215548787701	0.000000000000876388188532254
h1SMcG0006832	-0.30747433625059	0.514219875774113
h1SMcG0006833	0.227392497900946	0.786784887353901
h1SMcG0006835	-0.160100743749465	0.932727054556658
h1SMcG0006836	1.01220456559604	0.299896754964455
h1SMcG0006837	-1.78970336737171	0.00000000000000139733393394469
h1SMcG0006839	1.14031104849247	0.00000275430009442661
h1SMcG0006842	-1.36565286816316	0.00156023868663067
h1SMcG0006843	0.429894038971148	0.33390833502608
h1SMcG0006845	-1.65600596595961	0.000364178480777447
h1SMcG0006846	-1.26556001329164	0.00713364549425732
h1SMcG0006847	-1.21203315203017	0.0466823711677414
h1SMcG0006848	5.75166730784914	0.000000000198277657394887
h1SMcG0006849	-0.981822425377049	0.0799597816385779
h1SMcG0006850	-0.824106126507297	0.120251524942163
h1SMcG0006851	-0.380292895703839	0.319450142169027
h1SMcG0006853	-0.4321415450036	0.808384852976665
h1SMcG0006854	-2.82486498447114	0.0796015642720056
h1SMcG0006857	-0.604112244868986	0.0026361127300079
h1SMcG0006858	-2.25589622085713	0.0329483462648885
h1SMcG0006859	-2.36513219991599	0.00246930642721853
h1SMcG0006861	-2.47144535985841	0.00017427529471627
h1SMcG0006864	3.6627360129286	0.0000000000000000000000000000000000000598967212197196
h1SMcG0006865	1.2825463304601	0.387289764210278
h1SMcG0006866	-0.690415845663892	0.533471727004521
h1SMcG0006868	-1.59676964619369	0.00000569555103581
h1SMcG0006869	-0.652845571144704	0.406223380967052
h1SMcG0006870	0.10525542524845	0.943997422541789
h1SMcG0006871	-1.82217244997086	0.291397857608373
h1SMcG0006872	-0.810176335942839	0.283923729070771
h1SMcG0006874	2.82101437897672	0.00000000000000000000000232882227751011
h1SMcG0006875	-0.920598719227266	0.350698726730531
h1SMcG0006877	-0.912791368865917	0.0000508171574849382
h1SMcG0006878	0.695200875753859	0.0159762748539771
h1SMcG0006879	-1.07795196866802	0.0585541321737629
h1SMcG0006880	1.1591485689433	0.00000564593120054743
h1SMcG0006883	-0.340546027449154	0.67437433641695
h1SMcG0006885	-0.100452420256247	0.777223636253699
h1SMcG0006886	0.0104027495288226	0.976400460169833
h1SMcG0006887	2.80473871405045	0.00406898212040545
h1SMcG0006888	5.25432085384547	0.00000000000000000000000000000000592158195360449
h1SMcG0006889	1.18485972709759	0.081064315449681
h1SMcG0006890	-1.01291749354997	0.130007488110109
h1SMcG0006891	-1.68192687862908	0.298157152300779
h1SMcG0006895	-3.83732579983231	0.000685335740032568
h1SMcG0006896	-1.23568814559104	0.00001669348979777
h1SMcG0006897	-0.930287504074822	0.0661910534206256
h1SMcG0006898	-1.41569056468633	0.0000906779959963787
h1SMcG0006899	-1.04852582136281	0.172006816627641
h1SMcG0006901	-0.494047996580165	0.323428538694756
h1SMcG0006902	-0.567485966481537	0.234506454688682
h1SMcG0006903	2.83414702580901	0.00000000000000000000000000991513947361732
h1SMcG0006904	2.10329248948071	0.000000000000219110579524818
h1SMcG0006907	-1.41372998727684	0.0076130176665174
h1SMcG0006908	1.00988329377859	0.00890867979544575
h1SMcG0006912	-0.106325977694866	0.825322855530023
h1SMcG0006914	-0.838704386487488	0.00392864000095615
h1SMcG0006915	-0.034352892766636	0.910715148486293
h1SMcG0006917	1.4111848194137	0.0000364286109704502
h1SMcG0006919	3.56777682046016	0.000194375879915361
h1SMcG0006921	1.95616838333572	0.00994344639283617
h1SMcG0006922	-0.836211260363914	0.152698156024041
h1SMcG0006927	-1.57021409528889	0.178972260650397
h1SMcG0006930	-1.16035966216003	0.494226246406241
h1SMcG0006933	-0.815408661884324	0.0690518931066244
h1SMcG0006934	-4.09820362503187	0.0000378677099861967
h1SMcG0006935	-1.64343325938089	0.107953174676427
h1SMcG0006936	-2.28216458261348	0.000000734943960032661
h1SMcG0006937	-0.120357453525636	0.920975132252978
h1SMcG0006939	-1.10935292096771	0.00577015416504634
h1SMcG0006940	0.657730298306582	0.000237918654496346
h1SMcG0006941	0.790936552533539	0.0488063634248161
h1SMcG0006943	-3.21632894882012	0.000000533654363213116
h1SMcG0006944	-1.14948869883073	0.36333811848905
h1SMcG0006946	0.117417796799646	0.88048054681804
h1SMcG0006947	-2.16936179930965	0.00000000264583255072426
h1SMcG0006949	-2.62753640478496	0.000000611257816855317
h1SMcG0006950	1.55264191560297	0.0000114071753516079
h1SMcG0006954	0.222002621824081	0.71796637594377
h1SMcG0006955	1.61145931806565	0.00153453192804404
h1SMcG0006957	-3.72743545569983	0.00099722031803028
h1SMcG0006959	-0.408047248485628	0.171009445876518
h1SMcG0006960	1.41506093270031	0.0193582663453388
h1SMcG0006961	-2.29017678775791	0.00751032597869646
h1SMcG0006962	0.193196509828603	0.745593135731916
h1SMcG0006964	1.21147377692185	0.0181398266769716
h1SMcG0006965	-1.7567499779253	0.00201973895111764
h1SMcG0006966	1.92126282239207	0.0000000000461717691658647
h1SMcG0006967	0.864378450841619	0.0215427117459925
h1SMcG0006968	-0.0694904616072406	0.967378040638979
h1SMcG0006970	0.513504306653693	0.154172693272016
h1SMcG0006973	-1.70765724418178	0.00000000000692100848680373
h1SMcG0006974	-1.19871436214209	0.416637363568753
h1SMcG0006976	-2.12541779660286	0.0016961097795414
h1SMcG0006978	-0.276311659585184	0.831500274720405
h1SMcG0006979	0.468505689265886	0.36738414705023
h1SMcG0006984	-0.942797350702752	0.0000000000186103996013652
h1SMcG0006985	-3.68474349056806	0.000000000618639907582166
h1SMcG0006986	-0.173700644478499	0.920403436534769
h1SMcG0006987	-1.62765337815737	0.000000000248836615726157
h1SMcG0006988	-0.972747927305929	0.0000786139532304135
h1SMcG0006992	-0.380746089629541	0.807692038630378
h1SMcG0006993	-2.29235747803492	0.00355942981410931
h1SMcG0006996	-0.330139305127222	0.82700713055201
h1SMcG0006997	0.32133224516717	0.174240654243412
h1SMcG0006999	0.0758052289525704	0.937906664460631
h1SMcG0007000	-0.96948306452823	0.20981257022105
h1SMcG0007001	-1.37826977223083	0.197949121798304
h1SMcG0007004	0.358595418691342	0.221993708977572
h1SMcG0007005	0.31344801040109	0.789012866337677
h1SMcG0007006	1.38721064205336	0.00123403927894235
h1SMcG0007008	3.11419298221573	0.0212514313858059
h1SMcG0007009	-0.0669010612758726	0.93009289247098
h1SMcG0007010	-1.55509390735842	0.0771543230813216
h1SMcG0007011	0.0835514715828616	0.958649692922278
h1SMcG0007012	-1.15129014173082	0.186197292780213
h1SMcG0007015	-1.27654420420246	0.381210559651212
h1SMcG0007016	1.38773041622734	0.183681933026122
h1SMcG0007018	-3.2463519668258	0.00000257572571495751
h1SMcG0007019	-1.28521905301727	0.0036353354230081
h1SMcG0007021	2.16297559160877	0.00000165464231213178
h1SMcG0007022	-0.525666911683341	0.702190379171974
h1SMcG0007023	0.578658271491846	0.461519389826943
h1SMcG0007024	-1.18634549645136	0.194400332448574
h1SMcG0007025	0.903256200115592	0.539352959002507
h1SMcG0007026	0.0891521940624915	0.815491146869226
h1SMcG0007028	-1.22782469479723	0.000169347103973652
h1SMcG0007029	-0.31094069674827	0.693165212729486
h1SMcG0007031	-0.471501771019267	0.469766594615916
h1SMcG0007032	-1.80635668071567	0.000010793727911832
h1SMcG0007033	0.879784754994207	0.006402275348488
h1SMcG0007034	-0.720388501674222	0.000261627922650219
h1SMcG0007035	0.857096235981223	0.0966392252991011
h1SMcG0007036	-0.17177573609622	0.91066132318261
h1SMcG0007038	-1.58885424730851	0.0625012749360236
h1SMcG0007039	2.85033157729398	0.000000671430490215999
h1SMcG0007041	-0.573610688661105	0.642130834439059
h1SMcG0007042	-1.08775960357332	0.0000415295856908544
h1SMcG0007043	0.175622076319869	0.625346983051248
h1SMcG0007044	-0.186941357906104	0.521762744625152
h1SMcG0007046	-2.9228270930352	0.000000142377965024289
h1SMcG0007050	1.36446503574242	0.00076373143794773
h1SMcG0007052	-0.84069745969248	0.0328275955981439
h1SMcG0007053	0.65883225146953	0.125550802828207
h1SMcG0007056	-0.824476482501659	0.0355736603539254
h1SMcG0007057	-1.31554730203732	0.0368725791339743
h1SMcG0007058	-0.176826269471383	0.77612110470378
h1SMcG0007059	-0.408287203258413	0.432310648893365
h1SMcG0007060	0.276375984244119	0.727772696393616
h1SMcG0007062	-0.100941969376072	0.815894410964469
h1SMcG0007064	-1.50812863224839	0.00000105226966381084
h1SMcG0007065	-1.82908642831336	0.00145018132592
h1SMcG0007066	4.38407217112574	0.0000000177443931842374
h1SMcG0007067	-2.63800364122581	0.0665729709815681
h1SMcG0007069	-0.354674490974998	0.353659099156725
h1SMcG0007070	1.59338202315434	0.0675357736350391
h1SMcG0007072	0.652843223186564	0.129777813102129
h1SMcG0007073	5.1906139702276	0.000000000000000000000000000000000000000000000000000000000000000705642539963108
h1SMcG0007074	-0.460314035494414	0.462965433116564
h1SMcG0007076	-0.588269803693475	0.549234791751532
h1SMcG0007078	5.49693115302908	0.0000000000000000000000000000000000000000000000000000264248356092122
h1SMcG0007079	5.07786655841883	0.00000000000000000000000000000000000000000000000000000000000000000000000000000000000000000000000000000302014721014545
h1SMcG0007081	-1.14462678304051	0.000000179872333952767
h1SMcG0007083	0.205750102204752	0.79577307782823
h1SMcG0007086	-0.854284871312346	0.0983095119223188
h1SMcG0007087	2.39353011278996	0.00000000000577185940062155
h1SMcG0007088	-3.32060954752024	0.0100973504273916
h1SMcG0007089	-0.762436943920068	0.41776762074153
h1SMcG0007090	-0.400806836309315	0.73136844479196
h1SMcG0007094	4.27434918622215	0.00000282804586431456
h1SMcG0007095	3.33460703981376	0.0000924163396842093
h1SMcG0007098	-1.22253058790438	0.242899220213105
h1SMcG0007100	0.465017197759478	0.792919487598623
h1SMcG0007101	0.552102078013578	0.104956822592946
h1SMcG0007102	2.54200707392783	0.000000127024572281665
h1SMcG0007105	0.168786936715018	0.86084522034244
h1SMcG0007106	-0.0206451198370371	0.986990954401888
h1SMcG0007107	6.7528496115302	0.00000000000000000000000000000000000000381229178598107
h1SMcG0007108	4.38555610248056	0.0000000563931182602544
h1SMcG0007109	1.97904413550236	0.0000230112935482906
h1SMcG0007112	-0.269664973187954	0.626421984253893
h1SMcG0007114	-2.04308954273853	0.000000022588775357712
h1SMcG0007115	-0.339316859139963	0.787746224497361
h1SMcG0007116	-0.2127749072052	0.7219312073982
h1SMcG0007117	-3.05543722914376	0.0116529887440189
h1SMcG0007119	-1.08366714073083	0.0297182892605223
h1SMcG0007120	-4.03239371067763	0.00000380388500033328
h1SMcG0007121	0.600307526923217	0.404268206356633
h1SMcG0007122	-2.21701099336132	0.0757525780888755
h1SMcG0007124	-0.307348676229756	0.513828937628224
h1SMcG0007125	-1.55567491426024	0.153359742290379
h1SMcG0007126	-0.238363624387871	0.857102557712686
h1SMcG0007128	-2.25297136227584	0.025522254698643
h1SMcG0007129	-0.593051466869517	0.736176214966295
h1SMcG0007131	-1.30699605059392	0.00599843495154388
h1SMcG0007134	-0.19506618699011	0.86983938258226
h1SMcG0007137	0.0263943695034212	0.987621414308729
h1SMcG0007138	-0.648512487780439	0.353835197091946
h1SMcG0007139	0.841364895281987	0.0332494227523728
h1SMcG0007141	0.300660922719102	0.466357209425376
h1SMcG0007143	0.517298590277724	0.510230851612363
h1SMcG0007147	-1.61580162289619	0.0614915941304449
h1SMcG0007148	-1.52000785116771	0.000000000161691273799282
h1SMcG0007150	-1.48423592102218	0.0848409970745797
h1SMcG0007152	-0.763619342945795	0.109673383275662
h1SMcG0007154	1.31670437318137	0.19594500157658
h1SMcG0007158	0.285141876210472	0.416325032179814
h1SMcG0007163	0.381743259738423	0.692900687516528
h1SMcG0007165	-1.85034503778549	0.00277610199829444
h1SMcG0007166	-0.690332317481256	0.342271511963537
h1SMcG0007169	0.843445899328413	0.141782506049849
h1SMcG0007170	1.03210502028646	0.0555157155873719
h1SMcG0007172	0.596415390709719	0.264985828716336
h1SMcG0007173	-0.319045799868508	0.436608552173911
h1SMcG0007175	-1.81884723288521	0.0000000000000023965036639358
h1SMcG0007177	0.395421138581263	0.703391609476927
h1SMcG0007178	0.395120452904137	0.524121052915689
h1SMcG0007180	0.690533774120514	0.239440665521517
h1SMcG0007183	-0.803953059132751	0.324637642419238
h1SMcG0007184	-1.58387299354826	0.176061812800877
h1SMcG0007185	-2.95333225092947	0.00663598195908111
h1SMcG0007188	-1.06121447879291	0.172702315804131
h1SMcG0007189	4.70623534718113	0.0000000646397136303717
h1SMcG0007190	2.6600199480565	0.000157364942336309
h1SMcG0007193	2.34521548817452	0.000902733123759272
h1SMcG0007194	4.28166766418893	0.0000000000000000000325206353026003
h1SMcG0007195	2.02920624723236	0.0269987236104755
h1SMcG0007197	-0.184917446442144	0.921362221059508
h1SMcG0007198	1.51620032393157	0.0904617596939322
h1SMcG0007199	-0.483997134537553	0.463812599199295
h1SMcG0007201	-1.07114394364214	0.00138340952537754
h1SMcG0007202	1.00184535054712	0.0102008620217736
h1SMcG0007204	0.0862305975947614	0.862016168683823
h1SMcG0007206	-1.5608058947634	0.00469994756800953
h1SMcG0007211	-0.78798884979604	0.20213797458817
h1SMcG0007212	0.577684948362247	0.708374911745211
h1SMcG0007214	-1.31681041657712	0.00814475473604612
h1SMcG0007215	0.0738086763012287	0.88591265939558
h1SMcG0007219	-0.125185245510715	0.756057537466093
h1SMcG0007220	1.0528483494898	0.0261216851218732
h1SMcG0007221	4.09364936887338	0.000000000000259553961300508
h1SMcG0007222	2.89337618660879	0.00091058393257555
h1SMcG0007223	-0.274193397493077	0.794821805891766
h1SMcG0007226	-2.38081851724764	0.0000132233765409382
h1SMcG0007227	-4.0766136063648	0.00000000000000523242507596372
h1SMcG0007229	-0.57421934207848	0.659686640570135
h1SMcG0007233	-3.2172274363049	0.0111405188737124
h1SMcG0007234	2.14290813329448	0.0000000310112079524954
h1SMcG0007236	1.05913330378673	0.0302850480203275
h1SMcG0007237	-0.270382753465874	0.809990738217626
h1SMcG0007240	-0.634929615605197	0.26096761315187
h1SMcG0007244	3.19684410435819	0.000001727874079286
h1SMcG0007245	-2.74408162914537	0.000000000000281997084402165
h1SMcG0007247	1.36558130291345	0.0000000722313614545234
h1SMcG0007248	0.0975188814982517	0.811755340433454
h1SMcG0007250	1.09341600225282	0.0440029426446115
h1SMcG0007251	-1.63614595600655	0.00196771629709072
h1SMcG0007253	-2.09890275008891	0.185021650737627
h1SMcG0007254	-0.67573352954417	0.303063628992979
h1SMcG0007255	3.31388454291668	0.00000000000000922554023418762
h1SMcG0007257	-2.73478563757171	0.00523871515709713
h1SMcG0007258	1.44849960156765	0.130999726238703
h1SMcG0007262	1.21370170545131	0.000235553329850202
h1SMcG0007267	-1.10158783432385	0.180523940324487
h1SMcG0007268	-0.878758674351569	0.27155687173914
h1SMcG0007269	2.89212152397164	0.0000013821524522862
h1SMcG0007271	0.391220189165599	0.345068537519262
h1SMcG0007272	-0.0485313966843772	0.921362221059508
h1SMcG0007273	-0.418040014122283	0.727213324657844
h1SMcG0007274	0.458746229060495	0.226104435714216
h1SMcG0007275	-1.70222209143697	0.00000000000277621987074484
h1SMcG0007276	-2.23251842955896	0.000000573353808053521
h1SMcG0007280	-1.26039117324766	0.0139571098303486
h1SMcG0007283	-1.09822787318829	0.00000000000705501017330433
h1SMcG0007285	-1.09098205080777	0.046548436486522
h1SMcG0007286	-0.000169557826777063	0.999612918745415
h1SMcG0007287	3.24218963055012	0.0000000000000000194580477393302
h1SMcG0007290	-1.25397289851969	0.186415760400549
h1SMcG0007291	2.10944988184558	0.0000571896165017608
h1SMcG0007292	-0.449364907785613	0.770576512285689
h1SMcG0007300	3.71858565850039	0.00036740835446314
h1SMcG0007302	0.29836939312262	0.838359868286743
h1SMcG0007303	1.41523384928193	0.0442480744684711
h1SMcG0007304	2.16482283805705	0.00951905831726652
h1SMcG0007307	-0.373671269229449	0.590317793476633
h1SMcG0007317	-0.987782218343722	0.0685223691017815
h1SMcG0007318	0.033251423033789	0.98232051804856
h1SMcG0007320	0.690800538055002	0.00211302078681886
h1SMcG0007321	-3.57712889772298	0.0000399618012592204
h1SMcG0007322	-0.746994251838027	0.15310044551835
h1SMcG0007323	-0.855470340488274	0.615942842074258
h1SMcG0007324	3.32152286543052	0.00000000000000000000000000000675655691428463
h1SMcG0007325	-1.20219335561469	0.030344719577587
h1SMcG0007326	-1.04139941591026	0.000000644007099991874
h1SMcG0007329	0.427401007115924	0.251846832997176
h1SMcG0007330	-0.336662137309118	0.780799126910334
h1SMcG0007331	0.613624237534363	0.0142688823806927
h1SMcG0007332	0.526052228662031	0.202131411503964
h1SMcG0007336	-0.394693583597341	0.290703062079568
h1SMcG0007338	-0.79094961025722	0.201977993867243
h1SMcG0007342	-0.559513055455743	0.0169634528797083
h1SMcG0007343	-1.45096198516282	0.0545130638425866
h1SMcG0007344	-0.709102510519486	0.165815956893116
h1SMcG0007345	-1.71704594293814	0.000193446665308279
h1SMcG0007346	1.84309866483162	0.0000000000000000000000528212186745879
h1SMcG0007348	-2.97253707617642	0.0141717381499382
h1SMcG0007350	-1.28397799666661	0.0015880235740688
h1SMcG0007352	1.65406009639547	0.000337691322627081
h1SMcG0007355	-1.33555490680092	0.342450540579818
h1SMcG0007356	-1.9144227072654	0.0929122762134867
h1SMcG0007357	-1.35683554768703	0.158694055836092
h1SMcG0007358	-3.11777828131357	0.0000000000000000000101461338950697
h1SMcG0007359	-2.03499161897324	0.000000818255567197938
h1SMcG0007361	-0.43242913320546	0.649027410339449
h1SMcG0007363	-3.12218657179977	0.0353622158683498
h1SMcG0007364	-0.797059739323997	0.000121930346366231
h1SMcG0007365	-0.0708394142793887	0.913550254524582
h1SMcG0007368	-1.43291654704953	0.0274432060721975
h1SMcG0007369	3.11382230877241	0.0000000197521649215891
h1SMcG0007371	0.473409860717096	0.276980920314726
h1SMcG0007372	0.779669519933795	0.264401972637895
h1SMcG0007375	-0.638990908524934	0.00457384184482188
h1SMcG0007376	-1.28628788077975	0.400687852580537
h1SMcG0007378	4.13704399447939	0.00000000000000000000000000000000000000000000465419945058562
h1SMcG0007381	-0.876785410545016	0.0319268868146948
h1SMcG0007382	0.28899998016557	0.683917936647488
h1SMcG0007386	-0.4631997697725	0.495959483366754
h1SMcG0007387	-0.4542723872214	0.118605066126308
h1SMcG0007388	-0.204006282403129	0.595822450305609
h1SMcG0007389	4.13800480383844	0.0000000599897282469918
h1SMcG0007392	2.41532006990995	0.000000000104411243118206
h1SMcG0007393	-1.81963018194674	0.0797413436552449
h1SMcG0007394	-0.902304888033452	0.000776775434934443
h1SMcG0007395	0.903198434317753	0.111319090739347
h1SMcG0007396	-2.14082130945729	0.000470479557220517
h1SMcG0007402	0.936622026143119	0.391767816100565
h1SMcG0007403	0.260056672759212	0.88591265939558
h1SMcG0007404	0.583690920804245	0.042172508918264
h1SMcG0007408	-1.38887161636847	0.214277847461926
h1SMcG0007414	-0.108376269780106	0.88629281097366
h1SMcG0007416	-3.82269585141368	0.000569610996839793
h1SMcG0007420	0.365249784745054	0.742949627367522
h1SMcG0007421	-4.31392934895021	0.0000132775935644511
h1SMcG0007422	-2.25746529480128	0.00875933588343141
h1SMcG0007423	0.554370614739722	0.726500844850295
h1SMcG0007429	2.14811150417837	0.00463168285307608
h1SMcG0007431	0.88987525608902	0.126351924360198
h1SMcG0007432	0.170985560740476	0.562127658005966
h1SMcG0007433	-0.0708498943443317	0.857580913726868
h1SMcG0007434	0.912303233186934	0.589075594403946
h1SMcG0007436	-1.47869007061301	0.0055939901536996
h1SMcG0007437	4.40551399968406	0.00000000000000000000000000000000000000000000000000000000000000000000000000000000000000000000227910386960125
h1SMcG0007439	-0.691671871319799	0.262154542699299
h1SMcG0007441	-0.312466864561764	0.62582767747615
h1SMcG0007442	-1.8914587431936	0.00000000000000000000198582998102835
h1SMcG0007444	-1.19176131012667	0.297595545289679
h1SMcG0007445	2.67548519050322	0.00000000000351637986680217
h1SMcG0007446	-0.47581314184408	0.203354641451712
h1SMcG0007447	-2.71967669735455	0.00283579578703495
h1SMcG0007449	-0.633874212510777	0.0989260793218559
h1SMcG0007451	-1.51467128623635	0.0000000975192822812517
h1SMcG0007452	-0.133520458335759	0.702404529201091
h1SMcG0007453	-1.05087830592563	0.00000148503476363735
h1SMcG0007455	-0.826790379511178	0.0399105874859803
h1SMcG0007460	-2.92802787080897	0.0326090444923459
h1SMcG0007463	-2.86672694958198	0.00112226929911865
h1SMcG0007465	-1.01471333986354	0.251358977220345
h1SMcG0007466	-0.0121195049794259	0.979174524687194
h1SMcG0007467	-1.72037814770654	0.0488801710763947
h1SMcG0007469	-0.0312525309373282	0.977584829258127
h1SMcG0007470	0.560164191330947	0.633710481335261
h1SMcG0007471	-0.471629901866669	0.271547721025327
h1SMcG0007472	-1.93896960766509	0.0130782671292196
h1SMcG0007473	0.280568581098763	0.718389413500095
h1SMcG0007476	0.348703238773584	0.268425300420866
h1SMcG0007478	-1.7140361579202	0.00000000000392259230026563
h1SMcG0007485	-2.678541861233	0.00773644355459601
h1SMcG0007488	3.41196679826239	0.000000919367189011313
h1SMcG0007489	-1.78907425148307	0.165564355174197
h1SMcG0007494	5.83664687687651	0.00000190425780167227
h1SMcG0007496	-2.11759723409828	0.00000000000000000000000000000000000000000405378013682262
h1SMcG0007497	-0.477007935394525	0.374087394880115
h1SMcG0007498	0.979722708777197	0.0744470167951914
h1SMcG0007499	-3.41443486617206	0.0000262377985337204
h1SMcG0007500	-0.39018023247661	0.508952142258979
h1SMcG0007501	-2.9980404245841	0.0210369178625419
h1SMcG0007502	4.1342192230656	0.000000000000173673069655633
h1SMcG0007503	0.0301035210736221	0.976479088001536
h1SMcG0007504	0.993577146362464	0.00158077556796805
h1SMcG0007506	0.544253808845754	0.0703287773450803
h1SMcG0007507	-0.205253383864659	0.907864486874947
h1SMcG0007510	-2.37598557800354	0.117136111116337
h1SMcG0007512	-1.38469852445941	0.240183430294627
h1SMcG0007514	-1.3522262695299	0.000000930132655030358
h1SMcG0007515	-2.78509444766092	0.0436266080196446
h1SMcG0007516	-1.37720876268941	0.0000199015486599823
h1SMcG0007517	-0.122335377783854	0.680512892632351
h1SMcG0007518	0.0568458464541199	0.942709041124389
h1SMcG0007521	0.000430904111270062	0.999762192248128
h1SMcG0007522	-1.18745779724047	0.424137214973404
h1SMcG0007525	2.14332479484436	0.00000217777428114959
h1SMcG0007526	-0.874605118106427	0.00180527832560248
h1SMcG0007527	1.67979961057179	0.0955892295773313
h1SMcG0007528	-0.600327893538768	0.445029944825963
h1SMcG0007529	-2.44622849788785	0.0154160000935881
h1SMcG0007530	-0.563588779744708	0.333021300634813
h1SMcG0007533	-1.25307072527332	0.470045394826917
h1SMcG0007536	0.701999395531636	0.307266921282835
h1SMcG0007554	-0.16271742813305	0.689295810017371
h1SMcG0007555	-0.40751019382035	0.653556364863479
h1SMcG0007556	-0.0850118500508941	0.967157963183712
h1SMcG0007557	-0.723583139357976	0.635232148734014
h1SMcG0007558	-0.491477819886498	0.263910066679866
h1SMcG0007562	-1.62856322832464	0.00000204224646535713
h1SMcG0007565	-0.706189197495211	0.123697650722188
h1SMcG0007566	-1.06415120548404	0.0527670868177393
h1SMcG0007567	-1.48236311414431	0.000000367330115802729
h1SMcG0007569	-0.0571190056597804	0.921345134380608
h1SMcG0007570	-0.561179915885795	0.363698293027927
h1SMcG0007571	-1.32532450872001	0.0435244123751728
h1SMcG0007574	0.277756972405029	0.841456887467948
h1SMcG0007575	0.93739024043512	0.0842315201807153
h1SMcG0007576	3.4048607524524	0.0011503259846074
h1SMcG0007578	5.00803673245579	0.0000000000000000000000000000000000186881350769874
h1SMcG0007579	2.56096552126694	0.0000113412297566315
h1SMcG0007580	-1.14422001112221	0.327923305433485
h1SMcG0007581	-1.05804642092032	0.000364828050719862
h1SMcG0007582	0.931861912558601	0.00169666238652077
h1SMcG0007583	-2.26542268484932	0.000434041886409327
h1SMcG0007585	-0.738386992335437	0.110767495756326
h1SMcG0007586	3.40865554278963	0.00000000000000000000000000000000000000000000000000000000000247474261317998
h1SMcG0007587	-0.864633819042987	0.452537296669255
h1SMcG0007589	2.54237124504021	0.00000000000000000000000919235269901173
h1SMcG0007591	-1.03612273810747	0.524947042332152
h1SMcG0007592	-1.84318762014304	0.0307046941003231
h1SMcG0007593	0.488540791737909	0.299104794516315
h1SMcG0007596	-1.10294466354093	0.0190416698667202
h1SMcG0007598	1.12343834003047	0.00000295849489504709
h1SMcG0007602	-1.41024999363182	0.15975108118073
h1SMcG0007603	-2.79081199430102	0.0000000000000325674881436486
h1SMcG0007608	-0.622808872896548	0.644180955514839
h1SMcG0007616	-0.938689289549253	0.0663564901719391
h1SMcG0007617	1.890943510709	0.0000771896329903864
h1SMcG0007621	1.11921159216661	0.00114582574796618
h1SMcG0007624	1.16221561112215	0.00000000000266889145800516
h1SMcG0007625	-0.706076736199594	0.0387481202174254
h1SMcG0007627	3.58232813093133	0.0000000000000000932734315575475
h1SMcG0007628	0.266729671454597	0.341603509217774
h1SMcG0007630	2.38486379207988	0.0420604603021203
h1SMcG0007632	0.51699915085706	0.40030954875387
h1SMcG0007633	3.72694993183919	0.000000000000000197057798222713
h1SMcG0007634	4.34448203439682	0.000000342773212481796
h1SMcG0007636	-0.330096659370497	0.224161587837304
h1SMcG0007637	-0.74609720785187	0.00245669356546757
h1SMcG0007639	-0.320753469828197	0.646497981448936
h1SMcG0007640	-1.27709972353373	0.0947449588410111
h1SMcG0007642	1.15333559997525	0.0016506584625861
h1SMcG0007643	-1.09353053416176	0.0000000171101379014338
h1SMcG0007644	-1.44194215107964	0.143711102944398
h1SMcG0007649	-0.571619058063925	0.703093224346879
h1SMcG0007650	-0.0512900020465246	0.979560969576008
h1SMcG0007653	-0.203164119031864	0.415586052667266
h1SMcG0007654	2.69906786613492	0.00000213157292665754
h1SMcG0007656	-2.22483610376638	0.00475855634192642
h1SMcG0007658	-1.07789875200014	0.315379698739498
h1SMcG0007660	-0.701065828190531	0.352580448431937
h1SMcG0007661	-0.302614451370545	0.752363585862526
h1SMcG0007664	-2.09175265221228	0.100343268618854
h1SMcG0007668	-0.159296923672255	0.935161910915214
h1SMcG0007671	-0.577141107513499	0.71607511265765
h1SMcG0007673	-1.95642770198338	0.00000113773160743421
h1SMcG0007674	-2.15850518769522	0.136651923280001
h1SMcG0007676	0.596791970660811	0.60321089261257
h1SMcG0007677	-0.713048816306143	0.012510063895572
h1SMcG0007680	-0.801243302525425	0.545285161540466
h1SMcG0007682	-0.238343120523778	0.79954396945423
h1SMcG0007683	5.00999704617171	0.00000000511970681547139
h1SMcG0007684	2.95790486015927	0.000000000000213880145458747
h1SMcG0007685	-2.95725930365296	0.0139746071094027
h1SMcG0007686	-0.912985948515888	0.341473447162519
h1SMcG0007687	-0.516365246285202	0.508840961379376
h1SMcG0007689	-3.34301741027897	0.0000000000000000263350293163754
h1SMcG0007690	-0.618132629364403	0.131256115612955
h1SMcG0007692	1.77700454270523	0.0000145907195450329
h1SMcG0007693	1.72211027134234	0.0110735853102036
h1SMcG0007696	-0.238581660436289	0.526969533350589
h1SMcG0007701	-0.301987774613611	0.446793150173479
h1SMcG0007702	1.20942308035952	0.301601738472592
h1SMcG0007703	2.66783834871337	0.000000000000000000000000158949251982512
h1SMcG0007704	-1.09361470747016	0.000000389947893731711
h1SMcG0007707	-0.800012263065921	0.000581436143738888
h1SMcG0007710	-1.94151505081377	0.010053472176761
h1SMcG0007714	-0.828888613689545	0.242100217510223
h1SMcG0007715	-0.98734301019113	0.395190481775603
h1SMcG0007716	-0.957946895407804	0.145545578494736
h1SMcG0007717	0.9411854364014	0.349043723795169
h1SMcG0007718	-1.29817536642178	0.000587865706665011
h1SMcG0007720	3.20961922267046	0.00000000000000000000000000000118872458468385
h1SMcG0007722	-1.61144347123027	0.000176408129060339
h1SMcG0007724	-0.784078326310866	0.0637571697669576
h1SMcG0007725	1.10927597875566	0.00162313312888333
h1SMcG0007726	-0.0580626046318636	0.9512207880652
h1SMcG0007728	-0.828746470332775	0.120774114776403
h1SMcG0007730	-0.912676024293154	0.492263105806003
h1SMcG0007733	-3.85682034772951	0.000000155885866152263
h1SMcG0007734	-0.834507650001715	0.0464853094378592
h1SMcG0007735	-0.563142669054427	0.0370313178079927
h1SMcG0007736	-1.87416775432903	0.000493775773288542
h1SMcG0007745	2.14289025525467	0.0000000000000000000000934468551598812
h1SMcG0007747	-3.8811540440359	0.00105495072214949
h1SMcG0007749	-3.06875298525518	0.00385829800128982
h1SMcG0007750	-4.18761502618942	0.000694662167753956
h1SMcG0007751	0.514109495455255	0.408746592484639
h1SMcG0007756	0.383818854426525	0.0855700745529159
h1SMcG0007757	-0.665644938709119	0.00573186045502168
h1SMcG0007758	6.80149034479163	0.0000000000000000000000000000000000000000000000000000000000000649143642719535
h1SMcG0007759	1.4718668364775	0.0000000000113948806581299
h1SMcG0007761	-0.790883575190746	0.101846919018521
h1SMcG0007762	-0.78323729953539	0.113825771125399
h1SMcG0007766	-0.687167952810648	0.363126353042452
h1SMcG0007769	-0.749164776829398	0.646859529154955
h1SMcG0007770	-0.322257835138077	0.476724906600473
h1SMcG0007771	-1.75707662809613	0.189434662718639
h1SMcG0007774	2.6576128897213	0.00000000368955085238204
h1SMcG0007778	-1.58854839270895	0.0289349787401564
h1SMcG0007779	-0.167443054381082	0.661632712758744
h1SMcG0007782	-1.94284577153445	0.00000878043616669006
h1SMcG0007783	2.12083002976091	0.000000052075309967673
h1SMcG0007784	-3.11007405433471	0.0351034708893332
h1SMcG0007785	-4.37506136205069	0.00027916585717449
h1SMcG0007786	-1.55845427264149	0.0882680073494959
h1SMcG0007787	-2.8982926233757	0.00000000306690719044237
h1SMcG0007789	-1.19545840281638	0.248663874083891
h1SMcG0007791	0.617842449086041	0.239347264186518
h1SMcG0007793	-0.634805728216369	0.7096449742648
h1SMcG0007794	0.244385217984344	0.752097540947605
h1SMcG0007795	0.595034322370163	0.4172989596064
h1SMcG0007796	1.88791734550335	0.0275487644217334
h1SMcG0007797	-0.107989613570689	0.686543941209165
h1SMcG0007798	-1.79414115844036	0.0133469285104127
h1SMcG0007799	-0.493986589077312	0.164572303342029
h1SMcG0007802	-0.831750535727691	0.000364164833983536
h1SMcG0007806	0.339447002554831	0.787584210059104
h1SMcG0007807	-3.4466749164656	0.0063641228509329
h1SMcG0007809	-0.320522031867553	0.41776762074153
h1SMcG0007810	-0.132258162878357	0.646912579028255
h1SMcG0007811	-0.356666903868778	0.333867135040936
h1SMcG0007813	-1.58449118201953	0.0431655708710113
h1SMcG0007815	-0.287842536541058	0.3409078368194
h1SMcG0007817	-0.854631285194222	0.29441060128218
h1SMcG0007818	-1.85558435171223	0.202416711328207
h1SMcG0007819	-0.314506857217704	0.739920984166645
h1SMcG0007820	-0.666235097985883	0.0692564178823747
h1SMcG0007821	0.220831293028279	0.85338162471599
h1SMcG0007822	2.86508875364003	0.000000000000000000000000000000209144790259824
h1SMcG0007823	3.59412872891748	0.00000000000000000000000000000000000705699912297558
h1SMcG0007824	2.23302149671685	0.00162104023144029
h1SMcG0007825	0.874407557501819	0.475042807044154
h1SMcG0007826	-0.334398969546374	0.794821805891766
h1SMcG0007827	-0.391721808707368	0.283858847370956
h1SMcG0007829	-0.598265241674903	0.392038631104833
h1SMcG0007830	-0.308156508676726	0.533471727004521
h1SMcG0007831	-1.69527630821562	0.225019633626772
h1SMcG0007833	1.44766566460339	0.000199243813363382
h1SMcG0007834	8.25264085285693	0.000000000000000000000000000000000000000000000000000000000000000000000000000285716961209981
h1SMcG0007836	-0.683552421488076	0.0557998427854515
h1SMcG0007843	0.639072099004867	0.542988825364618
h1SMcG0007844	0.645139622142236	0.537903438983622
h1SMcG0007847	4.78970138705002	0.0000000000000000000000158768761125272
h1SMcG0007855	0.584948340605426	0.160022759875559
h1SMcG0007858	-0.193574322694671	0.918174524857828
h1SMcG0007863	0.1972164010159	0.656937593180356
h1SMcG0007864	-0.735049202722323	0.0508040132551007
h1SMcG0007866	-2.26856084105219	0.00235375429578475
h1SMcG0007867	-1.65763607651375	0.271404861878692
h1SMcG0007868	-2.70335198174749	0.0314537668081434
h1SMcG0007869	-3.01860045620858	0.0252456503555076
h1SMcG0007870	-1.35084696520831	0.000000188862124605154
h1SMcG0007872	-5.07237112888012	0.0000000013016821344133
h1SMcG0007873	-1.72428032873943	0.0219644833695678
h1SMcG0007874	-0.403991868592469	0.124839622413032
h1SMcG0007875	-2.34143046284116	0.00000000000000583915321976179
h1SMcG0007877	1.78100872231264	0.0755136669294931
h1SMcG0007878	-0.348553517587847	0.218749252769998
h1SMcG0007880	5.02226061335317	0.0000000000000000000462520862938293
h1SMcG0007881	-1.21842248158804	0.00870848451991879
h1SMcG0007883	1.46189859222117	0.000302093746499301
h1SMcG0007885	-2.32751212838605	0.0000000000000351082217743753
h1SMcG0007886	-0.314184866322238	0.504633092617679
h1SMcG0007890	-1.33002667970555	0.000494099777726276
h1SMcG0007892	6.09094942905442	0.0000000000000000000327161952373529
h1SMcG0007895	-1.41630945151532	0.175633301110025
h1SMcG0007897	-0.183876168867887	0.770182874106666
h1SMcG0007902	2.64981805066751	0.000692562337016148
h1SMcG0007903	3.95219199042774	0.0000000000000000000437876189564635
h1SMcG0007905	1.26203108984522	0.201853246149833
h1SMcG0007906	6.22674780401247	0.0000000000252681106288839
h1SMcG0007910	1.14803240710324	0.316737116197991
h1SMcG0007911	0.198220700498964	0.847702721198501
h1SMcG0007913	1.77167656886172	0.0378660423187705
h1SMcG0007916	-1.15784007391278	0.00429740274091522
h1SMcG0007917	3.05162518788046	0.00000000000000394093056268183
h1SMcG0007918	0.582136403208649	0.100377652294026
h1SMcG0007920	-1.13955153729351	0.00235084826193959
h1SMcG0007921	2.91808571405849	0.00000000000000000000434088771055281
h1SMcG0007923	0.514187017725924	0.145286230631988
h1SMcG0007924	-0.915983457174926	0.37143098746593
h1SMcG0007926	-0.506258479305323	0.648525125811351
h1SMcG0007928	-1.62742134801302	0.0503257156364408
h1SMcG0007931	0.63130024529048	0.541518922927707
h1SMcG0007932	1.41483085369704	0.0000000000014570023550192
h1SMcG0007933	0.729328778554469	0.00616608341435214
h1SMcG0007934	-0.478219791977334	0.749128918859145
h1SMcG0007937	-2.17896574297324	0.164405770332097
h1SMcG0007938	-1.31426370509379	0.000000000186789098376335
h1SMcG0007941	4.18784630391185	0.000000000000000000000000000000000015431884269341
h1SMcG0007942	-0.400029894962973	0.65692644749061
h1SMcG0007943	-0.76401932425003	0.487568371770486
h1SMcG0007946	-1.58358767005825	0.0475512555616682
h1SMcG0007947	-0.705659084306278	0.168560988187019
h1SMcG0007948	7.73592368230663	0.000000000000645705510610454
h1SMcG0007949	0.508901665377305	0.583973428133006
h1SMcG0007953	0.468555888866324	0.0202593449250763
h1SMcG0007954	-2.42130005724501	0.109746099909184
h1SMcG0007955	-0.711246718287903	0.309574072249143
h1SMcG0007957	-1.06737059993495	0.818416569889914
h1SMcG0007958	0.645361881043324	0.0869580218069001
h1SMcG0007960	-0.194205674307161	0.712906653330922
h1SMcG0007961	-0.720132337647413	0.168658026431799
h1SMcG0007962	-1.61601230516208	0.252715917999811
h1SMcG0007968	3.71348538512514	0.000000000000887860479405124
h1SMcG0007969	-0.455731556243072	0.730197747415979
h1SMcG0007970	0.727893997045482	0.227399683438345
h1SMcG0007973	-0.369875565518507	0.67363681737337
h1SMcG0007974	6.0815678460576	0.00000000000000000000000000000000000627389401656513
h1SMcG0007982	2.56589345267981	0.0000000000000000000451838444559961
h1SMcG0007983	-1.44458815701095	0.296070725675008
h1SMcG0007985	-0.810710525037027	0.0341752211640464
h1SMcG0007986	3.05177868967678	0.0000000000174372562464081
h1SMcG0007987	0.801595700999911	0.0862511469232835
h1SMcG0007990	0.4138305277975	0.447650740114827
h1SMcG0007991	0.537285065474076	0.403831973627895
h1SMcG0007993	-0.887469927795808	0.0903135549767669
h1SMcG0007994	0.403147335053616	0.533549060769811
h1SMcG0007995	-1.09419791489862	0.0782481335537051
h1SMcG0007996	-1.78192221771856	0.00240233755907566
h1SMcG0007997	-0.299204286212447	0.63861853146585
h1SMcG0007999	1.4339269625077	0.0108176283248313
h1SMcG0008000	-0.156692763936836	0.86983938258226
h1SMcG0008001	0.217315019501522	0.82932280068644
h1SMcG0008003	0.440799571690059	0.430055763206181
h1SMcG0008008	-0.624536264236462	0.385581280691817
h1SMcG0008011	0.352895586753213	0.556876771429696
h1SMcG0008012	-1.19006270480692	0.0510671171449619
h1SMcG0008013	0.780766944079307	0.000137346111702817
h1SMcG0008014	0.963678267296667	0.370219236143175
h1SMcG0008015	0.0950713872090823	0.913923733807678
h1SMcG0008018	0.0983507354853024	0.851315722984666
h1SMcG0008019	-0.0739526383752244	0.897921616504404
h1SMcG0008020	-0.680102863765768	0.55339446319641
h1SMcG0008021	0.487419362137404	0.712927000338626
h1SMcG0008025	-3.04370255369525	0.00435829798562777
h1SMcG0008026	-0.123194133150594	0.885468780568522
h1SMcG0008028	2.45462552262309	0.000000000000000917882807485385
h1SMcG0008031	0.43226476829858	0.307422062504062
h1SMcG0008032	-1.63582195701462	0.164375040909977
h1SMcG0008033	-1.33623967048986	0.000256918428010501
h1SMcG0008034	-0.843995722513412	0.0122314905319927
h1SMcG0008035	-4.35727390300212	0.000000000000000000000000000000000000000000000000000000000000000000000000000000000000000000000000573014491456579
h1SMcG0008036	-2.74848943608382	0.0000000000000000000000000000000228055703727742
h1SMcG0008037	-0.105157483693485	0.897167666222933
h1SMcG0008038	6.12883059808147	0.0000000000000000000042997657417048
h1SMcG0008039	5.80468696387293	0.00000000000000000000000000000000000817554029827506
h1SMcG0008042	-1.6287150935997	0.000021515774609741
h1SMcG0008043	-2.51120915015962	0.0882708581392529
h1SMcG0008044	2.10417377825665	0.000000000000011046626910935
h1SMcG0008052	0.107170767164456	0.925364677214092
h1SMcG0008055	-0.0923528276130564	0.803859836071287
h1SMcG0008056	-0.9191240320402	0.413779650262434
h1SMcG0008058	1.1504067203588	0.360133446496474
h1SMcG0008060	2.98213251588229	0.00193781718364238
h1SMcG0008062	0.0150857907767966	0.981534057856756
h1SMcG0008063	0.115586384801518	0.761637850269899
h1SMcG0008064	-1.96441676809907	0.118522605542119
h1SMcG0008067	-1.83323160163436	0.148315025676215
h1SMcG0008068	-2.18717548492771	0.172764681162277
h1SMcG0008069	-1.32661384580905	0.0307777013761058
h1SMcG0008070	-1.95512409658998	0.0000630213957093489
h1SMcG0008071	-1.65069314341433	0.0000000463612020732803
h1SMcG0008073	-2.01442462704729	0.000000000000000417771970319184
h1SMcG0008074	-2.13686534871935	0.000000000000000922416490961238
h1SMcG0008076	0.794697807444515	0.0172474955873673
h1SMcG0008077	-1.83938467267982	0.00116790535227516
h1SMcG0008078	-1.15404116359632	0.217657199429062
h1SMcG0008079	-0.444672963879732	0.725365084216739
h1SMcG0008080	-1.54715707313443	0.282986274791326
h1SMcG0008082	-0.368082192361891	0.408151637478964
h1SMcG0008083	0.570845188894496	0.107616482596123
h1SMcG0008085	0.151185274682584	0.811528684283131
h1SMcG0008086	-1.64460622690973	0.0555655377481232
h1SMcG0008087	1.09097127535144	0.362022054321617
h1SMcG0008089	-1.47304661835492	0.00813305717307439
h1SMcG0008091	0.391115934931694	0.0736433296279347
h1SMcG0008092	3.78764039610271	0.00000117568989816074
h1SMcG0008093	1.06465509318667	0.006707549911199
h1SMcG0008094	5.08942538605104	0.000000000000000000906276946159916
h1SMcG0008097	-1.25349397673924	0.0387346504002482
h1SMcG0008098	-1.39570791040389	0.391473698207331
h1SMcG0008099	-1.62745377825115	0.297003938434189
h1SMcG0008100	-3.18938453244459	0.433715038071943
h1SMcG0008101	1.86534997597834	0.100814273868389
h1SMcG0008104	-0.166182595530291	0.833361026640492
h1SMcG0008106	3.18354862285607	0.000000000000000000137201549834168
h1SMcG0008107	-1.12296416529497	0.0804869368848152
h1SMcG0008108	1.17512172011443	0.000672502652876141
h1SMcG0008110	-1.24769829648654	0.3351040316077
h1SMcG0008112	-2.08210125609284	0.199581480723083
h1SMcG0008113	-2.47544700370855	0.0000113066924157191
h1SMcG0008114	-1.59814498418325	0.0606609106998455
h1SMcG0008118	1.20212884121983	0.000000702693071249632
h1SMcG0008119	-0.475114459310087	0.46694800321873
h1SMcG0008120	1.58595388727336	0.000875793503631256
h1SMcG0008121	-0.999393780117171	0.00837043694794883
h1SMcG0008122	-1.67987748750191	0.0122204794415599
h1SMcG0008123	0.315730070227936	0.676260059182908
h1SMcG0008124	1.65853470484129	0.314049978482293
h1SMcG0008125	-0.604857557603027	0.111661876051236
h1SMcG0008129	4.25579175117761	0.0000000000000000000112290608950628
h1SMcG0008132	-0.99685948132283	0.0882193810620128
h1SMcG0008133	2.10987027230417	0.0377934078273181
h1SMcG0008134	-5.48532928737154	0.00000000083700957923239
h1SMcG0008135	-1.62751539404373	0.000000000589591485885016
h1SMcG0008138	0.355718971520636	0.824582324539969
h1SMcG0008140	2.5503792695078	0.00318697419153092
h1SMcG0008142	-0.416380911518983	0.680512892632351
h1SMcG0008145	-1.33811609308585	0.0000227156854318555
h1SMcG0008146	-0.325014595181458	0.390844285122377
h1SMcG0008150	-0.969592293050338	0.000264562991004585
h1SMcG0008151	0.402600587452732	0.178671532388938
h1SMcG0008152	-0.654702968607585	0.0967334193410482
h1SMcG0008155	0.507765512836226	0.231469900459443
h1SMcG0008157	-0.609205320578879	0.10068336915637
h1SMcG0008159	0.641927149388194	0.549924802505484
h1SMcG0008161	-1.0062710309917	0.0165909508443601
h1SMcG0008163	0.910446196753651	0.0239135748587727
h1SMcG0008167	2.57534514933741	0.000000000000000000000000000543309971785504
h1SMcG0008168	1.93074044845181	0.000298655825105141
h1SMcG0008169	-1.04378903948391	0.00000425680954021448
h1SMcG0008171	-0.679475736039717	0.632220017006607
h1SMcG0008173	2.37700194062784	0.00000000125557130628407
h1SMcG0008177	0.195261234936389	0.750068522483499
h1SMcG0008178	-0.639248989616522	0.0559156751462259
h1SMcG0008179	-4.20988911425283	0.0000378155526806666
h1SMcG0008180	-0.211652014017735	0.483540576290635
h1SMcG0008181	-1.86640887134095	0.00438053175049556
h1SMcG0008182	-0.65840649443908	0.162702646610097
h1SMcG0008183	-0.0727620976494249	0.903782507651507
h1SMcG0008184	0.15759218215314	0.654418278589254
h1SMcG0008185	2.95936806378234	0.000000000000017247585155113
h1SMcG0008186	-2.41201291291787	0.00000000000000000000847414075022553
h1SMcG0008188	1.1912796041593	0.0660719622910566
h1SMcG0008190	-0.40046942753199	0.30615780254522
h1SMcG0008191	-0.158081187866618	0.901150586611172
h1SMcG0008192	0.597356212360212	0.10365999174673
h1SMcG0008194	-3.14596090853041	0.00325537056468457
h1SMcG0008196	0.0462635062781172	0.957525794694593
h1SMcG0008197	-0.0194953761471124	0.991755530938718
h1SMcG0008198	0.330375130682397	0.31051066345761
h1SMcG0008200	-0.374048431669669	0.323662857479689
h1SMcG0008202	-0.253607470278966	0.861608701837229
h1SMcG0008204	-0.313064253823721	0.391767816100565
h1SMcG0008205	2.61784828081637	0.00000000000000000000000000000000000435409143050148
h1SMcG0008206	-1.62304570250882	0.000000674977327371098
h1SMcG0008209	-0.414797303917318	0.349606954063469
h1SMcG0008211	0.209663426672241	0.721916293670504
h1SMcG0008212	0.276419953336498	0.761305314449966
h1SMcG0008216	-1.03179564390042	0.0364112691282366
h1SMcG0008217	-0.471502186012333	0.699694503496487
h1SMcG0008220	-0.23424018001196	0.669300413778779
h1SMcG0008221	-1.06071676624282	0.0177030943319873
h1SMcG0008223	-0.753076762095399	0.0435602691613187
h1SMcG0008228	0.701682225036739	0.50841884506031
h1SMcG0008229	0.376027422281358	0.257147550700169
h1SMcG0008230	0.813883452454261	0.292675979013976
h1SMcG0008232	-1.07027780640834	0.255634479286537
h1SMcG0008233	-2.42790313013317	0.0000685687955055409
h1SMcG0008234	0.489548941633905	0.628376795638741
h1SMcG0008235	1.76578243078827	0.0618273119693709
h1SMcG0008236	0.527768286566707	0.687865748946182
h1SMcG0008237	1.14450560655984	0.531055065637131
h1SMcG0008238	-0.0242669073804102	0.982661212986531
h1SMcG0008239	0.644698590918601	0.0784685602086589
h1SMcG0008241	-0.358821944029085	0.684467753404879
h1SMcG0008243	1.72128143675137	0.0315077914935478
h1SMcG0008244	1.70727554435822	0.0000279532242500185
h1SMcG0008246	-0.7561429870305	0.000299334105473222
h1SMcG0008251	-1.29581823587723	0.310105113438769
h1SMcG0008254	-0.931107967262061	0.0205402410852474
h1SMcG0008255	-0.0733338720875658	0.950054078541386
h1SMcG0008257	-3.36118600068058	0.000440048545067548
h1SMcG0008258	0.0864794883377845	0.894544837521392
h1SMcG0008260	-0.76430248055245	0.0240534576994956
h1SMcG0008261	-2.52823976012051	0.00578035447583062
h1SMcG0008262	-3.56603563438139	0.00437631846319038
h1SMcG0008263	-1.90909817684075	0.000144725737642996
h1SMcG0008264	-1.34452775557881	0.00000743209899496366
h1SMcG0008265	-0.413344151252381	0.801517136464245
h1SMcG0008266	-0.572292442604945	0.0513165191966153
h1SMcG0008267	-4.03932883378025	0.000582938368645676
h1SMcG0008268	-1.78002387489639	0.291731916162859
h1SMcG0008269	0.624423817671664	0.641934434858369
h1SMcG0008271	-0.697493986772751	0.555770363243799
h1SMcG0008274	-1.03788346298686	0.00000731772175889919
h1SMcG0008276	-0.038520957053538	0.969623125236526
h1SMcG0008277	-0.561697558508018	0.364497111890091
h1SMcG0008281	0.318090181229595	0.625162152626827
h1SMcG0008283	0.343004674027062	0.365962819719875
h1SMcG0008285	-1.79546282446042	0.231021464735642
h1SMcG0008286	-0.67866904457478	0.554494547518713
h1SMcG0008288	-1.9108022694155	0.0000117640153977305
h1SMcG0008290	-0.123268415357971	0.92795397509414
h1SMcG0008292	0.306692119944759	0.379003882143671
h1SMcG0008293	1.40502267707071	0.000000000105384934823994
h1SMcG0008294	-0.247249772703683	0.738265418012133
h1SMcG0008298	-1.73949777294065	0.0442845526551836
h1SMcG0008299	-0.189949558725057	0.620685469595868
h1SMcG0008300	0.221049977801123	0.591027168285597
h1SMcG0008303	0.0131036798366342	0.991755530938718
h1SMcG0008304	-0.418873100775128	0.257501734441215
h1SMcG0008307	-0.0826179302080696	0.958355249968382
h1SMcG0008309	2.50932305746396	0.00000000000000604750725982357
h1SMcG0008310	-0.771441944766208	0.00225840620419713
h1SMcG0008311	0.161626265822992	0.70194174858276
h1SMcG0008317	2.25094822699325	0.000000000216230752747696
h1SMcG0008318	-0.636337781142972	0.0247671258943095
h1SMcG0008319	0.605634430119071	0.0247283755433008
h1SMcG0008320	0.558313265413114	0.427935186252852
h1SMcG0008322	-0.57787731140473	0.586542638383164
h1SMcG0008325	-1.26380234386655	0.16312931044889
h1SMcG0008326	-0.482309975541472	0.410261674422904
h1SMcG0008330	3.23673024373707	0.000797816702969079
h1SMcG0008331	0.829139833280172	0.275634612912874
h1SMcG0008338	2.95236085099196	0.00000000000000000000000000000000000000000271312550053045
h1SMcG0008339	-1.01552128225965	0.278148436461757
h1SMcG0008340	0.0133975258453698	0.975564830646968
h1SMcG0008341	2.41194848249612	0.00121206939930684
h1SMcG0008342	0.345255470589403	0.806038353013835
h1SMcG0008343	1.72772363082827	0.111392221137785
h1SMcG0008344	0.684182049140828	0.66409713695852
h1SMcG0008345	-0.0505642774708281	0.86084522034244
h1SMcG0008347	0.564347953856424	0.461937670070665
h1SMcG0008350	-0.675600544093773	0.0393416551768686
h1SMcG0008353	2.73353005108106	0.0156708692273783
h1SMcG0008354	-0.375269162959966	0.629038854813448
h1SMcG0008355	-0.0855584658196031	0.821374583755728
h1SMcG0008356	0.783255603553178	0.4091183383735
h1SMcG0008358	-1.06066560792373	0.0323199561456187
h1SMcG0008359	5.27849413860877	0.00000000000000000000000000000000000000000000014859897647426
h1SMcG0008360	-0.240179910857989	0.618881229278803
h1SMcG0008361	-0.718253530774564	0.0165538656125223
h1SMcG0008362	0.45562613097321	0.758532355513491
h1SMcG0008363	0.466137960324195	0.052277241208122
h1SMcG0008364	-1.57133897133981	0.0348555177269091
h1SMcG0008365	-0.922207591419706	0.503770763124945
h1SMcG0008366	-1.6260957302816	0.00121931345856272
h1SMcG0008369	-1.48487014416038	0.00213873076336012
h1SMcG0008370	-1.42037185347603	0.00000122355578501067
h1SMcG0008371	0.694131761610089	0.15642511302344
h1SMcG0008372	-2.7472126722089	0.000000000269229304397701
h1SMcG0008373	-0.0308190828530828	0.968995664397632
h1SMcG0008374	-0.144030901473801	0.804326776942236
h1SMcG0008378	-1.45753761783057	0.0944584115294293
h1SMcG0008379	1.32841027681362	0.000000232835074954715
h1SMcG0008380	4.60792061917049	0.0000000000000000000000973218020067082
h1SMcG0008382	-0.911311475276487	0.000938768587071044
h1SMcG0008384	0.152636965286182	0.747269401091134
h1SMcG0008385	1.86740687357063	0.00048433471044592
h1SMcG0008386	3.35130933837096	0.000000000649861607027784
h1SMcG0008387	-0.571560468923408	0.57209139835043
h1SMcG0008388	-2.36979267203249	0.000542244959039962
h1SMcG0008389	-1.01049003171806	0.0212785696575295
h1SMcG0008391	2.8890054663372	0.00000000000000000069063135252483
h1SMcG0008395	0.123408138476534	0.920975132252978
h1SMcG0008397	0.244114911803781	0.408746592484639
h1SMcG0008399	2.06176944386591	0.000178816861923136
h1SMcG0008400	-0.204407463384591	0.534542192710618
h1SMcG0008403	-0.287750162529259	0.829209446476192
h1SMcG0008404	-1.31073989318533	0.414107976546928
h1SMcG0008405	0.967461758810598	0.00322230103801444
h1SMcG0008406	-0.497813472555165	0.755628273376194
h1SMcG0008408	0.0452011513520188	0.914882729178263
h1SMcG0008409	0.670348245207088	0.165392135025591
h1SMcG0008410	-1.01323682598143	0.203294662156561
h1SMcG0008411	1.17742814012325	0.30504903313965
h1SMcG0008413	-2.35505378187047	0.0000000000000182872627999573
h1SMcG0008414	1.76281518374568	0.0391358568923664
h1SMcG0008415	1.84567502658486	0.0661470408984875
h1SMcG0008416	0.429208948837275	0.188982230331328
h1SMcG0008417	3.05753028376487	0.000000000972180066537553
h1SMcG0008418	0.160701092991903	0.661876695329275
h1SMcG0008419	-1.26959350181138	0.452537296669255
h1SMcG0008420	-0.323695235570995	0.579261341993879
h1SMcG0008424	-1.85093160015987	0.0000429142703081787
h1SMcG0008425	-1.0138033924333	0.153574611541709
h1SMcG0008426	-0.117667872256877	0.898715399786873
h1SMcG0008427	1.68205525398122	0.00608670441177345
h1SMcG0008428	0.803716286468737	0.457393055324299
h1SMcG0008431	-1.7269240241981	0.188995659233624
h1SMcG0008434	1.05859638411359	0.382849595537468
h1SMcG0008437	2.25646715273541	0.0000000000000417448212555391
h1SMcG0008440	-0.847627845351631	0.150584008728442
h1SMcG0008441	-2.11125624921196	0.00130107369932203
h1SMcG0008446	-0.495198733753321	0.436187288560526
h1SMcG0008449	2.02507009176634	0.0000000228691457408266
h1SMcG0008450	-4.26950499312031	0.000194842559166509
h1SMcG0008451	-0.266973753992417	0.502351711204756
h1SMcG0008452	5.52294314452318	0.00000773193913598959
h1SMcG0008454	-1.96574354730706	0.00209478792620162
h1SMcG0008455	0.874680525515927	0.405092661736998
h1SMcG0008456	-2.52716243233176	0.0524923896485558
h1SMcG0008458	-2.19839863341242	0.112748990177498
h1SMcG0008461	-2.63889428455587	0.0000161573059816589
h1SMcG0008462	-0.153814614822853	0.746566199961045
h1SMcG0008463	-0.49859764156669	0.435186875312214
h1SMcG0008465	-1.57752969608599	0.000853565773281844
h1SMcG0008467	-1.59778180378536	0.332478936584763
h1SMcG0008468	-4.08611888152213	0.000000620523847578038
h1SMcG0008469	-1.95152398058777	0.00000228311939809613
h1SMcG0008470	0.582571977694425	0.0614564337541129
h1SMcG0008471	4.05448523837277	0.00000000908714242427008
h1SMcG0008474	0.217960069780641	0.702128654667333
h1SMcG0008476	-0.753174239215373	0.210561322983884
h1SMcG0008479	-0.0747618545925877	0.93680569729889
h1SMcG0008480	0.481394497095506	0.334981187210199
h1SMcG0008481	5.03649577529885	0.0000200021806171396
h1SMcG0008487	2.03333865158721	0.00242112996148668
h1SMcG0008489	0.781286548887517	0.0219933134844289
h1SMcG0008490	3.01454847384874	0.00000132648849326859
h1SMcG0008491	0.556422166175313	0.76397726760728
h1SMcG0008492	1.81667097097724	0.000152218397626432
h1SMcG0008493	-0.86719742681368	0.00670246362863045
h1SMcG0008495	-1.28311859607784	0.195420772359009
h1SMcG0008497	2.21973974184412	0.00000000000000000000135844448515847
h1SMcG0008498	-1.2239288935144	0.268238346219041
h1SMcG0008499	-1.37415488769252	0.404084662882484
h1SMcG0008500	-0.711041996329918	0.311878422412142
h1SMcG0008503	-0.0340362542116214	0.913270337066228
h1SMcG0008504	0.0738026391791881	0.924084070320287
h1SMcG0008506	-2.49470775128517	0.00505494688693961
h1SMcG0008507	1.14019449029933	0.0132808929123909
h1SMcG0008509	-2.35554912959448	0.0330973474049162
h1SMcG0008510	-1.50700564291465	0.0593664833277958
h1SMcG0008511	-2.42675741903053	0.00287865844488482
h1SMcG0008512	-0.070262274247347	0.951424203163548
h1SMcG0008514	0.58315485406815	0.390844285122377
h1SMcG0008516	-2.11427681416892	0.00969581813929908
h1SMcG0008517	0.330853013065336	0.33750253022252
h1SMcG0008519	2.75896170672799	0.0000562264702082025
h1SMcG0008521	-0.383079328311025	0.808461451821875
h1SMcG0008523	-2.67999778179839	0.00813627116082548
h1SMcG0008525	-1.49860810210244	0.00000000000011268244460545
h1SMcG0008526	-0.460645854594162	0.436608552173911
h1SMcG0008527	-3.78342448771746	0.000000000000000131189441327179
h1SMcG0008529	-1.98277721778483	0.000207156109910095
h1SMcG0008531	-0.776946169421169	0.00508817503042017
h1SMcG0008532	-2.3920930833328	0.0292801678965051
h1SMcG0008534	0.19169627153215	0.753792998571555
h1SMcG0008535	-0.986632783249638	0.0206494201465291
h1SMcG0008538	0.719650565251945	0.40915268063911
h1SMcG0008539	-2.05640115901869	0.0000000000815204985841163
h1SMcG0008542	-0.79317092159104	0.203176311376166
h1SMcG0008543	1.39508383315982	0.102844978882846
h1SMcG0008544	1.12442476943108	0.0216989995356089
h1SMcG0008545	-2.0583120630867	0.107448831012006
h1SMcG0008546	-0.713207821011024	0.113467650390652
h1SMcG0008548	-1.01809380220936	0.34618084488907
h1SMcG0008550	-2.1985286918344	0.166156551779692
h1SMcG0008551	-1.84244237771105	0.00294472759826478
h1SMcG0008552	-2.74053461970493	0.0387371745168296
h1SMcG0008553	-0.54377570713969	0.466586976808161
h1SMcG0008554	4.36133549813471	0.000000000930577344208061
h1SMcG0008555	5.13674833473153	0.0000000000000016176892379782
h1SMcG0008556	4.95652103417433	0.00000326965418170062
h1SMcG0008559	-1.59394378507007	0.011396460521827
h1SMcG0008560	0.0584115637218303	0.891986050615194
h1SMcG0008563	-2.46431038558613	0.000000611257816855317
h1SMcG0008564	-0.549625807734941	0.678171259170339
h1SMcG0008565	-2.69921513540539	0.000118143592220658
h1SMcG0008568	-1.12953493938792	0.287502840081116
h1SMcG0008569	-0.625561928068107	0.716753406264816
h1SMcG0008572	-1.28813135359838	0.0100432635179114
h1SMcG0008575	-0.683970330005759	0.467466384983365
h1SMcG0008576	-0.172880218185976	0.678032372999036
h1SMcG0008577	-0.787497031752625	0.0331993013071344
h1SMcG0008578	4.87725288552228	0.000000000000000000000000000000000000224412758359154
h1SMcG0008581	-0.850981631519562	0.254031986147737
h1SMcG0008582	3.73329731207556	0.000000000140281486302654
h1SMcG0008584	-1.07813193489279	0.00291889999387964
h1SMcG0008590	-0.0457837947258615	0.95343669778008
h1SMcG0008591	0.139708470299764	0.901124802279719
h1SMcG0008594	1.61817713051807	0.00000220350764437222
h1SMcG0008596	0.539327970860955	0.0625012749360236
h1SMcG0008597	2.05674632078905	0.0000000000000000000000000000313405390495284
h1SMcG0008598	2.68765285649086	0.000000000000208445601628
h1SMcG0008599	-0.818263185582963	0.211367523113601
h1SMcG0008600	1.35853158100181	0.212194289554174
h1SMcG0008601	1.94266898990106	0.000104591758564994
h1SMcG0008602	-3.13239681515799	0.000166850289116537
h1SMcG0008604	1.60722458076475	0.000000000314331022162043
h1SMcG0008605	1.99950250034821	0.0000612382846000998
h1SMcG0008606	0.590961362165281	0.471315165746951
h1SMcG0008607	-4.56987156207129	0.000000000000121576613509147
h1SMcG0008610	0.148094447860404	0.861851498273425
h1SMcG0008611	-4.57483611314699	0.000000832720281104264
h1SMcG0008618	0.233959333048099	0.781208500098213
h1SMcG0008619	0.0980716518083238	0.918234938316457
h1SMcG0008620	0.4231337335628	0.122083859179662
h1SMcG0008621	-1.42162686154441	0.152839314066385
h1SMcG0008622	-1.45308123640777	0.00426561781719657
h1SMcG0008623	-1.71595783682499	0.0234668561718985
h1SMcG0008624	-0.258477375756896	0.542115894196757
h1SMcG0008625	-0.501274328425589	0.724751838366007
h1SMcG0008627	-0.193094794339164	0.50514642623664
h1SMcG0008628	-1.26993027967556	0.00438889818541966
h1SMcG0008629	-0.862002287240019	0.0218140998846011
h1SMcG0008630	-0.979831010253438	0.00342283641079831
h1SMcG0008631	2.4052413703108	0.0000000000000000592632213324032
h1SMcG0008632	0.94589298061074	0.0323418494076213
h1SMcG0008633	-0.0406230296792469	0.913995116366174
h1SMcG0008635	2.08532037647311	0.000000253227716535797
h1SMcG0008636	-0.262724238893775	0.686942626948506
h1SMcG0008637	-0.0120980902075404	0.989743412501273
h1SMcG0008641	0.551372238478598	0.537701952124159
h1SMcG0008643	-0.400489124524015	0.26096761315187
h1SMcG0008645	0.257348310034559	0.829510625206774
h1SMcG0008649	1.52152208835134	0.000000389947893731711
h1SMcG0008650	0.908730538333024	0.00983135999962535
h1SMcG0008651	4.80543140200821	0.000000000000000000000000000000000000000033913173980823
h1SMcG0008652	-1.23649074115607	0.000211282720178296
h1SMcG0008654	-1.28834144359869	0.081064315449681
h1SMcG0008655	0.815475709143564	0.0157332758324002
h1SMcG0008656	1.09818589495648	0.00695066103648438
h1SMcG0008657	-0.709188255325289	0.208420175781405
h1SMcG0008661	-0.69312101230798	0.209743871496253
h1SMcG0008662	-0.843956946303497	0.587914922762336
h1SMcG0008665	3.26507927909078	0.00000000113998229600273
h1SMcG0008666	-0.220329429716678	0.88381964802789
h1SMcG0008668	-1.62640422781137	0.0000000000451528137926274
h1SMcG0008669	0.514417052719254	0.415068771601661
h1SMcG0008670	0.115034461986198	0.943594817127365
h1SMcG0008673	-2.27898154962489	0.0184129918418987
h1SMcG0008678	-0.0583974957957139	0.952004207345112
h1SMcG0008680	-1.99674645489805	0.000000231427317270795
h1SMcG0008682	-2.38977032034417	0.00000815705357752487
h1SMcG0008684	2.63528167092396	0.015533519465328
h1SMcG0008691	-0.592869486569592	0.00555038881640804
h1SMcG0008692	0.577985516482094	0.0409786829367743
h1SMcG0008694	-1.3274609166384	0.0000000000000157771624019669
h1SMcG0008697	-3.13293221845909	0.0370038790150501
h1SMcG0008706	3.12026983885166	0.000000000078526103048342
h1SMcG0008707	-2.27144837069344	0.00108157533683086
h1SMcG0008708	0.251940315944071	0.733582859023421
h1SMcG0008711	-0.486900938203161	0.489466179486142
h1SMcG0008713	-2.12051993688188	0.000000816950795639483
h1SMcG0008715	-1.79695428733373	0.248663874083891
h1SMcG0008716	-0.748545438540627	0.195800680698224
h1SMcG0008717	-0.467604383782866	0.788170295730005
h1SMcG0008718	0.27390805860239	0.851717577420564
h1SMcG0008720	-0.945980832814777	0.00840537365670686
h1SMcG0008722	-0.304538719744054	0.266674354049731
h1SMcG0008724	-1.58596817935622	0.0202116517827198
h1SMcG0008725	-3.39761123951839	0.0173566892396097
h1SMcG0008729	-0.0151374974829824	0.988598036881884
h1SMcG0008733	0.0090507555594751	0.995209956285747
h1SMcG0008734	1.20605857804547	0.367226424588935
h1SMcG0008735	1.23359215882181	0.017638109602188
h1SMcG0008740	-1.20003660279793	0.0216991165680771
h1SMcG0008742	3.54166883818288	0.000000000102492974939066
h1SMcG0008745	-3.84292942826625	0.000318464687787027
h1SMcG0008747	-0.224390354351322	0.788922973977352
h1SMcG0008749	-0.465485692370847	0.614484259637813
h1SMcG0008750	-0.85091603319081	0.257147550700169
h1SMcG0008751	-4.54406857477339	0.000000197880690905583
h1SMcG0008753	-3.3441679969423	0.000000895332590730076
h1SMcG0008755	-0.143815314058063	0.804326776942236
h1SMcG0008757	-1.76425618208248	0.00000000980400525690798
h1SMcG0008759	-0.644913165577437	0.663025659559666
h1SMcG0008761	-0.437350093581566	0.220595183866424
h1SMcG0008762	3.87122755389434	0.0000333526033283519
h1SMcG0008763	3.0924748747959	0.00000000805695796579688
h1SMcG0008764	-0.831420795418914	0.33080290333657
h1SMcG0008766	-0.524057017743489	0.252375151253025
h1SMcG0008779	-0.286328627922571	0.782781993256531
h1SMcG0008780	2.97808211231939	0.0000000000000019815078053317
h1SMcG0008781	2.34903915755544	0.000000225882169094635
h1SMcG0008782	2.63133531439585	0.0000001026125164868
h1SMcG0008783	-0.141413889962313	0.827209306497597
h1SMcG0008784	3.89968703977144	0.000000000000000000000000000000000000000000000000568493376413396
h1SMcG0008785	5.77211301889514	0.00000000000000000000000000000641616466518433
h1SMcG0008786	0.792642050038108	0.0631914703005149
h1SMcG0008787	3.06413704181769	0.00000000000000000000000000000000120028812699284
h1SMcG0008788	2.40041375022817	0.00000000000000000000000127157380133863
h1SMcG0008790	-1.01545620251842	0.157625533059019
h1SMcG0008791	-1.45431359738363	0.382314334377457
h1SMcG0008792	0.267936339941926	0.623386598951905
h1SMcG0008794	0.740132917254575	0.00183085460957648
h1SMcG0008795	2.73381742389086	0.0105290665366618
h1SMcG0008802	-1.07762911139451	0.105965555989306
h1SMcG0008803	1.29041098842167	0.0186093417195893
h1SMcG0008810	0.479294180003747	0.711298571064479
h1SMcG0008811	-0.735705595978969	0.498259307147377
h1SMcG0008812	-4.00342508655783	0.000701817287034272
h1SMcG0008819	-0.510185180811557	0.719930599065608
h1SMcG0008822	0.2304794785796	0.627716179455578
h1SMcG0008824	1.91734137975312	0.000000000124962469208257
h1SMcG0008828	1.04982358653314	0.00127894125509198
h1SMcG0008829	0.356696199643901	0.354544961528918
h1SMcG0008831	-3.11269106979946	0.00990230489574646
h1SMcG0008832	-0.520797752072783	0.641081346543083
h1SMcG0008833	3.9405273652094	0.00000000000433009093788398
h1SMcG0008834	-2.16930339147224	0.000000000000000000000332992261700542
h1SMcG0008837	-0.625137070252054	0.0477050558323801
h1SMcG0008840	0.369472675849235	0.0855700745529159
h1SMcG0008844	-0.12540616927736	0.875352946481751
h1SMcG0008845	3.58824319509167	0.00152307102259539
h1SMcG0008849	0.18986111570456	0.741383710024705
h1SMcG0008850	0.320028896285925	0.568433311878929
h1SMcG0008851	-0.626688962664862	0.366627812848083
h1SMcG0008852	1.09714274783175	0.0760632386146793
h1SMcG0008854	-0.227263053318982	0.888292213194975
h1SMcG0008855	-1.33017605235149	0.110316689650512
h1SMcG0008856	0.794356589134428	0.230921888654941
h1SMcG0008861	0.293785198419845	0.545285161540466
h1SMcG0008863	-1.17650386038659	0.15200057897123
h1SMcG0008865	-1.25608674023416	0.008278731177624
h1SMcG0008866	-0.0257314724786974	0.987526975146203
h1SMcG0008868	-1.85161695068326	0.00451942824394909
h1SMcG0008873	-1.12078616969531	0.332788217998762
h1SMcG0008876	0.77767703302011	0.559262295792653
h1SMcG0008877	0.0832748710580234	0.967503711160703
h1SMcG0008878	2.01064702564742	0.0132066749416804
h1SMcG0008880	0.977831006146525	0.00386723639322475
h1SMcG0008881	1.18419034567	0.0002319773507096
h1SMcG0008882	-0.806689890762968	0.482073951175324
h1SMcG0008883	1.27191691297048	0.000000302942084157079
h1SMcG0008885	-2.82474215434141	0.0426153482251155
h1SMcG0008886	-0.652857401076723	0.356553033741551
h1SMcG0008887	0.909482341320853	0.0148439420652562
h1SMcG0008889	-1.47744794415316	0.340130669109733
h1SMcG0008890	1.44535244985056	0.00000605859577477142
h1SMcG0008891	-1.49637815689773	0.00000182302878394013
h1SMcG0008893	0.936234020393595	0.0000677865061310908
h1SMcG0008896	-2.52859657984485	0.0000389179300255978
h1SMcG0008899	-0.385578749657264	0.59501312125761
h1SMcG0008901	-0.181958134677674	0.71796637594377
h1SMcG0008903	-0.0239431687672692	0.955140136468938
h1SMcG0008904	-0.727001623531279	0.312692893194099
h1SMcG0008907	-1.7453059877249	0.0351024522218435
h1SMcG0008934	-4.18662258442651	0.000110226050102671
h1SMcG0008935	-1.02844849901887	0.218989163135261
h1SMcG0008936	-2.63563761610181	0.0206031450323257
h1SMcG0008938	-5.05101594816823	0.00000272883366926363
h1SMcG0008940	-1.32228600438776	0.157686382761737
h1SMcG0008943	-4.24592273471149	0.000542899806428551
h1SMcG0008944	4.8579134730663	0.0000000000534132794239896
h1SMcG0008945	2.5901718344189	0.00630348185119781
h1SMcG0008947	-2.75871907643958	0.00000000778139301805733
h1SMcG0008949	-0.283762954758183	0.59815707980399
h1SMcG0008950	5.62337456960321	0.0000000000000000000000000006172213453043
h1SMcG0008951	0.334093984257004	0.449092170233756
h1SMcG0008953	0.181753605871906	0.808555848423081
h1SMcG0008954	-0.786555980529897	0.0541433232476853
h1SMcG0008955	-3.25942263242478	0.00623959560899001
h1SMcG0008956	0.158890880793737	0.936378424836364
h1SMcG0008959	-0.0516035810579403	0.885468780568522
h1SMcG0008960	-1.54307929307685	0.195912495601055
h1SMcG0008962	-1.91132383439419	0.000245870170716492
h1SMcG0008964	0.599466454701747	0.625000699977332
h1SMcG0008965	-1.20872577765336	0.0000736437460401466
h1SMcG0008966	0.126250826698097	0.721998816442098
h1SMcG0008968	-0.709696960234226	0.441689317455271
h1SMcG0008970	0.503543925041125	0.176648422631074
h1SMcG0008971	0.0041528510122432	0.993362281350319
h1SMcG0008972	0.83105588780192	0.00361811570228786
h1SMcG0008973	0.169683793677465	0.587118291301327
h1SMcG0008977	0.0619024189747869	0.969453428743774
h1SMcG0008979	-0.724742773265663	0.588679848802913
h1SMcG0008980	-1.39603267662645	0.0228504121765059
h1SMcG0008981	1.62860212273868	0.00356371673527184
h1SMcG0008985	-0.213515151056491	0.549064888616054
h1SMcG0008986	-1.60053427310873	0.235363181669714
h1SMcG0008987	-1.51158439117645	0.000874143391717841
h1SMcG0008988	-1.3527005159656	0.000000778763798814718
h1SMcG0008989	0.583622861256317	0.602764185819752
h1SMcG0008990	0.205003255211038	0.421371138865069
h1SMcG0008991	0.409933454465411	0.619005433369226
h1SMcG0008995	-1.63895069873838	0.319369344175525
h1SMcG0008997	0.43182341743428	0.0918730227646198
h1SMcG0009000	3.21635844562606	0.000000000000000000000312871409993843
h1SMcG0009001	0.618444904466388	0.379574122207713
h1SMcG0009002	0.191416035450361	0.766266025287074
h1SMcG0009003	1.20401054703036	0.118732389221851
h1SMcG0009006	-3.2020033036277	0.0131127767307881
h1SMcG0009007	-3.30393504673188	0.00974653633729288
h1SMcG0009008	0.532819200858352	0.507978478016436
h1SMcG0009012	-0.813468924014593	0.230782858820385
h1SMcG0009013	-1.49123598195648	0.0000000069752104565102
h1SMcG0009014	3.22802051202348	0.00000000252646335997084
h1SMcG0009015	-1.71865197196282	0.00000000945544590562675
h1SMcG0009016	2.02625164869393	0.000153535074443565
h1SMcG0009017	0.595435126239587	0.248526407087125
h1SMcG0009018	-0.727583564670465	0.277494398944865
h1SMcG0009019	-2.81224766916391	0.0480960526063928
h1SMcG0009021	3.68043168901321	0.0000270131261897513
h1SMcG0009022	0.0802808796398849	0.826323212319994
h1SMcG0009023	-0.687819838813122	0.119324236866619
h1SMcG0009025	1.18394973245582	0.0469009786398836
h1SMcG0009026	2.72885294652611	0.000135532959822392
h1SMcG0009027	1.38452200016257	0.00965022889072418
h1SMcG0009028	2.0306145139884	0.00637269729194524
h1SMcG0009029	-0.716345020753382	0.125315685643711
h1SMcG0009031	-0.810985692901473	0.0729240878099178
h1SMcG0009033	-2.91322403640998	0.0000000423738704945125
h1SMcG0009034	2.60373839660908	0.00000000907169818991119
h1SMcG0009037	2.10053834591378	0.00000000000000000000000121116618984827
h1SMcG0009038	0.847431292156228	0.448836258598985
h1SMcG0009039	-1.11518048908908	0.00403160400255009
h1SMcG0009041	-0.15869699458105	0.902557904549766
h1SMcG0009042	-0.00880889284258597	0.996696855811403
h1SMcG0009047	3.74888319353158	0.0000000000000000000000000000570500554799313
h1SMcG0009048	0.434547558378059	0.714902677813966
h1SMcG0009049	0.193046239780201	0.830706408218344
h1SMcG0009054	0.560505408902579	0.0330299327033041
h1SMcG0009055	-0.755619426755537	0.0426074445308682
h1SMcG0009056	-0.364969148957194	0.795182269366591
h1SMcG0009058	2.81025654199901	0.0000000000000000000480151162765126
h1SMcG0009059	1.45826524325674	0.000259905645767916
h1SMcG0009060	-0.782490081683841	0.0182623820137097
h1SMcG0009061	-1.22421112815666	0.304113203370482
h1SMcG0009062	3.71178101202934	0.00000000370327392759875
h1SMcG0009065	0.992186658137839	0.0264359580312078
h1SMcG0009067	-0.977096342790061	0.349043723795169
h1SMcG0009069	-0.121351693747117	0.869078504765238
h1SMcG0009070	-1.64238954411802	0.0675726538966381
h1SMcG0009073	-0.514954221297312	0.418562565396551
h1SMcG0009075	0.207618163452731	0.833404206444004
h1SMcG0009078	-1.89640238328087	0.0117195906802707
h1SMcG0009083	1.07288254979859	0.0302294287504166
h1SMcG0009084	-2.24302118560571	0.00112571683903166
h1SMcG0009085	-1.9916594695718	0.0633096372653861
h1SMcG0009086	0.273033410573169	0.152747523272273
h1SMcG0009087	0.421617303045194	0.365633443431973
h1SMcG0009088	0.00600657404232539	0.9963379329302
h1SMcG0009090	-0.572093012278427	0.467711740286624
h1SMcG0009094	-0.223482973617904	0.809208433275967
h1SMcG0009095	-1.47785225130044	0.0416501174286176
h1SMcG0009097	-1.22072058633622	0.00000176075798409378
h1SMcG0009099	0.161919796054917	0.731475434763201
h1SMcG0009101	-0.22854416042268	0.570226422497197
h1SMcG0009106	-0.415595546667244	0.54129637854453
h1SMcG0009107	-0.474114602306139	0.199534417198696
h1SMcG0009109	-0.232554222722699	0.519799373160863
h1SMcG0009110	0.968425977901645	0.0195737813342402
h1SMcG0009111	1.64966907768367	0.00000230846358005832
h1SMcG0009116	-3.27961786661776	0.00217035074079594
h1SMcG0009117	-0.896146410253309	0.534239237576136
h1SMcG0009120	-0.225191008952076	0.659011085093002
h1SMcG0009125	-0.476026687783504	0.215706522524852
h1SMcG0009129	-1.7738496073885	0.00283906981847671
h1SMcG0009130	-0.352702014467984	0.533035449226909
h1SMcG0009133	0.12834165504715	0.826323212319994
h1SMcG0009135	-1.05578645857219	0.156659199147104
h1SMcG0009136	2.71317535390367	0.00000188190753087041
h1SMcG0009137	5.89853056680542	0.00000000000000000000000000000000000000000000000000000219391644936589
h1SMcG0009138	0.760442261046567	0.397057228145186
h1SMcG0009139	1.20105878689158	0.00000456985958215909
h1SMcG0009140	-0.506730079384226	0.632197642484664
h1SMcG0009141	-1.01485596633321	0.289605208027184
h1SMcG0009143	0.251359874025644	0.633712567623378
h1SMcG0009144	-0.0581848679404184	0.894963263462849
h1SMcG0009145	-0.349247513867077	0.626435037787374
h1SMcG0009147	-0.120845332616228	0.893432393762811
h1SMcG0009148	-0.0960957296024158	0.859680956965533
h1SMcG0009149	0.191462868634959	0.831080473201069
h1SMcG0009150	0.358617629119735	0.691178292859102
h1SMcG0009151	-0.211516563504238	0.615040725907892
h1SMcG0009154	-0.0946531511058919	0.881383202422054
h1SMcG0009155	-0.216134878245791	0.500273226931265
h1SMcG0009156	1.67569376630103	0.00673091575965196
h1SMcG0009157	1.56334717861809	0.146602067978222
h1SMcG0009158	0.564526318112616	0.466089558139224
h1SMcG0009164	-2.7172528614462	0.0000000343946538756043
h1SMcG0009165	-4.81265539448999	0.0000000000000000000000000000000000000000000000377223381137085
h1SMcG0009166	0.108031455616354	0.756057537466093
h1SMcG0009167	0.951394974578405	0.0108046456736501
h1SMcG0009168	-3.64746791581738	0.00000350202521870933
h1SMcG0009169	0.266751543355771	0.4860722071949
h1SMcG0009170	0.41073475153176	0.368699604097464
h1SMcG0009171	-0.294003280841992	0.491351687316485
h1SMcG0009172	-0.165426392693919	0.906826785184588
h1SMcG0009175	0.986511874036102	0.0000985005655066848
h1SMcG0009176	-1.00581041967382	0.439278461060828
h1SMcG0009177	0.122504933597802	0.882465587066817
h1SMcG0009180	0.614707575792852	0.0200298276338178
h1SMcG0009181	2.04593220470209	0.0310683120745427
h1SMcG0009182	-0.360068742833142	0.65949917991229
h1SMcG0009183	0.0830835422686145	0.896158388642952
h1SMcG0009184	-0.697055571002358	0.00204729559159256
h1SMcG0009185	-0.760338744518513	0.541243480439583
h1SMcG0009187	-1.78533996147414	0.289853364599027
h1SMcG0009189	-0.0905721951502601	0.883541159517735
h1SMcG0009192	-0.648565662550387	0.176895195474492
h1SMcG0009193	-0.804740596696529	0.149195446849162
h1SMcG0009196	-0.0709025966358422	0.933602955277429
h1SMcG0009197	0.0104452763970003	0.993292855102506
h1SMcG0009200	2.68846589832767	0.00624237881156953
h1SMcG0009201	-1.08943270518317	0.00416202959282314
h1SMcG0009203	-0.43744566250064	0.193723075950639
h1SMcG0009204	-2.38167486845169	0.0805200713483799
h1SMcG0009207	-2.86692692787205	0.00885324959133952
h1SMcG0009208	-0.0264213086565886	0.964472331468358
h1SMcG0009209	-1.38677555656786	0.314548092233698
h1SMcG0009211	-1.85104895176089	0.0243277170488611
h1SMcG0009215	0.710743357662345	0.57967682484878
h1SMcG0009216	-0.276367035621133	0.594598641128722
h1SMcG0009217	1.6409366489374	0.000000000000022874553463096
h1SMcG0009219	-1.22100792106757	0.0220232991491518
h1SMcG0009223	0.533764388757855	0.654809363114044
h1SMcG0009225	-1.51473682504496	0.0451660096720135
h1SMcG0009226	0.089585548752143	0.924448434071283
h1SMcG0009228	1.54703690749746	0.000182089953412777
h1SMcG0009229	1.83762032139446	0.131317859564349
h1SMcG0009230	0.302965853292729	0.0598398987740869
h1SMcG0009233	0.720748615786475	0.00162787381473208
h1SMcG0009234	-1.49705654851461	0.152182190031516
h1SMcG0009235	0.316169548058715	0.747095605335948
h1SMcG0009237	5.29512499728426	0.00000000000000000000182968194975784
h1SMcG0009238	-0.280449205132717	0.760665656332086
h1SMcG0009241	-1.13728103830348	0.104771300762658
h1SMcG0009242	0.538707692692758	0.635232148734014
h1SMcG0009243	1.8921384207532	0.141144759153825
h1SMcG0009245	-0.29417987351685	0.842029160726824
h1SMcG0009246	0.839208118329454	0.0721977820781425
h1SMcG0009247	-0.230949577744204	0.83178483554529
h1SMcG0009248	-0.21776146577883	0.703050407636471
h1SMcG0009249	0.607603506951665	0.202897406003644
h1SMcG0009250	-0.462127021037276	0.702035711053503
h1SMcG0009251	4.99444103096682	0.00000000000990556118564699
h1SMcG0009254	2.68853291659591	0.00000000019195927203939
h1SMcG0009257	-0.426625966356186	0.789505163671842
h1SMcG0009258	0.436025558576082	0.674745698771254
h1SMcG0009259	-0.129775718155601	0.880785939953434
h1SMcG0009262	-1.72900582194473	0.0346840067508082
h1SMcG0009263	-0.828453503259674	0.147371091944877
h1SMcG0009265	-1.88216223560808	0.00000418734078174137
h1SMcG0009268	-1.04041151405238	0.012590632055537
h1SMcG0009269	0.473639676995035	0.474498633174739
h1SMcG0009273	-1.6846524362058	0.000297867240878055
h1SMcG0009274	-0.401139799736652	0.781208525228962
h1SMcG0009275	-0.664968811949074	0.0206842581728009
h1SMcG0009277	-2.1805203949489	0.0118681384859345
h1SMcG0009279	1.39247436880136	0.00174086203222964
h1SMcG0009283	-1.75497809905001	0.00436032668186698
h1SMcG0009284	0.748174669792943	0.510549630853405
h1SMcG0009285	-2.15333400746938	0.000164736919211899
h1SMcG0009286	-0.00437973686038865	0.998504938682714
h1SMcG0009287	-0.589556791197606	0.0163700564693334
h1SMcG0009288	-1.45284777348212	0.0248323647766691
h1SMcG0009289	-0.383275066823548	0.668475754324785
h1SMcG0009290	6.19705649336932	0.00000000000000000000000632691472126451
h1SMcG0009291	0.254729085925226	0.808221867526535
h1SMcG0009295	3.41313468995836	0.0000000000000342348031498562
h1SMcG0009296	-0.736897838399813	0.45804513274291
h1SMcG0009298	2.98944103281763	0.00000000926578257980424
h1SMcG0009300	-1.48568389218	0.152839314066385
h1SMcG0009301	1.32021000113113	0.0904617596939322
h1SMcG0009302	0.108626052918359	0.83565843947363
h1SMcG0009304	-2.86066519457369	0.0215392868924475
h1SMcG0009306	-0.00113688716868532	0.998669600300567
h1SMcG0009309	-1.0477219215906	0.226694045569762
h1SMcG0009310	4.25942822484794	0.0000000000000000000000000000000000000000000000000000000000000000000000789225655134814
h1SMcG0009311	1.30678427115523	0.0487110669738389
h1SMcG0009312	-1.92666584276878	0.244818400236073
h1SMcG0009313	0.136499797553229	0.789110385682213
h1SMcG0009315	-1.35596206985634	0.0228696568392081
h1SMcG0009316	3.80611852912662	0.000000000000940560047441628
h1SMcG0009317	-2.26823815558682	0.00826254459742014
h1SMcG0009318	-0.419893960355418	0.187611735869576
h1SMcG0009319	-1.1343131832438	0.120700203702666
h1SMcG0009321	-1.58516256677941	0.183570520409057
h1SMcG0009324	0.392256385545618	0.80075556283407
h1SMcG0009327	-0.128243164069775	0.849093974051863
h1SMcG0009328	-0.15223360318069	0.758215823231004
h1SMcG0009329	-0.333790246708164	0.500154811697646
h1SMcG0009330	-0.421789328177362	0.353754117734821
h1SMcG0009331	0.47338711178383	0.140107061534469
h1SMcG0009332	0.831555370523762	0.551601636987923
h1SMcG0009334	0.368782237456856	0.190294560817904
h1SMcG0009335	5.13250961394868	0.0000000000000000000000000000000000000000000020222531566313
h1SMcG0009336	-1.35362268459783	0.0287917446282687
h1SMcG0009337	-1.16446482688227	0.106395727643494
h1SMcG0009338	0.622608020471582	0.0458636611387793
h1SMcG0009339	0.687098333893362	0.00209664129004686
h1SMcG0009340	0.614353728358374	0.379729107779289
h1SMcG0009342	3.66967210969605	0.000000000000000000000000396616000009768
h1SMcG0009343	1.10479013475287	0.00773057004270475
h1SMcG0009344	-1.2558684761813	0.0000193162413204166
h1SMcG0009345	-0.761335786525137	0.134536099910634
h1SMcG0009346	0.0649834242450234	0.931848507857757
h1SMcG0009348	0.440974429506891	0.591782469201078
h1SMcG0009349	-0.10831265141052	0.939395177905574
h1SMcG0009353	-2.02032639351006	0.0000000000000000000111193131193737
h1SMcG0009354	0.213535133627258	0.320004425462579
h1SMcG0009355	0.444567762003482	0.041386199418646
h1SMcG0009356	-3.42027408861298	0.000001334141633514
h1SMcG0009357	-1.49289177728129	0.0144724915003821
h1SMcG0009358	2.27623627157008	0.0345618052600324
h1SMcG0009359	2.8431062924095	0.00000000118591672909144
h1SMcG0009364	-0.717229148173916	0.498180695185942
h1SMcG0009365	-0.779176117341635	0.410634679310173
h1SMcG0009366	-2.08359663173784	0.13720040883801
h1SMcG0009368	-0.346120135653855	0.837278755080178
h1SMcG0009369	-3.74136416899024	0.0020220464687342
h1SMcG0009370	-1.42076900040194	0.12768533400992
h1SMcG0009371	2.49810016632456	0.000208462688981259
h1SMcG0009372	-0.032976824152353	0.930912729849542
h1SMcG0009374	0.242523096216461	0.877243448350518
h1SMcG0009376	0.985504845467519	0.0922991637584935
h1SMcG0009377	1.99650790934003	0.0127760775511441
h1SMcG0009382	-0.923656330517826	0.55188052344672
h1SMcG0009383	-0.641486481930313	0.147275787207663
h1SMcG0009386	-2.54871639200698	0.154197180754391
h1SMcG0009391	1.2460294986026	0.00000000928159088249697
h1SMcG0009392	0.596934864387553	0.00172791676880469
h1SMcG0009393	3.26784276195258	0.0082081159905963
h1SMcG0009400	-1.71506007705174	0.0668446482436082
h1SMcG0009401	-1.29359271522971	0.00468480731695269
h1SMcG0009402	1.06880917316288	0.36039495900132
h1SMcG0009405	0.202532251722075	0.835388158514334
h1SMcG0009406	2.95035847256978	0.00000000000000140138063181305
h1SMcG0009407	-1.80534802106549	0.33796134516379
h1SMcG0009409	-1.59181500150802	0.0119129479773665
h1SMcG0009410	-2.88009170353354	0.0157116214131454
h1SMcG0009411	-1.35448856100114	0.402584332975495
h1SMcG0009412	0.619284048554146	0.611359541634466
h1SMcG0009413	-0.31577757417592	0.615733749260856
h1SMcG0009416	-0.123824732673613	0.894544837521392
h1SMcG0009422	-1.37555979322666	0.106401862894128
h1SMcG0009426	1.57331487532722	0.013909095946053
h1SMcG0009427	0.0986525918083398	0.887069945708813
h1SMcG0009429	2.17094707585567	0.103643296910596
h1SMcG0009431	-1.78580565248682	0.173371558851137
h1SMcG0009434	-0.150798341970655	0.632726627094546
h1SMcG0009437	2.20828189897533	0.00000000000145345607690216
h1SMcG0009440	-0.473287164029801	0.559746501839124
h1SMcG0009441	0.837693960582987	0.278851907515933
h1SMcG0009442	-0.183077741505439	0.883825819766796
h1SMcG0009444	-0.613810683276606	0.613275228426125
h1SMcG0009445	-1.05086386995591	0.0000106190618517779
h1SMcG0009446	-1.0952857092107	0.00000111599554667947
h1SMcG0009450	-0.124338472929685	0.945758295690571
h1SMcG0009454	0.727728654259588	0.474626751322179
h1SMcG0009456	2.93659448325762	0.000000536323261000123
h1SMcG0009459	-0.940114821224284	0.0803665780295311
h1SMcG0009460	-1.18997234472502	0.408485556874611
h1SMcG0009462	0.974014806212945	0.200409774318109
h1SMcG0009463	-0.53051052606771	0.133578065753853
h1SMcG0009465	-0.189299234135659	0.459293278006513
h1SMcG0009467	3.24907784544104	0.000000000483055073608766
h1SMcG0009468	0.874653041555655	0.386184665938966
h1SMcG0009470	0.00800003691038343	0.986990954401888
h1SMcG0009471	0.502921634778303	0.285518947599079
h1SMcG0009472	0.523471763724508	0.0238808513177304
h1SMcG0009473	-0.827834800112238	0.0261763890126736
h1SMcG0009474	-1.75586266576432	0.00454573550202422
h1SMcG0009477	0.486545779717802	0.474628172568223
h1SMcG0009478	-0.951498361559637	0.000000000760242286789744
h1SMcG0009479	0.0525081348091274	0.943978582156749
h1SMcG0009480	-0.238480455562263	0.756057537466093
h1SMcG0009483	2.01191489344595	0.00000000000356855546588027
h1SMcG0009484	-0.978135838161065	0.126426281434229
h1SMcG0009485	0.956091457874738	0.00114164246849335
h1SMcG0009486	-0.736121328948534	0.00364944834367005
h1SMcG0009488	0.51798583743926	0.079399742856186
h1SMcG0009490	-1.42080643129712	0.315529582207549
h1SMcG0009491	3.80358000715919	0.00000000000000000415587281603408
h1SMcG0009492	6.95037438508831	0.000000000864146966758908
h1SMcG0009493	-0.235506499349164	0.874775682085641
h1SMcG0009495	-0.879290501328866	0.206639355213172
h1SMcG0009496	-0.643502730436636	0.000549238175120427
h1SMcG0009497	0.0298550611035062	0.950879201208845
h1SMcG0009498	0.484188322249168	0.184269269753993
h1SMcG0009499	-0.508843405653805	0.634888233761507
h1SMcG0009500	-0.0471518445510696	0.895893118891402
h1SMcG0009501	-2.39458431989774	0.022818028084312
h1SMcG0009502	-1.16023882212108	0.333114105280271
h1SMcG0009503	-1.35206857248741	0.0880412579238866
h1SMcG0009504	-1.31769972558078	0.152176403827388
h1SMcG0009505	-0.577789721002741	0.376762934225799
h1SMcG0009506	-0.0155940102653836	0.992924911968363
h1SMcG0009509	-1.81024487308495	0.00773004195044297
h1SMcG0009510	0.11491552064211	0.920609519742819
h1SMcG0009511	-2.73971847665438	0.00524525642033761
h1SMcG0009512	-0.971188386493143	0.420657570304172
h1SMcG0009513	0.0614699717912116	0.939408952009073
h1SMcG0009514	-2.77061781632901	0.0513126572257322
h1SMcG0009517	-0.12554861621572	0.785838428162475
h1SMcG0009518	-4.25514489338922	0.0000612527967353398
h1SMcG0009520	-2.09949864996969	0.000915351320852688
h1SMcG0009521	1.46706124242307	0.19672461667342
h1SMcG0009523	-0.509987416967964	0.448841880664118
h1SMcG0009524	-0.653925389983077	0.00340656646505307
h1SMcG0009525	-2.25367359831935	0.0319548858730456
h1SMcG0009526	-2.80206190869917	0.0471320391732128
h1SMcG0009527	1.19935638020423	0.0000152885413074614
h1SMcG0009528	0.864902118065819	0.452067748869541
h1SMcG0009529	5.4106015739924	0.00000302409483128676
h1SMcG0009531	-2.82439700539177	0.000585036800989385
h1SMcG0009532	-2.43515487880839	0.00122537693897732
h1SMcG0009533	-0.777579727050955	0.0212031206608982
h1SMcG0009535	1.40841626539174	0.381263765520677
h1SMcG0009537	-0.332392163500934	0.541685436714301
h1SMcG0009540	-1.23351965060632	0.00076373143794773
h1SMcG0009542	4.68654984350496	0.000000000000000167147743300289
h1SMcG0009543	0.247570980488153	0.808473801528825
h1SMcG0009544	-0.561969478472353	0.722425841573461
h1SMcG0009545	-0.41172649824533	0.566998827342341
h1SMcG0009547	0.557135852933191	0.338443004234025
h1SMcG0009549	1.30818053798078	0.409750428351793
h1SMcG0009550	-0.665885497383894	0.533270975221414
h1SMcG0009552	0.0455333718274501	0.964472331468358
h1SMcG0009554	0.387099730253687	0.0516983722005623
h1SMcG0009558	3.44186843875034	0.00000000000457257712562237
h1SMcG0009560	2.91325840170381	0.00000000416467197517697
h1SMcG0009561	-0.492373913111368	0.00520288901528827
h1SMcG0009562	-1.27215583778905	0.00725290075283483
h1SMcG0009563	1.78447160928454	0.0000000031121700536908
h1SMcG0009564	-2.09830730642756	0.00183511574891328
h1SMcG0009566	-1.32851166203321	0.000000000000135306471493652
h1SMcG0009567	0.354124709435699	0.647846226361184
h1SMcG0009571	-0.44878397147998	0.619818264848777
h1SMcG0009572	-1.12408789076338	0.4860722071949
h1SMcG0009582	-2.4156355460203	0.00282865647928136
h1SMcG0009583	0.18813203986504	0.628347528232026
h1SMcG0009584	-4.33565372549126	0.000000097974666631013
h1SMcG0009586	-2.53012620390582	0.0524137977643214
h1SMcG0009587	-0.93297550182969	0.000510104438682227
h1SMcG0009588	-0.208358370270034	0.895760927801076
h1SMcG0009589	0.251507710082622	0.448285874985541
h1SMcG0009590	-1.98730067722843	0.00000000000000875864147052831
h1SMcG0009591	-0.663139471224749	0.356553033741551
h1SMcG0009592	2.78010074073504	0.000000000000019173466476748
h1SMcG0009594	-0.512515358661208	0.346805026731974
h1SMcG0009596	-0.270946380947236	0.438021211500055
h1SMcG0009598	3.19101462436296	0.000148193816121288
h1SMcG0009600	-0.455731547179352	0.619464209628573
h1SMcG0009601	-0.422429360633007	0.481729951011279
h1SMcG0009602	-0.707311341125016	0.132074805291429
h1SMcG0009603	-0.607343252686773	0.0024193961980129
h1SMcG0009604	-0.52556629235838	0.0121970013849174
h1SMcG0009605	-0.700476925872897	0.000399880664210251
h1SMcG0009606	-0.0397272670071915	0.983206552868923
h1SMcG0009614	0.700749766206513	0.0531328505122406
h1SMcG0009615	0.668036861132091	0.515836215649167
h1SMcG0009616	-0.900638511159665	0.00000208189905777315
h1SMcG0009617	-1.72883198814391	0.195199401698083
h1SMcG0009618	2.75995036614515	0.000000536825481193675
h1SMcG0009619	1.44739166546969	0.0963161830634567
h1SMcG0009621	1.7239082443335	0.0000000000000000454693641900822
h1SMcG0009626	-4.63643361301452	0.00000001230829162809
h1SMcG0009630	1.44592056102169	0.000000000000378753284913013
h1SMcG0009631	-1.31080183800635	0.184272633641001
h1SMcG0009632	-0.180316302098071	0.523654916127464
h1SMcG0009633	-0.220905022681836	0.413126833672941
h1SMcG0009634	-0.444230350275557	0.0789896218420107
h1SMcG0009636	-2.30815736443821	0.0262471640339952
h1SMcG0009639	-0.515347859824262	0.0304975999736168
h1SMcG0009644	0.170331182895502	0.798660939982412
h1SMcG0009645	0.757424409225121	0.00912781224911989
h1SMcG0009646	-0.609792276052568	0.598277083005464
h1SMcG0009647	2.99940915842861	0.0000000000000000000000000000000326462873539927
h1SMcG0009648	1.58750838515503	0.00000511310855859581
h1SMcG0009651	-0.344209278780984	0.655554143209081
h1SMcG0009653	-2.12334309862062	0.178354160127396
h1SMcG0009654	-2.75252911642739	0.0380893691402625
h1SMcG0009655	-1.82341457473199	0.0707466020608905
h1SMcG0009656	-2.18810502971144	0.00153866873855953
h1SMcG0009658	2.72535074074088	0.000000000656767510132092
h1SMcG0009659	6.71746919398541	0.00171527089924201
h1SMcG0009660	-1.62660144547267	0.000000822475980083491
h1SMcG0009665	0.109434341282698	0.948177150471039
h1SMcG0009668	-0.741118798785136	0.615942842074258
h1SMcG0009669	-1.12656582376789	0.450514077882351
h1SMcG0009670	-3.51511686533962	0.00000000000000000000000000000000000000000000000000000239951456225171
h1SMcG0009673	0.457023906063985	0.66409713695852
h1SMcG0009674	1.33877337232816	0.227670290609292
h1SMcG0009675	3.82111805784455	0.000000000000000000000000000000000000000000000000000000000000000420386997168547
h1SMcG0009676	-1.62014929409382	0.221736259296849
h1SMcG0009677	-0.853249589536096	0.220406547202866
h1SMcG0009678	-1.67828629611309	0.26096761315187
h1SMcG0009679	-0.428009970998326	0.210729039985438
h1SMcG0009681	0.353427245074607	0.182508742201383
h1SMcG0009682	-1.39318439361897	0.00000232585319893317
h1SMcG0009683	-1.81339065235885	0.0000252821136958977
h1SMcG0009684	-0.181977222666648	0.859933048271163
h1SMcG0009686	0.538015838822241	0.116295962455693
h1SMcG0009687	-0.636608037607692	0.0209229040119055
h1SMcG0009688	-2.37521341456767	0.0000000000424614664907998
h1SMcG0009690	0.103070003622606	0.766168365563508
h1SMcG0009697	-1.93620313073911	0.0319190917001843
h1SMcG0009699	-2.76705522720767	0.00403932651042249
h1SMcG0009701	-1.60457384789639	0.0000930741316526409
h1SMcG0009702	-1.81751660365845	0.00000150879688441518
h1SMcG0009705	1.26966611208167	0.000162849828112748
h1SMcG0009707	0.750590924329647	0.518375135776114
h1SMcG0009711	0.577128359342661	0.0886490809104018
h1SMcG0009717	-2.13094832996215	0.0000000000000864400447077287
h1SMcG0009718	1.85431353052196	0.000000240524305994023
h1SMcG0009722	-1.35945272546068	0.0980650237970444
h1SMcG0009723	-1.59647631687545	0.0584929911486174
h1SMcG0009724	-0.767264194736196	0.103465495398172
h1SMcG0009725	5.31473909107833	0.00000000603605329750655
h1SMcG0009726	1.3553039914025	0.0000000000288702097015222
h1SMcG0009727	-1.1791285867264	0.174329965406802
h1SMcG0009729	0.446283466393796	0.664312705971206
h1SMcG0009732	-1.13493391920625	0.465816799888569
h1SMcG0009734	0.731065307160018	0.515884146069547
h1SMcG0009735	-2.99241029458698	0.0037036586571269
h1SMcG0009736	-0.10336948759173	0.785838428162475
h1SMcG0009738	5.08284918580315	0.0000000000000000000000876775039861126
h1SMcG0009739	2.60965753444628	0.000000000000000000000000775642084294898
h1SMcG0009740	3.1729817185044	0.0139598265069101
h1SMcG0009741	-1.26794983891123	0.00288991893680078
h1SMcG0009743	-1.83109061043984	0.0455291196223663
h1SMcG0009744	-1.96351890556533	0.171163612535673
h1SMcG0009745	-0.874496047062329	0.0000120778806164753
h1SMcG0009746	-0.681810999398149	0.443353532621517
h1SMcG0009748	-2.21858535418322	0.156405496816018
h1SMcG0009750	-0.0426254109914825	0.964472331468358
h1SMcG0009753	-0.93061205893657	0.509258902749013
h1SMcG0009755	-0.289238118217445	0.868215757822773
h1SMcG0009756	-1.279263417353	0.00657563203730727
h1SMcG0009758	-2.21819238853887	0.00168448265913507
h1SMcG0009761	-1.58422485499096	0.262459739722882
h1SMcG0009762	-1.01655029790264	0.0998320911828738
h1SMcG0009763	-0.794188692915188	0.140107061534469
h1SMcG0009765	0.148535736866288	0.721413777180852
h1SMcG0009767	-0.663956678751188	0.584016880184973
h1SMcG0009768	-1.48678072063306	0.350880628990834
h1SMcG0009769	0.200637340000829	0.861916843453196
h1SMcG0009772	2.72730294019406	0.0000000118798648112999
h1SMcG0009774	-0.586242090751644	0.0380292601704824
h1SMcG0009775	1.57401544429204	0.0000660138448401219
h1SMcG0009776	-0.563215709898956	0.226999310019435
h1SMcG0009778	0.489222400658085	0.439396159891546
h1SMcG0009780	-2.0621545818032	0.000000238284460479527
h1SMcG0009783	5.09601740550681	0.0000000000240640845929681
h1SMcG0009784	0.870012108567532	0.559262295792653
h1SMcG0009785	-1.62487759806242	0.00000000000000000605574577890287
h1SMcG0009787	5.32733782909383	0.00000000000000000000000000000000000000000000315829546268496
h1SMcG0009788	3.71332566412966	0.00000401825590063397
h1SMcG0009789	-0.0305659392098376	0.986990954401888
h1SMcG0009790	-0.0181918498467418	0.958649635015746
h1SMcG0009791	0.547762216226898	0.359261719731422
h1SMcG0009792	0.107727764827164	0.775892805137274
h1SMcG0009793	-0.824366491246308	0.212385891843889
h1SMcG0009794	-0.448957568276653	0.193071346597623
h1SMcG0009795	-1.51522735239385	0.0819908914528723
h1SMcG0009798	0.890941251362435	0.0000027378960440159
h1SMcG0009799	0.0918030609754461	0.858072622288233
h1SMcG0009800	0.284015243517761	0.363575362233208
h1SMcG0009801	-1.21823190697139	0.0000000000281160983861254
h1SMcG0009803	0.563977050840823	0.00499989898664362
h1SMcG0009805	3.53291075019697	0.0000000142704998078187
h1SMcG0009806	-1.87591280370299	0.193252524533838
h1SMcG0009810	0.890835211803691	0.545452108945454
h1SMcG0009812	-0.710125721300887	0.0659408191554575
h1SMcG0009813	2.93279955349136	0.0000000000000000000642738162742153
h1SMcG0009814	-0.220349437908256	0.816332850074575
h1SMcG0009815	-2.61377000127026	0.072624299315646
h1SMcG0009818	-0.931216580136319	0.505366688106357
h1SMcG0009819	-1.47823285992872	0.257501734441215
h1SMcG0009821	-1.76561079059251	0.00955853409493774
h1SMcG0009826	0.303645479654694	0.686942626948506
h1SMcG0009828	-1.12927289009761	0.00000215761477426532
h1SMcG0009829	-0.139510832122384	0.68911650090973
h1SMcG0009831	-0.221541189343683	0.8965850676851
h1SMcG0009832	-2.23214947343973	0.000000000000000359235078285021
h1SMcG0009838	-0.331248764693419	0.736098242246288
h1SMcG0009840	0.32842263156031	0.76849468218982
h1SMcG0009842	0.580669171896131	0.659818048826089
h1SMcG0009843	0.288982212340557	0.482711128614049
h1SMcG0009847	-0.86287872842145	0.000130310576170584
h1SMcG0009848	0.11492546218265	0.808212327977441
h1SMcG0009849	-2.04979935275853	0.0000000452156886595108
h1SMcG0009850	1.7964053420838	0.0464915131928537
h1SMcG0009851	5.48667065607228	0.000000000000273361131724096
h1SMcG0009853	-1.98397175371733	0.221001124400392
h1SMcG0009854	0.99266584418741	0.0326360636561118
h1SMcG0009857	2.28894037468036	0.000000000402516322727551
h1SMcG0009859	0.789277402124753	0.348241788985328
h1SMcG0009860	0.0282633624670707	0.978884439284874
h1SMcG0009861	-0.40875354687799	0.307617307194209
h1SMcG0009862	1.9530363246553	0.000000000000000298070439071721
h1SMcG0009863	-0.723413177346694	0.482648983059623
h1SMcG0009864	0.197548845230736	0.709471158327214
h1SMcG0009865	-0.750994982864295	0.0141520821399782
h1SMcG0009867	-3.26541582618932	0.0000145985884688895
h1SMcG0009868	4.22069603369326	0.00000000000000000000000848284221875929
h1SMcG0009870	0.350128309992345	0.765891244998869
h1SMcG0009871	0.71282566893416	0.338864375916567
h1SMcG0009874	3.32117506891547	0.000000000000000000000228443149817985
h1SMcG0009875	0.696878201735977	0.000141862291361986
h1SMcG0009876	-0.966238415993076	0.00000899779828031537
h1SMcG0009877	-0.159293206977623	0.626186653016795
h1SMcG0009879	0.0571438930780221	0.931647410922955
h1SMcG0009883	-1.06873206904249	0.0414757773457572
h1SMcG0009884	-1.45417785577088	0.000559740427219042
h1SMcG0009885	-1.44512442653462	0.0000413918181286233
h1SMcG0009886	-1.16547063823492	0.124839622413032
h1SMcG0009887	0.271220370549728	0.566850091066719
h1SMcG0009888	-0.469278494771505	0.22641470351992
h1SMcG0009889	-1.39530420760978	0.00000274026149644406
h1SMcG0009890	0.879675424593521	0.0403689617470069
h1SMcG0009891	0.110396607940664	0.875987394909563
h1SMcG0009892	-1.39233595828454	0.00000971223294777324
h1SMcG0009893	0.579837499524767	0.683830108971861
h1SMcG0009896	0.614597944129577	0.688661658599072
h1SMcG0009898	-0.88493488031615	0.210459745256206
h1SMcG0009899	0.952956437535449	0.428697636692695
h1SMcG0009901	-2.89247109447867	0.0615263565088295
h1SMcG0009902	1.04391885435125	0.287531001226953
h1SMcG0009903	-1.9858171659359	0.049398764947766
h1SMcG0009904	1.75999001524124	0.0230883525905169
h1SMcG0009905	0.34833437846318	0.47272388733347
h1SMcG0009906	-0.790121676299083	0.627671446186855
h1SMcG0009908	4.343587647157	0.0000000000000000156333683167098
h1SMcG0009909	-0.136912490827494	0.833667001453669
h1SMcG0009911	-0.736857049245133	0.172821111391786
h1SMcG0009912	0.6122676530912	0.111319090739347
h1SMcG0009914	1.02863521620229	0.329840547491684
h1SMcG0009915	-0.213988844769892	0.691334537935694
h1SMcG0009919	0.833505076582987	0.000338047250001093
h1SMcG0009920	-3.04765248562887	0.0000000000000000000000000194933528074054
h1SMcG0009921	-0.45923709609222	0.443353532621517
h1SMcG0009922	-0.584261456146054	0.167798520391047
h1SMcG0009923	0.702689652993674	0.0151077588841552
h1SMcG0009925	-0.173621860477656	0.865404555544008
h1SMcG0009926	1.79984008318797	0.000226779326933209
h1SMcG0009927	3.25177067832239	0.00000000345874646978813
h1SMcG0009929	1.62100888927729	0.0029139972703265
h1SMcG0009932	-0.314317313130578	0.45592034585826
h1SMcG0009933	0.665505022439879	0.0830458273830427
h1SMcG0009934	-0.661811419554151	0.369441970933523
h1SMcG0009936	-0.0892222756407603	0.865054055229395
h1SMcG0009937	6.71121862897887	0.0000000000000475911852591409
h1SMcG0009939	5.55378536352842	0.000000000000000000000000000000000000000000841928860230634
h1SMcG0009940	-1.04141474529111	0.00248565532366106
h1SMcG0009941	-0.721817157448419	0.229990474669527
h1SMcG0009943	-0.0199875826678399	0.990824169353646
h1SMcG0009944	0.517927278020555	0.760229408912402
h1SMcG0009945	0.467068910322787	0.412883020160588
h1SMcG0009946	-2.23967103197187	0.032418995379983
h1SMcG0009947	-0.395567118137211	0.357784007473152
h1SMcG0009948	-4.50991781745247	0.00000000000222980454922944
h1SMcG0009956	-0.227289234530162	0.527716221746751
h1SMcG0009958	0.630417487261636	0.154663172036933
h1SMcG0009960	0.783275651016086	0.00384764915374581
h1SMcG0009963	1.37752230367529	0.000000566519102817877
h1SMcG0009964	5.8309769476712	0.000000000000000014285790999812
h1SMcG0009966	0.979488113536344	0.439539367906081
h1SMcG0009967	1.16833538010277	0.00000791697449145258
h1SMcG0009968	-1.16772136618988	0.257501734441215
h1SMcG0009969	0.130824718785855	0.854721355762566
h1SMcG0009975	0.254968942291331	0.436594771685957
h1SMcG0009977	-0.579296889484844	0.437195608945834
h1SMcG0009978	-0.0201909117746997	0.958249075976361
h1SMcG0009980	-2.3494681787996	0.0878195584053906
h1SMcG0009981	1.04186479962058	0.0593808938112667
h1SMcG0009982	-1.34937513929538	0.00206523078403248
h1SMcG0009983	-1.49708230204058	0.0774456567001427
h1SMcG0009986	2.59936247063863	0.00273388294798001
h1SMcG0009987	0.701409147782154	0.412083965866096
h1SMcG0009988	1.66275900623744	0.0274317442968613
h1SMcG0009989	0.30333028614316	0.643580184907411
h1SMcG0009990	2.79533860026617	0.00000000000000154162994833482
h1SMcG0009991	0.973813352775304	0.169145374711953
h1SMcG0009994	-1.27584360998077	0.167182570772654
h1SMcG0009999	0.179521295039331	0.713806557469996
h1SMcG0010000	-2.28409455084873	0.145409124460402
h1SMcG0010002	-0.296223474361184	0.419053126270473
h1SMcG0010005	0.321569986821602	0.401933627230498
h1SMcG0010007	-0.0965808083012799	0.906900208728182
h1SMcG0010008	-1.04695771835026	0.35099397781732
h1SMcG0010010	-1.84381562018892	0.00458050631109681
h1SMcG0010011	-2.82186977985178	0.0269363108403919
h1SMcG0010013	1.79052631750594	0.0000000000000000000128239024880298
h1SMcG0010014	2.12726385949829	0.00000000000000000127153505533148
h1SMcG0010015	6.41603180843756	0.0000000000000000000000000000000000000000000000000000000000000000000000000000000000000000000000000000000000000000000000000000000000430623399921456
h1SMcG0010016	-3.09593320259604	0.000000965432631448038
h1SMcG0010017	-0.00148318030171715	0.997135950739505
h1SMcG0010018	-0.277947446388294	0.784050085175069
h1SMcG0010019	-0.138389328093129	0.71992105713955
h1SMcG0010020	-0.493754377047367	0.203904416874953
h1SMcG0010022	-0.0419649770605282	0.927146194004787
h1SMcG0010023	-1.72055028904754	0.0794473037583099
h1SMcG0010024	0.523735954257793	0.0451238717664815
h1SMcG0010026	2.93642011412099	0.000000000000000000000773160566493261
h1SMcG0010028	2.26662148754387	0.00000000805695796579688
h1SMcG0010032	-1.31328377494402	0.0111039947463281
h1SMcG0010034	-0.0188575472977055	0.992365208055148
h1SMcG0010035	1.6687019532792	0.00000000355624865501611
h1SMcG0010037	-2.68684195681741	0.000102470471923434
h1SMcG0010038	3.74199801116708	0.000000000000000000000111298790954381
h1SMcG0010040	-0.100291275468739	0.896158388642952
h1SMcG0010041	-2.68306374362128	0.0000503403507645683
h1SMcG0010042	-0.155916882747109	0.72839454395552
h1SMcG0010043	1.40020145483515	0.0338980827196952
h1SMcG0010045	3.43946429555151	0.0000000000000000000000000222749185820807
h1SMcG0010046	0.913095335376449	0.0000151612817019412
h1SMcG0010048	-3.54386274384393	0.000000150912926916605
h1SMcG0010049	-2.7958391392169	0.0861714301937343
h1SMcG0010050	3.32384648656642	0.00000401413142244658
h1SMcG0010051	0.860719441053592	0.522134564219509
h1SMcG0010052	2.68802676478593	0.00821938295210365
h1SMcG0010054	4.07132130895865	0.0000000000000280803357487168
h1SMcG0010056	-0.440801043362506	0.0755083027042369
h1SMcG0010058	0.389116330022152	0.578366458714436
h1SMcG0010059	-0.327201800183104	0.622891761683857
h1SMcG0010060	0.44028615051313	0.585427512877963
h1SMcG0010061	0.697256476672508	0.179339032655838
h1SMcG0010062	-1.17940106565084	0.458674056390231
h1SMcG0010063	2.63383075509644	0.000000000000000922416490961238
h1SMcG0010071	-1.72716924002436	0.0125792051198634
h1SMcG0010072	-2.69600643387204	0.0000000000000000000000198817588852576
h1SMcG0010073	0.916742040496989	0.0239463299593012
h1SMcG0010075	0.148671066625482	0.875960081900778
h1SMcG0010076	-0.0237334933555752	0.974261511005663
h1SMcG0010077	-1.91606060637014	0.098545428050915
h1SMcG0010078	3.95703536301128	0.0000000000000000000000000000000000000687246396163381
h1SMcG0010081	6.05334425563125	0.000000314559154043464
h1SMcG0010082	-1.61144600198045	0.000690301954637306
h1SMcG0010084	-0.361360661626745	0.63861853146585
h1SMcG0010085	-0.666492044158422	0.129770035283057
h1SMcG0010086	-2.88471744350113	0.000258864318471492
h1SMcG0010088	2.27675295405061	0.000000000000989367675618912
h1SMcG0010097	-2.65525894559896	0.0403509420690368
h1SMcG0010098	0.0222054972668375	0.951935638533112
h1SMcG0010104	4.6978128061382	0.00000000000000000000000000000000000000000000000000657406003247559
h1SMcG0010109	0.843039562486481	0.240737164318942
h1SMcG0010110	0.808303476576333	0.052775582871734
h1SMcG0010111	1.01159510871753	0.084730577596898
h1SMcG0010112	-0.358135816326358	0.592725464192268
h1SMcG0010116	0.787579878298061	0.529322888189547
h1SMcG0010117	-0.0208427049111949	0.988237130964947
h1SMcG0010118	-1.99243236253401	0.00000065614006804075
h1SMcG0010119	0.404895118557692	0.491278038209118
h1SMcG0010120	-0.543589381626117	0.018993665119133
h1SMcG0010121	1.49686657284121	0.397628384812626
h1SMcG0010123	0.103706192123338	0.915360561400987
h1SMcG0010124	-0.321414405353281	0.66183361383822
h1SMcG0010125	1.05172643123088	0.00000553068725729121
h1SMcG0010127	0.276909992874872	0.809303053737959
h1SMcG0010129	2.86514238814848	0.00000000734344857436389
h1SMcG0010133	3.47964789703374	0.000000000000000000000000000000000000129742047957971
h1SMcG0010135	2.72454632377496	0.0430784113940718
h1SMcG0010137	-1.12394351688087	0.0037609244355901
h1SMcG0010138	1.56649115368043	0.179938943889123
h1SMcG0010142	-1.02451513821574	0.312483416755384
h1SMcG0010143	0.260941043528675	0.745763346029824
h1SMcG0010144	0.0345751075708472	0.930612530924086
h1SMcG0010145	1.53064528585571	0.00265216512013866
h1SMcG0010146	-1.02982011964194	0.000131500083672295
h1SMcG0010147	-0.706307454998014	0.000505536310268194
h1SMcG0010149	0.589866928795806	0.456445012991459
h1SMcG0010151	-0.695162775750283	0.343175807240166
h1SMcG0010152	-2.05458863261392	0.000512095254893061
h1SMcG0010153	-1.06204474121373	0.0838504201958957
h1SMcG0010157	0.0224732534142295	0.968995664397632
h1SMcG0010158	3.25884644057743	0.0000000000000000303647015647763
h1SMcG0010159	-0.93242497760796	0.0550131591655825
h1SMcG0010163	2.46199686576224	0.000000000000000000000000000000000864998996791754
h1SMcG0010167	1.50033123400279	0.159256861428297
h1SMcG0010170	0.775491720970401	0.123239560345926
h1SMcG0010174	6.36947780538081	0.00000000174041660837753
h1SMcG0010175	1.6802375187016	0.0000000871770446455785
h1SMcG0010177	2.40206848938142	0.0000000000000000000000106189007816104
h1SMcG0010178	-1.00306928654838	0.012341007306776
h1SMcG0010180	-1.39288662461216	0.318480754393252
h1SMcG0010184	-0.98362452602075	0.261570144634553
h1SMcG0010185	0.351192245039152	0.777442682586278
h1SMcG0010186	0.167865075601454	0.775892805137274
h1SMcG0010188	-0.414562537982364	0.164904547133793
h1SMcG0010190	-1.52051629014314	0.000000109043563601862
h1SMcG0010191	-1.0183539698584	0.274383460892269
h1SMcG0010192	0.580168578027356	0.197771100053899
h1SMcG0010193	-0.213239014389463	0.773402964825425
h1SMcG0010194	0.178488237447171	0.569252261857068
h1SMcG0010195	-2.25877290408733	0.00000550941498667975
h1SMcG0010196	-0.200598055362465	0.789637224405326
h1SMcG0010197	-1.18824224736949	0.000673891836412333
h1SMcG0010198	-2.1049552000657	0.137379603238421
h1SMcG0010199	-1.38308323200428	0.0566347350378525
h1SMcG0010200	-1.51775884675777	0.00415603885012534
h1SMcG0010201	-0.106258572302069	0.792744570936988
h1SMcG0010202	-0.00567834802421507	0.988597645024084
h1SMcG0010205	-0.48607177559626	0.108532727916386
h1SMcG0010206	0.093901579968626	0.930279308892617
h1SMcG0010208	-1.318090652626	0.0177796506647359
h1SMcG0010209	0.112002980747722	0.755947521762587
h1SMcG0010211	1.29586239778717	0.000000000314838939730152
h1SMcG0010212	0.70316833361772	0.276868887980857
h1SMcG0010213	0.339141282635072	0.805608925838197
h1SMcG0010215	0.287593810208161	0.547850587347548
h1SMcG0010216	1.02495296438348	0.0000120675189880742
h1SMcG0010218	-1.65829676342534	0.0650848056908425
h1SMcG0010219	-0.481505585786577	0.450156537135621
h1SMcG0010220	-2.61443579419207	0.00000713321965320431
h1SMcG0010221	1.01193331126893	0.20378751884376
h1SMcG0010222	0.416512250444975	0.69768414658773
h1SMcG0010223	-2.01985064382895	0.00656668120013486
h1SMcG0010225	0.256725998726067	0.661892201541245
h1SMcG0010226	0.884907907341105	0.000112671222907493
h1SMcG0010230	1.32116319317631	0.119246269236034
h1SMcG0010231	-0.408613245688673	0.807621688559035
h1SMcG0010232	-0.758186763542564	0.54129637854453
h1SMcG0010233	-0.0188402984840937	0.976886190883834
h1SMcG0010235	-0.15310801982594	0.787074268948623
h1SMcG0010236	-0.37237852280642	0.135608332901333
h1SMcG0010238	0.639620936775355	0.123782627992815
h1SMcG0010239	-0.349498873390683	0.79342727850556
h1SMcG0010240	4.97956519994603	0.00000000000000000000000000000000000705717714367042
h1SMcG0010241	-0.516872318157891	0.194402330550552
h1SMcG0010242	-3.2032055109348	0.0313100866705304
h1SMcG0010245	1.16951030103396	0.00290924939308618
h1SMcG0010247	1.38079515378205	0.00000126032926321345
h1SMcG0010248	0.541681254593586	0.554294615249417
h1SMcG0010251	-1.19229129625634	0.189789094799592
h1SMcG0010252	-1.62174192675083	0.00300609776221405
h1SMcG0010253	-1.9003803658175	0.216104110488858
h1SMcG0010254	-1.68080782863766	0.00436609063059816
h1SMcG0010256	0.425184340568733	0.484759748163278
h1SMcG0010258	-1.02147487003481	0.0107461449798095
h1SMcG0010259	-0.29456709598229	0.861877042006074
h1SMcG0010265	-0.91153715639337	0.193182909589157
h1SMcG0010266	-0.553099356557634	0.00496276719396575
h1SMcG0010270	1.95086609075538	0.000133309547283935
h1SMcG0010271	-0.100548819823868	0.93009289247098
h1SMcG0010277	-0.474336489242059	0.438627035247049
h1SMcG0010278	0.882745373957804	0.0537458674237022
h1SMcG0010279	-1.21720671099634	0.0000887107020631899
h1SMcG0010280	-0.82365290894125	0.0756472267354863
h1SMcG0010281	0.589509556903014	0.252498043149022
h1SMcG0010285	-0.499947631972423	0.215207776277096
h1SMcG0010287	-0.119213135496065	0.840309530983378
h1SMcG0010288	-1.01762954691033	0.42514981321797
h1SMcG0010289	3.00470417077599	0.0000000000000142907674852042
h1SMcG0010290	-2.94872053301232	0.000000626566138697409
h1SMcG0010292	-0.319422758221481	0.529304592759211
h1SMcG0010293	-0.210565629552404	0.781208500098213
h1SMcG0010294	-1.15412550395708	0.0310375897101978
h1SMcG0010295	-0.96488701903035	0.0146027355203809
h1SMcG0010296	-1.35898175800466	0.0000667060650255855
h1SMcG0010297	-0.230220258468225	0.808139451105697
h1SMcG0010298	-0.553601240156306	0.682958339608409
h1SMcG0010299	0.533322792173366	0.371207068321574
h1SMcG0010300	-1.0049331989566	0.272203120653927
h1SMcG0010301	-0.7100015610346	0.370367029975153
h1SMcG0010304	-0.531725238260886	0.0673548905619164
h1SMcG0010305	-1.81879348735348	0.0136317155338684
h1SMcG0010309	-3.35201328048937	0.000267737785641793
h1SMcG0010310	-3.09175022573148	0.00391039283588611
h1SMcG0010313	-0.381868642272701	0.265461926882261
h1SMcG0010315	0.370529889063301	0.395190481775603
h1SMcG0010316	-0.867725520388864	0.505752951331218
h1SMcG0010317	-0.620342372255821	0.280392548526698
h1SMcG0010318	-0.513373569240223	0.64099322925095
h1SMcG0010319	-0.294334798058847	0.794787004078975
h1SMcG0010320	-0.0974659905718041	0.840914313863836
h1SMcG0010321	-0.705766596743574	0.310012703989614
h1SMcG0010322	0.491514002653988	0.132341667609525
h1SMcG0010323	0.43949518997709	0.372290477234458
h1SMcG0010325	4.48395616850299	0.000000000000000000000632445088653019
h1SMcG0010326	0.459457067802858	0.723625666822406
h1SMcG0010328	-1.23236863364639	0.466399412137
h1SMcG0010329	-1.42318508533163	0.0370057186201494
h1SMcG0010330	-4.45240520646723	0.0000418615642322417
h1SMcG0010332	-1.40906108570587	0.00972075700402329
h1SMcG0010334	-0.86198714348818	0.543672347115231
h1SMcG0010337	-0.908096344583914	0.456015522822214
h1SMcG0010339	-0.504884628831989	0.242613798979791
h1SMcG0010340	-3.07677682238178	0.0206325951497214
h1SMcG0010341	-0.176566720216914	0.665412794816986
h1SMcG0010342	-0.221766786474484	0.803341590375746
h1SMcG0010345	-0.651970802025723	0.344015415280727
h1SMcG0010350	1.10368016635224	0.0906802229740285
h1SMcG0010351	5.79676376678892	0.000000000000000000000000000000961998543165816
h1SMcG0010352	1.05268982512188	0.0162713926738781
h1SMcG0010353	0.633452451098448	0.613275228426125
h1SMcG0010354	0.906617774142816	0.504061730776834
h1SMcG0010355	0.501282146799473	0.0186755552828934
h1SMcG0010357	0.116896611161039	0.854576952526399
h1SMcG0010358	0.56001467224086	0.206853814328496
h1SMcG0010359	0.0796324429915901	0.927301083810048
h1SMcG0010360	0.187538116531468	0.914731971397949
h1SMcG0010368	0.606526376818747	0.0373641110369548
h1SMcG0010372	-0.0854394379359654	0.949464573057605
h1SMcG0010373	0.374312612154448	0.469363165826715
h1SMcG0010374	0.54552585860439	0.0506018126403901
h1SMcG0010376	1.31049455433521	0.0115937592833878
h1SMcG0010377	-0.66527753002638	0.0186930315520308
h1SMcG0010381	0.841334559496087	0.363374129124245
h1SMcG0010382	-0.321227035512544	0.265364205123075
h1SMcG0010383	-1.46903524975138	0.162839661314827
h1SMcG0010384	-2.53023944812005	0.000000000000000171360265277109
h1SMcG0010388	-4.61481880125138	0.0000320960906640251
h1SMcG0010389	-3.10958154102917	0.0199205233820227
h1SMcG0010392	1.11897876545957	0.475518749343033
h1SMcG0010397	4.73036366861996	0.00000000000000140886921446345
h1SMcG0010398	2.1723452195635	0.00016536951728512
h1SMcG0010399	-0.588214606090531	0.0621605750152541
h1SMcG0010400	4.89501884340433	0.0000000423435219258901
h1SMcG0010401	-2.20153921678013	0.0179402942319185
h1SMcG0010402	-1.11529375080213	0.399881409102429
h1SMcG0010403	-0.603312491188275	0.627938238608549
h1SMcG0010404	-0.13307885305972	0.926520228413895
h1SMcG0010405	0.809856811242929	0.27852048246673
h1SMcG0010409	0.866000127398898	0.00291463281676379
h1SMcG0010411	0.342764710903808	0.422290339992426
h1SMcG0010412	0.498990932015299	0.0108046456736501
h1SMcG0010413	1.56289747862238	0.254130679654039
h1SMcG0010415	-0.682034195856723	0.415617199928637
h1SMcG0010416	0.176532315722056	0.815894410964469
h1SMcG0010417	-0.868995714668969	0.11282707627033
h1SMcG0010418	0.591955505655054	0.176901133440099
h1SMcG0010419	0.952502070750516	0.498987809321564
h1SMcG0010420	-0.0867980980223394	0.797729247317181
h1SMcG0010421	-0.181015586672937	0.754767723483608
h1SMcG0010422	0.786193389603037	0.000284003438512703
h1SMcG0010424	2.08607590212058	0.000272428584482346
h1SMcG0010425	1.73281937145383	0.0200516602548492
h1SMcG0010426	-0.187899710751478	0.559572862637348
h1SMcG0010428	5.2746296337099	0.0000000000000000000000000000000000000000000000000000000000000000000124235547582096
h1SMcG0010430	-2.5053347948411	0.00000431635973138448
h1SMcG0010432	-0.403787941049971	0.757193396753727
h1SMcG0010433	-1.55117983268185	0.0380948118775852
h1SMcG0010434	3.90116152056778	0.000000000000000000000000530234518693761
h1SMcG0010435	-0.954309679634445	0.000004544463697962
h1SMcG0010437	0.141930342929538	0.7219312073982
h1SMcG0010438	0.0886363571107867	0.93009289247098
h1SMcG0010439	2.82044648929545	0.0000000162295062141633
h1SMcG0010441	1.087179161027	0.00000352052087610064
h1SMcG0010442	-0.529507350203173	0.261280231970098
h1SMcG0010448	-2.67646917337695	0.000548799675204256
h1SMcG0010450	0.331481687253969	0.705333253398447
h1SMcG0010451	-2.22880388389447	0.00000655172271186338
h1SMcG0010455	-0.817322624583997	0.409749641746435
h1SMcG0010459	1.6033027964275	0.0221345465534433
h1SMcG0010460	-0.539305249784037	0.714970279536189
h1SMcG0010461	-0.140066415808723	0.70194174858276
h1SMcG0010465	-0.619676620429319	0.119863319503653
h1SMcG0010466	-1.11423915970427	0.000123144503404632
h1SMcG0010468	-0.115630735268674	0.676260059182908
h1SMcG0010469	-0.750648836165144	0.360676720148681
h1SMcG0010470	-1.71363062724647	0.0645111551031776
h1SMcG0010471	0.544239684562389	0.217298131765179
h1SMcG0010472	0.54714413891462	0.452537296669255
h1SMcG0010473	-0.593112360613097	0.699326723799092
h1SMcG0010474	-1.88097340052057	0.00897270973361597
h1SMcG0010477	-0.401207169554198	0.330809911489584
h1SMcG0010479	-1.41021589825216	0.159417420586617
h1SMcG0010480	-1.05738191706137	0.00000308437886455026
h1SMcG0010482	-0.981315837507843	0.0514895106209892
h1SMcG0010483	-0.0641633030091441	0.88538933581668
h1SMcG0010484	2.9316566842566	0.000000000000171150551251156
h1SMcG0010485	1.78290213559249	0.070283313949263
h1SMcG0010487	-2.62784131804867	0.000000195398540726245
h1SMcG0010488	3.26651365228835	0.000000000000000000000000000000000000000276400921047648
h1SMcG0010489	-2.98248202370553	0.0280959701674801
h1SMcG0010490	2.50610254002509	0.000000000000638795358741354
h1SMcG0010492	0.610322925742405	0.00487551147491493
h1SMcG0010493	3.50350393937285	0.00000283668419029318
h1SMcG0010494	-2.86099381760517	0.0078973976544589
h1SMcG0010495	-0.84676392290247	0.255954268071504
h1SMcG0010496	-0.571581090837102	0.0279022427462806
h1SMcG0010497	0.195602505284568	0.595597355200383
h1SMcG0010498	-2.71587253084118	0.0294736852111423
h1SMcG0010503	-1.25126081342803	0.379619853264765
h1SMcG0010504	1.25868255234325	0.112624513532981
h1SMcG0010506	-0.966355130197196	0.0168880136134549
h1SMcG0010508	-0.745720851012322	0.482321341598989
h1SMcG0010509	-1.64693661121254	0.0544397764767048
h1SMcG0010510	2.85473693728279	0.0557412257854078
h1SMcG0010513	-0.174238209107412	0.722133602429119
h1SMcG0010514	-2.01139988915147	0.000000000126131100007907
h1SMcG0010515	6.60819740032873	0.00000000000000158309908755706
h1SMcG0010516	-2.23827368847073	0.00000000000520843003094623
h1SMcG0010517	-1.85559145722224	0.19287830091254
h1SMcG0010518	1.51011722330289	0.108532727916386
h1SMcG0010519	-0.0804348663640538	0.830438002738987
h1SMcG0010520	-3.18840786789905	0.0152431751540107
h1SMcG0010521	0.873796720035915	0.0400986014838393
h1SMcG0010522	3.10680275472765	0.0000000000000000000000000000000000000000000000000000000000463713850207225
h1SMcG0010524	1.85992692799947	0.000000000278960753301005
h1SMcG0010525	-0.751200621586036	0.103948711806929
h1SMcG0010527	1.08618395855613	0.11094240303165
h1SMcG0010529	0.322199529706104	0.374210181526535
h1SMcG0010530	0.178244930068496	0.647653233001448
h1SMcG0010531	-0.531344335868114	0.168104983457066
h1SMcG0010533	3.10744580253228	0.000000000000000000330843028615641
h1SMcG0010534	4.16515996335706	0.0000307916159795453
h1SMcG0010537	0.161364668037636	0.845003926848758
h1SMcG0010539	-0.854729615768885	0.128125333753241
h1SMcG0010543	0.749443639787519	0.506987004506689
h1SMcG0010545	-0.235021174338261	0.648433350089503
h1SMcG0010546	1.38468972222996	0.039707887122162
h1SMcG0010547	-1.85036869733917	0.00644110581023004
h1SMcG0010548	0.943975807450873	0.508365948571725
h1SMcG0010551	-1.85779554568011	0.0272068508975742
h1SMcG0010552	-0.597707412060305	0.115983718106469
h1SMcG0010553	0.612831647644918	0.145762884976234
h1SMcG0010555	-0.73711291731828	0.421923241768966
h1SMcG0010556	-1.4496327374798	0.22780879796179
h1SMcG0010557	-2.58945759197047	0.000139453216387375
h1SMcG0010559	1.23951830620013	0.0000131078310733055
h1SMcG0010560	0.297006234298855	0.47272388733347
h1SMcG0010563	-0.431451628249535	0.528202294442071
h1SMcG0010564	-0.611220769640795	0.156305311988583
h1SMcG0010565	-1.66551319763316	0.0229798513279553
h1SMcG0010567	-2.41520079595504	0.0163689379666197
h1SMcG0010570	0.00409482261731303	0.992365208055148
h1SMcG0010571	-0.673741594339088	0.0662256901169253
h1SMcG0010573	0.0339351238292888	0.942832392932675
h1SMcG0010578	-0.662188315016595	0.309525673113635
h1SMcG0010582	-1.21962806589245	0.0953433915140409
h1SMcG0010584	-2.01536526488853	0.000000000000000729828754722442
h1SMcG0010585	-3.55712170086758	0.00413670582789099
h1SMcG0010586	0.718252219172503	0.663255244010643
h1SMcG0010587	-1.05610515175547	0.0759231422274202
h1SMcG0010588	-1.83496499086274	0.00488980435062513
h1SMcG0010592	-3.54706321435875	0.0101530566613801
h1SMcG0010593	-0.544726131345144	0.0484881628363018
h1SMcG0010596	-0.513971529127102	0.721811130666632
h1SMcG0010597	0.293810304160045	0.568380773662392
h1SMcG0010598	-0.449965417619326	0.614952642957314
h1SMcG0010599	1.94467591323683	0.0000000000245349146119698
h1SMcG0010600	3.33128878425535	0.000000000000000000000000714608341579484
h1SMcG0010601	-0.180554814917116	0.736587659337336
h1SMcG0010602	-1.31001813981123	0.144471777134456
h1SMcG0010603	-0.182023499377414	0.711298571064479
h1SMcG0010609	0.369554833752127	0.492004445885481
h1SMcG0010612	1.97405001531598	0.00000154212532908205
h1SMcG0010614	3.28680366201484	0.00000000000000000000000040845585416141
h1SMcG0010616	0.835357940613409	0.00000166144123610048
h1SMcG0010619	0.863242165531171	0.0566566277434896
h1SMcG0010620	-0.204330859123662	0.898368277964248
h1SMcG0010621	-1.06502518594562	0.077383257773686
h1SMcG0010622	0.00216439376615328	0.998669600300567
h1SMcG0010624	-1.72780877402481	0.171936953885911
h1SMcG0010625	1.49570033469205	0.0815121592135771
h1SMcG0010626	-0.502006814805088	0.0682208773401272
h1SMcG0010627	-1.61064263664845	0.00226550470029085
h1SMcG0010628	-0.102593982221986	0.911442251129312
h1SMcG0010629	0.400588536323227	0.237803967111022
h1SMcG0010631	0.083249230244742	0.925417632565215
h1SMcG0010632	4.38325596948621	0.000000000000000000000853797153411973
h1SMcG0010634	-3.19292651060263	0.0152448604757127
h1SMcG0010635	0.974736839179662	0.0255689248938935
h1SMcG0010636	2.32249247720286	0.00000000000130488909058705
h1SMcG0010637	0.650956310923145	0.0817468743268521
h1SMcG0010638	0.535460250771849	0.0308276223840931
h1SMcG0010642	-0.648242637104587	0.453438546125203
h1SMcG0010643	3.46784020765042	0.0000000000000000000000000381696257166769
h1SMcG0010644	0.597631288819712	0.357257926706553
h1SMcG0010646	-1.74994180854536	0.0000329124365337895
h1SMcG0010647	-2.46241097125034	0.0579474330571627
h1SMcG0010648	-3.14423085571222	0.00127049995198729
h1SMcG0010649	3.13961034872706	0.0621484536831891
h1SMcG0010650	2.22992751008938	0.0000000000208878708816553
h1SMcG0010651	-1.76228702076461	0.00525161255018959
h1SMcG0010652	-0.168793417469165	0.725365084216739
h1SMcG0010653	-0.838200810922527	0.284123319274996
h1SMcG0010656	0.120118995734794	0.815955664857964
h1SMcG0010658	-1.82195410919909	0.000000000000494438182042494
h1SMcG0010659	-0.904110400076125	0.297732617583172
h1SMcG0010661	0.557411056393443	0.233336936427346
h1SMcG0010663	1.34467605800793	0.000655548632314392
h1SMcG0010664	0.250802629433938	0.697118512312654
h1SMcG0010665	-1.65533514112574	0.00688799517597271
h1SMcG0010667	2.84166793406981	0.00000000000000000109590310244491
h1SMcG0010668	0.638710551867897	0.0216068482196436
h1SMcG0010669	2.55473797536657	0.00003280706530503
h1SMcG0010670	3.17292767631571	0.000000000000000000000000000000000000000000000000000460975101293397
h1SMcG0010671	-0.239808631180838	0.82050875855595
h1SMcG0010673	-2.34808543939406	0.00000000109815588985863
h1SMcG0010674	0.477977899878587	0.121418608365002
h1SMcG0010678	-0.425723331372745	0.494603136246577
h1SMcG0010685	-1.12527111859022	0.0118202105295422
h1SMcG0010687	4.80907053883355	0.00000000000000000562078582773595
h1SMcG0010689	-1.46696583757171	0.312295645941193
h1SMcG0010691	0.116980328564648	0.764529561238545
h1SMcG0010694	-2.68965394477949	0.00958433489928781
h1SMcG0010696	-0.671923950890482	0.0142671418798234
h1SMcG0010698	-1.08958303429482	0.0000309987820168091
h1SMcG0010699	2.17201881194143	0.00000000000000017105717881441
h1SMcG0010700	0.193311343239054	0.415331831301687
h1SMcG0010707	-1.44070605481801	0.0041251680411361
h1SMcG0010708	-1.68833151960256	0.0000308203367323095
h1SMcG0010710	-0.999779648934403	0.00203886900451727
h1SMcG0010711	-1.12174087518848	0.260774723731544
h1SMcG0010715	3.59807959243144	0.0000000000000000106855565056029
h1SMcG0010717	-0.352977465298081	0.695251457198462
h1SMcG0010718	1.05843063531139	0.253368873105868
h1SMcG0010719	2.04450968164823	0.000000015973499287587
h1SMcG0010720	2.20858115168379	0.000000000000000607684363601937
h1SMcG0010721	-0.481353227945346	0.722133602429119
h1SMcG0010724	-0.0828630486745287	0.915360561400987
h1SMcG0010725	3.23817627613811	0.00000000000000000000516701563928199
h1SMcG0010726	1.56470567980251	0.000874143391717841
h1SMcG0010727	-0.127778606196419	0.861877042006074
h1SMcG0010730	-2.04711358129864	0.000000000000000000193638898369449
h1SMcG0010731	-4.29924105439249	0.000005604867480953
h1SMcG0010732	1.32769358905438	0.0188741762623763
h1SMcG0010733	-3.21167218446997	0.00787795963299003
h1SMcG0010734	-0.811074823498787	0.404861790198684
h1SMcG0010735	1.00806300667886	0.340724329187913
h1SMcG0010736	0.0651657913091	0.965686551326131
h1SMcG0010738	1.38234870820946	0.0155588448603442
h1SMcG0010739	1.0676415384379	0.00767901185285493
h1SMcG0010740	-1.38836695711706	0.389839567359814
h1SMcG0010741	0.0732957887080035	0.876078564357676
h1SMcG0010742	-1.32056886607279	0.309316784906464
h1SMcG0010743	0.530183324097597	0.370089935184175
h1SMcG0010744	-0.297171944691468	0.516642895749617
h1SMcG0010745	-0.125216662375375	0.794538323448985
h1SMcG0010747	-0.328985859260325	0.493490213961948
h1SMcG0010748	-1.65270207887189	0.272178403944221
h1SMcG0010749	-0.485195513207755	0.0261763890126736
h1SMcG0010750	0.0140051558352085	0.980837967201583
h1SMcG0010751	-1.25933559269804	0.45747601229458
h1SMcG0010752	2.69193350833365	0.0000846660033548165
h1SMcG0010756	2.65665408653579	0.0000000000000000000000163975168007976
h1SMcG0010757	-0.387971594258244	0.634778404695096
h1SMcG0010758	-0.647048651293964	0.105481406693983
h1SMcG0010760	1.14071036399275	0.189935929092075
h1SMcG0010761	0.379179247341849	0.820026254878425
h1SMcG0010762	0.243089457093561	0.895760927801076
h1SMcG0010764	0.0094247786944968	0.988843813488445
h1SMcG0010767	-0.385092403834775	0.600891349360329
h1SMcG0010769	2.37751654593564	0.0000000905306086704656
h1SMcG0010770	1.17591458858263	0.0262989847140687
h1SMcG0010772	-1.24351602285114	0.00100988463049183
h1SMcG0010774	0.405976788683505	0.451406981620851
h1SMcG0010775	1.18038160717218	0.0000588586832743037
h1SMcG0010776	0.899796658645273	0.0522363795280389
h1SMcG0010777	-0.349089034741188	0.36795681287105
h1SMcG0010778	0.608716029712155	0.574743805894814
h1SMcG0010780	6.65151755761758	0.000000000000000000000000000201486566755257
h1SMcG0010781	-0.397762046386199	0.225047663808398
h1SMcG0010782	0.546342681975718	0.150198024874706
h1SMcG0010783	0.0492724801486258	0.891059089263286
h1SMcG0010784	3.28445464721723	0.000000000000017247585155113
h1SMcG0010785	-3.37274767054644	0.0175957252776665
h1SMcG0010788	0.456143552425339	0.176389914275076
h1SMcG0010789	-0.0694857536948392	0.933379592380514
h1SMcG0010790	-0.215452367386458	0.660304515434406
h1SMcG0010791	0.356955462762405	0.189724160655115
h1SMcG0010792	3.96777128264565	0.0000000000206685171466644
h1SMcG0010793	0.445115729119069	0.576656436381801
h1SMcG0010795	-0.321588818611427	0.392094533739077
h1SMcG0010796	0.455435114027146	0.128401968244589
h1SMcG0010797	0.395661327632065	0.159224055650238
h1SMcG0010798	0.0804358196894225	0.827389331597805
h1SMcG0010799	-1.93551941475525	0.00233056095992775
h1SMcG0010800	1.93789196516765	0.052489506904284
h1SMcG0010801	-0.629171897310787	0.140521080949048
h1SMcG0010802	-0.26005559243719	0.730197747415979
h1SMcG0010803	-1.82482446350234	0.0177437138054237
h1SMcG0010804	-0.583623240173736	0.748569933183187
h1SMcG0010807	-3.37167477179282	0.0000698705937954513
h1SMcG0010809	3.3026106258399	0.0000000000000000000000000356496940077406
h1SMcG0010810	0.16513795141506	0.838637935272876
h1SMcG0010811	-0.123159814471648	0.857559573195406
h1SMcG0010812	-0.333118641306825	0.404861790198684
h1SMcG0010813	-0.899184858564457	0.0662220553715291
h1SMcG0010818	3.69931326427561	0.0000136717050874234
h1SMcG0010820	-1.09853086485727	0.0117668869107315
h1SMcG0010821	2.99681294880814	0.00000000000000000000448853529972552
h1SMcG0010822	-1.66319844742674	0.228919288803258
h1SMcG0010823	-2.08031937113635	0.0000000000000000000000000000000000348650568602966
h1SMcG0010829	-1.11801320601463	0.0428843423772308
h1SMcG0010831	4.05923516671209	0.0000000000000000000033181247303787
h1SMcG0010832	0.753871976216262	0.00105921133310007
h1SMcG0010835	-2.11605455398859	0.00000000000000000000000000000000000153860422268101
h1SMcG0010837	0.0311359800949187	0.943594817127365
h1SMcG0010841	0.057762495872509	0.944764608494957
h1SMcG0010842	0.450568571846236	0.663377241742451
h1SMcG0010843	0.765508894857482	0.0792082118280463
h1SMcG0010845	-0.103085372131617	0.861608701837229
h1SMcG0010847	-2.62505172036784	0.0000145907195450329
h1SMcG0010849	-0.557624507266088	0.293472184316282
h1SMcG0010851	-0.832571802693332	0.386797123978247
h1SMcG0010852	0.0980594512447104	0.914800281067585
h1SMcG0010854	0.146301765783576	0.830319085200473
h1SMcG0010855	-2.36123540643366	0.0271441626892859
h1SMcG0010856	0.223295852969009	0.892238768858335
h1SMcG0010860	-1.97325415510163	0.0121435859906906
h1SMcG0010863	3.72703155747896	0.000000000000000000000000000000000000000000000000000000000000139760328472069
h1SMcG0010864	-1.85850861091866	0.0271441626892859
h1SMcG0010865	0.0483965586389322	0.894270836545389
h1SMcG0010866	-1.35905891249988	0.000000264345051429725
h1SMcG0010868	-1.33048724668803	0.398541058499353
h1SMcG0010871	-3.93065963444356	0.00036137922266874
h1SMcG0010872	-1.65521622390908	0.235324958321905
h1SMcG0010874	-0.485238207262737	0.0468577150273632
h1SMcG0010875	-0.599476895829164	0.387289764210278
h1SMcG0010878	1.2199588619391	0.123797815948406
h1SMcG0010879	-0.354581398934843	0.452018016804643
h1SMcG0010881	-1.65972121718147	0.0612153729516901
h1SMcG0010882	-0.784302994781598	0.261632434340533
h1SMcG0010885	-0.256964839159812	0.870342193751973
h1SMcG0010886	-1.35430156892979	0.0107941821312989
h1SMcG0010887	-2.31920623604135	0.0002193661472614
h1SMcG0010888	0.188346387669024	0.677575240983282
h1SMcG0010889	-0.354152440038684	0.118020543235105
h1SMcG0010890	-1.72471349313298	0.0816638644574583
h1SMcG0010891	1.75777229827663	0.0000000000396258935741114
h1SMcG0010892	1.95312001945932	0.000000155799976660017
h1SMcG0010895	-1.31659898170214	0.0000653184752435556
h1SMcG0010897	-0.236523832525656	0.776582687446534
h1SMcG0010898	2.4903079252928	0.0000000000000168382237207416
h1SMcG0010899	-0.326066232673451	0.463530214683181
h1SMcG0010900	-0.0535358368300321	0.976400460169833
h1SMcG0010901	0.171286265788046	0.749293173075593
h1SMcG0010902	-1.53388805629244	0.0963471201954715
h1SMcG0010903	-0.718249344894397	0.0666672033075845
h1SMcG0010904	0.334582769505009	0.695278391103232
h1SMcG0010905	4.64023621169549	0.0000000982181422310207
h1SMcG0010907	-4.38126933649401	0.000112274016471504
h1SMcG0010908	1.21679856849618	0.337138500595613
h1SMcG0010910	0.0311236597506052	0.939922957969656
h1SMcG0010911	0.192186756791327	0.707127435645937
h1SMcG0010912	4.37818678196879	0.0000000000000000000000000341101577913703
h1SMcG0010913	0.729242894796035	0.066646952429294
h1SMcG0010914	-1.26396467707322	0.0000211640925462887
h1SMcG0010915	-0.498367107673183	0.179711672615721
h1SMcG0010916	-3.75018411601594	0.000159302557436275
h1SMcG0010918	-0.0530936021024655	0.910360304473619
h1SMcG0010920	-0.79945266495359	0.219260954448815
h1SMcG0010921	-0.425390494596176	0.713039058555778
h1SMcG0010923	-0.650403769018487	0.00321478722009851
h1SMcG0010924	1.68332789362069	0.0000000527587719859078
h1SMcG0010926	0.71625103405494	0.00426323955317159
h1SMcG0010927	4.62098113699598	0.00000000000000000000000318126240332926
h1SMcG0010928	0.735931931713357	0.00374378146513402
h1SMcG0010929	-1.45803167650271	0.0378327687497238
h1SMcG0010930	-0.16459717394959	0.839719330636345
h1SMcG0010934	3.31789201043162	0.000000957347588245269
h1SMcG0010936	-0.0368531255905122	0.977668606832753
h1SMcG0010938	-2.33466525535434	0.000000000000000000318152678646506
h1SMcG0010939	-2.20249022784405	0.000000000000427155084604491
h1SMcG0010940	0.0586498864948042	0.913923733807678
h1SMcG0010941	-0.23053095096715	0.536731178766551
h1SMcG0010944	0.0715615466930519	0.918754966975246
h1SMcG0010948	-0.758682658680413	0.0811814503347623
h1SMcG0010950	4.50254208120934	0.0000000000000475911852591409
h1SMcG0010953	-1.77131169843087	0.00852567853761823
h1SMcG0010956	-1.49388369343767	0.173625935198759
h1SMcG0010957	-1.00569774287234	0.146001293953244
h1SMcG0010959	0.982252721961585	0.0265883582168822
h1SMcG0010961	0.918132147275208	0.000904769822163154
h1SMcG0010965	-1.64600198431629	0.000970439136989786
h1SMcG0010966	-1.50618516486529	0.340189236831574
h1SMcG0010968	1.71646253339032	0.0501415517919252
h1SMcG0010971	0.502946281636392	0.565686121975232
h1SMcG0010973	-1.12991668893632	0.385581280691817
h1SMcG0010974	0.000836459467956562	0.99941752941691
h1SMcG0010975	-1.88529168508663	0.000000000000000585623118826169
h1SMcG0010976	-3.33799886499153	0.0000000000555799149245100
h1SMcG0010977	0.393634662203901	0.45747601229458
h1SMcG0010978	-0.74053081131596	0.598065144700648
h1SMcG0010980	1.91606245731782	0.0000000000273889005569754
h1SMcG0010982	-0.451676006521463	0.301601738472592
h1SMcG0010985	-0.461742763471536	0.412084089658757
h1SMcG0010986	-0.433192562027987	0.16931659498565
h1SMcG0010989	1.13605907636721	0.00000000274672488986028
h1SMcG0010990	0.653782325229506	0.0527670868177393
h1SMcG0010991	0.598819083642628	0.00293153712759512
h1SMcG0010992	1.250837078065	0.00569896139723083
h1SMcG0010995	3.00406622329879	0.000000000000072190581357951
h1SMcG0010996	1.89771675270139	0.0799342730859508
h1SMcG0010997	2.41990152564073	0.000016900293615226
h1SMcG0010998	0.221951143029118	0.792530029081417
h1SMcG0010999	-0.897456280228482	0.156516236642899
h1SMcG0011001	-2.21942570471721	0.00128334859000317
h1SMcG0011002	-4.48226973553988	0.00000000000388489073931905
h1SMcG0011003	-0.556589094840301	0.262474288695083
h1SMcG0011004	-0.999599007125869	0.117385651783421
h1SMcG0011005	-0.721709999501565	0.0804180457522999
h1SMcG0011006	-0.029275702864448	0.968616347072897
h1SMcG0011007	-3.45946601489335	0.000206373994376669
h1SMcG0011011	-2.19193675650855	0.110760648326678
h1SMcG0011014	-0.7709225605948	0.313097604527873
h1SMcG0011015	-1.81685595559728	0.00188779558510041
h1SMcG0011017	0.0336452034672905	0.930068592224457
h1SMcG0011023	1.56626397031669	0.0000000108508902992333
h1SMcG0011025	-0.39501441879609	0.701714975667446
h1SMcG0011026	0.144204728939128	0.821115419668068
h1SMcG0011027	-0.967046504778013	0.000139381747638951
h1SMcG0011028	0.355484800171889	0.343829829197341
h1SMcG0011030	0.487902386051108	0.0389797736043766
h1SMcG0011031	-1.06836019206813	0.000000074762215521806
h1SMcG0011032	-2.52906951411202	0.00000312174867966975
h1SMcG0011034	1.70793648303723	0.00000000834627796217446
h1SMcG0011035	-1.81155862150827	0.00000321364669217236
h1SMcG0011036	0.258492111091421	0.614639163079016
h1SMcG0011038	1.4937136729601	0.0394595019462101
h1SMcG0011040	-1.13638602626236	0.0125718654087341
h1SMcG0011045	-1.8329755083546	0.156659199147104
h1SMcG0011046	-0.296185978277018	0.262842584832835
h1SMcG0011047	-3.20384376685119	0.000118530128578758
h1SMcG0011049	-0.756937548141328	0.353838976436426
h1SMcG0011050	2.46418290289476	0.00000000365067871735715
h1SMcG0011051	0.353682700017031	0.505905800458413
h1SMcG0011052	4.5029930255401	0.00000000000000000105042278576768
h1SMcG0011053	-0.500205759021803	0.661434353685655
h1SMcG0011055	-5.17920602125108	0.00000295212558727274
h1SMcG0011056	-0.87128514062855	0.225796510529694
h1SMcG0011058	-0.976636889812022	0.119063618395287
h1SMcG0011059	1.75285763527662	0.00839570416078909
h1SMcG0011060	2.40127529706476	0.000000000113070982111945
h1SMcG0011061	3.10703604133066	0.0000000000808618547511159
h1SMcG0011064	-1.66213647119216	0.0875348974478265
h1SMcG0011066	-0.616605854294266	0.274668048116047
h1SMcG0011068	-0.49051935716819	0.371385213366009
h1SMcG0011069	-0.976687986236339	0.124750810135687
h1SMcG0011070	-0.310712417802043	0.450768134304444
h1SMcG0011072	0.811998170160323	0.117444700465289
h1SMcG0011073	-0.980718201882945	0.000947399915099856
h1SMcG0011074	-0.233742716980081	0.865169756633281
h1SMcG0011076	0.105321162191606	0.717244013152113
h1SMcG0011077	2.83515419929379	0.000000000000000267943667963016
h1SMcG0011078	-0.514447884975001	0.227904905143488
h1SMcG0011079	-0.0750993683435039	0.896919288825669
h1SMcG0011080	-0.958138666297223	0.0043535768805363
h1SMcG0011082	-0.977748209915584	0.0105339837819233
h1SMcG0011083	-0.881373820405838	0.0605304302049665
h1SMcG0011084	-2.60497040862339	0.0733795456422435
h1SMcG0011085	0.246889548717099	0.596921502067734
h1SMcG0011087	-0.682765410285275	0.580935545147948
h1SMcG0011088	-0.700990802874772	0.306035193400873
h1SMcG0011089	0.606249082905638	0.546681635806694
h1SMcG0011090	-0.857107427722923	0.0650848056908425
h1SMcG0011091	-3.84503958396045	0.000000000187672677873392
h1SMcG0011092	1.0485839483677	0.0687157166183189
h1SMcG0011093	-1.06744539106865	0.178691431640666
h1SMcG0011094	-1.77731381678918	0.000000000183494958528268
h1SMcG0011096	0.223041452697923	0.684467753404879
h1SMcG0011098	-1.4740401855763	0.0000216527012289508
h1SMcG0011100	-1.56480603793032	0.0568398185333164
h1SMcG0011101	-1.32458064876681	0.000000236936822171612
h1SMcG0011102	-4.51498051048418	0.000117951206732791
h1SMcG0011103	0.635482360644713	0.0560006686854149
h1SMcG0011105	-1.15628975012185	0.0597630014009736
h1SMcG0011109	-0.983264184773999	0.00000000915913073573428
h1SMcG0011111	-0.619926025534194	0.286715443870799
h1SMcG0011112	0.0312337071060081	0.962434854757098
h1SMcG0011114	-1.62107967837146	0.0000707705953936929
h1SMcG0011117	-1.89772468683922	0.000645281143284266
h1SMcG0011120	1.35626812516968	0.00000000933273141772159
h1SMcG0011121	2.70724303148128	0.0000168093377451599
h1SMcG0011122	-2.76884305834805	0.0170016932712084
h1SMcG0011123	0.983765659391202	0.000000811543784084384
h1SMcG0011124	-0.909756209693226	0.584397922580344
h1SMcG0011127	2.31234408614884	0.00000100067195677608
h1SMcG0011130	-1.28242903876077	0.000000195962375742617
h1SMcG0011132	-1.47107803974455	0.0115517862557586
h1SMcG0011135	-0.978851599251002	0.511053053036083
h1SMcG0011137	1.07341188437401	0.195382964031208
h1SMcG0011138	1.58488803524149	0.0000296646113597242
h1SMcG0011139	-0.414254738308795	0.704414422356049
h1SMcG0011143	-2.00186850537272	0.134006657441383
h1SMcG0011148	0.187770660393847	0.878873863186514
h1SMcG0011149	-0.080187965006244	0.927170563775082
h1SMcG0011150	0.776126375540148	0.480348229968297
h1SMcG0011153	0.602431714649057	0.0454204635180199
h1SMcG0011154	-2.2968380525066	0.00877213265866347
h1SMcG0011155	-4.56181646870076	0.00011353471505417
h1SMcG0011156	-3.33240709489026	0.000000601661976647496
h1SMcG0011159	-1.32934154569466	0.339108648265214
h1SMcG0011160	0.723163484124106	0.00724761131977984
h1SMcG0011161	-3.93207835182226	0.00196007637628797
h1SMcG0011162	0.177637696029879	0.885629314751353
h1SMcG0011163	2.30183514507688	0.00000000000000000000000595948032378849
h1SMcG0011164	0.124915715633319	0.627199816917319
h1SMcG0011165	-2.41572047588644	0.00200629071990372
h1SMcG0011168	-0.182614821856274	0.661632712758744
h1SMcG0011169	-0.212869426294628	0.783814848939988
h1SMcG0011172	0.1655245585897	0.74872060437941
h1SMcG0011176	0.494617084993651	0.634165379941127
h1SMcG0011178	-3.7106637058354	0.00283906981847671
h1SMcG0011180	-0.860577535704114	0.0451770589452918
h1SMcG0011181	3.61503482483497	0.0000000000000014047587413709
h1SMcG0011183	-0.216689907992738	0.86084522034244
h1SMcG0011185	-1.32786178091384	0.320896252650849
h1SMcG0011189	-0.341030860804473	0.804952371817198
h1SMcG0011190	-0.647528351899457	0.189788555008571
h1SMcG0011197	-0.073700758763559	0.90775558522377
h1SMcG0011198	-1.70988607448617	0.288847170363299
h1SMcG0011199	-2.2682706099997	0.0245470801658427
h1SMcG0011200	5.60508784369917	0.0000000282365861087609
h1SMcG0011201	1.25923036830648	0.0138938464631261
h1SMcG0011202	5.24946745143674	0.00000000000000000000272697832540072
h1SMcG0011203	0.0730246254262839	0.913480316145582
h1SMcG0011204	-1.88547891360929	0.00000199945628805675
h1SMcG0011207	0.70734796869988	0.000216581643617457
h1SMcG0011210	-2.0901515201466	0.000000000000000000000275228493968092
h1SMcG0011211	-1.74774789074943	0.00490647257438462
h1SMcG0011212	1.77576357742804	0.000000000255599652976461
h1SMcG0011213	0.381238111864621	0.485316621902449
h1SMcG0011214	1.38524132743811	0.33390833502608
h1SMcG0011216	-0.311288199447503	0.285958343695414
h1SMcG0011218	-0.141053372845133	0.825187476502838
h1SMcG0011219	-3.23546042202939	0.00000000041629837544388
h1SMcG0011220	-0.340440436640578	0.347176228956122
h1SMcG0011221	-1.44425011361727	0.313693749426577
h1SMcG0011226	1.12345778284037	0.08590909400247
h1SMcG0011228	-0.923472681460988	0.415694992304047
h1SMcG0011229	-2.5590721450118	0.00000798283899765904
h1SMcG0011230	-0.475670371620945	0.281901981266415
h1SMcG0011231	0.108613903826582	0.951954694616662
h1SMcG0011235	2.20070790380192	0.00059586365057565
h1SMcG0011236	-1.98412059573673	0.164830120044983
h1SMcG0011237	1.86432797525753	0.000253403656536832
h1SMcG0011238	-2.2190788028275	0.000000000000607259396492889
h1SMcG0011240	0.362900793757655	0.769831262608292
h1SMcG0011241	-1.13748484303018	0.00000269118070040392
h1SMcG0011243	-1.26131569473661	0.0000000000106863988323509
h1SMcG0011244	-1.32234268184798	0.000575896237858709
h1SMcG0011245	-1.05787303770742	0.0000467056853085343
h1SMcG0011249	0.135222627969724	0.884081503711835
h1SMcG0011250	-0.447033019845733	0.765823870686956
h1SMcG0011251	4.24344896386595	0.0000000000000000000000000125818803877779
h1SMcG0011252	0.898510962056845	0.01213742534472
h1SMcG0011255	-0.0814714654356959	0.935331404272234
h1SMcG0011256	-0.492822615010544	0.15522995400817
h1SMcG0011258	-1.76019361678385	0.108076664081951
h1SMcG0011263	2.6567880241192	0.00000000000000000000142256406212785
h1SMcG0011264	-0.00716064991705676	0.977984045915754
h1SMcG0011266	-0.256722060895824	0.482169331700997
h1SMcG0011270	-2.66628102503632	0.0000942476747577751
h1SMcG0011272	-1.27687670631093	0.153536508611759
h1SMcG0011278	5.4434031227299	0.00000000000000000000000144366971512043
h1SMcG0011282	2.70363991445956	0.0000000000000355768768957374
h1SMcG0011283	-0.234473876512461	0.595423407555142
h1SMcG0011284	3.72021329838007	0.0000000000000000000000000000000000762747502103914
h1SMcG0011285	-2.22808087652203	0.000712308293885377
h1SMcG0011287	0.483995777140193	0.651918755885561
h1SMcG0011288	-1.39347006701029	0.00018628684373946
h1SMcG0011289	-1.89041412617915	0.00000127560397158714
h1SMcG0011291	-1.88393590916398	0.0000200150704724238
h1SMcG0011292	-2.91029797033505	0.000605556159802299
h1SMcG0011293	0.174565993369435	0.829344389011779
h1SMcG0011295	0.627397227852772	0.374324972490505
h1SMcG0011296	0.0620784258085593	0.894858226521598
h1SMcG0011297	0.0255050980372877	0.973978002325139
h1SMcG0011300	-0.0892134398449647	0.776518610832818
h1SMcG0011301	0.152658107492981	0.896182371014667
h1SMcG0011302	-2.43456875963819	0.000871467254917668
h1SMcG0011303	-1.06103355986094	0.160945860333878
h1SMcG0011306	0.796983059376378	0.356507836848056
h1SMcG0011307	-0.750474349902949	0.617171495957065
h1SMcG0011308	2.41677051167634	0.0000000000000000000000105622173511624
h1SMcG0011310	-0.300040176241917	0.203678942202739
h1SMcG0011311	-1.51071506701692	0.000000013746083624744
h1SMcG0011312	-2.40769566202014	0.000000942760347638245
h1SMcG0011316	-0.727684461242209	0.0310613117111004
h1SMcG0011317	-0.256940000236768	0.840309530983378
h1SMcG0011318	2.16734366608816	0.0000000000000578658332082066
h1SMcG0011322	0.105735171615092	0.953877183531521
h1SMcG0011323	0.462449485652185	0.438161155323649
h1SMcG0011325	3.70747214542321	0.00000000000000246026413370031
h1SMcG0011326	2.43434774211495	0.0000000587597619141859
h1SMcG0011328	-2.46546764369193	0.000143206223970783
h1SMcG0011331	-3.08736368731451	0.0215636075673716
h1SMcG0011332	-2.54433712965698	0.0441015932431973
h1SMcG0011333	-2.12781761229716	0.120377819828001
h1SMcG0011337	-3.58791504261223	0.000528737077224982
h1SMcG0011338	-1.86176048542918	0.201778609312804
h1SMcG0011339	0.217572622863231	0.714112234088671
h1SMcG0011346	-0.536854842491205	0.740067796228375
h1SMcG0011347	2.12046324754597	0.0928582120217018
h1SMcG0011349	-0.392405909416506	0.138616026551888
h1SMcG0011350	-0.071758612203123	0.793833576892018
h1SMcG0011351	-1.74906917104966	0.173358090825749
h1SMcG0011353	2.05885569440092	0.0360297324122535
h1SMcG0011356	-1.68918129967595	0.000323860680731317
h1SMcG0011358	-1.13179073527419	0.12662655271646
h1SMcG0011360	-0.102319674797907	0.777223636253699
h1SMcG0011361	-2.69497151810299	0.0394154300149126
h1SMcG0011363	2.11246733864608	0.000175344834619108
h1SMcG0011364	-0.124299831969674	0.784050085175069
h1SMcG0011365	0.0344972291517933	0.95919552903678
h1SMcG0011366	-2.31344581707993	0.123384131233242
h1SMcG0011367	-0.42868022328446	0.714112234088671
h1SMcG0011369	-0.622427009789945	0.393027112675789
h1SMcG0011372	1.73893460930104	0.00623959560899001
h1SMcG0011373	0.458309680829965	0.122532462118279
h1SMcG0011374	1.89989932197564	0.0000957049462693295
h1SMcG0011376	-2.20795655082588	0.026584739090183
h1SMcG0011378	-1.30522178264538	0.00119004451665894
h1SMcG0011379	-4.0231208735541	0.000620618586101181
h1SMcG0011380	-2.45262650731491	0.0113061667995059
h1SMcG0011381	-0.356569938657049	0.792365173846701
h1SMcG0011382	-0.727172584422213	0.00208847928591678
h1SMcG0011383	-0.134649875202656	0.887263543536156
h1SMcG0011385	-0.508827066616725	0.100448491876369
h1SMcG0011389	0.760773031368873	0.0116504671063554
h1SMcG0011391	-0.390536754482695	0.615343001371079
h1SMcG0011392	-1.60333107600248	0.0000000951468623608138
h1SMcG0011393	-2.67374160492352	0.00000225820230965523
h1SMcG0011394	-2.04078332041743	0.0158738970477327
h1SMcG0011395	-0.159802736358466	0.919184065018748
h1SMcG0011398	-0.632856408012038	0.414323369596136
h1SMcG0011399	0.515955147700451	0.508365948571725
h1SMcG0011400	-2.10908600157956	0.0548307895526782
h1SMcG0011402	2.74046269741838	0.00442646103706058
h1SMcG0011404	0.027677849267718	0.969227747160287
h1SMcG0011406	-1.30668473890206	0.436458482101248
h1SMcG0011407	-0.567903756982777	0.741436465399991
h1SMcG0011408	-1.83063023876981	0.1604361694328
h1SMcG0011410	1.36833604424891	0.0000000345774990747235
h1SMcG0011411	1.70404074193242	0.0157139338131284
h1SMcG0011413	4.98032174817546	0.00000000000000000000336519621688472
h1SMcG0011415	-0.731858795587392	0.0586095662745639
h1SMcG0011420	0.0490801971825791	0.968995664397632
h1SMcG0011421	0.744503115264549	0.415568516089947
h1SMcG0011423	-0.444308362117363	0.679981086259275
h1SMcG0011425	-1.54694512385994	0.000000822475980083491
h1SMcG0011428	2.15489676959515	0.0000000000000000479771908915913
h1SMcG0011435	0.290868076098254	0.567983520227826
h1SMcG0011437	-2.37475953026807	0.000000000195060100870051
h1SMcG0011438	1.19943784395012	0.0000035704693357475
h1SMcG0011439	-1.1606467988905	0.0378569400870383
h1SMcG0011442	0.947493550844698	0.0746013686744691
h1SMcG0011443	0.584142631875369	0.12662655271646
h1SMcG0011444	-0.663607774323253	0.288787635158116
h1SMcG0011445	-5.26421682150073	0.00000174591182093573
h1SMcG0011447	0.601569832518349	0.00260420518842034
h1SMcG0011449	-0.247137944090133	0.659394589503406
h1SMcG0011452	0.470772050813452	0.363298941960469
h1SMcG0011453	-0.177757030047916	0.696772921236297
h1SMcG0011454	-0.992638550278979	0.467146286251308
h1SMcG0011455	0.214039377037073	0.720913789687876
h1SMcG0011456	-1.38400068047094	0.221569115493049
h1SMcG0011457	0.664009594836265	0.551601636987923
h1SMcG0011458	-1.10824937966521	0.00763878664355601
h1SMcG0011459	1.78696510839471	0.0331497723157071
h1SMcG0011460	-2.38878708136829	0.0762341632145236
h1SMcG0011461	-0.693211687455805	0.476732156065827
h1SMcG0011462	-4.56742220664133	0.000000198655149205331
h1SMcG0011464	2.21033221413742	0.00000000000896233845319431
h1SMcG0011466	-0.248628189358522	0.38177001708222
h1SMcG0011468	-0.551036589818188	0.503138961751179
h1SMcG0011469	-0.537041983209387	0.0670034752557838
h1SMcG0011470	3.92601018297422	0.00000000000000000000000289892788909097
h1SMcG0011473	-1.46167816250713	0.216610385069333
h1SMcG0011475	-0.887272207207048	0.305674555173695
h1SMcG0011476	-0.880856211154971	0.576656436381801
h1SMcG0011478	-1.41093206018058	0.379319061811029
h1SMcG0011479	0.992036613843346	0.000494399158317647
h1SMcG0011480	-0.211437388866216	0.541632703851089
h1SMcG0011482	1.99084787164689	0.0792082118280463
h1SMcG0011484	-2.20005792588109	0.0753240798863326
h1SMcG0011485	-2.51917130825437	0.0122995021259434
h1SMcG0011486	-2.69120237919185	0.00334759978033232
h1SMcG0011488	-0.0360461121365334	0.977584829258127
h1SMcG0011489	4.81482029693016	0.00000178720905132945
h1SMcG0011490	0.159154062645098	0.841083083531141
h1SMcG0011492	-0.631013674682088	0.61320141449027
h1SMcG0011493	3.93062052005372	0.0000000000000000461609302852116
h1SMcG0011496	-1.48334130774926	0.0718999137682621
h1SMcG0011497	-2.97112412259461	0.0308433454646933
h1SMcG0011500	-2.15199272466724	0.104939004625422
h1SMcG0011501	5.35151332531591	0.0000083829239996912
h1SMcG0011502	-0.366749956526839	0.213828783465327
h1SMcG0011503	-2.4992795450749	0.00092511349619089
h1SMcG0011504	-1.10047021337449	0.227852341139706
h1SMcG0011505	-1.05867857168871	0.0368283926117725
h1SMcG0011509	-0.536832069090906	0.00246580972630272
h1SMcG0011510	-1.02210410304681	0.0592110195195214
h1SMcG0011511	-0.106423798794379	0.838637935272876
h1SMcG0011512	-1.05597704407986	0.161125935660702
h1SMcG0011516	-0.581881698458049	0.0942019729691458
h1SMcG0011518	-0.60591173689541	0.421286047674114
h1SMcG0011520	-2.31350591824629	0.0948566715947695
h1SMcG0011521	-0.764849116178196	0.315857980062941
h1SMcG0011522	0.929958797205622	0.305153794508557
h1SMcG0011523	-2.80573199136568	0.00000651919499904945
h1SMcG0011525	-0.912925861264947	0.035308217667213
h1SMcG0011529	-0.644105420227067	0.652995610370023
h1SMcG0011530	1.61727671075187	0.000000179921596389053
h1SMcG0011532	0.102118487474555	0.885468780568522
h1SMcG0011534	1.2368725500794	0.0124311653751015
h1SMcG0011535	-1.12068094223955	0.00428817039067029
h1SMcG0011536	0.390392551522111	0.170721282869399
h1SMcG0011537	0.266521828102387	0.718803232800081
h1SMcG0011540	2.48862437607509	0.0000000000000000000147309357899172
h1SMcG0011541	-2.38715678992195	0.0938669834382113
h1SMcG0011542	5.59180871331415	0.0000000000000000000000000000120508137913642
h1SMcG0011543	-0.665896872591679	0.552175408774319
h1SMcG0011544	0.379927842821996	0.683213686886571
h1SMcG0011545	0.387001918394035	0.515836215649167
h1SMcG0011546	-0.430862220264379	0.207688938092914
h1SMcG0011547	1.00211921961417	0.20816656177694
h1SMcG0011548	-0.437267905101626	0.631424205195108
h1SMcG0011549	3.17544572591516	0.00000000645825553139921
h1SMcG0011550	2.541306867347	0.0000000000934380619945583
h1SMcG0011551	-0.648334265056683	0.59902057254712
h1SMcG0011554	-0.0307434646989885	0.97814856883757
h1SMcG0011556	0.142092889577733	0.700639181748435
h1SMcG0011558	3.14976138598941	0.000000621493070629823
h1SMcG0011563	-2.93149910238512	0.00812123582581407
h1SMcG0011564	-0.460199278048289	0.189337598539154
h1SMcG0011566	-0.830097772477813	0.281850715180771
h1SMcG0011568	0.321559712434245	0.850833008548809
h1SMcG0011569	0.0917952706814917	0.893714691215274
h1SMcG0011570	-2.04230852660366	0.00066777870100786
h1SMcG0011571	-0.681930083471431	0.156921013788643
h1SMcG0011573	0.0908411009559037	0.896734140230521
h1SMcG0011574	1.29937518823146	0.257766542869102
h1SMcG0011575	-1.55668498764133	0.0596118161724736
h1SMcG0011576	-1.29205400063658	0.0000035704693357475
h1SMcG0011577	0.144911898844718	0.895504943217624
h1SMcG0011578	-0.363641263770501	0.750553630475127
h1SMcG0011580	-1.27302643454291	0.00003280706530503
h1SMcG0011582	0.365083009056746	0.774216152816088
h1SMcG0011584	-0.213599929921335	0.877004159433373
h1SMcG0011590	-2.83726292599998	0.000785065516587148
h1SMcG0011591	-2.05771401892484	0.00000464980120408459
h1SMcG0011593	-0.500767438410516	0.548824313911682
h1SMcG0011594	1.65402812094319	0.0633187932859313
h1SMcG0011597	-1.60831435144332	0.00000000000000083226322171448
h1SMcG0011598	-0.0173145785373803	0.980874063127636
h1SMcG0011599	-1.58524976175582	0.000084022850645485
h1SMcG0011602	-1.49580463914935	0.43293884210876
h1SMcG0011605	-0.526838984711464	0.27691057972483
h1SMcG0011606	1.92843311692209	0.0000226876470352983
h1SMcG0011607	0.364677181159978	0.0954338591325353
h1SMcG0011633	-2.36259620161911	0.000000000000000000000000459935618058182
h1SMcG0011634	-0.991100307165695	0.000177999050546898
h1SMcG0011638	1.97832469883123	0.000223303468224121
h1SMcG0011639	1.9561394636908	0.0146391799077886
h1SMcG0011640	2.00411579354977	0.000000134475253468052
h1SMcG0011642	0.933357720339424	0.290969756023498
h1SMcG0011643	0.977395757760068	0.0859158251504933
h1SMcG0011644	4.30690661781358	0.00000000000000000000000000000172711343825591
h1SMcG0011645	1.39953709063389	0.000836523316518522
h1SMcG0011646	0.44752746736307	0.105554314829813
h1SMcG0011647	-0.346103130375928	0.699241776663748
h1SMcG0011649	-0.346288045093092	0.364521349042355
h1SMcG0011651	0.510105640969632	0.105481406693983
h1SMcG0011652	0.412834516650139	0.18761020181295
h1SMcG0011653	-0.074424470237517	0.911123576212276
h1SMcG0011654	-1.68438960127313	0.166901131487576
h1SMcG0011657	-1.46652463122799	0.113771547498782
h1SMcG0011658	-2.04029312123728	0.00000328366878260823
h1SMcG0011661	-1.09825631201099	0.000936423474649713
h1SMcG0011666	0.771434035065692	0.000560418220559539
h1SMcG0011668	-1.27542938447104	0.0340663278564751
h1SMcG0011669	0.404419673567944	0.098180853368736
h1SMcG0011670	-0.325967119290538	0.537018708247204
h1SMcG0011671	-0.285229105765275	0.641220846301155
h1SMcG0011672	0.284266736988177	0.779353429016186
h1SMcG0011673	-0.326940929008247	0.327428357752602
h1SMcG0011675	0.341717944019398	0.842651850163339
h1SMcG0011677	1.09216105320866	0.137772260691864
h1SMcG0011682	2.03486886826466	0.0105533221316724
h1SMcG0011684	0.365934768105404	0.298048411077489
h1SMcG0011685	0.680639635644578	0.201370398672426
h1SMcG0011687	-0.826433202966933	0.120244539213682
h1SMcG0011689	1.83631470486294	0.000000000000000406372203459139
h1SMcG0011691	-0.0821784730481974	0.880802605124956
h1SMcG0011693	0.436266877020372	0.718950472447985
h1SMcG0011696	-0.609558381438706	0.0351447969880249
h1SMcG0011697	0.251691075040272	0.540813074484143
h1SMcG0011698	0.766550344285359	0.143550345007027
h1SMcG0011700	-1.73936149208998	0.00169925888726674
h1SMcG0011703	2.44979704955876	0.000000000000193067133024537
h1SMcG0011704	-0.770266775748184	0.0437901508422429
h1SMcG0011705	1.21511019892083	0.0690373700825299
h1SMcG0011706	-0.875534436160013	0.0000591629070184988
h1SMcG0011707	-1.96785653898708	0.000416478561125252
h1SMcG0011708	0.412311829741606	0.295103052480235
h1SMcG0011711	2.18945456781614	0.00206857663413916
h1SMcG0011713	-3.87595016847779	0.000241007626004198
h1SMcG0011714	0.75429146757034	0.292265896641892
h1SMcG0011715	0.795586375796164	0.000102633913424896
h1SMcG0011716	2.11841569965208	0.00000000000160844732959617
h1SMcG0011719	0.777727816147026	0.13886484857481
h1SMcG0011722	-1.05525879621343	0.50841884506031
h1SMcG0011723	-0.353201505225453	0.768528987195722
h1SMcG0011724	-0.511339937938788	0.253992656407833
h1SMcG0011726	3.39959595789415	0.00000000000000000000000562530963605535
h1SMcG0011727	0.879974068676081	0.369274586233761
h1SMcG0011728	-0.0785093422909341	0.908818834051033
h1SMcG0011729	-1.16074676865184	0.446758651721395
h1SMcG0011730	1.76920547429092	0.000151385560879722
h1SMcG0011732	2.21461606737884	0.000000000000000000000056922038942375
h1SMcG0011734	1.8530550184434	0.00000000000000000000468156020230695
h1SMcG0011735	-1.01198459094069	0.0904617596939322
h1SMcG0011737	-2.17332343152568	0.000978945064309664
h1SMcG0011738	-0.425034551075386	0.247350448343429
h1SMcG0011739	-1.33827934785781	0.0270025089922762
h1SMcG0011744	-0.102057176302991	0.817287747889562
h1SMcG0011746	-0.148217556510622	0.905136628001151
h1SMcG0011749	0.528441847762614	0.125663536539948
h1SMcG0011752	-1.41247998499192	0.0309764224239017
h1SMcG0011753	5.55718494166018	0.000000000000000000000000000000000000000000000000000000000000000000000000000000000000000000000475593522954429
h1SMcG0011755	2.3576678853421	0.0000000000309103837866529
h1SMcG0011756	-1.86061420077507	0.00000000000247452667168129
h1SMcG0011757	-1.31466007159847	0.291168204013913
h1SMcG0011758	-2.00694780852327	0.0162987468484152
h1SMcG0011760	1.07007796734676	0.00958775812959227
h1SMcG0011762	0.826694479525954	0.473854168337929
h1SMcG0011763	0.121111538844824	0.761158508016112
h1SMcG0011766	0.140075343555716	0.826323212319994
h1SMcG0011768	-0.170159131912383	0.787584210059104
h1SMcG0011769	-0.337909360945773	0.213488858635098
h1SMcG0011771	-2.59569706642592	0.0477340340983839
h1SMcG0011773	-0.351488864030193	0.253499765161538
h1SMcG0011774	0.168712690099986	0.694268354419773
h1SMcG0011776	3.54872093975108	0.0000000000000000000000000000000000255878767651226
h1SMcG0011778	-0.0503917883822043	0.935472888038717
h1SMcG0011779	-3.14508579081853	0.000164118774614753
h1SMcG0011781	-2.77955136037556	0.0178941712090004
h1SMcG0011785	-0.441411677886212	0.744613649658001
h1SMcG0011786	0.385406543487139	0.406123675156686
h1SMcG0011787	0.526678875616933	0.26222324042241
h1SMcG0011788	0.0304092402538076	0.938030049902981
h1SMcG0011790	-0.62973189583352	0.0736109912836994
h1SMcG0011792	-4.00150262445232	0.00167518703301857
h1SMcG0011793	-1.01676703074931	0.0000000293775061077335
h1SMcG0011798	-2.38338175959618	0.000000000000000000101411557393792
h1SMcG0011799	-4.95488407581597	0.0000096481484805573
h1SMcG0011801	0.0212282872304909	0.990764888910399
h1SMcG0011804	-2.19095137864226	0.155795831867889
h1SMcG0011806	0.105374072632423	0.90742566400383
h1SMcG0011807	-1.73358463176724	0.000000000731504432938729
h1SMcG0011809	0.70142201217776	0.0391780973860562
h1SMcG0011811	-0.0499154821760358	0.92968974762629
h1SMcG0011812	1.89366675876228	0.000000000000000336265713606862
h1SMcG0011813	0.717994628905727	0.459953397985219
h1SMcG0011816	-0.372020571898087	0.273417821872233
h1SMcG0011817	2.99951949249296	0.0000000000000000000431781971770922
h1SMcG0011818	-2.02057490341781	0.0000000000000000325028160492493
h1SMcG0011819	0.75676974169557	0.00429214235585652
h1SMcG0011821	-1.65582426349985	0.0571056793365687
h1SMcG0011822	-1.17555927588353	0.0413663813435434
h1SMcG0011823	-0.48928040957494	0.302449223631271
h1SMcG0011826	-1.64689883990611	0.0000812423298208291
h1SMcG0011827	-0.6944166278907	0.115161810817429
h1SMcG0011828	-0.393551704725025	0.570226422497197
h1SMcG0011829	-0.899183879658173	0.0270025089922762
h1SMcG0011830	-1.74190806215601	0.253992656407833
h1SMcG0011833	1.36983919669982	0.000327001500974108
h1SMcG0011834	-0.634944251957008	0.570913983350587
h1SMcG0011835	0.990390777091637	0.00672163551706624
h1SMcG0011838	-0.779125084304059	0.572083727839605
h1SMcG0011840	0.326654255124461	0.664385718166067
h1SMcG0011841	0.378062608212198	0.262471614434675
h1SMcG0011842	1.72024821430921	0.000130018844301478
h1SMcG0011843	-0.126518969224036	0.874373552164741
h1SMcG0011844	0.224332333632745	0.441595548465354
h1SMcG0011845	5.89918623982267	0.00000000000000000000105725437816597
h1SMcG0011847	0.152715678030216	0.662355004589695
h1SMcG0011848	0.0903201848901394	0.939381916894358
h1SMcG0011849	-1.91686483600207	0.0961615327501328
h1SMcG0011850	-1.95315606588001	0.0100437246206577
h1SMcG0011851	0.484899770176353	0.0915914339533941
h1SMcG0011852	0.692700561182388	0.0285621140454972
h1SMcG0011853	-1.68983811509898	0.0353487568172972
h1SMcG0011854	-1.1151976207013	0.0520164125807076
h1SMcG0011857	0.39876710806436	0.0587287183627665
h1SMcG0011858	0.181717920556677	0.870924339210431
h1SMcG0011859	-1.84398779954871	0.111253309413368
h1SMcG0011860	0.79740068099144	0.13453730254503
h1SMcG0011862	0.931242964936622	0.189181898502496
h1SMcG0011863	-2.50607888142939	0.000814957099072386
h1SMcG0011864	-0.981560390495972	0.222619468788701
h1SMcG0011865	-0.283264538044801	0.697836302636085
h1SMcG0011866	3.64346356476096	0.000000000000000000000000000000362807827624111
h1SMcG0011867	1.34813783069176	0.0246984210978378
h1SMcG0011868	-0.539160321920825	0.0763940342488433
h1SMcG0011875	-0.230590372160462	0.68787659917087
h1SMcG0011881	-0.830200319755461	0.0425718990085378
h1SMcG0011882	1.53959522190171	0.129065366801488
h1SMcG0011885	-0.863417361674403	0.471775124468652
h1SMcG0011889	0.327886192609851	0.827011660817075
h1SMcG0011893	1.73627585226476	0.181720562897157
h1SMcG0011894	-4.61909309834561	0.0000834127013819036
h1SMcG0011895	-2.42855576987481	0.00226372576941546
h1SMcG0011896	1.5116818688696	0.00703307802987357
h1SMcG0011897	1.9218235449465	0.000000000000000131623364114109
h1SMcG0011899	-1.46066945430369	0.117948899563179
h1SMcG0011900	-1.09614964488987	0.00000123129958753752
h1SMcG0011902	-3.30130476578852	0.0239775889251713
h1SMcG0011904	1.20877420621067	0.0387712659615043
h1SMcG0011905	1.47287681156195	0.000000000141774613357275
h1SMcG0011907	1.28818805977377	0.00000826069301376127
h1SMcG0011908	-0.489356071119423	0.785481152666574
h1SMcG0011909	-1.69055157479089	0.000000021232911708357
h1SMcG0011911	0.644517651945613	0.270271471867943
h1SMcG0011912	4.40753633091496	0.000365409451520033
h1SMcG0011914	1.69913448392351	0.0215427117459925
h1SMcG0011917	-0.601026524603064	0.409474623864149
h1SMcG0011918	2.1907046626231	0.00000121174360577009
h1SMcG0011919	-0.605676995093473	0.00834691800868302
h1SMcG0011920	-1.30137591267917	0.0000136522467090289
h1SMcG0011921	3.2306211698398	0.00271877777861537
h1SMcG0011923	1.20023936627463	0.00392583133673214
h1SMcG0011925	-2.45801228543021	0.00956501792450658
h1SMcG0011927	1.6442223224359	0.00911191822137823
h1SMcG0011928	-0.0276306277532694	0.979578684930282
h1SMcG0011930	-1.44824530361892	0.000000131433043936333
h1SMcG0011931	-1.54448852283532	0.139428252059048
h1SMcG0011933	0.0560336686427635	0.937684938343345
h1SMcG0011938	0.163684888790852	0.813905911142092
h1SMcG0011939	-0.691229693036907	0.340610743088547
h1SMcG0011941	-1.44609749300812	0.0413663813435434
h1SMcG0011942	-0.835822280785195	0.00150644617866283
h1SMcG0011943	-0.673140082130143	0.474626751322179
h1SMcG0011945	1.83048115654502	0.00000491002252075974
h1SMcG0011946	0.171953505117851	0.853641741295377
h1SMcG0011947	-0.250235342118438	0.498619342330056
h1SMcG0011948	-0.158262955849383	0.599257819180308
h1SMcG0011949	-1.07993339542932	0.0235855971971354
h1SMcG0011951	-1.87620387252422	0.0469009786398836
h1SMcG0011952	-1.59420172247673	0.287412964081378
h1SMcG0011954	-0.698972479602792	0.470202444560891
h1SMcG0011956	-0.218782044808412	0.751758346373615
h1SMcG0011959	1.52649799254961	0.00182309053469443
h1SMcG0011960	1.4127625426583	0.000701873065670792
h1SMcG0011961	-0.584649678798265	0.537701952124159
h1SMcG0011962	0.883231287512348	0.000171137678588575
h1SMcG0011966	-2.90808898964913	0.0338314447323006
h1SMcG0011968	-0.820252357959752	0.00393117768942838
h1SMcG0011969	-1.89184760491107	0.0311325573685335
h1SMcG0011970	-1.69053200916697	0.00000271140717383113
h1SMcG0011971	-0.627411929425135	0.0778153874974443
h1SMcG0011973	1.76347242224244	0.00149777094147055
h1SMcG0011975	-0.743515642554818	0.651836660418835
h1SMcG0011976	-1.03709031552234	0.133978053726799
h1SMcG0011979	0.547012101676759	0.628926854542136
h1SMcG0011980	0.790034885793023	0.0104060384526771
h1SMcG0011984	-4.30296811480779	0.000169347103973652
h1SMcG0011986	0.00505863204443715	0.99017708127085
h1SMcG0011987	-1.69200184758598	0.299893125052631
h1SMcG0011990	0.225564884021046	0.476549763379732
h1SMcG0011991	0.513071611210596	0.257555597564625
h1SMcG0011993	0.824067191778936	0.452055116690824
h1SMcG0011995	0.668969918059684	0.0632090770947401
h1SMcG0011996	-2.6364503255094	0.0689570342402698
h1SMcG0011997	-0.623264039372198	0.18957294179379
h1SMcG0011999	-0.275713961293939	0.755628273376194
h1SMcG0012000	-3.98240255682452	0.0000910346879928929
h1SMcG0012003	-0.575769158269598	0.112116581938545
h1SMcG0012005	-0.10029320866762	0.755947521762587
h1SMcG0012006	3.09787040072757	0.000000000000000000000000226678990362507
h1SMcG0012007	-2.19928200303692	0.0000108141909135019
h1SMcG0012008	-1.63915315933523	0.00000297117626671421
h1SMcG0012010	-0.323126288242503	0.736098242246288
h1SMcG0012011	-1.14412760230486	0.514219875774113
h1SMcG0012015	0.177627986260404	0.686731749111393
h1SMcG0012016	0.696951675442698	0.00589823368207569
h1SMcG0012017	0.638268387306883	0.0372552117739757
h1SMcG0012021	-0.064365264536883	0.910813058326433
h1SMcG0012022	-2.07973155866001	0.0282898843691784
h1SMcG0012023	-2.25311942936591	0.000000000000185083856129096
h1SMcG0012024	-1.50004331364281	0.337349379158954
h1SMcG0012026	0.697554164922239	0.500030271774204
h1SMcG0012028	0.3201304295642	0.521854355775616
h1SMcG0012029	-2.02417839853826	0.023240323860542
h1SMcG0012030	-0.11270685448005	0.866536811563277
h1SMcG0012031	-0.588232136856466	0.703503727225615
h1SMcG0012033	-1.05501068783458	0.284418269868361
h1SMcG0012034	-0.070571726197035	0.921751559839039
h1SMcG0012035	0.562964762947556	0.584397922580344
h1SMcG0012036	-0.317663802120897	0.607036539600588
h1SMcG0012037	2.0830922766444	0.000000000000000000000512085027641851
h1SMcG0012039	-0.177790396565428	0.830700697896421
h1SMcG0012040	0.840846563795557	0.000872534227582213
h1SMcG0012041	-1.14016624666104	0.0000301859418179629
h1SMcG0012042	1.22523825536562	0.146288976342545
h1SMcG0012043	2.29978765304944	0.0041654595466208
h1SMcG0012045	0.851366911445565	0.00000391095626189145
h1SMcG0012046	1.71855024757918	0.00000444128396475351
h1SMcG0012047	-0.368839122667409	0.55538784141605
h1SMcG0012048	4.47597290817311	0.000000000000000000000000000000000000137099202669058
h1SMcG0012049	-0.510624417762652	0.748552790100615
h1SMcG0012050	0.165368132491818	0.579631424721413
h1SMcG0012051	-2.47890365058518	0.00607590354019461
h1SMcG0012052	4.23818055016193	0.000501855625468876
h1SMcG0012053	1.24588731951449	0.153536131414081
h1SMcG0012054	3.89615178916862	0.00000000000000203904084890788
h1SMcG0012055	1.42042258984842	0.00930681915563727
h1SMcG0012056	-0.313464684033808	0.392772819153568
h1SMcG0012057	2.26584861386384	0.00571634789640989
h1SMcG0012058	0.29843077358252	0.851726889356683
h1SMcG0012060	0.546409017064495	0.0867140587943852
h1SMcG0012062	-1.90897776850417	0.00073283065043721
h1SMcG0012064	0.679961469235938	0.0391674894367095
h1SMcG0012065	-1.03475575710368	0.000000000159374674988609
h1SMcG0012066	-3.17932601071536	0.0124081277206654
h1SMcG0012068	1.59464931776648	0.00000032671497457332
h1SMcG0012070	-0.994708792320833	0.0126822517229766
h1SMcG0012071	1.87848877214142	0.0232357199112871
h1SMcG0012075	6.17724069661219	0.000000122273252874217
h1SMcG0012076	0.285626010789136	0.847648941990532
h1SMcG0012079	-1.19707895575307	0.0990121857646943
h1SMcG0012082	2.21184717632485	0.000641414070794989
h1SMcG0012084	-0.0881850431046334	0.869095008422476
h1SMcG0012086	0.989818877284564	0.219260954448815
h1SMcG0012087	-0.0469860105698598	0.978223393523413
h1SMcG0012088	-0.487295980499608	0.580257479085209
h1SMcG0012089	0.731711753067985	0.503242376678012
h1SMcG0012090	0.606596874534363	0.0599671872801239
h1SMcG0012092	0.5474350949939	0.531248055653067
h1SMcG0012093	0.309116962082782	0.792379522748981
h1SMcG0012094	-2.76624617913312	0.00000336637628163623
h1SMcG0012095	-5.61953868807441	0.000000163198803802137
h1SMcG0012097	-1.45521597285273	0.290955777866272
h1SMcG0012099	-1.94219506625056	0.179711672615721
h1SMcG0012102	-2.26261726662082	0.00290807269040489
h1SMcG0012103	-0.921710000090551	0.230413938775322
h1SMcG0012105	0.323327958160883	0.575195303148148
h1SMcG0012106	-0.407429833420173	0.73271525121628
h1SMcG0012108	-1.08959680842209	0.0784685602086589
h1SMcG0012109	-0.908742202560285	0.0216997102787665
h1SMcG0012111	-0.38253317458629	0.770915885614815
h1SMcG0012112	-1.6596699252455	0.00310103014393624
h1SMcG0012113	-0.900040063757375	0.00318754614754482
h1SMcG0012116	1.72883764276669	0.00000000607184433241151
h1SMcG0012119	0.585437685279813	0.00985811687687094
h1SMcG0012121	-0.481465292999017	0.174769994326628
h1SMcG0012122	0.561385636375612	0.0769522656489984
h1SMcG0012123	1.38583209591965	0.00000205266304642073
h1SMcG0012124	-0.465308950081362	0.27691057972483
h1SMcG0012125	1.05517977257359	0.000217439097703407
h1SMcG0012126	-1.79079766403847	0.185499760338671
h1SMcG0012127	1.28573902438124	0.00000987632501935879
h1SMcG0012128	-1.22083582825555	0.0000000193024924316308
h1SMcG0012129	0.452941115156707	0.687804409493932
h1SMcG0012133	-3.22906645960774	0.0121435859906906
h1SMcG0012135	6.31288642292778	0.000000000000000111528766641952
h1SMcG0012136	1.32905951229527	0.161227708625717
h1SMcG0012137	0.157386863652507	0.882964414894307
h1SMcG0012139	0.614634514432106	0.699725282445647
h1SMcG0012140	-0.0016167313435174	0.999276385461687
h1SMcG0012141	-3.27082973439463	0.00180278614971007
h1SMcG0012143	-1.34713862775472	0.0104215524672934
h1SMcG0012146	-2.07969521106284	0.000000000000000672990601344334
h1SMcG0012147	0.647148990197038	0.0203669709220497
h1SMcG0012152	-1.11180052803799	0.174726356111377
h1SMcG0012154	4.43098232828402	0.000104402839032608
h1SMcG0012156	-1.57229139401219	0.0453137322760815
h1SMcG0012157	0.0332872099937069	0.91678386622749
h1SMcG0012158	0.205747141342345	0.851062065763256
h1SMcG0012159	4.2827074247836	0.0000000000000000000000000000000000000000000000000000000000000000000000000000000000000173324868247671
h1SMcG0012160	-1.84808745603406	0.117072394050071
h1SMcG0012164	-1.19459907210306	0.222062150391099
h1SMcG0012165	1.34890230935512	0.0322176041077298
h1SMcG0012167	-4.52515090596068	0.0000546168063187832
h1SMcG0012169	-3.71417405339724	0.00222449373154805
h1SMcG0012170	-1.1664390556715	0.0577183873033111
h1SMcG0012171	3.29178263235342	0.0000000000000000000000000000000000000000000000000000000000000000000000000000000000153765164721545
h1SMcG0012172	3.0751064879456	0.000000000000000311195362051838
h1SMcG0012174	0.220315415056126	0.513650739009856
h1SMcG0012175	1.29233692007181	0.410904186611035
h1SMcG0012176	-0.80271698361821	0.0816743743931407
h1SMcG0012177	1.18338227986475	0.000515427842063863
h1SMcG0012180	-1.08510050772155	0.0722711638831462
h1SMcG0012183	0.171687126640391	0.802276441412065
h1SMcG0012184	-1.651656209321	0.0679521902597626
h1SMcG0012189	1.8900953812577	0.0769522656489984
h1SMcG0012190	-0.00241154067430772	0.995869812853574
h1SMcG0012192	-0.233184705646685	0.778407125250386
h1SMcG0012195	2.61512055328643	0.000000000000000000000000000000000227153982398882
h1SMcG0012198	-0.624174541529043	0.084956055789785
h1SMcG0012200	-0.601249602784358	0.0771007014621862
h1SMcG0012201	0.381283185386875	0.222012263353578
h1SMcG0012202	-0.0813383605593016	0.931848507857757
h1SMcG0012204	-1.54705270663848	0.195696835750229
h1SMcG0012205	0.412839525116718	0.0253277775157299
h1SMcG0012208	-0.283275869505069	0.557410118019628
h1SMcG0012210	0.359501726350221	0.0358981357124595
h1SMcG0012211	0.0495056975493363	0.858017350582179
h1SMcG0012214	-0.992903871952602	0.00218271201175015
h1SMcG0012217	-0.533092021346723	0.379976883092694
h1SMcG0012219	3.02150027411081	0.00000000000000000597525346536425
h1SMcG0012221	-1.57719852090911	0.255818681779133
h1SMcG0012223	-4.54252216981815	0.000049038049977164
h1SMcG0012226	0.215914403285361	0.704013085308138
h1SMcG0012234	-0.73004826013102	0.24100375410757
h1SMcG0012235	-1.79802683052605	0.0355056917310446
h1SMcG0012236	-0.0797729309322543	0.945762704923295
h1SMcG0012237	2.02236023962634	0.0297743322895262
h1SMcG0012238	1.90732829405618	0.00000114206615266871
h1SMcG0012239	1.80552833977631	0.0010365990278878
h1SMcG0012243	0.447445397908228	0.526252571123973
h1SMcG0012244	2.3614498855079	0.0000000165947838545771
h1SMcG0012246	-2.93203472043412	0.0187883081566292
h1SMcG0012248	-3.08316204237869	0.0000000000000000000444772078040069
h1SMcG0012249	1.53232589995198	0.00699473976810148
h1SMcG0012251	-0.330004430793895	0.532924464811476
h1SMcG0012253	-1.20768697588746	0.267910788668645
h1SMcG0012255	-0.823453952625202	0.183456329530321
h1SMcG0012257	-0.396614462170994	0.351556564858191
h1SMcG0012259	2.6613831535572	0.0000000000309001647197012
h1SMcG0012261	-0.157648099855257	0.717010878358213
h1SMcG0012264	-1.10347459719521	0.000014331328874945
h1SMcG0012265	-2.01039143937911	0.181720562897157
h1SMcG0012267	-1.51805815284543	0.00286808181421793
h1SMcG0012269	-0.358269524872376	0.853323679488382
h1SMcG0012270	1.81375373784343	0.0527890077030937
h1SMcG0012274	-1.07268942692427	0.00126550947667165
h1SMcG0012276	-2.13428057816947	0.0296513982641317
h1SMcG0012277	-0.204522280573598	0.858758560575972
h1SMcG0012279	1.70840144987224	0.00000000866352849198496
h1SMcG0012280	1.98014890140365	0.00198075377568086
h1SMcG0012281	1.30844254577513	0.000000298681651571105
h1SMcG0012286	-2.46947819133336	0.0000113871871544643
h1SMcG0012287	-1.10346078688113	0.128703204972045
h1SMcG0012289	-2.72431194917755	0.0160535999034906
h1SMcG0012291	-1.44850019729412	0.0435256610655293
h1SMcG0012292	0.659796136282866	0.00815649817559304
h1SMcG0012293	-0.224739476353198	0.787364953903084
h1SMcG0012294	2.56551216394461	0.00000120490033050154
h1SMcG0012295	2.14391200969006	0.00000000188462161006304
h1SMcG0012296	1.50306984221846	0.0000000310321318850611
h1SMcG0012297	0.801380406833531	0.00669911162083052
h1SMcG0012298	-0.941017797686078	0.00000142207865281477
h1SMcG0012300	-0.568674164334736	0.164584082476454
h1SMcG0012301	0.491396797249082	0.465595787320915
h1SMcG0012302	-2.81160622237849	0.0239158751699934
h1SMcG0012303	0.226270824801847	0.634381558283399
h1SMcG0012304	-1.04171445806417	0.0367047907616911
h1SMcG0012305	-1.42328323425335	0.13431690150663
h1SMcG0012306	-0.0616556695840983	0.907864486874947
h1SMcG0012308	0.0484872141348579	0.860664938585485
h1SMcG0012309	-3.00668214350023	0.0534441854682189
h1SMcG0012314	0.232426683177734	0.55339446319641
h1SMcG0012316	-0.35904867556326	0.235324958321905
h1SMcG0012317	0.244206742098597	0.893714691215274
h1SMcG0012319	0.815542677200039	0.00956501792450658
h1SMcG0012320	-0.160742775214099	0.671506899896667
h1SMcG0012321	-1.71815840932235	0.000146960868538653
h1SMcG0012323	-0.0731835170850572	0.966456673171248
h1SMcG0012326	-2.04734927671508	0.0061293456435585
h1SMcG0012327	-0.316683058714013	0.55317774049099
h1SMcG0012328	-0.63239140864408	0.674858646237612
h1SMcG0012330	-0.34866121020322	0.341147719172753
h1SMcG0012333	-0.232601833017379	0.724328517373244
h1SMcG0012336	-0.633428402219144	0.256472354573493
h1SMcG0012337	0.0998212746031962	0.895439147096251
h1SMcG0012338	-1.19929938430526	0.0653419646966103
h1SMcG0012342	2.9282589951921	0.000000000000000000000000000000000000000000000000368356158460733
h1SMcG0012345	-0.564918777241484	0.674581830717201
h1SMcG0012350	-3.45690279132845	0.00630348185119781
h1SMcG0012351	-0.745295470812222	0.0675521169142354
h1SMcG0012353	3.34077338304893	0.00101518000662289
h1SMcG0012354	3.37571875751606	0.000280788948258805
h1SMcG0012355	2.78406196369899	0.000916500289484085
h1SMcG0012356	3.67031072020572	0.0000000000000000000000433431645524457
h1SMcG0012358	-1.55410606460354	0.33311594026656
h1SMcG0012364	-1.90025411445952	0.0352386260264298
h1SMcG0012365	-0.610845886139289	0.0757612681726399
h1SMcG0012368	5.46898282105536	0.0000000000000000000000000000000000000000000000000000000000000119545756403216
h1SMcG0012369	2.44199952237294	0.000501855625468876
h1SMcG0012375	-0.623535071330251	0.327519214874982
h1SMcG0012377	2.93296648502407	0.00147463514977505
h1SMcG0012379	0.257317265915764	0.788535969084774
h1SMcG0012381	-1.57818206214215	0.163990633648468
h1SMcG0012382	-1.73259724660285	0.0635583832868456
h1SMcG0012383	-2.37192539716799	0.0000000000000112983180691879
h1SMcG0012384	0.848643202564586	0.00000331176901748366
h1SMcG0012385	1.22650068846918	0.132824695144182
h1SMcG0012386	1.39208167671936	0.124359624419124
h1SMcG0012387	-0.777083280839233	0.155366006202697
h1SMcG0012389	1.6505788987532	0.139096113392438
h1SMcG0012390	-0.179697517386218	0.642174152080588
h1SMcG0012394	-1.03856559624632	0.0176866861346715
h1SMcG0012395	-1.10608465413995	0.000766976395121945
h1SMcG0012398	0.0602188057038332	0.86084522034244
h1SMcG0012400	2.34688271951432	0.00000131383166640547
h1SMcG0012401	-0.850457118909055	0.354850771626835
h1SMcG0012403	0.319171236729921	0.248564421566012
h1SMcG0012404	-2.06685593809663	0.000000000000375039003556494
h1SMcG0012410	5.74247826297308	0.0000000000000000000044230019879569
h1SMcG0012411	-0.654467816536097	0.0480211169261754
h1SMcG0012412	-2.55609446973752	0.0000000000000000000302079662467992
h1SMcG0012415	-1.21733198173281	0.472208152603019
h1SMcG0012416	-0.262547683847541	0.854527231577564
h1SMcG0012419	-0.543777860699981	0.0245207585941083
h1SMcG0012422	1.96939510052112	0.0507787057733597
h1SMcG0012424	1.82221841563534	0.0000000000000167350046809802
h1SMcG0012425	1.34477263032948	0.053834377420131
h1SMcG0012429	0.925670419030426	0.0356377069307173
h1SMcG0012431	-1.23595726504169	0.00000263149470009886
h1SMcG0012433	-2.26210979207965	0.154488127735242
h1SMcG0012436	0.539078167400987	0.373319180326947
h1SMcG0012437	-3.70619501026568	0.0000000339629963134536
h1SMcG0012438	-0.00185035176262053	0.997944266451325
h1SMcG0012440	-1.93786733133148	0.006707549911199
h1SMcG0012444	-0.155203069278465	0.676141356429631
h1SMcG0012445	3.28874584094304	0.00000000000000000000000000000000000000000000000000000000000000000000000000000375599319287948
h1SMcG0012446	0.357546908983871	0.338991472534207
h1SMcG0012447	-0.749364050710503	0.515995959585881
h1SMcG0012448	-0.800475955358775	0.0713953963712466
h1SMcG0012449	3.51948632669801	0.0000000000000000000000000000161009014049034
h1SMcG0012450	-0.594295391141636	0.117850399262931
h1SMcG0012451	-0.0251788588860485	0.976400460169833
h1SMcG0012453	-0.37814780944285	0.371981213702074
h1SMcG0012454	-0.504340395827223	0.476855291995453
h1SMcG0012455	-0.579679996222536	0.104846339124196
h1SMcG0012458	2.7485528249595	0.0000232662374034147
h1SMcG0012464	-0.598058804218945	0.0318880123957055
h1SMcG0012467	-0.775908378512748	0.00458493493451664
h1SMcG0012468	-0.493246031539355	0.711991402244321
h1SMcG0012470	-0.134643609673664	0.884472240800155
h1SMcG0012472	-0.00191146982174732	0.997944266451325
h1SMcG0012473	-1.14048315652165	0.0977497846409923
h1SMcG0012474	2.96468850533661	0.0000000000000000000000000000000000000000170943627347203
h1SMcG0012475	0.485999959155124	0.0192598790614734
h1SMcG0012476	3.68976040019633	0.00000364162137731156
h1SMcG0012477	2.25706251360877	0.000000000371902983688205
h1SMcG0012478	-0.443303491212563	0.250944310159305
h1SMcG0012479	-0.986349670355496	0.123782627992815
h1SMcG0012480	-1.57541332948092	0.0000035704693357475
h1SMcG0012481	0.00137822980590714	0.997578952689904
h1SMcG0012482	-0.326702894727403	0.851315722984666
h1SMcG0012483	2.41348142017188	0.000000000160217988865365
h1SMcG0012484	-0.119176485476636	0.622575978674578
h1SMcG0012486	-1.02726876323856	0.0000000243262399410779
h1SMcG0012489	-1.54040415912384	0.0000240129522467984
h1SMcG0012494	-0.623765685892967	0.654418278589254
h1SMcG0012499	-0.0934510525943094	0.884472240800155
h1SMcG0012501	0.144378700334303	0.563241594682508
h1SMcG0012505	-0.996580959497805	0.0000000000284553290063652
h1SMcG0012506	-0.61297872152509	0.436723456356802
h1SMcG0012507	-0.576702074504003	0.164657270544768
h1SMcG0012508	-1.26352387377226	0.434105226721753
h1SMcG0012509	0.00820065805995431	0.986990954401888
h1SMcG0012510	-0.652693458788392	0.0152471737372792
h1SMcG0012514	-2.0225404119249	0.00583589584742165
h1SMcG0012517	-3.27903308071449	0.0056069876192836
h1SMcG0012518	3.87747089647963	0.00000000000000000000000000041936781256158
h1SMcG0012519	-0.564867482050787	0.091940283214313
h1SMcG0012520	-2.09788659713375	0.0102200459153626
h1SMcG0012522	0.631827540185508	0.0115448801797938
h1SMcG0012523	0.627213299369038	0.123557648963099
h1SMcG0012524	0.749888576401506	0.528444336780134
h1SMcG0012525	0.447237244460871	0.188123662789447
h1SMcG0012527	0.166756108467805	0.819317714457772
h1SMcG0012529	-0.166070516011845	0.597998538542543
h1SMcG0012530	0.533394017266229	0.423323867922228
h1SMcG0012531	0.68028988804315	0.0312622387439801
h1SMcG0012533	0.642939006784128	0.0170066540360752
h1SMcG0012534	1.24425084266579	0.000575713897397055
h1SMcG0012536	1.27578934357909	0.243435637920659
h1SMcG0012537	-0.987550294520463	0.390032531944245
h1SMcG0012539	0.372749597644115	0.456445012991459
h1SMcG0012541	-1.86677726757085	0.00957124936564795
h1SMcG0012542	-1.28229785407684	0.00871490691140104
h1SMcG0012543	-1.05141341692032	0.0261763890126736
h1SMcG0012544	0.215610765283133	0.835769525644392
h1SMcG0012547	0.417174982440245	0.159719224835354
h1SMcG0012548	-2.44732884822026	0.0183735225705223
h1SMcG0012549	-1.55957677143999	0.158495497406869
h1SMcG0012552	2.29678256995494	0.000005264582009346
h1SMcG0012553	-2.0892411315278	0.0201851165202973
h1SMcG0012554	3.71523744723897	0.0000000000000000000000000000000000000000000000309708006836666
h1SMcG0012555	-3.64380385320582	0.00000000139565955190175
h1SMcG0012557	0.414975563748725	0.265900567936008
h1SMcG0012558	-0.602167011543058	0.0848756022783472
h1SMcG0012561	-0.503283133569323	0.397382193770731
h1SMcG0012562	0.0359544223812269	0.959101290332721
h1SMcG0012563	0.176850752474531	0.745957547565669
h1SMcG0012564	-1.67816462705683	0.00000000168030870054156
h1SMcG0012565	1.81677064356555	0.000000110286246277356
h1SMcG0012566	-3.48913105498173	0.00237138386662142
h1SMcG0012570	-0.437191999755049	0.430215298412392
h1SMcG0012571	0.0154757457710195	0.988597645024084
h1SMcG0012572	-2.02688795902975	0.0043732631501227
h1SMcG0012575	-1.39356200663936	0.0477935253441764
h1SMcG0012577	-2.99005223415147	0.00106264136567883
h1SMcG0012578	-1.52100514930384	0.023410573451816
h1SMcG0012580	-0.244257039720264	0.578708525576293
h1SMcG0012583	-0.831050046980711	0.0151077588841552
h1SMcG0012585	-0.385193292774735	0.452020556625846
h1SMcG0012587	0.0989411958588868	0.847702721198501
h1SMcG0012593	-0.515500760795435	0.702634842983374
h1SMcG0012594	-1.89308414296109	0.255283409892436
h1SMcG0012595	-1.03603343735835	0.30268005908348
h1SMcG0012596	-0.0335259370265854	0.924964916654825
h1SMcG0012600	0.701350592202321	0.127915796258872
h1SMcG0012601	-0.730198835605164	0.0348684745818279
h1SMcG0012602	0.68034024622109	0.147899285156183
h1SMcG0012604	0.0885067529878004	0.798697591084369
h1SMcG0012605	-0.378642522991474	0.801576810509082
h1SMcG0012608	2.6775253236589	0.000000000000000000908816262991627
h1SMcG0012609	1.08232618129688	0.00191488304981707
h1SMcG0012610	-4.73774700334567	0.000042962237977891
h1SMcG0012612	-2.41352253164744	0.000041118635905104
h1SMcG0012614	1.30485460159269	0.0377934078273181
h1SMcG0012615	2.00052428065196	0.00000000000822693319001234
h1SMcG0012619	-1.90906259902868	0.208000376224235
h1SMcG0012620	-0.932260630336388	0.00109253053911095
h1SMcG0012621	0.16720059216812	0.715154760006043
h1SMcG0012622	-1.43551460461262	0.00033264856058089
h1SMcG0012625	-0.169332446606139	0.577771821207769
h1SMcG0012627	-1.90566433873438	0.000504200027800463
h1SMcG0012628	-0.493605023096394	0.449968422789404
h1SMcG0012629	-1.22440189779302	0.113048317513079
h1SMcG0012630	1.2524184821523	0.280900067170003
h1SMcG0012632	-1.16389980356846	0.000227692383614484
h1SMcG0012633	-0.970950197516786	0.000000140950512035828
h1SMcG0012634	2.40602147122195	0.0000000000000000000000569872499421927
h1SMcG0012635	-0.0423675353082463	0.980515887162769
h1SMcG0012637	0.545010610576173	0.345978431722715
h1SMcG0012640	-1.55234910840363	0.313716054043602
h1SMcG0012646	0.131802282544299	0.757146019120635
h1SMcG0012647	0.492296224313641	0.617716188260502
h1SMcG0012648	-0.569689491336295	0.631782107566822
h1SMcG0012649	5.15843350207577	0.00000000000000000000000000029447794278894
h1SMcG0012651	-1.43540230720374	0.153898380511875
h1SMcG0012653	1.01966344397452	0.000278851754546458
h1SMcG0012655	-2.81140090920216	0.0101166136925593
h1SMcG0012656	0.361304295526828	0.22641470351992
h1SMcG0012658	-2.12817162549321	0.0243894058440245
h1SMcG0012659	-0.452370714072971	0.570226422497197
h1SMcG0012660	-2.48288023792076	0.0943765519602897
h1SMcG0012661	0.711847735084609	0.353163784922369
h1SMcG0012662	-0.243248748862625	0.826627187953201
h1SMcG0012663	-0.836445646182453	0.0264122637294387
h1SMcG0012664	0.75225527294628	0.150778496193194
h1SMcG0012665	1.80750592149173	0.00000147754051225911
h1SMcG0012667	1.84143405761971	0.0331077811302672
h1SMcG0012669	-0.177050412547305	0.676260059182908
h1SMcG0012670	3.55383171674711	0.00000000000000000000000000000000000000000000000000000000000000108582573727501
h1SMcG0012671	1.93210337482929	0.0000000799256556218435
h1SMcG0012673	-1.33662404046049	0.00913576147566448
h1SMcG0012674	-0.64067715270112	0.702408200915417
h1SMcG0012676	-0.243345085154332	0.616146423499805
h1SMcG0012678	0.563019426708989	0.126444268277512
h1SMcG0012679	-1.12470035012901	0.162242529551835
h1SMcG0012680	-2.25727293569046	0.0171041323146977
h1SMcG0012683	-1.32770818729712	0.222776984726447
h1SMcG0012688	3.84960767704786	0.000000294541335263762
h1SMcG0012689	1.42894267091288	0.00000153705771193945
h1SMcG0012690	-0.0147050265386581	0.989940535365398
h1SMcG0012691	4.8137436159857	0.00000000000000000000000000000000000000000000000000000000142422399485493
h1SMcG0012693	-0.347725734176692	0.272527456751443
h1SMcG0012694	-2.37888078120847	0.0000837741422811751
h1SMcG0012699	-3.1042049973868	0.000000000102759685101991
h1SMcG0012704	0.208663235791179	0.782845572474484
h1SMcG0012706	-1.13377003607515	0.0221053939843565
h1SMcG0012709	-1.55940221569041	0.111680366936664
h1SMcG0012710	0.849332275222375	0.00235974298843602
h1SMcG0012713	0.226910800611807	0.420127256249586
h1SMcG0012715	1.62722910737806	0.0000000000334224969752015
h1SMcG0012716	1.56322939982086	0.0000000000200671609398686
h1SMcG0012718	-0.0288103864575513	0.975162581263092
h1SMcG0012720	0.25202098579191	0.569735609081452
h1SMcG0012723	3.67964199254197	0.00000000000000000000000919235269901173
h1SMcG0012726	-0.368907203640217	0.323088612566232
h1SMcG0012727	-1.6683294538164	0.00217015809243457
h1SMcG0012729	0.826736060641416	0.323016210652
h1SMcG0012730	0.591180674808286	0.285452149555793
h1SMcG0012731	-0.0175907284038428	0.961518035606978
h1SMcG0012732	-0.0897880096789897	0.901124802279719
h1SMcG0012736	1.12124868897168	0.0000166718960032467
h1SMcG0012737	1.16139561428108	0.00483964377476119
h1SMcG0012738	0.596691444607319	0.020213809166484
h1SMcG0012739	-0.942365524492525	0.0199074928036603
h1SMcG0012741	-2.30925588633303	0.0532047855645036
h1SMcG0012742	-1.316567089488	0.307028405038558
h1SMcG0012743	-0.781074389804174	0.00269030925785393
h1SMcG0012744	0.469140712550125	0.265386193560527
h1SMcG0012745	-1.26879196101105	0.0149101974943028
h1SMcG0012746	-0.0408399072737776	0.965175895511852
h1SMcG0012748	-1.8239283986572	0.25285718855663
h1SMcG0012749	1.6332310348766	0.163518941419779
h1SMcG0012750	2.0811102199808	0.0174490028523826
h1SMcG0012751	-0.643006584766665	0.0955892295773313
h1SMcG0012753	-0.103039766419732	0.958249075976361
h1SMcG0012756	-0.446081370221005	0.529008077138455
h1SMcG0012759	2.400631351923	0.0000436596173213849
h1SMcG0012761	-2.791796178264	0.00295948198460309
h1SMcG0012762	-1.80775090883421	0.00533517901836196
h1SMcG0012763	2.06131509314928	0.0000000589265696424537
h1SMcG0012765	0.375372079904251	0.281926083335389
h1SMcG0012766	-0.202825971480239	0.390794756073847
h1SMcG0012767	1.03662388937582	0.00000789550246909947
h1SMcG0012769	-2.09252882275164	0.134552268370123
h1SMcG0012771	-4.92282358119426	0.00000000220101313855681
h1SMcG0012773	1.09758204752829	0.114853227240908
h1SMcG0012774	-0.168448653605459	0.711404693071384
h1SMcG0012775	2.55901923091794	0.000000000053354901994438
h1SMcG0012777	-1.13792218402462	0.00482092956446563
h1SMcG0012779	-0.42779526881185	0.435616185405305
h1SMcG0012780	-0.119268384592149	0.761158508016112
h1SMcG0012786	2.57553203149061	0.0084768763816234
h1SMcG0012787	-0.521189330612696	0.50979503415886
h1SMcG0012790	-0.0603035416625753	0.973109568367581
h1SMcG0012792	-0.405824709888651	0.699481304513046
h1SMcG0012794	-0.629626409081152	0.319994827210058
h1SMcG0012799	-1.01990695097707	0.356866216259445
h1SMcG0012800	0.415507561840403	0.787870414946644
h1SMcG0012804	2.08644780226472	0.105735795334004
h1SMcG0012805	-2.77638933447988	0.0816380387450591
h1SMcG0012808	-2.00881721284461	0.0229983393673715
h1SMcG0012810	-0.026252873072564	0.986334938711764
h1SMcG0012812	0.166179528232845	0.60649855588186
h1SMcG0012816	2.18466005421944	0.0106006886345359
h1SMcG0012817	-0.705882488886319	0.400030658084721
h1SMcG0012818	0.447610939278829	0.071702032469963
h1SMcG0012819	1.66669393000356	0.0000000091467791846622
h1SMcG0012820	2.26259727443901	0.0000126548600197339
h1SMcG0012821	-0.784987359954164	0.533270975221414
h1SMcG0012824	2.16146406825292	0.0208449065893998
h1SMcG0012826	-4.4011455994336	0.00000187576116604683
h1SMcG0012827	-0.443876712846223	0.134854578732716
h1SMcG0012828	-0.0623403345403963	0.951836743404885
h1SMcG0012829	-0.818989496296661	0.333850437659635
h1SMcG0012833	-0.973444706784896	0.00000425037310878663
h1SMcG0012834	0.508912123058302	0.342007567327327
h1SMcG0012836	-4.85238147409036	0.00000000117427060381334
h1SMcG0012837	0.112100194939385	0.802045004460332
h1SMcG0012838	3.54830040750355	0.000000000000641589626198236
h1SMcG0012839	-1.3495684030245	0.0112134764811031
h1SMcG0012840	-0.748674798538895	0.00054783204563988
h1SMcG0012841	-0.498283644477867	0.077383257773686
h1SMcG0012842	-0.822869319699881	0.0421792135104704
h1SMcG0012843	-0.311618021445379	0.494925839714455
h1SMcG0012844	-0.596019007471964	0.126225608838874
h1SMcG0012847	0.0282501816489013	0.975003319356073
h1SMcG0012850	-2.45377695250469	0.0000000000000145250454134113
h1SMcG0012851	-0.53232533313553	0.42379743487487
h1SMcG0012852	0.848133791028072	0.00297571123230904
h1SMcG0012853	-1.09523087275693	0.0123814039776152
h1SMcG0012855	-0.567993558591964	0.403381955974411
h1SMcG0012856	2.9841819320882	0.000000000000000000194050080853311
h1SMcG0012857	1.88113799140922	0.0000000000428160013664072
h1SMcG0012858	2.52115945738168	0.00861830635201751
h1SMcG0012860	-2.44776975212923	0.0975027198196083
h1SMcG0012861	0.900111985103064	0.0688600680995261
h1SMcG0012863	-0.0534005863597718	0.932488205454372
h1SMcG0012867	-0.33524701015201	0.384082553085975
h1SMcG0012869	-2.83025997762685	0.0071106731403312
h1SMcG0012870	-0.597561735972787	0.0465079081374597
h1SMcG0012871	-0.166564175242268	0.914529018294023
h1SMcG0012874	-2.05055951581226	0.00000000000571193826663165
h1SMcG0012876	-1.63224293576107	0.183681933026122
h1SMcG0012880	-1.14646601625854	0.000979804777148033
h1SMcG0012881	0.514663137863721	0.597284977053203
h1SMcG0012883	-1.01783572293442	0.000732321948069041
h1SMcG0012884	2.38993417650514	0.0000120778806164753
h1SMcG0012885	1.29795802677243	0.0930381562121639
h1SMcG0012886	-1.07239994553749	0.500824873436909
h1SMcG0012887	3.85764638646963	0.00000000000000000000801572507173506
h1SMcG0012890	-0.810075889547353	0.00118551718571026
h1SMcG0012891	4.30777739079158	0.000000000000000000000000000686922942752464
h1SMcG0012892	7.13873143208933	0.000000000000000000650901757705425
h1SMcG0012894	2.83966075555781	0.00000000000387524095354945
h1SMcG0012895	-2.48256796558875	0.00284486203631203
h1SMcG0012898	0.429776935886062	0.277377185131144
h1SMcG0012899	0.346437031205548	0.428573275684932
h1SMcG0012900	3.82606612661793	0.0000000000000000000000000000000000000000882457491224406
h1SMcG0012901	-1.55726280006955	0.0000242228651784305
h1SMcG0012902	-3.67956303447561	0.00249019512640499
h1SMcG0012904	0.667365870169911	0.529043645995845
h1SMcG0012908	1.98956631739285	0.0000287553535658793
h1SMcG0012909	-5.65368002081575	0.0000000110586638116391
h1SMcG0012913	0.43071060934703	0.802276441412065
h1SMcG0012914	1.66755437692472	0.0890128841566822
h1SMcG0012918	-1.97572948853152	0.000000911322398423822
h1SMcG0012919	-2.02611228655339	0.000093355961782866
h1SMcG0012922	0.0983363972857143	0.860274759200383
h1SMcG0012924	-1.0552537100771	0.0981836717482964
h1SMcG0012925	-0.47098169053316	0.757146019120635
h1SMcG0012928	-0.189300713408553	0.859910944505121
h1SMcG0012930	-1.09899026710608	0.339805293200818
h1SMcG0012932	1.98869958407258	0.0806905740111154
h1SMcG0012938	-3.21299311025418	0.0283959436845195
h1SMcG0012939	-0.851611675078249	0.14427435715516
h1SMcG0012942	-0.150621268860859	0.907971961918109
h1SMcG0012943	0.46942786467308	0.0761809977834826
h1SMcG0012944	-0.957006848215699	0.00486684327561626
h1SMcG0012946	1.63874635681707	0.0000000000000000455873917980152
h1SMcG0012947	-0.0971209864728896	0.901150586611172
h1SMcG0012948	0.00775191595225597	0.997135950739505
h1SMcG0012950	-0.743186629045431	0.0271659261290991
h1SMcG0012951	-0.628147270771477	0.429382045296219
h1SMcG0012953	0.962915987262644	0.0145387992087307
h1SMcG0012955	0.909651388747081	0.000644603497060008
h1SMcG0012957	1.76849715887234	0.000793291358804518
h1SMcG0012960	-1.71487583304082	0.0741033820748043
h1SMcG0012961	-0.383178830743012	0.0878474071593812
h1SMcG0012962	-0.300283032026541	0.73174114226554
h1SMcG0012965	0.148075460373668	0.855741843421379
h1SMcG0012966	0.013258734989263	0.97385264912606
h1SMcG0012967	-1.68848462175585	0.275711988964415
h1SMcG0012968	1.74311937878585	0.000000000155193686377504
h1SMcG0012970	-0.710982269866963	0.474269728144237
h1SMcG0012972	-1.78026301830215	0.00000296333831304005
h1SMcG0012974	1.91529274534286	0.000637518445842445
h1SMcG0012975	0.389744018545313	0.27262087569323
h1SMcG0012976	-0.310812722408007	0.593349256094202
h1SMcG0012978	0.655079122882331	0.133099777314486
h1SMcG0012983	3.23645175272972	0.00000126529603951088
h1SMcG0012984	-1.09776853009701	0.0000731940390413275
h1SMcG0012988	-0.73233168094211	0.0297743322895262
h1SMcG0012989	-0.975892175949596	0.0673581573378497
h1SMcG0012990	-1.02969042510355	0.000000372046939431624
h1SMcG0012992	0.206984493347405	0.782536188401339
h1SMcG0012997	-2.9530315706553	0.00712549728969442
h1SMcG0012999	-2.9398717269564	0.00154304602978052
h1SMcG0013001	-2.73853690584628	0.0159846247075762
h1SMcG0013004	-0.47952474180581	0.216739056283035
h1SMcG0013006	1.8548496938177	0.00016514252754058
h1SMcG0013007	-0.386133464488862	0.67495976245729
h1SMcG0013008	-0.174131678687626	0.64488202192153
h1SMcG0013010	-0.659120836975824	0.024198692164397
h1SMcG0013012	-0.040911884101698	0.949699635659226
h1SMcG0013013	0.0186710953951934	0.982205402146816
h1SMcG0013014	3.46160048494682	0.0000000000504477034588911
h1SMcG0013015	0.224767517759365	0.274488283883923
h1SMcG0013018	-2.33363221126128	0.00000432356589913781
h1SMcG0013020	-0.457869989184964	0.490942509336261
h1SMcG0013021	-0.694954509281631	0.179792287137543
h1SMcG0013023	-0.576221019703372	0.484941384794837
h1SMcG0013024	0.0857473071616813	0.932499590380427
h1SMcG0013026	-0.386446950157563	0.409279503540753
h1SMcG0013028	0.21032993307209	0.885428864136854
h1SMcG0013030	-2.12879726926084	0.000000000000000256805734677216
h1SMcG0013032	-1.05769653764243	0.00181855128274634
h1SMcG0013033	-1.95902487137315	0.00000000000000145752969643827
h1SMcG0013034	3.69955113229457	0.0000000000000000000000000000000000000000324875726269606
h1SMcG0013035	0.481247657429133	0.604715796307226
h1SMcG0013036	-1.41235052542888	0.383330183411732
h1SMcG0013037	5.47265227462475	0.0000000000000000000000000000000000000000000000000000000000000000000074544569236546
h1SMcG0013039	-1.97921808001181	0.00411385649705846
h1SMcG0013040	-0.226266029861193	0.791865291430761
h1SMcG0013042	-0.246556840474555	0.568617806030912
h1SMcG0013043	0.90100524506	0.511196834555201
h1SMcG0013044	-0.661335593135255	0.0529815187655003
h1SMcG0013046	-2.19074421621449	0.0000180515513253124
h1SMcG0013048	-2.12319493391331	0.182535551272728
h1SMcG0013051	-0.473134734492813	0.689807752634706
h1SMcG0013053	-0.0357903073110809	0.982388432323308
h1SMcG0013054	-1.30073566053589	0.000355982437260818
h1SMcG0013056	-0.491000616957434	0.722425841573461
h1SMcG0013058	-0.208260661419459	0.869825872990129
h1SMcG0013059	-0.487029806177914	0.557751245953726
h1SMcG0013061	0.158651067237684	0.698013752625667
h1SMcG0013062	-0.68190617414403	0.624638360859641
h1SMcG0013068	1.98869565595438	0.0319434441227196
h1SMcG0013073	3.76957229053329	0.000000000000000000000000000146103538276867
h1SMcG0013077	-1.86677230583095	0.000000000901628741692921
h1SMcG0013079	-0.0108766862408031	0.985883274451138
h1SMcG0013080	-2.56618101003462	0.00136062435961449
h1SMcG0013084	0.732368589725972	0.0929857095594106
h1SMcG0013087	2.54478459919188	0.000000000078667253223915
h1SMcG0013091	0.723362790063368	0.264890703872103
h1SMcG0013092	-0.311583357318795	0.822650589896107
h1SMcG0013094	0.366995728752719	0.65424968631406
h1SMcG0013096	-1.24342999812009	0.410532160276016
h1SMcG0013102	-0.908317889133764	0.398449817928267
h1SMcG0013103	0.313237122502081	0.764709754813637
h1SMcG0013104	-0.21566418446294	0.785275314183071
h1SMcG0013105	2.10647106985831	0.00000000000524532124937749
h1SMcG0013106	-1.15314151392477	0.04416849150361
h1SMcG0013108	-1.08948031688385	0.0600549573858129
h1SMcG0013111	-0.992232488083459	0.0000623797373516408
h1SMcG0013113	-3.76869178874321	0.00422198805255905
h1SMcG0013115	0.394446638415149	0.391784340111738
h1SMcG0013116	0.098645588013394	0.882152193862878
h1SMcG0013117	0.134420123413819	0.691804900301173
h1SMcG0013119	-0.533141608024356	0.650658131092992
h1SMcG0013120	3.92000523496834	0.0000334512747560648
h1SMcG0013121	4.20582087731307	0.00000000000000000000000000000000000000000000000000000155822595479256
h1SMcG0013123	-0.853775323643706	0.46011123531144
h1SMcG0013124	-0.358293427095415	0.834489620021966
h1SMcG0013127	-0.969868458119742	0.0240376233994631
h1SMcG0013130	-1.23342811606634	0.000995584962003964
h1SMcG0013133	0.400910037727348	0.270376020171397
h1SMcG0013134	2.18123733195037	0.00129425420232134
h1SMcG0013140	3.47255096567985	0.00000563695773262213
h1SMcG0013141	3.43518143020218	0.00000000000795196583980899
h1SMcG0013142	-0.0382676161578109	0.986747954526899
h1SMcG0013144	2.34004747499987	0.00796231415317638
h1SMcG0013145	-0.910365286060883	0.0510718380690375
h1SMcG0013146	-2.64122903417983	0.0487110669738389
h1SMcG0013149	-0.390354985169417	0.829399906546576
h1SMcG0013150	-0.42010712585014	0.330004373553102
h1SMcG0013151	2.529209956505	0.00000000000000241258867107013
h1SMcG0013152	1.67659364388897	0.00372635670211394
h1SMcG0013153	0.181644382262979	0.777442682586278
h1SMcG0013155	-0.455487910143801	0.500641563944987
h1SMcG0013156	1.16464680415684	0.00628506273343317
h1SMcG0013158	-0.895965781822017	0.548857695510507
h1SMcG0013160	-0.535932019564536	0.235200821828947
h1SMcG0013161	1.08013018415147	0.00000580455672802212
h1SMcG0013162	-5.36040738225727	0.00000000000000000000000000000000000000000000000000000000291411730317371
h1SMcG0013163	-1.45747580569211	0.174962993786981
h1SMcG0013166	-0.87800606389429	0.0143965370397064
h1SMcG0013167	2.71294055893944	0.00436844824330742
h1SMcG0013172	-0.232294752877699	0.88252362077902
h1SMcG0013177	-1.66501053758815	0.000106458038977402
h1SMcG0013178	-1.25718581065902	0.00669129085741634
h1SMcG0013179	-1.92961422506292	0.0000000000000331654080013373
h1SMcG0013180	-0.219214648664759	0.600748503325731
h1SMcG0013183	0.416686036673935	0.130188841109944
h1SMcG0013184	-1.06766951401583	0.47151919054918
h1SMcG0013187	0.599675850956679	0.668601518932344
h1SMcG0013189	-2.49971688229645	0.0251922025516182
h1SMcG0013190	-0.268093413522648	0.626462456816866
h1SMcG0013191	2.21654492287391	0.0000000467920820098434
h1SMcG0013192	-2.26548287534969	0.145742705814585
h1SMcG0013193	4.38028315870167	0.000000302377145003125
h1SMcG0013194	7.25644277031385	0.000000000000276847244329417
h1SMcG0013195	1.32423871331907	0.0000516760049413624
h1SMcG0013199	-1.72865679195807	0.0372857216648456
h1SMcG0013200	-0.0338642547275861	0.926255041431907
h1SMcG0013201	-2.27083901933436	0.0842814240999733
h1SMcG0013202	-0.310739898020838	0.827145383248356
h1SMcG0013203	3.56158889241862	0.00000000000000000000000217673196909044
h1SMcG0013204	0.823464816721288	0.502514862347118
h1SMcG0013205	-1.04312473937157	0.000000000392886641176428
h1SMcG0013206	-0.0051739149452694	0.986499146708739
h1SMcG0013208	-3.17861764134339	0.00233056095992775
h1SMcG0013211	-1.07446854114401	0.218870733135248
h1SMcG0013214	1.46225345367815	0.410955889863385
h1SMcG0013215	-0.73576306257195	0.0367047907616911
h1SMcG0013217	-1.00727432495567	0.00236030847178145
h1SMcG0013218	-0.993142068942955	0.0000295176918035447
h1SMcG0013219	0.872417202626525	0.0385446739366096
h1SMcG0013220	0.156641373686161	0.734039873663015
h1SMcG0013223	1.97931924239098	0.000000000000000000690926586427395
h1SMcG0013225	2.57935526248773	0.0000000202860690324279
h1SMcG0013226	0.262385306225501	0.407091209917606
h1SMcG0013227	1.35601510255047	0.0447693108101146
h1SMcG0013230	-0.193948771935357	0.808098508539092
h1SMcG0013231	-0.275663413761844	0.548591083980665
h1SMcG0013232	0.33382290023122	0.579306677182451
h1SMcG0013233	-2.45977615246633	0.0605304302049665
h1SMcG0013234	-1.48206788190614	0.260640565974194
h1SMcG0013235	-0.634814110996711	0.58956486112617
h1SMcG0013236	-1.23212877659121	0.398742581748603
h1SMcG0013237	-0.420745769666265	0.428611931011869
h1SMcG0013239	-0.537317046834246	0.00246930642721853
h1SMcG0013241	-0.477839076797304	0.556590092735922
h1SMcG0013242	-2.98583965532394	0.0143566127684242
h1SMcG0013245	-1.11212717047593	0.149433474714305
h1SMcG0013246	-0.217540561298453	0.870500053714817
h1SMcG0013247	-1.31937181313149	0.0109236874739936
h1SMcG0013249	-1.02944494000466	0.0294192822275416
h1SMcG0013250	-0.687441963377911	0.0384867970051286
h1SMcG0013253	0.126320660236404	0.826173965144493
h1SMcG0013254	-0.585411156643538	0.594598641128722
h1SMcG0013256	-0.0736256831781461	0.857947115306179
h1SMcG0013261	-0.117338492084713	0.924525830972161
h1SMcG0013262	-1.30998544362196	0.187146634507669
h1SMcG0013264	-2.07636982942193	0.00000579681649894647
h1SMcG0013267	-1.67966758190839	0.158604385210528
h1SMcG0013268	-2.28518231150218	0.00000156989574025303
h1SMcG0013272	-2.11889788871045	0.0863165409009647
h1SMcG0013273	-0.874327482504162	0.201535251355377
h1SMcG0013277	0.670543116125436	0.392184452835022
h1SMcG0013279	-1.72082681632762	0.00000772869269228736
h1SMcG0013280	-3.21837760633966	0.00277158150417893
h1SMcG0013281	-1.46909775967229	0.112325783326742
h1SMcG0013286	0.491616194806562	0.730364644213108
h1SMcG0013289	0.949802858963882	0.48746666379863
h1SMcG0013291	-0.101337048023146	0.951935638533112
h1SMcG0013292	0.0872577454040977	0.929757070920889
h1SMcG0013293	-0.553907908397129	0.50716152077349
h1SMcG0013294	-0.0588856371112806	0.968777022884094
h1SMcG0013296	1.88607610403071	0.0025350004904828
h1SMcG0013298	-0.514464716450009	0.493272993080085
h1SMcG0013299	1.59991204753949	0.0000187309770520549
h1SMcG0013300	0.509807031818596	0.471954522984337
h1SMcG0013301	1.8695486539181	0.245078467910476
h1SMcG0013303	-0.0866671524976175	0.875539688824135
h1SMcG0013305	2.46766784943162	0.00000000000000670269090673974
h1SMcG0013306	2.15794770833108	0.00000473315117372829
h1SMcG0013309	-1.94114824484341	0.23572766407566
h1SMcG0013316	-1.02858667779638	0.0538202759115217
h1SMcG0013323	2.66751042309323	0.00000000000000000000000418011595129272
h1SMcG0013326	2.37503712290078	0.00000000000000000596175876560398
h1SMcG0013327	2.03603626258611	0.00000000000719209004254888
h1SMcG0013328	-2.22073208909477	0.0690409458066654
h1SMcG0013329	0.0197292470244501	0.97281263599761
h1SMcG0013331	-0.945499091762897	0.123053975939995
h1SMcG0013333	-0.34693159882224	0.620998837245969
h1SMcG0013334	-1.62124232419744	0.146248065863442
h1SMcG0013335	-0.0734688625168267	0.797145495577078
h1SMcG0013337	-1.41008188555944	0.00169582571146627
h1SMcG0013339	0.36628639321645	0.222732182458741
h1SMcG0013340	0.248449807191864	0.67815828051274
h1SMcG0013341	-0.992415371919887	0.341147719172753
h1SMcG0013342	-1.14055700501678	0.379869489106808
h1SMcG0013344	1.15189659867433	0.000000325930048725183
h1SMcG0013345	1.19700207022661	0.130341570624908
h1SMcG0013352	0.40107649139844	0.34618084488907
h1SMcG0013354	-1.24277906293761	0.428539170187226
h1SMcG0013355	1.58125185347119	0.000000000299018768491366
h1SMcG0013358	-0.460931467510728	0.0953168100008946
h1SMcG0013360	1.00132260423103	0.268377190445128
h1SMcG0013361	0.114191492845568	0.855741843421379
h1SMcG0013363	-1.03043379043876	0.00295265040512868
h1SMcG0013364	0.454575479856013	0.713118665419766
h1SMcG0013366	0.123027114932106	0.838300975925419
h1SMcG0013367	-1.3077578647166	0.311048150442743
h1SMcG0013369	0.804266128044832	0.00625051133737079
h1SMcG0013373	0.733381780256789	0.00841053411243364
h1SMcG0013374	2.51186305000369	0.00000000000452747430768504
h1SMcG0013376	-1.9851398231754	0.0000000000000848196847495532
h1SMcG0013377	1.79399494598488	0.0000305448153518868
h1SMcG0013379	-0.084748898706967	0.943594817127365
h1SMcG0013380	4.78813742768071	0.000000000000545265199642238
h1SMcG0013381	3.6848621362498	0.000830832830451651
h1SMcG0013382	-0.892988734862561	0.248798540688293
h1SMcG0013383	0.439170310811508	0.180921702033192
h1SMcG0013387	0.420141476718979	0.714112234088671
h1SMcG0013388	2.3626428760689	0.0000000120164513049242
h1SMcG0013389	-0.0820150898928491	0.920609519742819
h1SMcG0013390	0.810150665043874	0.414227743235466
h1SMcG0013392	-0.162342331360838	0.604665469942388
h1SMcG0013393	1.34459838200167	0.0000530029568853849
h1SMcG0013395	1.04079137003976	0.186197292780213
h1SMcG0013397	2.17360821558236	0.000021054764951071
h1SMcG0013398	2.07208751997225	0.00000000000372935250709633
h1SMcG0013399	0.833037487459587	0.59469488845731
h1SMcG0013401	0.534587791347686	0.762029153014578
h1SMcG0013403	-1.14850437358155	0.236665582652831
h1SMcG0013406	0.814831950672057	0.00286109247130808
h1SMcG0013407	-0.688373353793111	0.15425318381507
h1SMcG0013409	-0.42827499576623	0.225749935328196
h1SMcG0013410	0.431607035217723	0.632719396608827
h1SMcG0013413	0.0272871843309126	0.973771564078862
h1SMcG0013415	1.70015222770153	0.000593803664081446
h1SMcG0013416	-0.931312106942784	0.105403386896045
h1SMcG0013417	-0.299856221623971	0.372403960265849
h1SMcG0013418	1.49263027191266	0.000000168452930912884
h1SMcG0013419	-2.20888708157285	0.0348869804624015
h1SMcG0013423	1.29760565866346	0.00000296385921220766
h1SMcG0013424	-0.841108536523669	0.147826902611646
h1SMcG0013425	-1.5714100303387	0.00204886565958227
h1SMcG0013426	-2.62923810512105	0.0736828533740897
h1SMcG0013427	0.811309524593887	0.392023701791261
h1SMcG0013433	0.111125623794627	0.834633690685489
h1SMcG0013435	0.928890334373102	0.00524721392725071
h1SMcG0013437	-0.206575365482999	0.808288440751788
h1SMcG0013438	-0.683667605836546	0.358047074134022
h1SMcG0013441	-0.157831917639155	0.887106905927515
h1SMcG0013444	-1.17373680103993	0.228557765620052
h1SMcG0013445	0.320057179844067	0.428259417996139
h1SMcG0013446	0.519764880240721	0.213352293081868
h1SMcG0013447	-0.99050063565052	0.22501811617949
h1SMcG0013448	-0.875069073539062	0.000898585276122703
h1SMcG0013450	-1.1632585646747	0.00000046373533646055
h1SMcG0013451	1.53430396969951	0.000000153162281831221
h1SMcG0013452	0.397258456124811	0.335786901445148
h1SMcG0013457	-0.182860955229207	0.827011660817075
h1SMcG0013460	-1.27009985773121	0.378105356816359
h1SMcG0013461	-1.61834760866867	0.0421563702502116
h1SMcG0013462	1.54636641677479	0.000000000000000121752150825928
h1SMcG0013464	-0.890908039972134	0.29160884134284
h1SMcG0013466	-1.06320986412759	0.0468237234466751
h1SMcG0013473	3.31882892895348	0.00000553068725729121
h1SMcG0013474	-0.0728146788593221	0.888444082944888
h1SMcG0013477	-1.79814362143165	0.0000000000488441905726361
h1SMcG0013479	0.911129095199946	0.104129911729651
h1SMcG0013481	-1.26808257902103	0.000323922567944522
h1SMcG0013483	2.97313165547025	0.0000000000000000000000000408692570159579
h1SMcG0013484	-0.798601539422138	0.00287144769432497
h1SMcG0013488	0.906249400198403	0.288961081682249
h1SMcG0013490	-1.57349080330437	0.0589597064332608
h1SMcG0013492	-1.48777828414827	0.227204542741082
h1SMcG0013493	3.15570087992667	0.0000000000166690790084388
h1SMcG0013497	0.773018912638353	0.000109376152598731
h1SMcG0013498	0.936539887024202	0.0521864782263832
h1SMcG0013501	-2.94012416026295	0.0136745043103608
h1SMcG0013502	0.393842168062799	0.651276517941869
h1SMcG0013504	-1.07507414533105	0.012971631823359
h1SMcG0013505	-0.49639061519495	0.252754425198495
h1SMcG0013507	0.0340641829422134	0.893038895832864
h1SMcG0013510	3.49391803532633	0.0000000881367346121765
h1SMcG0013511	2.59365328721045	0.000146834058058082
h1SMcG0013512	-0.84516956296121	0.0202116517827198
h1SMcG0013513	1.36994952714036	0.147832157002261
h1SMcG0013514	-0.123831447523709	0.840545016200625
h1SMcG0013515	3.62769468577325	0.00000000000304011372631974
h1SMcG0013516	0.262180441961064	0.861369542852411
h1SMcG0013517	1.37854292358054	0.00057496335059763
h1SMcG0013520	-0.77511742534603	0.0263758955596711
h1SMcG0013522	-0.196868971525783	0.81055607353985
h1SMcG0013523	0.457919611338892	0.567983520227826
h1SMcG0013525	-0.960439412854559	0.0366157300203363
h1SMcG0013526	-1.77867486418534	0.00240577360860405
h1SMcG0013528	3.37233891546752	0.00000000190032821795576
h1SMcG0013529	2.90563494462193	0.00000000917365096490669
h1SMcG0013531	-0.497547854338593	0.0524877906066495
h1SMcG0013532	-1.59874114414676	0.0000000284989520209292
h1SMcG0013533	-1.85499383736349	0.00000000000000000249012554488758
h1SMcG0013534	1.08952623868561	0.170495862848067
h1SMcG0013536	-0.964981453640318	0.397435099998842
h1SMcG0013537	-0.667512667653324	0.688789436878504
h1SMcG0013538	-0.158289133251149	0.906900208728182
h1SMcG0013539	-2.39423657739796	0.00222547899762521
h1SMcG0013540	-2.32733569023541	0.0000000000000000000000000000000000000123609739053248
h1SMcG0013541	3.23401781947641	0.0000000000597549830828455
h1SMcG0013543	1.60165240408125	0.210071741811367
h1SMcG0013548	-3.39289415145438	0.0000000000000000000000000000181525121510523
h1SMcG0013550	-1.64827154004108	0.00000000000539178392993336
h1SMcG0013551	-1.21785887475865	0.355203340285608
h1SMcG0013552	-0.498973520202496	0.372057793351926
h1SMcG0013553	-2.93719470807865	0.0644117503562389
h1SMcG0013555	-1.64187787560012	0.171776712838538
h1SMcG0013556	2.47095083544108	0.061031952745108
h1SMcG0013557	2.2358006261411	0.012739315709345
h1SMcG0013558	2.92182330881617	0.00000000000000000798748190678061
h1SMcG0013560	-1.72404695746593	0.0747618771093356
h1SMcG0013563	-1.04414524474433	0.000222175035667602
h1SMcG0013565	-0.0311662585004444	0.945961453125078
h1SMcG0013571	1.48878537452401	0.000000000000000194127930299311
h1SMcG0013573	1.08302917336135	0.01316976319361
h1SMcG0013574	0.886260426680642	0.000141169552235491
h1SMcG0013575	-0.356729703082513	0.394603179745659
h1SMcG0013577	3.12687864852384	0.000000000000000000000000000000000000000399223015514489
h1SMcG0013579	1.84181640211774	0.0399035701442261
h1SMcG0013580	3.02861544112061	0.0000951646659454587
h1SMcG0013581	0.749886324200901	0.112408142669614
h1SMcG0013582	-0.863386372965229	0.436430859881707
h1SMcG0013585	1.97969578747254	0.0000000000000000561783715527686
h1SMcG0013586	-0.174982277907804	0.86257958797886
h1SMcG0013587	-0.0732268525098855	0.952440116452077
h1SMcG0013590	-1.27348579209477	0.0648800264683549
h1SMcG0013591	0.0153130020103562	0.987621414308729
h1SMcG0013595	-1.0870045154514	0.00076373143794773
h1SMcG0013596	1.57348435338015	0.0000000000000653036141779929
h1SMcG0013597	-1.25773497913975	0.015089558828792
h1SMcG0013598	-3.08788281901828	0.00469919961155552
h1SMcG0013600	-1.47132802398587	0.0244404203132262
h1SMcG0013608	-0.616381962782271	0.588908176533
h1SMcG0013609	0.90596156231308	0.000000421301227952124
h1SMcG0013610	-0.369187788715368	0.850604397421058
h1SMcG0013611	-1.32542100856964	0.0963361072505595
h1SMcG0013613	0.640440579733044	0.525230731874723
h1SMcG0013615	-2.8910059166179	0.000000000000582737218497958
h1SMcG0013616	-1.6360685310751	0.0744470167951914
h1SMcG0013621	2.58363052509534	0.000000000000000000222047155192146
h1SMcG0013622	-2.2739663492091	0.108217658148545
h1SMcG0013623	-1.30928975547811	0.0000000383993321755217
h1SMcG0013627	-2.43905581920228	0.00000000000000000000000000000190098571092527
h1SMcG0013630	-1.79473976252942	0.000000000397372581569428
h1SMcG0013633	-0.00727993962003374	0.988449725429191
h1SMcG0013635	0.254518908081638	0.585830170301188
h1SMcG0013636	-0.483146065297833	0.251400225229503
h1SMcG0013637	-0.915836764071302	0.275768880575927
h1SMcG0013641	-0.489059122595593	0.288241999214524
h1SMcG0013643	1.87968336642209	0.0702568914462707
h1SMcG0013644	0.793894799401349	0.172160972711173
h1SMcG0013645	6.26882136934164	0.0000000000000000000013058867870226
h1SMcG0013646	4.46600900296449	0.000000178991608250739
h1SMcG0013648	4.65919289281436	0.0000524427883220344
h1SMcG0013652	4.44036022405104	0.0000000000000000000000129691245158954
h1SMcG0013653	4.5602101664725	0.000000000000000000000000000000000000000000000000000000000000000000000000000000000000000000000000000977857617517379
h1SMcG0013654	4.86070430263358	0.00000000000000000000000000000000000000000000000000259482810710674
h1SMcG0013655	4.51449714653116	0.00000000000000000000000000000000000000000000000000000000000000000000000000000000000000000739692209424804
h1SMcG0013658	-1.18455037638713	0.110200710220483
h1SMcG0013659	-0.471185370312419	0.383308203666491
h1SMcG0013660	-0.112381043030053	0.842635883205974
h1SMcG0013663	-1.82066475021329	0.262906450909259
h1SMcG0013664	0.323330483709467	0.242805573495206
h1SMcG0013665	-2.56460652734407	0.000000000000000633438954061978
h1SMcG0013668	0.0107330661471638	0.993751090817445
h1SMcG0013669	-1.04629959813455	0.162392144952703
h1SMcG0013670	-1.11170700919304	0.392165068102417
h1SMcG0013671	-1.37952220764278	0.0000000058397459569259
h1SMcG0013672	0.359930680643867	0.836363209323756
h1SMcG0013673	-0.511208988069126	0.460118846137656
h1SMcG0013674	-1.63169214884104	0.00560114878002988
h1SMcG0013675	-0.468156431194189	0.41449067020848
h1SMcG0013676	-0.655224246134464	0.0741981618677439
h1SMcG0013677	-1.03586960129476	0.122330084418492
h1SMcG0013682	0.24328796456943	0.401454901449851
h1SMcG0013683	-1.03138776838608	0.0386945975722992
h1SMcG0013686	0.254640079130562	0.803859836071287
h1SMcG0013687	2.27996173749564	0.00000000000000000106483710552494
h1SMcG0013689	-0.116257422220929	0.851380939787549
h1SMcG0013690	-0.150426747657315	0.899056064644357
h1SMcG0013691	-0.549895708336928	0.404496110470802
h1SMcG0013693	-1.84496897054881	0.00000441522088933709
h1SMcG0013698	-0.240291998009817	0.642221791633843
h1SMcG0013700	0.267106760970088	0.868750691010228
h1SMcG0013703	-0.269901884493997	0.839719330636345
h1SMcG0013705	0.906144468935671	0.0631532482014703
h1SMcG0013706	-1.12090748258873	0.00445868988426171
h1SMcG0013710	1.31299278690176	0.266955949836182
h1SMcG0013712	-0.0328319283891007	0.984656047995538
h1SMcG0013713	-2.33022115884614	0.000120489012771149
h1SMcG0013715	-1.5791376139878	0.000324938859945873
h1SMcG0013719	2.05258781998463	0.000000000000000000000000000396937446154551
h1SMcG0013721	-4.61535353237298	0.0000046073110059442
h1SMcG0013723	0.442708563177672	0.340404547724609
h1SMcG0013724	-0.273243203152116	0.536610742819221
h1SMcG0013725	-0.810957136756163	0.00204064397300368
h1SMcG0013726	-1.0169480671607	0.454530187314088
h1SMcG0013727	0.103583420548563	0.919079038630301
h1SMcG0013729	0.264133927184626	0.570226422497197
h1SMcG0013730	-0.336836719857908	0.585830170301188
h1SMcG0013731	0.0794764650091548	0.949666563554948
h1SMcG0013732	-1.95045430311764	0.0000000653567706799351
h1SMcG0013733	-1.01678857634863	0.00357832138531403
h1SMcG0013735	0.491587586857802	0.0963471320549451
h1SMcG0013737	1.35406824548664	0.0000000296302812559052
h1SMcG0013741	-2.54304161237763	0.00119690347493294
h1SMcG0013746	-1.6245776143312	0.00000000000000000240257466069285
h1SMcG0013747	5.68092309427124	0.0000000000000000000000000000000000000000000000000000000000000141412384355713
h1SMcG0013748	-1.54274211823979	0.000000183391825383492
h1SMcG0013750	0.174943387078558	0.628425046272505
h1SMcG0013756	1.78925460358676	0.000000000534322563832622
h1SMcG0013759	1.64934285201158	0.00000000051194603204553
h1SMcG0013760	-0.99696977494655	0.286343616403353
h1SMcG0013761	1.22223265240999	0.000617010301779073
h1SMcG0013762	-0.0510821299907456	0.922654373921298
h1SMcG0013764	2.17493488390852	0.000000000948504199855157
h1SMcG0013765	1.09498554744397	0.0000237235561598129
h1SMcG0013766	0.782577704711008	0.497479105978958
h1SMcG0013767	-1.27067729670094	0.0118202105295422
h1SMcG0013768	-1.63477083471415	0.130262347344383
h1SMcG0013770	-0.311159063645725	0.41289673436942
h1SMcG0013773	-0.909185610367161	0.00000710481490727928
h1SMcG0013774	-0.0656543888822905	0.865829348571181
h1SMcG0013775	0.857537372548026	0.0809353818219977
h1SMcG0013776	2.46907443412152	0.00000000000372302507741464
h1SMcG0013777	0.951821300434129	0.0425526169224817
h1SMcG0013780	-0.888003033363458	0.000063208559938501
h1SMcG0013781	-0.707727690858324	0.318937970266079
h1SMcG0013782	-2.10898820520748	0.0277140476180332
h1SMcG0013784	0.0208659804813254	0.963490433626944
h1SMcG0013786	-3.14079771060556	0.00811707986360522
h1SMcG0013787	-2.91113133848712	0.0326638906907049
h1SMcG0013788	1.21501524839942	0.00501744965280096
h1SMcG0013790	2.31289447704019	0.0000000165947838545771
h1SMcG0013791	-0.799223214154253	0.129691910085646
h1SMcG0013792	4.25969202982729	0.0000000000000000000000000000000876015539835303
h1SMcG0013795	0.0457455134251553	0.921454554793674
h1SMcG0013796	2.88750092170195	0.000000000000302949733311677
h1SMcG0013798	1.11158761119736	0.000272116501475988
h1SMcG0013799	-1.33732594215803	0.000000365371654763336
h1SMcG0013800	-1.03448276380072	0.279360446122171
h1SMcG0013802	4.80929604900248	0.00000000000000000000000000000000000000000000000000000000000000000000707038149955512
h1SMcG0013804	-1.21389579379906	0.500044328168599
h1SMcG0013805	-0.850038248465578	0.00154149961032272
h1SMcG0013806	0.628567747803334	0.00457384184482188
h1SMcG0013807	-0.99751933648249	0.000167306739805487
h1SMcG0013808	-1.12355481399475	0.0596683525126653
h1SMcG0013809	-1.75421810906173	0.000000000000000664661788114138
h1SMcG0013810	-0.866778977989319	0.00444944609690895
h1SMcG0013811	-2.11317256207527	0.000337691322627081
h1SMcG0013812	-0.757593253136131	0.175047086185865
h1SMcG0013815	5.13883306752879	0.0467209569869646
h1SMcG0013816	2.23344792355755	0.128579339281989
h1SMcG0013818	4.64994130711579	0.0000065980205502852
h1SMcG0013820	6.17987579556794	0.000000812348839851164
h1SMcG0013821	1.13333010377902	0.134359735631056
h1SMcG0013822	3.95052157690382	0.0000000000252681106288839
h1SMcG0013823	-1.08446950351906	0.0455528041700791
h1SMcG0013824	-0.469434909517843	0.536077296143596
h1SMcG0013825	0.0466237616904311	0.918031708281262
h1SMcG0013827	3.71449923396884	0.000000839032943652551
h1SMcG0013828	0.843329680582818	0.178106426563954
h1SMcG0013829	-0.655767835612837	0.0229901542445177
h1SMcG0013830	-2.84844117899825	0.0427872298913282
h1SMcG0013831	5.98326793646482	0.000000000154731990364621
h1SMcG0013832	2.60959659466294	0.0000109759471594537
h1SMcG0013833	0.264514092817904	0.430486178053195
h1SMcG0013836	0.665894306470429	0.121089673754619
h1SMcG0013838	-1.87474762368801	0.0930056424879395
h1SMcG0013839	-1.94642221568236	0.0000000000000000215175932362681
h1SMcG0013844	0.0677197838390402	0.931559699859646
h1SMcG0013846	0.128508540228894	0.927054474100166
h1SMcG0013847	-2.75786106616086	0.000000143679140506966
h1SMcG0013848	-0.604754504701247	0.214068364567702
h1SMcG0013849	-1.04872441130903	0.000153836422924232
h1SMcG0013854	0.312738625262764	0.79577307782823
h1SMcG0013855	-1.12205686404818	0.431988968999098
h1SMcG0013856	-0.696135453898261	0.59501312125761
h1SMcG0013857	1.41745914875118	0.0420628014152134
h1SMcG0013861	-0.85645190469504	0.493327354449921
h1SMcG0013865	-2.58554898221147	0.000953489660561471
h1SMcG0013867	-0.365486554809784	0.173759774678656
h1SMcG0013868	0.676008572718549	0.00455173925382289
h1SMcG0013869	0.750051027884148	0.0445231040833544
h1SMcG0013870	-0.171323269953187	0.783224907881185
h1SMcG0013872	-1.73913630070968	0.00956501792450658
h1SMcG0013873	-1.20482679961273	0.00794410475306047
h1SMcG0013876	1.10398605878571	0.141307990868078
h1SMcG0013878	-0.525719484409091	0.408944032594999
h1SMcG0013879	1.32490676706766	0.00000271393840198643
h1SMcG0013881	-0.547493775868579	0.215793178751708
h1SMcG0013882	3.87343166714758	0.00000000441648794536956
h1SMcG0013883	-1.22792026175277	0.0432088215147943
h1SMcG0013884	3.89412292421002	0.0000000000000000000000000000630821167859461
h1SMcG0013885	-1.09471572728631	0.406424609918047
h1SMcG0013888	-1.09039637054397	0.00616168261691686
h1SMcG0013890	1.10574703618945	0.000316805076161934
h1SMcG0013891	-0.500627391549082	0.662355004589695
h1SMcG0013894	0.232083909269375	0.451171852449852
h1SMcG0013897	-1.06039115703961	0.0597036984059086
h1SMcG0013899	1.00599750453695	0.323917184876994
h1SMcG0013900	-0.157507933034076	0.856580088060241
h1SMcG0013903	0.938203198002038	0.0173194376455735
h1SMcG0013904	-3.96651036950417	0.000000536498892227127
h1SMcG0013905	1.057778232371	0.0203528260910549
h1SMcG0013907	-1.67401499447851	0.0510470291828049
h1SMcG0013908	-0.20870537533349	0.59649173037996
h1SMcG0013915	0.387261517400657	0.275757311034849
h1SMcG0013916	4.23769831268788	0.0000000000000000000000000000035479792707352
h1SMcG0013917	0.501324185907193	0.597579687883922
h1SMcG0013918	-3.04036676050816	0.0000990289505751891
h1SMcG0013919	1.82721226465179	0.0000000000243321300547016
h1SMcG0013920	-2.36104949486442	0.000000000000000156490136405489
h1SMcG0013921	0.620849431155995	0.080171683119271
h1SMcG0013922	4.57519646865592	0.00000000000000000000000000000000000000000000000000000000000254157110568158
h1SMcG0013927	-0.946835754432922	0.16650128716507
h1SMcG0013928	-1.01127222385886	0.381642151433501
h1SMcG0013929	-0.377502334053001	0.502100552252494
h1SMcG0013932	0.457120437933542	0.721334707426847
h1SMcG0013934	0.694374000627476	0.276667793864671
h1SMcG0013935	-1.6088516049886	0.229460887474892
h1SMcG0013937	0.33089730055732	0.629367049120743
h1SMcG0013940	1.41988498960926	0.00000265928357142394
h1SMcG0013941	3.04791823768638	0.00000000000744573421496655
h1SMcG0013942	-1.30624284194374	0.000116327677973584
h1SMcG0013944	0.00758563590329838	0.992202463796634
h1SMcG0013946	0.596970053660846	0.350880628990834
h1SMcG0013947	-0.427952815291577	0.279591333229946
h1SMcG0013948	0.161977435183435	0.880646779862047
h1SMcG0013949	-1.97958632449929	0.00000308408333165497
h1SMcG0013953	1.1575853022045	0.000000130911722835002
h1SMcG0013954	1.25836295520118	0.34606019083094
h1SMcG0013956	-1.8862961902596	0.00000000974916683685112
h1SMcG0013957	-0.367387268638392	0.405564291308525
h1SMcG0013958	-0.0882635456187567	0.921898402518159
h1SMcG0013961	-1.37166612826263	0.183029532272715
h1SMcG0013963	-2.07085932038911	0.207522797409297
h1SMcG0013964	-1.82333278130492	0.0000000000401485014109382
h1SMcG0013965	-1.3519962213153	0.000000229877198729587
h1SMcG0013966	-1.71601674103121	0.172489345945737
h1SMcG0013969	0.563961640908264	0.391552869766891
h1SMcG0013970	0.0437310692291595	0.939774839105158
h1SMcG0013971	-1.39181738690118	0.354859297672263
h1SMcG0013972	0.841523450864121	0.61870302385018
h1SMcG0013973	0.493687124330114	0.368180447453089
h1SMcG0013974	1.96942364723	0.00000000000369965460348016
h1SMcG0013979	-1.60557586163913	0.00124507927382015
h1SMcG0013981	0.320748381259021	0.490338242939555
h1SMcG0013982	-2.77053830782821	0.0904617596939322
h1SMcG0013984	-0.24750957793282	0.669778685289141
h1SMcG0013985	-3.29234830847311	0.0000000841826045531588
h1SMcG0013986	2.15514418679293	0.00897270973361597
h1SMcG0013987	-1.7755967338998	0.175165107894899
h1SMcG0013990	0.188062045235309	0.808139451105697
h1SMcG0013991	2.36957839675536	0.0000000000000000000000142707357902905
h1SMcG0013994	0.564433579631997	0.565832404747799
h1SMcG0013997	-3.44470986085339	0.00319629029099269
h1SMcG0013999	-5.00844134294474	0.000000000000000000000000000000000000000000000000000000000000000000000000036378340594773
h1SMcG0014000	-0.227830000191214	0.868517110746713
h1SMcG0014003	-1.63226891026685	0.000988511066388656
h1SMcG0014004	3.25564696708387	0.0000000794061446021574
h1SMcG0014008	-1.99850887921269	0.195146430225671
h1SMcG0014009	-0.42513209019319	0.492241352965361
h1SMcG0014014	-0.44698687687296	0.213523686622476
h1SMcG0014015	-1.13137101786145	0.00628200584473348
h1SMcG0014016	2.26324200263228	0.00000000000000987177795859895
h1SMcG0014017	0.256622034023855	0.750647801775318
h1SMcG0014018	-1.39114320492541	0.16284724282264
h1SMcG0014020	-1.67664839459495	0.000040049919795069
h1SMcG0014021	-1.54449866563578	0.00000574298006476849
h1SMcG0014022	0.215438727047394	0.88128636825596
h1SMcG0014026	-0.0990516842724341	0.950621535192987
h1SMcG0014027	0.563486407222837	0.499723781220157
h1SMcG0014028	3.16229743398937	0.000000000000000000000153078328311032
h1SMcG0014030	-1.23847130427769	0.0234668561718985
h1SMcG0014031	0.85479628774658	0.00501344721085969
h1SMcG0014032	0.0665565539880641	0.937286149715375
h1SMcG0014033	0.754047873057782	0.393592235251161
h1SMcG0014036	2.30408060165639	0.00404953611218885
h1SMcG0014037	-0.89308361724546	0.204687144334538
h1SMcG0014039	1.68624583847455	0.00000000000000000374577780880058
h1SMcG0014040	1.97757835643935	0.0000000616205280078207
h1SMcG0014041	-1.35401468039373	0.154616253579843
h1SMcG0014042	-0.21308582779589	0.553010378073189
h1SMcG0014044	2.38802458728766	0.0000000000831621649469838
h1SMcG0014048	-1.5272467873382	0.000109180713300973
h1SMcG0014049	-1.61664900136434	0.00539455911027158
h1SMcG0014051	1.83419116553261	0.000000163136907542703
h1SMcG0014054	-1.88524424531486	0.067871464612441
h1SMcG0014056	0.999026234341361	0.0188197887923645
h1SMcG0014059	-3.76463619697543	0.00195882201712657
h1SMcG0014061	-0.52676106487752	0.761435385177576
h1SMcG0014063	0.201288608114386	0.861877042006074
h1SMcG0014064	-3.95181291987105	0.00199612372257868
h1SMcG0014067	-0.97287617832984	0.275711988964415
h1SMcG0014068	0.978706111557746	0.0304790087249542
h1SMcG0014073	0.707718892375609	0.539099267888243
h1SMcG0014074	-4.35093907643415	0.000341860248266617
h1SMcG0014076	-1.13952630891385	0.230904521949148
h1SMcG0014077	1.70333361327669	0.000037720220690459
h1SMcG0014080	-0.681106325951616	0.571219040771073
h1SMcG0014082	0.617083488648911	0.641627981449039
h1SMcG0014083	-0.17429454869486	0.779576208577019
h1SMcG0014084	-0.342291523388745	0.729490591300694
h1SMcG0014085	-3.66305859780166	0.000505293540411974
h1SMcG0014086	-0.719633280136772	0.0389766076179973
h1SMcG0014087	-0.598546093948663	0.599503208385486
h1SMcG0014089	-0.304912897357386	0.788288690762248
h1SMcG0014090	-2.08801514278298	0.194823065791431
h1SMcG0014091	-0.583711872648453	0.0458978169965604
h1SMcG0014092	0.173422660643151	0.682499857696049
h1SMcG0014095	0.543444750933394	0.337401856254184
h1SMcG0014096	3.11873707429618	0.000000000000000000000000110709197686215
h1SMcG0014097	0.128489434301519	0.66026411060617
h1SMcG0014100	-0.864058440858028	0.469403896931608
h1SMcG0014101	-0.639954208220016	0.245379006139963
h1SMcG0014105	-1.2075818608098	0.083131419723588
h1SMcG0014106	5.8492599380759	0.00000122856068170178
h1SMcG0014108	3.08761787912479	0.000000000000147630323047682
h1SMcG0014110	3.74854619212066	0.0000000000286683738303922
h1SMcG0014111	1.07418231919604	0.000048196866928373
h1SMcG0014112	0.841903591804646	0.0926183450136274
h1SMcG0014114	-0.182843311380958	0.789091092155918
h1SMcG0014115	1.01394082143887	0.462219829524783
h1SMcG0014116	3.04730345194461	0.0000000000000295924674536249
h1SMcG0014117	-0.210688012390003	0.645560635762793
h1SMcG0014118	2.0586524241147	0.000000000000000000421214906595728
h1SMcG0014119	2.337263672295	0.0000000000000000773478755251741
h1SMcG0014120	0.0441575087809725	0.978788960899122
h1SMcG0014121	-0.000558967207629268	0.99960927710149
h1SMcG0014122	0.797625988528663	0.22472059156089
h1SMcG0014124	-3.67982231808536	0.00165227858498488
h1SMcG0014125	-0.0667945022673556	0.899638071047036
h1SMcG0014126	2.91086324903025	0.000000295449250321101
h1SMcG0014127	-2.26486580772226	0.00000000000000000000000000897967483872302
h1SMcG0014128	-1.54054664782734	0.138143063705298
h1SMcG0014129	-0.545909454888734	0.0398903621334312
h1SMcG0014130	0.26732306621125	0.706420682984323
h1SMcG0014131	-1.59756831973009	0.00317901845415536
h1SMcG0014132	-1.68994728687635	0.0293889745469612
h1SMcG0014134	-0.0721515241163962	0.885393890514436
h1SMcG0014135	0.292073622222624	0.358047074134022
h1SMcG0014136	-4.82316448150952	0.00000166365403964519
h1SMcG0014139	-0.650488047244475	0.00835135077149919
h1SMcG0014142	-0.306551535695867	0.124977643612995
h1SMcG0014143	0.940397003685005	0.0148775193805345
h1SMcG0014144	-0.112137904577372	0.718062229473786
h1SMcG0014145	-0.352450015051302	0.625687354120974
h1SMcG0014146	-0.473851971845404	0.566998827342341
h1SMcG0014149	0.563325263192551	0.110588915767987
h1SMcG0014150	-0.13563027947625	0.735527610072438
h1SMcG0014153	-1.88606087491515	0.0692576745146881
h1SMcG0014154	1.41546616696556	0.00000000000000154070215195035
h1SMcG0014155	-0.27093578100234	0.27676761690334
h1SMcG0014156	1.6906809790903	0.00000227180104279803
h1SMcG0014157	3.73610526794859	0.00000000192479617455093
h1SMcG0014158	0.911572033678169	0.386715761814408
h1SMcG0014159	-0.850248665943973	0.445710347409376
h1SMcG0014160	-1.85710710905771	0.0140259566325767
h1SMcG0014161	-0.111667164703413	0.879962380061746
h1SMcG0014164	1.91407982229551	0.0000000000000619886324813319
h1SMcG0014165	-2.69265473563151	0.0912309511101311
h1SMcG0014166	-3.09107867155817	0.000110661255820015
h1SMcG0014168	3.83629441905608	0.00000000000000996117259038707
h1SMcG0014169	-1.34755996852521	0.0415388124689518
h1SMcG0014170	-0.202755130140822	0.573605957169484
h1SMcG0014171	1.84034833253768	0.000434687722537145
h1SMcG0014172	1.76570470286749	0.0000882688239475901
h1SMcG0014173	-0.0721294555593442	0.841657662247833
h1SMcG0014174	-3.87342450366102	0.00106941509855696
h1SMcG0014176	0.951988540136283	0.495011853722781
h1SMcG0014177	0.173512728822605	0.476143296740056
h1SMcG0014180	-0.201978619685956	0.714970279536189
h1SMcG0014182	-0.82074150741495	0.0430343634424291
h1SMcG0014183	0.197529648452863	0.799679628897689
h1SMcG0014185	2.47748624805065	0.0000488537099446106
h1SMcG0014186	3.11301768014994	0.000000000000000000000000000000000000117950419142949
h1SMcG0014189	1.20426199596868	0.282986274791326
h1SMcG0014191	-0.361928198600378	0.677732470620349
h1SMcG0014192	4.00765499521186	0.000000000269229304397701
h1SMcG0014193	-0.298122819538403	0.70904466857498
h1SMcG0014194	4.42708945024179	0.0000297822658260603
h1SMcG0014195	0.589439640608015	0.547269222188505
h1SMcG0014196	0.402911172035858	0.263034441904016
h1SMcG0014197	-0.748029863105832	0.0890457392668876
h1SMcG0014199	0.877773018847836	0.004640480046463
h1SMcG0014201	0.9243799109443	0.161921670270103
h1SMcG0014202	-0.259627027383942	0.497185755716175
h1SMcG0014203	2.73464411739703	0.00000000000000000000414912756352277
h1SMcG0014204	3.37398834142189	0.0000000000000000000000000000000000000000000307295551327694
h1SMcG0014206	-1.10038167046272	0.0389842964558155
h1SMcG0014209	-3.09547542092509	0.0428917388764521
h1SMcG0014210	-0.798808262774655	0.120476682214402
h1SMcG0014211	-0.849363927270871	0.589671315359078
h1SMcG0014212	1.33592208305787	0.353674742897372
h1SMcG0014213	-1.76660663411009	0.12662655271646
h1SMcG0014214	-0.568259415711588	0.00331987636157694
h1SMcG0014215	-5.20410052835256	0.0000010913224990478
h1SMcG0014216	-1.62904718480067	0.0639342078676407
h1SMcG0014218	-0.661153940152151	0.0244960346306661
h1SMcG0014219	0.0498159130211504	0.917331660916546
h1SMcG0014220	-0.183473741156446	0.847648941990532
h1SMcG0014221	-1.17604281494732	0.051909561617067
h1SMcG0014222	-2.14258566174633	0.0153315445376063
h1SMcG0014225	-0.569216333611742	0.153815583100157
h1SMcG0014227	0.325561317444464	0.354647617086567
h1SMcG0014228	-1.85906446760911	0.00096394255752989
h1SMcG0014229	1.70729865777237	0.0131126190982373
h1SMcG0014230	-2.3967697087233	0.0735941886057637
h1SMcG0014236	4.22043603025853	0.000000000000000000654349237536484
h1SMcG0014238	-2.37832376401856	0.0000000132972204521803
h1SMcG0014239	-0.831062500297758	0.0685644199123751
h1SMcG0014240	-0.00660534292101717	0.988149976925726
h1SMcG0014241	-0.318661488830632	0.698311681640562
h1SMcG0014243	0.50354409329056	0.29294279031615
h1SMcG0014244	-1.95502094978005	0.137159968139334
h1SMcG0014251	-1.2334078841985	0.00113039229398711
h1SMcG0014252	-2.44100405022814	0.00322230103801444
h1SMcG0014254	0.480981299624026	0.778470357111246
h1SMcG0014260	-0.798592914485345	0.0168517497922925
h1SMcG0014262	-0.232719411311105	0.298268971736082
h1SMcG0014263	2.17274939912212	0.0000000000000000909517454942263
h1SMcG0014264	-0.00425269351087883	0.991774887081391
h1SMcG0014266	-0.24844831780944	0.882465587066817
h1SMcG0014267	4.43263434637582	0.000183717030307084
h1SMcG0014269	-3.33750597976633	0.00000000394391288633429
h1SMcG0014271	4.16537445779006	0.000000000135327206654716
h1SMcG0014274	-1.40324180431688	0.00616144109286954
h1SMcG0014275	0.267306727510584	0.830042529532765
h1SMcG0014276	-1.37632113083549	0.0434154345092131
h1SMcG0014277	0.00462490772796545	0.991695630751708
h1SMcG0014285	-1.6106117567657	0.128401968244589
h1SMcG0014286	0.319516221335862	0.448603538601633
h1SMcG0014287	0.101445806957048	0.85454564671942
h1SMcG0014288	0.488807658623929	0.295632774272419
h1SMcG0014289	-1.89278804548179	0.0994867002283276
h1SMcG0014293	-1.47562113793128	0.00981026680918268
h1SMcG0014294	2.40403939962865	0.0253893472044518
h1SMcG0014295	4.27380367538736	0.0000000000054915108415468
h1SMcG0014296	-0.331721069999752	0.755172398638256
h1SMcG0014297	-0.416654772926695	0.257348334014509
h1SMcG0014299	-1.25678375452254	0.391767816100565
h1SMcG0014300	0.550381424875842	0.642130834439059
h1SMcG0014301	2.15307002720939	0.0000000000000000000000000000239762756765339
h1SMcG0014302	-0.857515098163948	0.239641755399092
h1SMcG0014303	-0.151037682651509	0.886239862225361
h1SMcG0014304	3.56451204607055	0.000000000000000000000000000000000000000938160549993756
h1SMcG0014305	1.12626691976938	0.00669129085741634
h1SMcG0014306	0.801298899929177	0.00602212539345455
h1SMcG0014308	0.0729159165110797	0.87207899299052
h1SMcG0014309	0.18330593240334	0.883337791524461
h1SMcG0014310	1.24649710711578	0.316737116197991
h1SMcG0014311	-2.68167229381937	0.0000000678969922166929
h1SMcG0014312	-0.0233008586358175	0.976147581400813
h1SMcG0014314	-1.09993140436305	0.0000108113371996293
h1SMcG0014319	-1.12341222369568	0.062117462428202
h1SMcG0014321	0.0858221468921311	0.874775682085641
h1SMcG0014322	1.21197789729041	0.0535196643687811
h1SMcG0014323	-0.273337463484792	0.33290898860588
h1SMcG0014324	0.186432100933693	0.482413202607857
h1SMcG0014325	0.396972973448667	0.654014325555128
h1SMcG0014326	-3.13744156365477	0.000113200551299147
h1SMcG0014327	-2.36227254043832	0.0000107789040516412
h1SMcG0014328	-0.0466430984547191	0.949059536106965
h1SMcG0014329	0.742023764730756	0.418401042118781
h1SMcG0014330	-3.2065370981866	0.0000872608473996461
h1SMcG0014333	-0.99079122060145	0.000148139047405739
h1SMcG0014339	1.70640125468027	0.00437759457574953
h1SMcG0014341	-0.341245624360495	0.522003027180326
h1SMcG0014342	-0.046414735642456	0.961924639920979
h1SMcG0014343	0.341154752211858	0.826323212319994
h1SMcG0014346	2.10634666895147	0.0000000000550732733524742
h1SMcG0014349	0.335274518903051	0.6674022877389
h1SMcG0014350	0.935888906995968	0.12254666791033
h1SMcG0014353	4.1107273727456	0.00000689688176981675
h1SMcG0014354	1.10115029761566	0.00000106664088868121
h1SMcG0014355	-1.42944138074143	0.0566330677579067
h1SMcG0014356	-1.09558361929772	0.0000000737979217923457
h1SMcG0014358	-0.614666702701058	0.16988413809469
h1SMcG0014359	2.77496320455264	0.006978717132505
h1SMcG0014360	8.33740174206364	0.0000000000000000034625477316828
h1SMcG0014361	6.93908600030939	0.0573366825861296
h1SMcG0014362	0.151252828642976	0.520810641453456
h1SMcG0014367	-0.698487682244266	0.0446062151786128
h1SMcG0014369	0.113535047540774	0.947780815008349
h1SMcG0014370	3.17728029755636	0.0000000374161537145004
h1SMcG0014371	1.33610580902533	0.000482013713655469
h1SMcG0014372	1.20037642459289	0.00243830658246848
h1SMcG0014373	1.71649807622507	0.00000000000313127664634952
h1SMcG0014374	0.186405012584402	0.846370601402861
h1SMcG0014375	0.586984246657751	0.134370332986302
h1SMcG0014376	-0.187028234521759	0.864304443006898
h1SMcG0014377	-1.54619980071828	0.0733133402805982
h1SMcG0014379	2.64831538740884	0.000000000271335144103478
h1SMcG0014381	1.2987861250511	0.0000798476633137065
h1SMcG0014383	-2.13363004143898	0.00000000161989827801265
h1SMcG0014384	1.948028640527	0.0000000179005647549146
h1SMcG0014385	-1.31788742794138	0.027238424641344
h1SMcG0014390	0.982345669714962	0.000210754337217539
h1SMcG0014394	-3.09365572238429	0.000314783577055623
h1SMcG0014395	-0.805673598992373	0.595012864121671
h1SMcG0014398	-0.435051473151077	0.760854944885704
h1SMcG0014401	-0.594111358790997	0.491301813902458
h1SMcG0014402	1.00216079600679	0.107121217400481
h1SMcG0014403	-0.987438792620605	0.0000624662013381266
h1SMcG0014404	1.07551090851783	0.000187507108229442
h1SMcG0014405	-0.846206469804618	0.0334647044824702
h1SMcG0014406	1.04932563524731	0.0151164633098454
h1SMcG0014407	1.33301768277805	0.102628101705679
h1SMcG0014408	-0.757797451146258	0.0456800531523744
h1SMcG0014409	-0.435080815080117	0.778438020913988
h1SMcG0014415	-0.355932263821583	0.686432125512549
h1SMcG0014416	-1.26109415824314	0.0772351906077227
h1SMcG0014417	-0.803862692074126	0.118624376191941
h1SMcG0014422	-1.51607276370243	0.174329965406802
h1SMcG0014424	-5.28056618157493	0.00000162130857344824
h1SMcG0014430	-0.449894742834699	0.160714498331423
h1SMcG0014432	-2.53272636745699	0.0196831728601149
h1SMcG0014434	-1.31265383853942	0.00127924319157597
h1SMcG0014436	0.818926433308997	0.0898680544494445
h1SMcG0014438	-0.348480569330203	0.370906120841492
h1SMcG0014439	1.41066506865851	0.00154773816129268
h1SMcG0014440	-0.65124765923498	0.459759724343987
h1SMcG0014442	-1.06614405663547	0.270930597427836
h1SMcG0014443	0.699830119568379	0.0467209569869646
h1SMcG0014444	-2.05869375674314	0.100233575306135
h1SMcG0014445	-1.05211527669969	0.148822299238468
h1SMcG0014446	0.714153113233965	0.085301322454196
h1SMcG0014447	-1.64172732596711	0.00000000000000152676671068035
h1SMcG0014448	-1.12648216677595	0.0667979165342101
h1SMcG0014449	1.49882711379699	0.0635283539313496
h1SMcG0014451	0.697882605011387	0.651836660418835
h1SMcG0014453	0.583333515529543	0.226989334480442
h1SMcG0014454	0.635206097393166	0.12593168107026
h1SMcG0014455	0.285038777025829	0.677966627312582
h1SMcG0014458	-0.685566203642966	0.639148425491522
h1SMcG0014459	-3.44604517408655	0.00344598990941495
h1SMcG0014460	-0.475196169944319	0.793817974917795
h1SMcG0014461	1.33817607415114	0.034485652189229
h1SMcG0014464	1.7731821405109	0.00000671381597430459
h1SMcG0014466	0.43221097375238	0.482922371240157
h1SMcG0014472	2.20491491790854	0.000000000000000000000000508187871059983
h1SMcG0014473	-1.03764463496199	0.0126822517229766
h1SMcG0014474	-1.57945634233799	0.101733594729379
h1SMcG0014475	-2.08741295066678	0.00000178444279981573
h1SMcG0014476	-0.242190257103542	0.80298545296182
h1SMcG0014477	-0.360364209023343	0.807040703885304
h1SMcG0014480	0.305370895461514	0.265177798118078
h1SMcG0014481	1.06974894602544	0.0771785923177481
h1SMcG0014482	-0.811475048859168	0.601794003373619
h1SMcG0014483	0.488333228374426	0.343833259375064
h1SMcG0014484	0.214609897132457	0.83863151779209
h1SMcG0014485	3.06495176478759	0.00408617204316733
h1SMcG0014487	1.64217776362831	0.000000000236504369321239
h1SMcG0014488	-2.49035659430057	0.000057486473633771
h1SMcG0014491	1.42965879113734	0.0000000311677708822969
h1SMcG0014493	0.532179845261973	0.194024141928142
h1SMcG0014495	0.164205357200238	0.896672833002774
h1SMcG0014497	0.420153425183719	0.167042842611558
h1SMcG0014498	0.52986133249947	0.0704659286134971
h1SMcG0014503	-0.656810715209578	0.186197292780213
h1SMcG0014505	-2.04732674376168	0.000000000000869223880011122
h1SMcG0014506	-0.837331780031939	0.0123086864208043
h1SMcG0014508	0.234256452554918	0.43977019797887
h1SMcG0014510	0.194551941088024	0.906902123890136
h1SMcG0014511	0.25970382887611	0.528911513206618
h1SMcG0014512	-1.37668010523137	0.0476746285300602
h1SMcG0014516	-0.5917860994686	0.534850590525494
h1SMcG0014521	-1.623731437145	0.253358827381884
h1SMcG0014522	-0.0200869665975532	0.962944425014661
h1SMcG0014523	-0.800008817713224	0.463712321928345
h1SMcG0014524	0.521134287830343	0.545551683375459
h1SMcG0014525	-1.54409640736348	0.000125028182715049
h1SMcG0014527	0.0792238195701234	0.895504943217624
h1SMcG0014530	-2.20581483994418	0.0000000120727080107376
h1SMcG0014531	-1.54161099681373	0.00117436622014292
h1SMcG0014535	-0.0476508275987022	0.941569554675113
h1SMcG0014536	-1.29897258217751	0.0000011087796983124
h1SMcG0014540	1.52109572429536	0.00000208418495654775
h1SMcG0014541	-0.0242832154596754	0.950936393848704
h1SMcG0014544	-0.45571680246127	0.170374154802448
h1SMcG0014545	-1.79707765031785	0.000694802154202384
h1SMcG0014546	-1.48645033420144	0.156420020151162
h1SMcG0014547	1.82128712694938	0.00000536848108502158
h1SMcG0014548	-1.62826569985541	0.0268245972948775
h1SMcG0014549	0.421608412966781	0.668240478709031
h1SMcG0014550	2.43098681737409	0.0000000000000346794676414411
h1SMcG0014551	2.55452945681155	0.00000000000302285120314607
h1SMcG0014555	-0.666882433127428	0.713456846292202
h1SMcG0014556	1.45024702715011	0.0000209364294376528
h1SMcG0014558	-0.828593162430085	0.0715992822940148
h1SMcG0014560	-0.041350926962554	0.925922438615186
h1SMcG0014561	-0.24291734454392	0.863836540899207
h1SMcG0014562	3.36871734272785	0.0000428882351966632
h1SMcG0014563	0.546019400694256	0.281366232185771
h1SMcG0014565	1.45331868663424	0.0000000000006791094065062
h1SMcG0014569	-0.364823456915944	0.170734972273639
h1SMcG0014570	-1.25004181148972	0.0144084989662375
h1SMcG0014571	1.9168292431009	0.000000248631877348741
h1SMcG0014572	-1.04516691753284	0.218011338105132
h1SMcG0014578	-3.09062615245175	0.0203626011476635
h1SMcG0014579	-2.35338671711278	0.024061163024567
h1SMcG0014580	-2.33987768216628	0.0730204291475645
h1SMcG0014581	1.73356171197371	0.0000000271549281833865
h1SMcG0014583	-3.61926351373011	0.00763195389633728
h1SMcG0014584	0.0698721358619495	0.886905945693924
h1SMcG0014585	-1.19266381813803	0.142484304683677
h1SMcG0014586	-1.9119160361696	0.108532727916386
h1SMcG0014587	3.53174807077617	0.0000000410753728035046
h1SMcG0014588	-0.942957652976316	0.166614716739571
h1SMcG0014589	-0.556502764372803	0.437761220000937
h1SMcG0014590	-0.136091607724243	0.782122873509559
h1SMcG0014592	-2.04072673340177	0.000000000506530441958102
h1SMcG0014594	2.76137413243994	0.00000102077891825012
h1SMcG0014596	-0.603506592971949	0.45844115906219
h1SMcG0014597	-0.127349487839285	0.812272229043984
h1SMcG0014598	0.275474858227962	0.67728783800973
h1SMcG0014599	-2.47592433100429	0.0433696693924022
h1SMcG0014600	1.08041353986265	0.26958245153056
h1SMcG0014602	-0.517200359874636	0.150332163132824
h1SMcG0014604	-1.46987374713534	0.000605502547540874
h1SMcG0014607	-0.272797102068291	0.942562658612588
h1SMcG0014608	-0.846108952254047	0.00294530216334328
h1SMcG0014609	-1.28912963330146	0.0503585311614916
h1SMcG0014614	0.602143125862206	0.0151447639329585
h1SMcG0014617	3.05408557471377	0.00000000000000000000000752578922107608
h1SMcG0014619	0.402434187290112	0.410261674422904
h1SMcG0014620	2.30982828204378	0.00000000120446208407808
h1SMcG0014622	0.256640180050638	0.483679480712512
h1SMcG0014623	4.36178787188598	0.00000189685003707305
h1SMcG0014624	-0.890661074839897	0.210843422460755
h1SMcG0014625	2.44789695501866	0.084730577596898
h1SMcG0014626	-0.0320954690942045	0.983621662222928
h1SMcG0014628	0.75466189465213	0.317053738301968
h1SMcG0014630	1.28971237726724	0.000000484970845838591
h1SMcG0014634	-0.65101176820475	0.447448676263643
h1SMcG0014637	0.11013253046795	0.841854683708617
h1SMcG0014640	-2.38224337258649	0.00107314932346378
h1SMcG0014641	-1.05917737678004	0.471438276731844
h1SMcG0014645	2.38281487674822	0.00000000000454240672658275
h1SMcG0014647	-1.46025276682262	0.0450469261033492
h1SMcG0014650	-2.53635190863444	0.0280416452125387
h1SMcG0014651	-0.209789070022811	0.799803913596488
h1SMcG0014652	-0.522844408245545	0.49833476642731
h1SMcG0014653	-0.0495900056304829	0.883524629107961
h1SMcG0014655	0.584771698304777	0.142127106718369
h1SMcG0014656	1.55398239052022	0.00101807602531569
h1SMcG0014657	-0.391646485584898	0.248426356699534
h1SMcG0014658	1.40032616940966	0.357947325402698
h1SMcG0014659	-0.13592786625807	0.92076078070899
h1SMcG0014660	0.364331978273402	0.0427872298913282
h1SMcG0014663	-0.170904041210519	0.567953756092599
h1SMcG0014666	-0.278751941725783	0.578917133177959
h1SMcG0014667	-3.39413624663384	0.0000000000848347383040314
h1SMcG0014669	-1.15668131247326	0.415569503519838
h1SMcG0014670	-2.14987124573464	0.184662756521284
h1SMcG0014671	-1.97008276029149	0.0000000075179104001707
h1SMcG0014673	-1.14005566753624	0.508610155544876
h1SMcG0014676	4.87346365602749	0.000000000000008668941343439
h1SMcG0014679	4.89177790087058	0.00000000000000000000000538201348230893
h1SMcG0014681	0.781257937840419	0.203386977072821
h1SMcG0014682	6.44846359037036	0.0000000000000000400857232653192
h1SMcG0014684	1.36499957232592	0.299487358262056
h1SMcG0014685	-1.00271912960809	0.0227925776162851
h1SMcG0014686	-3.48121657419928	0.00152937769313393
h1SMcG0014687	-2.43165813957522	0.000000034343754002882
h1SMcG0014690	-1.94492448895876	0.00556522003909425
h1SMcG0014691	-1.24960280935475	0.342143822353396
h1SMcG0014692	-2.23788583629216	0.000000000000000000000000000000160116349749322
h1SMcG0014693	-0.912694663037174	0.152798817972537
h1SMcG0014697	-0.468456128730098	0.315379698739498
h1SMcG0014700	-1.51680397347012	0.0836625750681415
h1SMcG0014701	-0.384975253512188	0.523562572162797
h1SMcG0014702	-0.456759065188155	0.0989433454613216
h1SMcG0014703	1.9941295853075	0.00000548047044327571
h1SMcG0014704	-1.57724675147366	0.0489913368612027
h1SMcG0014706	-0.921398698642896	0.430633102073716
h1SMcG0014709	1.25169674185756	0.341519850658242
h1SMcG0014710	-0.922191439120533	0.466302105496262
h1SMcG0014711	0.919518408493246	0.00695194282351956
h1SMcG0014712	-0.0472252166017824	0.921345134380608
h1SMcG0014713	1.81690936184341	0.00755715854114418
h1SMcG0014716	-3.07977143333332	0.000129854826676845
h1SMcG0014720	6.25144593661158	0.00000008328884415874
h1SMcG0014723	-0.505185625835449	0.767548514718925
h1SMcG0014725	-2.10224796605238	0.00000000000000141228124057254
h1SMcG0014726	-0.793362569782369	0.326604564809059
h1SMcG0014727	-1.18932536744956	0.287962550151539
h1SMcG0014728	-1.76891614531174	0.000853783008265264
h1SMcG0014731	-0.520715278807914	0.36039495900132
h1SMcG0014733	2.15254605997524	0.00000000934031945996612
h1SMcG0014734	1.86581842439794	0.188027407572802
h1SMcG0014736	-1.49993874354451	0.299669829022284
h1SMcG0014737	-0.900826099625774	0.313940144793504
h1SMcG0014740	-0.562140336174268	0.745904470725606
h1SMcG0014742	-2.48622709114053	0.0321916626705218
h1SMcG0014743	1.94452685923071	0.000000225676973401163
h1SMcG0014744	0.778381301347843	0.0252952335352436
h1SMcG0014745	-0.0895789043728754	0.793424294528651
h1SMcG0014747	0.450252636929323	0.0683503039187012
h1SMcG0014748	-0.884538793698954	0.00429049726542387
h1SMcG0014749	2.2512249272112	0.000254929242123389
h1SMcG0014751	-0.847742657655658	0.000300206851569277
h1SMcG0014752	0.251041800603828	0.880602892139859
h1SMcG0014757	-0.891767588560441	0.220543950517141
h1SMcG0014758	4.36656262200318	0.000163820276361399
h1SMcG0014759	-0.164478811798425	0.722263185758952
h1SMcG0014760	-0.272708733217088	0.842497495368539
h1SMcG0014762	0.304922056311329	0.680512892632351
h1SMcG0014763	-3.69242536379806	0.00000753902173394178
h1SMcG0014764	-0.182533450236954	0.73296327844034
h1SMcG0014766	-1.66719761651509	0.156730019491284
h1SMcG0014768	2.10748981693368	0.0000000000316058472673779
h1SMcG0014769	-1.7540704910817	0.0842088240050052
h1SMcG0014773	-0.813048223529972	0.493476930823571
h1SMcG0014775	0.0938595158258157	0.959542094581133
h1SMcG0014776	-3.48190410721039	0.387289764210278
h1SMcG0014777	-2.28415498414902	0.000132850151071211
h1SMcG0014778	-0.942825213003996	0.187366393399244
h1SMcG0014780	-0.593557900876442	0.730346863140322
h1SMcG0014782	-0.477064630523967	0.752359200079814
h1SMcG0014784	-0.756410550223984	0.00457463800675427
h1SMcG0014785	-2.22065093621814	0.000307136235421575
h1SMcG0014786	-2.19570030239694	0.104336200231293
h1SMcG0014787	-1.27652188227842	0.272203120653927
h1SMcG0014788	-2.06192511840985	0.0000000000407745901728858
h1SMcG0014789	-0.461351414733852	0.213693210637264
h1SMcG0014790	-1.93601592531655	0.185303128520916
h1SMcG0014795	2.41235321979089	0.0000000000329123554393169
h1SMcG0014796	0.0535452930148533	0.961005000045881
h1SMcG0014797	-0.209159498109856	0.905781831408979
h1SMcG0014799	0.365686038871559	0.631474568620185
h1SMcG0014800	-2.58836342941608	0.0783764870158697
h1SMcG0014801	-2.09347245003662	0.202392649302195
h1SMcG0014803	-2.75577617807029	0.0143552531020816
h1SMcG0014804	0.604335323412773	0.123782627992815
h1SMcG0014805	0.0538901858985444	0.936287043172173
h1SMcG0014806	2.53195266695992	0.0000171668175003495
h1SMcG0014807	0.581974353550074	0.0524939979633618
h1SMcG0014808	-0.750057528225297	0.0506771499701238
h1SMcG0014809	0.0859477769302748	0.872042412684678
h1SMcG0014810	0.803886820947671	0.470202444560891
h1SMcG0014812	-0.0163663740124448	0.98651966870132
h1SMcG0014813	0.855884421465775	0.00000569214774024229
h1SMcG0014814	-1.60118747120248	0.108595496970702
h1SMcG0014815	0.168460059683012	0.678969075045547
h1SMcG0014816	0.386278847290037	0.702670394109818
h1SMcG0014818	-1.84857606793343	0.142980785412371
h1SMcG0014820	-1.20943181515362	0.349932309477614
h1SMcG0014821	1.17551694706057	0.00000144962508446731
h1SMcG0014822	-2.35204219885067	0.00013765343046567
h1SMcG0014825	2.88186493669836	0.00000606104863808877
h1SMcG0014826	-0.195862185590978	0.71607511265765
h1SMcG0014827	0.0950255249397615	0.929757070920889
h1SMcG0014829	3.40016889897239	0.00000000000795196583980899
h1SMcG0014831	-0.805519017493625	0.102680050733863
h1SMcG0014832	0.0652479980879929	0.960766629084848
h1SMcG0014835	-1.8387931622444	0.0000325292315433999
h1SMcG0014836	-0.688899688616392	0.279461860259506
h1SMcG0014837	-1.11863568840766	0.0320280513039039
h1SMcG0014842	-4.07179699424424	0.0000572253763145396
h1SMcG0014843	2.62634300146204	0.00439612559657542
h1SMcG0014844	2.19154035940309	0.00307916812519945
h1SMcG0014845	-2.99072640557143	0.0386161870750964
h1SMcG0014846	0.343168717794056	0.0512003477294552
h1SMcG0014848	-0.435797324203499	0.620516271629426
h1SMcG0014849	0.912718594913602	0.00000035798142424748
h1SMcG0014850	-0.230203325461497	0.404861790198684
h1SMcG0014854	-0.230261880137671	0.826197802899026
h1SMcG0014855	-0.195097592320351	0.755720242840601
h1SMcG0014856	2.21636800913786	0.000000000106914832791978
h1SMcG0014857	3.91745939543892	0.000000000295778063480212
h1SMcG0014864	-1.20972412597264	0.113952985491207
h1SMcG0014866	-1.08020756944031	0.12662655271646
h1SMcG0014868	-0.812170582583934	0.166778438714683
h1SMcG0014869	-0.46530175597164	0.566961502366353
h1SMcG0014871	-0.117828269851029	0.899682999638946
h1SMcG0014873	-0.491406503359797	0.430407533845802
h1SMcG0014874	1.30786391404509	0.000040049919795069
h1SMcG0014875	-0.323969450975832	0.528737651237798
h1SMcG0014878	0.793591031266643	0.214985927101756
h1SMcG0014881	-2.77676279909602	0.0149965231423663
h1SMcG0014883	-0.185078504181962	0.834663486271742
h1SMcG0014886	-0.269612838726838	0.734446167383814
h1SMcG0014891	-2.09856979356091	0.20023696319051
h1SMcG0014892	-0.40080297039493	0.114564603522883
h1SMcG0014893	-0.361712569190022	0.622829681197863
h1SMcG0014895	-0.470818798776108	0.243160937830913
h1SMcG0014897	-2.56637975324873	0.0505036907527176
h1SMcG0014899	1.18610754304705	0.021743441058528
h1SMcG0014900	4.87807663282662	0.000000821078521299446
h1SMcG0014902	-4.02784149931199	0.000212983075361943
h1SMcG0014903	4.89312808007627	0.000000189397089791334
h1SMcG0014905	-0.976704825932936	0.000000225035466535663
h1SMcG0014906	2.04309508645996	0.0000000000000631618423460711
h1SMcG0014907	-1.54520532014766	0.323348237048651
h1SMcG0014908	0.0703807077028261	0.882585765997489
h1SMcG0014909	-0.669348361493714	0.0496683901698107
h1SMcG0014910	0.406345083684939	0.408426735085978
h1SMcG0014914	-1.05687299351813	0.439599406230445
h1SMcG0014915	-0.698350319648508	0.0450416316939855
h1SMcG0014918	1.15604919216148	0.235466769662594
h1SMcG0014919	0.652153343535674	0.48279577250498
h1SMcG0014920	1.91753301027249	0.095423866428723
h1SMcG0014922	1.80756136216426	0.00000000000000189897146330607
h1SMcG0014924	-0.617584212485092	0.513650739009856
h1SMcG0014925	1.94215098001281	0.00102442963342373
h1SMcG0014926	0.735816377109768	0.0173566892396097
h1SMcG0014927	-1.54372621398523	0.0000000000000000000100460589763151
h1SMcG0014931	-0.199092225487388	0.893038895832864
h1SMcG0014933	-1.06200902308269	0.313853970614546
h1SMcG0014934	-1.40785053967131	0.247074164132547
h1SMcG0014937	-0.1902974322418	0.884472240800155
h1SMcG0014938	-1.52905871943947	0.000000187035886286968
h1SMcG0014941	-2.02105656859944	0.0000193782868502875
h1SMcG0014943	-0.0574037541398699	0.935947033362075
h1SMcG0014946	-0.219237364613234	0.739895235772419
h1SMcG0014949	-0.126959648845527	0.861608701837229
h1SMcG0014950	-2.01924830165495	0.00500423779195641
h1SMcG0014951	4.34035107206872	0.0000000218022365752193
h1SMcG0014954	4.34536656571021	0.00000000000000000000000000000000000000000452722627884149
h1SMcG0014956	0.118745613166765	0.913986781320847
h1SMcG0014957	-1.02676598442419	0.0141530795911853
h1SMcG0014959	-0.83677537802116	0.121235546236912
h1SMcG0014961	-0.151290872265824	0.402949187203949
h1SMcG0014963	-1.87008484297702	0.00000000000000000000000000000233885224334955
h1SMcG0014965	-2.32627906079257	0.081475973295517
h1SMcG0014968	-0.070701947777085	0.945779108018056
h1SMcG0014971	-0.488409733131351	0.457221791428822
h1SMcG0014972	-1.39964114274582	0.394344674309662
h1SMcG0014974	-0.53607096108047	0.322267104111941
h1SMcG0014979	-1.88110854069237	0.0612925992111509
h1SMcG0014980	-0.442638949416261	0.802474132841203
h1SMcG0014981	-1.34497498374036	0.00364986272729671
h1SMcG0014982	0.0292369114002246	0.938440387909571
h1SMcG0014983	-2.31557088461522	0.00101693804574264
h1SMcG0014984	2.42819670422679	0.0000420725547829954
h1SMcG0014986	-0.78763949404185	0.00063152973319024
h1SMcG0014987	0.986998398860949	0.226399515035178
h1SMcG0014990	-1.6295799409705	0.000639738420067603
h1SMcG0014991	-0.803484931925854	0.305134936726728
h1SMcG0014994	-0.66777861835391	0.692702132005339
h1SMcG0014995	-1.06368853736537	0.452461397713851
h1SMcG0014996	-1.72047999828109	0.149082210059924
h1SMcG0014997	-1.66058264473852	0.213814577041959
h1SMcG0014999	2.81103544685554	0.000039271879778301
h1SMcG0015000	-0.719905241047235	0.197708215825395
h1SMcG0015001	0.29228008795926	0.712054711757526
h1SMcG0015002	2.82056464328115	0.000000000000208989629842482
h1SMcG0015003	-1.60077108347629	0.00000378985186783737
h1SMcG0015004	3.46460219167041	0.00000000000000000000425721319161129
h1SMcG0015005	-3.22769426981663	0.0000733368585699704
h1SMcG0015006	-0.775536402332347	0.00247778319960266
h1SMcG0015007	0.380879546813702	0.488521684616914
h1SMcG0015009	0.372368516024479	0.379319061811029
h1SMcG0015010	-3.07270204667175	0.0421308418042931
h1SMcG0015011	0.473685698619168	0.123027875730162
h1SMcG0015012	-2.60112896691126	0.0688776435246721
h1SMcG0015015	0.428620901574319	0.570095831505917
h1SMcG0015016	-0.8042509536234	0.00041467210336162
h1SMcG0015017	3.39841959522865	0.0000444157343271738
h1SMcG0015018	-0.313663437988836	0.145111255459473
h1SMcG0015019	-1.12296731775829	0.338727914947091
h1SMcG0015020	0.611313049162017	0.026763644421196
h1SMcG0015021	-1.70367280237747	0.000132850151071211
h1SMcG0015022	-2.7818546281011	0.0943750863583623
h1SMcG0015023	3.38124092536694	0.000166850289116537
h1SMcG0015024	-0.0283228921698297	0.952004207345112
h1SMcG0015027	-0.353692452239211	0.546406983355524
h1SMcG0015028	-2.52130011245298	0.0876663570164838
h1SMcG0015030	-2.40715515659211	0.00000000000000410532618724114
h1SMcG0015031	-0.894105388466346	0.182479253553234
h1SMcG0015032	-1.67695699004861	0.187366393399244
h1SMcG0015033	-0.178350186513966	0.773792092072852
h1SMcG0015038	-0.847118591461424	0.490520683918197
h1SMcG0015041	-1.49872464847802	0.00000949959041295245
h1SMcG0015042	3.36022459632534	0.000000000000000803956135402039
h1SMcG0015043	-0.43735815576517	0.355832534341628
h1SMcG0015045	-0.581867910010058	0.0452915691221957
h1SMcG0015046	-1.14737525400285	0.175861434787672
h1SMcG0015048	4.8849527305447	0.000000000000013792435017044
h1SMcG0015049	2.48508575323228	0.00000000000000490764857995094
h1SMcG0015050	0.15324818682907	0.876331065432183
h1SMcG0015051	-2.30115390985279	0.00748653563532777
h1SMcG0015052	-1.32924204463016	0.290703062079568
h1SMcG0015054	0.611751446912308	0.402893222593909
h1SMcG0015056	1.41992231125873	0.004640480046463
h1SMcG0015058	-1.82969922947789	0.00110252994165947
h1SMcG0015060	1.08402942508171	0.000396844689902137
h1SMcG0015062	-2.61333803670361	0.0209229040119055
h1SMcG0015064	-0.0610591670117215	0.884081503711835
h1SMcG0015066	-1.02186228862277	0.263491506414483
h1SMcG0015068	1.08545383373727	0.0015840180857004
h1SMcG0015069	-0.794619761116503	0.622629627330441
h1SMcG0015070	-1.6874827109215	0.000010793727911832
h1SMcG0015072	-0.756813999106681	0.416128660581774
h1SMcG0015073	-1.40133732435346	0.194321122633748
h1SMcG0015077	-0.465046654829324	0.122580073948642
h1SMcG0015078	-0.950607910653045	0.0125197852869604
h1SMcG0015081	0.206001861506541	0.851231902933486
h1SMcG0015083	-0.665352900982848	0.158671524871006
h1SMcG0015084	1.95151959691359	0.000124737062663443
h1SMcG0015085	6.88304592099146	0.0000000000000000000000023787014946226
h1SMcG0015087	-1.9698938853507	0.000000000164637182489467
h1SMcG0015088	0.552292720778712	0.51425342737143
h1SMcG0015091	-0.983202528895464	0.424339294181921
h1SMcG0015092	0.321563416812295	0.279243828955662
h1SMcG0015095	1.11617495794885	0.374304011511273
h1SMcG0015097	-4.23001911066833	0.0000685999406067124
h1SMcG0015098	-2.22084423503407	0.15310044551835
h1SMcG0015099	0.234170118206123	0.548510621840049
h1SMcG0015102	-3.58960243488352	0.000000957461924689996
h1SMcG0015103	0.613752192048145	0.342007567327327
h1SMcG0015104	-0.15866638353483	0.63174213501599
h1SMcG0015106	0.458380036735125	0.28293262081013
h1SMcG0015107	-0.0917844701372276	0.944219354136883
h1SMcG0015108	5.0814791942146	0.000000000000000000180627824429673
h1SMcG0015109	-0.334303368424077	0.499072255156119
h1SMcG0015110	-1.07608264624618	0.0164742938172
h1SMcG0015111	-0.626979478509474	0.615040725907892
h1SMcG0015114	0.752988440380493	0.00678475904468984
h1SMcG0015115	1.31057039660055	0.18837365783787
h1SMcG0015117	0.785912963560402	0.516540684794591
h1SMcG0015118	0.159642094808851	0.848935290003395
h1SMcG0015123	-1.67357019053497	0.0071695956727687
h1SMcG0015124	1.01211330662096	0.400182849362551
h1SMcG0015125	-1.48001951920435	0.15469102750561
h1SMcG0015126	-0.667025621948714	0.091226907205877
h1SMcG0015127	1.379840989043	0.0000000221477790991908
h1SMcG0015128	2.33644980209228	0.0000000000000219793652092327
h1SMcG0015130	-0.47470859554492	0.394363092506258
h1SMcG0015135	4.33324488880381	0.00000000637190132276322
h1SMcG0015136	-1.67273569031245	0.000275422762443563
h1SMcG0015138	-0.425417485707271	0.500273226931265
h1SMcG0015140	-1.64655996624305	0.109018367364912
h1SMcG0015143	0.744035106814737	0.0904617596939322
h1SMcG0015144	0.752512987579133	0.456384256803183
h1SMcG0015147	2.43053463539642	0.000028613720471744
h1SMcG0015149	4.17176182459779	0.0000000000000000000281126321848695
h1SMcG0015151	-1.81694516829887	0.0000191012085061365
h1SMcG0015153	-1.2371529734743	0.00163046989259375
h1SMcG0015154	0.611033792650501	0.446366088566973
h1SMcG0015155	1.67529777131489	0.0000000000000400841247153895
h1SMcG0015157	1.14886131078101	0.00154584323185473
h1SMcG0015159	3.14521758568845	0.000000000000000000000000000000022608217018936
h1SMcG0015160	-2.6093756996876	0.0451322589448992
h1SMcG0015161	3.1634926750717	0.000000000535173809855813
h1SMcG0015163	0.48497525943105	0.75036956272214
h1SMcG0015164	0.746143361228615	0.00259340306744519
h1SMcG0015165	-0.753978756323948	0.0295946351635983
h1SMcG0015166	1.32122898876977	0.00000773903436675926
h1SMcG0015168	1.54393789709839	0.0000172050540210272
h1SMcG0015169	0.421495135766609	0.586200837490619
h1SMcG0015170	-0.536733464645211	0.272527456751443
h1SMcG0015172	0.338164813724047	0.726290245902248
h1SMcG0015174	-4.80250839617729	0.0000000000000000000000000368410070158226
h1SMcG0015178	-2.80024375017184	0.0445285073787481
h1SMcG0015179	1.99580307289883	0.157819205269159
h1SMcG0015182	0.611173547816901	0.687153258421839
h1SMcG0015183	-0.034786481224276	0.963808361889992
h1SMcG0015191	0.160154653757594	0.845089582404208
h1SMcG0015193	-2.77968366374454	0.000000262078950085359
h1SMcG0015194	3.272681933509	0.0000000000000000000000016499437978429
h1SMcG0015198	-2.6934392517294	0.0372943986702664
h1SMcG0015199	-0.450924836155307	0.48746666379863
h1SMcG0015201	-0.540305972647426	0.606010410177277
h1SMcG0015203	-1.05111339614196	0.563115562020621
h1SMcG0015204	-1.53219454884136	0.0000301489814959327
h1SMcG0015205	-0.403759560412291	0.777987175115147
h1SMcG0015206	3.27208943519564	0.000385399819727876
h1SMcG0015207	-0.443679013280693	0.268660566183618
h1SMcG0015208	1.37217912620491	0.00215212148277437
h1SMcG0015210	-0.261990892227614	0.585830170301188
h1SMcG0015211	-1.08243749310103	0.288376689330181
h1SMcG0015212	2.9921811867503	0.0000000000000000000000683797598986737
h1SMcG0015213	-0.139480612794088	0.918389274945983
h1SMcG0015216	-0.44881093941486	0.681777953777116
h1SMcG0015217	-1.07379811559348	0.00166530145374296
h1SMcG0015219	-1.35622765253701	0.0875515508373
h1SMcG0015220	0.198032175540207	0.394902383146351
h1SMcG0015223	-2.44879947543553	0.000306716203540041
h1SMcG0015224	-1.39160256573288	0.00000642758339170693
h1SMcG0015225	2.1701701963815	0.00000000000000000000000000279182603500871
h1SMcG0015226	-0.621395286699856	0.0729756554571409
h1SMcG0015227	5.24506682103469	0.000000000000521881484743363
h1SMcG0015228	-0.571045166526771	0.336989526159301
h1SMcG0015229	3.28406312596537	0.00000000000000000000000000000000000000000000000000000000000000000000000000000000000000400563963888499
h1SMcG0015232	-1.97763089707175	0.169208390873434
h1SMcG0015233	5.38776680623117	0.00000000454343960521628
h1SMcG0015235	2.74409294312735	0.00000000000494160370928244
h1SMcG0015236	0.494813065361111	0.154756315368434
h1SMcG0015237	0.611838251548145	0.267539522494953
h1SMcG0015238	-1.05718757559317	0.544009421955645
h1SMcG0015239	-1.39594032540219	0.0543692375064758
h1SMcG0015240	-2.47267598807178	0.00000000000185224785570787
h1SMcG0015241	0.72110451705984	0.250245123043096
h1SMcG0015243	0.369945433221003	0.745015561384712
h1SMcG0015247	-0.566706997655034	0.0377934078273181
h1SMcG0015253	-0.1018683770342	0.936287043172173
h1SMcG0015257	3.2669032251917	0.000000000000000000000240281368066821
h1SMcG0015258	-0.445219815110283	0.259126440844079
h1SMcG0015259	-1.06125707590203	0.0129002089680367
h1SMcG0015265	3.25116215966872	0.000640497661821626
h1SMcG0015266	-0.988537293790839	0.000360617909755706
h1SMcG0015268	-0.99569514457058	0.500030271774204
h1SMcG0015270	-0.7507985337562	0.0761577302015629
h1SMcG0015271	-0.902311351162688	0.582090438274957
h1SMcG0015272	1.66006336455291	0.000809409091929703
h1SMcG0015273	-0.0623190021550903	0.83464913143127
h1SMcG0015274	-1.12067672292993	0.0164917944705352
h1SMcG0015275	-0.575480581313537	0.291381184625659
h1SMcG0015276	2.01301136111621	0.00740002009522727
h1SMcG0015278	3.44410343753922	0.398633081740958
h1SMcG0015279	1.40566294146533	0.00167043116460424
h1SMcG0015280	-0.437997581221063	0.494139927758089
h1SMcG0015282	0.58530443649159	0.470080137507773
h1SMcG0015285	-2.53610968237547	0.0871109034581088
h1SMcG0015286	0.286314840874779	0.579711587445691
h1SMcG0015288	-1.9695552721147	0.0000000000252681106288839
h1SMcG0015289	-1.33407634494716	0.00000000839805150669003
h1SMcG0015293	-1.80096266279458	0.22991417706562
h1SMcG0015294	0.573337424663791	0.0245470801658427
h1SMcG0015296	-0.116422181202192	0.946494539258369
h1SMcG0015298	0.442589362231632	0.543032428486517
h1SMcG0015299	0.366774210278406	0.385031572975311
h1SMcG0015301	2.15027386342883	0.000000000000790399516409423
h1SMcG0015302	-0.131444008437246	0.712821427343463
h1SMcG0015303	-2.45334711511605	0.0142851537792029
h1SMcG0015304	-1.3899300067496	0.376589202079686
h1SMcG0015305	-1.06074645795117	0.238143596692712
h1SMcG0015306	1.42471625514848	0.00000000000398784869842322
h1SMcG0015307	-1.15758959155408	0.398173289297441
h1SMcG0015308	4.05554249189696	0.000176009270284153
h1SMcG0015309	-1.01483820308841	0.508525063932567
h1SMcG0015310	-1.4203086689421	0.19888284261338
h1SMcG0015311	-2.58676817380256	0.000000350681199230411
h1SMcG0015314	-1.52078002398085	0.243160937830913
h1SMcG0015317	-3.45195660497378	0.0141461465490972
h1SMcG0015319	-1.9498785755712	0.0188354044633432
h1SMcG0015320	-0.414698799654918	0.796738122880467
h1SMcG0015321	1.758055081521	0.0215030173871843
h1SMcG0015323	0.305280550523005	0.737496959628807
h1SMcG0015324	0.619537678414485	0.180826153246705
h1SMcG0015325	3.64809893040513	0.00000000137291494592773
h1SMcG0015326	3.41610379924437	0.0000000000000000075378203098573
h1SMcG0015329	0.13850402757927	0.711298571064479
h1SMcG0015330	-2.11264259198174	0.0000000000000000296086150152267
h1SMcG0015332	-1.56525122288887	0.000113100807192246
h1SMcG0015333	0.300972387837641	0.137218187863542
h1SMcG0015335	-1.12943349005592	0.516642895749617
h1SMcG0015336	0.0841864625831352	0.93009289247098
h1SMcG0015337	-0.121580998137029	0.93626553847068
h1SMcG0015339	4.09337429915899	0.00000000111423974738482
h1SMcG0015342	0.358649877137387	0.251441216816601
h1SMcG0015343	-0.367041190328766	0.789312563305954
h1SMcG0015344	-1.52326566679548	0.216419981196927
h1SMcG0015346	-1.08299319206524	0.00000172863058820658
h1SMcG0015348	-0.422448000028476	0.429669750212184
h1SMcG0015350	1.78708798171884	0.0015479873850644
h1SMcG0015351	0.423428168453031	0.445029944825963
h1SMcG0015352	-1.25059875599405	0.0375360023182318
h1SMcG0015354	-3.64527167965193	0.00000522674195257211
h1SMcG0015357	-1.06598319723996	0.557410118019628
h1SMcG0015358	0.760409120561182	0.00665306457790005
h1SMcG0015359	7.01926959228678	0.0000000000000000000000000000000153914889380152
h1SMcG0015360	0.620371513711182	0.359200424325651
h1SMcG0015364	2.8229400803315	0.000129854826676845
h1SMcG0015365	0.974568523565287	0.172269095385808
h1SMcG0015366	5.82066186988173	0.0000249149684768145
h1SMcG0015367	-0.23262315568738	0.895760927801076
h1SMcG0015369	4.69977395985485	0.0000000000000000000000000000000000000000000000000000000000000000000000365438259466661
h1SMcG0015371	-1.02431678576398	0.108532727916386
h1SMcG0015374	1.8267315566787	0.0000000828599069065012
h1SMcG0015377	-1.66726734749407	0.0000000000000000213420860599885
h1SMcG0015378	-0.444328430022323	0.259351637091439
h1SMcG0015379	0.00209171605866693	0.998669600300567
h1SMcG0015381	-0.917350752891059	0.512377308599207
h1SMcG0015383	-1.74364339135083	0.00000776695068015983
h1SMcG0015386	-3.04822742908285	0.0179189270790857
h1SMcG0015389	-2.03321443865418	0.0021242551963309
h1SMcG0015390	-1.15502094197808	0.426279825943374
h1SMcG0015392	-1.69869638172433	0.0000664642354227888
h1SMcG0015395	2.78453855376155	0.0000247857067905239
h1SMcG0015396	-1.55259278481119	0.105598687449028
h1SMcG0015397	-0.788065313461183	0.00110896874092622
h1SMcG0015399	-1.77021904242149	0.0349142154946749
h1SMcG0015401	4.5439429415453	0.00000000000000000000000000000000000000439346574115777
h1SMcG0015403	-0.231225857742235	0.364957635008048
h1SMcG0015404	-2.23064349903119	0.000000000000000000000000000000472072663467858
h1SMcG0015405	-2.56519539813434	0.0187968829435726
h1SMcG0015408	-0.106633063992119	0.937088581964766
h1SMcG0015409	2.80952049225581	0.00000972159171184586
h1SMcG0015412	-5.02606051040759	0.00000314836979112842
h1SMcG0015413	-1.32097061209124	0.302304177857619
h1SMcG0015414	-1.03311722328098	0.0858428692683141
h1SMcG0015417	5.22054830656091	0.0000000000000000000000000000116734621929262
h1SMcG0015418	4.02613314722815	0.000000000000000000000000000000069343811352839
h1SMcG0015419	5.31436944076291	0.000000000000215562536730093
h1SMcG0015420	4.2050159994248	0.00000000000000755383810796997
h1SMcG0015421	0.717780099765367	0.0398587369443289
h1SMcG0015422	1.20457516258511	0.00000000123708941859112
h1SMcG0015425	2.1565287692208	0.000128487199296011
h1SMcG0015426	-0.676737904105513	0.0547178686751068
h1SMcG0015427	-0.251108168425072	0.308252681031855
h1SMcG0015429	3.85086345720569	0.0000000000000000000000000276485890911503
h1SMcG0015430	1.03500914825747	0.0660710707972382
h1SMcG0015431	2.27953920960781	0.000147690323674997
h1SMcG0015432	-0.950966074866625	0.00844901195878676
h1SMcG0015433	0.450342187840406	0.0102071486172046
h1SMcG0015434	-1.08881190123892	0.120377819828001
h1SMcG0015437	1.9676926439233	0.0000000000000994565253521504
h1SMcG0015438	3.2230686033105	0.000000000000000000000000241528154992606
h1SMcG0015443	-0.878289079185513	0.071943294144711
h1SMcG0015446	-2.3230403180125	0.13565909267054
h1SMcG0015447	2.59935188765256	0.0000000250016165942895
h1SMcG0015448	-1.44082137823649	0.00691456726361921
h1SMcG0015449	-2.24270761680563	0.00000082304396011948
h1SMcG0015451	-0.190818568774768	0.893450918089791
h1SMcG0015452	-1.57404224960211	0.0000000216038880123696
h1SMcG0015455	-0.0582200788970381	0.958649692922278
h1SMcG0015456	0.808787752881888	0.452020556625846
h1SMcG0015457	-1.0048630735161	0.0372552117739757
h1SMcG0015458	-3.62918174068019	0.00317901845415536
h1SMcG0015463	-0.677282750630262	0.469817839419834
h1SMcG0015464	1.73133371196078	0.137621840278568
h1SMcG0015467	-1.83822126049333	0.203694203579742
h1SMcG0015469	6.10472589074747	0.0000000000401670937593636
h1SMcG0015477	1.98421220009645	0.000420559284832653
h1SMcG0015478	3.94237518610712	0.00000000000000000000515162714274537
h1SMcG0015479	-2.21852265330815	0.0228696568392081
h1SMcG0015481	-0.669488026448205	0.398542221617138
h1SMcG0015484	-0.0755468822355446	0.935430153193484
h1SMcG0015485	4.26083112439257	0.0000000000000000000000000000000000000000000210420365412421
h1SMcG0015486	-1.40446242910668	0.0199215607402454
h1SMcG0015487	-1.50729998919725	0.106060116493812
h1SMcG0015491	0.4360565392613	0.448516513576986
h1SMcG0015492	-0.063152640244969	0.964591542222918
h1SMcG0015493	-0.942460428183111	0.125163589251908
h1SMcG0015494	0.293439335627036	0.410261674422904
h1SMcG0015495	1.50393692513641	0.00557441640389573
h1SMcG0015496	0.234241627237308	0.461937670070665
h1SMcG0015497	-0.536654497227178	0.207637080437027
h1SMcG0015499	-0.631989605775766	0.000150122212945847
h1SMcG0015500	-2.18016255672608	0.168752788393446
h1SMcG0015501	-0.132782847389935	0.828070749083229
h1SMcG0015502	-2.05179606646193	0.000000163499552242567
h1SMcG0015504	1.57331240711857	0.0000000000316763102741017
h1SMcG0015505	0.939153308506459	0.00761802243927338
h1SMcG0015506	-0.927081750825152	0.438021211500055
h1SMcG0015510	0.40804218988647	0.59501312125761
h1SMcG0015511	3.02527305573578	0.0000000691424743800744
h1SMcG0015514	-0.221562458536982	0.77069670552563
h1SMcG0015516	-1.13127549777199	0.0072036693575248
h1SMcG0015517	-0.738573527170587	0.349202831908455
h1SMcG0015519	-1.50189941231451	0.0104455349337403
h1SMcG0015520	-2.93925600829584	0.00376814118563718
h1SMcG0015521	-2.98883929001272	0.0289963355275787
h1SMcG0015526	0.489427992000461	0.0621605750152541
h1SMcG0015527	0.442827517823804	0.215619597749938
h1SMcG0015529	-0.930269465122722	0.00996156602515344
h1SMcG0015530	-0.536538091633448	0.483242650996552
h1SMcG0015532	-2.53062453425739	0.000604264577250796
h1SMcG0015534	-0.0128193531593562	0.985233540984183
h1SMcG0015536	-0.913623187934649	0.469766594615916
h1SMcG0015537	0.117593922098635	0.699694503496487
h1SMcG0015538	-1.55640887459024	0.153536131414081
h1SMcG0015540	-0.766112592875815	0.363356965106962
h1SMcG0015541	-0.0718758125931974	0.850437054487909
h1SMcG0015543	0.0879667251070442	0.762069103870392
h1SMcG0015545	-0.911910318252643	0.163595148866469
h1SMcG0015546	-1.44261071654211	0.01417459466944
h1SMcG0015551	0.929657871586354	0.00666646800626245
h1SMcG0015552	1.63106927289194	0.100013883376054
h1SMcG0015553	-3.0616007567915	0.0235400501151451
h1SMcG0015554	-1.30600428651975	0.000252617062052558
h1SMcG0015555	-0.768621871910404	0.000157719145778926
h1SMcG0015557	-0.601144047405917	0.0184588117261034
h1SMcG0015560	0.313606989850126	0.65692644749061
h1SMcG0015561	-1.78069808874846	0.000000000200383329685782
h1SMcG0015563	-2.56754839321264	0.00328105084135412
h1SMcG0015564	-1.71168385370762	0.00000166642455987547
h1SMcG0015565	0.0178329385557081	0.963808361889992
h1SMcG0015568	0.623134060390904	0.653860343105764
h1SMcG0015570	0.384447363790251	0.267619779152366
h1SMcG0015571	0.318600499900054	0.783386089274552
h1SMcG0015574	-2.6941368709608	0.000715347134079637
h1SMcG0015577	0.285707418888296	0.328841249960624
h1SMcG0015578	0.111991964393337	0.831287867086562
h1SMcG0015579	-0.945390309139288	0.267808413147014
h1SMcG0015580	0.778608263472381	0.331464380165674
h1SMcG0015582	0.0982082327817917	0.945169611820674
h1SMcG0015585	-0.17002029767017	0.615709771875709
h1SMcG0015587	-1.3717274200416	0.157211835636975
h1SMcG0015588	-0.749723132953704	0.228882600205125
h1SMcG0015590	6.20670686948315	0.00000000216832240933193
h1SMcG0015591	6.53338584013264	0.00000000000000000000000000000184174677630066
h1SMcG0015593	1.16373749801177	0.000000713840897687644
h1SMcG0015595	-0.293652290434381	0.58498421602709
h1SMcG0015596	-0.187700516992248	0.411899672891892
h1SMcG0015598	-1.04259016497638	0.000124106212651962
h1SMcG0015600	0.380178122591555	0.178925629263524
h1SMcG0015603	-0.863236344169577	0.337998025295065
h1SMcG0015604	0.461593576077014	0.0741981618677439
h1SMcG0015605	0.754672421983174	0.00337138102341818
h1SMcG0015606	-2.63668455011314	0.0110290736181155
h1SMcG0015607	-1.27372876470472	0.0117940828297832
h1SMcG0015608	-2.03026360316036	0.00000000000000000019152335373613
h1SMcG0015609	1.7516737140673	0.00000000234241100136066
h1SMcG0015610	0.980934549872078	0.257501734441215
h1SMcG0015611	0.437085653232426	0.72839454395552
h1SMcG0015612	0.5262343775784	0.329789210209113
h1SMcG0015613	-1.97517767993279	0.0030705776394309
h1SMcG0015614	2.31150592239793	0.000362557272774398
h1SMcG0015615	-1.97516514620634	0.173974116590192
h1SMcG0015616	-4.68800095218584	0.0000000223973935028376
h1SMcG0015617	-0.998167920452927	0.0841056770471843
h1SMcG0015618	0.887424153397358	0.429450814947421
h1SMcG0015620	0.64938065755325	0.615714723537289
h1SMcG0015621	-1.03546524939515	0.00218912427192551
h1SMcG0015623	3.18820783332168	0.0000000000000000000000384621161204713
h1SMcG0015625	1.068512917961	0.140929626205055
h1SMcG0015627	-0.323714962014923	0.733684543298138
h1SMcG0015628	4.33202672762012	0.00000000515132073736324
h1SMcG0015630	-2.53890731089375	0.0000122129894590653
h1SMcG0015631	2.02981028950851	0.000000000129554341497232
h1SMcG0015632	1.23166456485584	0.288376689330181
h1SMcG0015636	-0.988242731473786	0.538324798548474
h1SMcG0015642	-1.56367688971226	0.257501734441215
h1SMcG0015643	-1.40681005599077	0.0016194866310296
h1SMcG0015644	-1.03821020709021	0.0712627598831513
h1SMcG0015645	0.729609825837621	0.0176393679445838
h1SMcG0015646	-1.01838041836996	0.102108034147962
h1SMcG0015647	3.46220257291918	0.00000000000000000000855346559930807
h1SMcG0015648	-1.6881440973421	0.0409397653347065
h1SMcG0015650	0.878472833914344	0.43311871558396
h1SMcG0015651	0.160427525124287	0.733295746713837
h1SMcG0015652	-2.90736455115607	0.0572213681724311
h1SMcG0015654	0.14490411081809	0.927275253585804
h1SMcG0015655	-1.47855592392027	0.361782255180836
h1SMcG0015656	-0.163478949455681	0.649793942416046
h1SMcG0015658	-2.134345916899	0.000116880619015859
h1SMcG0015659	2.84453914338231	0.00000000000518530616927583
h1SMcG0015660	1.51029807440785	0.000139699566550942
h1SMcG0015661	-0.574750222880189	0.0425718990085378
h1SMcG0015662	-1.033783584221	0.000853565773281844
h1SMcG0015663	3.38073099979667	0.0000000000000000000000000209636423251273
h1SMcG0015665	-0.464118036677535	0.296242197242101
h1SMcG0015666	-2.31874753343471	0.0174234212135649
h1SMcG0015668	-0.13896078979316	0.802485595366455
h1SMcG0015669	-2.04605722057907	0.0893618448485732
h1SMcG0015670	-0.379087512862795	0.268377190445128
h1SMcG0015671	-0.709298738246683	0.26540602120503
h1SMcG0015672	-3.00222743749398	0.0518222990481853
h1SMcG0015674	-0.368178779678043	0.601556509175488
h1SMcG0015675	-0.256864616293135	0.850393238938833
h1SMcG0015677	4.49931421641183	0.0000000000512288610952444
h1SMcG0015678	-0.0339494688509231	0.939163510918417
h1SMcG0015679	-0.939661322209817	0.430377756860798
h1SMcG0015682	-0.149601208877108	0.7090831022696
h1SMcG0015684	-0.240107059450343	0.847702721198501
h1SMcG0015688	0.555481109335248	0.0449221597918335
h1SMcG0015689	0.917444369851065	0.113999613569832
h1SMcG0015691	0.318388939102743	0.649299786194759
h1SMcG0015694	-0.530788001481349	0.649555347231049
h1SMcG0015695	-1.99536016459963	0.0469322400424702
h1SMcG0015696	3.11573173661513	0.000000000000000390403109944447
h1SMcG0015697	-1.70392909190685	0.000921516497362698
h1SMcG0015698	-1.17696990885427	0.00018695714201449
h1SMcG0015699	1.54310765851147	0.0230069492304216
h1SMcG0015700	-0.885235509076944	0.000368384971619009
h1SMcG0015703	2.3124444147043	0.00195960683062171
h1SMcG0015704	5.62328568101448	0.000000000000000000000000000000000000000000000000000000000000000000000380500830674816
h1SMcG0015705	0.322418491883868	0.520776682103227
h1SMcG0015706	-1.27206198509915	0.0136533896329929
h1SMcG0015707	3.54409525201925	0.00000000000000000000437780827983444
h1SMcG0015708	1.5214403992473	0.143567452022729
h1SMcG0015709	-0.00815631290432589	0.984344174856375
h1SMcG0015712	-1.37502324615747	0.0531689700428742
h1SMcG0015713	-0.222275974528563	0.549515441306761
h1SMcG0015714	0.482776646517188	0.337844650608071
h1SMcG0015715	-3.31955346144046	0.0000000034099101037189
h1SMcG0015716	0.621211831894755	0.22237874156601
h1SMcG0015717	-0.370852688823745	0.600865045427031
h1SMcG0015719	0.907757613762892	0.543571303527786
h1SMcG0015720	-2.45201055787927	0.000000000997572660383791
h1SMcG0015722	-1.74951952535741	0.000000000000000000000000435083853235327
h1SMcG0015723	-1.59870676849936	0.00742306969059317
h1SMcG0015726	-0.310612050336335	0.503242376678012
h1SMcG0015731	1.29282771289648	0.42640256058919
h1SMcG0015732	0.936504931174892	0.0644135526736532
h1SMcG0015736	-2.42114321898457	0.0000311934956968368
h1SMcG0015737	0.0282601452024994	0.986479487456936
h1SMcG0015742	2.34007681487611	0.0000000000214527438780614
h1SMcG0015743	-0.107846034617503	0.947954216013509
h1SMcG0015745	1.30594535044677	0.00000000105272841509317
h1SMcG0015747	0.00459825584241865	0.997578952689904
h1SMcG0015749	5.07554446854056	0.00000000000404041571668846
h1SMcG0015750	0.818708357102725	0.170734972273639
h1SMcG0015751	-0.00235617437053609	0.994842928057387
h1SMcG0015752	-2.39019555685987	0.000320989925819331
h1SMcG0015753	-0.959360810130376	0.164311059147729
h1SMcG0015754	1.42519082750864	0.0944797512729105
h1SMcG0015757	1.19027574402868	0.0000000965887196364997
h1SMcG0015758	-0.612933423418873	0.332562328120035
h1SMcG0015759	0.235396659374516	0.627553484291331
h1SMcG0015761	1.99668758603216	0.000000481503475972157
h1SMcG0015762	-1.65985595946298	0.262805780769522
h1SMcG0015763	-2.35201979822904	0.0368283926117725
h1SMcG0015764	-0.0536037081657992	0.882490424835143
h1SMcG0015765	-1.71999630106774	0.0000000293806558938173
h1SMcG0015766	-1.44233027267935	0.00527739840803532
h1SMcG0015768	3.20014146898581	0.00000000000000000000000000000434998357003524
h1SMcG0015770	-0.147634902944128	0.77763137555612
h1SMcG0015771	0.224763343533797	0.837825220204698
h1SMcG0015773	1.31551993184371	0.238625176448442
h1SMcG0015776	-1.91805179955588	0.032562696817915
h1SMcG0015777	-1.11419886314738	0.00858250513123516
h1SMcG0015778	-0.0175894577725646	0.976626666327761
h1SMcG0015780	0.112650852217373	0.951510866080255
h1SMcG0015782	0.144803159857791	0.769174881892154
h1SMcG0015783	0.278587621140726	0.830438002738987
h1SMcG0015784	0.742191102328314	0.170374154802448
h1SMcG0015787	1.50050454162595	0.000000000399399232088064
h1SMcG0015788	4.61377786187589	0.00000188969169073915
h1SMcG0015789	4.8328482981394	0.000000000000000000000031027627596132
h1SMcG0015791	2.61813612453138	0.00000000315173395958102
h1SMcG0015792	-1.04027661861944	0.125429519260508
h1SMcG0015793	-1.60552964302737	0.0731827720848208
h1SMcG0015795	-0.634577342533488	0.520810641453456
h1SMcG0015798	3.99034215881103	0.0000000109248082687526
h1SMcG0015799	2.10207332103853	0.0000485407317064907
h1SMcG0015800	1.02315529753847	0.0185119221685392
h1SMcG0015802	1.09406453670555	0.000216288856142936
h1SMcG0015803	0.324924155954339	0.443458283390968
h1SMcG0015804	0.369459325436751	0.210697710039768
h1SMcG0015805	-1.58808656692957	0.291731916162859
h1SMcG0015806	1.37730691506014	0.00000010886414353942
h1SMcG0015808	1.15867884845435	0.130848047042023
h1SMcG0015810	2.38189475097391	0.00000000000000000000000000000000553275829548078
h1SMcG0015811	3.15454178795941	0.000000000000190253682240983
h1SMcG0015812	2.85925435954046	0.0000016854509018555
h1SMcG0015813	1.25803925152718	0.119863319503653
h1SMcG0015814	0.927956806494701	0.00957677970518284
h1SMcG0015815	-3.33004554211432	0.0000917377026510793
h1SMcG0015816	2.5964749159308	0.00000157654948828109
h1SMcG0015818	3.7589521529522	0.000593085493565024
h1SMcG0015819	-2.40989541461622	0.0000000000000215003706304805
h1SMcG0015820	0.462921291847758	0.102305089781808
h1SMcG0015822	1.62191946246203	0.336843321006937
h1SMcG0015825	0.23107605798851	0.490906734079518
h1SMcG0015826	-0.775527739186043	0.0708374164323252
h1SMcG0015827	-0.201880247858106	0.916831463652403
h1SMcG0015828	5.9886166812992	0.00000464896558438498
h1SMcG0015831	3.56628761471756	0.000000000993510507803858
h1SMcG0015832	-1.16537114909341	0.165489567699061
h1SMcG0015833	4.55218407377509	0.00000000000000000000000000000171481459889097
h1SMcG0015836	3.05464683418841	0.0000130523662555375
h1SMcG0015837	6.73458099445627	0.0000000000000000000000000000000000000000000000000000388201757479554
h1SMcG0015841	6.09880584855761	0.0000000000000000117933055577837
h1SMcG0015846	-1.13367460732379	0.179009899309937
h1SMcG0015847	2.96956400298803	0.0000000267910990762509
h1SMcG0015848	-0.044591612941182	0.969399851578422
h1SMcG0015849	0.539559263302194	0.272527456751443
h1SMcG0015851	3.00651056518383	0.00000000000000785327725753067
h1SMcG0015852	-2.14244311460286	0.0000990442831315136
h1SMcG0015854	2.32368914969269	0.0000108457422933003
h1SMcG0015856	-0.441779323213925	0.178972260650397
h1SMcG0015857	3.43790166887965	0.000000000000359089534454928
h1SMcG0015858	-0.825964041516584	0.0437536113006453
h1SMcG0015859	0.573253388674481	0.59240753442395
h1SMcG0015860	0.0908378493826385	0.961293926797814
h1SMcG0015866	4.51445931565662	0.000000000000000000000344236199038231
h1SMcG0015867	-0.516843270279692	0.102983901878015
h1SMcG0015869	-2.02243022091398	0.00000470042738323052
h1SMcG0015872	-1.97278920465271	0.204303622658812
h1SMcG0015874	-1.3087860902265	0.192480242106658
h1SMcG0015875	0.803642029907689	0.0000100784634721094
h1SMcG0015876	3.80223037857256	0.00000000000000000170046674179353
h1SMcG0015877	3.4637221924088	0.00019274293200896
h1SMcG0015878	3.47188373930439	0.00000000000000000000000000000000920629336660632
h1SMcG0015880	2.64808666948266	0.0000000000000000000000000000000000000000000000000153355745829155
h1SMcG0015881	-0.280438580161744	0.291896978770616
h1SMcG0015882	-0.805524784705195	0.00202916042547773
h1SMcG0015883	0.489996397226823	0.269560028767092
h1SMcG0015888	3.27581145191843	0.000137057662223515
h1SMcG0015889	2.63817215278737	0.084334837066255
h1SMcG0015890	1.4931241628754	0.0978474424503106
h1SMcG0015893	1.60432865957761	0.114987589486781
h1SMcG0015896	1.61243479695467	0.161773507625258
h1SMcG0015897	2.54609796066185	0.0000624662013381266
h1SMcG0015899	-0.59131448328635	0.170495862848067
h1SMcG0015901	-0.720732601539972	0.0284137752537128
h1SMcG0015902	1.99816828640286	0.00000000454343960521628
h1SMcG0015903	3.07078176530289	0.00000000000000000000000000000000000000000656905502280341
h1SMcG0015904	3.56690104266076	0.000537500862717783
h1SMcG0015906	-0.357322845488697	0.852144099681728
h1SMcG0015907	2.05761230448955	0.0000000000000278654507212211
h1SMcG0015908	0.864054257692765	0.0341701281220311
h1SMcG0015909	-1.41720301862303	0.332974252469877
h1SMcG0015911	-1.29085219545018	0.292920898071242
h1SMcG0015912	0.12113602539636	0.729696112482372
h1SMcG0015913	-0.0616197418883907	0.879675145696035
h1SMcG0015914	0.54698362857814	0.433152863364398
h1SMcG0015919	2.00786625701246	0.00000000176093816465041
h1SMcG0015922	-0.664145665584717	0.577823516948202
h1SMcG0015923	1.09896004531373	0.230997392070522
h1SMcG0015925	0.765333295769021	0.512391867906561
h1SMcG0015926	0.635011614093292	0.111319090739347
h1SMcG0015927	-1.82822031778458	0.214804946313116
h1SMcG0015930	-1.35403484793699	0.26030796491628
h1SMcG0015931	0.948843225936798	0.00242504079064483
h1SMcG0015933	-0.355791076703042	0.6866461830765
h1SMcG0015934	-0.271105642786105	0.532683725081217
h1SMcG0015936	0.167449197385419	0.785838428162475
h1SMcG0015937	2.91421751848874	0.000000000000822168047447096
h1SMcG0015939	-3.04469042745589	0.000000543809538160027
h1SMcG0015940	-0.577324466006415	0.719711991754265
h1SMcG0015942	2.23513144120827	0.000000000240515042629624
h1SMcG0015943	-1.77933104503676	0.000234726842716497
h1SMcG0015944	-1.07297691031606	0.000714225766080124
h1SMcG0015945	-0.294463367163478	0.676605906161263
h1SMcG0015946	-0.667414900178814	0.711298571064479
h1SMcG0015947	0.24949280579658	0.515995959585881
h1SMcG0015948	1.344603632979	0.00000103480329422806
h1SMcG0015950	-0.92107190032125	0.0102479701145459
h1SMcG0015951	2.45582655767333	0.000589251460448383
h1SMcG0015953	3.10205196772353	0.0000000000009104434660966
h1SMcG0015954	0.374262116430565	0.449081345448751
h1SMcG0015957	-2.23764001926465	0.234832872651717
h1SMcG0015958	-2.88066539905927	0.00000127333472091606
h1SMcG0015959	-3.32703935924756	0.00000747339320753484
h1SMcG0015961	-3.1883406055485	0.00786143348359145
h1SMcG0015962	1.13566567921946	0.0119423014267349
h1SMcG0015963	0.134517527578792	0.895760927801076
h1SMcG0015964	0.0935451607180485	0.901150586611172
h1SMcG0015965	-0.52875315887651	0.0979810445787703
h1SMcG0015967	0.215853198717831	0.687171286409903
h1SMcG0015968	3.83449982041574	0.000000000000000917882807485385
h1SMcG0015969	-1.30615103878057	0.227189209272521
h1SMcG0015971	-0.132120898779763	0.903343129247375
h1SMcG0015972	-1.52114941093513	0.0105307780535431
h1SMcG0015973	1.50749005146766	0.000000000000129899413105135
h1SMcG0015974	-1.1346822224663	0.098545428050915
h1SMcG0015975	-0.781959635624399	0.629218707431052
h1SMcG0015984	0.132794935497838	0.933352074371629
h1SMcG0015985	-0.668762668716942	0.606486587978314
h1SMcG0015986	0.117210426365441	0.942832392932675
h1SMcG0015990	3.65906948994843	0.0000000000000066990806308262
h1SMcG0016002	-1.06171792327022	0.0000178624244647918
h1SMcG0016003	-1.52831935360696	0.2111240265955
h1SMcG0016004	0.797426479011566	0.440740364361585
h1SMcG0016007	-0.751110146786044	0.204007162539997
h1SMcG0016009	4.24638164874452	0.0000000000000000000000000000000000000167076521928377
h1SMcG0016010	1.66111288259427	0.000000000591535756790271
h1SMcG0016012	0.780571520088815	0.396526042175377
h1SMcG0016013	-0.175912278503455	0.747230931331678
h1SMcG0016018	-0.162296945344979	0.641849260528112
h1SMcG0016019	1.03669591691961	0.0000818066246958264
h1SMcG0016021	0.78963091574975	0.532408683134043
h1SMcG0016022	0.500340863153855	0.237950710692913
h1SMcG0016025	-0.325519837038699	0.860095895086354
h1SMcG0016027	-3.46464677007831	0.00618753291514109
h1SMcG0016029	-1.41931434239543	0.00226775914654666
h1SMcG0016031	1.45441105179631	0.0000534126014017322
h1SMcG0016032	-0.411504579523219	0.148218457424137
h1SMcG0016035	-0.131826289431074	0.910688505316131
h1SMcG0016036	-1.99315991981802	0.0000394563309072758
h1SMcG0016038	0.0706053615664921	0.959542094581133
h1SMcG0016039	-0.55109177739724	0.267211116440348
h1SMcG0016040	0.729070001587569	0.0875533887340145
h1SMcG0016043	-0.586232647036125	0.185751665795145
h1SMcG0016044	-0.35206641198913	0.333406054592219
h1SMcG0016045	-2.38628089298706	0.119586322037402
h1SMcG0016048	-1.19787557459848	0.0877950877617712
h1SMcG0016049	-0.314634713433612	0.679264523531154
h1SMcG0016051	1.94619871623219	0.000000000000934906721833316
h1SMcG0016052	1.64625572910219	0.0167848683113389
h1SMcG0016053	-1.76066474611218	0.255888200495833
h1SMcG0016054	-0.447605920576103	0.625023778727486
h1SMcG0016055	1.208237449314	0.133099777314486
h1SMcG0016058	-2.44056740953673	0.0077604727530204
h1SMcG0016060	0.0108975046353315	0.980912018057508
h1SMcG0016061	-4.86093368513791	0.000000386209183489503
h1SMcG0016062	1.72471718282427	0.000696310068954264
h1SMcG0016064	3.84043682110067	0.00000000000000000000000000000000000000000000394775386415798
h1SMcG0016068	0.169896285839738	0.706420682984323
h1SMcG0016070	0.519951668866543	0.466214202561781
h1SMcG0016072	-0.0533571179573749	0.913334329822588
h1SMcG0016073	0.812893104675489	0.083131419723588
h1SMcG0016076	3.35757272008881	0.000000000000195879439007355
h1SMcG0016078	-2.78389156942456	0.0475512555616682
h1SMcG0016079	-1.14347355390941	0.331122182473588
h1SMcG0016080	0.0862069460321681	0.924166218928185
h1SMcG0016081	1.06504479652639	0.0000418047358726634
h1SMcG0016083	-0.607183128465137	0.247376384794515
h1SMcG0016084	-2.16116417141281	0.00128008278324129
h1SMcG0016087	-0.70966089037712	0.680975622293816
h1SMcG0016092	0.981791668274552	0.483434105893168
h1SMcG0016098	0.369230365324128	0.099216879957989
h1SMcG0016099	-1.85411791319779	0.0000209398618596776
h1SMcG0016103	0.830776332481153	0.000270945591058477
h1SMcG0016104	-2.30976808862726	0.09450625276864
h1SMcG0016105	-2.04297005981211	0.00000369234604541116
h1SMcG0016108	-1.91120049088463	0.00000000463668512490092
h1SMcG0016110	1.44998599543814	0.0782954202670139
h1SMcG0016111	0.34161941361701	0.707494487198849
h1SMcG0016113	-0.634216126744319	0.0616886943094401
h1SMcG0016114	-1.34022436259318	0.124799840818299
h1SMcG0016117	-2.02674794192919	0.162186821057273
h1SMcG0016118	-0.322258545433001	0.560308970241715
h1SMcG0016119	-1.16462242076582	0.0821991252450205
h1SMcG0016121	-1.41797263581855	0.0000000221366612992203
h1SMcG0016122	-0.352414249078197	0.657814982721195
h1SMcG0016123	1.20114156644794	0.0658780126032716
h1SMcG0016124	0.982350435580144	0.177115575373609
h1SMcG0016125	4.94393283307413	0.00000000000000352984876029845
h1SMcG0016127	0.779323339191619	0.637045268354502
h1SMcG0016128	0.748201416184104	0.0531041516110436
h1SMcG0016129	0.725077805439161	0.390794756073847
h1SMcG0016130	-1.49645822559285	0.353659099156725
h1SMcG0016131	-0.678604753629362	0.467393326923517
h1SMcG0016133	0.404118235991669	0.373687880604094
h1SMcG0016134	-1.26268742859609	0.0363631341212028
h1SMcG0016135	-2.09264941618342	0.00951056690334412
h1SMcG0016136	-1.52350250476917	0.00633450915223545
h1SMcG0016137	-1.50192841258057	0.0208263317808287
h1SMcG0016140	-1.31975057606423	0.197502859936178
h1SMcG0016141	2.27453314391748	0.0000000000187551246097539
h1SMcG0016142	1.91434053697058	0.0000000000000161286850478739
h1SMcG0016143	-0.874121770489662	0.150874353053393
h1SMcG0016144	0.683456004927831	0.37989322884043
h1SMcG0016146	-0.853529157799301	0.00000596582251241274
h1SMcG0016147	-0.764318158850446	0.479302971035981
h1SMcG0016148	-0.381553328641405	0.792365173846701
h1SMcG0016149	-1.76649628613058	0.000000436852872675935
h1SMcG0016152	-1.3463941124854	0.0594878416261572
h1SMcG0016153	3.50685576747297	0.000000352943616141121
h1SMcG0016154	-0.807273271523115	0.318558281493435
h1SMcG0016155	-1.01779124120322	0.538324798548474
h1SMcG0016158	-1.70303441038551	0.000000230695812216467
h1SMcG0016160	0.181467406817774	0.770339391392976
h1SMcG0016163	0.0440403836198086	0.942563379674046
h1SMcG0016164	-1.10835095752545	0.0234332327913491
h1SMcG0016165	-0.633279927588006	0.375078366600924
h1SMcG0016166	0.49921596675828	0.129706696930006
h1SMcG0016167	-2.04987793023671	0.0687705473967637
h1SMcG0016168	5.38859835067375	0.000000000000000000000000000000000000000000000000000000000000000000000364252316568498
h1SMcG0016172	-1.38126284763286	0.000238709471248618
h1SMcG0016174	5.86469015097919	0.00000000210206755118341
h1SMcG0016176	2.28274935530692	0.0000129103303737915
h1SMcG0016178	-0.193121858037768	0.896919288825669
h1SMcG0016179	-1.23820830800982	0.0111262341917706
h1SMcG0016181	-1.08031363565878	0.160709067750168
h1SMcG0016182	-1.25570806431771	0.0803828785326274
h1SMcG0016183	-0.224691896042622	0.602350345799582
h1SMcG0016184	-0.371206838218248	0.162219545515112
h1SMcG0016186	5.63277635152719	0.000000000208245320962828
h1SMcG0016187	-0.931801445840452	0.573605957169484
h1SMcG0016189	-0.467341759870892	0.386797123978247
h1SMcG0016190	6.84890374121194	0.00000000000000000000000000000000000000000000000000000000000000000000000000000000000000000000293283560845482
h1SMcG0016193	-3.14510784911925	0.0000000000000000125377498704099
h1SMcG0016196	-0.957656497068432	0.00000667296388260966
h1SMcG0016197	5.53972204816766	0.0168263894680644
h1SMcG0016198	0.96881980168236	0.00768210014255753
h1SMcG0016199	2.46041258216384	0.00000000000000119832678417375
h1SMcG0016202	-1.37701925817268	0.0108346892761874
h1SMcG0016204	-0.12814489078933	0.918689591069601
h1SMcG0016205	-0.457661634303412	0.134187279474525
h1SMcG0016206	-1.39993698261647	0.199332016448113
h1SMcG0016207	-3.01185677680376	0.00000272400157771691
h1SMcG0016208	2.94844725163595	0.00000135509337581527
h1SMcG0016210	-3.05642477374476	0.0206490881739653
h1SMcG0016211	0.0650515144729949	0.8965850676851
h1SMcG0016212	-0.395498553576137	0.765392856301213
h1SMcG0016214	-1.86249297648745	0.0416964641518595
h1SMcG0016216	0.656398703153236	0.278640380234167
h1SMcG0016217	-0.00703815434259756	0.9963379329302
h1SMcG0016220	0.715199905705198	0.588217024832701
h1SMcG0016221	-0.575519081342377	0.734890370507868
h1SMcG0016225	-1.1916880322546	0.00206631475944488
h1SMcG0016227	-0.976621043616855	0.0172112931573068
h1SMcG0016229	0.0235140590076709	0.989056652133561
h1SMcG0016232	-0.679443945366655	0.645466397247596
h1SMcG0016233	-2.55011013089419	0.000000000000000378047768380618
h1SMcG0016234	1.40276166644547	0.0000000459790458293429
h1SMcG0016235	1.18853104099134	0.00000157972310314275
h1SMcG0016236	-0.182063633723781	0.87655382597317
h1SMcG0016237	2.36207185919419	0.0000000000000000000000000000153454648314875
h1SMcG0016238	-1.66481304293425	0.0197108794850734
h1SMcG0016240	3.01508374191402	0.000106940408398787
h1SMcG0016241	0.92321651515116	0.0555157155873719
h1SMcG0016242	1.21612818129484	0.00598108591557701
h1SMcG0016245	0.956343950935976	0.153898380511875
h1SMcG0016246	-0.982484676990575	0.199216533757014
h1SMcG0016247	2.73271987376978	0.000241674176108893
h1SMcG0016249	-0.950776957326907	0.0000337168852247383
h1SMcG0016250	0.320260874423258	0.19853743215982
h1SMcG0016251	7.00693056027037	0.00000000000000000000000000000000000000000000000000000000000000000000000000000000000000000000000000000000000000000000000000000000000000000079949133150658
h1SMcG0016253	0.794799475606289	0.475379027692593
h1SMcG0016254	1.91095180888529	0.0000000000000000198285953578356
h1SMcG0016255	1.00989052393756	0.0026008258996965
h1SMcG0016257	-1.29979061389989	0.386258066366678
h1SMcG0016258	4.9031952931739	0.00000000000000000214747696168285
h1SMcG0016259	1.30846148057872	0.277686204837703
h1SMcG0016261	-1.62448209625642	0.0000732705605261928
h1SMcG0016264	1.09647115495853	0.334707606267377
h1SMcG0016266	0.875439005782952	0.540085251006935
h1SMcG0016267	0.870012116273037	0.298521569582797
h1SMcG0016270	0.595709064698367	0.720525776417453
h1SMcG0016271	5.29642152433545	0.00000000000000000000000000000105552216849498
h1SMcG0016272	-0.955353344848201	0.442492257853128
h1SMcG0016280	-1.2779470802308	0.00000000163782623504406
h1SMcG0016281	2.19059355675966	0.0000000984040185513837
h1SMcG0016283	-1.32648252587909	0.0131679932491832
h1SMcG0016284	-0.108531438976729	0.954544538079313
h1SMcG0016287	-3.80229127635144	0.00363746756582633
h1SMcG0016288	-3.67783612834886	0.000000000000000259709099426172
h1SMcG0016292	-0.890331001046988	0.000000448234720829494
h1SMcG0016293	-0.974756082135571	0.0889918836740514
h1SMcG0016294	-1.3638306993927	0.30401906342786
h1SMcG0016295	-3.45402950910737	0.000000000000000418175130833095
h1SMcG0016296	-3.17325050479402	0.000000000000000340836377964996
h1SMcG0016299	1.92954295541693	0.00000000409221001435004
h1SMcG0016300	1.00606950186854	0.192480242106658
h1SMcG0016303	-3.51072346313781	0.0000000000000000000000000000000000000000000000000000000000000000085130724550396
h1SMcG0016304	-0.718224109613673	0.542081574340774
h1SMcG0016306	0.593618077202317	0.63665316971919
h1SMcG0016307	1.26321331849624	0.0000153389687395874
h1SMcG0016308	0.958270875150147	0.330616007897491
h1SMcG0016309	-0.22221660566223	0.682958339608409
h1SMcG0016311	4.30078549258432	0.000000000000000000000000000000000034041847738017
h1SMcG0016315	-0.684728493925809	0.0433531645538505
h1SMcG0016317	-0.837538199599059	0.128182879226321
h1SMcG0016318	0.943068719885951	0.441404020862156
h1SMcG0016319	1.42461470176985	0.126843662518418
h1SMcG0016320	-2.31592563275467	0.000000000000000000609541555726332
h1SMcG0016322	1.94224952415123	0.000000000199762768858325
h1SMcG0016323	-0.0555758606112782	0.951086928607183
h1SMcG0016326	2.45300030312606	0.00000275296669606735
h1SMcG0016327	0.195101191924655	0.706958092804465
h1SMcG0016328	0.891930612260374	0.0421792135104704
h1SMcG0016330	-0.834318561044379	0.552131888788051
h1SMcG0016331	2.01195574152358	0.00274241301505411
h1SMcG0016334	-0.287609080050622	0.835392788637704
h1SMcG0016336	0.254975531396496	0.770182874106666
h1SMcG0016337	-1.00858358072024	0.0453899973009036
h1SMcG0016338	0.347562630337604	0.555778676926923
h1SMcG0016340	1.70811586279006	0.00000000000000000000000188854662536757
h1SMcG0016341	-0.891383796261924	0.240183430294627
h1SMcG0016343	-0.965672703226611	0.108420752170983
h1SMcG0016344	0.17568127591887	0.349485739277878
h1SMcG0016346	-0.301693111346606	0.432310648893365
h1SMcG0016347	-2.2203232828495	0.134187279474525
h1SMcG0016348	-0.461707707146745	0.162125118516968
h1SMcG0016349	-1.90452370064977	0.0245455064253528
h1SMcG0016351	0.265186685055642	0.684467753404879
h1SMcG0016352	-0.878686630284594	0.196907690675259
h1SMcG0016359	0.56198191083256	0.741383710024705
h1SMcG0016360	4.38240221195189	0.0000000000000000000000000000213407822413817
h1SMcG0016361	1.79836638340531	0.0000000652205484071679
h1SMcG0016363	-1.09259901465533	0.377676198679019
h1SMcG0016365	1.3621331271891	0.000000000000118978209550401
h1SMcG0016367	2.96688013943402	0.0000215615601746928
h1SMcG0016368	-0.658057693941645	0.26096761315187
h1SMcG0016372	-0.983807402322558	0.000288407467443251
h1SMcG0016373	-2.26933181445927	0.133137552766119
h1SMcG0016374	2.22782646837739	0.0224784308507299
h1SMcG0016375	1.08321574268309	0.320792936882331
h1SMcG0016376	-1.21359719256503	0.00248094419571796
h1SMcG0016378	0.0111145850214915	0.990623462024197
h1SMcG0016380	-1.50827244501894	0.143739184560221
h1SMcG0016384	-1.71873200851032	0.00000000000603728183303275
h1SMcG0016386	3.18473615463879	0.0000000000000000000000000000000000000000000000000000000000000000000000000000000000000817361492446415
h1SMcG0016387	0.657304959468045	0.508525063932567
h1SMcG0016388	1.56301692012025	0.00000832074366292696
h1SMcG0016389	-1.79628143175228	0.0224542558390875
h1SMcG0016390	0.238191625921104	0.734414403851309
h1SMcG0016393	0.0553601443941634	0.946179827625022
h1SMcG0016394	0.155311888566728	0.793143337709276
h1SMcG0016397	0.703110400787656	0.00295265040512868
h1SMcG0016398	2.41096616290085	0.000251423364731259
h1SMcG0016402	-1.18093397175185	0.310131640571122
h1SMcG0016404	0.426908813754955	0.266066884573341
h1SMcG0016406	-0.387059169191514	0.441404523729997
h1SMcG0016407	-3.23814911195403	0.0263102060446301
h1SMcG0016412	-0.809575609504352	0.0000678143734918627
h1SMcG0016413	0.0170807850372485	0.988730172190355
h1SMcG0016417	-0.868953681991509	0.179903735433015
h1SMcG0016419	2.10307320415109	0.0676519313677772
h1SMcG0016420	-1.10468361489163	0.00000283668419029318
h1SMcG0016422	-0.0558057595855417	0.97495691308144
h1SMcG0016425	-0.402751332517501	0.436608552173911
h1SMcG0016426	-5.29670468634213	0.000000631481843902903
h1SMcG0016430	-0.175071955577468	0.826323212319994
h1SMcG0016434	-3.4596371175977	0.00577395883461768
h1SMcG0016438	-0.187643949513893	0.879675145696035
h1SMcG0016440	-2.86694020341437	0.00000000000000654064343698595
h1SMcG0016441	-2.20420463200641	0.00000559976685233202
h1SMcG0016444	-0.580866579532536	0.707865252091645
h1SMcG0016445	0.373552125222147	0.587817715908537
h1SMcG0016446	-0.482653185671391	0.665982134034599
h1SMcG0016447	0.268068612785473	0.669273248371226
h1SMcG0016448	1.76012925296833	0.000000000000000000000000209151982327362
h1SMcG0016451	-0.338769608996307	0.661552151536326
h1SMcG0016452	-0.508139344727517	0.380047694551398
h1SMcG0016453	-1.74601498911151	0.00000340860475343716
h1SMcG0016454	-2.78343399966443	0.0000164751221977702
h1SMcG0016455	-1.30538009188329	0.00240030864974267
h1SMcG0016457	-1.47131576090816	0.000568077472747439
h1SMcG0016458	-0.82664698062631	0.282932128881968
h1SMcG0016459	-0.785437582693651	0.573038030546902
h1SMcG0016461	-1.18417007780228	0.485316621902449
h1SMcG0016463	-1.38066551763819	0.0159762748539771
h1SMcG0016464	5.27840375585646	0.00000000000000000000000000000000000000000000000000000000000000000000000000000000000000000000000000000000000000000000000000000000000000591123734624431
h1SMcG0016465	4.89023235333968	0.0000000000000000000000000085514801082943
h1SMcG0016468	-1.62073088803913	0.000000000138207892241103
h1SMcG0016469	-0.889915289201406	0.165564355174197
h1SMcG0016471	1.1343770825987	0.00183904943074387
h1SMcG0016472	-0.910838375485135	0.287584760867004
h1SMcG0016474	2.4277866583797	0.000000142169464108781
h1SMcG0016475	-2.08820858813044	0.197783720302616
h1SMcG0016478	0.954115492112561	0.435679865116685
h1SMcG0016479	-1.40960721800775	0.0115979851616898
h1SMcG0016480	0.635445128849263	0.20550988042949
h1SMcG0016482	-0.337781023794389	0.0919198332992876
h1SMcG0016483	-1.25554607529074	0.311361503634313
h1SMcG0016485	-0.297155547377186	0.8552653570379
h1SMcG0016487	2.67502750283098	0.0000000268349373486036
h1SMcG0016488	-0.502572644812111	0.222833737841112
h1SMcG0016489	-0.403025012440509	0.109906613245663
h1SMcG0016494	-0.38660302077191	0.809972686528821
h1SMcG0016499	-3.37459906990581	0.00000333065495589885
h1SMcG0016500	-3.01326843828036	0.00000000000000000182986394109502
h1SMcG0016503	0.702178050495002	0.076168372680918
h1SMcG0016504	0.197055629092564	0.765387477029496
h1SMcG0016505	-0.627602681214336	0.00593133743891383
h1SMcG0016507	-3.6423378956987	0.000000000000591830590388845
h1SMcG0016512	-1.20124094049041	0.314907810469116
h1SMcG0016514	-0.477766063205349	0.648951458651081
h1SMcG0016516	-0.704371041319113	0.269948075243403
h1SMcG0016518	-0.197990671969354	0.467725733279726
h1SMcG0016519	-0.651477610878593	0.0186930315520308
h1SMcG0016521	-0.169249629859433	0.862146967886613
h1SMcG0016522	0.13267559215662	0.925262787505647
h1SMcG0016523	-1.4306559608118	0.0455860513641277
h1SMcG0016524	-0.985985525550394	0.104488191052021
h1SMcG0016525	0.477031308945377	0.43749749402594
h1SMcG0016526	0.139368666555247	0.748117143142575
h1SMcG0016529	2.59173828838649	0.000000000000000033612853806983
h1SMcG0016530	-2.70488342087009	0.0546250000172208
h1SMcG0016531	-1.5670546347846	0.00106828606625755
h1SMcG0016532	0.931317796302416	0.000103600707217873
h1SMcG0016533	-0.770861882968504	0.00775998608470938
h1SMcG0016537	-2.10516787308927	0.0294781526108078
h1SMcG0016540	1.74205197640595	0.00000318874543792365
h1SMcG0016541	-1.43172281947063	0.000541681331604861
h1SMcG0016542	1.02353967291093	0.311684279905057
h1SMcG0016544	2.78952063167067	0.0000000218059289616732
h1SMcG0016545	0.842204573054976	0.0457590444818028
h1SMcG0016546	1.83327597410514	0.0000190593842993305
h1SMcG0016547	-0.118591345998123	0.921345134380608
h1SMcG0016548	2.4413832371476	0.00000000000625753736110292
h1SMcG0016550	-0.833165061240529	0.322470954027075
h1SMcG0016551	-0.544050868277505	0.139061081240335
h1SMcG0016552	-1.27431770616041	0.35643834032391
h1SMcG0016555	-0.306853093002383	0.598065144700648
h1SMcG0016556	3.0713702250271	0.00483274710724909
h1SMcG0016557	-1.29556308687824	0.000169769492747476
h1SMcG0016560	-0.523639270798069	0.683887594937054
h1SMcG0016562	-1.59275750894502	0.00684409974926888
h1SMcG0016565	-1.01459862191898	0.0467617821862393
h1SMcG0016567	-0.33383981495903	0.499292404894551
h1SMcG0016568	0.395283728913404	0.103589418014003
h1SMcG0016571	0.360867183794108	0.11331210444485
h1SMcG0016573	-0.234611209786516	0.806275184270458
h1SMcG0016574	-1.66181967326111	0.0000000000000460025762240414
h1SMcG0016575	0.210641722794847	0.838911038483321
h1SMcG0016576	-0.505267606117536	0.287962550151539
h1SMcG0016577	0.151675034556043	0.663710944398395
h1SMcG0016578	0.152115042545125	0.884081503711835
h1SMcG0016579	0.710411845355434	0.000937013424977853
h1SMcG0016582	-2.33721351738744	0.120377819828001
h1SMcG0016583	0.528835222769627	0.743663426603726
h1SMcG0016584	4.80495916900083	0.0000000000000000000000000000000000000000000000000000000000000000284967180524508
h1SMcG0016587	-0.297585276635502	0.61320141449027
h1SMcG0016589	-1.90980012019957	0.195279923488497
h1SMcG0016591	1.4906736212718	0.000000000093522087381653
h1SMcG0016592	0.188076141138801	0.724223550045015
h1SMcG0016594	0.107067014076026	0.776038510994586
h1SMcG0016597	4.66169333768175	0.000000000000000000000734802825919378
h1SMcG0016599	4.25425845672056	0.000000000000000000000000000000000000000000000000000000000000000000000000332231526589277
h1SMcG0016603	-0.928249094873194	0.00642755036497893
h1SMcG0016605	0.684377597892771	0.0013472911260997
h1SMcG0016606	-0.061999597479152	0.927927538960754
h1SMcG0016607	-1.14888885351281	0.132966369023735
h1SMcG0016611	5.59562883097494	0.00000159989220473435
h1SMcG0016612	-0.468545879347804	0.350880628990834
h1SMcG0016613	0.735937166667781	0.000456966403580311
h1SMcG0016615	1.64013060645637	0.000000000211354159838024
h1SMcG0016616	0.212893020044152	0.797032407749821
h1SMcG0016617	-0.367414754999242	0.556117959307079
h1SMcG0016618	0.725491828153675	0.0175758589074189
h1SMcG0016619	-1.24044471303105	0.012301424766161
h1SMcG0016621	-0.504756152892586	0.529542235377781
h1SMcG0016622	0.464288505108368	0.104689160848038
h1SMcG0016624	0.782204554873053	0.189038152602033
h1SMcG0016625	-0.359419632846232	0.801576810509082
h1SMcG0016627	-2.15529502552274	0.112266284340408
h1SMcG0016631	0.0325828549973203	0.986448388465581
h1SMcG0016632	-0.729431682109176	0.540793594563904
h1SMcG0016635	-0.0725460655654293	0.932157700535249
h1SMcG0016636	-0.884161189330095	0.066177302370265
h1SMcG0016637	0.416767559310755	0.646497981448936
h1SMcG0016638	-1.42018010258299	0.371538055450258
h1SMcG0016640	-0.74056283807443	0.0155083611917641
h1SMcG0016641	-0.234444489487142	0.83109318246704
h1SMcG0016644	4.1015576421934	0.000000000673344388316073
h1SMcG0016646	-0.515103268765095	0.565527974685322
h1SMcG0016647	0.50082112617814	0.0442638894884138
h1SMcG0016648	4.14047024797748	0.0000000000000000000000000000000000000285269231244352
h1SMcG0016649	1.4262986831869	0.0000000100999557687509
h1SMcG0016650	-0.11429893314588	0.901150586611172
h1SMcG0016652	-1.17587458906914	0.00222677364027932
h1SMcG0016653	-1.37039027847985	0.426052260245931
h1SMcG0016654	0.10816615626976	0.925417632565215
h1SMcG0016655	0.0705630698270202	0.921345134380608
h1SMcG0016657	-1.01687678300397	0.00745514969898754
h1SMcG0016659	-1.30429080022338	0.000695721054258287
h1SMcG0016660	-1.75315688820162	0.00020334067435774
h1SMcG0016663	0.420350822677796	0.391552869766891
h1SMcG0016664	-0.540265939330024	0.0330156281752027
h1SMcG0016665	-0.569812898288677	0.6667970723553
h1SMcG0016666	-0.869039204246274	0.218968275525992
h1SMcG0016668	-4.03184593941038	0.000000000379249685809399
h1SMcG0016669	-3.47873409994023	0.0120211187511974
h1SMcG0016671	1.11316649240605	0.00128519752363098
h1SMcG0016672	4.41154552091296	0.0000000000000000157340325828156
h1SMcG0016673	0.0354905651006999	0.973771564078862
h1SMcG0016675	3.67469868634638	0.000010793727911832
h1SMcG0016678	-1.50643591025736	0.000252870695952949
h1SMcG0016680	-0.881152719855029	0.132074805291429
h1SMcG0016681	0.00190765197189099	0.997137169318321
h1SMcG0016682	-0.258140304704702	0.737350933080768
h1SMcG0016683	-3.3880093291236	0.00787139035799716
h1SMcG0016684	-1.0233812017656	0.0000131078310733055
h1SMcG0016686	0.46151474669986	0.332043974116007
h1SMcG0016687	-0.122402706369363	0.933226614027311
h1SMcG0016691	-0.801908259832545	0.127055583435068
h1SMcG0016692	0.0469862172898524	0.969279043668149
h1SMcG0016694	-0.79134326055506	0.047828952661443
h1SMcG0016696	1.91354291083117	0.00000257964159335722
h1SMcG0016700	2.23807456594971	0.016175877178188
h1SMcG0016701	2.6423859831117	0.0000000988606099039489
h1SMcG0016702	-1.36605644643376	0.464431694198397
h1SMcG0016703	0.562206674761765	0.240114596274923
h1SMcG0016704	-1.85452296944281	0.0422375065570627
h1SMcG0016705	-0.358804836592134	0.409749641746435
h1SMcG0016706	-0.166452132248888	0.746829303787305
h1SMcG0016707	-1.21281213650012	0.20876195609821
h1SMcG0016708	3.57570573119771	0.000000821078521299446
h1SMcG0016709	-0.296776704987162	0.872226894587616
h1SMcG0016710	-0.270715319054658	0.83178483554529
h1SMcG0016712	-1.87241867895186	0.0140795007714838
h1SMcG0016716	4.99439027754117	0.000000000000000000000000000000000000000000000000000000000000000000000000000000000000097747293198681
h1SMcG0016717	3.62962516434942	0.000000000000226345572813181
h1SMcG0016718	-0.114181215707116	0.868215757822773
h1SMcG0016720	0.230377902035565	0.600744765303739
h1SMcG0016721	0.167587917563061	0.624538110697428
h1SMcG0016723	0.380568441001549	0.338067140159999
h1SMcG0016724	0.000750292042606288	0.99941752941691
h1SMcG0016725	-0.383869916974125	0.43784353038101
h1SMcG0016726	-0.875857215851428	0.0473076007660077
h1SMcG0016729	-3.87220453894603	0.00116409880170592
h1SMcG0016730	-0.200633840513846	0.842497495368539
h1SMcG0016732	-2.51475164138722	0.00196461335785473
h1SMcG0016733	-0.20641405226731	0.626028989132687
h1SMcG0016737	-0.820430387531348	0.00168955598716992
h1SMcG0016738	0.939226271085993	0.222516841647778
h1SMcG0016740	-0.421256185766459	0.302870708715429
h1SMcG0016741	1.07860133967301	0.000407427019119687
h1SMcG0016742	1.88270143454654	0.00000000371659927506466
h1SMcG0016744	1.69468150278219	0.0000000000000040989990142315
h1SMcG0016746	-1.46205274111601	0.0102868161372279
h1SMcG0016747	-1.88050950771629	0.00000860717920807403
h1SMcG0016748	0.798249355304151	0.0191321855916977
h1SMcG0016750	4.79517169607049	0.0000000000000000000000308937461491695
h1SMcG0016751	0.22237004962433	0.850437054487909
h1SMcG0016752	1.36395133766104	0.00000114604591080211
h1SMcG0016753	-0.0239717287761883	0.972106821194868
h1SMcG0016754	0.976449560903415	0.0148056605637507
h1SMcG0016755	-0.267483672799106	0.52827230158569
h1SMcG0016757	-0.843995526429373	0.00204949804581926
h1SMcG0016760	0.547268142289605	0.227386670933015
h1SMcG0016762	-0.539279040692344	0.156843127497815
h1SMcG0016764	0.655430272972494	0.278647691750563
h1SMcG0016765	0.831311657846829	0.0557116370702338
h1SMcG0016766	1.05556370356157	0.0209934183892224
h1SMcG0016768	0.648107147161233	0.642174152080588
h1SMcG0016769	3.14910675454126	0.000069804173468656
h1SMcG0016770	3.01784744900531	0.0000000405884156692084
h1SMcG0016771	1.28096522518517	0.291731916162859
h1SMcG0016772	0.828995473622601	0.0520061497505888
h1SMcG0016773	1.52974006071667	0.0000000290436875099203
h1SMcG0016774	-0.0543726990590445	0.939395177905574
h1SMcG0016775	1.05695493490589	0.0100547697951332
h1SMcG0016776	1.43607486551034	0.0000433316028431786
h1SMcG0016777	6.69595829397446	0.0000000000000000000000000000000000000000000000000000000000000000000000000000000000000000000000000000000000000000000000000000000000000000000000000000799860890452944
h1SMcG0016783	4.68828534743702	0.00000338788033558001
h1SMcG0016786	-0.625946340217233	0.710823808572094
h1SMcG0016787	-3.48457811375759	0.000000975943399946909
h1SMcG0016789	0.867239031874731	0.615714723537289
h1SMcG0016790	-1.25561483744144	0.0390976841627368
h1SMcG0016793	-0.833279103687655	0.606951357032965
h1SMcG0016794	-0.580818023307911	0.0416567492818888
h1SMcG0016796	-1.55933207086307	0.000000103845518661255
h1SMcG0016798	-0.24730653161218	0.50581708891591
h1SMcG0016800	-0.694121726204166	0.123782627992815
h1SMcG0016802	-0.626819850475402	0.0116983925987324
h1SMcG0016804	-0.932103530088735	0.620088186503078
h1SMcG0016805	0.676801403616353	0.0620555142159518
h1SMcG0016806	1.42883914514577	0.0000272171984888433
h1SMcG0016807	1.09557657396741	0.287367147516556
h1SMcG0016808	1.06242878263659	0.00000319690011473307
h1SMcG0016809	-2.3158612335807	0.138501470383473
h1SMcG0016810	-1.54260619659076	0.0734951276123833
h1SMcG0016811	0.906956074399161	0.000202078419284597
h1SMcG0016815	-0.273298576922369	0.345414892087278
h1SMcG0016816	3.56211398990982	0.00000241085743621924
h1SMcG0016817	-1.4077187070265	0.0851262338984946
h1SMcG0016818	-1.55030547328728	0.00649838740565299
h1SMcG0016820	-0.839767410604337	0.0249078259605863
h1SMcG0016825	-1.00939764723779	0.0104944677671421
h1SMcG0016827	-1.79855435041085	0.166584148562988
h1SMcG0016828	-0.864479419766394	0.33606374485516
h1SMcG0016829	6.08657575754388	0.0000000000452757730654828
h1SMcG0016830	5.76485026369614	0.000000000000000000000000000000000000000000000941191515703108
h1SMcG0016831	-0.423304334505132	0.659127666956937
h1SMcG0016832	-2.30812650747716	0.00352982967233562
h1SMcG0016834	-1.12932793523247	0.170984421637215
h1SMcG0016836	-0.766991740612078	0.262743511275635
h1SMcG0016837	-2.28700159845896	0.0000103918363400183
h1SMcG0016838	-0.816821788666029	0.577270564253463
h1SMcG0016839	-1.90027638018114	0.00375182548822517
h1SMcG0016840	0.0434254675135722	0.964881656254183
h1SMcG0016841	-0.0261898585072411	0.981460382204516
h1SMcG0016843	0.0191905716109957	0.981419497911146
h1SMcG0016844	-0.824151295893145	0.0528627220191214
h1SMcG0016845	1.0863390570984	0.144000047205283
h1SMcG0016848	-0.0728388201408412	0.911864059196107
h1SMcG0016853	-1.06896381095818	0.340426562678738
h1SMcG0016858	1.47150479671137	0.0000117998067958603
h1SMcG0016859	-2.04479974608055	0.000000000072743445545121
h1SMcG0016860	-2.12460105892251	0.0282029141576019
h1SMcG0016863	0.17905867108678	0.792365173846701
h1SMcG0016864	0.802948488918251	0.18974835601579
h1SMcG0016866	-1.82215986018674	0.00466341982662023
h1SMcG0016867	1.60529818110652	0.000000000000000000038160161996899
h1SMcG0016868	-1.1026537332443	0.0000858326809760847
h1SMcG0016869	0.658929339202455	0.571595764547177
h1SMcG0016873	-1.43669192576561	0.238113898819736
h1SMcG0016876	0.424508819535198	0.215486484210579
h1SMcG0016877	-0.899889344301582	0.00542899123159922
h1SMcG0016880	0.356139249170353	0.141605816908517
h1SMcG0016881	-0.614995998484463	0.0963471201954715
h1SMcG0016883	-1.66063392645133	0.303063628992979
h1SMcG0016885	0.560990242815746	0.096781226549924
h1SMcG0016887	-0.918527318025101	0.140439313267073
h1SMcG0016889	0.0523511758307226	0.874373552164741
h1SMcG0016890	-0.688901814888549	0.376645595146592
h1SMcG0016891	0.592574257286138	0.30162942406631
h1SMcG0016892	-0.0751969723356568	0.933985599002548
h1SMcG0016893	-0.559617068471968	0.0058570277950552
h1SMcG0016894	0.917174442272766	0.148315025676215
h1SMcG0016896	0.45345538067597	0.665241688699644
h1SMcG0016897	0.29309328434833	0.784050085175069
h1SMcG0016899	0.668722455149016	0.232406142209457
h1SMcG0016900	0.103244840676362	0.790666942469196
h1SMcG0016901	-0.423900389594754	0.578366458714436
h1SMcG0016902	-2.47649007175774	0.00622186116723058
h1SMcG0016903	-1.22492661717715	0.504534895285734
h1SMcG0016904	0.360858360953498	0.767798352635802
h1SMcG0016905	-0.740121179393118	0.00134387894910982
h1SMcG0016907	-0.492952007977206	0.0904617596939322
h1SMcG0016909	0.45225432188205	0.0371926493577042
h1SMcG0016911	1.0533009556598	0.0487110669738389
h1SMcG0016912	-1.02668365823778	0.0521815037161666
h1SMcG0016915	-0.365062166654967	0.140929626205055
h1SMcG0016917	-0.0781698090046473	0.739895235772419
h1SMcG0016918	-0.654501897269913	0.222600194258206
h1SMcG0016919	2.60850510821211	0.00172791676880469
h1SMcG0016922	0.41081908165309	0.243565083577282
h1SMcG0016924	0.340814757154231	0.770775762667137
h1SMcG0016926	0.326166584319445	0.508952142258979
h1SMcG0016927	3.38526759071402	0.000000000000000000000000000000000000000000000019806189704671
h1SMcG0016928	-0.0250952629318929	0.952159167239423
h1SMcG0016930	-0.759025724358892	0.0504726206443253
h1SMcG0016931	-1.28118566321994	0.0000192079937504819
h1SMcG0016934	-0.59321079394832	0.0487110669738389
h1SMcG0016935	-1.63024680738237	0.213880983069213
h1SMcG0016937	-1.5906862317767	0.150401920417613
h1SMcG0016938	2.62688120364222	0.0000000000000000349503622195533
h1SMcG0016939	-0.140673759228714	0.625023778727486
h1SMcG0016940	-1.90059016161719	0.0164728719185996
h1SMcG0016941	1.45839786217862	0.00000000000000617117682685966
h1SMcG0016944	0.0957760669044454	0.788467456366521
h1SMcG0016949	-0.653394765411922	0.500861205992723
h1SMcG0016950	0.474203063757463	0.761384812365768
h1SMcG0016952	0.034276707828618	0.930068592224457
h1SMcG0016953	-0.76271149904839	0.505720027956482
h1SMcG0016956	1.09377974333005	0.0000846185003660101
h1SMcG0016957	-2.30353850303936	0.000000000000000924762030722989
h1SMcG0016958	3.05912264014163	0.0000000000000000000000000000000249937635394184
h1SMcG0016959	-0.861761731348021	0.00182226106381827
h1SMcG0016961	-0.54618539669944	0.0780497856287738
h1SMcG0016962	-1.1048283203627	0.231920284674438
h1SMcG0016964	-1.07153882140866	0.495498558163562
h1SMcG0016965	-2.80982334018069	0.00320845829053901
h1SMcG0016967	5.06415229926517	0.000000228843924894052
h1SMcG0016970	-1.24573900559431	0.00000712539351920347
h1SMcG0016974	-1.91764626202804	0.0171041323146977
h1SMcG0016975	0.180917229894761	0.434619077705457
h1SMcG0016977	-0.179319963634252	0.500788738361031
h1SMcG0016981	1.81472059150526	0.0000000000865402142871275
h1SMcG0016982	1.2831563442873	0.000000000000000000225639024395172
h1SMcG0016983	0.146944499502317	0.935046398045283
h1SMcG0016985	-2.42524800419827	0.00118270267901466
h1SMcG0016989	-0.00772830362526873	0.98874593208781
h1SMcG0016992	1.1709531418974	0.000299694634883631
h1SMcG0016993	-0.312675919165059	0.675269581095496
h1SMcG0016994	0.503807389630422	0.570199483497805
h1SMcG0016995	-0.13128689789231	0.890772666471261
h1SMcG0016997	-0.540621196507323	0.337128655185174
h1SMcG0016998	2.8438983108085	0.00000000000000000000000000000000000000295082895573289
h1SMcG0016999	-0.0675331300703215	0.882152193862878
h1SMcG0017003	0.564358391043421	0.00852369267959595
h1SMcG0017004	1.18848139673587	0.0000260732543150137
h1SMcG0017006	-0.371958519583135	0.117948899563179
h1SMcG0017010	-1.04481595868199	0.494623312378461
h1SMcG0017011	-1.76211466881822	0.105720497804994
h1SMcG0017015	-0.438573039951575	0.0207648058248437
h1SMcG0017018	-2.1602534262113	0.0000461113640692281
h1SMcG0017019	-0.53329970032908	0.0425526169224817
h1SMcG0017022	-0.76964384606788	0.0305417571873789
h1SMcG0017024	0.44247864183548	0.73165742055961
h1SMcG0017025	-0.0864300641395719	0.94957140076245
h1SMcG0017026	-2.01347267088911	0.057456434451147
h1SMcG0017027	0.349347205545462	0.38439808669491
h1SMcG0017028	0.780761548016669	0.275312028654607
h1SMcG0017029	-3.81958730125924	0.0000293407992591597
h1SMcG0017030	0.288878172931899	0.564428540188529
h1SMcG0017031	-0.799964406724678	0.400182849362551
h1SMcG0017034	0.653063255133407	0.138200623430521
h1SMcG0017035	-0.476749399162521	0.65692644749061
h1SMcG0017036	0.682913705684783	0.0241972144429063
h1SMcG0017037	-0.180312214042689	0.533035449226909
h1SMcG0017040	-1.1436967748259	0.337762566947645
h1SMcG0017042	-0.538294560387627	0.325473106352344
h1SMcG0017044	-1.27078769255389	0.00118265317828542
h1SMcG0017046	-0.864983448200436	0.158665669377179
h1SMcG0017047	-0.186448174113177	0.675989552461057
h1SMcG0017048	0.00115410155666387	0.998669600300567
h1SMcG0017051	-1.93084983049315	0.0000107960848365849
h1SMcG0017052	-1.00340592224475	0.320098514240935
h1SMcG0017053	5.37627264009379	0.0000000000539602053725599
h1SMcG0017054	-3.31570432330257	0.00155487329138963
h1SMcG0017056	-2.45686288471837	0.106401862894128
h1SMcG0017057	-1.33272195522936	0.17954472622989
h1SMcG0017058	-2.09513252579893	0.00000856895891627007
h1SMcG0017060	-1.68389055816578	0.0000309541551230343
h1SMcG0017061	-1.54630529005104	0.158842850263657
h1SMcG0017062	0.139126644415361	0.874139663133727
h1SMcG0017063	0.0688346298944387	0.972842218797431
h1SMcG0017065	1.79341578469387	0.0000000000000000000455332053126484
h1SMcG0017066	1.38953460452021	0.0239171415833824
h1SMcG0017067	-0.718538174468501	0.127371866237605
h1SMcG0017068	-0.94530995232552	0.00000971223294777324
h1SMcG0017069	2.90796047714983	0.00000000000000000000000151515341334763
h1SMcG0017071	0.340787069451438	0.268179788790663
h1SMcG0017072	0.117509893264439	0.785457250250325
h1SMcG0017073	1.17070036438577	0.00326142197323478
h1SMcG0017074	-1.08051326227711	0.00989222569687914
h1SMcG0017075	-1.83219588119772	0.0000000000000338376102492959
h1SMcG0017076	-1.7807258518708	0.000000000102181536215083
h1SMcG0017077	0.430833798793489	0.0994867002283276
h1SMcG0017079	2.67869403593023	0.00000000000000000094150823853645
h1SMcG0017080	2.0631425824717	0.000000000000000426428533088869
h1SMcG0017081	0.497548482925874	0.184083855352605
h1SMcG0017082	2.58800287173213	0.0000000000000000000141161964245309
h1SMcG0017083	0.361268043426246	0.60967344263502
h1SMcG0017084	2.29300175155065	0.0000000000000000000360812789818489
h1SMcG0017087	1.79676757173773	0.0000113670873037804
h1SMcG0017088	0.970325709896133	0.000497138329088905
h1SMcG0017089	2.51417642411701	0.000000000000000484372521742652
h1SMcG0017091	3.6789547796194	0.00000000129329833792076
h1SMcG0017092	0.928950382032122	0.000777664123783871
h1SMcG0017094	0.474946038636246	0.682995125737076
h1SMcG0017095	0.153663150946458	0.903343129247375
h1SMcG0017097	-0.860218390653928	0.0118732145107422
h1SMcG0017098	-0.894197633213381	0.174224187270095
h1SMcG0017099	-0.498270761685838	0.343196207191921
h1SMcG0017100	-0.180742573255483	0.6802840835612
h1SMcG0017102	-0.716899885134976	0.497106693069259
h1SMcG0017103	-1.96461761659232	0.0960952410461342
h1SMcG0017105	-0.625947605222862	0.631958240995379
h1SMcG0017106	1.23482264596115	0.000494099777726276
h1SMcG0017108	-2.57621836159338	0.000697420324134242
h1SMcG0017109	0.180106645428719	0.892036667037953
h1SMcG0017111	-1.80611464840949	0.00001982688996991
h1SMcG0017113	-1.25286639188394	0.287952858619834
h1SMcG0017114	1.77895706876701	0.000000207509017105342
h1SMcG0017115	-0.0138082733436307	0.985271757420265
h1SMcG0017117	1.81290034368727	0.222947797867109
h1SMcG0017119	-0.60228285206811	0.739527487569591
h1SMcG0017121	-1.35310088995852	0.000242177886307712
h1SMcG0017122	1.03247721549166	0.229450151847887
h1SMcG0017124	-0.463015888656444	0.70328506980671
h1SMcG0017125	-1.14571856225196	0.171009445876518
h1SMcG0017128	-0.211991181120382	0.798151946126524
h1SMcG0017129	1.48753347336605	0.0961342773477035
h1SMcG0017135	0.688002743701919	0.675853414988585
h1SMcG0017137	-0.525106700844521	0.565703796353409
h1SMcG0017139	-0.115880493074802	0.853232304750201
h1SMcG0017140	-1.97452126684064	0.0231128102150515
h1SMcG0017142	0.476709696194376	0.781865641104916
h1SMcG0017143	-0.356254950219699	0.78785978965596
h1SMcG0017145	1.74769228614165	0.00158254671951686
h1SMcG0017147	-0.0646468146038091	0.891059823028929
h1SMcG0017148	0.44832145179799	0.287177535836292
h1SMcG0017149	-0.391323712247631	0.464322783385274
h1SMcG0017151	-1.80829354660109	0.000000000190354768767348
h1SMcG0017152	4.46799588846664	0.00000000000000000000000000000000000000000000000000000000000000000000041257561900517
h1SMcG0017153	-1.61966791287217	0.240754913043664
h1SMcG0017154	0.0677786525878421	0.934146079373324
h1SMcG0017155	-2.32760973714953	0.0000453884708198856
h1SMcG0017156	-0.655260919112521	0.369648238267559
h1SMcG0017157	-1.90900116319772	0.120644160778968
h1SMcG0017158	0.722077583114657	0.265609424287511
h1SMcG0017159	-0.678943878560915	0.000989620206458559
h1SMcG0017160	2.86111726320001	0.00000000000187995835782156
h1SMcG0017161	1.74621691988305	0.00000000207636610927234
h1SMcG0017162	1.68737241034965	0.106490217284474
h1SMcG0017163	-0.926441236385667	0.0879152095243089
h1SMcG0017164	0.307341757993232	0.388464093602096
h1SMcG0017167	-0.501405723333746	0.0967911459595593
h1SMcG0017168	-0.407831833731436	0.825654182391345
h1SMcG0017169	-0.43393954786562	0.244485764261243
h1SMcG0017172	0.80052116736165	0.000104384917491396
h1SMcG0017174	-1.44437470573428	0.00449474183211543
h1SMcG0017175	-0.564839818949361	0.0765561901249471
h1SMcG0017176	-0.0538927839142486	0.896173629242653
h1SMcG0017181	1.95324316666553	0.0414925621518114
h1SMcG0017182	-0.309915235556753	0.852655975874916
h1SMcG0017183	-0.534759748251406	0.706994110126325
h1SMcG0017184	0.0370644727316465	0.897996372344398
h1SMcG0017188	2.23321155513225	0.0434778526451391
h1SMcG0017190	0.326836584052349	0.754028808638603
h1SMcG0017191	-0.891716904689592	0.00049397467621951
h1SMcG0017192	-0.752238184674616	0.0569090548566699
h1SMcG0017193	-0.750697758443814	0.214981076483059
h1SMcG0017194	-0.7058880642977	0.017638109602188
h1SMcG0017195	1.41303873084354	0.0000510609311090506
h1SMcG0017197	1.0304133286259	0.00284486203631203
h1SMcG0017198	2.56099495208013	0.00000000844804186590257
h1SMcG0017199	0.0127554325713376	0.976147581400813
h1SMcG0017200	0.391644180017866	0.404748884454388
h1SMcG0017202	0.749140165230362	0.104488191052021
h1SMcG0017203	-0.258576217560966	0.60321089261257
h1SMcG0017204	1.76569737674064	0.00000000000000164709210100534
h1SMcG0017205	-0.422411002853392	0.0971739387371259
h1SMcG0017208	-1.08933617049966	0.210401236491958
h1SMcG0017211	-0.609374644779799	0.640776944508664
h1SMcG0017213	-0.969790525982752	0.0234837508571497
h1SMcG0017214	-0.47389698839675	0.599276245454013
h1SMcG0017215	0.944258537541273	0.000615818262325258
h1SMcG0017216	-1.35453106356866	0.0249092926631157
h1SMcG0017221	1.48402052049137	0.0000000864321654837971
h1SMcG0017222	-0.732289290264026	0.289605208027184
h1SMcG0017224	-1.70165626227823	0.0388895618418365
h1SMcG0017226	-0.321848039786651	0.725365084216739
h1SMcG0017228	-0.792032325727543	0.0104241886711539
h1SMcG0017230	0.283685839215718	0.311327304479528
h1SMcG0017232	-0.953977067033986	0.15101778300132
h1SMcG0017236	-0.992649124124043	0.000355052865775012
h1SMcG0017240	-0.406522916902056	0.39935359165969
h1SMcG0017241	-2.64119008782906	0.00299236053882764
h1SMcG0017242	-1.43232900192196	0.00450080333136109
h1SMcG0017243	0.710426366735639	0.333961246207927
h1SMcG0017245	-0.917883230069391	0.495011441370046
h1SMcG0017249	0.0942390865664775	0.95259254008471
h1SMcG0017251	-0.815690884546531	0.276952602942605
h1SMcG0017252	-3.24404693271668	0.000940673270324079
h1SMcG0017253	0.0211897372327612	0.964995305207719
h1SMcG0017254	-0.302008395013597	0.397653758631909
h1SMcG0017255	-2.74571398707782	0.0338919577432191
h1SMcG0017256	0.267049787307703	0.752097540947605
h1SMcG0017258	-4.30228142035434	0.00041204413937391
h1SMcG0017259	-0.691384686847921	0.279920580546788
h1SMcG0017260	0.253010784226955	0.894544837521392
h1SMcG0017261	1.15774644579083	0.135942752469919
h1SMcG0017262	-1.68669294905445	0.229318938290949
h1SMcG0017263	-0.69045831946449	0.42156791477711
h1SMcG0017264	-2.02119326941537	0.0000000000000000000000000000000635850508127711
h1SMcG0017266	0.269831170296088	0.606747897210087
h1SMcG0017267	0.215939120160916	0.464305574251708
h1SMcG0017268	2.98251352875609	0.000000000000000000000000000000642427564551979
h1SMcG0017270	-0.695763011780256	0.641236100002374
h1SMcG0017271	-0.267931239685007	0.641849260528112
h1SMcG0017272	-0.772429316060913	0.0474976164600319
h1SMcG0017276	-0.459119778933852	0.290088636608617
h1SMcG0017278	0.245801382956538	0.63861853146585
h1SMcG0017280	0.379576996426797	0.815491146869226
h1SMcG0017284	-0.665307501138077	0.667797907378753
h1SMcG0017285	-1.19464899269833	0.0442845526551836
h1SMcG0017287	-0.727761200951099	0.547850587347548
h1SMcG0017288	2.48961998608143	0.000000000000000000000298790602285202
h1SMcG0017291	-0.82540188261797	0.0146391799077886
h1SMcG0017292	4.80215212615743	0.00000105226966381084
h1SMcG0017293	4.69355500458664	0.000000000165312725267968
h1SMcG0017294	-1.44163456392917	0.0000173471886029734
h1SMcG0017295	0.917059432921842	0.359841869330457
h1SMcG0017296	-1.45571244193505	0.150436334971097
h1SMcG0017299	-3.71933490481794	0.00470018063281285
h1SMcG0017300	-0.64922273360024	0.478513999182357
h1SMcG0017304	-1.6408991597899	0.00421420562141945
h1SMcG0017305	1.67508182579449	0.089657165909975
h1SMcG0017306	-3.06688230250119	0.0012673154600031
h1SMcG0017307	-2.83793429456248	0.0234973400672394
h1SMcG0017309	0.717494287523313	0.00342283641079831
h1SMcG0017318	0.452606036334461	0.171791981547213
h1SMcG0017319	-0.0478773392532778	0.882091488901435
h1SMcG0017324	-0.868448988310673	0.000223456943863461
h1SMcG0017325	0.400188924810703	0.752307710738364
h1SMcG0017326	-2.21281332068034	0.000877139983554602
h1SMcG0017328	-0.440432311159182	0.728948124677759
h1SMcG0017330	0.0263466750990772	0.960649742204189
h1SMcG0017331	2.46319341503256	0.00000407032708901294
h1SMcG0017332	0.295645356996027	0.567174498221784
h1SMcG0017337	-2.98340542341151	0.000441413646464991
h1SMcG0017338	-1.55339216785281	0.000163820276361399
h1SMcG0017339	2.33173543865528	0.0358009597794664
h1SMcG0017340	1.78048518753823	0.000189303940498035
h1SMcG0017341	0.738113935050324	0.580463254365898
h1SMcG0017343	0.525973242759425	0.656709725793202
h1SMcG0017344	-0.522156690202681	0.444996248865121
h1SMcG0017348	-0.717190394054362	0.0758093033414363
h1SMcG0017349	-2.58847921456467	0.00381695737735006
h1SMcG0017354	-2.61521122474755	0.0111149920061349
h1SMcG0017355	-3.57443373373922	0.000000000000000000837689367616458
h1SMcG0017356	2.6667848497608	0.0000000000000174503215970615
h1SMcG0017357	-1.53570993680125	0.0254054354342289
h1SMcG0017360	2.01651112741882	0.0000365811379204455
h1SMcG0017363	2.19222364978989	0.0000295439162792887
h1SMcG0017367	-1.95540902297736	0.00584114851668977
h1SMcG0017368	2.72417902591263	0.0106913708854773
h1SMcG0017373	-1.77975956737256	0.0788667516898858
h1SMcG0017374	-2.57091903488279	0.0504333603391065
h1SMcG0017378	0.058503021979912	0.940328812573809
h1SMcG0017381	2.00331429945768	0.000175843667329498
h1SMcG0017383	3.573862870678	0.0000000276128056058695
h1SMcG0017385	0.435458171475177	0.0670745808897687
h1SMcG0017386	-1.24615831752888	0.0382257476274903
h1SMcG0017388	-0.949746465253465	0.565953331856006
h1SMcG0017389	0.459256364026123	0.716064620999891
h1SMcG0017390	-2.51947991838634	0.000391691834477805
h1SMcG0017391	-2.16088219609098	0.0352335884817055
h1SMcG0017393	-0.122710102439618	0.867393861225839
h1SMcG0017399	3.97809740850304	0.00000000704678162401812
h1SMcG0017400	0.449038890893114	0.189572456992662
h1SMcG0017404	-0.480407875615772	0.753010491789227
h1SMcG0017406	0.598794089210181	0.717366480299907
h1SMcG0017407	-0.951531535919075	0.00175908670241027
h1SMcG0017412	0.86023367710377	0.000237902680989058
h1SMcG0017414	3.78278930572391	0.0000000000000000255789792007922
h1SMcG0017415	0.900337947076269	0.00185733855014772
h1SMcG0017416	1.27239060880944	0.00000114405211645667
h1SMcG0017417	1.02045369157477	0.000541796418585328
h1SMcG0017418	1.33405348739133	0.00000000609357430320368
h1SMcG0017419	-0.324106796557884	0.150638069443973
h1SMcG0017420	0.794642249458244	0.578768326472109
h1SMcG0017421	-3.23415791202962	0.0249924892337958
h1SMcG0017424	-0.306506177405378	0.86983938258226
h1SMcG0017425	-0.305561355125011	0.772771072247981
h1SMcG0017427	0.955266340675863	0.372067895825021
h1SMcG0017430	0.113640791529811	0.637528657687102
h1SMcG0017431	1.00204720842037	0.125315685643711
h1SMcG0017432	2.43226542130279	0.000154233418714948
h1SMcG0017433	-2.11216662763557	0.129497432028616
h1SMcG0017434	-1.77141438708716	0.0938435165002197
h1SMcG0017436	-0.598325910758553	0.699845347166128
h1SMcG0017439	-0.14047491224614	0.933252451576863
h1SMcG0017441	-1.05711070598237	0.0928710960064843
h1SMcG0017442	5.05957471885638	0.00000000000000000000200344441156753
h1SMcG0017444	-1.57041006866226	0.0473538223836985
h1SMcG0017445	-0.197624938112686	0.743713757786251
h1SMcG0017448	-1.87927430280359	0.0204838268708437
h1SMcG0017449	0.177879059556549	0.747692324143709
h1SMcG0017450	1.26828922549267	0.00284099158994589
h1SMcG0017451	1.58196968473175	0.139096113392438
h1SMcG0017452	-0.910763208166882	0.0543859844543179
h1SMcG0017455	1.466665655788	0.00000000000560141873767869
h1SMcG0017458	-0.632421870995084	0.026337543162731
h1SMcG0017459	-1.23455728959854	0.452624051130877
h1SMcG0017461	-1.81233337924066	0.00767901185285493
h1SMcG0017465	-0.186347833722098	0.921751559839039
h1SMcG0017466	-0.496016742020203	0.491261882116379
h1SMcG0017467	-1.21456031428914	0.0162086189586271
h1SMcG0017471	-1.56499186021231	0.313768522290992
h1SMcG0017479	-0.402710007336085	0.701367326938915
h1SMcG0017482	0.137139607208926	0.619733700101816
h1SMcG0017484	-0.0654420594996872	0.871605971651799
h1SMcG0017486	-1.07551418635151	0.000000115867528433454
h1SMcG0017487	0.374993809141176	0.831500274720405
h1SMcG0017488	-0.058944633124457	0.921238048591545
h1SMcG0017491	-1.62439596737389	0.000000295092903189172
h1SMcG0017496	3.00667767092732	0.000000221014401051034
h1SMcG0017497	3.70153310525132	0.00512088162109951
h1SMcG0017498	1.35160423898887	0.0000219806134919121
h1SMcG0017503	0.759536689303282	0.154197180754391
h1SMcG0017505	-2.41839384255141	0.0111323081130142
h1SMcG0017506	-0.668890145438596	0.66026411060617
h1SMcG0017508	0.105758921731467	0.840234494552169
h1SMcG0017509	0.346929660039668	0.533681509505701
h1SMcG0017510	-0.397776229493177	0.427429644217057
h1SMcG0017511	-0.0725487144612309	0.888071743945508
h1SMcG0017512	-0.565363789791491	0.417521930727599
h1SMcG0017513	0.29858984028964	0.83950457474115
h1SMcG0017514	-0.0574324592871837	0.973068658074923
h1SMcG0017518	-1.79283426248667	0.00185587726746872
h1SMcG0017520	-0.801854747765128	0.70795023722877
h1SMcG0017521	-0.0917942212838535	0.955140136468938
h1SMcG0017526	-0.338610264134448	0.470530345304379
h1SMcG0017527	-0.0970997778071489	0.69529293619566
h1SMcG0017530	4.01342904993312	0.0000000324439615646796
h1SMcG0017531	0.712934354261685	0.359912924508464
h1SMcG0017534	0.0909255692407689	0.884723592991352
h1SMcG0017536	0.719726332143949	0.0964322422532731
h1SMcG0017537	0.0630409542317	0.971058822811811
h1SMcG0017538	-0.164868884564267	0.845722455003841
h1SMcG0017539	2.31618260737498	0.00439051034810353
h1SMcG0017540	0.303188184108936	0.743449118666264
h1SMcG0017542	-0.447426288694687	0.408151637478964
h1SMcG0017544	-1.79760757119887	0.00746572577566143
h1SMcG0017545	6.51868550942456	0.00000000620059765492043
h1SMcG0017547	-1.08901511556664	0.148381970760171
h1SMcG0017549	-1.87873857318632	0.000000000000000413526727816199
h1SMcG0017550	-0.192010340441671	0.649926245671218
h1SMcG0017551	0.12964559022649	0.663691236253542
h1SMcG0017553	0.864747454895541	0.000105838888134136
h1SMcG0017554	-0.0889810749232637	0.778763850010624
h1SMcG0017557	-0.162816990790507	0.86758163666925
h1SMcG0017560	-0.426923944829123	0.831840415482376
h1SMcG0017561	0.203699180879082	0.46799686813845
h1SMcG0017562	-2.79293981661008	0.0447303877193068
h1SMcG0017566	1.738884513316	0.0000000000000000000015073136056775
h1SMcG0017575	-0.704582144874053	0.00573261063519591
h1SMcG0017578	2.8487306647743	0.00000950825404372069
h1SMcG0017584	-5.83636256622634	0.000000552717415017426
h1SMcG0017587	-0.662067609650725	0.446793150173479
h1SMcG0017590	-1.00179875713194	0.421224183606119
h1SMcG0017591	2.09100668909788	0.0862785374364925
h1SMcG0017592	3.2224513004705	0.0000000000766812978222501
h1SMcG0017593	1.5027294518353	0.000000536498892227127
h1SMcG0017594	0.426943969522047	0.152987116888316
h1SMcG0017597	-3.46316677660739	0.00604872642663443
h1SMcG0017598	0.510238882077472	0.0979097247745335
h1SMcG0017599	0.910614745395718	0.00751257458763513
h1SMcG0017600	-1.8051255409196	0.12632617834679
h1SMcG0017602	2.10714503020525	0.000000000100500694412574
h1SMcG0017606	2.86303817040068	0.0000000000000000122671196959389
h1SMcG0017607	-0.584444739026296	0.384353940554015
h1SMcG0017612	-2.89875856590363	0.0368283926117725
h1SMcG0017613	2.76747849502816	0.00000000000000000000509386543403565
h1SMcG0017614	-1.69428657497309	0.003983376548683
h1SMcG0017620	1.68206654427386	0.0944584115294293
h1SMcG0017621	-1.29372882692564	0.290493493898401
h1SMcG0017622	-0.86150278030257	0.0951536093577989
h1SMcG0017623	0.519035013187771	0.726793026312811
h1SMcG0017624	0.20106165007032	0.885636944265407
h1SMcG0017625	3.75766932486117	0.000060299882768985
h1SMcG0017626	-1.40093038291118	0.227386670933015
h1SMcG0017627	-0.668439821680044	0.68787659917087
h1SMcG0017629	-0.554557611404317	0.719075723619922
h1SMcG0017630	0.281208607929129	0.69836830325325
h1SMcG0017631	2.13932499994517	0.00349780468120679
h1SMcG0017632	-0.338256884159397	0.346972223304379
h1SMcG0017635	-0.239205872384586	0.505538328592031
h1SMcG0017637	-0.00888210158315175	0.993147945764651
h1SMcG0017639	-0.136392945210998	0.835392788637704
h1SMcG0017640	-1.59286745857408	0.0937003088225996
h1SMcG0017644	-0.648579504100361	0.421579760376127
h1SMcG0017646	0.710164842256605	0.449081345448751
h1SMcG0017647	0.609127600020007	0.118624376191941
h1SMcG0017649	2.56079520321644	0.00000000500676593462512
h1SMcG0017652	-0.742398295276143	0.40552292264343
h1SMcG0017653	0.269623048875647	0.400787534182179
h1SMcG0017655	0.256054380572002	0.829344389011779
h1SMcG0017658	-2.02250910081823	0.0668164260319661
h1SMcG0017660	2.25246357040256	0.00000113171565392421
h1SMcG0017661	-1.17811329999785	0.00000272400157771691
h1SMcG0017665	0.39321216383178	0.754058591035803
h1SMcG0017666	-1.20964517715246	0.401023896059879
h1SMcG0017668	1.24716572252046	0.0000000171101379014338
h1SMcG0017670	1.50621220551466	0.000000288084791928646
h1SMcG0017672	1.46178610035607	0.0000000298764842948633
h1SMcG0017673	-0.656357380956718	0.20964433621868
h1SMcG0017674	0.350199967641633	0.364826685020146
h1SMcG0017675	0.0848309814928904	0.844066990893861
h1SMcG0017676	-0.762369678076845	0.492655299478044
h1SMcG0017677	-0.848993067745667	0.278286531018759
h1SMcG0017679	-0.953155281008088	0.243160937830913
h1SMcG0017680	-0.692937553728554	0.485935633678861
h1SMcG0017682	-0.0965219745083241	0.922488335856012
h1SMcG0017684	-0.800830357202978	0.287676924171873
h1SMcG0017686	-1.84198894000772	0.0605304302049665
h1SMcG0017688	0.615455980634624	0.0910566679209813
h1SMcG0017690	0.0360409646924082	0.95472584144893
h1SMcG0017692	0.47548744888413	0.0282029141576019
h1SMcG0017696	-1.9336763216251	0.00186779081029255
h1SMcG0017697	-3.38991893008372	0.00436757261600727
h1SMcG0017701	-2.35795406961031	0.00514648864141854
h1SMcG0017704	0.78787332144945	0.0613692360754234
h1SMcG0017705	0.333976887690051	0.49871641195919
h1SMcG0017706	-0.555271578853376	0.158322470112183
h1SMcG0017707	1.70757748860239	0.0133228380741768
h1SMcG0017711	-2.02717166751536	0.104771300762658
h1SMcG0017713	-1.31482408062304	0.0246525471812463
h1SMcG0017715	-0.125881067019772	0.768750822225739
h1SMcG0017718	-0.961019472489904	0.492716220866886
h1SMcG0017720	0.345468702014657	0.207688938092914
h1SMcG0017721	0.480337936875638	0.388185407554462
h1SMcG0017722	3.82939214880798	0.0000000000000761170627254822
h1SMcG0017723	1.08378884122631	0.00281877775231174
h1SMcG0017724	1.57332022530671	0.000226305171438262
h1SMcG0017726	-0.510336400282573	0.447183718032663
h1SMcG0017728	-0.942294147070715	0.107783629265545
h1SMcG0017729	-1.07505009385731	0.0411352864501053
h1SMcG0017730	0.109688128727225	0.879258847702015
h1SMcG0017731	0.534112440469464	0.688564067164313
h1SMcG0017732	-0.31078527039708	0.682142803364756
h1SMcG0017733	0.037886754435615	0.971719082260415
h1SMcG0017734	-0.767030436573831	0.000293956625308498
h1SMcG0017738	-0.562201642174127	0.743330481934653
h1SMcG0017740	-1.61231710192073	0.0000000606001965811521
h1SMcG0017743	-0.728921161990137	0.191737598509886
h1SMcG0017745	-0.322812941759002	0.854829949487761
h1SMcG0017746	-2.78553493173551	0.0545486723326
h1SMcG0017748	-1.76994274081453	0.000000652003005205028
h1SMcG0017749	0.590170612159553	0.539391553124309
h1SMcG0017750	-0.231927841243606	0.841678788112434
h1SMcG0017752	-0.263348328790457	0.7090831022696
h1SMcG0017754	-1.31999432293381	0.27262087569323
h1SMcG0017755	-1.33935222270676	0.109018367364912
h1SMcG0017756	0.171738065149961	0.918234938316457
h1SMcG0017757	-1.24971943485917	0.311431540584366
h1SMcG0017758	1.36609530792796	0.000000000851439160848224
h1SMcG0017760	-0.557299783335665	0.352227462622963
h1SMcG0017761	0.383719088719044	0.150873555671782
h1SMcG0017763	2.08878352331388	0.0000000105328705274308
h1SMcG0017767	-1.10752940600349	0.471322684699602
h1SMcG0017768	-1.73843627871981	0.275281333738071
h1SMcG0017769	-0.310733120572846	0.643670894118924
h1SMcG0017772	1.11445889502839	0.100754590108664
h1SMcG0017774	0.312603124463264	0.134568199827704
h1SMcG0017775	-1.05083743072103	0.208152878724279
h1SMcG0017777	0.940989209732804	0.0160535999034906
h1SMcG0017779	-1.30751055442443	0.10926928291921
h1SMcG0017780	-1.61521212791122	0.349588359425958
h1SMcG0017783	-1.12839286849044	0.46059449104073
h1SMcG0017788	-1.31431285318788	0.198296493638067
h1SMcG0017792	2.29258011482111	0.000000470310258495448
h1SMcG0017799	-0.176407229416625	0.734890370507868
h1SMcG0017802	-0.631056829483436	0.224124888984762
h1SMcG0017803	3.53543362740579	0.0000000000000000000930911296544504
h1SMcG0017804	0.404345078403981	0.559346582573726
h1SMcG0017805	0.0929415638088546	0.91045194198002
h1SMcG0017806	-1.41093473956271	0.0119786915637649
h1SMcG0017807	-1.47862506643154	0.0000566862962178162
h1SMcG0017808	4.99005097898909	0.00000000000000000000000000000187622175270973
h1SMcG0017812	-0.920852480350956	0.345401224217754
h1SMcG0017813	-2.04358204228924	0.0658711948231111
h1SMcG0017814	-2.75729983587371	0.000000000000000000000147084899104616
h1SMcG0017816	-0.020336908711635	0.971708952628474
h1SMcG0017818	0.0807091390198201	0.872663893758624
h1SMcG0017819	-0.612550962430018	0.057580310797733
h1SMcG0017826	4.07141869056558	0.00000000000000000000000177201401251791
h1SMcG0017831	-1.55430996015859	0.0548596860774156
h1SMcG0017833	0.392380391039783	0.64232777450179
h1SMcG0017834	-2.61431339875044	0.000000152239761916964
h1SMcG0017836	0.982804513085581	0.000101738014293048
h1SMcG0017837	0.936091840797758	0.00432201945990716
h1SMcG0017839	-0.44433598398161	0.244710299386366
h1SMcG0017841	-1.94673712408115	0.0511450696138014
h1SMcG0017842	-1.16691231072672	0.257501734441215
h1SMcG0017844	-0.031139401593341	0.964472331468358
h1SMcG0017846	-2.43827000083518	0.000290076980405003
h1SMcG0017847	2.96757523932173	0.012435776736233
h1SMcG0017850	-2.76892910750451	0.0963471201954715
h1SMcG0017851	-5.33617978118929	0.000000000197266950012988
h1SMcG0017852	-0.765269646910103	0.252122065198366
h1SMcG0017853	-2.90095198026574	0.0305571763727949
h1SMcG0017855	-1.17737905182379	0.10958718840943
h1SMcG0017856	-0.287649529439598	0.727066033789693
h1SMcG0017858	-4.04998672069868	0.00131089496568032
h1SMcG0017860	0.26502606354118	0.774619857713952
h1SMcG0017861	-0.581538424750546	0.503242376678012
h1SMcG0017862	3.35655032158428	0.000115244542601328
h1SMcG0017863	2.27920230625395	0.0110839304250148
h1SMcG0017864	1.52625270836168	0.00000258700513563947
h1SMcG0017865	2.16322056711216	0.00306384133223917
h1SMcG0017868	0.464731745895553	0.520210297273607
h1SMcG0017871	0.634323102360344	0.418461768067695
h1SMcG0017872	-0.29915132060078	0.438084796961428
h1SMcG0017873	0.586215087738511	0.761875159782364
h1SMcG0017874	-3.13469420330891	0.0368362425824429
h1SMcG0017876	-0.662417142137923	0.222738398704833
h1SMcG0017877	-0.219781793122609	0.787584210059104
h1SMcG0017878	2.79354595320731	0.0000262377985337204
h1SMcG0017879	-1.14568043381455	0.028694587189779
h1SMcG0017880	-0.0553570940946249	0.887435477843194
h1SMcG0017881	-0.375745416317651	0.698451341050339
h1SMcG0017882	1.49047018899501	0.0000000100757213521557
h1SMcG0017883	-0.307809364316226	0.551613454484042
h1SMcG0017884	-3.43620676502556	0.00573305889552381
h1SMcG0017885	-0.679665276975611	0.199237898324537
h1SMcG0017886	2.06930565011173	0.000000000000008823700783676
h1SMcG0017891	1.51431357351198	0.00000000124352630336721
h1SMcG0017894	-2.93092480953742	0.0333486793933903
h1SMcG0017896	0.933716138299114	0.204501470294861
h1SMcG0017897	-2.06390281843142	0.0000843534247937012
h1SMcG0017898	-0.592342251419284	0.24435106869498
h1SMcG0017899	-1.37140465963714	0.253875263910347
h1SMcG0017901	-0.787894225094204	0.411939092278788
h1SMcG0017903	-1.09026492116199	0.132553497759169
h1SMcG0017904	-1.03179906249446	0.0387215748569116
h1SMcG0017905	1.54498934603394	0.188919228893702
h1SMcG0017906	-0.145480065483803	0.790183566011308
h1SMcG0017909	-0.414644011857704	0.297595545289679
h1SMcG0017911	0.908915948315425	0.000816940871588654
h1SMcG0017912	0.632299720861418	0.0974219544445814
h1SMcG0017916	0.100600969260224	0.892391324232559
h1SMcG0017918	0.56717126907829	0.0439723884646927
h1SMcG0017920	-1.02473052930745	0.0000183416847277501
h1SMcG0017921	-0.327268824446313	0.244245829013246
h1SMcG0017922	-2.51009853294109	0.0151619199355435
h1SMcG0017923	-0.382435494732686	0.802465327397887
h1SMcG0017924	3.44777191221252	0.00000000154122323422976
h1SMcG0017929	-1.57998292515922	0.00724968606543237
h1SMcG0017930	-1.47037851526869	0.0354442418438937
h1SMcG0017933	3.84266924332628	0.0000023922268861862
h1SMcG0017937	-0.964711749031221	0.000521543680599132
h1SMcG0017938	-0.805214652178832	0.61785261847348
h1SMcG0017939	-1.57208804593478	0.149007914767998
h1SMcG0017941	0.0163631323245831	0.989940535365398
h1SMcG0017943	0.435697628754336	0.565953331856006
h1SMcG0017952	0.164012854898295	0.765943622469798
h1SMcG0017953	-1.92145594860098	0.0020985300227637
h1SMcG0017954	-0.00838772557993718	0.983526008052873
h1SMcG0017955	0.4983399032226	0.193071346597623
h1SMcG0017956	-2.17004730345314	0.026584739090183
h1SMcG0017957	-2.67603573501729	0.000000000000146764183200243
h1SMcG0017958	-0.194418665171832	0.764427758631301
h1SMcG0017959	-1.38793314593515	0.000000157971543418461
h1SMcG0017960	-0.43453901298391	0.810829050932196
h1SMcG0017962	-0.660734425217694	0.555665214889984
h1SMcG0017964	-0.370810024851661	0.392652904558819
h1SMcG0017965	0.650854413479083	0.0392158901584297
h1SMcG0017966	2.58087761156405	0.00141426844546663
h1SMcG0017968	-0.358939248291443	0.73948621202979
h1SMcG0017969	1.75849702794138	0.00314138673836581
h1SMcG0017970	0.869088610231252	0.16687167294689
h1SMcG0017971	-1.05649568595017	0.00101693804574264
h1SMcG0017974	-1.42310852224031	0.00138199049474652
h1SMcG0017979	1.63667259801175	0.108259419113213
h1SMcG0017981	0.161574418735717	0.537407525538339
h1SMcG0017983	-1.4264712148598	0.0663724586230164
h1SMcG0017984	0.259615089713797	0.5650899889022
h1SMcG0017985	-0.661410770776587	0.6674022877389
h1SMcG0017986	-0.000920245138484785	0.999612918745415
h1SMcG0017987	0.850886642294142	0.00107314932346378
h1SMcG0017988	0.348682570040598	0.538648401931556
h1SMcG0017989	-1.9493499902597	0.000000021232911708357
h1SMcG0017993	-0.341117451673032	0.393590945674089
h1SMcG0017995	-0.405666112115806	0.153536131414081
h1SMcG0017997	0.257648610211453	0.446793150173479
h1SMcG0017999	-0.185679671813033	0.893162293735718
h1SMcG0018000	-0.866893718675598	0.0204672277811237
h1SMcG0018001	-0.323724620973379	0.771392847539573
h1SMcG0018002	-1.15492580503016	0.000000466375719350242
h1SMcG0018006	0.137150220817184	0.892847570418518
h1SMcG0018007	-1.49563321178029	0.100741487238047
h1SMcG0018008	2.61241286928514	0.0000000000000531866093888694
h1SMcG0018009	2.2704035642658	0.0013467696927242
h1SMcG0018011	-0.979267120874383	0.000000704846808925674
h1SMcG0018012	0.681021691260495	0.00695339639798664
h1SMcG0018014	-0.637408008112686	0.451112652410883
h1SMcG0018015	-0.0354669509260306	0.983029824824959
h1SMcG0018016	-0.0124433480210604	0.974576804573408
h1SMcG0018017	-1.09940240886436	0.000243284297023457
h1SMcG0018018	0.515452451388749	0.770575759700569
h1SMcG0018019	-2.77966322744287	0.0286750554392961
h1SMcG0018023	-0.0335665070865088	0.986334938711764
h1SMcG0018024	-0.0986879969022283	0.810210157002342
h1SMcG0018025	2.8819931264496	0.0000000000000000178153628432353
h1SMcG0018026	-1.19711618382092	0.00000305761986549429
h1SMcG0018029	-1.70904454253925	0.0748506729954626
h1SMcG0018030	1.22963504777564	0.000458511199560702
h1SMcG0018031	1.43762024725282	0.279304456482303
h1SMcG0018032	-5.22004741780733	0.00000238698570644638
h1SMcG0018034	1.63735082606412	0.00000398458097548544
h1SMcG0018035	0.866811117464371	0.307817905987674
h1SMcG0018036	-1.42242789236491	0.00686715179760476
h1SMcG0018037	-1.06561747137669	0.00000634612934187419
h1SMcG0018039	1.78295642360324	0.0000118981698628154
h1SMcG0018040	0.241627922239552	0.514488663134023
h1SMcG0018042	1.22273346023599	0.000000491351421076634
h1SMcG0018045	-1.44609744212677	0.158116409997529
h1SMcG0018047	-1.41482675926147	0.00710729443611658
h1SMcG0018049	0.462061312907482	0.596935156041518
h1SMcG0018050	0.705192570437459	0.00773268410993395
h1SMcG0018051	-0.39512345361048	0.115686689515756
h1SMcG0018052	1.26026740782002	0.00000448880034757057
h1SMcG0018053	-0.311848774707141	0.782122873509559
h1SMcG0018054	-0.644386379318933	0.189572456992662
h1SMcG0018055	1.81077925997394	0.0000000150434026183065
h1SMcG0018057	2.35010695402202	0.0000000000000000000000000225244220749469
h1SMcG0018059	0.44105630643919	0.723377845112776
h1SMcG0018061	-0.46440374382395	0.316098319358482
h1SMcG0018063	-0.0440768144937742	0.959996378097499
h1SMcG0018067	1.36760777034326	0.0531872441297493
h1SMcG0018068	-2.13398234744553	0.130401145878034
h1SMcG0018069	0.779626137079689	0.0013924213666664
h1SMcG0018072	-2.92158657447803	0.00307074426467005
h1SMcG0018074	1.0066118328499	0.0349204863713257
h1SMcG0018078	2.62519739432431	0.000000000682048970372777
h1SMcG0018079	-0.122705913093682	0.921345134380608
h1SMcG0018081	-0.447278938723465	0.0226165998679639
h1SMcG0018082	-1.68010596315583	0.00000000829819460880982
h1SMcG0018083	-0.377816405466355	0.499785149083674
h1SMcG0018085	1.36067263939556	0.233242694856286
h1SMcG0018089	-1.040807428867	0.0139213129807616
h1SMcG0018090	1.56806887177562	0.000000581159758252111
h1SMcG0018092	-0.0955558956369501	0.944219354136883
h1SMcG0018097	-0.0780170796360468	0.872611721322401
h1SMcG0018098	3.23244164589624	0.0000000000000000000000120000629237536
h1SMcG0018099	0.206974494393666	0.845445030178227
h1SMcG0018100	0.74699492488329	0.0899370040413176
h1SMcG0018103	-1.21554217261172	0.00845007689495043
h1SMcG0018109	1.75493191404125	0.0000000423032051696114
h1SMcG0018110	-0.292032135415444	0.612234452175186
h1SMcG0018112	0.245353499324104	0.820268341704254
h1SMcG0018114	-0.847757951357098	0.543621561721723
h1SMcG0018115	1.99613216048988	0.000000236936822171612
h1SMcG0018118	3.89262081140262	0.00000000000000000000000000000000000000000000000000000164981726685406
h1SMcG0018123	-0.598786117420031	0.462605749822294
h1SMcG0018124	0.0332488764328385	0.939560407304249
h1SMcG0018126	1.96521151769137	0.000000272725039842125
h1SMcG0018128	-0.128836765571341	0.912181876162543
h1SMcG0018129	-0.390690728449385	0.61304079737059
h1SMcG0018130	0.0720818249447494	0.951424203163548
h1SMcG0018133	0.501940088104525	0.227992426850895
h1SMcG0018134	0.464422276955301	0.710150588306194
h1SMcG0018135	-0.780525173089756	0.625162152626827
h1SMcG0018136	0.472991981589843	0.219363995193015
h1SMcG0018139	-0.823870497104926	0.00195882201712657
h1SMcG0018140	-1.51486389039559	0.00000074894508160705
h1SMcG0018142	-0.423223429326476	0.619005433369226
h1SMcG0018143	-2.15268954591861	0.00000000092020494765056
h1SMcG0018144	-3.44578163601019	0.0000000000000264601805854788
h1SMcG0018145	-2.54627276158072	0.00000000000214886859141624
h1SMcG0018146	0.223142255914475	0.410261674422904
h1SMcG0018147	0.372224420692296	0.30398849086672
h1SMcG0018149	1.21781424991063	0.00859708245632617
h1SMcG0018150	-1.20171247876699	0.00495082349516014
h1SMcG0018151	-0.360721834442861	0.35403440604566
h1SMcG0018152	-1.37320105262879	0.403297833679775
h1SMcG0018153	-0.293934062981566	0.805631830806062
h1SMcG0018154	-2.19378312993031	0.0292801678965051
h1SMcG0018156	-1.11145366947475	0.440636365102067
h1SMcG0018157	-4.66184499864608	0.000026838459780071
h1SMcG0018162	3.55245749249805	0.00000000000000447743208678633
h1SMcG0018163	-0.540130412702134	0.726523204960764
h1SMcG0018164	4.34365041118792	0.0000000000000238944304410961
h1SMcG0018165	-0.415127787189492	0.235169458218284
h1SMcG0018166	-1.91359702820675	0.0000000000000000000000000107634468270954
h1SMcG0018167	0.513205411257658	0.122812371277127
h1SMcG0018171	-1.93066501944957	0.234011836387753
h1SMcG0018173	0.754257933775289	0.275281333738071
h1SMcG0018176	-0.432875198531772	0.770339391392976
h1SMcG0018179	-0.531861991804885	0.178570834288343
h1SMcG0018180	0.697514379990563	0.00270082914552949
h1SMcG0018181	0.374035391443254	0.226247192294395
h1SMcG0018182	0.657196189518635	0.340426562678738
h1SMcG0018183	-0.434130156773464	0.459389555365674
h1SMcG0018184	-2.5710215005961	0.00924387845521869
h1SMcG0018185	-2.73800379062108	0.0124311653751015
h1SMcG0018186	-1.85395883935272	0.0439672683815796
h1SMcG0018187	0.86469682104817	0.476871904773753
h1SMcG0018189	1.69057585655915	0.158029813348895
h1SMcG0018191	-0.0208147134650544	0.97901237262499
h1SMcG0018192	-0.21000377847528	0.223467815137114
h1SMcG0018193	-3.36509696195301	0.00851643242716701
h1SMcG0018195	-1.86111471398749	0.0334318807581183
h1SMcG0018196	1.64931587146816	0.00000243903009541446
h1SMcG0018197	0.075472601501705	0.851231902933486
h1SMcG0018198	-2.39033883695217	0.0037609244355901
h1SMcG0018199	-1.09312886016921	0.000365895259413433
h1SMcG0018202	-0.463742442338888	0.323625962386477
h1SMcG0018203	0.769689435174631	0.321155664903539
h1SMcG0018205	-0.847606896782144	0.273816208875417
h1SMcG0018207	0.191366210688038	0.591737745416852
h1SMcG0018208	-0.397026813647663	0.632057892606954
h1SMcG0018209	-0.848985209000043	0.0000436596173213849
h1SMcG0018210	0.853538835571577	0.00547708527381058
h1SMcG0018211	-1.08890417896326	0.00372420799204224
h1SMcG0018213	2.75339853791654	0.00000000000000000467849613101892
h1SMcG0018216	0.157802564321623	0.804326776942236
h1SMcG0018217	1.12978038393978	0.0729478165558512
h1SMcG0018218	1.06202903972179	0.0205693049901823
h1SMcG0018219	2.25836058815981	0.00251954067858741
h1SMcG0018220	0.658777837617663	0.419648544042336
h1SMcG0018222	0.502808648087433	0.760673469857006
h1SMcG0018223	0.130711076056537	0.896734140230521
h1SMcG0018224	-0.168878326276056	0.772894205437031
h1SMcG0018226	0.700125312660664	0.548303462430172
h1SMcG0018227	-0.288279648451085	0.829782345836007
h1SMcG0018228	4.57636521839899	0.0000000000116380676761041
h1SMcG0018229	-1.45772440417187	0.357097665028327
h1SMcG0018230	0.188254374975015	0.676605906161263
h1SMcG0018231	-0.26475610668872	0.859153741562335
h1SMcG0018232	1.70867941470342	0.000000000000000185755606578144
h1SMcG0018233	-0.312087920899888	0.861883404334695
h1SMcG0018236	0.0989148028966726	0.953745790055209
h1SMcG0018237	0.294215823734632	0.808139451105697
h1SMcG0018239	1.07734434461266	0.215268137961762
h1SMcG0018242	-0.0842781077161397	0.834114581256831
h1SMcG0018243	-0.557479308500729	0.15372832386327
h1SMcG0018245	-0.402378587221853	0.515661656558459
h1SMcG0018247	2.33176723930343	0.0000331893251375449
h1SMcG0018248	2.39620263843891	0.0000000027348333593508
h1SMcG0018250	0.959949416424692	0.30757504327351
h1SMcG0018251	-2.78966948030797	0.00000247927210087399
h1SMcG0018252	-0.524618756449495	0.20023696319051
h1SMcG0018253	-3.54756599686825	0.00773983933012015
h1SMcG0018255	0.455750955752974	0.711509093287547
h1SMcG0018256	-0.807113419799646	0.0476746285300602
h1SMcG0018260	0.21995064020721	0.813247339706325
h1SMcG0018262	0.0916291366675353	0.827721410911924
h1SMcG0018267	-2.18050373624077	0.00112971074517192
h1SMcG0018269	-0.644906936080304	0.535070837912322
h1SMcG0018270	-0.253985511201677	0.836892245651631
h1SMcG0018271	0.0248329400600331	0.966456673171248
h1SMcG0018273	-1.14046402498688	0.0262855838620084
h1SMcG0018274	-0.324050053226767	0.799679628897689
h1SMcG0018275	-2.79757448177954	0.0128804501792981
h1SMcG0018276	-1.13918062631729	0.468228161244574
h1SMcG0018277	-1.22453082872961	0.00162727575199003
h1SMcG0018282	-0.804438724019705	0.332764792662394
h1SMcG0018284	1.50797738936202	0.000127285194236902
h1SMcG0018285	-2.15723591816838	0.0000000000177076151876628
h1SMcG0018286	1.31414052839067	0.17450118071745
h1SMcG0018287	3.05524898351784	0.0000000000391065335374126
h1SMcG0018288	1.22201543052475	0.000000123086078704511
h1SMcG0018289	-1.79826079633723	0.0131152046903456
h1SMcG0018291	1.84726245414487	0.0129682580887192
h1SMcG0018292	-0.858774850615162	0.00623189785546761
h1SMcG0018293	-1.13072923901412	0.0117843272260681
h1SMcG0018294	-1.26671789502027	0.286407997210152
h1SMcG0018295	-0.904937839302876	0.232560747780509
h1SMcG0018296	1.26551585178927	0.0769684855868004
h1SMcG0018297	-1.05610838208505	0.0837431790254665
h1SMcG0018298	1.03856807681098	0.0510759193937018
h1SMcG0018299	-0.959895805575188	0.455542732271197
h1SMcG0018301	-0.616503826687031	0.539581125525376
h1SMcG0018302	0.128487564633356	0.728388279838653
h1SMcG0018303	-0.784622563603033	0.0283604316309879
h1SMcG0018304	-5.09067781483744	0.000000619652348810902
h1SMcG0018307	-0.563232111670031	0.0900179536695083
h1SMcG0018308	-0.313341393995691	0.619898968604739
h1SMcG0018309	3.21733776600371	0.00000000000000000000000000000160297182423237
h1SMcG0018310	1.59617834954037	0.00000268005174790826
h1SMcG0018311	-1.25316694656736	0.0710150369590048
h1SMcG0018313	3.26122095420079	0.00000000000211465503450714
h1SMcG0018314	-2.55014306039297	0.0796556674904565
h1SMcG0018315	0.154718441879739	0.854051027167728
h1SMcG0018316	-0.312835153289326	0.34422666727066
h1SMcG0018317	-0.928149182104706	0.162375765263787
h1SMcG0018318	0.221098790753842	0.643670894118924
h1SMcG0018319	-0.113931131638776	0.885468780568522
h1SMcG0018320	-1.82646143537219	0.138625983411556
h1SMcG0018321	0.381770744034066	0.606781906569487
h1SMcG0018323	-0.188967221287017	0.608154375902133
h1SMcG0018330	-1.36751967394046	0.172044306142297
h1SMcG0018331	-2.28060959796525	0.100202351823972
h1SMcG0018332	-0.886851560814634	0.00497059831366182
h1SMcG0018333	0.12651413267866	0.815393820954572
h1SMcG0018334	2.62659591146674	0.00000000000000915358926187914
h1SMcG0018339	0.6817088614064	0.0439638318451155
h1SMcG0018340	-1.48420803591851	0.123930578013145
h1SMcG0018341	-2.83580301561658	0.0126843695809099
h1SMcG0018342	-0.844369064456005	0.0244309750052703
h1SMcG0018346	2.75168286859194	0.0000000000000000000000000168722060433589
h1SMcG0018347	-1.23718290573157	0.0942063131250207
h1SMcG0018348	-1.2531784372713	0.176432490623294
h1SMcG0018349	-1.11407625063145	0.000764111611789413
h1SMcG0018351	3.92407942477898	0.000000000000000399812101432602
h1SMcG0018353	-0.530798634513806	0.0930624907755083
h1SMcG0018354	-0.844910296784839	0.182479253553234
h1SMcG0018355	4.84582721229461	0.000000000000000000000000000000141618960680724
h1SMcG0018356	4.87713515079517	0.000000000000000000000000000000000000000000000000000000000000000059793348346722
h1SMcG0018357	-2.38309816276332	0.0900179536695083
h1SMcG0018359	-2.23136911952389	0.000284392728039658
h1SMcG0018360	1.05610767444891	0.0493593404441278
h1SMcG0018362	-1.09596905055747	0.103003642931312
h1SMcG0018364	3.03869109181365	0.0000000599479575942366
h1SMcG0018365	-1.24314401201306	0.261852542197968
h1SMcG0018366	0.659192017499283	0.00126550947667165
h1SMcG0018368	0.615246917991	0.728082767367686
h1SMcG0018369	0.165331726585841	0.923251735587408
h1SMcG0018370	-0.468759143655286	0.0487600988644948
h1SMcG0018371	0.567851226175459	0.435037828876632
h1SMcG0018373	0.501214802887921	0.158219370046419
h1SMcG0018374	-1.08791152098156	0.0382152394761342
h1SMcG0018375	3.91340792970515	0.0000315990852351298
h1SMcG0018376	0.79542824158519	0.105604678315635
h1SMcG0018377	0.0517341079031718	0.897921616504404
h1SMcG0018378	2.39110189711358	0.00897097418355495
h1SMcG0018381	-1.78243854906819	0.125492142809713
h1SMcG0018384	4.25557914201803	0.000053094341646995
h1SMcG0018386	0.00754343048942232	0.982168273886203
h1SMcG0018387	-1.58385910856428	0.00000260373759889951
h1SMcG0018388	0.309680629201523	0.854641655877159
h1SMcG0018390	3.25848157109056	0.00000000000000000428224137710993
h1SMcG0018393	-0.000014723125561383	0.999989448034736
h1SMcG0018395	0.635435467899304	0.0525619489515507
h1SMcG0018396	-0.214579899519062	0.407554835466807
h1SMcG0018397	4.34834768384185	0.0000000000000000000313693533257128
h1SMcG0018398	0.110651232439228	0.760548371167246
h1SMcG0018399	1.15119192339153	0.0318104423739894
h1SMcG0018400	-1.50734089033058	0.00000282950680212016
h1SMcG0018401	-1.62951533057949	0.0000190819275762029
h1SMcG0018403	0.863332414752488	0.000297806457631293
h1SMcG0018404	-1.384989483098	0.1801455137775
h1SMcG0018405	-1.02092959601397	0.502798301949161
h1SMcG0018409	-2.04741522271734	0.0030666427278429
h1SMcG0018410	-2.67310539912175	0.0631785247459794
h1SMcG0018415	1.85030523527913	0.143645608422555
h1SMcG0018416	-0.970666372580614	0.152785503045504
h1SMcG0018418	-1.92799479291068	0.0209779498669738
h1SMcG0018425	-0.366846927681471	0.819169898358743
h1SMcG0018431	1.17597586831105	0.159607502373631
h1SMcG0018432	-1.06782406411075	0.0119526674128818
h1SMcG0018433	1.93671172542183	0.012265140673176
h1SMcG0018436	-1.65650681767458	0.00000118268693056788
h1SMcG0018437	0.117122493781477	0.936168403424698
h1SMcG0018438	-0.398226573117112	0.808288440751788
h1SMcG0018440	-0.327994997334636	0.43293884210876
h1SMcG0018442	0.25030579275583	0.393376320613608
h1SMcG0018443	-2.10918177784766	0.0892294681166397
h1SMcG0018446	0.935480403942947	0.0602859887829025
h1SMcG0018449	-1.12641229556026	0.00887494898779724
h1SMcG0018450	-2.71186103328962	0.00187337013984536
h1SMcG0018452	0.5138887039561	0.236028744650507
h1SMcG0018454	0.172572801088468	0.83312620365473
h1SMcG0018457	5.69593995613886	0.00000282489572845364
h1SMcG0018458	7.02621244146594	0.000000000641300459539237
h1SMcG0018459	-0.0900595105833071	0.932488205454372
h1SMcG0018460	-0.143358983726493	0.773147962791649
h1SMcG0018462	0.0697003615320337	0.952997477192634
h1SMcG0018463	1.380540880983	0.035809378540131
h1SMcG0018465	7.46275048750265	0.00000000000000000000000000000423350818168474
h1SMcG0018466	0.660487406024019	0.0122239221594028
h1SMcG0018467	0.766937235661066	0.609603982342254
h1SMcG0018468	-1.44038533355776	0.040805461091741
h1SMcG0018470	0.376661853607053	0.539021917997825
h1SMcG0018471	0.049595872315511	0.873706505123414
h1SMcG0018472	0.369392527897065	0.795811883538212
h1SMcG0018473	0.582071200302365	0.00140128906384049
h1SMcG0018474	-0.956571745523014	0.0000529146317492481
h1SMcG0018475	-1.63762609528293	0.0000000000000000321104476907764
h1SMcG0018476	-3.73902899350182	0.00000000197749020781967
h1SMcG0018479	0.0584056098494768	0.965943372636082
h1SMcG0018480	0.302082401886979	0.513650739009856
h1SMcG0018483	-1.34890361693387	0.00000000311416371496971
h1SMcG0018484	0.86005630793682	0.35634664590065
h1SMcG0018485	-0.0298668883704399	0.976147581400813
h1SMcG0018489	1.08707867157536	0.268173121005422
h1SMcG0018493	-1.07877902777705	0.0686760312035255
h1SMcG0018497	-1.16059033270006	0.0000374733812568605
h1SMcG0018498	-1.53966519077552	0.251156347852842
h1SMcG0018500	-2.89847242920111	0.0647574992386544
h1SMcG0018503	-3.0629581108488	0.0458628193259863
h1SMcG0018504	-2.727515914977	0.0900179536695083
h1SMcG0018508	0.126298811761491	0.732167188685404
h1SMcG0018509	-0.67665819153376	0.117072394050071
h1SMcG0018510	4.83404070644077	0.00000000000137027632006112
h1SMcG0018512	4.42649011056169	0.000000160796353992031
h1SMcG0018513	1.95136219068394	0.00000000000000000236863966128255
h1SMcG0018514	-4.07068906684681	0.0000375386401180995
h1SMcG0018515	-0.138419355973311	0.914882729178263
h1SMcG0018516	3.32069356511542	0.000000000114120940972498
h1SMcG0018519	-1.59157527764422	0.0196574236059781
h1SMcG0018521	0.159043936289357	0.5080175335497
h1SMcG0018528	3.90712717918514	0.0000000478641511659822
h1SMcG0018529	-1.96379598155926	0.0000000000000000000000124819725819082
h1SMcG0018531	-1.00565912428765	0.000135532959822392
h1SMcG0018532	0.172135507820267	0.63861853146585
h1SMcG0018533	0.359789431867181	0.459965114056417
h1SMcG0018534	0.0141544424553621	0.973031133608322
h1SMcG0018535	0.348428121970926	0.354088922459236
h1SMcG0018537	2.05583901331303	0.000000000000000000000000000000000316333117955592
h1SMcG0018538	-0.567817228430554	0.0104137628244666
h1SMcG0018539	-0.0164405503558228	0.990834527881397
h1SMcG0018540	-3.74821597845536	0.000000830739134677644
h1SMcG0018542	1.00936510499697	0.00000502443629596642
h1SMcG0018543	-3.48804277054686	0.0000000000269882477591768
h1SMcG0018547	-0.109862773738954	0.840208072918184
h1SMcG0018548	-0.72203051066115	0.0143964712383058
h1SMcG0018551	-0.462893243894746	0.407770194332699
h1SMcG0018552	3.81015403496	0.00000000000000000000000000000000000000000000000000000000853850556929767
h1SMcG0018555	0.252530305971798	0.493164026376985
h1SMcG0018557	-0.449217496775703	0.765392856301213
h1SMcG0018563	-1.90724146380796	0.0672981765133308
h1SMcG0018564	-1.03866582128168	0.000241935787429307
h1SMcG0018568	-2.28709355805836	0.0316284323419383
h1SMcG0018569	5.45152754199179	0.0000000000000000000000000000000000668375531135288
h1SMcG0018574	-0.192741586644153	0.333114105280271
h1SMcG0018575	-0.3367591869342	0.428833450015892
h1SMcG0018576	-0.368079108830238	0.781012744915885
h1SMcG0018577	-0.0112221640944408	0.984770434933195
h1SMcG0018581	-0.528669280115512	0.669290206980259
h1SMcG0018584	-1.11040844230702	0.105895347916038
h1SMcG0018585	-1.74764165989444	0.0251369638256238
h1SMcG0018587	1.60140525085491	0.00000000459160939218577
h1SMcG0018591	0.251259955814682	0.716753406264816
h1SMcG0018593	-1.01151063934541	0.145403491623165
h1SMcG0018594	0.411136160901781	0.594657702341114
h1SMcG0018595	0.139916834421017	0.905121158769571
h1SMcG0018597	-0.0814691245507561	0.818559583690544
h1SMcG0018598	-1.11173057616051	0.174855157485836
h1SMcG0018601	-3.16231549509815	0.000140357555137818
h1SMcG0018608	0.563948128173724	0.0377899787595213
h1SMcG0018612	0.00167827518973318	0.99674657066611
h1SMcG0018618	0.42363603391944	0.340272893292835
h1SMcG0018621	-2.29672860422115	0.0000000000000000568605695446595
h1SMcG0018622	-0.298856006857455	0.618322056153342
h1SMcG0018623	-1.17597024906146	0.00022023854116191
h1SMcG0018626	0.0967996813155164	0.891118141933448
h1SMcG0018627	0.221443552576719	0.885629314751353
h1SMcG0018628	-0.241119648248721	0.72073857933326
h1SMcG0018629	-0.145807403990934	0.884107397406669
h1SMcG0018630	-1.13969590413316	0.165174942994072
h1SMcG0018631	-0.924263777837658	0.030344719577587
h1SMcG0018635	-2.3016302277693	0.0000000000000000000000073959500936883
h1SMcG0018636	0.2136867881088	0.81513994833991
h1SMcG0018640	3.33650941339184	0.000000000000000000000000000000000000000000000554001446797932
h1SMcG0018642	-1.11915740633365	0.516112369885855
h1SMcG0018643	-2.68384318301871	0.00000808518296615378
h1SMcG0018644	-3.74113209074208	0.0000212793008321047
h1SMcG0018645	-2.43691714011017	0.000675021118029162
h1SMcG0018646	-1.67634395816427	0.000945195035472864
h1SMcG0018648	-0.379679351499053	0.499785149083674
h1SMcG0018649	1.8163574533669	0.00000000000000000000000930295234735901
h1SMcG0018651	3.5676892187274	0.0000000685185784069726
h1SMcG0018654	2.11039762091257	0.0000000474411141886218
h1SMcG0018656	-2.12936949886943	0.0171531859810067
h1SMcG0018657	-0.230707403448334	0.624475010878873
h1SMcG0018658	-0.996518044132256	0.0000000768753888239309
h1SMcG0018659	-0.663119688541587	0.0393957626075375
h1SMcG0018660	-1.25152121873965	0.000174027557846527
h1SMcG0018662	-0.567370961519443	0.247074164132547
h1SMcG0018666	-3.77535379072417	0.00000136179864135092
h1SMcG0018667	-0.117057588153195	0.825781631038984
h1SMcG0018668	-1.58034421294941	0.00000519617816091275
h1SMcG0018669	0.950323006325987	0.188762557357856
h1SMcG0018671	0.617313627882736	0.126309230227497
h1SMcG0018672	-0.176143652455073	0.927857839506802
h1SMcG0018673	0.971683558468338	0.234506454688682
h1SMcG0018674	-0.307705894834246	0.45407631039508
h1SMcG0018675	-2.79996395124885	0.0259229629698925
h1SMcG0018677	-0.676238648528182	0.406974462866394
h1SMcG0018680	-0.470559876559781	0.229956798245111
h1SMcG0018681	1.04327216122113	0.172263414692661
h1SMcG0018682	-1.02822505723118	0.0388265447729186
h1SMcG0018683	3.43520845642245	0.0000000000000000156333683167098
h1SMcG0018684	-2.1610968352349	0.0000000000000000308895488143794
h1SMcG0018685	0.0357822445178104	0.951424203163548
h1SMcG0018686	3.75547234642746	0.0000000000000000000000000462192943499892
h1SMcG0018687	1.67892561550324	0.00000000000000000000034142360206896
h1SMcG0018689	-3.81657232658853	0.00000127727109121131
h1SMcG0018691	0.102054685007024	0.876200250180164
h1SMcG0018694	0.365460831043466	0.696232347868829
h1SMcG0018695	2.52430139276452	0.000000000195105025998117
h1SMcG0018696	2.81246727201547	0.000108465998513949
h1SMcG0018697	3.46398770845615	0.00000000000000000558951459205731
h1SMcG0018698	-0.261935024490814	0.441595548465354
h1SMcG0018699	-0.864503785440886	0.00300182720539069
h1SMcG0018700	-0.0217205608984648	0.968811775628112
h1SMcG0018701	-1.92252815013431	0.00723669222199758
h1SMcG0018703	-0.695557893762576	0.352609326634769
h1SMcG0018704	-0.699626050346755	0.00179298319148312
h1SMcG0018705	-0.354574665500969	0.815406651926078
h1SMcG0018707	-0.653496381449421	0.00209482740961336
h1SMcG0018709	-1.03268820650319	0.00356441308515092
h1SMcG0018713	-1.22065371225676	0.0122993572995314
h1SMcG0018715	-3.30312308095731	0.0206461096743981
h1SMcG0018716	0.689877305425404	0.490658378559004
h1SMcG0018721	1.24211906552513	0.000000449049034357493
h1SMcG0018722	-0.375388075610288	0.471429401637386
h1SMcG0018723	-1.351656550642	0.0457117492215553
h1SMcG0018724	0.303979231366046	0.757594601803479
h1SMcG0018725	-0.901542770362682	0.00367898781914505
h1SMcG0018728	0.889568912638724	0.000169723663858785
h1SMcG0018729	-0.307705594866628	0.529278088518322
h1SMcG0018731	-0.127834996380379	0.832943324164837
h1SMcG0018733	-1.93763456830843	0.0293168760776884
h1SMcG0018736	-0.673983508714457	0.0553134730047654
h1SMcG0018738	2.04234760131743	0.00000000235621079799184
h1SMcG0018742	-0.739030819742915	0.525475536349789
h1SMcG0018744	-0.311388276778372	0.390768073688147
h1SMcG0018745	-0.625646757093085	0.644086870106607
h1SMcG0018746	2.85932159919183	0.000000000000000394462090297847
h1SMcG0018748	0.290539063098581	0.299658288129324
h1SMcG0018750	-0.240543091648068	0.601589562750561
h1SMcG0018751	-0.0670959667063551	0.840316867422843
h1SMcG0018752	-0.824073718533744	0.0384630661045672
h1SMcG0018753	-1.51214782772758	0.000000000000000168273438632201
h1SMcG0018755	-0.686546423887217	0.0544269809431475
h1SMcG0018758	1.84732867716385	0.00000000214912370827404
h1SMcG0018759	3.32016244850139	0.00000000000001090406277483
h1SMcG0018760	0.913143482232969	0.000940740900305211
h1SMcG0018761	4.06876350157764	0.00000000000000000000000172096207011034
h1SMcG0018763	-1.89000910608841	0.196338876788477
h1SMcG0018765	-0.569887378812656	0.575195303148148
h1SMcG0018766	1.80202779733625	0.012739315709345
h1SMcG0018768	-0.447868533376276	0.350676265609305
h1SMcG0018769	-0.350962548625249	0.772303968107016
h1SMcG0018770	-0.892440875983449	0.620980956584438
h1SMcG0018772	-0.218197472162003	0.65424968631406
h1SMcG0018773	-0.0318066607897078	0.9730824113611
h1SMcG0018774	-1.47751489702056	0.00000166429219497653
h1SMcG0018779	-1.04862291600754	0.512584215888501
h1SMcG0018784	-0.0399134416708127	0.97901237262499
h1SMcG0018788	-0.72907561894867	0.623498453865019
h1SMcG0018789	-1.26563123926943	0.263962121384137
h1SMcG0018791	-0.795654581007139	0.0478235493097965
h1SMcG0018792	-0.760161789856733	0.249206399113304
h1SMcG0018794	-0.859364621352851	0.397017412523185
h1SMcG0018795	-1.33050097933791	0.37143098746593
h1SMcG0018797	-1.95163386170838	0.00100542084416283
h1SMcG0018799	-1.09464552863799	0.01757272358356
h1SMcG0018801	4.35254455646662	0.000000000000018093995117632
h1SMcG0018802	-0.0728429582241287	0.947369245630408
h1SMcG0018804	-0.338796793831656	0.818559583690544
h1SMcG0018806	-2.90673591713234	0.0365279251410895
h1SMcG0018808	-3.10853261694752	0.00000385659353306454
h1SMcG0018815	-1.02455420437229	0.25980060225968
h1SMcG0018817	-3.02390901595671	0.0107035489514767
h1SMcG0018818	0.298599816360101	0.27520372253223
h1SMcG0018819	-1.47348144879215	0.0000000091540477771208
h1SMcG0018820	-1.7950135091255	0.171571145626931
h1SMcG0018823	-0.577978573176576	0.016410054086401
h1SMcG0018824	-0.5381179151555	0.218870733135248
h1SMcG0018827	0.109176998409266	0.908355219551364
h1SMcG0018828	-0.117674335717517	0.86517934373999
h1SMcG0018831	4.1892066550725	0.0000000000000000117933055577837
h1SMcG0018832	-0.120175062833655	0.780774936745299
h1SMcG0018833	1.13215043476391	0.018418058525505
h1SMcG0018834	-1.7044210645676	0.130157044721218
h1SMcG0018835	0.875412952373735	0.0217534277877521
h1SMcG0018839	1.99759879611062	0.127459926047324
h1SMcG0018840	0.223479001176826	0.773695008252864
h1SMcG0018841	-0.406667159300743	0.645830481456599
h1SMcG0018842	-0.276864643074622	0.746573131433548
h1SMcG0018844	2.2974526824109	0.00000000000000440093538206315
h1SMcG0018846	-1.15527459574449	0.129268397277046
h1SMcG0018847	-0.357387629193061	0.775892805137274
h1SMcG0018850	-2.14862709960189	0.000000000055861364833901
h1SMcG0018851	-0.276175609813998	0.705294858755655
h1SMcG0018854	-1.6093157579531	0.331938659204507
h1SMcG0018855	-0.340688917029694	0.476719083404914
h1SMcG0018856	0.0752498691611688	0.90128280176783
h1SMcG0018858	-0.0832387029721827	0.824177258867644
h1SMcG0018859	-1.38061840082268	0.00000000464592241157796
h1SMcG0018860	-4.50427609996831	0.0000603726568263519
h1SMcG0018861	-1.27226711565515	0.436788221988582
h1SMcG0018862	-0.485899941335807	0.429927064018497
h1SMcG0018864	-0.432567142957014	0.431513630580458
h1SMcG0018867	-3.91494003796708	0.00230361228806129
h1SMcG0018868	-1.22814781773651	0.0966435892293517
h1SMcG0018869	2.68669436942369	0.00000000000000000478108468308053
h1SMcG0018870	-4.77495149818728	0.0000105404899665817
h1SMcG0018872	1.32691125532885	0.0149014636972064
h1SMcG0018874	-2.03758014448256	0.00000000737181548079032
h1SMcG0018875	-1.5372216626439	0.264063541877872
h1SMcG0018876	-0.50495150225455	0.652677382203455
h1SMcG0018877	0.999012424005274	0.164005630165061
h1SMcG0018879	-1.05391164244653	0.241234927563778
h1SMcG0018881	0.0683603361412719	0.907034994998221
h1SMcG0018883	1.75366057477314	0.0000000000000444244078472091
h1SMcG0018884	0.199055488485211	0.688244899143393
h1SMcG0018885	-0.583854395112122	0.34434755405384
h1SMcG0018886	-1.78092960156388	0.0000000000428383757457157
h1SMcG0018888	-1.15089528948507	0.000991827334750537
h1SMcG0018889	-0.523645037193832	0.0349476448129859
h1SMcG0018892	-0.820031233878065	0.549397953599144
h1SMcG0018894	-0.16170768519021	0.732415322814939
h1SMcG0018897	-0.547721358810291	0.0831198789603747
h1SMcG0018899	-1.31108780258468	0.0119730083137597
h1SMcG0018900	-1.47398738002354	0.216322466106828
h1SMcG0018901	1.20954656556767	0.000231907290297368
h1SMcG0018903	-0.0772659840433181	0.87472343521186
h1SMcG0018904	-0.624729663650326	0.0967924230359088
h1SMcG0018909	-0.996717933354672	0.0671657864461788
h1SMcG0018910	-3.20079346257026	0.029321103469582
h1SMcG0018912	-1.08517029943918	0.21092466714873
h1SMcG0018919	0.766015574198698	0.529957362769052
h1SMcG0018920	0.865018252356424	0.209737706254394
h1SMcG0018921	0.687474377743104	0.177580327869716
h1SMcG0018924	-1.83427727997401	0.063390724674837
h1SMcG0018926	0.327714412476932	0.785016743570349
h1SMcG0018927	-0.576431221485531	0.0754153398891228
h1SMcG0018931	-0.751530403726669	0.065578638051196
h1SMcG0018935	-2.62493904267565	0.0420891770888432
h1SMcG0018939	1.3046370240421	0.0711074315141272
h1SMcG0018941	-0.19654754805452	0.626462456816866
h1SMcG0018942	-1.99408536211883	0.00000000930180884059451
h1SMcG0018943	-3.01940033956851	0.0265981775660369
h1SMcG0018944	-1.75374457437196	0.000170844188680965
h1SMcG0018946	-0.901302146910222	0.522884479366096
h1SMcG0018950	-0.532389247813913	0.349043723795169
h1SMcG0018951	-2.38166911581246	0.0250988608451963
h1SMcG0018952	-0.158131009467628	0.830652659767604
h1SMcG0018953	-1.01995921352807	0.433736682082692
h1SMcG0018954	1.71063368907567	0.268178799541823
h1SMcG0018955	-1.54714476741188	0.252122065198366
h1SMcG0018956	0.278821601921775	0.540016653334087
h1SMcG0018957	-0.0185883959400054	0.973835294519546
h1SMcG0018958	0.888743467897477	0.350105513825021
h1SMcG0018959	-0.345023779626623	0.539352959002507
h1SMcG0018960	2.99420973662674	0.000000000366082268874075
h1SMcG0018962	1.33873909866727	0.0000970919925474885
h1SMcG0018963	-1.13468152809751	0.00215369779482322
h1SMcG0018964	-1.30514917166544	0.0119528783530503
h1SMcG0018966	1.30677896147595	0.0000260732543150137
h1SMcG0018968	-1.99161544674125	0.0000942341273352873
h1SMcG0018970	-1.65678713328244	0.00860932350242013
h1SMcG0018971	-2.18019911723874	0.119324236866619
h1SMcG0018972	-2.27289867833056	0.146368152541675
h1SMcG0018975	-2.49120485864006	0.00344156778522967
h1SMcG0018977	0.270609147618969	0.724581872320159
h1SMcG0018978	-0.104174128499414	0.927710576026631
h1SMcG0018982	-0.027234487626701	0.960926346525284
h1SMcG0018983	-2.48308115300755	0.00648590111099898
h1SMcG0018984	-0.671933861150685	0.159256861428297
h1SMcG0018986	0.688946929041331	0.606757100746465
h1SMcG0018987	0.957631715596217	0.00068220564412163
h1SMcG0018988	1.15388590432119	0.00133343124805317
h1SMcG0018989	-0.157381946910136	0.935331404272234
h1SMcG0018997	-2.30920548954714	0.00000000000000794803699538015
h1SMcG0018998	-2.64186772697778	0.102680050733863
h1SMcG0019000	-1.16189131161425	0.502184705611592
h1SMcG0019002	-1.10319388682954	0.118604322665528
h1SMcG0019006	-4.31600491217185	0.000162950559958306
h1SMcG0019007	4.66675974598754	0.00000339045159387962
h1SMcG0019008	1.40511194356752	0.0225696055917099
h1SMcG0019009	0.0495661639855085	0.977698880457214
h1SMcG0019011	-0.42097319068868	0.793783037141987
h1SMcG0019012	-1.31426892887312	0.0553835853985021
h1SMcG0019013	-0.619227775972653	0.714103835060722
h1SMcG0019015	-1.87351806264461	0.311192563039539
h1SMcG0019017	-1.39496447729623	0.00020314753708207
h1SMcG0019018	-0.228990192428454	0.684420848500665
h1SMcG0019019	4.73551850535613	0.0000259043763168383
h1SMcG0019020	-0.545006352918729	0.377516712898003
h1SMcG0019023	-0.224500249489338	0.865637389025731
h1SMcG0019025	0.85615603770489	0.462616585111834
h1SMcG0019027	2.82551609542318	0.000000000410930865093908
h1SMcG0019029	0.214372320892884	0.853837167774548
h1SMcG0019030	-2.92894681411221	0.0164272214425853
h1SMcG0019034	-1.94901093362546	0.00049904797825176
h1SMcG0019035	-0.720751037883004	0.178570834288343
h1SMcG0019038	-2.85493161018891	0.0190873867658839
h1SMcG0019039	-0.135040387879843	0.914882729178263
h1SMcG0019043	-0.0495343148028921	0.889427338641147
h1SMcG0019044	-0.188671043749398	0.868215757822773
h1SMcG0019046	-1.34861427245874	0.410261674422904
h1SMcG0019047	0.764653104395654	0.399576301316866
h1SMcG0019048	1.00840264908645	0.364275515253043
h1SMcG0019050	-1.51916096252996	0.276952602942605
h1SMcG0019051	-0.0239950787682737	0.989910749595369
h1SMcG0019052	-0.654876185365728	0.352105192262745
h1SMcG0019053	-2.21773781354692	0.00000000752296384091617
h1SMcG0019054	-0.308899401338742	0.832779993143529
h1SMcG0019056	1.06955707104294	0.0558913390559289
h1SMcG0019058	-0.70682499961661	0.452560352133386
h1SMcG0019059	-0.0421629282557546	0.934213511085493
h1SMcG0019060	-2.79591602227967	0.0000000000000000127942370875556
h1SMcG0019061	-1.55473073468749	0.278797165106301
h1SMcG0019062	-1.74087830633262	0.235495362909363
h1SMcG0019063	-0.00586746888843714	0.989607537100976
h1SMcG0019065	-2.109827802357	0.00169528380123111
h1SMcG0019067	1.32613755815825	0.10586400820608
h1SMcG0019068	1.70399802316124	0.00000108283599124197
h1SMcG0019069	0.204734862483314	0.863146145351464
h1SMcG0019073	-1.33656626258769	0.0101732264831848
h1SMcG0019075	2.01016221819521	0.0164728719185996
h1SMcG0019076	-0.124995427372513	0.802711409223576
h1SMcG0019077	2.96233064025556	0.000000000000000000000104914398973911
h1SMcG0019079	-1.47463512735422	0.339329717032012
h1SMcG0019080	0.83647718204357	0.584185769993082
h1SMcG0019084	-3.17134408355911	0.0143407305460221
h1SMcG0019085	-0.939604828095235	0.479988965697339
h1SMcG0019086	1.42301170054499	0.276377281172637
h1SMcG0019089	-0.478490996820841	0.617716188260502
h1SMcG0019093	-3.51362568113396	0.011661370499962
h1SMcG0019094	1.82665280405331	0.141048550425657
h1SMcG0019095	2.87385512502587	0.0000000441249924984659
h1SMcG0019096	3.89760980448099	0.0000000000269713142355279
h1SMcG0019100	-1.47169701431155	0.0650848056908425
h1SMcG0019103	-2.04549336576919	0.000000000195895421322731
h1SMcG0019105	-3.6263008968441	0.000372183611593335
h1SMcG0019106	-1.04292551332298	0.220644486744805
h1SMcG0019107	-1.87809605509776	0.0776008750455106
h1SMcG0019108	-0.796446910791321	0.000672502652876141
h1SMcG0019109	-0.555698000295825	0.430663009304918
h1SMcG0019111	-0.88868602563178	0.598283592197717
h1SMcG0019112	4.35502815056894	0.000000000000263182528242588
h1SMcG0019119	-3.83401908886133	0.0000631145843005057
h1SMcG0019121	1.62852019335922	0.213473665540126
h1SMcG0019123	0.385212215587876	0.736587659337336
h1SMcG0019124	1.74143741025814	0.000042962237977891
h1SMcG0019127	-0.559529583244278	0.257501734441215
h1SMcG0019129	-3.21113175287091	0.0074588827207237
h1SMcG0019132	0.478410101740243	0.30019672838211
h1SMcG0019134	-0.907767677585679	0.122943944454492
h1SMcG0019135	-2.62720263165111	0.0304790087249542
h1SMcG0019136	1.65907567734992	0.00000000000000352984876029845
h1SMcG0019138	-1.25064344153613	0.000228190822935904
h1SMcG0019140	0.381686487824734	0.337094748744887
h1SMcG0019141	0.383236931557145	0.370727943601775
h1SMcG0019142	3.32056532430956	0.000000000000000000000111986197220449
h1SMcG0019144	1.18588015988678	0.0000943118377824197
h1SMcG0019145	-0.783328510280354	0.212464957693064
h1SMcG0019146	-2.89486729731703	0.00000000000000000118523008822163
h1SMcG0019147	-2.13155888049032	0.0293168760776884
h1SMcG0019148	-1.85398501159752	0.134536099910634
h1SMcG0019150	-0.0875458277875891	0.947669282614334
h1SMcG0019151	1.84767842345985	0.0627825102524718
h1SMcG0019152	0.259850922201515	0.73174114226554
h1SMcG0019154	-0.664161515657469	0.302675864432135
h1SMcG0019155	1.0469914280428	0.0851262338984946
h1SMcG0019156	1.25172089355504	0.000501855625468876
h1SMcG0019160	-1.3114906512425	0.1393729772335
h1SMcG0019161	-2.99830469751789	0.0546250000172208
h1SMcG0019164	-2.28276815342769	0.0558434946724203
h1SMcG0019165	-3.28875129881751	0.00000378985186783737
h1SMcG0019166	3.13587796899093	0.00241302166797216
h1SMcG0019168	-1.38391519720211	0.355878653330754
h1SMcG0019169	2.18173302142775	0.0106482758189863
h1SMcG0019170	-1.88722925174249	0.000000000000784909593238944
h1SMcG0019176	5.0454912658445	0.00000131025074017596
h1SMcG0019177	1.71289413046835	0.00377530783423071
h1SMcG0019178	0.414193265931459	0.45950665889005
h1SMcG0019179	-1.79367647555315	0.0732371162553158
h1SMcG0019181	0.796715088856215	0.0169408140166118
h1SMcG0019182	0.189166104217297	0.865102322483259
h1SMcG0019183	-1.56641453969199	0.0145412124293465
h1SMcG0019184	-2.35534404311419	0.0000216531055002623
h1SMcG0019185	3.45884014566	0.00000000000183417845540914
h1SMcG0019186	2.89623592462114	0.0000000000508760250072047
h1SMcG0019187	-3.44989731009612	0.0140199849565082
h1SMcG0019188	-1.49344625210451	0.0939411130254037
h1SMcG0019190	3.25205730034619	0.00000602262585858108
h1SMcG0019191	-0.640491937309742	0.0675422481375751
h1SMcG0019196	-0.283175623006384	0.471954522984337
h1SMcG0019200	0.616225969888357	0.188979159151671
h1SMcG0019203	1.84454951812036	0.0731827720848208
h1SMcG0019205	-0.882922992701586	0.0782581359679022
h1SMcG0019208	0.108922516777061	0.863252588242322
h1SMcG0019213	-0.400137565385904	0.400342152691427
h1SMcG0019214	-1.70418554169134	0.0000000087934583672594
h1SMcG0019215	-2.36211406171462	0.000000000000000000000137096169286038
h1SMcG0019218	-1.20935873525853	0.00000000000572712516343347
h1SMcG0019219	-0.571773161917239	0.328841249960624
h1SMcG0019221	-1.61619796426777	0.0406862477065719
h1SMcG0019222	-1.02139793351043	0.0771543230813216
h1SMcG0019223	0.676151148910481	0.085540082873578
h1SMcG0019225	4.62118094431696	0.00000000000000000346082950662709
h1SMcG0019228	-0.0654511084959773	0.847943419391468
h1SMcG0019230	-0.0521815888137584	0.931559699859646
h1SMcG0019231	-1.21724337963777	0.461430080433943
h1SMcG0019233	0.173163406738708	0.615229148898602
h1SMcG0019234	-1.85199439415143	0.0000000000389014715255993
h1SMcG0019235	-2.72670744024249	0.00543009495711998
h1SMcG0019236	0.718254090112578	0.401929960458732
h1SMcG0019237	2.01972820028301	0.00000000000000512956139209425
h1SMcG0019238	-0.482028377075223	0.731657594639388
h1SMcG0019240	2.06266454692054	0.000395536485971555
h1SMcG0019241	0.264036574480648	0.471954522984337
h1SMcG0019244	1.82343222605202	0.00000000000106991700104348
h1SMcG0019246	-1.5949767784737	0.00000183915372829944
h1SMcG0019248	1.82910136258253	0.00000000000000000207156411048495
h1SMcG0019249	1.70477041797441	0.00235375429578475
h1SMcG0019250	0.29533809624804	0.485399753240001
h1SMcG0019252	0.482053380081546	0.765392856301213
h1SMcG0019253	2.39121107639975	0.000000799240563464789
h1SMcG0019254	-0.546949341031022	0.482792520745456
h1SMcG0019259	1.38070819002479	0.133841269184129
h1SMcG0019261	-1.62616628197841	0.202967814277436
h1SMcG0019262	-1.46282991030835	0.0207026782988447
h1SMcG0019265	-0.628702702291513	0.207357847478154
h1SMcG0019266	-1.1537643985872	0.157986969159649
h1SMcG0019267	-0.0136440681616798	0.980079098253585
h1SMcG0019273	-0.532425560382502	0.660513222619589
h1SMcG0019276	-0.123443766502775	0.846817991551322
h1SMcG0019278	-0.715955824445713	0.321088317553245
h1SMcG0019279	-0.416129954343601	0.126858906591173
h1SMcG0019281	1.47312878852888	0.0207906357742547
h1SMcG0019282	-2.88848340605475	0.000461015099148598
h1SMcG0019283	0.221099980909855	0.225184540047146
h1SMcG0019286	0.556001395871553	0.240219183159697
h1SMcG0019288	-0.00413908180613556	0.99620440374576
h1SMcG0019289	-0.302814098891156	0.870812769150885
h1SMcG0019290	-1.23236155529934	0.137669751353306
h1SMcG0019291	-0.385534144254883	0.832766508943162
h1SMcG0019293	-0.833924817816367	0.474628172568223
h1SMcG0019296	0.71613113122167	0.699316935160437
h1SMcG0019298	-0.894911882532827	0.134370332986302
h1SMcG0019312	-1.81795467913042	0.000000000134396785786761
h1SMcG0019313	-0.370682853171677	0.625162152626827
h1SMcG0019314	-0.618327433797628	0.736365845578596
h1SMcG0019315	3.41806197700099	0.0000309636566032377
h1SMcG0019317	-0.0635418821918192	0.949417542521888
h1SMcG0019319	-0.195717991848377	0.70703643795986
h1SMcG0019322	-1.57249751676903	0.000000000282111094351398
h1SMcG0019323	1.53371840324203	0.144471777134456
h1SMcG0019324	-1.08038861665871	0.107677288851666
h1SMcG0019326	-1.05946697363542	0.0000478790577551151
h1SMcG0019327	1.04629172575924	0.000320344514607429
h1SMcG0019330	-2.3235570484901	0.117022804113659
h1SMcG0019331	2.59030532971343	0.0000000391678441676205
h1SMcG0019332	-1.35026709246564	0.000738962048349642
h1SMcG0019335	-1.11140378304071	0.404861790198684
h1SMcG0019337	-1.4024141782977	0.124085823267465
h1SMcG0019338	-0.37664794485949	0.26006953399881
h1SMcG0019340	-0.826231227178815	0.387647802187906
h1SMcG0019342	-1.56658129348436	0.0000118177265626815
h1SMcG0019347	-1.3452214624956	0.00592829786057183
h1SMcG0019348	-1.47458593267349	0.00641297188323848
h1SMcG0019351	-2.00767869376967	0.00000797394738940648
h1SMcG0019352	-1.94697819844501	0.000919927104462535
h1SMcG0019354	0.573461049538857	0.0302294287504166
h1SMcG0019355	-0.764361013750183	0.176647834748413
h1SMcG0019357	-0.605134457937378	0.693932969091496
h1SMcG0019359	-1.59882651179875	0.0000196350957804269
h1SMcG0019362	-1.31544476046962	0.143711102944398
h1SMcG0019364	1.69568931890723	0.0148975403198008
h1SMcG0019369	-2.6114153819027	0.00000118277997929413
h1SMcG0019371	-2.18475426426072	0.000221467037057185
h1SMcG0019373	-2.05478201187571	0.0000000000831621649469838
h1SMcG0019374	0.221674555904972	0.778366267047976
h1SMcG0019375	-0.59484685256395	0.244485764261243
h1SMcG0019377	-1.48489257086041	0.199269450944957
h1SMcG0019382	0.297668790012988	0.526715742724622
h1SMcG0019383	-5.81016215621527	0.0000000199624750018564
h1SMcG0019384	-2.14460558569963	0.00109865968263429
h1SMcG0019386	-0.845966445769011	0.0529457457489293
h1SMcG0019387	0.741283223270279	0.543621561721723
h1SMcG0019390	0.583419971130219	0.583961000546415
h1SMcG0019391	0.286301015987802	0.87019660001017
h1SMcG0019394	-0.110760584041759	0.9512207880652
h1SMcG0019395	-1.45201801153905	0.0753651381707764
h1SMcG0019396	-1.9305374047955	0.258304413648305
h1SMcG0019397	0.05860219733026	0.967379868126083
h1SMcG0019398	-1.61264958167004	0.0000308201272785994
h1SMcG0019401	-2.74913432258723	0.508170941175656
h1SMcG0019402	0.756368153591059	0.365917212745418
h1SMcG0019403	0.727960039938902	0.0173112704449726
h1SMcG0019407	-1.21853377414387	0.0225615915773297
h1SMcG0019408	-3.85259734793067	0.00136414470495133
h1SMcG0019410	-0.811168233109607	0.0531430419440222
h1SMcG0019413	-3.39154741809473	0.0000000784122015564928
h1SMcG0019415	-1.1962673204736	0.300985248522099
h1SMcG0019419	1.3211478294383	0.00372931516313757
h1SMcG0019421	-3.85095567654357	0.00290169079663373
h1SMcG0019422	0.93826405334655	0.189434662718639
h1SMcG0019423	-0.366278345329688	0.565142591484206
h1SMcG0019425	-0.580593117844668	0.133846097862915
h1SMcG0019426	-0.322100121111186	0.88016268177572
h1SMcG0019427	2.8790183279347	0.000000000000000000000046471776866185
h1SMcG0019429	2.26736790133053	0.000000086732997507081
h1SMcG0019431	1.18338073107199	0.0104919128406687
h1SMcG0019433	-1.18984187104214	0.162392144952703
h1SMcG0019434	0.692190390075416	0.0237070390804894
h1SMcG0019437	-0.76009032452891	0.522636071619544
h1SMcG0019440	-4.07051784641428	0.00120239303710468
h1SMcG0019441	-0.426762577673527	0.205161458678004
h1SMcG0019442	-0.886384750335842	0.136555421104879
h1SMcG0019444	0.583552903322088	0.0877950877617712
h1SMcG0019446	-0.583627519994032	0.695131162663034
h1SMcG0019448	0.531930521740306	0.491580015427821
h1SMcG0019454	-0.471701188223962	0.241966036598489
h1SMcG0019455	-1.01077242479372	0.516642895749617
h1SMcG0019457	4.28837355443317	0.0000000000000000000000000000000127525179979565
h1SMcG0019458	1.67993685106308	0.000000000000380535422822942
h1SMcG0019459	0.350127340627677	0.469817839419834
h1SMcG0019460	4.25771737478905	0.00000000000000363837627959858
h1SMcG0019461	-0.0363642333146389	0.944499029857514
h1SMcG0019463	-0.0517989759796929	0.91562895122571
h1SMcG0019466	2.92322046139907	0.000000000000000000064805880326627
h1SMcG0019467	-1.57482605463983	0.0262528048126052
h1SMcG0019469	-0.283831755755126	0.436608552173911
h1SMcG0019470	-0.214008979013096	0.742681635048425
h1SMcG0019471	0.390658896332644	0.100754590108664
h1SMcG0019472	-1.4150623422547	0.000144798068052038
h1SMcG0019473	1.01387016213421	0.132981793726691
h1SMcG0019478	-1.1624785424634	0.00000391659548249186
h1SMcG0019479	-0.919923492316824	0.33624060631258
h1SMcG0019480	-1.18910827087581	0.0096488180964619
h1SMcG0019481	1.5561475316201	0.0139951185473942
h1SMcG0019482	-2.87685098990673	0.000000000000000000000000000000000000000000000000000000000000000000000000637862357702416
h1SMcG0019483	4.37386332887467	0.0000000000000000000000000000000110421687294806
h1SMcG0019484	0.673378077544489	0.428138984530133
h1SMcG0019485	-0.990987538271023	0.0123230701615675
h1SMcG0019486	-0.529722938194918	0.209931620414535
h1SMcG0019487	-0.74868594529344	0.653650124616755
h1SMcG0019488	-0.194357786553196	0.647068557353954
h1SMcG0019489	-0.0620347313490604	0.94407742646757
h1SMcG0019490	-0.0545405941131763	0.920975132252978
h1SMcG0019491	-1.42436773566147	0.00832468541768563
h1SMcG0019496	4.22558759645985	0.00000000682650093828318
h1SMcG0019498	3.90921259874829	0.000000000000000000000000000000000135168473377844
h1SMcG0019501	-2.95092108731077	0.00680821311152716
h1SMcG0019502	3.83057468922531	0.00023539205943757
h1SMcG0019503	3.98501330057002	0.0000293897983005451
h1SMcG0019505	0.377567995242276	0.842531277428346
h1SMcG0019512	0.434377289082975	0.173742950337706
h1SMcG0019513	-1.06389743792847	0.0000214862806722512
h1SMcG0019514	2.83576652718978	0.00000000000000000000000000000000000000000000857293299936001
h1SMcG0019516	-1.105692724304	0.264061640328694
h1SMcG0019517	1.06743543143429	0.000807493773706464
h1SMcG0019519	-1.19838944256086	0.000232640195392045
h1SMcG0019520	0.26861347890818	0.83464913143127
h1SMcG0019521	-1.36783572936373	0.00000051462813706866
h1SMcG0019523	0.039528930308246	0.978590090980746
h1SMcG0019524	2.11379648239402	0.0189033210619015
h1SMcG0019525	-1.78397544225856	0.0000473596177164802
h1SMcG0019526	0.508804555164567	0.632141172936599
h1SMcG0019528	-2.92586298491477	0.0329807194891809
h1SMcG0019530	-1.06860156021936	0.0668164260319661
h1SMcG0019532	0.666902025519538	0.469363165826715
h1SMcG0019533	-1.46251186401647	0.00168504076931234
h1SMcG0019534	0.0687911265249252	0.926078632424356
h1SMcG0019535	-1.68681345135284	0.00307878690694297
h1SMcG0019539	0.45732197173756	0.523286165392083
h1SMcG0019545	-2.07826071088385	0.199877702636437
h1SMcG0019547	0.185935663834733	0.890572427166701
h1SMcG0019548	0.499725922253626	0.304934230488749
h1SMcG0019549	0.202262230764726	0.832056379380946
h1SMcG0019552	-0.175920221055986	0.794939206265342
h1SMcG0019559	-1.12622575959729	0.499026349849746
h1SMcG0019560	-0.0200367818493209	0.990499705058357
h1SMcG0019561	-0.794013706780197	0.0000667717954849828
h1SMcG0019566	-2.25978597276158	0.0478276727423824
h1SMcG0019570	-1.32536981937908	0.43368349128464
h1SMcG0019571	-0.592991597186552	0.0422715394904397
h1SMcG0019573	-2.34060531801158	0.0432088215147943
h1SMcG0019577	0.468840963330512	0.268330844309041
h1SMcG0019578	-2.65112190803674	0.000000000000000868242879653784
h1SMcG0019580	0.219945442624286	0.79577307782823
h1SMcG0019582	4.54128170792944	0.0000000000000135183603305882
h1SMcG0019585	-0.729965763557583	0.0904287046156618
h1SMcG0019586	0.446660749705584	0.545107931365567
h1SMcG0019587	0.0442046697584407	0.959317027701803
h1SMcG0019588	2.17135420845031	0.000297950802274934
h1SMcG0019589	-1.17186550742101	0.0332492491531547
h1SMcG0019591	-1.88392705723984	0.011071065018337
h1SMcG0019592	0.643583728294055	0.000252424468884297
h1SMcG0019595	0.0233411940617195	0.963490433626944
h1SMcG0019596	-1.48445719161433	0.123930578013145
h1SMcG0019597	-0.496495953490961	0.374087394880115
h1SMcG0019598	2.77097883922493	0.00000000000115147951571837
h1SMcG0019600	1.2732058961688	0.00583589584742165
h1SMcG0019602	2.12797357492268	0.00000000000157533629124732
h1SMcG0019603	-0.653581990639167	0.00657734247023689
h1SMcG0019606	-0.810418585387104	0.00251498606893218
h1SMcG0019607	-0.0506652223895379	0.896919288825669
h1SMcG0019608	-2.15588720090551	0.0160535999034906
h1SMcG0019609	-0.979461405160813	0.000293812339197588
h1SMcG0019610	0.502465566635753	0.402616609081469
h1SMcG0019612	2.3318889924975	0.000000911497956546628
h1SMcG0019615	-1.47174540324961	0.285131227077563
h1SMcG0019616	0.0419332551962622	0.951869457147868
h1SMcG0019618	-4.8175716987222	0.0000113926517918277
h1SMcG0019619	0.686944299602037	0.625162152626827
h1SMcG0019620	-1.19952055161202	0.303857261931658
h1SMcG0019624	-0.249172763475052	0.377516712898003
h1SMcG0019629	0.523611656060354	0.381494107529047
h1SMcG0019630	0.966318550474915	0.00256860193854892
h1SMcG0019633	0.0234314080682921	0.964591542222918
h1SMcG0019637	2.5145873294376	0.0000270872799254858
h1SMcG0019638	1.5691581023724	0.0514439788293102
h1SMcG0019639	-0.382045216832983	0.834812453102238
h1SMcG0019640	1.72507219787371	0.0238573916102979
h1SMcG0019641	-0.169203667794299	0.921898402518159
h1SMcG0019644	-1.89230797509958	0.000000198976595184628
h1SMcG0019646	0.342892038558044	0.270006913339933
h1SMcG0019650	-0.907393907088518	0.000000537708103732375
h1SMcG0019651	3.05591484788906	0.006978717132505
h1SMcG0019652	-0.523226399038672	0.292675979013976
h1SMcG0019655	-3.26458439829537	0.000000000165825946196258
h1SMcG0019656	-0.315851669935248	0.735108309849887
h1SMcG0019657	0.685160463944482	0.324405910956057
h1SMcG0019658	-0.392286048617157	0.77832109600199
h1SMcG0019661	1.74286488484049	0.00495082349516014
h1SMcG0019662	2.87829669697416	0.00126828369557684
h1SMcG0019663	0.3482229980678	0.812083532521744
h1SMcG0019664	-0.987863210818752	0.104361536193106
h1SMcG0019665	-0.452456039812618	0.528202294442071
h1SMcG0019666	0.672409733613405	0.288505726160213
h1SMcG0019667	0.553058701752881	0.563142770292702
h1SMcG0019669	0.679076223905423	0.626528882512539
h1SMcG0019672	-0.123727189732048	0.893450918089791
h1SMcG0019673	-1.08802258496036	0.0056069876192836
h1SMcG0019674	1.03162337316729	0.0140259566325767
h1SMcG0019676	2.77609983323654	0.0000130508531844326
h1SMcG0019677	-1.42382962317778	0.000000000000989030638068281
h1SMcG0019681	-0.895291764539887	0.122481094365589
h1SMcG0019682	0.323765797539352	0.517908000467666
h1SMcG0019684	-0.566268097785745	0.580581801558267
h1SMcG0019685	-0.852406972825174	0.343196207191921
h1SMcG0019686	-0.325826123385243	0.670132990836528
h1SMcG0019688	-3.25837007365275	0.0000651091558936865
h1SMcG0019690	-0.568428948162394	0.192097371430125
h1SMcG0019691	-2.8129078250228	0.00015060530609025
h1SMcG0019692	-2.60237766225192	0.000000214083940820105
h1SMcG0019693	-1.98454270947421	0.000000000170312284697081
h1SMcG0019696	-2.843628293845	0.000354764107365271
h1SMcG0019697	-0.570622151025904	0.171384177934161
h1SMcG0019698	-3.15297949404026	0.000000000387270429546793
h1SMcG0019699	0.66372369238102	0.295814839621878
h1SMcG0019700	-1.42927560016923	0.181351561449221
h1SMcG0019702	-2.92061838454414	0.0170016932712084
h1SMcG0019704	-0.536008525370816	0.210641599163048
h1SMcG0019705	0.809393380648795	0.594495489997058
h1SMcG0019707	-0.444565960013289	0.0658711948231111
h1SMcG0019709	-0.166776895823933	0.672689746025975
h1SMcG0019710	2.91565414283239	0.00000000165401922251781
h1SMcG0019711	0.85253881362841	0.142163087435541
h1SMcG0019712	-1.5103354333701	0.016319550661562
h1SMcG0019727	-0.726791623047214	0.0281994505688671
h1SMcG0019728	0.656802214420618	0.0150163173357725
h1SMcG0019730	-0.764114727648438	0.604203224453383
h1SMcG0019731	-0.842716103412764	0.0142047208140958
h1SMcG0019733	-1.31749865860379	0.0150713340021163
h1SMcG0019736	-1.44289238614496	0.365179960854188
h1SMcG0019737	0.451547964459904	0.457487697577129
h1SMcG0019738	0.866821452538231	0.341145352497356
h1SMcG0019739	-1.07259814413007	0.0014034804171906
h1SMcG0019740	2.22055556225413	0.000559740427219042
h1SMcG0019745	4.25416335428768	0.000000000000000000000000000398571704057405
h1SMcG0019747	0.926603203125091	0.133307440227596
h1SMcG0019748	-1.15558509192148	0.0217992065951338
h1SMcG0019749	0.967916159524254	0.000111671793200037
h1SMcG0019750	0.414197395019406	0.327769332169046
h1SMcG0019751	-1.66932463411595	0.000153789181730001
h1SMcG0019752	-2.14163286168394	0.0000000000000129625035791524
h1SMcG0019753	1.50583474479107	0.000000279084378923578
h1SMcG0019754	1.4600345523148	0.000000435596208510769
h1SMcG0019756	-1.02649384322991	0.000258617826377526
h1SMcG0019757	5.03545298269207	0.0000000000000000000000000000000126247105891583
h1SMcG0019758	-0.0870864934704029	0.681777953777116
h1SMcG0019762	-1.03891398609439	0.288787635158116
h1SMcG0019763	0.820561840236134	0.00331279011679525
h1SMcG0019765	-0.89148105515513	0.0312793131236977
h1SMcG0019767	-0.330000161779987	0.547063089173575
h1SMcG0019769	0.339839985919952	0.32518023026901
h1SMcG0019771	-0.357531324797388	0.838643362672024
h1SMcG0019773	-2.95842213578241	0.0624167368585823
h1SMcG0019775	0.213665722517566	0.68006019999619
h1SMcG0019776	-0.071143546773312	0.868215757822773
h1SMcG0019778	0.393015722665176	0.190793242604819
h1SMcG0019779	-0.521557131829254	0.0817190550123198
h1SMcG0019780	-0.578232039863397	0.286752471361322
h1SMcG0019781	3.62526840503066	0.00000000385576124358388
h1SMcG0019782	-0.618186050699219	0.272840175160241
h1SMcG0019783	2.0939082126796	0.00928966087643792
h1SMcG0019786	-1.0848161863172	0.0679371153325762
h1SMcG0019787	-1.18903241866121	0.00000756949021752681
h1SMcG0019790	-0.317964491999422	0.381135393944394
h1SMcG0019791	-0.668333685996937	0.597259707923823
h1SMcG0019792	0.268193694408351	0.874591397590455
h1SMcG0019798	-1.97351889242676	0.168203339716678
h1SMcG0019799	-1.31254607244263	0.000167289497950548
h1SMcG0019801	-1.03998096174763	0.0000289447595996343
h1SMcG0019802	-0.366535841352131	0.71796637594377
h1SMcG0019804	0.175279426525641	0.892399994163176
h1SMcG0019805	-0.728258154586447	0.220740102565406
h1SMcG0019806	-0.330658507010079	0.674805055517178
h1SMcG0019807	-0.154783211149412	0.686291773386662
h1SMcG0019808	-0.724955660644658	0.533251388026146
h1SMcG0019810	-0.468914954658294	0.190887791491861
h1SMcG0019812	-1.03420236811523	0.363930585160741
h1SMcG0019813	-4.41939129983559	0.00000635938989603082
h1SMcG0019814	-1.09777474007801	0.0398985394932165
h1SMcG0019816	-0.476051712887172	0.654437762732723
h1SMcG0019817	-4.46933209142213	0.00000000181949262494078
h1SMcG0019819	1.9865795270486	0.000177185442562905
h1SMcG0019821	-1.39384238597293	0.00159111260190863
h1SMcG0019823	2.88879543700475	0.0000000000240524904991996
h1SMcG0019824	-0.0481626123762957	0.86084522034244
h1SMcG0019826	0.26351393639045	0.850833008548809
h1SMcG0019827	1.69112056016233	0.0351034708893332
h1SMcG0019831	0.195014832755446	0.86084522034244
h1SMcG0019835	3.09079476494591	0.0000000000000000000000117149109282559
h1SMcG0019836	0.593116659593553	0.0774167493007873
h1SMcG0019837	-1.65465289024151	0.0411181241268328
h1SMcG0019840	0.55324166979194	0.0525975140919893
h1SMcG0019841	-0.7792703384915	0.339031525278158
h1SMcG0019842	-2.81546208843893	0.0132185484416052
h1SMcG0019843	-1.25503048889776	0.0521165156402608
h1SMcG0019844	0.748917637259843	0.124541957702949
h1SMcG0019845	1.77184697649339	0.00000000000000447400218330993
h1SMcG0019846	-0.203269992815469	0.536896240642633
h1SMcG0019847	0.994275125015154	0.474626751322179
h1SMcG0019849	-0.270954534385361	0.836363209323756
h1SMcG0019851	0.680948477715143	0.585830170301188
h1SMcG0019853	0.612557111446569	0.0312285512883204
h1SMcG0019854	-1.80619920021229	0.310012703989614
h1SMcG0019856	-0.770217035734052	0.405047432534027
h1SMcG0019857	0.218534957837646	0.379467875772994
h1SMcG0019859	2.69410777521667	0.00944134514796772
h1SMcG0019862	4.24573161965459	0.0000000000000000000000000000000000000000000000000197951660518701
h1SMcG0019863	-2.78489505106178	0.0262318464173646
h1SMcG0019865	-1.82634763598033	0.020248791158311
h1SMcG0019866	-1.67552853639186	0.0141823150382554
h1SMcG0019867	-0.866581467655321	0.136861878234277
h1SMcG0019869	-0.324365693903412	0.250732221437015
h1SMcG0019871	-0.17936220590915	0.851894394953627
h1SMcG0019876	4.61070481253454	0.000502912425115714
h1SMcG0019878	0.0737317813389381	0.961048815337923
h1SMcG0019881	-0.31975742485247	0.275754658184449
h1SMcG0019882	-0.845294431426984	0.63477893931485
h1SMcG0019885	0.168768138825855	0.609738069611344
h1SMcG0019887	8.27166528058899	0.00000000000000206314667985923
h1SMcG0019889	-0.00522366743406613	0.98804936215845
h1SMcG0019890	-3.95582544526672	0.00084599229558956
h1SMcG0019891	-3.74137357443671	0.00482157769516535
h1SMcG0019892	-1.37078247966864	0.398542221617138
h1SMcG0019893	-1.98081207768131	0.00656382118216231
h1SMcG0019895	0.154465075846946	0.709130205412502
h1SMcG0019896	-0.393402108197818	0.486715177812831
h1SMcG0019897	-0.0297299979512166	0.947660716492902
h1SMcG0019898	0.444073219287234	0.542081574340774
h1SMcG0019901	-2.57536461734802	0.0502150046841046
h1SMcG0019902	-3.37499813788843	0.00788014506712246
h1SMcG0019903	-2.21078181148041	0.00377620518630667
h1SMcG0019904	-1.54209931049622	0.172489345945737
h1SMcG0019906	-2.41065993051549	0.00895409170068295
h1SMcG0019908	-3.13877590648342	0.000227790890309362
h1SMcG0019909	-4.66894180980437	0.0000297270880937663
h1SMcG0019910	-3.25412935737315	0.0000147494888894745
h1SMcG0019911	1.27362398550323	0.0148595766709667
h1SMcG0019913	0.548656581088195	0.0571864273686272
h1SMcG0019914	-0.104255215530794	0.648767603043713
h1SMcG0019915	-1.44016201586813	0.166228955667763
h1SMcG0019916	-0.0578230230620875	0.964881656254183
h1SMcG0019918	-0.233956380619812	0.485399753240001
h1SMcG0019919	1.25948793783327	0.0025175583872099
h1SMcG0019920	-2.85882449611844	0.00000000000000000000000000890992658297154
h1SMcG0019926	-0.585057936773324	0.0388639489707935
h1SMcG0019927	-2.90700990603255	0.000000000000132953029511322
h1SMcG0019928	1.77378351792528	0.0213046203348972
h1SMcG0019929	-2.35028901118121	0.000624563224460487
h1SMcG0019930	1.76672346142469	0.179358496796631
h1SMcG0019932	-0.729884179099932	0.632726627094546
h1SMcG0019935	3.77628281969235	0.0000000000113365942718819
h1SMcG0019936	-1.76182674538255	0.0100203919397526
h1SMcG0019938	0.163748922284255	0.92238999662193
h1SMcG0019939	0.271872257088871	0.680662405288023
h1SMcG0019941	0.880902956657881	0.00307854107034562
h1SMcG0019942	-1.4949446316289	0.207964513245432
h1SMcG0019943	2.03819571513297	0.0498136688539053
h1SMcG0019949	0.509956612963584	0.420644533433946
h1SMcG0019950	-0.220631475249311	0.586215824963797
h1SMcG0019951	-1.75112079091562	0.197300639793241
h1SMcG0019962	-0.947915837766737	0.30182154419857
h1SMcG0019963	1.0552772996149	0.189724160655115
h1SMcG0019964	3.38499209885383	0.0000470041102227223
h1SMcG0019965	-1.16141047084374	0.503770763124945
h1SMcG0019967	-1.27792705926628	0.295347744300777
h1SMcG0019968	-1.24799864245954	0.190178871864488
h1SMcG0019969	-0.187242253223183	0.786663844671438
h1SMcG0019970	-0.477614926495004	0.331074732811858
h1SMcG0019972	0.449722058452019	0.183029532272715
h1SMcG0019973	0.852553087463374	0.0011190546171223
h1SMcG0019974	2.43119230702633	0.000000000000000289771863466876
h1SMcG0019976	-0.0427721732533931	0.942709041124389
h1SMcG0019977	0.36924223158033	0.408360624857876
h1SMcG0019978	-0.780946068430442	0.470202444560891
h1SMcG0019979	0.291067484828469	0.797729247317181
h1SMcG0019980	0.713744682823043	0.0103136061398609
h1SMcG0019981	-3.51766570489464	0.00490200147851128
h1SMcG0019984	-1.10293398826953	0.277304894122147
h1SMcG0019985	-0.942841181667482	0.452892198426823
h1SMcG0019986	-1.35117582574693	0.130473384998363
h1SMcG0019988	-3.71183004027202	0.00116916283645297
h1SMcG0019990	0.551379342152801	0.607281596842092
h1SMcG0019991	-1.29183228598015	0.0460608794984715
h1SMcG0019992	0.70174686561235	0.572347401464404
h1SMcG0019994	-0.224269369892235	0.724572967058151
h1SMcG0019997	0.933205577501514	0.0000489317038273175
h1SMcG0019998	-1.14800336669633	0.00000000277456000202998
h1SMcG0019999	6.02649962384267	0.000000268661930577758
h1SMcG0020000	0.543190418065986	0.72073857933326
h1SMcG0020001	-0.869466908585201	0.0000295439162792887
h1SMcG0020002	-1.37022805935204	0.178127383522558
h1SMcG0020003	-0.831851873122011	0.00226355171938442
h1SMcG0020005	-1.38760667405875	0.105198836541176
h1SMcG0020007	-0.69343126964133	0.0306773888485835
h1SMcG0020011	-1.38286135614729	0.274039155789127
h1SMcG0020012	-1.78511537202619	0.169919439390783
h1SMcG0020013	-0.316137584296574	0.569455509503778
h1SMcG0020014	1.48380966463004	0.11915501613362
h1SMcG0020015	0.207146665798716	0.875733472713702
h1SMcG0020017	-0.120352212415648	0.905781831408979
h1SMcG0020018	-1.33564591496749	0.11310468054922
h1SMcG0020020	-1.75259431490261	0.00000307177505315188
h1SMcG0020022	0.392436373582334	0.680156896881924
h1SMcG0020024	6.13693504359289	0.0000000000381438000342161
h1SMcG0020025	0.707765857588196	0.440058270094913
h1SMcG0020026	-0.317448936048102	0.600763808027309
h1SMcG0020027	-3.0246256677351	0.00448899854619889
h1SMcG0020029	0.863785811429694	0.0199882069597973
h1SMcG0020030	0.0373311408974495	0.973264542882895
h1SMcG0020032	1.35429807160307	0.00209692858034995
h1SMcG0020034	0.302622237928203	0.734039873663015
h1SMcG0020035	0.193453919615146	0.852655975874916
h1SMcG0020036	-1.62862536864943	0.1721958709841
h1SMcG0020037	-0.110586740751418	0.895074841788672
h1SMcG0020038	-0.442005494013229	0.733345834234399
h1SMcG0020039	-0.84073733218575	0.591595551654794
h1SMcG0020040	0.0905822683468962	0.896182371014667
h1SMcG0020042	-1.53813964501457	0.337349379158954
h1SMcG0020044	-2.44023967935995	0.00237024516465259
h1SMcG0020045	0.224702217433426	0.803214858203224
h1SMcG0020046	3.59777117222758	0.00000185783876711372
h1SMcG0020047	1.08708627688254	0.00301877001265082
h1SMcG0020048	-1.45517363463874	0.0307908208517645
h1SMcG0020049	-0.497795861790882	0.563687927478161
h1SMcG0020052	-1.05995121513112	0.00741071762265021
h1SMcG0020053	3.00397809812618	0.00441730666269795
h1SMcG0020055	-2.75870078053899	0.0913545849213766
h1SMcG0020056	-1.97209666195098	0.156563079765566
h1SMcG0020057	-0.304856773166325	0.713456846292202
h1SMcG0020058	0.669989727806157	0.0340488801904797
h1SMcG0020059	-1.54409745247123	0.00276077296777428
h1SMcG0020061	2.47494261280224	0.00122331764460669
h1SMcG0020063	-0.330473927375144	0.865399401055714
h1SMcG0020064	1.7782479212249	0.0840196053498419
h1SMcG0020066	1.55296288980544	0.00942690310133109
h1SMcG0020067	0.21723502891134	0.778656533627729
h1SMcG0020068	-1.71942398320337	0.0435601298926334
h1SMcG0020070	-2.05999811467939	0.210314608533575
h1SMcG0020072	2.37721498251705	0.0297813042377844
h1SMcG0020074	-0.0636068014852997	0.973031133608322
h1SMcG0020075	-0.205212023176856	0.779198171672288
h1SMcG0020076	0.553285090860338	0.626661205566225
h1SMcG0020077	-1.30440926192912	0.000549546111850296
h1SMcG0020078	1.62831352140252	0.00000452074635143565
h1SMcG0020079	0.211678026179656	0.631424205195108
h1SMcG0020082	-0.787044838869546	0.00364986272729671
h1SMcG0020083	0.159566379971321	0.81046504540586
h1SMcG0020085	0.172664299969397	0.698451341050339
h1SMcG0020088	4.96867354153172	0.00000000000287643974878443
h1SMcG0020090	-0.534977924405261	0.261143438992859
h1SMcG0020091	0.970779474719506	0.0413408964122113
h1SMcG0020093	-0.59332946715466	0.373664826706722
h1SMcG0020095	-3.23346776037463	0.0158689690557384
h1SMcG0020096	-1.6432451064873	0.171570279713251
h1SMcG0020097	2.90763180272406	0.00000444128396475351
h1SMcG0020101	-4.42230501073509	0.000216544465009291
h1SMcG0020106	0.76325318989569	0.0238621831062927
h1SMcG0020109	-1.50698748667274	0.0974219544445814
h1SMcG0020110	0.122205521837216	0.720525776417453
h1SMcG0020111	-0.436357185900691	0.699694503496487
h1SMcG0020112	0.623252142673969	0.0339510233392769
h1SMcG0020113	-0.301646041663229	0.59524603616969
h1SMcG0020116	0.592407199331059	0.0234668561718985
h1SMcG0020117	-0.827323652165516	0.169906259495629
h1SMcG0020118	-1.79308612078403	0.165862723045626
h1SMcG0020119	0.592760817414455	0.450581348290427
h1SMcG0020120	1.24462051489473	0.000000000295778063480212
h1SMcG0020121	-1.22888513514285	0.0125494089771678
h1SMcG0020124	-0.00990418645120104	0.986747954526899
h1SMcG0020125	0.102057446387302	0.942743121363678
h1SMcG0020126	-1.68862877841673	0.0134092487170596
h1SMcG0020129	-0.690986344031807	0.217846405467963
h1SMcG0020131	-0.998457393149481	0.0826523389422427
h1SMcG0020134	0.587973478276494	0.0626919610269965
h1SMcG0020136	1.40522057470014	0.000000000776890595017241
h1SMcG0020137	0.247579944489069	0.849231617959973
h1SMcG0020138	0.387494813361411	0.328934445098662
h1SMcG0020144	-0.882887874181454	0.000167709133280189
h1SMcG0020145	0.897814293706166	0.0169530455219765
h1SMcG0020148	-1.83274190568676	0.00674522943049096
h1SMcG0020150	3.89876707688618	0.000000227816799757644
h1SMcG0020151	-2.67172734154201	0.0373641110369548
h1SMcG0020152	0.312189859030034	0.169919439390783
h1SMcG0020153	0.18904474902837	0.899721361133338
h1SMcG0020155	-1.33353670276504	0.0429287075795948
h1SMcG0020156	-0.907123713847613	0.0781875789237828
h1SMcG0020157	-1.34039139863556	0.0653741699279794
h1SMcG0020158	-1.1506557808879	0.00669129085741634
h1SMcG0020160	-1.23758183728839	0.144471777134456
h1SMcG0020161	3.33174170891879	0.00000000000178160574080549
h1SMcG0020172	6.19328913781308	0.00000106769744089617
h1SMcG0020174	-0.746109248232608	0.459781210705967
h1SMcG0020176	0.740642647728866	0.000178275341780637
h1SMcG0020177	-0.574969338040876	0.0329807194891809
h1SMcG0020178	-2.26313154977958	0.0210100901125686
h1SMcG0020179	3.5986351152906	0.0000000000000000000000000321283692014276
h1SMcG0020180	-1.06430052249721	0.11206808761255
h1SMcG0020187	-1.17345027538171	0.1115785567072
h1SMcG0020191	-0.501651416758735	0.300627947329578
h1SMcG0020194	-1.04142099784502	0.00261919080250652
h1SMcG0020195	-0.265034678510758	0.256525318888905
h1SMcG0020196	-1.1171411030716	0.000777245824111143
h1SMcG0020197	0.0836213533814419	0.78677711573046
h1SMcG0020199	-0.929579551996329	0.476855291995453
h1SMcG0020202	0.353641806659758	0.328236417715407
h1SMcG0020204	0.0427979825830731	0.924166218928185
h1SMcG0020205	-2.42504969086134	0.00000000000237074094971803
h1SMcG0020207	-0.207133208731839	0.726953561651729
h1SMcG0020208	1.40365815919934	0.224198873327001
h1SMcG0020209	1.30370814409749	0.0704131475606183
h1SMcG0020210	0.893755828827732	0.0468237234466751
h1SMcG0020211	-1.36804569691874	0.000000107008623746919
h1SMcG0020212	3.15881814024534	0.000000000000000000000000000000000000000360673881407715
h1SMcG0020215	0.482861167604131	0.248308579156223
h1SMcG0020217	-0.327849506663304	0.485031693613063
h1SMcG0020219	-2.19995203283278	0.165020087678679
h1SMcG0020223	2.19362975039355	0.000000000000000000000000000000000000000000000000688308205496111
h1SMcG0020244	-1.27428708201991	0.377965885095782
h1SMcG0020245	-0.864246691892515	0.00216281779729229
h1SMcG0020246	-2.08943498463457	0.000000000000165734459670352
h1SMcG0020247	-0.278435830806303	0.507015203151396
h1SMcG0020248	0.764529045274602	0.00498327396419321
h1SMcG0020249	-0.231436528393053	0.565515091000821
h1SMcG0020250	5.14448099895004	0.00000000000000000000000000000190210515640284
h1SMcG0020251	6.59782062366606	0.0000000371149539047452
h1SMcG0020252	1.46861013129642	0.0692495872900669
h1SMcG0020253	-1.0187328636968	0.0469413353045864
h1SMcG0020254	-1.49968293158244	0.000491348521266946
h1SMcG0020255	2.5320159675513	0.0117938751698623
h1SMcG0020257	-1.6781297658833	0.289908353375609
h1SMcG0020258	3.37594927629142	0.000000804585435961988
h1SMcG0020259	0.911559082802555	0.339329717032012
h1SMcG0020260	-1.10330145872723	0.140883930866197
h1SMcG0020261	-0.343087327833907	0.852358218373559
h1SMcG0020263	-0.327883027759516	0.808288440751788
h1SMcG0020265	-0.446079497083312	0.787179763759551
h1SMcG0020269	-1.35263432917758	0.0000719679535938999
h1SMcG0020270	-1.75800182361884	0.0000000532471602727744
h1SMcG0020273	0.853429249476831	0.274459327491517
h1SMcG0020275	0.248750769081974	0.575945849867143
h1SMcG0020276	0.745594614467944	0.257501734441215
h1SMcG0020278	-0.549366652003496	0.267472390964082
h1SMcG0020280	-0.71190204432199	0.132553497759169
h1SMcG0020281	-0.147443582907727	0.834114581256831
h1SMcG0020283	1.11046798421836	0.0000213119449850429
h1SMcG0020285	3.80585736018661	0.00041467210336162
h1SMcG0020287	2.89167724409068	0.00210620483858321
h1SMcG0020288	-1.41373299392584	0.0954598867300043
h1SMcG0020289	-1.32662970124144	0.0566347350378525
h1SMcG0020290	-3.26338499182402	0.00605148212381123
h1SMcG0020291	0.418845181974876	0.301601738472592
h1SMcG0020292	-0.802073473672371	0.153911031688144
h1SMcG0020300	1.41543801788178	0.0468237234466751
h1SMcG0020304	6.67477523469878	0.0000000224718425287343
h1SMcG0020305	6.51847281973612	0.0000000000000000000184525478806598
h1SMcG0020306	1.64889188666157	0.0631785247459794
h1SMcG0020307	3.76092428692098	0.000472047097826219
h1SMcG0020309	2.88720797242584	0.00000127807919178357
h1SMcG0020310	-1.52062094117367	0.0118332639615585
h1SMcG0020316	2.44495198089841	0.0000000000680645453007486
h1SMcG0020318	1.5422955067188	0.00000000159443242770523
h1SMcG0020319	0.48344531444128	0.26674264822086
h1SMcG0020321	-2.62378256740065	0.00280749610350066
h1SMcG0020322	-0.83511899762481	0.0214473529726243
h1SMcG0020324	-0.740598822385614	0.496543707367087
h1SMcG0020325	-1.60050408203949	0.232560747780509
h1SMcG0020326	-0.0356801303345933	0.910360304473619
h1SMcG0020327	-0.496133412023503	0.0739826122246376
h1SMcG0020328	0.713235756996629	0.248504763432977
h1SMcG0020329	0.211584332662322	0.778366267047976
h1SMcG0020334	-0.740154907041707	0.408151637478964
h1SMcG0020338	-5.13719628637597	0.00000154422478617443
h1SMcG0020349	-0.53204453729158	0.147182801353374
h1SMcG0020350	0.31102801878659	0.469744119222723
h1SMcG0020353	0.843340125750944	0.210311445689078
h1SMcG0020354	-0.567960473372187	0.625687354120974
h1SMcG0020358	0.310711258565328	0.547863553135001
h1SMcG0020359	-0.0964045706752869	0.79829657784247
h1SMcG0020360	-2.29677209338694	0.0511368853242858
h1SMcG0020361	-1.22733320938801	0.012728819934495
h1SMcG0020362	0.20333468322185	0.706489830451328
h1SMcG0020363	5.4209542214403	0.0000000000000000151769813335094
h1SMcG0020364	0.302553371205913	0.791271625607258
h1SMcG0020365	2.74695019718288	0.0000000448902548334007
h1SMcG0020367	-0.636300889210074	0.583660647756934
h1SMcG0020368	-0.89466094431985	0.213473665540126
h1SMcG0020369	-0.699263525191432	0.435561078728588
h1SMcG0020370	1.53765379929621	0.0016376846019347
h1SMcG0020374	-2.81898332031479	0.0100689341592908
h1SMcG0020376	-3.17873910502146	0.00732196324072323
h1SMcG0020377	0.41905594264498	0.813905911142092
h1SMcG0020380	-1.12954860273193	0.0122435775608436
h1SMcG0020382	-1.89428071901871	0.024038732746312
h1SMcG0020383	-0.270800897552478	0.750563315172931
h1SMcG0020384	-0.245527996755485	0.312787368238693
h1SMcG0020385	-0.061803136804425	0.865100726761441
h1SMcG0020386	-0.224318734486112	0.728388279838653
h1SMcG0020389	-1.71981107918646	0.205742721723496
h1SMcG0020390	0.698127964086595	0.012265140673176
h1SMcG0020392	-0.605255743343985	0.226104435714216
h1SMcG0020393	1.84520337999372	0.0451770589452918
h1SMcG0020398	-0.0564482044071929	0.95737246174469
h1SMcG0020401	3.07735577318426	0.0000000000000000000000000000000000000000000112793806255456
h1SMcG0020403	-1.41696545021017	0.00000905544872436334
h1SMcG0020405	1.95402530950382	0.000000000500033917531647
h1SMcG0020407	-1.57677804984777	0.00157719677826845
h1SMcG0020408	-1.65355966712781	0.115370251744589
h1SMcG0020410	-0.477048697792134	0.64491169937791
h1SMcG0020412	3.05183715626813	0.0000000000000000000818085404348004
h1SMcG0020413	-0.072770481317632	0.916003748206041
h1SMcG0020414	0.334773378579581	0.764427758631301
h1SMcG0020415	-0.531142790845661	0.47764062837594
h1SMcG0020416	-0.240588282701119	0.522571358112591
h1SMcG0020417	-0.463336686556938	0.296520411749209
h1SMcG0020422	2.01025749455455	0.0000000016719276651447
h1SMcG0020423	0.81557025009726	0.565832404747799
h1SMcG0020425	0.308920119586452	0.442921746013227
h1SMcG0020428	0.453079505872098	0.602688858026643
h1SMcG0020429	-1.68660690382715	0.00000375121072614763
h1SMcG0020430	1.5440383169101	0.0000000454678149593007
h1SMcG0020431	-1.22602300814326	0.0000924163396842093
h1SMcG0020432	-1.15369250208572	0.347092351175066
h1SMcG0020434	-1.74802216639214	0.0245269948608957
h1SMcG0020435	0.360168087564962	0.607766281375815
h1SMcG0020439	-1.63756524570989	0.0139920341083268
h1SMcG0020440	-0.205302367135814	0.804295669803709
h1SMcG0020443	-0.305960785022868	0.803713960194964
h1SMcG0020445	-1.17418296450766	0.402396613597574
h1SMcG0020446	1.11209555864038	0.11455555388665
h1SMcG0020447	-0.149270201846155	0.734393649438657
h1SMcG0020449	2.66268526161859	0.000000387477710834639
h1SMcG0020450	2.58882243026883	0.0000000000729849372414154
h1SMcG0020452	-1.16364630502428	0.0147413573057584
h1SMcG0020453	-1.22759948753468	0.0629056781623016
h1SMcG0020454	-0.826233247056577	0.607068304015407
h1SMcG0020455	-0.227282140564073	0.898165638619502
h1SMcG0020456	-1.21144767105634	0.489556117701489
h1SMcG0020457	-2.04335954362244	0.000354563711449027
h1SMcG0020458	0.985205335962964	0.0000743081495664144
h1SMcG0020459	-0.292138926119211	0.488023740950202
h1SMcG0020460	-0.133362614651362	0.938377987810033
h1SMcG0020461	-2.23229303867802	0.0198336817320126
h1SMcG0020464	-0.893014650803255	0.00302926596630394
h1SMcG0020465	-1.43326696620804	0.252122065198366
h1SMcG0020468	-0.808064053784603	0.490955493564413
h1SMcG0020471	-0.280097537998457	0.884107397406669
h1SMcG0020473	-1.35680318260396	0.0000000000242134537514163
h1SMcG0020475	0.783693790251248	0.206382219283602
h1SMcG0020477	2.28625032318151	0.0113056828533445
h1SMcG0020479	-1.28785051449304	0.000256431771684354
h1SMcG0020480	-1.00721182153831	0.283635879382474
h1SMcG0020481	0.420684974249188	0.333142824424482
h1SMcG0020483	0.641330992984554	0.387647802187906
h1SMcG0020484	0.218543477804503	0.828788880585915
h1SMcG0020485	0.134577233139375	0.729698009000802
h1SMcG0020489	2.31480133412314	0.000000287384173309198
h1SMcG0020490	2.40440984079124	0.000000000000000120473442486516
h1SMcG0020491	0.539774077479129	0.302926899667284
h1SMcG0020492	-1.34280903406759	0.00939305172963158
h1SMcG0020493	0.814901724517591	0.293659013125152
h1SMcG0020494	0.122653186189607	0.842480537528782
h1SMcG0020496	3.50892367649235	0.000940740900305211
h1SMcG0020497	0.106386408053623	0.82677293104214
h1SMcG0020498	2.18803021165615	0.0000000000000172804110007948
h1SMcG0020499	-0.415557163680761	0.816953797067511
h1SMcG0020501	2.59668745605298	0.000157841929481164
h1SMcG0020502	-2.45673586457321	0.03282609867212
h1SMcG0020505	-0.184486357159787	0.846497027363738
h1SMcG0020507	0.257159131707763	0.546168623870695
h1SMcG0020508	2.22552980941132	0.00000000360957976970433
h1SMcG0020509	3.28250551886856	0.0000000143153128652468
h1SMcG0020510	-0.0216372963256355	0.959716462644293
h1SMcG0020512	-1.23771696341427	0.415617199928637
h1SMcG0020513	1.6679399027337	0.00000772362983841733
h1SMcG0020514	-1.93183937128521	0.000224588389638875
h1SMcG0020515	2.64670024360825	0.00000000000490799717743566
h1SMcG0020516	-2.15605756046618	0.0390245513527897
h1SMcG0020517	2.46603550338317	0.000106749016160333
h1SMcG0020518	1.90011847719086	0.00995035912446711
h1SMcG0020520	3.07845102843591	0.000000100951914080131
h1SMcG0020521	2.67775808363885	0.0000000561323538584322
h1SMcG0020527	-0.883436857387916	0.100926438966072
h1SMcG0020529	-0.380409051699018	0.80529511820664
h1SMcG0020531	6.43474495179526	0.0000000000000000461609302852116
h1SMcG0020535	0.434474618537508	0.772813180868114
h1SMcG0020536	1.36594827543845	0.000022735658931352
h1SMcG0020537	-3.72226089065249	0.00000000000000000000000000000000000000000000000000000109438570428216
h1SMcG0020538	-0.223570728126189	0.838643362672024
h1SMcG0020539	-2.99609628762544	0.0106841416708735
h1SMcG0020542	-1.11114669051447	0.00000797220168085808
h1SMcG0020544	-0.753180316588084	0.229070344130198
h1SMcG0020545	-1.79288585590568	0.292835507631354
h1SMcG0020547	-1.96448190980801	0.11830384305856
h1SMcG0020548	2.24121646978082	0.000000000000000000215857231998645
h1SMcG0020550	-0.254773378140435	0.5084990895626
h1SMcG0020552	0.505220532694027	0.431700415777345
h1SMcG0020554	-0.274687217435956	0.746676437171491
h1SMcG0020555	-0.000762944253293855	0.999612918745415
h1SMcG0020556	7.31201815254116	0.0000000000000000000000192069489353213
h1SMcG0020557	-0.408942902253253	0.649517640843198
h1SMcG0020558	-1.91995976582983	0.00585688970207868
h1SMcG0020559	2.16178096639078	0.000000000000000124589231574219
h1SMcG0020560	-1.01514331133889	0.174428142463103
h1SMcG0020562	-0.48378382015245	0.233337303531414
h1SMcG0020570	0.147725301170958	0.763040277804262
h1SMcG0020571	-0.197454625939159	0.825936114678388
h1SMcG0020573	1.31213242354962	0.256171731292213
h1SMcG0020575	2.40363686000099	0.000000840015887535083
h1SMcG0020576	2.41131519561982	0.00305456058853868
h1SMcG0020577	0.183478707147492	0.847906816566324
h1SMcG0020578	-2.58938556335457	0.0205237920325421
h1SMcG0020579	0.17523140858972	0.920403436534769
h1SMcG0020581	-1.10526316279055	0.0161539811386611
h1SMcG0020582	0.138060665458485	0.773524819969263
h1SMcG0020583	-1.33287399500402	0.000000958570911275588
h1SMcG0020584	1.48812643734585	0.101423710207986
h1SMcG0020587	-0.214007141292149	0.734446167383814
h1SMcG0020588	-1.00113036521105	0.538564856719786
h1SMcG0020589	-0.917401078528917	0.261159088033968
h1SMcG0020590	2.46205336470202	0.00000000000288283345111916
h1SMcG0020591	-0.136613600405041	0.794821805891766
h1SMcG0020592	-2.34750111774269	0.000000000000000000000739810567716018
h1SMcG0020594	3.06741708035448	0.00000941255094783932
h1SMcG0020596	2.18809481211685	0.00000000000387524095354945
h1SMcG0020597	-2.52120136395034	0.0864925749431215
h1SMcG0020599	-0.94742138191785	0.0872252853959488
h1SMcG0020600	-0.258419551854466	0.831500274720405
h1SMcG0020602	-2.64121045436149	0.00116144641049683
h1SMcG0020603	0.533033570326834	0.313693749426577
h1SMcG0020604	-0.103379449337339	0.940038842839955
h1SMcG0020605	0.847390269095478	0.099801930016369
h1SMcG0020609	-1.49128474931571	0.0176695055334113
h1SMcG0020611	0.618955282657129	0.0450148758044202
h1SMcG0020613	-0.447408318934999	0.292565695190912
h1SMcG0020615	-0.536249652688755	0.569160400471393
h1SMcG0020616	3.17190417293218	0.000575056600297808
h1SMcG0020618	0.853273779659449	0.000433037754864113
h1SMcG0020619	-0.489254966916134	0.337138500595613
h1SMcG0020622	-1.8289319751323	0.221430746716905
h1SMcG0020623	-1.42385142058991	0.00000311643665365387
h1SMcG0020626	3.95451882916886	0.0000000000000000325713078347819
h1SMcG0020627	3.12199825805768	0.000000000000000134220962149564
h1SMcG0020628	-0.434283832238718	0.715721989441049
h1SMcG0020629	2.8091447550752	0.0000000000000000000000000000000635850508127711
h1SMcG0020636	0.731184150219792	0.00681357813904639
h1SMcG0020637	-0.308222923330232	0.465595787320915
h1SMcG0020638	-0.166805952274727	0.816630548522587
h1SMcG0020639	1.51698135132792	0.0000224755922904764
h1SMcG0020640	-1.74672509147152	0.00729481591547416
h1SMcG0020643	2.28559572215056	0.0000493345021327281
h1SMcG0020644	-0.758784127233788	0.312833104768359
h1SMcG0020645	3.06448517380255	0.0000427628217845631
h1SMcG0020647	-1.35968022774575	0.0724619289143272
h1SMcG0020651	-0.572232923797609	0.296242197242101
h1SMcG0020652	1.22292169409841	0.00527774511367662
h1SMcG0020653	-1.23567833478671	0.0147530236913174
h1SMcG0020656	-0.974233072111852	0.48746666379863
h1SMcG0020657	-2.45674514319957	0.00000660604867798791
h1SMcG0020658	-0.921286818040624	0.134552268370123
h1SMcG0020660	-2.62392529642433	0.00356138565089246
h1SMcG0020661	-0.597669073085701	0.0741623434386958
h1SMcG0020662	0.291128049658516	0.806275184270458
h1SMcG0020663	-2.84724577674047	0.0715541240119045
h1SMcG0020664	-0.644935044229977	0.111178996986038
h1SMcG0020666	-1.62798430990063	0.000000098647205097739
h1SMcG0020667	-1.7490187554685	0.186958448541514
h1SMcG0020668	-0.320400562025657	0.752097540947605
h1SMcG0020671	-1.86425705472425	0.0000502765163241771
h1SMcG0020673	0.764846699974745	0.595597355200383
h1SMcG0020674	0.480247583796462	0.699694503496487
h1SMcG0020675	-1.6920355445871	0.00307878690694297
h1SMcG0020676	-1.17605967713155	0.084730577596898
h1SMcG0020682	1.07105880021928	0.138214027650207
h1SMcG0020683	-2.63821437598231	0.0420383863533507
h1SMcG0020684	-1.47257739492511	0.363245953929204
h1SMcG0020686	2.27423071749584	0.000000000000000000000000000000546675268504784
h1SMcG0020687	-1.91645295251837	0.00216469709567453
h1SMcG0020688	2.34194817687725	0.0000194471210010447
h1SMcG0020689	-1.29075756533834	0.000512568956898401
h1SMcG0020690	1.1845015162061	0.000251350504346372
h1SMcG0020692	-1.24437788749742	0.130536253231078
h1SMcG0020693	-0.55823406053645	0.518993369777218
h1SMcG0020694	-1.67055150476878	0.291169206307967
h1SMcG0020695	0.804473787877106	0.00644913027405284
h1SMcG0020696	1.42548703182833	0.0000593198506061362
h1SMcG0020697	1.29176546022734	0.00165412929491462
h1SMcG0020699	0.618001375468306	0.59858707364088
h1SMcG0020701	-2.42852156807488	0.000000840015887535083
h1SMcG0020702	0.843619645233859	0.545107931365567
h1SMcG0020703	0.591579113022755	0.396977014221457
h1SMcG0020707	-0.422746926527124	0.275792750771009
h1SMcG0020708	0.277822436690041	0.736332941992086
h1SMcG0020709	2.39965397507319	0.0000865314284035268
h1SMcG0020710	1.61156372969976	0.000000822475980083491
h1SMcG0020711	3.54416563728819	0.0000000207376029428236
h1SMcG0020712	3.12497223874567	0.0000000000000370707603941186
h1SMcG0020713	1.38651829003288	0.260665885827849
h1SMcG0020714	5.6825097471087	0.0066004241140165
h1SMcG0020715	-0.0138111260219096	0.991755530938718
h1SMcG0020716	-0.604874113578318	0.355544548331914
h1SMcG0020717	0.994091545456449	0.0000024969468930824
h1SMcG0020718	0.861992594190677	0.00108492167859492
h1SMcG0020719	0.949162478634083	0.0000167001098097916
h1SMcG0020721	0.448171014126873	0.558383568801964
h1SMcG0020724	3.05843095902207	0.00000000000000000000000000439448658676404
h1SMcG0020725	7.91003697110635	0.0000000000000000000000301123166013335
h1SMcG0020726	-1.56783067106503	0.000308343282187618
h1SMcG0020728	1.75439630131311	0.0000000116924067806948
h1SMcG0020730	-2.46430396477272	0.000000940722071529591
h1SMcG0020731	-1.73160928056095	0.236553142524801
h1SMcG0020733	0.456891880557199	0.748094311832088
h1SMcG0020734	-2.1151728734585	0.0000106056122281548
h1SMcG0020735	0.0453867852511386	0.964617277202244
h1SMcG0020736	-2.82528178469447	0.000784110749163467
h1SMcG0020738	0.580582843835989	0.654418278589254
h1SMcG0020741	0.884241054328648	0.00123981181914362
h1SMcG0020742	1.21630705720193	0.0493593404441278
h1SMcG0020743	0.369607260351758	0.736347565187387
h1SMcG0020744	1.75911297771543	0.0000000341991751367315
h1SMcG0020745	2.56077542928695	0.0000930837383569069
h1SMcG0020746	0.609690313638874	0.101490021319422
h1SMcG0020747	1.69709043061103	0.00535752470185852
h1SMcG0020748	-0.841167325334896	0.0857969754481632
h1SMcG0020751	3.02481787068471	0.0000537120992522798
h1SMcG0020752	0.241585040475273	0.775804181610306
h1SMcG0020753	1.36189447508711	0.141676293494099
h1SMcG0020756	3.28557392164537	0.00166690077757987
h1SMcG0020757	4.83484015694851	0.0000000000000000000000000000000000000000000141627698483975
h1SMcG0020758	0.315484009699429	0.281355278171553
h1SMcG0020760	-1.77634003041745	0.000000000000116494837023688
h1SMcG0020761	-0.0129759309718329	0.980999582281918
h1SMcG0020762	-1.90239344701811	0.000000000000000186409246483964
h1SMcG0020777	-1.00098364040067	0.19856372114325
h1SMcG0020779	0.863422274208566	0.201853246149833
h1SMcG0020780	0.393427082610797	0.770560515827097
h1SMcG0020783	0.436081095553574	0.267810375166833
h1SMcG0020787	1.37670637898739	0.00415603885012534
h1SMcG0020788	4.1269645677917	0.00000324350602073213
h1SMcG0020789	3.18673944423903	0.00000000312095164484808
h1SMcG0020790	0.496379995816995	0.56713933654736
h1SMcG0020791	1.58101051029447	0.0000026395372902404
h1SMcG0020792	0.679888766647355	0.00920954770971169
h1SMcG0020793	1.65063482316348	0.00000159931334088209
h1SMcG0020794	0.296054092767421	0.458347310832422
h1SMcG0020795	3.02306556581053	0.00000000000936108756851754
h1SMcG0020796	-1.3476818079118	0.13427445989375
h1SMcG0020797	-0.32171079125683	0.760661258820858
h1SMcG0020798	-1.74750310639123	0.0000401480118724501
h1SMcG0020799	-0.075552760851031	0.944764608494957
h1SMcG0020801	2.98222771635927	0.000000000000000000000000000000000000000829641082935291
h1SMcG0020802	-0.172963577733641	0.905596456946883
h1SMcG0020804	-0.843154271439786	0.000492349088147757
h1SMcG0020805	-0.870519803897332	0.133951408265356
h1SMcG0020806	-0.334816706429358	0.470123283032784
h1SMcG0020807	2.34299986578639	0.0308276223840931
h1SMcG0020808	-0.658308581005322	0.101327230198657
h1SMcG0020809	0.892240038821836	0.000000669960809792826
h1SMcG0020810	3.69096938512437	0.0000000000000000000000314136375804688
h1SMcG0020811	-2.00615570523977	0.000000000000000000000000000116012286069974
h1SMcG0020812	-0.816663872954864	0.12378312663254
h1SMcG0020815	-2.06290608774195	0.000000000376626352489606
h1SMcG0020817	-2.28365836204294	0.00193263218409177
h1SMcG0020818	0.186161039345882	0.818559583690544
h1SMcG0020820	-1.83694087869971	0.000000335404142504171
h1SMcG0020823	-1.28525647823079	0.0833346317932205
h1SMcG0020824	-2.03852076912936	0.14186594927176
h1SMcG0020825	-1.39432248674055	0.000000536825481193675
h1SMcG0020826	-1.62328585080636	0.109001184829884
h1SMcG0020829	0.140345438605465	0.736227568666297
h1SMcG0020831	-0.970649308733551	0.195146430225671
h1SMcG0020832	0.815736589846593	0.0269363108403919
h1SMcG0020833	0.181438888234616	0.541329543848637
h1SMcG0020835	2.25057144472362	0.00000000151415467858148
h1SMcG0020836	5.82252206396789	0.000000000000000000000000000000000000000000000000000000214459329995954
h1SMcG0020837	1.08291553819688	0.31699049036617
h1SMcG0020839	1.03510036958893	0.0345894578122925
h1SMcG0020840	-1.47010314200495	0.152698156024041
h1SMcG0020841	-0.446516639334209	0.227583604026986
h1SMcG0020842	2.62284022231847	0.0000000000000000000623423682181076
h1SMcG0020843	-5.1566416274766	0.0000000125607642727225
h1SMcG0020844	-3.61419687381447	0.0000996962246432772
h1SMcG0020846	0.71469464257146	0.195889723531903
h1SMcG0020847	0.351637312455222	0.78196950052074
h1SMcG0020849	-1.14407664365541	0.000797816702969079
h1SMcG0020850	-2.72583054177545	0.000635896306000393
h1SMcG0020851	-1.75232905615742	0.0612976608403733
h1SMcG0020852	-0.93361104044386	0.0248323647766691
h1SMcG0020853	0.338868063240605	0.48144471183715
h1SMcG0020855	-1.84504642404425	0.0668899978724559
h1SMcG0020856	-0.849410592733176	0.436608552173911
h1SMcG0020858	1.67853886651261	0.00494501521682281
h1SMcG0020859	-0.676067094877968	0.372515486510944
h1SMcG0020860	-1.06521079890521	0.489977648044262
h1SMcG0020862	4.85391211006892	0.0000000354626097103861
h1SMcG0020863	0.618302690914389	0.482077137956732
h1SMcG0020866	-0.190690603794859	0.898675893713224
h1SMcG0020870	-0.0241621573650234	0.989607537100976
h1SMcG0020873	3.21948948689547	0.00000000000000801780088634206
h1SMcG0020874	-2.53721242088516	0.00151137245032395
h1SMcG0020875	-0.572459400270998	0.526164644728548
h1SMcG0020876	0.419016252368687	0.692191726955432
h1SMcG0020877	-0.41104077296165	0.45950665889005
h1SMcG0020880	-1.93545430736201	0.00000000000000640733624937704
h1SMcG0020881	1.3258208686566	0.248243020698223
h1SMcG0020882	0.544846411683459	0.106252458424429
h1SMcG0020883	-1.81002747978134	0.11915501613362
h1SMcG0020884	-1.15124359315889	0.00231479130402139
h1SMcG0020885	-1.92655460231181	0.000000000000958209803657615
h1SMcG0020886	3.73526846729987	0.0000000000000000000000134894201729842
h1SMcG0020887	-1.56842777671791	0.0317690507479413
h1SMcG0020890	-0.912332682343531	0.0507787057733597
h1SMcG0020891	-0.597686726299022	0.086631839974074
h1SMcG0020893	-2.86769973550581	0.00000216043567946229
h1SMcG0020895	0.433511873038686	0.151244317912014
h1SMcG0020897	3.64885557457634	0.000000000000000000000000000000000000000000000435994578103174
h1SMcG0020900	-0.867598984258129	0.532647775156309
h1SMcG0020903	-0.253335819424146	0.760220459666834
h1SMcG0020904	0.0315353094623829	0.984598012990071
h1SMcG0020906	0.68570919946712	0.0168407575346275
h1SMcG0020907	2.00196085214231	0.00319317086971898
h1SMcG0020908	0.282272740113435	0.376645595146592
h1SMcG0020909	1.68682291400586	0.019973328126477
h1SMcG0020910	2.17758947902082	0.0000000464059215102336
h1SMcG0020911	-1.23551783394291	0.000208752186103909
h1SMcG0020913	1.58278053030508	0.00389369810028871
h1SMcG0020914	-0.860851083332078	0.502159729428695
h1SMcG0020915	7.00861416975999	0.000000000073253172679205
h1SMcG0020916	-1.44971355298199	0.00000261209775181992
h1SMcG0020917	-1.93672504051073	0.000794803579909291
h1SMcG0020918	0.148745165635769	0.850833008548809
h1SMcG0020920	-1.47611598476906	0.0000000904621864113493
h1SMcG0020923	0.814056666508413	0.500242158756011
h1SMcG0020925	-2.84809425125149	0.00000204697674719169
h1SMcG0020926	-1.81400065930695	0.00497581790438606
h1SMcG0020927	0.34625957652517	0.59362000478261
h1SMcG0020928	1.91678775051764	0.0168793609443795
h1SMcG0020929	2.558405101329	0.00000525660398695054
h1SMcG0020930	-0.667363888715281	0.353619334124112
h1SMcG0020932	4.70605739646404	0.000000000000000000000000000245410387485076
h1SMcG0020934	0.192886292303411	0.735527610072438
h1SMcG0020936	0.153397391743916	0.816251511228413
h1SMcG0020937	-0.554559553348624	0.0943939128406113
h1SMcG0020941	-1.52500582158529	0.00533534940191059
h1SMcG0020942	2.39674122649071	0.00000000195702745915145
h1SMcG0020943	0.780120623133509	0.0690409458066654
h1SMcG0020944	3.47348871788109	0.000000000000000000000000377272426575454
h1SMcG0020945	-0.115240330220164	0.844485448470716
h1SMcG0020946	-0.238443470184142	0.329840547491684
h1SMcG0020948	-0.820397192639459	0.116867461434452
h1SMcG0020949	-0.605136380796209	0.248694578351246
h1SMcG0020950	-1.47979495852037	0.173371558851137
h1SMcG0020951	-1.0950950404302	0.111785915236316
h1SMcG0020953	-0.639263377321377	0.70795023722877
h1SMcG0020954	3.86140889140185	0.000310982438528788
h1SMcG0020958	0.0261722001064687	0.93009289247098
h1SMcG0020959	-0.614474367391936	0.440443063041635
h1SMcG0020960	-1.34669375723401	0.0955831440736317
h1SMcG0020961	-0.754356914641263	0.43266073380723
h1SMcG0020963	-0.285135101794112	0.355798496648231
h1SMcG0020964	-1.14091231514121	0.410634679310173
h1SMcG0020969	1.72417695796135	0.250246990885268
h1SMcG0020974	2.15121153350738	0.0254311082965873
h1SMcG0020978	-3.36707619525983	0.00129962424196166
h1SMcG0020979	1.07431379627089	0.0000447695932815764
h1SMcG0020980	-3.07747462704319	0.0364849865861604
h1SMcG0020983	0.574825631636715	0.163032554556033
h1SMcG0020987	-1.63023974376291	0.0269901830428257
h1SMcG0020988	-1.00060441719436	0.00000514715286939502
h1SMcG0020989	-2.01663603469434	0.0000000105105346514983
h1SMcG0020990	0.422051129691033	0.816559288034031
h1SMcG0020991	-0.638707455095377	0.303811616340494
h1SMcG0020992	-0.871267027057372	0.0550579988768109
h1SMcG0020995	1.80868943102578	0.0000000000000288884516647063
h1SMcG0020996	-2.07410399126789	0.0000000269495318188261
h1SMcG0021000	0.361823339692276	0.0783087737182827
h1SMcG0021001	2.00168869059409	0.0295618644646135
h1SMcG0021002	3.26976324147561	0.00224056345597823
h1SMcG0021003	2.14465991319854	0.00000000000000000000000000000000137392365321702
h1SMcG0021005	-0.288627042572832	0.487500070218739
h1SMcG0021008	-1.32241247040575	0.0000000149945499504288
h1SMcG0021009	-0.926717696193272	0.487441022224303
h1SMcG0021010	0.325209441309003	0.407487448656861
h1SMcG0021011	-1.62545070376452	0.299355842682008
h1SMcG0021012	-0.216036668371944	0.695131162663034
h1SMcG0021017	0.372551287917056	0.428480335415603
h1SMcG0021019	-0.413733206556454	0.747807175665415
h1SMcG0021021	-0.612894691976673	0.400247351945815
h1SMcG0021022	-0.690833386902979	0.00634169052827388
h1SMcG0021025	-0.502964084119169	0.242770650578218
h1SMcG0021026	-0.735591262821967	0.15656184812823
h1SMcG0021027	1.92803379432685	0.000000000000000188367033630048
h1SMcG0021029	0.356409758185989	0.688789436878504
h1SMcG0021031	0.846096454607739	0.0355842363176306
h1SMcG0021036	1.32211515598241	0.000342322064092285
h1SMcG0021039	-0.929496803286396	0.252715917999811
h1SMcG0021040	-1.28186582502742	0.0449221597918335
h1SMcG0021041	-0.661350739119951	0.378810545940012
h1SMcG0021042	-1.9746357328461	0.0000001250091773108
h1SMcG0021045	0.768197311972711	0.0000945504931782674
h1SMcG0021046	-0.602795397708086	0.00156085455492605
h1SMcG0021048	-1.48923445209044	0.0598381612316844
h1SMcG0021049	-0.26957449046219	0.666086380595036
h1SMcG0021050	0.395595598569968	0.0721253481266533
h1SMcG0021051	2.33143736958588	0.00000196024904569936
h1SMcG0021052	0.895845144711327	0.0689553328624138
h1SMcG0021054	-2.3443221417013	0.0537545251153758
h1SMcG0021055	0.0526288601965818	0.892391324232559
h1SMcG0021056	-1.78925648115402	0.000000000423705989046012
h1SMcG0021057	4.58367180678914	0.000000000000000000000000000168036790168445
h1SMcG0021058	0.575239848031874	0.0709580375344349
h1SMcG0021060	0.961092851167833	0.00143781762128533
h1SMcG0021061	0.586477248823055	0.537018708247204
h1SMcG0021062	-0.803079880149273	0.00359005317454279
h1SMcG0021063	-0.722575239213187	0.481654763571853
h1SMcG0021064	2.0905044642027	0.00000000000000000036553316559282
h1SMcG0021065	-0.0486252968158955	0.907028869321274
h1SMcG0021066	0.315427070425011	0.779928840094544
h1SMcG0021067	0.0209132952767247	0.948657938259815
h1SMcG0021068	-2.50547972227768	0.000356002593792047
h1SMcG0021069	-0.159771517582883	0.734890370507868
h1SMcG0021070	3.05181963805411	0.0000610418923337251
h1SMcG0021071	0.047339551832001	0.949994666120497
h1SMcG0021072	0.29065592230227	0.757079238609742
h1SMcG0021073	-0.509398374140991	0.200147604938558
h1SMcG0021074	1.08450034146114	0.175164524198833
h1SMcG0021075	0.353035626018292	0.579943154302693
h1SMcG0021076	0.522843893856672	0.161098606848656
h1SMcG0021077	3.1282365481321	0.000000278450396620339
h1SMcG0021078	-3.33779938936286	0.00413708732410493
h1SMcG0021079	-3.73822990138862	0.000101729612707366
h1SMcG0021080	5.27789968392623	0.000000000000000000000000000000000000000000474236400760441
h1SMcG0021082	1.5447590449287	0.000000184536283239534
h1SMcG0021083	-1.36213107905791	0.0632394361943914
h1SMcG0021084	-0.716228990105753	0.123026988824883
h1SMcG0021085	-2.31006009035193	0.00728254548139301
h1SMcG0021086	0.281839564099723	0.675989552461057
h1SMcG0021089	0.253852249082056	0.558793646067592
h1SMcG0021090	0.0713861730811811	0.870812769150885
h1SMcG0021091	3.23904831000708	0.000000000000000000000000000978404722689217
h1SMcG0021092	0.463516851531104	0.650308974719697
h1SMcG0021096	0.46122866906063	0.634359813727526
h1SMcG0021097	0.684859576071196	0.247859285849612
h1SMcG0021100	-2.07343449915091	0.0000000115013289455158
h1SMcG0021102	0.193319351758339	0.804326776942236
h1SMcG0021103	-1.69757040557269	0.145756082701064
h1SMcG0021104	1.30530096124548	0.0477056346297388
h1SMcG0021106	-1.09294001610326	0.0125494089771678
h1SMcG0021109	0.579470593974009	0.263387155269625
h1SMcG0021110	-1.04918247209276	0.117045600285451
h1SMcG0021111	-3.26100684274902	0.0269901830428257
h1SMcG0021112	-1.58086890042572	0.00000128717743985876
h1SMcG0021113	0.612991941464696	0.540016653334087
h1SMcG0021114	0.977198326218849	0.00410903578044623
h1SMcG0021115	-0.849161990862355	0.279246246443834
h1SMcG0021116	-0.513335649476297	0.553361263480975
h1SMcG0021117	0.356993943760307	0.78160337435642
h1SMcG0021119	-1.72969388518	0.0003282252030072
h1SMcG0021120	-0.356179383463089	0.823766770388798
h1SMcG0021121	-1.55849769369325	0.0000612005971613699
h1SMcG0021122	0.437617715054847	0.717539605464922
h1SMcG0021124	-4.19798878099622	0.000250904284890453
h1SMcG0021125	-0.805410022595624	0.136508267815226
h1SMcG0021126	2.9299739455074	0.0000000000528807878903557
h1SMcG0021127	0.123887941652425	0.675679738736582
h1SMcG0021128	1.41073069034331	0.0215392868924475
h1SMcG0021129	0.673269155806889	0.051957345439959
h1SMcG0021130	1.6993091009245	0.0000000000378595699110159
h1SMcG0021131	-0.113451157294111	0.808384852976665
h1SMcG0021132	-0.975114785463707	0.0895725008019712
h1SMcG0021134	0.399136738921618	0.50841884506031
h1SMcG0021136	0.289392060187311	0.455827677830168
h1SMcG0021139	0.530970670086525	0.514873864560019
h1SMcG0021141	0.386147261936248	0.704112000362229
h1SMcG0021142	1.80134652779003	0.0000000391419269768172
h1SMcG0021143	-0.606288387433917	0.416455167491096
h1SMcG0021144	-1.4099707623163	0.0166350279879516
h1SMcG0021145	-0.649364633799055	0.595597355200383
h1SMcG0021146	-1.06509728028459	0.333142824424482
h1SMcG0021147	-0.0539334071440117	0.943127162703911
h1SMcG0021155	-2.19099950759125	0.00000952164235344719
h1SMcG0021156	-4.37060117152395	0.000114931569142606
h1SMcG0021157	-0.551379344933155	0.158590413488475
h1SMcG0021158	2.32010631051925	0.000150786404904021
h1SMcG0021160	-0.284793367649937	0.463095069697399
h1SMcG0021161	0.275277474560435	0.842831205867678
h1SMcG0021163	0.578704743532996	0.589335096743315
h1SMcG0021164	-1.21971788322353	0.00642770973874688
h1SMcG0021165	-1.85533139151246	0.00000000000000000049361707431006
h1SMcG0021166	-2.44774027578792	0.10730500329119
h1SMcG0021167	-3.10119176301124	0.0208194015951615
h1SMcG0021171	1.50122509547935	0.000000000111233980075122
h1SMcG0021172	0.221910483660909	0.59649173037996
h1SMcG0021173	-0.000084950133042699	0.999963811845938
h1SMcG0021178	3.83195676541555	0.000000000000000000000000000139640397001035
h1SMcG0021179	3.04826392463795	0.000000000000000000000000000000681785754602355
h1SMcG0021181	0.667515346838947	0.511202900281661
h1SMcG0021182	-0.921566008897736	0.0000188455944088625
h1SMcG0021183	-3.27105858796077	0.00460873375387759
h1SMcG0021184	-2.19574140515172	0.000792241124225117
h1SMcG0021185	1.17721228548191	0.220255899216053
h1SMcG0021186	-2.09016479564547	0.0000847714800775981
h1SMcG0021188	0.123263815360652	0.921345134380608
h1SMcG0021190	1.52497704066908	0.00000585932472725729
h1SMcG0021193	-0.417142489913228	0.815393820954572
h1SMcG0021194	2.55549925847121	0.0053406823910061
h1SMcG0021197	1.8453453437019	0.0000000000000000000000000000000000283884862363198
h1SMcG0021198	-1.03902918501829	0.000276113461275669
h1SMcG0021201	3.66294335273138	0.0000768922207358069
h1SMcG0021202	-0.733728854222478	0.269959667597605
h1SMcG0021203	-0.838362311472142	0.00000124297514138374
h1SMcG0021204	-0.442971352217633	0.182202367729485
h1SMcG0021207	-0.944846948498705	0.0252123461871492
h1SMcG0021208	-0.178226385394385	0.876200250180164
h1SMcG0021211	-2.45693295370685	0.103591077361566
h1SMcG0021213	-1.09812516356439	0.360184842189699
h1SMcG0021216	-0.618589098834089	0.0650910041792065
h1SMcG0021217	0.514443043915508	0.625162152626827
h1SMcG0021221	2.37515276570881	0.00000000000953027442918854
h1SMcG0021224	-1.75451303323079	0.248205574195584
h1SMcG0021225	1.14412495133065	0.0000631930959628895
h1SMcG0021227	0.456595041727354	0.460389124649927
h1SMcG0021228	-2.2248303839801	0.108184339546868
h1SMcG0021229	-1.80140489305451	0.0550241119611777
h1SMcG0021231	-2.43583572371074	0.00027510705672383
h1SMcG0021232	-0.877085420395432	0.0621605750152541
h1SMcG0021237	-0.239970907155061	0.762056526045582
h1SMcG0021238	-0.665986934096166	0.141119705154765
h1SMcG0021239	-1.49150352082243	0.000000000000737193734785351
h1SMcG0021241	-1.84408937322135	0.0156708692273783
h1SMcG0021242	-0.953754807497237	0.000107174371443721
h1SMcG0021243	-0.850148191503064	0.000794583607051001
h1SMcG0021244	-0.634117299444798	0.555721193245564
h1SMcG0021245	0.661634918064332	0.614484259637813
h1SMcG0021246	-0.939652049450131	0.0536775002113018
h1SMcG0021250	1.28616290852045	0.266704798247134
h1SMcG0021252	-0.576811278899923	0.284361420543909
h1SMcG0021255	0.102952344561571	0.796496299859999
h1SMcG0021256	-0.0650072726402394	0.960966993699429
h1SMcG0021257	1.03980845437198	0.306616532921059
h1SMcG0021258	-1.57111304458685	0.0149616385370785
h1SMcG0021259	1.80048885544625	0.000000000000190337069571422
h1SMcG0021262	-0.879446560468789	0.438269556707873
h1SMcG0021263	4.10846574321612	0.00000000000000000000000000000000113168298824707
h1SMcG0021264	-0.923728914546963	0.448516513576986
h1SMcG0021265	-3.14880452542967	0.0349239942713207
h1SMcG0021266	0.149291501105833	0.783285972135005
h1SMcG0021269	-0.797158767577831	0.346270742137021
h1SMcG0021270	4.31855001653704	0.000000000000000000000155688843373799
h1SMcG0021271	0.503513813577474	0.764764972418948
h1SMcG0021272	3.25305506950638	0.000000000192157343858649
h1SMcG0021273	0.231586968226221	0.388795512997635
h1SMcG0021276	-0.324989614763391	0.236892426044548
h1SMcG0021278	-1.69996666916877	0.0000000218142448730101
h1SMcG0021279	2.32893970692957	0.000000000000000000000146685806137801
h1SMcG0021280	0.0671994452848796	0.806548123781467
h1SMcG0021281	-0.539079694490403	0.598277083005464
h1SMcG0021283	0.490420378321065	0.408202804541175
h1SMcG0021284	0.622104892935656	0.101846919018521
h1SMcG0021286	2.32734614991713	0.000389086173372377
h1SMcG0021287	2.61379188441354	0.000690699230634673
h1SMcG0021289	1.32152220066452	0.00000000798252119545179
h1SMcG0021290	0.0801370245964406	0.857191078346403
h1SMcG0021291	2.4071893544082	0.00000000000000865493342605877
h1SMcG0021295	-0.11421853619588	0.833667001453669
h1SMcG0021298	0.0892493684652595	0.949464573057605
h1SMcG0021299	-2.17153808572739	0.115161810817429
h1SMcG0021300	-0.0137757718498561	0.991248703911272
h1SMcG0021302	2.32857484018794	0.00308402774721285
h1SMcG0021303	4.27104331305008	0.000000000000000000000000000000940722292256208
h1SMcG0021308	-0.0293826885584107	0.952004207345112
h1SMcG0021311	-0.731668908892036	0.0980484798340886
h1SMcG0021312	-0.35828230740758	0.563899233485526
h1SMcG0021314	-2.3839578145746	0.009166714641982
h1SMcG0021317	-1.71141397705348	0.0191940352165786
h1SMcG0021319	0.533053656129129	0.551165699111056
h1SMcG0021320	-4.10961721831539	0.00096394255752989
h1SMcG0021321	-4.77771399505597	0.0000131892005741353
h1SMcG0021322	-1.51502318002093	0.103888720514183
h1SMcG0021325	0.701300841706336	0.677966627312582
h1SMcG0021327	0.245192946482559	0.779198171672288
h1SMcG0021328	-0.344449150680199	0.85151485023777
h1SMcG0021330	-2.44843898820812	0.000415376868527733
h1SMcG0021331	-0.443669914001867	0.0605304302049665
h1SMcG0021333	-2.01649131128054	0.000031948147942243
h1SMcG0021336	2.17377997469528	0.00112034087839483
h1SMcG0021337	1.04475098327927	0.000148164963814537
h1SMcG0021338	-0.731510237254567	0.652837670657457
h1SMcG0021340	-0.672811898717327	0.201725318850493
h1SMcG0021341	-0.394369283158009	0.834438633155917
h1SMcG0021342	-1.14322156113806	0.000297806457631293
h1SMcG0021343	1.20662880535016	0.103248820104273
h1SMcG0021344	2.14314154036064	0.000000382168726698926
h1SMcG0021347	1.6603653591402	0.226458629369407
h1SMcG0021348	0.318665704527385	0.717517948316466
h1SMcG0021349	1.00759829793642	0.0712210271624901
h1SMcG0021350	-0.444781652952283	0.341250851665528
h1SMcG0021352	-0.303046306939663	0.584119848046377
h1SMcG0021355	3.82540060540914	0.000000000000000000939552707180249
h1SMcG0021356	-1.35242366078041	0.177939050916279
h1SMcG0021357	0.0772270546144671	0.965227627701086
h1SMcG0021358	2.0599154922085	0.0000134479308454696
h1SMcG0021359	-1.07857129906039	0.176071893791142
h1SMcG0021360	-1.64242802551116	0.331464380165674
h1SMcG0021362	-0.710089329096145	0.0407344110806615
h1SMcG0021363	0.800243497008365	0.00702154187299078
h1SMcG0021364	0.0437242355617281	0.970643021556567
h1SMcG0021365	0.871199829503737	0.196250527830413
h1SMcG0021366	2.24181303706493	0.00144816990151928
h1SMcG0021367	0.443634394806705	0.180433444459414
h1SMcG0021368	1.06534330467799	0.42156791477711
h1SMcG0021369	-0.701227744017646	0.235363181669714
h1SMcG0021370	-0.145559162110663	0.864027102004542
h1SMcG0021371	1.72850962125662	0.00000407032708901294
h1SMcG0021372	-1.14140282868598	0.31832138219567
h1SMcG0021375	0.712062045774278	0.0450996323166457
h1SMcG0021376	2.6196262982944	0.000000000000000000000031180164605767
h1SMcG0021377	0.1281594124262	0.862056296521432
h1SMcG0021380	-0.406974457482369	0.0933706375593822
h1SMcG0021381	-0.332369238114304	0.233496751932782
h1SMcG0021383	-1.28599459187603	0.368538598350384
h1SMcG0021385	-0.777601140505484	0.147618541839859
h1SMcG0021387	-0.0560471872153597	0.960926346525284
h1SMcG0021388	-1.54353052841045	0.287000363219726
h1SMcG0021391	-0.403155945923176	0.257533153836599
h1SMcG0021392	2.00417525749124	0.0152510121559545
h1SMcG0021393	0.409297134688435	0.188260853748823
h1SMcG0021394	-0.404855084025755	0.3715050567127
h1SMcG0021396	-1.13926835041458	0.0201718375486556
h1SMcG0021397	-1.33358385902666	0.000000640655996797876
h1SMcG0021399	-1.35911355940193	0.154172693272016
h1SMcG0021400	2.09571951990568	0.0099001851591667
h1SMcG0021401	-0.794989151626477	0.520810641453456
h1SMcG0021402	0.939526161994954	0.0276127775471429
h1SMcG0021403	-0.382021599263233	0.389927976148871
h1SMcG0021404	3.13793852059802	0.00000000183758582223427
h1SMcG0021405	-2.29528318453688	0.0966899595464343
h1SMcG0021406	0.585280330038326	0.0174449636867229
h1SMcG0021407	2.04886904913111	0.00000525549420023743
h1SMcG0021408	1.1404887058825	0.263984965530228
h1SMcG0021409	-0.54485901290082	0.113610935435598
h1SMcG0021411	-0.0292052238883806	0.953155641930491
h1SMcG0021412	5.65935098059601	0.00000000000000000000000000000365012872504739
h1SMcG0021415	1.29198041160213	0.00000311965237451918
h1SMcG0021416	1.0914960633521	0.311048150442743
h1SMcG0021418	-3.2958356721191	0.0000148432842573401
h1SMcG0021419	0.336722317476503	0.720427780802048
h1SMcG0021421	-0.870425110885543	0.00152156056416514
h1SMcG0021424	-2.25976457965141	0.0000000000000000000000000000118076931428825
h1SMcG0021425	3.30953386890576	0.000000000000000000000000000000378198242912518
h1SMcG0021426	0.178223585571534	0.654119352370624
h1SMcG0021428	-1.03160047337015	0.393167474961829
h1SMcG0021429	-0.0467460588699812	0.928070275623814
h1SMcG0021430	-0.487026983858687	0.505926885255821
h1SMcG0021431	0.747197884176556	0.700272325669894
h1SMcG0021432	-0.347474051646469	0.333776173128766
h1SMcG0021433	3.99153510933756	0.00000000000000000000000000000000000000000000000000000017801116867162
h1SMcG0021434	1.02936751550748	0.000275138182578488
h1SMcG0021435	-0.668109564556141	0.260539509224112
h1SMcG0021436	1.85758653284857	0.0000000000116646779972727
h1SMcG0021438	2.09826558597932	0.00354955348557564
h1SMcG0021440	1.189442013377	0.011661370499962
h1SMcG0021441	2.04230221871597	0.00124566851561619
h1SMcG0021442	1.80696922902937	0.00002180247573618
h1SMcG0021443	-0.353295015859048	0.640494758057568
h1SMcG0021444	0.927605340420816	0.00205705128092506
h1SMcG0021445	0.33831124284873	0.562159638805855
h1SMcG0021446	-3.11106079873246	0.0000000405043192827036
h1SMcG0021447	0.816309863790464	0.139208918252701
h1SMcG0021448	-1.3915769134179	0.000268723843212003
h1SMcG0021449	-2.06272442120612	0.107121217400481
h1SMcG0021451	0.723618885416053	0.000597477181338737
h1SMcG0021452	4.04742748708336	0.0000000000000000000000000000000000000000000000000000000000000000000124235547582096
h1SMcG0021455	-0.618150446167506	0.509296944912055
h1SMcG0021459	0.742308588500178	0.665492771398045
h1SMcG0021460	-0.806083281009593	0.441616037760014
h1SMcG0021461	1.11131340832746	0.00048768922660344
h1SMcG0021463	1.25534500421036	0.217944754121074
h1SMcG0021464	0.293260573453165	0.787074268948623
h1SMcG0021465	-0.459407879632896	0.79577307782823
h1SMcG0021466	-3.72987849580243	0.0000000103048695232721
h1SMcG0021468	-0.570025616312397	0.415617199928637
h1SMcG0021471	-2.10276122478839	0.134370332986302
h1SMcG0021475	-0.868901588480355	0.241901093575266
h1SMcG0021479	-0.562570396692306	0.128226051632721
h1SMcG0021480	-0.765222355645594	0.148579986783483
h1SMcG0021481	0.156896422319089	0.601258978004458
h1SMcG0021483	4.88560964944717	0.000000000000000000000000000000000000000000000000000122809096470328
h1SMcG0021484	-3.77483455681659	0.00443112806078133
h1SMcG0021485	4.68896832016936	0.0000000000000000000000000000000000000176369013139868
h1SMcG0021486	-0.822015902402734	0.525531558614499
h1SMcG0021487	-1.69917642787919	0.0000000147844491578567
h1SMcG0021488	1.14785630424939	0.105579518481533
h1SMcG0021489	-0.565926702857527	0.172822069412584
h1SMcG0021492	1.68097622081201	0.000000801831341828761
h1SMcG0021493	0.816216431339685	0.0675420968792362
h1SMcG0021495	4.41680307946411	0.000000000000000000000000000000000000412664870531479
h1SMcG0021496	-0.407229773995115	0.545421999913878
h1SMcG0021497	1.81113813819109	0.000000169974700507492
h1SMcG0021499	4.18017218957997	0.00000000000000000000000000000000000000000000000000000258159130827791
h1SMcG0021500	-0.332772477894119	0.251616719736578
h1SMcG0021501	-0.555191609093002	0.551613454484042
h1SMcG0021502	-0.655594778617295	0.590585856164127
h1SMcG0021504	-2.57694227542423	0.0000147419052075813
h1SMcG0021505	-0.503228420117038	0.173081869773542
h1SMcG0021508	1.71992528652222	0.00771306039061547
h1SMcG0021509	-0.67019355767755	0.31779913180063
h1SMcG0021514	-1.26852671011039	0.000000000000000000688566625863779
h1SMcG0021515	0.768686113120821	0.00506228410556756
h1SMcG0021516	-0.275597183848029	0.853119121904798
h1SMcG0021517	-3.20254141686287	0.0151060892685543
h1SMcG0021519	-0.16739258636702	0.910635917884284
h1SMcG0021520	-0.72322769117311	0.65949917991229
h1SMcG0021521	5.35560853466978	0.00000000000000000000000000000000325143826822972
h1SMcG0021522	-1.84214280528073	0.0106511861072951
h1SMcG0021523	5.43747522426539	0.00000000000000000000000000000000144936306507807
h1SMcG0021524	1.02864403841127	0.00217035074079594
h1SMcG0021525	-1.07570445525286	0.0370701080787705
h1SMcG0021526	0.116632559024625	0.844443574956139
h1SMcG0021527	3.36137481008246	0.0000000000000000000000000000000000000000000000000000195130646232035
h1SMcG0021531	-1.02304094690232	0.06062847854863
h1SMcG0021532	-0.539933473331689	0.692900687516528
h1SMcG0021533	-3.15379266584786	0.0000439787456064462
h1SMcG0021534	6.12314198253271	0.0000000000000000000000000000000158338747490893
h1SMcG0021535	-0.891191966131223	0.153262233567686
h1SMcG0021536	-4.64728771142933	0.000000000181742385796831
h1SMcG0021537	1.11741753816715	0.0000406814253837974
h1SMcG0021540	0.256842598940335	0.860721589451416
h1SMcG0021543	0.270238068351279	0.303968807459799
h1SMcG0021544	0.21348718270181	0.276344205957719
h1SMcG0021546	-1.64714944372234	0.0233484887576601
h1SMcG0021548	0.226758473206106	0.670242763320988
h1SMcG0021550	-0.180853715829758	0.871532991374306
h1SMcG0021551	-0.138723591545184	0.936579016147091
h1SMcG0021553	0.198024513821693	0.860924324719321
h1SMcG0021554	-0.888278479982833	0.16194367189035
h1SMcG0021555	-0.0709173410157989	0.88761931817264
h1SMcG0021558	0.14766134195832	0.722263185758952
h1SMcG0021559	-2.35276781177979	0.0237360321730742
h1SMcG0021560	0.563849893742787	0.622603209825514
h1SMcG0021563	0.524232451532644	0.370004880861291
h1SMcG0021564	-0.642585753006079	0.414877394204411
h1SMcG0021567	-0.938336999196321	0.00426323955317159
h1SMcG0021569	-0.183909132433392	0.920771076877189
h1SMcG0021570	0.137678352558009	0.656737208657722
h1SMcG0021572	-2.69322360918311	0.000333732655094156
h1SMcG0021574	-1.02307690958609	0.0843365455908012
h1SMcG0021575	0.177715292342346	0.575945849867143
h1SMcG0021577	-0.460046423086867	0.143711102944398
h1SMcG0021578	-2.24847381733314	0.000000000000427155084604491
h1SMcG0021579	0.0217689341429317	0.986990954401888
h1SMcG0021580	-0.677668160176789	0.502202852846447
h1SMcG0021585	-0.631446535037533	0.0549254626012313
h1SMcG0021587	-2.38344263223288	0.000000000559047032925732
h1SMcG0021588	2.200000811721	0.000000422297861058747
h1SMcG0021590	-0.632128318173679	0.224586556515263
h1SMcG0021592	0.0475689452557312	0.903963920662414
h1SMcG0021593	3.32538349411382	0.0000000000000000000000000000000000000000000000626609768484128
h1SMcG0021595	-0.969656938575655	0.476671079373098
h1SMcG0021597	0.176445637757093	0.588383948124779
h1SMcG0021598	-1.26900678587662	0.17480467009784
h1SMcG0021599	-1.95936317179883	0.000000145805486608114
h1SMcG0021602	0.699490213917693	0.570913983350587
h1SMcG0021603	1.40335330364172	0.00000000302136627506707
h1SMcG0021604	0.115754257793538	0.730364644213108
h1SMcG0021605	-2.32705897084787	0.137621840278568
h1SMcG0021607	-0.675431663883107	0.417840646503333
h1SMcG0021610	-1.34506477179063	0.406424609918047
h1SMcG0021612	0.80401947788016	0.00275653154109677
h1SMcG0021616	3.21440321055422	0.00000000000000000000000000000000000000000000000300925059344072
h1SMcG0021617	1.69783509630067	0.136218522027478
h1SMcG0021618	-2.23950413197646	0.00929516229909405
h1SMcG0021619	1.87850869997383	0.00000000000000000423355823523192
h1SMcG0021620	-0.421669325601938	0.287000363219726
h1SMcG0021622	-0.434752359564073	0.29713570447214
h1SMcG0021623	-2.22300403433003	0.100989599262319
h1SMcG0021624	-2.22339451578486	0.0115878861132059
h1SMcG0021627	-0.389216284828079	0.308160956062191
h1SMcG0021628	-0.366739724784542	0.82790323300319
h1SMcG0021630	0.124646651566988	0.903343129247375
h1SMcG0021632	-0.0570991611333811	0.952440116452077
h1SMcG0021634	-0.491578703018317	0.530441008663919
h1SMcG0021635	-0.4877098886543	0.162118160810416
h1SMcG0021637	-0.360197943584161	0.449037739106899
h1SMcG0021641	-0.201907323727145	0.404561113994478
h1SMcG0021643	0.0856585346483702	0.918731765823902
h1SMcG0021644	-0.105270266710601	0.908615239446294
h1SMcG0021646	0.120309985788425	0.883337791524461
h1SMcG0021647	0.531686732661327	0.197427081059223
h1SMcG0021648	0.569142601869178	0.241778668420093
h1SMcG0021649	-1.01084767938685	0.419705322623726
h1SMcG0021650	4.0077697018036	0.0000000889843104369481
h1SMcG0021651	-0.600375600635867	0.459022726776061
h1SMcG0021654	1.27195142786482	0.293472184316282
h1SMcG0021656	0.83200891256795	0.382796287321789
h1SMcG0021658	-0.893911735301682	0.382796287321789
h1SMcG0021662	-0.933995950790903	0.443824725732922
h1SMcG0021663	0.176046322013603	0.47272388733347
h1SMcG0021664	-0.320440005094689	0.44073435712528
h1SMcG0021669	1.37822924321991	0.00000206851456477607
h1SMcG0021670	-0.7817874530365	0.154634287214813
h1SMcG0021672	-1.94857681521722	0.0198729398295702
h1SMcG0021673	-0.130226498212518	0.929014113164993
h1SMcG0021674	0.552275752673165	0.566850091066719
h1SMcG0021675	-0.663786091099737	0.0950614771799465
h1SMcG0021677	0.746234225782235	0.244041833103249
h1SMcG0021680	-2.39155020321783	0.0201869589431917
h1SMcG0021681	0.0258773999154706	0.976400460169833
h1SMcG0021683	0.951798476359555	0.47009139676433
h1SMcG0021684	-0.50091793178701	0.654418278589254
h1SMcG0021687	1.22078014131768	0.272840175160241
h1SMcG0021690	-0.139985085891091	0.666625066843066
h1SMcG0021691	-2.82025123772895	0.0233633753351981
h1SMcG0021692	-2.57606437586616	0.0000000000000000000000000000000000000000166779301162553
h1SMcG0021693	-0.170446586957844	0.740310717651204
h1SMcG0021699	-0.278513438140599	0.360452599810065
h1SMcG0021702	-2.35325746366619	0.123531205005501
h1SMcG0021707	3.02208436903613	0.0000794285323521076
h1SMcG0021709	0.0387289287982449	0.948274948391924
h1SMcG0021710	3.00820615366167	0.00000907050398975348
h1SMcG0021715	0.172688807268959	0.711298571064479
h1SMcG0021716	4.18879481614359	0.000000000129262937378738
h1SMcG0021717	-1.6110047471424	0.353211655181234
h1SMcG0021718	-0.717183034243113	0.164400885678119
h1SMcG0021719	-1.21207607919481	0.358565014166961
h1SMcG0021722	0.379444473758374	0.752872730982544
h1SMcG0021723	-0.575998374427655	0.158282492315948
h1SMcG0021725	0.294155855009471	0.466586976808161
h1SMcG0021726	-0.871476627811599	0.237738532971195
h1SMcG0021727	-0.641408887770036	0.0316284323419383
h1SMcG0021728	-1.38519380355716	0.314324935357698
h1SMcG0021729	-2.61679572073308	0.000764774648993223
h1SMcG0021731	-1.27526272982168	0.490942509336261
h1SMcG0021732	-0.655456006000846	0.0312714106847262
h1SMcG0021733	-1.04892266983631	0.0114104207676697
h1SMcG0021735	-0.421781550472659	0.819633304901726
h1SMcG0021736	-0.523080586868827	0.0476746285300602
h1SMcG0021737	2.744805343503	0.000267004802878135
h1SMcG0021739	1.2462550512174	0.000000321010474586723
h1SMcG0021740	7.77936458458884	0.00000000000000000000000000000000000000000000165825829562403
h1SMcG0021741	0.73418245877714	0.00726392551330906
h1SMcG0021744	-1.01762014036755	0.286908291769924
h1SMcG0021753	-1.83346638319702	0.0699710748237789
h1SMcG0021757	-0.986958599037777	0.176648422631074
h1SMcG0021759	-0.311162754279481	0.834139577694983
h1SMcG0021762	-1.05341148564051	0.00793956898593938
h1SMcG0021763	0.076150825950188	0.966880916482789
h1SMcG0021764	-0.100942977583329	0.808473801528825
h1SMcG0021765	0.139493942132118	0.734300611699015
h1SMcG0021766	0.00409518972438533	0.996897593048617
h1SMcG0021767	-0.865191590351877	0.0256101918349575
h1SMcG0021768	1.6133284578602	0.0169299851873698
h1SMcG0021771	0.470472751656134	0.527161958357789
h1SMcG0021772	0.219091954906955	0.602280193534248
h1SMcG0021773	-1.9715519920309	0.0379035311349252
h1SMcG0021775	-1.52927816498864	0.00022143955501767
h1SMcG0021777	0.941330510294747	0.590385739414469
h1SMcG0021782	-0.652553207548356	0.309712627849708
h1SMcG0021786	0.546585854391409	0.59815707980399
h1SMcG0021788	1.09381474339256	0.000205517078117427
h1SMcG0021789	0.371100352695832	0.649102337331407
h1SMcG0021790	0.65632422943092	0.145844463592561
h1SMcG0021793	-0.549190749795676	0.0229901542445177
h1SMcG0021794	0.511947857187562	0.00223570949109376
h1SMcG0021795	0.984757499887556	0.00626720160976349
h1SMcG0021796	0.536689109930763	0.398449817928267
h1SMcG0021797	-0.263200292144885	0.682958339608409
h1SMcG0021799	1.27848161552434	0.07341795297166
h1SMcG0021800	-2.10661354849567	0.000698237632256511
h1SMcG0021801	-0.36747013776776	0.691429137430088
h1SMcG0021802	2.41435610166284	0.000000033209908881217
h1SMcG0021804	0.113245853478039	0.895044075397121
h1SMcG0021805	3.40953243794352	0.00000163850843496688
h1SMcG0021807	-2.22161499649587	0.153536131414081
h1SMcG0021810	-0.395668269685213	0.567698835010649
h1SMcG0021813	-1.05773670977835	0.373711830171317
h1SMcG0021814	-0.578183488046277	0.663874433428989
h1SMcG0021815	3.40710923304501	0.000000000000000000000000000000000000000254537805637314
h1SMcG0021816	-0.337840536501958	0.804042410243424
h1SMcG0021817	1.01893316379495	0.000992160544257329
h1SMcG0021818	1.11112022341593	0.468387223852196
h1SMcG0021819	4.07496403622581	0.000000206885949263363
h1SMcG0021821	-1.95994915440026	0.0232233219282319
h1SMcG0021822	-0.738774752816862	0.0321660024163385
h1SMcG0021826	-0.942437587420232	0.166778438714683
h1SMcG0021827	-0.416738309670619	0.640200572542362
h1SMcG0021828	-0.035215879131064	0.982308091094019
h1SMcG0021829	0.288471205539229	0.687865748946182
h1SMcG0021833	1.81072197433613	0.00000142207865281477
h1SMcG0021834	0.264291268308828	0.725365084216739
h1SMcG0021838	-1.63860755550962	0.00000105044805446928
h1SMcG0021839	-1.45247866466129	0.0000402213245094171
h1SMcG0021840	-1.10666233589642	0.198835780407624
h1SMcG0021841	-0.829799751513826	0.44073435712528
h1SMcG0021842	-0.885734878116681	0.000126369760486323
h1SMcG0021845	2.02729068622348	0.00000000000000245297078478849
h1SMcG0021846	6.25458260659671	0.000000000000000000000202670060486183
h1SMcG0021847	-3.24420324528651	0.00158231314061865
h1SMcG0021848	-1.33737878259841	0.154851942027258
h1SMcG0021851	-0.623797600715858	0.393407454287474
h1SMcG0021852	3.38222259037829	0.00000000000000588905568952686
h1SMcG0021855	-2.73647424935973	0.0323002989479713
h1SMcG0021856	3.09666221659281	0.000000000000000000000000000000000000291416556255053
h1SMcG0021857	1.00004242882165	0.117521846051856
h1SMcG0021858	3.83033114341364	0.00000000000000000000000000000000000000000000000000000000000000000000000000912336814531904
h1SMcG0021860	2.4039450642665	0.000000000443638897750148
h1SMcG0021861	0.129072560609075	0.885004812286091
h1SMcG0021862	4.48877268882135	0.00108180079192373
h1SMcG0021866	-0.694070069075631	0.0500793870869476
h1SMcG0021868	1.10518956302227	0.16283185003582
h1SMcG0021869	-0.848616896817062	0.012719081576072
h1SMcG0021871	-0.930997778507162	0.00165728371106846
h1SMcG0021873	2.24636904154393	0.000286351450091223
h1SMcG0021874	-1.86698672463674	0.0255266356210821
h1SMcG0021878	-2.87272753562822	0.023768457969126
h1SMcG0021879	0.611688626769008	0.0211880842589806
h1SMcG0021881	-2.80993790467125	0.00589585074871572
h1SMcG0021882	-1.634334717736	0.00000000994667321617272
h1SMcG0021883	-3.11098223283611	0.0417433104256324
h1SMcG0021884	-2.34230537436856	0.000000000676238028252967
h1SMcG0021885	-1.02078879313951	0.0000000023970793158622
h1SMcG0021886	-1.47857424541947	0.0100710333657749
h1SMcG0021887	3.41996790378262	0.000000000000378424670493973
h1SMcG0021889	2.30978582147204	0.00000606914192628086
h1SMcG0021891	0.249145082907286	0.589509845465009
h1SMcG0021892	2.61320725098803	0.0000000500081989231067
h1SMcG0021894	1.76366316357047	0.000000507146637994532
h1SMcG0021895	-1.53798614091489	0.147988658275075
h1SMcG0021896	0.76505834468088	0.0994867743987533
h1SMcG0021900	-5.19629781214002	0.00000114599336697126
h1SMcG0021902	-0.00748569845855199	0.983526008052873
h1SMcG0021903	-1.24468629082831	0.000177185442562905
h1SMcG0021904	-1.61418362428754	0.000000437220583992146
h1SMcG0021907	2.49421736971645	0.000138738918213596
h1SMcG0021908	-0.257973941441423	0.323016210652
h1SMcG0021910	0.414021997352281	0.0644804363397625
h1SMcG0021913	-0.0491292230560714	0.928800577698765
h1SMcG0021914	-0.375678606144275	0.644654017117763
h1SMcG0021916	-0.339912671688984	0.392652904558819
h1SMcG0021917	0.105823623251123	0.842831205867678
h1SMcG0021918	-2.17078389295088	0.0213678077894341
h1SMcG0021919	-1.27882030430404	0.00163297765340463
h1SMcG0021920	-1.5148685554289	0.000284978335717395
h1SMcG0021921	0.0124700711878866	0.991601779579651
h1SMcG0021922	-1.76418978295699	0.310012703989614
h1SMcG0021923	1.57478480287379	0.00203886900451727
h1SMcG0021924	-1.28512638674749	0.394902383146351
h1SMcG0021926	1.22143268721913	0.301917522204507
h1SMcG0021927	-2.01029751590716	0.00805798805825839
h1SMcG0021929	0.0145377088798191	0.992699217309455
h1SMcG0021930	0.833447740835941	0.0000000292419123818698
h1SMcG0021931	5.00364231269849	0.00000000000455333401195456
h1SMcG0021932	1.52842667915021	0.107351855021403
h1SMcG0021934	4.78092492437183	0.000000000000000000000000000000000000000233884789219951
h1SMcG0021935	-1.07408825127359	0.0000928087010089189
h1SMcG0021936	-1.36368746889879	0.00211520060657853
h1SMcG0021937	2.4165024039727	0.0000000000000000111097427811577
h1SMcG0021938	-2.40506141107746	0.00159178500318792
h1SMcG0021940	-2.87168335656419	0.000129345974814639
h1SMcG0021941	3.4698222674073	0.00000000000000000000000000000000000000000000110535403960059
h1SMcG0021942	0.927095022492591	0.0360673690533434
h1SMcG0021943	-0.390735345917142	0.616879377912696
h1SMcG0021946	0.20336352172878	0.904325802756693
h1SMcG0021947	6.78665258041531	0.00000000838291380625598
h1SMcG0021949	-2.01611638676821	0.0887952491367733
h1SMcG0021952	-1.51937223949963	0.00106816921620157
h1SMcG0021953	0.208153409545709	0.50762540855387
h1SMcG0021955	-0.74939184196546	0.065767461185681
h1SMcG0021957	-2.37302881908335	0.000617010301779073
h1SMcG0021959	-1.20542795460621	0.113601432294873
h1SMcG0021960	-0.581296622620243	0.167865127771102
h1SMcG0021962	0.110319295109124	0.756501288351675
h1SMcG0021963	1.3796806521124	0.000771642299478948
h1SMcG0021964	-0.642692694999039	0.712496516060928
h1SMcG0021966	-0.246311903098224	0.65949917991229
h1SMcG0021967	-3.21092215123965	0.00673619984534464
h1SMcG0021968	-0.0718655580336428	0.82316649870494
h1SMcG0021969	-1.67474940611604	0.0000000000000000794433321267723
h1SMcG0021970	-1.8645481134371	0.000533501708456873
h1SMcG0021973	-0.641079344879041	0.67019268426481
h1SMcG0021974	3.48315465151641	0.00000000000000000000000000000000000000000000000000000000000000000989789894720671
h1SMcG0021976	-2.65857204423226	0.109694498815233
h1SMcG0021977	-3.09010973840822	0.00104866207125321
h1SMcG0021980	-0.422414963190863	0.76427663401867
h1SMcG0021983	-0.348853417637485	0.619098423496461
h1SMcG0021984	-0.24266811868793	0.894270836545389
h1SMcG0021985	-3.85478994855263	0.00000352444585866566
h1SMcG0021986	-1.33773724758888	0.0879573022947986
h1SMcG0021987	-2.49263860437303	0.0631722673025061
h1SMcG0021988	-0.15317558341732	0.8653696575012
h1SMcG0021989	-1.59354468361888	0.00000000295336338789954
h1SMcG0021994	0.144196611639544	0.939932573128195
h1SMcG0021997	-0.933754601310868	0.475614573071607
h1SMcG0021998	-2.10572603163964	0.000183717030307084
h1SMcG0021999	-2.54693394013401	0.0329540758050182
h1SMcG0022000	-0.0986778932858428	0.946536282610958
h1SMcG0022001	-0.419407208307236	0.450444739873564
h1SMcG0022002	0.418199787044613	0.606486587978314
h1SMcG0022004	0.427520045359753	0.181195500052542
h1SMcG0022005	3.44241688756817	0.0000000000000365785656288597
h1SMcG0022008	-2.40288253385622	0.00107314932346378
h1SMcG0022009	-0.612921025541434	0.676906285748407
h1SMcG0022010	-1.01904732193921	0.0339510233392769
h1SMcG0022011	1.50446588937376	0.00000109413763494948
h1SMcG0022012	-0.891005984659133	0.0148056605637507
h1SMcG0022013	0.237579848782183	0.59524355238491
h1SMcG0022014	-0.670374272443035	0.0233777722370643
h1SMcG0022017	-2.40220755757811	0.0000544244934607638
h1SMcG0022018	1.25384070339966	0.378886871603667
h1SMcG0022019	-3.38181802958476	0.00773060987855463
h1SMcG0022022	3.7872891535767	0.00000000000000000000000000600488617639589
h1SMcG0022023	0.298853855024665	0.224597213809784
h1SMcG0022026	3.25412709082833	0.011661370499962
h1SMcG0022032	1.30759711022155	0.00107537334230844
h1SMcG0022033	-2.35516659448839	0.0031368492798168
h1SMcG0022034	-1.53190701458824	0.00000458723731326471
h1SMcG0022036	-1.58159517794517	0.0000000000000033164902213224
h1SMcG0022037	0.474871634559357	0.566850091066719
h1SMcG0022038	-1.44275958619242	0.000804638715383839
h1SMcG0022039	1.24129680909403	0.248694578351246
h1SMcG0022041	-0.497850774697373	0.656917094934058
h1SMcG0022042	-2.49118283028673	0.0988806005373839
h1SMcG0022043	0.0794683004264827	0.874775682085641
h1SMcG0022045	-1.21339556926311	0.00498327396419321
h1SMcG0022047	0.642120509977894	0.0428756422939887
h1SMcG0022049	-3.45807656079109	0.0142094929675666
h1SMcG0022050	-0.838663112383579	0.085540082873578
h1SMcG0022051	-0.396776848908563	0.253278473127817
h1SMcG0022052	-0.439124538871381	0.67763402837091
h1SMcG0022053	-2.86840527976315	0.00400993760790617
h1SMcG0022054	1.23560554639461	0.0000000000920880302678449
h1SMcG0022056	0.785720695328152	0.33167947012239
h1SMcG0022057	-1.64061277098834	0.0000000139874723701337
h1SMcG0022058	5.37237157583123	0.00000933657717490197
h1SMcG0022059	0.783360252468969	0.00677244861595064
h1SMcG0022061	-0.175264105137075	0.680736753136356
h1SMcG0022063	-0.451575909420059	0.65788403690976
h1SMcG0022064	1.89276949466777	0.0000000000000214501851097136
h1SMcG0022065	-3.3688432466687	0.0031134392655406
h1SMcG0022066	-1.64791163432919	0.000509825259235607
h1SMcG0022068	-2.04468011654778	0.00000000000560569215071522
h1SMcG0022069	5.21875163527345	0.0000000000000000000104463060738358
h1SMcG0022070	2.29821130481609	0.0352835731537891
h1SMcG0022073	-2.05652313351687	0.154616253579843
h1SMcG0022074	-0.480096676897491	0.0693186436875904
h1SMcG0022075	-0.824842687379209	0.186873908270347
h1SMcG0022077	0.160075518850534	0.908458046764548
h1SMcG0022078	-1.14533548023122	0.46561040154181
h1SMcG0022081	-1.08865306011834	0.412067845004494
h1SMcG0022083	-0.539059533686273	0.485277735161352
h1SMcG0022084	-2.200044849401	0.00000000260947571887555
h1SMcG0022088	2.93074852527387	0.0066896284864695
h1SMcG0022089	1.54138502691275	0.218272212707746
h1SMcG0022090	0.285460724711739	0.825005063167118
h1SMcG0022092	-1.53885629840444	0.00000658943747065533
h1SMcG0022093	-0.444483009785505	0.682524708642516
h1SMcG0022094	1.93538596410699	0.120240584566921
h1SMcG0022095	-0.98084837924828	0.37881881084234
h1SMcG0022096	-1.36255753776066	0.277304894122147
h1SMcG0022097	3.46235382903838	0.00000000002368692653873
h1SMcG0022100	-0.808804122128027	0.00303616658035881
h1SMcG0022101	-0.174844892791144	0.759843315608853
h1SMcG0022102	2.5199559440561	0.000000674197488186994
h1SMcG0022103	-2.16066058617225	0.000000000000000000000000000101918927344557
h1SMcG0022104	-1.31434749097847	0.000000000116195778033148
h1SMcG0022106	-1.05774193085064	0.392976307967754
h1SMcG0022107	1.09554144736647	0.195382964031208
h1SMcG0022111	-0.244413051937366	0.841083083531141
h1SMcG0022113	-0.486861571821184	0.581621530488633
h1SMcG0022115	-1.18450254964997	0.496543707367087
h1SMcG0022119	0.146699810475827	0.686432125512549
h1SMcG0022123	0.417564409569134	0.511202900281661
h1SMcG0022124	1.98949179359199	0.0000000000000271029652667904
h1SMcG0022125	-1.03907072179747	0.368680344304798
h1SMcG0022126	0.343223440002778	0.333021300634813
h1SMcG0022127	4.40974993019317	0.0000000000000000000000000000000000000574169773910985
h1SMcG0022129	-0.250589288127742	0.601701902981132
h1SMcG0022133	-0.866725666087311	0.386973898431294
h1SMcG0022135	-1.17140556490828	0.120344670967066
h1SMcG0022136	-0.700180303147212	0.146834294872896
h1SMcG0022137	-0.823305185417317	0.317758296433105
h1SMcG0022138	-1.45931832286166	0.108072719079357
h1SMcG0022139	-1.91606860008929	0.0126843695809099
h1SMcG0022140	-0.38913293342418	0.57711267728077
h1SMcG0022141	1.61437838401765	0.178915097275826
h1SMcG0022142	4.14748019266447	0.000000195297111178041
h1SMcG0022143	-2.05108509313103	0.21321243969627
h1SMcG0022144	1.96072079903396	0.0745927898967945
h1SMcG0022145	6.59740638291014	0.0000000000000000000000000000000139630056578236
h1SMcG0022149	-0.047032133843686	0.92057513486808
h1SMcG0022150	-0.411619737398254	0.0767460215849677
h1SMcG0022151	-2.2177013660578	0.00202916042547773
h1SMcG0022152	-0.840486706754879	0.447894536030272
h1SMcG0022154	0.530270144419564	0.128527737231677
h1SMcG0022155	-0.152838669374874	0.932727054556658
h1SMcG0022156	0.385949764113694	0.276868887980857
h1SMcG0022157	-0.342489255563827	0.247074164132547
h1SMcG0022158	0.0745653759243681	0.892847570418518
h1SMcG0022159	2.60706703647061	0.0000000000000000000548722864325349
h1SMcG0022161	3.14929300023437	0.000000000059513708715668
h1SMcG0022164	1.37673504825885	0.21205666263644
h1SMcG0022166	0.124434134829627	0.826627187953201
h1SMcG0022168	-1.0235984064162	0.0141717381499382
h1SMcG0022169	-1.36836100746393	0.0296513982641317
h1SMcG0022170	-1.69330877152153	0.106252458424429
h1SMcG0022171	-2.66372509750688	0.523609370546436
h1SMcG0022173	-1.13499208049251	0.0976189161001028
h1SMcG0022174	-1.89017378969602	0.0000326859104434701
h1SMcG0022176	0.960410905231233	0.0000460227653794923
h1SMcG0022177	3.8194793157495	0.0000000000000000000000000000994671249082236
h1SMcG0022178	-0.131289291783173	0.847395281646768
h1SMcG0022182	-1.69591680469175	0.0200624795767765
h1SMcG0022183	0.300303459547524	0.364414758387883
h1SMcG0022187	2.96046081257476	0.000478786486643497
h1SMcG0022188	1.12554062424441	0.00162033070285406
h1SMcG0022190	-1.96823174146844	0.000243717976084117
h1SMcG0022192	1.2480662890523	0.251756093389485
h1SMcG0022196	0.368267491118858	0.20283774790178
h1SMcG0022197	3.55505239976304	0.00000620446773032071
h1SMcG0022198	-1.78932321605741	0.117137542784473
h1SMcG0022201	-1.36778120789555	0.0000100817981930903
h1SMcG0022202	-0.609226474774025	0.195787282280409
h1SMcG0022205	4.29321555392332	0.00000000000000000000000000000000000000000000000000000000000000000000000000000000136205154733901
h1SMcG0022206	-0.81038712181319	0.000045760457763619
h1SMcG0022207	0.282168827212959	0.822869001174744
h1SMcG0022208	3.46709528646486	0.000000000000000000000000000000000000000000628584161589155
h1SMcG0022210	1.00665444271406	0.4860722071949
h1SMcG0022211	-0.489064049300269	0.326209352584303
h1SMcG0022212	1.47318546437331	0.102365048169653
h1SMcG0022214	0.69586462165596	0.00586657753368964
h1SMcG0022215	-1.19224748008716	0.173773529116043
h1SMcG0022216	-1.9911084131394	0.000000432169675297058
h1SMcG0022218	2.09196081269569	0.00000480129396885575
h1SMcG0022219	-0.661301924275319	0.303291144974523
h1SMcG0022220	0.477615907162695	0.0415664451574706
h1SMcG0022222	0.391332987818706	0.319927879056718
h1SMcG0022223	0.794537110013887	0.0632799672169407
h1SMcG0022225	0.0265271115603535	0.982388432323308
h1SMcG0022226	-0.456899608572849	0.162786286272708
h1SMcG0022228	-0.659854396148822	0.456760258244047
h1SMcG0022229	-0.822072649722402	0.0590377708097658
h1SMcG0022230	-0.0646965868398177	0.907034994998221
h1SMcG0022231	-0.165538718216977	0.833201573719657
h1SMcG0022233	-0.576492258232054	0.396346877763949
h1SMcG0022234	5.36031807279921	0.000000284248085109672
h1SMcG0022236	0.77452579914943	0.0580605057539244
h1SMcG0022237	1.00596846717416	0.0233785495877546
h1SMcG0022239	-4.24586616427372	0.00000226111773002655
h1SMcG0022240	-1.0514086459277	0.000000000161719866483314
h1SMcG0022241	-0.68616184245324	0.495292839432245
h1SMcG0022247	2.27023730255583	0.0857304366349574
h1SMcG0022248	0.722676545806931	0.171570279713251
h1SMcG0022249	-1.42964431123301	0.00000172397249806993
h1SMcG0022250	4.02340433824339	0.0000000000000000000000000000000000000000000000000000000000000000000000000000000000000000000000000000000000000000000000000000000246253592934825
h1SMcG0022251	3.96521985227526	0.00000000000000000000000000000000000000000000000000000000000000885783293823543
h1SMcG0022252	4.23652329570369	0.000000000000000000000000000000000000000000000000000000000000000000000000000000000000000000000000000000000000000000000000000000000000000000117164545274021
h1SMcG0022253	-0.0809429420775884	0.849093974051863
h1SMcG0022255	-0.699338390931507	0.484125127050757
h1SMcG0022256	0.438314130202875	0.31779913180063
h1SMcG0022257	-0.0346799302280565	0.97901237262499
h1SMcG0022258	-4.62334044300188	0.0000318674530035558
h1SMcG0022259	-0.340267791196601	0.403297833679775
h1SMcG0022260	0.52276691375223	0.325943801496185
h1SMcG0022261	-0.540607699581593	0.508426955492318
h1SMcG0022262	-2.43843059612726	0.0425843026480413
h1SMcG0022263	3.69765062636463	0.0000423386785261095
h1SMcG0022264	0.300295341607925	0.470833968544696
h1SMcG0022265	2.96534992289844	0.00000321364669217236
h1SMcG0022266	0.0312646881009441	0.960926346525284
h1SMcG0022267	-2.87582703171576	0.00974947926979668
h1SMcG0022268	-1.60735487479591	0.0000196158992495446
h1SMcG0022269	-2.45543249552734	0.000000659023981747339
h1SMcG0022272	-0.944478646591912	0.0843731563760507
h1SMcG0022274	1.61035292603827	0.000000453100188397658
h1SMcG0022275	1.32211214920196	0.000000862562736541841
h1SMcG0022276	-2.78927464948697	0.0894141130120534
h1SMcG0022277	0.731560958946755	0.518035513827971
h1SMcG0022278	-0.0498153357434816	0.899801752389237
h1SMcG0022281	0.376315037124834	0.101846919018521
h1SMcG0022283	0.730141091710264	0.0370905641275276
h1SMcG0022284	-0.566755415861694	0.429861908082904
h1SMcG0022285	0.733238851695455	0.483001891914395
h1SMcG0022286	2.56124570653236	0.000000357691985330743
h1SMcG0022289	-0.755791699747189	0.346805026731974
h1SMcG0022290	5.97442083333593	0.0000000000000131116975847737
h1SMcG0022291	-0.289931181289115	0.788922973977352
h1SMcG0022294	3.41841104544051	0.00000258700513563947
h1SMcG0022295	1.22846117011145	0.0127993352892845
h1SMcG0022296	1.72093175195694	0.0000000000119785023246757
h1SMcG0022299	0.243791385472681	0.533471727004521
h1SMcG0022301	4.94722123534962	0.0000000000000000000000000000000232449410016771
h1SMcG0022302	0.0795412577096122	0.910876019731802
h1SMcG0022303	-1.35324460459249	0.00465910338975569
h1SMcG0022307	0.700500385335763	0.17954472622989
h1SMcG0022308	4.84914000705384	0.00000459399373740688
h1SMcG0022309	3.66065498770516	0.000000000917803737353907
h1SMcG0022310	4.05257873681186	0.00000051225956945471
h1SMcG0022311	-0.736524295220612	0.104366435847824
h1SMcG0022313	-3.79094525288951	0.00376345560367814
h1SMcG0022316	-0.56883750580386	0.200000857198863
h1SMcG0022317	0.555113741804965	0.0839655851848017
h1SMcG0022318	-0.0729102895347409	0.862584751361237
h1SMcG0022319	0.254672810922473	0.317550700361394
h1SMcG0022320	1.64215087627763	0.00000000000254295775087362
h1SMcG0022323	-1.6656158358632	0.00000000297630376045971
h1SMcG0022324	-2.11771636243797	0.11830384305856
h1SMcG0022326	-1.93141990758148	0.0000606947183096535
h1SMcG0022327	1.50099080817768	0.0523178725623154
h1SMcG0022328	-1.83271732333769	0.0178061839632656
h1SMcG0022332	-1.88120119501399	0.0208116261430596
h1SMcG0022333	2.55965775697251	0.000000874093752391716
h1SMcG0022335	0.0406274109650251	0.927667658105224
h1SMcG0022337	0.242867622697864	0.692884069039744
h1SMcG0022338	4.16415078078358	0.0000000000000000000000000000136328527904319
h1SMcG0022339	0.296912994835614	0.857077400429378
h1SMcG0022340	-2.678824483196	0.02131032181746
h1SMcG0022341	0.0829717600704911	0.949155820834432
h1SMcG0022343	-0.650178871127324	0.256047058881752
h1SMcG0022345	-0.0421082445207953	0.95724380012752
h1SMcG0022346	-0.178417426373589	0.902386195586161
h1SMcG0022348	-1.26766453033631	0.000040682605340845
h1SMcG0022349	-0.291948995551177	0.393271349349483
h1SMcG0022358	-1.27641229430323	0.142136633607076
h1SMcG0022360	-4.80994257333097	0.0000220490524342542
h1SMcG0022363	-1.40949578852815	0.0027871723793834
h1SMcG0022366	-2.15173590919443	0.171857016934864
h1SMcG0022367	-0.942825599120808	0.108991629241356
h1SMcG0022369	2.97528780560906	0.00048643921647968
h1SMcG0022370	2.92245256952303	0.00000612216434370535
h1SMcG0022371	-1.21580273834214	0.180422592260667
h1SMcG0022372	6.11473713792185	0.00000000000000460983082827686
h1SMcG0022373	-0.247464897438685	0.298502929751019
h1SMcG0022374	-0.144245388813869	0.887069945708813
h1SMcG0022375	-0.155048539465012	0.842651850163339
h1SMcG0022377	-0.416545805720528	0.15310044551835
h1SMcG0022379	-1.106112596977	0.0879096308542903
h1SMcG0022380	-0.0549232043280471	0.954544538079313
h1SMcG0022381	0.923949200104525	0.00744696542780663
h1SMcG0022384	-0.492604599023732	0.180862308851205
h1SMcG0022385	0.371804499317233	0.398342593570667
h1SMcG0022386	3.04265464467703	0.00206058952770428
h1SMcG0022388	0.980341701685464	0.276715461792257
h1SMcG0022389	0.345437748086066	0.409432903297277
h1SMcG0022390	-0.357972056762828	0.279767224583506
h1SMcG0022393	0.996170935110814	0.169537713951246
h1SMcG0022394	-1.31111824262703	0.415746602698641
h1SMcG0022396	-1.75722694758983	0.000091599932691845
h1SMcG0022397	-1.9431968520141	0.0000002921300741121
h1SMcG0022399	-0.806329506513823	0.0966704018140548
h1SMcG0022400	-0.624123322634464	0.141263915734097
h1SMcG0022401	-0.585686797640962	0.263856524680759
h1SMcG0022403	1.96677287271596	0.0484645522844025
h1SMcG0022405	-0.313042706711775	0.520372560697459
h1SMcG0022406	-0.113995058220844	0.751667245240878
h1SMcG0022407	-2.60699159858325	0.0242936397516001
h1SMcG0022409	-0.188332522052947	0.602688858026643
h1SMcG0022411	-0.691439701336889	0.101080396393535
h1SMcG0022413	1.52498481403488	0.000000000000108831322447525
h1SMcG0022414	-1.52459969902741	0.0765122881154847
h1SMcG0022415	0.803496134319591	0.517811742728328
h1SMcG0022416	1.44722577360771	0.33290898860588
h1SMcG0022417	0.443979525842553	0.65257271253812
h1SMcG0022420	-0.47404557176118	0.764359788155386
h1SMcG0022422	0.225727801683345	0.582125111433552
h1SMcG0022423	-1.25472524606337	0.00621719729547785
h1SMcG0022424	0.899423076063096	0.164058463521761
h1SMcG0022425	1.05582735760255	0.0000178859623181837
h1SMcG0022426	2.28544541775973	0.00000000000000000102602308488322
h1SMcG0022430	-0.502906878431736	0.0261935652353071
h1SMcG0022431	-0.0732523346336186	0.873706505123414
h1SMcG0022432	-0.939155531945671	0.154111084116176
h1SMcG0022433	-0.340982516857617	0.763146617278404
h1SMcG0022434	-1.58310799277436	0.172220020393835
h1SMcG0022437	-2.46592614677059	0.0014201248849464
h1SMcG0022439	1.14318097542027	0.20776877233839
h1SMcG0022440	0.0746123061010562	0.950788209877448
h1SMcG0022441	-4.31755239580519	0.0000000000000000000034837276952078
h1SMcG0022442	1.40146749634276	0.130517023121282
h1SMcG0022444	-0.0835301239685046	0.787515121630772
h1SMcG0022447	-0.286469104603258	0.463937234468312
h1SMcG0022448	1.21872751974028	0.262459739722882
h1SMcG0022449	-0.363210667295781	0.839565853089013
h1SMcG0022452	-0.681371731596883	0.00546010175985998
h1SMcG0022453	0.292380869380819	0.539352959002507
h1SMcG0022454	-0.218190534412049	0.598859313478731
h1SMcG0022456	0.0533382428243663	0.974228492737639
h1SMcG0022458	2.04422609543755	0.0000801082358921696
h1SMcG0022459	4.67747611414886	0.000000659023981747339
h1SMcG0022460	1.45247709755167	0.286343616403353
h1SMcG0022462	-0.654374820484764	0.155320952764625
h1SMcG0022464	0.091341906030145	0.845089582404208
h1SMcG0022467	2.37067355705198	0.0131964517654066
h1SMcG0022468	-1.15351218452611	0.297595545289679
h1SMcG0022469	-0.974674212846014	0.318602880026475
h1SMcG0022470	-2.28179087102835	0.0000503782318693822
h1SMcG0022472	-0.728583269854113	0.197587892296886
h1SMcG0022474	-0.665770530449511	0.572445711187203
h1SMcG0022475	0.680750243848119	0.678131483354667
h1SMcG0022476	-1.16425311515968	0.207637080437027
h1SMcG0022477	-0.733238791215217	0.305798471382161
h1SMcG0022478	-1.74299431198228	0.0168880136134549
h1SMcG0022479	-0.514828353705512	0.412805924072195
h1SMcG0022480	0.791096408155132	0.144242641685618
h1SMcG0022483	2.14385410421028	0.000000110610730313736
h1SMcG0022484	5.18906367102303	0.0000000274825290663835
h1SMcG0022486	3.61264132910406	0.000000000000000000000599381025228721
h1SMcG0022487	-1.97274873864771	0.0000000848309454541987
h1SMcG0022488	-1.08510817282814	0.0315366410941435
h1SMcG0022490	-0.768059220352427	0.0000676334404268272
h1SMcG0022492	1.10586216059693	0.302419185033025
h1SMcG0022493	2.2275582953496	0.0415005885809896
h1SMcG0022494	-3.11160289435648	0.0380374752017223
h1SMcG0022495	3.37093939148289	0.000000820012458921221
h1SMcG0022497	0.764389848028195	0.466586976808161
h1SMcG0022498	-0.617788625625874	0.267710169826704
h1SMcG0022500	2.71992344194271	0.0130186967564328
h1SMcG0022501	5.00542259340185	0.00000000109908873632449
h1SMcG0022503	0.273969882927978	0.851315722984666
h1SMcG0022504	1.96081991096281	0.00186437415482507
h1SMcG0022505	1.10819268145594	0.362351037775265
h1SMcG0022509	-0.742095581011402	0.297003938434189
h1SMcG0022511	-0.997682879382679	0.0687157166183189
h1SMcG0022512	0.220696291727486	0.83565843947363
h1SMcG0022513	0.0914200454210275	0.883915157905512
h1SMcG0022515	-1.36104477962333	0.00000000316903792515967
h1SMcG0022516	0.362011182001123	0.45844115906219
h1SMcG0022517	0.502108734287536	0.0381693164099204
h1SMcG0022518	6.27181029341859	0.000000000000000000000000000000000000000000000000277040079633995
h1SMcG0022520	-0.479168962264875	0.327174890470034
h1SMcG0022521	2.55733024259364	0.00000000000000000000000000000000000111981336568336
h1SMcG0022522	-1.10110560872138	0.003583805240537
h1SMcG0022525	-0.184663781843387	0.903099903963395
h1SMcG0022526	0.356139085721757	0.451830285003232
h1SMcG0022528	0.753584928382697	0.269700907664689
h1SMcG0022530	-0.136061834273462	0.826627187953201
h1SMcG0022531	6.39846386630056	0.000000000293752741290652
h1SMcG0022532	-1.6650650870639	0.0036353354230081
h1SMcG0022534	0.680846034496842	0.661648146876705
h1SMcG0022536	-0.244986892637088	0.749271872711103
h1SMcG0022537	1.200510263236	0.154577976179887
h1SMcG0022538	1.23409488405557	0.000139548226321631
h1SMcG0022539	0.360157590392005	0.211574289065584
h1SMcG0022541	-0.505790042040104	0.775502775357737
h1SMcG0022543	3.48324337679155	0.0000000000648092190645076
h1SMcG0022544	-2.70201531575745	0.000706456602742803
h1SMcG0022545	-0.195118125401687	0.741436465399991
h1SMcG0022547	-1.5769495331249	0.0752274408189968
h1SMcG0022548	0.0200690049541835	0.982543556623158
h1SMcG0022549	-1.97767342674117	0.00160674501936951
h1SMcG0022550	0.256037571579012	0.324179261267519
h1SMcG0022552	0.70973664401146	0.0157116214131454
h1SMcG0022555	0.713786024271596	0.0491786053357336
h1SMcG0022556	-0.645769313841206	0.231695231579948
h1SMcG0022558	0.415940457674125	0.506262931694123
h1SMcG0022559	2.53270279107436	0.0145412124293465
h1SMcG0022560	-1.21979468228874	0.350139470750447
h1SMcG0022561	-0.415032696607334	0.527499621200329
h1SMcG0022562	0.441905082449948	0.0430343634424291
h1SMcG0022563	-1.77847605810502	0.0373544192723101
h1SMcG0022564	-1.55722466075337	0.00638929932572133
h1SMcG0022565	-0.122694374688538	0.666811598678984
h1SMcG0022567	-1.12475661672588	0.0307760173681285
h1SMcG0022569	-0.127361048619536	0.907622795999157
h1SMcG0022571	0.602081929093789	0.69263955788775
h1SMcG0022572	-0.864185075299027	0.334431080096859
h1SMcG0022573	-1.0087835701889	0.374631700317757
h1SMcG0022574	-0.010915723322253	0.989917386204713
h1SMcG0022576	-1.37448234870605	0.221979843042975
h1SMcG0022577	-1.20811520664814	0.000816940871588654
h1SMcG0022578	-2.09060519521336	0.00138340952537754
h1SMcG0022579	7.17109332679112	0.000000000000369100631015771
h1SMcG0022583	1.46141746513157	0.000177459861314367
h1SMcG0022585	1.28505726030132	0.000774180055280477
h1SMcG0022586	1.26803715892114	0.0501998290301815
h1SMcG0022588	-1.42022684240291	0.0102008620217736
h1SMcG0022590	-4.12645692470955	0.0000325956015690759
h1SMcG0022591	-3.26968933385188	0.0253495867201318
h1SMcG0022592	-1.52328878174243	0.00909099419404833
h1SMcG0022594	-2.36356718497443	0.0772503523968298
h1SMcG0022595	-3.08770323164951	0.0000599084677315305
h1SMcG0022596	-0.173617703956848	0.80056952371413
h1SMcG0022597	-1.72966002298733	0.00197411078292027
h1SMcG0022598	0.208099691372157	0.665572282529808
h1SMcG0022602	-0.70707891743322	0.373664218819594
h1SMcG0022603	-2.39101788121387	0.0501415517919252
h1SMcG0022604	3.7920758376038	0.00000000000000000000000000000000000000000000000000192470483313678
h1SMcG0022605	-2.23977126494645	0.000000822475980083491
h1SMcG0022606	-0.790370930668412	0.360184842189699
h1SMcG0022607	2.66949881338839	0.00143364545104329
h1SMcG0022608	-0.162875710838683	0.882465587066817
h1SMcG0022612	-0.292448783408698	0.508952142258979
h1SMcG0022614	0.86773969458103	0.0419712007296767
h1SMcG0022615	-1.03203150188433	0.177961777361347
h1SMcG0022618	-1.23130644540498	0.0027024190746541
h1SMcG0022621	-4.32748920567359	0.000152449559261265
h1SMcG0022622	-0.610556596238615	0.251426735425259
h1SMcG0022623	0.0558769512488178	0.844765321125593
h1SMcG0022624	-1.56626593783021	0.000000000000262853966043401
h1SMcG0022625	-0.549750703478098	0.398542221617138
h1SMcG0022627	-1.03049948218001	0.193723075950639
h1SMcG0022628	-0.0960509014635174	0.818912072242528
h1SMcG0022630	-0.758117606299519	0.616647034596091
h1SMcG0022631	-0.426705444934607	0.358645327504391
h1SMcG0022632	3.58459899844069	0.000177185442562905
h1SMcG0022633	0.0872687127806872	0.883425201283365
h1SMcG0022634	-2.91233278096113	0.000100447641489505
h1SMcG0022635	-0.0658318679261925	0.968973166992699
h1SMcG0022637	-1.8185434551149	0.00585439089534166
h1SMcG0022638	-0.377908560698433	0.840234494552169
h1SMcG0022639	-0.0839944011555185	0.850710534538495
h1SMcG0022640	1.10468721075732	0.0504333603391065
h1SMcG0022641	2.64839969590428	0.000000000000000000000000205484078721481
h1SMcG0022642	-3.81554167521522	0.000000000282005332003592
h1SMcG0022644	-0.828372442338837	0.585270406930305
h1SMcG0022646	2.48931291754572	0.00314356864204341
h1SMcG0022652	-1.35045564044608	0.155626987497862
h1SMcG0022656	2.27207853834602	0.000475959038152826
h1SMcG0022657	3.15139155107419	0.0000000243360364406482
h1SMcG0022664	-0.959380044012553	0.237720883092258
h1SMcG0022665	0.614084159186252	0.567174498221784
h1SMcG0022666	0.194160339461328	0.572083727839605
h1SMcG0022667	0.220829579412305	0.458674056390231
h1SMcG0022668	4.26441055697201	0.00000000000164843752868644
h1SMcG0022669	2.55250620284677	0.00205505230617865
h1SMcG0022670	1.8812174917782	0.000804962120760364
h1SMcG0022673	-0.795943086159468	0.629041476788997
h1SMcG0022674	-1.91238866880772	0.000537637771696078
h1SMcG0022676	-3.72913191152791	0.00217342195732834
h1SMcG0022677	-0.305077580792487	0.788922973977352
h1SMcG0022678	0.461297117060962	0.773132700412342
h1SMcG0022684	-1.30437041925973	0.338903974674245
h1SMcG0022687	0.156910587255517	0.921529598647714
h1SMcG0022688	0.794102749001771	0.277122248731607
h1SMcG0022692	0.398481214629096	0.471425252094334
h1SMcG0022700	4.36853941106043	0.0000000000139447852588047
h1SMcG0022701	3.10861733594134	0.00154880368838926
h1SMcG0022703	2.13397104451002	0.000672728992223068
h1SMcG0022706	-1.89194464920698	0.0000725632419362367
h1SMcG0022707	1.83806278087752	0.00000100587424590981
h1SMcG0022708	-1.79486483052058	0.30615780254522
h1SMcG0022709	-2.73465189131736	0.0543859844543179
h1SMcG0022710	1.25778732361952	0.00112344823727912
h1SMcG0022712	-0.479161653708858	0.663264266566683
h1SMcG0022714	-3.02687815959236	0.0429442809761436
h1SMcG0022715	-0.649237465814604	0.182358739521503
h1SMcG0022717	1.04915119488604	0.0000160858234252306
h1SMcG0022719	-3.72563780896975	0.0000000372691070622824
h1SMcG0022721	-0.38912519753832	0.616626286454805
h1SMcG0022723	-3.19719442301042	0.00704539194641856
h1SMcG0022726	-0.825349154028936	0.514219875774113
h1SMcG0022729	1.19045621641419	0.188308694922945
h1SMcG0022731	0.191067955029523	0.910876019731802
h1SMcG0022732	0.827822889503479	0.565162507030926
h1SMcG0022735	-2.12685903332544	0.0261713935202766
h1SMcG0022741	0.0458701312284491	0.94391021174534
h1SMcG0022755	0.171619474128938	0.842872331956612
h1SMcG0022756	4.65376723309334	0.0000000000286469345969432
h1SMcG0022757	-0.216178631354996	0.87655382597317
h1SMcG0022758	2.87602170494638	0.000298655825105141
h1SMcG0022759	-2.74259863234319	0.0253182873164784
h1SMcG0022765	-0.627038217490213	0.637481535487259
h1SMcG0022767	-1.92882666672092	0.0000120936900329673
h1SMcG0022768	-0.474858070437765	0.789968876216271
h1SMcG0022769	-2.72472036158708	0.00000431635973138448
h1SMcG0022771	1.34741515295629	0.00209650286548856
h1SMcG0022776	-1.36039323326854	0.271404861878692
h1SMcG0022777	0.108227546532927	0.814953795775715
h1SMcG0022780	-0.364944923156541	0.825582620159936
h1SMcG0022781	-2.69951083107977	0.0000135888438368613
h1SMcG0022782	2.73813637687981	0.0000522018856351596
h1SMcG0022783	-0.355628155647696	0.814501641386907
h1SMcG0022785	-3.34252102319346	0.00939253514874507
h1SMcG0022786	-2.40193124352376	0.0407824045758289
h1SMcG0022787	-2.10010528228116	0.0328223591824524
h1SMcG0022790	0.190243384796483	0.567977338535798
h1SMcG0022791	0.524670439877882	0.342007567327327
h1SMcG0022792	-0.450454756474542	0.326047943485307
h1SMcG0022793	-0.475115605005239	0.132074805291429
h1SMcG0022795	0.975453584258331	0.00510438122223341
h1SMcG0022796	0.114914609025192	0.861877042006074
h1SMcG0022803	-0.875597127742486	0.36025404775277
h1SMcG0022805	-0.816587509823938	0.0733593827969519
h1SMcG0022809	4.74511278992591	0.0000000000000000000000000000373590899664798
h1SMcG0022810	-1.59071590181697	0.290224289216415
h1SMcG0022811	1.98111462584285	0.0408191120533724
h1SMcG0022813	0.392714205037499	0.73003393099293
h1SMcG0022818	0.63141542236734	0.302022384069108
h1SMcG0022822	-0.802565034515203	0.337401856254184
h1SMcG0022823	-0.0885902744405582	0.96557489832916
h1SMcG0022824	3.15405089146617	0.0000000143020516312261
h1SMcG0022827	-0.506374753993653	0.390597245853715
h1SMcG0022832	-3.80309607534455	0.00159480747058027
h1SMcG0022834	-2.29101344162825	0.00140489447387911
h1SMcG0022835	-0.148365185925114	0.804295669803709
h1SMcG0022836	-0.61103211803876	0.693735360016169
h1SMcG0022837	0.243654838547486	0.562788097704623
h1SMcG0022838	0.855813668889685	0.410904186611035
h1SMcG0022840	0.411544890878784	0.677562524843456
h1SMcG0022841	0.244800693781141	0.73102754983858
h1SMcG0022843	-0.381956199506261	0.617278533258437
h1SMcG0022844	0.170796202777667	0.840773992782602
h1SMcG0022855	0.803497772918664	0.250578320725718
h1SMcG0022859	-3.58766932481092	0.00350678726390842
h1SMcG0022860	3.02249841963161	0.00000000000000000000000000000000000318902918340301
h1SMcG0022867	0.187337667668654	0.921058435883994
h1SMcG0022871	-0.70371367898543	0.431988968999098
h1SMcG0022873	-2.06131732291528	0.147384941765993
h1SMcG0022874	1.69055076485533	0.00000000156931070479332
h1SMcG0022877	4.25586037407712	0.0000000000000000000000000000000000000000000000000000000000000000000000216244459516389
h1SMcG0022878	-1.01411175327223	0.306813464797983
h1SMcG0022880	-0.499447276729598	0.618986411238484
h1SMcG0022882	-0.773595618726369	0.141693833541013
h1SMcG0022884	-1.33737577962757	0.254610449081457
h1SMcG0022885	-1.13033450580553	0.0322170196547522
h1SMcG0022889	-2.21382833491291	0.125163589251908
h1SMcG0022892	-2.01443226818656	0.0622924145980937
h1SMcG0022893	-0.868173618458804	0.0600167453187484
h1SMcG0022896	1.54967220540997	0.018246363045806
h1SMcG0022902	2.43974558920604	0.00000269992971381743
h1SMcG0022912	-0.224590353388414	0.757662103022162
h1SMcG0022913	0.241872988737048	0.868809925964138
h1SMcG0022914	-1.2902948193952	0.124816480525108
h1SMcG0022915	1.02136869829631	0.402312988777667
h1SMcG0022918	-0.211290175426307	0.699694503496487
h1SMcG0022919	-0.146318283538919	0.62394827606376
h1SMcG0022920	-0.825042452653065	0.000460615455005982
h1SMcG0022922	-0.0131057262514791	0.976952350001448
h1SMcG0022924	4.07788398445725	0.00000000209922561838871
h1SMcG0022925	0.100285208717411	0.845089582404208
h1SMcG0022932	-2.34830372470529	0.000146751166390364
h1SMcG0022933	0.276091921038451	0.559346582573726
h1SMcG0022934	2.58539016930919	0.0000000000000000000000000000000000000000000000000000000536721285340808
h1SMcG0022938	-1.57593692618606	0.327744256193832
h1SMcG0022946	-2.1188524469107	0.139096113392438
h1SMcG0022948	-2.08697566001582	0.0297657407161926
h1SMcG0022949	-1.21539378947694	0.0646966290539053
h1SMcG0022951	-3.34296353881697	0.00483964377476119
h1SMcG0022955	-0.198959430818712	0.845200693288123
h1SMcG0022959	0.749567053287294	0.567148216280135
h1SMcG0022964	3.80639332282215	0.000000708382227247024
h1SMcG0022965	-0.493334822380686	0.476549766684441
h1SMcG0022971	-0.490190049936649	0.528652210514951
h1SMcG0022973	2.7159159684961	0.00000000000771375373379431
h1SMcG0022974	2.25147008906862	0.000000188525870640433
h1SMcG0022979	-0.939033815898453	0.327202261677736
h1SMcG0022983	-1.01074138990644	0.262319235555901
h1SMcG0022985	0.959128426021052	0.354909986132712
h1SMcG0022986	-1.51267388960332	0.00000000404691003469608
h1SMcG0022988	-0.924641177648947	0.237262730238277
h1SMcG0022994	0.868877658240688	0.0488063634248161
h1SMcG0022995	0.3369504889262	0.356311372273623
h1SMcG0022996	-0.457394840226314	0.566850091066719
h1SMcG0023008	0.279628271587022	0.68870894343531
h1SMcG0023011	-2.92431356825454	0.010663309696909
h1SMcG0023013	-2.97496234520836	0.0252952335352436
h1SMcG0023015	5.06031406699802	0.00000000000000356377021450744
h1SMcG0023018	-0.745366970786888	0.0342883104865458
h1SMcG0023019	-1.15647549927736	0.491301813902458
h1SMcG0023020	3.88966250072348	0.00321471195564976
h1SMcG0023023	2.08263796548806	0.0000000000000000000000000284538761684998
h1SMcG0023028	0.634913803256126	0.337138500595613
h1SMcG0023029	-3.53632293414459	0.0108139103805118
h1SMcG0023036	-3.18536173819547	0.0133776869498814
h1SMcG0023037	-1.37016328263006	0.37722721753091
h1SMcG0023038	-1.5397200107549	0.00078345342372005
h1SMcG0023039	1.40815910600455	0.00201762093569594
h1SMcG0023040	-1.63540461041523	0.000220446629900005
h1SMcG0023041	-0.555509834013078	0.488736569018529
h1SMcG0023042	1.13628951068591	0.0892650061076409
h1SMcG0023044	1.53252095933607	0.00365438169892078
h1SMcG0023046	0.406626761423937	0.765540163276594
h1SMcG0023047	3.76589264021064	0.0000000000182848559129832
h1SMcG0023052	-0.123137078893933	0.933252451576863
h1SMcG0023053	-1.14756004643089	0.31750636405351
h1SMcG0023054	0.553679441322573	0.547559252085435
h1SMcG0023055	-2.29432992273201	0.0000396294536392951
h1SMcG0023058	-1.93852819956283	0.001811881254857
h1SMcG0023063	0.193028654501258	0.894861988594535
h1SMcG0023064	-0.819180227570234	0.601556509175488
h1SMcG0023068	0.131627780391332	0.852373150539849
h1SMcG0023069	0.378633365532805	0.528202294442071
h1SMcG0023072	-1.2483768147569	0.123027875730162
h1SMcG0023076	0.25779289523759	0.831815453507053
h1SMcG0023080	0.263763048898225	0.550653442280838
h1SMcG0023084	0.637719545295459	0.07887603451112
h1SMcG0023085	1.76802189049773	0.00882512957930689
h1SMcG0023088	-1.34905130391126	0.0127631707924836
h1SMcG0023092	-3.63928417570269	0.0031368492798168
h1SMcG0023093	1.21697488854893	0.0000115254803438743
h1SMcG0023095	-0.564935864619726	0.701621735189202
h1SMcG0023097	-2.88065988866589	0.00168409965413365
h1SMcG0023098	-2.13092058492279	0.0000635408037440408
h1SMcG0023099	-3.77206498215242	0.000418651101624061
h1SMcG0023100	0.480559071722142	0.617047670355047
h1SMcG0023103	-3.62287483757819	0.00000108096102813539
h1SMcG0023109	-0.525050614815858	0.213157770336795
h1SMcG0023111	0.871383398122845	0.143139010655645
h1SMcG0023112	-1.42661546116846	0.139561354847654
h1SMcG0023113	2.37862572569221	0.00000521851675141702
h1SMcG0023114	-2.31317778802348	0.0299781764597624
h1SMcG0023120	0.73932338725114	0.00129192311375994
h1SMcG0023121	-3.02643511047102	0.0000276255704183834
h1SMcG0023123	0.855600668706775	0.0161831688118653
h1SMcG0023128	0.5847515577643	0.0158327609605
h1SMcG0023130	0.597526710297494	0.647816635340052
h1SMcG0023132	-0.796277281300879	0.0000886027116805041
h1SMcG0023133	-1.78031158315049	0.0756088693788552
h1SMcG0023142	-1.1617827258763	0.0000000452893162551696
h1SMcG0023143	-1.40991507920949	0.0000000000751838982944421
h1SMcG0023144	-1.7520808383423	0.0000000000000000366014716905514
h1SMcG0023145	-1.46657872196742	0.000000000000930589662715285
h1SMnG0000002	0.974305944641164	0.178970547928638
h1SMnG0000003	0.111045160514537	0.893098208759187
h1SMnG0000004	-1.0266675647655	0.523088055353837
h1SMnG0000034	-2.33795261543628	0.120473931224948
h1SMnG0000053	-0.374296823479487	0.77576319274647
h1SMnG0000055	0.203624998726567	0.765392856301213
h1SMnG0000059	-2.13530848283585	0.00957404246274322
h1SMnG0000064	-0.45770115856333	0.774009469417799
h1SMnG0000066	-0.902941805042828	0.524565960415634
h1SMnG0000068	-0.461732337122792	0.612971008428447
h1SMnG0000069	-1.39665813258075	0.0999053621310117
h1SMnG0000070	-3.00475007334624	0.0252952335352436
h1SMnG0000073	-0.440386169645633	0.424777187915455
h1SMnG0000078	0.268469798854244	0.789651347051021
h1SMnG0000089	-1.52133988112601	0.26540602120503
h1SMnG0000099	1.51951291060779	0.0101245734320272
h1SMnG0000109	-2.76271014133609	0.0000000000549002613422836
h1SMnG0000112	0.893631946533134	0.4499884561682
h1SMnG0000117	-1.38083749161927	0.00446871715862896
h1SMnG0000118	-0.215695359167076	0.866174033615064
h1SMnG0000120	0.746823593457045	0.596066915275824
h1SMnG0000122	-1.98664859484851	0.167082203305372
h1SMnG0000129	-1.04436747567546	0.0357578592361064
h1SMnG0000133	0.296962476573438	0.756828835237409
h1SMnG0000136	-0.273011159736018	0.84097303410756
h1SMnG0000137	-2.28410110771704	0.0183114326800646
h1SMnG0000144	0.590473767308273	0.382262052515661
h1SMnG0000151	-2.31502864344267	0.132981793726691
h1SMnG0000152	-3.2035617065969	0.0000043426314885786
h1SMnG0000192	-1.25852005982247	0.276952602942605
h1SMnG0000195	0.842285272280669	0.392772819153568
h1SMnG0000199	-0.800674979180647	0.590744091392453
h1SMnG0000202	-1.19351892540814	0.100122340720962
h1SMnG0000210	-0.68280709028124	0.593113773260414
h1SMnG0000219	1.88392730893104	0.0908913388073273
h1SMnG0000228	0.778618627323088	0.286337181119481
h1SMnG0000232	-0.315093183075804	0.764359788155386
h1SMnG0000254	-3.54754332947694	0.00456664765388292
h1SMnG0000255	-1.3650126128524	0.322902518261826
h1SMnG0000259	-1.61163513639788	0.09658518428755
h1SMnG0000264	-1.11721273117394	0.303857261931658
h1SMnG0000270	1.71221880435044	0.0939868642815267
h1SMnG0000271	0.126719303044352	0.932150907934347
h1SMnG0000278	0.572993601589399	0.70147102269796
h1SMnG0000287	1.24228608910695	0.184415573652395
h1SMnG0000290	2.40421859745463	0.0581416156716998
h1SMnG0000291	-0.612258202815249	0.644180955514839
h1SMnG0000304	-0.45067715979321	0.651655033657614
h1SMnG0000340	0.0692911614975142	0.929536167971609
h1SMnG0000347	-0.4909988903781	0.181982224058794
h1SMnG0000361	0.872404097231305	0.0370905641275276
h1SMnG0000367	0.409765199550266	0.770531428659843
h1SMnG0000397	-0.759284587691438	0.58289146187276
h1SMnG0000398	3.16013180108339	0.00000000123312125105511
h1SMnG0000402	-0.765035188211031	0.101920689695776
h1SMnG0000403	0.107003296158508	0.945779108018056
h1SMnG0000404	0.359134451318635	0.761384812365768
h1SMnG0000406	1.62619164286917	0.101282719205539
h1SMnG0000420	-0.150136607336686	0.916003748206041
h1SMnG0000444	-0.676341569780231	0.454739271374218
h1SMnG0000462	-0.330065965953546	0.804491916996637
h1SMnG0000472	-2.16776083703645	0.0661530443950657
h1SMnG0000488	-1.64072164849595	0.172160972711173
h1SMnG0000490	-1.45723598485235	0.360173575265452
h1SMnG0000492	0.452415920776515	0.690462147863852
h1SMnG0000497	-1.61105560439738	0.194338685353364
h1SMnG0000498	0.646844202724772	0.705908215162206
h1SMnG0000500	-0.279968653930138	0.275281333738071
h1SMnG0000501	-0.0571854431589145	0.955711140346453
h1SMnG0000504	-0.582208165523033	0.34780214936981
h1SMnG0000506	-0.40783867108272	0.582938400517292
h1SMnG0000514	1.50487545102898	0.0219981779844199
h1SMnG0000524	-0.868062293154453	0.521752772872479
h1SMnG0000528	-1.63880970105253	0.00000104140500284868
h1SMnG0000533	-5.15737829119365	0.00000141117306204639
h1SMnG0000536	-3.05559461370589	0.00155045817957861
h1SMnG0000537	-3.19611079728261	0.00709261822633371
h1SMnG0000538	-4.48771644639526	0.0000676739306641888
h1SMnG0000544	-1.608256248159	0.117291916353516
h1SMnG0000557	-0.676414636138638	0.432819176857146
h1SMnG0000562	-1.71225984127028	0.00515872926432705
h1SMnG0000563	-1.43503122833235	0.0816638644574583
h1SMnG0000569	-1.46644660649015	0.0000000000689008987030659
h1SMnG0000572	-3.48956148829438	0.0005459911991338
h1SMnG0000581	-0.724119531175902	0.00199761545688074
h1SMnG0000584	-0.154697252043118	0.864805803307805
h1SMnG0000585	0.333876984055328	0.831840415482376
h1SMnG0000586	-0.00855028137862211	0.991755530938718
h1SMnG0000588	-1.0790407674605	0.467475931591091
h1SMnG0000589	-0.424367897647804	0.607111570092476
h1SMnG0000596	-1.4744459776113	0.267539522494953
h1SMnG0000658	-0.326095175690054	0.741436465399991
h1SMnG0000669	0.251516124897081	0.773012544350448
h1SMnG0000672	-0.437866804772207	0.795934774323932
h1SMnG0000674	0.85516541936216	0.572441106034312
h1SMnG0000684	3.87387844879742	0.000595230856768478
h1SMnG0000717	-1.4680871981006	0.103002970765648
h1SMnG0000718	0.260803200127954	0.843822857423795
h1SMnG0000719	0.13408308795796	0.705333253398447
h1SMnG0000724	-0.927104947004066	0.513014867001757
h1SMnG0000725	-1.75753551874431	0.0842814240999733
h1SMnG0000740	0.566850407966849	0.512179495066022
h1SMnG0000742	-0.0654832375327622	0.969823006627668
h1SMnG0000750	0.680514230510545	0.286908291769924
h1SMnG0000754	1.30746889112443	0.271884574494445
h1SMnG0000755	-0.190475247564613	0.921721012520942
h1SMnG0000784	-0.847623774469658	0.551416848641633
h1SMnG0000835	5.9303152629499	0.000000000000000000000729093165604943
h1SMnG0000836	1.58986477979898	0.228625414416744
h1SMnG0000842	-0.353341076344762	0.812726840311513
h1SMnG0000851	1.72773021712858	0.00118898825855672
h1SMnG0000856	2.51756535254036	0.0000000384167184575168
h1SMnG0000857	1.92879476899869	0.00310971672669243
h1SMnG0000870	1.40221388414071	0.204524886843249
h1SMnG0000875	-1.328174565158	0.00104866207125321
h1SMnG0000877	-0.457596804057643	0.721413777180852
h1SMnG0000878	-1.6370218612004	0.0792082118280463
h1SMnG0000881	1.40432634946517	0.131362603115795
h1SMnG0000887	1.62995684108999	0.139031491684359
h1SMnG0000895	1.64297957146326	0.0362794615226477
h1SMnG0000898	0.102737983666281	0.948728196288448
h1SMnG0000900	-0.549428865906668	0.732469638367768
h1SMnG0000904	0.699164893537572	0.0023207656963285
h1SMnG0000917	0.0587821001556401	0.956856097754281
h1SMnG0000937	-0.190064520105083	0.688138682429177
h1SMnG0000939	-0.688640626285072	0.633765982979738
h1SMnG0000957	0.185946893280018	0.63688702944809
h1SMnG0000958	0.378096333356369	0.568617806030912
h1SMnG0000959	-0.0856319042680894	0.89761624378358
h1SMnG0000960	0.187787783446171	0.728921840207758
h1SMnG0000964	0.661940548342274	0.298617212179813
h1SMnG0000971	-1.29607551113289	0.460118846137656
h1SMnG0000972	-2.8460923538508	0.0774687498070611
h1SMnG0000974	0.896757306194559	0.565605758404248
h1SMnG0000975	-2.18326560247457	0.0706228724852811
h1SMnG0000978	-0.101199017368856	0.951739056113334
h1SMnG0000989	0.127019513721404	0.871321093727135
h1SMnG0001060	-1.37392244299812	0.295347744300777
h1SMnG0001084	-0.415629830815509	0.711404693071384
h1SMnG0001097	3.71257640493241	0.00000000116281122659929
h1SMnG0001110	1.62971538043792	0.271488168276128
h1SMnG0001111	0.168985477044515	0.927275253585804
h1SMnG0001146	-1.27068070502934	0.00300691624291981
h1SMnG0001150	0.936913723689551	0.0662276711712411
h1SMnG0001151	0.774221555178056	0.342375546129954
h1SMnG0001156	-0.582078321587084	0.598277083005464
h1SMnG0001187	0.00777098777883278	0.986990954401888
h1SMnG0001188	-0.886119227350643	0.0979562843441396
h1SMnG0001190	0.171452453182792	0.869710395632001
h1SMnG0001191	0.57675325434871	0.663884668398217
h1SMnG0001200	-1.33827094545024	0.0865329176870365
h1SMnG0001201	0.353984321822001	0.755944261105985
h1SMnG0001212	1.21863992217247	0.116939582853427
h1SMnG0001234	0.841603434909933	0.250246990885268
h1SMnG0001235	0.666613568569758	0.347155816266929
h1SMnG0001241	0.521046971596627	0.790062405022326
h1SMnG0001242	0.267862705316516	0.72284703241437
h1SMnG0001275	-1.34685856702693	0.100161285959659
h1SMnG0001279	-1.36928316144349	0.0862610050829728
h1SMnG0001281	-0.67747823343411	0.616678458624296
h1SMnG0001299	-2.32672076488329	0.0164941772158746
h1SMnG0001303	-0.28841242713424	0.823335184260299
h1SMnG0001305	0.251884141811209	0.894544837521392
h1SMnG0001312	1.08027370393116	0.224508240843293
h1SMnG0001315	0.945210577945902	0.533471727004521
h1SMnG0001342	1.08003881464329	0.475674618599951
h1SMnG0001366	-1.52466596352098	0.0007491396812296
h1SMnG0001367	-1.6410218384455	0.010355762246299
h1SMnG0001368	-0.632369380852215	0.507750210451048
h1SMnG0001370	-0.0522598757159917	0.964992231819841
h1SMnG0001380	0.0800460138908702	0.943978582156749
h1SMnG0001387	-2.05112022202701	0.213828783465327
h1SMnG0001388	-0.76752872705221	0.532468197906079
h1SMnG0001468	-0.744192267182473	0.649978815945932
h1SMnG0001477	-0.603455547188796	0.63450256546842
h1SMnG0001508	-2.71886887609633	0.092961247288378
h1SMnG0001519	0.102116654872953	0.937286149715375
h1SMnG0001523	0.411195247747717	0.701367326938915
h1SMnG0001524	-0.0879205885553779	0.947402500336293
h1SMnG0001528	-0.334937701158788	0.780910777005352
h1SMnG0001535	1.73840262191816	0.208469214534927
h1SMnG0001551	-0.378857926841652	0.731857164190818
h1SMnG0001552	-0.777119331770582	0.440058270094913
h1SMnG0001577	0.654003556130593	0.450249049224253
h1SMnG0001594	1.6506267875016	0.0430716478186256
h1SMnG0001597	0.101323994687161	0.953369362279849
h1SMnG0001599	2.69075361960195	0.0125768759278582
h1SMnG0001600	0.641771251044528	0.608922800469298
h1SMnG0001601	-1.17600247254194	0.415617199928637
h1SMnG0001637	-1.69076247731541	0.0000010101932087062
h1SMnG0001662	4.04126849398414	0.000024026356763415
h1SMnG0001676	0.370063264729044	0.78155617765964
h1SMnG0001686	0.155184637472728	0.795729646062316
h1SMnG0001687	0.454403822786972	0.394363092506258
h1SMnG0001702	-0.0380130611334412	0.983190513824861
h1SMnG0001705	-0.756112340242589	0.55310295169846
h1SMnG0001710	6.08908397023167	0.000000250906827828455
h1SMnG0001751	-1.06893142413847	0.384688275343785
h1SMnG0001753	-1.28158485729296	0.000644162629405781
h1SMnG0001758	-0.831986138939186	0.60367084083155
h1SMnG0001760	-0.726510297368523	0.33080290333657
h1SMnG0001772	2.71249747321612	0.000516255938897304
h1SMnG0001795	1.41374060737601	0.282932128881968
h1SMnG0001796	-1.77569054093026	0.0754884608593907
h1SMnG0001807	-0.0301480180740854	0.969175472433456
h1SMnG0001808	-0.17060363350578	0.911813809453114
h1SMnG0001814	-2.20387662554894	0.163308463436769
h1SMnG0001819	0.572409676540919	0.734633822669195
h1SMnG0001833	-0.198509323641036	0.825005063167118
h1SMnG0001842	-0.144598818403619	0.895189697371911
h1SMnG0001903	-2.39317949558217	0.0545862315326551
h1SMnG0001909	0.715073511417558	0.574272638181786
h1SMnG0001910	-0.488396640255319	0.744291279141587
h1SMnG0001913	1.6308185750016	0.2109244045915
h1SMnG0001914	-2.73528503708464	0.00461317362876915
h1SMnG0001917	2.52381484656937	0.032629975340921
h1SMnG0001925	-0.225056975551215	0.906741172559874
h1SMnG0001940	-1.83110350275451	0.280699250097535
h1SMnG0001942	0.78227889928113	0.340207881659614
h1SMnG0001944	-1.61143945106243	0.134797233703952
h1SMnG0001947	-1.86180909769346	0.00110739981027489
h1SMnG0001965	-0.0208346736038239	0.98874593208781
h1SMnG0001977	0.758211671303473	0.42893787518315
h1SMnG0001989	-0.0336319132963521	0.976626666327761
h1SMnG0002007	-3.09304427482067	0.000000193657501429274
h1SMnG0002013	2.96109491493963	0.012842983161733
h1SMnG0002018	0.00775573726990081	0.996881608274432
h1SMnG0002028	0.397246278563098	0.828201005351458
h1SMnG0002042	-1.71615039478609	0.220415706908933
h1SMnG0002043	-1.44401032277857	0.0172257492429294
h1SMnG0002044	-2.44084891374296	0.00076018580060664
h1SMnG0002083	1.50767991956798	0.0190931400683037
h1SMnG0002086	-1.25974766516657	0.0962563828094019
h1SMnG0002087	-3.3149070433372	0.0115638835512149
h1SMnG0002094	3.79707345699819	0.0000000547103837032217
h1SMnG0002095	-0.4410846596525	0.708718480318058
h1SMnG0002098	0.534554005827156	0.77804410887755
h1SMnG0002130	0.160244463974219	0.92939118538547
h1SMnG0002172	-1.51283577954745	0.11548418037739
h1SMnG0002186	-0.494515098628568	0.363245953929204
h1SMnG0002191	-0.566065393140278	0.623084306236888
h1SMnG0002193	-1.21895258046474	0.482792520745456
h1SMnG0002199	3.52221914817766	0.00000000000000000000000000137902671692881
h1SMnG0002205	0.499222652513531	0.739920984166645
h1SMnG0002208	0.414155779390948	0.645073644117998
h1SMnG0002225	-1.82583521400163	0.221001124400392
h1SMnG0002241	-0.405600348974351	0.243920961960481
h1SMnG0002251	1.48482893044208	0.0488063634248161
h1SMnG0002257	2.36732531684427	0.00214194012253585
h1SMnG0002272	-0.0491959334300979	0.964870348168942
h1SMnG0002276	-1.97478635383278	0.0000000864321654837971
h1SMnG0002277	-1.39714169456996	0.316308204904298
h1SMnG0002278	-0.587862224317672	0.775502775357737
h1SMnG0002290	0.698164833832143	0.482556622317726
h1SMnG0002306	-0.108838658676827	0.94391021174534
h1SMnG0002316	-1.1535577177148	0.498483564785437
h1SMnG0002320	-3.18395181196151	0.00000113678442141862
h1SMnG0002335	0.16531624170394	0.895760927801076
h1SMnG0002337	0.997469235849858	0.090135689175542
h1SMnG0002338	-0.0448780123757364	0.965759529851377
h1SMnG0002339	1.32897944694826	0.149163919883922
h1SMnG0002340	0.813141890722615	0.384403608742453
h1SMnG0002343	-0.484850837357725	0.229078026597885
h1SMnG0002345	-0.793184175881614	0.329366030193617
h1SMnG0002347	-0.691143886482183	0.342345640464836
h1SMnG0002348	-0.41004913284433	0.728275953808748
h1SMnG0002352	0.292367432758794	0.880802605124956
h1SMnG0002372	-0.861408447580677	0.0000518328357341054
h1SMnG0002374	-0.435399414398331	0.527716221746751
h1SMnG0002375	-1.15273578952367	0.0974540669736726
h1SMnG0002376	-0.786355343412741	0.175326678310375
h1SMnG0002377	-0.366912792581722	0.754648640131448
h1SMnG0002383	-0.907504151076175	0.361976230632436
h1SMnG0002407	0.434143434651015	0.726500844850295
h1SMnG0002413	0.774275279245964	0.445237513982456
h1SMnG0002419	1.5217009290441	0.284418269868361
h1SMnG0002420	-0.122389850796258	0.941761854250465
h1SMnG0002426	-1.25384196415377	0.118523553993875
h1SMnG0002431	-1.39850170614487	0.319994827210058
h1SMnG0002440	-1.10406644664111	0.523294225192374
h1SMnG0002443	0.0534039879760089	0.97901237262499
h1SMnG0002447	0.155379625369345	0.712746123136651
h1SMnG0002455	-0.852866313322448	0.313523637233648
h1SMnG0002465	-0.531164214220137	0.743449118666264
h1SMnG0002468	-0.170217709488989	0.924448434071283
h1SMnG0002470	-0.335685401841877	0.830438002738987
h1SMnG0002475	-2.29342871613309	0.0000663554111340738
h1SMnG0002476	-2.23094603333745	0.0999343168559633
h1SMnG0002477	-1.49522399112366	0.020213066239884
h1SMnG0002478	-1.89313383018042	0.0244156639760035
h1SMnG0002479	-0.836892933474379	0.205742721723496
h1SMnG0002485	-1.52245150655519	0.297554436896019
h1SMnG0002486	-0.277819424781509	0.857366315833826
h1SMnG0002498	-0.235102741053111	0.86084522034244
h1SMnG0002508	-1.47583418883077	0.000209605377056322
h1SMnG0002509	-1.54439693591806	0.0640412576715347
h1SMnG0002510	-0.848370611195153	0.490689934340759
h1SMnG0002511	-2.57077297681584	0.00747241680800403
h1SMnG0002527	2.67370169673725	0.0206171274470612
h1SMnG0002533	-1.05403522846923	0.0767510336014685
h1SMnG0002536	1.26334709302921	0.12839237775623
h1SMnG0002554	-1.18902207143707	0.431406284203471
h1SMnG0002568	-0.404960107795332	0.656737208657722
h1SMnG0002570	-1.63957886837846	0.0857218568635581
h1SMnG0002588	-0.956838680527345	0.35099397781732
h1SMnG0002589	0.145957794093669	0.925300354584422
h1SMnG0002590	0.248789688193935	0.826627187953201
h1SMnG0002593	0.794084552057144	0.578936135182712
h1SMnG0002599	-1.08407847045066	0.4172989596064
h1SMnG0002618	-0.462171836157788	0.720303701052267
h1SMnG0002622	-0.143634128171135	0.935046398045283
h1SMnG0002624	-1.88617084487449	0.269862190055472
h1SMnG0002637	1.23703404105473	0.140957611689041
h1SMnG0002639	0.0689300087150244	0.956337187444009
h1SMnG0002654	-1.04509019745375	0.408151637478964
h1SMnG0002673	-1.1713755127266	0.48858452549724
h1SMnG0002677	1.55023386651808	0.0452316729205914
h1SMnG0002697	-0.535404910938128	0.775502775357737
h1SMnG0002698	0.361628493783912	0.711203052277792
h1SMnG0002708	1.75264045998398	0.00673276541545364
h1SMnG0002712	1.2559950741309	0.319069918038827
h1SMnG0002722	-1.04748754328463	0.00459973524915452
h1SMnG0002723	-0.521386665161865	0.737294107962752
h1SMnG0002734	-0.676457746836488	0.654406634038108
h1SMnG0002740	-1.39695701773901	0.000000000000000289771863466876
h1SMnG0002759	-1.60975462003686	0.0635145435727566
h1SMnG0002765	-1.10823834661739	0.0000770831333471854
h1SMnG0002766	-0.396134369528723	0.82932280068644
h1SMnG0002767	0.258939243248646	0.749128918859145
h1SMnG0002784	-0.681072048942699	0.359200424325651
h1SMnG0002787	-1.1712502188371	0.00000503963565422331
h1SMnG0002789	-0.849294192961234	0.408485556874611
h1SMnG0002792	0.49388550538488	0.642576965914339
h1SMnG0002797	-2.41064550596273	0.109039956725076
h1SMnG0002802	-1.79209490532996	0.0827158500488263
h1SMnG0002809	-1.048297309087	0.374324972490505
h1SMnG0002810	-1.9113206625665	0.000661750923889604
h1SMnG0002820	-0.567807812000476	0.681512431585361
h1SMnG0002821	-0.764906137775947	0.65949917991229
h1SMnG0002822	-1.23042143114761	0.447575615483474
h1SMnG0002824	0.298083524945014	0.770056505355487
h1SMnG0002830	-0.896528801905461	0.00129192311375994
h1SMnG0002832	-0.97831307124547	0.238625176448442
h1SMnG0002834	-0.195668456477385	0.853232304750201
h1SMnG0002835	-0.84562629100004	0.343829829197341
h1SMnG0002836	-2.33300267070722	0.0839782544728102
h1SMnG0002843	0.730389409334661	0.355940707899857
h1SMnG0002849	-3.31932190231102	0.00838399022978889
h1SMnG0002860	-1.65325339245565	0.0353542572189222
h1SMnG0002887	-1.29821673253801	0.266588236964623
h1SMnG0002888	-2.11207652301882	0.0135174935909948
h1SMnG0002891	-1.15953916629519	0.129573105790887
h1SMnG0002902	-1.37371623087068	0.0464676086195601
h1SMnG0002906	-3.57825879156668	0.000109625073618706
h1SMnG0002909	-1.14705348014107	0.260360119137316
h1SMnG0002916	-0.53531275121749	0.761027760420579
h1SMnG0002933	0.15230516771582	0.756501288351675
h1SMnG0002938	-0.347546091455472	0.740059963863623
h1SMnG0002943	0.222516438090029	0.897141743619555
h1SMnG0003020	0.733968698771509	0.586996815369095
h1SMnG0003023	-0.967784166210238	0.0150139154315538
h1SMnG0003026	5.83988939498329	0.000000361780208572842
h1SMnG0003030	0.802433958881576	0.541454004312559
h1SMnG0003037	-1.72262987196134	0.250092010463631
h1SMnG0003054	-0.475765119779511	0.542516072881586
h1SMnG0003063	-0.856168690430988	0.627938238608549
h1SMnG0003070	0.199642699135524	0.910360304473619
h1SMnG0003072	0.211144106384302	0.856580088060241
h1SMnG0003074	-0.0325724558893871	0.979541334942189
h1SMnG0003086	0.90780905659409	0.551416848641633
h1SMnG0003101	-2.37724564146699	0.0685644199123751
h1SMnG0003110	-0.107196186670998	0.950225623582929
h1SMnG0003112	0.056293545809929	0.94407742646757
h1SMnG0003122	-0.200924686865111	0.905136628001151
h1SMnG0003172	0.297327559119717	0.862850834998047
h1SMnG0003174	2.93033203399126	0.00000000258068935352586
h1SMnG0003175	2.63182041926752	0.0113476272757056
h1SMnG0003182	3.30377461362657	0.0259654826679308
h1SMnG0003195	-0.559614943352955	0.716012216543595
h1SMnG0003196	-2.58612647728739	0.0806502701730665
h1SMnG0003214	-0.996748379632566	0.540016653334087
h1SMnG0003219	0.50533704501404	0.821592743414894
h1SMnG0003237	3.46201347258811	0.000102476127079648
h1SMnG0003241	-0.0176213426447873	0.979578684930282
h1SMnG0003245	-0.42681392633625	0.815955664857964
h1SMnG0003247	0.744275082592011	0.68006019999619
h1SMnG0003253	-1.87173586800597	0.0379584719972397
h1SMnG0003276	0.422028498999935	0.488023740950202
h1SMnG0003285	0.646571125997353	0.527915273560511
h1SMnG0003305	-2.27332470526922	0.0875533887340145
h1SMnG0003311	-1.85814911432589	0.181982224058794
h1SMnG0003314	-1.89262902739204	0.138601864475933
h1SMnG0003328	-0.478477285552673	0.793424294528651
h1SMnG0003334	-0.941972298825474	0.261194476648429
h1SMnG0003335	-0.276793329545939	0.830328315013595
h1SMnG0003339	0.678300070238253	0.623321103215205
h1SMnG0003346	-0.758366985121085	0.64559559666618
h1SMnG0003353	0.0415279935200676	0.969845946086823
h1SMnG0003379	-4.42945561135006	0.0000874268019224587
h1SMnG0003399	-0.365251690672493	0.802276441412065
h1SMnG0003401	-3.00080478152138	0.0270197231649506
h1SMnG0003404	-0.86265671105787	0.537701952124159
h1SMnG0003412	-0.116861878013762	0.931848507857757
h1SMnG0003415	2.60759648836359	0.00250348802386899
h1SMnG0003417	-1.11557697883178	0.445300541177826
h1SMnG0003422	-2.24448079366341	0.00415603885012534
h1SMnG0003429	-0.824732131958719	0.00478669090620347
h1SMnG0003430	-0.476887535492376	0.556249407969558
h1SMnG0003433	-1.44027849321622	0.000712308293885377
h1SMnG0003435	-0.730600946113142	0.438021211500055
h1SMnG0003447	-0.141830037733529	0.903146053382701
h1SMnG0003454	-0.658582430322993	0.697192414532071
h1SMnG0003457	-0.935810557950594	0.512239930621945
h1SMnG0003463	-0.468833864198784	0.67279585948651
h1SMnG0003467	-1.56693124230266	0.0184593677963872
h1SMnG0003468	-2.09147683609649	0.204007162539997
h1SMnG0003474	-0.226191809815463	0.757520574361868
h1SMnG0003492	-2.19742486267702	0.0849820171197006
h1SMnG0003500	-1.17203222987218	0.000183717030307084
h1SMnG0003503	-0.612578482923098	0.00715463970012319
h1SMnG0003505	-0.73524784337121	0.416637363568753
h1SMnG0003506	-1.32250004276261	0.350698726730531
h1SMnG0003509	-0.793898904634461	0.0103438131543085
h1SMnG0003514	2.62395501685295	0.0426113276444196
h1SMnG0003524	1.32836929761851	0.0406289286411513
h1SMnG0003528	1.63994610119005	0.00000292908859952969
h1SMnG0003529	-0.375397862232484	0.747647635302281
h1SMnG0003548	0.337385583261689	0.787549278768219
h1SMnG0003557	-1.59276532633486	0.284123319274996
h1SMnG0003563	-0.642188000375679	0.472304048264825
h1SMnG0003565	0.133389396897806	0.933985599002548
h1SMnG0003570	-0.60986666195556	0.735008185445046
h1SMnG0003591	0.677483288417188	0.0456879577224986
h1SMnG0003596	4.35113983505467	0.00000000737181548079032
h1SMnG0003610	0.404794611464908	0.503307311602451
h1SMnG0003611	0.544349272001602	0.712746123136651
h1SMnG0003632	0.443907942178205	0.736628770233871
h1SMnG0003633	1.648954832121	0.0487110669738389
h1SMnG0003634	1.77191133773797	0.00105154297563641
h1SMnG0003643	0.956632573238631	0.433411410897923
h1SMnG0003645	0.540729546216643	0.355959213746323
h1SMnG0003648	-1.960427831402	0.126499666983038
h1SMnG0003651	-0.345014618657161	0.765392856301213
h1SMnG0003652	-0.695201050580362	0.596516195415019
h1SMnG0003661	-0.520895454146442	0.77875283100169
h1SMnG0003669	-1.04898613157877	0.468576364915542
h1SMnG0003670	0.810543520629245	0.490123088184588
h1SMnG0003675	-0.969736207627551	0.0875565751406982
h1SMnG0003680	2.39143623423399	0.00658127297045386
h1SMnG0003705	-1.87110989205742	0.13886484857481
h1SMnG0003717	-0.873678286616479	0.39321157614472
h1SMnG0003733	-1.20137105055354	0.488023740950202
h1SMnG0003737	-0.339865956931497	0.608227777978273
h1SMnG0003743	-1.07155369153273	0.00649580202599695
h1SMnG0003751	-1.66856154026515	0.128661307724943
h1SMnG0003766	-0.819061373893234	0.652677382203455
h1SMnG0003769	0.666332903347106	0.586178080383321
h1SMnG0003771	2.16984032996507	0.000569655115778508
h1SMnG0003779	0.853826044816348	0.262305913228555
h1SMnG0003792	-0.283049756358299	0.78707355597904
h1SMnG0003801	-0.209680960263282	0.891474870086354
h1SMnG0003805	-2.05852566627728	0.211946215524559
h1SMnG0003806	-1.33788159458637	0.149949107276736
h1SMnG0003817	-1.18429272250004	0.0000916571758275375
h1SMnG0003818	-1.1120672419882	0.0150163173357725
h1SMnG0003819	-1.56422369050052	0.194073554012802
h1SMnG0003820	-1.36053062695401	0.333867135040936
h1SMnG0003821	-0.133593587999528	0.914882729178263
h1SMnG0003828	0.529137398462559	0.707721342381333
h1SMnG0003859	-0.983754769587332	0.150610144869363
h1SMnG0003866	-1.69744481103581	0.0780421816895029
h1SMnG0003867	-1.82085585855501	0.117687655012658
h1SMnG0003871	-0.751177296347582	0.117948899563179
h1SMnG0003874	-0.983287925407928	0.531021954958383
h1SMnG0003884	-3.0916150895347	0.000000000000000000000000613839253380661
h1SMnG0003885	-4.51853984431089	0.000142726678999732
h1SMnG0003886	-3.79765845504154	0.000125967864279536
h1SMnG0003887	-1.99831477622087	0.0452692367042962
h1SMnG0003888	-1.45992515372268	0.284597344223344
h1SMnG0003891	-0.331713393455421	0.724751838366007
h1SMnG0003905	6.6874588766493	0.0000000180985178907099
h1SMnG0003919	-0.478939877896667	0.277553808009516
h1SMnG0003922	2.14960702249219	0.0000000000566940796716311
h1SMnG0003924	1.44890187195926	0.0530575472025951
h1SMnG0003933	0.896943070495417	0.334169310475274
h1SMnG0003936	0.915424815226098	0.243787566981333
h1SMnG0003938	0.0324308663521897	0.9730824113611
h1SMnG0003967	0.677681845308005	0.653438247379595
h1SMnG0003986	-0.291974942082167	0.818656533418124
h1SMnG0003987	-0.591188212443569	0.680097469372171
h1SMnG0004016	-0.909470482524111	0.00428908832695908
h1SMnG0004018	7.04750599970324	0.0000000000173893105152758
h1SMnG0004043	1.93378811021001	0.00000282804586431456
h1SMnG0004054	-0.32227968080923	0.863252588242322
h1SMnG0004056	-1.56800219254279	0.161028501170884
h1SMnG0004071	0.392259148047523	0.647068557353954
h1SMnG0004073	-1.17665355086743	0.19291585046755
h1SMnG0004080	-1.11331604123766	0.509744935443315
h1SMnG0004087	-0.539861271317523	0.569735609081452
h1SMnG0004089	-0.102413840586991	0.952528792319883
h1SMnG0004115	0.921624252356859	0.315965783104185
h1SMnG0004124	0.412172998457577	0.527716221746751
h1SMnG0004130	-2.268403706097	0.0979668704056481
h1SMnG0004142	0.964946741580937	0.528652210514951
h1SMnG0004148	-0.612724217008323	0.660713959974915
h1SMnG0004159	0.399195714395014	0.61242194193169
h1SMnG0004164	-0.998728225463803	0.0932876542805976
h1SMnG0004165	-0.46545494232724	0.500824873436909
h1SMnG0004166	-1.21855352070851	0.235323822212477
h1SMnG0004173	-0.997881413016682	0.434598208614717
h1SMnG0004184	-0.274165347993327	0.841456887467948
h1SMnG0004186	0.159570288661033	0.850336853510065
h1SMnG0004188	1.24610797676318	0.338740741898168
h1SMnG0004190	0.454291045304985	0.387647802187906
h1SMnG0004193	-0.224062095625985	0.342230276190349
h1SMnG0004194	0.0982243087918961	0.94967357690314
h1SMnG0004197	-0.0716297826382524	0.947632339755674
h1SMnG0004199	-0.0254487672457338	0.973510625303182
h1SMnG0004200	-0.304855817102147	0.607766281375815
h1SMnG0004203	-1.11914945651842	0.0860908200644481
h1SMnG0004206	0.837898209424598	0.546594381907799
h1SMnG0004216	2.07366934477202	0.0503645814683142
h1SMnG0004218	1.80241826639691	0.0466594524608247
h1SMnG0004225	-1.35041344171418	0.0614106512513301
h1SMnG0004228	-3.09062655878546	0.0097307383310084
h1SMnG0004237	0.108848295583244	0.932942592338332
h1SMnG0004241	-2.60607134771309	0.0771169986900933
h1SMnG0004249	-0.965137167569837	0.0743236672155539
h1SMnG0004250	0.58302432925483	0.734890370507868
h1SMnG0004251	-0.340352112294967	0.701367326938915
h1SMnG0004252	-0.212155076363186	0.752307710738364
h1SMnG0004253	-0.425503283000802	0.680848264663295
h1SMnG0004261	-1.63679526774622	0.000000376651758571692
h1SMnG0004262	-1.77885357284712	0.0524137977643214
h1SMnG0004263	-1.10331500513004	0.167501249130172
h1SMnG0004265	-1.8244175502231	0.098964458880579
h1SMnG0004266	0.63097563582923	0.12168769721919
h1SMnG0004269	2.35517631319888	0.00806640447569584
h1SMnG0004271	-0.293522329085406	0.57276348726222
h1SMnG0004272	-0.517853646144933	0.485031693613063
h1SMnG0004274	-0.958320654293701	0.296762773766765
h1SMnG0004275	-0.29350877336287	0.603556461247879
h1SMnG0004276	-0.885759207139654	0.359146174779032
h1SMnG0004279	0.0906402641581697	0.933461056476285
h1SMnG0004280	0.275962746819647	0.37722721753091
h1SMnG0004284	0.862171519364467	0.227196856671357
h1SMnG0004292	-1.43291955301847	0.325664487933011
h1SMnG0004302	-0.085509272002651	0.945618511194633
h1SMnG0004344	1.19285056320698	0.0671657864461788
h1SMnG0004345	0.44076004853955	0.513734996764026
h1SMnG0004346	1.71885402029434	0.0614915941304449
h1SMnG0004350	1.48103065314782	0.0572430226955553
h1SMnG0004358	-0.85663396423389	0.504061730776834
h1SMnG0004359	0.656677855432226	0.647490331687923
h1SMnG0004360	-0.196869904076492	0.867231632983629
h1SMnG0004361	-0.972040547813898	0.405564291308525
h1SMnG0004364	-1.40645082156379	0.00000000629939023351565
h1SMnG0004365	-2.42846681754619	0.000245043369381803
h1SMnG0004366	-2.05059624495762	0.0682208773401272
h1SMnG0004369	-2.57195029520328	0.0821495110523117
h1SMnG0004375	-0.972347571790762	0.574338366568541
h1SMnG0004394	-1.35333243851317	0.400182849362551
h1SMnG0004398	2.87243829778975	0.0000973870765113409
h1SMnG0004406	-0.35505224613815	0.763101153325323
h1SMnG0004407	1.00363573685185	0.42514981321797
h1SMnG0004439	-2.04429861568037	0.00746018539756395
h1SMnG0004445	-0.818014737473879	0.592287832862969
h1SMnG0004446	-0.56336108787174	0.627930041842067
h1SMnG0004447	-1.22213084079306	0.154188513993576
h1SMnG0004449	0.770031461420748	0.560612635959989
h1SMnG0004450	-0.715648994847405	0.0569699264265826
h1SMnG0004451	0.599914115013535	0.334777173548849
h1SMnG0004454	-0.434020068245617	0.476732156065827
h1SMnG0004462	-0.378324288343653	0.579261341993879
h1SMnG0004476	0.802683288442712	0.586996815369095
h1SMnG0004493	-3.56547764379211	0.00430496543169548
h1SMnG0004495	2.6541962955928	0.0244089745936542
h1SMnG0004506	-1.04200960538787	0.00670296196682116
h1SMnG0004533	-0.602796741872944	0.709839657555921
h1SMnG0004540	0.207712705015514	0.817287747889562
h1SMnG0004549	-0.00920797984381829	0.99620440374576
h1SMnG0004565	-0.640792548622366	0.000600192487558437
h1SMnG0004567	-1.30463206391943	0.391299869455666
h1SMnG0004571	0.202136157070434	0.906741172559874
h1SMnG0004572	-0.460153658819184	0.559262295792653
h1SMnG0004574	-2.22588393663479	0.0780893459683484
h1SMnG0004575	-1.01693328384948	0.314548092233698
h1SMnG0004577	-1.07922011735553	0.226247192294395
h1SMnG0004583	0.72733801302864	0.00961269377444287
h1SMnG0004589	-2.18840980186868	0.0434778526451391
h1SMnG0004594	5.68805189985298	0.000000208664803375404
h1SMnG0004610	2.61091185949379	0.00000744960140296214
h1SMnG0004613	-0.519281479891591	0.7440539707483
h1SMnG0004614	-0.0818605579037138	0.910360304473619
h1SMnG0004649	-0.796551584801975	0.122505650982746
h1SMnG0004664	1.74951446678861	0.088055194705399
h1SMnG0004678	-0.136729334936938	0.916831463652403
h1SMnG0004680	-0.169336838931531	0.791367113407903
h1SMnG0004681	-0.117691333733471	0.816228748700156
h1SMnG0004683	-0.239089038995035	0.731976519879384
h1SMnG0004685	0.453153222817218	0.552092032106564
h1SMnG0004687	0.0447200849056222	0.930404978072481
h1SMnG0004693	-0.112874167790047	0.895912515247367
h1SMnG0004696	0.12634514132175	0.836654552658613
h1SMnG0004697	0.972053626298586	0.512671733577284
h1SMnG0004698	0.442924958898726	0.40146989836344
h1SMnG0004705	-2.02913907345941	0.221471889047766
h1SMnG0004708	-0.715615611901769	0.0866480922071296
h1SMnG0004718	0.00446217708676685	0.997177800814752
h1SMnG0004734	-0.0299852161344835	0.980775153149252
h1SMnG0004744	0.268574171461192	0.858738055779387
h1SMnG0004748	5.24926814008059	0.17370432786951
h1SMnG0004756	-0.723358718290638	0.66538872241952
h1SMnG0004766	-1.85187016896166	0.203678942202739
h1SMnG0004775	-2.11907388282345	0.134568199827704
h1SMnG0004780	2.82869439889142	0.00000000000000490764857995094
h1SMnG0004802	7.42521277489092	0.0000000000145449763861662
h1SMnG0004808	-0.61748145373583	0.719987719692483
h1SMnG0004811	-0.602210749018508	0.735946414393326
h1SMnG0004817	0.179400830108772	0.881383202422054
h1SMnG0004846	-2.77916583616368	0.0510704585915412
h1SMnG0004863	0.63673037786842	0.441026439744916
h1SMnG0004877	-0.649593635363065	0.27437533530996
h1SMnG0004879	-0.599197728414368	0.728844920753395
h1SMnG0004880	-0.410250144394323	0.770496453433904
h1SMnG0004892	0.427890611595185	0.787201778822131
h1SMnG0004915	-0.9029826073127	0.000151089936376306
h1SMnG0004918	-0.788505660412449	0.392414735643919
h1SMnG0004937	-0.197123789151675	0.904931341082187
h1SMnG0004949	-1.99896706525171	0.0000854017840251609
h1SMnG0004958	-0.482577237687172	0.565848294338741
h1SMnG0004976	-0.536833029820349	0.490338242939555
h1SMnG0004987	0.356010672431065	0.725920090876477
h1SMnG0004996	0.068693461961138	0.918956606247074
h1SMnG0005001	-1.53525112119786	0.108552592482168
h1SMnG0005004	-1.23847244692393	0.00302502482786419
h1SMnG0005009	2.57848423405136	0.000006562495467669
h1SMnG0005019	1.88048881005286	0.0421308418042931
h1SMnG0005026	5.43190374546641	0.00000208914362129555
h1SMnG0005031	0.691552139048986	0.597965410614199
h1SMnG0005049	-1.46397722445555	0.27155687173914
h1SMnG0005069	-1.53814165398521	0.199351668290467
h1SMnG0005074	2.21064223742975	0.0745578843223426
h1SMnG0005085	-1.91340346292284	0.250732221437015
h1SMnG0005087	0.884808615696024	0.245533418967721
h1SMnG0005089	-2.33399264475026	0.000102789503728082
h1SMnG0005100	0.00346700844181083	0.998504938682714
h1SMnG0005126	-1.84817152386298	0.195162937060492
h1SMnG0005129	0.100013151722585	0.963490433626944
h1SMnG0005134	0.680137636422148	0.0939616149394153
h1SMnG0005146	0.708568795389158	0.282517382479006
h1SMnG0005179	-0.886248768921723	0.570065353257982
h1SMnG0005183	-1.34464599859179	0.416931005758804
h1SMnG0005225	-0.86397043324556	0.590241598977473
h1SMnG0005235	-1.56535989489347	0.322257239336188
h1SMnG0005237	3.06046099671466	0.00000092611694807584
h1SMnG0005238	-0.429750288322853	0.792983902398259
h1SMnG0005271	-3.80377504998982	0.000574542241674813
h1SMnG0005277	-0.531480737952877	0.724572967058151
h1SMnG0005282	-0.498303735931869	0.594549234577077
h1SMnG0005306	-1.59386925112406	0.281555298300488
h1SMnG0005320	-0.309650724379103	0.851696571277284
h1SMnG0005336	-1.86278150871751	0.0403689617470069
h1SMnG0005348	-2.48922557662223	0.00290592069625352
h1SMnG0005368	-0.67704478309029	0.489977648044262
h1SMnG0005370	-2.14408570999133	0.181612260417459
h1SMnG0005374	-1.25823495189661	0.0267069630328566
h1SMnG0005375	-1.02436401520771	0.272238284220359
h1SMnG0005390	-0.653620621000072	0.50762540855387
h1SMnG0005391	-0.554728390595261	0.537701952124159
h1SMnG0005426	-1.78180947509105	0.16560831022866
h1SMnG0005444	0.0995688971096164	0.931823386625455
h1SMnG0005449	-3.33348711418777	0.00914779738715804
h1SMnG0005450	-0.188731161704787	0.828020511527929
h1SMnG0005471	4.01780647331866	0.0000000515245575306486
h1SMnG0005472	3.96979511676004	0.00000000053008355413074
h1SMnG0005473	3.75724513251424	0.000000000000000000124526605139002
h1SMnG0005474	2.94897977343444	0.0020224645999655
h1SMnG0005486	0.0619797510391005	0.942563379674046
h1SMnG0005494	-2.74501057858758	0.0922699475016833
h1SMnG0005497	1.41447027596949	0.310978015462678
h1SMnG0005513	-0.719959757633952	0.631303057068304
h1SMnG0005521	1.52890954763836	0.00977612709719627
h1SMnG0005523	2.38199043503421	0.00100808158570919
h1SMnG0005524	1.0251307342547	0.408869449284455
h1SMnG0005525	2.11232692537438	0.0297783147092884
h1SMnG0005528	1.23395089653063	0.151814144352138
h1SMnG0005529	3.39469312950583	0.000044014174221708
h1SMnG0005557	-1.82324281612458	0.00392892898817635
h1SMnG0005560	5.53988787599672	0.000000000238266452617848
h1SMnG0005565	7.48024830288476	0.000000000000000000000000000000000000000000000000000000000000175466530621923
h1SMnG0005581	0.25240296712907	0.882558686702019
h1SMnG0005614	-1.14768086541552	0.351823822608816
h1SMnG0005619	1.85198022426874	0.0000538741089460168
h1SMnG0005625	0.0383911558956237	0.969494905971792
h1SMnG0005626	-0.711917811394916	0.450514077882351
h1SMnG0005628	-2.71375491652374	0.0494039710473643
h1SMnG0005641	-0.620377110485419	0.709486775158409
h1SMnG0005643	-2.90830901764383	0.0687157166183189
h1SMnG0005644	0.794703086736559	0.394445180606124
h1SMnG0005654	1.50562000749999	0.061572864558635
h1SMnG0005673	-1.61583202561389	0.0337672810291537
h1SMnG0005682	-0.124822993515206	0.920129029104644
h1SMnG0005693	0.885647900286265	0.198296493638067
h1SMnG0005694	0.778111111421744	0.522571358112591
h1SMnG0005732	0.388365065100971	0.455450904536591
h1SMnG0005735	0.256347241902945	0.670132990836528
h1SMnG0005736	0.300689715875741	0.695328553246667
h1SMnG0005737	0.825076592814155	0.623321103215205
h1SMnG0005767	0.660840477982782	0.5919584209212
h1SMnG0005773	-0.690842944859779	0.329543286598787
h1SMnG0005798	-1.19441680266757	0.0788593851360571
h1SMnG0005807	0.343374993109267	0.519981298613339
h1SMnG0005814	0.649087052390795	0.701168958127933
h1SMnG0005830	-2.9447358600143	0.00417932285254214
h1SMnG0005831	0.766067682181795	0.165187742038873
h1SMnG0005835	-0.0639917833799611	0.947594167729736
h1SMnG0005847	-0.526209728175266	0.350698726730531
h1SMnG0005858	-0.672650289280653	0.000303681020733173
h1SMnG0005859	0.851297193567937	0.480705467789611
h1SMnG0005875	-0.412751666331955	0.793896256175534
h1SMnG0005876	-2.60265865940286	0.0774091237912818
h1SMnG0005877	-0.451161454409846	0.58626859976336
h1SMnG0005884	0.796682203952322	0.295557662680925
h1SMnG0005906	-0.183703057707977	0.826173965144493
h1SMnG0005918	-0.71648636247703	0.297232053814554
h1SMnG0005926	-0.197839749956287	0.845220198277502
h1SMnG0005932	1.51888197086264	0.208156941377675
h1SMnG0005949	-0.861691339088046	0.311602329585475
h1SMnG0005963	-1.01975236309966	0.20816656177694
h1SMnG0005973	-2.15339411373425	0.179358496796631
h1SMnG0005974	-0.914835476354479	0.43311871558396
h1SMnG0005982	-1.14929089517166	0.0890128841566822
h1SMnG0005983	-0.640017487284808	0.267211116440348
h1SMnG0005991	-0.716676134933566	0.655124410112511
h1SMnG0005996	-1.83792543822919	0.211871701058561
h1SMnG0005999	-0.706105920339713	0.581031413189956
h1SMnG0006014	0.59639006631898	0.666349895739542
h1SMnG0006015	2.60545039159311	0.0124614095950371
h1SMnG0006020	-1.59976559631162	0.29307031265991
h1SMnG0006028	-1.07577055621582	0.4999977404008
h1SMnG0006030	-1.58233096369565	0.118611354845301
h1SMnG0006037	-0.0647935858386396	0.964995305207719
h1SMnG0006038	1.11791079677796	0.228368195230088
h1SMnG0006040	-2.07327038957809	0.00277088932382419
h1SMnG0006041	0.299437693955889	0.844162224488656
h1SMnG0006066	1.52594228039499	0.177975431458263
h1SMnG0006068	3.63673796495906	0.00000238516842143078
h1SMnG0006087	-0.169255291083844	0.83535711189876
h1SMnG0006093	0.213819028711132	0.808246375479447
h1SMnG0006094	-0.25183140025747	0.787074268948623
h1SMnG0006095	-0.343936581635429	0.740310717651204
h1SMnG0006097	-1.5406233157443	0.321155664903539
h1SMnG0006100	-0.171764403343979	0.848493444673897
h1SMnG0006103	-3.49684520236327	0.00000669873082900434
h1SMnG0006105	1.08300770402866	0.039702193370811
h1SMnG0006137	-2.53791761605315	0.0209098230237116
h1SMnG0006155	-1.20631018008834	0.220644486744805
h1SMnG0006176	1.34666183480209	0.139031491684359
h1SMnG0006180	3.88279964244193	0.0000378677099861967
h1SMnG0006187	-0.0811901367269725	0.944642722782973
h1SMnG0006198	-0.964079444778444	0.438021211500055
h1SMnG0006208	0.962319042810833	0.446366088566973
h1SMnG0006210	-2.79765613500844	0.0191740374766284
h1SMnG0006231	-0.563481961033932	0.716064620999891
h1SMnG0006242	-0.731674940423104	0.673853336653315
h1SMnG0006260	-0.826437627683685	0.078189444909453
h1SMnG0006264	-0.696405973559044	0.310780204932411
h1SMnG0006272	-0.427762225613575	0.549064888616054
h1SMnG0006275	0.045522720152066	0.97281263599761
h1SMnG0006288	-0.719691029963457	0.483434105893168
h1SMnG0006294	-1.22035302230603	0.337844650608071
h1SMnG0006296	-0.97492623968144	0.0170469688590322
h1SMnG0006299	0.735545795117957	0.142163087435541
h1SMnG0006300	-1.24660258881133	0.0233047324672098
h1SMnG0006329	2.68159949020308	0.00576547796174782
h1SMnG0006365	-0.128326193335536	0.884950042502045
h1SMnG0006383	-1.95595208903932	0.0421308418042931
h1SMnG0006398	-0.444328618130107	0.680848264663295
h1SMnG0006407	-0.941406210578857	0.461269676256425
h1SMnG0006445	0.257498881295733	0.579336113935102
h1SMnG0006447	-0.573578674311895	0.647966029668387
h1SMnG0006466	0.085975651106355	0.953155641930491
h1SMnG0006481	-0.568227568765035	0.697118512312654
h1SMnG0006512	3.12418353924038	0.00002374169819578
h1SMnG0006514	0.107068994353713	0.856504797587386
h1SMnG0006519	0.979884052514607	0.125745141253019
h1SMnG0006542	5.04118230039641	0.000228190822935904
h1SMnG0006553	1.20633654410008	0.431319919044892
h1SMnG0006557	2.63501157338445	0.00373812004104761
h1SMnG0006561	0.368658919237411	0.823335184260299
h1SMnG0006565	-0.0759451732681428	0.92939118538547
h1SMnG0006574	-1.0717871613362	0.348494533720666
h1SMnG0006592	0.561130529068226	0.469817839419834
h1SMnG0006596	0.534351614589391	0.716174910485512
h1SMnG0006597	0.271466356194013	0.80056952371413
h1SMnG0006605	-1.60697807154175	0.311186700440456
h1SMnG0006625	0.777194042130646	0.420739529741523
h1SMnG0006635	-0.237799713753512	0.874757080334519
h1SMnG0006644	-1.09354340947459	0.512766550712125
h1SMnG0006652	-2.4386147255708	0.10676331591273
h1SMnG0006668	-0.647366722349334	0.326047943485307
h1SMnG0006670	-0.932066846420181	0.438224289204699
h1SMnG0006674	-1.6644568832628	0.00082883323004853
h1SMnG0006678	-0.253941606492419	0.79808569755574
h1SMnG0006679	-2.8411961593313	0.0817468743268521
h1SMnG0006704	-1.54792775980801	0.163606955400876
h1SMnG0006722	-0.99568266087926	0.00016504248486876
h1SMnG0006725	-1.06913983715745	0.0116282631649432
h1SMnG0006726	-1.2445230627461	0.00742166626864548
h1SMnG0006728	-0.917216792955135	0.325907527000401
h1SMnG0006732	-2.07479729220874	0.0351523583646545
h1SMnG0006739	1.23569359484152	0.397897108511423
h1SMnG0006741	-1.03701320879031	0.567130559660282
h1SMnG0006748	1.65968647297054	0.258397941704744
h1SMnG0006759	2.14831026994868	0.0157332758324002
h1SMnG0006763	-3.41387665678627	0.00299739510606842
h1SMnG0006770	-2.8314781808688	0.0773992195376348
h1SMnG0006781	-0.116523405483439	0.921078048299389
h1SMnG0006784	-0.38599159782565	0.754028808638603
h1SMnG0006786	0.813928911486209	0.203472457681687
h1SMnG0006798	-0.862644435314627	0.565832404747799
h1SMnG0006829	-0.437683352573654	0.725738923382031
h1SMnG0006841	-1.04324084892084	0.184209726510879
h1SMnG0006844	6.70352857828879	0.000000000293693533417648
h1SMnG0006853	1.14170541967327	0.000845363042737023
h1SMnG0006855	-0.077698247541011	0.944776805341872
h1SMnG0006897	0.113166160919493	0.938615955118973
h1SMnG0006902	-0.303306650787831	0.853129601343139
h1SMnG0006908	0.0157548539260958	0.988149976925726
h1SMnG0006921	-3.28682756970247	0.00000000174054369118334
h1SMnG0006923	-2.80109217681833	0.0827205324751063
h1SMnG0006924	-2.54172400946069	0.0279570843098761
h1SMnG0006925	-1.28165687843777	0.465184095816885
h1SMnG0006929	-2.35041655771368	0.127788921292439
h1SMnG0006932	0.600166956660026	0.731684212755235
h1SMnG0006933	-1.39939161727685	0.00350678726390842
h1SMnG0006950	-0.76507532288941	0.553010378073189
h1SMnG0006951	-0.781733500138116	0.594301369758453
h1SMnG0006955	0.0216104722731312	0.984598012990071
h1SMnG0006957	-0.294924469859931	0.808555848423081
h1SMnG0006958	0.603581857716035	0.530665093203607
h1SMnG0006968	-0.475015638895742	0.716174663223763
h1SMnG0006977	-0.514636093669276	0.134536099910634
h1SMnG0006979	0.255615081804076	0.856587808321952
h1SMnG0006980	-1.43288862900583	0.138143063705298
h1SMnG0006981	-0.851828934204804	0.264982507787253
h1SMnG0006985	-0.695765088725222	0.644521828988281
h1SMnG0006995	-1.3688077475753	0.278653264925035
h1SMnG0006996	-1.92704278811946	0.132490885033451
h1SMnG0006997	3.42065416392009	0.00497358421911517
h1SMnG0007005	-2.02435625454057	0.173759512487432
h1SMnG0007015	0.407685612760078	0.786267059886097
h1SMnG0007031	-2.20087327573694	0.000418042216840576
h1SMnG0007035	1.31068039397871	0.332250781323097
h1SMnG0007070	0.849830589348346	0.57629451736447
h1SMnG0007098	2.1466715593011	0.00000000000000000000000001741281855326
h1SMnG0007114	1.34117151157301	0.0494039710473643
h1SMnG0007115	0.618168609345773	0.713118665419766
h1SMnG0007134	0.936667653572982	0.155825103922562
h1SMnG0007150	-0.8064770627121	0.672368691042335
h1SMnG0007158	-1.06251069238304	0.0660198409119167
h1SMnG0007166	0.472856876681896	0.604916374839895
h1SMnG0007178	-2.13952255309272	0.0314164215483537
h1SMnG0007179	0.980549739238594	0.255888200495833
h1SMnG0007186	-1.50748372600702	0.210561322983884
h1SMnG0007187	-2.43786899515581	0.0389277762444925
h1SMnG0007189	-1.52799938263652	0.0337672810291537
h1SMnG0007190	-2.15926983589	0.0456800531523744
h1SMnG0007197	0.0534246922566589	0.972111590291674
h1SMnG0007226	-0.910851239268055	0.599715810358406
h1SMnG0007228	1.64499610388636	0.0623703627588803
h1SMnG0007231	3.24326345493477	0.00000000369589661121667
h1SMnG0007232	2.17707583350583	0.029906203913529
h1SMnG0007237	-2.37214298394896	0.023759178946754
h1SMnG0007240	-2.33042664694331	0.0553255582425769
h1SMnG0007248	1.53148978761819	0.0531689700428742
h1SMnG0007250	0.775511392026795	0.25439814403867
h1SMnG0007254	5.49251790997763	0.000000000000193355611047469
h1SMnG0007259	-2.59785527853961	0.07887603451112
h1SMnG0007260	-1.05001985316542	0.446364150938964
h1SMnG0007263	4.59384997186594	0.000000000935651125649394
h1SMnG0007264	-0.810728346554895	0.353807678703888
h1SMnG0007266	0.161978853514406	0.908390940154844
h1SMnG0007291	-2.55494472507636	0.0234629710568048
h1SMnG0007298	-1.09575743312482	0.421472783488795
h1SMnG0007308	0.941237256373829	0.408485556874611
h1SMnG0007318	0.328162610879528	0.362578387872388
h1SMnG0007321	-2.1318261955162	0.132981793726691
h1SMnG0007322	-3.80950725333968	0.00055268250780757
h1SMnG0007328	-0.21739650402641	0.858017350582179
h1SMnG0007329	-2.22423814508056	0.118311427148715
h1SMnG0007337	-0.958710636202037	0.418388742713367
h1SMnG0007347	-1.34326586562513	0.238976901129102
h1SMnG0007359	-1.64850584922824	0.213944578829232
h1SMnG0007363	0.118465534831419	0.86257958797886
h1SMnG0007366	-0.472001367913423	0.644654017117763
h1SMnG0007392	3.46629104133159	0.00231807850497716
h1SMnG0007393	0.312851025873048	0.747141740689665
h1SMnG0007394	0.693280550047642	0.58262756080754
h1SMnG0007398	0.594347576378214	0.38439808669491
h1SMnG0007408	-3.14074885855474	0.0185119221685392
h1SMnG0007411	-2.20752834111253	0.0812062937836326
h1SMnG0007415	5.21167575984003	0.0000000002526087544398
h1SMnG0007457	-0.0245437960512332	0.986002526511938
h1SMnG0007461	-0.604528544556584	0.144447148830772
h1SMnG0007509	-0.889299203243003	0.59781713884757
h1SMnG0007515	0.925667224815207	0.250168943703337
h1SMnG0007519	6.15198092328633	0.000000115681773504121
h1SMnG0007520	4.57716179222864	0.000028720259211959
h1SMnG0007521	4.43371953293199	0.00000000852743694831422
h1SMnG0007543	-1.36752157501134	0.408151637478964
h1SMnG0007544	-0.187179958236132	0.844985565543935
h1SMnG0007545	-0.22694595188174	0.848935290003395
h1SMnG0007551	-1.48387771232665	0.309836140542739
h1SMnG0007583	0.377322078990581	0.722603088738779
h1SMnG0007590	1.13433806790382	0.311684279905057
h1SMnG0007598	-0.287804990985347	0.851062065763256
h1SMnG0007601	-0.453534302497302	0.79143663688414
h1SMnG0007607	1.18925323518115	0.322689501144137
h1SMnG0007635	-0.243131837187701	0.814240765665312
h1SMnG0007654	-1.09387205689163	0.0000458689739683265
h1SMnG0007665	0.326870804748216	0.798858863196303
h1SMnG0007666	2.26770271803309	0.0619454338547277
h1SMnG0007667	0.848126787540759	0.136520491221267
h1SMnG0007674	1.77103607046242	0.0000193831193692174
h1SMnG0007684	1.25953585160274	0.21092466714873
h1SMnG0007690	-0.180475161163648	0.918754690646865
h1SMnG0007740	3.33817223491341	0.000000000139026300349209
h1SMnG0007747	3.58012343855892	0.00000015552823196367
h1SMnG0007755	-1.71228118285657	0.214985927101756
h1SMnG0007765	0.153074731755323	0.883150284382266
h1SMnG0007775	-0.278819581715745	0.789091092155918
h1SMnG0007779	0.761410305503938	0.642221791633843
h1SMnG0007788	0.565685481863015	0.677732470620349
h1SMnG0007790	-2.24981860356668	0.0211252587624081
h1SMnG0007810	2.55043028057042	0.00648338775073975
h1SMnG0007814	1.16744858280879	0.316737116197991
h1SMnG0007818	-0.487410623069021	0.783102227574691
h1SMnG0007825	5.3690012433431	0.000000000441201896534827
h1SMnG0007835	1.58684644163655	0.271202510099393
h1SMnG0007847	0.51706469630782	0.506262931694123
h1SMnG0007854	-2.26450800290979	0.0555143564280875
h1SMnG0007855	0.159109235232145	0.898097160495452
h1SMnG0007856	-1.39963215764044	0.266694461504555
h1SMnG0007868	-0.179522864750146	0.861754088270828
h1SMnG0007870	-1.04172594704827	0.246200992581929
h1SMnG0007875	0.966155991124992	0.441337777469043
h1SMnG0007876	0.827317505437004	0.175261776589569
h1SMnG0007883	-2.79401258457383	0.0474070608962658
h1SMnG0007893	1.58464222361646	0.318171959297267
h1SMnG0007909	-0.439725163524251	0.809719028836791
h1SMnG0007910	2.15345816055319	0.100926438966072
h1SMnG0007926	1.25781405909905	0.452067748869541
h1SMnG0007936	0.684546101163379	0.627542738163588
h1SMnG0007941	-0.368034975686494	0.828953764221812
h1SMnG0007966	0.773536348952667	0.583056896256382
h1SMnG0007972	-1.14023377175277	0.0912369554583169
h1SMnG0007980	-0.250644400732699	0.818416569889914
h1SMnG0007991	0.731798440583004	0.566850091066719
h1SMnG0008024	-0.510308462691755	0.577111883117978
h1SMnG0008046	-1.65458535581626	0.124661038444218
h1SMnG0008053	-1.75950870485182	0.132392014973343
h1SMnG0008054	-0.374281893873078	0.548580298079619
h1SMnG0008055	-0.0681588337461778	0.963490433626944
h1SMnG0008068	-0.177025679182597	0.901314550991311
h1SMnG0008092	-0.6235336740597	0.215143402141878
h1SMnG0008093	-0.449609209117932	0.310950028953
h1SMnG0008094	-0.821804791739173	0.614484259637813
h1SMnG0008095	-1.03155686723129	0.291777766012941
h1SMnG0008096	-0.802531094651758	0.275792750771009
h1SMnG0008112	-0.585817088471381	0.717539605464922
h1SMnG0008121	-1.86416450207093	0.121142304319795
h1SMnG0008134	0.749795134618362	0.0193300402083263
h1SMnG0008136	-0.961304885347623	0.0450996323166457
h1SMnG0008137	5.9772467458042	0.00000000769041098259537
h1SMnG0008143	-1.78470695830626	0.0907100006522427
h1SMnG0008144	-1.20720629719816	0.07887603451112
h1SMnG0008168	-0.99378625116361	0.392652904558819
h1SMnG0008181	-0.463606294267215	0.736571759320247
h1SMnG0008195	1.09537844085674	0.14846634149593
h1SMnG0008204	0.866395371575417	0.452624051130877
h1SMnG0008229	-1.71115745486049	0.263034441904016
h1SMnG0008235	-0.082214584619074	0.926904791047995
h1SMnG0008237	1.9260037485043	0.0262528048126052
h1SMnG0008246	-0.736473972433781	0.647417777323748
h1SMnG0008254	2.20024798971837	0.000000000000000000000371340975718602
h1SMnG0008255	1.99278246958346	0.00000338729182670892
h1SMnG0008268	0.330192696067798	0.676906285748407
h1SMnG0008278	1.44916248424586	0.012510063895572
h1SMnG0008279	1.19228941896781	0.241532659024545
h1SMnG0008282	0.0645896661844443	0.965686551326131
h1SMnG0008296	-0.221387841165002	0.839616337551569
h1SMnG0008298	0.566977421189159	0.518838486955115
h1SMnG0008303	-0.0419053869717698	0.927668279997155
h1SMnG0008304	-0.65903341558375	0.294088626959232
h1SMnG0008305	-0.723803817897216	0.65069536117472
h1SMnG0008323	-0.954719235876758	0.48746666379863
h1SMnG0008338	2.72722961763581	0.00106923653437048
h1SMnG0008343	1.93190322289552	0.0352699472044698
h1SMnG0008357	-0.60921209450812	0.000874334049060644
h1SMnG0008362	-2.09145184690223	0.204683748300035
h1SMnG0008384	-2.71840370497724	0.0116912577734867
h1SMnG0008396	-0.415576434582092	0.469403896931608
h1SMnG0008399	-0.185463943632284	0.89488018993112
h1SMnG0008405	-3.44580300917244	0.00315223510415901
h1SMnG0008414	-0.590954460316949	0.654418278589254
h1SMnG0008417	-0.148457225464845	0.913270337066228
h1SMnG0008418	-1.38348872082128	0.377111849330974
h1SMnG0008433	-1.02894938163696	0.0593289158071014
h1SMnG0008434	-1.042352246055	0.248694578351246
h1SMnG0008436	-1.25374496773286	0.410904186611035
h1SMnG0008458	4.3075751996372	0.00000148503476363735
h1SMnG0008466	-0.562754151183867	0.740760872413283
h1SMnG0008467	-1.07032649279862	0.206454343340704
h1SMnG0008475	-1.12786661285152	0.469065816316303
h1SMnG0008477	-1.56561121565644	0.354570908039895
h1SMnG0008497	0.179500807459573	0.911571622973113
h1SMnG0008501	0.203917598152226	0.913350215748446
h1SMnG0008502	0.813073172995655	0.50841884506031
h1SMnG0008504	-0.24699654003949	0.793866042157488
h1SMnG0008506	-1.54242202030248	0.179792287137543
h1SMnG0008528	-0.891235002133905	0.59524603616969
h1SMnG0008559	-1.49006606324748	0.206553806899665
h1SMnG0008564	-1.20944771627716	0.406118975586058
h1SMnG0008578	-0.345448083742944	0.725738923382031
h1SMnG0008583	-0.068794515395876	0.912181876162543
h1SMnG0008588	-0.100892337201081	0.871321093727135
h1SMnG0008592	1.00280575432756	0.0000503403507645683
h1SMnG0008593	0.481701386780059	0.740020586580188
h1SMnG0008595	0.533794878701785	0.439599406230445
h1SMnG0008596	1.12343107935004	0.450292779481938
h1SMnG0008597	0.976085232348176	0.152698156024041
h1SMnG0008602	1.57374927244325	0.182562962139703
h1SMnG0008608	-0.996139583271081	0.301944225051638
h1SMnG0008623	1.01404667058139	0.151745434691536
h1SMnG0008624	0.216172945400986	0.896182371014667
h1SMnG0008627	0.768917315285649	0.179513340065295
h1SMnG0008633	0.429721971201653	0.24449315806857
h1SMnG0008636	0.771679278384948	0.00171594384256323
h1SMnG0008639	0.768420045971499	0.370353948686327
h1SMnG0008644	-1.44416913653141	0.0643328598478598
h1SMnG0008645	-0.437760247428849	0.584397922580344
h1SMnG0008646	1.8425090103783	0.00496797421157676
h1SMnG0008657	-3.21339336029597	0.0000000561814655329017
h1SMnG0008694	-2.63420921328786	0.00257737865078649
h1SMnG0008702	-0.229913603421258	0.843326751515749
h1SMnG0008720	-2.154767857427	0.0000120960653769437
h1SMnG0008721	-0.984078675828365	0.000106941524975478
h1SMnG0008722	-1.03945803601639	0.252122065198366
h1SMnG0008744	1.47035423098251	0.100293829799772
h1SMnG0008755	-0.291408002868935	0.856701376269051
h1SMnG0008774	-0.827174752052498	0.444034804100389
h1SMnG0008775	-0.387089993077631	0.319436940916684
h1SMnG0008776	-0.553269492757544	0.408485556874611
h1SMnG0008784	0.0363770250598501	0.956269410091385
h1SMnG0008797	0.285876070856239	0.860344168639392
h1SMnG0008798	-0.679611475496328	0.617278533258437
h1SMnG0008813	-1.20268257913309	0.201853246149833
h1SMnG0008814	-1.46135130938905	0.122083859179662
h1SMnG0008818	-1.44053129216602	0.0765472505141479
h1SMnG0008820	-0.732936522725949	0.516683877327
h1SMnG0008821	-0.413275147271493	0.718840767955167
h1SMnG0008822	-1.18833020737829	0.000000595495530299496
h1SMnG0008823	-1.45160184498848	0.000987232121175846
h1SMnG0008824	-1.23443080295877	0.018054733305236
h1SMnG0008828	-1.32229377035089	0.116111672995165
h1SMnG0008836	-1.812649225593	0.0154764948936376
h1SMnG0008848	-1.57551260711034	0.0000000000153191274791963
h1SMnG0008850	-1.20541114938249	0.0792082118280463
h1SMnG0008858	5.50143496466639	0.00000000000000000271057425441277
h1SMnG0008887	-1.44084901653168	0.237878607345552
h1SMnG0008901	-1.14791358216042	0.196185662192481
h1SMnG0008922	-0.460390424304214	0.487952362945613
h1SMnG0008923	-0.189109674581039	0.829255540233336
h1SMnG0008933	-2.52224363024504	0.0141142804897034
h1SMnG0008967	0.372962251906735	0.838643362672024
h1SMnG0008970	-1.35619676206882	0.266704798247134
h1SMnG0008976	0.230995034256935	0.761587360898583
h1SMnG0009004	1.50241946193682	0.149163919883922
h1SMnG0009019	1.90780492100352	0.000103585289952946
h1SMnG0009030	0.621568315311806	0.23572766407566
h1SMnG0009032	1.25735150250264	0.315694825832824
h1SMnG0009038	-2.32956877196754	0.000420623461726523
h1SMnG0009040	0.479808716923513	0.646497981448936
h1SMnG0009042	1.98336707459313	0.00436808442495486
h1SMnG0009044	0.194529442673007	0.914515465868561
h1SMnG0009045	-2.09011074209632	0.202508655007791
h1SMnG0009064	0.325042991346108	0.804359710071742
h1SMnG0009069	0.188208056477991	0.896182371014667
h1SMnG0009074	1.77453914756428	0.0237554014181815
h1SMnG0009075	-0.299898665935974	0.881358175728916
h1SMnG0009082	-2.31719320391919	0.00140283607553398
h1SMnG0009083	-1.13371417876482	0.104956822592946
h1SMnG0009097	0.0995634675786144	0.905126388776405
h1SMnG0009102	1.27942997503531	0.278653264925035
h1SMnG0009103	-1.23913555896997	0.107121217400481
h1SMnG0009105	-2.44006299597973	0.032586928326576
h1SMnG0009108	-1.50633441662873	0.342345640464836
h1SMnG0009109	-0.835527743291117	0.599191767894689
h1SMnG0009115	-0.00988991633749232	0.991248703911272
h1SMnG0009120	0.0556060266616118	0.932723318984351
h1SMnG0009122	0.967624936611888	0.00698014736772086
h1SMnG0009123	1.17357587363556	0.0000729254972151624
h1SMnG0009124	1.72580846245184	0.057080536660475
h1SMnG0009126	0.618141870064984	0.365324462425853
h1SMnG0009171	-0.89955271043472	0.283639669466201
h1SMnG0009179	-0.906298632705301	0.5606707064253
h1SMnG0009180	2.15426383311438	0.0154643881521613
h1SMnG0009190	0.0933300076037065	0.955056786001886
h1SMnG0009193	0.53180853276828	0.601549702555895
h1SMnG0009211	0.156005425551586	0.922581290090202
h1SMnG0009216	-2.03782509392598	0.156822338453464
h1SMnG0009219	1.0909019489233	0.287185886218316
h1SMnG0009225	-0.763569086961103	0.544215941323303
h1SMnG0009226	-1.89076418003645	0.0000000218211275356009
h1SMnG0009229	-0.0100014314559085	0.988843813488445
h1SMnG0009242	1.26742855979708	0.127856250200386
h1SMnG0009244	-2.35127321575062	0.0000191851451744105
h1SMnG0009262	1.67945703935998	0.0542507034195963
h1SMnG0009267	2.31114620937572	0.0900179536695083
h1SMnG0009270	-2.34126961518637	0.138386090109559
h1SMnG0009275	-0.876470492093209	0.572219592641724
h1SMnG0009284	6.32708025796883	0.000000037793924489164
h1SMnG0009303	-0.293907093321076	0.359146174779032
h1SMnG0009304	-0.947391838578376	0.294381355038686
h1SMnG0009305	-0.739915389855287	0.114248149813813
h1SMnG0009306	-0.891974409657684	0.149138756482232
h1SMnG0009328	1.68627094485956	0.165470144803563
h1SMnG0009358	-1.15157725415148	0.059565376121248
h1SMnG0009367	-3.56117133665557	0.00372635670211394
h1SMnG0009368	0.718017984149465	0.585830170301188
h1SMnG0009380	-2.07488845850989	0.105481406693983
h1SMnG0009394	1.08272114581396	0.00972075700402329
h1SMnG0009400	-1.79207703799263	0.252275367587653
h1SMnG0009414	2.34772997837029	0.000316228544100822
h1SMnG0009416	-0.760077911860137	0.447065514090883
h1SMnG0009432	-0.345820797309209	0.11443037758486
h1SMnG0009433	-0.766666764530391	0.518993369777218
h1SMnG0009434	-0.727525976493033	0.618679820257697
h1SMnG0009436	-0.785924678140579	0.46217305963502
h1SMnG0009437	0.308408243025112	0.702658079888764
h1SMnG0009438	-0.764891664047911	0.658439874236572
h1SMnG0009440	-0.139213148730364	0.871532991374306
h1SMnG0009442	-1.48096179383728	0.0377553742804313
h1SMnG0009457	-1.32801840445915	0.0152834471927772
h1SMnG0009458	-0.677373255170732	0.419812821550687
h1SMnG0009459	-3.22836302173131	0.0138938464631261
h1SMnG0009460	-1.62549679547795	0.183512656934375
h1SMnG0009461	-1.50664438393533	0.385828993175199
h1SMnG0009462	-3.22212780795789	0.0267428171301443
h1SMnG0009467	-1.63146861938521	0.0000000366440745675802
h1SMnG0009469	-1.62773834649697	0.00000000910600153945177
h1SMnG0009470	-3.17407658917848	0.0339016053858116
h1SMnG0009471	3.52425669629691	0.00110301606000367
h1SMnG0009476	-1.71663385663825	0.163820951812344
h1SMnG0009477	-1.15470043430436	0.353707576067467
h1SMnG0009480	-0.597484393574358	0.39810661082609
h1SMnG0009500	0.940968763634686	0.535265733956914
h1SMnG0009507	0.520974395821687	0.789244923806313
h1SMnG0009542	-1.66993812014523	0.00000402235151320053
h1SMnG0009545	-1.02317552539251	0.276667793864671
h1SMnG0009548	0.188389970579884	0.874602162183629
h1SMnG0009554	0.178135529793217	0.894544837521392
h1SMnG0009556	-0.247002890670115	0.586706915481459
h1SMnG0009586	-2.9912500520426	0.0522013583990655
h1SMnG0009598	-0.775134348780417	0.596066915275824
h1SMnG0009600	0.0654849973861117	0.958649635015746
h1SMnG0009601	-0.328428145880268	0.67000340692893
h1SMnG0009622	1.73896944327134	0.0970500098218757
h1SMnG0009626	3.22269400684627	0.00000010504528336102
h1SMnG0009629	1.96040432305491	0.0840063864728035
h1SMnG0009637	-1.56864360978237	0.033600331097927
h1SMnG0009638	-1.22962765083211	0.449022672484397
h1SMnG0009641	-1.63812481602976	0.220101041205322
h1SMnG0009661	1.43111410322748	0.014527794264521
h1SMnG0009712	1.6828866862384	0.000874143391717841
h1SMnG0009715	2.04395029405832	0.168685740359966
h1SMnG0009718	-0.685162058497315	0.373068596913262
h1SMnG0009726	0.617142468658529	0.71300229629443
h1SMnG0009759	-0.198664443017085	0.891410072904502
h1SMnG0009761	1.15602510460684	0.190522785546588
h1SMnG0009771	0.337443674303404	0.803335006157046
h1SMnG0009784	1.47180692030991	0.0747618771093356
h1SMnG0009787	-0.257575550526041	0.883043334506686
h1SMnG0009789	-0.591317606409146	0.446820668770179
h1SMnG0009792	0.0713864686447787	0.966693745601483
h1SMnG0009793	-1.91888124478453	0.0965308748110991
h1SMnG0009798	-1.46720685492049	0.0797226398318959
h1SMnG0009800	-0.106387298326492	0.913548353342342
h1SMnG0009804	-1.38009688750237	0.400182849362551
h1SMnG0009807	0.555711362759641	0.559416070640944
h1SMnG0009813	0.164568837031079	0.846876221877023
h1SMnG0009837	-1.41555998565315	0.303811616340494
h1SMnG0009854	-0.317839898892563	0.783386089274552
h1SMnG0009858	-0.75283406704233	0.614195836815501
h1SMnG0009875	-2.96656813846629	0.0115333120523813
h1SMnG0009893	-1.37045256001442	0.0166766845428214
h1SMnG0009904	-0.521498869684668	0.718062229473786
h1SMnG0009965	3.39898948647575	0.0000053848258696071
h1SMnG0009974	-3.73142463880333	0.0010871256375007
h1SMnG0009979	-0.336459435338696	0.821714333082959
h1SMnG0009996	0.975803278960138	0.490431290571591
h1SMnG0010044	-0.943583543950679	0.437761220000937
h1SMnG0010045	-0.298798512563869	0.828201005351458
h1SMnG0010089	-1.4656908527018	0.0199074928036603
h1SMnG0010091	-2.00562014416515	0.195146430225671
h1SMnG0010101	-2.28275623958218	0.132392014973343
h1SMnG0010104	-0.494066225083671	0.720493611474416
h1SMnG0010122	0.396354576916472	0.785838428162475
h1SMnG0010123	2.98148350004736	0.00459943212900415
h1SMnG0010165	0.199001971398833	0.830706408218344
h1SMnG0010166	-0.0262899607501347	0.983144833623362
h1SMnG0010171	3.58866528315821	0.00000163652387037193
h1SMnG0010175	2.34896396630679	0.0254959705271243
h1SMnG0010198	-0.533753543303089	0.567174498221784
h1SMnG0010210	-0.081022104292773	0.960458970135655
h1SMnG0010211	-2.42541950461076	0.0760764410132617
h1SMnG0010212	-2.24285721379935	0.00380496430968909
h1SMnG0010229	-2.12206421931195	0.0175548682252537
h1SMnG0010268	-0.149802261042788	0.907622795999157
h1SMnG0010282	-0.337351696884896	0.657124913623889
h1SMnG0010285	1.59579838871375	0.0407097354863778
h1SMnG0010289	-1.87626067006892	0.136179674939925
h1SMnG0010296	1.38797283397092	0.283292468258741
h1SMnG0010315	1.26979910013927	0.00767901185285493
h1SMnG0010320	-0.993048849509518	0.471215689718518
h1SMnG0010322	-2.81912853813613	0.0817957310250159
h1SMnG0010331	-0.666017196485701	0.399881409102429
h1SMnG0010344	-0.25480181683343	0.683887594937054
h1SMnG0010345	-0.150288281330797	0.830432143257207
h1SMnG0010346	-0.618062388702782	0.469403896931608
h1SMnG0010347	-0.973256190212242	0.144849570311302
h1SMnG0010348	-0.79655685521452	0.0268675725252538
h1SMnG0010401	0.082408430624082	0.939395177905574
h1SMnG0010403	-1.89931674342956	0.24603479781946
h1SMnG0010404	0.483782895867841	0.772530265730382
h1SMnG0010430	6.09090172934883	0.00000000000205815017875191
h1SMnG0010434	-1.66165252064157	0.131220996210324
h1SMnG0010468	2.33283070216595	0.147440965751122
h1SMnG0010474	-1.17863741433804	0.382575510124978
h1SMnG0010495	0.837230386949645	0.554586412299367
h1SMnG0010511	0.48290324226304	0.73026919998219
h1SMnG0010522	-2.39205210799833	0.0000000000000552522083400953
h1SMnG0010534	-0.139181269532725	0.88252362077902
h1SMnG0010549	-1.82826508212365	0.179757164340845
h1SMnG0010553	-1.22912416354108	0.466623590436677
h1SMnG0010559	-0.252742242387198	0.482792520745456
h1SMnG0010564	3.58327793274546	0.0000000000000000000146507010132963
h1SMnG0010572	-1.62573618900664	0.331061663766736
h1SMnG0010586	2.45528355064448	0.000686244739977861
h1SMnG0010600	-0.887444824991485	0.608369713846575
h1SMnG0010625	-0.925675090795081	0.287450048853718
h1SMnG0010627	-3.25922085806159	0.00554069222106067
h1SMnG0010643	-0.73600350146786	0.375649508601924
h1SMnG0010660	1.8854764248581	0.0528776622912114
h1SMnG0010663	2.35115605173038	0.00205641290866355
h1SMnG0010674	0.586430966530665	0.565527974685322
h1SMnG0010748	-3.38872071673608	0.00259449852554404
h1SMnG0010766	0.583535169833619	0.410261674422904
h1SMnG0010796	-0.77008017451536	0.164392021319277
h1SMnG0010803	1.01898124484192	0.302826221803922
h1SMnG0010813	0.666572447054703	0.681443677462443
h1SMnG0010815	-2.13118651439377	0.127970561136214
h1SMnG0010816	-0.195135354403414	0.820429658993296
h1SMnG0010827	-0.785625814322981	0.320720135075236
h1SMnG0010831	-2.27737426211709	0.0599315096098843
h1SMnG0010840	-0.238324004394892	0.880507595048875
h1SMnG0010857	2.25111339729477	0.000000000000000000210964081678093
h1SMnG0010866	0.0851074874942077	0.969623125236526
h1SMnG0010867	1.93197753337411	0.0644135526736532
h1SMnG0010888	0.644096947307056	0.235155284244725
h1SMnG0010898	0.72170273286233	0.57711267728077
h1SMnG0010899	2.27081102883035	0.0702568914462707
h1SMnG0010905	-2.96951594925666	0.00000717712156349945
h1SMnG0010906	1.7656894829225	0.1251747841141
h1SMnG0010941	-1.22384406425846	0.00293282116060053
h1SMnG0010960	0.0611818923231083	0.96534105332231
h1SMnG0010965	0.0248080641343706	0.987621414308729
h1SMnG0010970	-0.0707254976217925	0.968053961483481
h1SMnG0011014	6.94896334157642	0.0000000000000000000000000000000000000000000000000000218554928591073
h1SMnG0011019	-0.766974493492759	0.0687157166183189
h1SMnG0011020	0.559141462078131	0.678078636449638
h1SMnG0011021	0.540350418950572	0.701106880060871
h1SMnG0011024	-0.162669701215568	0.923010617291498
h1SMnG0011027	2.11848484909282	0.10926928291921
h1SMnG0011030	2.19309011154631	0.00887418373590041
h1SMnG0011031	1.73211846786363	0.0338279805183122
h1SMnG0011034	-0.254755197700873	0.883586507969518
h1SMnG0011045	0.0684192340149512	0.968995664397632
h1SMnG0011053	-1.24067615075126	0.167442327171429
h1SMnG0011058	-0.323442002679573	0.590385739414469
h1SMnG0011059	-0.1202524659354	0.77069670552563
h1SMnG0011060	-0.242843122252469	0.786238607393065
h1SMnG0011091	-1.29996742576502	0.327174890470034
h1SMnG0011104	0.424345719608703	0.81380255394744
h1SMnG0011117	-0.562501659550571	0.699694503496487
h1SMnG0011148	2.54620332380119	0.00127755615754839
h1SMnG0011149	2.5822966708709	0.0017350233648968
h1SMnG0011179	-0.989644297264042	0.264613021313868
h1SMnG0011180	-1.61797935799469	0.20643848313407
h1SMnG0011200	-1.34978666170984	0.0132660397171352
h1SMnG0011211	0.360469944975201	0.735008185445046
h1SMnG0011222	-1.25557510632786	0.400342152691427
h1SMnG0011226	0.819474839757885	0.483469058718267
h1SMnG0011228	-0.158136205223724	0.89403594856898
h1SMnG0011230	-1.38345988753366	0.406956408431861
h1SMnG0011231	-0.593901695360612	0.0549254626012313
h1SMnG0011233	-0.502034082660674	0.419222723261734
h1SMnG0011234	-1.54639232566061	0.202137653746358
h1SMnG0011236	-0.597801089382008	0.522660326984358
h1SMnG0011257	0.425066353179389	0.751952786764194
h1SMnG0011264	1.38943692152707	0.242575890768948
h1SMnG0011269	0.950086380547165	0.545934964826231
h1SMnG0011270	-0.101306511051458	0.725365084216739
h1SMnG0011271	-0.0825824341990268	0.910715148486293
h1SMnG0011272	-0.507484293870232	0.669348384413928
h1SMnG0011289	0.822296795900908	0.0765370291601768
h1SMnG0011308	-1.71949396255507	0.198040856314913
h1SMnG0011339	-1.39276745069873	0.383330183411732
h1SMnG0011355	-3.01787086706969	0.0247946776111087
h1SMnG0011356	-3.71417726421338	0.000979804777148033
h1SMnG0011360	0.775876695095933	0.594470722033476
h1SMnG0011364	-0.458081340430305	0.669142431977682
h1SMnG0011374	0.115091337944633	0.933985599002548
h1SMnG0011382	0.494510186351448	0.660513222619589
h1SMnG0011389	0.858905048803005	0.663710944398395
h1SMnG0011391	-0.323314619886719	0.275768880575927
h1SMnG0011392	-0.429480773205888	0.268088744807749
h1SMnG0011393	-0.662821636378471	0.399850535865497
h1SMnG0011394	-0.355206682699657	0.591251386855465
h1SMnG0011396	-0.170681900434286	0.87631980299635
h1SMnG0011397	-0.372376029276489	0.705333253398447
h1SMnG0011399	-1.13498289866512	0.514149104906555
h1SMnG0011401	0.0830294265501426	0.938226805801387
h1SMnG0011410	1.60228987989595	0.00100505381809828
h1SMnG0011413	-0.91611978491796	0.413419589531636
h1SMnG0011428	-0.487111632147978	0.320933097535381
h1SMnG0011431	-0.985121903718308	0.404861790198684
h1SMnG0011443	-1.43307845500225	0.360504829893243
h1SMnG0011467	-1.18274369839387	0.140814662766189
h1SMnG0011473	-1.70013220822986	0.145948237883359
h1SMnG0011482	4.66181008323438	0.00000189767328281246
h1SMnG0011486	-1.37085244330209	0.00963564996989698
h1SMnG0011487	-2.03212192523718	0.186927568837392
h1SMnG0011498	-2.09414311117799	0.125163589251908
h1SMnG0011499	-0.991857520313439	0.400825026216323
h1SMnG0011503	0.715531207272613	0.00035324417474383
h1SMnG0011504	1.62901145292639	0.117098265040617
h1SMnG0011505	0.401492590967111	0.805309415647797
h1SMnG0011508	0.820816450914907	0.00214250272358604
h1SMnG0011509	0.286731530102699	0.284361420543909
h1SMnG0011517	0.284109047394362	0.663317371713325
h1SMnG0011542	-1.83190986285839	0.129085436956548
h1SMnG0011565	6.1752198905992	0.0000000000394231859569676
h1SMnG0011575	-0.28118866671008	0.834489620021966
h1SMnG0011577	-1.82845536721758	0.048771846689256
h1SMnG0011581	-0.914140285082344	0.206420102817155
h1SMnG0011597	0.324950353564854	0.823893281846022
h1SMnG0011603	-0.460788413933732	0.654418278589254
h1SMnG0011622	-0.600878773628923	0.0460608794984715
h1SMnG0011627	0.816802899526054	0.287502840081116
h1SMnG0011629	-1.86301454311869	0.274459327491517
h1SMnG0011645	0.401367081354829	0.651485465208541
h1SMnG0011675	1.94177672784908	0.0483835358847648
h1SMnG0011678	-0.501048301164747	0.612983918937911
h1SMnG0011688	-0.156677953880772	0.935622318824885
h1SMnG0011700	-4.08087306564224	0.000482711722547451
h1SMnG0011708	0.483278977474634	0.0630318847951294
h1SMnG0011722	0.96577041377459	0.0693456703647081
h1SMnG0011724	0.956185703386313	0.49833476642731
h1SMnG0011725	-0.948089165757414	0.323918201296335
h1SMnG0011726	-0.438296634555229	0.540793594563904
h1SMnG0011728	-0.876702005067625	0.152952939529024
h1SMnG0011729	-0.543844399615677	0.631331296843171
h1SMnG0011731	-1.71243389357535	0.21254631704
h1SMnG0011739	0.733295021161415	0.671587758775453
h1SMnG0011740	-0.119331835156206	0.932433231055197
h1SMnG0011743	-0.652446388762427	0.378160619335297
h1SMnG0011750	-1.39470945158692	0.315694825832824
h1SMnG0011757	-2.47154132199728	0.04041792975037
h1SMnG0011758	-2.53319894679741	0.0261082981073732
h1SMnG0011764	-0.856613269943481	0.333969067490108
h1SMnG0011765	-0.546194749991776	0.239326594123306
h1SMnG0011772	-0.717976006555932	0.680751656095113
h1SMnG0011777	0.0801931250643433	0.852503995735721
h1SMnG0011783	0.480122954924536	0.746566199961045
h1SMnG0011797	0.0283781492664595	0.976297374410614
h1SMnG0011812	-1.55578794138301	0.0380814687000408
h1SMnG0011816	1.54719257282035	0.159256861428297
h1SMnG0011817	0.739164873573929	0.492593642696151
h1SMnG0011820	1.8510376075202	0.00223620915207353
h1SMnG0011823	1.73657894439482	0.175861434787672
h1SMnG0011830	3.63200847033987	0.000122659024327662
h1SMnG0011842	-0.75834787129615	0.491192665813751
h1SMnG0011845	1.16726812705625	0.394983400142646
h1SMnG0011846	5.44820581947745	0.154521801197597
h1SMnG0011852	0.443143863576393	0.663710944398395
h1SMnG0011856	2.33983105585184	0.103980005053575
h1SMnG0011857	-0.397938696507252	0.788535969084774
h1SMnG0011862	-1.16226537720391	0.460495401735361
h1SMnG0011868	0.134276092588629	0.923930211614946
h1SMnG0011871	0.558805424011716	0.435143088766547
h1SMnG0011876	-0.472288391494584	0.429450814947421
h1SMnG0011880	-3.37610237164932	0.00867537210818061
h1SMnG0011896	-1.29527469883857	0.357694610332157
h1SMnG0011899	-2.18855551147525	0.0161559435954481
h1SMnG0011906	-0.818994363359085	0.00199627156351603
h1SMnG0011907	-1.00945303110228	0.0582547237394359
h1SMnG0011915	-0.802020428955326	0.442926290110618
h1SMnG0011916	-0.809265580977898	0.241901093575266
h1SMnG0011917	-1.35500070209479	0.40165319758009
h1SMnG0011918	-0.830821447618883	0.497517973270239
h1SMnG0011929	-0.474357289274309	0.680848264663295
h1SMnG0011930	0.30339839733414	0.814501641386907
h1SMnG0011931	0.174262936482185	0.885393890514436
h1SMnG0011933	0.128276371722807	0.88591265939558
h1SMnG0011940	0.00704548928899142	0.994400154639581
h1SMnG0011950	0.0943584740993881	0.935606746362854
h1SMnG0011952	-2.42226873735272	0.105735795334004
h1SMnG0011961	0.589689617594222	0.583111993866659
h1SMnG0011972	-1.2949753931221	0.375387857297926
h1SMnG0011993	3.84850825592099	0.00000000000000000152257711280383
h1SMnG0012003	-1.18282488420795	0.16763702302498
h1SMnG0012010	-0.249805568280929	0.777788939396021
h1SMnG0012011	0.100845964567544	0.93671859880359
h1SMnG0012012	-0.251252772849944	0.591692928238405
h1SMnG0012013	-0.384392396595309	0.376067705272969
h1SMnG0012014	0.032708275106859	0.946712076751657
h1SMnG0012015	-1.25510895437142	0.00267805332367327
h1SMnG0012017	-0.309238148570334	0.789703526418172
h1SMnG0012023	-1.56512464476279	0.151888278142691
h1SMnG0012024	-0.946113034451903	0.00000374348608211987
h1SMnG0012031	0.610325140900282	0.661173184946631
h1SMnG0012033	-1.36561775784423	0.000956136345312635
h1SMnG0012034	-0.940138284138345	0.257501734441215
h1SMnG0012035	-1.04335914925753	0.165245939567088
h1SMnG0012038	-1.64617986912274	0.184953396553121
h1SMnG0012040	-0.262664654580666	0.778326601078296
h1SMnG0012041	-1.04422458982418	0.0802341131481624
h1SMnG0012051	-0.42345995320248	0.672826754214098
h1SMnG0012052	-0.0752560297091826	0.953115106307176
h1SMnG0012053	-1.01482560422912	0.0562064805882109
h1SMnG0012054	-0.953496097308754	0.000512095254893061
h1SMnG0012064	0.81390572740332	0.577898246016535
h1SMnG0012073	-1.23264012969131	0.00000184308480110968
h1SMnG0012074	-0.833452317195861	0.350880628990834
h1SMnG0012076	-0.214539408814076	0.828526119947547
h1SMnG0012077	-1.7211443887668	0.00430480515688019
h1SMnG0012079	-1.24472265368861	0.016840309381707
h1SMnG0012080	-0.678892341657713	0.0138973660109731
h1SMnG0012082	-0.616003294609108	0.295286366714848
h1SMnG0012083	-1.58851831888099	0.145466113436639
h1SMnG0012084	0.379496324584253	0.794395402852775
h1SMnG0012090	-0.984123591674864	0.450581348290427
h1SMnG0012094	-1.75508062769247	0.264598746571364
h1SMnG0012099	-0.224041693223018	0.454133024076494
h1SMnG0012102	-0.583552990288051	0.612623674658967
h1SMnG0012104	-1.59183346688887	0.308160956062191
h1SMnG0012105	-0.615231669331998	0.306813464797983
h1SMnG0012113	-1.5649464311101	0.107121217400481
h1SMnG0012115	-0.528316838066465	0.763249202530461
h1SMnG0012120	3.62573727207962	0.000000000212523378373841
h1SMnG0012126	-0.0386902901499166	0.946179827625022
h1SMnG0012181	0.0953690102501413	0.938242804569276
h1SMnG0012184	0.576040576905594	0.356866216259445
h1SMnG0012199	-1.78312412073842	0.00000000394210908599218
h1SMnG0012204	-1.37536460818295	0.45425061559282
h1SMnG0012211	0.093005831107092	0.959542094581133
h1SMnG0012220	-0.356031525179828	0.844752283091115
h1SMnG0012221	-0.584702341842124	0.709208236814981
h1SMnG0012228	-2.91531881111743	0.0202915781768305
h1SMnG0012233	0.962019318928323	0.495403195534529
h1SMnG0012234	-0.672839697735929	0.518375135776114
h1SMnG0012245	7.22596013566233	0.000000000000605919209628638
h1SMnG0012247	8.54888993067891	0.000000000000000000713494235461069
h1SMnG0012254	7.070072763693	0.000000000000000000000000000000000000000000000000000000000000000000000000000000000000107348920243489
h1SMnG0012256	-1.1992348119941	0.447418730190167
h1SMnG0012257	-0.353834123801864	0.82698595580978
h1SMnG0012297	-0.497980996157822	0.669750457279723
h1SMnG0012310	-1.24795476443452	0.151713577553132
h1SMnG0012313	-3.64404915891824	0.00100848214171644
h1SMnG0012342	-0.125596077433336	0.699683401995123
h1SMnG0012343	-1.17058382583481	0.0979927954256875
h1SMnG0012358	0.448818024072993	0.726482661910515
h1SMnG0012363	-0.183845578407865	0.698733590350326
h1SMnG0012364	0.283144679050025	0.80164413970857
h1SMnG0012365	-0.142839676507739	0.913986781320847
h1SMnG0012391	-0.896560837907467	0.531488964276183
h1SMnG0012392	-1.00079457106478	0.255350485257203
h1SMnG0012393	-1.67316492376781	0.00718227589377413
h1SMnG0012397	-4.20116518238612	0.000000000000142297006547352
h1SMnG0012398	-3.12261741588444	0.0370861016715626
h1SMnG0012399	-4.97737477494804	0.0000107010201406095
h1SMnG0012404	-0.633537664417393	0.449092170233756
h1SMnG0012406	0.123169365298607	0.924084070320287
h1SMnG0012412	-1.62622045166056	0.0778483106718801
h1SMnG0012421	-1.59268173569252	0.0874221299796345
h1SMnG0012429	0.660481607794777	0.711509093287547
h1SMnG0012433	-0.287301466189315	0.500511081392507
h1SMnG0012434	0.199248002228683	0.59467142624422
h1SMnG0012436	0.213382422538132	0.878656314420202
h1SMnG0012437	0.40426511393526	0.492581991263894
h1SMnG0012438	-0.568130903478613	0.696223170019272
h1SMnG0012455	-0.901075963887812	0.502731807466893
h1SMnG0012457	-1.03881958374362	0.532564824937366
h1SMnG0012462	0.0674870850536051	0.972587207352928
h1SMnG0012477	1.77842637104596	0.047364894152353
h1SMnG0012486	-0.995176835536552	0.0183735225705223
h1SMnG0012487	-2.71833209949516	0.056694934036395
h1SMnG0012488	-0.720354443922384	0.394598884480929
h1SMnG0012492	-1.6236672486652	0.0626381088619744
h1SMnG0012508	-0.280607437402075	0.70870088586474
h1SMnG0012519	-0.634688524226363	0.0227925776162851
h1SMnG0012520	-0.491644149513849	0.66026411060617
h1SMnG0012531	-2.05045206462365	0.0000101358640177651
h1SMnG0012532	-1.06231097516633	0.48345448004202
h1SMnG0012542	-1.20904723945987	0.330042558081091
h1SMnG0012546	-0.90655218906354	0.0428653966234985
h1SMnG0012552	0.944960042513376	0.235466769662594
h1SMnG0012553	-0.863225664311152	0.000282393407589681
h1SMnG0012554	-0.725074042818644	0.408151637478964
h1SMnG0012555	-0.279371211246628	0.750216003434119
h1SMnG0012557	-1.18126690174771	0.200277312524114
h1SMnG0012559	-0.395817835549725	0.579383077682046
h1SMnG0012572	-0.218754469778202	0.826197802899026
h1SMnG0012573	-0.672919865217026	0.699038224634327
h1SMnG0012589	-0.247369484070363	0.896958948116217
h1SMnG0012615	0.559432654379755	0.582515138849763
h1SMnG0012629	-3.00689827529365	0.0262318464173646
h1SMnG0012641	-0.122796881238631	0.90827786772895
h1SMnG0012651	-2.44510923251153	0.0000000894849033638289
h1SMnG0012652	-2.61188851563623	0.0407314387752057
h1SMnG0012659	-0.772888825501868	0.233117872538007
h1SMnG0012663	1.28626892488429	0.0751442736164392
h1SMnG0012679	-0.257254944788222	0.736587659337336
h1SMnG0012680	-1.23444332453691	0.391552869766891
h1SMnG0012684	0.337305894692168	0.79143663688414
h1SMnG0012685	-0.470176919402543	0.713233672430596
h1SMnG0012693	-0.0438104506330819	0.955140136468938
h1SMnG0012696	-0.183354172805606	0.88256753561025
h1SMnG0012705	-2.54223119486466	0.000000154584257060867
h1SMnG0012710	-2.03238881806824	0.0417377422819424
h1SMnG0012711	-0.981603885753819	0.0409859493720646
h1SMnG0012716	-0.538390585349474	0.7219312073982
h1SMnG0012717	-0.810047635630784	0.33046647485083
h1SMnG0012720	-1.10163024135877	0.488486510148118
h1SMnG0012723	-0.92792979984308	0.355408990552492
h1SMnG0012738	-0.539340486260631	0.516016061104022
h1SMnG0012741	-0.916067867037815	0.402396613597574
h1SMnG0012742	-1.77108778133566	0.011396460521827
h1SMnG0012745	-1.22239922039531	0.304111291256084
h1SMnG0012747	-0.53632710058778	0.656287711492536
h1SMnG0012748	-0.478701094423683	0.400586496211577
h1SMnG0012749	-0.594810876836856	0.127144437038472
h1SMnG0012751	-1.39828001795158	0.00221194095630701
h1SMnG0012758	1.12911456615356	0.307919875936702
h1SMnG0012781	0.5595107751857	0.276599223354825
h1SMnG0012782	0.260252411064196	0.615515256248118
h1SMnG0012783	0.776662320268784	0.390696328527851
h1SMnG0012784	-0.10962016328831	0.897509415011391
h1SMnG0012799	0.740885421354343	0.738845702933568
h1SMnG0012800	3.24492599256155	0.00000157585396216613
h1SMnG0012811	-0.889315286467773	0.485031693613063
h1SMnG0012816	-1.3029732759213	0.289450620810149
h1SMnG0012822	-2.54682774922721	0.0876663570164838
h1SMnG0012834	1.06482085560972	0.444034804100389
h1SMnG0012835	0.791989974374955	0.127632742530178
h1SMnG0012838	2.32160202167452	0.0010267512679077
h1SMnG0012863	0.109112332506455	0.744989788624
h1SMnG0012865	0.190025338148738	0.918190190768131
h1SMnG0012866	0.53862612281699	0.456706628741762
h1SMnG0012867	0.511893786190425	0.598479857066667
h1SMnG0012868	0.325128231848452	0.486545336016125
h1SMnG0012869	0.101432303640384	0.932529755223189
h1SMnG0012886	-2.36481338768421	0.000000000000248798169312881
h1SMnG0012889	-2.57951558957701	0.0000105072643518597
h1SMnG0012892	-0.816212296447584	0.665912101435991
h1SMnG0012904	1.01834103731249	0.316308204904298
h1SMnG0012906	1.19218361763575	0.227823708319642
h1SMnG0012912	-0.560711809621792	0.445110190981731
h1SMnG0012932	-0.545912782164569	0.159993648773313
h1SMnG0012935	-0.375638831127691	0.807202938674594
h1SMnG0012940	-0.773049027357809	0.654124793102505
h1SMnG0012941	-1.66423154338298	0.154634287214813
h1SMnG0012942	0.484556956108799	0.705188818740911
h1SMnG0012968	-0.926612978279963	0.0179789896556266
h1SMnG0012969	-0.770732306147568	0.319450142169027
h1SMnG0012970	-0.672529930457379	0.645374153421408
h1SMnG0012972	-0.952320741103495	0.406678727748588
h1SMnG0012985	1.83444805829029	0.025816604357582
h1SMnG0012992	-2.04094637187888	0.208260168688953
h1SMnG0012993	-1.93755685615695	0.257501734441215
h1SMnG0012998	-3.26098134783076	0.0251059965744109
h1SMnG0013001	-0.138945071847453	0.870924339210431
h1SMnG0013003	-0.629091196947333	0.264538456058037
h1SMnG0013008	0.877164301321662	0.368180447453089
h1SMnG0013020	-0.699784257119281	0.518246367486914
h1SMnG0013045	-1.15454292802367	0.0778483106718801
h1SMnG0013046	-1.30052202704932	0.0360772402736598
h1SMnG0013047	-1.14105467061887	0.400036306652984
h1SMnG0013050	-0.880585539710305	0.551416848641633
h1SMnG0013051	-0.3847096438837	0.747095605335948
h1SMnG0013052	-1.34749131795187	0.115152537206186
h1SMnG0013060	-1.86481864577756	0.0938868119158948
h1SMnG0013066	0.757618155942506	0.598131963675327
h1SMnG0013072	-1.96450306804005	0.0721359738142437
h1SMnG0013088	-1.33929853528872	0.406016940612313
h1SMnG0013092	-3.56506922310934	0.0091210347207022
h1SMnG0013138	-0.919973209533354	0.00223085185965578
h1SMnG0013141	-0.51096156043049	0.385072897943692
h1SMnG0013142	-0.855588924593616	0.00771267116284843
h1SMnG0013143	-0.508958040069118	0.40774724062734
h1SMnG0013146	-1.74664543278403	0.141782506049849
h1SMnG0013155	-3.08180957824085	0.0203189667628397
h1SMnG0013168	1.44731838431346	0.215619597749938
h1SMnG0013175	-0.113244440747471	0.924964916654825
h1SMnG0013182	-1.28226391472107	0.366652928858738
h1SMnG0013205	-2.90972603668215	0.0678396254670366
h1SMnG0013212	1.35157616764399	0.117818386593574
h1SMnG0013214	2.12048681480147	0.0062255468853354
h1SMnG0013216	0.97155680543667	0.148315025676215
h1SMnG0013219	0.858551894544376	0.566220809775272
h1SMnG0013222	-2.40244159299691	0.0794720232762107
h1SMnG0013235	-2.14585958061526	0.120644160778968
h1SMnG0013237	0.41177487375828	0.516510811948786
h1SMnG0013245	-1.54776709562688	0.146602067978222
h1SMnG0013261	-1.703834646255	0.0724434393810238
h1SMnG0013264	-0.556814850498483	0.29423179162298
h1SMnG0013276	-2.13452099368354	0.117136111116337
h1SMnG0013282	-0.484782817254037	0.267472390964082
h1SMnG0013284	-0.695621390008205	0.648030729295305
h1SMnG0013288	1.30092390462331	0.00587870765331197
h1SMnG0013298	-0.0218631322052639	0.990764888910399
h1SMnG0013341	0.658694830158192	0.637235978114024
h1SMnG0013348	5.88772214014524	0.0000109591584075599
h1SMnG0013356	0.401143565237661	0.814247160442293
h1SMnG0013362	1.05263969500338	0.458347310832422
h1SMnG0013366	-2.73921729680645	0.0140199849565082
h1SMnG0013391	-0.959008394052466	0.158379093671752
h1SMnG0013396	-1.06330072708644	0.528652210514951
h1SMnG0013420	-1.18375732680413	0.423013339820117
h1SMnG0013430	-0.574418685486028	0.625546041998161
h1SMnG0013436	3.24648731279568	0.00000000696068853664043
h1SMnG0013447	2.12226118609769	0.00623684266028315
h1SMnG0013452	-0.0989749778272871	0.94539592193334
h1SMnG0013453	-1.03878231719248	0.395820732775977
h1SMnG0013456	-1.37826328556748	0.0314699411223821
h1SMnG0013461	-1.7292322269497	0.18080203464895
h1SMnG0013466	0.48668130901662	0.586111271636591
h1SMnG0013471	-1.25903458782923	0.00206352163149316
h1SMnG0013472	-0.84809326721381	0.490727431849978
h1SMnG0013480	-0.490719646736626	0.791927662530432
h1SMnG0013492	-1.89279194974136	0.000000359988563332852
h1SMnG0013511	-1.32050593374603	0.436594771685957
h1SMnG0013532	0.885315367333253	0.430663009304918
h1SMnG0013540	-0.776729212312011	0.634911963644838
h1SMnG0013555	-0.785412622063831	0.548600844619253
h1SMnG0013567	-1.95836046841993	0.164311059147729
h1SMnG0013568	-0.858942738235894	0.441404020862156
h1SMnG0013587	0.54149898013145	0.792347769252931
h1SMnG0013594	-0.111559895243646	0.807419618318141
h1SMnG0013596	-0.900654748656441	0.0000416157175843694
h1SMnG0013602	-1.14115952555929	0.280107780436867
h1SMnG0013614	-1.44261501987428	0.348688441484807
h1SMnG0013616	-0.640373540982256	0.495319772773645
h1SMnG0013619	0.379573747663761	0.762405885485659
h1SMnG0013641	2.24958501404731	0.0604917684162444
h1SMnG0013656	-0.986394156492348	0.537701952124159
h1SMnG0013659	-2.96817842411366	0.00000000000000101043510601908
h1SMnG0013661	-3.60509138778636	0.00808635646827937
h1SMnG0013662	-2.77234849187712	0.0932506081492866
h1SMnG0013683	-1.19308861315367	0.285112621734694
h1SMnG0013688	-2.5711236842332	0.0123086864208043
h1SMnG0013696	-1.26052687720148	0.00110941672077308
h1SMnG0013698	-1.09993839052372	0.0895857389455777
h1SMnG0013704	3.7662570247651	0.000000482133123076129
h1SMnG0013707	1.08833487410243	0.421689045852139
h1SMnG0013713	-1.98492386995356	0.0485744678522652
h1SMnG0013718	-0.473430466948677	0.764663101619721
h1SMnG0013738	-1.88892745401063	0.142166047047864
h1SMnG0013751	-0.58190962272836	0.275125879305103
h1SMnG0013752	0.37313860122598	0.684617926288056
h1SMnG0013774	-0.655274175387055	0.661171938540829
h1SMnG0013788	0.447225840606249	0.761622099972332
h1SMnG0013789	-2.58553902122364	0.0751477226855793
h1SMnG0013791	-1.03411181703504	0.40490905568095
h1SMnG0013792	-0.828370511578368	0.589252278598015
h1SMnG0013794	0.334971857539302	0.756057537466093
h1SMnG0013810	-1.56542358873686	0.0225769763659711
h1SMnG0013814	0.729055387067544	0.340283736135856
h1SMnG0013839	0.0350144734581511	0.980999582281918
h1SMnG0013841	-1.58350242377747	0.0491242779224373
h1SMnG0013842	0.0156912062146686	0.986747954526899
h1SMnG0013843	-0.687698183899332	0.420644533433946
h1SMnG0013853	0.079931846519372	0.96557489832916
h1SMnG0013855	0.79451108115817	0.601474351182221
h1SMnG0013857	-1.1255855576162	0.421053583324786
h1SMnG0013863	-1.600384498302	0.264918127344338
h1SMnG0013869	0.189886727777074	0.841000933737995
h1SMnG0013870	-0.685074574726337	0.546504877954671
h1SMnG0013874	0.166475536003251	0.926904791047995
h1SMnG0013880	0.65568141977206	0.390222371663517
h1SMnG0013883	-0.484679197313661	0.727969637252623
h1SMnG0013889	-2.08839031166484	0.0891361253253675
h1SMnG0013929	-0.15625243044776	0.853118901171858
h1SMnG0013934	0.864166900787186	0.577731224140995
h1SMnG0013937	-0.0254976340221991	0.980781272441001
h1SMnG0013938	0.727949118559985	0.343738630279993
h1SMnG0013957	1.42576501168017	0.154172693272016
h1SMnG0013961	-0.756659424328391	0.616879377912696
h1SMnG0013963	-1.45416765291867	0.18974835601579
h1SMnG0013978	-2.00130019407214	0.1257740838895
h1SMnG0014000	0.0307854939054052	0.979726911202482
h1SMnG0014004	-0.131235116366719	0.892391324232559
h1SMnG0014009	-0.294244093690087	0.734393649438657
h1SMnG0014012	1.24624429593964	0.283423089179624
h1SMnG0014013	-0.283503067780661	0.765392856301213
h1SMnG0014014	-0.207616084142389	0.82700713055201
h1SMnG0014015	-0.523422883246698	0.642221791633843
h1SMnG0014030	-0.248282441650069	0.893162293735718
h1SMnG0014031	-1.84761604129591	0.212385891843889
h1SMnG0014041	0.501398650151598	0.408360624857876
h1SMnG0014053	-0.522147014690959	0.717435707743789
h1SMnG0014063	3.62014975874977	0.0016194866310296
h1SMnG0014064	-0.609309509062261	0.535949837858215
h1SMnG0014068	0.378816210363581	0.830042529532765
h1SMnG0014072	-2.04436563559448	0.182339022121557
h1SMnG0014083	-0.453411256019456	0.613195135998086
h1SMnG0014085	1.70876866171353	0.00139510761320055
h1SMnG0014102	1.69954385880359	0.0000000000000402512112444406
h1SMnG0014103	-2.11918958449799	0.173379432610807
h1SMnG0014104	-1.58871964722238	0.289528754374723
h1SMnG0014129	-1.09889916065771	0.45747601229458
h1SMnG0014151	1.07916810664569	0.448516513576986
h1SMnG0014160	-2.19442498289151	0.162242529551835
h1SMnG0014168	-1.8595864333022	0.0244309750052703
h1SMnG0014181	-0.197562695576014	0.915077760157317
h1SMnG0014183	-1.28655998418642	0.0000206767432756524
h1SMnG0014184	-1.10554669304432	0.248595223240905
h1SMnG0014185	-1.21265078800537	0.357811891101814
h1SMnG0014188	-0.433385704867056	0.669560613950516
h1SMnG0014190	-1.81734799023027	0.0578563349874328
h1SMnG0014192	-3.05472484989702	0.0233542671573638
h1SMnG0014193	-1.22903506188259	0.178972260650397
h1SMnG0014194	-1.99891732204792	0.000277466101090824
h1SMnG0014195	-2.21495484776936	0.0100733440583461
h1SMnG0014196	-1.87180626961299	0.000000000000000693521263468527
h1SMnG0014197	-1.48839925283979	0.00148709445182915
h1SMnG0014201	0.816807730246167	0.241416677613468
h1SMnG0014214	-0.622957683932849	0.00262132696116814
h1SMnG0014216	2.27971336729658	0.0679766749616298
h1SMnG0014217	-1.23449651328226	0.307254022378523
h1SMnG0014218	-0.744103742165927	0.296520411749209
h1SMnG0014219	-2.13744622835495	0.125659573618087
h1SMnG0014221	-0.35781877377552	0.496949944292788
h1SMnG0014222	-1.23296655020666	0.114916946027912
h1SMnG0014223	-0.936413830680645	0.276287289780392
h1SMnG0014224	-0.911717041825732	0.0399687000380342
h1SMnG0014226	-1.30087826406016	0.0372151042426263
h1SMnG0014254	1.32768007066489	0.262305913228555
h1SMnG0014265	-1.23394299640926	0.487032351987616
h1SMnG0014266	-2.56751964311176	0.0770078541931259
h1SMnG0014267	-2.7383400842472	0.00603593891960737
h1SMnG0014268	-3.87606615909519	0.0009730140114549
h1SMnG0014272	1.98607491520312	0.0504333603391065
h1SMnG0014278	-0.212491367481912	0.854582178571724
h1SMnG0014291	-0.751688895595365	0.623117192363646
h1SMnG0014301	6.05668426877258	0.000000457796491912752
h1SMnG0014326	-0.426248532104122	0.674581830717201
h1SMnG0014328	-1.68622515657903	0.00000169184099886279
h1SMnG0014330	-0.626563176036321	0.00459705002670506
h1SMnG0014331	-1.30550144619667	0.381587198026607
h1SMnG0014332	-0.843831404150388	0.314496030535275
h1SMnG0014334	-0.380136149819032	0.831402059863436
h1SMnG0014337	0.00678618441416528	0.989643849298031
h1SMnG0014340	-0.0515608045011361	0.923396921399927
h1SMnG0014341	-0.0981936975563669	0.910360304473619
h1SMnG0014342	0.129745767564709	0.816332850074575
h1SMnG0014347	-0.740007554721855	0.00264391840740938
h1SMnG0014348	-0.285514501028606	0.664208123840333
h1SMnG0014349	-0.00507270503042813	0.993581435113787
h1SMnG0014351	0.0264507307154486	0.973771564078862
h1SMnG0014352	-0.33822561759465	0.254610449081457
h1SMnG0014356	-0.381001031200052	0.35842477299986
h1SMnG0014357	0.668500151563186	0.398542221617138
h1SMnG0014358	-0.545953507432612	0.428627201992969
h1SMnG0014359	0.361562885212125	0.776476133701633
h1SMnG0014360	-0.254872413344784	0.446793150173479
h1SMnG0014368	-0.0428552418881731	0.949464573057605
h1SMnG0014380	-0.2216115860703	0.759663602755811
h1SMnG0014392	-2.12939050265167	0.117818386593574
h1SMnG0014393	0.791986558665175	0.391990559522045
h1SMnG0014399	0.474039763285515	0.742960560308881
h1SMnG0014407	-0.941028317891531	0.180748882674756
h1SMnG0014408	-1.13336166109251	0.447152031049435
h1SMnG0014415	-1.11525249162324	0.304999759843608
h1SMnG0014416	-0.095022864237486	0.93417411518269
h1SMnG0014422	0.422913196216921	0.595597355200383
h1SMnG0014426	-0.96276391910759	0.480688302589414
h1SMnG0014427	-0.199388932552704	0.906707025913319
h1SMnG0014429	0.585589061099212	0.432682451945599
h1SMnG0014443	-1.64758498147829	0.0148764360983434
h1SMnG0014444	-1.68470790585698	0.0872252853959488
h1SMnG0014445	-1.46774589308783	0.000268106020704882
h1SMnG0014449	-0.896598429401237	0.13431690150663
h1SMnG0014452	-1.6644279166435	0.000000000433339600266099
h1SMnG0014453	-2.29856985548055	0.0443962581324477
h1SMnG0014454	-0.953823782208945	0.470267736138831
h1SMnG0014455	-0.477685837095029	0.787584210059104
h1SMnG0014460	-0.713881228763515	0.546627706080602
h1SMnG0014461	0.323589598036241	0.421940898284564
h1SMnG0014462	0.158609665224494	0.798678756361808
h1SMnG0014464	0.376598397542321	0.520818707553091
h1SMnG0014465	-0.552415542597558	0.354859297672263
h1SMnG0014466	-0.0535785450610614	0.932157700535249
h1SMnG0014467	-0.200038035220433	0.849947981826347
h1SMnG0014468	-0.163013497976493	0.872837854821101
h1SMnG0014469	-0.274133251754524	0.734818643705823
h1SMnG0014470	-0.697653741837533	0.282290679930392
h1SMnG0014471	-0.297799412552961	0.709208236814981
h1SMnG0014472	-0.994547518969458	0.0195195866237215
h1SMnG0014478	-0.34318967474788	0.760371501923996
h1SMnG0014485	-1.4564856761224	0.00000545478161453911
h1SMnG0014487	-1.35305310680002	0.0256285386052901
h1SMnG0014492	-1.85062940790385	0.000000156755059658159
h1SMnG0014493	-2.01365897572685	0.0172585968171481
h1SMnG0014495	-1.43717227245513	0.302569544422685
h1SMnG0014502	-1.60734134113492	0.0111284899988304
h1SMnG0014503	0.248539995585318	0.874761063227457
h1SMnG0014504	-2.13647089671062	0.17576679330919
h1SMnG0014506	0.214730935570953	0.562812375122646
h1SMnG0014507	-1.68646869258429	0.0000000000700952691318501
h1SMnG0014508	-1.73397565138652	0.0094611982640866
h1SMnG0014509	-2.12463955969177	0.00170746567603318
h1SMnG0014510	-1.49214868975272	0.229817828388259
h1SMnG0014514	-1.37658280388907	0.0207739240785399
h1SMnG0014521	-1.44389951445782	0.0000000000372848850409225
h1SMnG0014523	-2.39978488475505	0.000342855981004511
h1SMnG0014524	-1.34100726581801	0.00000000167908030519692
h1SMnG0014529	-0.614899414838447	0.689366481906839
h1SMnG0014530	-0.000695503729523138	0.999612918745415
h1SMnG0014531	0.48933505603762	0.518993369777218
h1SMnG0014536	-1.54644509541665	0.00494411998177135
h1SMnG0014538	-0.0427486863282499	0.980021579368226
h1SMnG0014540	-1.16633607373815	0.000947566962894929
h1SMnG0014541	-1.87380097845702	0.00249019512640499
h1SMnG0014542	-2.16611485486301	0.10650291109521
h1SMnG0014543	-1.82374862390712	0.00725331460855697
h1SMnG0014545	-0.854121057564444	0.489556117701489
h1SMnG0014547	-1.89746209233531	0.0567138794247207
h1SMnG0014548	-1.37826055239529	0.159548446424156
h1SMnG0014549	-2.06931369271853	0.00212334357350858
h1SMnG0014550	-1.97442389961214	0.0505160132389917
h1SMnG0014554	-1.65492531147276	0.0671846729437275
h1SMnG0014555	-1.84214370876096	0.218028155243928
h1SMnG0014566	0.184975170818884	0.878325936810947
h1SMnG0014577	-2.27481909780514	0.00314658570654919
h1SMnG0014580	-1.83928690581968	0.0000000805520584716621
h1SMnG0014581	-2.10991898048479	0.0592778942994456
h1SMnG0014583	-1.36871877135324	0.0000000088871320378548
h1SMnG0014585	-1.13459470971011	0.27992177687322
h1SMnG0014587	0.178051950377645	0.862539727645624
h1SMnG0014588	-0.156755601364289	0.90746881819922
h1SMnG0014595	-2.09979215731275	0.196250527830413
h1SMnG0014600	0.249848298836013	0.34459637836119
h1SMnG0014602	0.614491289067439	0.405601286362561
h1SMnG0014603	0.195813834461567	0.83178483554529
h1SMnG0014604	0.335459806143399	0.717010878358213
h1SMnG0014605	-0.122385945024725	0.880350032766785
h1SMnG0014622	-0.719264512239367	0.00917022958901943
h1SMnG0014624	-1.01204205838939	0.268118079065784
h1SMnG0014625	-1.34540372663434	0.127174292279829
h1SMnG0014626	-1.61034635030897	0.144242641685618
h1SMnG0014627	-0.00425982064148084	0.997578952689904
h1SMnG0014628	-1.05187397839164	0.150276503831017
h1SMnG0014630	0.325330072504212	0.837910739632423
h1SMnG0014634	-1.1990263232075	0.00104262731035848
h1SMnG0014635	-0.934268313105971	0.568496440142666
h1SMnG0014638	-4.33392993334266	0.000113616810462377
h1SMnG0014643	-1.12441250254671	0.333687464871926
h1SMnG0014652	3.77082556171456	0.00139559168982483
h1SMnG0014662	-1.07892824558403	0.000512387340995359
h1SMnG0014664	-0.809913832283674	0.501538519895494
h1SMnG0014665	-1.04132586533111	0.0492608168257326
h1SMnG0014666	-1.18967768758602	0.332821135367694
h1SMnG0014667	0.234433566933907	0.828335029728499
h1SMnG0014673	-0.394150044015484	0.540583087497694
h1SMnG0014677	-2.02351273488202	0.155457156680108
h1SMnG0014705	0.367919094842391	0.734442319537578
h1SMnG0014707	0.514120554793833	0.55323872106834
h1SMnG0014712	-1.24509127687189	0.00000421468494766289
h1SMnG0014714	-2.20829149017166	0.0711723701706744
h1SMnG0014715	-1.11818454414209	0.272178403944221
h1SMnG0014717	0.327128254849217	0.371981213702074
h1SMnG0014718	0.606492882465787	0.363249675728913
h1SMnG0014719	0.911081806978935	0.28323265791441
h1SMnG0014720	-0.787216576226739	0.00011825453670286
h1SMnG0014724	-0.556158725917044	0.121142304319795
h1SMnG0014727	0.619918131122297	0.601556509175488
h1SMnG0014733	1.18717657273099	0.0637631537444221
h1SMnG0014745	-0.797472448896692	0.311123835212575
h1SMnG0014749	0.165081754127673	0.869729911633911
h1SMnG0014750	0.29134227469884	0.646822654041109
h1SMnG0014764	1.70564049757048	0.0162568490805158
h1SMnG0014765	1.20884902735596	0.633825699508971
h1SMnG0014807	-3.25937795414148	0.0000000000000000000000000000000000000822645389789909
h1SMnG0014817	-0.693014474086624	0.64491169937791
h1SMnG0014820	-3.57954661542184	0.00000000000000000000000000503534748100484
h1SMnG0014823	-2.96445593744777	0.00000011965588206648
h1SMnG0014835	0.502329329101283	0.626462456816866
h1SMnG0014836	1.71286711011559	0.193723075950639
h1SMnG0014838	-0.726725731310732	0.37984671468562
h1SMnG0014841	-2.61858863222946	0.00000000613490495122352
h1SMnG0014842	-0.86267061138445	0.610271347876366
h1SMnG0014843	-0.196733196007402	0.905690103688862
h1SMnG0014844	-2.5537166680899	0.000000000375346873294109
h1SMnG0014848	-1.50031799587161	0.365521041852177
h1SMnG0014849	-1.8366805517094	0.178570834288343
h1SMnG0014851	-1.66520366910536	0.00212334357350858
h1SMnG0014853	0.489577157888703	0.712390162776275
h1SMnG0014856	0.0507248152216548	0.978757485916354
h1SMnG0014858	0.252500180564884	0.892109169282789
h1SMnG0014862	-2.5894309414039	0.00000000219780332192125
h1SMnG0014864	-2.87153703766316	0.000670187556600138
h1SMnG0014866	-1.48133343728846	0.087707108750929
h1SMnG0014875	-1.39648205033342	0.0710448593339946
h1SMnG0014877	0.907633898138587	0.44025256492251
h1SMnG0014878	-2.82076219124998	0.0239619111586594
h1SMnG0014880	-2.1241659528607	0.0452316729205914
h1SMnG0014885	1.01191525598518	0.248595223240905
h1SMnG0014886	2.5733823690652	0.00334284233431032
h1SMnG0014887	2.15964041011	0.00428552342607504
h1SMnG0014893	-1.66446655513503	0.149696210572179
h1SMnG0014895	-0.172454236536746	0.924084070320287
h1SMnG0014900	-0.0170902539788569	0.991695630751708
h1SMnG0014902	-0.909220774029832	0.557298216195727
h1SMnG0014904	-0.799261278565298	0.0116844504172444
h1SMnG0014934	-0.673630808482394	0.0103540074404222
h1SMnG0014935	-1.23584471869357	0.0541433232476853
h1SMnG0014936	-0.752070762353054	0.35942442802855
h1SMnG0014937	-0.373539660477695	0.334777173548849
h1SMnG0014953	-0.568559465730771	0.643670894118924
h1SMnG0014964	0.436110321484461	0.69918872404508
h1SMnG0014970	0.391049308247978	0.537903438983622
h1SMnG0014972	0.639664662041399	0.499901671151872
h1SMnG0014973	0.415730708948955	0.625639408792733
h1SMnG0014979	0.325707848453461	0.860661342978519
h1SMnG0014980	0.913786328625762	0.526252571123973
h1SMnG0014982	1.67330482777701	0.157368756850868
h1SMnG0014987	-1.08798164323121	0.380724986754949
h1SMnG0014990	1.4578855397071	0.0727952178802347
h1SMnG0015008	-0.602243552786208	0.365213327367697
h1SMnG0015010	0.898578799282632	0.186675753439219
h1SMnG0015014	-0.416591619607097	0.822713367556215
h1SMnG0015058	-1.71118329338657	0.187183627342897
h1SMnG0015063	0.364114560912338	0.793942244177196
h1SMnG0015073	-1.71879504563724	0.105481406693983
h1SMnG0015097	0.366569922784312	0.829749122700555
h1SMnG0015106	0.619106060787983	0.723448586764943
h1SMnG0015107	0.26986183000244	0.747570770066778
h1SMnG0015111	-1.84937074582147	0.0329853960229849
h1SMnG0015112	-0.791426801880403	0.647400726015133
h1SMnG0015113	0.667598750324836	0.528930138716657
h1SMnG0015117	0.940919745246241	0.511961997736038
h1SMnG0015119	-0.722583222634077	0.669750457279723
h1SMnG0015120	-0.449175863577219	0.586996815369095
h1SMnG0015122	0.253390739462713	0.865100726761441
h1SMnG0015123	0.107419906747997	0.944995882018345
h1SMnG0015139	0.277444733502122	0.331938659204507
h1SMnG0015140	0.4399182580053	0.561237038566918
h1SMnG0015141	0.690475071605623	0.286790837596365
h1SMnG0015142	0.723986591332255	0.178709311663586
h1SMnG0015144	0.168595887408685	0.853991630812142
h1SMnG0015146	1.37899162852758	0.285518947599079
h1SMnG0015148	-2.51849600561456	0.00000000000000390459173027409
h1SMnG0015150	-1.00952796684481	0.455097441498115
h1SMnG0015162	-0.65204930574104	0.156653499440475
h1SMnG0015168	-0.552221451721574	0.104658219483927
h1SMnG0015176	-0.672779969965971	0.301097236180771
h1SMnG0015177	-0.446832741243072	0.767226118367002
h1SMnG0015178	-0.640053354691802	0.31452420258792
h1SMnG0015181	3.1365391516811	0.00160674501936951
h1SMnG0015182	-2.23422602070677	0.159889131591504
h1SMnG0015185	-1.20623441654901	0.414325262236156
h1SMnG0015198	3.21945577818951	0.00029418684195921
h1SMnG0015209	-0.424633090877131	0.461339233025
h1SMnG0015210	-2.49678324428202	0.0295626019425507
h1SMnG0015223	-0.913047709562772	0.120377819828001
h1SMnG0015231	1.4824389058965	0.245183831598118
h1SMnG0015233	-1.57718990291716	0.0130984713229461
h1SMnG0015235	0.694757587516433	0.565527974685322
h1SMnG0015244	0.612174301186903	0.588487709373402
h1SMnG0015254	0.813615122461738	0.445110190981731
h1SMnG0015255	1.84508660997256	0.0332858557497205
h1SMnG0015257	-2.66971884162851	0.0478028375229055
h1SMnG0015258	-0.274611796397033	0.845067123059863
h1SMnG0015261	-1.80618244696695	0.230094273931962
h1SMnG0015269	-1.7853090504596	0.124087793726268
h1SMnG0015273	-2.68526275011314	0.000989318809661413
h1SMnG0015274	-2.15641613517137	0.0135870037009998
h1SMnG0015277	-0.527329983246655	0.492263105806003
h1SMnG0015279	-0.426918382011186	0.680436607125866
h1SMnG0015281	0.110865885856985	0.815393820954572
h1SMnG0015283	-0.0454072969445881	0.966197210791182
h1SMnG0015287	-2.73022413852249	0.00033276312692623
h1SMnG0015303	-1.27436886304281	0.0837660161988345
h1SMnG0015307	-0.211200252192737	0.858271884499071
h1SMnG0015311	-0.577856419445095	0.233720337611266
h1SMnG0015347	2.64774258209529	0.00553520138187987
h1SMnG0015349	2.36104564382273	0.0131155519133867
h1SMnG0015364	-1.18519691552646	0.162433403003952
h1SMnG0015369	-2.34824795278211	0.0359328748876961
h1SMnG0015370	0.364127443758853	0.725365084216739
h1SMnG0015375	0.0188849882347492	0.983588137050434
h1SMnG0015429	1.48264888940183	0.179513340065295
h1SMnG0015430	0.577583748809725	0.511094866662005
h1SMnG0015435	-3.0294005675382	0.00036376747649785
h1SMnG0015448	-1.0750483912171	0.336726595649711
h1SMnG0015456	-3.14373183522122	0.00000000000205474959754377
h1SMnG0015457	-3.80690536303887	0.00153389261913036
h1SMnG0015458	-2.78893101816922	0.000243147854877751
h1SMnG0015459	-3.09137871918123	0.0209779498669738
h1SMnG0015460	-0.544198794389322	0.0957697246557749
h1SMnG0015461	-2.51476488852172	0.0760764410132617
h1SMnG0015462	-2.32000550024509	0.0836224440018798
h1SMnG0015484	-0.296093704324232	0.657784691736147
h1SMnG0015495	0.283425812318054	0.864357709761466
h1SMnG0015496	-0.585348394593832	0.560612635959989
h1SMnG0015499	0.926301217992363	0.530665093203607
h1SMnG0015505	-2.75147342063419	0.0860703757616553
h1SMnG0015525	-2.06511765816324	0.211551165577261
h1SMnG0015531	-0.284864340629026	0.850374923932373
h1SMnG0015532	0.131648505026274	0.917646442839427
h1SMnG0015533	-0.930843104129379	0.393413982741062
h1SMnG0015534	-1.16426560473991	0.274488283883923
h1SMnG0015535	-0.576352935035929	0.430663009304918
h1SMnG0015536	-0.751957044802859	0.128888896687296
h1SMnG0015537	-0.491609314184966	0.578967641908903
h1SMnG0015538	-1.80935489939968	0.25978948500418
h1SMnG0015543	-1.18322318826133	0.00000109752139916923
h1SMnG0015547	-0.529104549770215	0.640134370321409
h1SMnG0015548	-1.21586318491374	0.231583721908176
h1SMnG0015550	0.903168692178338	0.479707681056521
h1SMnG0015553	-0.851231192548338	0.402949187203949
h1SMnG0015554	-0.682290973203894	0.59501312125761
h1SMnG0015558	0.0134194207794596	0.991248703911272
h1SMnG0015572	0.322642595201462	0.778438020913988
h1SMnG0015585	-0.0353428255840489	0.980999582281918
h1SMnG0015587	-0.262353133206998	0.303857261931658
h1SMnG0015595	3.28717230149272	0.00000000000110889688696591
h1SMnG0015599	3.5280971844918	0.00000000000641355870564998
h1SMnG0015600	0.444087694445671	0.382314334377457
h1SMnG0015630	-0.573381157803776	0.235261461889725
h1SMnG0015632	1.447473667076	0.337138500595613
h1SMnG0015638	0.338586048867497	0.614484259637813
h1SMnG0015649	-1.22996222926089	0.190294560817904
h1SMnG0015650	-1.42079655195959	0.133433693884877
h1SMnG0015651	-1.57035177032098	0.0436266080196446
h1SMnG0015653	-0.50555386370173	0.466586976808161
h1SMnG0015663	0.827918555033868	0.00212664899085379
h1SMnG0015666	5.4118968551496	0.000000914547805890585
h1SMnG0015675	-0.898767166960733	0.475247114684955
h1SMnG0015686	0.759461698343272	0.610154610668503
h1SMnG0015720	-0.364901825065599	0.741383710024705
h1SMnG0015726	0.353891329446324	0.791111353957387
h1SMnG0015734	0.349477197157152	0.756501288351675
h1SMnG0015745	0.712893925789853	0.680512892632351
h1SMnG0015759	0.113555730394172	0.93658451354051
h1SMnG0015789	-0.349547177903983	0.794395402852775
h1SMnG0015801	-0.118973792297418	0.869235852902387
h1SMnG0015816	-0.889697584025049	0.111476417012424
h1SMnG0015817	-1.72657207084849	0.00978428742870445
h1SMnG0015818	-1.02489941000446	0.500768241159972
h1SMnG0015821	-1.5516195875321	0.0404352349813399
h1SMnG0015822	-0.000882264591574102	0.999612918745415
h1SMnG0015845	-2.84472562521337	0.0809004895824666
h1SMnG0015858	0.219517969785403	0.765392856301213
h1SMnG0015861	-1.49427028797756	0.0359921047403809
h1SMnG0015864	-1.09870771598976	0.0000370486079013962
h1SMnG0015865	-2.21540536473145	0.124806957522057
h1SMnG0015867	-1.3800777347226	0.100217856004753
h1SMnG0015868	-0.55216756832159	0.0493593404441278
h1SMnG0015869	-1.35039667819197	0.406631187403711
h1SMnG0015885	-1.49807990076094	0.00000349054150120807
h1SMnG0015894	-1.35593158535613	0.000000646313189703322
h1SMnG0015897	-2.2360936299854	0.154328527292065
h1SMnG0015902	-0.928953969265654	0.0265826318604555
h1SMnG0015903	-1.07190983931526	0.332043974116007
h1SMnG0015911	-0.885539240234134	0.170140257319058
h1SMnG0015913	-0.785958745720307	0.394597007724478
h1SMnG0015914	0.982913484511024	0.283595484101375
h1SMnG0015915	0.188830946134681	0.869038072352925
h1SMnG0015929	-0.465577535167484	0.773132700412342
h1SMnG0015932	-0.350000331607739	0.15815400384484
h1SMnG0015933	0.0469830271540738	0.9693184658708
h1SMnG0015935	-0.438287351719316	0.775640376777974
h1SMnG0015938	-1.03304807486964	0.493314541282562
h1SMnG0015940	0.734573383325631	0.441005199151605
h1SMnG0015941	-0.906858989395481	0.162918234610103
h1SMnG0015942	-1.55582563313292	0.252122065198366
h1SMnG0015948	-0.073493040547781	0.968616347072897
h1SMnG0015951	0.341219704587764	0.804236993434559
h1SMnG0015961	-0.627876825163577	0.493164026376985
h1SMnG0015962	-0.83602178036059	0.26958245153056
h1SMnG0015968	-1.31290794968695	0.225184540047146
h1SMnG0015971	-1.18190583782359	0.477453144270558
h1SMnG0015975	-1.81659905443234	0.00000000138348921502017
h1SMnG0015976	-1.98207499154309	0.111919095166077
h1SMnG0015989	-0.804036408953519	0.453659956823671
h1SMnG0015990	1.23126220396833	0.0427760631426487
h1SMnG0015998	0.215080001972904	0.611883563444005
h1SMnG0016024	-0.787400934830325	0.237289744317405
h1SMnG0016027	-1.0712337632867	0.0439672683815796
h1SMnG0016029	-0.238943937642012	0.656684504494604
h1SMnG0016031	-2.67515324253015	0.00177473533842201
h1SMnG0016032	-1.60499695173493	0.0522535227156693
h1SMnG0016034	-2.59575996052186	0.000263322871270578
h1SMnG0016035	-1.77197874244646	0.0415960392445028
h1SMnG0016036	-0.991115811754876	0.360505249972927
h1SMnG0016047	-0.530838575938183	0.620516271629426
h1SMnG0016067	0.114262869121614	0.897451814212343
h1SMnG0016070	0.617605765133219	0.648193220709854
h1SMnG0016071	1.3153611148059	0.125218106642725
h1SMnG0016080	-0.603431653957476	0.676818731947375
h1SMnG0016082	-0.770220223711146	0.632719396608827
h1SMnG0016083	-0.0832495300660756	0.963609971823419
h1SMnG0016085	-1.88581657196346	0.104689160848038
h1SMnG0016096	-0.559572088458841	0.566220809775272
h1SMnG0016099	1.89371924949964	0.00036376747649785
h1SMnG0016102	0.443819114209759	0.15310044551835
h1SMnG0016103	-0.711671329999254	0.387826478479051
h1SMnG0016104	4.69617390336488	0.0000000000000000000000590086159042056
h1SMnG0016105	0.925486845680281	0.283635879382474
h1SMnG0016110	4.07261563580482	0.307631112778525
h1SMnG0016130	-1.48070683083583	0.117372006538911
h1SMnG0016133	-0.31605041635499	0.686291773386662
h1SMnG0016134	-0.75681983805783	0.214114420313964
h1SMnG0016143	-0.0626044276157692	0.973031133608322
h1SMnG0016145	2.90542186000426	0.000435805865477778
h1SMnG0016152	-0.50197057313445	0.0380948118775852
h1SMnG0016153	-0.468905738684735	0.713456846292202
h1SMnG0016154	-0.681932183220837	0.643580184907411
h1SMnG0016155	-0.282145992010668	0.759721954937962
h1SMnG0016157	-2.1494357327099	0.17633722356971
h1SMnG0016158	-0.850795440907268	0.388307714706647
h1SMnG0016167	-0.904109739221697	0.0139111229501689
h1SMnG0016168	-2.77917271275344	0.0909487123879956
h1SMnG0016169	-1.5630465386853	0.318470602875384
h1SMnG0016171	-0.70292779261738	0.0132039089397971
h1SMnG0016173	-0.939731182297028	0.229956798245111
h1SMnG0016181	0.994132787869061	0.408151637478964
h1SMnG0016199	0.111768875107969	0.910360304473619
h1SMnG0016203	0.434650480145361	0.778535166556116
h1SMnG0016204	-1.51200206610719	0.29307495151452
h1SMnG0016205	-1.08148085536952	0.368064327780492
h1SMnG0016206	-0.199968374119867	0.853671434817811
h1SMnG0016208	-0.935277349202173	0.257151530942543
h1SMnG0016210	-1.84552832437498	0.0143964712383058
h1SMnG0016211	-0.675506244656458	0.0755874384013617
h1SMnG0016212	-0.482679702842075	0.579383077682046
h1SMnG0016215	-0.516103584254623	0.743924834207221
h1SMnG0016218	-1.79596303219706	0.0736908134245081
h1SMnG0016240	-1.28026505542641	0.49057062417994
h1SMnG0016244	-2.45012658299567	0.149847038079562
h1SMnG0016246	-2.43779880134362	0.012265140673176
h1SMnG0016264	-0.224881807499507	0.894270836545389
h1SMnG0016267	-0.850180475485556	0.440038423256687
h1SMnG0016274	-0.218397602940617	0.902612625943557
h1SMnG0016283	-0.790392846605075	0.64646906101822
h1SMnG0016295	-1.46839720766996	0.11358686897682
h1SMnG0016310	0.119357124629283	0.91045194198002
h1SMnG0016311	0.806251496054521	0.319450142169027
h1SMnG0016316	-1.33166414108744	0.257501734441215
h1SMnG0016329	5.59118553173575	0.00000000000000000000000000000000000000000000478538792660497
h1SMnG0016334	-0.255511140525415	0.882898190328224
h1SMnG0016338	0.855722663415047	0.565395809506074
h1SMnG0016344	-2.09561843735565	0.191157840299396
h1SMnG0016356	-0.151112602954228	0.875952378547934
h1SMnG0016358	-1.29441598097845	0.445029944825963
h1SMnG0016361	-1.04146248138601	0.489305282477667
h1SMnG0016393	-1.92979532404275	0.000775565697378091
h1SMnG0016407	-1.12194189406011	0.0252811992671664
h1SMnG0016411	-0.310265082893818	0.85575425089518
h1SMnG0016456	-1.30383613810034	0.148486549812512
h1SMnG0016458	-0.272137898276736	0.854051027167728
h1SMnG0016462	1.06962892560176	0.371855372652328
h1SMnG0016469	-1.80240170201826	0.000801936558417985
h1SMnG0016492	-0.626309648720231	0.717539605464922
h1SMnG0016496	1.42063844570553	0.263034441904016
h1SMnG0016516	0.211170081804907	0.82700713055201
h1SMnG0016529	0.477845841658645	0.649978815945932
h1SMnG0016550	-2.30296144194675	0.10065692419198
h1SMnG0016557	-0.882187252235853	0.000360737862798762
h1SMnG0016588	-2.96163189326695	0.0310791994994513
h1SMnG0016593	-0.675388013383887	0.49049739346758
h1SMnG0016594	-0.0322019948659847	0.976400460169833
h1SMnG0016598	-0.265951715263753	0.794939206265342
h1SMnG0016603	-0.607652104502896	0.67000340692893
h1SMnG0016628	-1.05059611074608	0.509037579231823
h1SMnG0016629	2.14768457365769	0.000203020519497811
h1SMnG0016637	1.17576983627143	0.293472184316282
h1SMnG0016647	-1.1804711508689	0.426822497694687
h1SMnG0016648	-0.49974737246702	0.634662759106056
h1SMnG0016657	0.39762439430778	0.832735780682681
h1SMnG0016662	-1.01162426034934	0.42156791477711
h1SMnG0016665	-0.885663086021044	0.075073391692118
h1SMnG0016666	-2.2243570284637	0.00443112806078133
h1SMnG0016667	-0.882794122160075	0.216037897542015
h1SMnG0016669	-1.55114908403832	0.343180192496864
h1SMnG0016689	0.347292221868671	0.667277208166153
h1SMnG0016708	0.470396839360625	0.614349013814988
h1SMnG0016714	-0.410008189768734	0.805958424525685
h1SMnG0016719	-1.21423203466678	0.141702431894438
h1SMnG0016752	-0.215016675662328	0.899923719372104
h1SMnG0016757	-0.858644485795278	0.657785612624087
h1SMnG0016759	1.2875142268522	0.117948899563179
h1SMnG0016765	-0.96195255443418	0.126886471110787
h1SMnG0016788	0.782423660952168	0.608765317046974
h1SMnG0016790	0.570927009866508	0.749271872711103
h1SMnG0016792	-2.44545934539127	0.131670283998514
h1SMnG0016796	0.0917598132127887	0.930522982126497
h1SMnG0016803	-0.381537716086994	0.83565843947363
h1SMnG0016804	1.38335931622574	0.0449574575162452
h1SMnG0016805	0.196376461348852	0.818559583690544
h1SMnG0016808	0.162364593603525	0.776946775495148
h1SMnG0016809	-0.0498424646870658	0.974500819558547
h1SMnG0016812	0.090561895589834	0.923930211614946
h1SMnG0016814	-3.05472030117012	0.00670296196682116
h1SMnG0016819	0.317489836570529	0.722133602429119
h1SMnG0016824	-0.375582189733445	0.629205931601782
h1SMnG0016875	0.111028705357149	0.920975132252978
h1SMnG0016883	-1.8422699530343	0.221809460530004
h1SMnG0016917	-3.6465940451343	0.000000000000219110579524818
h1SMnG0016923	-0.842295234481468	0.508952142258979
h1SMnG0016945	0.141499077891792	0.884081503711835
h1SMnG0016975	0.340899935441897	0.79694813936788
h1SMnG0016981	-1.04093005726797	0.138625983411556
h1SMnG0016982	-1.15958861835184	0.410537545512813
h1SMnG0016999	-0.69344553398146	0.666796005522685
h1SMnG0017019	-0.798768623619419	0.222012263353578
h1SMnG0017020	-0.123836781533035	0.930612530924086
h1SMnG0017025	-0.719356646642564	0.675856304192374
h1SMnG0017027	0.0195443334720709	0.986532354337476
h1SMnG0017041	-0.523119979743254	0.669788576224369
h1SMnG0017044	-1.16437710436936	0.00000249780039039674
h1SMnG0017066	-1.36144448170707	0.320281992693749
h1SMnG0017076	1.57773721972585	0.00976027199303755
h1SMnG0017079	-1.28172810712893	0.448841880664118
h1SMnG0017088	-1.56380798516947	0.308160956062191
h1SMnG0017098	0.925116583315486	0.249068544747181
h1SMnG0017109	-0.168166666480856	0.92057513486808
h1SMnG0017110	0.315602750995697	0.321061563120824
h1SMnG0017111	0.0784677843639076	0.86137764130438
h1SMnG0017112	-0.871691459961777	0.577717291836011
h1SMnG0017122	3.22039891005298	0.0000000000000000166270116427363
h1SMnG0017132	-0.138173215717439	0.858171734972744
h1SMnG0017155	0.615354459815739	0.213693210637264
h1SMnG0017165	-1.06337435354619	0.00151132105555163
h1SMnG0017166	-0.202937389313164	0.907699898439916
h1SMnG0017172	1.20428715048742	0.376525849669243
h1SMnG0017180	-0.595269005240766	0.56186718102428
h1SMnG0017182	0.0360020416877904	0.963808361889992
h1SMnG0017200	-2.10233292779279	0.00241717287774025
h1SMnG0017202	1.69091650427774	0.0562064805882109
h1SMnG0017219	-0.407008035667022	0.40146989836344
h1SMnG0017227	-0.430058540981252	0.59501312125761
h1SMnG0017265	0.321031936987748	0.710105175528496
h1SMnG0017267	-0.44445116181915	0.687036133372892
h1SMnG0017269	-0.447374233940579	0.642137445927628
h1SMnG0017319	-1.15900867665541	0.0423884791660587
h1SMnG0017349	-1.39909081079708	0.0812435130098097
h1SMnG0017350	-0.813890867914674	0.461569852853498
h1SMnG0017399	0.0630785141190487	0.915515398218989
h1SMnG0017414	-1.76354691590062	0.0811248683462929
h1SMnG0017419	3.12474278549556	0.000045033731976992
h1SMnG0017429	-0.566598699529191	0.547676705569215
h1SMnG0017437	0.407577716061609	0.771924686987077
h1SMnG0017439	0.705021392321906	0.617716188260502
h1SMnG0017441	0.157050828164046	0.903021183442473
h1SMnG0017454	0.644212305714882	0.0631785247459794
h1SMnG0017466	-0.885416005534045	0.00150644617866283
h1SMnG0017468	-0.806977474437995	0.557276448412457
h1SMnG0017469	-0.184325931909129	0.910635917884284
h1SMnG0017470	-1.28591188515051	0.0930624907755083
h1SMnG0017471	-1.33864672478478	0.446366088566973
h1SMnG0017472	-1.0855253755955	0.24492061112508
h1SMnG0017474	-1.57609303165721	0.168428551287105
h1SMnG0017475	-1.56845432872834	0.293771862709185
h1SMnG0017476	-0.837825504350859	0.00411163226625215
h1SMnG0017481	-0.387138826363163	0.83134349136413
h1SMnG0017493	0.722988554986221	0.642221791633843
h1SMnG0017497	-1.87614993749725	0.000000816950795639483
h1SMnG0017498	-0.152961690420277	0.936378424836364
h1SMnG0017505	1.84869266242739	0.0233787312034966
h1SMnG0017509	0.999983411143022	0.540523819450175
h1SMnG0017513	-1.61249289530743	0.000000101945764600431
h1SMnG0017515	-0.97933298179213	0.227737449575187
h1SMnG0017516	-1.15609060003606	0.208483251780512
h1SMnG0017517	-1.54656115271829	0.0749064067156633
h1SMnG0017518	-0.763655428994344	0.510902376628664
h1SMnG0017519	-0.746400737519965	0.493895711410804
h1SMnG0017521	-1.41222519449126	0.381497221539708
h1SMnG0017536	-0.501053630562914	0.750047462210327
h1SMnG0017542	-0.206397893111069	0.889954288652477
h1SMnG0017543	-0.629538491052287	0.475247114684955
h1SMnG0017549	3.12128653738585	0.0039130930938113
h1SMnG0017570	1.91922745717256	0.143544420034316
h1SMnG0017576	0.101161623081011	0.958249075976361
h1SMnG0017581	-2.44861796995775	0.000000116961047042958
h1SMnG0017610	-1.87451021636446	0.0242629623282568
h1SMnG0017639	-0.00847048049469952	0.99497435489576
h1SMnG0017650	4.31123815806284	0.00000000117016710601811
h1SMnG0017657	0.231763430501994	0.838855634379014
h1SMnG0017670	0.112817888230004	0.867112934630269
h1SMnG0017676	-0.295632735223633	0.721413777180852
h1SMnG0017677	-0.785809988331724	0.577869458466774
h1SMnG0017688	-0.763385343401784	0.00000827438862353084
h1SMnG0017689	-0.0573021090942153	0.970570900542903
h1SMnG0017694	-0.238298999664172	0.861877042006074
h1SMnG0017696	-0.756934055032212	0.448516513576986
h1SMnG0017697	-0.690874227531382	0.363126353042452
h1SMnG0017698	-1.77135513391462	0.116195462526499
h1SMnG0017707	-1.01593423850857	0.0000110976804540526
h1SMnG0017719	-1.34867306218116	0.347142150859846
h1SMnG0017721	-0.238468254278399	0.889954288652477
h1SMnG0017729	-0.112908035906227	0.853910731778708
h1SMnG0017755	-0.633326917726705	0.36567550914978
h1SMnG0017756	0.237764981361057	0.789860714116482
h1SMnG0017765	0.912045746733083	0.323167617268792
h1SMnG0017771	-0.10694426069135	0.902557904549766
h1SMnG0017808	-0.412041013488775	0.788922973977352
h1SMnG0017822	3.1560357065734	0.00932353548186431
h1SMnG0017824	-0.90818170273599	0.598170362296404
h1SMnG0017851	-3.68673267062219	0.00599526600593492
h1SMnG0017859	2.0951649416709	0.0000353363582451053
h1SMnG0017884	-1.5868954112572	0.192480242106658
h1SMnG0017909	-1.45190678226953	0.370219236143175
h1SMnG0017934	-1.95885721749371	0.238113898819736
h1SMnG0017942	0.442424584640912	0.740658637168542
h1SMnG0017951	0.169145493144508	0.865153711647578
h1SMnG0017952	-0.319839228298125	0.679264523531154
h1SMnG0017953	-0.256956499729931	0.454674029365575
h1SMnG0017956	0.139361672610083	0.860940766643596
h1SMnG0017957	0.503441857000855	0.592667594398363
h1SMnG0017958	0.252536405212001	0.83399891835569
h1SMnG0017959	-0.646299726313923	0.511060279138529
h1SMnG0017960	-0.547939294265291	0.710377443067471
h1SMnG0017961	-0.0576772197307983	0.946536282610958
h1SMnG0017965	3.04239746626564	0.0000133407103804074
h1SMnG0017970	-0.866061746126887	0.00050387642033345
h1SMnG0017971	-0.716241261814581	0.319678761193681
h1SMnG0017972	-2.1589832568539	0.0771543230813216
h1SMnG0017974	-0.499231374393338	0.78276084726856
h1SMnG0017993	-0.0775093557172608	0.917211269407669
h1SMnG0017999	0.102612636253241	0.871380303426669
h1SMnG0018001	-0.224442634847434	0.702580021914674
h1SMnG0018002	-0.240393365929688	0.788170295730005
h1SMnG0018003	-0.860309623518353	0.471215689718518
h1SMnG0018004	-0.562325588716011	0.647400726015133
h1SMnG0018013	-1.19885491477518	0.0836625750681415
h1SMnG0018041	0.672909714084018	0.538090915384036
h1SMnG0018047	-0.541663643599803	0.722412434439746
h1SMnG0018056	0.484771052397251	0.681443677462443
h1SMnG0018072	1.31148411141453	0.264538456058037
h1SMnG0018082	-2.01369117142963	0.154616253579843
h1SMnG0018089	-1.66859974453215	0.275281333738071
h1SMnG0018102	-0.305978531680055	0.836951187154085
h1SMnG0018114	-1.06629656596461	0.497037387467613
h1SMnG0018116	-0.380112388874027	0.837071861974829
h1SMnG0018119	1.35747412675603	0.000538093734242083
h1SMnG0018120	1.78251912577444	0.000000000000029098137503051
h1SMnG0018121	2.27016748347335	0.0000179173500031934
h1SMnG0018122	1.46124163801234	0.200855272150547
h1SMnG0018123	2.34570744511441	0.000254632878404108
h1SMnG0018124	-1.33589664222506	0.230879702747461
h1SMnG0018130	-0.493550041481917	0.775892805137274
h1SMnG0018131	-1.30723141181267	0.102822290192614
h1SMnG0018150	3.81927048594588	0.00178185646959415
h1SMnG0018161	-0.401397488014158	0.808288440751788
h1SMnG0018164	-1.09480048639665	0.534312923086033
h1SMnG0018173	-0.514956726553364	0.669290206980259
h1SMnG0018174	0.0017711759015212	0.998669600300567
h1SMnG0018180	-0.105190418541366	0.941564926290742
h1SMnG0018190	0.0593744529818455	0.963490433626944
h1SMnG0018191	0.575892110809942	0.728566495275703
h1SMnG0018210	-3.09207673560156	0.040750041468458
h1SMnG0018218	0.990075883309693	0.0673251480746047
h1SMnG0018224	0.571127846317237	0.358126008272032
h1SMnG0018227	-1.02891987793746	0.00000375484858493493
h1SMnG0018228	-1.45010653021599	0.185890355864715
h1SMnG0018229	-1.47025843628351	0.0843973253287461
h1SMnG0018230	-0.611608306746484	0.49780184022076
h1SMnG0018251	-1.47974639176139	0.289075497105763
h1SMnG0018260	0.641535843184446	0.532492433116767
h1SMnG0018279	-0.180296198670789	0.915243746086234
h1SMnG0018293	0.213205050374069	0.781208500098213
h1SMnG0018298	0.0362279703741102	0.975382259403188
h1SMnG0018304	-1.65126864215882	0.120782554295428
h1SMnG0018305	-3.17018448126552	0.0000466800420162136
h1SMnG0018307	-3.43293833597321	0.0000000498184717316449
h1SMnG0018311	0.445494010111431	0.763295803954514
h1SMnG0018313	0.844365016635235	0.110316689650512
h1SMnG0018342	-3.47404423829944	0.0000000023970793158622
h1SMnG0018356	1.09213440197726	0.221858069265874
h1SMnG0018362	-0.703353425753294	0.00193532920905287
h1SMnG0018363	-0.584317088531035	0.412805924072195
h1SMnG0018365	-1.13602499252603	0.202976249577851
h1SMnG0018383	-0.820922057917968	0.0000910799279101631
h1SMnG0018388	-2.898386244306	0.036275735105153
h1SMnG0018389	-0.770846733947468	0.354544961528918
h1SMnG0018391	-0.560148734908228	0.206630741236337
h1SMnG0018392	0.177789256218795	0.764359788155386
h1SMnG0018407	-2.31492237015634	0.00274144266369415
h1SMnG0018408	-0.219238730894766	0.84394109724034
h1SMnG0018413	-1.3284054132779	0.426150750036235
h1SMnG0018415	-0.928816230243965	0.010449754054571
h1SMnG0018416	-0.382310669473174	0.75333577037505
h1SMnG0018437	-0.973374178677395	0.0865206701290095
h1SMnG0018458	-1.01896624017202	0.000000503468010224793
h1SMnG0018463	-0.741659012243017	0.0572664091042869
h1SMnG0018472	1.14450497739388	0.218272212707746
h1SMnG0018474	2.38825005969036	0.0510718380690375
h1SMnG0018483	3.18972934258362	0.00151032224949728
h1SMnG0018494	-0.956778907507802	0.378799173055955
h1SMnG0018504	-0.509241941427934	0.77435802495176
h1SMnG0018508	0.100910736454229	0.958678208911689
h1SMnG0018523	-0.471592517941581	0.0816380387450591
h1SMnG0018524	-2.09881291309474	0.155742949180414
h1SMnG0018525	-0.840126340055384	0.518035513827971
h1SMnG0018526	-0.785685479873194	0.588634622648703
h1SMnG0018527	-0.0428023728166954	0.9551426792913
h1SMnG0018569	-1.88196136547312	0.161016573628974
h1SMnG0018570	0.953659255230615	0.296021535443045
h1SMnG0018588	-0.628046259382963	0.284361420543909
h1SMnG0018606	-1.44176342882558	0.0467209569869646
h1SMnG0018608	-0.351560693052106	0.845089582404208
h1SMnG0018619	-1.21111799861838	0.321155664903539
h1SMnG0018638	0.509783742846331	0.27035179755728
h1SMnG0018640	-0.569141580574831	0.230904521949148
h1SMnG0018642	-0.114400158189842	0.952159167239423
h1SMnG0018662	-1.2073025471158	0.233000325726172
h1SMnG0018667	-2.54677947113358	0.0861285208610717
h1SMnG0018669	-0.221665967320633	0.726440616337761
h1SMnG0018678	-3.22013778366669	0.0138578091396778
h1SMnG0018689	-1.14522723374816	0.245231008666277
h1SMnG0018701	-1.90870426518771	0.255773878500228
h1SMnG0018714	-0.310494003954077	0.79577307782823
h1SMnG0018732	-1.90917296852546	0.245183831598118
h1SMnG0018737	0.869212491314622	0.242966325554453
h1SMnG0018758	-2.94792427889115	0.00000611588896439288
h1SMnG0018768	0.571327462797986	0.47272388733347
h1SMnG0018794	-2.01237629890011	0.0711595781176169
h1SMnG0018795	-1.25736831732311	0.198374799465304
h1SMnG0018803	1.71724464270563	0.0238084814888609
h1SMnG0018806	-0.232295952000905	0.901856316351084
h1SMnG0018811	-2.29201383415499	0.0753593645250133
h1SMnG0018814	-2.32467984079045	0.0886569544137391
h1SMnG0018845	-1.44969116043089	0.248500577646074
h1SMnG0018847	-0.458536417013616	0.750718547798306
h1SMnG0018863	-1.03440510206078	0.134401783227281
h1SMnG0018881	-0.724288069339511	0.606993528746613
h1SMnG0018885	-1.19031718151576	0.288376689330181
h1SMnG0018898	0.00586825531253286	0.997135950739505
h1SMnG0018901	-1.95195278533089	0.2109244045915
h1SMnG0018939	0.345911463813206	0.612234452175186
h1SMnG0018940	1.3634554562529	0.191483094507018
h1SMnG0018954	0.816874662539703	0.474626751322179
h1SMnG0018972	-2.03469084400695	0.0768062130967935
h1SMnG0018974	0.409194402612116	0.644654017117763
h1SMnG0018998	-0.225191801101747	0.83565843947363
h1SMnG0019019	-0.855298642887564	0.594650499022376
h1SMnG0019032	1.19477056132789	0.0163427072032581
h1SMnG0019033	1.6144693228843	0.256525318888905
h1SMnG0019034	0.897649000517851	0.379491103939569
h1SMnG0019074	-0.153578308084365	0.924084070320287
h1SMnG0019078	0.0432765595371938	0.97901237262499
h1SMnG0019080	-0.177847044377572	0.88699254392759
h1SMnG0019102	0.37725568915148	0.803544097545244
h1SMnG0019110	-0.8676573130519	0.520662662365499
h1SMnG0019127	-3.23911161847495	0.0278924484311414
h1SMnG0019128	-3.23736670513792	0.00277661552858583
h1SMnG0019134	-0.218432131878544	0.856438373937295
h1SMnG0019137	0.0541082333101357	0.976400460169833
h1SMnG0019145	1.10121363066046	0.389445004807373
h1SMnG0019146	-0.0642248017664739	0.966156207969708
h1SMnG0019163	-0.898146050558657	0.418891436625171
h1SMnG0019175	-1.11552475984931	0.485935633678861
h1SMnG0019191	-1.55725949944012	0.319994827210058
h1SMnG0019213	-0.222987725810775	0.9157587163091
h1SMnG0019215	1.71551768389654	0.1234644412872
h1SMnG0019220	-1.95840518955998	0.243787566981333
h1SMnG0019225	-1.71236742694696	0.0453137322760815
h1SMnG0019240	0.577904385610261	0.5793018154776
h1SMnG0019245	2.71076402953272	0.00222211125832193
h1SMnG0019251	-1.16390692328446	0.379574122207713
h1SMnG0019263	1.33081899963156	0.16769903005477
h1SMnG0019267	0.586035954825891	0.662271073676018
h1SMnG0019280	-3.06206345938707	0.041985405712772
h1SMnG0019298	-2.34536985290472	0.128055649252825
h1SMnG0019314	0.0797390104649455	0.929014113164993
h1SMnG0019315	-0.198714145754153	0.742447314156422
h1SMnG0019339	0.706619337471708	0.547000128950874
h1SMnG0019340	0.950687090173398	0.0969746338840098
h1SMnG0019368	-1.4588730334589	0.328309641429985
h1SMnG0019379	0.83114160824124	0.449081345448751
h1SMnG0019383	-1.4654228405107	0.00118130172636205
h1SMnG0019389	0.526678155902201	0.660713959974915
h1SMnG0019421	1.16485412217062	0.0804731915668495
h1SMnG0019426	-0.113243481937762	0.890532179256525
h1SMnG0019439	-2.14244096236199	0.126736549449305
h1SMnG0019441	-1.36175290991705	0.392449833770041
h1SMnG0019442	-0.764559285022426	0.57277198735462
h1SMnG0019455	1.51867781330025	0.0694899747143891
h1SMnG0019466	3.37328020021004	0.0000000000000000000000000000000000308346840080399
h1SMnG0019470	2.4504825483796	0.128520941364704
h1SMnG0019485	-0.815736118916278	0.0645934730839685
h1SMnG0019486	-0.562376526475602	0.622336378899161
h1SMnG0019539	-0.454095386309337	0.804295669803709
h1SMnG0019544	-0.796416074709624	0.585427512877963
h1SMnG0019553	-1.20323582241152	0.000000000776882339612167
h1SMnG0019558	-1.77492552134909	0.18298846521705
h1SMnG0019570	0.500718638894755	0.489432585392193
h1SMnG0019571	0.328807712868772	0.862907602326624
h1SMnG0019585	0.291494643726062	0.841253171663569
h1SMnG0019586	-0.892573087062418	0.115450103680983
h1SMnG0019591	-3.28453773522212	0.00000000645460733161963
h1SMnG0019603	0.6662327043567	0.568383279479628
h1SMnG0019609	-0.242732956048467	0.854403949460772
h1SMnG0019619	0.55386694886133	0.647402827093543
h1SMnG0019652	-1.3524068128676	0.336821372144302
h1SMnG0019654	0.463744820503302	0.754506772613547
h1SMnG0019667	0.0846775302253384	0.964089058670842
h1SMnG0019676	-0.237938950676586	0.88601910081284
h1SMnG0019709	-0.525015612354342	0.149967495414442
h1SMnG0019725	-1.30344152522627	0.130401145878034
h1SMnG0019738	1.05818673886012	0.205227155755665
h1SMnG0019739	0.50676144722726	0.61785261847348
h1SMnG0019740	0.214297157300534	0.854721355762566
h1SMnG0019745	1.45749139672706	0.00149320908951146
h1SMnG0019770	-1.17877725461568	0.293738616422171
h1SMnG0019795	-1.38289190339176	0.262860285887849
h1SMnG0019810	-0.983895887591082	0.230663986426434
h1SMnG0019814	-0.300077747054975	0.85338162471599
h1SMnG0019823	-1.61304196202994	0.0880785600443383
h1SMnG0019846	-0.372867397204339	0.79196512311896
h1SMnG0019854	-1.7088445467581	0.253007358061566
h1SMnG0019860	0.57793066554171	0.70904466857498
h1SMnG0019864	0.233741307461776	0.731564823151448
h1SMnG0019865	-1.35112233770304	0.379574122207713
h1SMnG0019867	-0.208082752665735	0.897411761479907
h1SMnG0019876	-0.610502187656173	0.365521041852177
h1SMnG0019887	1.21258908124205	0.15556990719751
h1SMnG0019893	1.61759842489572	0.00000000923380701924178
h1SMnG0019898	-0.288836660109295	0.816603131999775
h1SMnG0019902	-0.11611694684585	0.919184065018748
h1SMnG0019913	-0.895268293097309	0.47272388733347
h1SMnG0019918	5.6496305295173	0.000000000000000000000000000000000000160692166680047
h1SMnG0019919	-0.762051051111059	0.278682625716769
h1SMnG0019928	0.304652311422013	0.801728634695121
h1SMnG0019931	-0.388630823682521	0.623697505985392
h1SMnG0019932	-1.52694523737579	0.0106032533578821
h1SMnG0019935	0.424490275529509	0.414913073831502
h1SMnG0019953	0.210889771447997	0.888071743945508
h1SMnG0019954	-0.716191051652607	0.631856409658831
h1SMnG0019955	0.0537374577009578	0.969856557528422
h1SMnG0019958	-1.67201451392177	0.0544397764767048
h1SMnG0019959	-1.12631955408678	0.0653133892490077
h1SMnG0019965	1.08440895561969	0.505965934893597
h1SMnG0019980	0.944386632350508	0.308340040072751
h1SMnG0019992	0.345091085707121	0.654418278589254
h1SMnG0020001	0.417968007757969	0.241931840983896
h1SMnG0020007	-0.1828534329944	0.921454554793674
h1SMnG0020019	0.255465233577219	0.828223702583564
h1SMnG0020024	0.790359677795994	0.366360682649774
h1SMnG0020025	0.131437988254369	0.909068890987347
h1SMnG0020026	-0.656167455007427	0.416790063494055
h1SMnG0020035	-0.762550851664904	0.480258095434567
h1SMnG0020036	-2.97149418691703	0.00942750106551992
h1SMnG0020046	-0.568764296996764	0.757008860001489
h1SMnG0020047	-1.45643631881431	0.0395644600635435
h1SMnG0020057	-0.77934682442749	0.445029944825963
h1SMnG0020076	-0.831687269543808	0.537903438983622
h1SMnG0020078	-0.179934890341732	0.878013538210993
h1SMnG0020085	-0.471897730531316	0.178237123324636
h1SMnG0020099	-0.196428758005654	0.883337791524461
h1SMnG0020100	-0.689530981343927	0.229810702862836
h1SMnG0020108	1.36665145644286	0.334159441065285
h1SMnG0020113	-0.168463344274892	0.831341155535415
h1SMnG0020119	2.8022141505868	0.00112226929911865
h1SMnG0020121	-0.894877500953688	0.23686159906258
h1SMnG0020122	-0.931904967268988	0.183838910099241
h1SMnG0020145	3.07777768919967	0.00437048496905114
h1SMnG0020146	1.24763194876791	0.410634679310173
h1SMnG0020159	0.347139182522232	0.776970553071753
h1SMnG0020168	-1.46772983739488	0.315694825832824
h1SMnG0020172	-0.461438736234434	0.565953331856006
h1SMnG0020185	-1.0098619229343	0.0596124184785467
h1SMnG0020194	-0.336891886486144	0.835187760613675
h1SMnG0020207	-0.56386139939809	0.539145744113775
h1SMnG0020216	-1.15749365059036	0.303732080800135
h1SMnG0020217	0.306627134961704	0.842651850163339
h1SMnG0020219	-0.889472722695579	0.571793202816859
h1SMnG0020220	-0.273193189142617	0.74478390669931
h1SMnG0020222	-1.57591315099432	0.0899138917006964
h1SMnG0020234	-1.32905151436529	0.350097398188428
h1SMnG0020240	-0.86730680277941	0.498339201961102
h1SMnG0020252	-0.736012533028517	0.205283610837935
h1SMnG0020254	3.10602302968114	0.00391039283588611
h1SMnG0020264	1.04650993678737	0.312091011305069
h1SMnG0020269	-1.04368988629052	0.286080263204411
h1SMnG0020275	0.0625546193420069	0.967290099317019
h1SMnG0020283	0.801407248179033	0.392731345659772
h1SMnG0020285	0.549961584544323	0.452744957491948
h1SMnG0020291	1.71336439617617	0.170136720950052
h1SMnG0020294	1.39658685632251	0.0251875526805434
h1SMnG0020296	0.399623045408162	0.536896240642633
h1SMnG0020314	-0.186800858753314	0.894270836545389
h1SMnG0020315	0.480915710612217	0.231633907440802
h1SMnG0020318	-0.364668995637426	0.840218944425424
h1SMnG0020320	-3.1394609480102	0.0168806294230292
h1SMnG0020326	-0.274603480297727	0.843841148504563
h1SMnG0020327	1.49872201921467	0.216244609974278
h1SMnG0020328	0.204599966948959	0.896182371014667
h1SMnG0020347	-0.471342760485261	0.620685469595868
h1SMnG0020356	-0.372791916036277	0.712601599267438
h1SMnG0020365	-0.631473020632097	0.598170362296404
h1SMnG0020368	-0.97214972877134	0.348425377076027
h1SMnG0020389	0.561498986443287	0.234001011041988
h1SMnG0020391	-0.673473739652578	0.461339233025
h1SMnG0020394	-0.411170683693521	0.731802273499787
h1SMnG0020395	-1.17378538739114	0.346957385985807
h1SMnG0020401	-2.91054782395379	0.0300178991331607
h1SMnG0020402	1.10399663742466	0.45804513274291
h1SMnG0020405	0.889430292636944	0.539352959002507
h1SMnG0020418	-0.787455958895234	0.504647251591457
h1SMnG0020419	-0.646771791745102	0.547676705569215
h1SMnG0020430	-0.351230770426279	0.835392788637704
h1SMnG0020435	0.559921609640915	0.736587659337336
h1SMnG0020451	-2.85747747828282	0.0400146612541307
h1SMnG0020455	-1.95476315275215	0.0840911110143679
h1SMnG0020464	3.77273318217253	0.000000000000830227885972876
h1SMnG0020465	4.03218417994289	0.00000000000123385683546829
h1SMnG0020466	2.71868606897646	0.00485777904661745
h1SMnG0020467	2.23533859910971	0.0484645522844025
h1SMnG0020468	2.52790969898464	0.00000400880552114714
h1SMnG0020469	-0.000234462957031944	0.999612918745415
h1SMnG0020470	0.711869079174595	0.307488738978026
h1SMnG0020471	1.09720675003217	0.398449817928267
h1SMnG0020475	0.285488189043777	0.862950211712782
h1SMnG0020486	-0.694255356567087	0.398234874933566
h1SMnG0020511	0.0804438135761895	0.955648476610945
h1SMnG0020514	0.959986713521869	0.456925986376093
h1SMnG0020559	-0.854128866077225	0.584740432674291
h1SMnG0020560	1.07038330563196	0.150177085987434
h1SMnG0020561	1.27324561370902	0.144242641685618
h1SMnG0020562	0.38783222214289	0.703196150483661
h1SMnG0020564	1.32139440834139	0.0554870373752017
h1SMnG0020565	0.642177222174907	0.199534417198696
h1SMnG0020573	1.05907139301667	0.0989531421983612
h1SMnG0020596	-1.36651293869899	0.0109871316775142
h1SMnG0020601	-4.14261321516247	0.000904034487377394
h1SMnG0020609	4.03438947149716	0.0000338992368579285
h1SMnG0020618	-0.161703150572724	0.846106948363565
h1SMnG0020619	-0.715769245441857	0.446820668770179
h1SMnG0020621	-0.519207502539551	0.73003393099293
h1SMnG0020633	1.54836683068878	0.000515324537533182
h1SMnG0020656	0.311995126398767	0.788352012433803
h1SMnG0020658	-1.77052712780016	0.0183314456973042
h1SMnG0020663	-0.974660721572612	0.469817839419834
h1SMnG0020694	0.875728589974896	0.566998827342341
h1SMnG0020701	-2.22928696709135	0.000630705111160671
h1SMnG0020702	-1.94315690049677	0.0187239458192223
h1SMnG0020705	-0.94776501336917	0.49057062417994
h1SMnG0020717	0.0427546273451838	0.955575576592434
h1SMnG0020718	-1.50084595412805	0.0000705904180319325
h1SMnG0020740	-0.927442809705327	0.50251332656939
h1SMnG0020749	1.81378291551221	0.229192882760286
h1SMnG0020751	-0.269310950510482	0.760673469857006
h1SMnG0020752	-1.54729454360781	0.37251478600353
h1SMnG0020757	-1.0269284527403	0.509813046073297
h1SMnG0020771	-1.95474132826401	0.0231903049224457
h1SMnG0020772	2.6410759445633	0.00000363134687573066
h1SMnG0020783	-0.519543796790127	0.704514677237426
h1SMnG0020784	0.77092925420236	0.434512779824004
h1SMnG0020794	-0.0658291214989775	0.965943372636082
h1SMnG0020799	0.901238557626535	0.408151637478964
h1SMnG0020800	0.376579676272712	0.724751838366007
h1SMnG0020801	-0.407226507878384	0.691428768745132
h1SMnG0020810	-0.733314329155396	0.563647257077982
h1SMnG0020849	4.57341271883947	0.000291603436207993
h1SMnG0020853	1.77374146821697	0.00919824486424853
h1SMnG0020870	-1.11115913246906	0.453480086098738
h1SMnG0020885	0.233190025309487	0.817824689670594
h1SMnG0020888	0.543636891350578	0.61785261847348
h1SMnG0020890	0.0399357891617783	0.975162581263092
h1SMnG0020893	3.19671138873915	0.0572664091042869
h1SMnG0020895	0.31416418327996	0.745928807608531
h1SMnG0020921	0.457925639239462	0.522662249779514
h1SMnG0020929	0.452981030266382	0.469766594615916
h1SMnG0020930	0.833198945245963	0.462762843742262
h1SMnG0020936	-0.324610110262558	0.689424884265021
h1SMnG0020943	1.35203137166897	0.169740440769067
h1SMnG0020944	0.0215568670166427	0.987556162455419
h1SMnG0020963	-0.157253974656588	0.928872066636801
h1SMnG0020979	1.64945178796326	0.166614716739571
h1SMnG0020994	-1.72069000600183	0.19107076353679
h1SMnG0021013	-0.637583530513078	0.0286110617324686
h1SMnG0021014	-0.26835248404343	0.874373552164741
h1SMnG0021015	-0.497179763553226	0.763295803954514
h1SMnG0021017	0.14546264427679	0.880785939953434
h1SMnG0021022	-5.02172488801758	0.00000316142674280852
h1SMnG0021023	-1.66643511121247	0.229472406635022
h1SMnG0021035	-0.800770022024574	0.386884962559459
h1SMnG0021036	-0.529175698153701	0.736514768261975
h1SMnG0021037	-1.67154604883994	0.209600259217565
h1SMnG0021043	-0.115265938378706	0.913882539010043
h1SMnG0021053	0.0756255642794563	0.964472331468358
h1SMnG0021057	-1.11080396289894	0.403797602339329
h1SMnG0021066	-2.09237032446876	0.14020354616247
h1SMnG0021083	-1.21636898015703	0.000455139956172649
h1SMnG0021093	-0.246120950090874	0.775502775357737
h1SMnG0021116	0.695776603085811	0.448182718820669
h1SMnG0021147	-0.0617806537324821	0.960953545577742
h1SMnG0021148	5.61362095298795	0.000000264374106098391
h1SMnG0021152	-0.0963985481312817	0.947632339755674
h1SMnG0021160	-1.16135601778188	0.00000000000000239718817730702
h1SMnG0021161	0.989044963876557	0.170097820431953
h1SMnG0021163	-0.91022570594177	0.175996059439453
h1SMnG0021177	-0.488341858329272	0.717010878358213
h1SMnG0021190	-1.62309028632473	0.000387178762827971
h1SMnG0021239	-1.40794028754069	0.390794756073847
h1SMnG0021248	-0.566348991101326	0.351092660814208
h1SMnG0021250	0.0584255158768617	0.948177150471039
h1SMnG0021254	0.0163784432983885	0.992163640734398
h1SMnG0021279	-0.664564336218438	0.182339022121557
h1SMnG0021285	-1.32827043734521	0.0000000604248114021077
h1SMnG0021286	-2.74350780702212	0.0069878027272747
h1SMnG0021289	-1.93611983107834	0.00037131673906543
h1SMnG0021290	-0.561089809380539	0.0231108675730844
h1SMnG0021293	-1.46146590465586	0.123026988824883
h1SMnG0021296	-0.482425953491608	0.712821427343463
h1SMnG0021297	-1.18611180940742	0.403005550471776
h1SMnG0021298	-0.754378187652249	0.0255683241405922
h1SMnG0021299	-0.907109975485128	0.169618276619101
h1SMnG0021301	-0.119098740741065	0.880063279198548
h1SMnG0021304	-1.02422302812893	0.220082628261874
h1SMnG0021311	-1.2718508194178	0.373664218819594
h1SMnG0021315	-0.778635626066829	0.0165510091028768
h1SMnG0021317	0.0537892533962254	0.914882729178263
h1SMnG0021320	-0.173875890971311	0.8964373007153
h1SMnG0021325	0.0691350574460207	0.965770664351994
h1SMnG0021328	-0.868496768654729	0.281392758268259
h1SMnG0021330	1.21665811436014	0.117098265040617
h1SMnG0021332	1.20522066474292	0.0299123408102592
h1SMnG0021341	0.258686530820838	0.828788880585915
h1SMnG0021350	-1.16905232807664	0.438133863786904
h1SMnG0021351	-0.0891191437771514	0.938839164140101
h1SMnG0021358	0.189862297245637	0.868216154156475
h1SMnG0021359	0.252841381490968	0.808246375479447
h1SMnG0021360	0.61103835093225	0.508088212220411
h1SMnG0021361	0.852123741601813	0.352928375150111
h1SMnG0021364	0.468248994767857	0.671665275708163
h1SMnG0021396	0.15238366266503	0.658210080483625
h1SMnG0021423	3.25830739628625	0.00000992409763836392
h1SMnG0021432	-0.989607331789001	0.503793086954886
h1SMnG0021478	-0.972441019274679	0.279950101006759
h1SMnG0021483	-1.54630752575988	0.164559393972076
h1SMnG0021500	-2.07120301403961	0.19926142620012
h1SMnG0021507	-0.0456319706184052	0.976268262770925
h1SMnG0021509	0.555776220783516	0.615709771875709
h1SMnG0021523	2.65184812807015	0.00573410850496339
h1SMnG0021526	-0.988613062499912	0.311086925731354
h1SMnG0021533	-1.31355095553452	0.354544961528918
h1SMnG0021546	-0.840941103053985	0.46480127251155
h1SMnG0021549	0.349297182195824	0.764139762023921
h1SMnG0021576	-0.203811511953418	0.837910739632423
h1SMnG0021585	-0.338711713394851	0.772295014523516
h1SMnG0021618	-1.61473235345902	0.247228996422373
h1SMnG0021623	0.23994840537798	0.892215058494806
h1SMnG0021631	-0.453068758583458	0.287000363219726
h1SMnG0021632	-1.59909543366151	0.0210100901125686
h1SMnG0021633	-0.642374095145617	0.351823822608816
h1SMnG0021634	-0.0964924355595786	0.947241276571788
h1SMnG0021653	-0.415015853374585	0.726523204960764
h1SMnG0021664	-0.882567279463523	0.000026202457110472
h1SMnG0021671	0.664022574471953	0.622603209825514
h1SMnG0021704	-1.97106873910008	0.247446558655615
h1SMnG0021705	-2.98914868212254	0.00102562567357983
h1SMnG0021710	-0.769354207350034	0.548824313911682
h1SMnG0021711	-1.38076319970661	0.165114958422361
h1SMnG0021712	-0.0473521927303765	0.955575576592434
h1SMnG0021733	-0.0728750851962038	0.92589641240545
h1SMnG0021763	-0.773976216110281	0.136563201239648
h1SMnG0021776	-0.172949725034064	0.895504943217624
h1SMnG0021778	-0.985681228799342	0.335102680264485
h1SMnG0021789	-0.525050118613336	0.507079358900729
h1SMnG0021791	-0.511431407477759	0.107082569422385
h1SMnG0021794	0.258363189845183	0.798582033850615
h1SMnG0021795	3.69875207519459	0.0000285924623658932
h1SMnG0021819	1.08261107708841	0.389866399646992
h1SMnG0021827	-0.0527628482183138	0.932433231055197
h1SMnG0021839	0.385212426608388	0.682524708642516
h1SMnG0021844	0.768263436536293	0.637528657687102
h1SMnG0021853	-0.0238596911731908	0.984732975432945
h1SMnG0021860	-1.14887940361126	0.507409512667284
h1SMnG0021891	0.590291200580604	0.519981298613339
h1SMnG0021910	-1.24201768432877	0.295169677703064
h1SMnG0021954	-3.01915547052513	0.025105128590328
h1SMnG0021957	-1.1523120547379	0.0693470013217114
h1SMnG0021962	-0.89702460229029	0.586996815369095
h1SMnG0021984	-1.14486287515158	0.0421182856580028
h1SMnG0021987	-1.64549792226258	0.282932128881968
h1SMnG0022001	-0.4950238058191	0.60035757820243
h1SMnG0022011	0.0766239365569224	0.946328833984889
h1SMnG0022020	-0.0150077362158365	0.990623462024197
h1SMnG0022034	-0.94733823117081	0.355798496648231
h1SMnG0022051	0.478909882648811	0.774397071220932
h1SMnG0022052	0.195552750909372	0.842029160726824
h1SMnG0022054	-1.76546177955127	0.178794484571065
h1SMnG0022055	-1.55496938021938	0.0116696571125012
h1SMnG0022058	-0.31433748561686	0.863109282479673
h1SMnG0022069	-3.01480619531359	0.0000100289300575033
h1SMnG0022071	-1.83970325248997	0.045080777194964
h1SMnG0022072	-0.319996253191436	0.852100459109926
h1SMnG0022073	-1.10432898967826	0.479311933405784
h1SMnG0022105	-0.801513444266777	0.0026032571593667
h1SMnG0022109	-0.977251872728909	0.543813822236202
h1SMnG0022111	0.197534067255568	0.90128280176783
h1SMnG0022112	-1.84927952986428	0.00386199461747839
h1SMnG0022118	2.40501144587868	0.0000000044247713125807
h1SMnG0022121	-1.33162651701364	0.0000000000153191274791963
h1SMnG0022127	0.86161776940902	0.493314541282562
h1SMnG0022130	0.455123174746069	0.651836660418835
h1SMnG0022131	0.244761556519851	0.612623674658967
h1SMnG0022132	0.185646923660873	0.740658637168542
h1SMnG0022134	-0.189615286521613	0.840524426973058
h1SMnG0022178	-2.13311386389835	0.0620053377540178
h1SMnG0022181	-0.373684954192871	0.695821780056286
h1SMnG0022183	-0.167567242089755	0.908446673179966
h1SMnG0022185	-0.227971762008891	0.896919288825669
h1SMnG0022204	-1.78488018891787	0.124359624419124
h1SMnG0022244	2.82638427438377	0.00488884516369708
h1SMnG0022246	2.77076129516005	0.000111107066237063
h1SMnG0022250	-0.189828193408154	0.90744244325788
h1SMnG0022258	-1.88574107922561	0.00000000153414328791961
h1SMnG0022260	-1.28156982737227	0.355123394077452
h1SMnG0022265	-1.30353988775313	0.243556527313101
h1SMnG0022269	-1.15208316477682	0.276377281172637
h1SMnG0022273	0.178829189456062	0.913350215748446
h1SMnG0022314	-0.376550640890621	0.522660326984358
h1SMnG0022319	-1.80722995268254	0.163677754107701
h1SMnG0022328	-0.886426993585329	0.358565014166961
h1SMnG0022331	-2.53026273198917	0.0896267837091323
h1SMnG0022336	-0.500766623940124	0.757079238609742
h1SMnG0022338	-2.25172827961072	0.102875842987871
h1SMnG0022339	-1.38379523353135	0.17862947280906
h1SMnG0022344	4.09282470937732	0.00000000112153711446961
h1SMnG0022345	4.43392969661462	0.00000278031071221166
h1SMnG0022352	-0.711894300492844	0.680512892632351
h1SMnG0022354	0.383005161793441	0.689875905517129
h1SMnG0022356	-1.38685936654875	0.33290898860588
h1SMnG0022361	5.75584123370844	0.00000000000000000000961816128324883
h1SMnG0022366	-2.09515104415005	0.124799840818299
h1SMnG0022388	-1.05106700861496	0.00600516804343154
h1SMnG0022389	-0.733188200550456	0.309693120889162
h1SMnG0022390	-1.27814726348	0.466652484410014
h1SMnG0022391	-0.599356064104411	0.450581348290427
h1SMnG0022393	-0.533145479974169	0.730364644213108
h1SMnG0022394	-1.82637004117291	0.217846405467963
h1SMnG0022395	-1.4548097368703	0.267445977575771
h1SMnG0022397	-1.11711337363017	0.397352714972087
h1SMnG0022399	-0.268685382093455	0.789968876216271
h1SMnG0022401	-1.30058387186784	0.10921739095133
h1SMnG0022402	-2.61851462444439	0.0760764410132617
h1SMnG0022406	-2.11327921528972	0.00000000163321546553216
h1SMnG0022420	-0.476519584135331	0.494975001627585
h1SMnG0022463	-0.520901407525796	0.617466692426914
h1SMnG0022477	1.21564414749871	0.00875933588343141
h1SMnG0022480	-0.718220213982682	0.625950124935286
h1SMnG0022482	-1.53052862378367	0.288887091389603
h1SMnG0022545	-1.35472758507084	0.408151637478964
h1SMnG0022546	-0.528298201617551	0.724572967058151
h1SMnG0022555	-0.576353075194694	0.484762400784868
h1SMnG0022581	3.76225626443738	0.00000432366457230709
h1SMnG0022596	5.72823791768471	0.0000000141024451056975
h1SMnG0022597	-0.0128016676544303	0.99497435489576
h1SMnG0022614	0.619593798776763	0.415001651139066
h1SMnG0022619	4.48917539494503	0.0000000000000277457674351967
h1SMnG0022644	0.770434669671221	0.48746666379863
h1SMnG0022665	-2.21552085634144	0.157145506938809
h1SMnG0022668	-0.389477967362809	0.786311575515456
h1SMnG0022693	-0.105737347539039	0.827027538718889
h1SMnG0022694	-0.895576184822453	0.103727318614558
h1SMnG0022704	0.107803111595911	0.952126286800011
h1SMnG0022710	-0.63876790679282	0.723377845112776
h1SMnG0022727	0.174585555825935	0.893410485437283
h1SMnG0022744	0.294519728516826	0.821834436760425
h1SMnG0022767	-0.240027483663688	0.880269074993134
h1SMnG0022773	2.32546670805944	0.0000389179300255978
h1SMnG0022775	-0.968283599338796	0.607184599151364
h1SMnG0022788	0.930229229275455	0.113973837880404
h1SMnG0022804	0.982446722305456	0.210910293688662
h1SMnG0022819	-1.27616133910245	0.386288622723589
h1SMnG0022821	-2.89681005348116	0.0192579078517588
h1SMnG0022830	-0.164709193704261	0.9299602319727
h1SMnG0022835	-2.05797465204862	0.117281497790391
h1SMnG0022839	0.513074871829723	0.626633005443482
h1SMnG0022840	-2.46564084024826	0.0578825602028694
h1SMnG0022850	-1.32325075178969	0.000330400003365593
h1SMnG0022851	-0.310933892916982	0.829344389011779
h1SMnG0022869	-1.1410494471273	0.0504333603391065
h1SMnG0022874	-0.608318411645693	0.618123956407707
h1SMnG0022907	-1.51924687650073	0.04041792975037
h1SMnG0022925	-1.87115466672372	0.205145123666064
h1SMnG0022928	-2.49028990239482	0.0332225233045594
h1SMnG0022937	-0.409338249342333	0.669750457279723
h1SMnG0022949	-0.863311917372186	0.289528754374723
h1SMnG0022950	-0.626948794653205	0.725540950076943
h1SMnG0022962	-0.0645997028004716	0.972330349793132
h1SMnG0022963	1.08581528438652	0.442534873052288
h1SMnG0022986	5.00711839034031	0.00000000111251117907947
h1SMnG0023000	8.46331426753329	0.000000000000000000000000000000000000000000000000000000000000000000000000000000000000000000000000000000000000000000000000000000000000000000000000000000000000000000000000736203835941744
h1SMnG0023037	-2.00482586501423	0.0000350912186485536
h1SMnG0023045	-0.306057224072742	0.696772921236297
h1SMnG0023046	-1.49792437966878	0.119879000698733
h1SMnG0023059	-0.0940002891548028	0.947369245630408
h1SMnG0023064	-1.15921863349097	0.125163589251908
h1SMnG0023090	-0.90902104835458	0.589516179886292
h1SMnG0023091	-0.815579683777761	0.661632712758744
h1SMnG0023100	-0.141246626956504	0.897845401883386
h1SMnG0023104	0.44451694361564	0.631782107566822
h1SMnG0023109	-0.42574370608314	0.779550191074078
h1SMnG0023110	0.232913040639022	0.907813708477124
h1SMnG0023116	0.432837065133761	0.802761905817885
h1SMnG0023129	-0.183768030099079	0.891410072904502
h1SMnG0023162	0.177722853708759	0.92238999662193
h1SMnG0023163	0.249254291566364	0.893410485437283
h1SMnG0023165	0.415496129530109	0.405610880870071
h1SMnG0023173	-0.29481803626127	0.892847570418518
h1SMnG0023176	-0.742623037330762	0.420802974526523
h1SMnG0023178	0.039561969650612	0.972868304882234
h1SMnG0023184	-0.336706068866264	0.363698293027927
h1SMnG0023192	-1.7567263224323	0.272480485502575
h1SMnG0023195	-0.744014511374526	0.581463338368229
h1SMnG0023198	-0.525315066582282	0.0652414772881895
h1SMnG0023199	-0.813155055804649	0.577622919182083
h1SMnG0023211	-0.910761471067721	0.580705888969126
h1SMnG0023219	-1.13401652000701	0.456219865826317
h1SMnG0023221	0.578911146221899	0.732860615415976
h1SMnG0023229	-1.25752017337194	0.46681730200427
h1SMnG0023231	-0.417609750281205	0.316079860284185
h1SMnG0023240	-0.484571103656432	0.595351902158614
h1SMnG0023250	1.74957478119873	0.0536522947184052
h1SMnG0023270	-1.39831648252936	0.260918984969706
h1SMnG0023275	1.01718998230325	0.0288656334958325
h1SMnG0023281	-0.593375647088285	0.700272325669894
h1SMnG0023294	1.18134136870588	0.328136396885622
h1SMnG0023304	-0.620127278524207	0.663874433428989
h1SMnG0023305	-0.847170983617034	0.235200821828947
h1SMnG0023306	-1.71874073768559	0.335733474227039
h1SMnG0023323	-1.3223087693074	0.0000262695695718614
h1SMnG0023325	-2.63334800954923	0.0728539159580127
h1SMnG0023326	-3.06786443518512	0.0212514313858059
h1SMnG0023342	-0.579159554813963	0.592092877872194
h1SMnG0023368	-0.854043234415559	0.193303319663508
h1SMnG0023371	-0.973324780127787	0.138046507731782
h1SMnG0023375	-1.91825562145993	0.0886490809104018
h1SMnG0023383	0.357836860319759	0.86084522034244
h1SMnG0023397	2.58848117630932	0.0000000148313129916162
h1SMnG0023403	0.990774226240108	0.45499661609595
h1SMnG0023412	-0.0956608724248758	0.953155641930491
h1SMnG0023413	1.15208224474444	0.448711915720103
h1SMnG0023416	-2.10141622341445	0.19576635984646
h1SMnG0023461	0.023669604367021	0.974959842551241
h1SMnG0023462	-0.272194280251737	0.77270981948584
h1SMnG0023463	0.344110702162992	0.384353940554015
h1SMnG0023469	-0.423252423599768	0.508813738627129
h1SMnG0023470	-0.784481391070902	0.0681891655394604
h1SMnG0023471	-1.39697840686135	0.0702568914462707
h1SMnG0023472	0.345351893315361	0.628628695584719
h1SMnG0023474	-1.413340659876	0.383759793576953
h1SMnG0023475	-0.0779898600661548	0.94967357690314
h1SMnG0023479	-2.50336729435838	0.0321186383959409
h1SMnG0023490	-0.21989973784978	0.907198032199698
h1SMnG0023497	0.385901995229746	0.74625391141497
h1SMnG0023506	-3.61938762232823	0.00123575706545591
h1SMnG0023551	-1.49758456437231	0.0130379585124166
h1SMnG0023558	-0.669716934337329	0.491582624540448
h1SMnG0023559	0.156045739447973	0.914882729178263
h1SMnG0023564	0.664791227390746	0.520810641453456
h1SMnG0023586	-1.51198110300755	0.21062530583622
h1SMnG0023596	1.3299427000987	0.251552060070773
h1SMnG0023614	-0.820532131257526	0.569735609081452
h1SMnG0023622	-0.597136966290979	0.557105517208226
h1SMnG0023644	-0.886535410281117	0.359841869330457
h1SMnG0023653	1.85989160260361	0.0538202759115217
h1SMnG0023654	0.263818491863388	0.838637935272876
h1SMnG0023670	1.34028195567709	0.252801168446474
h1SMnG0023676	-2.13764496748251	0.0484645522844025
h1SMnG0023697	-0.980223159830469	0.393596025197168
h1SMnG0023703	0.218053187720727	0.805998247362331
h1SMnG0023705	-0.443452350508275	0.467087841322306
h1SMnG0023713	0.799244737312894	0.352037053485473
h1SMnG0023722	0.305245876565283	0.651485465208541
h1SMnG0023723	0.289620733990436	0.839820452121444
h1SMnG0023727	1.55617806390402	0.138899948299883
h1SMnG0023739	-0.111195195262037	0.953966650884744
h1SMnG0023745	0.0453765692786123	0.982881067315201
h1SMnG0023750	0.545629091441233	0.754028808638603
h1SMnG0023759	1.64992489392304	0.0573195261098811
h1SMnG0023771	2.69201944137326	0.000539932701953977
h1SMnG0023805	-1.52341859191625	0.343719273174482
h1SMnG0023833	0.667845903615722	0.640776944508664
h1SMnG0023838	0.0923073808692685	0.921345134380608
h1SMnG0023850	-0.0268339376629063	0.987807412211338
h1SMnG0023866	1.13816085849334	0.100801918079147
h1SMnG0023875	-2.28618365475569	0.05416628643971
h1SMnG0023891	-0.191667170506307	0.910646610738307
h1SMnG0023892	0.39115380889484	0.853323679488382
h1SMnG0023895	-1.00673137928669	0.223669152978791
h1SMnG0023908	-1.72323619158415	0.0513685700759757
h1SMnG0023910	-2.01519260429683	0.238161117623748
h1SMnG0023911	-0.248107041401157	0.909515702361867
h1SMnG0023914	-0.287621823419302	0.803713960194964
h1SMnG0023922	-0.773313067084144	0.0235538835369325
h1SMnG0023939	-0.0683701898413348	0.942562658612588
h1SMnG0023943	-2.41069825712855	0.00000114358082779428
h1SMnG0023945	-0.768252156317046	0.443824725732922
h1SMnG0023946	-1.15738229577279	0.398476126001995
h1SMnG0023972	-0.807960486100944	0.00267892748162739
h1SMnG0023973	-0.744873422878727	0.267215378536409
h1SMnG0023988	-0.0759456018160013	0.965227627701086
h1SMnG0023994	0.0943322487126792	0.935418178037596
h1SMnG0023999	-1.04155203712175	0.00274353707154281
h1SMnG0024000	-1.32409496408453	0.420217672172933
h1SMnG0024001	0.7704845704672	0.366898178744359
h1SMnG0024007	-2.78882544146639	0.0487469305683762
h1SMnG0024020	3.41078509406236	0.0000000293812471390966
h1SMnG0024038	-0.689648975374442	0.406424609918047
h1SMnG0024045	-1.64681280295617	0.000670052037766521
h1SMnG0024047	-3.39714608494212	0.00343107367220322
h1SMnG0024072	0.792350296709326	0.391401961643363
h1SMnG0024094	-1.77324313799268	0.133902000351033
h1SMnG0024117	0.587125654241482	0.502139125305159
h1SMnG0024125	-0.844740488972476	0.0245470801658427
h1SMnG0024127	-1.12326989322544	0.329775353568743
h1SMnG0024141	-1.5808946507355	0.000000000029559200377172
h1SMnG0024142	-1.69140096119378	0.0572664091042869
h1SMnG0024145	-1.07904110741613	0.00173827306253328
h1SMnG0024146	-0.827895867718859	0.225580650412407
h1SMnG0024147	-1.16806825499362	0.0905087282800568
h1SMnG0024149	-1.14969373576619	0.0000308181551319007
h1SMnG0024151	-2.05189056724956	0.0907738281201952
h1SMnG0024157	-1.61759219534294	0.000000000000342697541842496
h1SMnG0024165	3.98469070463759	0.0000000158955128231962
h1SMnG0024177	-0.126414996560675	0.669750457279723
h1SMnG0024178	-0.447857682621532	0.698138100760501
h1SMnG0024179	-0.439875626780137	0.726290245902248
h1SMnG0024180	0.0412842158237931	0.968995664397632
h1SMnG0024200	-0.519947141063212	0.154851942027258
h1SMnG0024206	0.382542562304313	0.317689465966013
h1SMnG0024207	0.0104086194600174	0.975760607096565
h1SMnG0024209	0.274274744280446	0.699241776663748
h1SMnG0024227	-2.02230715227822	0.0279005567153465
h1SMnG0024229	-1.57785154011357	0.00000000000000124712822721132
h1SMnG0024235	-0.093701486891449	0.95207744904447
h1SMnG0024236	-1.6641386575976	0.119705739983985
h1SMnG0024237	-0.623589654440571	0.501662576575505
h1SMnG0024238	-1.43460375743869	0.00333996266622976
h1SMnG0024239	-0.566995206080992	0.504017771951286
h1SMnG0024240	-1.79892152297322	0.262805780769522
h1SMnG0024251	-0.105555192393724	0.917856848501918
h1SMnG0024259	-1.12314754184216	0.0202887228127297
h1SMnG0024261	-0.873088956558761	0.109481300874415
h1SMnG0024271	1.69481918304235	0.079357910274591
h1SMnG0024274	-1.20989600761649	0.000728906903626175
h1SMnG0024276	-2.4976813639844	0.0000000000982043873817035
h1SMnG0024277	-1.13639220919369	0.441409876119958
h1SMnG0024290	-1.11060961464615	0.482863589014867
h1SMnG0024291	-0.652831899429166	0.0304681748458161
h1SMnG0024302	-0.479954286271055	0.451406981620851
h1SMnG0024303	-0.188587632013371	0.79829657784247
h1SMnG0024304	0.280653342639532	0.570913983350587
h1SMnG0024305	-1.16704217820494	0.296242197242101
h1SMnG0024306	-0.34028987426091	0.293036930111525
h1SMnG0024308	-0.681501325670252	0.272527456751443
h1SMnG0024310	0.144568953094498	0.92057513486808
h1SMnG0024311	-1.61343290743607	0.0553255582425769
h1SMnG0024313	0.116324352669773	0.940399421097324
h1SMnG0024318	-2.04033929628156	0.00000000461770600717482
h1SMnG0024319	-2.24676812858222	0.0234574596253267
h1SMnG0024320	-2.95869589520604	0.0297484543249376
h1SMnG0024326	1.23729995759133	0.333857540664607
h1SMnG0024337	-3.05809878354257	0.00365438169892078
h1SMnG0024338	-2.1649989083965	0.0082086226792128
h1SMnG0024339	-1.30002039564425	0.0289937675660145
h1SMnG0024341	-1.90275041034472	0.0966704018140548
h1SMnG0024343	-1.61712766388382	0.0855700745529159
h1SMnG0024344	-1.85520764708627	0.148218457424137
h1SMnG0024350	-0.695314624081949	0.644654017117763
h1SMnG0024354	0.334367228416964	0.641595597858462
h1SMnG0024355	0.830520055474441	0.291734940928743
h1SMnG0024366	-1.06831296952135	0.241566759753045
h1SMnG0024375	-1.27919610843653	0.000000402100687318799
h1SMnG0024376	-1.8475722174141	0.0950614771799465
h1SMnG0024392	-1.55023890270694	0.0561132132237614
h1SMnG0024393	-0.594713690844926	0.549397953599144
h1SMnG0024394	-1.47104364499057	0.000934821782830176
h1SMnG0024395	-1.00936259266742	0.0000881490223065814
h1SMnG0024403	-1.01833696515336	0.123187621910743
h1SMnG0024405	0.125061240362209	0.937767622664448
h1SMnG0024406	-1.09497498455589	0.0525975140919893
h1SMnG0024407	-0.601807531154059	0.522342111845622
h1SMnG0024408	-2.11428986433341	0.00600452091720881
h1SMnG0024413	0.606397780982415	0.57172657647392
h1SMnG0024415	-1.27124658920102	0.19480606364035
h1SMnG0024416	-0.214695736013059	0.845963422512655
h1SMnG0024434	-1.38137447552542	0.0000000000268678499517129
h1SMnG0024435	-1.9281876858553	0.00881903923430092
h1SMnG0024436	-1.83911904322315	0.0793956993334989
h1SMnG0024438	-1.40753870972262	0.0299781764597624
h1SMnG0024439	-2.59012136339809	0.00392583133673214
h1SMnG0024441	-1.91806585643018	0.130657855643331
h1SMnG0024443	1.41236041193345	0.295272007530897
h1SMnG0024445	-0.432896768653242	0.218011338105132
h1SMnG0024463	-0.476973971898045	0.787364953903084
h1SMnG0024466	-0.383001740173546	0.695131162663034
h1SMnG0024471	-3.06798180302793	0.0228069469003999
h1SMnG0024485	-1.08326784462591	0.381765881689339
h1SMnG0024532	-1.16841999098605	0.000000000279109845084217
h1SMnG0024535	-0.931622894470232	0.0000996691237948101
h1SMnG0024536	-1.39484934967556	0.0923240285948053
h1SMnG0024537	-0.539644795592562	0.703093224346879
h1SMnG0024538	-0.773222166371947	0.397803479734582
h1SMnG0024547	-1.41083164675472	0.0000000136945276348594
h1SMnG0024548	-1.35231497218811	0.00867010561967775
h1SMnG0024551	0.343233045468833	0.842029160726824
h1SMnG0024562	-2.67127114127717	0.0730666307837755
h1SMnG0024566	-0.991699333360564	0.0000402106380132496
h1SMnG0024567	-0.549750109560747	0.713233672430596
h1SMnG0024570	-1.84534314685414	0.0495233202257005
h1SMnG0024590	-0.874437657745824	0.405894533651218
h1SMnG0024608	-1.21431227062407	0.000676728900322536
h1SMnG0024609	-0.530041118441003	0.410261674422904
h1SMnG0024636	-0.69086090705979	0.507015203151396
h1SMnG0024639	-1.25003132616566	0.0026745610767275
h1SMnG0024641	0.1291373691303	0.918031708281262
h1SMnG0024643	0.974856918906702	0.341147719172753
h1SMnG0024648	-2.28443921500177	0.0901512440072452
h1SMnG0024649	-1.06745347433973	0.344015415280727
h1SMnG0024650	-1.14057982727667	0.207936750095238
h1SMnG0024651	-1.43093320500794	0.00241667356572539
h1SMnG0024652	-1.64745502765805	0.18959515508065
h1SMnG0024653	-2.612980937766	0.0456626111029546
h1SMnG0024660	-1.65289996479341	0.217412462597277
h1SMnG0024661	-1.34390779016178	0.276287289780392
h1SMnG0024662	-1.75706591706369	0.149969637253842
h1SMnG0024666	-0.710235478453187	0.551601636987923
h1SMnG0024667	0.00688199495559391	0.99620440374576
h1SMnG0024671	1.14252101160046	0.357889503929633
h1SMnG0024672	1.06092585713605	0.359975250107935
h1SMnG0024673	-0.401419992136182	0.603153571232205
h1SMnG0024674	-1.06448302727827	0.037440773932635
h1SMnG0024679	-1.23032792965341	0.3567324700128
h1SMnG0024681	-1.60940194479359	0.0739045735601712
h1SMnG0024683	2.82618461767994	0.0166650531765911
h1SMnG0024688	-1.17048251111532	0.432847785266784
h1SMnG0024691	-0.0670510590500173	0.953196824586879
h1SMnG0024692	-0.70688339545572	0.149430647460603
h1SMnG0024698	1.27078077257033	0.36067032269721
h1SMnG0024703	-1.85852509831516	0.230330097426014
h1SMnG0024709	-1.04384691210214	0.00000200067992391036
h1SMnG0024711	-1.4447923716109	0.0213622846035452
h1SMnG0024712	-1.59947923493204	0.0663742445459829
h1SMnG0024716	0.394945713761306	0.783367843706705
h1SMnG0024720	0.571292378347365	0.123379888814613
h1SMnG0024741	-0.312945538986561	0.853992597423603
h1SMnG0024754	-0.133716885307495	0.920609519742819
h1SMnG0024769	1.97561413680011	0.0854996724966883
h1SMnG0024770	0.0114403142523922	0.995478479545779
h1SMnG0024772	-0.631303947100828	0.679264523531154
h1SMnG0024785	-0.590948796668224	0.0415664451574706
h1SMnG0024786	-1.20787838363975	0.360184842189699
h1SMnG0024799	-1.73234344633152	0.0000000000354436899691033
h1SMnG0024802	-1.52593250637764	0.038608195922673
h1SMnG0024804	-1.67026762070051	0.00080791687943997
h1SMnG0024805	-1.37370438591612	0.0000178661225745286
h1SMnG0024812	-1.20195011100976	0.295943944008471
h1SMnG0024820	4.90631620688832	0.000000748360146413469
h1SMnG0024829	-0.978605475599036	0.000570752172741164
h1SMnG0024831	-0.986178430115103	0.0128310577374059
h1SMnG0024832	-1.09368067427494	0.0882873269330098
h1SMnG0024833	-1.64618376122715	0.0154971069056146
h1SMnG0024834	-0.537504752130675	0.530951874082247
h1SMnG0024835	-2.40647518123997	0.0182157088852039
h1SMnG0024840	0.69684019120919	0.598213620869964
h1SMnG0024847	-1.71497346181507	0.00000620883094155465
h1SMnG0024875	-1.16684006644948	0.336573039911866
h1SMnG0024876	-2.19467571483713	0.0763605592224827
h1SMnG0024878	-1.50757809253997	0.080235616940368
h1SMnG0024879	-1.63900938171717	0.0621424527847726
h1SMnG0024880	-1.00483350026549	0.391401961643363
h1SMnG0024892	1.92294196510273	0.164628410293741
h1SMnG0024898	-1.57388194990682	0.000000000028872924473847
h1SMnG0024899	-2.20384376020761	0.167082203305372
h1SMnG0024900	-1.00567327006654	0.180262742635146
h1SMnG0024901	-1.20006488758402	0.0644804363397625
h1SMnG0024902	-1.85786713389234	0.00431581693960616
h1SMnG0024908	-0.436295784571878	0.778304155180842
h1SMnG0024940	-0.775138487786116	0.104939004625422
h1SMnG0024942	-0.422096603001459	0.619098423496461
h1SMnG0024943	1.50876380005352	0.189434662718639
h1SMnG0024946	0.743229669737993	0.166744908468376
h1SMnG0024949	-0.829531757978383	0.50251332656939
h1SMnG0024979	1.60274112195394	0.0546266756412447
h1SMnG0024994	-0.331463037072987	0.858758560575972
h1SMnG0024995	-1.1776984899801	0.431726759073347
h1SMnG0024996	-1.14799217002521	0.440038423256687
h1SMnG0025002	-1.20571817548252	0.315619997062447
h1SMnG0025003	-0.839123865233072	0.20550748181388
h1SMnG0025006	0.145677732336071	0.897472811305325
h1SMnG0025040	-2.31231330942221	0.140299682077417
h1SMnG0025050	-0.417072708919356	0.81380255394744
h1SMnG0025051	0.231661153170631	0.305075762862922
h1SMnG0025052	-0.092395854026143	0.910360304473619
h1SMnG0025053	-1.46717251339899	0.119105872166675
h1SMnG0025054	0.48383912438547	0.507058859977873
h1SMnG0025061	3.58496460651759	0.000148139047405739
h1SMnG0025063	-0.905235790074902	0.416681700493171
h1SMnG0025065	-0.975722264900311	0.0000275701636039344
h1SMnG0025068	-0.595653513603671	0.731847512124275
h1SMnG0025070	-1.14831817160957	0.308453138948408
h1SMnG0025078	-1.2781550979423	0.440578123255284
h1SMnG0025079	-2.11451268051293	0.00000115390611591711
h1SMnG0025097	-0.0358638668018478	0.978139922900868
h1SMnG0025098	-1.89922295229924	0.0110111257011232
h1SMnG0025105	-0.545459922550176	0.677702904008741
h1SMnG0025107	-1.69817970886251	0.0999186329897802
h1SMnG0025108	-1.617990183093	0.0428580778290967
h1SMnG0025109	-1.97753689301411	0.178570834288343
h1SMnG0025110	-1.40641922851556	0.0280649208729984
h1SMnG0025111	-1.329622606784	0.117253688127301
h1SMnG0025112	-2.78988154743485	0.000360894854965488
h1SMnG0025113	-3.54759447068889	0.00000301765375072781
h1SMnG0025116	-3.68435459123564	0.00123549612490071
h1SMnG0025126	0.385277398399916	0.755171204344447
h1SMnG0025150	-0.114293487425135	0.946494539258369
h1SMnG0025152	-2.13119495151345	0.127371866237605
h1SMnG0025153	-2.29460886256385	0.00279136890143385
h1SMnG0025161	-1.09410154588375	0.0890457392668876
h1SMnG0025163	-1.28327628518868	0.0000179173500031934
h1SMnG0025165	-1.44016669463624	0.313239618787969
h1SMnG0025168	-0.916324071364204	0.00171435553647375
h1SMnG0025169	-1.90980977489933	0.090352139741749
h1SMnG0025174	0.937945355101397	0.800144465500641
h1SMnG0025175	-0.36696937121188	0.166789149244452
h1SMnG0025176	-0.444604970661878	0.679439891484579
h1SMnG0025177	-0.636092155483571	0.705294858755655
h1SMnG0025178	-0.606432423390054	0.508365948571725
h1SMnG0025187	-1.43741265198679	0.00000734614475366541
h1SMnG0025188	-0.907787775391981	0.389622610293444
h1SMnG0025202	4.95040752436968	0.00000949959041295245
h1SMnG0025210	-0.693274337593992	0.681512431585361
h1SMnG0025216	-0.626260042466564	0.423463419617476
h1SMnG0025235	-0.569259017248482	0.566220809775272
h1SMnG0025236	-0.375746693714629	0.794939206265342
h1SMnG0025254	-1.00164740177875	0.277304894122147
h1SMnG0025255	0.191814654438437	0.874775682085641
h1SMnG0025261	-2.41495127391018	0.00894930885435182
h1SMnG0025283	4.7846834344812	0.00000130627453956488
h1SMnG0025286	0.296842135145171	0.591251386855465
h1SMnG0025292	0.635992675622882	0.374121265965493
h1SMnG0025328	-0.299645094012056	0.692549678796846
h1SMnG0025332	-0.671873568834099	0.645514671840647
h1SMnG0025348	-1.21128070146634	0.366627812848083
h1SMnG0025351	-1.10461282240811	0.00184909147911724
h1SMnG0025353	-0.639944349069305	0.693164653920352
h1SMnG0025355	-0.957552397243591	0.524947042332152
h1SMnG0025361	-1.36518577435629	0.333821301855655
h1SMnG0025366	1.32039613951782	0.1762503302932
h1SMnG0025389	-0.308587496032873	0.738845702933568
h1SMnG0025391	-0.12368260576534	0.939395177905574
h1SMnG0025396	2.60703022192876	0.00000880153435528542
h1SMnG0025400	0.589491994541544	0.777250796702178
h1SMnG0025404	-0.878229218416893	0.583056896256382
h1SMnG0025406	0.49973817681788	0.614484259637813
h1SMnG0025409	0.171979938584934	0.769119420837867
h1SMnG0025410	-1.31254802005836	0.161874176083889
h1SMnG0025411	-1.40258446430629	0.311137765898722
h1SMnG0025413	-1.36364519246641	0.339805293200818
h1SMnG0025419	1.23578028534547	0.415623812043614
h1SMnG0025465	4.40825827625932	0.0000114717813545226
h1SMnG0025470	0.894630365597275	0.379491103939569
h1SMnG0025475	1.57888452525763	0.224700182972494
h1SMnG0025488	-0.241986402256039	0.582971542914961
h1SMnG0025489	-0.203085919645773	0.699683401995123
h1SMnG0025490	-1.09004113460563	0.099916996179382
h1SMnG0025492	-0.396208977710799	0.73174114226554
h1SMnG0025493	-0.926867148967106	0.293472184316282
h1SMnG0025524	1.3124030400101	0.410261674422904
h1SMnG0025560	0.400030219561669	0.813327875253494
h1SMnG0025574	-2.22053471783833	0.00000191068144436466
h1SMnG0025575	-0.834265316410807	0.549397953599144
h1SMnG0025577	-2.5193095674257	0.00127910679559302
h1SMnG0025580	-3.55611106645926	0.00450584945057083
h1SMnG0025581	-2.77430092473217	0.0109581817816702
h1SMnG0025586	-0.0345618651081675	0.979541334942189
h1SMnG0025606	-0.320710203022302	0.821888918859762
h1SMnG0025610	-0.293154459294371	0.69263955788775
h1SMnG0025616	-0.0352247560856618	0.985420986892161
h1SMnG0025657	-1.00240578262228	0.156516236642899
h1SMnG0025662	-0.239490975974993	0.811528684283131
h1SMnG0025665	-0.283730063974254	0.862108168468523
h1SMnG0025683	-0.885248114965748	0.461997745104035
h1SMnG0025746	-2.82081723812553	0.000776775434934443
h1SMnG0025762	0.0924809167725057	0.829780468752756
h1SMnG0025765	7.50967362308264	0.000000000000000000000000000000000000000000000782198340580971
h1SMnG0025766	1.56255856958715	0.0193893622707054
h1SMnG0025776	0.845460205807131	0.478598206940772
h1SMnG0025784	5.43870716560853	0.000000000000000000000000000000949032635805509
h1SMnG0025788	-0.149209472081727	0.915243746086234
h1SMnG0025796	0.416971105979967	0.680069081959438
h1SMnG0025805	0.944670064791941	0.388822757107676
h1SMnG0025808	0.438537289116202	0.810487979727203
h1SMnG0025816	-0.946633798507313	0.126072968278931
h1SMnG0025819	-0.475167045141128	0.403005550471776
h1SMnG0025821	-0.587203863618902	0.567148216280135
h1SMnG0025863	1.30382399985612	0.20304660947517
h1SMnG0025866	-0.111181760239459	0.918174524857828
h1SMnG0025872	0.0709790492289024	0.966645006866847
h1SMnG0025873	-0.404734882071104	0.728921840207758
h1SMnG0025878	3.89652433478511	0.0000000000000000000907138174677726
h1SMnG0025885	5.5974083792898	0.00000000000000000000000298371742218854
h1SMnG0025889	0.500261587410765	0.770775762667137
h1SMnG0025930	-0.666004653244604	0.42379743487487
h1SMnG0025941	-1.83528962084931	0.117975892677644
h1SMnG0025977	1.446846676634	0.168443092164894
h1SMnG0025978	0.419348292496312	0.809303053737959
h1SMnG0025990	0.169835204035469	0.841083083531141
h1SMnG0026005	0.110851620562983	0.822717088209394
h1SMnG0026006	-0.54927865499067	0.641849260528112
h1SMnG0026014	-0.537536881264834	0.757146019120635
h1SMnG0026021	-0.768316592802668	0.000268438690952345
h1SMnG0026023	-0.387429824917412	0.736227568666297
h1SMnG0026024	-0.829563242670198	0.548256694804421
h1SMnG0026025	-0.640770960924277	0.290955777866272
h1SMnG0026026	-3.45819522333617	0.0140243333294235
h1SMnG0026030	-2.17954973376601	0.17634904151261
h1SMnG0026041	-0.793019168594701	0.00527757695502444
h1SMnG0026042	-0.486326870805368	0.356932359697412
h1SMnG0026043	-1.02223593607524	0.350989374747862
h1SMnG0026055	-1.13031046558515	0.000000000458538745080578
h1SMnG0026105	-0.965475960252333	0.0886485326072441
h1SMnG0026106	-2.19255414874956	0.169906259495629
h1SMnG0026117	0.325049282120017	0.698733590350326
h1SMnG0026118	1.72398916368816	0.00000000000000000000000256952352020534
h1SMnG0026119	2.26697514350166	0.0382152394761342
h1SMnG0026123	-2.52811675734978	0.0578224011882262
h1SMnG0026129	0.217219081769654	0.89201266308809
h1SMnG0026133	-0.69827053870063	0.452067748869541
h1SMnG0026136	-0.736457545522039	0.285541530614136
h1SMnG0026141	-2.31820259985932	0.102822290192614
h1SMnG0026147	-0.0237310204433272	0.987656333302973
h1SMnG0026157	-0.102156632225524	0.922633251897734
h1SMnG0026158	-0.531991453304976	0.742848235615582
h1SMnG0026183	-1.62082922862136	0.318188877663272
h1SMnG0026185	-1.40775636984679	0.374601158954832
h1SMnG0026188	-0.656159256545567	0.636255733091204
h1SMnG0026190	0.0938530028894846	0.954906880181693
h1SMnG0026191	-2.81752018981408	0.0469626728942465
h1SMnG0026197	0.673888554579546	0.566961502366353
h1SMnG0026199	1.03500420531111	0.0247220435447988
h1SMnG0026200	0.0603292345478305	0.974375139878409
h1SMnG0026202	-1.13215869346247	0.0000000185415080054885
h1SMnG0026205	-0.918071552897671	0.281972074285164
h1SMnG0026206	-0.73385392107593	0.358047074134022
h1SMnG0026208	-0.812808071870482	0.151699518640552
h1SMnG0026220	0.359494954414068	0.734818866803604
h1SMnG0026221	-2.24251582716175	0.00868216168603958
h1SMnG0026237	-1.45821789047835	0.35505701668575
h1SMnG0026238	-2.24238535428534	0.106291052206406
h1SMnG0026240	1.93950159637217	0.0399401116574313
h1SMnG0026245	-0.995755824297539	0.319450142169027
h1SMnG0026253	-0.419371936855211	0.493678537563899
h1SMnG0026256	-1.72053776168068	0.33703000060538
h1SMnG0026259	3.09757113638846	0.0000000185359798062124
h1SMnG0026260	5.31099406987384	0.00000403034376059339
h1SMnG0026261	-1.28238424003071	0.00000000000271604212659421
h1SMnG0026264	-5.0416994252589	0.00000140490727562907
h1SMnG0026266	-0.707162202152656	0.555107958126217
h1SMnG0026272	0.610567699817199	0.655861343198439
h1SMnG0026294	-1.10662218677842	0.43841220634458
h1SMnG0026298	-1.47509599157263	0.367078321389748
h1SMnG0026300	0.198619189006384	0.832670620498706
h1SMnG0026307	-3.20447882640862	0.0000000000000584240036136667
h1SMnG0026310	-2.41576894710539	0.0635448518114349
h1SMnG0026311	-2.0399313488612	0.224198873327001
h1SMnG0026316	0.211530938056464	0.949994666120497
h1SMnG0026331	0.810889916205914	0.632804866882867
h1SMnG0026334	-1.33695784849758	0.00417719758937946
h1SMnG0026336	-0.462661012050241	0.656937593180356
h1SMnG0026337	0.546546328232172	0.600769529961988
h1SMnG0026341	-0.422638843137794	0.43311871558396
h1SMnG0026342	0.778729018606462	0.485399753240001
h1SMnG0026352	0.652305901039889	0.63861853146585
h1SMnG0026353	-0.147764994170053	0.883151762948149
h1SMnG0026366	0.0955921252033026	0.933542187385367
h1SMnG0026391	-0.273116513956776	0.841083083531141
h1SMnG0026405	-0.741810394301567	0.332043974116007
h1SMnG0026406	-0.860433085540386	0.165478763872623
h1SMnG0026407	-0.704363979579169	0.569735609081452
h1SMnG0026420	0.761342612157503	0.613237845877966
h1SMnG0026423	1.23857859643147	0.316550934914137
h1SMnG0026434	1.15548123591923	0.271909235090719
h1SMnG0026436	-0.953410583301291	0.0000612527967353398
h1SMnG0026437	-3.07837739437827	0.04218766285164
h1SMnG0026438	-0.0597444710810573	0.960926346525284
h1SMnG0026439	-0.929054972468339	0.27437533530996
h1SMnG0026444	0.95964165447854	0.514561471631075
h1SMnG0026464	2.08485020505296	0.179792287137543
h1SMnG0026490	-1.21889778197843	0.130341570624908
h1SMnG0026502	-1.38464067682515	0.314316043648141
h1SMnG0026505	-0.854817641883628	0.0000321229213133064
h1SMnG0026520	0.994870451221115	0.464584804385295
h1SMnG0026524	-0.849679736491019	0.379976883092694
h1SMnG0026525	-2.27246679826235	0.117224659153101
h1SMnG0026526	-0.304183073919283	0.857920240010227
h1SMnG0026536	-1.98170326557869	0.00000000000000000001429899645907
h1SMnG0026545	0.571497879819523	0.601556509175488
h1SMnG0026547	-2.55667349063997	0.0841389158272299
h1SMnG0026551	0.236990091892487	0.545107931365567
h1SMnG0026553	-0.573502190501227	0.659006364165029
h1SMnG0026554	2.0663438687759	0.0178901471371865
h1SMnG0026565	-1.07581308838005	0.0150163173357725
h1SMnG0026573	0.371436716780451	0.727166241088571
h1SMnG0026593	-1.29867438556919	0.0000412196251159138
h1SMnG0026594	-0.986117265218485	0.183686908032893
h1SMnG0026600	-1.02474944324356	0.000162849828112748
h1SMnG0026604	0.789198456960762	0.166590502362922
h1SMnG0026610	-0.628639720722335	0.363575362233208
h1SMnG0026617	1.09308866714068	0.399881409102429
h1SMnG0026619	1.17334909312898	0.274039155789127
h1SMnG0026627	-0.967219786298783	0.421903083991082
h1SMnG0026634	0.00708501016859815	0.992853022901528
h1SMnG0026642	-0.287632530716242	0.70890156417528
h1SMnG0026652	-0.0288195783253436	0.986479487456936
h1SMnG0026660	-2.94736926305943	0.0118681384859345
h1SMnG0026663	1.77006726679091	0.0749886494145613
h1SMnG0026664	-1.59622807929582	0.109508867040358
h1SMnG0026670	-3.48121861237605	0.0121742434416335
h1SMnG0026675	-1.13975099354612	0.000000000741371785180876
h1SMnG0026678	-1.27349170862605	0.000000000000602543070104413
h1SMnG0026682	-1.3695601572579	0.0000117656728356747
h1SMnG0026683	-1.79631233472425	0.147440965751122
h1SMnG0026684	-0.760675868320468	0.133193855449457
h1SMnG0026686	-3.60144780468661	0.00342641114996737
h1SMnG0026693	-4.22127936239292	0.0000593331941631235
h1SMnG0026697	-1.69133336026807	0.0000357299230747429
h1SMnG0026699	-1.02709181089604	0.000000085170500753897
h1SMnG0026701	-1.64205261360617	0.000154233407899426
h1SMnG0026705	-1.01866099937704	0.000026202457110472
h1SMnG0026709	0.0542026754953198	0.96951611640251
h1SMnG0026713	0.60628031290704	0.580365566294825
h1SMnG0026720	-2.27197303289432	0.1357828966268
h1SMnG0026722	-6.02933522384426	0.00000000896696653383137
h1SMnG0026727	1.07681025204872	0.506985664711905
h1SMnG0026729	-0.169166490970217	0.801357345312744
h1SMnG0026738	-2.68191382444584	0.0544424171479826
h1SMnG0026739	-0.875519166228868	0.514990423170269
h1SMnG0026748	0.572991831611511	0.764139762023921
h1SMnG0026788	-0.987268939992013	0.309978389988639
h1SMnG0026792	-2.35093706522214	0.116331216158162
h1SMnG0026796	-0.449216303488832	0.729679350050169
h1SMnG0026800	1.08022630790198	0.483687202639692
h1SMnG0026803	-0.97544933762184	0.558623204253863
h1SMnG0026804	1.77239904806623	0.0731827720848208
h1SMnG0026811	2.0477757136939	0.0125010976658947
h1SMnG0026821	1.01419289664735	0.243565083577282
h1SMnG0026823	-0.886426222605504	0.108532727916386
h1SMnG0026839	0.126302340087272	0.946494539258369
h1SMnG0026847	-1.80854457686227	0.284123319274996
h1SMnG0026858	1.65586390047605	0.0553314456504507
h1SMnG0026860	-0.300653035317662	0.804295669803709
h1SMnG0026865	-1.5871711412683	0.31019214157403
h1SMnG0026870	-0.292290766255109	0.802045004460332
h1SMnG0026888	1.80128865007479	0.00448386961285617
h1SMnG0026893	-1.31677700146303	0.00158062390842288
h1SMnG0026909	0.365728568314468	0.702408200915417
h1SMnG0026932	1.25442625323472	0.0354442418438937
h1SMnG0026943	0.584686060190586	0.32547394262952
h1SMnG0026952	-1.11857858319983	0.452066398828876
h1SMnG0026956	0.307708477247563	0.555342973131401
h1SMnG0026992	-1.70288323174206	0.131947677448152
h1SMnG0027005	-0.781583058358398	0.624481923294973
h1SMnG0027012	-1.05864722345956	0.483242650996552
h1SMnG0027013	-0.669900259677727	0.685149836900969
h1SMnG0027017	-0.313964120076181	0.747482611287141
h1SMnG0027018	-0.296545116476684	0.754648640131448
h1SMnG0027029	-2.29944178495303	0.0458499845373053
h1SMnG0027034	-1.99298850812331	0.168071481210452
h1SMnG0027035	-1.31698246833657	0.323016210652
h1SMnG0027045	2.51356655121938	0.0100590180138347
h1SMnG0027046	0.656349469352018	0.681285507732121
h1SMnG0027047	0.463998511523837	0.683558448385224
h1SMnG0027053	-0.933521165027436	0.600647712551855
h1SMnG0027081	1.04563413672631	0.000038686712161347
h1SMnG0027096	2.17642011124738	0.0173566892396097
h1SMnG0027107	0.602447620326727	0.722263185758952
h1SMnG0027122	0.233766658915221	0.741383710024705
h1SMnG0027126	-0.384766625026583	0.821610410869477
h1SMnG0027128	-0.338793828285015	0.781316126133409
h1SMnG0027153	0.761093325603916	0.540016653334087
h1SMnG0027170	-1.99221723886693	0.0262471640339952
h1SMnG0027194	-0.339433271717027	0.794821805891766
h1SMnG0027198	-1.04456625164439	0.360952043797448
h1SMnG0027199	-1.28463382870072	0.440550663440938
h1SMnG0027203	0.29644485523416	0.848560327997973
h1SMnG0027204	-0.367669582698251	0.718317633046443
h1SMnG0027215	-0.577613033412433	0.475256551077802
h1SMnG0027236	-2.19777601064752	0.172049893145117
h1SMnG0027269	-1.19507060453315	0.178675794690487
h1SMnG0027273	0.603477046681454	0.651485465208541
h1SMnG0027282	1.10913748577489	0.376645595146592
h1SMnG0027285	-0.525327646107274	0.250258943599171
h1SMnG0027289	-0.468561224923556	0.744994564927534
h1SMnG0027295	-0.654829511912527	0.00780247100667182
h1SMnG0027305	-0.139075437463295	0.903021183442473
h1SMnG0027307	-0.326769997307318	0.820429658993296
h1SMnG0027325	0.642581991424703	0.442177804740538
h1SMnG0027332	0.0138881721639237	0.990931047843409
h1SMnG0027334	-1.25594411909267	0.122812371277127
h1SMnG0027344	0.237512704737371	0.865169756633281
h1SMnG0027345	0.137090093223449	0.8565540745918
h1SMnG0027346	1.002776912774	0.505989950230399
h1SMnG0027347	0.946769594846329	0.441595548465354
h1SMnG0027348	0.0575576034900289	0.967290099317019
h1SMnG0027353	5.2523979704942	0.00000116041614168233
h1SMnG0027355	4.23723353564435	0.000533777715470702
h1SMnG0027360	-1.5625368890638	0.266694461504555
h1SMnG0027369	-1.28556732508345	0.400627476083771
h1SMnG0027375	-0.142427007154228	0.924302506363834
h1SMnG0027386	-1.76698469628343	0.0409677328359862
h1SMnG0027394	-0.478246251678399	0.426877194861787
h1SMnG0027398	-1.65448633682722	0.311086925731354
h1SMnG0027401	-1.2861308819379	0.167442327171429
h1SMnG0027414	-1.57543230183684	0.0000582517125433185
h1SMnG0027415	-1.86629916766193	0.12891548703452
h1SMnG0027417	2.2072301451271	0.0341418720217541
h1SMnG0027424	-1.89178270002676	0.0036417851991506
h1SMnG0027435	-0.545127016830385	0.633077193855528
h1SMnG0027436	-1.69379228297377	0.00926285239844796
h1SMnG0027448	0.620124718400534	0.554494547518713
h1SMnG0027450	0.644332467426848	0.330219967594126
h1SMnG0027464	-0.921414731211416	0.545551683375459
h1SMnG0027467	0.576499287023841	0.523609370546436
h1SMnG0027482	-0.677038274947891	0.650308974719697
h1SMnG0027489	1.04679933428612	0.380462363878814
h1SMnG0027493	-0.656244044921023	0.290820867450802
h1SMnG0027494	0.598541140543058	0.569646075691724
h1SMnG0027506	5.3253611105132	0.0000458657766656208
h1SMnG0027509	-0.568471550458865	0.625950124935286
h1SMnG0027510	-0.0121289507848953	0.992627809828097
h1SMnG0027516	0.14387961426888	0.814501641386907
h1SMnG0027518	-0.866223082525658	0.613080697445741
h1SMnG0027522	-0.461517283955902	0.789012866337677
h1SMnG0027529	0.647345044115845	0.219589267089448
h1SMnG0027537	1.37677458961226	0.0140356585863837
h1SMnG0027553	-2.26708489178342	0.15200057897123
h1SMnG0027590	-3.14455919494897	0.0000276598012710146
h1SMnG0027625	0.831070163410046	0.356553033741551
h1SMnG0027629	-0.316567693871831	0.711446580387538
h1SMnG0027630	-0.321800584469127	0.657023729151312
h1SMnG0027634	-0.408583761422616	0.629367049120743
h1SMnG0027656	-1.7744876742955	0.246003455999012
h1SMnG0027668	-1.25275064852882	0.00672804645764444
h1SMnG0027670	-0.914286632155069	0.552574958205101
h1SMnG0027697	-0.775832184625226	0.403342248283742
h1SMnG0027715	0.092861330794451	0.95737246174469
h1SMnG0027719	-2.60409372720816	0.0362431719621381
h1SMnG0027738	-1.09001522265007	0.19368140037923
h1SMnG0027750	0.346247352288938	0.680675011791841
h1SMnG0027751	-0.655306478596773	0.719261171735588
h1SMnG0027769	3.44649293222934	0.0000000229474497939397
h1SMnG0027780	-2.07155543501606	0.170927588520711
h1SMnG0027788	0.536788698269983	0.701367326938915
h1SMnG0027792	0.411455542159264	0.749128918859145
h1SMnG0027799	0.17253919501209	0.865100726761441
h1SMnG0027807	-1.79056973107788	0.0000985430234859466
h1SMnG0027849	0.549451257249909	0.616626286454805
h1SMnG0027850	1.83301719813736	0.000172785386238371
h1SMnG0027851	-1.35188148030833	0.284023527028169
h1SMnG0027855	-0.309722343125493	0.735926797813889
h1SMnG0027858	-1.60209849073938	0.299705791690084
h1SMnG0027863	0.597775412671117	0.6272409876518
h1SMnG0027868	-0.556036621097534	0.399405593163651
h1SMnG0027878	0.427895456071121	0.650240254015205
h1SMnG0027890	0.0452139443322224	0.964591542222918
h1SMnG0027899	-0.473081531169271	0.596066915275824
h1SMnG0027910	-0.904254445731191	0.120476682214402
h1SMnG0027915	0.53475229922167	0.350076382273404
h1SMnG0027916	0.03204468793439	0.955140136468938
h1SMnG0027917	-0.0790633333380918	0.921721986570608
h1SMnG0027919	-0.565934463402714	0.269875556610235
h1SMnG0027920	0.276281679823018	0.685076377313818
h1SMnG0027921	0.427341392359089	0.610271347876366
h1SMnG0027925	1.01516619461851	0.501538519895494
h1SMnG0027926	1.3272118174424	0.00623189785546761
h1SMnG0027928	1.00226979550228	0.512671733577284
h1SMnG0027938	2.37311732696354	0.0247493617939113
h1SMnG0027949	-0.797397608287353	0.346384213995764
h1SMnG0027952	-0.963508586188031	0.245426620551527
h1SMnG0027964	1.23763410718315	0.274039155789127
h1SMnG0027967	4.94790787398167	0.0000738876859860887
h1SMnG0027968	0.271359655153391	0.79143663688414
h1SMnG0027974	-0.718075328255116	0.576518427611772
h1SMnG0027976	-3.21010501470461	0.00329526449676901
h1SMnG0027989	-0.345342235161038	0.60120253374356
h1SMnG0027990	-0.581562564378573	0.117098265040617
h1SMnG0027991	-1.12978486525003	0.170495862848067
h1SMnG0028003	-0.152110706194575	0.931690903794624
h1SMnG0028014	-0.7618715678314	0.559262295792653
h1SMnG0028016	-2.35542180465212	0.00174892663676134
h1SMnG0028018	-2.42098088101986	0.0999866313320957
h1SMnG0028028	0.370505061997375	0.804359710071742
h1SMnG0028029	-0.0304513722551789	0.985839693144903
h1SMnG0028037	-0.8417048560263	0.49533913716234
h1SMnG0028038	-0.812405261844068	0.494967554883582
h1SMnG0028044	3.44756588213671	0.000239972793417791
h1SMnG0028057	-1.36796424731244	0.332594805309621
h1SMnG0028064	-2.00393095782744	0.15642511302344
h1SMnG0028077	1.07351474124177	0.17370432786951
h1SMnG0028078	2.27932284506501	0.00115223002944182
h1SMnG0028081	1.16630258517712	0.190793242604819
h1SMnG0028082	-0.708251704994112	0.108281531683287
h1SMnG0028084	4.30986640523524	0.000910974895004669
h1SMnG0028094	-1.48562684005385	0.35685379842845
h1SMnG0028098	-0.394172978519826	0.588217024832701
h1SMnG0028110	0.0721127137548323	0.973068658074923
h1SMnG0028117	-1.34764666360987	0.0000010265522878647
h1SMnG0028118	-1.73644614767343	0.103186845228814
h1SMnG0028126	-1.58011272633516	0.000000000000306489249113941
h1SMnG0028127	-1.74447801093695	0.0123086864208043
h1SMnG0028158	0.680415932015785	0.697192414532071
h1SMnG0028163	-2.665102336515	0.0391174923928148
h1SMnG0028181	0.408225901316216	0.717366480299907
h1SMnG0028195	-0.547551809149375	0.513651536760523
h1SMnG0028196	-1.28150373207545	0.269216321976461
h1SMnG0028197	-1.03978667945443	0.0624167368585823
h1SMnG0028198	-0.885634309718163	0.371414413753311
h1SMnG0028199	-0.805862991616993	0.398542221617138
h1SMnG0028203	-1.10883472943625	0.0865329176870365
h1SMnG0028205	-0.843169246081807	0.11265718895843
h1SMnG0028214	-1.02946297449167	0.489842507704748
h1SMnG0028218	-1.29805607526333	0.137373253771686
h1SMnG0028231	-0.184492694759581	0.904971404785742
h1SMnG0028235	-0.642456235170572	0.168658026431799
h1SMnG0028236	-1.36654209130996	0.178651043950722
h1SMnG0028237	-1.62740573478695	0.220543950517141
h1SMnG0028238	-2.13244351628758	0.185471723852596
h1SMnG0028241	-1.2595158212946	0.0735036285704626
h1SMnG0028242	-1.02166293785614	0.34618084488907
h1SMnG0028246	-1.54244004963972	0.180217643569478
h1SMnG0028247	-1.02794659013199	0.198320678314029
h1SMnG0028248	0.0880975458695476	0.948894300702629
h1SMnG0028249	-0.0014007911173029	0.99941752941691
h1SMnG0028250	-0.000740090379995624	0.999579649540154
h1SMnG0028251	-0.14848099899032	0.904931341082187
h1SMnG0028252	-0.375689307950897	0.643693123072983
h1SMnG0028253	-1.28043696778237	0.474868288122795
h1SMnG0028254	-0.212375132035187	0.688714937587181
h1SMnG0028256	-0.711675540192595	0.322267104111941
h1SMnG0028257	-0.205184653971113	0.89339885881362
h1SMnG0028260	1.1039949928731	0.533251388026146
h1SMnG0028279	-3.39737600603095	0.000291293306058198
h1SMnG0028281	-0.863601188735897	0.337184306058689
h1SMnG0028290	3.84666726595573	0.000000485850940154224
h1SMnG0028309	-1.39978307091761	0.337844650608071
h1SMnG0028316	2.11525450678865	0.0630532451190652
h1SMnG0028338	-0.497238229503045	0.760661258820858
h1SMnG0028341	3.57053666686414	0.0000000000809748685256398
h1SMnG0028342	0.155381816448177	0.883971652121301
h1SMnG0028387	0.871438994341602	0.525475536349789
h1SMnG0028404	-2.63895267601979	0.00000000000483372492863475
h1SMnG0028408	-0.384305063503806	0.830042529532765
h1SMnG0028411	-0.683470228296312	0.0241266189717994
h1SMnG0028414	-1.05909200436874	0.374467499126111
h1SMnG0028415	-0.262511460664764	0.836032472007748
h1SMnG0028417	-0.317559510602403	0.698311681640562
h1SMnG0028418	-0.833285971764624	0.455097441498115
h1SMnG0028432	-1.01871961282357	0.560347383243465
h1SMnG0028439	-0.510663359985051	0.769876573941232
h1SMnG0028443	1.44931630434159	0.188762557357856
h1SMnG0028451	-0.202123097935857	0.87207899299052
h1SMnG0028456	-0.120136430999588	0.926764477887508
h1SMnG0028465	4.25707804721943	0.0000876715942151971
h1SMnG0028466	0.529142230126348	0.706683091366167
h1SMnG0028470	-1.16930025856278	0.184330247038914
h1SMnG0028471	-1.03246567065665	0.257546344387797
h1SMnG0028476	-1.04592255908044	0.508365948571725
h1SMnG0028480	0.13576607667062	0.902372439750196
h1SMnG0028490	1.01827752127366	0.436723456356802
h1SMnG0028499	-0.133996424392187	0.897350230800919
h1SMnG0028504	-1.30324854706255	0.435160727270783
h1SMnG0028515	-0.486614972130523	0.0309695443204252
h1SMnG0028516	-0.63295586777976	0.449081345448751
h1SMnG0028518	-0.550837480716187	0.642130834439059
h1SMnG0028519	-0.38282529791002	0.31699049036617
h1SMnG0028520	0.123920366853374	0.942866517351225
h1SMnG0028521	-0.920907288371546	0.0510759193937018
h1SMnG0028528	-0.0357504797619273	0.984428103434802
h1SMnG0028532	3.38916549854782	0.000000129065019770505
h1SMnG0028534	0.944464755938292	0.507750210451048
h1SMnG0028535	0.758699132868308	0.482169331700997
h1SMnG0028540	0.915337342681124	0.549823995435001
h1SMnG0028544	1.49749269875556	0.034646973829759
h1SMnG0028545	-0.168561991620334	0.856641497515587
h1SMnG0028552	-0.11880308812617	0.934075508878357
h1SMnG0028557	-0.578362738961797	0.642221791633843
h1SMnG0028564	-0.816603973686504	0.364094505818967
h1SMnG0028565	-0.17573886820568	0.841671211227173
h1SMnG0028574	-0.529855473339174	0.450514077882351
h1SMnG0028576	0.189625561255839	0.823486100377618
h1SMnG0028577	0.202303901260058	0.62264734110469
h1SMnG0028578	-2.51672472384391	0.0343083013473095
h1SMnG0028583	-0.523568771997617	0.567553717081157
h1SMnG0028592	0.101612078078163	0.897389190585235
h1SMnG0028594	0.0386459541719978	0.929757070920889
h1SMnG0028601	-1.0504669079753	0.563142770292702
h1SMnG0028604	0.0632448990498277	0.946339838684471
h1SMnG0028605	-0.287657863777675	0.733345834234399
h1SMnG0028608	3.33112532918091	0.000498684064790184
h1SMnG0028610	0.69366455021413	0.567130559660282
h1SMnG0028629	1.63651730749101	0.180433444459414
h1SMnG0028631	-1.66977577250484	0.280392548526698
h1SMnG0028643	-1.10848726839989	0.527915273560511
h1SMnG0028672	-1.83103820945151	0.283386909907493
h1SMnG0028677	0.0161171862859862	0.980999582281918
h1SMnG0028694	-0.977866832567938	0.0119991348906012
h1SMnG0028699	4.71864677156755	0.0000000229474497939397
h1SMnG0028708	5.48800978639036	0.000000408120021655098
h1SMnG0028724	-0.751643038311316	0.502514862347118
h1SMnG0028755	2.54251168008985	0.00313489347385498
h1SMnG0028758	0.281341781787172	0.828020511527929
h1SMnG0028796	-0.0189153496532268	0.980874063127636
h1SMnG0028799	-0.0568116213633854	0.963400871797391
h1SMnG0028810	-0.930225945689274	0.467402053771095
h1SMnG0028819	-0.373476496077811	0.331185260856795
h1SMnG0028820	-1.02938096284547	0.276345139991467
h1SMnG0028824	0.100078953991238	0.904848826011104
h1SMnG0028843	-0.116400524220446	0.946108779273635
h1SMnG0028853	0.748550351644763	0.418891436625171
h1SMnG0028888	0.447561330471432	0.684467753404879
h1SMnG0028890	0.0117697784862538	0.991695630751708
h1SMnG0028891	0.0651510336994364	0.929014113164993
h1SMnG0028895	7.36982179528398	0.000000000029333720669322
h1SMnG0028914	0.0826008712105704	0.960966993699429
h1SMnG0028918	-0.0147069808726463	0.992699217309455
h1SMnG0028925	-0.149603172118852	0.91202858928514
h1SMnG0028931	0.46016258150368	0.693165212729486
h1SMnG0028943	0.355201843138856	0.737867618150439
h1SMnG0028948	1.03353109460993	0.426234931631265
h1SMnG0028957	0.373232812934632	0.811458059668981
h1SMnG0028958	-1.25428229485487	0.27262087569323
h1SMnG0028969	-0.219081306031688	0.767798352635802
h1SMnG0028970	0.140047792800684	0.868809925964138
h1SMnG0028978	2.72187656200151	0.00485432936073892
h1SMnG0028980	0.159542928429461	0.8965850676851
h1SMnG0028982	0.931907922355413	0.408313864879949
h1SMnG0028983	-1.05858426729727	0.293013281920838
h1SMnG0029012	-1.12942518763681	0.337844650608071
h1SMnG0029014	-2.08333980314465	0.00873280932289405
h1SMnG0029021	-0.819151686376016	0.387289764210278
h1SMnG0029023	-0.964863071108155	0.565851181658579
h1SMnG0029041	0.0661442458649274	0.947402500336293
h1SMnG0029051	2.86815388512857	0.00149195950338319
h1SMnG0029061	0.908263324030964	0.373398594664514
h1SMnG0029073	-1.69894221643301	0.000000366127916770992
h1SMnG0029075	-1.81351671946041	0.0122308051368633
h1SMnG0029079	2.89220460504413	0.0000000640219458993097
h1SMnG0029087	0.302683567240233	0.825474766371653
h1SMnG0029098	3.24643348455291	0.0000986988572281911
h1SMnG0029105	-2.38336346680678	0.0368878780337596
h1SMnG0029114	-2.05348002103505	0.154784293737901
h1SMnG0029115	0.0551146363651252	0.969279043668149
h1SMnG0029116	0.438509432648823	0.779862220568957
h1SMnG0029126	-1.93275306883305	0.205476066490854
h1SMnG0029141	-1.4250770830035	0.128939781450894
h1SMnG0029144	-0.393493854166815	0.808473801528825
h1SMnG0029147	0.251210008006818	0.83950457474115
h1SMnG0029179	0.854841626692554	0.363698293027927
h1SMnG0029183	0.193135258189811	0.898186141178554
h1SMnG0029200	-1.71722979956134	0.212631824573655
h1SMnG0029202	-2.79606626911278	0.0810999623709381
h1SMnG0029203	-0.957681643740973	0.319225260608673
h1SMnG0029204	-0.778967127677748	0.243984407530007
h1SMnG0029206	2.59632840741553	0.00070116539176929
h1SMnG0029207	-1.32245567809369	0.177024910288489
h1SMnG0029208	-2.66415168189943	0.0573138069157673
h1SMnG0029221	-0.855646326099125	0.000109571853762789
h1SMnG0029223	-0.364412316812074	0.686731749111393
h1SMnG0029224	-0.826281911597793	0.308160956062191
h1SMnG0029225	-1.69445116118897	0.0866730504860565
h1SMnG0029227	-0.594044766571196	0.51390467005527
h1SMnG0029228	-0.202201375711134	0.823335184260299
h1SMnG0029233	-1.16034479241054	0.501058972345859
h1SMnG0029243	-1.06567741071519	0.347155816266929
h1SMnG0029247	-2.07921182726742	0.211697942701705
h1SMnG0029249	0.668928932048316	0.430881069708291
h1SMnG0029264	-0.639381890811184	0.708947928157951
h1SMnG0029270	4.41236518443435	0.0000432587742412402
h1SMnG0029275	-0.598174284145508	0.518993369777218
h1SMnG0029291	-1.23730687909214	0.375843274518646
h1SMnG0029309	0.965868010955198	0.436098265675527
h1SMnG0029328	0.646194109202191	0.691428768745132
h1SMnG0029341	1.10086497569674	0.311048150442743
h1SMnG0029369	-0.0908019914503773	0.952166661170338
h1SMnG0029376	0.913116590886876	0.0655559701667769
h1SMnG0029377	3.90606476601399	0.0000262695695718614
h1SMnG0029390	-0.911019093642907	0.322470954027075
h1SMnG0029400	0.478660705056886	0.625343866014105
h1SMnG0029405	-0.19653390389668	0.821888918859762
h1SMnG0029408	1.12309485706818	0.34876924217532
h1SMnG0029416	0.0358470724644274	0.986990954401888
h1SMnG0029419	-0.642719259688788	0.702359058553739
h1SMnG0029420	1.13747705911832	0.232908533830029
h1SMnG0029425	-1.35215253923168	0.362022054321617
h1SMnG0029445	-1.09060831757915	0.215818360828615
h1SMnG0029452	3.81426072723486	0.000311871013532454
h1SMnG0029455	-1.07145514555975	0.0857969754481632
h1SMnG0029458	-0.195231389702512	0.88538933581668
h1SMnG0029459	-0.957240206425765	0.127109155277658
h1SMnG0029473	0.422091422788457	0.546993321879213
h1SMnG0029477	-0.488746488009495	0.723325952887248
h1SMnG0029487	0.299703211720958	0.803131710350017
h1SMnG0029504	0.175504256582055	0.858513562861242
h1SMnG0029505	-0.621704303886355	0.325149189326627
h1SMnG0029506	-0.887608117383572	0.289766708193817
h1SMnG0029508	-0.31974696486115	0.860664938585485
h1SMnG0029511	-0.0651181082144336	0.971177026594264
h1SMnG0029543	-0.498641518839808	0.142300695318824
h1SMnG0029544	-0.704259632739956	0.445413508672803
h1SMnG0029567	-0.470649001027362	0.729490591300694
h1SMnG0029572	4.01817005761019	0.00000000000119515190610749
h1SMnG0029581	0.631738243269503	0.455685417821972
h1SMnG0029585	-0.739805512884917	0.018297549387002
h1SMnG0029605	-1.24589605454404	0.433411410897923
h1SMnG0029614	-0.225501179269541	0.397440934600687
h1SMnG0029615	0.224460100872639	0.871626109628871
h1SMnG0029621	1.42374208865409	0.0738352095404379
h1SMnG0029649	0.537201491005523	0.736628770233871
h1SMnG0029664	-0.0664114333474622	0.944819260703697
h1SMnG0029668	0.110826942400971	0.9485283406534
h1SMnG0029680	-1.34529767866384	0.237842596268761
h1SMnG0029685	0.886285913227781	0.299355842682008
h1SMnG0029688	-0.288088328477587	0.728687250128005
h1SMnG0029695	1.74905171485679	0.00724356956546771
h1SMnG0029696	1.63887476541936	0.0353722596546748
h1SMnG0029711	-0.773956083071476	0.130842451929649
h1SMnG0029723	-2.96842609284741	0.0573310453569129
h1SMnG0029737	-1.99641660197096	0.156076681324564
h1SMnG0029738	-0.362330389236044	0.793673120532223
h1SMnG0029739	-0.50539475751161	0.0645934730839685
h1SMnG0029746	-0.71324520600811	0.44292981606719
h1SMnG0029752	1.41335215681246	0.000000231262613141986
h1SMnG0029755	-1.37720837087575	0.40030954875387
h1SMnG0029758	-1.84858407895195	0.000118530128578758
h1SMnG0029759	-1.10928814412908	0.451614326855019
h1SMnG0029769	0.0731970178667658	0.956337187444009
h1SMnG0029797	-2.56112465718408	0.111425489193367
h1SMnG0029806	-2.39114827187132	0.120309854099974
h1SMnG0029819	-0.939317908882447	0.540016653334087
h1SMnG0029826	0.265777519866923	0.66851721835889
h1SMnG0029834	-0.861532216312566	0.538882314236591
h1SMnG0029841	-1.90056383059601	0.0933510731288685
h1SMnG0029846	-2.03538682659378	0.174508369958051
h1SMnG0029848	-2.43390022678031	0.104898550259245
h1SMnG0029849	1.72584784345352	0.0076997352756226
h1SMnG0029878	-0.36652808653961	0.775581566286683
h1SMnG0029899	-0.38929067790993	0.792122066019224
h1SMnG0029906	0.699529971970531	0.693257022830339
h1SMnG0029958	-0.22015650427053	0.8845208772006
h1SMnG0029959	-1.17424014279988	0.236465990419448
h1SMnG0029960	0.642112548986779	0.315688333965261
h1SMnG0029964	-2.87171689273805	0.0724019799954432
h1SMnG0029967	-1.67094826985282	0.143933616760695
h1SMnG0029987	-1.20231716822983	0.439669180369283
h1SMnG0029998	-1.34661719361434	0.422568468576809
h1SMnG0030001	0.238030769247069	0.814148190843183
h1SMnG0030012	-0.889510931993226	0.566073430748278
h1SMnG0030014	-0.963398701286216	0.3170819971585
h1SMnG0030032	1.69082351354965	0.171093393125169
h1SMnG0030053	-2.00759546871702	0.117200916901477
h1SMnG0030055	-1.50524099621443	0.0348555177269091
h1SMnG0030080	0.524597478629906	0.563207723613383
h1SMnG0030091	1.34308054545581	0.120700203702666
h1SMnG0030106	1.03143253657433	0.276715461792257
h1SMnG0030124	-0.485489660797353	0.290703062079568
h1SMnG0030147	-1.08883072634918	0.442120087070833
h1SMnG0030150	1.75612032616285	0.235157785828157
h1SMnG0030164	0.597881304059761	0.547367533095737
h1SMnG0030173	1.72505904985154	0.181612260417459
h1SMnG0030182	-1.70797267795583	0.219545297558028
h1SMnG0030196	1.03086054576725	0.408151637478964
h1SMnG0030200	-1.47248238286204	0.36738414705023
h1SMnG0030201	0.0351958159030644	0.982459229502472
h1SMnG0030233	-1.37060090756459	0.238843800939512
h1SMnG0030283	0.493567808246228	0.496342566826292
h1SMnG0030286	-0.597776664408754	0.654418278589254
h1SMnG0030298	-0.803005265855724	0.627938238608549
h1SMnG0030307	-0.71868492530667	0.537686564217897
h1SMnG0030309	-0.992898855993718	0.369292594807619
h1SMnG0030312	-2.82375273826737	0.018788416932467
h1SMnG0030318	-2.01366001612342	0.0930485647858587
h1SMnG0030353	-0.941917079565095	0.527499621200329
h1SMnG0030354	-0.876666921812652	0.00200596332886215
h1SMnG0030357	-3.07856713384532	0.00390289704013667
h1SMnG0030358	-0.542810524428381	0.643693123072983
h1SMnG0030360	-2.15961259849928	0.0498972402892764
h1SMnG0030361	-0.63995519600323	0.567885794079718
h1SMnG0030362	-0.153074477776312	0.89473782468793
h1SMnG0030363	-0.797982189818639	0.558819201099868
h1SMnG0030376	-1.43952326622217	0.307685896679346
h1SMnG0030385	-1.09890555126335	0.31753018040833
h1SMnG0030391	0.00109474141264857	0.999612918745415
h1SMnG0030401	-1.75405838376985	0.0000133066813193428
h1SMnG0030404	-1.38419710562217	0.276377281172637
h1SMnG0030406	-0.740223912223054	0.374782573368856
h1SMnG0030407	-0.776198268306166	0.218793615901775
h1SMnG0030412	-0.792762689206989	0.000501855625468876
h1SMnG0030413	-1.27987603015022	0.122619082507804
h1SMnG0030414	-1.13477304353242	0.0715525388576942
h1SMnG0030416	-3.03093389387429	0.0149616385370785
h1SMnG0030418	1.90391712671612	0.00746018539756395
h1SMnG0030432	-0.586055258871868	0.37722721753091
h1SMnG0030450	-0.819321593925123	0.0012775463671291
h1SMnG0030489	-1.3543996299699	0.095423866428723
h1SMnG0030496	-2.37892486246105	0.123338794413052
h1SMnG0030498	0.134437631141732	0.812272229043984
h1SMnG0030502	4.22241230807348	0.0000000341266143075868
h1SMnG0030524	-0.463641155080633	0.248526407087125
h1SMnG0030542	-0.0758645816161613	0.959996378097499
h1SMnG0030544	0.337456960830417	0.854582178571724
h1SMnG0030556	0.121344609978693	0.862493051197077
h1SMnG0030557	0.374387798299688	0.779928840094544
h1SMnG0030559	-3.06606091792798	0.0436266080196446
h1SMnG0030561	1.54165112446019	0.0203189667628397
h1SMnG0030566	0.834270658480034	0.123697650722188
h1SMnG0030567	0.134540856053663	0.883207569308276
h1SMnG0030568	0.486952206925637	0.533606813924514
h1SMnG0030573	-0.987987218106806	0.451755963704341
h1SMnG0030576	-2.5772356861824	0.0499361336074378
h1SMnG0030577	-0.835995505868087	0.34028968641683
h1SMnG0030578	-1.37283910521509	0.0000873819456109332
h1SMnG0030579	-1.06074201145827	0.360631450110407
h1SMnG0030592	-0.692656979722408	0.00363804828096156
h1SMnG0030593	-0.0469871690018513	0.974554827176592
h1SMnG0030594	-0.179338271866361	0.878548725605501
h1SMnG0030595	-0.244645850589148	0.741271775592717
h1SMnG0030596	0.436546566718633	0.651672808912519
h1SMnG0030600	-0.305732881365268	0.840309530983378
h1SMnG0030606	-2.31642887881646	0.0797413436552449
h1SMnG0030620	3.07965732278362	0.00614293135905378
h1SMnG0030621	0.639926485982377	0.164776958165381
h1SMnG0030626	-2.82087436460318	0.0675420968792362
h1SMnG0030631	1.81640827321695	0.00022677595782665
h1SMnG0030636	0.29891449909724	0.7644935160969
h1SMnG0030644	-1.9703478554115	0.231310470738
h1SMnG0030645	-1.04391499958947	0.28848621922263
h1SMnG0030646	-2.31221548910447	0.0593589217719534
h1SMnG0030647	-0.854123255398005	0.0887952491367733
h1SMnG0030648	-1.11591997392479	0.010355762246299
h1SMnG0030650	1.34734742949124	0.242782354167086
h1SMnG0030654	0.945464710475615	0.013925679099626
h1SMnG0030658	-2.45834463461055	0.096441241471945
h1SMnG0030665	-1.26754191162206	0.00000360424289466754
h1SMnG0030669	-2.13894499569296	0.121983028573372
h1SMnG0030677	-1.21623560608288	0.466705459793581
h1SMnG0030693	-0.705242457893672	0.490920467756228
h1SMnG0030695	-2.02717039082103	0.211716536128027
h1SMnG0030698	0.444029380919799	0.234427085467597
h1SMnG0030699	-0.00833846216936662	0.994186797384208
h1SMnG0030700	-0.416795137054353	0.602350345799582
h1SMnG0030701	0.515535708039113	0.464584804385295
h1SMnG0030708	-0.809795021091226	0.000110277972384212
h1SMnG0030710	-0.425794495599097	0.461697409554992
h1SMnG0030711	-0.566970336656139	0.312118664328139
h1SMnG0030712	-1.26409734390249	0.047689097319631
h1SMnG0030716	-0.432424839191005	0.646900486082544
h1SMnG0030722	-1.11813183400503	0.548303462430172
h1SMnG0030727	-1.1186756101669	0.441161706981157
h1SMnG0030731	-0.958236829280915	0.595284251217667
h1SMnG0030740	-0.740388596407909	0.125429519260508
h1SMnG0030748	-0.279817469325665	0.266131222121039
h1SMnG0030750	-0.89912576806686	0.326987863106125
h1SMnG0030758	-1.09117891714407	0.529689009977272
h1SMnG0030760	0.218010954700112	0.890911732948738
h1SMnG0030761	-1.42352342228818	0.282932128881968
h1SMnG0030764	-0.454745220556415	0.667926018192652
h1SMnG0030765	-1.68484225229444	0.111801399424984
h1SMnG0030766	-1.20971742482884	0.00703464738447652
h1SMnG0030767	-1.40379238572061	0.33390833502608
h1SMnG0030768	-1.3802563749177	0.000692821243027051
h1SMnG0030775	-0.256330557771799	0.873889550061922
h1SMnG0030778	-0.884509336699948	0.309176716701768
h1SMnG0030788	-0.720975290053395	0.30508163180388
h1SMnG0030789	-0.667355639790757	0.166324403918558
h1SMnG0030792	-2.367336052638	0.0007380877683293
h1SMnG0030793	-2.13202636651382	0.0909291948532932
h1SMnG0030794	-0.10958625569362	0.934835711440963
h1SMnG0030795	-1.10726185837816	0.352105192262745
h1SMnG0030797	-1.32757356036959	0.00165917156099028
h1SMnG0030798	3.23866903120492	0.0000000000245046832677139
h1SMnG0030813	-0.226285662920645	0.868508578737321
h1SMnG0030822	-2.63280835300184	0.0000000000000000320087189806498
h1SMnG0030823	-2.34658396441591	0.00113645656889731
h1SMnG0030824	-3.70920109003361	0.00525570375675013
h1SMnG0030826	0.0635469297941037	0.968995664397632
h1SMnG0030831	0.939884985399537	0.384403608742453
h1SMnG0030836	-1.75755621337569	0.000000000000000586243828334306
h1SMnG0030837	-0.699684405195435	0.292620109187985
h1SMnG0030838	-2.06882955201528	0.000228544310538479
h1SMnG0030840	-1.45928648523747	0.206420102817155
h1SMnG0030846	-1.38890200572142	0.00000000322175359478952
h1SMnG0030847	-1.67484039895804	0.0580042114294642
h1SMnG0030849	0.137043473797986	0.927301083810048
h1SMnG0030857	-0.526395686682709	0.108708016898702
h1SMnG0030859	-2.73003174706318	0.0972842002919815
h1SMnG0030862	-4.05700329912109	0.000536819293959719
h1SMnG0030864	-2.53381277257175	0.0886485326072441
h1SMnG0030879	0.458340984893449	0.627681837636718
h1SMnG0030883	-0.576678672545019	0.20080279392809
h1SMnG0030887	-1.25058237575254	0.00659428906756408
h1SMnG0030888	-1.1595282111598	0.075513231397394
h1SMnG0030889	-1.55799974110386	0.0276219243109867
h1SMnG0030890	-1.22019280519945	0.0990181293282568
h1SMnG0030894	-1.22254675934973	0.00000263853033363383
h1SMnG0030895	-1.84121785329662	0.153536508611759
h1SMnG0030896	-1.3264460674343	0.126896366067271
h1SMnG0030902	-0.809676938356557	0.00354973915046891
h1SMnG0030903	-0.665249806366257	0.522748880452274
h1SMnG0030904	-0.684996995398213	0.35505701668575
h1SMnG0030905	-0.234024514281046	0.842866862623344
h1SMnG0030906	-1.54864595888614	0.157248619037866
h1SMnG0030910	-4.17347835858492	0.0000933825535624738
h1SMnG0030916	-4.25508304595654	0.000116239386657589
h1SMnG0030917	0.0153241926455426	0.992853022901528
h1SMnG0030918	-1.21738000070243	0.150798951857343
h1SMnG0030921	-1.27506101402826	0.155045125886545
h1SMnG0030923	-0.749560994454218	0.350097398188428
h1SMnG0030930	0.0913285796584927	0.8965850676851
h1SMnG0030931	1.2706329502168	0.336726595649711
h1SMnG0030936	-4.40636735338327	0.0000971484892365361
h1SMnG0030939	1.12142899220819	0.488944526376368
h1SMnG0030940	0.664508580643094	0.57711267728077
h1SMnG0030941	-0.243585049545098	0.872837854821101
h1SMnG0030942	0.0457689812245725	0.964472331468358
h1SMnG0030955	-3.32039954649338	0.0207906357742547
h1SMnG0030972	-0.118088853485459	0.913923733807678
h1SMnG0030973	0.533670396005105	0.676605906161263
h1SMnG0030987	-1.64105949223155	0.166156551779692
h1SMnG0030989	-2.43035893576057	0.0196080349952135
h1SMnG0030990	-1.08171921815377	0.335786901445148
h1SMnG0030991	-0.809084268303158	0.57209139835043
h1SMnG0030992	-0.309439464044249	0.735805166624906
h1SMnG0030993	0.0674506286379254	0.952004207345112
h1SMnG0030997	-2.11664696776874	0.134870526048998
h1SMnG0031004	-1.0702871077173	0.302103920504675
h1SMnG0031012	-1.02498692539272	0.0954720694999166
h1SMnG0031022	-0.644377402758982	0.00436844824330742
h1SMnG0031030	-1.39241240791494	0.386304816718367
h1SMnG0031034	-0.0461303676268463	0.964881656254183
h1SMnG0031035	-0.890540408920559	0.220595183866424
h1SMnG0031036	-0.743257275810467	0.616626286454805
h1SMnG0031037	-1.42857738086906	0.25308396557968
h1SMnG0031038	-1.19784824663402	0.0200516602548492
h1SMnG0031040	-0.577818167823814	0.197057129850326
h1SMnG0031041	0.709396097570877	0.297003938434189
h1SMnG0031043	0.121839813326503	0.92057513486808
h1SMnG0031048	-1.2514813395016	0.00000189066172303036
h1SMnG0031050	-0.973278091385216	0.260245848769292
h1SMnG0031052	-1.32347727261966	0.15652164061475
h1SMnG0031056	-1.27577884965583	0.0000000120389185521113
h1SMnG0031057	-1.51724849442799	0.000716061309406495
h1SMnG0031058	-2.03532670044197	0.0601328237172243
h1SMnG0031059	-0.991371464309042	0.543621561721723
h1SMnG0031062	1.81428771768396	0.0185012542827868
h1SMnG0031073	-3.27170861025213	0.0000000512561532459733
h1SMnG0031075	-1.98287050028191	0.239137612894721
h1SMnG0031076	-0.850616628182183	0.415586052667266
h1SMnG0031082	-1.90349646615046	0.00000000994667321617272
h1SMnG0031084	-1.80361335945036	0.215218976219983
h1SMnG0031092	-0.407081303802554	0.634622950819632
h1SMnG0031093	-0.992915120431443	0.0372651276597459
h1SMnG0031105	-1.11631148885839	0.512239930621945
h1SMnG0031106	-1.01938631875394	0.119879255624853
h1SMnG0031114	-0.601196296772107	0.13500702952133
h1SMnG0031116	-0.734406487446932	0.451406981620851
h1SMnG0031123	-1.5389056641003	0.0121739575579245
h1SMnG0031125	-0.413389857263337	0.623406403194152
h1SMnG0031132	1.13107770391582	0.164432980670183
h1SMnG0031136	-0.955752918221203	0.441429680985597
h1SMnG0031151	-0.671496659916547	0.463989718430907
h1SMnG0031152	-0.221378355969175	0.381135393944394
h1SMnG0031153	-0.879976625263884	0.0770078541931259
h1SMnG0031156	0.555450787687814	0.284361420543909
h1SMnG0031157	0.693107315371624	0.576656436381801
h1SMnG0031158	-0.213182042348614	0.863109282479673
h1SMnG0031165	-2.4987806358697	0.0914481997666473
h1SMnG0031174	-0.421671043448503	0.79196512311896
h1SMnG0031175	-0.218215326398434	0.80747779763772
h1SMnG0031178	1.64673199291138	0.117948899563179
h1SMnG0031183	1.63173297510723	0.00515872926432705
h1SMnG0031199	0.122569802025815	0.943978582156749
h1SMnG0031215	-0.409008624626145	0.781316126133409
h1SMnG0031225	7.16174147120769	0.00000000000000000000000000000000000485232757154757
h1SMnG0031256	-0.941287830982203	0.350698726730531
h1SMnG0031275	-2.48688183230798	0.0165825595894865
h1SMnG0031294	-1.17844858163724	0.0776008750455106
h1SMnG0031309	-2.00999992866895	0.00104815836084601
h1SMnG0031313	-1.78491555166742	0.14427435715516
h1SMnG0031314	-1.68187652533411	0.0996821809941425
h1SMnG0031315	-0.98295785294395	0.276502229916542
h1SMnG0031320	4.08151910220802	0.000220925316178487
h1SMnG0031324	-0.611433725267235	0.00322504425847264
h1SMnG0031328	-0.483742829743297	0.220523491867729
h1SMnG0031329	-0.422715432278795	0.435783542616205
h1SMnG0031333	-1.36826350134313	0.392038631104833
h1SMnG0031349	-0.897619177340869	0.113952985491207
h1SMnG0031351	-0.189804973540456	0.896734140230521
h1SMnG0031360	-1.8558058008383	0.0571538026908555
h1SMnG0031372	0.773644006368742	0.575195303148148
h1SMnG0031402	-0.569863048732718	0.521936450957177
h1SMnG0031405	0.451352298893757	0.786311575515456
h1SMnG0031417	-0.965945404374542	0.392652904558819
h1SMnG0031424	-2.94389752925938	0.0323317770691716
h1SMnG0031435	-1.89092314350011	0.126225608838874
h1SMnG0031439	-2.3875875299587	0.0332225233045594
h1SMnG0031452	-5.00211290538464	0.00000880556499803689
h1SMnG0031453	-4.11535010299441	0.000772996593386709
h1SMnG0031460	-0.295755821513598	0.603773017106534
h1SMnG0031465	0.520083136436818	0.387289764210278
h1SMnG0031480	-0.383898799113445	0.814620822635366
h1SMnG0031486	0.807759418930596	0.499292404894551
h1SMnG0031492	-0.0654636304133215	0.969725075494214
h1SMnG0031498	-0.943987329341828	0.452018016804643
h1SMnG0031506	-0.441238726047896	0.78170786598263
h1SMnG0031509	-0.171478628741501	0.867473021572841
h1SMnG0031517	-0.671368835482175	0.629678555317511
h1SMnG0031518	-0.968746461555832	0.502289275659879
h1SMnG0031526	4.2375858464315	0.00000000000452747430768504
h1SMnG0031527	-1.17242277110859	0.532704224669363
h1SMnG0031531	-0.26412708552985	0.8865889698981
h1SMnG0031536	0.917918317818914	0.203904416874953
h1SMnG0031551	1.28520739877386	0.00241302166797216
h1SMnG0031573	-1.79580558002348	0.0123178246304955
h1SMnG0031576	0.471787516170917	0.654418278589254
h1SMnG0031598	0.433656324675746	0.773695008252864
h1SMnG0031602	0.30364890272664	0.654349038654734
h1SMnG0031605	-1.75610658271379	0.269225130208722
h1SMnG0031616	-1.2787879163824	0.382849595537468
h1SMnG0031628	-0.0693183390511264	0.96848807754173
h1SMnG0031632	-0.97204003632829	0.412067845004494
h1SMnG0031649	0.0891225476436549	0.953155641930491
h1SMnG0031651	-1.17527128587968	0.218011338105132
h1SMnG0031659	-1.0981010197359	0.378979118104789
h1SMnG0031672	1.22900464819172	0.366492744933848
h1SMnG0031690	1.37257582544987	0.0686495381756148
h1SMnG0031698	-0.469729675920944	0.796320928391083
h1SMnG0031700	-1.23724275105158	0.465320301983057
h1SMnG0031721	0.846991962214734	0.427789010097469
h1SMnG0031728	1.29128646621805	0.0975475364555461
h1SMnG0031731	0.67327732263769	0.367232074466138
h1SMnG0031732	0.368431457783557	0.629218707431052
h1SMnG0031733	0.578255521278379	0.594137260881321
h1SMnG0031734	0.984128906045374	0.343180192496864
h1SMnG0031739	-1.21125804252979	0.0632394361943914
h1SMnG0031741	-2.1914481689598	0.00923507566308317
h1SMnG0031742	-2.10498268506054	0.190793242604819
h1SMnG0031744	1.25287390116969	0.395445510788111
h1SMnG0031748	2.6658787721353	0.000125531638456489
h1SMnG0031749	1.01316784825608	0.137159968139334
h1SMnG0031762	-1.69227847960477	0.266955949836182
h1SMnG0031777	-0.677562443188433	0.604606271693264
h1SMnG0031784	0.852057471109153	0.498227679864633
h1SMnG0031799	-2.39075817993465	0.180515411840852
h1SMnG0031815	-0.287967174218642	0.840208072918184
h1SMnG0031816	-1.25898142988759	0.457047750139457
h1SMnG0031820	0.597616775056613	0.463937234468312
h1SMnG0031828	0.364961579130194	0.71128759483459
h1SMnG0031837	1.28742156564606	0.000715347134079637
h1SMnG0031845	0.552461897347491	0.204501470294861
h1SMnG0031856	-4.37298389551259	0.000263503169366683
h1SMnG0031862	1.94245510676726	0.111464554565508
h1SMnG0031875	0.679066919132774	0.540016653334087
h1SMnG0031882	1.67303807424698	0.0015293468841586
h1SMnG0031890	-0.942122444109311	0.0000125714442514817
h1SMnG0031891	-1.02459951628742	0.179792287137543
h1SMnG0031892	-0.203909851869585	0.885428864136854
h1SMnG0031893	1.67672543637264	0.124548113456564
h1SMnG0031902	-1.40753872263879	0.297161833725217
h1SMnG0031904	-0.807841738778941	0.122805943979967
h1SMnG0031907	-0.452221579954763	0.522000725306506
h1SMnG0031908	-1.40680017356002	0.251358977220345
h1SMnG0031914	0.236275833187407	0.886669882644667
h1SMnG0031918	0.262564955545237	0.797096984521709
h1SMnG0031919	-0.83787159431518	0.205715403214654
h1SMnG0031920	0.193500973290475	0.920975132252978
h1SMnG0031927	-0.855933631248809	0.115110134087297
h1SMnG0031936	-0.355489238311316	0.809303053737959
h1SMnG0031938	-0.63523021925172	0.709208236814981
h1SMnG0031964	-1.30164859813649	0.0813229529052842
h1SMnG0031967	-0.42111825104095	0.599124934573995
h1SMnG0031979	5.02015534700415	0.000163086565727643
h1SMnG0031990	2.50998639096817	0.0000000250554416484647
h1SMnG0032026	0.0154589838920821	0.993558029579818
h1SMnG0032041	-1.13112286317276	0.446639927052954
h1SMnG0032065	0.541456614056605	0.212057398041711
h1SMnG0032066	0.179783264471185	0.857512541464771
h1SMnG0032071	0.458060932103055	0.166679482029501
h1SMnG0032072	1.03131629532207	0.0507996003723884
h1SMnG0032075	2.71135542124656	0.0000264142238139633
h1SMnG0032076	0.693297821124885	0.524101353451911
h1SMnG0032083	0.265699062624073	0.818559583690544
h1SMnG0032084	0.307155777906722	0.794939206265342
h1SMnG0032092	-1.27605818057142	0.0809012902735864
h1SMnG0032095	-0.417299608464563	0.748707819385551
h1SMnG0032096	-2.18377201285044	0.124157376621594
h1SMnG0032097	-2.70604152449075	0.000000000417346934369336
h1SMnG0032098	-3.2290663093619	0.0141530795911853
h1SMnG0032112	-0.639336889088955	0.303146448760633
h1SMnG0032115	-0.894363493895465	0.64491169937791
h1SMnG0032121	-2.14553158556223	0.00203557080008514
h1SMnG0032127	-0.285076956046654	0.876839791225485
h1SMnG0032130	-0.258463801106747	0.66143668567829
h1SMnG0032132	-1.3922057538441	0.232581847245213
h1SMnG0032135	-0.981830852308475	0.569735609081452
h1SMnG0032139	3.20108204589462	0.0182157088852039
h1SMnG0032141	0.392588339852636	0.400030658084721
h1SMnG0032146	0.489868498662959	0.669778685289141
h1SMnG0032159	-0.296046364816061	0.604600069639882
h1SMnG0032161	-0.286717547866545	0.811283624932019
h1SMnG0032162	0.405945645364852	0.803844967250684
h1SMnG0032168	2.96174097165752	0.0000000000000171364853353564
h1SMnG0032171	-2.03452710901228	0.211335527933669
h1SMnG0032175	-0.271422337141815	0.745957547565669
h1SMnG0032218	-1.22743059471461	0.310012703989614
h1SMnG0032224	0.201027934736733	0.815543562501776
h1SMnG0032230	0.593082969429311	0.562788097704623
h1SMnG0032240	1.47431686714286	0.239702091974087
h1SMnG0032250	-0.208013168339187	0.845713475806098
h1SMnG0032252	-0.118394408240884	0.945758295690571
h1SMnG0032258	-0.780958260087194	0.33080290333657
h1SMnG0032259	-1.81459514609719	0.245379006139963
h1SMnG0032264	-0.337344511486098	0.162433403003952
h1SMnG0032273	0.820646276553144	0.457616084896542
h1SMnG0032274	-1.26083187484499	0.185912362756176
h1SMnG0032297	0.58661125974987	0.264168341038985
h1SMnG0032301	0.777885289696786	0.64646906101822
h1SMnG0032323	2.93016792163945	0.00634232990127633
h1SMnG0032337	0.157084284680206	0.898683415086554
h1SMnG0032347	-0.979072321398808	0.0725273612430699
h1SMnG0032348	-3.68730300816685	0.00254818307770227
h1SMnG0032356	-1.38207275671194	0.00000000335318170279272
h1SMnG0032357	-0.920085881623231	0.298644578569759
h1SMnG0032358	-2.99953023655278	0.00225355715406614
h1SMnG0032359	-2.36497893289549	0.0847860344831669
h1SMnG0032361	-1.05940128465747	0.164392021319277
h1SMnG0032374	-0.279993010156214	0.88629281097366
h1SMnG0032387	-0.411038752608958	0.717183813371494
h1SMnG0032388	-1.36265460082332	0.230088905097901
h1SMnG0032389	1.6653982846376	0.108532727916386
h1SMnG0032392	0.673541380737965	0.138774097886333
h1SMnG0032408	2.53398798904973	0.0000000443527500469664
h1SMnG0032417	3.04789682651241	0.00157036728387871
h1SMnG0032433	-1.42930785170281	0.000288335969920796
h1SMnG0032439	-3.3357612564779	0.000137327089194715
h1SMnG0032454	0.0505684585198956	0.973031133608322
h1SMnG0032456	-1.75632275228916	0.00294366984268569
h1SMnG0032465	-0.30642303236875	0.67344671796994
h1SMnG0032485	7.45350641727042	0.0000000000128509531647225
h1SMnG0032488	0.42484834735477	0.333821301855655
h1SMnG0032496	0.809598230623371	0.484330876423174
h1SMnG0032504	-2.12608547587618	0.180626980074805
h1SMnG0032522	-0.357006408763274	0.545037304665168
h1SMnG0032551	5.92226176048041	0.0000000000000000207094200504757
h1SMnG0032561	0.852517120803061	0.00316442656044152
h1SMnG0032566	8.68162248764164	0.000000000000000000000546364882928024
h1SMnG0032571	-0.866745046395842	0.0181024030576931
h1SMnG0032572	-0.0318337794591658	0.979634897954969
h1SMnG0032573	0.11005193035441	0.906827304407345
h1SMnG0032574	0.106464032962318	0.939560407304249
h1SMnG0032581	0.00801270106971764	0.996696855811403
h1SMnG0032589	-1.83280961339061	0.000000000000000188062971476849
h1SMnG0032590	-1.94392823122063	0.0606329372153334
h1SMnG0032591	-1.63169089408277	0.000298528845529281
h1SMnG0032592	-1.82367089819496	0.21692942298029
h1SMnG0032593	-3.38228627633164	0.00410935413336019
h1SMnG0032594	-1.18095582502672	0.019622032719574
h1SMnG0032595	-2.3509960603333	0.0201851165202973
h1SMnG0032599	0.83355932103792	0.060898942952211
h1SMnG0032603	-0.0228613666305207	0.974576804573408
h1SMnG0032618	-0.170571678366962	0.8965850676851
h1SMnG0032639	-1.39819055698576	0.1851378317303
h1SMnG0032652	1.60447506844991	0.0910905318681873
h1SMnG0032658	-2.65054287050661	0.0410827757747371
h1SMnG0032670	-0.959039840956138	0.313853970614546
h1SMnG0032681	-1.54560917842505	0.334159441065285
h1SMnG0032682	0.589981691308488	0.00385363410243431
h1SMnG0032683	0.110451044141024	0.939395177905574
h1SMnG0032684	-0.158421067835573	0.807776325232279
h1SMnG0032685	2.06454898856336	0.00777504089823035
h1SMnG0032687	-1.50422321902548	0.000000181121736398009
h1SMnG0032688	-1.22274933781322	0.000000000251685725038822
h1SMnG0032694	-0.300744721656901	0.826763637249683
h1SMnG0032696	0.151676570328907	0.930622617218673
h1SMnG0032704	-2.09207095919024	0.0207596025982089
h1SMnG0032710	0.260101312936049	0.851305462060203
h1SMnG0032715	2.19711323432915	0.000000000000000000000180478730203182
h1SMnG0032716	2.05533961019159	0.000000000000290385893174031
h1SMnG0032724	-2.09385816227928	0.0156708692273783
h1SMnG0032726	-0.169639281427229	0.857098617049552
h1SMnG0032728	-0.30774306967812	0.811755340433454
h1SMnG0032729	-1.16589338621622	0.191743100296006
h1SMnG0032730	-0.975538022623804	0.146816622383715
h1SMnG0032731	-0.786844130482364	0.0037116687361279
h1SMnG0032732	-1.12084890378898	0.0692418707788346
h1SMnG0032734	-2.02745869845673	0.0000000116729252536702
h1SMnG0032742	-1.54618068852548	0.00000419569091144044
h1SMnG0032744	-1.73367616590513	0.000000045286993901519
h1SMnG0032746	-1.75496734365492	0.137317443030345
h1SMnG0032753	-0.918988647982597	0.553084182562505
h1SMnG0032757	1.39489239440867	0.000000000131532030770356
h1SMnG0032762	-0.173289944454256	0.842831205867678
h1SMnG0032772	-1.04651484327092	0.00000950962863135329
h1SMnG0032773	-0.90834272244435	0.0771854913607454
h1SMnG0032776	2.26983913113309	0.00000000000000000000000000000421931118446815
h1SMnG0032779	3.75606094788597	0.00000000014647190877046
h1SMnG0032781	1.63565709834626	0.217846405467963
h1SMnG0032785	-1.03453608083728	0.0000138969516880299
h1SMnG0032786	-1.14778422330756	0.10650291109521
h1SMnG0032787	-0.42805394177483	0.537701952124159
h1SMnG0032788	-0.956082635148493	0.0420336290803476
h1SMnG0032791	-1.25784944536108	0.0571536913824777
h1SMnG0032792	-1.33282828275448	0.00628200584473348
h1SMnG0032793	-1.86927783383164	0.127860421902251
h1SMnG0032795	-1.8838056383829	0.207964513245432
h1SMnG0032823	-0.736900586574095	0.00162364767819224
h1SMnG0032836	2.91361904677815	0.00000000000000000000000000000000000000000000000000000000000000000000000000000375599319287948
h1SMnG0032841	0.113545159417182	0.946328833984889
h1SMnG0032843	-0.405641861786033	0.392175228408527
h1SMnG0032844	0.216093349651864	0.871380303426669
h1SMnG0032852	1.56643834371005	0.00000000000000000000000356540687844659
h1SMnG0032853	1.1266321022851	0.0000275483160198089
h1SMnG0032876	-0.592612003222083	0.743330481934653
h1SMnG0032878	-2.06465566429733	0.147275787207663
h1SMnG0032883	-0.953983345673394	0.516675161186441
h1SMnG0032884	-0.689783483142761	0.0100470241785149
h1SMnG0032886	-0.876290583324069	0.179324919293976
h1SMnG0032887	-2.07291424494104	0.000000194384838580099
h1SMnG0032905	-0.964002504359298	0.485399753240001
h1SMnG0032914	-1.36487125191975	0.000000998935541699625
h1SMnG0032918	0.607959431899546	0.525364542692996
h1SMnG0032930	-1.86358683065807	0.00249448561181795
h1SMnG0032934	2.01554961229056	0.0031942112909916
h1SMnG0032935	0.0685247836165106	0.933916772565189
h1SMnG0032936	-0.379099133628927	0.754763988518698
h1SMnG0032937	-1.05282149050946	0.0000315990852351298
h1SMnG0032942	-0.25711888054867	0.679106033242863
h1SMnG0032943	-1.58797951674767	0.327317256144637
h1SMnG0032960	-1.76992409800397	0.15642511302344
h1SMnG0032965	-0.0990322578257685	0.935622318824885
h1SMnG0032968	-3.48104801086675	0.00248173534157992
h1SMnG0032974	-1.9071735804677	0.188762557357856
h1SMnG0032975	1.37738688739613	0.00847560637221853
h1SMnG0032983	5.87188774083443	0.000000000000132014509080914
h1SMnG0032986	-0.071560048426364	0.948242973208097
h1SMnG0032987	-0.682719028207832	0.0124081277206654
h1SMnG0032988	-0.609374619715144	0.278825577265101
h1SMnG0032989	-0.546596792234564	0.573434101315249
h1SMnG0032991	-0.927877531486202	0.130999726238703
h1SMnG0033015	-1.48480886532272	0.0000000108648672320847
h1SMnG0033021	1.57050482616828	0.289605208027184
h1SMnG0033026	-1.30778463327628	0.41480743903311
h1SMnG0033033	-0.596102602125682	0.115828171839444
h1SMnG0033049	-1.81874639510886	0.0000390403130797873
h1SMnG0033051	-2.11755478721899	0.152698156024041
h1SMnG0033052	-3.87884500991397	0.000000000000000000000000000000000000000000000899427938556712
h1SMnG0033053	-3.0878535175432	0.0042069719843331
h1SMnG0033067	-0.830429065136428	0.615714723537289
h1SMnG0033073	-0.386419147316537	0.140932589894095
h1SMnG0033077	-0.65417123767256	0.0153536977195762
h1SMnG0033078	-1.176624054769	0.362428048483556
h1SMnG0033079	0.0440893425278848	0.964881656254183
h1SMnG0033087	0.614822314536579	0.504534895285734
h1SMnG0033094	-0.649299943350607	0.578463885679658
h1SMnG0033095	-1.90770361450621	0.00000000196995858377045
h1SMnG0033096	-2.03221978353951	0.145409124460402
h1SMnG0033103	-1.12220347389433	0.473982438258813
h1SMnG0033105	-0.0261518150920325	0.939560407304249
h1SMnG0033106	-0.0211366477997052	0.978590090980746
h1SMnG0033107	0.151168711171858	0.895504943217624
h1SMnG0033109	-0.684354696403439	0.00152880059611521
h1SMnG0033110	0.255367932242744	0.880802605124956
h1SMnG0033111	-0.60051081794953	0.354088922459236
h1SMnG0033112	-1.36931102116756	0.0928071338167768
h1SMnG0033116	4.32361311309723	0.00109723879920224
h1SMnG0033118	-1.45507546442419	0.363374129124245
h1SMnG0033120	0.459019233142908	0.533251388026146
h1SMnG0033131	-0.160488003086161	0.851894394953627
h1SMnG0033136	0.353466370032191	0.846876221877023
h1SMnG0033140	1.24039961161962	0.265027631740916
h1SMnG0033141	-0.825081242109434	0.552783462270961
h1SMnG0033142	-0.873391367400535	0.295272007530897
h1SMnG0033143	-0.533127995921249	0.494321659163256
h1SMnG0033144	-0.990748324052761	0.133193855449457
h1SMnG0033145	-0.771093040408861	0.441595548465354
h1SMnG0033154	-1.03479166111545	0.412260369555171
h1SMnG0033157	-0.195294673107725	0.809303053737959
h1SMnG0033158	-0.614625661780457	0.465376845196374
h1SMnG0033169	0.847378006217272	0.45747601229458
h1SMnG0033172	-1.28359530747113	0.0344863681852147
h1SMnG0033173	-1.88434596956025	0.00369379949073544
h1SMnG0033185	-0.407643572182988	0.800694475739064
h1SMnG0033187	-0.762388374516203	0.198478816745705
h1SMnG0033188	-0.988506436155159	0.376786284759077
h1SMnG0033202	-0.78226484785996	0.055594048967714
h1SMnG0033205	0.243492784699282	0.853129601343139
h1SMnG0033207	1.48366089279656	0.140929340398481
h1SMnG0033209	-0.038792901744477	0.973771564078862
h1SMnG0033229	-1.56760404234428	0.000724501293461321
h1SMnG0033236	1.66023029614454	0.0000745682283423655
h1SMnG0033241	0.610628575957354	0.664325789231918
h1SMnG0033254	-1.21602267466553	0.0102008620217736
h1SMnG0033279	-0.950792925140983	0.562484080858213
h1SMnG0033283	2.05875604616489	0.637404674983918
h1SMnG0033294	-3.77992656137098	0.000326961270956917
h1SMnG0033296	-5.1005375146256	0.00000444128396475351
h1SMnG0033297	-4.82955071220276	0.0000248303828765924
h1SMnG0033303	-1.26176552834571	0.000000268834942530562
h1SMnG0033304	-1.433918555008	0.0346014015114466
h1SMnG0033305	-1.15368445219953	0.0137769906007104
h1SMnG0033306	-2.03222362220914	0.0125674917497734
h1SMnG0033314	2.07130343291148	0.0966704018140548
h1SMnG0033318	2.25939174907812	0.0233448755670993
h1SMnG0033326	1.24301044310242	0.104802439836145
h1SMnG0033328	-0.422712307904895	0.818559583690544
h1SMnG0033335	-0.693732240953672	0.646912579028255
h1SMnG0033336	-0.0299894027253159	0.960807181961256
h1SMnG0033339	-0.0537605866128272	0.939408952009073
h1SMnG0033350	-1.91932152688872	0.205476066490854
h1SMnG0033351	0.749680910141468	0.609351475502532
h1SMnG0033352	1.69051771562527	0.0712287211299387
h1SMnG0033355	1.85912591181154	0.0140460746565681
h1SMnG0033370	-0.398766120281285	0.20292052770814
h1SMnG0033371	-0.102870281798905	0.910813058326433
h1SMnG0033372	0.784509766770891	0.226824461378318
h1SMnG0033373	-0.10446418435784	0.906900208728182
h1SMnG0033376	0.825305506257081	0.267472390964082
h1SMnG0033377	-2.25410127192835	0.00174223764460584
h1SMnG0033395	-1.54665868657215	0.249207345366355
h1SMnG0033401	-0.745867611988333	0.36059082907772
h1SMnG0033402	-0.605561649779803	0.475521810038344
h1SMnG0033415	-2.99745516177508	0.000000000267761573453303
h1SMnG0033416	-2.20459958958353	0.000509821173921429
h1SMnG0033418	-2.18784675858067	0.122364641001196
h1SMnG0033421	-1.09434494312665	0.555665214889984
h1SMnG0033432	-0.410181416048729	0.780278078805617
h1SMnG0033437	-0.715578868016926	0.634786779889005
h1SMnG0033467	0.231669444279926	0.894273230441152
h1SMnG0033473	-0.156881307791504	0.84660363066052
h1SMnG0033501	-0.431691149805188	0.734446167383814
h1SMnG0033504	0.57045835805269	0.687598597093552
h1SMnG0033519	5.5774364703892	0.00000978322320672113
h1SMnG0033520	5.28644697736585	0.000000000000000000000446199545259151
h1SMnG0033524	0.386985300723384	0.358802397515036
h1SMnG0033525	0.00644405101551362	0.986990954401888
h1SMnG0033526	0.160364511598171	0.811528684283131
h1SMnG0033534	-1.74640323350473	0.01567297108434
h1SMnG0033541	0.833754233718249	0.343196207191921
h1SMnG0033544	0.423195641254809	0.789968876216271
h1SMnG0033545	0.661694597865947	0.473229894032151
h1SMnG0033553	-0.341313408798548	0.872042412684678
h1SMnG0033565	-0.678003111513092	0.556868324934821
h1SMnG0033587	-0.242244532362746	0.901856316351084
h1SMnG0033590	0.41930064877545	0.830563434067909
h1SMnG0033601	0.490475249081477	0.604864424476777
h1SMnG0033620	-0.379801352979416	0.774203282348557
h1SMnG0033660	-0.655558765659945	0.613275228426125
h1SMnG0033686	-1.08934217429004	0.114932811273501
h1SMnG0033701	-0.690239357539798	0.561320606827434
h1SMnG0033705	-0.501977343047729	0.565144644266058
h1SMnG0033709	1.94254964288482	0.0632919751353738
h1SMnG0033721	-0.28405322109788	0.826627187953201
h1SMnG0033722	-0.137234760716771	0.865829348571181
h1SMnG0033724	1.35218177745397	0.0614564337541129
h1SMnG0033733	2.90534239638012	0.0000000486730060574001
h1SMnG0033755	0.98746284692067	0.400009114392782
h1SMnG0033761	-0.655287951653335	0.418388742713367
h1SMnG0033769	-1.00212307332492	0.307984077903576
h1SMnG0033785	-0.074529861423241	0.933379592380514
h1SMnG0033786	0.260252205341816	0.847919862909232
h1SMnG0033796	-1.50786586919483	0.294331228310199
h1SMnG0033800	-0.194483379340324	0.858570769080559
h1SMnG0033801	-0.672404626846704	0.449349986883873
h1SMnG0033808	0.968658710633321	0.537919814007015
h1SMnG0033827	0.677016723497182	0.692587078378218
h1SMnG0033831	0.295085666290488	0.860072013191441
h1SMnG0033836	-1.62183649426878	0.253007358061566
h1SMnG0033848	-2.05577970430008	0.192637350828834
h1SMnG0033857	0.900091042995851	0.420217672172933
h1SMnG0033860	-0.57601006940432	0.438447978757984
h1SMnG0033864	-1.72950125563689	0.0821363201593644
h1SMnG0033866	0.550892610221725	0.310950028953
h1SMnG0033867	-0.84526219320923	0.59501312125761
h1SMnG0033868	-2.60123374680524	0.0746203363250344
h1SMnG0033873	0.0544150120519592	0.947241276571788
h1SMnG0033879	-0.482034942213158	0.734870341261243
h1SMnG0033880	-1.40599437673703	0.000000640008000050984
h1SMnG0033905	-0.69897613478576	0.0553875830607988
h1SMnG0033922	0.64840927154827	0.147371091944877
h1SMnG0033932	3.50561255303846	0.00000109283592523515
h1SMnG0033938	4.62439990651507	0.0000439720189191455
h1SMnG0033939	-0.340548030217901	0.829782345836007
h1SMnG0033950	-0.963660433538652	0.00282865647928136
h1SMnG0033984	-0.504323691068401	0.659011085093002
h1SMnG0033991	-1.02104103127414	0.483434105893168
h1SMnG0033992	-0.229967950714212	0.894963263462849
h1SMnG0033995	0.696281092809519	0.404861790198684
h1SMnG0034010	-0.080669549067596	0.904070503203961
h1SMnG0034021	0.19105314173283	0.889121030276713
h1SMnG0034022	-1.03670724662461	0.492263105806003
h1SMnG0034036	-0.430061811247187	0.534850590525494
h1SMnG0034061	-0.218871525326087	0.885393890514436
h1SMnG0034075	-0.102800036976737	0.873483103490148
h1SMnG0034076	0.731383818854869	0.690080004730972
h1SMnG0034077	-3.03987133316875	0.0169299851873698
h1SMnG0034082	-0.697080049016456	0.669640648608363
h1SMnG0034087	-0.817145893161686	0.632881384863887
h1SMnG0034094	-1.46055280069741	0.240998328579538
h1SMnG0034096	-0.882241025745337	0.571924077235103
h1SMnG0034103	-0.930846403085989	0.554733642911038
h1SMnG0034120	-0.384416427836346	0.81063641851217
h1SMnG0034125	5.16929803996559	0.00000000152224925674953
h1SMnG0034134	-0.649710840774373	0.417390076475206
h1SMnG0034137	-1.2946680488254	0.0000173955327521574
h1SMnG0034140	-0.298586482647394	0.760426446576164
h1SMnG0034158	-0.286383347506425	0.820807816966368
h1SMnG0034159	-3.81575531497273	0.00366330363821694
h1SMnG0034183	0.330963417486547	0.511202900281661
h1SMnG0034184	-0.853745129605004	0.634988489663586
h1SMnG0034198	-0.89705653999139	0.412879204658993
h1SMnG0034208	-0.176684405415611	0.902372439750196
h1SMnG0034243	0.587416106048509	0.448516513576986
h1SMnG0034257	3.625879848443	0.00000000000000109050028859726
h1SMnG0034269	-1.22082368074862	0.000354457425235351
h1SMnG0034270	-0.702399913699369	0.445110190981731
h1SMnG0034276	-1.0383766759944	0.00228143307283086
h1SMnG0034278	-1.89586276363761	0.0949221090639852
h1SMnG0034279	-1.20054021388729	0.00000550941498667975
h1SMnG0034280	-0.306388679751226	0.851315722984666
h1SMnG0034286	-1.10676906699526	0.0000471057807544717
h1SMnG0034287	-2.48729846700047	0.100857587041995
h1SMnG0034294	-0.2343307686924	0.834633690685489
h1SMnG0034297	-0.587365388347536	0.699694503496487
h1SMnG0034306	5.54981527861979	0.0000019395708873076
h1SMnG0034307	7.43408683795968	0.000000000000382643213163905
h1SMnG0034315	0.219050796930752	0.895760927801076
h1SMnG0034369	-0.356178738087618	0.716505308967932
h1SMnG0034373	-0.631319926297457	0.705381202062834
h1SMnG0034380	0.433296764594055	0.736587659337336
h1SMnG0034381	2.1550442700911	0.000000286822845760574
h1SMnG0034383	1.14825911975093	0.246166871521834
h1SMnG0034391	-0.238165635409866	0.654418278589254
h1SMnG0034405	1.03256991219106	0.117975892677644
h1SMnG0034410	0.89490760902798	0.459092119155458
h1SMnG0034411	1.58514648820662	0.113545050601245
h1SMnG0034416	-0.088250402864957	0.897315058176674
h1SMnG0034420	-1.68259112556902	0.00000118309714192995
h1SMnG0034433	-2.72373042758787	0.0561046330597811
h1SMnG0034438	-1.93012735007847	0.141862674920024
h1SMnG0034457	-0.300093516156684	0.820995053406985
h1SMnG0034459	-0.133282710869295	0.917646442839427
h1SMnG0034468	3.83639113795132	0.0002499499961401
h1SMnG0034480	1.14268023783215	0.478723704132865
h1SMnG0034481	-0.395314610151079	0.806990208075738
h1SMnG0034486	-2.00742597257273	0.167852786781421
h1SMnG0034495	2.34203765652437	0.000297950802274934
h1SMnG0034496	4.00259343532755	0.000000000000000000000000000000000000000000000000000000000147072959204837
h1SMnG0034519	-1.32330092769492	0.130804193689946
h1SMnG0034523	-0.422596731141032	0.744989788624
h1SMnG0034537	-1.28908007030933	0.435679865116685
h1SMnG0034539	-2.09908413425018	0.13057442512847
h1SMnG0034561	-0.182884752023298	0.878407906656499
h1SMnG0034565	0.252104113049415	0.789703526418172
h1SMnG0034569	-0.773761672835678	0.549520543352928
h1SMnG0034570	-2.19583655146719	0.000218274481055339
h1SMnG0034576	0.182131223073034	0.912064832111789
h1SMnG0034580	-0.0779661021448064	0.968995664397632
h1SMnG0034616	2.0047083702937	0.0372943986702664
h1SMnG0034647	0.305376992670475	0.627487443832214
h1SMnG0034650	-1.68474833492355	0.274413464559877
h1SMnG0034672	0.843218907735221	0.563647257077982
h1SMnG0034680	1.4625926624587	0.135441858460872
h1SMnG0034686	-0.0528466639556062	0.967811912893412
h1SMnG0034688	-0.581193554417668	0.0115201058098123
h1SMnG0034689	-1.6169116863455	0.159134412726299
h1SMnG0034690	-0.382285045928615	0.508840961379376
h1SMnG0034693	2.48446674046829	0.0000969443397578949
h1SMnG0034694	-0.840680605490183	0.000101477474630148
h1SMnG0034695	-0.706672319971684	0.273200488908173
h1SMnG0034696	-0.952883716201982	0.0175196866091117
h1SMnG0034697	-0.49010266336515	0.754028808638603
h1SMnG0034703	-1.74628108340018	0.00785839154964279
h1SMnG0034704	0.0559317396770855	0.921362221059508
h1SMnG0034706	0.29661161058075	0.473240924680687
h1SMnG0034714	-0.483882563395954	0.700272325669894
h1SMnG0034716	-1.79523755191846	0.0000000000771351294259195
h1SMnG0034717	0.25825181918316	0.794636542903472
h1SMnG0034718	-1.44630606995298	0.38271623968397
h1SMnG0034719	-3.74926175478866	0.000559740427219042
h1SMnG0034725	-1.45459309983189	0.000000237524709433892
h1SMnG0034727	-0.963720247542373	0.0000390461245205188
h1SMnG0034731	-1.07493964137736	0.0000033737774928743
h1SMnG0034732	-1.04658276541202	0.0562911640747922
h1SMnG0034737	-1.43348678338856	0.0189824947902792
h1SMnG0034738	-1.31519468750612	0.208469214534927
h1SMnG0034746	-0.629548291619429	0.0982417738330262
h1SMnG0034753	5.77885324494639	0.126381572816712
h1SMnG0034754	0.740171591365544	0.667624455897101
h1SMnG0034761	-1.22409851842877	0.0000185669034594097
h1SMnG0034762	0.202217065512793	0.855260563066544
h1SMnG0034766	0.485318024752001	0.736587659337336
h1SMnG0034767	0.733293966346569	0.132157842778381
h1SMnG0034768	0.121832487989889	0.921345134380608
h1SMnG0034770	5.1418670579511	0.184415573652395
h1SMnG0034773	2.88666326643422	0.000489499456938938
h1SMnG0034781	-0.357480669947842	0.777023229625146
h1SMnG0034782	-0.120797648831459	0.945961453125078
h1SMnG0034793	-0.000742847331535074	0.999612918745415
h1SMnG0034819	-0.71676560125644	0.222766569085247
h1SMnG0034820	-3.02325753847481	0.0526621833834597
h1SMnG0034821	-0.791515135448256	0.332043974116007
h1SMnG0034822	-1.31674745788563	0.00383140856331262
h1SMnG0034823	-3.09719528754701	0.0215038888769979
h1SMnG0034825	-1.41753393058822	0.0597689023533313
h1SMnG0034826	-1.82850317951076	0.0448930944347552
h1SMnG0034830	-2.05317056353621	0.206339980658855
h1SMnG0034833	-1.48704875233243	0.0397175154787125
h1SMnG0034838	4.90599862880276	0.00000000000000000000322106539173023
h1SMnG0034839	5.70604458332263	0.00000000554452982801883
h1SMnG0034844	-1.21179307961821	0.230234966154935
h1SMnG0034846	-2.45809782423558	0.103506529055299
h1SMnG0034848	-1.18373006600994	0.317786799198089
h1SMnG0034849	-2.94433091383271	0.00438704550627265
h1SMnG0034851	-1.88054821535998	0.000000349733727113003
h1SMnG0034855	-1.46096722019655	0.103548072042725
h1SMnG0034867	-2.60757704050919	0.000000000308222548657474
h1SMnG0034881	-0.73222039787651	0.151814144352138
h1SMnG0034884	-1.69643767992197	0.1971441793334
h1SMnG0034889	6.01725312054189	0.00000000000000168264761606954
h1SMnG0034895	0.417973202451834	0.627527714245667
h1SMnG0034912	-1.50666584856108	0.332627991666236
h1SMnG0034919	0.817515959496149	0.394526449839432
h1SMnG0034920	-3.42317051897243	0.00715393280385919
h1SMnG0034943	-0.492158931719268	0.617047670355047
h1SMnG0034997	-1.35079936549107	0.0104963217053174
h1SMnG0035000	-1.51755048769855	0.028694587189779
h1SMnG0035004	1.19229791114998	0.0496683901698107
h1SMnG0035042	0.0491090375582366	0.912629309030885
h1SMnG0035044	-3.23016200614012	0.0273201400836157
h1SMnG0035048	0.616347068979885	0.252122065198366
h1SMnG0035065	-2.32322908841339	0.135437896761739
h1SMnG0035070	-1.53726482815664	0.000000000000000000000371340975718602
h1SMnG0035073	-1.15758848079475	0.00000702323461190889
h1SMnG0035077	-1.5170495630376	0.014910028068698
h1SMnG0035078	-1.9113800382635	0.020308266354674
h1SMnG0035080	-1.21231447247182	0.00000000140963174450011
h1SMnG0035083	-0.10055512065477	0.921362221059508
h1SMnG0035089	0.0341319127423346	0.980079098253585
h1SMnG0035106	-3.0162329689117	0.0511537676804182
h1SMnG0035110	-1.60184981640898	0.000000525942252304357
h1SMnG0035122	1.3156351274256	0.145029193821297
h1SMnG0035127	-1.05547935813772	0.0000000000346241454050202
h1SMnG0035128	-0.871490021138976	0.313853970614546
h1SMnG0035130	-0.99063082032801	0.0474070608962658
h1SMnG0035131	-1.13119233869999	0.000000000000000110667185033467
h1SMnG0035136	0.306421542653919	0.852144099681728
h1SMnG0035137	-1.62479215892323	0.000104504026682318
h1SMnG0035138	-0.903530500493581	0.000000000187473253646258
h1SMnG0035139	-0.599214944979572	0.323850138590385
h1SMnG0035140	-0.911576182345601	0.000881388941491657
h1SMnG0035142	-0.694139819352008	0.0101322255714552
h1SMnG0035145	-1.25851954256344	0.000000000829639661768413
h1SMnG0035150	-1.07787641021852	0.00000000101317247890777
h1SMnG0035151	-1.03197422775998	0.000000179064614267161
h1SMnG0035170	0.297575397802264	0.831840415482376
h1SMnG0035175	-1.14093245736523	0.000000000000538696162892054
h1SMnG0035187	-2.27680318434088	0.14427435715516
h1SMnG0035189	1.16612699268792	0.0889726828542643
h1SMnG0035194	-0.887026194873297	0.0291940723483915
h1SMnG0035195	-0.675299325426449	0.355408990552492
h1SMnG0035196	-0.718458201069037	0.254130679654039
h1SMnG0035214	2.95829276658417	0.00729155935958991
h1SMnG0035223	0.000555959165643092	0.999612918745415
h1SMnG0035224	0.455742226829432	0.523737650857336
h1SMnG0035228	-1.86060662896002	0.00307328314181053
h1SMnG0035233	-1.23681645475636	0.253423513797329
h1SMnG0035235	-0.944537632996518	0.00139659960992334
h1SMnG0035236	-1.33554019586056	0.000000179566122705914
h1SMnG0035237	-0.925073982460738	0.0450416316939855
h1SMnG0035238	-0.976810720780159	0.129044060312135
h1SMnG0035242	-0.78506966288067	0.397352714972087
h1SMnG0035245	0.413989998671418	0.780278078805617
h1SMnG0035251	-0.374369615211778	0.823438189725074
h1SMnG0035255	1.08878552645174	0.383034329543045
h1SMnG0035288	0.716960574917367	0.546406983355524
h1SMnG0035291	-0.304787712333483	0.829046671957004
h1SMnG0035299	0.280202752999652	0.854582178571724
h1SMnG0035300	-0.692046734973259	0.626186653016795
h1SMnG0035328	-1.25382310064478	0.0129863874042643
h1SMnG0035336	0.431396236091675	0.438680578325898
h1SMnG0035338	-1.33185768569258	0.272611283069779
h1SMnG0035347	-3.0024258396964	0.0271229129539302
h1SMnG0035352	-1.20115942860747	0.000000000000107340583002618
h1SMnG0035353	-1.23708028047516	0.0000000000429720627716102
h1SMnG0035354	-1.40345812752899	0.011386941568227
h1SMnG0035355	0.079030936237164	0.92258391415604
h1SMnG0035356	0.799007319786441	0.491037193906708
h1SMnG0035357	-0.292741473178087	0.655124410112511
h1SMnG0035366	-1.59217353561413	0.334169310475274
h1SMnG0035369	-0.606280747256635	0.398398688137307
h1SMnG0035370	-0.912646005598197	0.614484259637813
h1SMnG0035373	1.64258429217583	0.0000140537414695597
h1SMnG0035386	-1.43903660758385	0.368180447453089
h1SMnG0035390	-1.06625895674749	0.0000000371891267600397
h1SMnG0035391	-0.709848341583786	0.0742502700746726
h1SMnG0035408	0.549206410858082	0.695560571173541
h1SMnG0035412	4.00963059496578	0.000382317439292759
h1SMnG0035423	1.08003544168338	0.188961483537984
h1SMnG0035424	1.13681116170331	0.0855726404388501
h1SMnG0035432	-0.821681724915892	0.0454741532981278
h1SMnG0035449	-1.98555284450275	0.23572766407566
h1SMnG0035452	-1.41867869250975	0.0000000151201468158146
h1SMnG0035456	-1.93164635687126	0.0183735225705223
h1SMnG0035469	5.18167912834032	0.0000208803343492219
h1SMnG0035470	-1.23691524372001	0.401558664761952
h1SMnG0035471	-0.494389932725307	0.566220809775272
h1SMnG0035473	-2.36661261564838	0.120420747764513
h1SMnG0035479	2.18384961514558	0.122140396538598
h1SMnG0035502	-0.116944991060164	0.913296650233326
h1SMnG0035504	0.1120486347511	0.944776805341872
h1SMnG0035506	1.094452821807	0.0671657864461788
h1SMnG0035515	1.43760518250898	0.390942727432521
h1SMnG0035523	0.94855370507778	0.204493430460653
h1SMnG0035536	-0.870430215363575	0.145798402237987
h1SMnG0035548	1.81440200610108	0.0281058048587041
h1SMnG0035554	-0.489515779968446	0.68216606410865
h1SMnG0035564	-1.4780614776273	0.22890383882745
h1SMnG0035590	0.732596888877882	0.527716221746751
h1SMnG0035606	-1.38552551305508	0.00000000000360260988490684
h1SMnG0035607	-1.73489076199765	0.000000000000000000565040701332252
h1SMnG0035608	-1.50827419441438	0.000000000000000169925188878899
h1SMnG0035609	-1.34378248126058	0.000000911322398423822
h1SMnG0035610	-1.21966254121588	0.000397981255328617
h1SMnG0035611	-1.16928417416309	0.0760764410132617
h1SMnG0035612	-1.838097785994	0.168043370321748
h1SMnG0035613	-0.531063390143343	0.420802974526523
h1SMnG0035614	-0.497651203439023	0.249769797586529
h1SMnG0035615	-1.6383775395124	0.0515854640961573
h1SMnG0035616	-0.970184836057229	0.0000124351972898107
h1SMnG0035617	-1.32902405821997	0.00000000110681181717707
h1SMnG0035618	-1.66901954185095	0.000000000000000000585219149370037
h1SMnG0035619	-1.75743381654865	0.0000000000000000393829351461886
h1SMcG0000041	4.07271468001984	0.000630209904528469
h1SMcG0007296	2.00203436284976	0.10293497123387
h1SMcG0014467	0.579611239611137	0.711298571064479
h1SMcG0018367	0.620372773431297	0.731657594639388
h1SMnG0002496	0.460270430069056	0.797592890529258
h1SMnG0003138	-1.83360184804655	0.276599223354825
h1SMnG0017144	7.05038123892037	0.000000000577810015351854
h1SMnG0018376	2.7161941839914	0.00778622934917911
h1SMnG0020984	1.24481860801277	0.263621611315235
h1SMnG0024944	0.145177495818905	0.933380783882199
h1SMnG0025919	3.29236254433093	0.0331373393816818
h1SMnG0026695	-2.45343671460312	0.174297881055256
h1SMnG0032601	5.98747331051628	0.110969889691083
h1SMnG0035367	-0.744842217402765	0.579711587445691
h1SMnG0006711	5.76593168699065	0.00000141984868802664
