UniqueCount	AmbigCount
4	0
0	0
17	27
0	0
0	0
3	0
2	0
0	0
3	0
0	116413
0	6903
3	114865
0	25591
0	949
0	115166
0	22522
1	32
11	633
0	493
118	69
0	601
3	7
0	0
4	0
0	0
0	2439
1	0
0	0
0	0
2	218
0	0
0	0
0	0
0	0
4	3
0	0
0	0
18	1
1	0
0	0
0	0
1	0
519	0
0	0
1275	153
101	156
0	0
0	0
0	0
7	514
0	0
0	7565
0	3032
0	80803
4	1959
0	116407
0	3212
0	7330
0	10072
0	116372
0	28895
165	1078
7	281
6	0
1	0
0	0
4	5
0	0
41	4
0	23156
0	3234
29	809
36	9
6	163
0	398
2	243
0	7564
0	971
240	0
63	107
0	443
0	0
128	636
3	2
0	10
0	131
0	19
0	0
0	135
165	52
0	0
1	108
60	5558
0	0
283	4399
0	0
4	818
26	0
17	0
0	0
0	66
0	0
0	5
0	98
0	1057
0	26
9	0
0	129
0	0
1	0
0	0
280	507
13	0
4	0
462	5977
0	0
0	0
0	0
0	29
0	0
0	0
5	272
0	0
0	939
0	117
0	6
3	0
10	10
28	986
7	76
108	1003
1	0
9	6
7	2
0	18
25	21
0	310
0	0
128	670
0	0
1	0
0	530
0	0
7	0
0	0
0	0
0	0
0	0
5	1
0	0
5	596
0	0
0	0
0	0
17	1344
0	0
0	0
0	1208
44	0
66	2979
0	0
0	11889
0	23164
0	3283
0	37696
0	12493
0	24271
0	4579
0	116384
0	21063
0	75632
288	464
0	0
0	0
0	3
0	3
0	22
3	23
0	588
13	6
66	2342
41	358
0	0
65	377
8	737
1	268
1	0
5	0
0	14
16	131
137	885
16	0
0	1
102	237
1	1
23	482
0	0
0	0
0	0
1	55
0	0
0	0
0	0
524	1094
2	198
0	0
12	0
0	25
1269	1545
5	125
0	130
2	4
0	113
0	0
7	7
48	460
0	151
0	0
0	0
0	0
139	223
0	0
0	0
0	5068
0	0
243	348
0	0
15	0
22	1256
78	432
0	333
0	337
0	277
0	337
52	211
0	0
1	0
1	0
0	0
0	0
0	0
0	0
0	0
1556	0
0	14
0	541
10	0
0	8
0	0
0	0
0	0
16	5
2	0
2	0
0	13
0	117
0	72
0	91
0	0
0	150
0	16
0	120
0	27
0	27
0	38
890	1852
1	0
0	0
78	290
0	0
0	0
0	0
0	13098
1	23
0	13359
0	3229
0	3422
0	31299
0	6902
0	23159
0	946
0	0
28	199
30	75
0	0
0	0
7	52
102	0
2	0
0	8
0	0
171	5
6	576
4	28
3	4
0	0
11	315
0	4
3	520
34	40
2534	10879
0	17941
9	38026
0	0
19	72
0	0
0	50
1	19
0	0
0	0
0	1
184	789
0	2
34	118
0	126
25	554
0	0
5	3344
0	0
0	0
0	0
0	0
0	0
0	0
0	3034
0	51
0	1305
2	0
0	3002
14	6
0	3035
3	1122
0	0
0	3028
0	3025
0	69
0	5
0	0
56	202
0	0
0	270
0	665
0	1329
19	4063
18	8
61	847
0	0
26483	7221
42379	13971
732	3065
0	0
0	0
13	89
102	0
0	0
24	0
21	0
1	0
408	1173
99	592
4	35
0	0
19	4
2	30
71	1866
11	18887
0	0
19	15
1499	1885
0	1
13	105
56	1
0	0
0	44
0	129
2	0
0	1
0	0
2	0
207	1058
2	0
1	0
0	0
5	295
3	32390
5	33
0	13
0	4674
0	24270
0	37095
0	24932
31	493
0	2
0	0
0	546
4	1101
4	0
0	23196
0	183
0	44973
0	21853
0	35925
0	842
0	116396
0	116340
14	181
0	0
3	0
862	1315
21	6
1	0
609	1
47	185
54	4407
0	55
1	0
0	0
33	8
0	277
5	794
2	1
176	724
1	0
3	0
0	47
0	0
1	0
0	3
7	25
0	0
0	0
0	26
0	6
0	4
0	26
1	25
0	26
0	0
0	0
0	0
2	173
0	6
0	0
61	1178
0	155
0	146
0	957
0	0
0	1636
0	0
0	0
0	266
142	3329
1	0
33	559
0	16
20	200
40	10
240	719
252	309
0	387
2	8
0	0
0	0
0	0
270	766
0	1
156	1304
32	0
0	0
67	171
241	0
0	200
493	0
4	0
1	0
0	66
0	197
0	2
0	4
0	4
0	0
0	0
0	0
0	0
0	0
0	117943
0	3
0	0
0	4
11	6
0	0
0	845
0	0
1	0
0	0
2	90
0	0
0	1
26	623
0	1
0	0
2	4
0	1
2	0
11	0
5	50
13	9
0	3810
6	1668
0	0
37	226
74	339
0	0
0	4230
0	3028
0	3023
0	0
0	3027
0	3022
0	987
0	3028
0	3023
0	0
0	6
0	0
0	113
449	0
0	158
126	1198
0	0
3	0
4	1
0	1527
0	0
0	39363
2	24231
13	104362
212	1075
0	0
3	6782
0	940
0	96462
0	91
55	0
13	0
2	28
0	473
7	322
0	2
0	2
2	0
0	1
0	180
100	3257
0	0
0	0
263	1571
14	127
0	0
0	0
0	3918
0	939
1	111877
0	15341
0	940
0	1128
1	0
0	7
0	13
40	0
3	58
1	28
0	0
0	0
0	3
0	0
0	1
5	186
3	0
0	0
0	0
1	12
4	24
1	0
2	0
0	1
0	0
0	0
39	186
0	5
0	5
0	0
0	2
0	2
0	61
1	3
0	83
0	5
0	0
0	0
0	0
0	68
0	1
1	0
0	0
0	3
0	0
0	0
6	2
0	0
0	1
0	1
0	7
0	4
0	27
1	1
0	0
0	985
17	1165
479	677
0	0
0	21
93	866
1	8
0	0
0	0
0	2
0	0
1	0
67	78
3	0
0	0
12	1072
0	0
1	0
73	1885
0	0
0	0
15	580
0	0
0	0
246	1515
0	0
0	122
1	24
0	0
0	2
9	5
0	0
0	0
34	89
0	0
0	0
0	0
0	0
30	148
3	202
0	0
0	0
0	37426
2	0
1	0
0	184
2	0
3	0
0	0
70	0
8	0
0	7
91	1385
25	75
19	0
4	0
1	0
0	2
0	0
0	0
108	1803
3	3740
4	0
0	0
0	2
5	2
0	77
4	373
3	0
0	812
6	812
3	1769
10	3
0	3
0	1702
77	0
8	0
0	0
0	143
0	167
0	3
2	72
0	0
0	1985
1	0
0	13
0	22
7138	18409
13	11099
12	128
39	2
30	9
31	9
0	0
0	2
0	0
1	0
0	31000
1	752
0	32781
0	427
0	68736
0	609
0	0
0	0
0	0
0	0
0	0
26	179
182	656
54	0
0	0
0	0
0	3
0	2
2652	2
6	933
0	0
0	15
2	1
0	1
724	0
0	3027
0	2972
137	3652
0	0
0	0
98	6
0	4
17	0
0	0
154	228
70	439
4	0
0	847
0	0
15	956
16	0
0	170
0	0
1	15
0	516
7	0
0	0
0	0
0	170
1	316
1	0
2	7
0	0
59	427
33	6
7	0
7	13
0	0
0	0
9	17
4	111700
0	16184
0	11602
0	937
41	129
0	0
0	0
0	25441
2	275
0	0
16	0
0	0
0	0
0	0
0	0
45	55
0	5
69	422
0	116396
0	17775
13	0
0	119
0	13
0	76
0	16
0	114
0	16
0	87
0	16
0	98
0	95
0	16
0	12
0	120
0	15
0	8
0	1
11	0
10	16
3	0
0	116407
0	4560
0	89571
55	707
616	1837
6	0
1	32243
0	938
0	0
0	940
0	20945
0	14434
0	7914
0	11
0	40
0	0
5	0
0	2448
0	1437
41	0
0	0
0	0
56	0
0	0
1652	6935
2	0
0	0
131	129
155	227
1	0
2	0
0	0
0	0
61	858
5	645
3	0
0	0
2	0
27	349
0	3
11	4
9	0
202	186
0	0
54	371
0	0
0	2
1	1759
0	1
64	373
2	1
0	0
0	0
0	0
3	0
0	7
0	410
0	12451
0	1165
0	16120
8	0
0	0
0	0
0	28
1	0
14	0
0	0
2	0
563	3
24	0
2	3
9	0
9	0
5	0
0	0
0	0
3925	2
0	0
0	3
0	2
164	0
0	0
3732	2
0	0
0	0
0	0
14	2
0	1
0	0
33	10
0	0
0	0
2	28621
0	938
4	8105
0	21999
0	1003
0	24271
0	69111
0	47814
47	119
114	51
259	718
0	0
0	194
0	122
1	0
0	4
6	1
1512	6117
66	38
15	297
57	1
0	0
0	46
2	112834
0	115304
1	113781
5	41
0	0
0	0
6	0
1	0
1	21416
0	64344
0	970
0	9
0	1
1	2
1	110907
0	8915
0	23168
0	35890
0	0
12	0
0	1
0	0
0	1
0	0
1	0
10	428
0	0
0	0
1	0
0	1
1	0
0	0
0	0
0	0
139	2
0	0
0	0
11330	5
11	0
11	2
0	0
0	0
0	0
330	74
44	74
2	0
0	1
10307	517
95	0
312	512
0	0
0	0
14	0
0	0
0	0
558	0
0	0
5286	2965
0	1252
0	0
0	0
781	1721
1	1
0	0
5	0
5	0
3	0
0	0
0	0
22	16
5	2
0	0
0	34
0	42
0	0
0	2
0	2
2	16
0	0
0	0
0	0
12	0
0	178
0	0
0	3
0	0
0	0
20	4
0	0
1	0
581	0
0	0
7257	209
217	205
1	1
0	0
1	0
0	0
11	0
0	0
0	14
0	24
0	1429
1	14
937	1
0	0
2	4
2856	3
0	0
1	2270
1	0
0	0
0	0
4	2
0	1
1	2
0	0
0	2270
0	4
1	0
0	0
0	0
1	0
0	0
133	257
9	257
4	1
0	0
0	0
1	0
0	0
1	0
1123	0
0	0
2	0
0	0
7098	0
0	0
0	3
123	0
0	0
0	0
8	1
0	2
7	0
3	1
300	0
0	0
1501	386
3	0
186	385
7	1
18	2
22	0
1475	2
0	0
0	1
607	0
0	0
10	0
0	0
4	1166
0	11
0	0
0	0
0	0
18	0
0	153
642	0
88	0
0	0
0	0
0	0
0	0
0	0
0	0
0	0
0	0
15	0
6	1
2226	0
1	0
0	0
4038	1
3	0
0	0
0	0
1	0
0	0
0	3
0	0
3977	224
8	224
1	0
0	0
0	0
100	23
0	0
0	10
0	207
0	0
0	0
2602	0
13	0
0	1
8480	1
8	31
0	0
0	0
8	0
0	0
0	0
3167	1
6	0
478	0
1	0
0	0
0	2
0	18
0	0
0	0
34	0
0	0
0	0
0	0
0	0
0	0
0	0
65	0
27	42
2063	42
42	0
3090	0
0	0
3	0
55	0
0	0
0	0
714	0
3	0
0	0
1	0
15	0
0	0
0	0
2895	1
1	0
0	0
2	0
6	0
0	0
1240	0
0	0
551	1
0	0
4	0
0	0
49	0
0	0
922	2750
61	1164
61	2491
4	0
129	0
0	0
15	0
1845	13
12	11
1	0
22	0
1	0
4580	2
1	2
31	0
0	0
747	773
3	4
1497	1
3555	3
0	0
0	0
250	0
1	0
0	0
2	0
49	0
0	0
0	0
0	0
565	0
3628	0
1	0
499	0
528	0
96	0
0	0
1079	0
0	0
0	0
780	852
0	0
37	83
17	127
0	0
0	0
0	2
0	0
213	0
0	0
671	21
0	0
277	21
2	0
0	0
2347	1
0	0
0	0
0	0
242	32
0	0
0	0
0	3918
0	0
6	0
0	0
0	0
0	0
1637	0
0	1
30	0
165	0
4174	3
274	163
82	163
3	0
2	0
0	0
0	0
50	33
1	0
142	22
49	20
10	22
45	19
0	0
40	91
31	100
0	0
2	82
0	0
0	0
60	60
0	0
0	10
399	570
391	570
56	0
1302	0
3	0
0	0
8	0
584	316
7	0
0	0
1	0
113	192
0	0
4	0
17	646
9031	663
103	0
19	0
126	291
0	0
6	1
21	1
5	0
4	0
12	0
0	0
4	0
0	0
948	0
0	0
0	0
1260	0
2200	0
0	0
8	0
2181	0
4	0
0	0
139	5
0	0
1596	0
0	0
1	3
2	2
6	33
388	0
1	0
0	0
7	0
123	0
198	45
5	0
0	0
1711	1
4774	1
1684	2
2	0
0	0
2431	0
0	0
0	0
0	0
3724	2956
40	0
7	0
16	3
2	0
4	0
9	21
629	589
26	0
2	0
2	3
0	0
0	0
6	0
0	0
0	0
0	0
0	0
0	0
348	471
7	21
4	6
0	206
2	0
0	0
7	0
141	0
0	0
1	0
0	199
7	0
1645	0
306	232
451	536
169	513
0	0
1	0
0	0
0	0
6	0
583	455
807	69
0	0
0	0
0	4
0	0
0	0
0	0
762	0
2	0
112	0
1622	0
11	0
864	0
276	0
51	0
9064	0
0	0
14021	1492
1077	1482
0	0
0	0
0	0
0	0
0	0
0	0
79	66
4	0
1	0
1739	1522
1	40
0	0
0	0
1	0
0	0
0	0
2750	1715
6	1714
0	5
32	5
12	0
3	0
29	0
0	0
0	0
52	0
11	0
30	0
2	0
2	0
0	0
0	0
0	0
0	0
0	0
2	0
162	7
10	0
1	0
5	0
18	0
0	0
8	0
6	0
0	0
531	159
0	0
0	0
19	0
0	0
15	0
52	215
30	0
3186	1
1791	1
7	0
0	35
0	173
48	1415
0	124
3	270
80	1449
0	6
153	556
1	264
0	0
0	0
258	72
6	0
2	0
0	0
212	125
901	352
1	0
5629	2
41	50
1078	308
0	0
0	0
0	0
77	0
17	0
3	0
77	50
817	903
140	677
9	15052
10	0
0	0
0	0
4	8
71	26
948	0
0	0
0	0
41	0
0	0
66	151
354	151
0	0
2137	0
0	0
1423	0
0	0
680	1
4	0
6	1
0	0
53	27
0	0
0	1
37	5
0	0
638	0
0	0
23	2
3065	704
5	704
12	0
0	0
0	0
10	0
0	0
988	0
5	0
156	0
134	0
916	1
4	0
2924	1
2	0
2	1
0	0
0	0
0	0
0	0
0	0
1	1
0	0
0	0
0	0
0	0
0	0
0	0
0	28
1450	30
119	0
0	0
0	0
0	0
0	0
1	0
1	1
15	0
667	0
0	0
0	0
0	0
0	0
0	0
0	0
3	0
319	0
0	0
5	7
3	0
5	0
8366	4465
20	4452
0	1
6	0
253	82
0	0
3	1
2	0
773	50
0	0
0	0
0	0
0	0
0	0
619	1
0	0
5	0
1	0
0	0
95	0
2659	1
7	0
2712	0
0	1
0	0
0	0
0	0
4045	0
15	0
1254	0
3	8
11	49
0	0
0	0
0	0
6	0
22	199
2	0
97	32
2	0
18	0
53	85
8	43
2	18
0	0
0	0
327	305
0	1
0	0
763	1161
295	1220
0	0
175	1195
117	1195
4	8
8	0
2755	0
0	0
297	70
34	0
0	0
413	0
2	0
0	0
2187	2
0	0
1636	109
30	106
6	0
2	0
2623	210
17	154
0	0
363	788
6	0
0	0
0	0
703	0
0	0
0	0
12	15
151	0
0	0
4844	1
0	0
3893	4490
61	4490
0	0
0	0
8707	1791
141	1788
2	0
2485	3760
32	3760
0	0
0	0
0	0
4	0
4	11
15	63
0	0
14	8
0	0
2	0
2	0
1	0
3	0
0	0
0	0
0	0
4	0
65	16
0	16
41	0
0	0
0	0
2454	1
7	0
4	0
0	0
0	0
285	0
0	0
4	4
1	0
0	0
4	83
3	0
0	0
1	0
13	0
0	0
128	145
0	0
0	0
0	0
1059	10807
7	10807
0	0
5	0
29	1
0	3
1	3
373	321
1	321
439	337
0	0
207	0
192	130
59	130
0	0
15	337
5882	2
2	0
0	0
126	186
0	0
22	109
0	0
434	93
0	0
0	0
5963	0
235	0
0	0
0	0
1011	1
21	0
0	0
2729	3
3	0
35	18
14440	3
127	3
101	7
9	0
0	0
0	72
1508	72
2397	0
0	0
1	1
4	0
0	0
0	1
0	0
0	3
2	0
0	0
1	0
0	0
146	0
0	0
0	0
2	0
0	0
0	0
2	0
0	0
2	0
1042	0
6	15
0	0
297	0
0	0
202	0
0	0
499	0
1	298
2146	298
42	2
618	0
2	0
0	0
20934	6
0	0
43	10
126	10
11	47
0	0
0	0
28	11
90	26
0	1
1	0
0	0
1	0
3	0
0	0
61	0
27	0
0	0
0	0
0	0
0	0
66	51
133	0
103	71
96	158
6	5
470	399
342	0
1866	1
1429	1
2	0
341	2466
519	2466
0	0
0	0
553	1
5	0
0	0
15	0
0	0
0	0
74	0
4	0
6	0
2	0
0	0
99	0
0	0
5	0
1	0
0	1
0	0
17	0
18	3
1	0
5	0
365	0
0	0
0	0
0	0
9	0
4	0
3	1
5	0
5	0
560	0
22	0
0	0
31	0
6	0
775	12
5	12
52	211
22	210
0	1
0	0
0	0
3	0
2979	1
0	0
4814	1
0	1
0	0
0	0
3878	1
7	0
211	0
0	0
0	0
11	0
2034	1
0	0
4	0
0	0
4	24
375	24
0	0
4	2
0	0
26	0
102	0
496	3
4	0
4	25
3296	25
0	0
1	0
1	0
0	0
22	0
2	0
8	0
0	0
1838	1
361	543
809	543
6	0
1463	2
1	4
0	4
0	54
4	2
0	0
244	0
1	0
572	0
0	0
0	0
27	0
0	0
0	0
0	0
2	0
0	0
1	0
115	0
0	0
5	0
4	0
0	0
0	0
9	6
0	13
12	11
0	0
1	0
2	4
6	10
2	2
0	0
0	1
4	4
0	0
0	0
15	16
0	0
12	27
0	0
3	3
0	0
4	0
4	0
0	0
0	0
0	0
0	0
0	0
1	0
265	0
0	0
1148	1
0	0
0	0
1870	1
0	115
0	0
1	0
8	0
0	1
1	0
0	0
2	0
29	0
3	0
0	0
1	0
1366	1
18	5
0	0
0	0
0	0
3	0
0	0
1	0
8	2
5	0
0	0
3	3
0	0
2	0
3	1
584	0
17	48
0	0
2486	1
0	0
0	0
14	0
7978	4
0	0
2	0
0	0
0	0
1	0
3	0
3	103
0	0
744	0
1	9
0	0
0	0
2	0
0	0
5	9
491	200
70	200
44	0
0	0
0	0
1006	0
6	0
6	1
0	0
39	0
40	0
1	0
1395	0
3	0
0	0
0	0
0	0
0	0
0	0
2	0
0	0
3	0
1	0
0	0
0	0
1	3
2	0
143	0
0	0
332	1
0	0
195	461
0	461
0	0
0	0
465	0
237	1
0	3
1	3
10	0
125	11
2	3
2500	4
37	3
0	0
18	9
1	9
0	0
2116	0
428	0
656	0
33	0
1441	3731
11119	3734
3	0
8	0
0	0
0	1
176	1
6	0
7	0
1	0
5	0
397	0
12	7
1	0
3	0
7	0
2	31
15	31
0	339
0	0
8	1
1	0
113	15
0	0
46	15
40	4
0	0
10	0
0	0
5	0
246	0
0	0
31	4
0	0
1	0
0	15
24	2
0	0
0	0
0	0
1	0
17	0
11	1
0	0
1	0
0	0
0	0
0	0
2	0
0	0
7	0
4	1
1547	0
5	0
0	0
2	593
0	0
1302	1
0	0
501	0
116	104
0	0
2	0
0	0
18	7
0	0
31	0
0	0
0	0
7	5
5	45
1	0
0	0
0	0
442	0
0	0
2	0
0	0
0	0
0	0
0	0
0	0
0	0
40	0
2	0
1	0
4	0
2	0
0	2
0	0
0	0
0	0
361	0
2	0
13	0
0	0
0	0
0	0
0	0
556	405
481	1662
0	0
0	0
1	0
34	0
1	3
1310	1806
7	455
12	0
1477	3
39104	12
0	0
0	4
5	0
9	5
5	7
23	5
13	4
0	0
17	0
2	0
0	0
1	0
2	7
0	0
34	7
958	0
0	0
0	0
0	0
0	0
3	0
0	0
0	0
0	0
1	0
2	0
8	5
4	0
1	5
0	0
0	107
0	0
0	0
81	0
0	0
0	0
1	0
0	0
0	0
5083	7401
0	7401
0	0
0	0
0	0
0	0
179	0
0	0
506	0
444	0
0	2
957	2
2	0
15	215
1	0
0	0
1995	0
2	0
2	0
7521	2
0	1
1	0
0	0
0	11
35	63
0	0
0	0
593	2
0	0
0	0
31	1
788	391
4	391
0	0
159	0
3	0
282	0
5	0
8	0
159	74
173	1
3	0
0	0
27	0
1456	1
0	0
1	0
1215	0
1	1
39	4
4	0
0	0
0	0
0	0
0	0
0	0
420	0
0	0
0	0
0	0
700	0
0	0
3	0
61	11
0	0
0	0
0	0
35	0
2361	0
0	0
1	0
0	0
0	0
0	13
2164	1
785	3940
3	0
0	0
5	0
30	5475
0	0
11	5475
11	0
99	0
0	0
0	0
0	0
0	0
0	0
1937	0
0	0
0	0
5	0
0	0
2	0
1995	0
1227	1
0	0
0	0
0	0
5018	1
0	0
0	0
2	0
2	240
2942	364
1	0
23	96
18	4
0	0
0	0
0	0
2	0
23	0
8	0
0	0
13	16
16	4
3	0
1	0
5	1
1	0
0	0
1	0
0	0
17	9
0	9
1	22
0	0
4	0
0	0
0	0
0	0
0	0
0	14
0	0
3	0
0	0
2	0
4	13
2	0
827	910
2	0
79	2
1	37
56	863
1	0
8	0
207	0
0	0
0	0
14	0
202	0
0	0
6827	1
0	0
5	0
0	0
3590	1
3	1
4	0
63	0
0	0
0	0
0	0
1	1147
13	1147
29	56
46	56
5483	2
0	0
225	0
0	0
222	0
2	0
4	0
2348	0
0	0
0	0
0	0
0	0
1	0
0	1
2388	0
0	0
2	0
112	0
0	0
849	0
1	0
1	0
0	0
2922	1
11	0
1019	0
0	0
0	0
1	0
0	0
0	0
0	0
0	0
0	0
2425	0
0	0
0	0
0	0
2	0
71	0
185	0
1	0
0	0
403	1
19	0
0	0
15	72
0	0
0	0
0	0
0	0
348	766
0	0
0	0
0	0
0	0
0	0
991	0
0	0
0	0
0	0
0	0
0	0
259	54
0	54
0	0
0	0
18	0
2371	0
0	0
1	0
0	0
0	0
1	0
1942	0
291	0
0	0
0	0
0	0
0	0
0	0
3893	0
0	0
2	0
2	0
4	0
1645	0
1	0
15	0
8	1
953	356
0	0
3	0
0	0
0	0
0	0
0	0
0	0
22	12
104	12
0	0
5791	0
0	0
0	0
413	0
0	0
130	214
35817	223
4	0
0	0
0	0
375	0
1125	0
39333	14
38	270
299	201
9	1
7	0
166	5
59	0
1	0
0	0
0	0
16588	52
223	5
47	39
0	0
0	0
654	0
273	0
0	0
725	1
0	0
1561	0
15	0
4	1
0	0
0	200
7	0
971	0
0	0
0	0
0	0
3847	9
2280	0
288	0
8657	0
17	0
10	0
0	0
0	0
0	0
18863	10
2303	0
517	20
0	0
0	0
69	522
198	590
41	8
0	8
55	8
0	0
369	20
118	100
0	0
0	0
3	0
4765	0
1136	0
0	0
1053	2
0	0
19	73
2	73
31	1
13	9
0	0
0	7
1	0
9	1
0	0
0	0
0	0
341	0
0	0
2	1
0	30
0	0
9	4
0	0
0	0
0	133
100	9
316	57
22	48
2765	4
0	0
7	1
3	0
57	0
31	45
1	45
4	0
11	3
12	0
53	0
0	0
7	0
109	0
137	0
67	0
0	0
0	0
1913	179
0	0
2	0
4	0
83	0
0	0
5742	1
5	0
98	0
4	0
21	0
1	0
4985	3074
12	3072
0	28
2657	937
0	0
2	0
101	1248
9	0
1156	454
0	177
25	0
917	1
28	29
1911	29
11015	5
57	4
19	0
2787	2
0	0
0	0
1620	0
8	0
6166	234
3	234
1140	0
0	0
0	0
0	0
0	0
0	0
15	2
156	203
0	203
2	0
8	0
0	0
506	48
123108	81
35	248
248	248
0	0
0	0
0	2
1103	0
0	0
0	0
2869	1
0	0
792	0
0	0
0	1
172	0
24	29
0	189
12	1
7	0
0	0
38	0
7	0
2782	0
67	0
6728	2
0	0
804	0
10	0
11	44
2	0
1736	0
2	0
12	0
1	0
0	0
0	0
574	0
0	0
0	0
0	0
6	1
5983	388
0	0
0	0
1	0
3	2
4	5
7	440
506	1133
0	2
1	795
4	34
0	55
0	62
0	0
0	0
0	0
0	0
0	349
86	0
0	0
0	0
0	0
0	2
0	0
19	11
0	7
0	10
0	5
2	20
1	28
0	203
0	0
2	359
0	5
1	11
10	0
2	31
0	5
29	0
0	0
0	379
7	227
3	3
0	1
0	0
55	2
0	2
17	487
0	83
0	0
1	6
0	3
0	0
42	65
0	0
0	0
215	233
5	24
24	209
4	0
1	0
0	0
6763	3
4	0
319	1
7	0
0	0
0	0
0	0
928	1
0	0
0	0
0	0
0	0
517	0
45	0
245	0
0	0
0	0
1	0
0	0
0	0
0	0
664	0
0	0
4	0
0	0
0	0
0	0
0	0
629	0
0	0
0	0
42	0
0	0
0	0
6	0
131	0
0	0
0	0
0	0
13327	2
0	0
410	4
74	0
0	0
0	0
0	0
334	351
219	351
0	0
5	0
80	0
5	82
1593	86
16	3
1923	1
0	0
4477	1
0	0
0	1
0	0
1	0
249	107
12	107
6	0
503	0
9	1
0	0
1	0
0	0
174	0
0	0
5	0
0	0
0	0
1106	0
3	0
0	0
0	42
0	0
0	0
0	0
41	0
0	0
0	0
0	0
0	0
0	0
7	0
0	0
1	0
8	0
0	0
12	1
472	0
5	1
0	0
0	0
0	0
0	0
0	0
30587	18215
0	2
0	3
0	4
0	2
0	0
0	2
0	2
0	2
0	0
481	0
0	0
0	0
11197	3
0	31
81223	21
3	0
10	0
537	13154
228	0
33	0
5	0
325	7762
23	511
0	1
37	1
0	0
0	13
530	320
26	320
1	16345
13	0
109	11
186	17107
4289	1
0	0
726	0
0	0
1	0
183	0
0	0
2	0
0	0
2	0
2809	1
1	0
1103	16731
1	0
2	0
1719	0
1	0
0	0
0	0
2019	2634
2	2633
2	0
0	0
31	0
0	0
0	0
0	0
0	0
5394	853
16	852
5	0
3321	0
0	0
7873	7
0	0
0	0
0	0
2453	226
0	226
2	0
0	0
7	0
3	0
7	1
0	0
7	0
0	0
0	0
14	0
7015	0
1189	1
119	0
1	0
0	0
0	0
0	0
0	0
3312	3
172	1
0	0
0	0
3	0
0	0
531	0
0	0
3	0
0	0
204	346
6	346
4	0
0	0
0	0
0	1
1795	0
9	0
2	0
12	0
0	0
1	0
705	0
0	0
107	0
0	0
69	0
997	0
0	0
68	0
0	0
0	0
0	0
0	0
0	0
0	0
0	0
0	0
0	0
871	2
0	0
3712	0
3328	0
0	0
0	0
1857	1
0	8
9	8
17	0
31	0
81	50
0	46
9	49
1	0
0	1
0	1
0	0
1602	0
1	0
410	0
492	0
3519	0
0	0
0	0
4	0
0	0
1	0
492	0
3616	0
3	0
136	0
0	0
1	0
38	0
1	0
0	0
1	0
0	0
0	0
0	0
3	0
1	0
4644	2
2945	1
0	0
1	3
2	16
742	16
1	0
1434	1
0	0
0	0
0	0
381	390
12	390
1	0
724	0
0	0
0	0
0	0
0	0
0	0
0	0
0	0
205	1
4	0
0	0
24	0
0	0
2	0
3	0
489	3
3	0
11	0
3	2
0	0
4	42
0	0
0	0
764	1
0	6
1453	0
2	0
3	0
0	0
513	1
179	0
648	0
0	0
14	6
2032	266
714	266
0	0
0	0
1802	1
0	0
203	1
131	0
0	0
0	0
0	0
0	0
2	0
2	56
2	0
0	0
0	0
0	0
0	0
0	0
0	0
1	1
3	3
0	0
1219	706
1	704
14	0
5	0
0	0
0	0
0	1
22853	3556
17	3547
0	26
3	26
1	0
8	3
2452	1
60	0
467	0
2043	1
4	0
1667	0
1322	0
1	1
502	1
2161	1
0	0
0	0
698	0
290	0
5	0
6	0
0	0
3	0
9	1
357	4399
0	0
1467	934
51	280
45	0
4	0
23	0
0	0
4	0
1	1
0	3
3131	0
2	0
3	0
6	0
0	0
2	0
4801	0
0	0
5035	0
0	0
105	0
704	0
4	0
0	0
0	0
2437	2
39	1
32	0
1	0
31	10
2272	644
0	643
0	0
220	0
41	0
0	0
0	0
15	0
15	0
4	0
1252	14
0	0
0	0
847	0
0	0
0	0
121	0
0	0
78	0
12555	3
0	0
5	0
0	0
17	0
0	0
0	0
0	0
59	0
20	0
1227	1
650	0
4	0
7091	3
32	2
597	52
5	52
0	0
0	0
0	0
0	0
0	0
0	0
2	0
0	23
0	0
0	1
1	0
15	23
0	0
4	1
1047	1363
102	1365
0	0
747	20
860	20
2	0
2	0
1747	0
3	0
0	6
0	1
11	22
5	4
0	0
114	6
7	0
0	4
0	0
0	1
1	89
6684	91
201	0
4	0
17774	5
26	0
3495	0
0	4
18	0
0	0
1	0
0	0
287	0
0	0
2368	1
5	0
0	0
0	0
235	24
43	0
3	24
23	0
2	0
2382	4
5	3
160	0
5	0
23	0
0	0
7	0
4	0
0	1
4979	495
1	495
0	4
0	0
0	3
2	0
370	0
3015	2
2559	1
0	0
0	0
0	0
934	0
0	0
0	0
0	0
1	62
0	65
12	52
117	0
2	85
1291	85
8	0
295	0
0	0
0	472
72	0
627	0
3	0
25	0
1731	0
0	0
1008	592
356	592
1	0
398	0
5	0
0	0
535	0
0	0
51	50
15	8
11	49
0	0
0	0
3	0
1	0
1864	21
81	3417
6618	33
22	20
88	33
2487	3417
0	0
0	0
8555	259
0	256
0	0
1	0
4056	0
7	0
798	1
0	0
0	0
0	0
12920	5
2	0
0	0
1	0
3	0
0	0
922	1
13	0
0	0
0	0
0	0
0	0
3	1
4	8
0	0
2	0
5	38
45	38
0	0
0	0
0	0
0	0
9	0
1	0
0	0
426	4
2	0
6	0
0	0
4	0
7	0
0	2
4	2
2	0
0	0
3	0
0	1
282	433
8	433
1	1
0	1
0	0
1	0
313	0
0	0
24	0
124	0
11103	2
2027	0
1	0
0	0
1	0
2	0
7	0
7	0
1	0
0	0
571	0
248	211
2	0
0	0
1349	0
17	0
38	0
0	0
5	0
18	0
352	0
0	0
0	0
1817	108
41	106
1	0
2338	0
646	0
94	0
0	0
0	0
4	0
0	0
0	0
7	1
0	0
1575	0
15	0
0	0
0	0
0	0
8	0
0	0
0	0
0	0
1303	0
2	0
0	0
1	0
0	0
284	0
0	0
0	0
0	0
32	35
7	35
461	0
0	0
1136	0
0	0
6	0
10	0
2251	1
0	0
28	297
274	297
2488	3
0	0
5	0
0	0
0	0
13230	0
1	0
8	6
32	0
320	77
2	0
33	0
0	0
7	0
1	0
764	0
0	0
0	0
107	77
1202	0
0	0
0	0
0	1
779	206
58	206
978	453
0	452
0	0
3617	2
8	0
0	0
0	0
19	0
4532	0
2	2
1516	0
0	0
0	15
3	0
1946	1
15	0
0	0
0	0
1187	0
105	50
345	50
3	0
1	0
87	1
10050	3
0	0
24	2
9	0
0	0
989	0
0	0
0	0
0	0
1	0
0	0
0	0
0	0
0	0
3	0
2401	0
2	0
2	0
13	2
137	0
0	0
0	0
0	0
0	0
2	0
768	8
6906	4
8	0
0	0
1	0
1483	0
12	0
57	3845
5774	3847
10	1
235	0
762	0
0	0
0	0
320	0
0	0
0	0
0	0
4003	0
0	0
2	0
0	0
6	0
0	2
0	29
0	1
1461	0
0	0
0	0
0	0
3	0
0	22
3	40
0	27
7	14
6	14
0	0
126	0
44	0
59	1
0	0
5	0
0	0
0	0
3	0
0	0
1	0
506	0
0	0
0	0
0	0
1656	0
0	0
485	0
7	30
910	30
1956	0
0	0
661	0
0	0
0	0
10	0
2337	0
0	0
2841	1
516	354
101	354
1	0
5	0
0	0
4	0
0	0
632	0
19	0
14	0
1088	176
162	175
1	0
18	0
0	0
0	0
0	0
1	0
0	0
0	0
245	0
0	0
0	0
0	0
2111	0
1140	1056
0	1056
14	1
0	0
2822	0
2247	10
11	7
0	0
2	0
236	0
24	0
162	0
0	0
6	0
44	0
1984	0
0	0
0	0
0	0
228	0
0	0
0	0
6	0
37	0
1281	2
78	11
56	2
23	1
23	1
0	0
0	0
2	1
2	0
680	1
0	0
0	1
0	0
0	0
2	0
259	1
6	0
0	0
0	0
243	0
2	0
14	0
0	0
3035	0
10	0
151	290
83	290
6	0
4	0
3	0
0	0
0	0
25	0
0	0
3772	1
0	0
4	0
261	0
0	0
5	0
11	0
0	0
1104	0
0	0
0	0
391	0
3126	0
0	0
0	0
121	0
1	0
116	11
9	11
0	0
0	0
2517	300
29	297
489	0
0	0
0	0
0	0
0	0
0	0
1	0
1634	1
909	1
0	0
2	0
6	0
60	0
18	0
442	0
2863	0
1	0
53	0
0	0
0	0
0	0
697	0
1	0
0	0
0	0
0	0
724	0
1120	1
7	1
3	0
1	0
0	0
0	0
0	0
0	0
0	0
3	0
7397	118
89	116
1666	0
0	0
231	0
5	0
2252	172
10	165
3	0
0	0
0	0
2	6
556	0
0	0
1	55
13	55
0	0
0	0
0	1
6	1
1	0
0	0
892	0
49	0
0	0
3941	1
3028	44
0	0
2	0
969	44
0	0
3247	1
1532	1
5	0
0	669
3798	669
0	0
0	0
0	0
2	85
1394	87
0	4
0	4
1	4
0	4
24	0
11	0
4	0
4	0
1	0
1	0
0	0
0	0
2656	1
7	0
2651	6266
63661	11193
376	4912
3370	1
1	0
0	0
0	0
0	0
12	25
0	0
0	0
13480	1
1	0
0	0
46	0
0	0
0	0
3	0
0	0
0	0
0	0
0	0
0	0
0	0
3	0
1169	0
538	0
0	0
1695	0
1	0
2	0
0	0
0	534
697	534
0	0
0	0
0	0
3578	5
5778	5
149	4
0	0
382	0
3	0
0	0
2	0
1	0
0	0
1358	0
4205	4
3	0
873	1
651	1
28	1
1	0
3271	0
0	0
329	0
8034	2
2	0
8	39
1690	39
0	0
17	0
0	0
0	0
0	0
0	0
1	0
137	0
39	3
4	0
0	0
0	0
5	0
12055	5
83	0
0	0
2	1
0	0
1590	0
0	0
1	0
242	0
4	16
508	16
4	0
1	3
211	0
0	0
1	0
0	0
0	0
219	77
1	77
0	0
8235	1
32	0
2078	0
2579	0
0	0
0	0
185	0
0	0
0	0
0	0
140	0
1093	0
0	0
13	0
9	0
0	0
32	0
0	0
1	0
278	0
1	0
1	0
0	2
1066	64
16	64
0	0
3027	3065
0	0
16	89
0	0
5562	2
26	0
0	0
0	0
0	0
19	0
3	0
84	0
4	0
7	0
57	1
0	0
27	0
26	0
0	0
2	0
739	0
55	55
20	55
4	0
3298	0
26	0
6	0
27	0
0	0
2950	1
3	0
1	0
12	0
2	0
48	0
2	0
0	0
1367	529
7	528
495	0
0	0
0	0
25	0
0	0
0	0
0	0
0	0
0	0
124	2
5269	503
4	501
0	0
31	0
0	0
635	0
0	0
4	0
3	0
5131	271
5	268
1	0
5	0
0	0
1	0
0	0
0	0
1	0
0	0
9	9
0	0
19	0
0	0
3	0
0	0
9	1
1	0
3	0
12	5
105	0
0	0
0	0
884	0
1	0
0	1
2643	1
741	0
0	0
0	0
2725	0
0	0
0	0
3495	0
371	1
1	1
0	0
300	0
7	3
0	0
0	91
0	132
0	0
2	2
0	0
1056	90
0	0
0	0
8	90
0	1
0	0
1	0
0	0
24	1075
7728	0
1	0
0	0
0	0
0	0
0	0
0	0
13	0
3096	2
3	0
0	0
1	0
2	0
0	0
0	0
0	0
9	0
64676	12
236	0
1	3
29	0
12	13
89	13
884	0
54	19
1555	0
1	0
86	13
0	0
0	0
261	0
103	18
4	0
0	0
809	2
448	269
24	269
0	0
2	0
4149	0
0	0
4	0
1	0
811	0
81	0
3	36
76	36
0	0
0	10
0	0
7	33
357	33
0	0
3748	0
0	0
4	0
0	0
2	0
1897	0
0	0
3648	178
1	48
225	128
114	188
0	0
0	0
253	45
1316	417
168	373
0	0
2773	2459
522	2459
151	636
1526	649
14	4
4	0
0	0
0	0
0	0
7	4
0	0
13	5
0	0
0	0
0	0
2	6
0	0
1773	0
8	0
0	0
0	0
4016	2
0	0
0	0
0	0
21	0
33	4
0	0
0	0
0	0
8990	3
229	7
14	7
0	0
8	19
366	19
0	5
0	0
693	0
1	0
17166	3
1149	0
0	0
1220	41
40	41
0	0
1	0
283	0
89	19
763	2
1	0
8	0
59	27
1	3
0	9
2	0
9446	4
0	55
918	0
0	0
189	0
0	0
0	0
2	4
2	0
0	0
0	0
0	0
0	0
13	3
0	0
3	0
822	0
0	0
1132	1
0	0
0	0
0	0
0	0
0	0
0	0
0	0
3	10
2165	3
39	0
31961	7
38	0
0	0
1	0
0	0
0	187
2831	1
0	1
2	0
0	0
127	0
1501	0
0	0
0	0
0	0
0	0
7	19
19	19
0	0
0	0
912	0
0	0
0	0
13	1
1	0
0	0
5	1
172	0
0	0
0	0
0	0
0	0
606	0
0	0
1	2
971	3
0	0
4	0
308	0
2	0
1816	595
69	593
26	0
207	60
0	0
0	0
0	0
0	60
0	0
130	12
0	0
2	0
23	0
4	0
1	12
17	0
0	0
0	1
0	0
0	0
4	2
0	0
0	0
9	0
0	0
329	0
3	0
33	10
510	10
1	1
0	0
0	0
615	0
2	0
0	0
0	0
0	8
10	1
1439	0
7	0
190	84
0	84
1	0
0	0
0	0
0	0
1	0
0	0
0	0
9	0
2855	0
8	0
2314	2
0	0
0	0
0	0
0	0
0	0
0	0
97	66
0	0
2740	0
91	1
80	1
53	430
332	430
0	6
0	2
0	1
795	0
1	1
7	3
0	0
897	1
0	206
0	21
16763	7
0	0
0	0
1834	1
0	2
999	0
449	0
5	0
68	3
15018	8
52761	16
0	0
2365	0
0	0
0	0
1	0
0	0
0	0
99	0
0	0
3248	5
81	520
0	0
0	0
948	0
1	0
2	0
0	0
8	0
0	0
2	0
34	0
0	0
0	0
0	0
78	2
0	126
0	0
0	0
0	0
1	0
917	491
104	491
420	240
159	240
4614	4818
98	6
81	2884
2612	3971
1	0
9337	530
0	0
10964	6
1	0
54	1
3	0
0	0
536	0
445	0
0	0
4	0
5	0
464	2
0	0
1076	0
981	1
4	0
0	0
0	0
715	0
0	0
0	0
3	0
8	145
70	145
6	0
4	0
0	0
303	0
2097	24
41	25
0	0
0	2
0	0
0	0
3932	0
0	0
0	0
1	0
0	0
2	0
0	0
0	0
0	193
0	33
0	10
0	0
5	0
16	2
0	0
0	0
0	2
1733	0
0	0
0	0
5155	543
7	541
1	0
0	0
760	0
58	0
0	0
428	0
0	0
1379	0
3	0
3	0
901	24
6	23
5	0
1121	0
767	1
0	0
498	0
0	0
0	0
1	0
2	0
961	0
0	0
0	0
1775	0
3242	5
19	0
0	1
16	0
33	3
0	0
0	0
0	0
14	4
0	0
6	4
18	0
1	0
1031	0
0	0
629	1
2075	0
1	1
0	1
2	0
0	0
1	0
2	0
0	0
0	0
26	11
8	0
273	6
18	2
12	0
0	0
16	0
14	6
2	0
865	0
7	0
158	0
0	0
0	0
255	0
13	0
0	0
0	0
576	1
272	318
2798	318
0	0
2	21
2	0
0	0
1849	0
0	0
3	0
376	0
0	0
46	1
1	0
755	0
0	0
2760	589
91	589
2	0
6	0
0	0
2225	1
5	0
0	0
3	0
0	0
11	1
1339	0
0	0
0	0
15	0
0	0
112	467
1425	0
0	0
0	0
9	4487
0	15
1952	0
647	0
1	0
0	0
9	0
0	0
9	47
1588	47
0	0
117	0
0	0
1063	0
357	0
124	0
196	0
32	0
1	0
6550	5
0	0
4	0
17	0
2	0
1	0
6	2
502	2
0	0
3471	0
0	1
2488	14
56	0
0	0
2179	195
0	0
19	109
66	83
175	0
2705	1
0	0
9286	7
1	0
0	0
0	0
0	0
279	118
0	0
0	2
0	2
523	1
5	0
0	0
0	0
5	0
8392	2
3	0
5	0
0	0
5892	4
2821	1
0	0
518	4
14	4
0	0
0	0
1	0
2320	0
15	0
0	0
0	0
23	0
1	0
0	0
0	2
245	138
155	138
12	0
0	0
7	0
1	0
1912	0
4	0
322	0
1	0
0	0
0	0
6	0
333	0
0	0
1361	1
2829	0
0	0
15	0
8	0
0	0
9	0
3	0
0	0
512	1
0	0
231	0
0	0
881	0
0	0
0	0
1	0
0	0
0	0
2222	0
0	0
1	0
2	0
1	4
0	1
0	0
0	1
0	0
250	1631
17566	1634
0	0
67	16
0	16
20	35
0	0
3	0
296	0
440	0
0	0
0	0
644	451
128	452
1343	1
0	0
1888	0
0	0
0	0
55	110
1	110
0	58
4	0
1	0
624	0
1	1
1	0
0	0
260	0
0	0
0	0
0	0
2	0
61	0
1	0
15	0
0	0
94	0
7	0
0	0
0	0
0	0
2551	1
0	0
3	0
545	0
0	0
459	0
0	0
313	0
0	0
0	0
15	0
0	0
4	0
2613	2
0	0
602	0
0	0
0	0
0	0
1	0
6	0
266	0
3	0
14	4
0	0
1	4
0	0
9	0
1	2
0	0
0	0
0	0
3593	3
19	0
0	0
0	0
0	0
203	44
288	44
7	0
1	0
0	0
0	0
6252	1
21757	16851
262	16845
2	0
0	324
5999	0
3	0
624	0
0	0
0	0
695	1
8	0
2067	0
0	0
2	0
1	26
3207	1
0	0
13176	4
194	4
56	217
0	0
1804	2351
263	2348
33	214
0	0
0	0
0	0
759	2
2	0
20	0
0	2
0	0
0	5
0	54
0	181
0	1
1	1
3	0
0	0
270	344
0	344
415	0
10	1
34	0
326	0
334	0
9	0
0	0
3	1
2	0
17	1
0	0
53	0
393	0
0	0
31	193
0	220
0	1
112	193
19	220
0	0
2	0
0	0
732	537
32	536
0	2
0	0
0	0
0	0
241	467
1357	1
51945	12147
191	12141
2	0
0	0
0	0
0	0
13	0
2	0
0	0
2105	897
10	896
0	0
0	0
2	0
0	0
0	0
0	0
0	0
22	0
28	17
0	0
0	0
0	0
9	1
0	0
0	0
0	7
25781	7
1823	0
0	0
0	0
0	0
0	0
5	0
3529	0
0	0
3	0
0	0
5716	7
289	0
0	0
1830	0
1791	3335
5	343
0	0
618	3113
1	0
1578	0
995	0
0	0
5	0
0	0
0	0
1735	50
2	50
489	13
0	0
0	13
1	0
0	0
88	0
5	0
0	0
0	1
0	0
0	0
7	0
20823	3
5	0
7	0
1	0
3	0
4493	1
0	0
0	0
0	0
1	0
389	0
1801	1
477	0
0	0
0	0
2204	0
1926	0
20	1
2	0
341	2
262	44
23	44
0	1
32	0
0	0
4	10
1271	1445
2	0
1425	1445
0	0
2	3
344	558
36	0
10	0
3	2
0	2
599	0
8	0
1	5
878	558
5	0
6595	2
1750	1
3410	0
0	0
0	0
0	0
0	0
6364	6
92	0
0	0
1338	1
84	0
299	0
1	0
1	0
8	0
3	0
381	0
2	0
0	0
0	0
2	0
29	0
12	6
1	0
0	0
1152	0
1068	0
0	0
0	0
0	0
696	1
2	0
1	0
2	0
2	0
0	0
562	0
0	0
0	0
15	0
0	0
85	16
0	6
0	0
0	1
2892	1
1	0
448	0
639	312
7	310
1919	0
0	0
0	0
1	10
0	68
9739	2
407	0
2	0
1	0
4	0
1	1
169	0
227	0
0	0
139	0
0	0
3512	311
115	311
87	0
118	0
153	0
21	0
45	0
312	298
0	298
55	0
2	3
1	2
0	0
0	0
15	0
17	4
9	4
0	0
5	0
0	0
3	0
6	0
3	0
0	0
1	0
2	0
1736	0
0	0
0	0
14	4
2	0
7	0
2	0
21	0
0	0
11	0
2	0
13	4
0	0
0	0
0	0
430	0
0	0
117	0
12	0
1	0
4656	2
16	106
0	0
0	0
2	106
3	0
1	0
0	0
1	0
330	2
0	0
0	0
38	1
0	0
0	0
5	0
0	3
2	0
1	0
0	0
1	0
7878	3
2	0
1	0
772	0
0	0
242	0
0	0
0	0
4	0
0	0
0	0
1808	2021
0	0
6	0
175	2021
5	294
0	0
0	0
0	0
31	0
0	0
6	0
1	2201
1714	2201
5	0
0	0
114849	31
0	0
478	2215
3	0
0	0
0	2
62913	41
1	23
0	0
48	1
4	0
9	4
0	0
453	2215
0	0
0	0
0	0
0	0
2372	383
322	383
0	0
0	0
156	6
1	6
308	0
2303	2
10	1
0	0
0	0
64	27
0	0
3	2
11	0
49	0
37	0
3261	0
0	0
7671	0
0	0
0	0
0	0
411	476
1259	475
0	0
6	3
0	0
0	42
0	0
8	0
2	0
0	26
1747	1588
0	1587
0	0
0	0
0	0
7	305
903	330
0	0
1	0
33	25
0	0
687	572
0	9
0	563
0	0
1	0
2004	64
0	0
1	64
48	0
1725	1
25	0
3397	0
0	0
301	0
0	0
17	0
0	0
42	54
2	1
32	54
0	3
0	0
48	0
0	0
49	0
5	0
2	0
0	0
1488	0
1050	0
0	0
0	1
0	2
0	0
2913	3
7	0
2	0
0	0
1	0
17	0
2	0
169	0
0	11
0	0
2	0
0	0
2483	4
638	0
2	0
28	18
2299	21
138	3
1	0
5	0
17	3
23	29
1	0
0	0
8	0
282	0
910	0
14	0
3	0
41	0
2	1
6	0
0	1
6	0
3	0
2	0
0	0
4	0
0	0
0	0
3	0
5	0
10	1
5	0
0	0
0	0
0	33
0	3
0	0
0	0
1472	1
1	0
0	0
0	0
0	0
57	0
5800	1
0	0
289	0
4	0
45	0
2905	3
0	0
1493	1
1	0
12	0
5	0
0	0
20	0
871	0
6	0
1055	0
45706	16
2	0
3	0
2	0
3	0
54	0
13	0
390	0
0	0
1	0
0	0
5	0
0	0
0	0
0	0
0	0
1998	1
0	0
7657	2
814	2
0	0
9	0
203	0
0	0
0	0
1362	0
0	0
13	0
0	7
0	0
0	0
0	319
4895	320
240	104
0	104
0	0
95	3
0	0
27	0
4	0
0	0
19	0
0	0
29	9
159	740
47	740
0	0
3	0
1	99
37	99
16	4
0	0
501	0
1	0
0	0
2	0
11	1
5396	1
0	0
0	0
524	0
0	1
0	0
3	0
223	15194
0	6
37	304
0	0
1	9
3	0
0	0
99	221
0	0
0	0
1	0
0	0
8	9
44	0
0	0
3	0
1	0
15	4
25	220
0	0
925	0
0	0
474	0
0	0
0	0
0	0
2	0
313	0
0	0
1	0
3093	2
1	0
0	0
0	0
906	0
1	0
237	0
0	0
0	0
1451	0
0	0
0	0
0	76
0	0
0	0
977	0
0	0
0	0
333	0
0	0
2	0
1	0
0	1
0	0
34	3
0	0
0	0
0	0
3	0
0	0
914	78
3	5
0	73
0	0
1	0
97	0
4	0
1729	0
19	0
661	0
2	0
10	0
10	0
7	0
2	0
38	32
42	0
3	0
16	0
79	32
4	0
8843	3
2104	1
38	0
1274	629
165	5
5	0
8	15
5	8
826	634
40	0
0	0
11	0
1	0
1	0
0	0
2	0
0	0
8	0
0	0
193	15194
56	302
11	0
3	0
2535	79
16	79
440	0
320	0
985	0
1	0
0	43
0	0
849	231
195	231
0	0
115	0
2	0
0	0
6	0
1194	3
0	0
0	0
3	0
15076	9
0	0
2178	0
0	0
3403	1
3	0
0	0
69	0
12	0
2151	2
1697	2
0	2
0	0
0	0
0	0
3332	1
8	0
1883	59
0	57
0	0
470	0
0	0
0	0
0	0
3	0
24	0
376	0
0	0
7462	0
23	1
3	0
2	0
89	0
9	0
144	0
399	0
1	0
9	0
1908	0
5	0
0	0
0	0
143	0
0	0
40	0
1146	0
0	0
0	0
0	0
0	0
22	74
957	74
0	0
0	0
0	0
0	0
12443	37746
2	37742
10	0
10	0
1927	0
13	0
0	0
3316	0
3	0
2	0
0	0
781	0
13	0
0	0
1299	5534
0	0
0	0
682	5534
1	2
0	0
0	0
5482	2
0	0
29	0
3	0
5	0
2666	883
2	883
857	0
11	13
442	2980
0	0
2	0
4	0
18	0
22	0
36	0
1911	0
1	0
3803	2362
0	0
13	1099
17	8
9	600
15	874
0	0
0	43
0	4
0	4
0	0
14680	2146
9	2144
6	0
0	0
0	0
0	0
0	0
0	0
1	0
365	0
82	2
291	0
5	0
32	0
646	2
0	1
113	0
0	0
2	0
2	0
7355	33760
489	39064
383	30569
203	24984
137	19959
0	0
0	0
0	0
6018	35523
0	0
3	0
310	0
0	3
5	1
4714	708
0	0
115	702
1	0
4658	0
0	0
0	0
10953	6
0	0
2	0
359	0
1	241
236	241
6	0
0	0
81	0
327	24
0	3
1	0
263	149
8	0
218	149
236	0
444	0
91	0
5	0
0	0
0	0
6	0
7	0
53	2
17	46
391	46
2	0
361	0
0	0
65	2
0	0
0	0
0	0
146	0
0	0
5	0
10688	4
20	0
0	0
31	1
0	1
5	0
22	0
0	0
0	0
0	0
0	0
5927	18
0	11
1474	0
320	0
1	0
0	1
0	0
1215	0
0	0
0	3
43	0
9	152
2616	460
53	0
136	0
0	0
0	0
3	0
27752	2
0	0
0	0
16	0
1388	502
1	502
1	0
30	0
68	13
0	13
743	1
3	0
0	0
3562	1
0	7
0	2
1371	1
0	0
0	0
0	0
0	0
881	0
0	0
6098	1
0	0
4	1
0	0
0	0
12	0
0	0
0	0
5	0
6	6
46	0
0	0
0	0
5	0
0	0
0	1
91	0
0	0
36	15
439	0
1	0
343	0
1	0
0	0
1114	1
0	0
3	0
172	927
1919	927
517	0
3	0
0	0
4	0
3	0
58	0
10	0
622	0
0	0
1	0
0	0
3	0
12	6
9	0
18	3
674	0
0	0
34	0
350	0
0	0
228	1
0	0
68	78
4	1
22	2
2	0
1	0
21	4
33	0
86	235
0	0
273	181
78	0
0	0
0	0
0	0
280	0
0	0
0	0
0	0
1846	0
6173	1
0	0
7430	1
0	0
164	0
0	0
0	0
3	0
8	3
0	0
2305	1
0	0
0	0
2	0
25	0
0	0
18	0
4	7
0	0
255	0
4	0
4	0
0	0
3954	0
0	0
0	0
1	0
1	0
28973	3
1507	0
0	0
0	0
0	0
7	0
0	0
0	0
3	0
5	0
0	0
10	0
2	0
0	0
0	0
0	0
0	0
0	0
9	0
0	0
7	0
0	45
302	47
2	0
7	0
0	0
60	0
0	0
0	0
2213	0
0	0
0	0
0	0
0	0
744	0
0	0
1	0
1	0
2814	0
0	0
0	0
1	3
0	3
341	0
0	0
0	0
40	0
1	0
5	0
2	0
43	0
0	0
1339	0
367	10
2	0
0	0
0	0
2	0
0	54
192	56
0	0
1	0
0	0
0	0
1	0
209	11
2402	0
3	0
0	0
4113	0
2809	0
1	0
0	0
0	0
0	0
9227	4
4	0
0	0
639	0
1	0
5	0
0	0
0	0
0	18
5814	1
4	0
0	0
0	0
0	0
1	4
5	0
6	0
222	1016
11	1016
0	0
2	0
1135	1
0	0
769	0
964	1258
0	0
0	0
0	0
0	0
10	0
11	0
2250	211
0	211
2	0
1	0
1804	1
1	0
0	0
31	670
0	0
4	0
96	231
6	231
0	0
1	0
14	2
17	0
29	0
12	0
0	0
8	0
0	0
0	0
5	0
0	0
0	1067
4	1
8	12
0	0
0	2
72	1
822	656
0	0
2594	0
33	78
1	78
8	12
5	12
0	0
1	0
8	5
0	0
0	0
1	0
0	0
748	0
0	0
350	3
2076	0
3	0
4	3
0	0
0	0
2	0
357	22
8	22
967	0
2221	0
1	0
1	0
0	0
1738	18
207	20
8	0
0	0
0	0
0	0
0	0
2	2
52408	20
0	0
0	0
0	0
0	0
0	0
0	0
0	0
0	0
6	0
0	0
0	0
0	0
52	3
2881	3
0	0
0	0
2331	0
3	0
2	3
0	0
1	0
58	84
8	84
2	0
748	0
2	0
0	0
0	0
0	0
24506	7
1	6
7	6
1	0
22	58
0	58
0	0
0	0
0	0
0	2
150	0
1290	0
12	0
0	0
2033	0
20	0
0	0
2259	0
0	0
397	549
1	549
0	0
46	0
0	0
1778	1
0	0
10	0
3	0
7	0
2093	1
2	0
4	0
0	0
1	0
4	0
539	0
0	0
19	0
14	0
13	0
4	0
1131	242
27	242
12	0
0	0
0	0
0	0
44	0
5	0
5587	666
12	663
302	122
25	122
2	18
0	0
0	0
403	2211
3169	11474
3	4
4	0
13	0
32	0
1334	1297
2	1297
2	0
7	0
6	0
2	0
8321	10459
142	1851
0	1
2	1
2132	1478
894	18
5	18
0	0
61	23
4751	360
48	350
0	1
245	1234
12	80
316	0
0	0
0	0
32	0
0	0
0	11
0	22
0	44
328	0
0	1
0	0
1611	1
2090	598
560	598
5160	524
118	524
0	0
3	0
1452	0
2	0
4	0
266	1
4	1
22	0
39	0
7792	1
0	0
4433	0
2	0
12	0
3	0
0	0
0	0
0	0
0	0
0	279
0	240
0	280
13	138
396	240
29	0
0	21
0	0
277	0
489	0
4	0
0	0
0	0
3065	338
4	337
2	0
0	0
25263	7
0	0
0	0
0	0
482	0
0	0
240	261
72	261
0	0
0	0
4	0
6	0
1	0
0	0
0	0
0	0
0	0
0	1
0	0
0	0
2	0
165	133
29	133
0	0
0	1
6	0
2	0
2	0
13	0
0	0
84	203
0	2
0	233
52	0
0	0
0	0
0	0
0	0
357	0
376	166
42	166
0	0
1	0
0	0
0	0
1795	0
0	0
0	0
2	0
222	46
29	46
6	0
0	0
9	0
9	0
0	0
5	0
1	0
6	0
52	0
4019	0
16	0
24	0
1	0
4736	2
1006	0
1676	1566
103	1566
4178	2
622	0
640	0
2	3
11	0
209	262
27	262
0	0
22	0
4	0
23	0
262	0
0	0
802	0
0	0
0	0
0	200
0	0
0	0
43175	19
1	0
295	0
0	1
0	0
0	0
0	1
2	0
0	0
1597	1
0	0
8	0
0	0
7309	0
623	518
0	0
79	462
1	303
0	0
0	0
0	0
72	77
2	0
0	0
0	0
0	0
0	0
1054	0
2	0
0	0
0	0
11	0
0	0
0	0
2	0
0	0
0	0
33120	7
0	0
3	0
766	0
2765	0
0	2
10	0
0	0
0	25
0	111
0	595
0	12
0	15
0	0
7	0
656	0
0	1
0	0
1291	1
0	0
2	0
6	0
4	0
3	0
2	0
32	0
42	0
0	0
0	0
3	0
33	1
0	0
38	5
0	0
9606	767
5	0
0	764
0	0
2	0
0	0
0	39
880	0
2801	2
1118	0
0	0
301	518
2	0
2	0
1	5
0	10
0	44
0	0
2	0
9	0
9	0
2344	0
210	0
0	0
0	0
0	0
0	2
0	0
0	6
974	6
0	0
0	0
0	0
2	0
1	0
2392	0
5	0
1	0
120	0
1765	1
4	0
0	0
6079	31
22	27
0	0
8112	8
214	6
51	4
5466	3
4	0
6	0
0	0
0	0
2	0
184	0
4798	3
22952	6
2016	1
0	0
171	0
16	0
9334	3
12	0
5237	3
4	0
21	0
14	0
697	0
0	0
0	0
5805	371
813	369
0	0
1	0
0	0
0	0
2187	6
60	6
1	0
922	248
19	0
54	247
1	2
4	0
2887	1
3	0
0	0
0	0
3	0
9	10
2210	0
41	0
0	0
0	0
0	244
5	171
418	47
5	0
77	47
381	0
13272	10
44	5
0	0
0	0
427	177
82	178
630	330
10	22
42	307
4	128
2145	128
9	0
0	0
0	0
1153	2
27777	8
0	0
0	0
2	0
1	0
1924	0
0	0
0	0
1398	0
118	0
1	0
2	0
3	0
136	25
35	35
1497	0
0	0
16160	14
2	0
82	0
0	0
1	0
31	0
14215	5
1	0
0	0
8456	0
26	8
33	8
2	0
0	0
5	0
4	0
0	0
4	0
431	0
1	0
970	0
0	0
0	0
0	0
285	680
1	679
0	0
2	0
2094	3
20	1
1951	69
8	69
0	0
1830	1
75	0
2	0
1743	0
16	0
2160	1426
33	1425
1	11
22	0
1222	2
3	0
2	0
1384	0
469	0
1	0
6516	1
0	0
169	0
11	0
0	0
17	1
156	0
2493	0
0	0
0	0
1162	0
182	1
1	0
0	0
0	1
34	12
10	12
74	137
1	0
352	47
0	0
14	47
0	0
0	0
16698	4
0	0
0	0
0	0
0	0
0	0
3658	0
1218	0
1165	1
0	0
1159	0
3	0
0	0
210	0
28	32
0	0
2693	0
0	0
853	0
0	0
681	0
0	21
1972	0
5331	0
1	0
21	0
0	0
1551	0
0	0
6	0
301	0
4	0
1	0
791	11
0	0
1	1
2331	1869
14	1868
0	0
0	1
2	0
0	0
0	0
0	0
4	0
4	0
2634	3
0	1
3187	3
0	0
0	4
337	0
0	0
0	0
3	26
11	26
0	0
1646	0
4556	1
0	0
0	0
28	0
1656	0
0	0
0	0
33994	15
189	0
0	0
822	0
0	0
1	38
0	0
0	0
0	0
0	0
322	0
2	0
4	0
3	0
1	0
4	0
0	0
0	0
4341	1
4	0
0	0
0	0
19	46
0	0
0	0
0	0
3	0
0	0
1178	0
2	0
2800	2
0	0
1027	0
0	0
875	3915
2362	3915
0	0
0	0
15	0
1211	0
81	0
0	0
125	172
7	172
0	1
0	0
5478	5287
501	5287
0	0
33	0
2	1
3	0
0	0
0	0
0	0
0	16
2004	0
1	0
1273	0
0	2
1	1
119	0
76	3
5242	4
1	0
0	0
1	0
1	0
5	0
422	0
0	0
0	0
3	0
0	0
15	0
0	0
7	7
3	7
891	0
1472	0
0	0
4	0
0	2
280	0
0	0
0	0
0	0
2	0
1	0
362	0
8	4
0	0
2	0
1	0
53	2
1657	0
0	0
0	0
22673	9
0	0
0	0
1	0
23	1
11	0
0	0
1161	0
0	0
0	0
0	0
307	0
0	0
0	0
888	0
1	0
1	0
0	56
0	0
897	0
2	0
1	0
0	0
5289	0
0	0
2456	929
0	0
0	0
10	0
0	0
194	0
0	44
2	0
606	0
0	0
2	0
322	0
0	0
6	0
1	0
0	0
2386	0
0	0
0	0
0	0
0	0
0	0
2445	677
0	677
397	0
4780	2
0	0
8	0
15	0
1835	0
2	0
3	0
846	0
64	0
0	0
19	0
0	0
0	0
4	0
0	0
0	0
0	0
7	0
0	0
8	38
166	22
6	0
26	35
493	0
0	0
1642	0
0	0
0	0
8501	932
0	0
0	0
1447	0
0	0
1	0
0	0
3	0
499	0
2	0
2598	3294
8173	3294
5639	4898
44	4898
2	0
842	0
491	0
1	0
7449	1
2	0
3	0
0	0
2	1
0	0
18	0
0	1
66652	17
24	0
0	0
6	0
0	0
1	0
0	0
2	0
1959	1
0	0
37	82
224	117
0	0
17	0
1574	1
0	0
53	0
1	6
3	0
0	0
4	4
22	6
72	135
15	135
3	0
3	0
0	0
4521	2
44	4749
0	0
3	0
1	0
0	0
0	525
9	23
25458	3039
601	3099
4202	643
0	0
8	0
941	3726
43	3639
0	0
646	4543
2	6464
268	0
1469	0
7	0
0	0
0	1
9	0
5	0
1	0
0	0
0	0
7	0
0	0
18	35
5	35
0	0
16	0
0	0
5	0
3261	2
0	0
0	12
0	0
0	1
244	228
1	0
1	0
0	0
1	0
0	0
0	0
64	0
1673	0
0	0
0	0
0	0
0	0
0	0
136	0
0	0
1	0
0	0
0	0
1	0
0	0
2	0
5309	4
3	0
0	0
2	0
0	0
1099	2
985	0
25	0
1	0
0	0
3	0
6599	0
0	0
833	0
1600	1
2	0
0	0
226	138
0	0
0	0
38	0
0	462
401	5
10	5
1535	4
661	0
1658	0
0	0
571	188
0	0
1	0
0	0
245	0
0	0
0	0
0	5
0	5
1	0
0	0
9	0
1	0
0	0
0	0
0	0
0	0
0	0
0	0
7	4
1	1
0	3
5	0
7	2
3	0
42	0
9	0
0	0
4792	3
222	0
0	0
2	0
3	0
1063	0
0	0
76	0
718	0
18	0
0	0
39	0
0	0
4	0
1	0
5786	2
0	0
3	0
95	0
22969	1
6375	1
0	0
0	0
33	0
6	0
5	2
4	0
184	311
1	311
1	5
0	0
448	2060
5	2
0	0
0	0
0	0
3	0
0	0
0	0
0	0
6318	3
539	1
8	0
4	0
1	0
1309	2086
1	0
0	0
0	0
2116	2614
0	2614
821	0
0	0
1585	0
0	0
1125	3649
8	0
2	1
40	0
116	10
19	3649
0	0
379	0
16	0
32	0
0	6
4	0
370	0
9	0
1572	0
0	0
1166	0
2897	1
1	0
1467	2
4	0
2	0
312	0
3	0
0	22
1	0
0	0
0	0
0	0
0	1
0	0
1	0
0	0
3287	2
0	0
0	91
3	0
116	108
117	108
1	0
430	538
319	538
2	0
353	0
4	16
2473	238
2	238
18	0
0	0
0	0
21	0
0	0
1	0
1228	248
10	247
0	0
0	0
0	0
4	0
0	0
10	0
0	0
0	0
0	0
3047	3
20	0
2314	1
2566	3
5	0
0	0
45	0
1698	0
0	0
0	0
4	0
0	0
0	0
231	282
3	282
0	0
2	0
2	0
1083	217
10	217
15	0
2912	0
0	0
69223	15
16526	8
2	1
3903	3497
324	3497
3	0
116	0
767	0
151	274
6	4
54	12
1	5
7	8
52	16
0	1
0	1
1	5
2	11
11	2004
3159	2004
0	0
0	0
2027	0
79	141
130	141
559	714
0	0
1087	0
38	16
6	16
0	0
1	0
0	0
3	2
270	0
3	0
1	0
1	0
30	4
0	1
0	0
415	618
32	618
23	0
1	6
0	0
0	0
32	0
8415	3
3428	0
21652	0
5835	0
0	0
0	0
14	0
1	0
0	0
8	0
20	6
1	0
0	6
0	0
767	0
0	0
27099	14
0	0
1	0
1	0
10	0
1	0
0	0
231	0
0	0
2	0
259	8
26	0
484	9
0	0
4867	1
2549	0
0	0
0	0
0	0
5526	2
441	0
0	0
1	0
3	0
0	0
1	0
2	0
1	0
0	5
1795	721
0	721
11	0
75116	23
0	0
0	0
0	0
0	0
0	0
1	0
0	0
89	0
0	0
0	0
0	1708
3604	1711
0	5
0	0
0	1
62	1
0	0
12	0
0	0
8507	3
0	75
0	0
12	0
32531	7
0	0
294	1
52	1
0	0
18	0
0	0
0	0
1	0
5	0
0	0
875	0
1408	234
0	0
6	234
36	17
1625	1
76	0
0	0
2	0
1	0
561	4444
2012	4444
1	0
13	107
0	0
1	0
1329	2
0	0
46	11
0	96
0	227
1349	0
2819	1
1	0
0	0
0	0
0	0
0	0
0	0
0	0
103	0
366	357
0	0
0	0
0	0
552	357
0	0
0	0
830	1
940	377
11	377
0	0
0	0
705	0
3	0
0	0
1044	0
0	0
0	0
965	179
2	0
574	0
3	0
0	0
0	0
0	0
0	0
0	0
0	0
1634	0
3067	1
0	0
0	0
1	0
1410	2
0	0
0	20
0	0
774	0
48	15
692	0
0	0
16	106
1	0
1981	0
0	0
1345	0
0	0
0	0
1828	1
0	3056
0	3056
0	0
2424	1262
3	0
4	1
5044	237
311	235
0	0
0	0
43747	16
3	0
0	0
144	0
3	0
601	0
0	2
0	0
0	0
403	33
108	0
6	32
2064	0
6	0
1	0
0	0
0	0
12	7
0	0
1	0
0	0
436	0
12	2
1	0
9434	0
0	1303
1	0
69566	27538
8207	27521
0	2
0	0
0	0
0	0
0	0
1615	2
19	0
594	356
64	356
189	0
1477	0
0	0
0	0
847	0
0	0
1	0
374	0
2	0
0	0
9	0
0	0
0	2
47	2
324	0
4798	3
0	0
222	1
0	0
22	0
1	0
681	0
3846	4
1	0
1412	0
0	0
2129	0
11	0
0	0
2	0
149	0
476	0
0	45
4	5
279	40
28	1
2	0
33	0
1	0
543	683
142	683
0	0
5	0
1	0
7	0
3	0
0	3
1	1
0	5
0	0
177	5
5	0
0	3
685	0
49	0
1	0
388	0
1271	0
11988	7
0	0
0	0
118	1
14	72
0	72
0	0
819	457
1	457
10	5
0	5
219	0
1	0
0	0
415	0
849	0
2060	2
6720	2
3514	2
0	1
21	0
854	126
146	0
79	126
6	0
1	0
2554	47
164	47
96	2
1	0
0	2
0	0
0	0
20	0
0	0
0	0
2	269
2	0
2992	328
185	58
1	0
69	21
395	21
2	0
20	0
634	0
1643	1305
2	1304
268	0
0	0
1	0
0	0
0	1
1	1
0	0
646	0
0	0
33	0
1	0
4	0
2966	0
6	0
1	0
0	0
0	0
0	0
1	0
0	0
0	0
0	0
0	0
565	136
272	136
2518	1
0	0
6	0
0	115
3	0
0	0
1	0
0	0
2088	0
0	0
0	0
0	7
0	6
12	0
0	0
4	0
0	0
0	0
2	0
0	0
360	0
5	3
1	0
29	0
89	0
0	0
0	0
564	0
0	0
1123	0
3	1
4	1
0	1
1	1
2	0
3	0
0	3
0	0
495	0
0	0
1	0
7294	4
3317	1
6	6
725	0
0	0
32	0
0	0
0	0
0	0
2155	0
371	457
2	457
3	0
1	0
27	0
0	0
9	0
0	0
0	0
1133	0
24	0
3079	1
51	1
0	0
2	8
0	0
0	6
1	0
2	0
0	0
0	0
0	0
7	1
2	0
0	0
2155	2
0	0
6	1
0	0
0	0
0	0
0	0
0	2
0	0
1664	1
68	19
0	2
16	2
0	0
4	0
6	0
349	0
2	0
2	0
0	0
3	6
1	0
97	0
2	0
1	0
23	0
0	0
0	0
0	0
11	2
4	0
0	0
0	0
1812	303
30	303
2	0
2	0
605	0
2516	1
31	0
0	0
0	0
0	0
0	0
651	0
1185	0
0	0
0	0
0	106
0	0
6386	5
1	0
0	0
1	0
689	0
5	1
0	0
0	0
0	0
93	0
11	0
2214	0
0	0
0	0
0	0
0	0
1	0
0	0
4068	42
0	39
3748	1
1	0
17	0
0	0
0	0
0	0
5	5
1372	0
16	22
57	3
3	0
230	0
0	0
114	0
0	0
0	2
0	0
0	0
2896	0
96	0
86	0
0	0
0	0
0	0
1808	0
0	0
541	48
0	84
41	48
38	0
152	93
7	0
4902	1
82	0
1	0
259	778
2064	1337
20	6164
172	746
9	6174
0	1531
50	0
12	4
0	0
0	0
12	0
0	0
0	0
0	0
0	7
1	7
0	0
7	23
0	0
0	0
0	0
1	0
145	0
0	0
0	0
0	0
0	0
587	0
0	0
0	0
6	2
0	0
2280	138
0	0
9	13
4	1
0	233
0	2
0	9
2	0
1	0
0	0
0	0
290	0
5863	1
5	4
1	0
4	0
2	0
0	0
0	0
0	0
2048	1948
5	1948
0	3
0	2
0	0
8	0
1356	0
22	0
0	0
6043	2
45	1
7	0
13	0
0	0
11	0
186	0
0	0
0	0
0	0
6	0
31	48
749	48
3	1
0	0
0	0
0	0
20097	2
0	0
0	0
9734	3
0	0
0	0
11	0
2	0
0	0
0	0
0	0
4	0
0	463
7	0
0	0
5	0
0	0
0	0
368	0
0	0
326	0
0	0
27	0
2	0
0	0
135	1
0	0
133	0
0	0
0	0
686	0
2	369
1080	369
14	0
181	0
0	0
4	0
11	3
1725	0
673	0
61	0
1	0
25	0
3	2
5	8
1241	0
1183	0
1206	0
0	0
326	0
17	0
2	0
0	0
2	0
142	0
0	0
8	0
1318	0
0	0
0	0
1	0
6	7
11	0
0	0
860	702
2	702
0	0
0	0
1152	1
3	0
0	0
0	0
1107	1
0	0
4	0
747	1
5	5
7	7
3	1
14	0
0	0
2	0
0	0
0	17
0	1731
0	0
1	0
0	0
0	0
28	0
0	0
552	0
0	0
1	0
0	0
41692	18
0	0
4	0
2	0
2	0
0	1
1278	0
1	0
24	911
5427	912
2	1
704	0
0	0
29	0
0	0
0	0
8032	2
0	0
4	0
54	58
1	0
0	0
0	0
0	0
339	0
0	0
0	0
0	0
0	0
2218	0
9	0
0	0
441	0
0	0
0	0
179	0
6	0
1	0
3	0
0	0
4	0
1494	0
937	0
24	81
1	19
1	19
29	0
0	0
22	0
5	2
0	0
3	0
3959	2642
809	2641
0	0
447	0
2	0
4	0
13	0
160	463
0	0
9	0
0	0
1	8
1645	0
3	0
0	0
1	0
352	0
11	0
9	0
19	0
0	0
0	0
0	4
6	0
7755	1
0	0
0	0
6072	3
0	0
0	0
978	0
0	0
0	0
14	0
4	0
97	0
0	0
153	0
0	0
12	0
0	0
0	0
936	0
0	0
2	0
187	0
0	0
0	0
0	0
0	0
0	0
0	0
3	0
6	36831
67	36831
34	0
4062	12586
1214	2527
15908	12858
416	3303
495	0
2390	25163
16073	25604
4	2
0	0
0	0
435	0
0	0
0	0
18	0
0	0
890	0
0	0
0	0
11	1823
0	0
240	1773
0	0
0	0
8	0
0	0
0	0
71	766
2	2
0	0
0	0
3	0
26	0
0	0
11	2
3333	2
0	0
369	0
0	0
11	2
0	0
0	0
19	274
0	16
1	0
776	0
1	0
0	0
0	0
36	0
0	0
262	900
6746	904
2	0
1936	11
0	11
0	4
193	4
17	0
0	0
0	0
1	0
78	98
0	0
0	2
0	0
326	0
0	0
1764	130
0	130
0	0
324	235
0	0
2	0
12557	8
0	0
1	1
0	0
1	0
1	0
1	0
0	0
3	0
0	0
0	0
0	0
0	0
1	0
2	0
0	1
1	0
10	0
2037	1
0	0
75	3
15	3
0	0
7	0
246	13
39	18
0	0
3	0
2	24
0	11
0	8
380	415
0	0
12	414
0	63
0	55
0	0
0	0
236	821
0	821
12	0
0	0
0	0
32	13
0	0
1	0
1	0
0	0
0	0
0	0
1	0
0	0
0	0
1	0
0	0
0	0
0	0
1	0
28	2
4	0
0	0
33175	11
139	0
1	0
0	0
0	0
5	1
119	0
340	1
23	10111
3346	10112
216	0
9	0
0	0
0	0
6	66
531	67
6	0
0	0
14	0
3492	28
10	0
6	0
197	0
0	0
0	0
1236	2
0	0
1253	0
61	14
0	0
315	234
47	234
2	0
0	0
0	0
0	0
4914	1
0	0
0	0
0	0
0	0
0	0
0	0
0	0
3	0
329	0
0	0
0	0
10	0
110	0
0	0
13	0
0	0
3	0
53	0
0	0
34	8
2	4
0	0
10	0
0	0
0	0
0	0
0	0
30	0
3	0
0	0
0	0
0	0
0	0
645	0
0	0
0	0
30	3
582	0
1682	1
0	0
5002	0
16016	4
5	0
2045	0
0	0
0	0
0	0
0	0
0	0
1	0
0	1
0	0
0	4
4	4
12	0
3	0
0	0
1	2
0	0
4	0
0	0
38	0
1488	335
1	335
4	0
48	322
790	329
25	6
0	0
0	0
552	0
1316	2
0	0
6615	2
0	0
0	0
3	0
0	0
9	4
0	0
5	3
4	0
560	0
0	0
0	289
1	3
1	364
1	132
30	28
2	235
5	0
0	131
0	66
0	1227
0	0
116	0
0	17
0	4
2	53
0	2
0	405
1	0
0	0
0	17
1	0
0	1
1	75
5	654
14	15
0	0
0	2
0	1
0	2
10	5
0	623
0	54
0	4
4	986
0	5840
0	0
0	3799
8	0
0	2299
30	437
0	1607
27	0
0	0
7	473
14	427
1	4582
4	2008
31	4390
0	0
0	96
0	0
0	113
0	0
1	0
1	0
0	0
12	0
2	10
0	140
0	0
25	917
0	0
0	13
1	19
0	0
0	5548
0	928
0	34
0	22
0	7
0	0
0	2
0	7
207	5
13	1887
0	1333
0	329
3	0
4	2385
2	0
0	0
0	2
2	3390
87	1910
0	1
0	0
0	1269
4	533
5	0
0	596
0	0
18	4
6	0
2	988
0	4
0	0
0	0
3	0
577	0
0	0
0	0
1427	0
7	6
0	0
0	0
3328	2
24	0
0	0
3183	211
0	210
18	0
16	0
0	0
0	0
0	0
0	0
7041	2
4491	2
0	0
5	0
2	5
10	0
0	2
23	0
0	0
0	0
2	0
0	0
51	0
141	14
9	0
4	0
0	0
0	0
0	0
7	0
14	0
6	0
0	0
0	0
0	0
0	0
0	0
46	0
4	0
1	0
1	0
5	0
0	0
2	0
1206	0
2	0
0	0
11810	4
5	4
6	0
6419	2
5	78
312	78
5	0
0	0
3	0
1490	0
0	0
0	0
0	0
0	0
0	0
2	25
164	3898
335	3898
4232	2
5	170
1423	593
0	0
10	7
7	0
0	0
3	0
25	0
0	7
0	2
0	5
1	5
6	0
0	0
1035	0
0	0
1432	0
6	6
0	0
64	0
1640	0
2	0
1	0
3	6
0	51
0	0
0	0
0	0
0	0
14	0
0	0
1	0
0	0
1	3
284	0
0	0
2	0
0	0
17	0
0	0
638	0
930	0
17	25
1459	0
30	0
0	0
272	0
6	0
0	0
0	0
16	2
1785	0
0	0
9	0
12	0
0	0
0	0
0	0
1	0
9	115
1086	1797
0	1
37	1
19	1
0	0
176	614
0	0
2	0
2	6
143	0
0	0
0	0
0	75
3750	2
49	2
1	0
771	0
0	0
3	0
5528	3
363	337
0	0
11	0
1420	0
0	0
0	0
0	0
0	0
0	0
3	1
0	10
1	0
3	0
0	0
1	0
2	0
0	1
1	0
2	0
0	16
30	0
4	0
1	5
8	0
0	0
5	0
3	0
0	0
0	0
692	157
315	157
4	0
4	0
2	0
0	1
5	0
0	0
1	0
4237	0
0	0
6	0
319	0
0	0
3	0
631	0
0	0
0	0
1	0
31	0
0	0
0	0
0	93
7	12
0	12
0	0
0	5
0	5
4	0
1	0
0	0
0	0
819	0
0	0
0	0
0	56
1476	0
0	0
373	46
35	46
12	1
0	1
8	0
2362	0
0	0
1	0
0	0
2	0
0	0
4882	1
2	0
4	1
6	1
75	0
0	0
1588	1
53	4
4	0
1899	0
95	0
0	0
1833	1612
0	0
3	0
20	0
8	2
2	0
1	2
0	0
3599	1
0	0
2276	445
182	445
13	0
0	1636
0	38
0	9
908	0
0	0
4	2
5	2
28	0
0	0
5	1
5248	1
3	12
1	0
11	1
0	0
4	1
158	530
64	530
0	12
28	0
0	0
0	0
1	0
1	0
4	0
1	0
0	0
39696	9
120	11
6	0
817	39
53	37
1868	0
3	0
1	0
1135	2
9	1
1	0
1	0
9	1
0	0
8	6
977	7
0	0
25	0
4	10
79	10
81	0
0	0
0	0
10103	3
7	5
0	0
930	38
0	0
117	38
0	0
0	0
3	0
3	1
0	12
0	0
0	1
0	0
2	70
2285	70
0	0
7	1
26	0
12	2
3585	1865
27	1865
0	0
5	0
0	0
0	0
1369	1
2198	1
792	0
1	1
0	0
25	0
0	0
26481	3
14	0
20	6
0	0
0	0
0	0
0	0
0	1
0	0
12	0
15	0
2	0
0	0
0	0
0	0
0	0
0	0
0	0
0	0
0	0
1	0
7	0
6	5
0	0
4	0
0	0
6	0
3668	5
0	0
0	1
1	0
0	0
85	0
49	0
6	0
0	0
39	1
0	0
2	0
10	0
51	0
0	1
17	0
6	0
0	0
0	0
4	0
0	0
0	0
0	0
102	0
0	144
374	144
1	0
15	0
582	1049
2	1049
38	0
1	708
4623	708
0	0
0	0
7	0
10	0
719	0
4	0
0	0
0	0
0	0
0	0
796	0
0	0
0	0
7640	6
3	0
3	0
0	0
0	0
6634	0
3	0
0	0
1	0
26	25
293	47
11	22
0	0
0	0
0	0
0	0
0	1342
1569	1342
8	0
3	0
0	0
0	0
4171	595
2	0
0	0
0	0
87	10
8101	612
0	0
1	0
0	5
358	1
3	0
5	0
888	723
17	723
7	0
0	0
18	0
0	1
0	0
229	0
0	0
2	0
0	0
2159	1
17	0
0	0
3	0
0	0
0	0
0	0
4234	0
0	0
3	0
0	0
349	1058
67	0
4	0
3565	3368
10	3366
0	0
2	0
10	1
0	0
3	0
27	0
0	0
1705	1
1	0
1	0
963	0
1	1
55	117
1794	113
1	0
0	0
1	0
0	0
0	0
105	0
0	0
0	0
0	0
0	0
2	0
25	5
0	0
819	0
3	0
0	0
1009	0
0	0
54381	14
4	1
40548	2485
0	0
15351	106105
7256	101561
2	0
14472	58853
1	0
0	0
2	9
0	0
230	0
12527	69640
0	0
4164	324
10	322
158121	34930
21	0
47835	34878
0	0
0	0
23	169
707	170
3	0
0	0
1830	2
11	0
5	0
1103	24
32035	32
0	0
1	0
5117	3
44	0
2	0
30	2
0	0
0	0
612	0
6	0
0	0
0	84
0	63
0	2
1	0
1	0
1	0
0	0
0	0
0	0
1	0
0	0
13	10
0	0
103	0
14	0
9	0
1	0
9	0
6	0
486	514
1	0
0	0
873	0
4	8609
0	0
0	0
0	0
5720	8609
40	0
0	0
3	0
0	155
436	0
9	2
293	0
1270	2
74	0
4	0
2087	0
876	619
9	617
4	0
2	0
1460	10
7	495
0	0
0	0
54	0
1	0
0	0
0	0
0	0
10059	486
91	0
0	0
0	0
2840	2
2	0
0	0
0	0
0	0
1	0
1680	0
8	0
0	0
1	0
2534	0
0	0
506	0
0	0
0	0
141	0
0	0
0	0
0	0
0	0
1030	0
0	0
3	0
0	1
1	0
483	0
5	0
28	5
7	5
4	0
0	0
0	0
296	0
0	0
0	13
0	22
471	0
0	0
20	0
4	0
2	0
0	0
937	0
0	0
19	0
23964	18934
35	18922
34	1
11	0
0	0
0	0
18	0
2	0
3	0
3	0
0	1
0	0
417	0
0	0
3	0
26	120
0	0
0	0
0	0
1	0
3849	0
0	0
1	0
2	0
7	0
0	0
3	8
0	0
0	0
2	0
0	0
1	0
2	0
11326	122
4	0
0	0
0	0
0	0
2244	4512
966	4512
0	0
7	0
12	0
36	0
0	0
188	0
7	805
786	805
0	0
5	0
0	0
1	0
1092	0
0	0
11	0
0	0
0	0
190	0
1725	1
0	0
0	0
9	0
2063	531
99	531
0	0
0	0
3	0
7	0
0	0
1	0
0	0
289	0
0	0
0	0
172	0
3	0
0	0
20	4
714	884
20	884
5	3
0	0
0	0
406	0
285	156
4	156
0	0
939	0
0	0
0	0
0	0
0	0
1452	333
5	333
0	0
1	0
0	28
0	50
0	1351
619	1
0	0
0	0
7470	3
4	0
9832	2
10	0
0	0
0	0
598	1
0	0
4	0
4	0
0	0
0	0
0	0
14	0
7	0
3	0
2	14
2	14
0	0
1	0
1	0
48	0
0	0
0	0
0	0
0	0
0	0
0	0
0	0
0	0
95	0
4	0
0	75
213	76
0	0
4	0
0	0
2587	4
0	0
0	0
0	52
0	0
2	1
0	0
0	0
0	0
5	0
1	1
0	0
1010	1
0	0
18	8
0	0
0	0
0	0
4	2
0	0
0	0
0	0
2262	0
0	44
2328	44
5	0
0	0
0	0
0	1
1	0
0	0
2087	129
15	128
0	0
0	0
0	0
0	0
5941	0
0	0
0	2
1	0
5	0
0	0
0	0
0	0
0	0
14	0
1368	26
37	0
45	0
0	0
9	25
19	10
0	0
1005	0
57	1
0	0
0	2
2	0
0	0
4400	3
0	0
0	0
0	0
0	0
0	0
0	0
0	0
2	2
1	0
2776	1
3	16
0	0
0	0
0	0
1	9
0	0
3	0
1126	0
0	0
3	0
1	7
135	0
0	0
157	0
0	0
4	0
134	0
0	0
17510	5
9	0
1	0
3	0
1	0
3	0
0	0
0	0
0	5
0	0
0	0
1	0
0	0
0	0
3	0
0	4
0	0
164	0
119	0
239	0
7	0
5	2
0	0
0	0
2405	0
4	0
2	0
2	0
0	0
0	0
0	0
19	94
276	94
0	0
1	0
1	0
0	0
0	0
37	10
0	0
5	0
0	0
1	5
0	0
0	0
0	0
0	0
0	0
0	0
0	4
0	2
4167	0
3	0
0	6
5	6
0	0
0	1
0	0
0	0
0	0
0	0
89	0
4	1907
1770	1907
1722	1
25	0
0	0
0	4
0	0
0	0
0	0
0	0
125	0
0	0
0	0
0	0
2	0
0	2
143	0
0	0
0	0
0	0
18546	7
11	0
1	3
2	12
0	0
0	0
0	0
0	1
0	0
27	0
43	0
4064	1
358	0
0	0
0	0
0	0
3	0
0	29
0	3493
4	0
19	0
2	0
0	0
0	0
0	0
0	0
613	0
0	0
4	0
3	0
4	10
0	0
0	0
294	0
0	0
0	0
0	0
3035	0
7	1
0	0
0	0
1393	0
1	1
0	0
0	0
1	0
0	0
0	0
0	0
0	0
3	0
728	0
559	0
5	60
40239	30
0	0
1	0
0	62
0	64
1682	1
0	0
0	0
5735	0
0	0
0	0
4	0
0	0
1927	0
4	0
74	0
9	0
0	0
0	0
0	13
44	37
25	0
9	90
1298	90
22089	3
0	0
0	0
20881	12
23	62
2	1
1089	0
16	0
25	0
1004	0
0	0
6	0
0	0
0	0
6821	3
0	0
0	0
311	0
5219	2
0	0
0	0
0	0
2	0
0	0
0	4
8	0
0	0
0	0
550	2
0	0
0	2
0	0
0	0
40	0
1	0
860	0
0	0
19	0
170	30
50	30
1	0
0	0
18	1961
18	88
3	0
11	74
3	149
0	0
35	151
4	0
152	508
0	0
201	297
102	2057
22	0
17	2
0	0
5	185
35	208
0	55
0	0
207	405
21	1
0	0
875	0
0	0
2264	0
2	0
1	0
0	0
66	89
10	89
0	1
5	0
0	0
28	0
52	39
0	39
7	5
1	0
6	1
0	0
1	0
0	0
55	0
2	0
0	0
1	0
0	0
60	3
0	0
1	0
0	0
113	0
0	0
4	1
0	0
0	0
0	0
0	0
0	0
0	0
1995	1
0	0
285925	66
2	0
1918	2
0	0
6	0
2905	888
2	886
498	0
33	0
4312	2
59	8
198	0
4	1
1394	0
2172	1
725	2
3	0
6	0
0	0
0	0
3014	2
0	0
826	2
29	0
0	0
0	162
0	233
6	73
1	0
0	0
0	5
0	0
1058	0
0	0
0	0
137	0
3	0
0	0
30	3382
22776	3385
6	0
0	0
0	0
1	0
35	0
29	50
532	50
0	0
5	0
0	1
0	0
2	0
962	1
1500	1
0	0
0	0
0	0
0	0
0	0
2	0
0	0
0	1
0	1
0	0
5516	2
1	0
7	0
331	0
1	0
0	0
0	0
0	0
1070	0
0	0
0	0
1	0
788	541
1	0
0	0
0	0
0	2
0	0
1	0
172	3856
4	0
9	0
0	0
1	8
30	8
0	0
3	2
0	0
0	0
45	3856
0	0
3	0
0	0
91	0
156	0
14	0
1255	0
2685	2
768	386
38	386
0	0
3283	0
0	0
0	0
0	0
8	0
138	0
259	401
0	401
19336	10
0	1
0	0
0	87
0	0
2	1
7493	10
19	4
0	0
0	0
331	0
15	1
0	1
994	0
1523	0
1	0
0	428
3919	0
0	0
0	0
1	0
0	0
1	0
0	0
2	0
12	0
0	0
0	0
0	0
0	0
0	0
1	0
0	0
0	0
1	0
0	0
1	0
5	0
2	0
0	0
1	0
0	0
68	72
785	72
944	0
0	4
0	0
1	0
655	0
0	0
0	3
0	0
0	0
0	0
2798	0
2	0
0	0
1082	0
0	0
0	4
0	0
2688	0
1	0
33	0
2	0
2	0
0	0
6	0
19	0
236	246
33	249
4	3
0	0
3	0
1895	0
3	0
0	0
0	0
0	0
0	0
0	0
0	0
0	0
0	0
0	0
0	0
0	0
359	0
0	0
0	0
0	0
0	0
5	0
0	0
8	0
0	1
0	3
80	0
0	0
0	0
0	0
0	0
1738	209
100	177
16	0
3	0
9	0
202	33
0	0
0	0
0	0
0	0
10	181
724	181
9	0
9	0
128	112
0	0
1	0
0	0
0	0
115	563
9160	564
0	0
588	7
7	6
9197	2
0	0
41	0
0	0
1285	140
3	140
0	0
0	1
0	0
0	0
0	0
36	39
582	39
2	0
0	0
1527	1776
672	1804
0	0
4112	0
5	2
4	0
228	248
21	248
239	0
76	0
0	0
0	0
4353	0
16	0
34	0
1	0
3	8
51002	9
2	0
0	0
2816	0
4	0
0	0
811	0
0	0
0	0
0	3
0	9
1	1
17	0
109	0
38	0
8	11
15	16
5	16
0	0
1816	0
1	0
0	0
0	0
0	0
1	0
1844	100
0	100
9	2
28	0
270	264
7	264
0	0
1	0
0	0
2	0
4	0
1024	273
59	272
1968	0
0	0
0	0
0	2
3	0
13	0
0	0
0	0
4	0
1422	0
15	0
1198	5068
0	0
10509	351
19	0
0	0
0	0
3	0
40	0
16	0
0	0
17770	8
365	0
405	0
1	0
0	0
0	2
3249	270
3	270
0	0
5	1
65	0
5894	1
0	0
1	0
2	0
433	2
601	0
1387	1
11	0
0	0
69	15
0	15
0	0
7474	2
0	0
12	0
0	0
0	0
1	1
550	956
24	956
3	0
1	0
0	0
0	48
0	0
27946	14
3	0
5108	2
739	0
0	0
8	0
0	0
0	0
0	0
6770	4
0	0
0	0
1	0
0	0
15	0
6	0
0	0
0	0
577	0
2837	922
128	922
5	0
0	0
0	0
11	3
4	2
0	0
0	2
589	0
4302	4
134	0
0	0
6	0
0	0
0	0
334	93
50	93
28029	21
0	0
0	0
1311	399
14	398
0	0
0	0
0	0
0	2
0	0
0	0
1	0
812	3
2	0
962	1
0	0
0	0
1494	0
0	0
0	46
0	10
0	0
2958	0
3227	0
159	538
677	977
166	439
640	0
3713	4
1	0
841	1
4330	1
1540	0
4	0
0	0
13	0
13	0
0	0
1	0
0	0
30	2
12	2
2149	560
2	559
4	0
66	0
0	0
10	7
289	0
0	0
0	0
4	0
0	0
0	0
10	1
1	0
2077	541
0	538
0	0
0	0
0	0
2197	144
31	138
29	0
0	0
27	6
1	0
0	0
0	0
6476	0
221	0
0	0
0	0
0	10
0	0
0	0
2051	1
2	0
5	0
3	0
1	0
0	0
0	0
3	0
0	0
6907	1
3	3
0	0
0	0
0	0
1	0
0	0
0	0
1	0
1653	3
0	11
0	14
0	16
196	0
657	0
22	0
0	0
2	0
7	172
3	0
233	0
430	0
1	0
1	1
2	0
0	0
0	0
0	0
0	0
3	0
4	0
0	0
5	0
1	0
1131	332
74	331
3	1
0	0
0	0
0	0
5	0
0	0
708	1399
28	1399
4	4
6	0
2181	4
0	0
3	0
68	0
2470	0
0	0
5558	8
6	0
2	7
1322	0
0	0
0	0
0	0
2074	415
0	0
5	0
3	0
0	0
50	415
0	0
0	0
1704	2
5	0
0	0
0	0
0	0
2	0
1411	1
5	0
57	0
810	0
2838	0
0	0
0	0
0	0
2557	0
0	0
3	0
0	0
13	0
2	0
1	0
1801	0
0	0
0	0
9	0
0	0
0	0
0	0
1	1
19	1
12	27
7	27
0	0
0	0
4	0
1301	0
0	0
0	1
977	394
43	394
107	0
0	1
0	3
0	0
0	0
367	30
15	28
4	0
2	0
0	0
3	3
630	0
3	0
4	5
1	0
511	111
52	111
0	0
0	0
1	0
1447	0
4531	0
1	0
0	0
5	0
0	0
7	0
0	70
2	2
0	0
1	0
4	0
0	1
4	0
0	0
0	0
8228	0
1189	0
0	0
1	0
1	0
0	0
0	2
133	0
2	0
1	0
50	51
0	0
0	0
2381	0
0	0
4607	201
182	434
18	240
13	1
0	1
0	0
2	0
604	0
1798	0
1713	1
0	0
24	7
0	0
487	0
0	0
0	0
189	0
4	0
0	0
1	0
1	1
646	0
0	0
2	4
4	0
0	0
0	0
2	0
0	0
656	0
7	0
13	0
1	0
0	0
312	0
36	0
0	0
4330	0
0	0
0	0
0	0
25	0
3	0
14	3
0	0
0	0
370	0
6	0
0	0
0	0
0	0
0	0
139	0
31	0
2739	13083
5	0
0	0
9516	11630
1411	0
482	2935
4	0
0	0
1485	0
1621	3
0	0
2	2
2	0
0	0
1355	389
0	388
0	0
0	0
2	0
2147	1
7	0
5616	0
0	8
4	3
0	0
0	3
0	0
27	17
12	17
0	0
0	0
2	0
1145	268
21	268
0	0
0	0
1	0
0	0
0	0
0	0
1	2
0	2
85	0
5142	4
0	0
0	0
4	3
915	0
0	0
0	0
99	0
0	0
6	0
606	0
366	0
0	0
9	0
1	0
1625	0
0	0
0	0
1	0
408	0
13	0
1852	1
34	0
0	0
992	0
142	0
0	0
295	0
3304	0
0	0
5	0
1209	0
2621	0
806	0
106	0
98	0
250	19
0	19
0	0
1795	0
3148	1
99	0
67	0
0	0
0	0
0	0
1186	1
1	0
6	0
2943	0
155	0
0	0
19	5
6	0
3	0
4611	0
0	0
282	0
309	0
229	0
107	157
1	157
0	0
1	0
10	0
477	287
27	315
0	0
0	0
0	0
0	0
0	0
1088	0
704	0
2	0
804	0
875	0
0	0
88	1851
3	0
2	0
2846	0
0	0
1	0
68	108
5	108
2	0
5238	6
4	0
140	6
1281	1
1	0
0	0
1531	0
161	0
613	0
0	0
0	0
3221	15
0	0
211	0
0	0
4	15
0	0
1124	0
1028	0
78	0
450	1
0	0
1	0
0	0
2131	0
4	0
1	2
1	0
13609	1
1	0
1	0
0	0
351	0
0	0
1542	0
0	0
0	0
962	300
7	300
7	0
17	104
1675	105
120	142
4	142
1	0
0	0
12	1
1123	0
0	0
0	0
0	0
7	0
2	0
0	0
0	0
192	0
2040	0
303	1
5	0
0	0
0	0
1	0
0	0
1	0
0	1
104	0
0	0
22	0
3	3
0	4
0	1
40	0
3	0
0	0
1799	1
0	0
0	0
0	0
3	1
0	0
18	0
0	0
706	0
278	0
0	0
5	0
0	0
5355	32
130	28
0	0
0	0
0	0
0	0
5149	0
0	0
0	0
36	0
2544	0
0	0
0	0
197	0
2	0
14	0
0	0
961	0
13	1
0	0
0	0
1	0
0	0
0	0
0	0
0	0
0	0
0	0
1	0
0	0
8	0
0	0
0	2
0	0
0	0
1821	0
33	0
2	0
10	0
627	1
2	0
1	0
36	0
0	0
0	0
10	3
1	0
0	0
63	28
2	0
961	0
71	0
45	159
985	159
0	0
93	0
0	0
160	0
0	0
13756	3
7	0
7454	3
0	3
0	0
2574	251
8	1
1	20
1	1
1	1
7	0
0	0
4	0
3	0
7	0
0	0
3	166
0	0
0	0
7	0
4	0
41	85
0	0
84	62
1897	63
850	0
10	0
0	0
5	0
53	0
0	0
0	0
12810	10
38	198
311	202
0	0
0	0
2	0
5133	1
0	0
0	0
0	0
26485	6366
41	6359
18710	3
21	0
0	5
1	0
2711	3
13666	6
0	0
0	0
3	0
1	0
30	3068
1195	0
12	0
142	3068
0	0
0	0
7	1
3	1
0	0
1205	1
0	0
1	0
0	0
2802	0
0	91
0	0
2	0
0	0
204	326
15	326
0	0
107	28
105	0
13215	6
0	0
7836	2
50	0
0	0
6	0
0	7
8	0
3	0
1	0
0	0
0	0
0	0
467	0
1893	0
21932	10
0	325
0	0
1440	1
4	0
29	2
21	0
1608	1
2	1
0	0
67	0
1	0
0	0
2	0
0	0
0	712
0	691
1	0
72	0
0	0
2	0
0	0
0	0
234	0
2164	0
14	0
14	0
7159	1
0	7
0	0
1	0
0	0
182	0
6	44
1617	1
0	0
0	0
3519	124
1	124
0	0
4321	0
0	0
0	0
3	41
0	39
0	0
33	0
0	0
0	78
11	8
1134	78
5	1
5	1
7	0
0	0
2	0
0	0
0	0
0	0
0	0
730	0
0	0
0	0
953	0
0	0
0	0
0	2
0	0
288	0
0	0
1334	10
3	10
36	0
38	0
1	0
9627	1
3	0
0	0
738	0
7	326
2459	328
0	6
0	0
14	77
0	0
1	0
14	0
741	1075
0	0
600	4185
204	3
2095	4131
0	0
0	0
0	2
1	0
1	0
2	0
0	0
434	0
162	0
0	0
0	0
7	0
9	3948
0	1113
0	0
1125	1
0	0
0	0
0	0
2	0
15	5
0	0
365	329
82	329
0	0
80	236
24	0
1277	236
0	0
0	0
2486	2247
119	2247
11	0
1848	1
95	0
97	0
0	1
0	0
3	0
56	0
0	0
0	0
0	0
561	0
44	2
0	0
0	0
2475	5516
8389	5516
15	28
1	0
1409	80
0	80
2	1
3	1
6	0
494	0
0	0
0	0
0	0
0	0
0	0
0	0
72	0
0	2
0	0
2	0
1	0
0	0
6	0
3	0
4	0
2117	3
1	0
0	0
0	0
9	0
0	101
0	115
9	1
0	0
0	0
4	17
340	17
3	0
0	1
0	0
0	0
59	0
4	0
0	0
0	0
1070	0
0	0
0	0
13	0
5	0
747	0
0	0
129	0
229	9
11	6
3	0
3	0
4	9
0	0
0	4
1	4
0	0
1740	0
17	4
41	0
16	0
0	0
0	0
0	0
952	1
0	0
1	0
157	4392
0	0
10394	12616
4	9360
3335	113
45	2
0	107
18	0
0	0
27	0
0	0
5439	102
73	100
153	0
26	0
8	3
0	183
0	46
0	0
3	0
0	0
1	0
0	0
0	0
38	0
0	1
1606	0
78	0
0	0
326	12
46	13
7	0
0	1
5	12
4	0
0	0
0	0
3	0
5	0
4	0
0	0
0	0
0	0
210	0
0	0
5	0
2265	2360
62	2358
12	92
0	0
0	0
0	0
1	0
945	0
0	0
0	0
39	14
28	89
13	0
0	0
0	0
0	0
0	0
0	0
0	0
3	0
7	3
0	0
1531	1563
356	1562
11	0
88	0
0	0
0	0
4	0
5	0
1053	0
0	0
1993	2
2	0
0	0
115	67
16	67
7788	2
3	0
0	0
0	0
8	0
0	0
0	0
0	0
0	0
797	0
0	0
4	0
0	0
0	0
0	0
0	0
450	0
5	0
0	0
4	7
5	6
0	0
0	0
0	0
0	0
5	0
0	0
347	0
857	0
0	0
3	0
2	0
1	0
2	0
2	0
78	68
1653	70
0	0
0	89
0	0
189	2
7	0
0	0
1	2
0	0
0	0
5429	0
4	0
1160	0
0	0
7	0
17	0
1225	0
0	0
99	0
1	0
0	0
0	0
2311	1
0	0
0	0
4	0
7	0
2355	0
0	0
0	0
0	0
0	0
0	0
2041	1
3178	1173
21	0
11	13
190	0
499	595
88	445
37	0
2	0
4	27
1	0
803	0
0	0
0	0
0	0
3482	4
1	0
0	0
0	0
0	0
1	0
1	0
0	0
0	0
0	0
0	0
19	14
0	24
0	0
0	0
0	14
3	0
0	0
0	0
0	0
25	11
0	0
5	0
2158	0
0	2
1714	0
72	0
12	0
7	0
0	0
0	0
0	0
0	0
0	0
0	0
0	0
2743	4
0	0
46	2
32	0
0	0
3	0
1998	0
90	1590
0	0
307	1590
26	0
11	0
6	0
11	0
16	42
918	132
12	90
7	0
0	0
0	9
0	3
0	19
6	5
47	5
0	0
0	0
7252	4
3	0
4	2
1	0
1	0
0	0
4302	3
0	0
0	0
0	0
1	0
285	203
68	0
15	205
0	2
5	0
6	0
0	0
3	79
118	79
16026	8
1	1
0	0
0	0
1	1
346	0
2374	0
14	0
81	0
1	0
2	0
1	14
14	14
1	0
1	0
898	0
7	169
0	1
2	0
2210	0
0	0
31	0
1	0
1517	3
4	1
0	0
0	0
0	0
0	2
1	0
0	0
0	0
1	0
0	0
1628	0
22	0
462	0
2	515
0	8
0	6
0	10
0	0
0	0
0	0
665	0
2163	0
0	5
0	0
0	0
1	0
0	12
0	90
40	0
0	12
78	165
0	0
0	111
4038	0
34	0
2	0
0	1
3	0
0	0
3200	6108
3877	6112
0	0
0	0
0	1
2	1
0	0
7	0
5	0
6120	2
2496	1
1	2
0	0
0	0
1536	0
306	0
0	0
0	0
0	0
0	68
0	0
0	0
3687	6
31	3
0	0
8	3
2655	0
0	0
0	9
0	283
2	40
14	283
0	0
3	9
0	0
7411	6
76	1
93	1
83	0
0	0
0	0
1	0
2288	1
0	3
1	0
5069	2
3374	0
941	0
0	0
4	0
6	0
2148	1
4	0
0	0
0	0
683	0
0	0
11	9
7	0
1641	69
321	69
49	27
41	0
0	0
0	0
1587	1
1	0
49	0
2	0
0	0
0	0
282	0
2	0
0	0
1	0
2	0
10	0
0	0
1	0
1	2
4	0
4	0
0	0
0	0
0	0
0	0
1	8
0	0
0	0
1	0
3768	1
1	0
981	0
6	0
0	0
24	0
3	0
0	0
223	12
3	0
0	0
17	0
4	6
0	0
0	0
0	0
23	0
0	0
629	0
1	0
1262	0
4	0
0	0
3	0
577	0
42	1
2	0
2	12
23	132
0	132
0	0
4	10
0	170
4	0
5808	6
2	0
0	0
2	0
2	0
143	0
144	37
0	0
1	0
44	0
19786	7
16	0
0	0
0	0
4	0
1670	1
13	0
9	0
2	3
0	3
0	0
1	0
1	2
28845	62660
19	62651
3	0
15216	12257
6	12251
1745	1084
0	1084
2	0
2	0
0	0
1	0
128	0
8	0
39	0
0	0
299	0
0	0
1	0
0	0
4	0
59	0
0	0
21	0
0	0
1	0
26	5
2621	1
0	0
1	0
86	3
2	0
1	3
0	0
46	14
0	0
372	0
5	0
3	0
0	17
0	39
0	6
0	0
3	0
0	0
133	0
0	0
1	0
1777	0
3	0
0	0
2	1
11	0
0	0
0	0
176	189
1297	424
3	0
210	1
0	11
0	0
0	23
2	0
668	0
78	221
0	0
0	0
0	0
2	54
0	2
7	0
1	0
0	0
0	0
1	0
3161	1
0	0
0	0
0	0
0	0
0	0
0	0
1009	0
0	0
0	0
19	0
0	0
0	0
2673	0
14	0
0	59
4	1
1	1
3112	2
0	0
0	0
5727	89
19	87
0	0
2	0
719	0
456	0
0	0
0	0
0	0
2211	0
0	0
0	0
0	0
0	0
0	0
0	0
3547	0
0	0
0	20
0	1
4	0
0	0
0	0
2	0
20	0
0	7
5425	0
1958	4
0	0
0	0
0	0
1313	358
3	359
2	1
0	0
0	0
339	0
1	0
0	0
3	88
0	21
0	23
0	7
0	0
557	497
437	497
3	32
0	0
1804	1
1	0
0	0
578	0
0	0
1	0
0	0
570	0
441	0
881	0
12	0
2	3
1	0
24	105
334	106
0	0
0	0
1878	848
2	0
0	0
0	0
0	0
0	0
11	0
413	0
484	0
1	0
1	0
28	4
0	0
671	30
4	30
0	0
2165	2
0	0
0	0
0	0
171	0
0	0
1	0
3546	0
96	0
1	0
1	0
0	0
4	0
1497	0
362	0
278	5
16	236619
0	136266
748	241435
0	141139
0	0
0	4285
780	4285
19	140857
6	311
735	0
0	0
0	0
29386	10
11	0
0	0
2	0
2061	0
0	0
0	0
1	0
325	0
13040	4
1	0
0	0
14	0
0	0
0	0
386	0
14	0
8	0
0	0
2379	0
3	0
0	0
0	0
0	0
0	0
73	598
1504	599
0	0
0	0
121	3
0	21
0	5
2	0
0	0
0	97
0	0
22	0
8	0
1	0
6	0
0	0
223	0
0	0
0	0
0	0
1051	1
10	0
287	0
0	0
1575	0
1	0
8	7
1	0
8977	3904
33	3899
0	1
0	0
7	0
0	0
16	0
0	0
6	0
0	0
0	0
0	0
3330	0
1	0
0	0
167	0
0	0
3	6
0	6
20148	1
42	0
0	0
1865	0
0	0
1220	2
0	0
0	0
209	0
4	0
0	0
2	0
0	0
0	0
251	0
0	0
1837	0
0	0
1	3
0	0
39	3
0	0
0	0
18	0
103	0
1491	0
0	0
3	0
0	0
71	0
36	0
0	0
760	38
0	38
808	0
0	0
1	1
545	0
7	0
360	0
9778	1845
19	1841
10	6
0	0
45	0
2	1
0	0
81	0
6	0
0	0
25	3
0	0
2	0
3409	168
1	0
0	0
0	0
0	0
3	0
3	0
0	0
0	168
256	0
121	0
0	0
1	0
1105	4
1	0
0	41
0	0
3	0
13	3
0	0
25	1
60	0
0	0
0	1
10	1
4	1
0	0
0	0
0	0
1	0
0	1
2153	1
0	0
21	0
0	0
1401	67
2	67
2766	304
4	303
0	0
0	0
1	0
494	0
77	0
0	0
0	0
0	0
25	35
14534	1
0	2
525	0
0	0
0	0
0	0
3	0
0	0
0	0
0	0
0	0
1	0
7	0
1907	2
1403	0
0	0
1112	7
15	6
19	25
3	25
442	0
0	0
0	62
0	0
0	0
19	0
0	0
2	0
0	0
0	0
0	0
5	0
0	0
0	0
316	0
0	0
0	0
2	135
67	52
3	3
0	0
2890	0
0	0
0	0
1	0
0	0
0	0
712	107
4	0
4	106
0	1
4077	0
40331	12
0	0
1360	0
0	0
51	4
0	0
6	0
0	0
3	0
822	172
4	172
0	0
3	0
2	0
0	0
15	60
0	0
28	0
1	0
168	1
1	0
0	0
0	0
0	5
0	8
13	1365
0	0
737	0
0	0
0	0
5	0
0	4
6	4
0	0
0	0
0	0
3	11
36	75
850	0
0	0
0	0
362	0
0	0
10	0
15	2
61	2
1	0
83	600
305	600
0	0
0	6
8	6
0	0
430	2
0	0
8	0
0	0
0	0
8	0
4	0
1	1
108	0
316	0
1	0
1059	0
0	0
1	3
0	0
775	1036
6	1036
2	0
436	0
170	0
4	0
444	0
0	0
0	0
10	0
1	0
14	0
10	4
31	0
0	0
0	0
0	0
14	1
61	0
7	0
0	0
14	713
6327	717
0	0
0	0
64	0
0	2
0	0
0	0
672	0
3	0
1	0
0	0
1	0
3991	0
3	0
12	0
394	0
1744	90
0	90
2	0
0	0
149	0
3	0
4	0
1	0
1	0
3893	30
4	29
0	0
27089	24
403	0
0	60
2054	0
431	6
16	6
53	1
44	1
0	0
48	2
0	0
0	0
0	0
5252	4
1	0
4	118
0	0
48	106
0	0
0	0
0	0
0	0
2113	0
0	0
0	0
1	0
0	0
0	0
0	0
0	0
1	0
57	153
3	0
0	0
0	0
0	0
4	6
0	0
1374	0
8	0
68	0
0	0
1010	0
71	0
0	0
2	0
32	0
0	0
0	0
682	1
0	0
0	0
2256	0
21	0
9123	1360
462	1357
0	1
0	1
39	0
0	0
3281	2
3	0
0	0
0	0
0	0
0	0
260	0
0	0
7	153
0	0
0	0
0	0
549	48
21	48
0	0
480	1
3	0
0	0
0	0
0	87
3127	87
1947	0
6	1
0	0
770	2
128	0
4	0
0	0
0	0
10	0
1571	0
2826	0
0	0
0	0
2388	2
318	0
0	0
586	0
233	0
0	0
0	0
338	0
1	0
0	0
40	0
0	0
1143	2
0	0
2	0
6536	102
24	102
0	0
141	0
0	0
1	0
1	0
0	0
2	0
817	2
1	0
8	0
0	36
0	74
0	0
381	0
5	1
2	0
44	65
159	65
722	1
2	0
4	0
431	0
18	0
0	0
2	1
0	0
11	0
0	0
1607	0
0	0
0	0
12537	4
1	0
0	0
0	0
0	0
1232	1
0	10
0	5
0	0
0	0
4173	2
52	1072
6048	1323
548	249
0	0
4	0
0	0
766	0
825	0
0	0
1	0
357	0
1	0
0	0
0	0
219	113
0	113
20	0
3	0
0	0
0	0
1367	0
2	0
17	83
0	3
0	7
3	534
1504	0
0	0
3	0
0	0
0	0
2	0
0	0
3	9
2	0
158	0
0	0
0	0
63	72
0	72
0	0
0	0
0	0
2	0
80	1
2	0
0	0
0	1
0	0
1	0
1	4
0	35
227	35
1	0
0	14
299	14
15	0
4	0
18	0
2	0
0	2
1	0
0	0
4	0
1	0
0	0
1451	2
11	1
2	0
645	0
214	0
0	2
7	0
0	0
0	0
0	0
2	0
0	12
987	14
0	0
1	0
2	0
10	0
0	0
205	0
41	338
1223	338
0	0
0	0
1	0
0	0
2557	1
2	0
0	2
0	0
2	0
1091	0
0	0
8	0
0	0
1143	0
27	0
4111	3
0	0
4	0
4344	2
1	0
1	0
0	0
1218	0
0	0
0	0
27	0
73	52
0	0
65	0
0	0
0	0
534	0
124	0
0	0
0	0
4	0
2	0
0	0
0	0
0	0
0	0
0	0
0	0
0	0
0	0
0	0
431	0
0	0
0	0
0	0
92	0
0	0
6	0
2908	4
2365	0
0	0
0	0
67	0
0	0
0	0
3	0
1	0
0	0
3416	0
0	1
2	0
828	0
5	0
0	0
0	0
738	0
18	0
20	6
2	0
7	0
0	0
0	0
0	0
0	0
85	0
0	0
657	0
0	0
0	19
648	0
4	32
0	0
0	0
1771	0
0	0
0	29
0	0
497	453
0	453
0	0
606	279
36	279
0	0
12	0
75	10
0	0
4	1
1	0
3	0
2	0
0	0
6	1
0	0
33	0
0	0
7	235
395	235
2	0
1	0
0	0
0	0
0	0
3019	278
83	278
0	0
2324	1
0	0
0	0
0	0
1448	0
17	0
0	0
1	0
0	0
518	0
129	0
339	0
2	1
429	0
0	0
1	0
0	0
11	0
94	0
0	0
1652	0
0	0
0	0
0	0
598	0
7	0
0	0
1	1
2	0
1	0
1496	0
8	57
0	0
0	0
0	0
1	1
0	0
1	59
510	113
4	9
27	4
0	0
0	0
0	0
0	0
6748	2673
223	2674
6	0
557	0
74	0
3	0
1	0
0	0
10	0
3	0
0	0
258	1
1	19
0	0
443	0
1537	0
2	0
0	0
4	0
172	8
2339	1
146	0
3	0
7	48
1671	48
0	0
1	0
3480	1
2	23
0	16
0	0
0	0
1229	0
3886	70
0	66
13	0
0	0
0	0
4	0
6648	1
0	0
0	0
2	2
0	1
2	0
1	0
0	0
6864	3
6	1
0	0
0	0
1	0
3	3
0	0
0	0
0	0
0	0
0	0
0	0
2	45
64	45
0	0
0	0
1	0
3	0
42476	14
52	1
0	0
1	0
1528	0
10	0
2	3
0	0
1	0
322	0
3	0
0	0
3	0
6	0
0	0
15	0
16	0
0	0
267	135
49	135
8	0
0	0
4190	1
348	0
0	0
610	0
19	9
2706	1
153	0
2	0
4	0
0	0
0	0
0	0
0	0
1	0
788	0
3	0
640	0
3	0
39	0
2583	1
40	6
0	6
0	0
2	0
0	0
0	0
0	0
0	0
0	0
672	0
0	0
6	0
9	8
5	7
0	0
350	0
0	0
0	0
1	58
0	14
0	9
60	47
1	0
2316	0
0	0
0	0
0	0
50247	26
0	0
25292	4
639	0
7	0
1433	1
0	0
0	0
97	0
0	0
0	0
1	0
0	0
3	0
42	1
2	0
1	0
0	0
0	10
60	10
3932	1
5	3
44	1
743	0
0	0
0	0
0	0
71	119
0	119
569	2
0	0
0	0
562	0
0	0
144	0
0	0
0	0
290	0
2	0
3561	2
1	0
1	0
0	0
2	0
25	13
15	0
0	0
2	0
0	0
0	0
1010	0
166	0
0	0
0	0
0	0
0	0
0	0
0	0
3	0
0	0
0	0
0	3
248	0
22	2
1	0
5	0
0	0
1	1
10	0
1912	1
0	0
0	0
1	0
0	0
0	0
0	0
0	0
0	5
32	11
0	3
2	0
0	0
0	0
168	0
2026	38
0	38
697	0
1	0
854	0
0	0
1	0
0	0
0	0
0	0
2	0
5656	5
12	0
0	0
0	0
0	0
1	0
1	0
0	0
0	0
0	0
0	0
1684	1
0	0
0	2
7	0
0	0
8	0
148171	7153
3863	106
21	4
25	0
0	0
0	4
0	0
0	0
6260	18034
658	0
5	0
2	0
0	0
0	2
0	0
0	0
5	0
3225	1
25	0
0	2
0	0
2	7
0	0
2	0
3	0
0	0
4	0
29951	3667
588	0
2	0
9	0
11	0
0	0
10	2
1581	1
0	0
0	1
87	9
4	0
0	9
1	0
19	1
0	0
4	0
0	0
7	0
0	0
90405	9410
0	0
0	0
119	0
0	0
0	0
0	0
0	0
1	0
1030	2
0	0
582	0
0	0
938	23
259	23
0	0
17	913
1076	913
2	0
84	123
2	0
1	0
0	1
6	0
10	0
0	0
0	0
0	0
14	0
0	0
0	0
1	4
1	1
0	93
2	0
0	0
0	0
3	0
16	0
0	2
0	0
31761	6
714	3
0	0
4	0
6	0
29	0
0	0
1126	0
51	0
0	0
72	580
2	0
339	293
106	293
1224	0
0	2
2	0
0	0
0	0
0	20
0	193
0	23
2	7
0	7
0	0
4	5
0	0
0	0
0	0
4	4
0	0
0	0
0	0
105	0
0	0
72	131
1	0
0	0
93	18
0	18
0	18
0	0
0	0
0	0
0	0
0	0
10	0
0	24
0	0
0	0
0	0
0	0
2	9
827	0
114	0
64	0
19	0
29	6
44	0
0	0
0	0
0	0
0	0
1122	0
12	0
2635	2
2	0
0	0
0	0
64	0
2	0
0	0
0	0
0	0
8	1
1097	0
0	0
0	0
0	0
0	0
0	0
0	0
593	0
0	0
2587	3
1567	1
733	1
0	0
1408	0
0	0
0	0
90	0
0	0
307	0
1	0
0	0
0	0
469	5
0	0
0	0
0	0
172	0
0	0
0	0
7188	3
0	0
406	122
23	122
0	0
14631	801
1109	525
5	274
0	0
0	253
0	6
665	1
0	0
0	0
0	0
769	0
1	0
0	0
7	3
1	0
9	0
0	0
0	0
2	0
992	4
23	4
437	3
197	0
0	0
10	0
6	0
0	0
0	0
20	0
8	0
2493	0
4	0
0	0
0	0
0	0
1	0
4	0
1	0
0	0
9	0
0	0
218	0
0	0
4	10
2	418
1	0
63	35
81	196
4614	307
1135	5
7	5
12	0
4	0
1561	0
0	0
0	0
0	0
951	0
74579	140011
42125	92917
299	41
2603	164
85046	147930
0	0
1	0
4	0
0	0
3751	3
0	0
466	0
0	0
1	0
12	2
3118	1
0	0
0	0
4	354
0	0
955	0
0	0
1	2
1446	0
38	0
559	0
134	0
0	0
4	0
0	0
273	0
0	0
420	0
22	11
0	11
2902	8
5	0
7	0
0	0
0	54
3	0
27	0
1	1
7	0
206	154
5	154
0	6
0	0
2	0
1174	0
994	0
539	935
86	935
23	17
11	17
0	0
573	0
40	0
676	0
287	0
348	170
356	170
0	0
4	0
0	0
3090	0
0	0
1	0
0	0
0	1
0	2
175	10
4	10
3	0
0	1
7	0
3	601
2	0
3	7
2511	1
0	0
0	0
0	0
0	0
120	0
0	0
0	0
0	0
0	0
78	226
79	0
0	0
0	0
27	3
2659	1
5	0
1	0
0	0
4896	0
0	0
11	0
0	0
0	0
1	0
222	86
0	0
45	2
0	0
0	0
388	147
0	0
248	266
0	0
0	0
432	207
0	0
0	0
10	1
0	1
532	0
0	0
0	0
0	1
7	0
21	40
1	1
0	0
19	182
1512	182
0	0
3	0
5	0
0	0
0	0
29	0
5	0
5731	2
0	0
0	16
1	0
1854	673
50	673
0	5
1	0
0	0
1	2
383	173
26	173
5	1
5	0
29	267
0	0
2	0
549	0
0	0
5	4
2711	1
1	0
6	0
7	0
2	0
0	0
0	0
0	0
23	0
2	6
0	0
0	0
7	2
0	6
0	2
312	0
1	0
2	0
3887	2
3	0
40	0
0	0
2	0
7721	2
0	0
0	0
2	6
3512	384
0	384
3	0
4	0
0	0
1328	1
1	0
0	0
0	0
0	0
355	0
5	93
369	93
0	1
0	0
2	0
952	0
7	0
7	0
2	0
0	0
13	0
0	1
2207	2
0	0
1	0
0	0
1150	99
350	99
13	0
0	0
5216	2191
371	2191
15	0
0	0
153	0
0	0
0	0
295	0
35	0
8	1
792	0
0	0
0	0
0	0
0	0
5	0
10	0
11699	4
2742	0
2	0
0	0
0	0
0	27
8	27
58	1
121	49
3	0
0	0
742	0
3889	0
451	397
23	397
0	7
4	3
0	0
972	0
0	0
4601	1
0	0
0	1
0	1
0	0
12	2
1960	1
0	0
3	0
3	0
0	0
0	0
3788	2
0	0
91	1
0	4
1	0
0	0
4	0
79	0
3	0
0	0
4181	6
0	0
0	0
668	1
127	0
0	0
1	6
624	0
5	0
2	0
4	0
1905	1
0	0
3	0
123	52
34	52
0	0
0	0
2	0
0	0
1	0
0	0
0	0
74	0
0	0
6	0
0	0
0	0
0	0
61	30
148	0
0	0
0	0
0	0
3278	3
11	0
51	0
236	1
1006	0
108	11
1	0
147	76
10	76
47	0
20	0
9	0
0	0
1765	0
2476	0
0	0
2	0
1	0
43	0
0	0
0	0
0	0
0	0
0	0
1003	0
0	0
667	0
2	0
0	0
2012	0
0	0
1	2
16	11
43	22
1418	25
2549	0
0	0
0	0
0	0
528	0
1	0
3	0
2	0
4302	1
14371	4
0	0
1	0
0	0
2	0
124	0
0	0
0	0
1235	4
8	0
36	0
14	4
3	0
134	0
1125	183
1	0
13	183
1554	0
191	0
78	8
106	0
0	0
17	0
7419	1
0	0
1201	3
0	0
1394	0
1953	0
0	0
1	0
2	0
602	0
0	0
2	3
642	0
0	0
0	0
1	0
0	0
0	0
2	0
0	0
0	0
0	0
2	1
438	1
0	0
0	0
0	0
0	0
1	0
16	182
322	182
0	0
453	0
3	0
6	0
0	0
5	0
26	0
1	0
3	0
1	0
2163	1003
109	0
0	0
3	0
5	0
3	0
3	0
0	0
1	0
0	0
0	0
170	75
31	75
1	0
2	0
1807	1004
17	0
0	0
1036	0
0	0
4	0
0	0
1354	0
14157	2781
1145	2780
0	18
537	18
6	0
8	0
0	0
1	0
0	0
4040	4
0	1
0	0
0	0
0	0
0	0
0	0
924	1
2	0
0	0
0	0
0	0
0	0
154	0
622	0
7	0
28	0
5	0
108	0
685	0
5	86
6202	88
1384	1
0	0
600	0
2644	1
1	0
783	0
0	0
10	0
0	0
0	0
0	1
0	0
0	0
0	0
0	0
0	0
1049	2
1	0
2	0
21	1
17	0
0	0
890	1
0	9
0	0
0	0
0	0
1502	497
69	1
61	1
0	0
9	0
0	0
1	0
3	0
5	0
1668	46
289	45
0	0
4	1
110	0
0	0
0	0
0	0
58	0
48	0
2913	2
0	0
0	31
16	0
13	0
2	0
4	0
5	0
1	0
527	0
0	0
3	0
4	0
678	384
38	384
0	0
1	0
0	0
0	0
44	0
23	2
4	0
13	0
140	0
0	0
2	0
1753	2824
155	2823
276	0
5	1
127	0
0	0
142	0
6	0
0	0
0	0
0	0
3	0
35	14
0	0
10	4
0	0
3097	3
0	0
278	235
2	235
0	0
0	0
4452	2
2776	2
0	0
12	0
3	0
7	0
5	0
5	4
5481	8
0	0
15	1
656	0
2850	1
13	1
0	0
0	0
0	0
18	3
5	2
1839	1
3	0
4738	2
35	7
13	0
810	1
0	0
55	279
525	279
1	0
0	0
0	0
12	0
5561	1962
92	1962
27	0
0	0
1495	0
23	0
517	0
0	0
599	0
0	0
12	2
86	1
1	0
22730	7
3	0
0	0
0	0
248	0
0	0
4272	0
0	0
0	0
28	0
477	0
521	0
14	0
0	0
0	0
0	0
4273	2
0	0
18	0
54	0
0	0
99	447
65	281
7	0
0	0
4	0
21645	3
0	0
0	0
3	0
0	0
0	0
2359	0
0	0
0	0
0	0
3	0
0	0
0	6
0	0
0	2
0	68
183	117
63	120
0	0
0	0
328	0
19	0
0	0
13	0
1	0
3	0
1	0
320	0
2	0
0	0
69	0
0	0
380	0
1	0
0	0
0	0
0	0
7	5
9	5
2	0
39	0
2	0
4	0
0	0
0	0
0	0
0	0
0	0
1625	4
0	0
0	0
2	0
0	0
1	0
0	8
4	0
0	20
2	0
2	6
12	3
909	1
0	0
7	0
21	0
3674	8
5	0
0	0
0	0
30	194
154	194
0	0
0	0
0	0
1	0
0	0
231	0
0	0
366	3
30	3
2	0
0	0
0	0
1	1
0	0
585	427
0	12
0	0
47	14
0	0
0	0
2730	0
0	3
0	0
0	0
2148	30
44877	43
0	7
3	0
2	0
0	0
1	0
0	0
2	5
3	0
11543	55
4	50
2	0
0	6
0	14
0	0
0	0
0	0
0	35
44	35
4442	3
0	0
6	1398
8	0
0	0
0	0
0	0
0	0
0	0
6	1
3	51
0	10
27	101
307	101
0	0
55	189
746	189
1	0
0	0
0	0
0	0
158	250
3	249
0	0
0	0
0	50
0	0
2	0
0	0
1	50
0	0
0	0
1628	0
0	0
0	0
0	0
0	1
1	0
0	0
0	0
0	108
0	1
0	0
0	0
0	0
1417	0
17	0
6	0
0	0
0	0
260	0
39	2
0	1
0	0
760	0
0	0
31	331
1164	331
6	0
1	0
418	3
13	3
0	0
385	0
0	18
401	0
4	0
1507	1604
135	107
14	18
1	3
0	0
1	0
0	29
1116	203
1	203
0	0
6	1
0	0
0	0
0	0
245	0
0	0
1	0
11	0
801	0
591	0
0	0
5	0
1894	235
3	234
0	0
554	0
0	0
0	0
4	0
0	0
3	0
13	0
2	1
0	0
0	0
0	0
0	0
0	0
0	0
59	0
0	0
0	0
0	0
2	0
431	0
1	0
76	1
0	0
93	137
4	137
3	0
0	0
127	0
0	0
0	0
4047	2
1697	508
0	0
1	0
361	504
205	504
254	4
249	4
235	0
3	0
6	0
0	0
0	0
0	14
317	329
0	329
0	0
3	0
181	0
0	0
0	0
343	0
0	0
15	24
0	1
1	0
0	1
0	0
2	0
1	0
1	1
0	0
0	0
1630	1
10	0
28	0
1386	4
1	0
5	4
0	0
1766	140
243	140
0	0
0	1
4	0
0	0
15	0
6	0
0	0
2427	0
1222	0
0	0
0	0
6	0
802	0
0	0
0	0
0	0
4	5
1039	217
5	217
0	0
2120	0
0	0
18729	18753
18	18747
0	0
0	0
11	0
0	0
0	0
0	0
0	0
5090	2
10	4
1	0
0	0
0	0
0	0
0	0
0	0
2746	0
0	5
0	0
2452	2444
0	2442
0	0
0	0
0	0
0	0
0	0
0	0
3	0
82355	72726
66179	60452
10	0
0	0
2530	0
0	0
8490	36053
0	0
0	0
1	0
1845	1
0	0
0	0
1	0
18	0
11	0
5191	0
0	0
0	0
0	0
0	0
0	0
0	0
172	1
2	0
1	0
17	0
1360	0
1	1
0	0
0	0
0	0
729	0
16	0
0	0
48	28
0	0
420	0
1	0
0	0
45678	5
432	0
2490	0
0	0
1372	0
31	0
0	0
3	0
0	0
2	0
6	0
0	0
0	0
0	0
749	593
114	593
8	3
0	0
0	0
588	1
3	0
0	0
15	7
13	0
0	0
102	1
5	2
70	42
907	42
10	0
2	0
1	0
3467	468
0	467
8	0
3	2
3	0
57	0
0	1
2	0
0	0
0	0
2	0
5	0
2477	1
791	1
103	1
11	0
2	0
0	0
729	0
4	0
312	1
1	0
0	0
0	0
143	0
0	0
0	0
0	0
3783	0
529	0
0	0
155	0
2	0
9	5
2	0
0	0
0	0
2	0
9	0
7	1
5	0
0	0
0	0
0	0
0	0
664	1
0	0
0	0
0	0
0	0
66	0
0	5
0	0
2	0
3	232
416	233
0	0
4	0
783	0
0	0
0	0
493	0
74	0
2	0
0	0
555	0
8	6
0	0
0	0
2	0
7052	0
166	0
28	0
0	0
2	28
3	2
97	2
1314	4
0	0
0	1
2	10
1763	1
0	0
1	1
12	0
0	0
1	0
302	66
0	0
0	0
0	0
41	0
57	0
97	0
19	6
0	0
0	0
0	0
2	0
0	0
0	0
1	0
514	62
0	61
188	0
0	0
0	0
0	0
0	0
27	60
0	108
0	8
1	0
721	1
108	0
0	0
1	0
23	1
1	0
1	0
2	0
1595	0
0	0
3	0
108	0
0	0
0	0
0	0
16614	13
0	0
132	9
6	5043
3332	5047
0	0
2845	2
0	0
0	0
0	0
153	0
4	0
2880	0
19	2
3004	332
93	0
24	0
18	328
16	0
137	9
570	10
0	0
59	0
0	0
0	0
0	19
0	0
4	0
3339	4
929	0
0	0
484	0
0	0
950	1
3	0
5	3
1418	0
0	0
207	0
0	926
1678	932
88	28
4	0
1	0
0	0
0	0
739	36
12	0
65	54
169	4
1	0
0	0
1	0
207	0
20	2
372	0
9	0
1	0
291	0
0	0
1	0
1	0
0	0
1290	0
286	0
0	0
2	1
1	0
0	0
2200	0
4	0
1758	1
0	0
9	0
0	0
0	0
3016	1
0	0
0	0
2	0
2877	0
1	0
0	0
29	2
0	19
29	0
0	0
0	0
17	0
14	0
1293	0
390	0
0	27
0	0
678	51
0	50
3	0
2	0
3876	46
46	92
553	92
0	0
1	0
1	0
14	1
1251	4
44	0
1	0
460	0
0	0
3042	0
1	0
0	0
498	0
0	0
0	0
1994	426
0	426
3	0
5	0
2708	1
0	0
2	0
0	0
0	0
0	0
0	0
1690	0
0	0
0	0
0	0
0	0
1	0
0	1
4	0
14	0
1	0
0	0
0	0
218	0
0	0
105	0
0	0
5	0
15	0
0	0
12	0
3143	1
0	0
17	0
24	0
207	132
93	132
0	0
0	0
1089	0
0	0
0	0
191	0
0	0
1074	0
302	356
0	356
49	0
170	17
0	0
1	0
27	0
0	12
0	0
0	0
0	0
0	0
0	0
6	1
73	130
1	130
735	3
0	0
0	4
0	0
0	0
4	0
6	0
4535	0
0	0
1	3
47	0
1	0
0	0
0	0
2221	1
23	1
1	0
2198	0
0	0
0	0
0	0
1	0
1	1
8	3
0	0
0	3
4	1
0	47
0	83
1	0
0	0
620	0
0	0
0	0
0	0
2	0
0	0
29	4
0	0
71	134
41	134
0	0
4	0
815	349
763	349
739	0
8	0
1	0
735	0
0	0
0	0
54	0
642	1
0	0
0	0
0	0
1	0
20	17
260	17
0	0
7	0
404	10
129	4
0	0
0	0
0	0
76	0
70	0
20	0
1993	0
0	0
182	613
32	447
0	0
4	3
642	1070
3	10
0	5
25	11
3	0
0	0
396	417
1	416
13	0
10	0
26	0
0	0
0	0
3	0
0	0
2	0
0	0
0	0
1862	0
0	1
0	0
44	2
0	0
7	3
844	3
2	2
431	0
4	0
1649	0
0	0
0	0
19	12
3517	0
0	0
4	0
0	0
1	0
2199	74
16	73
8	0
0	0
1312	0
0	0
0	0
0	0
0	2
2	14
0	2
1189	0
0	0
27	0
0	0
0	0
6	0
0	0
2	0
0	2
0	0
0	4
560	0
0	0
2	4
0	0
1	0
2	0
10	0
0	0
0	0
332	0
0	8
0	0
10289	5
6	0
50	0
0	1
2	0
12	0
0	0
4	0
176	0
0	0
6	0
5	0
0	0
7	0
1	74
706	74
176	0
631	0
0	2
1	0
0	0
40	0
47	4
2835	208
108	208
1	0
1	0
3	0
0	0
0	0
0	0
4829	1
0	0
9781	2
11729	1
4344	1
0	0
0	0
2242	0
1	0
782	388
28	388
42	0
571	635
341	635
0	0
0	0
1	0
0	0
3	0
0	0
0	0
2368	1
2	0
0	0
0	0
0	0
4	0
43	0
5	0
3	0
1	0
3	0
0	0
0	0
0	0
0	0
0	0
0	0
0	0
0	0
0	0
1	0
372	0
0	0
0	0
1046	0
9	0
0	0
8	0
0	0
2	0
0	0
1009	0
0	0
0	0
0	0
2	0
0	0
0	0
4642	0
692	0
0	0
324	0
0	0
1	0
0	0
3	0
2	0
337	0
4	0
0	0
2	0
0	0
3	0
0	0
1151	0
0	0
0	0
92	0
4700	0
3443	7
0	0
6	9
0	0
887	0
20453	8
0	0
0	0
87	78
0	0
4	0
8	0
0	0
2248	78
261	0
0	0
115	3
0	0
2	0
1669	0
32	3
2063	1
4	0
0	0
9081	221
19	219
5	0
1	1
0	0
0	0
630	0
3	0
3	0
14	3
0	0
0	0
3896	0
0	0
0	0
0	0
0	0
0	0
0	0
1251	0
1	1
30	5
1	0
12085	3
0	0
19	0
868	0
3384	1
2	0
1	0
1	0
73	0
0	0
1	0
1769	0
0	0
0	0
0	0
0	0
4	2179
961	2179
0	0
0	0
501	0
14	0
17	0
2	0
0	0
0	0
2681	1265
36	1255
0	0
1	0
3786	0
0	0
354	0
0	0
0	0
0	0
17	151
583	151
0	0
43	0
0	0
100	0
0	0
5217	9
0	0
0	0
0	0
1	0
1737	0
0	0
4	0
6	6
136	6
19	0
1	0
0	0
5	0
3976	3
0	0
71	29
0	0
9591	0
891	0
0	0
404	2
0	0
1	0
0	0
0	0
4595	0
0	0
0	0
6	0
223	0
7	434
222	434
0	0
1491	2
2717	609
6	608
0	8
26	33
1	0
3152	0
17	0
3711	1
18	0
4	0
5789	3434
59	2903
0	0
233	17
0	27
1	0
0	48
9	0
4	0
0	0
8032	3
0	0
28	0
0	0
0	0
0	0
1	0
26649	14
0	0
2	0
90	243
3062	244
5	0
909	1
0	0
168	287
8	287
0	0
3	0
26	0
1005	17
0	0
111	0
46	16
11	0
8226	4
37	797
716	797
857	1
0	0
788	1
0	0
0	1
10	0
3441	1
0	0
0	0
99	0
6	0
3	0
5	0
0	0
0	0
2085	2
0	0
0	0
900	0
15	0
1	0
0	180
452	180
0	3
3	0
343	226
1225	225
15	0
25	0
0	0
4867	1
23	0
0	0
2925	508
0	0
0	0
0	0
0	0
0	2
0	1
3207	5
0	0
2860	0
0	0
7	0
0	12
1221	12
1	1410
0	0
4	0
5	0
1	0
571	0
1	0
0	0
0	0
23	0
2	0
0	0
560	355
2725	31
72	340
813	0
0	0
37	0
3592	90
4	0
14	87
1586	2
1	0
15	0
19	0
3	0
14	0
0	0
0	0
1	0
1147	1
0	0
1	0
2	0
0	0
3028	2
3	0
0	0
0	0
3047	1
0	0
3	17
588	212
12	0
115	195
1730	43
4	45
28	0
79	1
741	1
0	0
0	0
399	0
156	0
0	0
4	0
1	0
2	0
0	0
0	0
0	0
0	0
0	0
476	77
35	36
1	0
2	77
13	51
3486	63
130	9
375	0
0	0
2	0
0	0
0	0
621	0
0	0
0	0
526	1
0	0
1246	0
3	0
52	0
0	0
664	160
6	160
52	3
15	1
0	0
1466	0
0	28
0	0
0	0
2524	0
0	0
5	3
0	0
2376	1
2	0
1413	0
5014	5
9492	2
97	0
8	0
6151	244
0	244
1	0
0	0
157	0
0	0
2064	0
0	0
4	0
195	0
0	0
615	0
28	0
9907	3003
1	3001
3864	0
20	0
0	0
862	0
30	0
6	0
44	3
22	0
14	0
3	0
0	0
0	0
0	0
0	0
2	0
1014	0
6	0
0	0
42	0
0	0
473	0
0	0
412	100
5832	103
0	0
245	0
0	0
1	0
0	0
0	0
82	0
1194	0
0	0
0	0
0	0
3	0
93	0
0	0
361	0
8	0
4	0
0	0
0	0
2	18
0	0
0	0
0	0
54	0
0	0
0	0
0	0
16	703
317	703
2	0
0	0
52	0
0	0
0	0
20	0
0	1
0	0
1519	0
0	0
3105	141
1	139
3577	1
319	0
0	0
0	43
0	19
1356	1180
222	1180
0	0
0	0
0	0
0	0
2	0
5	0
942	0
0	0
0	0
1120	1
21	0
20	0
7	0
1	0
0	0
87	0
728	0
21	0
235	0
1	0
0	0
0	0
0	0
0	0
6796	2
2358	0
0	0
1205	7
0	0
0	0
473	279
165	279
0	2
2	0
66	13
74	13
8	0
0	0
2	0
0	0
1	0
0	0
0	1
0	0
1	0
1	0
0	0
6	1
27	1
0	1
4	0
0	0
0	0
0	0
56	0
9	0
9	0
0	0
41	0
0	0
34	8
0	2
5	0
21	0
1471	1
0	0
0	0
568	0
1	0
0	0
17	0
69	0
0	0
0	0
0	0
8	0
0	0
0	0
0	0
0	0
0	0
0	0
11	0
79	82
0	82
32	0
0	0
1	0
0	0
0	0
377	0
427	1
18	0
7	0
76	0
48	0
1016	0
0	0
0	0
2	0
0	0
0	163
26	0
0	0
9	24
2	0
0	0
3497	0
0	0
2983	0
2	0
0	0
300	1
0	0
2	0
0	0
0	4
102	0
458	0
0	0
21	1
0	1
7	0
0	0
0	0
0	0
0	4
5420	11
134	10
255	0
4256	1
9	7
0	0
0	0
0	0
0	0
4	0
395	0
0	0
7	0
5	0
158	0
2	0
13	0
1	0
0	0
353	531
0	531
46	318
2250	318
0	0
0	0
552	0
0	0
0	0
0	0
0	0
0	0
0	0
199	0
0	0
0	0
1	0
0	0
0	0
3560	2
4	0
2528	1
0	2
0	807
60	89
3	0
18	0
5	0
27	3
2	0
2396	0
92	127
1895	127
55	0
0	0
0	89
2	0
14	0
0	0
0	0
2	0
713	0
3	0
0	0
0	0
0	1
0	1
44	29
18	29
912	0
0	0
0	0
2	0
26	0
18	0
615	0
1	0
7	0
0	0
0	0
1106	0
25	2
0	2
0	0
491	2
0	0
1042	0
0	0
0	0
187	0
0	0
134	0
0	0
2	41
22	2
2051	68
48	0
14	68
12	0
5	0
1370	2
605	1298
56	1298
14	0
1022	2
16	1
7	0
2	0
5405	3
2	1
0	0
0	0
466	0
118	0
0	0
3116	0
0	0
2091	0
3	0
409	52
119	55
0	0
470	119
12	119
2	0
6	0
16665	5
57	0
16	0
30	0
2	0
0	0
1111	0
0	0
0	0
705	0
404	0
0	0
1	0
340	0
0	0
1	0
14	0
3	0
28	5324
37588	5335
13	0
310	0
0	0
16	0
0	0
0	0
0	0
2	0
218	0
1	0
0	0
581	630
8	630
0	0
0	0
0	0
0	0
4	0
1056	0
0	0
7	0
0	0
0	0
365	12
0	0
22	12
3	1
412	0
0	142
0	90
0	23
3	0
421	0
2	0
0	2
0	0
0	0
0	0
73	0
25	0
0	3
1370	2
0	0
5	61
50	61
0	0
70	0
0	0
0	0
0	0
0	0
68	56
32	0
0	4
7	0
485	56
4	0
0	0
2	0
6	0
5	0
6	2
0	0
28	4
68	0
0	3
0	0
14	0
0	0
3	19
8	0
928	170
3	0
20	170
1344	0
0	0
2	0
1	0
1	0
0	0
0	0
0	0
6	0
515	0
0	0
2	10
299	0
0	0
26	75
943	0
0	0
1	0
0	0
0	18
4156	18
0	0
1146	1
0	0
8	3
702	18
6	0
46	0
151	18
18	0
555	3318
1	13
14	0
3	1
5	0
2	1
1	1
5	0
7	242
0	0
0	0
0	0
0	0
1	0
0	0
1159	3317
86	1
366	45
0	0
1	1
4	0
2	13
0	0
2121	2
1	0
3380	1
4	1
390	0
0	0
0	0
0	0
2	0
248	0
1973	0
0	0
0	0
0	0
1	5
0	79
56	0
98	0
0	0
0	0
0	0
0	0
0	0
158	55
4	3
0	0
6	0
0	0
0	0
0	0
0	0
10	642
747	642
0	5
0	5
3218	3
0	0
1	0
1256	7
6	0
2	7
21	0
4	0
0	0
1	0
0	0
0	0
0	0
0	0
1	0
794	0
4	0
0	2
4	0
3	0
0	1
109	138
24	138
1	0
1005	1
626	0
279	0
77	1
0	0
205	0
141	0
371	0
0	0
1469	0
0	0
0	0
313	0
1	0
126	0
0	0
1	0
0	0
0	0
234	0
0	0
0	0
271	1
2	0
0	3
255	3
12	0
369	0
1981	0
0	0
342	306
57	306
0	0
0	0
23	48
0	0
0	1
3	0
2	0
2	30
0	0
0	0
0	0
0	0
130	0
0	0
0	0
2	0
3550	181
114	180
3981	2
1	0
0	0
0	0
0	0
27	0
0	0
3	0
0	0
0	0
247	0
49	0
492	320
107	320
15	0
1	0
0	0
0	0
0	0
0	0
2	0
25	0
1883	1
7	0
0	0
20	0
0	0
0	0
0	0
0	0
0	1
28	0
1	0
1578	1806
0	1805
0	0
0	0
14	0
219	0
0	0
0	0
2	0
449	44
40	44
6341	1977
6	1977
0	0
0	0
0	0
98	520
529	520
2	0
1112	1094
26	1094
2	0
5	1
1	0
0	0
1422	0
0	0
2	0
4	15
310	90
0	90
464	0
13	0
61	0
0	0
19	0
1	0
0	0
1	0
0	0
0	0
2	0
0	0
0	0
0	0
1	0
0	0
1460	0
0	0
0	0
4342	2
5	0
0	1
94	0
55	40
2	0
406	0
637	0
0	48
53	3
228	28
5	0
453	25
0	0
1375	0
2891	0
0	0
0	0
0	0
0	0
0	0
383	2
7	0
0	0
0	0
0	0
11	1
4	0
7	1
93	0
0	0
431	0
3	0
3223	0
0	0
40	0
11	0
1829	79
4	79
47	0
0	0
0	0
741	0
4	0
700	50
982	50
2369	1
4	0
1	0
6	11
1	336
0	1
0	0
0	0
24	11
85	132
0	132
0	336
0	1
0	0
8	0
0	0
0	0
0	0
2	0
59	0
3	0
0	1
2	0
0	0
0	0
0	0
0	0
3536	0
1951	243
76	243
0	0
0	0
8	1
0	0
0	0
0	34
76	73
2	66
1	0
0	0
0	0
0	1
3	1
2	0
0	0
0	0
18	3
0	3
4	41
0	0
0	0
0	0
0	0
0	0
5	0
3	0
55	0
0	0
3	4
36	2
163	11
1035	13
53	0
2353	0
61	0
12085	3
1	0
0	0
0	0
0	0
6	0
1	0
7977	0
0	0
13	0
4	0
1	1
0	1
3477	1
0	0
0	533
0	0
0	0
5	129
0	0
0	0
5033	1
4	14
2	0
0	0
169	20
0	0
0	0
13	0
0	0
0	0
4	0
90	1078
0	0
0	0
0	0
0	0
0	0
7	0
1340	0
5	0
0	0
1	0
1791	47
352	46
448	8
4	8
517	1
0	5
1	0
0	0
1396	34
0	0
154	34
1	0
0	0
67	1963
3107	1963
1764	1
0	0
0	0
1	0
0	0
1522	1
1452	0
41	0
10	4
0	0
1	0
3514	3
0	0
2706	0
0	0
0	0
7	0
2227	0
0	0
0	0
0	0
0	0
0	0
717	0
31262	11
0	0
2	0
0	0
3	1
0	0
9	0
7	0
378	0
0	0
0	0
0	0
0	0
4	0
59	82
45	82
0	0
0	0
1603	366
8	365
1	0
4	0
1127	0
0	0
0	0
15	789
7	0
4	0
0	0
1846	2
0	0
7	11
7	11
1	0
0	1
0	0
1036	556
822	559
0	0
1	0
1907	1
0	0
0	0
12	0
0	0
1	1
0	0
0	0
1147	0
0	1
51	0
1	13
0	0
0	0
0	0
0	0
1228	1356
1021	1356
0	1
1	0
0	0
0	0
14331	1751
61	1748
0	0
0	0
348	25
0	0
0	25
3	0
192	0
828	1
0	0
0	0
1	0
0	0
0	0
0	78
147	0
236	0
0	0
0	135
2474	271
0	0
0	270
0	0
30	0
6189	2
0	0
0	0
0	0
61	0
1	0
0	0
425	34
1	34
1	10
27	0
7	0
1	0
355	0
0	0
0	0
245	0
1	0
0	0
3	0
3	0
0	0
409	0
601	0
10	0
0	0
1	79
0	6
0	0
0	0
0	0
1863	0
942	982
227	982
4	0
0	0
0	0
0	0
0	0
228	0
0	0
0	0
1	0
3	0
0	0
0	0
4	1
1	0
0	0
0	0
3	0
0	0
150	0
3	0
28767	58736
52684	21413
21476	54284
0	0
15991	9002
0	0
1464	0
24	0
0	0
1	0
0	0
442	105
145	105
152	272
16	272
0	0
0	0
2	0
946	0
1	0
1843	141
360	141
0	0
8	9
1	0
3	0
0	0
0	0
92	0
0	0
1	0
0	0
0	0
7	0
103	0
0	0
0	0
0	0
4008	0
0	0
384	263
0	263
0	0
4789	0
6	0
0	0
3972	2
3	0
1	0
940	252
21	252
0	0
0	42
0	219
0	0
163	0
5	0
0	0
206	0
0	0
127	0
0	0
0	0
24	0
0	0
0	0
6	0
2142	1098
5	0
1	0
0	0
11	9
74	25
65	1354
0	0
0	0
0	0
90	0
77	0
28	0
135	501
784	116
4	0
304	5858
24	7427
687	527
0	0
0	0
24	1097
68	544
10	240
12	7
3	1
0	0
0	0
0	0
2	0
0	0
108	254
1049	7378
792	1131
201	298
5	298
0	0
207	0
4	0
0	0
0	0
0	0
124	0
0	0
0	0
18	0
1	0
5879	4
313	0
23	0
0	6
600	0
3	0
11	1
0	0
0	0
628	0
0	0
11	0
0	0
959	0
5	0
441	119
1	0
0	0
0	0
2	0
0	51
848	72
1	72
0	0
352	0
0	0
3197	0
0	0
2	0
0	0
1	6
0	0
1	343
1395	0
0	0
15257	6
6	0
479	76
23	3
11	2
36	26
0	13
0	0
2375	1339
21	0
9	0
2	0
9	0
38	0
411	246
3	0
49	82
73	73
1	0
1041	1255
22	2
0	0
0	0
181	0
0	0
8	4
2054	0
1	0
0	1
0	0
0	0
0	0
0	0
153	0
1	3
0	3
0	0
0	0
219	711
0	711
0	0
0	0
4666	18
0	0
0	0
0	0
178	20
0	0
1	0
201	37
0	0
4507	1
12	0
31	0
1763	0
13	1
0	0
0	0
1	0
6	0
1	0
13	0
1245	0
8	0
0	0
0	0
1038	0
3	0
306	0
1	0
0	9
8	0
202	0
9	3
0	0
316	2
8	0
15	0
1152	2849
8	2849
27	738
885	738
0	0
0	0
0	0
13767	1376
60	227
1	0
1701	1375
18457	238
0	0
0	0
15	0
0	0
1	0
1	1
0	0
23	0
0	0
0	0
0	0
2698	1
0	0
460	38
2	38
1656	0
0	0
0	0
0	0
1602	0
55	0
10	0
4	0
1	0
0	0
909	0
0	0
3446	0
1	0
1	0
21	0
0	0
1531	0
1093	0
5	0
0	0
0	0
0	0
0	0
0	0
0	0
31	0
1156	69
14	68
0	0
6	0
0	0
11	0
1119	0
0	0
4	4
0	0
0	0
0	0
1	0
7	0
0	0
300	0
4	0
0	0
23	4
3	1
0	0
521	0
12	0
0	0
0	0
446	90
156	95
1242	0
0	0
0	0
0	0
8184	0
0	0
6	0
0	0
603	0
0	0
3	0
0	0
0	0
12740	545
212	83
3	0
0	460
776	0
1	0
81	0
2139	0
0	0
3028	0
0	0
0	0
4	0
1036	0
0	0
0	0
2	0
0	0
49	0
0	0
106	0
2	0
6579	4
1568	1
769	0
1037	1
0	0
1134	1
19	0
3	0
0	0
0	0
0	0
0	0
1340	0
0	0
0	0
0	0
1	0
27	0
1	0
0	0
182	0
232	61
20	61
0	0
0	0
6044	3
0	0
0	0
656	0
0	0
731	0
0	0
1062	0
16	0
0	0
11	0
0	0
1129	1
6	0
0	0
6	0
0	0
3	0
418	0
0	0
1567	1
0	0
20	0
0	0
0	0
13342	9
898	0
2	0
0	0
125	78
0	1
114	78
29	14
2	0
41	0
0	0
0	0
3147	1
1	0
0	1218
528	1218
87	0
24	1
0	0
4087	2533
1	774
0	3
1	0
76	0
0	0
0	0
2574	473
33	471
1020	1
28	0
262	7
30	0
0	0
0	0
0	0
30	0
4	0
0	0
0	0
23	2
31	2
2097	1
0	0
80	0
20	0
90	0
25	10
0	0
0	0
0	0
10143	4
2	0
0	0
0	0
9	0
0	0
0	0
2	0
0	0
4	0
2357	1
18	0
0	0
2522	0
2	0
18	0
283	0
0	0
2332	7
15	0
0	6
4	0
2	0
145	0
0	0
1190	0
0	0
0	0
2630	0
3	0
0	0
17	0
873	179
74	179
31	0
0	0
0	0
0	0
225	0
0	0
1	0
0	0
437	0
0	0
1513	0
0	0
1	0
0	10
33	10
2754	3
1303	0
1038	0
663	0
0	0
1306	52
2	50
0	0
0	0
2	0
3224	0
0	0
1	0
6	1
3	0
138	64
3	64
0	1
0	0
0	0
0	0
14	0
9	0
0	0
0	0
0	0
1	0
0	0
0	0
0	0
0	0
486	0
0	0
2	0
0	0
2	0
1031	0
511	0
0	0
10	0
0	0
303	123
3437	123
905	749
48	748
8	0
560	0
13	0
1	0
292	0
2	0
91	241
7	241
0	0
0	0
661	194
0	194
45	0
0	0
0	0
3	0
15479	5
15	0
6	0
2	0
6580	2
22	0
0	0
0	0
0	0
22	0
6	0
0	0
0	0
380	9
21	9
0	0
0	0
56	76
94	76
13	0
0	0
0	0
46	0
2920	0
0	0
0	0
0	0
234	0
0	0
0	0
7	0
14052	12462
31861	2297
5	2291
139	0
4569	13320
0	894
10293	1
0	0
11501	0
6615	0
0	0
19	0
41	38
1958	38
0	0
2	0
11441	153
28	0
3	0
3	0
10280	3
0	78
7	0
13	0
3209	3111
3	3111
0	0
2846	8213
1	8213
36	11
1	11
641	562
433	562
0	0
90	0
1	0
6	14
121	18
49	58
51	33
4	29
0	0
0	0
1160	0
0	0
279	11
17367	16
8	0
0	0
2202	0
5	0
4	7
0	7
1228	0
5	0
0	0
495	0
0	10
0	10
20	0
993	0
0	0
0	0
0	68
0	457
6	8
4	37
4	25
0	0
9	26
6146	5977
5744	2008
1	0
0	0
253	524
285	524
1053	1608
104	1608
0	0
14	0
2	0
4	0
0	0
36	0
0	1
0	1
82	0
0	0
0	1
0	1
0	0
519	0
0	0
315	0
7	1
1	4
840	5
5	0
0	0
1163	1
0	0
11	3
1	0
1166	408
63	408
49	0
15	0
0	0
1	0
2	0
1210	4
86	1
3686	2
0	0
10	0
8	0
56755	29
298	7
2312	1
9	0
846	27
0	3
44	26
0	6
52	1
0	0
0	0
7	0
55	0
5575	0
10	0
14	0
0	0
0	0
1251	1124
16	1124
19	0
2	0
179	508
13	508
0	0
1016	0
0	0
5	0
0	0
0	0
10	0
0	0
1	11
3	13
2	0
3	0
0	0
0	0
0	0
0	0
0	0
0	0
1	0
462	0
2205	1
0	0
3783	0
25	0
0	0
1910	1
0	0
0	0
2	0
1811	0
0	0
0	0
1	2
30739	9
99	0
13479	6
1278	0
0	0
1001	0
0	0
0	0
3558	672
98	670
0	0
0	0
0	0
0	0
12	1
2	0
1	0
0	0
7	0
6	0
0	1
0	0
0	0
0	0
22	146
26	0
97	146
194	5977
2030	2007
42	0
0	0
0	0
1	0
3531	0
2	0
0	0
2195	3
0	0
0	0
6019	3
968	0
48	25
0	3
0	0
0	0
2	25
297	0
19	12
0	12
1	0
1	0
55	0
2	0
0	0
1	0
0	0
46	0
10	296
456	296
0	0
0	0
0	0
0	0
0	0
0	0
0	0
26	0
1037	0
0	0
0	0
69	0
0	0
0	0
0	0
10	0
0	0
0	146
360	0
0	0
0	0
0	0
0	0
1	0
1101	0
0	0
0	0
0	0
0	0
0	0
3	0
0	0
0	0
2	0
0	0
0	0
1366	1
225	0
117	0
0	0
53	648
1490	649
13	0
1	0
3482	0
4	0
2085	185
205	112
0	112
3	24
0	0
397	0
3	3
0	0
35	0
0	0
0	0
656	0
0	0
0	0
0	0
0	0
0	0
0	0
0	0
4897	1
0	0
49	433
0	56
2	13
10	348
3	0
13	51
6	0
11	0
0	0
15	0
469	0
165	0
1	0
12	0
3	0
0	0
0	0
4	0
0	0
7	0
56	0
4	0
267	0
13713	7
5	5
7	0
2	0
4	0
0	0
25	0
3	0
375	0
0	1
0	0
0	0
0	0
2512	2
83	9
0	0
0	0
1	0
0	0
0	0
90	9
17	0
0	3
3	0
0	0
4	0
5624	0
3	0
443	66
20	66
0	0
923	0
28	0
2	0
0	0
2	0
3025	2
0	0
0	0
0	0
15	0
1	0
2	0
28	0
1	0
1662	0
1388	0
683	0
1877	0
0	0
0	0
8093	3
69	22
3	22
0	0
0	0
1	0
182	0
2	0
0	0
1	0
3	0
0	0
0	0
0	0
0	0
0	0
63	0
0	0
7	0
0	0
0	0
105	1
0	0
280	0
0	0
0	0
8	0
26	0
1	0
0	0
12	5
1	4
0	0
10	0
33	1
0	0
1	4
0	0
0	2
2276	3
2126	1
0	0
7	0
1	0
0	0
31556	8
862	0
0	0
2	0
659	2
361	0
0	0
0	0
0	0
0	0
2	0
1406	0
78	0
0	0
0	0
1322	0
9	0
16	405
437	405
0	0
4	0
10939	1
13	0
1	0
0	0
4	0
382	0
0	0
444	0
1	0
17	3
0	0
1163	1
105	0
4	0
3	0
452	321
0	321
63	0
266	5
0	61
2	4
18	0
0	0
821	0
0	0
1975	3
0	0
0	0
0	0
0	0
6	0
1	0
1	0
1	0
12	0
6	0
3	0
0	0
0	0
4	3
0	0
0	0
0	0
2	0
0	0
0	0
0	2
0	0
0	1
949	0
9	0
2366	0
0	0
1	0
335	1
4	0
998	780
7	780
0	2
1996	2
0	0
0	0
1921	2
0	0
9	0
905	0
0	0
0	0
1003	0
4	1
1105	0
0	0
7	0
0	0
2753	0
3	0
20	0
19	0
1366	0
4280	1
0	0
3252	3
1	0
3	0
1	0
0	0
11	1
552	0
35	23
1	23
1	0
5	3
0	0
0	0
4	2
1175	0
0	0
11	6
2846	2
2	0
14	0
0	0
4	30
2954	1
4	0
9	0
0	0
1	0
454	71
0	21
0	0
0	0
0	0
886	0
0	0
1770	1
2	0
0	0
0	0
6	0
0	0
0	0
0	0
1643	0
85	137
2	137
26	11
534	932
0	932
0	0
0	0
3210	2
431	108
137	108
6	0
0	1172
8	0
0	0
0	0
44	69
41	69
2911	0
37	1
5693	0
0	0
0	0
17	2
1799	1
4	0
0	0
4	2
10	5
77	7
9467	8
0	0
451	0
0	0
761	88
61	88
27	0
5	0
1325	1768
382	1765
0	0
1	0
6973	1
773	6
4	6
24	2
0	142
0	40
5	0
757	320
2	1
68	318
628	565
18	565
661	0
1632	0
1	0
3	0
0	4
0	0
0	0
0	0
0	0
0	0
0	0
2	4
0	0
0	4
0	0
0	0
0	0
0	0
0	0
0	0
0	0
0	0
0	0
0	0
39	0
0	0
2	0
4	0
0	0
2	3
5	3
3	0
0	0
10	0
2	0
0	0
0	0
2	0
6	0
0	0
0	0
0	0
0	0
0	1
0	1
1	0
0	0
2	0
1	1
577	918
1	918
26	0
16841	1261
1	1260
371	33
2	33
1	0
0	0
0	0
0	0
0	0
0	0
3	0
0	0
0	0
0	0
1266	896
75	896
21	0
2	0
0	68
4	84
0	0
0	0
0	0
265	23
1	0
0	0
0	0
0	0
0	0
0	0
25	14
1	0
101	32
0	0
113	446
11420	448
0	0
0	1
0	0
0	0
252	11
15	0
0	0
3	87
36	13
2	0
27	0
4	13
12	4
0	0
20	0
15	0
184	87
0	0
2	1
0	0
1	0
10	0
3	0
29	0
2477	56
0	0
1	45
0	0
119	28
0	0
1	0
41	52
111	695
84	615
1833	459
3	0
0	0
611	80
6	80
1	0
567	122
322	192
0	0
34	63
3439	439
12	0
42	11
0	0
2589	282
0	0
0	0
0	0
70	115
944	158
0	0
160	19
0	0
0	0
0	0
64	222
1410	641
153	131
1087	303
9	0
4	0
0	0
1	2
0	0
11	42
3943	44
3	0
92	3
0	0
3202	200
13	200
7	0
2738	19
2	1
0	19
6	0
0	0
0	1
3	0
1	0
5	0
1891	0
5403	1
0	0
1	0
0	0
711	0
24	0
166	0
42	9
234	1
239	0
2	0
0	0
0	0
10	0
0	0
0	0
12	0
0	0
1	6
0	38
0	0
15	0
1380	324
0	324
20653	3
0	0
212	1
0	0
1326	70
8	69
0	0
0	0
196	0
0	0
0	0
98	0
612	0
0	0
1048	1
0	1
215	1
0	0
348	0
0	0
0	0
4672	0
0	0
770	0
1	0
1	0
0	0
0	0
0	0
270	0
24	2
116	868
4023	962
18	92
0	0
1	0
11	2
0	0
5151	1
0	0
1	0
0	0
1	0
0	0
0	0
0	0
0	0
0	0
175	0
31	0
0	0
1	0
0	0
451	174
10	87
1	0
0	0
0	0
4	0
7	0
0	0
0	0
1	9
796	1
1879	0
0	0
10940	1
1	0
4	0
41	0
10	10
0	0
1	0
331	0
1	0
0	0
4	0
0	0
111	0
0	0
0	0
63	0
5	0
5	1086
15340	1090
98	0
0	0
29	0
5	0
0	0
14	71
1284	72
2046	0
26	0
0	0
10	19
8	0
0	0
6	0
0	0
161	0
0	0
0	0
4686	1
65	417
6585	957
18	538
83	0
31	61
0	61
3	0
0	19
336	155
268	155
1	0
0	0
0	0
0	0
0	0
51360	14
4	3
2	0
1334	0
0	0
0	0
14	0
2	0
3	1
0	0
406	0
0	0
3	0
0	0
0	0
0	3
0	286
1	0
850	0
0	0
0	0
0	0
26	0
5	6
146	352
0	352
803	0
16	90
322	90
1934	0
0	0
0	0
0	0
0	0
714	1
17	0
19	1
1	1
0	0
4	0
0	0
0	0
0	0
570	1345
2	0
7435	1345
0	0
0	0
4665	2
3	0
7	0
18	105
0	0
0	0
495	0
5	0
0	0
25	0
648	0
5	3
1004	3
0	0
0	0
4	0
0	0
853	5
64	5
0	0
6	0
1383	0
10	0
0	0
0	0
13415	624
1	616
3553	3
0	0
0	19
1461	339
29	324
0	0
971	6
1	0
34	6
1	0
697	0
0	0
436	86
0	86
0	0
0	0
0	0
0	0
97	87
3	87
2	0
0	0
875	0
0	0
1217	0
1344	20
0	0
11	18
0	0
1	0
26	0
1433	182
2	182
0	0
2786	0
0	0
0	0
0	0
150	0
9514	2
170	262
0	262
0	0
31	0
1886	0
99	8
0	0
1	0
0	109
2097	109
680	1304
3	0
0	0
3	0
0	0
1545	1
3366	2
2	0
0	0
15	0
0	0
1375	0
1	0
4	0
1554	1
0	0
0	0
0	0
3	31
749	31
2	2
1	2
214	280
38	278
270	0
13	79
4241	0
0	0
0	0
0	0
652	0
0	0
0	0
0	0
1017	0
0	0
97	0
943	0
0	2
0	0
303	0
5	0
6	0
521	0
0	0
0	0
3	0
4	0
14	0
3	0
0	0
0	0
0	0
0	0
410	1
0	0
0	0
0	0
0	0
1	0
0	0
796	0
0	0
0	0
1	0
1	0
4	0
413	0
8	0
0	0
4	0
32	0
2	286
5197	394
0	0
9	0
33	104
3	0
14	0
0	0
1566	460
184	460
0	0
9	0
0	0
9	0
359	1
0	0
0	0
3	0
0	0
22	0
518	290
0	0
2753	1
2	0
934	2
3	0
346	0
0	0
10	1
1	0
0	0
1176	0
0	0
0	0
0	0
0	0
2	0
0	0
0	0
688	0
1311	0
0	0
0	0
3561	1
0	0
1032	2
0	0
9	2
838	1272
34	1272
14	9
14	0
4	0
57	0
40746	27409
41	27396
0	0
0	0
0	0
1	31
0	383
288	0
13	12
0	0
0	0
497	0
0	0
2	0
0	0
100	0
5720	0
0	5
4750	3
0	0
54	0
153	10
2	0
0	0
556	0
992	0
135	0
4	0
0	0
1078	0
0	0
0	0
2	0
2	0
13854	4
17	1
1244	2
0	0
32	0
2051	0
281	0
1	1
1573	1
127	0
6	0
225	49
1	1
33	2
5	0
14	0
21	0
6257	2
0	0
2	0
2	313
0	0
0	0
1	313
327	148
2	1
269	66
0	66
1977	2
137	0
133	0
0	0
467	0
2	0
35	0
28	10
30	5
1	1
50	5
3	0
0	0
522	4
327	0
33	0
447	0
821	0
481	0
0	0
1714	1
0	0
556	108
8	107
0	0
20	0
0	0
3772	0
0	0
0	0
23	0
3	0
0	0
0	2
0	0
0	0
0	0
0	0
161	0
0	0
0	0
0	0
0	0
49	0
17	772
784	774
0	0
0	0
0	0
0	0
2225	2
11	0
6928	0
1	0
2	0
1258	0
3	0
62	0
3253	257
30	257
0	0
641	0
0	0
0	0
0	0
0	0
1339	0
1118	0
30	231
1434	232
0	0
72	0
0	0
0	0
3	0
1924	1529
1	0
1	0
0	1
0	0
345	0
13	98
407	100
0	0
10	0
11	0
24346	1539
0	0
1	2
207	0
2342	24
2	0
0	2
0	2
1	18
0	0
0	0
0	0
2	0
17	0
1	0
1044	0
38	0
85	0
8	0
0	0
0	570
0	0
16	0
26	0
0	0
2	0
190	0
0	0
3	0
0	0
0	0
0	1
0	0
0	0
0	0
0	0
36	132
289	133
0	0
0	0
26	0
124	0
0	0
0	0
7	113
456	113
0	0
1568	0
1	3
9	0
2	0
0	0
0	0
13	0
0	0
1	0
1050	0
3	0
4	0
663	0
0	0
0	0
25	6
49	0
2	0
0	0
0	0
3	0
1	0
190	0
62	91
26	91
0	0
39	1
604	86
45	6
73	2
23	86
11	1
3088	1
3	0
0	0
10	1
2773	0
1172	0
0	0
0	0
0	0
0	0
77	0
0	0
0	0
12	0
0	2
2	2
6	0
9	0
2176	2
9262	0
308	18
9	18
0	0
0	0
0	0
2193	1
1	3
1	0
1581	0
1	0
2129	3
1	2
0	0
5	0
0	0
0	0
0	0
3	468
259	468
0	0
0	3
0	0
1588	207
1	205
806	0
1	0
1	0
4	0
688	0
0	0
1	0
250	0
643	1
4	7
69	7
0	52
5616	1
0	0
0	0
0	0
0	1
0	0
0	0
0	0
0	81
0	151
11667	4
0	0
0	0
0	0
3204	3
1	0
0	0
0	84
0	0
1791	5395
2	5394
0	0
2	0
0	0
1	0
5312	3
0	0
1023	0
0	0
0	0
3760	0
1789	3
0	0
920	1
0	0
175	260
0	260
0	0
15	0
0	0
4254	0
9448	1365
57	4
0	0
3	0
2756	1364
13	0
0	0
436	0
1	0
23	0
0	0
2	0
22	0
207	0
0	1
0	0
0	0
18	0
939	0
0	0
0	0
0	0
0	0
0	0
1298	1
34	0
0	0
0	0
26	0
890	0
0	0
0	0
1662	0
0	0
772	0
0	0
0	1
3	1
1	0
11	97
70	97
4	0
0	1
1	3
4	6
6	0
2	28
196	7251
9	0
0	0
1	0
0	0
4	4
0	1
0	0
0	0
0	6
0	7
1	0
0	0
1	28
156	7251
0	0
0	0
0	0
0	0
0	0
0	0
32	0
1003	0
787	0
0	0
0	0
0	0
1612	2
528	0
0	0
0	0
0	0
0	17
0	113
2803	2
49	1
0	0
0	0
9	0
0	0
699	0
2	0
247972	66
0	0
151	0
0	0
3	0
0	86
0	31
2	0
4115	2
3	0
4514	4
5	0
1087	1
0	0
398	0
8	0
109	0
0	2
0	2
13	3
10	2
6705	2
21	0
2	0
0	0
0	1
27	0
2	3
0	5
0	5
3	0
8	0
24	0
2	0
3165	2
4859	1
9	0
0	0
4	0
1	0
0	0
0	0
0	0
0	0
0	0
1	0
0	0
1	0
1010	0
0	0
0	0
2	0
0	0
0	0
0	0
69	0
0	0
0	1
0	0
1050	0
134	0
199	0
0	0
9	17
0	0
2058	0
0	0
0	0
0	0
1	0
5	0
11	0
0	0
1077	0
620	1
0	0
13	0
2349	0
0	0
0	0
1	0
0	0
5	0
205	0
0	0
339	0
0	0
0	3
5	0
1056	0
0	0
4	7
23	8
0	0
1	0
3	1
1243	131
0	131
815	1
2809	2
34	165
19	165
688	0
105	0
787	0
36	7
319	7
3	1
1	0
1	0
9	0
1602	0
5	0
0	0
3225	6
145	0
0	0
0	0
0	0
0	0
0	0
1	0
977	0
8	0
1360	0
0	0
15	0
4	0
5	0
14	0
2	0
2	0
122	0
699	0
0	0
0	0
5	0
3	0
0	0
2	0
12	83
139	0
2	0
11	3
3	0
0	0
21148	12
0	78
377	78
1948	0
533	0
582	1
0	0
0	0
297	446
8	446
2	0
1	0
606	2
0	0
39	2
231	34
1	34
4178	3
1913	0
0	0
0	17
0	134
15	10
0	17
5	138
1	6
1283	880
2	744
0	136
75	0
3	0
0	0
1235	0
2211	1
1	0
0	0
2065	7766
0	0
0	1
5	0
65	0
0	0
7415	7764
1316	0
39	3
3	0
284	94
1	94
1	0
0	0
2	0
0	0
20	0
0	0
2169	1
26	0
0	0
10	1
0	0
973	0
3	0
3	0
0	0
0	0
1517	500
353	497
0	0
0	0
1	2
0	0
0	0
1	0
0	0
21	0
253	57
1	57
0	0
0	0
0	0
0	0
0	0
0	0
0	0
1	0
0	0
0	0
3946	0
0	0
0	0
4	0
20	0
12	0
4	0
7	0
6	0
1	0
1	2
0	2
231	0
0	0
4	0
219	1
1	0
0	0
103	0
1156	0
10	0
6	0
1	0
28	0
0	0
0	0
0	0
0	0
0	0
1	0
0	0
0	0
0	0
31	36
0	0
0	0
0	1
0	0
11	0
0	0
36	36
1	2
0	30
7	0
4081	2
2	19
0	19
0	0
1	0
323	0
0	0
20	0
0	0
10	41
386	41
0	0
0	0
1511	1
4598	0
9	0
1671	0
1148	0
0	0
94	237
0	1
0	0
55	768
20	2
2083	0
3	0
11031	7
99	4
1	0
0	0
0	0
404	0
0	0
162	0
1	0
9	0
0	0
38	0
119	0
664	0
0	0
0	0
16154	4
3	0
0	0
1632	0
0	0
1	0
1221	0
0	0
2	0
0	0
0	0
0	0
0	0
0	0
383	0
0	0
0	0
2444	0
0	0
1078	0
2	0
0	0
5	0
0	0
1	0
0	0
0	0
0	0
0	0
0	0
5199	1
38	0
1484	0
1	0
20	0
1784	0
146	0
63	73
3	73
754	0
1420	0
1	0
0	0
11	0
8	8
5658	2
20	0
0	0
4931	0
0	0
0	0
0	0
1	0
0	158
2	0
0	0
0	0
148	166
6	8
0	0
1	0
88	0
0	0
1054	1
10	0
0	1
8	0
4	0
223	0
367	0
0	0
3	0
1458	99
1	0
13	99
5	0
9	0
1	0
0	0
0	0
1812	1
0	0
0	0
0	0
0	0
0	0
1172	0
0	0
0	0
0	0
0	0
229	0
44	8
3	1
3	766
6	0
0	5
152	68
1	2
28	16
5111	0
0	0
4	242
706	242
0	0
11	0
77	2
533	29
0	0
0	29
0	0
0	0
0	0
1	0
1202	1
31	0
0	0
12	6
0	0
7	1
186	0
4	0
3170	0
0	0
1859	3
15	9
555	0
1	0
4	0
2571	121
0	0
35	120
2	0
0	0
0	0
6081	2
441	0
0	0
2261	0
1	0
0	0
18536	5
0	0
0	0
211	0
0	0
0	0
0	0
7	0
2	0
444	0
1843	0
3	0
6108	3
23	6
0	6
0	0
139	0
52	12
43	11
2	0
1330	0
335	0
0	0
868	0
0	0
0	0
0	0
1	0
0	0
0	0
1379	0
0	0
1	0
0	0
0	0
0	0
733	156
0	0
0	0
0	0
9	0
0	0
457	156
0	0
0	0
0	0
3639	4
0	0
2	0
1	0
0	0
8	3
0	0
0	0
0	0
3832	0
1011	0
0	0
0	0
1206	67
8	2
466	67
0	0
0	0
2248	1
0	0
130	0
0	0
1	0
0	0
8	0
3687	0
21	49
0	0
32	49
0	0
3945	766
4	5
0	0
4	68
0	2
1954	0
0	0
3492	5038
116	5038
0	0
105	0
1	0
0	0
0	0
0	0
329	1
10	5548
38648	17330
43	13279
34581	23100
23	0
0	0
0	0
1186	0
0	0
9102	1
36	0
238	4
0	0
5	0
1335	3
13	3
0	0
0	0
36072	10
0	0
0	0
4777	1
142	0
0	0
1	0
62	0
0	0
0	0
1	0
418	140
535	140
761	0
4465	4
0	0
3	0
1	0
1	0
1	0
2552	1
1	0
1114	0
1704	885
0	0
37	0
19	0
5777	2
3	0
1457	1
17	0
3232	2
1	0
0	0
0	0
0	0
619	0
1	0
0	0
0	2
3	0
0	0
3	0
0	0
7567	4
0	0
11412	22
0	0
1232	2
0	0
121	17
0	0
2313	2
0	0
1392	0
0	0
15	0
0	0
295	0
15	0
0	0
285	0
0	0
2080	0
1	0
6	0
32	72
0	0
0	0
1485	1
207	169
47	169
12	0
0	0
5081	1
0	0
9	0
0	0
412	50
0	0
0	0
20	1
9	2
2	0
0	0
8	21
10	29
1	0
0	0
0	0
1121	0
0	0
123	0
6961	2
0	0
0	0
0	0
1	0
0	0
0	0
138	0
369	0
816	0
30	0
0	0
0	0
30	0
0	0
1007	0
3	0
1117	0
0	0
1	0
1	0
2536	1
14	0
0	0
1	0
0	0
4165	1
0	0
1305	0
0	0
2217	0
8	0
1	17
141	0
9	46
1531	46
1	0
1	7
0	0
0	0
1	0
0	0
1	0
173	500
6288	501
652	0
0	0
0	0
4	0
248	0
3	0
6	0
1	0
0	0
3979	1
0	0
1577	0
9	0
1	0
0	0
2634	0
0	0
551	0
59	192
0	0
14	0
3	192
7924	3
0	0
0	0
0	0
23825	1248
28	1241
1	0
7696	1064
443	1061
73098	36
1688	16
0	0
635	0
1034	0
1	0
0	0
0	0
0	0
1290	342
11	342
1	0
172	0
1	4
19	0
3366	3
1447	0
3247	1
3	0
15	3
1251	18
18	18
0	0
0	0
1	2
1546	0
0	0
656	0
2	0
0	0
0	0
15	0
0	0
4	4
0	11
0	36
1	0
1699	0
0	0
24	0
0	0
0	0
0	0
2	2
0	0
1	0
3696	6250
0	6155
0	76
1	3849
0	1591
0	876
0	2686
0	1603
0	1730
38	1656
2	0
2	0
3	0
0	0
0	0
0	0
0	0
1211	637
2	637
0	0
253	0
3	0
862	0
1113	2013
19	2012
1	0
3	0
0	0
0	0
0	1
0	0
0	0
1400	1
95	138
0	0
0	0
0	0
948	0
13	0
0	0
341	0
1	0
35	67
617	67
2	0
379	0
3	0
0	0
0	0
25169	7
0	0
2	0
0	0
0	0
1890	428
92	427
11	0
4146	3
36	0
0	1
1087	0
0	0
1	0
0	0
389	0
203	528
16	527
11	0
3	0
0	0
0	0
0	0
0	0
1	0
0	0
0	0
0	0
821	695
429	695
0	0
0	0
0	0
9	5
2566	8
27	1
6	0
20	5
0	0
45547	48
139	26
0	0
10	0
3583	1
4	1
3	0
0	0
1870	1187
0	0
0	0
0	0
0	0
18	115
0	0
1062	1280
0	37
0	0
0	0
0	0
2	0
0	0
0	0
0	30
0	0
0	0
14	1
1	2
0	1
1	0
2	0
1407	0
7	0
2891	1
0	0
0	0
16	0
0	0
126	0
10	0
17	0
0	0
0	0
0	0
690	4
7300	2
47	0
38	0
1954	1
0	0
3	0
1	3
2717	3
1	0
0	0
0	0
306	0
0	0
1482	416
0	0
247	0
148	416
683	0
21	0
0	0
5398	0
3939	1
0	0
0	0
348	70
4950	71
0	0
482	2
17	2
3	0
0	0
0	0
0	0
0	0
4	0
0	0
62	66
0	66
0	0
1	0
0	0
1	0
0	0
1	0
4	0
1	0
4	0
4297	2
0	0
0	0
0	52
3	0
3	48
0	0
0	0
0	0
2	7
236	331
4	82
59	0
0	0
0	0
1931	250
6	0
0	0
3	14
488	30
55530	15
340	140
0	0
13	0
223	140
289	0
0	0
5	0
1620	1
0	0
7	1
0	0
0	0
0	0
0	0
0	0
0	0
0	0
0	0
2265	2
0	0
0	0
3739	0
11	0
7	0
0	0
3	0
584	84
3634	84
0	0
502	0
0	0
839	0
89	0
1	0
0	0
0	0
1	0
6	0
0	0
613	0
350	1
0	0
4	0
2	0
658	964
70	964
5	0
0	0
0	0
382	65
331	204
20	0
143	0
9	13
234	0
0	0
0	0
14304	682
91	680
2	3
3	4
0	0
0	0
528	0
0	0
1	0
2	0
0	0
0	0
0	0
0	0
253	0
1	0
3	0
6180	2
0	0
0	0
0	0
0	0
2	0
9	0
2	0
38	0
0	0
1751	0
31	0
0	0
0	0
0	0
4	0
0	0
0	0
0	0
2804	1084
0	1084
4	0
1562	2
3	3
0	0
1469	1
0	0
0	0
1327	2
79	11
0	0
31	11
0	0
0	0
0	0
0	0
1054	2
1345	0
1	0
398	0
3	0
1738	9
1	147
0	147
125	2
3	0
3	0
19	0
110	32
949	1010
0	0
3	0
7	75
3	9
1	0
0	0
2856	1167
33	0
309	228
314	38
2607	1
2	0
45	0
0	0
0	0
0	0
2	0
0	0
54	0
1	0
0	0
8	0
0	0
655	0
17	0
14261	2
2	0
0	0
138	0
101	0
0	0
535	0
0	0
0	0
0	0
331	0
3	0
1653	10
3	8
0	0
2	0
1	0
3	0
625	0
288	516
4	1
0	0
0	0
1868	1
2	0
3	1
0	0
141	397
10	397
2009	1
0	0
3	0
0	0
0	2
1085	1
19	185
731	185
0	0
0	0
58	51
0	1
12	0
6	0
2379	1
104	0
36	152
648	152
0	0
1153	1
0	0
0	117
201	1178
0	0
0	0
136	1521
154	284
0	0
0	0
0	84
0	10
3	0
5184	1804
2	0
1546	0
0	0
0	0
3362	0
0	0
0	0
0	0
0	0
1	0
1062	0
0	0
4	0
0	0
1	0
2	0
0	0
0	0
0	0
1257	3220
2182	3219
3983	0
969	0
0	0
415	0
6	0
0	0
0	0
4	4
0	0
0	0
335	0
1041	0
0	0
0	0
0	0
1794	2
703	0
16	0
16	6
466	6
60	53
98	53
0	0
55	12
109	12
0	0
213	0
1	0
5	6
24	4
2403	4
0	0
0	0
0	0
0	0
0	0
0	0
1252	0
0	0
0	0
0	0
0	0
2	0
0	0
112	0
242	23
13	23
1242	2
1	0
1010	0
2	0
0	0
0	0
1088	291
62	290
1	0
0	0
1	0
2728	1
0	0
27	0
1768	0
27	0
3	110
1329	1071
2	1071
4	2
6448	163
1	160
25	0
2131	2
0	0
2	0
0	0
0	0
0	0
1716	2
1	0
17	12
0	12
1	0
0	0
132	0
0	0
2	0
0	0
2112	1
0	0
0	2
1	0
0	0
1	1
665	1
22	0
2	0
482	519
1430	519
0	0
0	1
0	0
308	0
218	125
2344	141
37	0
0	16
1313	0
0	0
0	0
0	0
10	71
1821	127
1	56
0	0
0	0
0	0
2	0
5	0
2	0
2	0
3	0
0	0
0	0
1	0
0	0
0	0
0	0
0	0
585	1
0	0
31	21
1	0
27	0
6	185
1086	0
111	16
31	16
1227	1
62	3
8781	8
0	0
0	0
884	0
1	0
18	0
18563	4
0	0
109	0
390	1
6702	1
0	0
0	0
8	0
10	0
1	0
19	152
154	152
3	0
0	0
5	3
3507	3
0	0
0	1
497	0
4	0
56	26
0	0
0	0
89	26
0	0
15	10
0	10
0	0
0	0
0	0
7	0
325	57
1	0
72	0
0	57
1979	0
0	0
1453	0
0	0
3	0
0	1
46	0
0	0
114	14
0	0
0	0
0	0
765	0
0	0
0	0
38	0
14	145
29	3
13099	1
0	0
3741	1
1165	0
2063	0
0	0
0	0
1	0
300	0
0	0
0	234
1	0
1417	0
0	0
0	0
468	0
0	0
0	2
1	0
2	2
8	0
0	2
0	0
1334	0
1	0
283	0
7	0
0	0
158	0
0	0
630	1
0	0
19684	4
0	0
1817	0
9	0
68	0
1333	0
12	0
4	2
0	0
1	0
2	8
12	0
0	0
0	0
1	0
2	0
1	0
0	0
0	0
1	0
0	0
0	0
217	170
2	170
0	0
0	0
28	0
0	0
0	0
0	0
1	0
224	1
0	0
0	0
3	1
0	0
0	0
2	1
8214	3
0	0
0	0
2	0
11	0
0	0
6047	1
0	0
0	0
1	0
1	0
421	0
4	0
952	0
0	0
0	0
0	0
1	2
11	1
0	0
10	0
0	0
1	0
269	0
7	8
3	0
0	0
12	0
587	0
0	0
0	1
1650	0
24	5
0	5
0	0
0	0
0	0
1	0
17792	5
4	0
457	0
0	0
3	0
1015	1
1	0
0	0
11984	2030
3	2028
2	0
1130	153
59	90
0	0
0	0
225	10
5	0
1	3610
1949	3610
604	0
4	0
395	145
0	145
1500	1
0	0
0	0
0	0
2941	502
219	502
8	0
13	1
1798	0
0	0
0	0
0	0
0	0
237	0
77	0
0	0
98	0
0	0
0	0
58	0
11	0
68	0
0	0
0	0
3473	3
5143	1
3127	571
10	571
0	0
3	0
91	0
0	0
780	0
210	0
567	517
6	517
395	0
1682	0
1	0
0	0
0	0
0	0
0	0
0	0
0	1
0	322
3755	1
2507	0
3	0
0	0
73	0
794	0
1	0
5	0
11	3
1317	1
0	0
0	0
0	0
405	1
0	0
22	75
0	75
2	0
0	0
3571	1
0	0
0	0
0	0
13	0
0	0
3	0
1755	1
0	0
0	0
488	0
0	0
468	0
0	0
0	0
2561	1
0	0
361	1
0	1
129	0
4	0
0	0
276	45
0	0
0	110
169	151
0	0
34	0
462	0
4	0
0	0
5194	1
0	0
0	0
0	0
296	0
0	0
0	0
0	0
0	0
241	0
18	0
25	2
0	0
5	0
161	0
0	0
2094	4
3	2
6	0
2	0
1310	115
90	115
5	3
6	1
654	0
1	0
23	0
0	0
3614	1
0	0
0	2
0	0
5	2
3603	1
12261	3
1130	0
0	0
0	0
23	0
696	2
1410	0
3	0
0	0
934	0
622	1
0	0
24	1
3	77
0	0
10	88
0	0
2	0
0	0
1	0
0	0
113	57
20	5
2	3
3	0
77	52
64	65
2	0
68	43
1	0
0	0
7	0
0	0
2	5
7	0
0	0
57	84
14	0
4	2
0	0
0	0
1	0
0	0
0	0
0	0
0	0
45	7
6	0
0	0
0	0
0	0
453	212
0	0
116	0
1	0
1104	212
4	0
0	0
1108	3
11	1
2	0
5	3
49	0
176	5
0	0
3	0
0	2
12	2
0	0
3	1
0	0
0	168
0	0
3	0
3	2
0	0
1	1
0	0
5	0
777	0
0	4
0	0
0	4
0	10
0	37
0	46
0	0
0	0
47	0
0	2
0	0
31	6
1085	1
391	61
3	61
0	0
0	0
0	0
1	5
12	0
0	0
0	0
675	1
0	7
1260	0
0	0
9	0
0	0
1	0
1191	0
1	0
2	0
375	0
3	0
71	0
0	0
0	0
0	0
84	393
9801	393
6650	1
40	13
3173	1
10	0
216	80
0	80
0	0
0	0
281	0
0	0
0	12
0	1132
0	0
0	0
17	0
3899	1
666	201
17	201
0	0
0	0
0	4
1	0
10630	3
2	0
3	0
0	0
611	0
2	0
775	0
0	0
0	0
0	0
8	0
17	0
1976	0
2	8
5	8
0	0
3	0
64	0
664	2
256	0
0	0
1071	294
0	294
8	0
0	0
1467	0
1808	0
1	0
60	0
114	0
17	0
0	0
22	1
47	0
4503	2
703	0
560	1534
771	1534
1	0
0	0
0	2
2	0
4074	1
0	0
0	0
0	0
40	0
2988	42
0	0
43	0
76	0
1	41
0	0
371	0
13	0
7	2
8	2
22	0
36	2
4	0
0	0
2	3
1	0
0	0
2	0
0	0
0	0
560	0
701	0
0	0
0	0
0	0
621	0
0	0
7	0
982	149
16	149
0	1
3	0
4	0
1127	0
0	0
2	0
1935	0
11	0
325	12687
0	13257
1	12662
0	12660
0	11451
3	10508
0	13232
10	5
402	3258
40	157
5	0
1639	181
12	5
82	12
1026	785
1	785
0	0
0	0
1123	54
0	15
58	39
2	0
36	1
6	0
2148	0
1	0
2	0
0	0
990	0
0	0
3	81
482	81
466	266
2	266
6494	0
17	1
236	0
13	6
10	3
623	0
0	0
6	0
5	0
0	0
4	3
171	0
5	0
0	0
0	0
0	0
213	0
1279	0
11915	4
1	0
128	0
0	0
8	205
997	215
0	2
7	19
2	0
0	0
587	721
0	0
0	0
0	1
0	1
0	0
750	3
1	0
5	0
173	1198
4	14
676	0
0	0
0	0
0	0
0	0
0	0
0	0
0	0
0	0
0	0
0	0
1	0
0	0
0	0
1762	14
88	14
1	0
3	0
0	0
0	37
1	0
16	0
7	0
3	0
0	0
0	0
193	214
0	214
0	0
0	48
2	48
2	0
2786	0
36	1
5	2
3	1
4	1
0	0
0	0
11	53
109	53
9	0
0	2
0	0
25	0
1891	0
0	84
0	84
1	0
0	0
0	0
1	0
0	0
1068	13
0	0
0	0
0	0
2982	0
1	0
0	0
457	0
0	0
1	0
0	0
764	695
40	3
4	0
7	0
10	12
3	0
0	0
8	393
2	1
0	1
0	0
0	101
1	102
6	0
1	156
0	70
0	138
0	0
11	0
34	6
0	695
1	0
199	12
0	1
57	401
2	6
0	0
0	129
0	0
0	0
1	0
0	0
489	0
3	0
366	0
1	0
1	16
59	0
57	0
7076	1
0	0
3	2
6	1
5449	254
1095	254
4	0
491	6
2	0
18	6
68	10
0	0
329	5
22	0
0	0
58	0
17	0
6	0
0	0
1	7
0	0
1498	0
1	0
4306	1
0	0
2	0
15	0
0	0
2543	0
0	0
0	108
228	4
1	0
20689	8
3	0
42	0
0	0
345	7
18	0
0	0
974	15
0	0
0	0
4	2
30	2802
74	2802
0	0
9	0
104	0
4	0
18	1
0	0
326	0
1	0
9	0
2	0
4	0
3	0
3306	1
1	16
2	0
143	5
0	0
0	5
10	0
1	0
0	0
0	0
7698	514
2	513
10	0
1	0
0	0
337	0
0	0
268	0
0	0
0	0
2	0
0	0
1942	673
12	0
46	0
1315	9
0	9
2186	1
0	0
0	0
623	0
0	0
2	0
0	0
6	0
1	0
181	0
4925	5
0	0
0	0
12	0
3162	0
287	359
11	359
0	0
0	0
4	0
0	0
225	0
0	0
1	0
1	3
175	432
0	0
0	0
3	0
0	0
891	635
109	635
0	0
0	0
0	0
0	55
0	0
0	4
0	0
5	0
1465	0
0	0
25	0
1	0
12	0
0	0
0	0
0	0
0	0
9937	5
1	0
1	0
0	0
0	0
20	0
0	0
147	15
9	15
154	0
1374	1
0	0
0	0
20	0
3	0
1217	0
0	0
1	0
27903	7
6687	3
86	81
2	0
95	13
0	13
0	0
189	0
544	0
0	0
9	0
2	0
939	245
63	245
309	130
22	130
223	95
2306	96
0	0
9	0
0	0
222	238
5	238
1668	0
538	0
0	0
17	0
0	0
0	0
0	0
0	0
0	0
0	0
55	0
985	12
6	0
0	0
2	0
2	2
277	1
0	0
0	0
0	0
0	0
20	0
0	0
212	0
0	7
8	55
0	0
0	0
40	1094
1013	0
0	1
0	1
0	1
0	0
1403	1
0	0
0	0
13	10
728	0
0	0
2	0
0	0
2	0
3653	3
584	0
14	1
775	1
0	0
433	623
55	623
2	2
0	0
0	0
2	0
605	0
778	39
3	39
51	0
30	0
0	0
0	0
0	0
730	494
328	493
4	0
1133	18
0	0
2	17
0	0
0	0
269	276
26	276
127	0
0	0
9	0
848	0
0	0
0	0
585	0
1	0
0	0
0	0
11	0
223	6
1	0
0	6
557	0
0	0
0	0
647	0
0	0
1	0
1262	23
739	22
145	1
12	0
6227	0
0	0
5180	0
1	0
133	0
0	0
0	0
0	0
908	1
0	0
1	0
1	0
0	0
0	0
0	0
0	0
12	0
0	0
6591	4
1	0
0	0
2092	0
2	0
3051	0
0	0
0	0
0	0
0	0
0	0
2	0
0	0
1	0
6	0
2085	2
3818	0
2	0
101	0
897	0
625	0
638	0
8274	3
4	0
0	0
58	0
16	744
478	744
2	0
24	0
17	6
19	0
1	50
35	50
0	0
1529	0
9	0
0	4
1	3417
24	0
618	20708
15	0
875	0
554	20997
235	0
0	0
63	0
0	0
3716	0
1498	1
0	0
0	0
1	0
615	0
0	0
1411	0
1329	0
547	0
0	0
3	8
0	2
0	1
0	0
1605	0
0	0
2	3
1068	0
4	0
0	0
0	0
1105	0
0	0
7	0
0	0
618	0
154	144
769	144
1439	728
443	728
0	0
0	0
0	0
303	116
50	116
0	0
23	12
1800	12
12	0
325	0
15	0
1419	861
12	861
1	0
0	0
3988	801
0	800
9	199
113	75
397	396
5	31
1337	2
0	0
0	0
149	414
4	39
8	0
1428	0
452	0
6	0
0	0
0	0
0	0
3655	238
276	236
748	0
1	3
0	1
0	0
0	0
1	0
5573	2
7	1
0	0
0	0
29	0
0	28
18	2
753	1
245	1
2	0
473	0
1	2
819	0
3	0
610	0
0	0
1	0
0	0
1422	1
0	0
0	0
0	0
13	0
0	0
3764	3
5	0
0	0
3407	618
128	617
2	0
3626	1
0	0
0	0
0	0
15	0
35	0
15	0
7	8
1	0
0	3
1281	0
2	0
408	0
0	0
737	0
1	0
0	0
0	0
24	0
2490	0
0	0
482	0
4918	1
0	0
12	0
1	0
0	0
0	0
0	0
0	0
1	0
36	0
6	0
545	210
322	210
24	0
0	0
1	0
0	6
0	190
2017	1
2	1
0	0
20	0
0	3
0	0
31	30
1	0
0	0
19	0
2	0
5	0
0	0
0	0
0	0
0	0
0	0
0	1
0	0
87	17
541	18
2352	0
20	1
1095	1
0	0
10	1
0	0
0	0
0	0
0	0
2078	0
0	0
2	1
3	2
5	4
13	0
0	0
0	69
169	69
5	0
766	0
78	0
493	129
2	129
0	0
0	0
0	0
0	6
0	7
0	0
43	3
26	0
14	0
1	0
0	0
7	16
3	0
2	0
0	0
511	0
2280	0
422	1934
1	0
0	0
0	1926
1614	0
0	0
0	0
0	0
0	0
0	0
5	0
0	0
0	0
7	0
3	0
0	0
0	0
23	0
14	0
0	0
1	0
0	0
0	0
0	0
0	0
0	0
0	0
16854	6139
8	0
2	0
0	0
0	0
0	0
0	0
16	0
2657	0
0	0
0	0
0	0
321	76
15	72
35	4
2509	0
6	0
5	0
0	0
0	0
0	0
0	0
0	0
0	0
0	0
16	0
0	0
1231	0
2455	80
0	80
0	0
21	49
48	49
26	0
1169	2010
3	2010
0	0
0	1
0	0
0	0
4863	4
42	3
0	0
3	0
0	0
0	0
0	0
0	0
0	0
2803	0
0	1
19	1
4	2
14	0
15170	11
0	0
0	90
18653	3036
8	3031
17	0
0	0
132	0
18621	3639
2	2195
7	31
17849	1449
5233	10884
100	17941
1351	49967
3750	49991
2601	0
8	0
0	0
9	2
1	0
0	0
2	1
0	0
2873	0
0	0
4	0
0	0
1	1
0	0
539	36
0	0
0	0
0	0
0	0
580	35
0	4
0	0
427	0
0	0
5	0
0	0
0	0
0	0
0	0
64	18
7	0
63	0
2	0
0	19
2	20
0	0
0	0
0	0
0	0
0	0
2	0
1	0
1	0
0	0
0	0
1	0
19	78
0	0
0	0
0	0
2	0
0	0
0	0
0	0
2329	171
0	0
153	0
5	168
0	0
2984	3
3771	2
3	0
23	0
1076	6
0	0
0	0
0	92
1	0
2562	2
0	0
3606	1
2	0
0	0
3	0
0	0
0	0
2	0
0	0
0	0
0	0
0	0
15	0
13	0
0	0
76	0
3	4
11	3
0	3
1	0
1	0
0	0
0	0
2	15
0	0
2914	763
7	0
4	762
5	0
3	0
9	0
2	4
1281	0
0	0
0	0
0	0
95	0
100	0
0	0
1	0
0	0
0	0
0	0
148	44
24	44
0	0
4	0
0	0
0	0
4	0
0	0
22	0
0	0
3	0
0	0
1	0
5	0
0	0
0	0
0	0
2	0
0	0
0	0
1	0
0	0
0	0
4	0
0	0
6836	7
0	0
2	0
146	0
0	0
0	0
322	0
3	0
5961	7
1624	4382
0	9
0	1
97	0
1258	0
4753	4382
622	0
0	4
0	4
1	0
18136	7
3	0
2	0
1	0
25	0
0	0
0	0
0	0
0	0
0	0
2	0
0	0
0	0
1	0
3	0
16	21
0	0
0	0
0	0
0	0
286	11
2	8
0	0
19	3
0	1
0	0
11	0
2	4
1	0
2	0
0	0
0	0
0	0
0	0
0	0
0	0
0	0
0	0
0	0
0	0
0	0
0	0
0	0
0	0
0	0
0	0
0	0
0	0
0	0
0	0
213	0
7	0
112	0
12	8
7	0
0	0
4	0
790	0
0	0
0	8
0	0
0	0
0	0
1	0
0	0
0	2
0	0
0	0
0	0
9	0
95	124
787	124
1	0
11	0
0	0
0	0
220	0
2	0
8998	1
0	0
0	0
0	0
1149	2
5	0
0	0
2000	0
0	0
1	3
5	0
3	0
1	0
0	0
599	0
0	0
0	0
0	0
29	1
0	0
17	0
0	0
215	0
22	0
0	0
0	168
129	0
0	0
0	0
488	0
0	0
370	265
285	265
1	0
10	0
0	0
6997	4
5	0
6	0
0	0
223	0
6	0
8	0
0	0
326	642
0	642
0	0
3623	12
103	6
0	0
0	0
2	0
22	0
13	0
1	0
2081	0
3	0
0	0
0	0
0	0
0	0
619	212
635	210
0	0
0	0
330	0
0	0
578	28
26	28
0	0
1022	0
144	0
0	0
1	0
0	0
0	0
730	1
109	0
50	0
0	2
0	0
10	0
0	0
1228	0
0	0
1286	0
6	0
5	0
4	0
2707	1
3	0
0	0
1176	0
1728	206
0	1
0	0
0	2
0	0
3993	207
0	0
0	0
6	0
959	0
0	174
0	176
1	150
0	0
4250	5
38	0
0	0
311	1
28	0
20	0
0	0
917	0
0	0
3	0
11290	3
1	0
0	0
598	0
0	0
1	0
0	0
4	0
163	0
6	0
341	0
0	0
905	0
5	0
0	0
0	0
0	1
0	0
554	0
0	0
156	0
64	0
0	0
0	0
0	0
0	0
4	0
0	0
3	0
0	0
0	7
0	0
0	0
0	0
0	0
0	0
4	7
10	0
0	0
0	0
8	1489
0	0
0	0
23	2
0	0
0	3
0	3
0	0
0	2
0	3
2	3
774	0
1222	74892
0	0
1	74892
1	0
0	125
0	0
588	0
0	0
0	0
0	0
0	0
0	0
2	0
0	0
0	0
2	0
18	3
2	1
1	1
0	0
0	0
0	0
0	0
0	0
1918	0
0	0
11	2
1	0
1773	0
0	3
0	0
9	0
897	0
0	0
6964	4
392	0
0	0
2128	0
0	0
470	0
500	0
1032	0
0	0
247	0
1	0
0	0
0	0
1204	0
0	0
0	0
0	0
660	0
0	0
0	0
0	0
0	0
959	0
2	0
3	0
0	0
95832	28
1	0
3	0
0	0
1	0
0	0
0	0
5	0
11	0
0	0
0	0
0	0
0	0
0	0
0	0
2202	0
0	0
1	29
0	0
0	0
0	0
1243	0
1	0
0	0
9	0
24	0
0	0
0	0
0	0
5	0
0	0
1	0
1758	0
0	0
2008	2
2989	0
13050	5
0	0
0	3
1	0
107451	33
3	0
4	0
0	0
8	0
59	0
0	0
483	0
0	0
0	3
0	0
717	706
5	706
0	0
0	0
0	0
0	0
13	31
0	0
0	0
20	0
0	0
364	0
0	75
0	0
0	0
0	0
20	0
0	0
1	0
3	0
0	0
0	0
8	0
0	0
322	192
17	192
0	0
0	0
4	0
0	0
2406	1
4486	4
0	0
0	0
5	0
4422	4681
6	4680
2	0
0	0
0	0
0	0
1	2
0	0
0	0
0	0
202	12
12	11
1	0
3	0
2	0
272	1271
294	1271
0	0
0	0
58	0
0	0
1	1
0	0
0	0
0	0
2	0
0	0
1849	0
1078	1704
26	1704
753	1471
13	0
22	72
983	71
3	0
589	1471
0	0
0	0
644	0
0	0
0	0
0	0
2	0
2441	4
1	0
0	0
8	0
265	271
44	271
32	59
0	0
0	0
421	0
0	0
8362	1
9	0
1	0
98	17
136	0
2022	0
718	203
815	203
0	0
1	0
0	0
13	0
84	0
3	0
188	0
268	1
0	0
0	0
37952	10
30	2
4	0
0	0
0	0
0	0
2	0
30	0
0	0
0	0
5	0
1	0
0	0
0	0
0	0
0	0
0	0
0	0
0	0
2	0
25	0
0	0
187	158
0	158
0	0
0	0
0	0
3	0
7018	2
1	0
0	1
0	1
0	0
2375	0
17	0
3	0
0	0
65929	36
706	20
8	0
2381	0
1	0
7	3
23	0
0	0
0	0
0	0
0	0
8	0
0	1
3	0
0	1
3	5
6	2
0	0
34	128
402	128
3	0
0	0
3	0
15683	21
0	0
2	1
0	0
2	5
1	0
0	0
195	0
4	0
461	1
41	24
0	30
0	30
42	33
7	0
0	24
0	0
0	0
263	0
0	0
45	4
2	0
483	588
2412	588
0	0
0	0
5	0
0	0
0	0
0	0
0	0
92	0
12	0
0	0
68	127
60	127
3	0
0	0
0	0
0	0
0	14
1	1646
16	0
2	0
12	0
567	0
1	0
51	1
1137	111
5	108
868	0
3	0
434	0
0	0
0	3
2	1
0	0
2	0
1719	2
1080	0
1234	0
0	0
243	0
386	0
4	13
0	0
1946	0
6	0
0	0
0	0
0	0
16300	688
112	4
1	683
0	0
3542	0
2218	0
0	0
18716	5
1	0
0	0
31	0
1	0
0	0
3	0
0	0
4	0
1	0
229	0
0	0
0	0
11	0
0	0
0	0
0	0
0	0
0	0
121	0
3	0
0	0
0	0
55	0
0	0
107	0
0	0
781	0
0	0
632	0
11	0
49	1315
0	3
0	0
28	181
0	0
0	0
222	107
20	107
0	0
1	0
6	0
1907	0
0	0
9	2
5	1
3412	0
0	0
0	0
0	0
27	0
3406	2
49	54
1889	0
31	20
7	0
7	0
24	0
0	0
0	0
3	0
82	1323
0	1151
0	45
0	0
0	0
0	0
3	0
0	0
3	482
33	0
0	0
0	0
3	0
0	0
1931	7
5	5
0	0
0	0
0	0
0	4
25	169
814	169
0	0
184	98
1828	98
34	0
1	0
0	3
0	0
497	2
1	0
0	0
1	0
0	0
41	1
0	0
3	0
0	0
0	0
336	0
825	0
3	0
4	0
0	0
4	0
0	0
0	0
0	1
1	1
4677	0
1694	0
0	0
2	0
2021	3336
7	3336
0	0
1	0
0	3
251	3
0	0
0	0
5	0
10	0
2	0
2114	236
0	236
0	0
0	0
0	247
434	247
44	2
0	0
24	0
44	1
0	0
0	0
0	0
18501	3
0	0
1	0
1799	0
0	0
3	0
0	0
0	0
0	7
0	7
3	2
0	0
4	5
0	0
15	0
5	0
2	0
1	0
648	0
0	0
0	0
583	0
0	0
426	0
51	0
2	0
0	0
580	267
575	421
129	154
180	0
684	0
2	0
942	0
3	10
0	0
0	0
6	0
0	0
0	0
381369	127
1076	696
1	692
7	1
658	0
0	0
637	184
1	184
959	2416
61	2416
4	2
0	0
0	0
1	0
0	0
1399	1021
6	1021
1	0
2	2
15286	1
724	1463
2	1462
3	0
8	5
1	0
4	0
0	0
0	0
0	0
0	1
3157	1
0	0
0	44
8	1367
346	0
0	0
3	0
1	0
0	0
0	0
1	0
0	0
1	1
0	0
0	0
6	0
15760	3
0	0
50	1526
5094	1528
21	0
1849	0
606	0
8	0
46	0
0	0
2	0
0	0
0	0
894	0
0	0
0	0
3712	4378
11	4378
0	0
30	0
132	0
89	1
10256	6
635	2
0	0
1	1
2	0
8	2
0	1
0	0
1097	0
0	0
6	6
0	0
0	0
10	3
4	13
2	0
2	0
0	0
0	0
0	0
2	0
0	0
0	0
0	0
0	3
0	3
0	0
0	0
25	11
0	2
0	0
0	0
0	0
2	0
2	63
0	0
0	0
11	0
0	0
2	0
8	12
6	6
0	0
13	171
2	0
0	0
11	157
0	117
0	171
0	128
0	127
0	10
0	116
0	0
0	172
6546	0
2	0
3	3
2	0
14	3
0	0
0	0
3	0
32	0
68	0
7	0
59	0
2	0
0	0
4	2
6	0
0	8
11	8
0	0
30	0
0	0
221	1931
11356	1931
537	0
0	0
1	0
0	0
0	0
755	0
0	0
38	0
2331	1
26	0
1388	0
4535	3
0	0
3230	0
0	0
0	0
0	0
39	7
12	7
0	0
0	0
0	0
0	4
913	12
0	12
0	0
3	2
0	0
732	0
72	0
764	1
6	0
2	0
5	0
228	0
5107	2
11	0
0	0
1	0
1	1
1	17
14	0
8	0
237	0
1	0
4	0
0	0
0	0
5	1
1	0
0	0
0	3
0	0
0	0
3	12
0	0
1	2
15	0
0	0
3	0
0	0
3726	3
571	449
280	448
0	14
0	5
0	28
0	86
0	5
0	26
9918	1
2	5
2	0
1	14
0	0
1137	0
30	26
0	0
91	144
0	0
0	0
0	0
0	0
18	27
192	27
89	152
2	0
13	0
0	0
5	0
15	0
57	0
0	11
0	0
3897	2
24	0
0	0
7	0
0	0
6	0
103	2
3322	2
363	108
51	108
0	0
190	65
6	65
7	2
0	0
0	0
2131	1
3	0
712	1
29	0
2	0
650	0
18	0
0	0
2	1
1901	0
0	0
9101	3
6	0
0	0
1	0
0	0
0	0
0	0
0	1
1932	0
1	0
0	0
2	0
3446	0
0	0
0	0
1	0
0	0
0	0
1	2
0	0
0	3
756	2
1	0
2850	0
6	0
0	9
6	0
0	0
0	0
0	0
0	0
12	0
61	0
18	0
26	277
0	0
0	0
4	0
1	0
5	4
0	2
0	0
0	2
0	0
0	0
0	3
1978	247
40	247
1	0
993	4
1	0
0	0
4	0
172	1
0	0
0	0
2750	87
0	0
44	85
0	0
9	0
0	0
0	0
1577	0
19	0
1645	0
0	0
1	1
425	0
0	0
0	0
1	0
0	0
13368	595
167	593
0	0
0	0
391	0
49	0
0	0
0	0
188	0
2173	33851
75	33851
428	0
455	0
0	0
7	0
1	0
3	0
261	1212
0	1
1398	3
7201	0
21	13
11	0
0	0
2018	0
0	0
0	0
0	0
717	0
0	0
285	214
0	0
0	32
47	0
0	0
0	0
12	0
1	0
12	0
35	0
3	0
4066	847
1399	409
54	408
0	0
555	0
82	0
0	41
106	0
24	217
0	0
113	0
0	0
0	0
2	83
0	0
0	0
0	0
1	0
2	0
2980	0
0	0
0	0
1	0
93009	40
17	3
1	0
0	0
4	0
4281	1
0	0
63	0
3	0
0	0
2	0
2	3
0	0
1	3
0	0
1642	1
0	0
0	0
360	0
0	0
271	580
7	580
0	0
11	0
1	8
0	1
0	0
0	0
2	0
0	0
4	0
2	0
1	0
2034	0
14	0
0	0
4143	3
9	0
1	0
399	0
0	0
0	0
2314	620
352	2343
5	45
32	0
25680	6
272	0
0	0
352	0
2004	1
3	0
2920	409
0	409
3	0
16	0
0	0
6	0
154	254
0	254
2	0
95	0
0	0
340	848
0	848
14	1
0	0
303	0
1	0
2141	0
1	0
216	0
1	0
0	0
0	0
0	1
1323	1
0	0
0	0
868	168
3	167
28	0
9	4
62	0
0	0
4024	0
0	0
50	22
4	22
0	0
0	0
1	0
0	0
0	1
3	0
0	0
54	0
0	0
0	0
0	0
0	0
8	0
44	0
0	0
0	0
0	0
0	0
3	0
0	1
0	1
0	0
18	0
0	0
4	1
0	0
22	44
601	44
1	0
0	0
0	0
0	0
0	0
0	0
258	0
1294	0
0	0
1043	0
13	0
68	8
34	0
20	9
0	0
46492	21
1	0
0	0
0	0
17	0
695	1
47	0
7	1
0	0
0	0
0	11
4	6
70	2
6	0
0	0
0	0
0	0
0	0
1	0
2	3
2553	0
39	0
0	0
1	0
0	0
907	0
320	554
0	0
0	0
0	0
0	0
2	4
0	0
0	0
3321	2
2	0
16	0
10	0
1518	2
13	0
7	0
0	0
1	0
10	0
41	2
0	0
1	0
21	39
1308	39
0	0
2	0
0	152
3072	1
0	0
1932	0
46	0
183	0
0	0
0	0
7	0
0	0
2	0
16	0
130	0
4	0
0	0
0	0
1	0
1	10
9	10
18	0
0	0
2068	2
0	0
0	0
268	0
0	0
4	0
0	0
0	0
116	0
5	0
0	0
1796	0
0	0
0	0
0	0
2389	1
2902	0
0	0
0	0
7	0
1	0
0	0
18	0
24	24
0	30
0	0
0	0
0	137
4	137
0	0
0	0
1	0
2304	0
9	0
3	0
24	24
1108	0
0	0
11	0
0	0
2	0
0	0
608	0
8	2
16	0
0	0
3	0
0	0
2	0
0	0
0	0
36981	301
194	292
7	1
2432	1
28	0
4177	0
0	0
2	0
0	0
964	0
0	60
0	0
515	951
0	951
717	1
3	0
0	0
62	0
3	0
3	3
0	0
1	3
0	0
4	0
6	4
0	0
0	0
0	0
13	0
0	0
0	0
0	13
0	0
2	0
2	0
15	3
237	0
1897	0
1	0
227	1
1	1
33	0
5	1
0	0
14	0
0	0
0	0
5799	9428
94	9428
116	0
1	0
4	0
505	17
0	0
1856	2
3	0
4	0
8	0
34	7
1	0
17	0
1	0
0	0
1	0
2801	0
2819	1
1	0
0	0
0	0
0	1
93	0
0	0
0	0
90	0
1	0
622	0
1	0
29	15
2	0
0	0
4	0
435	157
0	157
0	0
0	0
3	0
0	0
161	0
49	0
138	0
0	0
755	0
8616	3
5	0
14	0
7	0
0	0
104	78
502	173
16	93
62	9
5	0
0	0
5844	4
1	0
5828	1
243	0
1	0
0	0
3830	1
4	0
770	0
555	1
0	0
0	0
25	0
0	0
0	0
7	381
1884	383
1	0
0	2
1309	0
54	0
16	0
0	0
0	0
0	0
0	0
0	0
337	0
0	0
0	0
10	0
0	0
276	0
0	0
0	0
4	0
2	0
0	436
2242	436
0	0
0	0
0	0
0	0
15	0
0	0
3365	0
1014	0
0	0
83	0
1	1
1	1
0	0
1	0
502	1
0	0
2	0
4897	0
0	0
0	0
0	0
0	0
0	0
0	0
70	0
1	0
0	0
0	0
5	8
0	0
1	0
0	0
3	0
0	0
0	0
0	0
20	128
2983	3
0	0
0	0
0	0
3335	0
11	0
6	0
992	7
3	0
465	1908
369	1908
106	0
0	0
0	0
7417	596
7	592
1540	0
0	0
0	0
0	0
0	0
539	2
0	0
0	0
376	173
4858	180
7	0
0	0
39	0
82	7
447	0
4	2
1	0
11	0
3	0
180857	56
8220	3
1	0
546	0
2	0
0	0
0	0
1	0
5	0
8	0
0	1
0	1
0	0
0	0
0	0
0	4
0	0
1	0
0	0
4636	0
1	0
10	0
0	0
1	0
0	0
3	0
2	0
6	0
0	0
0	0
2	0
0	0
4	0
1	0
2717	0
0	0
0	0
0	0
3	0
61	0
0	12
0	0
0	0
1	0
1	0
0	0
5	0
0	0
0	0
3	0
990	0
11	0
36	0
1	0
2597	2055
121	2053
11	0
1514	2
0	2
1	0
0	0
0	0
1	0
0	0
0	4
91	0
1860	1
0	3
0	0
0	0
1	0
0	7
76	7
1	0
0	0
4	0
15	0
1035	0
0	0
28977	7
0	0
27	47
15	0
0	0
18	6
0	0
1	7
3	0
13	3
1016	3
14	0
22	0
4	0
37	3
2619	0
0	0
63	209
144	209
303	0
0	0
1	0
1808	1
6	0
8	0
0	0
383	4
0	0
13	4
0	25
0	0
0	0
0	0
27468	9
38	1
0	0
0	0
0	0
0	0
8797	58
0	0
8	56
0	0
0	0
29	9
0	0
5	0
3	0
1649	3
3	0
0	0
0	0
900	1
0	0
0	0
271	0
0	0
0	0
0	1
20	0
0	0
0	0
0	0
0	0
1574	0
0	0
1175	1
33	1
1	0
1741	0
0	0
0	0
3	56
285	56
2	0
0	0
0	0
2	276
727	276
0	0
0	0
0	0
0	0
0	0
0	0
335	2
3	0
1	0
0	0
1	1
0	0
0	0
0	0
0	0
0	1
0	0
0	0
0	0
962	4
189	0
0	0
3	0
8	0
4	0
906	0
0	0
0	0
0	0
1	0
19	8
2	0
0	0
514	0
2018	77
6	77
7	0
0	0
1200	3
1260	0
4018	469
32	469
1422	718
0	0
2	0
0	0
8	0
0	0
0	0
10	1
0	0
0	0
21	0
0	0
2	0
4	0
0	0
6657	1
1423	1
969	0
4	5
0	29
1066	1
124	0
0	2
4	0
2069	0
2	2
3	0
2674	0
2	0
0	0
0	0
1264	0
4	0
4	0
6	0
4	70
368	0
4	0
3	1
0	0
2599	0
4	0
1	0
0	0
0	0
1666	1
2	1
0	0
159	0
0	0
16103	12
0	0
0	4
0	0
2400	1
0	0
306	0
0	0
712	0
173	0
0	0
2	0
2	2
724	22
0	22
9	0
2	0
2	0
181	1815
279	1815
0	0
3	0
0	0
0	0
9	1211
1621	1211
4	0
0	0
0	0
0	0
252	0
117	0
0	0
0	280
0	0
0	0
216	1
0	0
0	1
0	0
1	0
19	0
0	0
4	0
1004	1
334	1
324	8
0	0
0	0
0	0
1	8
0	0
0	0
5	34
0	0
1409	646
0	0
570	462
0	0
9	15
0	0
3	0
0	0
0	0
905	2
1	0
0	0
200	58
0	0
2151	58
2	0
0	0
6	0
0	159
0	2
0	28
10	70
676	0
4	0
0	5
0	5
0	0
138	0
1	0
685	1
9	0
614	0
188	1096
6	1096
7	0
0	0
2189	0
1417	0
11097	1
3	2
0	0
2	1
0	0
3	0
666	0
6	1
0	2
2434	0
7592	3
1	3
0	0
91	0
1172	1
0	0
12	0
6	0
1881	4
2393	2
0	2
3	0
0	0
0	1
0	0
1	0
1748	0
0	0
0	0
2	0
1061	0
0	1
0	0
0	0
0	34
154	0
150	284
42	283
8	0
6153	1357
10	1355
2	15
0	310
2	0
23784	1204
453	1195
0	0
1	0
0	0
1	0
1802	0
0	0
0	0
0	0
0	0
10890	3
1691	0
0	0
0	0
0	0
0	0
994	0
1	0
0	0
2	0
5	0
4885	0
44	0
877	1
3324	324
0	0
7	0
5	0
0	62
432	551
499	0
1	0
0	0
0	0
40	0
0	47
0	77
0	0
26	0
0	0
1097	1
0	0
0	1
0	1
4	0
267	0
0	0
0	0
0	0
0	12
0	35
5	996
1	0
0	0
2365	5
0	0
6	7
0	7
2	0
0	0
10716	2
670	1
3	0
0	0
6927	4
2	0
2	0
7	0
1	0
5985	4284
7289	4285
0	5
2	0
1	0
433	0
575	0
0	0
1265	0
0	0
0	0
1491	0
24	0
2	2
1233	1
0	0
131	0
0	0
2070	102
14	100
6	32
0	1
2	1
1	0
0	0
0	0
0	0
0	256
0	8
0	0
0	0
7	0
0	0
1	0
0	0
4	0
0	0
0	0
95	16
0	0
106	5
0	0
0	0
0	0
8	5
2492	1
34	52
76	0
124	0
3	0
1806	3
1003	0
2	0
0	0
330	0
4	0
2	0
0	0
0	0
202	0
253	0
0	0
11	20
2107	114
0	113
0	0
0	0
4052	0
0	0
0	0
442	0
0	0
0	0
0	0
0	0
0	0
334	6658
35	0
282	8103
919	11434
0	0
3	0
0	0
0	7
0	94
5	0
4926	30943
7	11
2351	31125
308	7
0	0
4	0
0	0
3747	1
42	0
0	0
193	0
8	0
5	6
0	0
0	0
0	0
0	0
10	0
0	0
1062	0
0	0
3	0
1602	1
6	0
0	0
3	0
29	0
0	0
12439	11
0	0
0	0
2	1
40	21
0	0
0	2
1	0
2	2
1	0
0	0
1286	0
25	0
1	0
0	0
68	0
5370	0
0	0
5	0
1284	5
656	0
2	0
180	0
35	0
0	0
0	0
61	0
48	2
0	0
0	6
377	1
1	0
43	0
0	0
5	0
46	33
9	33
1	0
0	0
5	0
496	285
40	285
0	0
0	0
11617	1
5	0
0	0
524	0
1890	1
154	43
1	43
5	0
2314	0
1	1
294	27
0	26
0	0
921	0
2627	1
3	0
1022	379
11	378
1	19
7	1
2	0
0	0
0	0
0	0
2	1
14914	5
13	0
1	0
0	0
1522	1
512	2
1	0
475	40
2	1
64	9
2	40
1265	0
2	0
35	235
1373	235
41	3
74	0
1394	0
0	0
0	0
6	0
49	301
521	302
1	0
11	0
0	0
23	0
68	78
4	78
1	0
2	0
0	0
0	0
1237	0
3	0
769	10
0	0
1312	0
2	0
0	0
254	0
0	0
699	104
0	0
27	0
190	451
5748	451
0	0
1093	765
6	765
0	0
3	0
4055	2617
1	2617
3	0
646	0
518	0
1	0
1314	2
1	0
1	0
0	0
693	0
0	0
0	0
0	0
0	0
65	3
20	0
687	3
5	0
0	0
0	0
1411	0
0	0
0	0
6	0
0	20
0	2
0	0
0	0
3204	1
0	0
21867	3
7	0
533	171
26	171
12	0
13	18
45	77
85	0
1	5
0	4
0	47
0	0
0	0
28	578
1125	578
17	1
1	0
0	0
9	0
0	0
1083	38
8	37
0	0
0	0
36156	18888
0	0
9	0
1003	0
0	0
1	0
390	284
8	284
0	0
5	0
1	4
612	4
11	0
2	0
16	0
1	0
11	0
0	0
0	0
10	4
726	5
0	0
0	0
0	0
0	0
149	0
0	0
0	0
4	0
102	0
6560	1
164	0
891	50
174	50
0	0
0	0
0	0
7	0
0	0
0	0
1	0
1092	0
0	0
2	0
0	2
0	2
26	0
1499	0
8	0
0	0
0	0
1	0
2	0
0	0
2226	2
0	0
4	0
0	0
0	0
0	0
59	0
4956	2
0	0
0	0
2675	0
1271	0
0	0
0	0
0	0
2	0
2245	0
2413	1
1	0
14	0
6	0
0	0
985	0
5	7
0	0
5082	0
8	0
0	0
0	0
0	0
599	0
7	0
0	0
1073	0
0	18
156	18
2890	0
0	0
6	135
10	302
0	0
1	0
22	25
27	0
18	0
10	0
0	0
0	0
0	0
0	0
0	0
1	0
8	0
11	0
0	0
138	292
347	1
14	1
1	0
1635	8
0	169
7	0
1374	0
0	0
0	0
28	0
3	0
2757	7
67	0
1	0
928	4
2506	1
833	1
1	0
2211	1
5	0
0	0
0	0
4	0
3	0
1	0
7	1
8	1
1	1
5	1
0	0
26	2
0	0
1	0
5	0
1	0
0	0
0	0
1824	0
18	0
0	1004
1560	1004
405	1
78	0
6	0
0	0
0	0
65	0
0	0
0	0
0	0
637	0
28	27
0	0
1	0
0	0
0	0
0	0
3647	0
0	0
0	0
0	0
0	0
1	0
260	0
449	243
39	243
0	0
7	0
2792	0
0	0
0	0
0	0
0	0
0	0
36	59
11	107
0	0
0	0
8	165
13	0
157	0
2096	0
0	0
0	0
566	7
24	0
1	0
117	0
69	0
0	0
0	0
551	1
0	0
633	0
0	0
342	0
53	108
3	108
42	0
1	0
0	0
0	0
0	0
0	0
513	59
0	0
1	0
0	0
0	0
0	0
5	0
417	0
314	0
0	0
475	0
12	0
38	0
342	0
4650	1
0	0
1	0
0	0
0	0
156	0
0	9
842	10
0	0
431	0
0	0
527	51
174	51
94	0
0	0
56	67
38	67
88	0
36	0
5587	1
0	0
2	94
22	17
0	68
3	94
0	86
0	0
2	17
1154	94
714	0
0	0
0	0
0	0
9	0
681	0
0	0
274	160
1	160
0	0
0	0
0	0
0	0
1	1
5312	14
397	13
125	0
2	0
776	0
1	0
0	0
0	0
1	107
2	0
0	19
0	0
937	1223
87	1061
0	0
0	0
0	0
9	89
3019	89
0	0
552	0
3	7
1985	1
3	0
306	0
0	0
0	2
27	2
496	0
18	0
0	0
4	1
3	0
28	0
0	0
0	231
0	71
38	0
4	0
52	0
649	22
104471	54
0	0
0	0
0	0
816	61
1	0
6	61
2	0
0	1
3	0
4	0
0	0
0	3
4	3
7082	589
50	589
0	0
0	1
6910	2
2	0
0	0
173	0
0	0
743	0
0	0
1	0
6	0
0	0
1604	0
0	0
0	0
0	0
0	0
409	0
0	0
3	0
0	0
5537	3
2069	2
0	0
486	0
0	0
0	0
0	0
0	1
2113	0
0	0
0	0
0	0
9	0
0	1
0	0
4	0
0	0
0	0
0	0
105	1
6	1
0	3
0	0
0	1
5633	100
13	97
0	0
0	0
0	0
0	0
1	0
0	0
82	0
6177	1
1	0
24	1
45	2
165	2
1	0
219	0
168	202
23	202
0	0
1	0
1	10
325	10
12	0
29	0
1138	16
26	0
5	0
25	6
0	0
1	0
0	0
87	0
0	0
0	0
1122	0
0	0
27	0
0	0
4215	1
0	0
8	2
9	0
1384	0
0	16
1	7
33	16
3848	6
2046	0
1	0
1001	1
6	0
0	0
68	0
1017	0
2	0
0	0
0	0
0	2
354	0
1	0
3	0
3	0
3	1
37	0
0	0
0	0
2	0
7841	3
0	0
45	0
12	5
0	5
295	708
3	708
252	0
305	0
2459	90
0	88
3152	5332
2	0
46	1
16	0
9	5331
0	0
0	0
0	0
0	0
0	0
1764	0
963	624
1	7
50	10
1370	10
4328	2
0	0
1	0
0	0
1	0
0	0
0	0
0	0
0	0
70	0
4	0
7	0
18	0
28921	3939
0	3933
172	0
335	159
21	159
0	0
0	0
156	0
704	4
4065	460
257	459
1	0
0	0
0	0
0	0
2	0
2	0
106	0
8	0
909	626
0	625
15	0
353	229
1	229
1946	1
1509	0
0	0
0	0
0	0
0	0
0	0
1343	0
2572	226
4	225
2	0
1522	0
12	0
0	0
0	0
6	8
1942	0
0	0
1089	0
0	0
8	192
3070	236
1	0
27	0
1731	2
40	0
0	0
337	2455
0	0
22	0
0	0
0	0
0	0
2	0
0	0
0	952
715	3059
0	2
3	0
0	0
0	0
3647	0
9	0
2291	27
25	27
464	0
13	0
0	44
0	0
0	0
1236	0
4	0
0	0
0	0
0	0
0	0
2314	1
1	6
0	0
0	0
129	0
0	0
0	0
0	0
0	0
0	0
0	0
0	0
0	0
1428	1
2	0
140	114
1	114
59	0
5244	4
2	0
0	2
11	1
1	1
16537	2
0	0
3	0
1093	2224
441	2223
6	0
0	0
0	0
593	0
93	0
0	0
289	231
20	231
0	0
6	0
1457	1
32	157
984	157
0	4
4	0
13	0
0	0
0	0
0	0
1629	0
3	7
3317	4
66	3
617	0
0	0
0	0
0	0
0	0
3808	0
0	0
0	0
4	0
1	0
2	0
1459	625
0	624
0	0
153	9
15513	19
40	2
13	0
255	244
28	244
1007	494
0	494
0	0
4	0
0	0
272	0
0	0
1	0
111	2312
16853	2313
0	0
0	0
1	0
356	0
0	0
11	0
15	0
0	0
2	0
4525	0
0	0
4	0
0	0
3	0
0	0
0	0
679	225
60	225
0	0
1	0
632	0
9	0
0	0
0	0
8754	2
0	0
103	0
37	464
1	162
109	425
3	0
1015	0
0	0
2	0
2	0
52	0
806	7
15	8
98	0
0	0
4	0
67	9
0	0
102	1
24	1
1	0
0	0
0	0
0	0
0	38
0	0
4198	3
0	0
0	2
0	0
0	1
13	12
1927	3
1701	29
695	105
566	124
1754	1
1	0
12	0
0	0
299	0
2	0
170	0
0	0
438	0
15	0
0	0
0	0
376	0
550	0
4	0
25	0
0	0
16	0
1155	733
9	733
0	0
173	0
0	0
2	0
4	0
874	0
0	0
0	0
1644	0
4	0
658	0
2160	0
0	0
3	1
0	0
9	1
2	0
0	0
732	0
0	96
508	96
1	0
1851	0
39	0
10	50
699	50
13	0
0	0
0	0
0	0
0	0
400	0
0	0
5687	3
0	0
0	0
80	73
30	73
0	0
2	0
6	0
979	48
4	0
0	0
0	0
120	725
34	794
0	0
120	0
5	0
896	0
0	0
1	0
539	0
0	0
14	0
1	15
32	15
70	0
14	0
1	0
5209	2
0	0
2713	1
1347	0
2	0
0	0
4	34
2447	0
0	0
1	6
12	0
110	0
0	0
9	0
4	3
1	0
1	0
2	0
18	0
2906	1309
98	1307
238	1
193	52
2561	54
0	0
1512	0
1	0
3	0
6	3
0	0
2	0
563	455
19	455
11	0
1	0
3	0
0	0
0	0
936	0
1	0
0	0
2	0
0	0
0	0
528	160
74	160
1143	1
0	0
31	0
166	0
1465	546
381	546
0	0
0	0
0	0
42	0
12	0
440	0
2	0
5	0
3380	4
44	0
6	0
0	0
0	0
0	0
11102	2
0	0
786	0
1	0
21296	3
11	5
8270	11
278	5
1	0
311	1
5	1
5	0
9	0
2567	4
15	0
0	0
689	1
219	0
0	0
2	0
0	0
3	0
56	0
0	0
30	0
20	0
2790	1
32	0
8605	3
0	0
4	0
1	1
0	1
0	0
0	0
718	0
4	0
8	0
2203	0
0	0
0	0
0	1
0	0
4	0
0	0
0	0
2	0
545	0
0	0
0	0
0	66
527	66
0	0
7	0
0	0
0	0
0	0
16	1193
10	845
14	1193
0	0
2	0
99	0
0	0
13	0
0	0
1256	1
0	0
4922	199
150	194
12	0
0	0
110	0
3	0
709	0
0	0
0	0
0	0
4	0
0	0
0	0
0	0
0	0
394	0
488	0
1	0
0	0
3	0
0	0
13	0
15	0
0	0
825	0
0	0
2	0
0	0
5	0
22	0
1279	0
0	0
0	0
1	17
2	17
0	0
0	0
0	0
21	10
4	10
0	7914
1	1
0	1
20	59
8767	59
513	0
0	0
0	0
2	0
0	0
0	0
0	0
2	0
0	0
147	0
2	0
7	0
1	0
0	0
10	0
4	0
0	0
0	0
0	0
14	0
4	0
10	0
1710	3
789	0
0	0
0	0
183	0
1	0
0	0
38	0
178	0
0	0
0	0
0	0
20177	9
0	0
0	0
4	1
0	1
0	45
2625	1508
8	1506
3	209
31	321
10	384
76	498
1	0
0	2
10	7
10	0
1	0
0	0
2	0
0	0
0	0
5	5
11	0
0	0
2	0
0	0
0	0
0	0
0	0
0	0
0	0
18	159
23	0
2	0
0	0
0	0
0	0
0	0
0	0
0	0
0	0
1	0
73	0
5	0
0	0
0	0
0	0
0	0
0	0
0	0
0	0
0	0
0	0
5	1
752	0
145	173
1	173
1	0
1852	0
39	0
0	0
12	0
227	438
0	0
0	0
203	438
0	0
3576	29
31	27
10	0
0	0
1304	231
0	0
0	0
0	0
0	0
0	0
1	0
3	0
0	0
0	0
1	0
6	0
2648	0
0	0
0	0
61	0
0	0
0	4
20	6
0	7
4	0
1	0
474	4445
3	954
0	2
0	4
0	2998
0	0
0	3028
0	3025
4	156
0	0
0	3027
0	3023
2	0
0	0
2	0
1	0
0	0
8	0
1609	1190
17	1190
354	54
32	54
60	0
2	2
297	0
5	1
1723	0
0	0
4	0
0	0
0	0
66	552
7	552
397	0
8	0
1270	612
0	0
42	612
2459	2
161	0
2	0
12	0
5	0
0	0
1237	2
0	0
1018	1
8	0
0	0
0	0
0	0
0	0
966	0
1	0
0	30
45	291
0	0
3	0
0	337
0	277
10	30
0	277
0	0
0	337
0	337
0	123
0	0
0	123
0	277
0	337
0	0
0	277
0	277
153	35
5	78
16	88
0	0
9	0
3	0
10	0
0	4
1	0
0	0
0	0
16	0
0	4
0	37
0	295
6	5
0	3
0	13
4	4
0	0
1	0
7	162
0	298
0	288
2	0
1	4
8	0
11	0
7	27
0	24
5	5
9	0
0	298
0	108
0	266
4	5
0	0
0	3
1	0
1	12
0	0
0	0
0	0
0	250
0	247
0	126
0	235
0	3
0	0
461	0
32	0
0	0
4	0
9	0
0	0
3889	0
0	0
3	0
4658	4
409	0
2401	1073
0	1072
6	0
0	0
0	0
4	0
13	1
974	0
2278	0
0	0
2	0
0	0
918	1
1	0
0	0
113	718
3393	719
0	0
2	0
123	0
47	0
0	0
0	0
536	0
0	0
52	0
655	111
12	0
1	1
0	0
0	2
10	0
4	0
0	0
311	0
421	0
437	208
198	208
10	213
28	12
0	0
26	0
0	0
0	0
0	0
0	0
0	0
0	0
0	0
0	0
0	3028
2	3
0	0
38	544
10	0
75	0
4	0
15	0
0	0
16	0
2	0
505	544
7	10
0	2
1	2
4	0
3	0
0	1
2552	0
19	0
0	0
0	31
0	0
2054	7
1	0
1111	676
5	20
7	0
0	0
1927	4974
5	0
0	0
333	91
3	181
1360	4919
1187	428
12	0
14	43
0	0
3	0
8	134
1913	321
2145	51
0	0
23	0
567	1185
9	1185
8347	33
0	0
0	0
3	0
10	0
0	0
0	0
0	0
0	0
3	0
13	0
104	0
0	0
0	0
1764	552
73	552
569	111
45	111
4	0
0	0
5	0
228	0
8	0
0	0
0	0
24	0
0	0
6	0
0	0
243	0
61	0
2766	0
5	2
0	0
18	0
13	32
6	0
2	1
0	0
0	0
0	0
0	0
0	0
2	0
0	0
0	0
0	0
8	0
11	0
0	0
0	0
3	0
785	0
1687	0
39549	28736
278	28728
53	0
0	0
2514	0
3925	8
3	7
0	0
0	0
5531	4
10	0
1	0
0	0
61	28
0	0
0	0
5	0
36	14
0	0
1361	2439
0	0
798	2439
172	0
3580	1
15	0
1	0
2	0
2	6
0	0
0	0
0	0
0	0
0	0
1	0
1	10
1353	63
10	0
7	0
39	0
0	0
1	0
1504	0
19	0
10	0
503	0
155	84
10	5
0	0
0	0
6	128
0	2
4	0
1	5
323	395
0	220
0	0
0	1
0	0
0	0
33	10
0	0
44	549
0	421
0	0
0	2
4	0
0	127
0	291
16	0
0	291
5	44
0	1
0	0
43	10
0	1
22	464
0	0
0	365
105	134
7	4
4	0
64	2
0	0
0	0
1	0
2	192
18	1538
0	0
0	0
0	0
0	33
0	31
3	0
1	0
0	0
0	0
0	0
1	0
0	1
3573	1
2315	1084
0	0
2	1083
3954	0
17	0
0	0
32	0
0	0
2	0
22	0
39	143
1	4
0	0
0	0
1	0
0	0
19	0
2	7
5	0
0	0
0	0
0	0
0	0
1	5
0	0
1	0
1	0
70	39
26	0
79	15
4	0
0	2
0	0
0	0
0	0
2	3
2	1
0	0
0	0
0	0
2116	0
254	0
28	0
0	0
0	0
0	0
0	0
1886	510
14	510
0	0
4	0
798	1
0	289
1605	1
114	0
1926	0
3	64
18	64
1532	0
0	0
418	51
18	0
0	0
0	1
387	1
7	5
309	0
0	0
318	0
0	0
0	0
2	2
6	0
3982	2
1	0
40731	18
5	0
0	0
2	0
2	0
0	0
0	2
3	0
0	0
0	0
0	0
3	0
2	0
45	0
2967	64
2	0
104	7
429	0
442	147
210	113
0	0
224	25
193	15
36	4
69	50
6	0
36	7
1	0
0	0
2	0
0	0
2	0
0	0
2	0
0	0
0	0
0	0
3	0
5	0
2	0
129	115
13	113
0	0
83	0
19	0
5714	1
27	1
0	0
22	0
125	6
8	6
1	0
0	0
66	0
0	0
1	0
0	41
0	0
594	1
2	0
0	0
879	0
19	1
0	0
0	0
914	0
33	3
1826	0
34	0
2091	0
103	0
0	0
1	0
1	0
5	0
1	0
0	0
0	0
22	1
0	0
1	0
0	0
3	0
37	0
1	0
1	0
0	0
2	0
0	0
3	3
0	0
0	0
3	4
2	0
20	0
13	1
0	0
0	0
1228	1
11	0
0	0
1	0
2636	395
20	44
4	17
0	0
32	24
0	7
4	0
0	0
126	1705
0	0
0	0
966	1
28	0
633	0
7	0
5	0
1	0
379	0
0	0
6	4
6443	0
8	0
2	3
6	1
1	0
7	0
4	7
0	3
0	11
20	7
1	3
0	0
29	0
0	0
370	0
4	0
5	0
0	0
0	0
1	0
0	0
7	0
0	0
2	0
0	0
0	4
1	1
0	0
487	0
831	0
0	0
458	1220
6	0
5	0
1	7
193	1621
6	0
61	492
24	204
687	204
42	0
732	0
0	0
12	328
436	328
0	0
21	0
5	0
2	0
0	1
1016	1
1268	2400
1	0
0	0
0	0
2	0
10	0
0	0
0	0
0	0
0	0
2	0
0	0
0	0
2055	3821
1	0
584	1592
0	1592
0	0
0	0
0	0
1285	0
641	320
218	320
5	0
8	0
6	0
7984	3
28	0
1	0
3	0
0	0
0	0
0	0
3	0
13	0
136	79
106	79
1771	0
19	0
3665	0
15	0
1909	0
0	0
0	0
0	0
0	0
4	0
49	0
6	1
0	0
5	0
2	0
0	110
0	31
23	307
8	154
8	1
0	264
6	18
12	15
0	0
0	0
1	0
0	2
8	2
33	15
3398	0
0	0
17	0
765	240
273	240
0	0
52	0
53	0
0	0
1	13
5036	1
14	0
1	0
24	0
0	0
27	0
0	0
207	1
0	0
0	0
0	0
0	0
724	328
2	328
0	0
4	0
0	0
1157	2537
12	0
9	0
12	0
0	0
3	0
0	0
1	1
0	0
0	0
0	1
0	0
13	0
17	0
10	1
0	0
0	0
262	0
1421	0
0	0
0	0
1	0
531	0
0	0
28645	7
0	0
0	0
0	0
0	0
11	0
1	2
0	0
493	0
1496	0
8634	2
15	0
4973	3
1	4
2350	0
17	0
0	0
13	0
760	4340
0	14
234	39
6	0
124	90
19	0
13	0
10	0
0	0
662	447
170	447
0	0
788	17
2613	20
26	4
222	0
0	0
304	0
0	0
3401	21
0	19
1	0
2115	2
309	0
0	0
538	0
11	0
1	0
0	0
0	82
7	0
0	0
0	36
1	0
0	29
0	37
0	37
265	0
0	0
0	0
1241	0
5	0
0	0
13280	3
2	4
10	4
2	0
2	0
52	264
4	264
0	0
4013	0
0	1
12	0
2	0
4	8
0	8
0	0
566	0
137	0
0	0
0	0
2	0
4354	1
483	0
80	28
599	4
0	4
27	1
10	0
0	0
1	0
7	0
0	0
1	0
4	0
1	0
0	0
0	0
0	3
1	0
5	0
0	0
0	0
0	0
2	0
0	0
30	0
6	0
0	0
7	0
1	0
5	1
1	0
2	0
831	0
2198	0
71	0
0	0
3	0
0	0
1136	43
0	42
0	0
0	0
1	0
6	0
13	31
12	59
17	0
657	6880
1	0
0	0
2	0
1	0
4	0
7	11
2	1
0	0
2	58
436	6539
0	2
1	0
0	0
1	0
0	0
35	0
0	0
0	0
0	14
0	0
34	37
11	0
872	6791
176	2
5	0
0	0
0	0
0	0
17	5
4	0
3	0
31	0
1	6
5	0
36	11
0	0
0	0
0	0
3	0
1096	1
5	0
2086	0
1	0
0	0
1	1
13	0
3	0
0	0
1279	7607
43	18
0	0
0	0
0	0
0	1
0	0
2	0
0	0
0	2
1447	5573
5	0
8	0
0	0
1	0
0	0
2	0
0	0
73	28
0	0
1	0
0	0
5	1
4	0
0	0
1242	0
0	0
3216	0
4	0
0	0
149	0
15	926
9462	926
0	0
4	0
0	0
4665	3
1996	1
9	6
0	0
2	0
2106	0
0	0
0	0
3	5
5	0
0	2
13	1
0	2
0	0
0	0
0	9
0	22
0	0
0	13
0	0
3771	3
0	0
53	0
1378	1
683	0
7	0
0	0
0	0
4	0
1845	1
2683	1
945	0
19522	4
0	0
0	0
2692	0
2	0
2011	0
527	1
275	0
9845	2
20	0
2609	0
0	0
0	0
108	1141
3657	1459
2	16
0	3
5	13
2651	0
0	0
41	589
7889	2
26	0
346	0
13	0
0	0
0	0
3540	0
0	0
16	0
0	0
0	0
3	0
8	0
0	0
30	0
644	13
0	0
983	0
326	83
22	83
125	80
3206	288
0	0
140	0
0	0
2565	253
0	0
327	9
214	0
259	252
1043	416
185	416
3054	5
198	0
1	34
488	169
40	135
888	0
52	401
37263	7282
248	161
12040	2988
109	9819
7258	10864
6	0
1804	1
5	0
806	673
134	672
340	0
3387	0
934	0
6619	2469
91	2470
5	0
2041	0
1	0
33	0
90	0
4926	3
2	0
1192	0
0	0
317	0
126	0
0	0
1	0
0	0
41	0
5	0
11	0
11	0
0	0
44	95
1038	95
1909	0
303	389
1635	390
728	780
670	780
2189	1
1	0
192	0
0	0
3	0
7	0
3457	0
4867	3
0	0
3773	0
828	0
0	0
0	26
976	26
0	0
2	0
519	2
0	2
20	0
11	0
0	0
1	0
0	14
1	0
5	0
0	0
424	0
0	0
0	0
0	0
42	0
16	0
6596	3
1816	460
11	1
4	459
23	94
452	96
18	0
47	0
4	0
0	0
98	131
676	131
810	0
11	0
3	0
2817	63
0	0
1105	63
0	0
1	0
1416	0
0	0
69	3
1	0
2861	7
4411	5335
47	5333
1	0
34	1
3113	2
14	0
195	0
497	0
1	37426
0	0
188	202
182	148
0	0
0	0
0	0
0	0
0	0
0	0
0	0
768	0
0	0
341	0
14	0
0	0
1426	0
91	0
0	0
0	0
0	0
0	0
0	0
0	0
0	0
0	0
0	0
0	0
0	0
0	0
0	0
6	1
3377	4
0	0
0	0
0	1
1942	0
5	0
4	0
1	0
1	0
2	0
0	0
96	1109
595	1109
0	0
80	0
65	0
403	0
796	1
0	0
675	0
257	0
6280	1
973	0
2	0
642	1
388	0
602	0
1	0
14	0
463	0
5632	0
52	0
3407	6
107	5
25	0
2610	1
309	0
0	0
1059	0
10	0
1	2
0	4
522	0
8	4
2808	0
6	0
84	0
7	0
0	0
888	2
0	0
0	0
0	0
119	0
1	0
137	281
287	281
38	0
35	0
125	3
6138	6
0	0
578	0
67	0
3821	1
3	1
0	2
0	0
8	0
2139	2
3116	0
4178	3
10	3
1160	0
97565	29
442	21
0	0
0	0
0	4
0	4
5843	1
3	0
4	0
0	0
0	0
2	0
1070	1
20	2
2	0
31	0
22	0
2	0
118	0
0	0
3	0
3	0
0	0
2	0
6	0
0	0
10	0
0	0
0	0
28	0
0	0
853	0
840	404
8	403
2	0
2	0
0	2
0	0
0	0
0	0
0	0
0	1
1	0
590	0
4820	1
11	5
0	5
0	0
367	0
31	916
3222	1379
0	14
12	17
0	2
8	0
1422	1
4	0
0	0
20	0
0	0
0	0
530	16
129	18
182	0
0	0
784	0
1944	0
0	0
1998	1
1	0
462	0
79	226
67	226
6460	0
7	0
46252	6
25959	11
2	0
13421	2
3472	0
826	539
741	539
0	0
7	0
0	0
1909	1
2	1
27	19633
131	80178
146	665
31	665
153	115
415	209
57	1700
1465	1606
15339	79947
16	0
2577	0
408	0
2	0
22	0
4	0
0	0
2	0
3	0
0	0
0	0
3	0
5	0
55	0
180	0
11	0
4373	0
0	0
0	0
0	0
189	84
1156	84
10	0
0	0
7	0
0	4
1	4
4164	34
0	0
25	33
0	0
0	0
702	1
35	0
4	0
10	0
0	0
132	0
0	0
1231	1
0	1
1877	1
141	159
7	159
0	0
148	0
197	0
0	1
114	0
9	0
25	0
56941	67
400	45
393	0
2175	0
0	0
563	1
0	0
1333	1
2765	0
10238	0
3550	28
65	28
274	0
0	0
1309	0
0	0
10	0
2	0
78	0
316	0
0	0
1510	2
0	0
1007	0
963	0
891	0
3309	2
0	0
2	0
0	2
0	2
1237	0
0	0
0	0
7	1
1548	0
537	0
22	1
0	0
0	0
2	0
4	0
5	2
28	25
0	0
19750	0
1	0
0	0
0	0
1160	1
64	22
319	0
3439	0
31	0
7	0
0	0
1	0
3786	2
8243	2
925	77
9	76
3508	2
4	0
0	0
0	0
0	54
6	115
0	0
0	0
1	0
0	0
0	0
0	0
6	0
0	0
21	0
1988	2103
43	2103
17	0
566	0
2	0
49	1
2713	1
137	0
0	0
704	0
0	0
429	0
471	0
3030	1
3	0
0	229
0	14
227	0
0	0
469	0
0	0
1	0
740	847
1	847
1789	0
2311	1
0	0
0	0
91	94
51	94
75	106
498	102
1285	504
4	504
3	0
0	0
87	0
202	44
277	44
1	0
7	0
1317	2204
6	2204
2	0
1028	1
78	1
2289	2
1	0
7	0
0	0
0	0
6	0
3	0
0	0
24	0
0	0
0	0
0	0
3	0
9771	0
0	0
110	11
6604	0
1	0
2	0
2327	0
1335	1
0	0
6870	2
16	5
558	0
0	0
2625	2
2880	0
3387	0
23	0
63	614
934	614
496	438
48	438
387	1
337	1
10196	0
89	119
6	119
27	0
3800	910
1930	160
2905	0
238	0
0	0
2	9
0	0
0	0
0	5
3	2
2	1
2	0
11	22
0	2
0	0
10	0
4072	5
0	0
678	48
29	48
0	0
146395	63
4533	3
3	0
0	0
430	0
182	567
698	1300
0	1602
2	914
38	591
1050	1988
0	1826
823	161
1	1
1688	1827
0	0
521	1531
3695	423
3	6
0	422
0	418
3	5
158	39
0	0
0	39
1513	0
0	0
0	0
307	0
2	0
639	0
4438	304
0	296
17	1
31	7
210	0
0	0
0	0
0	0
483	0
490	0
0	0
102	154
873	154
858	0
139	0
5158	1
1593	0
1031	0
10	0
1776	1
797	6
0	6
7	0
1492	0
0	0
12	14
7	14
2988	1
0	0
1	0
2819	0
1654	0
105	0
3	29
1	16
4104	3
30	1
0	0
0	0
0	0
99	0
3192	1
62	0
0	0
0	0
1	0
0	0
0	25441
3	275
22	0
812	0
250	0
0	0
0	0
0	0
64	63
880	178
120	115
18	15
0	2
0	0
0	0
1	0
845	0
0	0
9	0
258	0
0	0
0	0
0	0
3011	1
0	0
45	333
0	0
1091	0
143	57
30	1
667	57
4	1
146	0
676	3349
11120	3358
0	0
0	0
0	0
201	0
0	0
123	0
0	0
392	456
3	456
1383	1
0	0
1002	3
2	0
387	0
0	0
0	0
1927	2
0	0
140	0
0	0
0	0
1	0
1948	2
0	0
9	0
0	0
0	0
0	0
248	20
17	20
0	0
100	0
0	0
0	0
0	0
166	0
10	0
2	0
0	0
0	0
11	790
525	790
26	0
0	0
1	0
1609	0
0	0
1429	0
0	0
0	18
1828	0
5	0
8	0
4669	378
20	0
0	0
0	0
0	1
1	0
0	1
47	375
0	0
1	1
4	0
5644	5
1	1
68	0
479	146
22	146
0	0
3780	0
19	0
1	48
741	49
2	0
1548	1
58	1
27880	22
244	18
3060	0
26	454
1757	454
46	0
0	0
2561	9
28	8
1006	0
29	103
3502	103
0	0
2559	0
2467	0
0	0
1074	0
0	0
6	0
76	0
1004	10
4843	2
0	0
962	1
2	0
0	0
3	0
1	0
0	0
0	0
7	0
1722	1
227	0
1	0
326	0
0	0
0	0
758	0
12793	1656
0	1655
270	0
0	0
8371	2
6	0
6	2
1	1
0	0
57297	24176
332	24164
7	0
0	0
0	0
25	49
295	49
979	0
1754	1
44	416
2760	416
0	0
0	0
0	0
1001	2
50	0
2	0
3	1
0	0
0	0
0	0
3	0
4	0
0	0
6167	1
949	0
653	0
0	0
0	0
10	0
0	0
0	0
0	0
0	0
1	0
142	0
5	0
758	89
0	0
5	89
347	7
10401	12
1843	257
0	0
7	221
0	0
5	39
0	0
0	8
0	0
0	3
0	2
0	2
0	0
0	0
98	0
1	0
0	0
0	0
3	0
265	54
29	53
1546	160
0	130
0	0
1	0
0	0
0	0
0	0
4352	17201
7	17199
0	0
2	0
0	1
6	0
246	0
28	0
3	0
865	1
2	0
337	0
0	49
158	49
0	0
0	2
30	0
0	0
110	2
653	2
457	0
0	0
5	3
1	3
2	0
4399	2
328	0
0	0
1881	0
348	313
118	313
28	0
2	0
140	1
194	5
3	0
0	0
4531	3
8	0
1763	1
1660	0
502	1551
485	1551
817	0
0	0
1063	0
23	0
0	0
0	0
78	0
664	163
26	162
24	0
1	0
26	0
1	0
0	0
55	0
459	0
7917	6056
3	6051
0	1692
2336	1694
1896	1
2925	0
9116	0
0	0
1627	1366
189	1366
0	0
0	0
2	0
247	0
0	0
1670	0
259	0
0	0
0	0
278	0
8237	3
0	0
40	0
461	0
168	0
1	0
5569	10829
0	10826
0	0
0	0
0	0
5	0
355	0
59	0
0	0
863	0
252	0
8	0
0	0
46	9
1	1
2	0
1514	3
0	0
0	0
1	0
0	0
630	41
679	42
936	358
247	358
0	0
0	0
0	0
0	0
0	0
0	0
0	0
0	0
893	0
0	0
647	1
486	0
0	0
0	0
0	0
4692	1
995	0
1	0
689	0
0	0
1501	1
364	0
3	0
246	0
0	0
861	10
0	10
11701	676
43	674
0	0
0	0
17	0
0	0
0	0
1	0
44	0
3	0
8	0
2534	1
3	0
0	1
0	48
27	0
770	0
0	0
3	0
46	0
8	0
7	0
9	0
0	0
9	0
0	0
0	0
0	0
1	0
1	0
0	0
63	0
0	0
0	0
91	325
1446	4727
0	0
6822	4408
175	0
26	0
1993	1
7	0
2599	1
20623	1
787	0
0	0
0	0
2477	0
460	3
2248	1
0	0
4	0
1441	0
3	28
760	0
22	257
168	0
180	0
2	0
0	0
0	0
63	0
1	0
498	1
236	26
44	0
0	0
0	0
0	0
93778	26
0	0
2	0
0	0
2	0
43	0
0	3
0	0
5	1
0	0
5	7
0	0
0	0
0	0
1	0
0	7
0	0
29	12
54	12
268	0
0	0
0	0
0	0
0	0
0	0
479	0
16	22
564	22
0	0
8	0
0	0
0	0
1299	1
1	0
0	0
2626	164
23	5
29	160
2	0
1011	0
0	0
0	0
0	1
57	674
29	4
7	1
2	0
361	674
0	0
1	0
3	4
1813	0
502	0
61	0
7	0
15	0
525	0
2985	1
326	1
235	0
71	0
2	0
299	0
2447	0
1	0
2	0
0	0
328	2
13	0
462	1
612	0
29	214
0	0
399	0
9	0
9	0
2	0
11	0
9	11
2	0
2	0
0	0
0	0
16	0
0	0
2157	2
0	0
729	0
1057	0
0	0
1311	0
10	0
913	447
155	447
12	0
185	50
183	50
2	0
2	5
1276	0
2	0
32	0
3	0
4	1
2	1
0	0
0	0
0	0
1200	0
55	0
9	0
2	0
0	0
0	0
20	0
3664	1
5	0
20	0
0	0
1	0
0	0
2814	0
0	0
138	0
16	0
2	0
1219	0
3292	0
49	155
11	155
9814	7
15	0
0	0
1	0
1	0
2070	0
138	0
0	0
2454	1
6	0
1	0
2445	0
1	0
0	0
5	0
0	0
0	1
2	0
1	1
0	1
1067	0
0	0
304	0
1	0
3	0
158	0
6	0
1668	0
0	0
199	0
5	0
175	0
0	0
0	0
0	0
0	0
0	0
727	1
0	0
149	0
1	0
2	0
3759	0
5455	4
0	0
1821	0
69	0
222	0
0	0
2383	2
10	0
1699	1
3807	0
4	0
1	0
0	0
53	0
547	1
0	0
0	0
33004	9
1963	1
4	3
0	0
4644	1
0	0
1689	297
5	297
13	0
71	0
0	0
5278	2
1	0
0	0
0	0
162	0
0	0
0	0
1	0
5877	98
1	98
0	0
1797	0
2378	0
0	0
0	0
8	0
6	0
2254	1
1	1
0	37
0	119
0	0
3636	0
0	0
6	0
6	0
0	0
2	0
1	397
24	397
0	0
4	0
6	0
0	0
0	0
0	0
0	0
1162	0
1	0
0	0
0	0
1112	467
91	467
3689	1
10	21
0	21
390	186
10	0
0	0
0	0
0	0
2	0
4808	188
0	0
1	0
0	0
0	0
1706	0
0	0
4	0
0	0
1	0
0	0
73	0
342	0
4	0
4	0
0	0
2	0
44696	28960
9	28953
5149	0
0	0
1380	0
737	0
103	0
26	14
2954	1
6552	7630
6	7629
0	0
0	0
3	0
95	0
70	0
0	4
560	117
73	117
4	0
0	0
2	0
1	0
4	0
4	0
1	2
4	1
0	169
31	57
0	0
1	0
2193	1
2	0
6	0
2	0
126	1
0	0
314	8
26	35
105	8
0	0
0	0
2	0
0	3
0	3
1313	0
2391	0
5	0
2726	0
0	0
275	0
0	0
2456	0
632	1
6	0
0	0
2	0
2	0
0	0
7	0
19	3
815	0
0	2
0	0
3	5
1389	2303
2	0
63	0
70	0
163	2303
17	4
1	0
92	477
0	0
24	0
1195	0
2118	5828
0	0
262	0
17	0
6	5828
0	0
0	0
3028	2
5	8
0	0
0	0
8450	3
11486	5
14099	14
279	10
208	0
38	14
3	14
0	0
0	0
0	0
0	1
496	412
14	412
0	0
0	0
0	0
331	42
53	43
2	0
4142	0
0	0
280	0
0	0
1280	0
0	0
0	0
3376	1
409	0
386	181
29	181
1	0
269	27
4	27
18	0
476	0
10	153
101	118
101	200
1329	0
350	0
0	0
1521	992
21	992
466	23
7	45
164	83
8	83
0	0
3372	1
8	1
1901	0
368	3
0	0
0	0
11	0
0	0
17	0
1	0
15	0
0	0
7238	1
734	0
0	0
2	2
67	0
1272	457
62	455
1446	0
982	0
0	0
3261	2
7	0
0	0
23	0
7	0
9	8
0	0
1014	1
2	0
3342	498
47	496
6	0
2	0
0	0
7	0
4	1
18	0
24	0
0	0
5	0
2155	2
0	0
0	0
1	0
0	0
0	348
0	0
2	3
7	588
234	187
1	0
93	120
2372	519
7	0
0	0
0	0
1035	67
26	0
71	67
1174	1
0	0
5328	142
0	137
2153	0
0	0
928	0
1423	0
8	0
5	0
44	0
0	0
0	0
1	0
164	0
469	0
1532	2
0	0
0	0
11122	2
12	0
6548	0
2	0
0	0
0	0
10	0
1	0
9	0
10009	0
0	0
0	0
0	0
0	0
5	0
1231	0
3	0
31	1
0	0
3388	1
0	0
0	0
807	325
21	324
0	0
0	0
6153	2
3786	2
0	0
1	0
5	0
63	0
2	0
1	0
13	3
9	8
1356	0
0	0
1621	0
1	0
0	0
32	0
28	0
3	0
0	0
10	0
12687	6
0	0
0	0
0	0
0	0
0	0
0	0
0	0
0	0
0	0
0	0
3833	1
19	14
0	0
389	0
753	0
59246	17
0	0
0	0
1839	0
7603	0
1	0
0	0
0	0
42	11
4	0
0	0
4013	0
2202	0
0	0
1	0
0	0
22	0
435	0
0	0
0	0
1559	0
6010	3
806	0
0	0
6	0
332	0
110	3
3190	4
0	0
0	0
2443	2
16	0
0	0
0	0
0	0
290	1
7	1
1389	0
2828	2
221	22252
4684	4
0	0
3498	1
3086	1
619	22252
1657	2912
0	2912
477	2
1	0
0	0
0	0
0	0
0	0
1	0
0	0
8275	1792
0	1686
2	5
4	5
11941	4
0	0
4253	439
0	0
0	0
0	0
2021	0
0	0
10	5
0	0
0	0
2	0
0	0
0	0
0	1
163	1890
0	858
2	0
0	0
50	0
270	6935
50	56
6	0
2	0
1	0
26	186
27	29
0	0
0	2
0	0
0	1
569	455
18	63
3	0
0	0
109	349
0	0
1	0
594	4
2	3
0	1
2	0
7	1151
128	186
0	0
1	0
37	371
0	2
0	1759
0	0
0	0
10	0
2	0
0	0
0	0
37	77
0	0
334	3740
0	1803
0	0
680	1387
0	0
0	0
0	0
0	0
0	0
1	1
314	1
105	0
0	0
0	0
0	13098
3	23
1651	2
2	0
0	55
639	4407
314	187
617	0
562	0
98	0
1811	1
4	0
2	0
1	0
0	0
0	0
16	0
1	0
0	0
15	0
266	0
0	0
0	0
446	0
21	0
0	0
1104	0
4110	0
1148	91
0	0
0	91
65	73
1335	75
885	0
0	0
0	119
1710	1
2924	0
3	0
1	0
34	0
2	0
653	0
0	0
578	291
56	291
97	0
2190	407
1	0
6	0
7	0
15	0
41	634
4488	636
1	4
217	0
0	0
0	0
168	138
14	138
2357	0
2	0
0	20
0	0
0	0
3763	2
1	0
0	0
0	0
2792	6
2	0
28	3
11	111
531	111
5	0
0	0
1325	2
0	0
1	0
30	0
511	0
419	0
1	0
263	0
714	0
0	0
171	1578
2188	1579
0	0
23	0
0	0
1663	37
1	32
0	0
3930	0
8	0
2	0
0	0
473	0
0	1
23	0
1490	0
8	0
44	0
0	0
19483	8
2223	0
44	1
0	0
539	0
437	0
8401	9
15	0
0	0
0	0
0	0
0	0
9	0
0	0
1	0
168	0
13	0
0	0
2580	1
0	2
6403	1991
3	0
0	0
1	0
1	0
10	4
2	10
787	0
1	1
0	0
1	0
0	0
0	0
267	625
0	0
2	0
0	0
0	0
0	528
26	648
0	555
0	0
50	725
0	0
0	232
0	581
0	0
0	617
1	14
20	0
28	737
0	246
6	0
2	0
6443	6
0	0
10	0
7	0
401	0
0	0
0	0
0	0
2958	1
3	0
0	0
1528	60
37	60
0	0
0	0
631	0
1	0
9	0
55	142
979	142
0	0
1	0
2	0
0	0
666	0
0	0
0	0
6	0
213	0
40	0
1	0
0	0
7	0
706	0
0	0
0	0
0	0
1677	1610
3	1610
7549	596
67	595
43	0
0	0
0	0
1	0
0	0
0	0
0	0
0	0
7	3
1893	0
21	0
3	0
1	0
4342	1
0	0
109	59
0	0
12	0
0	0
3429	0
0	0
3	2
0	0
0	0
11728	9201
1	9198
0	0
0	0
4	0
18	3
6	1
14719	4
3	0
3	0
0	0
0	0
1	0
261	0
4	0
1	0
9	1
0	0
0	0
0	18
4	536
2752	536
0	1
0	1
0	0
0	0
0	0
5	0
2807	961
5	959
0	0
1	0
1	0
0	1
0	0
115	0
370	1
0	3
0	3
1938	1
0	0
1	279
1	1
13	0
2	0
3	0
3152	1
1225	0
0	0
24	3
0	0
0	0
4	0
2155	0
0	0
0	0
2	0
19	0
0	2
0	0
9	0
0	0
0	12
0	0
7	0
1	2
0	0
3813	1
0	0
74	130
1427	130
19001	11
0	4
0	14
0	0
4	0
0	0
0	0
16	20
2389	307
168	307
1	0
3	0
18	0
5729	371
33	370
15	4
7	5
0	5
0	0
0	0
0	0
0	0
0	1
0	0
0	3
1105	0
0	0
0	0
4	0
14	0
0	0
0	0
0	0
0	0
80	0
3043	2
2	0
0	0
0	1
1	1
8	0
0	0
0	0
2035	0
0	0
2	0
3	0
24670	14
32	6
0	0
2095	2521
30	2521
4	0
0	0
0	1
1	0
2	0
0	0
7	2
1	0
6308	3
0	0
0	4
1	0
0	0
0	0
11	0
1560	4
100	35
1	0
0	0
0	0
0	0
0	1
1	45
0	88
372	88
0	28
0	0
4676	1
2	1
0	0
0	0
1	0
43	0
2	0
2	4
4	0
3	0
3091	0
0	1
0	0
0	0
0	0
1	0
4	0
0	0
0	0
2	0
4	0
9	1
1	0
623	0
0	0
2	0
2	0
0	0
1450	1619
24	1619
0	0
1	0
0	0
1	0
0	0
948	0
5	0
1815	1
0	0
0	0
0	0
1509	1
589	0
141	1
0	0
0	0
0	0
0	0
0	0
1	3
0	0
0	3
0	0
5	2
594	0
0	0
0	0
0	0
0	54
436	0
0	0
0	51
3	9
0	68
2455	3
1	0
13	1
1028	91
0	2
90	0
69	91
26	0
0	0
0	35
0	131
0	12
3	0
0	0
3	0
0	3
7088	3
0	0
2149	0
0	0
1	0
0	0
0	6
570	760
5	760
1	1
9	0
0	0
7	0
27	0
529	0
0	3
2450	463
277	463
0	0
0	0
0	2
0	0
0	0
0	0
1230	0
0	0
0	0
0	0
0	0
1	1
6	2
0	1
0	1
0	0
1	0
0	1
0	0
837	151
3	151
891	1
34584	18
3	2
0	0
1	0
0	0
15	0
985	0
1	0
0	0
1	0
9	17
2	0
0	0
3	0
4	0
2	37
36	37
0	139
0	50
0	4
1926	5
0	1
0	0
0	0
0	0
0	0
0	0
0	0
61	0
0	0
0	0
0	0
0	0
0	0
1	0
579	0
5	0
141	0
0	0
270	2
0	0
0	0
0	0
0	1
11791	3
0	0
4	0
0	0
0	90
0	0
0	0
0	0
2	0
0	0
0	0
0	0
0	0
3207	0
0	0
306	0
731	432
0	432
0	0
13	1
8921	2
11	0
0	0
5	0
0	0
454	225
9	225
0	2
1	0
70	0
11	0
12	8
8	0
18	0
1558	0
1498	0
0	0
524	0
482	0
0	0
17	0
37	0
64	19
0	0
6	0
0	0
1863	0
0	0
0	0
0	0
14655	1
0	0
1774	0
0	1
9	3
117	0
6	0
1	0
0	0
479	0
2	0
0	0
0	0
0	0
0	0
0	0
0	0
965	0
0	0
0	0
1	0
6	0
3	0
0	0
2	2
1	0
0	0
0	0
0	3
0	0
6	0
99	0
0	0
0	114
0	53
0	75
275	0
0	66
0	23
1	17
0	1
0	0
2	0
3	0
0	0
0	0
0	0
2	0
0	0
569	535
0	535
6	9
4	0
1	0
0	0
0	0
0	0
0	0
210	0
131	0
0	0
205	0
981	45
46	45
3	212
0	0
3096	214
0	0
6	10
1	0
0	0
8957	2
1	0
890	0
579	0
3	0
0	0
0	0
3	0
17	2
4	0
28	0
26	23
0	0
0	1
1480	0
0	0
0	7
1351	1
1	0
18	0
0	0
1437	7
1	0
0	20
0	0
9779	10
14	0
0	0
6	0
0	0
22	0
7	0
5	4
1	0
0	0
73	0
1	3
120	59
63	59
1	0
726	472
30	472
0	0
0	0
8	0
3	0
1	0
2	0
0	0
0	0
5	0
4	0
3	0
14	0
0	0
0	0
0	0
0	0
0	0
203	0
0	0
9	5
0	0
1095	0
18	0
15582	8
3901	1
1	0
0	0
1	1
14	0
0	0
7696	2
4653	1
0	0
2	0
0	0
0	0
1983	2
0	0
448	0
0	0
769	0
82	297
2	297
0	0
110	0
0	0
0	0
7	0
3297	2
0	0
1498	0
597	0
41	0
0	0
34	0
1493	3
2	0
0	0
0	0
318	39
6	39
0	0
0	0
65	3
9	0
232	0
0	0
342	0
3	0
0	0
1	1315
0	0
0	211
0	0
154	22
0	0
1043	850
19	850
5	4
0	0
167	0
24	0
17	70
65	142
795	142
0	0
702	0
0	0
0	0
57	7
24197	10
0	0
205	0
1291	0
1	0
0	32
619	0
3	0
1	0
1	0
944	0
108	0
0	0
1628	0
0	0
0	0
0	0
6	0
67	0
153	20
382	3
0	20
0	0
278	0
7	0
7	0
1233	1
2	0
95	2
68	0
3	0
8	0
1378	1
0	0
940	478
4	478
1	0
0	0
3	7
0	4
0	322
4	0
5016	1
0	0
2206	0
3	16
503	0
13887	4
8	0
0	0
0	0
458	0
1	0
13	2
72	0
0	0
643	0
0	0
404	0
0	0
353	0
1	0
7	0
2637	0
0	0
34	0
2032	1388
26	1387
4412	1
1	0
45	0
588	0
0	0
50	73
111	43
18	43
13	0
7	0
3972	1
1623	0
4867	0
0	0
3	0
2020	1
316	0
50	1
9	0
1	0
14	0
400	0
0	0
0	0
9	0
0	0
2	0
0	0
1	0
46	0
0	0
1	0
0	0
0	0
7566	1
30	0
2	0
5	0
1	0
0	0
0	0
23	2
763	0
0	0
0	0
0	0
1129	0
30	8
12	9
1668	9
0	0
0	0
0	0
833	0
0	0
0	0
291	0
0	0
0	0
0	0
0	1
0	0
3	0
10414	3
0	0
0	0
1	0
9	0
0	0
212	0
25696	5
0	0
0	0
1	0
1	0
0	0
5	1
0	0
65	0
0	39
3549	39
1968	1
2	0
923	1
725	0
7	0
3170	0
3	0
2	0
41	0
0	0
0	0
5871	0
1288	6818
0	0
0	0
12780	6820
4	0
117	0
1364	1
5	0
18	20
0	0
246	16
0	0
26	16
239	0
0	0
0	0
0	0
23	9
1	0
166	0
10	0
1232	0
73	13
14058	17
0	0
9196	6
1	0
0	0
0	0
0	0
51	0
70	2
283	0
1611	0
0	0
49	2380
4499	2380
2	0
0	0
25	0
18	2676
2362	2676
0	0
0	0
0	5
413	249
262	249
0	0
2159	0
0	686
10	0
7	0
33	0
1235	1
10	1
0	218
0	0
0	0
4183	182
79	187
0	0
932	0
12	0
0	0
1941	0
2	0
5	0
2	10
418	10
0	0
2	0
2	0
0	0
177	0
193	332
1	332
1	8
0	0
28	71
172	71
409	8
0	0
887	0
0	0
64	0
111	11
0	11
0	0
16886	7
3	0
5	0
3650	0
5456	3
0	0
0	0
80	0
727	0
28	0
54	0
3520	41
0	39
1	0
0	0
11185	1
4270	1
6	0
511	438
1	0
234	465
0	0
0	0
2	60
3145	0
1007	0
0	0
1277	2
0	13
0	16
266	0
56	0
0	0
0	0
78	0
295	0
154	16
18	7
5	9
754	0
14863	0
2	0
1519	0
225	0
0	0
0	0
2304	1
1	0
0	0
1	4205
0	0
588	4205
0	0
11181	5
5278	3
2892	1
410	0
69	0
0	0
1	0
16	0
749	0
0	0
3	3
344	134
0	134
0	0
4268	4
32	0
0	0
7404	1
2	0
0	34
888	0
0	0
3421	4
284	17
131	17
0	0
272	0
7891	5
0	0
1	0
0	136
58	523
0	0
334	524
1	136
0	0
0	0
9423	5
33	3
246	305
57	305
1368	237
14	1
16	236
383	0
251	0
0	0
242	0
578	0
0	0
17616	3
0	0
42264	18
8	0
0	0
0	0
15	0
2	2
0	0
0	0
29	0
80	0
2009	1
36	52
99	54
4	0
2264	0
0	0
0	0
1	18
468	55
0	0
0	0
402	0
229	40
1	13
1911	18
13823	2
88	0
0	0
0	0
0	0
4	0
592	241
1	241
3	0
0	0
1319	2
0	0
19	0
4	0
1427	0
0	0
13	0
0	0
0	0
0	0
3	0
1960	0
2	0
4	3578
16	0
0	0
509	0
2	6
0	450
2	5
0	0
0	597
991	0
1563	0
5791	4
18	141
1013	141
18	0
560	0
0	0
0	0
0	0
0	0
91	0
2816	3
0	0
1452	0
1960	0
4	0
2127	0
4016	0
1	0
722	71
9	71
0	0
15	0
3037	0
3	0
0	0
0	0
57	0
0	0
42	0
0	0
1134	2
56	105
29	0
60	166
1	166
143	0
0	0
9587	4
73	0
1	0
0	0
1	0
948	0
3909	5
0	0
1	0
593	138
2	138
15262	3
0	0
1549	0
0	0
2	0
1654	0
0	0
0	2
0	0
203	0
1524	215
0	0
1	213
1306	12
21	12
9	0
839	0
234	0
1373	0
0	0
5670	4
0	5
0	0
247	1
3406	2
0	0
132	0
3	0
1	0
2	3
1514	1
7	0
2	0
923	0
19	0
4	0
0	0
224	304
15	304
5	28
3531	30
0	0
17	0
0	0
50	98
1	0
5	0
1038	0
0	0
143	80
0	3
1781	10
426	0
1384	71
25	71
1	0
0	0
2	0
0	0
73	0
1	0
45	0
1978	0
0	0
0	0
1	0
581	0
0	0
1901	0
7	0
1203	0
6	0
26860	15
2957	0
473	0
0	0
29	1
142	0
15	0
10	0
164	0
0	0
307	0
2	0
1328	3
0	0
19	0
5	0
9	0
0	1
0	650
0	37
0	0
29	14
76	0
11	14
2	0
61	0
30	1
2	10
0	0
0	0
0	0
0	0
0	0
6	0
9	0
14	0
4098	2
260	0
0	0
0	0
3408	0
144	0
11	0
0	0
0	28
6	0
933	0
33	23
1	0
0	0
0	0
0	0
897	0
0	0
756	0
0	0
2445	0
0	0
11164	9
41	0
290	19
7	19
423	0
0	0
1318	0
0	0
920	0
191	0
5090	3
5	3
93	3
7	0
4933	0
165	0
10	0
1289	0
0	0
113	0
536	0
3114	0
757	0
1	0
297	0
0	0
132685	47
1690	0
45	0
0	0
0	0
0	0
398	0
128	86
14	86
102	0
4	0
10	0
175	146
15	146
5	0
131	0
11	21
52	21
13	0
3	0
93	0
1595	0
6	0
519	0
90	41
6	41
970	1265
207	1265
2537	0
1	0
0	0
2	0
1	0
4505	15
1	0
383	55
2	57
0	0
1	0
18697	1
8755	3
219	0
26	0
5	0
0	0
412	0
2	196
2397	198
180	1
0	0
0	0
0	0
1271	0
11	0
16	0
1085	417
0	0
2	0
8	8
13	8
0	0
5	0
0	0
3642	1
55	0
342	70
37	70
1367	1
0	0
0	0
2225	1
1	0
13	0
1089	1
162	89
153	89
0	0
85	0
0	0
1459	65
9	0
0	0
36	65
284	1
0	0
192	192
1339	192
1	0
0	0
56	0
4	0
49	0
0	0
30	0
0	2
3830	417
3	0
6731	0
0	0
8	0
729	0
0	0
0	0
0	0
0	0
132	289
0	289
0	0
92	110
1622	104
9	0
68	0
0	0
3065	2
2956	824
5	109
0	0
0	0
0	0
0	0
1797	720
59	4
1483	1
7	0
0	2
23	0
1	0
406	70
86	1
1	0
4828	0
210	0
117	0
5441	1
498	0
235	0
209	0
165	0
0	0
67	0
99	0
58	1
169	0
2	0
56	0
0	0
149	0
1	0
1467	1
6781	1
826	0
631	0
0	0
778	0
0	0
5334	2
36	0
607	0
3356	607
268	602
1732	1
1	0
136	36
110	36
0	0
147	0
1	0
27	0
9	0
605	0
7733	3
0	0
2237	64
27	0
20	64
0	0
2598	1
18757	5
0	0
0	0
289	425
1411	752
0	0
0	0
62	327
0	0
0	0
231	1
5310	0
0	0
27572	13
0	0
22	0
8	5
0	5
17	0
0	0
959	0
9	0
128	0
679	0
0	0
0	0
3	0
1225	0
0	0
11	0
0	0
1602	0
0	0
18	0
57	0
108	0
0	0
0	0
0	0
3	0
0	0
187	0
6874	37
8	37
0	0
46	0
0	0
4	0
483	0
0	0
2627	1
1	0
0	0
0	0
1206	1
0	0
2	0
1	0
34	0
0	0
3	0
2	1
0	0
2	1
13	0
2	0
0	1
0	0
2	0
1	0
2036	0
1	0
101138	91
1634	56
557	0
748	0
117	0
12	1
630	0
2	0
1018	2
0	0
0	0
67	0
0	0
1042	1
1	0
0	0
11	1092
4331	1092
7	0
685	0
10548	1
0	0
0	0
534	5
12	5
1162	0
4486	0
0	0
275	0
312	0
0	0
0	0
0	0
0	0
2906	1
0	0
0	0
5595	3
180	0
0	0
1624	0
2508	0
80	0
17	23
24	23
491	1
1192	136
2	136
1094	185
30	185
746	1
20	0
791	0
1117	0
40	0
0	0
3289	1
771	0
57	0
0	0
0	0
298	0
3024	1
0	0
535	0
8	0
18	0
207	0
2	0
95	0
9	4
20	4
842	0
455	0
1	0
45	0
0	0
0	0
1367	0
20	0
0	0
0	0
0	0
266	0
34	0
127	0
14	0
2684	1
0	0
6264	2
56	66
0	66
1	0
13	0
703	0
4	0
17	0
2	0
220	159
34	159
325	0
0	0
1730	1
266	0
1	1
625	2
0	0
450	0
0	0
0	0
843	0
189	0
9556	2
0	0
346	1
0	0
1011	0
30	3
65	0
0	0
0	0
30	2
4363	2
58	0
1539	3
0	2
0	0
0	2
794	0
52	0
164	0
0	0
2175	0
1	0
3182	1
1	0
225	0
229	0
227	147
2521	150
1	0
1	0
0	0
6540	4
15	0
0	0
2622	5
1183	0
658	1
853	0
10	9
1	0
71	7
148	0
798	0
728	0
0	231
337	231
0	0
0	0
0	0
295	0
0	0
0	0
675	0
3	0
1467	0
0	0
1	0
384	0
0	0
0	0
2550	2
69	1
2928	0
725	0
2	0
14	0
294	0
0	0
29	0
0	0
107	0
125	0
448	1
5	0
1054	0
0	0
1389	0
1313	0
1	0
3967	1
2	0
6	0
0	0
1	1
0	0
0	0
5	0
2	0
22	1
0	0
160	0
53	0
15	0
4	0
0	0
11	0
0	0
0	0
4	0
0	0
0	0
2060	0
0	24
0	1239
670	0
1	0
8	0
2598	89
64	89
1817	2
53552	19
0	0
0	0
2822	65
0	64
0	218
25	8
6365	3
392	1
681	0
6	1139
2883	1141
1390	1
4471	1
0	0
1592	0
2	0
1	0
2	0
0	0
5	1
11	1
167	3
3	0
4112	1
0	0
93	415
12	415
0	0
241	0
11	0
0	0
3289	2
822	0
945	584
25	584
0	0
12	0
502	748
0	0
264	119
18	629
0	0
54	0
92	1
9733	4
1	0
642	0
75	0
0	0
0	0
0	0
3	0
27616	32414
4867	32407
0	0
0	0
0	0
1975	0
0	52
0	0
0	0
46	0
290	731
0	0
523	760
6	0
491	3
198	588
3	2
1	0
0	0
1	0
0	0
0	0
812	0
0	0
1	0
0	0
10	15
43	1
1	15
0	0
406	277
20	277
6	0
473	0
847	1
1	0
197	0
0	0
376	0
0	0
0	0
1485	369
31	369
906	0
0	0
0	0
1	0
3898	0
295	317
15	317
4062	1
942	0
149	8
0	0
0	8
6	0
5097	2
924	0
636	791
414	791
280	0
0	0
2276	0
0	0
8166	8
7	0
30	0
1000	0
438	0
0	0
0	0
0	0
0	0
2521	1
0	0
0	0
0	0
1	0
18	0
2502	388
0	386
3484	1
581	590
26	590
1	0
186	0
1965	0
12040	1
14	0
0	0
0	0
0	0
252	0
0	0
14369	0
8	0
0	0
452	0
0	0
1498	3
54	0
7	0
3385	4
11	0
54	8
0	0
20	8
1241	1
5	0
0	4
0	0
0	0
2	0
12	0
16	201
1458	205
1	0
613	0
54	0
6678	2
12763	0
13	0
0	0
760	1
46	7
0	0
1033	0
0	0
0	0
0	0
2854	1
0	0
0	0
422	0
0	0
951	0
514	0
0	0
44	0
0	0
4268	0
246	0
0	0
703	0
0	0
0	0
0	0
0	0
0	8
0	8
0	0
0	0
0	6
0	0
0	0
0	2
0	0
0	0
973	1
355	0
0	0
999	0
99	1
0	1
1930	1
1675	0
28	22
1431	22
1340	2
6	0
599	0
8	14
14	12
2	0
2	16
0	4
0	0
234	0
6	0
2528	1
0	0
6	0
9	0
2	2
4	0
1781	0
545	0
3	0
49	0
5	0
4	0
37	0
8030	3
0	0
0	0
16	0
5	0
0	0
2	0
847	1
4	0
53	0
5901	1
1036	0
512	0
9	78
407	78
14	0
298	0
9	16
2	0
1	2
17	0
0	0
2	0
1782	0
123	0
142	92
5	92
396	0
0	0
314	0
46	0
0	0
1804	0
975	0
2264	0
0	0
4	0
12	0
5352	3
4	0
2	0
30	0
1871	2218
137	2218
0	0
0	1
1	1
0	0
2436	0
525	1
1514	1
2053	0
3287	0
1280	0
14	0
2208	1
0	0
0	0
327	0
0	0
0	0
0	0
0	0
0	5
9	6
3	1
606	0
5893	4
136	0
1667	0
0	0
2	0
3166	1
11	0
6512	4
9399	2
1118	5139
279	5139
0	0
187	0
7	0
0	0
2	0
0	0
1	2
0	0
3	6
17	6
31	0
0	0
0	0
0	0
114	909
4200	910
1300	0
14	50
202	50
219	0
1321	4
3	0
2768	0
0	0
2964	1
69	0
21409	4
0	0
0	0
11389	5
1	0
1237	0
61	29
343	0
4	0
384	0
2	0
1600	1
868	47
2	45
3156	3
625	2
0	0
2	0
1162	0
158	6
0	0
454	0
6	6
17	0
3203	2
8344	9
0	0
1	5
6517	4
552	0
0	0
3	0
0	0
0	0
88	0
728	0
3	2
0	0
811	0
195	228
399	698
5000	0
482	39
61821	55
59	0
789	283
769	285
337	384
4005	2776
0	1
25	4
42	0
29	2
0	0
558	0
40	0
72	0
0	7
0	7
307	1703
0	0
2073	19
4	0
13	19
2246	435
10	434
0	0
1077	1
0	0
0	0
0	0
384	201
125	201
1	0
1	0
13925	2
4583	435
176	433
5	1
979	0
1743	2
3	0
976	1
118	176
0	176
3187	0
0	3
0	3
3830	1611
1	1609
26	0
81	154
1	154
2908	2411
49	2408
159	3
1491	0
0	0
57	0
1648	1469
231	0
2	0
6	155
93	155
0	0
0	0
1200	1
2301	1
3209	0
2271	4
1332	1
52	0
0	0
2	0
856	1
28	0
0	52
767	1
0	0
11	0
1	0
1	0
1369	0
17036	2
0	0
1	0
84	0
3058	2
0	0
5	0
81	0
0	0
20	0
93	0
62589	28
11903	10
4	1
2	0
1010	0
580	4
68	0
17	4
0	0
0	0
823	0
3	0
4	0
0	0
9	17
0	0
7	0
0	0
1037	0
4279	1
0	0
5	0
172	8
11137	14
5	11
1162	2
1675	0
1	11
1603	13
3466	3
0	2
79	29
1358	2
48	0
822	0
9153	3
1150	3
97	724
695	724
892	0
3035	0
9	0
308	26
0	26
9	0
0	0
1171	28
1937	3
561	0
11	0
0	0
0	0
2	0
66	0
0	0
1	0
4259	399
51	394
3	0
0	0
72	0
8395	2
0	0
9300	3300
130	3298
5	0
14	0
2	0
1	0
1	0
581	0
5	0
276	217
16	217
3224	1
0	0
206	0
0	0
3631	1
1	0
8	0
4	0
226	0
9	0
1753	2
1490	3
3553	1
75	0
0	0
5056	4732
1	4732
92	0
7	0
4	0
363	0
0	0
1250	1
200	94
277	94
1547	1
0	0
1121	0
1508	1
0	0
0	0
0	0
6173	1
494	1580
96	1328
8	1
7	0
87	833
180	14
1	0
20	0
0	0
20941	1
20	1729
1098	295
1	294
1343	2
723	1
2	0
3	0
7	0
635	0
0	0
0	0
0	0
563	0
12	0
0	0
77	0
828	0
4078	2
0	0
3697	0
29667	11
2349	0
2627	0
6	0
2085	3135
4820	24211
4	21077
593	1393
35	1393
4078	4
2322	1
646	0
13	45
5257	1
7	0
478	0
2	0
6133	2
40	0
7	0
1980	1
686	0
12	0
15	0
2	0
0	0
1611	0
5	0
1	39
664	39
0	0
0	0
2484	14
14	13
5956	0
2701	123
21	122
0	0
190	76
46	30
1	17
3	0
0	96
0	25
6	1
0	13
1	1
0	0
8	0
12	0
0	4
0	0
0	3
0	24
1	2
0	0
0	10
0	0
0	0
0	3
0	19
0	2
0	21
19	0
0	0
0	2
2	0
0	0
0	0
0	0
0	0
2	1
0	0
0	0
0	1
0	3
0	21
0	14
0	2
0	0
0	0
359	24
236	0
2	9
69	9
0	0
0	0
0	0
1019	0
5	0
7	0
6	0
3	0
42	2
25	0
8	0
16	0
0	0
0	0
53	0
20	0
14275	2
0	0
2	0
6483	1
102	0
0	0
4	0
16231	13
54	10
3	9
2307	0
0	0
0	0
0	0
0	0
16	0
7	0
113	1148
6014	1150
3	0
4581	1
0	2
3	0
0	0
1219	1174
19	1174
3068	3
0	0
1059	1
80	0
1624	2
0	0
0	0
0	0
2	0
812	3265
1	0
0	0
1	0
1	0
3	0
0	0
2652	0
1	0
0	0
626	21
32	21
0	0
2632	0
7313	260
5	0
234	64
0	0
47	10
392	3414
11	259
0	0
0	0
36	64
21	39
206	1575
1	0
0	1
0	0
0	0
2	0
876	399
4	0
695	561
9	0
6	0
1	0
5	0
34	0
142	2
11	26
2	0
0	0
101	29
0	0
0	0
1	0
1643	2387
288	1
0	1
0	0
2	1
0	0
3	0
809	0
32	0
383	0
0	0
0	0
1170	1
1234	64
3	63
0	121
5	7
106	12
16705	17
443	96
2	96
3	0
107	0
20	0
23339	8
6633	1
0	0
5	0
627	5821
2	15
0	0
0	0
81	0
131	3619
0	0
81	4
0	0
0	0
0	0
0	0
42	13
5	0
0	0
82	0
1	0
0	0
928	2029
0	1
0	0
0	1
120	0
4	0
0	0
474	0
859	0
4	2
8	0
1952	1
57	1
1635	2
373	0
13	0
5	0
0	339
88	23
1827	4230
4	0
2	0
393	366
2	364
1474	1240
242	1240
0	0
1	0
23007	3
619	0
0	0
9099	4
1735	0
4263	300
0	0
3844	1
0	0
147	0
0	0
410	0
14265	2
11527	3
1	0
0	0
0	0
1	163
0	161
0	0
45741	45331
4008	2
0	3148
12815	46529
45682	13
147151	69936
43226	69929
347	0
606	0
679	0
4	2
2141	3
358	0
0	0
3709	1
0	0
0	0
0	0
0	0
0	0
0	0
268	0
1288	0
3	0
1212	3
894	0
254	0
2	0
118	0
14	2
6561	0
78	54
6	54
19	0
1386	0
353	92
0	232
0	543
1	579
2044	0
0	0
0	0
3803	1585
30	1581
0	0
3966	1
31	0
1	0
252	0
16	0
2	0
67	0
125	247
3	247
5	0
4	0
533	395
16	218
477	777
13	592
134	283
0	48
491	3
439	28
10	28
40	1
30	16
9923	0
0	0
0	0
444	1
2	0
0	0
354	0
2	0
0	0
0	0
0	0
1115	0
0	0
0	0
2388	0
0	0
0	1
3	0
907	33
0	0
2	1
2265	1
366	136
0	0
1	0
3	0
31	0
0	0
151	193
51	193
6	0
34	0
756	0
0	0
0	0
0	314
5	1
320	275
10	198
1	155
0	0
1453	3
0	0
1	0
0	0
0	0
1325	5
0	158
0	0
174	0
0	0
521	754
33	754
1651	1
70	0
36	0
44	1
832	0
2	0
271	98
1	0
20	1
2774	3985
0	0
0	0
1	9
2	139
279	4
10	0
0	0
0	0
2	0
2	0
0	0
46	0
338	234
0	0
0	5
64	17
121	139
0	1
0	0
0	0
36	19
376	497
885	0
4	0
525	0
0	0
0	0
5	0
1	0
0	0
0	0
1	0
0	0
0	0
0	1
1	15
2074	16
16	1
1	0
1	0
0	0
9	0
1	0
30	0
5	0
76	0
2339	2
61	0
0	0
0	0
0	0
23	0
5	0
1	0
5	0
0	0
0	0
5	0
435	0
25	0
1	0
0	17
0	0
0	0
0	0
0	18
99	493
3	0
0	0
0	0
1040	2186
0	0
1	0
0	0
448	1766
3	0
2229	1
287	0
243	93
1152	0
19	14
0	0
1126	0
287	0
92	162
3	162
115	0
0	0
0	0
0	2
0	0
515	402
0	0
0	4
0	0
617	1995
0	0
0	5
0	0
0	0
4	1
0	0
0	49
0	0
5	51
3	0
0	0
1	0
5	0
2	0
3	98
4	6
104	0
0	5
453	4349
0	1
0	0
0	0
0	0
0	0
13	13
16	13
6	2
817	160
2	66
24	2
19	12
60	0
0	0
2697	1
0	0
0	0
1296	539
133	539
0	0
10	7
224	7
5337	3
1829	0
2048	535
42	533
22	0
0	0
1250	1
0	0
0	0
0	0
2	0
1128	1
11	22
21	0
0	5349
8046	5353
0	0
4642	2
180	345
0	0
0	1
0	0
181	125
0	0
505	1460
6	0
190	416
0	0
1	0
119	455
0	0
3	0
2397	2
7	0
1	0
5	0
11	0
31	32
0	32
0	0
1008	0
1	0
6	0
1412	122
0	122
1027	1081
3	0
57	0
0	0
1407	1081
1	7
0	0
0	13
6	0
0	0
0	0
0	0
2189	2397
5	0
8	0
586	633
6	6
2	0
0	0
0	0
148	422
34	0
0	0
0	0
0	0
474	2476
217	1880
430	887
165	16
0	0
0	0
816	1211
628	607
19	1
135	4
0	0
0	0
2	0
0	25
39	0
683	0
781	1
4	0
8	7
1	5
4	7
0	0
0	0
0	0
245260	85
0	0
0	0
4280	509
576	509
0	0
0	0
0	0
19960	20
363	17
0	1
0	0
7188	637
0	0
3	0
0	636
6	0
1	0
59	2693
0	0
0	0
4	0
7	0
3	0
315	1423
0	0
0	0
0	0
10	0
26	30
0	0
1	0
0	0
0	0
17	8
1	1
0	0
24	8
0	3
0	2
0	0
0	0
294	958
1	0
52	17
0	0
7	0
279	546
0	0
0	0
184	636
0	0
4	14
0	0
56	84
88	91
185	83
0	0
7	2
12	130
9	17
0	17
1	0
15	1
59	0
0	0
1260	0
0	0
0	0
655	0
19	11
1	11
1	0
254	0
0	0
1115	3
0	0
0	0
7	0
3	0
0	0
4	0
0	0
106	54
961	1742
1	2
16	21
2	0
0	0
0	0
2409	1
3322	5
1	1
1731	0
135	0
0	0
296	2
0	0
0	0
3085	0
0	0
992	81
0	0
1	0
0	0
0	0
0	0
1	0
0	0
842	0
0	0
0	0
3070	2392
197	2391
0	0
1511	200
0	200
15	0
81	45
13	450
35	405
0	0
0	0
16	9713
18752	9718
0	0
0	0
1	0
1179	0
3	0
121	23
0	0
48	0
6	0
1	0
0	0
741	0
2	0
2	0
1	0
0	0
347	0
3	0
14	1
0	0
7046	3
277	34
1	1
2	0
0	0
2	0
0	34
3276	0
1	0
241	0
0	0
2953	0
4064	2
504	1
0	0
273	325
30	325
0	0
0	0
8	0
930	1
3	0
12	0
0	0
12	0
1109	113
67	113
2719	0
0	0
0	12
578	0
531	0
3034	0
0	0
1319	0
8	0
1	0
6	0
2	191
3398	191
1613	0
0	0
0	0
0	0
1035	0
2	0
12	64
144	64
210	0
780	0
2	0
0	0
0	0
801	0
0	0
0	0
2	0
389	0
2	0
2	0
2	0
0	0
0	5
0	0
292	0
521	0
214	0
1	0
0	0
0	0
0	0
0	0
532	102
6	1
192	102
0	0
0	0
0	0
1	0
30	35
19	33
0	0
11	3
0	0
0	0
0	7
0	0
0	0
0	0
1908	3
0	0
10	1
0	0
0	0
907	0
343	0
0	0
216	0
0	3
1	0
0	0
0	0
17437	4843
1	4838
0	0
0	0
352	66
13	66
3175	0
0	0
11	0
0	0
956	0
0	0
0	0
0	0
25	0
887	0
6	0
0	0
0	0
0	0
0	0
225	0
48	8
0	8
2384	0
0	0
0	0
237	0
1035	47
105	47
1	0
519	1
0	0
3	0
4034	0
2090	1
0	0
1496	1
589	2
1284	121
7	0
3	0
31	121
0	0
169	875
1327	876
173	43
167	56
1896	0
1689	1
3	5
0	0
217	0
0	0
1	0
962	0
1128	0
948	0
55	16
0	0
0	0
1158	0
1	0
13	0
0	0
108	0
486	0
12	0
0	0
0	0
1	0
3	0
9	3
2962	12
0	12
2	0
1	0
499	0
0	0
0	0
420	0
0	0
0	0
0	0
1	0
0	0
1	0
0	0
0	0
0	0
20914	2
0	0
0	0
2379	0
0	0
33	0
430	0
3	0
2285	3
0	0
0	0
3810	2
0	0
0	0
0	0
0	0
1996	0
60	9
7	0
10	0
1	0
14	0
15	14
1	0
23	79
0	0
0	0
77	52
283	53
5	0
0	0
0	0
1435	2048
10	0
546	2048
0	0
0	0
47	0
183	0
2	0
1	0
0	0
227	0
0	0
0	0
3	0
5	0
34193	2
2764	1718
0	0
3293	0
2538	1718
0	0
13	0
9541	0
0	0
0	0
6986	2
6	1
2510	14
74	0
0	0
0	0
2	0
0	0
40	0
97	380
1680	380
0	0
0	0
42	0
9	0
38	54
198	54
0	0
2	0
0	0
0	0
5	0
0	0
0	0
0	1
5	5
1498	0
0	0
0	0
1	0
0	0
0	0
1	2
0	0
1633	0
0	0
0	0
5	0
0	0
0	0
1	10
0	0
0	0
0	0
1589	0
0	0
0	0
0	0
0	0
0	0
0	0
0	0
0	0
0	0
0	0
1045	1
0	0
65	0
2	0
0	0
0	0
8	0
1	0
1	0
0	0
1	2
8	1
1	1
2	2
0	0
0	0
0	0
0	1
2	3
23	0
0	0
0	0
0	0
13	0
0	1
2	1
0	0
0	0
0	0
9	1
0	0
1	0
20	5
57027	13
0	0
11	0
3	0
0	2
2	0
5	4
231	0
5	0
0	0
1883	2
265	26
474	77
45	51
464	0
0	0
1712	0
37	0
1	0
45	0
255	0
82	0
3	5
0	5
8	0
73	0
8	0
2	0
1	0
690	0
1	0
249	0
0	0
0	0
240	0
9	3
1284	0
0	2
2688	1
2	0
15	0
1	0
32	26
73	60
29	8
5	26
1061	0
0	0
306	31
0	0
0	1
0	1
2	0
2	0
1532	0
488	0
7	0
0	0
41	58
4	0
1	0
2	0
0	0
5	35
60	85
4	0
44	3
44	0
0	0
221	939
7	884
1	0
142	22
3	0
21	0
198	1
0	0
0	0
236	0
0	0
0	0
2099	1
2	0
389	0
638	138
639	117
0	0
51	132
5	0
2	1
4	0
6	2
7	0
54	3
0	0
0	0
0	0
32	142
0	0
0	0
0	0
0	0
0	0
1716	0
0	0
0	0
544	377
0	0
0	0
0	0
0	5
1759	526
0	0
0	0
0	2
0	2
45	1
2	0
0	0
0	0
0	0
1	0
0	0
0	0
0	0
0	1
0	0
0	0
0	0
2	2
0	0
0	0
0	0
0	0
0	0
0	0
2	0
0	0
0	34
0	15
0	5
0	33
0	110
0	0
0	0
2	11
0	11
0	0
0	0
0	0
1	0
2	0
0	0
0	0
21	22
22	22
0	1
0	410
28	732
6	0
0	3
0	10
0	0
3	0
32	32
58	32
0	0
6	1212
2413	6118
676	6118
0	0
9	5
1	0
6	0
1952	0
6350	1
0	0
53	0
552	0
0	0
4	0
0	0
1123	779
0	779
0	0
0	0
0	0
0	0
0	0
0	0
0	0
0	0
8	3
0	0
0	0
0	0
9683	6
0	0
12	0
1	0
0	0
0	0
1658	2
0	1
0	0
1	0
726	124
4	0
2	0
0	0
564	98
5	2
4	5
1	0
2	0
0	1
0	0
0	0
0	0
11	0
0	0
0	0
0	3
6	5
0	0
0	0
336	131
4	0
0	0
6	0
0	0
0	0
0	0
0	0
92	243
266	220
0	0
0	0
0	0
0	0
12	0
3263	2
33	0
3	0
582	0
0	0
3	0
0	0
1	0
330	0
2	0
0	0
0	0
0	0
0	0
0	0
0	0
1	0
1387	3
7	4
0	0
3514	0
10	0
0	0
2	2
528	0
0	0
4	0
871	168
5	167
2	0
4	0
0	0
3	4
7083	2
5	0
1	0
0	0
225	376
2	376
15	0
4	0
0	0
2218	0
0	0
327	0
1	4
19	22
266	2
1	0
0	0
0	0
0	0
17879	5
14049	8
0	0
53	0
1716	293
1004	293
15	0
453	5
573	0
2	0
2	0
0	0
1197	1
13	4
1741	0
0	0
1108	84
7	83
4	0
0	0
7	0
0	0
1	0
549	0
0	0
545	0
5770	1
0	0
0	0
0	0
553	0
2665	0
0	0
2	0
0	0
23	5
3985	5
1	0
7301	2
0	0
0	0
7	0
9	0
4	0
352	0
1	0
0	0
0	0
1	0
1488	0
2	0
437	135
6	135
95	0
0	0
0	0
1351	0
561	0
0	0
0	0
3	78
55	78
5	0
22	0
4	0
0	0
0	0
211	0
0	2
208	2
0	0
0	0
2	0
0	0
0	0
5	0
0	0
1	0
0	0
15	0
0	0
0	0
0	0
0	0
0	0
27	0
832	0
0	0
2872	0
656	0
2	0
0	0
11	0
1	0
1	0
0	0
0	26
1853	27
50	83
0	83
0	0
0	0
2	0
0	0
1363	0
0	0
12	0
180	0
7	3
0	0
3097	4
2	0
0	0
2	0
1	0
0	0
3	12
0	3
9	2
2208	0
10	0
1249	1
0	0
31	0
190	0
129	0
161	139
0	139
1	0
2085	2
19	2
0	0
5	0
152	0
0	0
0	0
4	0
0	0
0	0
211	0
3	0
229	0
0	0
138	0
2	0
602	475
1	475
0	0
1	4
4	13
5	9
43	1
52	0
13	4
0	3
0	0
0	0
0	0
2	0
0	0
5	0
5	0
21	0
1	0
659	0
181	0
4	0
1034	2
0	0
0	0
362	0
10	0
1	0
3484	4
61	1
57	0
0	0
0	0
0	0
1539	4364
4	4364
0	0
0	0
1551	0
6604	1
1	0
54	0
18	0
4	0
4	0
0	0
333	0
1480	0
0	0
0	87
0	74
0	0
0	0
0	0
0	0
0	0
1703	0
0	0
53	873
2	873
1	0
0	0
2572	0
0	0
0	0
5	0
0	0
1	0
0	0
7650	726
39	724
0	0
0	0
326	0
1	0
0	7
2076	7
0	0
16	0
4	0
179	0
2	1
0	0
0	0
17	0
19	2
16	0
0	0
1	0
30	0
4265	0
2	0
3351	2
0	0
4	0
1	0
8	0
4	0
4310	4
0	0
0	0
0	0
0	0
0	0
1979	2
20	0
5	0
507	0
5	0
0	0
2	0
6	2
0	0
0	0
0	0
0	0
1	0
2	0
0	0
3	33
0	0
0	0
0	0
0	0
0	0
0	0
0	0
25	0
0	0
0	0
12	0
82	0
0	0
0	0
0	0
5	0
35	2
0	0
0	0
0	0
0	0
0	27
0	0
8	0
0	0
464	0
0	0
0	0
7	0
0	0
4	1
1	0
0	0
0	0
603	1
47	0
28	1
0	0
1102	0
21	0
1	0
51	0
14897	5
0	0
518	7
2	0
0	7
0	0
11	1
2673	1
83181	35
1069	1
0	0
0	0
0	0
814	0
3	0
604	2
3	0
0	0
3	0
88	0
0	0
3160	0
1435	0
108	7
0	0
152	0
20	11
3	0
0	0
0	7
4	0
0	0
0	0
0	0
1	0
0	0
0	0
0	0
1	0
1	0
1	0
10	0
1	0
3551	285456
0	275157
5	0
0	0
0	0
18	260420
0	0
4	4
25	0
0	0
0	0
0	0
1	0
0	0
0	0
2	0
0	0
0	0
358	0
0	0
1	0
19	0
1445	0
0	0
3	0
607	1
4	0
6	0
1	0
5	0
9	3
503	0
0	0
0	0
45	11
0	0
0	0
29	3
26	1
2324	3
0	0
2	0
216	0
9	1
645	7
0	0
0	0
6	0
5	0
1	0
0	0
0	0
0	0
11397	2
0	0
0	0
0	0
835	0
0	0
0	0
0	0
0	0
0	0
0	0
0	0
2539	0
5659	1
0	103
2	0
0	666
3	0
19	666
5291	1
2	0
0	0
2173	1
0	0
0	0
107596	634643
88075	634638
3	0
0	0
3018	5
0	0
512	0
0	0
2	0
74	0
0	22
260	1
25	1
1	0
0	0
0	0
2	0
2	0
1	0
0	0
1	0
110	256
37	256
7	1
52	314
353	314
19	0
1296	2
0	0
2	0
0	0
2	0
0	0
0	0
0	0
462	279
2	279
0	0
9742	5348
0	0
0	0
0	0
10714	5340
0	0
4	0
7	0
4	0
0	2
1	0
5	0
1329	0
0	0
0	0
15	0
1	48
0	23
10	0
22	53
2	0
2	0
2	0
1	0
0	0
0	0
0	0
3	0
8	0
3	0
0	0
0	0
484	0
567	391
27	391
0	0
2060	0
12	0
823	0
7	0
0	0
757	0
7	0
869	0
129	0
325	0
1996	0
13	29
139	29
0	0
82	0
0	13
1	0
0	1
1	102
0	0
98	376
0	0
9	0
0	18
3	0
334	54
3	2
34	171
14	379
0	0
0	0
3	2
0	0
136	171
2884	126
15251	1
3	0
0	0
2	3
0	1
0	0
1908	0
0	0
0	0
0	0
0	1
2	0
2	0
1206	0
5321	1
3	0
0	0
1	0
2	0
2	0
12	0
9209	3
0	0
0	0
0	0
9	0
22	0
2528	0
0	0
2102	0
0	0
2	0
20	12
372	12
0	0
4	0
0	115
0	0
10	2
1404	0
0	0
0	0
13611	3
4132	1962
2	1958
1	0
0	0
0	0
0	0
0	0
0	0
565	0
1	0
0	0
1	3
191	0
0	0
111	3
1607	355
262	75
8	0
11	7
20004	297
220	5
1873	0
726	72
44	0
0	0
149	0
1601	0
8	0
12	8
1	0
0	0
2151	0
152	0
2	0
160	98
3	0
16	97
19	0
70	0
946	0
0	0
0	6
6	1707
4	0
1	0
0	0
988	0
1616	2
2	0
0	0
6	0
16	0
163	0
3062	1
29	0
2220	0
4	0
0	0
6	0
0	0
0	0
3	0
14	0
51	0
994	0
0	0
0	0
1	0
5	0
0	2
89	0
0	0
378	160
370	160
0	0
0	0
0	0
36	0
1	0
1	7
1	0
0	0
6	0
13132	7
1	0
509	0
7	0
0	0
200	0
0	0
0	0
1	0
1	1391
0	25
0	0
0	0
29	0
0	0
1	0
2	0
1	0
51	0
0	0
34	11
68	35
8	0
1	0
0	0
1413	0
1	9
42	9
9	0
15369	6
0	0
0	0
7	0
0	0
0	0
20	1
0	0
8	0
0	0
5	7
0	0
1	0
1	0
0	0
16	0
895	0
16	0
26	19
0	19
223	0
0	0
0	0
0	0
0	0
2	0
0	16
0	0
131	0
7	0
0	0
933	0
16	0
0	0
416	0
0	0
328	1143
0	1143
0	0
0	0
2	0
0	0
1459	0
251	27
23	27
0	0
5	0
845	0
5	0
0	0
0	0
0	0
202	952
100	917
1	0
589	34
4	34
6	2
0	0
2	0
2	0
158	0
1	0
0	0
0	0
712	1
2	0
0	0
20	2
0	0
0	0
0	0
5	0
2	0
0	0
0	0
0	0
0	1
0	0
0	11
0	0
2	3
0	10
7	0
1	1
0	0
625	0
19	0
7	0
0	0
1679	0
0	0
6	0
11	0
0	0
1	0
37	3
1334	0
0	0
1	0
3	0
0	127
1	0
81	1
1	0
66	0
0	0
1	0
0	0
126	0
0	0
1121	1
13	0
285	0
9	9
4	11
0	2
0	0
2747	0
0	0
22	33
36	33
7	0
12	0
537	0
3	0
0	0
0	0
195	0
0	0
0	0
2193	2
0	0
68	16
693	2
15	0
0	0
59	0
8	0
0	2
0	14
1	47
3	27
0	0
33	0
37	0
1	0
171	0
0	54
4	0
104623	28
7	0
14	665
1	0
8	0
0	0
9	0
0	1329
393	4064
0	0
10	1
0	0
0	0
1	2
0	0
0	0
30	0
0	0
3	1
0	0
5	0
22	0
50	180
2284	181
253	0
60	0
0	0
2388	1
1	0
0	0
0	0
0	0
0	0
1192	0
2	0
1	0
5975	4
1	1
12	0
756	0
3	0
9	0
10327	3
7	0
674	0
0	0
0	0
652	0
0	0
0	0
4	0
4	0
0	0
0	0
665	1
0	0
0	0
0	0
721	0
2619	4469
534	4468
0	0
0	0
0	0
999	36
40	36
0	0
0	0
5527	1
1	0
4	0
60	0
0	0
0	0
0	0
3	0
0	0
0	0
0	0
10	0
0	0
579	2
0	0
431	0
6	1
58	13
19	3
0	12
0	8
2	0
0	0
0	0
416	4
0	0
0	0
1	0
2	11
0	0
14478	2
118	221
4160	349
30	2
1	121
6	1
18	42
0	0
0	0
0	0
3253	120
86	119
0	0
0	0
154	0
0	0
0	0
0	0
0	0
6	0
0	0
12	0
1514	0
407	2
1126	745
147	745
1	0
0	0
1	2
0	0
3	0
5	0
2264	0
0	0
0	0
19	0
0	0
0	0
1584	1
5	0
0	0
3696	2
0	0
0	0
0	0
0	0
143	0
0	4
4	0
0	0
0	0
2070	0
2	0
5931	2
1280	0
2	0
67	0
268	0
0	0
0	0
206	0
0	0
151	0
0	0
2	0
243	0
4071	55
12	55
0	0
211	0
47	29
319	0
0	0
472	0
0	0
0	0
1816	0
2	0
1	0
5	0
0	0
12	0
0	0
0	0
532	0
0	0
0	0
0	0
0	0
0	0
1087	1
0	0
2753	57
28	56
0	0
701	0
0	0
0	0
274	0
2	0
1	1
0	0
0	0
0	0
0	0
3258	1
0	0
1565	0
19	0
0	0
17	0
0	0
1352	0
28	4
0	0
203	0
107	0
1	0
591	0
0	0
1701	0
1	0
0	0
3	0
0	0
0	0
0	141
0	169
27	0
20	84
344	84
6235	2
0	0
0	0
4	0
1197	2892
1090	2890
10433	1
0	0
0	0
0	0
350	0
0	0
0	0
31	0
0	2
2	0
1504	0
0	0
9	2
1166	10851
5980	10851
0	1
7	0
0	0
110	0
1	0
771	3328
0	0
686	3328
1	0
0	0
97	56
99	55
4	0
0	0
842	0
162	57
40	56
1007	1
1837	155
5	152
46	3
2	0
0	0
1966	4
17	4
590	4
23	0
0	0
0	0
39	0
0	0
1132	1
77	0
2034	0
28	163
185	163
4	0
4107	1
0	0
0	0
0	0
0	0
0	1
0	2
0	2
0	2
173	1
4	1
0	0
0	0
0	0
0	0
2	1
4	0
0	0
10	381
4233	491
19	132
633	0
3	0
0	0
6	0
2	0
0	0
494	0
0	0
0	0
8	2
1	2
3218	1
957	638
39	638
0	0
0	0
3	0
2	4
0	0
1	20
0	0
0	0
742	0
4	0
0	0
0	0
8416	2
0	0
4146	35
74	34
0	0
3	0
8	1
0	1
0	0
1	1
0	0
0	5
25	0
2	0
528	0
1	0
781	0
13	0
220	0
1128	0
1	0
1	0
0	0
114	0
0	0
29	0
5	0
0	0
3185	0
0	0
1	0
0	0
4491	0
2389	685
588	685
0	0
0	0
0	0
1718	1
2	1
1042	0
0	0
138	121
83	121
2786	0
1	0
27	0
3	0
7	0
4	0
781	4
323	4
0	0
0	0
0	0
154	0
0	0
561	0
0	0
15	0
5	0
18787	1701
48	1705
6	0
1024	2
691	0
1	0
0	0
2	0
0	0
0	0
698	0
577	679
0	0
205	679
1	0
0	0
0	0
0	0
0	0
0	0
1	0
7934	1
4	0
0	0
4484	5963
216	5963
0	0
1	0
2	0
0	0
10935	1
0	0
40	0
1264	1
0	0
0	0
11	0
0	0
0	0
0	0
204	1
0	0
0	0
0	0
0	0
0	0
0	0
1935	1
0	0
831	0
0	33
7	0
0	0
0	0
0	0
0	0
0	0
32	33
2	114
174	0
0	0
66	0
1	0
0	0
0	0
0	0
0	0
6	0
25	22
16	204
3598	207
0	0
11	0
0	0
0	0
799	100
8	0
87	100
0	0
2	0
0	0
3033	0
25	0
459	0
0	0
0	0
315	0
11	2
0	0
0	0
0	0
1723	0
1397	1
0	0
0	1
81	0
2	0
5	9
18	5
0	0
26	0
294	0
1	2
0	1
1	0
2	0
2	0
0	0
0	0
0	1
10	1
581	0
0	0
0	0
0	0
0	0
1	0
2	0
0	0
0	0
3048	2966
5	2965
576	0
0	1
0	0
12	0
0	0
0	0
3	2
6883	1
1	0
0	0
13	0
1	0
3	0
0	0
1137	0
0	0
0	0
0	1
3	0
314	94
8	94
0	0
165	0
18	0
0	0
3	12
14	12
0	0
7	0
806	0
0	0
1967	0
4	0
0	0
1673	171
44	171
0	0
3	0
17	26
5	0
8	0
1	0
26	0
4	0
387	286
1260	286
0	0
471	0
8	0
1	0
0	0
0	0
2459	0
3	0
6	0
0	1
0	0
13	1
1	3
0	0
92	95
2051	96
15	0
0	0
0	0
0	0
862	0
43	0
0	0
0	0
0	0
5	0
0	0
1738	0
0	0
36	19
0	0
502	1
2	32
2187	34
1	0
0	0
0	0
2	0
9	1452
2102	1452
5	0
0	0
30	12
349	0
0	0
11	3
49	0
0	0
0	0
1	0
2050	0
1	1
53	0
5	0
3033	2
0	0
0	0
2	1
0	0
97	31
2	31
18	0
18	0
370	0
395	0
13	0
5	0
2271	1239
0	1239
1567	0
3	0
7	0
5678	0
0	0
0	0
0	0
1479	0
0	0
0	0
1468	0
1	0
5466	1
3	0
424	2
0	0
10	0
75	0
0	0
217	0
119	79
1	79
83	0
0	0
0	0
122	0
135	9
30	9
0	0
5	0
0	0
3028	154
21	149
40	0
0	0
0	0
0	0
0	0
0	0
59	0
0	0
657	1
0	0
0	1
0	0
0	0
0	0
0	0
177	192
3	192
0	0
388	0
0	2
0	0
0	0
0	0
17	0
5	0
378	0
3	0
0	0
49	16
13	16
6	0
15	0
5	0
3	1
12	0
2	0
8	0
5	0
5	0
0	0
0	0
70	10
6	2
893	0
0	0
0	0
1	0
0	0
19224	10
1	0
634	0
0	0
920	1
918	1
1	0
0	0
4	0
1394	1
3031	1
1	0
55	73
28	0
600	0
2	0
228	0
0	0
0	0
2	2
0	0
0	0
14	0
847	1
0	0
1	0
3526	0
221	0
0	0
345	0
0	0
2950	3
0	0
2	0
0	54
0	24
0	18
193	0
1151	114
0	0
20	110
1	4
20	4
0	0
1	0
5	0
0	0
4	0
0	0
156	0
1	0
31	40
18	0
0	0
0	0
335	175
19	175
28	0
1	0
961	20
5	19
35	0
8	16
0	0
29	16
0	464
0	20
0	0
1089	1
0	0
0	0
8458	1
21	0
8	1
0	0
1	0
13	0
0	0
84	1
77	0
0	0
0	0
0	0
0	0
0	0
496	0
0	0
2457	0
0	0
2860	18
324	17
3	0
868	19
0	0
0	0
9	23
13	19
83	0
20	23
0	0
13	0
36	0
0	0
0	0
0	0
330	2
724	0
0	0
0	0
0	0
0	0
8247	0
0	0
277	0
0	0
0	0
0	0
0	0
105	0
1	0
398	2
14	10
1	2
0	0
1162	0
5707	2
1	0
8	0
399	0
1	0
0	0
64	0
0	0
7	0
631	0
0	0
0	0
0	0
0	0
0	2
483	0
0	0
1800	0
314	1
0	0
1380	0
12	0
4	0
0	0
839	45
202	41
88	1
0	0
157	0
0	0
2	0
93	0
555	0
587	106
0	0
3793	0
4	0
0	17
574	17
0	0
2	0
1	0
0	0
5	0
0	0
5868	2
9517	267
10	265
0	44
0	0
92	0
0	0
0	0
1	0
64	0
1	0
1	0
5	0
15	20
170	20
883	106
0	0
0	0
21	0
0	0
186	0
19	0
0	0
2181	0
0	0
630	0
1325	0
10	0
0	0
6	0
3	1
192	5
0	0
0	0
0	1111
4933	1112
0	0
0	0
40	0
0	0
0	0
3	0
14	28
183	28
18	0
0	0
0	0
0	1
0	0
2	1
96	0
0	0
3	1
2	0
0	0
9	7
1	5
1	1
0	1
4	3
2	3
0	0
329	0
0	3
0	0
574	0
1336	2
0	0
1417	1
2	0
2	37
769	38
0	0
1	0
402	0
4	0
0	0
3276	814
279	809
0	0
40	0
2468	1
101	0
1	0
601	0
1	0
0	0
0	0
0	0
610	2
0	0
0	0
2299	0
5	0
0	1
3	0
686	0
0	0
0	2
13	0
4	57
2	0
3	6
179	212
1888	213
0	0
2	49
1	0
2882	12
9	12
0	0
1	0
0	0
19	0
479	0
6319	5
1925	0
0	0
1524	1
0	0
391	0
0	0
351	0
0	0
0	0
2142	2
4	165
1618	166
0	0
893	0
0	0
0	2
152	418
474	418
1	0
1915	1
2	0
0	0
0	0
1054	0
0	0
0	0
0	0
2	0
2795	5
0	0
0	0
267	5
0	0
0	0
3	0
1920	0
0	0
9	41
68	0
4315	2
2888	0
25	58
205	58
0	0
60	0
0	0
0	0
45	0
2	0
2615	41
63	38
1312	0
0	0
2640	1
0	0
28	0
39	0
1214	0
1548	0
21	0
0	0
3	0
2	0
276	0
0	0
1	0
21	0
0	0
0	0
2	0
6	0
0	0
1060	0
1030	503
50	503
0	0
0	0
3	0
1	0
1	0
794	332
272	332
0	0
1	0
5389	2
31	15
0	0
28	35
520	35
0	0
0	0
0	0
0	0
3	0
85	0
1243	2
4	0
574	199
10	199
0	0
0	0
0	0
162	0
0	0
0	0
362	44
0	0
8	43
3	0
1	0
2	1
500	0
0	0
1460	0
4	0
1	0
13	0
663	0
0	0
0	0
38	10
7	10
7	0
9	0
0	0
546	0
16	0
3	0
8	1
0	0
336	0
0	0
0	0
277	147
22	147
765	1
1	0
0	142
234	0
523	0
0	0
5	0
299	0
19	14
3	0
929	46
2	0
3	0
0	1
0	0
0	0
1	2
0	46
0	0
12	0
488	0
0	0
0	0
0	0
5	0
55	0
1	0
1	0
7	0
0	0
1	0
0	0
494	1
0	0
14	7
8	0
195	0
747	0
3	0
1	0
4	0
0	0
1501	450
0	450
5	20
179	20
0	0
0	0
0	0
116	0
1	0
1	0
1	0
1325	0
0	0
13	0
1	0
11	0
33	0
141	0
0	0
0	0
44	0
16	3
1	0
0	0
23	0
9	0
8	0
0	0
56	0
13	0
10	0
86	23
0	0
1416	1
0	0
0	0
2	0
7	0
586	102
6	102
6	0
11	0
0	0
12575	12
0	0
579	0
10	0
6	0
0	0
17088	7
15	0
13	0
0	0
0	0
0	0
10	0
10	0
1369	0
35	0
90	0
0	0
0	0
0	0
1	0
0	0
396	0
0	0
0	0
4	0
0	0
6	0
1	0
1	0
0	0
20951	1088
6	1077
533	0
2846	1
6	1
407	1
0	0
0	0
1657	0
1514	0
9461	6
0	0
0	0
0	0
2536	2
1922	0
0	0
10	0
29	79
0	0
1787	1
0	0
1950	1344
36	1344
2638	766
0	766
0	0
0	0
3	9
0	9
67	0
20	0
1	1
6	0
230	0
1	0
992	0
62	0
103	0
376	1
16	1
0	0
811	0
65	0
0	0
0	0
0	0
3007	109
2	90
1	17
2	0
0	0
3148	0
7717	5
5154	0
1818	1
629	0
1	0
446	0
0	0
0	0
11	0
1	0
785	0
651	142
238	142
0	0
0	0
2349	2
34	0
761	0
0	0
0	0
0	0
1351	0
853	879
0	0
5625	880
2	0
0	0
973	375
3256	375
16	0
0	0
4	0
0	0
2	0
7	0
0	0
0	0
6	0
0	0
1	0
1	0
16	0
0	0
20	79
134	79
2	0
2239	0
0	0
143	0
0	0
18	61
21	61
243	0
0	0
2318	2
1367	0
1	0
8	0
1	0
34	1
6	2517
3391	2517
359	0
86	315
8	0
0	0
1913	0
1	0
3	7
1834	1
0	0
2334	0
122	3006
26	5
261	3006
0	0
0	0
0	0
10	0
2023	0
283	1168
0	0
0	0
5547	3
26	0
2	0
894	0
2	24
860	955
33	955
0	0
135	1
0	0
0	0
3604	0
0	0
12	0
0	174
0	150
522	1
0	0
5	0
0	0
354	0
9	0
51	0
7	0
81	0
18	0
1	0
7702	240
0	237
18	0
0	0
6	0
7	0
4	0
0	0
3	0
993	0
0	0
0	0
2	1
4	9
0	0
54	0
486	0
0	0
1	0
3941	1
0	0
1	0
0	0
1052	2
0	0
0	0
2	0
0	0
7	0
15369	2
0	0
65	0
0	0
0	10
8	0
0	0
7	0
1	0
100	0
108	0
0	0
0	0
0	0
225	2
0	0
0	0
2517	1
0	0
221	1
0	0
7363	0
0	0
6	0
0	0
0	0
0	0
0	0
45	0
0	0
0	0
0	0
2	15
4	15
43	0
0	0
1	0
0	0
0	0
5	0
13	0
4	10
0	12
0	1
0	0
0	0
0	0
25	1
0	0
0	0
0	0
1	0
0	0
0	0
0	0
0	0
5	0
7	0
19	22
49	22
675	0
1428	1
3	1
1713	363
1	363
0	0
0	0
128	12
10481	394
4982	1907
334	98
12	21
2	12
0	42
1834	1722
16648	7
1425	1
5306	3
0	0
9	0
10658	7
0	0
3	0
0	0
0	0
0	3
0	0
0	0
7629	1
0	0
0	0
2846	0
7	0
0	0
0	0
13	18
0	0
1	6
0	0
0	3
0	0
2649	0
82	0
0	0
17	0
9	0
370	0
1326	0
3	0
0	0
0	1
1	0
11801	5
0	0
20	0
0	0
1970	21
38	0
74	0
1462	21
0	0
75131	912
0	0
0	0
504	0
0	0
0	0
116	0
0	0
0	78
0	125
0	1
3733	3807
0	3803
0	29
0	0
285	1
9	0
367	0
1	0
1	33
954	0
0	0
0	0
1	0
0	0
4	0
0	0
0	0
0	0
0	0
2733	0
8	0
8	0
0	0
1519	0
0	0
620	0
29	1
0	0
621	0
50	0
728	0
0	0
4733	3
0	0
0	0
11	1
0	0
202836	280449
17	280400
183	39
0	39
0	0
0	0
0	0
0	0
0	0
0	0
0	3
5	219
586	2443
3	0
6	0
0	0
2	0
3	0
0	0
2212	1
0	0
1196	2421
0	3
42	0
0	1
0	0
378	0
10	0
2	0
0	0
0	0
0	1
0	0
0	0
0	0
1	0
0	0
1748	0
0	2
248	0
1	0
1	0
1392	26
1	25
1	0
0	0
0	0
2156	0
16	0
0	0
0	0
61625	24
0	0
151	0
0	0
5	0
0	0
0	0
0	0
4	0
0	0
796	677
23	677
1242	1684
27	1684
2	0
1410	1
632	0
0	0
1	0
1358	0
0	1
0	0
5	0
0	0
0	2
157	2
4977	2346
386	2373
0	0
148	119
3	119
236	521
6	521
1	0
0	1
4	0
0	0
0	0
27	0
0	0
0	0
42	0
4278	2538
19	2538
0	0
0	0
667	77
35	0
0	0
25	78
3157	2087
2	2085
0	0
0	0
0	0
0	0
2	0
0	0
0	0
1776	0
3	0
847	0
0	0
8	0
1747	2
56	48
2	0
10	0
19	0
0	0
5235	1
3590	1
5	0
1018	1
1	0
9	0
8	0
1889	0
3	0
0	4226
14099	4229
0	0
0	0
4793	0
1	0
2	0
101	0
0	0
235	0
190	0
16	3
3159	0
153	0
236	0
0	182
476	182
19	0
0	0
41762	4
0	0
50	2
0	0
0	0
0	0
0	0
430	0
0	0
0	0
0	0
0	0
302	201
1	201
684	0
3	5
0	0
2	0
1	0
0	0
0	573
126	0
2900	4
2	0
3	0
0	0
0	1
0	0
0	0
2323	0
283	40
28	39
6784	5
31	28
12	0
0	28
0	0
9291	6
1938	0
1151	0
1114	0
2	0
3369	761
152	489
0	0
0	0
779	0
0	1
2484	110
314	108
0	0
0	0
0	0
4	0
6565	3
41	3
0	0
1691	1
0	0
0	0
0	0
2482	0
5	0
0	0
2	0
12	4
3722	1
993	0
0	0
1	0
0	0
58	15
0	0
3	1151
688	1103
302	1133
0	103
12	106
55	106
0	0
0	0
0	0
5	0
7	0
51	325
354	325
0	0
504	0
1	0
5	0
4	0
0	0
24	0
0	0
1	0
338	0
1	58
0	0
2897	0
0	0
166	0
0	0
1	0
1196	0
63	0
8	0
0	0
0	0
553	0
59	3
0	0
2251	3550
1	3549
8	0
0	0
46	0
1	0
0	0
0	0
2	0
0	0
0	0
2404	0
0	0
32	0
550	0
2	2
2	0
2	0
1032	0
0	0
0	0
14553	2946
198	53
19	0
0	0
0	0
128	171
0	0
0	0
6268	3
66	2
1420	0
2	0
0	0
0	0
0	0
2665	1
0	0
0	0
1	0
178	184
37	184
2	1
6	1
3	0
0	0
463	0
1	0
0	0
1	0
0	0
1	0
0	0
1656	0
0	1
0	0
0	0
7231	3
0	9
4729	2
0	0
4081	129
473	128
0	0
0	0
0	0
0	0
0	37
1	13
0	0
2	0
0	1461
9	0
1800	0
7	0
8	0
0	0
0	0
0	0
0	0
1088	1
165	0
1817	0
221	0
0	0
0	0
0	0
27	0
0	0
2725	1
1274	2
1	0
2	0
0	0
1	0
0	0
7	6
0	0
86	0
3576	1
2	0
3	0
3	0
38	269
2670	3002
98	0
2	101
2167	101
1598	0
27	0
4112	0
1	0
2926	2
3291	0
0	0
0	0
0	0
1227	8
104	8
27	0
70	0
0	0
5	0
0	0
0	0
12	0
52	7
11	0
0	0
0	0
2	0
4	0
0	0
0	122
0	10
2857	0
1	0
2	0
33	17
0	0
5723	0
0	0
14	52
0	0
484	52
4	0
0	0
0	0
0	0
9127	3
1	0
0	0
0	0
0	0
0	0
0	0
0	0
2	0
0	0
1673	0
11	0
4	0
0	5
0	10
0	0
1458	355
0	355
136	0
0	0
2	0
0	0
0	0
0	0
2	0
0	0
8	0
81	0
0	0
0	0
1	0
3	0
2	0
1	0
0	0
0	0
0	0
4	0
9	0
0	0
9	2
0	0
0	0
1	2
5	0
88	0
18	0
0	0
2	0
1	0
8	0
0	0
77	0
5	0
0	0
2690	1
0	0
1	0
2898	5
0	0
0	0
21	113
2125	113
3	0
0	0
0	0
18749	6
5058	1
23	0
0	0
8	0
1	0
12210	8037
2625	8039
3	0
2	7
737	7
201	0
0	0
12	0
171	0
1354	0
0	0
0	0
40	583
1404	583
373	675
2562	2169
82	5
370	199
2266	1654
2462	0
0	0
11	0
0	0
3	0
0	0
3	0
0	0
0	0
3	0
4	0
2	0
1	0
0	0
8	0
0	0
384	0
1432	0
3	0
0	0
0	0
6487	0
0	0
252	0
0	0
0	0
0	0
0	2
0	0
1921	1
26	0
4	0
4	0
0	0
19	1
12	0
2	0
124	0
6	0
1	0
772	0
0	0
0	0
679	2
5	1
257	0
8	409
134	409
0	0
963	305
34	305
140	137
7	137
0	0
1850	1
0	2
0	0
0	0
21870	16204
2202	16200
763	417
51	417
0	0
0	2
1	0
0	13
3	1456
0	0
0	55
1040	0
0	0
157	0
1107	0
14	0
1809	2
0	0
11	0
584	0
5	1
0	0
0	0
0	0
3841	2
0	0
0	0
0	0
7	0
0	0
9380	1
1979	0
26	0
1	0
0	0
1	0
327	0
0	0
0	0
787	0
223	0
0	0
0	0
0	0
4	0
2787	0
1422	0
0	0
3255	0
0	0
0	0
526	0
0	0
0	0
1	0
7	2
0	2
2	1200
2548	6132
1	1
0	0
781	0
18	0
122	247
0	0
197	251
0	0
192	159
4	0
1	0
4049	4
1001	1
8	0
1552	0
1149	0
346	0
0	0
119	0
55	0
0	0
2413	1
3	0
0	0
2181	1
2	0
13	0
0	0
1	167
377	177
2	0
24	6
0	0
0	0
14337	6
3	0
2	0
0	0
1117	0
0	0
3	0
4579	4
0	0
12	0
0	1
331	618
712	618
0	0
0	0
0	0
0	0
2357	3
5	1
816	0
0	0
3653	3436
271	3435
0	0
3	0
16	11
536	11
0	0
0	0
216	0
0	0
0	0
0	0
620	0
15	0
3	649
0	0
401	0
11	0
4	0
1	0
18	0
0	0
2448	0
1513	1
0	0
993	0
0	118
4547	119
151	0
31	0
1087	0
0	0
1759	1
2787	1
9	0
0	0
0	0
35	0
14	202
57	202
3	0
0	0
1	0
322	0
13	18
0	0
357	0
36505	15
0	0
0	0
1049	1
0	0
16	0
70	0
0	0
0	0
0	0
0	0
0	0
486	0
54	0
517	0
645	1
3235	0
162	0
0	0
0	0
25	0
0	0
406	0
0	0
2	0
0	1
0	0
4167	1
28	0
0	0
13132	6
0	0
2	0
1	0
815	0
5	0
3081	0
0	0
4	0
0	1
9	53
734	53
7	0
7	0
3	0
6	0
1	1
2011	0
31	0
0	0
0	0
0	0
487	490
0	0
0	1
80	23
3528	513
2	0
10	0
1756	1
7	0
8	1
1173	76
13	47
54	28
257	0
6	305
0	1
97	304
0	0
0	0
0	0
0	0
0	0
2	0
1714	1
0	0
3426	0
0	0
12	2
15	0
1	0
0	0
9	0
5	0
1	0
2	20
131	20
72	0
3754	1
8	0
0	0
0	0
956	2
0	0
1055	0
0	0
2	0
0	0
0	0
211	0
0	617
140	0
1	0
177	1
273	0
6144	0
0	0
4	0
229	0
0	0
0	4
466	1
0	2
0	0
207	0
0	2
1825	2
370	0
2	0
0	0
2401	0
4	0
1781	1656
81	1654
4470	4
1	0
3	0
31	0
2	0
0	0
6	0
1013	186
95	184
5	0
693	0
0	0
0	0
0	0
2033	3
0	0
0	0
1690	2
1	2
15	2
660	0
0	0
3	0
0	0
0	0
3361	0
1763	0
30	18
3	0
243	0
353	0
0	0
0	0
0	0
0	0
2864	4
5	0
40	332
631	332
707	0
7	0
0	0
0	0
597	49
75	49
0	0
20	27
460	27
0	0
0	0
50	0
14	2
0	0
0	0
6525	2
11	0
3	3
0	0
1	3
0	1
3651	0
0	0
1	0
284	0
514	0
12	0
29	0
0	0
611	0
0	0
152	0
26	15
1	0
4	18
1	17
383	0
1	1
44	0
2127	1
1	0
0	0
0	0
0	0
829	0
48	0
0	0
2	0
0	0
45	0
349	2
9	0
0	0
0	0
498	0
8	0
0	0
1	0
0	0
12	0
0	0
0	0
0	0
5	0
0	0
0	0
0	0
613	0
0	0
0	0
160	120
60	120
0	0
0	0
9	0
0	0
0	0
1550	1
4	0
0	0
7	0
0	0
1076	0
0	0
389348	60069
763	111
0	0
0	0
0	0
0	0
0	0
7	0
0	0
742	0
3	0
0	0
0	0
0	0
0	0
18	4
3	0
74	0
13	0
0	0
74	2
1	0
0	0
0	0
0	0
0	0
0	0
0	0
3	0
0	0
0	0
1548	1
2182	1
0	0
0	0
0	0
0	0
2	0
76	227
20	227
0	0
164070	59880
0	154
0	0
2611	1
2992	593
0	593
0	0
0	0
1	0
0	0
0	0
595	0
0	0
3092	84
2	78
1190	0
0	0
1603	2
3	0
0	0
0	0
0	0
0	0
0	2
0	167
1550	0
0	0
2	0
0	0
0	0
998	964
298	961
2	0
0	11
10	11
0	0
0	0
749	209
2	208
756	1
1	1
0	0
4	0
0	0
6685	5
3	0
0	0
50	2
2	2
1	7
0	0
17	6
21	6
363	0
0	0
1	0
1	0
44	95
0	0
0	0
747	0
410	488
180	488
0	0
0	0
2	0
1	0
399	0
0	0
11	349
1905	349
11	0
2192	0
25	0
0	1
559	892
20	890
5	0
0	0
0	0
2463	0
0	0
1	0
4	0
35	118
81	118
0	0
5	0
5	236
163	236
486	0
4	0
0	0
9	2
5605	1
0	0
3	0
8	0
0	0
0	0
241	0
44	36
0	0
1	0
5402	2
51	1
0	0
4	0
0	0
0	0
554	0
0	0
1600	0
104	112
6	112
0	0
2	0
0	0
0	0
627	0
0	0
5	0
49	0
0	0
0	0
21	0
4	0
0	0
422	0
1	0
9	0
1153	0
71	0
9	1
737	39
3	0
22	17
3	0
1	38
61	2
0	0
36	54
0	0
0	2
29	597
13265	601
5321	20
197	59
67	59
735	0
1867	1
45	2
0	0
0	0
0	0
0	0
12	0
34	38
1	38
0	0
0	61
0	0
0	0
3	0
1007	0
2402	1
43	0
0	0
0	0
3232	0
0	4
1	0
0	0
0	0
0	0
1205	1
1	0
0	0
140	0
0	0
201	0
0	0
59	1
39	1
1179	1
10	0
0	0
795	0
1	0
228	0
0	0
1198	0
124	4
0	0
1219	0
0	0
1320	2
76	2
1	0
1	0
6	0
1446	3
5	0
852	0
0	0
1959	1
8	0
5	0
9	1
0	0
12	1
0	1
1	0
0	0
0	0
0	0
0	0
1	0
8	4
0	0
0	0
16	2
0	0
68	20
9	0
0	0
0	0
0	0
3198	0
0	0
773	0
0	0
38	0
0	0
0	0
9759	3
0	6
0	6
0	0
3	0
15	2
1	0
574	0
16001	5
23	3
0	0
658	979
0	979
0	0
2	0
0	0
1	0
0	0
1043	0
1	0
0	0
2	0
0	0
0	0
0	0
0	0
124	0
0	0
0	0
0	0
0	0
1952	24
15	24
0	0
0	0
15	0
46372	15
0	0
0	0
2789	0
1	0
2	0
0	0
1	0
1584	0
24	40
8	39
1	0
9	3
0	0
2	2
1	0
0	0
11	0
1	0
0	0
1	0
4	0
0	38
5	0
8	0
3	0
0	0
0	0
0	0
1	0
3	0
729	21
3	0
0	0
0	0
0	0
1	0
852	1
0	0
3	0
0	0
532	1
1	0
10	0
1	0
19	0
493	1
687	0
1	0
0	0
0	0
3	0
0	0
1145	0
0	1
0	0
1741	0
0	0
0	239
0	0
0	0
30	0
2123	0
3	3
1	5
239	0
0	0
1	0
0	0
0	0
421	1
230	0
0	0
90	0
105	481
16	398
30	386
1	0
0	0
9545	5
4	0
0	0
0	0
0	1
0	0
37263	7
0	0
52	0
0	0
0	12
167	0
0	0
121	0
3038	1
47	8
0	0
2667	1
1	0
0	0
0	0
8	0
40	0
1151	0
38	0
2141	0
0	0
919	0
0	0
2	0
3	0
2	0
1	0
587	17151
15301	17151
5	5
0	0
1663	0
10	0
0	0
1	0
0	0
5334	1
5	0
9588	5
0	0
0	0
0	0
0	0
0	0
0	0
0	0
0	0
0	0
0	0
4	0
0	162
0	62
1906	114
57	113
32	0
4	0
0	0
0	0
791	0
1	0
2509	0
0	0
4	0
0	0
0	0
0	0
0	0
48	0
811	0
12	14
12	0
0	0
2945	3
0	0
0	0
483	0
1	0
4	0
1791	0
1517	87
43	0
38	87
26	0
8	0
0	0
0	0
0	0
2	0
0	0
0	0
13	0
0	0
5	0
0	0
1	0
0	0
43	0
432	302
56	300
2	0
0	0
2047	0
491	0
0	0
15	7
0	0
11243	2
6	0
0	0
0	0
2	1
4	2
3	0
528	0
4	0
35	0
3	0
1	220
2432	220
1	0
0	0
0	0
464	0
9	1
470	0
0	0
2467	0
6150	0
6	0
0	2
0	0
4	0
1	26
7	62
2087	2
33	2
22	0
9	0
124	39
27	0
172	0
1034	0
1	0
1380	5
14	1
1357	1
2841	1
1121	0
0	139
1	0
1	3
0	0
0	0
0	0
637	0
0	0
0	1
2	1
2	0
7	0
0	0
2128	0
0	0
9	0
0	0
0	0
0	0
4	0
0	0
0	0
0	0
47	0
2763	3
0	0
20	0
6	0
1	10
2	10
101	0
23	0
0	0
0	0
0	0
0	0
0	0
1792	1
6	0
88	9
23	0
174	0
0	0
1698	1
0	0
3	0
8	0
661	0
0	0
2692	0
2	0
170	0
0	0
0	0
950	0
0	0
0	0
1	0
0	0
469	0
23	0
1089	0
0	0
0	0
1887	34
0	34
1806	3
1412	0
16	0
0	0
0	2
26	2
10	0
1	0
0	0
3391	2
0	0
43	149
248	919
5623	920
1	0
2916	7
87	5
3	0
3	0
27	0
1351	2
1	0
0	0
0	0
34933	9
315	1
6	0
0	0
0	0
0	0
0	0
3966	1
0	0
2	0
3	0
233	36
3	0
11	36
2	2
0	0
16	0
0	0
1647	1
39	19
37	0
1932	0
0	0
7	19
0	0
2734	1892
50	1891
0	1
0	1
1956	1853
14	1851
2	0
0	0
1941	1
0	0
4	0
0	0
5760	0
8	253
0	0
1	0
1	0
0	0
512	0
18	1
0	0
833	0
0	0
6	14
31	0
5436	1
0	0
0	2
179	205
22	205
9905	4
0	0
31	0
0	0
15	0
0	0
269	0
5	0
85	0
6	0
0	0
7	0
2	33
344	33
1	1
0	0
1	0
3640	0
11	0
1	0
141	0
0	1
0	0
0	0
3002	3
0	0
7	0
144	0
294	80
73	80
545	0
994	0
2	0
0	0
4	4
4	0
256	0
0	0
5733	4
43	0
0	0
645	10
7	10
0	0
0	0
1	0
149	89
621	89
2	0
19	0
1	0
0	0
0	0
860	0
0	0
0	0
8	0
46	0
81	0
1	1
17	1
3731	5
1112	0
0	0
0	0
1	0
3105	1
5	6
0	0
367	1
0	0
0	0
696	0
0	0
0	0
2512	1
3	0
0	0
1494	0
0	0
0	0
0	0
0	291
0	0
0	0
19	0
2	3
0	3
22256	7
0	0
0	0
1	0
1	0
0	0
1	0
0	0
410	0
0	0
1580	0
2	0
23	3
4	1
0	0
0	0
0	0
102	0
0	0
0	0
10	0
6	1
0	0
0	0
394	23
6	23
0	0
0	0
1	0
0	0
817	0
0	0
0	0
0	0
6	0
872	0
1150	0
0	5
1	2
0	0
0	0
39	0
10	0
0	0
1	0
19	0
2	5
0	0
11	4
0	0
0	13
11	13
5280	0
605	0
4	0
426	0
0	0
0	0
1	0
0	0
10	0
5706	2
283	0
8	3
1	7
0	2
1	12
1	17
0	4
0	0
1	0
3	0
76	0
23	0
0	0
66	636
2134	649
0	0
49	13
5	0
0	0
253	0
0	0
0	0
110	0
0	0
6	0
10842	3
0	0
2360	3
0	0
1	0
0	0
165	0
4642	3
0	0
19	0
0	0
0	0
11	0
3783	2
5261	1
0	0
0	0
0	0
0	0
1	1
0	0
0	0
0	0
0	0
0	0
0	0
9	1
0	0
0	0
6	0
0	4
4	0
0	0
2	0
1621	3
1	0
144	91
106	90
4	0
0	0
0	0
0	0
410	2
0	0
0	0
9	0
117	0
0	0
0	0
8	0
533	0
113	0
0	0
6952	1
0	0
0	0
0	1
0	0
1	0
312	0
0	0
0	0
5	0
4	0
7	0
27	0
0	0
0	0
6	0
0	0
0	5
0	0
0	5
0	0
0	0
0	0
11	1
0	0
0	0
3	0
318	0
0	0
12	0
1	0
0	0
1455	1
0	0
0	0
7	0
681	0
0	128
0	0
1	0
5	0
1	0
1	0
3	0
0	0
0	0
1	0
4	0
0	0
29	2
4	0
1	0
0	0
0	0
1	0
10	0
0	0
669	1
0	0
678	2
1243	0
3481	1
57179	16
64	0
1449	1
1142	0
0	0
18	0
2	0
1151	0
0	2
0	0
0	0
9	0
3	0
13	0
0	0
0	0
5	0
3190	1
0	0
0	0
1	0
0	0
2	0
3	0
44	2
0	0
0	0
0	0
26	7
0	0
27	1
2151	38
82735	75
0	0
2	6
0	0
3712	1
0	0
5313	3
667	138
16	0
23	138
1	0
1345	0
5	0
236	0
18	0
0	0
0	91
301	91
0	0
0	0
10901	2
0	0
512	0
0	0
0	0
1716	0
0	0
0	0
0	0
0	0
0	0
0	0
0	0
0	0
1	0
0	10
0	0
5	2
0	10
0	0
951	370
4	370
13	0
0	0
0	0
0	0
2	0
0	0
2622	0
0	0
457	348
0	347
1123	0
35	28129
6834	28131
7	0
0	0
0	0
12	3
0	0
0	0
335	0
6	0
29	0
18	0
0	0
2624	354
3	353
0	0
122	0
0	0
13435	2131
97	1224
3	0
0	0
1	0
3439	697
1468	206
34	1
79	6
0	0
9	0
0	0
16	0
2087	0
12	0
0	0
0	0
4	4
223	4
0	0
0	0
1972	0
2999	0
0	0
0	0
0	1
0	0
0	0
0	1
2	0
2047	0
0	0
2	0
0	0
0	0
1541	0
0	0
13	0
4	0
0	0
1606	0
0	9
0	9
0	0
1765	1
67	0
0	0
0	0
6	11
19	3
34244	28
20	1
361	245
1	234
1	0
0	0
2	0
4	0
1317	1
3002	2
499	0
0	0
6	0
0	0
0	0
43	0
0	362
0	0
0	0
0	0
3	0
10	0
208	0
7	0
0	0
0	0
504	1
0	0
0	51
1617	1
1346	0
0	0
5	0
801	0
0	0
0	0
0	0
0	0
18	2
2	1
1699	2
0	0
0	0
4	0
0	0
11	0
187	0
2	0
0	0
0	0
20	0
0	0
76	0
0	0
1	0
21	0
21	0
17	0
1	0
714	0
3	0
15	0
1	0
9443	0
4	0
0	0
0	0
0	0
0	0
2035	3
2	0
0	0
0	0
0	0
5	0
0	0
23	0
0	0
0	0
671	1
0	0
0	0
1	0
208	0
2	0
0	0
968	0
0	0
0	2
23723	5
4	0
0	17
4	0
4922	0
0	0
0	0
614	0
0	0
0	5
0	25
0	0
0	314
21	322
25029	29
52	0
10761	4
0	0
0	0
0	0
1854	2
13	0
0	0
47	52
445	52
0	0
0	0
0	0
346	0
2	0
0	0
1	0
0	0
15369	4
0	0
4	0
178	1
553	0
352	0
2	0
1400	0
1	0
0	0
4	0
1	1
17	2
0	0
7	0
258	0
0	0
0	0
0	0
5	0
18	0
2129	32
2	29
1458	1
1961	0
315	0
9145	0
738	0
0	0
242	113
0	0
0	29
0	199
0	0
1	0
2	0
0	0
4840	2
11498	6
1	1
111	0
0	0
4823	0
25	0
56	0
0	36
1	5
1624	1
783	183
951	183
494	1
0	138
0	0
0	0
0	0
619	0
1366	0
1	0
0	0
50	12
3326	2
54	0
12	0
0	0
58	0
16	6
0	6
0	0
0	0
77	3
0	0
0	0
0	2
0	2
16	0
0	0
21	0
1	0
0	0
60	3
4	2
1407	0
5	2
3	0
2	0
1	1
0	1
0	0
3	0
112	0
0	11
0	240
17	59
2242	0
1	2
0	0
0	0
0	0
44166	9
0	0
0	0
20307	1274
0	1265
0	0
1	0
0	0
136	0
0	0
2	0
0	0
0	1
85	43
66	43
133	1
0	58
1	2
0	0
2470	2
0	0
12	0
0	0
0	0
225	366
160	366
0	0
0	0
0	0
434	0
140	0
401	0
0	0
4418	1
1486	0
0	3
109	195
47	151
507	0
2	0
0	0
0	0
520	0
0	0
1	1
0	0
0	5
0	35
1049	1
0	64
0	115
5	106
8	56
0	0
0	0
2416	0
0	0
466	0
0	0
0	0
0	0
1	0
0	0
0	2
0	0
2	0
2621	2
6582	303
3	301
65	0
0	0
1	0
0	0
168082	4666
12	40
175	40
0	0
24354	4633
584	0
769	0
53159	33
582	22
15533	264
6	0
2	53
0	0
0	209
0	0
1	0
3	0
4	1
1	0
21326	1440
0	1436
0	0
0	0
1004	0
28	5
36	63
1	0
0	0
12	0
0	0
2939	0
0	0
2779	1
17	6
971	0
0	0
0	0
3	0
0	0
1	0
5	0
0	0
0	0
0	0
381	0
0	1
0	0
5	0
0	0
1179	0
756	0
0	0
353	0
0	0
0	0
3	1
89	0
493	0
2	5294
11028	5299
870	0
0	0
19	0
0	0
2	0
2	4
0	0
0	0
508	0
137	0
1093	0
2474	15
14	15
14	0
2	0
0	0
0	0
2	0
0	0
0	0
8	0
2	0
0	0
0	0
0	2
0	0
0	0
0	1
0	0
2	0
0	0
2	0
2	0
1	0
0	0
0	0
0	0
0	0
283	0
0	0
0	0
0	152
1	0
0	0
14	9987
4369	9987
6	0
645	0
2	0
2656	0
0	0
1	0
1	0
0	0
0	0
10	0
2	0
1	0
3	0
1816	0
0	0
1	13
34	0
0	0
487	0
3	0
1	0
16967	1
27	27
3974	0
699	755
0	755
0	0
17	5
0	0
260	113
2	0
3	0
0	0
13	0
1	0
0	0
535	924
6792	924
2	0
1035	0
15	0
0	0
610	0
646	2
4	0
0	0
722	1
0	0
5	0
0	0
2	1
3	0
13	0
0	0
0	0
11	5
1	0
3259	0
0	0
2	0
4584	3
3	0
0	0
0	0
1	0
1327	0
0	0
0	0
4	0
1	0
2929	181
9	180
8	0
0	0
0	0
1	0
0	0
0	3344
0	0
0	0
1	0
5	0
1	0
898	0
18	0
1	0
0	0
68	6
0	0
1440	144
566	144
0	0
0	0
2011	0
0	0
1	0
0	0
0	0
52	0
256	19
1	0
0	19
0	0
0	0
1	0
2	0
1	0
0	0
146	107
102	107
25	3
2	0
2	0
361	0
21	0
12	0
243	0
0	0
28	10
146	0
6244	2
0	139
0	9
0	1
0	0
0	0
270	0
0	0
1459	1
0	0
0	0
16	0
0	0
2256	1
1	0
8	0
25	0
7465	3
0	0
1472	0
1	3
0	1
0	1
0	0
0	0
0	0
0	0
0	2
0	0
0	0
111	0
0	0
1492	2
4732	1
17	1
55	109
1988	1
27	0
358	32
20	19
9	13
45	0
0	0
1617	0
19	0
0	0
5	0
0	266
14	8
32	8
3	39
6	0
0	0
787	0
0	0
0	128
0	22
1	2
0	5
3	0
0	0
0	0
14	0
3	0
40	0
6	0
62	1
320	98
2	0
4	95
3	0
0	0
2878	0
7	0
0	0
238	0
3	0
0	0
36	1
366	1
1128	0
0	0
0	0
87	1
0	0
0	0
12	9
9764	6
0	0
0	0
0	3
1198	0
0	0
2	0
0	1
1	0
714	1187
19	1187
1	0
2	3
2	0
0	0
0	0
0	0
0	0
10	0
0	0
0	0
1038	0
68	0
0	0
8	2
0	0
0	0
1	0
0	0
0	0
0	0
37	0
0	0
2	16
0	0
0	0
0	0
163	0
0	0
8	0
1	0
0	0
0	0
0	5
697	0
0	0
2	0
0	0
1236	2
74	7
8656	437
8	0
7	434
0	0
2	0
0	0
0	0
4	0
0	0
0	0
1	2
5	0
0	0
0	0
2039	0
0	0
2165	0
1	0
0	0
461	0
8	50
0	0
1	0
1	1
0	0
0	0
2	0
675	0
4	0
1698	1171
117	1169
40	0
0	0
9	0
5492	1
1	0
0	0
0	0
136	0
0	0
0	0
312	0
13	0
1	0
9	0
0	0
0	0
3	0
3115	0
0	0
0	0
69	9
262	9
1866	0
0	0
236	1
0	0
2	0
366	1002
0	1002
0	0
6310	5
0	0
1	0
0	0
283	0
0	0
3	0
1	0
241	0
0	0
0	0
8	0
3	0
33	15
171	22
38	0
0	8
1309	0
0	0
945	515
380	515
1	0
0	0
1170	81
695	81
4	0
3	0
16	0
0	1
0	0
839	4
2	0
0	0
0	0
61	0
1	0
0	0
877	845
0	0
0	0
2	1
0	0
7	0
3	0
0	0
3	0
212	9
74	0
2	0
11	0
16	0
10	0
4	0
1	0
23	0
0	0
0	0
0	0
0	0
0	0
0	0
1156	0
3	0
2270	1
0	0
0	1
0	0
0	0
1	0
1	4
1353	1828
189	1828
1	1
465	0
37	0
3	0
0	0
11	2
0	1
0	0
1641	0
1	0
0	0
0	0
0	3
3	0
0	0
0	0
0	0
1292	792
15	792
1	0
9798	5
1	0
0	1
2	0
780	728
339	728
1	0
1112	0
0	0
0	0
0	0
738	1
24	2
0	2
5	0
58	0
0	0
19	8
221	109
28	0
0	0
4	0
0	3
210	1248
2	0
0	8
271	1260
0	35
0	28
0	66
0	0
0	0
4	0
1	0
1	0
0	0
0	0
0	0
1	0
6	0
0	2
26	1
0	0
332	0
2080	0
87	0
0	0
0	0
1	0
0	0
1517	0
0	0
1	0
12	0
1	0
684	1
5	0
119	142
0	142
110	0
1	0
7343	5
0	0
0	0
3	0
138	3
37	10
0	0
0	2
0	1
2	0
9	3
0	0
103	0
11	0
3	0
1	0
174	0
0	4
1	4
92	134
18	134
6	0
1099	0
26	0
159	0
1	0
1	7
1	7
4367	1
1	0
0	0
0	0
0	35
0	31
0	29
0	36
0	40
0	31
0	31
0	29
0	30
0	40
0	41
0	30
0	41
0	21
0	33
0	36
0	35
0	40
0	41
0	29
0	29
4	31
0	10
0	0
0	3
0	0
63165	21
1804	0
0	0
4	0
21	43
0	43
0	0
0	3
2	3
104	690
0	0
10	0
1	0
17	226
0	1002
1	0
0	30
110	1026
55	42
7	9
0	0
1	0
0	0
609	9
0	0
6	0
0	0
1991	46
886	0
0	0
547	0
28	0
0	0
877	0
0	0
7	0
0	0
0	0
1	0
72	31
3	0
0	0
0	0
0	0
7	226
1028	226
0	0
0	0
2469	4
20	16
982	12
61	16
2	1
397	0
4	127
6	0
1	0
869	770
1	770
289	0
0	0
661	2
10	0
0	0
0	0
0	0
5	0
0	0
7289	3
0	26
0	0
226	0
0	0
0	0
1	0
0	0
20	13
1	0
0	0
0	0
2	0
3913	1
0	0
1	1
3	0
557	1
0	0
0	0
1	0
1223	2
2805	2
1	0
1	0
0	0
6	0
21	0
48	578
0	0
0	0
137	2
0	0
26	0
0	0
1	0
2104	578
7	0
25	0
293	0
0	0
1	0
1	0
2917	0
0	0
2	5
0	0
0	0
0	0
0	0
0	0
405	0
0	0
0	0
0	0
0	0
0	4
0	0
0	0
19	0
87	0
0	0
0	0
0	0
0	0
0	0
529	0
3	1
3	0
0	0
6	0
10	11
0	0
5176	1
6	0
793	2
0	0
0	0
2	0
0	1
0	0
2	0
580	1
396	0
1826	6
0	5
1	0
11	0
0	0
2	0
1	0
0	0
95	0
0	0
0	0
0	0
938	1
0	0
0	0
1260	1
0	0
37	0
0	0
0	0
2825	1
0	0
0	0
0	929
543	929
0	0
0	0
2	0
0	0
653	0
0	0
0	0
0	0
0	0
1	0
0	0
0	0
20	0
2	0
0	0
4	0
0	0
8	6
2	0
0	0
2	0
0	0
0	0
0	0
8991	3
3	0
1	0
0	0
298	0
0	0
1697	1
29	71
0	0
1	0
0	0
6048	100
136	98
0	0
1	0
512	0
0	0
2	0
0	0
0	0
0	0
3	0
0	0
2	0
1891	0
1	1
0	449
0	8
0	106
1	1
0	17
0	0
324	0
0	0
0	0
0	0
0	0
0	0
6	0
0	0
3	0
20	0
0	0
721	0
0	0
373	71
16	71
3265	0
245	0
1194	1
1	0
2	2
0	0
0	0
0	0
0	0
0	0
0	0
0	0
0	0
28	0
1	0
1465	0
14349	8
1670	0
0	0
60	0
0	0
0	0
0	0
22084	5
1468	2
530	0
0	0
0	0
0	0
6	0
5	0
235	0
0	0
0	0
0	0
2	0
3	0
1967	0
0	0
0	0
14	0
0	0
2	0
0	0
90	0
2	0
0	10
27	0
0	0
1056	0
29	0
3	2
0	0
0	0
675	0
1	0
932	1
0	0
0	0
2933	2
678	1
0	0
328	0
2	0
538	1
0	0
0	0
0	0
0	0
1	0
0	0
0	0
1	0
0	0
873	0
0	0
2619	0
0	0
0	0
0	0
2	5
0	0
0	0
30	0
52	1
2	0
4383	388
3	339
0	0
31	45
56	0
1	0
1	0
19	0
0	0
0	0
0	0
0	0
2116	1620
36	1620
4302	3
0	0
8	0
2945	1
0	0
1	0
1	7
0	0
12691	6
32	52
5	52
0	0
1	0
316	0
0	0
0	0
133	434
0	434
1	0
0	0
0	0
175	22
3	22
0	0
0	0
1486	0
2	0
0	0
311	0
0	0
31	0
0	0
2000	0
0	0
7	0
603	0
51	0
8	0
133	0
0	0
0	0
0	0
381	391
0	391
10	0
0	1
0	0
1	0
0	0
1	3
0	0
4	0
0	3
625	292
23	0
54	0
0	0
0	0
0	0
2	0
46	3
79	13
2	0
0	0
30	0
464	458
10	166
2	0
0	0
0	0
2400	0
1	0
0	0
0	0
54	0
1	0
928	0
32	1
1196	0
62	0
0	0
0	10
0	131
0	19
0	0
0	0
0	0
0	0
1	0
0	0
0	0
162	102
0	102
6	0
1092	1
0	1
0	2
0	1
0	6
0	0
0	0
1	0
0	0
717	36
0	0
4	25
3	1
0	1
0	36
0	0
2944	2
0	0
0	0
7	1
86	184
0	184
0	0
404	0
0	0
1	0
0	0
0	0
3	0
15	2
11	0
0	5
1	1
4	0
1	0
58215	25
1	0
225	0
2	6
0	0
0	0
5	0
0	0
0	0
0	0
3	0
5	0
0	0
1	0
142	0
5	0
2	160
168	160
0	0
1	0
2955	145
4408	6
425	0
0	0
1308	956
2	1
6	0
9	0
0	0
2	0
4231	0
9647	0
1	0
617	1
0	0
0	0
0	0
0	0
128	0
5	0
9	0
0	0
3068	4
3100	2
0	0
0	0
0	0
3401	3
2	0
2576	0
8	0
0	0
26	0
719	0
18	0
0	0
3713	2
8	0
2554	1
0	0
0	0
13	0
36	0
1927	0
1	0
1	0
752	0
6938	3
0	0
49746	13
9	0
142	0
0	0
999	1
0	0
5	0
3	0
1	0
6658	2
16	0
0	0
434	0
1151	1
4	1
0	0
1	2
1	0
0	0
0	0
2	0
0	0
1	0
122	0
0	0
0	0
0	0
57392	34531
34	34503
372	0
0	0
5	6
0	0
0	0
880	2
0	0
0	0
43	0
1832	2
767	0
3	0
0	0
0	0
0	2
916	0
4	0
242	0
7	0
0	0
29	0
316	0
0	0
0	0
4	0
500	0
1	0
37	0
0	0
0	0
0	2043
14332	2054
0	1
2498	2
1	0
3	0
0	0
0	0
976	0
60	0
0	0
0	0
0	0
1	0
1551	1
13	2
5	0
0	1
49	33
5	0
0	0
0	0
0	0
6272	64
5	10
0	0
11	49
501	0
9	1
3430	1
0	0
2182	1
0	0
0	0
439	1
1	0
0	0
5	916
3609	917
1	0
1	502
478	502
0	0
1	0
0	0
10359	6
0	2
4308	0
3	0
8	0
80	0
11	0
0	0
4	0
902	102
111	102
4	0
0	0
27	0
6	0
0	0
25	0
2	2
2	2
0	1
5	2
0	3
0	3
50	0
4	0
0	0
0	0
87	0
0	0
0	0
6	0
0	0
2	6
45	0
4	0
15	9
230	0
9	0
0	0
2	3
0	0
0	0
277	226
0	0
0	0
0	136
0	0
39	0
4	0
14	136
0	226
2	0
0	3
1	4
0	1
0	0
0	0
0	0
0	0
0	0
20	31
0	1
1	190
215	0
0	6
624	6
0	0
0	0
0	0
20948	7283
63	7275
1	0
9025	4
1	0
0	0
0	0
0	0
0	2
382	0
14223	8
4	0
1	0
0	0
0	0
82	79
8	79
0	0
3467	0
8	0
3	0
1	0
0	0
0	0
263	82
1022	82
0	0
3955	0
1173	0
0	0
0	0
1	0
0	0
0	0
0	0
2323	0
3	0
1206	0
0	0
0	0
600	0
0	0
4075	1
1	0
0	0
0	0
2345	1
0	0
0	0
0	0
785	0
1	0
0	0
0	0
0	0
13	0
0	0
1249	844
0	60
0	38
3596	844
0	0
0	0
0	0
0	0
1873	0
7	0
0	0
5	0
0	0
0	0
0	0
1	0
0	0
3	0
19	0
1	0
0	0
0	6
0	6
50	0
4	0
22	0
0	0
200	56
33	56
0	57
0	12
0	2
0	31
0	4
1	3
0	0
11145	4
0	0
606	1
1	5
0	5
0	0
3944	0
1	0
0	0
319	0
2	2
0	0
0	0
1	13
0	18
0	0
0	0
0	0
17	0
1	0
16	1
0	8
0	0
0	3
2	0
21	4
7	2
0	0
0	0
0	0
715	0
0	0
4093	25
2	22
0	0
0	0
762	0
0	0
3	0
0	0
3	0
0	0
0	0
0	0
2715	1
0	0
0	0
1	0
2991	1
1898	1
5215	1
0	0
2683	2
0	0
0	0
1	0
0	0
1	0
19	0
0	0
0	0
344	0
28	0
71	1
29	1
10	0
0	0
1	0
5	1
0	0
0	0
0	0
0	0
0	0
1	0
2216	0
0	0
0	0
0	0
7	0
3159	0
4	0
685	0
0	0
0	0
3	0
2800	0
137	0
7	0
0	0
0	0
3	1
0	0
5	0
0	0
0	0
0	0
0	0
0	0
3	0
1	0
0	0
4789	1
0	0
0	0
741	0
0	0
0	0
2	6
2574	2
0	0
0	0
0	6
0	0
1	1
0	9
0	0
0	0
0	0
2687	0
2	0
0	0
1	0
8	0
0	0
383	0
0	0
209	0
0	0
0	0
8	2
117	19
2571	0
0	0
891	0
0	0
6	0
0	0
0	0
5	0
0	0
0	0
0	0
373	0
0	0
0	0
1646	0
0	0
2	0
1	0
0	0
5	0
0	0
0	0
532	0
17	0
0	0
797	0
4881	1
0	0
7	1
0	0
33	0
0	0
2	0
2	0
2453	0
0	0
0	0
3	0
0	0
5	0
44	3
1729	3
0	0
0	0
4	4
1058	1380
256	1380
36	7
236	0
6881	3
17	39
0	0
0	0
1	0
0	0
1750	0
9	0
0	0
0	0
5	0
0	0
9	0
9	0
3	0
0	0
2042	0
0	0
3	0
18	0
3188	0
1	0
0	0
1305	0
0	0
0	0
251	0
0	0
1593	0
0	0
3079	95
19	92
3	0
0	166
917	0
5	0
6043	4
0	0
581	0
0	0
0	0
0	0
6	27
0	0
0	0
0	0
0	0
6	0
8	0
1967	62
3	62
2	1
11978	0
6945	2
1	0
1	0
0	0
0	0
0	0
474	0
1	0
0	2
2	0
271	0
0	0
0	0
6	0
15919	9
2	0
379	1
0	0
14	0
0	0
0	0
2022	482
0	0
0	0
0	0
3	0
149	359
4253	2107
0	0
2	0
0	0
4	3
0	0
27	9
0	0
258	1722
0	0
2810	1825
1146	0
0	0
195	0
5	0
0	0
7	0
3668	0
5	0
1212	0
2	0
2	0
895	593
38	0
77	593
14094	10
311	8
0	0
0	0
0	0
174	0
0	0
1	0
1	0
21896	113
368	108
10	0
1136	110
0	110
341	0
0	4
2565	6
0	0
0	0
0	0
1	0
153	0
0	0
0	0
4451	0
36	0
0	0
0	0
2	6
0	0
308	1
6	0
572	0
0	0
0	0
4	0
1260	249
431	250
0	0
0	0
3	0
945	2
228	124
2	124
0	0
0	0
0	3
1525	0
69	0
0	0
0	0
0	0
828	0
1	3
0	3
0	216
9973	1036
0	593
0	225
0	0
2	128
726	128
1	0
378	292
39	293
0	0
2	0
22	27
238	27
0	0
6	0
3935	3
0	0
1	0
0	0
1551	1
0	0
298	294
0	294
17	0
0	4
1	2
0	2
37	0
76	0
94	0
0	0
0	0
0	0
16	0
0	0
0	88
0	191
2575	467
32	467
39	0
0	0
272	0
0	0
0	0
0	0
0	0
1970	329
11	0
2	0
6	0
0	0
339	0
2	33
0	0
0	0
0	0
1	3
0	0
0	0
0	0
155	0
0	0
0	0
366	0
4421	2
0	0
0	0
0	0
0	2
8	9
4	0
0	0
0	0
1939	0
5129	1
0	0
1	0
632	0
0	0
0	0
21	10
0	4
1	4
2	0
12	291
593	291
0	0
33	0
0	0
3685	1
0	0
12	0
3	0
0	1
0	0
0	0
0	0
478	0
5	0
2	0
0	7
451	7
0	0
0	0
1369	1
0	0
17	2
2	0
0	0
0	1
4612	1
5	0
0	0
3815	0
6	0
1	0
1	0
2	0
3	0
875	0
0	0
2380	1
0	0
1	0
31	99
4974	1
5	0
12	0
0	0
926	0
0	2
0	0
77	4
0	0
0	0
3180	0
6	0
0	0
0	0
0	0
24	0
0	0
3670	13
0	2
0	0
4	3
0	0
1518	293
0	0
146	0
11	0
22	292
17	26
2251	0
0	0
4240	2
0	0
7303	2
2754	0
2	0
0	0
1	0
147	0
37	107
1908	108
5	0
25917	8
15535	6
210	0
0	0
16	0
12	0
0	0
1	0
189	0
1	0
5	0
1	0
1	1
38	0
375	85
35	85
7	407
0	407
0	0
4	0
236	2
3942	3
0	4
0	0
113	779
164	13
130	772
15	122
0	0
0	0
272	0
0	0
0	0
2	0
107	141
10	141
0	0
0	0
0	0
2631	0
0	0
138	1
3	0
0	0
0	0
33742	4
1123	0
249	0
0	0
8	0
36	0
0	0
1	10
0	0
0	0
0	2
0	0
0	1
0	4
0	0
4	20
0	0
0	4
0	0
97	0
0	0
4	0
9	0
0	0
0	0
5	0
0	0
35	0
198	0
0	0
345	0
145	0
6	0
1223	1
0	0
10	2
5117	3577
310	3575
126	0
4	0
959	5
7	0
1469	4
0	0
10	0
230	2
28	0
54	0
11	1
70	1
0	0
0	0
0	0
261	124
158	124
2582	0
11	4
0	4
0	0
9	0
64	34
6	0
17	0
5	1
3	4
113	0
1	0
46	1
2	0
173	1966
0	0
4	0
0	0
476	1966
0	0
22	0
2837	1
6	0
0	0
1	0
0	0
15	1
0	0
17	3
0	0
69	239
1	239
0	0
0	0
0	0
31	0
0	0
4060	0
1684	1
0	38
0	152
0	0
2	0
0	0
0	0
22	0
80	18
0	0
99	0
0	2
0	0
1405	0
101	0
3	0
1219	1
6	0
0	0
433	0
0	0
13	11
91	10
0	0
0	0
0	0
0	0
11999	1
1538	784
49	784
1	0
1	0
233	2
0	0
0	0
0	0
0	0
3132	0
1	0
0	0
2	0
2377	1
0	0
11	130
197	130
0	0
0	0
1	0
3274	1
3	2
1570	246
18	246
5	0
1	0
3742	439
22	437
0	0
1314	1
12	49
25	1
972	0
10	0
0	0
0	0
0	0
8961	3490
272	0
1	0
339	4
0	4
0	0
4	1
0	0
1	0
0	0
602	0
0	0
59	0
0	0
0	0
0	116
5	942
8113	5239
77	193
0	0
0	0
9	0
3	0
0	1
3171	1235
182	6
0	0
761	1138
0	0
434	98
23	0
6	0
15	0
57	0
0	0
0	0
0	0
0	0
20	0
0	0
16	0
0	0
0	0
571	0
0	0
11	0
0	0
0	0
0	0
1356	0
2	0
0	0
2	0
1	0
0	0
882	0
0	0
0	0
0	0
1	0
0	0
0	0
0	0
131	0
0	0
590	320
2953	320
1	0
8	0
15	5
466	0
1	0
0	0
0	0
0	0
2	0
1977	0
2	0
4	0
0	0
0	0
0	0
2	0
1	0
0	0
0	0
0	0
4	0
0	0
0	0
0	0
0	0
0	0
2	0
0	1
0	0
7	0
4	0
23	1
82	0
0	0
0	10
29	10
0	0
0	0
32	65
0	0
7	1
8	0
0	0
628	0
0	0
0	0
0	0
2120	1
20	0
414	0
226	0
4	0
0	0
2185	1
1040	1
1	0
0	0
365	0
8	0
2	0
3	0
0	0
0	0
5872	1
214	42
4	42
5	3
8	0
0	0
688	0
1	0
0	3
547	297
7	297
0	0
12	3
0	0
595	0
0	1
9	0
1	2
1	0
0	0
0	0
173	213
0	213
1	0
10	0
35	0
0	2
0	26
0	1
3009	98
13	96
0	0
0	1
0	0
504	9
0	9
1	1
0	0
4	0
0	0
5530	6
0	0
0	0
2603	1
0	0
26	1
152	0
0	0
9	3
2424	1
0	0
2	0
1	59
1	0
5	0
403	2
2	0
1	0
0	0
1	0
0	0
0	0
0	0
345	0
52	0
0	0
52	0
0	0
6	0
4	3
1	0
6	0
726	0
0	0
0	0
14	0
4	0
0	0
1637	0
0	0
270	0
0	0
0	0
0	0
0	0
9	0
0	0
656	0
123	0
0	1
0	1
0	1
0	0
0	0
0	0
1	0
243	530
773	530
7	0
0	0
0	0
0	0
0	0
0	0
9	0
331	1
0	0
0	0
2	0
0	0
4425	6
0	0
0	0
870	0
78	22
5	22
0	0
0	0
0	0
0	0
1154	0
3	0
9	0
8	0
0	0
0	0
238	0
3144	0
13	0
7	0
2	2
1	0
0	0
20	0
1	0
527	0
0	0
0	0
0	0
0	0
710	0
0	0
82	0
0	0
0	0
316	254
19	254
15	21
9	1
1	0
0	0
3388	22
0	0
9	0
0	0
4	0
0	0
7037	1
3232	2
0	0
0	8
0	0
172	0
1487	0
5	0
5	0
0	0
537	0
1	0
0	0
0	0
0	0
0	0
17	0
1567	0
2	0
0	0
3	0
0	0
5168	1
61	0
3	0
0	0
0	0
0	0
314	0
98	0
0	0
0	0
0	0
0	0
0	0
1823	0
4	0
1	0
5	1
268	0
0	0
0	0
0	0
0	0
19836	10345
317	10344
432	0
110	0
9683	9
1	0
10486	1
1	0
0	0
0	0
2	0
19	0
0	1
36	0
58	0
0	2
25	2
931	407
22	407
13	0
28	2
1	0
0	0
46	0
0	1
0	0
895	0
0	0
5	0
0	0
0	0
5	0
3	0
601	31
4	31
6	0
256	3
1	0
0	0
0	0
26	31
0	0
22	554
343	554
1	0
0	0
1515	4402
13	4402
0	0
0	0
0	0
2037	1
0	3
25	0
0	0
341	507
29	507
1	0
0	0
922	0
0	0
0	0
0	0
468	1
1	0
0	0
2	0
16	0
0	0
14	0
1	1
0	0
15	0
5	0
7	0
0	0
5	0
0	0
3	0
7	0
194	1
874	1
1	0
0	0
0	0
0	0
0	0
5	4
2	1
0	0
47	0
0	0
8226	0
0	0
0	0
0	0
0	0
0	0
1	0
0	0
0	0
191	0
0	0
76	0
69	0
258	0
0	1
0	0
8	0
0	1
11	0
643	0
0	0
0	0
5	0
661	1
2161	388
45	388
0	163
8	0
43	18
292	0
15	0
0	0
4	2
4	0
38	4
0	0
9	42
3	0
0	2
0	0
0	0
2	0
0	0
0	0
0	0
0	0
0	428
4	0
6	18
5	0
0	0
0	0
0	0
0	0
0	0
1	0
3	0
1	1
0	0
0	0
942	768
8	0
1047	0
6	0
1320	0
0	4
119	350
1232	351
0	0
2	0
26	0
0	0
3	0
0	0
0	0
4274	1
0	1682
18	47
0	0
0	0
3749	1
22	1
2	0
1	0
59	2
52	0
21	0
0	5
3	0
2	2
1208	0
5	2
1	0
2	2
0	0
606	0
5	0
1	0
0	0
0	0
0	27
0	1
0	2
15	726
10247	2
6	459
17	0
0	0
8	2
32	2
275	0
15	0
0	0
0	0
3	1
0	0
6914	0
1	0
0	0
966	0
3	0
0	0
79	2
0	0
0	2
0	23
1	1049
0	0
2100	0
5	0
0	0
18894	11
4	3
2	0
0	0
0	0
0	0
181	0
0	0
1	0
0	0
0	1
0	1
1584	1
9921	9
18322	14
750	11
0	0
15	0
0	87
0	0
0	0
0	0
0	23
0	969
0	6
0	0
33	0
247	0
43	0
1	0
0	0
0	0
0	0
0	0
0	0
35	7
0	0
2	0
0	0
9	2
0	0
50	0
0	0
0	0
21	0
0	0
2616	38
56	37
5	0
0	0
0	0
0	0
1	1
0	0
7	0
4283	979
83	977
17	0
0	0
0	30
0	29
0	0
0	1
0	1
8685	6
0	1
8	0
0	1
372	951
0	44
0	0
16	0
0	1159
9	1410
19	256
10	0
42844	14
3	0
0	0
0	1
21	3
9	3
0	0
0	0
29	0
5	0
1	0
0	0
4	0
0	0
0	0
1	0
0	69
2	10
2	266
0	0
1	1
1872	0
38	0
1	0
0	0
3238	198
0	0
3	2
2731	1897
118	981
826	915
0	0
0	37
10	5
0	0
0	0
3	0
1	0
35	37
3822	0
1	0
8	2
2219	1
0	0
1502	0
8	0
2	0
0	0
0	0
0	0
48	23
2968	0
1	0
0	0
671	0
1	1
1	3
2781	2
3	0
0	0
0	0
33	0
7752	1199
174	1197
0	0
0	0
1	0
2	268
0	16
0	0
1	0
0	0
0	0
3	0
2	0
1101	0
4	0
8	2
0	0
0	0
1	0
0	0
19082	4
54	0
0	0
0	0
0	0
0	0
2688	0
0	0
0	0
1009	1
2	0
0	0
17	0
0	0
0	0
22	0
5	0
0	0
0	0
1534	253
0	0
22	2
1	0
2	0
6	0
4	0
101	69
1429	69
17	0
65	0
0	252
367	0
0	0
0	0
2	0
54	29
890	0
5	0
1	0
0	0
1141	0
9752	3855
36	3854
1	0
2712	1
0	0
425	0
295	92
0	91
0	0
0	0
2	0
321	0
7035	1
0	0
0	0
2	0
0	0
31	0
11	0
0	0
27	0
0	0
0	0
0	0
0	0
0	1
323	0
153	0
0	0
3	0
0	0
0	0
0	0
0	0
3	0
0	0
5	6
303	0
0	0
114	2
0	0
0	0
16	0
1	0
0	0
0	0
0	0
0	0
583	205
10	174
1	30
1	0
2	0
0	0
1	0
30	0
4761	244
29	242
10	0
6	0
36	0
2	0
11	0
0	0
3	0
2	0
0	9
542	129
0	120
8	0
1850	42
15	41
5	0
0	1
1659	1
0	0
28	0
0	0
0	0
0	0
0	0
7297	221
395	220
11484	3
11	1
0	0
9	0
0	0
0	276
0	5
0	31
6	6
8	0
1	0
23	10
0	0
0	3
0	0
37	0
1939	2
1	216
2369	216
0	0
0	0
0	0
1028	15
186	14
18	0
0	0
2641	554
68	553
2	0
70	0
1	0
0	0
0	0
98	0
671	0
11	0
0	0
0	0
0	0
27	0
127	0
2	0
0	0
32814	2859
58	2853
32320	14
86	221
80	221
4	0
71	0
74	0
11	0
25	0
3	0
15	0
59	0
0	0
0	0
7	0
0	0
0	0
0	0
4766	1
0	0
0	0
1055	162
411	162
286	0
33	0
5	0
0	0
944	200
15	200
0	0
2	0
600	1
20	0
1	0
1350	0
37	0
0	0
5	0
506	0
1102	0
0	0
1	2
15	0
0	0
2	0
7	1
1	0
1892	0
3	0
1	0
2	0
14	0
0	0
0	0
8	0
0	0
0	685
0	2
0	31
2	0
3	0
5	0
0	0
1381	1
0	0
135	0
5	4
0	100
0	23
0	6
0	1254
0	0
2004	0
2	0
214	0
0	0
2	0
2462	280
73	280
511	0
0	0
0	0
5	0
100	0
0	0
0	0
1	0
0	0
0	0
2113	2
211	239
434	239
319	0
0	0
0	0
0	0
8	53
5169	2
0	0
5	0
3	0
0	0
8969	5
0	0
0	0
0	1
0	0
0	0
6404	8030
149	8030
0	0
14257	6
0	0
2640	1514
6	1512
890	0
0	0
0	0
3	0
1	0
35	0
6	0
0	0
34	0
0	0
0	0
1	0
7	0
0	0
9	0
19	3
0	0
0	0
2631	0
3	0
11	0
4	0
6008	22
554	20
6	148
0	0
1012	0
2	0
0	0
1	0
0	0
434	0
12131	6
603	3
8	0
298	0
2	0
0	0
335	0
0	0
14	0
212	0
0	0
1	0
0	0
0	0
0	0
2080	0
1	0
0	0
24	3
0	0
0	1
0	15
14745	5
2	0
594	0
0	0
0	0
0	0
0	0
1035	0
1	0
0	0
6	0
0	0
48	0
0	14
0	0
0	0
2	0
4	0
0	0
19	8
0	6
0	0
0	0
0	6
0	0
0	0
0	1
4	0
0	0
0	0
1	0
0	0
100	9
0	59
20	69
0	0
4	0
0	0
1	0
1	0
71	0
84	0
11	1
0	0
0	0
11	395
540	395
3	0
0	0
502	0
0	0
5011	3
3	0
0	0
1259	153
52	153
0	0
94	0
6	0
0	0
798	0
2	0
0	0
1265	0
2	0
20	0
3319	2
0	0
0	0
1871	1
0	0
0	0
0	0
10206	6
0	0
0	0
0	0
3	0
1	0
0	0
1	1
0	0
0	0
0	1
1919	101
0	0
4	0
17	100
5	0
6423	20291
20169	23935
126	128
14	2
6	0
4	0
0	0
19	0
0	0
16	0
759	0
0	0
74	0
0	0
706	0
2	0
0	0
0	0
1332	1
8	44
0	0
35	0
0	0
0	0
0	0
1981	1
536	192
15	192
1	0
1165	0
0	0
39	0
0	0
0	0
2	0
2	0
1	0
1	1
0	0
0	0
0	0
7404	1
0	0
0	0
16	0
4	0
1	0
0	1
1588	0
0	0
1670	1
0	0
1173	0
1	0
20	14
2291	0
0	0
0	0
7424	1
0	0
0	0
69	2
10	3
1556	3
6824	0
2917	0
0	0
7	0
3	0
2	0
0	0
134	0
3	0
50	0
2208	107
0	0
0	0
0	0
2	54
3	0
233	107
0	0
867	0
0	0
127	77
34	609
109	0
240	0
54	9
0	0
0	0
0	0
25	293
0	0
240	0
2	8
2	0
652	203
8	0
2397	0
0	0
0	0
0	1
6	0
457	0
1837	0
0	0
4	6
0	0
0	0
0	0
0	0
1	0
0	0
1445	0
0	0
0	1
1	1
0	0
0	0
1	0
0	0
1315	0
2	0
0	0
7	3
611	0
1	2
0	0
0	0
0	0
4	0
87	89
7	89
1212	5
0	0
0	0
0	0
444	5
0	0
0	0
2	236
0	0
0	0
10071	3
0	0
0	0
2	11
0	0
0	0
2005	0
1	0
0	0
4	0
0	0
0	0
11171	6
0	0
0	0
0	0
0	0
19	0
174	0
0	0
3	0
0	8
2	8
36	0
0	0
2882	1
0	0
1073	0
12	0
4	0
0	0
1	0
61	30
640	30
32	0
1	0
1445	0
1	0
0	0
57	12
0	0
3064	1
15	0
1	0
0	4
0	0
3908	3
49	1
0	0
0	0
0	0
0	0
0	0
0	0
0	0
0	0
0	160
0	48
0	13
0	0
2	6
0	0
5037	0
2085	596
1	595
5	0
3	0
0	0
17187	4
5	3
8	0
1	0
208	0
0	0
3539	0
940	1
0	0
0	64
0	32
0	0
0	0
224	0
0	5
0	0
3	0
32	0
0	0
31	4
0	0
0	0
21	0
0	4
2	0
1260	0
0	0
0	0
153	397
448	398
0	0
16	0
0	0
5	0
1	0
0	0
0	0
0	0
0	0
1231	0
17892	9
0	0
8	0
0	0
0	1
2076	588
69	588
10	0
1109	0
0	0
0	0
10346	6
0	0
0	0
4	0
381	0
0	0
0	0
1	0
7	3
1392	2
11	0
19	5
937	0
274	1
6	1
82	1
9	0
5	61
632	61
0	0
0	0
0	2
6887	3
6	0
2759	285
6	285
0	0
0	0
34	0
0	0
870	0
1	0
0	0
3	0
663	0
492	22
4	0
28	22
5193	2
0	0
13	2
0	0
0	0
1112	1
8	1
22	0
379	0
0	0
93	56
7	56
1951	2
1	0
0	0
0	0
2024	1
1892	1
20	0
0	0
4	0
0	0
3560	2
1044	0
228	1
90	0
1	0
11	0
41	0
3	5
5479	1362
277	1362
0	0
23	0
5	0
0	0
562	0
0	0
2221	12
0	0
0	0
0	0
184	20
1	0
16	0
1	0
52	8
3	0
0	0
1040	0
7	0
0	63
0	0
2	0
1	0
4	0
20	0
0	0
140	0
0	0
1	0
756	0
15	0
0	0
0	0
0	0
0	0
633	28
0	0
56	2
1	0
0	0
0	54
7	110
0	0
1612	1
0	0
0	0
0	0
0	65
0	0
0	0
1438	0
0	0
30	0
0	27
787	27
1	0
258	0
0	0
31	0
0	0
0	0
4	0
1417	84
36	83
0	0
4624	1
2	0
0	0
0	0
5	280
3426	280
179	0
303	0
10	206
2	142
0	0
0	0
0	0
289	6213
3	1
0	6207
1141	343
130	1864
4	0
0	0
865	0
0	0
0	0
0	0
0	0
245	0
0	0
1025	0
14	1
0	1
3	0
372	0
3757	405
0	404
162	0
0	0
1	0
16	0
28	0
0	0
34	0
26	0
0	0
0	2
33	2
0	0
0	0
14	0
83	28
11	12
21	16
77	0
0	0
3	0
20	5
4	0
7	0
0	0
48	0
0	0
0	0
2	2
4	2
0	0
10	0
0	0
0	0
3	0
1	0
2	0
0	0
5	5
0	0
0	0
0	0
0	0
231	0
107	20
42	3
0	0
0	7
2	2
52	2
1	0
37	0
19	0
0	0
49	0
8	0
91	0
0	0
16	0
79	40
61	40
3	0
3	0
23	5
0	0
190	0
13	940
601	940
2	0
45	4
6	0
0	0
704	201
7	201
0	0
129	0
0	0
1	0
2	0
475	0
0	0
0	0
271	0
17	0
0	0
1	0
0	0
0	175
0	8
0	196
0	0
4401	2
2	0
257	465
0	465
3	0
5761	21
32	19
50108	26
229	12
11	162
162	162
66	13
1	0
53	13
3	2
12	0
2	0
754	0
28	0
56	0
0	0
0	0
0	0
6	0
531	0
10	2
43	0
0	0
36	0
0	0
4943	2
0	0
0	0
0	0
211	0
0	0
15	878
1	0
41	2
0	0
0	0
0	0
0	0
0	0
1	0
0	0
0	0
0	0
7167	4
19	12
31	0
1046	1
7	0
0	0
0	127
610	0
16	6
0	0
26	0
584	0
828	0
999	1
10	2
0	0
357	66
73	0
0	0
2	3
8	0
2	0
7	0
75	0
225	66
3	8
0	0
0	0
0	0
0	0
1	0
1	0
1117	0
0	0
0	0
1	0
0	0
0	0
1	0
4	0
2	0
23	148
12	0
0	0
4416	0
0	0
2	0
0	1
0	0
1718	132
2	130
0	0
0	0
0	0
0	0
5753	0
1	0
0	0
3302	10
13	10
4	1
162	0
0	0
0	0
3	0
502	0
0	0
1531	0
7	0
0	0
0	0
2902	0
0	0
0	0
1564	0
8	24
8	0
0	1
0	0
0	0
0	0
5	0
12	0
4	0
494	0
51	0
0	0
1	0
0	0
0	0
2	0
6	0
1290	1
3	1
1683	1
0	0
0	0
0	0
440	0
0	0
1	0
1368	0
1	0
3	0
0	0
2016	7
7	6
0	0
0	0
0	0
7	0
21	0
120	0
0	0
0	0
2707	0
21	0
1	2862
0	0
5	0
2284	0
3	0
0	0
4	0
0	0
205	0
0	0
0	0
0	0
0	0
3	3
2	0
1	2
22936	2304
150	0
2154	2436
13	142
10	0
0	0
0	0
8	0
0	0
0	0
0	0
0	0
1	0
0	0
9	6
0	0
570	0
1	0
1	0
176	0
0	0
8883	0
0	0
759	1
0	0
417	0
0	0
0	0
1	0
4	8
0	0
228	400
53	400
0	0
32	0
0	0
6	0
0	0
0	0
1000	134
95	134
357	0
0	0
0	0
16	0
2119	2
544	0
0	0
1355	0
1181	0
0	0
9	15
0	0
0	0
4	4
4884	6
0	0
1291	1336
309	1336
0	0
23	0
0	0
4156	1
0	0
237	0
2	0
22	0
1387	0
1184	0
0	0
0	0
0	0
0	0
0	0
0	0
0	0
0	0
0	0
3	0
0	0
0	0
0	0
7	0
0	0
0	111
0	0
0	0
0	11
564	11
2	0
0	0
1100	0
0	4
5	4
0	0
1	0
0	0
1830	0
0	0
554	37
17	0
6	0
13	37
2	0
2633	0
0	0
800	0
571	0
280	0
0	0
1	1
0	2
3	0
0	0
2615	1
0	0
0	0
0	0
2466	0
0	0
0	0
0	0
0	0
2	0
0	0
3	0
1	0
0	0
3	0
11	549
3612	549
4	0
155	0
0	0
0	1
678	1
0	0
155	0
0	0
0	0
12	17
0	0
0	0
2	0
0	0
0	0
2	0
0	0
157	0
0	0
139	0
13	2
7	0
0	0
0	0
4	0
0	0
7	0
0	0
144	0
7	0
77	0
0	0
2	0
8	0
3	0
0	0
0	0
658	966
3	966
0	0
0	0
0	0
0	0
152	1
162	0
2	0
0	0
2	0
4	0
0	0
0	0
0	0
0	0
0	0
0	0
0	0
1	0
0	0
4	0
7	0
17	0
33	0
6	0
79	0
2	0
9	0
4	8
0	8
7	0
1205	0
9	0
0	0
1748	0
7	0
4346	0
0	0
28036	16
21	0
1	0
0	0
0	0
4	0
2366	0
0	0
36	0
0	0
7	1
0	0
1	0
0	0
0	2
0	0
0	0
77	14
0	0
0	0
1242	0
0	0
2	0
4	0
0	0
0	0
0	0
21	0
1	0
0	0
0	0
0	0
314	0
7297	4
0	0
0	0
0	0
7	10
6	10
0	0
0	0
564	48
222	48
1963	2
55	2
0	1
3700	0
0	4
2	0
2	0
0	0
0	0
0	0
0	0
0	0
0	0
495	168
0	168
5	0
0	0
1	0
2	0
1	0
1	0
1	0
2	0
2820	0
0	0
2	0
2	0
565	4
19	4
160	0
6	25
11	0
26993	7
344	495
1	495
0	0
0	4
0	3
0	6
10	1
27	0
3	0
1185	51
34	51
0	0
2	0
4	0
0	0
17	2
13	0
5	0
0	0
15	30
36	17
22	31
1	0
0	0
60	358
420	359
0	0
0	0
0	0
6	0
9	0
317	592
4	592
10	1
1	0
0	0
208	1
0	0
0	1
0	0
5545	518
3	516
2054	1
3048	0
33	0
0	0
0	0
0	0
0	0
142	0
0	0
0	0
0	0
0	0
25	0
0	4
0	0
410	0
0	0
0	0
0	0
2	0
0	0
0	0
0	0
0	0
3	0
0	0
191	0
0	0
8	0
0	1
1	0
0	0
10	0
5	23
1	0
0	0
1	7
0	0
1	7
1	0
0	42
0	25
2	0
1	0
1051	1
0	0
4	0
0	0
0	0
4	1
0	0
0	4
3778	4
0	0
5	3
0	0
260	26
0	26
0	0
0	0
57	10
0	0
2	4
1	0
232	0
1242	1
0	0
0	0
9200	1848
26	1844
0	0
0	0
3	1
2954	0
1	0
51	0
0	0
0	0
1970	0
0	0
3326	1
0	0
0	0
672	0
21598	8
674	0
1	0
0	0
0	0
5	20
14487	63
5	40
61	1
0	0
1317	0
8364	0
0	0
0	3
0	3
91	0
0	0
4	0
0	0
0	0
0	0
0	0
1	150
1163	151
0	0
0	0
0	0
0	0
0	0
5273	4
10	10
1	0
7937	0
0	0
4	15
0	0
0	0
12	0
0	0
0	0
16311	18422
0	0
7	0
0	0
301	0
29821	18441
0	0
0	0
680	0
502	0
0	0
0	0
0	0
27	0
0	0
16592	3
106	26
7	0
761	0
0	0
0	0
0	0
0	0
7308	4
2	1
0	8
1881	0
0	4
1	2
1	1
2	0
149	0
0	0
0	0
1	0
0	0
0	0
0	0
0	0
0	0
0	0
0	0
2	1
9351	3
0	0
0	0
2	0
0	0
0	58
0	21
727	389
2	389
3	0
0	0
7	293
343	293
0	0
0	1
0	0
0	0
0	0
0	0
0	0
0	0
105	0
330	0
2	0
11	0
0	0
0	0
0	0
0	0
3658	3
0	26
0	30
0	16
1032	0
9	0
0	0
1	0
5530	2137
39	2137
0	0
1052	3
19	0
4	0
19	1
0	0
2	0
0	0
1648	1
0	0
0	0
0	0
14	129
0	58
1714	1
0	0
1	3
4	0
2	5
0	0
4	0
172	48
461	2
3	0
1520	0
0	0
178	0
0	0
0	0
1	0
482	130
6	130
0	105
0	0
6	6
0	129
0	0
0	129
36	44
53	1
1	0
834	42
89	0
10	42
10	0
0	0
2752	24
22	24
0	0
0	0
609	11
215	11
0	0
858	0
1	1
0	0
5	0
0	0
0	0
80	28
5	28
0	0
0	0
0	0
3	0
5	0
9	0
6	0
5553	5
10	0
105	0
0	0
2	0
1	0
0	0
0	0
0	0
0	0
684	0
0	0
2259	0
0	0
0	0
1204	0
0	1
1	1
579	0
6	0
0	0
0	0
19	0
788	0
228	184
152	184
0	0
1	0
0	0
4	10
2218	0
6	0
4	2
0	0
1	5
1	0
0	0
0	0
0	0
0	2
0	2
0	2
0	2
0	2
0	0
0	0
0	2
0	0
0	2
0	2
0	0
0	0
327	0
1	0
1	0
2	0
3063	0
0	0
3351	3
33	0
1	0
136	28
2	3
0	0
0	0
10	28
0	3
0	0
0	0
1036	0
0	0
292	1
11	0
721	0
260	0
1	0
12	0
2261	0
0	0
1124	1
1	0
1	0
0	0
0	0
0	0
1	0
0	1
1	1
5416	3
135	0
877	13
177	8
0	5
0	0
0	0
2	0
0	0
5496	2670
41	2669
0	0
0	4
4323	3
24	6
1809	15
0	0
2	0
89	0
10	0
2554	552
0	552
0	0
4	0
0	0
0	0
1	0
0	0
0	0
0	0
0	0
0	0
5	0
0	0
387	0
0	0
2	0
1	0
0	0
0	0
5	0
0	4
4	5
4	0
232	0
0	0
3870	5
0	0
2718	0
0	0
29592	10
8	38
0	0
0	0
0	0
1628	38
0	0
0	0
58	0
0	27
0	15
0	0
0	0
1	6
0	27
0	0
1	2893
6	0
0	2893
0	62
2590	2890
0	0
3	0
0	0
521	0
2	0
0	0
0	0
5	0
5209	1
343	0
0	0
8	0
0	0
0	0
1	0
3	0
0	1
1	0
0	31
1	15
0	0
2	6
0	0
0	0
3	0
4	79
1	0
0	0
0	0
2	0
0	0
2501	1
2	0
0	0
554	2
16	0
7	0
2	0
0	0
0	0
1	0
0	0
0	0
0	0
0	0
0	0
489	47
6	47
0	0
2	29
1687	29
2210	1
0	0
42	0
1	0
0	0
10	0
0	0
0	0
0	0
0	0
2	0
0	0
0	0
3	0
0	70
3	0
0	0
410	0
0	0
3	0
0	0
0	0
0	0
2670	1
15	0
3	0
2	0
0	0
0	1
3	0
5194	1
0	0
0	0
413	0
0	0
0	0
964	587
27	587
2	0
0	0
0	0
0	0
237	0
0	0
7	0
0	0
3	0
2	0
1286	0
0	0
7	0
0	0
457	0
1	0
0	0
1	0
15	0
1760	3657
2	3657
2	0
0	0
0	0
1	0
1	0
12340	6
115	4
334	0
1	0
4	1
4	0
43999	3322
4	3306
0	0
0	0
0	0
10	0
3	0
16	1
10995	4
71	0
293	0
3	0
3577	0
0	0
52	43
2	0
891	0
4	2
3898	2
5	0
0	0
53	0
0	0
0	0
765	2
1	0
0	0
0	0
0	0
0	0
0	0
0	0
1	0
0	0
0	0
14	17
0	0
0	0
0	0
931	0
5344	2021
0	0
0	0
0	0
0	0
407	52
8	52
138	142
0	142
2	0
3	256
818	256
4	0
2	0
0	0
1363	0
0	2
0	0
0	0
8	0
3487	0
0	0
117	5
36	5
0	0
3	0
0	0
682	2026
7	0
0	0
5	0
228	93
1	2
0	0
4	0
17	0
4	3
1	8
3	0
0	2
0	0
9	12
2	0
527	0
731	0
0	0
1	0
642	0
1007	0
2	0
60	0
0	0
0	92
2741	3
6462	0
2	0
0	0
0	0
0	0
0	0
0	0
0	0
0	0
0	0
426	0
3	0
0	0
0	0
6	0
1	0
981	0
30	0
18	0
447	0
15	0
0	0
0	0
12	62
821	1479
7	68
44	2
29	2
0	0
1	1
0	0
0	0
0	391
29	672
0	0
1	9
0	0
0	0
97	2722
0	9
0	0
0	0
206	1536
5	0
13	0
0	6
5	2
1	2
3	1
2	0
0	0
0	0
0	0
0	0
2	0
0	9
0	0
0	0
0	0
0	0
715	7031
92	1472
30	2921
50	1409
27	31
0	0
3	0
20	0
1	0
0	0
1	2
7	1
1	0
5	0
0	0
0	0
997	0
5	0
0	0
0	0
0	0
3635	0
82	0
0	0
673	7
0	7
0	0
2	0
0	0
37	0
0	0
1073	2
1090	4159
3913	7031
1	0
5	9
460	0
0	0
2	0
0	0
3	1
1110	0
1283	1
0	2
0	0
524	214
0	0
105	0
305	4
13	0
0	0
9	0
8	0
1	0
280	0
1	0
11	130
0	0
10	0
0	0
2	2
468	0
0	0
3	0
0	0
0	0
0	0
5	2
0	0
0	117
0	4
0	3
3	0
0	0
440	0
0	0
0	0
22	0
155	103
0	0
0	0
1377	207
0	0
1114	0
63	215
322	215
0	0
0	0
35	4
13	30
0	0
969	459
1	459
0	0
8052	3
429	0
0	0
13	0
0	0
0	0
11	1
3	0
0	0
22	344
734	345
3	0
0	0
0	0
1	0
488	0
0	0
4887	4
0	0
2	0
282	0
3	0
5	1
4	0
1180	0
52	0
0	0
0	0
0	0
0	0
890	0
769	28
26	21
7	7
0	0
6	0
250	0
2	0
5	0
37	0
0	0
1	0
1860	1
3	0
0	0
0	0
0	0
329	99
80	99
1	0
0	0
6	0
2	0
0	0
0	0
9	0
0	0
0	0
0	0
0	0
0	0
0	0
0	0
31523	12
21	0
0	0
0	0
3	0
1926	2176
2	0
31	10
64	2176
2	0
479	0
0	0
0	0
0	0
9	0
1571	0
0	0
1	0
1	0
2	0
1	0
0	0
0	0
0	0
0	0
1	0
0	0
0	0
0	0
0	0
144	0
0	0
4012	1
9	0
0	0
669	1
2158	0
0	0
9	0
2814	0
6	4
2754	0
1	0
0	0
485	370
24	370
0	3
7	49
3	2
0	0
2220	1
126	0
1	0
60	0
1423	0
2	0
0	0
0	0
1	0
0	0
0	0
0	0
68	62
8	62
0	0
0	0
0	0
3160	4
788	0
0	0
180	0
0	0
11110	10
357	7
0	0
2	232
211	232
0	0
0	0
85	0
0	0
0	0
0	0
0	0
515	2
0	1
1558	0
4	0
1	0
678	0
10	1
2105	1
0	0
2203	3
585	0
790	0
0	0
6	0
220	0
1312	0
0	0
0	0
0	0
4480	1
969	0
1914	0
0	0
1	0
2	0
11	2
835	0
0	0
1	0
0	0
0	0
0	0
64	0
0	0
162	0
2321	0
0	0
0	0
3	0
0	18
0	0
0	0
57	0
2	0
0	0
2946	5
2	0
1	2
47	0
1249	4
2	1
0	0
185	0
0	0
1	0
0	0
11	1030
0	517
0	13
0	0
2	0
0	0
0	0
0	0
777	370
23	370
3	1
0	0
4	0
1058	3
232	94
573	94
0	1
12	1
3571	4
13277	11
0	49
22	55
1	0
831	3
32	2
0	0
5	3
0	0
0	0
1594	0
0	0
3	1
1876	0
1	0
0	0
3455	3
2175	1
46	0
2	0
0	0
6	2
0	0
2	2
0	0
6	0
0	0
705	1
0	0
6	0
2798	0
0	0
3	0
0	0
497	287
26	287
0	0
0	0
0	0
0	0
1228	1
3	2
0	0
0	44
0	1
0	0
0	0
0	0
0	35
2	1813
0	0
0	188
0	0
0	0
1	187
1	0
0	0
0	0
0	0
0	4
0	0
0	0
1028	187
0	0
2	0
0	0
10	0
360	0
33	0
370	0
0	0
2363	1
5	1
0	0
0	0
1	0
531	0
0	0
0	0
3169	0
10	0
162	0
1	0
4	1
509	1
18	0
0	0
0	3
0	0
2	0
0	0
1077	217
1	217
0	0
1	0
32552	12
0	0
0	0
2250	2
13	0
0	0
46	1
0	0
6	1
2	0
1	0
0	0
4	0
4	0
0	0
2	0
15395	2
0	0
5992	3
45	181
946	181
0	0
0	0
0	61
0	26
0	0
2	0
164	0
710	0
0	0
3	0
0	0
3763	2
3	0
6	0
7	1
0	0
0	0
0	0
28	3
7	0
0	0
0	0
0	0
0	0
2	0
11190	1
1	0
79	0
2	0
16	14
50	14
5	0
56	0
0	0
0	0
1	3
0	0
92	0
0	0
0	0
0	0
0	0
2	0
6	1
1	0
0	0
0	0
841	0
55	0
2	0
0	201
9469	0
64	13
0	204
268	0
0	0
40	0
682	2
0	0
0	0
0	0
0	0
0	0
3	0
0	0
0	0
82	3
4322	5
0	0
11	2
0	84
822	0
0	0
0	0
1	0
0	0
285	0
0	0
0	0
139	0
0	0
9	3
0	0
0	0
0	0
2	0
0	0
0	0
10	0
0	0
462	258
130	258
1	0
0	0
9	0
0	0
0	0
601	0
5	0
0	0
49	3
0	251
0	0
900	0
7	0
941	0
0	0
0	0
1	0
1	0
0	0
0	0
4913	112
35	110
10	0
3	0
6	0
976	398
0	183
5442	5787
16398	13456
2529	9820
0	0
804	388
45	0
0	0
7	0
0	0
11	0
0	0
2	0
334	68
0	0
14	68
1161	0
0	0
0	0
0	0
309	1
0	0
14675	1402
0	1400
0	0
0	0
0	0
658	1
0	2
0	0
0	20
0	0
4628	1
0	0
0	0
23	0
0	21
464	21
115	13
2	0
0	0
1387	1
0	0
726	0
0	0
1258	0
21	0
0	0
0	0
3	0
3	1
0	0
0	0
11	0
0	0
517	0
120	63
29	63
0	0
710	0
7	0
5	22
0	178
0	0
0	0
3	0
20	2
1	2
0	0
0	0
2	0
65	0
1	393
0	393
0	0
0	0
7	0
3	0
0	1
2545	22
0	0
2520	0
0	0
0	0
0	0
192	0
30	0
35	9
701	0
2	0
0	23
48751	17
0	10
7	0
2559	1
0	0
1	0
1	296
0	0
0	295
4484	0
2	0
0	0
0	0
0	0
0	0
1	1
3	8
3	0
392	0
18	0
0	0
7	0
2	0
2	1
5330	3
1067	0
100078	25
0	0
0	0
0	0
0	0
0	0
2	0
0	0
35	0
0	0
0	0
16	0
8	0
3	0
9549	3
6324	2
0	0
0	0
3	18
39012	15
0	0
0	0
0	0
0	0
101	0
322	0
8	2
56	321
1	0
34	276
522	0
4	0
73	267
0	0
0	0
0	0
1	0
668	0
0	0
0	0
0	0
3	5
1558	0
10	5
1737	0
0	0
0	0
1332	0
0	0
1	0
0	0
0	0
172	0
0	0
86	111
5	111
0	0
6199	3
2	0
0	0
1483	14
10	14
0	0
2301	0
0	0
0	0
0	0
12734	6
0	0
0	0
0	0
0	0
225	224
1	0
11	0
5	159
12	106
5	0
55	503
55	682
0	0
18	0
0	0
1407	1
2465	4129
4	4127
1	0
10	116
227	116
0	0
0	0
2	2
13	0
0	0
4994	1
2	0
0	0
2827	1
6	14
1	0
5	0
0	0
0	0
37	0
5	0
263	2
0	0
0	0
15	0
1	1
5	0
0	0
0	0
5	1
0	0
0	0
0	0
0	0
5	4
0	0
8	0
0	0
0	0
635	0
23	0
0	0
53	0
0	0
0	0
0	0
1	0
0	0
69	2
3209	0
0	0
8	0
1	0
4	0
0	0
4633	5
3918	3171
4	3168
0	0
2	0
4	0
0	0
2672	1
0	0
0	0
672	0
13	0
18	0
1	0
16	0
4	0
5	0
24	0
4	0
0	0
169	0
1	0
0	0
6	0
1	0
0	0
8	0
0	0
0	0
0	0
2	0
93	302
7415	302
630	0
0	0
0	0
0	0
21	0
0	0
0	0
858	0
19	35
0	0
0	0
0	0
15	0
0	115
16	0
1	0
0	0
0	0
2	0
0	0
0	0
15776	5
2046	0
0	0
1	0
0	0
1	0
0	148
0	9
5	0
0	0
28	0
6020	1
16	0
0	0
0	0
24	0
1	0
6	1
21413	13
4	0
2	0
0	0
1	0
0	0
0	0
0	0
0	0
0	0
0	0
149878	57
0	0
0	1
0	0
22237	13
201	0
1	0
3	0
130	0
2	0
0	0
4	0
386	30
0	0
57	34
3	0
2120	1
36	0
1	0
3154	0
2020	0
0	0
0	0
0	0
1	0
3	0
190	0
2	0
35	0
0	0
1444	1273
14	1273
3732	1503
80	1502
4866	5
24	2
163	491
0	492
0	474
0	491
0	490
0	490
0	490
1	471
0	5
0	5
0	5
0	5
0	5
0	0
0	0
0	0
2	0
904	0
1419	0
0	0
47	0
1808	0
0	0
2	0
0	0
0	0
2	0
15	0
0	0
0	0
0	0
1	0
0	0
21	39
225	39
2	0
0	0
2	0
0	0
11810	4
49	175
0	175
0	2
2	0
0	0
0	0
167	228
0	228
3653	0
2	0
308	1
0	0
4698	0
1054	0
2	0
8	0
30	0
2	0
2	0
0	0
3	1
1	0
0	0
0	0
0	0
0	0
4	0
1	0
4	0
1	0
0	0
5	0
0	0
0	0
2	0
3	0
0	0
0	0
18	34
0	0
0	0
2402	0
0	0
1289	0
0	0
0	0
1624	0
28591	15
1	0
1657	0
13	0
5	0
5	3
3762	160
18	139
7	0
13	0
32	22
23	5
7	0
0	0
4	0
0	0
1253	1
0	0
0	0
1	1
4	1
197	0
2357	2
0	0
1989	0
0	1
0	1
0	0
120	0
0	0
1	58
112	58
1	0
0	0
718	11
1	833
1037	834
12	0
1	0
2	0
0	0
33	0
11	0
0	0
0	0
1301	0
0	0
1	0
1	0
6589	2
0	0
11	0
473	0
0	0
2	34
0	54
6	14
1	33
65	33
0	0
0	0
0	0
0	0
3403	0
0	0
4120	0
6	2
3	0
8	0
1007	30
1	0
3	0
0	2
0	28
0	0
242	0
6	8
0	57
207	0
0	0
3	0
5232	1
0	0
0	0
0	0
4	0
3	0
31	0
624	0
4	0
83	0
0	0
32	0
0	0
0	0
0	0
4	0
1994	0
0	0
1269	0
0	0
1	0
1805	4
0	0
8414	3
289	0
0	0
1927	0
4	0
8	14
3	0
1207	1
0	0
2	0
47	0
70	22
474	22
1	0
1422	0
9	0
0	0
1	0
3	0
39	7
0	0
0	0
0	0
119	0
3	0
1	0
4499	3
4	0
5	3
19	0
0	0
3636	0
1	0
0	0
0	0
11	10
28	3
1	0
0	0
1	0
7	5
0	0
105	0
0	0
6	4
699	0
0	0
0	139
3	0
194078	69
184	10
0	0
3	0
0	0
473	0
0	0
0	0
1	0
4090	0
23	0
2	3
0	0
7	0
2	0
2199	1
13	0
0	27
1527	3
21	3
6	3
2	0
5	0
6	0
0	0
0	2
1446	0
1	0
0	0
0	0
0	0
51	0
1634	0
0	0
184	0
0	0
0	0
0	0
0	0
2	0
0	0
0	0
726	0
5	0
2164	0
0	0
1	0
0	0
1	0
391	3
0	0
3	0
0	1
0	0
1052	0
135	43
5	0
0	43
0	0
240	0
1290	0
1	0
16	0
2	0
21	0
22	0
1263	1
0	0
1	0
0	0
0	0
0	2
928	0
361	74
0	74
5101	1
492	0
257	0
0	0
10	0
0	0
52	0
0	0
0	0
0	0
4	0
0	1
3222	19
2	18
0	16
0	16
0	0
7	0
1	0
0	0
14	1
2	0
2125	0
669	0
0	0
1122	440
131	440
17	0
66	29
1374	0
0	0
921	2
0	0
0	0
1	0
0	1
28	37
2	37
0	1
0	0
0	0
2	0
0	0
2	0
0	0
3	0
1006	179
0	0
0	0
0	0
0	178
846	0
2	5
586	6
5	15
0	0
796	1
0	0
0	0
281	1
22	4
1	0
0	0
0	0
1490	0
146	0
14	0
3	0
63123	16
1	0
83333	31
1549	0
33	0
0	243
2	0
29	166
0	0
0	243
617	0
3	0
33	5
758	153
19	153
2	0
0	1
4	0
4097	0
2177	0
1453	0
10	0
0	0
1337	0
49940	39
176	28
22021	105
398	100
2	0
0	0
0	0
1712	1
0	0
0	0
0	0
3	219
1672	219
0	0
8	159
0	12
562	353
188	245
0	0
0	0
5	0
143	187
0	0
180	356
1	0
208	0
4	3
213	0
4	0
0	0
0	0
0	0
0	0
634	0
2492	3
3	0
2	2
215	51
2	51
1110	0
0	0
0	0
1461	1
8	0
230	0
0	0
0	0
1	0
1	0
1	0
0	0
2	14
575	1
0	0
87	0
0	2
3775	2
3	0
0	0
0	0
3107	3
1	75
2	0
14	0
0	0
245	0
0	0
298	0
0	0
461	0
207	0
0	0
0	0
0	0
1	0
2092	226
0	224
0	0
0	0
69	0
0	0
0	0
5	0
0	0
4598	0
0	0
0	0
2	2
3	0
0	0
0	0
0	11
2	4
0	0
0	0
7690	2
0	0
6	34
50	34
13	19
0	0
120	0
1001	0
452	3
36	3
0	0
0	0
0	0
0	0
0	0
0	0
145	170
14	170
0	0
6	0
389	0
0	0
0	0
2	0
0	0
0	0
11	0
0	0
0	0
753	0
5	0
0	0
0	0
707	0
125	0
0	0
0	0
29	365
704	407
0	0
1	42
0	0
0	0
24	25
11	0
1	1
4	4
1	0
17	18
0	0
0	0
0	0
0	357
123	25
35	0
76	0
0	0
0	0
745	149
0	149
0	0
9	0
0	0
6	0
6750	4
18	0
2	0
2	0
0	0
3932	0
4	0
0	0
7	0
306	0
1	1
3	0
503	0
2	6
3787	1
0	0
537	1
1	0
0	22
94	22
2286	0
0	0
0	0
445	0
2	0
0	0
18	0
4629	2
5	0
0	0
62	0
25	169
2294	169
0	0
2084	1252
99	1252
0	0
1140	0
1542	1
0	0
0	0
1	2
36	0
8	0
3	0
251	1
2297	0
196	0
761	0
17	0
5	2
5	0
12	0
0	5
0	125
5	0
2	0
0	0
4	0
4489	10108
5	10108
1	0
0	0
20	0
1144	0
657	0
5581	0
0	1
0	0
0	0
0	0
11	2
5	0
0	1
265	0
5	0
1	0
30	5
0	0
2	0
3	0
0	0
1518	1
0	0
955	0
0	0
941	1
1	0
6	0
8	11
0	0
3181	1
1	0
2202	1
3	0
4	6
0	5
0	2
2	0
0	399
392	1
674	0
0	0
0	0
2679	0
0	827
3653	0
1516	0
0	0
0	0
2432	0
0	0
0	0
0	0
0	0
0	0
0	0
37515	4
3	0
3	0
50	40
841	43
10	0
55	2
0	0
242	0
0	0
191	827
0	0
19	0
0	0
0	0
4	0
2	0
0	0
10	0
1	0
1	1
21	2
1	0
488	124
64	124
1132	0
2240	194
87	194
3	0
485	0
0	0
0	0
1302	0
0	0
3	0
0	0
172	0
0	0
0	0
302	54
51	54
0	0
0	2
1009	2
0	0
201	538
10	212
189	538
0	0
146	425
928	675
7	0
9	250
10	0
0	0
0	0
2677	4
0	0
0	0
0	0
0	0
2348	1
13	22
0	0
507	0
4	0
4	0
1002	0
7	0
0	0
0	0
0	0
0	1
10997	8
179	5
1253	0
0	0
713	0
0	0
12	0
1	0
4	0
1	0
0	0
0	0
0	0
1507	1479
0	1479
929	0
29	0
0	0
0	0
0	0
232	0
5	2
5	1
0	32
1889	34
0	0
2	0
0	0
9	476
433	476
7	0
4	0
0	0
1317	2
0	0
0	2
0	0
15	655
6008	658
2	0
6	0
0	0
0	0
2500	2
0	0
57	0
0	0
2367	1794
80	1791
1549	2
16	0
0	0
2	0
0	20
0	0
389	151
0	151
0	0
0	0
10	3
0	0
3	4
161	0
0	0
0	0
508	0
42174	17
0	2
902	0
48314	16
1	6
45	0
0	0
1	0
3382	0
2	3
1114	1
1312	0
8	0
2	0
0	0
9	0
525	0
1996	3
465	1
5	3
0	0
3214	2
13	0
0	0
47	16
2	0
9212	1
0	0
44	0
0	0
0	0
0	0
231	0
1	0
1	0
0	0
0	0
0	0
0	0
2	0
797	141
120	142
0	0
0	0
2	0
0	0
3327	0
65	0
0	0
2	0
2	29
727	723
617	723
2753	1
1	0
23	269
1901	298
15	29
0	0
0	0
0	0
532	0
0	0
0	0
0	3
977	0
2	0
2	1
1272	0
0	0
0	0
4021	0
0	0
1658	1
2	0
2	101
0	0
17	0
4	7
326	7
0	0
0	0
0	0
8	1
0	0
0	0
0	0
0	0
0	0
86	0
18	23
12	1
14	0
246	0
1	0
2	0
0	0
0	0
0	0
188	0
15	0
0	0
0	0
30814	15
0	0
0	0
0	2
1	0
4	0
0	0
75	530
2397	530
8	0
8	0
1	0
0	0
0	0
1	0
0	0
0	0
74	0
0	0
1631	0
4	0
4	0
0	0
34	0
0	0
0	0
1427	477
0	477
0	0
82	0
0	0
0	0
195	0
5	0
0	0
427	0
0	0
7	0
0	73
0	39
0	0
2	0
0	0
0	0
545	1
0	0
0	0
0	0
2990	1
0	0
1	0
0	0
5595	3
2	0
0	0
1871	0
0	0
0	0
844	1
524	311
223	310
16	4
2	291
697	291
7	0
0	0
8	0
986	2
17	6
10	6
2	0
0	0
0	0
0	0
168	0
0	0
0	0
0	0
27	0
1354	0
0	0
610	19
61	19
0	0
3	0
0	0
241	0
0	0
0	0
93	1077
0	0
5	0
5	4
2183	0
48	15
1051	0
0	0
0	0
0	0
14	0
279	0
2	0
1	0
4240	0
0	0
304	433
14	433
0	0
151	0
0	0
577	0
0	0
20	0
0	0
0	0
1	0
424	0
0	0
0	0
24	0
0	0
0	0
0	0
2098	0
14	0
2	0
0	0
0	0
0	0
0	0
968	12
42	12
454	0
0	0
5	0
2	0
2177	44
0	0
41	43
2	0
0	0
8	0
2	0
2	0
94	0
166	0
14	0
0	0
0	0
0	0
0	0
21	0
4	4
1352	2
4	0
0	985
62	1146
23	792
4	846
0	0
0	168
0	121
0	0
0	0
0	0
148	1072
0	0
0	0
80	1885
0	0
3	580
0	0
8	951
0	1500
9	0
0	0
22	100
22	7
0	0
0	0
0	6
0	144
0	0
0	0
0	0
31	430
58	391
4	111
0	12
0	0
0	0
0	0
0	2
6	7
0	1
0	0
99	1022
115	177
0	0
0	0
0	241
0	0
0	0
0	186
4	0
0	115
3	0
0	0
0	0
0	0
0	0
0	430
0	399
8	159
0	0
1	2
1	5
2	0
42	1022
1	202
21	234
0	0
4	0
0	241
0	0
705	188
0	0
36	13
0	0
0	0
0	0
0	0
14	0
813	9
10	9
0	0
1207	0
24	9
19	9
0	0
36	2825
1674	2826
0	0
0	0
0	3
0	3
5	0
4	2
0	0
2	0
221	0
12	0
7	0
2	0
4503	1
1	0
1	0
2184	0
0	0
2	0
366	0
25001	11462
63	11451
3408	228
29	1
277	226
0	0
1	0
3701	0
1796	830
35	829
30	1
4	0
75	0
37	0
0	386
57	215
14	0
1063	1135
0	0
0	0
4	0
11	0
5	1
1	0
3	0
6	350
47	111
0	0
0	0
0	0
56	0
487	0
314	0
995	0
653	0
0	0
1260	0
0	12
1	8
8617	4
4352	2
18	0
0	0
1	0
3	0
464	0
2	0
2	0
0	1
0	2
43	0
17	0
562	0
3	151
744	151
11567	5
0	0
2565	0
2	0
3211	0
0	0
1318	0
220	0
0	0
0	0
839	1089
0	1089
0	0
44	0
6	0
1334	4
6	0
5	0
6	0
191	0
0	0
6	0
0	0
0	0
2643	1
670	0
2	0
8082	5
88	48
1	48
13108	5
408	0
0	0
0	0
1621	0
0	4
0	4
0	4
0	1
0	2
0	4
0	0
0	1
0	1
0	4
0	4
0	0
626	0
0	0
0	0
0	2
0	0
63435	18
1	0
5168	0
0	0
58	0
0	0
2017	0
0	0
0	0
77	1
2	0
7	0
0	0
1163	0
0	0
15	0
39	56
153	56
9286	9
138	1
2	0
10	4
0	0
2298	1
15	0
0	0
8320	4
0	0
2	0
668	0
233	13
401	13
0	0
0	2
0	0
41	0
0	0
0	0
2437	2228
0	2226
32	1153
1200	1153
6	0
10	0
0	0
0	1
0	0
56	2
0	0
35	360
204	360
11	0
0	0
2	0
1	0
0	0
4	7
0	0
0	0
2077	1
3656	3
2117	1
2771	1
3	0
0	0
147	0
0	0
640	0
0	0
503	422
8	422
2179	0
1	0
5	0
1	0
1	0
39	0
0	0
15	0
2303	2
555	0
0	0
0	0
620	0
10	0
3212	1
4	0
0	0
0	0
1474	1
2310	320
47	323
15	77
3109	0
0	0
282	0
2	0
6402	1
2	10
45	10
1	0
0	0
5	0
1	1
2	0
0	0
691	86
5	492
5	0
0	18
54	539
0	253
3	0
110	0
6	0
0	0
13	2
1896	0
20	0
3	0
0	0
1332	90
2	0
509	90
0	0
2620	0
46	0
0	0
2	0
4	0
5	0
753	0
2	0
0	0
2593	0
0	0
1	1
0	0
456	0
1297	29
13	0
9	0
15	29
0	0
3370	0
3	0
57	0
81	0
508	22
42	22
0	0
0	0
3	0
13	500
222	500
0	2
5014	3
4023	1
31	0
2782	550
512	549
0	0
0	0
0	0
4	0
0	0
2368	0
1	0
0	0
0	0
916	0
8	493
4892	497
0	0
0	4
0	0
0	0
1185	0
0	0
113	0
3	0
615	86
0	0
1	0
22	86
1017	7469
1574	7469
0	0
0	0
1	0
0	0
32	0
1109	211
5	211
1	1
0	0
145	0
2	0
0	0
1	0
0	0
62	0
1098	2
3	0
0	0
0	0
761	0
2	1
704	0
1	0
255	4
7	4
1	0
27	141
1809	141
0	0
1770	0
0	0
0	19
66	0
1637	0
0	0
523	1
689	1
0	0
0	0
19	0
0	0
142	2003
8973	2942
114	685
20	250
1	0
0	0
3485	0
4	0
0	0
0	0
1318	0
5	0
0	0
0	0
0	0
0	0
672	0
6	0
0	0
0	0
0	0
8	0
0	0
1	0
0	0
7	0
37	0
0	0
3	0
3	0
0	0
0	0
6	1
1	2
1	0
0	0
15	0
177	0
0	0
0	0
34	0
0	0
0	0
0	1
13	1
964	0
0	0
0	1
0	1
0	0
2345	4
2076	0
0	0
0	0
1338	0
6	0
202	4
0	0
28	4
416	0
19	0
2644	122
3	120
0	8
1	8
0	0
0	0
0	0
0	0
0	0
0	0
0	0
0	0
0	0
0	0
11	630
0	0
0	0
0	0
188	630
407	0
1	0
1390	0
2	0
0	0
857	0
0	0
36	56
0	0
9	1
904	382
9	0
1	0
783	382
1	0
0	0
0	0
0	0
4	0
0	0
19	0
18	0
0	0
2	0
0	0
14	0
452	1
6	0
1	0
0	1
0	0
1966	1
0	0
1	0
0	0
0	0
2940	3
0	0
81	0
46	3
42252	10
2	0
2867	0
0	0
0	1
0	0
8	18
0	0
2	2
337	77
22	77
256	0
5	0
21	1
1	1
0	0
3	0
145	0
0	0
786	6
45	0
0	0
0	317
0	0
400	102
1	101
0	0
10653	3
1758	0
0	0
2	0
0	0
5467	1
101	0
0	0
2	0
495	0
2	0
950	188
8	128
984	1
24	3
0	0
27	1
2	0
10	128
0	0
256	188
166	127
1	127
0	4
0	4
4485	0
821	0
4	0
708	242
7	242
785	0
22	18
0	6
0	25
0	0
3	0
1171	1
5883	1
330	0
2	0
1	0
230	1
0	0
3198	2
0	0
1	0
5	0
2	0
0	0
58	124
2	124
0	2
1	0
205	0
0	0
0	0
0	0
492	0
0	0
1	3
4482	1
9	0
0	0
625	0
1	0
1	0
0	0
0	0
1529	1
2147	1
12	1950
3156	1
0	0
4	0
0	8
0	1
2429	1
0	0
86	397
11	397
0	0
2	163
704	162
785	81
1	81
845	0
1	0
1	0
0	0
0	0
199	0
0	0
206	0
0	0
1	0
7	58
0	0
0	5
7	0
133	35
0	0
2	53
0	0
0	0
1052	0
178	0
0	0
1304	311
249	0
92	0
359	311
1	0
5558	4
2159	3
0	0
4576	1
0	0
2	0
66	91
875	86
24	0
1	0
3	0
7	0
4	0
4	0
4	0
14	0
12	0
24	8
0	0
1	0
0	0
4356	1
0	0
1587	0
0	0
103	0
1267	0
41	0
0	0
29	0
0	0
0	0
0	141
0	0
0	0
1	0
2023	0
0	0
0	0
2	0
0	0
0	2
0	0
0	0
581	0
441	0
203	0
38	0
2	0
147	0
32	80
28	80
150	0
0	1
0	0
2	8
3	1
0	0
8	0
745	0
0	0
0	0
805	537
0	537
0	0
5	0
0	0
291	0
0	0
1	0
0	0
0	0
0	0
959	0
0	0
0	0
0	0
7	0
623	0
0	0
58	0
41	0
429	0
2	0
7451	2
7	0
0	0
0	0
270	139
0	138
0	0
946	0
0	0
371	0
2325	0
0	0
17	100
376	720
33	720
0	0
54910	17104
10	17093
0	0
0	2
0	0
0	0
0	5
26	0
1	0
1048	0
0	0
1	0
5	0
1509	0
969	0
3551	0
0	0
3	0
865	5985
792	5985
6	17
624	17
0	0
0	0
5	4
0	0
1071	0
0	0
1	0
2841	0
1	2
6	0
3382	1
1295	1
34	0
697	0
2	0
0	0
0	0
0	0
1681	0
7	0
0	0
2	0
1717	1
0	0
0	0
1209	151
75	151
2224	1
2633	0
217	0
3319	0
0	0
1	1
0	144
1222	2
0	0
0	0
0	0
0	0
0	0
1	0
4	0
900	10
190	8
0	0
0	0
547	0
0	0
0	0
1	0
0	0
2	0
0	0
0	0
0	0
430	0
0	0
0	9
0	0
449	475
2	475
1	0
64	0
0	0
8	0
0	0
387	0
0	0
422	0
0	0
15	0
0	0
1	0
0	0
0	0
0	0
521	0
0	0
880	0
6	0
63	14
0	0
0	0
0	0
0	0
0	0
0	0
0	0
0	0
759	0
0	0
0	0
0	0
0	0
0	0
0	0
0	0
0	0
0	0
9	0
0	0
6285	4
1733	24
0	0
4	23
98	0
2681	2
2	0
2	0
0	215
2715	215
0	0
25	0
1400	0
49	0
172	0
0	6
0	0
0	13
0	117
0	0
1	6
5019	2
0	0
31	213
632	213
0	0
2580	1
59	0
0	0
0	0
0	0
1	0
0	105
0	0
75	0
432	0
6	0
1	0
95	0
0	0
0	0
5	0
362	0
147	0
1	0
0	0
11	0
208	573
0	0
252	573
7	2
1	0
0	0
1	0
1858	0
2	0
0	0
365	0
0	0
1	0
0	0
9362	5
24	1
0	0
0	0
0	0
798	0
0	0
288	30
25	37
8	30
10	0
0	0
1749	0
99	0
1	0
1	0
919	26
7	26
3911	1
0	0
7	0
0	0
2931	2
0	0
0	0
0	0
368	4532
58478	4558
216	0
686	1
5	0
0	0
446	0
0	0
7	0
2	0
0	0
2	0
1	2
56	0
1645	1
0	0
449	0
1	3
2	0
0	5
0	0
0	0
0	0
485	0
0	0
1	0
775	2152
767	2151
1361	1
0	0
0	0
2	1
1	0
0	0
0	0
0	38
22	53
0	0
240	1
2	0
0	0
0	0
0	0
8	219
0	3
0	0
9	0
12	21
0	0
0	20
0	0
15	233
0	3
0	0
0	21
367	2
0	0
751	0
0	0
0	0
65	2
0	0
16	0
0	0
160	1
2	13
0	38
0	0
4	51
0	0
0	2
0	1
5	0
0	0
0	0
0	0
3445	0
0	0
0	0
497	0
174	0
0	0
9	0
2	0
0	0
5	0
4486	556
772	552
23	5
28	0
2	0
0	0
0	0
0	0
12	0
0	4
14688	261
6	255
0	0
0	0
0	1
3	2
0	1
0	1
1	0
237	0
0	0
32	3
283	0
785	1
0	0
417	0
4	0
1006	1
0	0
3	0
433	0
1891	3
4	0
0	0
0	2
26660	13
12	0
0	0
1892	1
0	0
0	0
4	0
378	0
3	0
0	0
824	0
1320	0
13	0
0	0
15	2
0	0
0	0
4	39
0	0
3755	0
1	0
225	0
0	0
0	0
0	0
0	0
281	0
0	149
36	0
0	149
0	0
286	0
18	0
5180	2
0	0
603	0
0	0
24006	5
18	0
0	0
0	0
2905	1
18	0
5538	5
0	0
5	1
2916	0
10	0
1	0
14	0
1	0
1	0
0	0
990	1426
1292	1426
1	0
5408	3
568	0
0	0
0	0
0	0
3	0
0	0
0	0
732	0
0	0
0	1
4	0
0	0
2	2
0	2
3	0
128	0
0	0
14	0
0	6
13792	8188
5	1
0	0
42824	8195
0	0
7088	6
282	0
0	0
3	0
0	0
19	0
0	0
1520	0
77	0
502	188
0	188
44	0
0	0
0	0
4	13
2	13
0	0
321	1
2249	13
0	0
894	1
1	0
6	0
0	0
0	0
0	0
0	0
0	0
3	0
0	0
1072	15
2	15
0	0
0	0
0	0
21	8
92	0
0	0
0	0
1	0
0	0
303	28
3	28
10	0
0	0
0	0
176	0
1	2
0	0
2	0
5	1
500	0
1149	2
1	0
70	0
0	2
0	0
2	0
0	0
0	0
1	0
0	107
15190	12
1	0
0	0
9789	3
0	0
0	0
0	0
0	0
0	0
1590	0
548	0
109	0
2	0
0	0
0	0
1230	0
0	0
0	0
362	0
1388	0
1	0
108	0
130	0
0	417
713	0
136	0
9	0
11	0
0	0
4	0
819	0
0	0
0	0
1	0
0	0
0	0
2	0
1626	135
23	130
54	0
2443	0
4	0
0	0
0	0
1	0
0	0
640	0
0	0
986	1
15	0
9	0
1404	0
56	0
3157	0
1	2
2	0
0	0
0	4
0	0
0	14
0	1258
0	0
24715	14
0	0
1	1
2415	1
3	0
873	1
1	0
0	0
3	1
0	0
12	16
264	25
0	0
0	0
0	0
0	0
0	0
0	11
0	0
121	0
0	3
0	0
0	0
16	0
0	0
0	0
384	0
0	0
34	0
3	0
0	0
0	0
210	0
0	0
134	0
7	0
0	0
0	0
1	0
2	0
23	0
1	0
0	0
0	32
854	32
5	0
205	21
2	0
0	20
0	0
1	0
4296	5
1	2
1768	2
0	0
0	0
4	0
1	0
106	0
3836	3221
7	0
4	3220
0	0
0	0
2618	4
13	0
783	0
3340	2
0	0
0	0
166	0
1	0
9	0
0	0
182	0
0	0
0	0
0	0
2685	1
2802	3
294	2
0	0
19	0
0	0
9	4
1678	0
3	1
0	0
2467	2
1382	7199
0	0
6	0
0	5422
345	7811
14494	8
0	59
584	59
113	0
13	0
0	0
0	0
0	0
7	0
0	26
94	1
2	0
3	0
77	0
4	4
10	0
754	0
2	0
4	0
16	0
0	3
1	0
6	0
3	0
0	0
0	0
0	0
1353	0
27	0
0	61
133	25
1647	0
0	0
2	0
1596	2
19	0
24	0
0	0
1760	0
341	0
296	0
0	0
272	0
3	0
2	0
899	0
0	0
0	0
0	0
174	0
12	0
12	0
1377	12
4	0
180	75
0	1
583	0
0	0
1	0
644	1
0	0
16543	4
0	0
16	2
0	0
87	0
803	0
1070	0
371	0
5	0
7	11
0	0
0	0
42	0
0	0
0	0
0	0
4	0
1810	0
2	0
0	0
4341	1
266	1
5	6
0	0
503	1
6	0
7	0
0	0
876	16
6	16
31	4
6	0
0	0
0	0
890	0
2	0
0	0
1153	1
1	0
0	0
1461	0
1519	2
3	0
1	0
0	0
0	0
0	0
6826	4258
2	4258
0	0
33	0
1	0
0	0
0	1
0	0
1070	0
24	0
0	0
1420	1
57	0
256	0
0	0
2	0
79	0
0	0
0	0
0	2
1	0
43643	276
0	0
3	0
1	0
0	0
1	127
862	392
0	2
384	0
2	0
6	0
2614	0
2	0
0	0
1	0
1450	0
3163	0
0	0
1	0
0	0
7	0
118	9
6	9
1	0
0	0
0	0
0	0
0	0
3	0
12	0
236	0
1	0
146	50
12	0
12	50
34	13
86	13
0	0
5	0
0	0
3	0
0	0
382	0
2804	2
0	0
51	0
7	0
0	3
0	0
5	0
1	0
3381	0
11	0
1	0
5746	4
470	0
0	0
651	503
124	503
18	0
54	0
0	0
2	0
0	0
0	0
33	9
0	0
0	0
1	0
6549	6
10	0
4031	1
0	0
4	0
1	0
0	0
0	0
0	0
1876	0
1	0
1	0
106944	31
30	0
0	0
4326	3
1	0
2	0
0	226
7576	1
0	0
232	0
10	0
486	0
0	0
0	0
101	0
0	0
1736	0
18	0
1091	0
1	0
0	0
850	0
2704	0
0	145
4	0
0	0
0	0
0	0
0	0
0	0
3	0
0	0
1525	1
16	0
891	0
390	0
21	0
10	0
1	0
13	0
0	0
7	0
7	0
0	0
278	0
7	6
122	0
0	0
0	0
0	0
269	56
0	0
1	2
0	3
0	0
41662	22
1118	0
0	0
0	0
643	0
15	0
3197	0
7	0
369	0
14	56
0	0
2444	2
1	0
2	6
0	0
4254	1
923	0
0	0
0	0
1	79
14	3
0	0
231	0
1	0
2	0
0	0
508	0
5	0
1	1
0	0
456	0
12	0
0	0
0	0
7	0
83	0
129	0
0	0
0	0
7	1
524	0
2	1
5	5
1094	0
14	0
41375	30404
31	30394
9807	5
1	0
799	131
8	0
0	0
50	0
7832	2
1	0
801	1
1	0
0	0
1	0
1	0
1321	0
590	0
0	0
1524	0
132	0
9	9
282	0
2	1
0	66
10	193
3	0
1	64
252	64
0	0
0	0
0	0
391	0
4544	2
0	0
0	4
0	5
62	1
6	0
61507	15
1064	0
0	0
3327	0
0	0
0	0
1085	0
0	0
2	0
7616	1
3	0
3	2
20	18
395	0
5	0
0	1
0	0
0	0
502	0
0	0
0	0
0	0
0	0
5	1
0	0
458	0
0	0
0	0
0	20
0	68
0	1
0	0
70	2
41	2
0	0
1254	0
1	3
0	0
0	0
0	0
6	0
0	0
0	0
0	2
31	7
0	7
4	0
0	0
651	132
1004	64
4	64
1	0
3229	1
65	0
746	0
2	0
1268	1
17356	3
1019	1372
1	1372
97	0
3	0
0	0
334	0
22	0
17	0
2	0
0	0
0	0
0	0
1	0
0	0
19	0
2	0
2	0
33	38
0	0
17	0
4	0
7	0
0	0
0	0
1	0
2504	0
2	0
1	0
385	0
0	0
1	0
1	0
0	0
4	3
4	0
2913	0
0	0
24	0
108	0
0	0
0	1
0	1
0	0
0	0
178	0
229	0
805	1
5503	1
5	0
7	0
0	0
2422	0
1373	0
1	0
1	0
2888	1
1548	0
3	2
0	0
2506	0
70	9
106	1
0	0
1	0
3	0
42	0
2	0
2	8
0	0
26	0
1719	0
1	0
105490	36
0	0
0	0
511	1
2	1
1222	0
2	2
0	2
0	2
0	1
170	2
2	0
0	1257
0	2
0	0
21	0
8	0
4	0
0	0
0	97
83	97
0	1
986	0
0	0
391	0
3	0
0	0
2643	4
1308	48
1292	49
100	1
0	0
0	0
4	0
324	0
0	0
1433	2
0	0
0	0
0	0
0	0
859	0
40	1
6	31
7	31
7	0
4	0
0	0
0	2
0	0
5	6
0	0
1	0
0	0
6	0
2	0
6	0
0	0
0	0
0	0
93	57
4	57
0	5
1546	0
0	1
15	0
0	0
0	0
2091	0
649	0
923	0
13	0
0	0
1	0
0	0
0	0
0	0
0	0
0	0
2	0
1	0
0	0
0	0
3	0
3	0
0	0
0	0
0	0
0	0
20	0
0	0
389	0
0	0
416	0
1	0
2	0
810	0
0	0
0	0
0	0
0	0
0	0
626	17
19296	15006
0	0
950	0
4	0
0	0
0	0
8	0
29	0
1	0
1	0
5	0
9	0
2	0
0	0
130	9
7144	15000
4468	54
1	53
4	0
0	0
0	0
2	3
0	0
35	46
0	0
0	0
3573	0
937	0
0	0
4088	216
44	19
23	196
0	0
1839	1
27	1
17	14
2	0
0	0
8	0
0	0
0	0
0	0
16	0
8	0
114	0
296	71
2	71
0	0
0	1
5	0
3	0
8	0
0	0
1343	0
1	0
231	0
142	667
12	640
0	0
14	0
2	2
27	4
15	14
0	0
9	0
0	0
4	2
1	0
13	0
3	0
501	0
13	0
0	0
4665	1
0	0
685	0
0	6
0	10
7	107
0	0
0	0
0	0
1	0
4	0
7	0
63	0
6	0
0	0
1	0
1	0
0	0
0	0
3	1
2	4
0	0
0	0
0	0
0	0
3744	0
0	0
0	0
1	0
0	0
0	0
0	0
885	1
3	0
593	0
10	0
0	0
0	0
27	0
2	0
14903	1
3506	1
5	0
221	0
527	0
0	77
39	77
5	0
108	38
0	0
1101	1
0	0
926	0
4	0
0	0
1	0
0	0
8	0
236	729
4199	731
6	1
0	1
0	0
0	0
0	0
0	0
0	0
0	0
0	0
0	0
11	0
0	0
7	0
33	10
7679	477
70	477
280	0
0	0
0	1
402	0
573	0
1	0
40	0
40	0
4	0
111648	37
2	0
0	0
0	0
2	0
2525	384
50	0
0	0
0	384
2	0
260	0
0	0
0	0
0	0
4	2
2052	28
0	27
1	0
0	0
54	0
1042	0
3	0
667	0
0	0
0	0
0	0
0	0
1	4
8	0
2	0
580	0
5	0
0	0
16	0
90	46
0	0
0	0
7160	7
26	2
0	0
3	0
21777	7
4	0
2	0
5110	1
0	4
0	0
89	353
1235	353
0	0
2632	0
15	0
12	0
3	1
5427	1
1	0
3650	0
19	0
22	0
9	0
0	0
677	0
1	0
3555	4
0	0
0	0
1	0
6	0
0	0
2	3
1	0
6	0
0	1
1	0
0	0
2	0
0	0
0	0
201	466
2	466
0	0
0	0
0	0
3409	3
0	0
8	1
3	1
0	0
0	0
7	0
11	0
2	0
0	0
0	0
0	0
0	0
0	0
0	0
7038	1
4	0
493	0
2	0
0	0
120	0
0	71
0	171
1	0
0	0
110	2
2784	5
5	196
0	0
1	0
0	7
2563	1
25	1
2852	2
0	0
803	0
60	0
174	0
4046	2
4	0
2	0
2301	0
1	0
1	0
3955	0
1	0
0	0
0	0
1	0
3	0
2	0
0	0
699	0
0	0
1	0
9143	3
0	0
0	0
53582	11
1	0
6	58
16	58
7	0
2	0
0	0
0	0
0	0
0	0
1	0
0	0
1507	0
3	0
0	0
44	2
2	0
45	0
385	0
402	0
13	0
1766	0
0	0
38	127
43	127
0	0
5	0
5984	1
0	0
1	0
0	0
368	0
2	0
4	0
7	1
0	0
0	0
469	14
0	0
0	0
10	7
0	0
55	701
0	832
1799	826
841	437
1833	437
0	0
2363	1
0	0
878	213
109	213
0	0
2	4
0	55
263	99
1510	100
279	2
32	0
16	0
13	0
2501	1
718	0
15	0
0	0
0	0
132	0
0	3
11	0
2345	0
52	7
0	0
12	0
4	0
4	0
15	0
1	202
155	202
0	1
236	0
478	0
2062	2
13	0
0	0
544	452
15	452
1077	1888
0	1888
0	0
0	0
4	0
2485	30
46	0
9	30
1305	0
0	0
0	0
2	0
4	0
5	0
0	0
0	0
0	0
6530	4
9338	3
0	0
3093	0
0	0
35	0
1739	0
66	0
0	0
0	0
3	0
391	0
0	0
1971	7
0	0
11	0
0	0
1385	2
0	0
1	0
28	0
1396	50
29	50
0	0
0	0
2298	2
0	0
7	0
0	0
362	0
1898	0
0	0
10	0
23	0
2338	0
6	0
2	0
0	0
38	1043
1719	1043
6	0
166	0
8	0
6	0
9501	0
0	0
4	0
21	0
13	112
0	0
0	0
102	14
13	3
17045	5
2	465
7	846
2	566
7	945
0	0
1	0
0	0
1470	0
0	0
0	0
818	0
4401	1
0	0
1116	0
5	0
591	0
1	0
69	193
466	193
0	0
16	0
1	0
577	0
16	2
3	1
1	0
0	0
31	6
4	5
7	0
1	0
745	0
1231	0
0	0
211	0
5	0
327	0
1559	0
1401	0
1	0
849	76
16	76
0	0
3	0
1	0
142	0
7	0
8	0
11	0
2	1
2	0
0	0
0	0
0	0
11	118
52	118
58	0
596	0
9	1
31	0
0	0
3815	2
6	1
3	0
13	0
0	0
18	0
4	0
1453	1
0	0
4	0
9	0
0	0
0	0
1	1
0	0
0	0
0	0
0	0
0	0
3	0
8	0
2	0
1150	1142
0	1142
0	0
0	19
1	0
1030	0
0	0
0	3
0	0
0	0
0	0
0	0
2	0
0	0
0	0
1	0
0	0
39	4
3511	4
0	0
0	0
0	0
24	0
0	0
0	0
27	0
14	0
2	0
27	0
1	0
4	0
0	0
0	0
0	0
14	0
10	2
1622	4
12	0
9	0
5203	2
9	0
0	0
2	0
2	0
750	0
0	0
0	0
0	0
711	0
1	0
7	0
3	0
460	0
0	0
5	0
10	8
2	6
0	0
0	6
11	0
0	0
0	0
0	0
24	32
2562	0
0	0
0	0
6	0
0	0
625	0
0	0
0	0
4	0
7	5
2	5
0	0
2	0
2	7
0	0
0	0
7	0
0	0
8	0
3	0
6	2
0	0
0	0
4	0
401	2
2089	0
1	0
1015	0
6773	1
138	0
0	0
0	0
0	0
349	94
10	0
28	0
83	0
290	7
1865	90
94	0
2	1
1	0
2	0
1	0
5	0
0	0
3309	1
0	0
0	0
122	38
38	0
0	0
47	47
0	0
0	0
228	0
0	0
188	0
35	0
5100	1
34	18
0	0
0	0
0	0
0	0
0	0
455	0
0	0
1	3
0	0
0	0
5614	1
91	1
10855	5
329	0
0	81
0	31
0	0
0	0
1	0
0	0
7	0
0	0
12	0
67	0
1	0
4	0
1699	1
1158	0
3314	0
47	0
0	0
0	0
0	0
19	0
11	0
0	0
1	0
0	0
0	53
1264	0
5	0
80	0
3386	1
1225	0
3010	3
418	256
7	255
28	3
4	0
0	0
10471	2
49	2
2	0
0	0
20057	6
1	1
3161	2
1792	0
0	0
6	0
0	0
23	0
0	0
3	0
1	0
1	0
34	0
4	0
0	0
0	0
1	0
1	10
0	0
0	0
30	0
24	32
8	0
0	2
6	0
0	0
808	0
0	0
30	8
9902	9
59	36
1025	0
74	2
426	0
4	0
27398	10
86	155
3	155
550	325
88	325
1	0
23	211
312	211
1300	0
3	0
0	0
408	0
0	0
2	0
0	0
0	0
2	0
992	429
174	1205
250	864
0	0
0	0
4473	2
1	1
1	0
247	58
62	0
157	0
16	58
0	1
4484	6382
2	0
0	0
6	0
2676	6380
2	0
0	0
0	0
319	572
1	0
93	572
6	0
10375	2
1	0
587	0
0	0
0	0
0	0
1395	0
0	0
4	0
0	0
1573	1
3	0
9	0
3	0
0	3
0	0
51	0
161	0
0	0
4868	0
3413	2
9379	1
3	0
0	0
430	0
3303	2
0	0
17	0
6	0
0	174
490	0
0	0
5	0
219	0
24	0
0	0
4499	4
0	0
322	0
9044	1
3070	0
0	0
0	0
6953	4
46	3
23	0
5	0
1972	1
6	0
4488	0
0	0
0	0
3	0
505	1
0	0
0	0
0	0
0	0
0	0
41	0
0	0
0	0
1183	0
0	29
41	0
3	0
0	0
0	0
4	1
0	0
3772	3550
602	3549
0	0
1	0
0	0
9	0
5	0
0	22
1	0
30	0
5	0
5	0
0	0
2	0
4	0
65	0
0	0
0	0
2	0
0	0
0	0
33	0
73	0
72	868
4	3
0	277
0	302
0	871
0	1
0	211
1	0
0	0
869	0
233	0
3	0
1389	0
64	0
998	0
0	0
8	0
49	1
21	20
0	0
25	0
2	0
0	0
693	183
5	183
12	0
519	0
0	0
1221	0
16	0
10	0
10	0
0	0
282	269
8	269
843	691
275	691
0	0
0	0
0	0
0	0
497	0
16	0
0	0
4	0
0	0
32	0
8	0
0	0
8	0
1	0
1	0
474	0
2	0
0	0
1	0
1	0
6	0
8	0
1443	0
0	0
6633	0
0	1
0	0
0	0
0	0
4	0
253	797
0	797
4	0
12	0
1444	0
0	0
0	0
7	0
0	0
54	4
338	4
7	0
35	0
2464	0
0	0
0	0
0	0
0	0
0	0
0	0
0	0
1	0
0	0
0	0
2	0
0	0
0	0
0	0
1621	0
29	0
1	0
11	0
0	9
3	0
0	0
9	0
56	0
480	1
6	0
2	0
1	0
0	0
1	0
0	0
0	0
0	0
0	0
6	0
0	0
0	0
415	1
38287	1997
0	32
0	0
0	0
0	172
12	0
1	1407
32	922
621	1
0	0
1	229
4192	7752
34	7752
2364	2
0	0
0	0
1	0
579	2
1	0
2	0
0	0
8	0
0	0
2	0
3	0
1	0
4	1
91	0
0	0
0	0
523	0
9324	1119
10	1117
1	0
137	0
0	0
0	0
82	0
1	0
275	0
1	0
0	0
0	0
1661	0
3618	1
418	0
0	0
5	0
0	0
0	0
0	0
0	0
0	0
280	0
1905	0
0	0
0	6
4187	2445
22	2444
0	0
2	0
0	0
369	0
0	0
0	0
21	37
2	0
225	0
3391	0
1	1
0	0
2124	0
13	0
2	0
3	0
0	0
1338	1
0	0
6	1
69	0
5	12
1	12
0	0
162	0
40	0
3	0
1	0
5	0
547	0
0	0
3	1
915	0
1	0
0	0
7875	1
0	160
836	0
3	0
0	0
0	0
17	1
12	0
3040	1
11	0
0	54
21	0
1614	0
0	0
0	0
0	9
0	575
1	1
17	58
9	65
1	0
4	0
0	0
131	0
2927	0
1	0
0	0
2	0
0	0
0	0
1	0
175	0
1	0
44	0
2	0
1304	0
1560	0
0	0
4795	0
0	0
3	0
122	0
40	0
20882	5
3002	2
1193	0
3	0
0	0
8	0
669	0
0	0
0	0
3	0
0	0
2565	1
0	0
0	0
2239	2
122	134
29	134
0	0
1985	0
0	0
425	909
2768	908
0	0
1	0
0	0
0	0
0	0
0	11
0	0
0	0
0	0
2	0
231	1
0	0
84	0
6	2
0	0
6	0
459	0
50	0
1744	0
0	0
342	0
2	0
39	0
15	1
6	1
1	0
0	0
2	7
38	7
15	0
2	0
0	0
0	2
5	0
186	0
582	0
6	0
0	0
14	0
0	0
2	1
1289	1
0	0
2	0
2	27
0	68
0	0
3140	1
9	31
0	0
0	0
11130	1
0	0
4	0
0	1
0	0
0	2
0	0
0	0
3	0
0	0
0	0
1	0
0	0
518	0
33	0
2973	2
10	0
0	0
1952	2
1	0
0	3
0	0
18	0
0	0
0	0
6	0
0	2
0	0
2869	0
200	745
0	0
2689	1
68	475
0	0
196	716
9	0
0	0
1298	0
0	0
1	0
129	885
10	523
0	4
3	928
706	0
0	0
3	0
0	0
359	0
1	0
20	0
61	0
2	0
8	5
1	0
0	0
0	0
15	0
20	0
3	0
0	0
12	0
63	6
9	0
4	0
7	0
300	213
9	103
33	110
2	0
0	0
1456	2
6	1
2	0
2	0
0	0
83	0
1481	0
1	0
3700	0
3	0
0	0
0	0
0	0
0	0
0	0
0	0
0	0
30	0
60	9
2	0
0	0
709	0
2	0
19810	5
23	0
8504	0
0	0
2623	0
0	0
42	0
0	0
0	0
764	163
42	163
60	2
1	0
92	0
0	0
3	0
3	0
3171	2
6	0
4	0
175	0
3657	1
91	0
20	0
1	0
1	0
0	0
375	0
2	0
24	0
0	0
769	0
0	8
0	0
1	3
4	0
0	0
0	0
0	0
4	0
0	0
0	0
3	0
698	0
0	3
0	0
11	0
41	25
1	0
1	0
1	0
0	0
0	0
6	0
1	0
622	1
0	0
0	1
0	0
0	0
0	0
3	0
0	0
448	0
2863	0
1573	0
0	0
3	0
7	0
9	0
1952	0
0	0
0	0
3	0
167	67
18	67
10	0
21656	2
1706	2
0	32
4	32
0	0
3	0
0	0
413	146
0	0
0	1636
1	0
19	93
0	0
0	0
2832	93
0	668
1448	21
0	0
0	0
0	0
28	37
0	0
19	243
2259	242
12	0
0	0
0	0
5596	1
2	0
0	0
0	0
2025	0
0	0
3	6
235	80
335	80
0	0
0	0
7	0
4	0
80	0
0	0
0	0
0	0
1	0
0	0
52	0
6	0
1	0
0	0
0	0
1672	0
2	0
208	0
329	0
205	0
369	0
614	0
3	0
0	0
2115	0
320	0
389	0
0	0
100	0
115	232
1	232
0	0
806	0
0	0
0	0
0	0
0	0
0	18
655	0
0	0
19	11
1	0
24	0
108	0
82	0
121	0
1	0
1	0
0	0
0	0
0	0
7	0
1606	0
1200	0
6	0
8	0
18	0
0	0
0	0
45889	4412
5	4400
0	0
22870	17
101	5
2	0
2	0
735	0
19	0
0	0
41	0
0	0
5	0
731	220
76	220
59	0
159	52
0	0
0	0
0	0
0	9
0	0
0	0
447	0
0	0
0	0
13	22
6	0
0	0
219	14
10	0
26	0
0	0
275	0
2202	0
0	0
557	2308
0	0
1518	2308
3	0
12	0
36	5
187	6
0	0
2258	1
49335	2104
3	0
1	0
3	0
2258	1749
0	0
0	0
4	0
0	0
5257	0
914	0
0	0
376	1
185	2084
35	0
0	0
1196	1750
21	0
0	0
2239	0
12	3
184164	49
0	0
0	76
0	0
70	0
1	0
2542	0
0	0
63	0
12	0
0	1
0	0
4	0
84	0
0	0
0	0
3	0
4	0
5	0
2677	0
14	17
0	0
0	20
0	0
0	0
0	0
693	1
4	1
2	0
0	0
2202	0
0	0
26	0
9	0
3181	1
0	0
0	0
0	0
0	0
3	1
2	563
3	32270
33	46
0	0
1	0
0	0
0	0
9	0
2	0
2	0
0	0
258	0
0	0
0	0
1	1
0	0
104	0
0	0
8	0
0	0
30	0
0	0
0	0
460	0
127	4
5	0
2	0
143	0
0	0
0	0
0	4
0	0
0	0
0	0
0	0
0	1
11	0
1	14
0	112
0	0
0	0
0	0
0	1
0	0
0	0
83	0
1	0
330	10
0	318
2	2
0	0
0	21
0	30
1086	10
44	0
156	0
0	0
0	0
27	0
0	0
12	0
2628	0
1727	0
1016	0
6	0
0	0
1579	141
42	141
0	0
213	0
0	0
1827	1
0	0
0	0
0	0
0	0
0	0
0	0
1509	272
5	272
2256	1
29	0
0	0
4	0
0	2
12	0
35	0
0	0
0	2
0	0
0	0
2	0
52	0
0	4
0	0
0	0
0	0
0	0
0	0
2	0
6786	433
50	430
0	0
0	0
1034	0
25	57
0	57
1323	1
2	0
0	0
0	0
1	0
0	0
75	0
4583	0
23	0
14	0
0	0
13304	7
46	0
0	0
0	0
2012	3
0	0
0	0
0	0
1	0
0	0
3086	105
0	105
7	0
0	0
0	0
0	0
0	0
644	4
84	4
0	0
0	0
0	0
217	0
0	0
0	0
991	0
0	0
0	0
1150	202
0	202
4	0
0	0
0	0
0	0
805	0
0	0
0	0
931	0
1	0
955	0
0	4
0	0
13	0
0	0
0	0
2236	0
433	0
0	0
227	0
3	0
2	0
7	0
59	0
0	0
0	0
22	0
3949	0
0	2
881	0
7	0
0	0
2176	0
0	0
0	0
231	0
0	44
823	936
32	68
0	1
0	0
0	5
0	0
0	0
0	0
11	936
0	0
327	151
36	151
1552	0
6335	2
19	2
4	0
1305	1
265	0
4876	0
0	0
1	0
35	0
3	0
0	1
0	0
0	0
0	0
0	0
166	0
0	0
0	0
0	0
620	0
80	67
5	64
2	0
1	0
0	48
19	48
0	0
3	2
1561	1
2	0
1	0
2	0
4	0
47	0
11	0
21	0
229	1
613	0
177	0
10	0
5936	7
59	2
1	0
0	0
0	0
725	0
33	0
30	0
49	14
3	0
0	0
0	0
0	0
9	0
0	0
1370	0
47	0
2	0
1	0
111	1
1746	2
13205	6
0	0
0	0
1	0
0	0
2693	0
108	76
0	76
3428	0
43	0
0	0
0	0
12	11
0	0
0	303
178	116
1583	115
940	0
17	0
85	0
1	0
0	0
6	6
541	0
3	2
0	6
0	61
271	0
0	0
0	0
0	0
3088	4
3161	0
5	0
22	0
0	0
11	0
501	0
188	0
0	0
260	0
18	0
141	0
2	0
42	5
116	187
1	187
4333	1
10	15
1	0
4	0
3	0
24	0
11	0
10	0
0	0
0	0
14	0
132	0
71	0
156	6
529	6
27	0
2675	0
0	0
1	0
17	0
0	0
201	0
0	0
1009	0
0	0
0	0
0	0
6184	17
1	0
1682	1
72	3
3565	3
4	0
21	0
21	0
811	167
33	167
0	0
1701	1
13	0
5248	0
1542	0
0	0
0	0
0	0
1	0
1649	0
2	0
0	0
0	0
2	0
38881	11
0	0
275	0
3626	0
318	0
5	0
0	0
0	0
580	0
0	0
37	0
1360	3
116	0
0	0
0	0
0	0
0	0
0	3810
0	0
5	47
0	1668
0	0
0	0
0	0
0	0
0	0
0	0
0	0
287	0
1339	0
1030	0
0	0
0	0
10949	3269
3	3267
0	0
6	0
0	0
0	0
209	0
0	0
0	0
5	2
260	2
0	0
0	0
9	0
0	0
368	0
0	0
1	0
219	0
0	0
0	0
0	3
0	0
42	0
180	0
2	0
0	0
0	0
0	0
508	0
3	0
25	0
0	0
0	0
0	0
475	0
0	0
0	0
0	0
0	0
0	0
0	0
0	0
0	0
0	2
3	3
23	0
35	7
3	0
1	0
18	0
0	0
0	0
0	0
0	149
22	8
0	0
0	0
3	0
17	0
0	0
131	2
2027	4
12	0
1	0
0	0
0	0
1660	0
4	0
0	0
0	0
18750	21
1065	428
61	428
304	0
5	2
475	0
0	3
17	0
0	0
3	0
16531	657
0	0
21	0
3	36
0	0
0	615
0	36
0	0
382	0
0	0
0	0
2130	1
0	0
0	0
418	0
1	0
420	0
7	268
1753	268
0	0
2	0
21532	10
46	0
5	0
230	2
2	0
168	3
11	2
11	3
678	41
4	0
4	1
0	0
0	65
59	105
11827	9
45	0
18	0
1155	0
0	0
42	3
18	3
924	0
3	0
0	0
0	0
700	2
0	0
0	0
0	0
1415	1209
0	1344
51	0
367	0
0	0
0	0
3	0
178	245
16	245
5	0
0	0
0	0
6	1
4	3
144	0
5	0
0	0
0	0
0	0
0	0
0	0
0	0
1731	0
2247	2
0	0
1126	1
24	1
3	1
17	0
8	2
0	0
22	0
58	103
3652	104
3	0
6	0
4	0
3	0
0	0
0	0
0	0
4	0
2	0
0	0
0	0
0	0
3	0
892	0
0	0
13	0
0	0
6	0
6	4
1	0
2	0
32	1
1	7
5	4
0	0
0	0
6	0
6	0
1324	0
0	0
0	0
0	0
2706	4
25	2
0	0
0	0
1425	0
0	4
0	1
0	0
1	0
0	1
9	0
0	0
0	0
0	0
0	0
2485	0
0	0
463	1
722	0
2	0
1125	0
0	0
91	0
11	0
4411	1
818	0
3803	0
1	0
668	0
46	0
0	0
0	0
2115	0
197	0
0	0
10	0
0	0
1965	2
0	0
0	0
3579	1072
103	1072
12	0
1	0
0	0
360	0
0	0
0	0
7	0
1540	1
0	0
2	0
8044	3
89	125
173	125
0	0
8	0
0	0
0	0
3	0
1510	0
0	0
1812	9232
3	9230
1	0
9357	4
0	0
0	0
10812	11575
0	4
0	0
0	0
0	0
10	0
4	0
5518	11569
23	0
2	0
1	0
1	0
5	0
0	2
271613	138
1132	47
23	2
0	0
5	1
618	692
63	692
0	0
2	0
1	0
1	0
1	0
291	0
0	0
0	0
1	0
0	0
0	0
0	0
179	0
18	0
6	0
0	0
1763	2
0	0
0	453
0	40
13	14
1	0
7411	3
15432	14255
1057	0
1	0
0	0
0	0
0	0
1480	1
1328	2
11	0
0	0
0	0
1	0
0	0
47	0
2881	2
6	0
132	5
3	5
1	0
2846	0
23	73
547	0
2	0
0	0
53	11
407	0
0	0
0	0
898	0
8699	14256
5	1
3	0
2221	0
1185	1
2249	0
10	0
0	1
0	0
5	0
1	0
95714	31
14	596
0	0
0	1
961	101
6	101
0	0
0	0
5154	0
24	819
5622	820
0	0
1	0
0	0
0	0
0	0
0	0
341	0
0	0
42	0
14	0
0	0
0	0
0	0
0	0
188	0
3	0
727	0
830	2
1250	4
0	0
0	0
0	0
397	0
0	0
0	0
6	0
24	0
1143	0
33	0
3	0
1172	0
535	0
0	0
0	0
0	1
0	0
0	0
1	0
0	4
0	0
0	0
3	1
0	0
0	0
3501	1921
12	1921
0	0
2	0
299	225
7232	2
40	0
566	1
0	0
2974	1
0	0
1	0
2	3
688	0
1393	0
1	0
0	0
22	0
0	0
7	0
1	0
5	2
0	0
114	0
0	1
0	19
1	2
2272	0
26	24
6	0
1181	0
0	0
0	0
573	0
4	0
23	0
1	0
2	0
8	0
1674	1
0	0
0	0
0	0
7	0
0	0
2350	3558
0	3557
1606	1
497	599
2871	741
0	0
14	7
2	7
10	740
0	0
197	385
759	136
35	136
195	6
0	0
1625	9
57	8
1325	0
1459	0
1	0
0	0
5	0
0	0
0	0
1	0
1026	0
0	0
0	0
0	0
0	0
1	0
0	0
1	0
0	0
0	0
0	0
437	0
0	0
0	0
3808	1
11	0
1	0
0	1
0	0
789	2
51	0
0	0
0	0
30	0
0	2
0	2
0	0
111	0
533	0
1229	0
1758	239
2	238
1	0
160	0
0	0
22	0
109	0
890	0
29	0
752	1
129	0
0	0
3	0
10	1
308	1
1	0
1460	0
0	0
2992	508
2	0
7	0
7	0
100	0
0	1
2	1
0	0
21	69
1	0
3	0
0	0
5975	577
60	0
74	2
0	0
0	0
616	0
0	0
375	0
37	0
4	48
605	49
0	0
0	0
0	0
303	220
342	220
0	0
319	0
0	0
7	0
1	0
1614	1
0	0
5	0
1799	1
74	0
2	0
253	0
34	0
6	0
0	0
0	0
6	0
4347	4
81	2
0	0
403	0
20	0
6	13
0	0
2607	1201
0	1199
0	0
0	0
0	0
0	0
0	0
0	0
0	0
9	0
3	0
12	0
20	0
49	372
1074	372
3	0
3069	0
1	0
16	13
46	0
1775	0
0	0
0	0
0	0
1	0
7	0
0	0
1307	0
1	0
28	0
20	0
3031	1
1144	1
246	0
0	0
10	0
1930	1
0	0
0	0
40657	13
3	0
0	0
4	0
0	0
0	0
194	0
110	0
608	0
6	0
55	64
169	64
5	0
1	1
28	0
0	0
0	0
0	0
2954	2
1	0
1	0
3	0
1	0
0	0
4	0
0	0
0	0
0	0
0	0
0	0
0	0
0	56
0	39
0	4
4	51
0	8
0	19
9	0
0	0
371	0
85	0
3	0
15	0
245	0
140	0
1	0
178	0
0	0
127	0
71	7
286	0
0	0
0	0
79	0
0	0
0	0
0	0
230	11
2	11
0	4
0	0
2659	1
12	0
154	0
0	0
17	0
3790	2
1165	0
0	0
6	2
1460	2
0	0
0	0
2	2
5	0
0	0
374	117
77	116
1298	169
30	151
5	18
4	0
0	0
0	15
5078	3
6160	0
5981	0
0	0
0	0
1938	11788
0	0
2968	11766
3275	1
0	0
4154	10
16	1
0	0
757	468
42	468
0	0
1	0
999	0
0	0
39	0
25	0
3	0
1	0
0	0
0	0
0	0
0	0
31	0
49	0
525	0
1	15
6	10
0	0
603	3
0	0
35	0
299	0
22	0
0	0
1703	1
1338	1
15	0
83	0
43	0
8	0
0	0
336	51
19	51
0	0
1	0
0	1
0	0
285	0
3	0
1617	0
19	0
0	0
47	0
0	0
1	0
0	0
1	0
2	0
794	0
0	0
0	0
921	1
0	0
0	0
0	0
0	0
0	5
55	0
667	0
0	0
1697	0
0	0
9	0
0	0
6	0
0	8
7	8
133	0
19	0
0	0
1	0
0	988
84	0
14	0
0	596
0	533
0	1269
18	0
6	1910
1	0
0	3390
0	2
2	0
0	0
0	2385
5	35
0	335
53	0
0	1333
0	0
98	1887
0	0
0	7
0	0
0	34
5	0
0	928
0	0
2	5548
4	0
6	19
0	13
49	917
0	140
0	10
0	0
0	0
12	113
0	0
0	0
0	0
0	0
2	14
0	4390
0	2008
54	0
3	4582
0	0
3	427
238	473
0	0
592	1
0	1607
0	0
0	2299
0	0
1	3799
4	5840
1	986
0	0
1	4
0	24
0	72
0	56
0	0
10	623
1	4
0	5
0	0
0	2
0	0
0	1
0	17
3	654
8	75
0	1
0	1
0	17
1	405
0	17
1	53
1	4
0	0
0	1227
0	0
3	66
0	0
0	128
2	238
0	28
0	0
6	0
1	132
1	0
1	0
0	0
0	362
0	3
0	291
1	0
0	3
5001	2
602	27
2	27
0	0
0	0
3	0
0	0
152	0
2	0
0	0
5	0
0	1
0	0
0	0
0	1
4	0
2	0
0	0
0	0
311	0
0	0
0	0
26	32
41	0
0	0
944	1
479	0
6	0
0	0
190	72
17	72
187	0
2471	4
673	1
7	0
23	1
2	0
0	0
70	0
56	0
9	0
0	0
9589	583
75	582
26	4
2791	593
1	593
0	0
0	0
9	0
8	66
29	66
0	0
3972	0
4	2
0	7
1	1
3	1
0	7
1	0
1	0
10	0
6	0
7065	3
5	2
0	0
0	70
54	0
0	0
3955	0
1	0
114	0
6	0
1471	0
0	0
1517	0
0	0
0	0
7	0
7	0
0	7
0	1
2	0
194	609
27	0
0	1
0	0
0	0
1088	1
0	0
1	0
0	1
2	0
0	0
4	0
1136	0
26	0
0	0
0	0
31	21
1403	0
5	0
2381	1
0	0
0	1
552	0
1	0
10	4
12	7
15	0
13	0
0	0
1	0
4	76
14	6
0	0
214	7
0	0
0	0
0	0
12	1
83	0
459	0
0	0
0	0
0	0
0	0
1	0
3	0
0	0
0	0
0	0
309	0
84	28
0	2
6	2
1	0
2	0
0	0
0	0
2	0
0	0
0	0
0	0
1132	0
0	0
0	0
0	0
0	0
0	0
49	0
125	0
3804	249
48	246
0	0
470	0
0	0
0	0
3	0
0	0
38	0
0	0
292	2
7	0
1294	1
0	0
0	0
0	0
158	0
0	2
0	4
0	0
3	0
5	0
0	0
0	0
4634	2
4	0
8	0
0	155
471	49
119	49
0	0
322	173
56	172
23	0
111	0
1063	1
2	0
0	0
1	1
1699	1
0	0
22	0
0	0
88	32
4	0
0	32
2	0
0	0
0	0
2	22
110	22
9	0
3	0
0	0
0	0
0	0
0	0
0	0
0	0
1	0
0	0
1	0
8	0
0	0
0	0
0	0
65	0
0	0
1	0
0	0
0	0
460	0
1	0
16	1
3	0
0	0
0	0
0	0
0	0
3706	3
1	0
3528	0
40	0
9	0
3	0
1270	149
331	148
0	0
0	0
0	0
2346	11
64	10
6	0
1892	2
0	91
0	0
0	0
1141	0
1	0
0	49
0	0
14	0
0	142
0	0
46	0
4	0
108	0
0	14
47	0
0	18
16	0
0	0
13	0
0	11
0	1419
0	2
0	0
30	0
7250	5
0	0
428	0
60	0
0	0
2	1
1	0
24	47
0	0
0	22
0	1
0	0
1977	0
5730	1
0	0
0	0
0	0
6	4
356	0
0	0
0	0
502	0
0	0
0	0
2	13
16	28
7689	4
9	1
0	0
0	0
0	0
267	0
0	0
832	0
3	0
0	0
0	4
0	4
0	117
5	0
3241	2
7	0
0	2439
13	0
0	0
4	0
1	0
0	0
0	0
0	381
2	0
913	0
0	0
611	0
0	0
0	0
3503	2
0	0
7	0
862	0
2729	1
25	5
1	0
0	0
0	0
1176	0
0	0
265	0
1	0
20	16
8	16
0	0
0	0
1	0
15	0
1861	0
0	0
0	0
1080	91
10	91
337	1
0	0
376	0
0	0
457	65
531	80
0	0
0	0
864	28
0	0
2087	0
12	0
459	155
132	155
2	7
0	0
69	264
2624	540
37	277
2	11
997	11
1	0
2	46
0	46
0	0
288	0
21	151
572	151
0	0
1561	1
242	0
0	0
1161	1
1975	0
64	0
0	0
632	0
0	0
1	0
283	0
7	0
0	0
2	19
4	19
0	0
0	0
0	0
0	0
4	0
0	0
22	0
0	0
0	0
947	0
0	0
2325	736
0	731
0	0
7	0
378	511
7	511
0	0
11620	3
11	0
20	40
4	40
0	0
939	0
10	0
0	0
1440	15
103	15
2	0
11	2
1	0
3	1
0	0
0	0
954	1404
18	1404
1634	0
5	0
0	0
453	0
0	0
396	0
0	0
0	0
0	0
0	0
2643	133
6	133
6	0
80	258
3053	258
0	0
18	0
0	0
823	61
16	61
0	0
1451	0
107	171
8	171
334	0
542	0
237	1
0	1
12	0
30	0
0	16
2	0
0	2
8	2
1472	0
90	0
0	0
0	1
1	0
0	0
818	0
0	0
6	18
617	0
1290	0
0	0
3	0
62	14
3	0
0	0
702	0
0	0
1681	1
43	0
3	815
1	0
0	3
0	0
919	0
1716	94
690	0
87	94
397	0
37	4
0	4
0	0
0	0
86	179
923	2684
0	0
163	0
0	7
0	2
4	0
15	19
2041	2574
4	2
0	0
0	0
514	0
790	0
410	10
1441	10
4	0
0	0
2	0
70	0
0	0
1	0
0	0
1	0
3	30
1032	30
37	0
0	0
72	0
13	0
2	0
0	0
5	0
3	0
3	0
1506	1
1487	18
707	17
34	0
0	0
672	0
1016	1
21	0
0	0
136	1
1	0
988	0
111	135
75	0
0	0
0	0
0	0
0	0
0	0
4	0
3	0
0	0
2	0
4	0
0	0
0	4
1311	0
10	0
20411	15
5	0
82	0
658	1
0	0
0	0
0	0
425	0
37	0
4	0
0	0
0	0
0	0
0	0
0	0
20	0
0	0
1	0
1507	4
0	0
3	10
0	1
876	0
0	0
642	0
0	0
3	0
205	0
0	0
2	8
5	0
1	67
0	0
343	0
623	723
1	723
0	0
0	0
2	0
0	1
0	7
0	0
4131	1
1922	1
0	0
0	0
0	0
0	0
2859	0
5	0
0	0
0	0
0	0
22	1
3	0
0	0
0	0
0	0
1671	1
26	6
5	19
380	19
2	0
5	0
73	0
0	0
0	0
11822	18
115	16
0	0
2969	0
739	1495
3	0
1080	1495
715	1
1	0
0	0
3699	3
2623	1
49	13
0	13
21	0
2	0
0	0
4	0
3088	1
36	7
1753	1
12	3
0	4
586	0
3075	1
59	0
0	0
3387	1
0	0
1	0
638	0
1115	0
0	0
0	0
21	0
10	0
114	0
0	0
416	0
22	13
179	10
41	38
314	0
411	0
8557	8090
17595	8142
204	1
0	0
763	52
0	1
0	0
7343	777
589	777
1	0
0	0
0	0
5	0
0	0
53	0
20	0
0	0
0	0
0	0
701	0
0	0
0	0
1	0
0	50
0	26
0	123
0	24
0	120
0	339
0	8
0	8
0	9
827	352
7	2
52	12
0	0
0	0
1	0
0	0
260	245
7	245
0	0
0	0
1634	0
6	0
0	0
154	0
0	0
16	0
0	0
19	0
1	0
0	0
5	0
5	0
18	0
0	0
0	0
0	0
85	0
0	0
4	0
1	0
14	0
0	0
1	0
816	0
0	0
2	0
12	0
0	0
4	2
1963	0
708	193
36	193
221	0
1	0
2	0
2414	0
95	8
0	0
0	0
0	0
0	0
0	0
0	0
9640	1
0	0
258	2
5	0
0	0
12	0
1	8
456	42
0	0
0	0
3043	2
2	0
28	0
0	0
0	0
0	0
13	0
2	0
0	0
2652	1
31	0
0	0
1	0
0	0
0	0
26	0
0	0
409	160
8072	160
401	0
2	0
0	0
1	0
7	0
0	0
0	65
0	66
0	0
0	0
0	0
0	0
0	1
58	0
428	238
3	355
6	439
0	0
0	3
679	0
9	0
3000	96
0	0
0	0
0	0
0	0
0	0
0	0
36612	15
0	0
4	0
1126	0
0	0
906	0
6	0
1	0
0	0
2	2
0	2
118	0
0	0
338	130
1	0
8255	3209
3	0
109	2
29	2
3421	2663
31	0
31	21
91	4
0	0
2	0
25	130
0	0
3	0
2	2
0	0
0	0
0	0
1299	1386
0	0
6	0
2	0
1901	0
1476	0
0	0
284	0
3	0
2	0
0	0
4034	0
1	0
0	0
0	0
0	0
0	0
1	0
1	0
1664	53
38	52
0	0
0	0
2	0
0	0
0	0
9788	2
0	0
4	0
2	0
107	0
6	0
0	0
0	9
3	0
0	625
0	6693
0	9
0	0
1	625
0	6693
0	0
10	0
137	228
281	228
0	0
31	39
8	39
0	280
0	0
0	0
0	0
1	6
0	2
0	26
5	0
0	0
0	0
2	0
2	0
5	0
2	0
217	0
1815	2
0	0
0	0
10	0
2	0
0	0
1897	1
0	0
0	0
2	0
0	0
524	1
0	0
0	0
3514	1
0	0
0	2
1	0
64	0
1	0
1801	0
0	0
6	1
838	0
0	0
1	0
0	1
2	1
3	0
0	0
0	0
1	0
2	1
1	1
724	132
0	132
298	0
586	0
0	0
13	0
844	0
7	0
0	0
4044	0
83	82
16	82
1	125
3	0
8236	3
2	0
0	0
100	9
1	0
5	0
3	0
22	9
0	0
0	0
0	0
0	0
121	1
80	15
649	17
1	0
0	0
0	0
0	0
7	0
0	0
2	0
41	0
4299	3
3	0
0	0
9	0
2002	1
532	0
661	0
0	0
0	0
0	0
533	0
0	0
0	0
0	0
29	0
7	0
0	0
2883	0
1435	0
2	0
9	0
0	0
0	0
0	0
90	21
1838	21
61	2749
4984	2753
0	4
378	2
0	0
0	0
0	0
481	0
0	0
0	12
21	0
5	0
1	0
0	0
209	0
10	1
4624	2
0	0
0	1
2	0
0	0
0	0
456	927
976	928
0	0
10	0
0	329
0	32
0	0
2	0
11	2
1	0
10	0
373	0
1006	0
0	0
24	0
2068	3
2	0
0	0
0	0
0	5
1	0
0	0
1	0
8	0
860	0
0	0
0	0
55	0
70	423
418	423
1	0
1	0
16	4
21989	30
96	16
0	0
61	0
0	0
0	0
0	0
17	0
17720	7
867	0
644	0
16	2
3	0
0	0
0	0
0	0
4	8
68	0
10	0
11	0
22	0
11	0
4	0
0	0
15	0
1	317
0	3
0	14
0	0
0	5
5546	0
1012	2
80	2
1	2
0	0
0	0
6	0
0	0
130	0
0	0
357	169
8	169
29	0
1344	0
3427	3
2	0
162	0
0	0
2	0
91	3
41946	11
0	0
0	0
0	0
1	1
0	0
3678	6255
0	0
1	0
3	0
974	6256
9583	0
30	0
0	0
2	0
6	0
0	0
153	0
0	0
8	0
1341	0
668	65
108	65
250	275
62	275
0	0
0	0
323	0
0	0
19	16
706	0
0	0
1780	0
334	0
50	0
0	0
17	0
0	0
38096	8
43	0
2469	1
666	508
456	508
0	0
3230	12
7	0
2	0
10	0
1	12
7	1
0	0
12	0
8	0
1412	1
5	17
188	0
2	0
987	722
279	0
1285	0
1	0
1085	4764
984	4764
1	0
0	0
0	0
836	0
0	0
12	4
1147	0
19	944
6182	949
30	1
2	0
3855	2
1073753	246
0	0
0	0
3566	0
2	0
1071	0
19	0
85	0
16	0
10231	1
12694	5
1776	1
31	0
0	0
0	0
0	0
0	0
0	0
2	0
9	0
0	94
18	0
0	0
0	0
20	0
0	0
0	6
1	0
0	0
0	0
1	14
0	0
0	5
2	0
0	0
0	0
0	0
1	0
0	0
5	5
0	14
9	1
0	0
1	0
5	0
3	0
0	0
0	1
366	54
0	5
0	3871
6	0
0	475
0	3
1	4
13	7
33	116358
0	28987
0	32003
14	432
9535	8
1	0
1	2
9579	1
2762	0
0	0
8632	2
15	0
400	445
6	0
0	0
9	0
0	0
0	0
0	0
2	0
0	0
2	0
28	0
5	0
0	0
7	0
1	0
73	0
2	0
1	148
9	776
7	148
916	776
144	0
0	0
0	0
0	0
1820	295
47	295
0	0
2	0
0	0
5	3
0	0
0	0
2601	389
20	101
11	68
15	220
71	6
8585	10
740	4
1046	0
4591	2
3145	0
1	0
727	0
3391	0
0	0
0	0
0	0
0	0
859	577
1	577
16	0
298	0
4524	2
5	0
3215	1
0	0
1	0
1022	0
0	0
120	0
29	224
0	0
0	0
33	224
318	0
0	0
0	0
351	0
0	0
0	0
0	0
8	57
0	0
0	0
337	0
0	0
5778	1
0	0
0	0
2	15
0	2
0	2
0	2
0	0
0	4
0	4
0	1
0	0
0	0
0	0
0	0
0	7
0	0
0	0
0	3
0	0
0	0
0	0
2	5
0	4
0	0
0	0
787	0
0	0
0	0
516	1
3	0
0	0
2	0
0	0
0	0
1	0
0	0
0	0
6	0
0	0
760	0
0	0
15	0
3803	0
306	574
67	573
0	0
0	0
168	0
20	0
1420	0
0	0
22	0
1	0
3	0
0	0
0	0
0	3
2	0
931	0
8	0
4377	0
0	2
0	0
199	0
1	1
62	0
5	0
6	0
0	0
0	0
1884	0
0	1
0	0
0	0
241	0
506	0
0	0
0	0
16	0
1015	0
3	0
0	0
0	0
0	0
0	0
0	0
1836	1
0	0
0	0
5157	3924
14	3924
3	0
0	0
1084	0
0	2
0	0
0	0
1	1
0	0
0	0
175	0
3	0
1945	0
0	0
3	8
20	2
6564	2
22	1
69	21
0	0
2	0
0	0
2912	724
2	722
0	0
186	0
3078	2
0	0
2	0
14967	5
1	0
1	0
3320	0
0	0
1	0
290	1
0	0
0	0
1	0
129	0
32	11
0	0
0	0
2691	1
1	0
1	0
0	0
0	0
22	0
30	0
90	0
12	0
6	0
7	0
4	0
2400	0
4	0
0	0
163	0
0	0
0	0
78	0
0	0
0	0
0	0
3305	41
1	0
51	41
2	0
80	314
1132	315
0	0
449	1
0	0
2739	256
30	0
1	0
9	255
0	0
0	0
0	0
79	0
0	0
0	0
0	0
5	0
59	3
2	3
0	0
3	0
1	0
461	0
0	0
0	0
1	0
0	0
0	0
2382	0
0	0
1075	0
0	0
2	5
10	5
0	0
1192	0
7	0
470	0
1508	0
7	3
3277	539
1	0
445	540
0	0
624	1
3	0
0	0
3887	1
0	0
9	0
3786	1
453	0
0	0
1	0
0	0
1	0
0	3
0	0
0	0
100	11
16	7
10	7
2	0
143	0
8	0
0	0
0	0
1464	0
0	0
1267	0
2	0
0	0
0	0
25	0
0	0
1	0
8849	4
1959	0
0	0
0	0
2034	1
13	1
0	0
2330	0
786	0
0	0
0	0
1770	1
185	0
0	0
948	1222
57	1222
4304	0
351	380
19	380
0	0
0	0
0	0
1063	0
0	0
4	0
33	0
1	0
0	0
0	0
130	0
123	59
4	59
5	6
0	0
9	0
0	0
1	0
0	0
0	0
11	0
0	0
352	0
845	671
12	0
170	122
0	0
35	18
3852	1013
0	0
2382	783
0	0
0	0
0	0
1	3
2	0
0	0
1	0
0	0
587	1
1095	0
2	0
27	0
240	0
0	0
0	0
1	0
0	0
0	0
3427	2
0	0
0	0
53	0
9	0
0	0
0	0
0	0
0	0
274	0
1	0
399	42
8	42
0	0
2085	0
1798	0
0	0
1543	0
3	0
1576	0
0	0
0	0
19	0
0	0
0	0
7	0
0	0
0	0
553	0
250	6
900	0
3	0
3849	1
0	0
2	0
2800	1
109	0
93	0
1	0
9	0
1	0
3	1
0	0
1	1
4117	3
0	2
12	0
1060	0
1916	252
1	252
3	0
0	25
0	25
30	11
3	11
0	0
1	0
15	3
0	0
1388	2
2	2
1016	0
11	0
4	0
0	0
694	0
4	2
382	0
0	0
657	0
0	0
2177	1
20	91
0	0
4	0
0	0
445	0
0	0
0	0
0	0
0	0
0	0
0	0
52	0
4	0
1	0
0	0
0	0
2618	0
1	0
9	0
0	0
0	0
2494	0
3	3
0	0
591	0
13	1
1	0
33	1
2	0
16	0
1	0
0	0
5681	3
0	0
25	0
15	0
0	0
2	0
0	0
0	0
12713	1175
0	1172
34	6
468	19
2	0
89	19
0	0
1	0
0	0
130	0
0	0
4	0
0	0
9	0
1	0
31	0
6	0
0	0
2	0
51	1
0	0
0	0
2196	0
1344	0
0	0
0	0
1802	0
8	2
1116	0
0	0
1787	0
1	0
0	0
45	1
3	0
27	2
350	0
0	0
674	0
0	0
120	0
166	0
1194	274
28	273
524	0
2428	0
0	0
0	0
3745	4
18379	3
0	0
0	0
0	0
0	0
29	0
5	0
0	0
3	0
419	468
2	468
0	0
0	0
0	0
2	0
766	0
0	0
149	9
4	0
30	8
1	0
0	0
2	0
0	168
4	0
691	0
0	0
0	0
0	0
0	0
1	0
0	0
6501	4
0	0
0	0
412	0
3	0
0	0
1143	0
811	733
53	0
2883	1
0	0
4758	2
5	0
5	0
0	0
392	0
593	0
166	0
1	0
471	0
1	0
1138	0
922	595
166	595
0	0
0	0
0	0
0	0
0	0
7	0
497	0
2	1
1769	1
14	0
0	0
0	0
810	0
0	0
16	0
41	0
1497	0
0	0
4	4
0	0
0	0
0	56
0	5
9621	2
11421	2
4	0
0	0
44	0
1	0
1633	0
63232	16
0	0
1837	1
377	280
37	280
0	0
4	0
8596	73
0	0
3	73
4	0
1	0
25	0
0	0
684	0
5	0
0	0
2	0
2334	2
28	35
0	0
871	195
14	191
2	0
179	1
4	0
0	0
1987	0
448	32
51	32
806	0
0	0
1259	0
4705	2
0	0
0	0
5199	99
3	94
707	0
8	0
0	0
1	0
249	0
11	0
0	0
0	0
27	0
7	0
0	0
2856	0
21	0
8	0
0	0
353	1
19	1
58	0
0	0
2604	3
0	0
0	0
7976	1
0	0
16	0
0	0
829	0
2	0
1515	0
504	0
0	0
3	0
1	0
1286	0
183	0
55	1601
1093	1601
2984	1
3782	1
0	0
1073	4
0	0
4	0
3028	2
0	0
5	0
2976	2
0	0
0	0
0	0
0	0
1696	424
1065	422
0	0
775	1
1992	310
1966	310
1	0
230	12
10849	12
410	879
2063	879
7	2
0	0
0	0
98	0
2010	2
7	0
0	0
390	774
45	774
5	0
3	0
0	106
0	0
0	0
2	0
393	496
1024	496
0	0
0	0
125	0
41	9
37425	8771
9	8758
13	0
1	4
0	0
0	0
3118	1
195	2
1692	1
119	0
3395	0
1	0
0	0
0	0
0	0
0	0
0	0
0	0
0	0
24	0
64	0
0	1
0	0
0	0
317	40
188	40
9	6
0	466
879	466
0	0
1	0
0	0
0	0
291	0
0	0
1313	0
3398	0
0	0
0	0
0	0
0	48
0	26
0	4
79	0
0	27
0	127
10	0
3	0
0	0
189	839
4471	824
13	2
564	0
4	0
1282	1
5028	1
0	0
0	0
86	3
34	6
8	0
26	0
10	5
0	0
0	0
13	0
0	0
0	0
7	0
0	0
0	0
13	0
0	0
7	0
2	1
0	0
37	0
0	0
0	0
1331	0
25	0
14	0
363	0
1	0
156	1
8	9
2620	2
0	0
0	0
2	0
2	0
7	7
674	0
4	0
2	0
1	0
854	1180
2	1179
0	0
0	0
1199	0
137	0
1	0
0	0
10	0
239	0
0	0
0	0
3	0
0	0
732	0
712	2
0	0
0	1
0	0
1	1
0	0
0	0
0	0
0	0
0	0
420	328
11	328
3576	2
2	0
845	1611
2	1611
0	0
1	103
0	1
0	27
0	0
1580	1
806	0
3	0
3	0
18	1
0	0
0	0
0	0
37	0
0	0
0	0
32	0
486	0
0	0
8	0
0	0
1170	0
670	0
0	0
7291	5
8	0
7	0
4	0
1700	0
6	0
9	1
1952	0
0	0
10	14
4	5
22	0
0	0
0	0
0	0
0	0
3532	37
0	0
0	37
25	0
0	0
1	0
5205	3
976	0
5	0
2	0
0	0
0	0
21	26
7	22
1718	1
15	12
1580	12
99	0
0	0
0	0
2	0
0	0
2268	0
3	0
3	3
1861	2
0	0
1	4
0	0
0	0
0	0
13	0
0	0
0	0
2	0
4	0
3237	4
7	8
0	0
0	0
372	447
185	447
678	777
802	777
2359	1
0	1
0	0
1	0
0	0
3	0
855	420
4	419
0	0
0	0
0	0
754	907
10	907
0	0
2	0
8314	1
1447	2
0	0
0	148
2190	0
0	0
0	0
11	0
0	0
1	0
0	0
32	0
0	0
0	2
118	0
12	0
6	3
0	0
3	0
0	0
1565	0
0	0
409	0
1	0
4997	2865
52	2863
0	1
0	0
412	0
0	0
0	0
0	0
0	0
6763	5
0	0
6	1
2	0
0	0
0	0
4778	0
0	0
0	0
4	0
0	0
3604	991
508	990
0	0
0	0
1	0
3270	0
0	0
6	0
9	2
5	2
4223	6498
40	6593
10	684
0	0
0	0
9131	4
54	1
4	0
0	0
1739	0
6	97
10	0
0	166
1083	0
0	0
0	0
0	0
66	1
7	1
3	0
14	0
228	0
0	0
5	0
2	0
7	0
13	0
0	0
0	0
2	0
14	37
411	37
0	0
0	0
6558	3882
31	3881
199	82
336	128
0	0
2	0
0	46
1	0
1	0
0	0
1801	0
0	0
0	0
0	0
0	0
1	0
0	0
0	0
302	771
2029	771
7851	2
0	0
0	0
0	0
0	0
2	1
10	0
0	0
0	0
3440	2
0	0
13	80
111	80
0	2
8	0
1	1
0	0
7	0
0	0
281	76
1	75
0	0
0	0
1	0
0	0
6893	2
1	0
0	0
899	0
52	1
1	0
12107	5
3	0
0	0
7	2
3	12
0	0
0	0
0	0
3140	133
0	0
0	0
0	0
2312	0
0	0
0	0
0	0
5	0
80	4
2	8
465	419
22	419
0	0
20	0
783	0
0	0
1	0
1	0
340	0
0	0
4	0
818	0
0	0
0	0
0	0
87	1
0	0
0	0
0	1
2	1
0	0
16	0
11103	3
58	0
2	0
1004	0
1	5
7233	5381
187	5381
0	0
6	544
1552	544
5	0
0	0
1519	0
0	0
0	0
419	1
0	1
52	5
7	2
5	1
85	1
22	1
0	0
0	0
30	0
0	0
0	0
2	0
388	0
2	0
2	0
0	0
617	0
951	0
1	2
31	1
1	0
0	0
0	0
0	0
0	0
0	0
0	0
491	0
2	0
0	0
0	0
0	0
0	0
0	1
0	0
4	0
0	0
759	2
3	0
5521	32
119	30
12	29
5	29
44550	10
6	7
7	0
0	0
9	0
12	0
17	0
0	0
0	0
1335	0
39	0
22095	4
0	0
4	2
1085	0
0	0
496	0
2	0
0	0
10	8
147	5531
7	5531
0	8
0	0
0	1
0	0
2433	1
1	0
21	0
280	0
0	0
180	0
1	75
303	0
0	0
0	0
257	88
21	0
43	89
0	0
0	0
20	0
1414	66
0	66
7	3
10	0
9509	2321
0	580
38	1739
0	0
3656	3
0	0
4	0
62	0
0	0
1	0
8	66
484	1354
5	65
0	8
7	0
37	1354
204	9
12337	18
118	6
6284	2
4	0
1	2
0	0
2060	1
0	0
0	0
0	0
0	1
0	0
2	0
0	0
17	73
306	74
12	2
1925	2
0	1292
0	0
0	1
0	0
0	0
32	0
0	0
0	0
357	47
2	47
5985	5
0	0
0	0
48	0
2	0
5279	1
1515	2
0	1
0	109
0	75
860	37
32	0
8	36
0	169
3450	0
4617	563
12	563
0	0
0	0
165	0
892	3
5	11
0	0
175	158
1516	156
32	0
0	0
1	0
2904	0
0	0
11	0
2	0
0	0
2	0
655	0
13	2
9	0
10	0
0	0
66	94
5205	94
0	0
1	0
415	0
0	0
0	0
0	0
400	0
2	0
0	0
943	2
0	0
8370	0
0	2
1	0
1	0
652	267
70	267
1	0
5531	0
4	0
16	2056
5667	2057
2	0
9	0
0	0
1411	2
8	0
8	0
0	0
1351	0
0	0
0	2
1408	3746
0	2
339	3744
0	0
0	0
1093	1
3954	0
1	0
20	392
4427	392
163	0
3122	52
32	48
0	34
581	34
7	0
0	0
80	0
640	59
0	0
0	0
282	0
2	0
167	0
0	0
331	0
102	0
2	0
1549	2
0	0
2	43
3	43
4	0
8697	4
0	0
141	112
0	112
64	0
0	0
386	107
0	106
0	0
5	0
187	0
7	3
0	0
0	0
0	0
0	0
9	0
6	0
0	0
0	0
0	0
3346	0
0	0
0	210
160	210
0	0
41	0
0	0
0	0
1484	0
0	0
0	0
60	0
3060	2
0	0
0	0
1613	0
2	0
2	0
8	0
0	0
2	3
6259	2
17097	7
1	2
2053	0
0	0
2	0
708	0
0	0
10394	44923
0	44921
2299	0
7	0
1	186
0	20
0	0
2510	1
4	0
1892	1
39	0
0	0
0	0
3030	3
0	0
1	0
2366	1
0	0
0	0
0	0
0	0
0	0
29	0
1193	0
2248	0
0	24
0	1
0	0
0	0
0	0
1	0
2030	0
4	0
1416	1
14	0
0	0
2	7
544	6
0	0
1553	1
0	0
2466	5
0	0
11629	1
0	0
0	0
70	186
476	175
0	0
0	0
0	0
0	0
4	0
0	0
1645	0
139	51
17	51
31	7
4	0
0	0
8	2
27	284
87	284
0	0
3	0
0	0
1653	281
14	281
28	0
4	0
1	0
483	0
5	0
3	0
0	1
4	0
0	0
0	0
57	180
18	180
1	0
2	0
4871	4
0	0
10	3
1470	1
2	1
66	0
0	0
0	2
0	0
64	220
809	220
6	0
25	4
15	3
1436	641
6	641
9	0
2553	0
0	0
2	0
4	8
24	16
1	16
4	25
8	0
0	0
1	0
0	0
0	0
1225	0
0	0
0	0
0	36
0	172
0	0
6	9
0	0
0	9
2	0
1053	1
750	0
0	0
4	0
28	0
0	0
738	2
48	0
0	0
0	1137
0	1137
0	1137
3	0
0	1137
0	1137
0	1137
0	916
79	17
3	0
1920	0
584	0
0	0
0	0
0	0
0	0
329	1
0	0
2873	1
0	0
2	4
0	4
323	0
0	0
1	0
4	3961
2036	4882
719	546
0	0
22	1
1	0
0	0
1767	0
0	83
8702	3
2	0
115	0
11	0
0	0
0	0
2154	6
0	6
298	0
1491	1
0	0
970	0
662	0
425	0
189	673
177	0
383	0
88	6
0	0
1	0
0	0
19195	9
0	6
0	0
1916	0
0	0
0	0
0	0
0	1
0	0
4	1
64	4022
15942	4031
3	0
113	19
0	0
0	0
1260	1
1	0
0	0
0	0
1	0
2102	0
2530	0
154	0
0	0
1	0
8	0
0	0
0	0
4746	23
0	0
0	0
0	0
0	0
85	0
0	0
0	0
0	0
0	0
13	0
0	0
16	0
583	0
5	0
187	13
6	12
1	0
2778	1
4	1
0	0
1	0
0	0
19	0
0	0
0	0
2796	1
3	0
0	0
1315	0
0	0
0	0
0	0
3	0
50	0
33	1
2594	2
220	0
42	0
3	0
9	3
5	2
0	4
10	26
347	0
0	0
104	0
0	0
0	0
0	0
0	0
0	2
18	2
0	0
0	0
3149	22
0	22
0	0
3	0
0	68
0	128
0	22
0	0
0	6
244	6
0	0
0	0
1	0
110	78
64	78
565	0
0	0
0	0
5	0
756	0
4	0
1	0
0	0
4	0
0	0
21	0
0	0
150	0
0	0
1	0
9302	630
4	625
1334	0
0	0
2156	0
6	0
3638	0
0	0
11	0
1	0
691	91
6	91
1076	1
2	0
1137	0
1	0
5969	39
0	0
62	34
0	0
381	0
0	0
0	0
0	0
0	0
1009	0
0	0
2	2
18	10
708	10
14	0
0	0
1722	1
0	0
10598	5
0	0
0	16
5	0
7276	3
0	0
3	1
0	0
4	0
0	0
34	0
460	0
0	0
43	23
6	0
0	0
0	0
0	0
0	0
2	0
0	0
3896	2149
2	2147
699	0
1747	2
0	0
2	0
3	0
117	1
14	1
0	0
0	0
0	3
0	0
0	1
0	0
1	0
6	0
0	0
1340	0
12	0
0	0
0	0
228	0
0	0
1	4
0	0
0	0
223	0
1437	0
0	0
0	0
0	0
0	0
0	0
0	0
1068	0
0	0
0	0
0	0
0	0
0	0
0	0
0	0
0	0
0	0
0	0
0	0
3	0
715	2
0	0
0	0
1	0
0	84
0	150
0	0
0	5
1	0
7299	6
0	0
7	0
0	0
13	1
3	0
420	199
3	199
0	3
1877	0
13	31
2	0
3155	0
1	0
238	0
0	0
3	0
5	0
0	0
0	0
0	0
2430	2
0	0
0	0
0	0
4	0
10	0
5874	2
13	0
3	3
0	0
3	0
0	0
0	0
7	0
268	0
0	1
0	0
7	0
12	1
1	0
1695	0
0	0
924	0
5	0
0	0
47	9
0	0
0	0
4	1
1733	0
1	0
2707	0
2	0
674	1
0	0
5	145
780	145
25	249
1	2
0	0
76	0
2954	1068
130	1068
4	5
5168	3
1	0
0	0
0	0
0	0
1	0
162	0
5	0
383	0
0	0
440	0
8	6
1648	0
24785	7
0	0
0	0
0	2
41	111
8	111
0	0
4976	0
0	0
0	0
0	0
2448	0
0	0
14	1
1	1
0	0
974	744
8	741
501	518
283	518
1292	1
8	0
0	0
0	0
0	0
1617	0
0	0
4	2
0	3
3	4
6	0
4	0
0	0
1	0
1	0
0	0
0	0
0	0
0	0
0	0
14	0
3	0
2	0
6	0
1	0
1	0
0	0
1	0
2492	0
0	151
26	88
301	88
1	0
6	0
0	0
0	0
13	3
2313	1
9	7
9	0
4521	407
0	406
0	0
0	0
0	0
0	0
0	116
1	152
4002	0
0	0
0	0
0	0
0	0
10138	373
0	0
2	371
0	0
142	282
541	283
0	0
5205	57
7	47
0	0
1	0
353	56
0	0
2	0
0	0
0	20
0	0
355	0
25	0
0	171
0	0
0	0
0	1
3474	2
0	0
4	0
2	0
21459	5
1	0
2083	3
18	0
0	0
0	0
0	0
2548	0
51	468
289	460
0	0
0	0
0	0
37	0
9	19
1	0
0	0
4585	4
33	1
5	0
0	0
285	0
3759	42
163	193
16	41
7	0
4	0
0	0
10	23
0	0
13566	2
3	0
0	5
0	1
2	1
4	0
426	0
0	0
1	0
0	0
0	1
9	1
1	3
45	96
0	0
0	0
1733	340
13	0
100	339
0	0
437	1
2595	0
4	0
0	0
1	0
0	0
0	0
55	0
3	0
1	0
0	0
0	0
0	0
3	0
7	0
1	1
0	3
0	0
1	0
0	0
0	0
1	0
72	1
2	0
335	1
2	0
2	0
641	0
0	0
0	0
0	0
0	0
0	0
0	0
674	0
1	0
4	0
1	0
2	0
0	1
0	0
0	0
892	1
6870	4
30	0
4031	2
2	1
695	0
9	0
6	0
10	0
0	0
34	0
3	0
2	815
0	0
1009	0
0	0
195	0
0	0
0	0
120	0
7	0
1	1
2	0
411	0
3	2
0	0
0	850
4	0
0	848
4	850
1	0
0	219
1	0
2	0
0	0
2	0
0	0
0	0
0	0
13	3
29	11
6	0
0	0
40	2
0	0
320	483
91	483
0	0
1	0
0	0
0	0
27	0
404	0
47	0
3	0
0	0
0	1
707	0
4	62
0	0
5783	2
0	0
0	0
3987	0
6	44
0	0
0	0
6	0
144	71
15	71
0	0
7	2
0	0
0	0
170	0
0	0
50	1
0	0
590	0
0	0
5	0
656	1
140	0
5	0
865	0
0	0
0	0
0	0
51	0
0	1
0	0
108	0
0	0
25	0
1	96
0	6
667	0
2	0
0	0
0	0
89	0
24800	3617
1	389
0	0
6	0
0	0
0	0
4	2901
73	0
276	63
449	710
1	0
2	5
0	0
0	0
2	0
0	0
2	0
2	0
0	5
0	0
1722	1
0	166
0	67
0	49
17	0
0	0
8882	6531
93	1018
23	0
68	5
0	0
24	3
0	0
2	0
46	1119
1742	14500
19	0
7	0
23	5
3	10012
23	34
53	3
6	0
0	1
634	13422
1011	10570
3	0
5924	1605
0	0
0	0
0	0
725	1
287	343
11	343
0	0
28	0
0	0
0	0
0	0
0	0
0	0
0	0
0	0
3	0
0	368
0	240
0	84
1	207
0	0
0	0
0	0
1565	0
5	0
0	0
2	5
1	1
195	0
566	0
0	0
96	0
1367	0
6	0
1274	0
12	2
850	2
2350	5
7	5
0	0
0	0
445	6
0	5
0	0
0	0
0	0
320	284
141	284
12	0
16	0
33	0
0	0
0	0
76	0
3	0
0	0
14	0
340	0
0	0
0	0
365	0
0	1
5417	1
0	0
0	0
0	0
0	0
17	8
0	0
6	2
0	0
3	0
3163	0
0	0
0	0
0	0
6	0
5	3
2507	1
0	0
0	0
0	0
0	0
932	0
0	0
1	87
0	239
0	103
0	0
0	0
831	0
3	0
11	304
2606	432
0	0
82	125
0	0
394	0
0	0
0	0
0	0
0	0
1654	0
2	0
1	18
0	26
21	64
6235	1
50	1
23	0
0	0
1	0
0	0
0	0
1	4
3215	1
0	0
0	0
3	0
3	0
1	0
137	328
1	328
3	0
0	0
0	0
0	206
0	73
139	0
0	0
2	0
4	0
0	0
56	71
97	71
0	1
0	0
1823	1
0	0
0	0
0	0
0	0
0	0
0	0
0	0
0	0
2	0
0	0
0	0
0	0
0	6
2	95
0	0
884	0
2	0
0	0
0	0
759	1
0	0
3	0
10	0
2	0
0	0
1	3
1	0
2804	0
3	0
0	0
1	0
4436	1
4	0
0	0
26	8
2	0
5	0
0	0
0	0
28	3
0	0
0	0
3	0
21	0
1	0
3625	0
0	0
0	0
0	0
2	0
0	7
0	36
1	0
59	0
4	1
0	0
1	0
0	0
0	0
0	0
4748	1
1	1
2	0
3	0
0	0
0	0
33	0
116	0
8	0
349	0
5650	1
983	0
24	0
0	0
4	0
3	0
0	0
0	0
0	0
0	0
121	0
758	0
0	0
19	0
2047	0
0	0
49	0
0	0
6	0
0	0
0	0
1	0
2424	330
104	330
7	0
0	0
1758	503
50	76
0	0
2276	428
271	185
44	185
0	0
14	0
6	0
0	0
0	0
1	0
4	1
18	1
5	1
11	3
4	1
1	1
0	1
0	0
2	0
60	1
79	1
0	0
18	2295
5	0
1	2295
1	0
26	18
0	0
1	1
5	0
0	0
6	0
1	3
0	0
5	0
0	0
0	0
0	0
0	0
0	0
0	0
2	0
0	0
0	0
5359	427
58	2
250	423
0	1
12	2
0	0
0	0
0	0
0	4
1	0
0	0
0	0
3	0
0	0
2148	0
0	0
1	361
0	0
0	0
0	0
89182	28
5	0
0	0
0	0
2711	0
117	0
0	13
1	0
233	114
55	114
1	0
0	0
0	0
0	0
1588	0
5	0
0	0
14	0
0	0
1	0
7	2
1	0
0	0
326	0
1	3
0	0
46	0
846	0
0	0
0	0
0	0
0	1
3000	0
3374	203
159	202
68078	25
108	29
0	0
0	0
5237	0
0	0
0	0
4755	0
10	0
4	0
8046	3
2	0
0	0
0	0
0	0
52	0
4779	3
0	0
0	0
7	0
0	1
0	1
10	0
1	0
30	111
536	198
85	87
4	0
0	0
0	0
4	0
2	0
0	14403
166	14403
0	0
1852	0
0	0
10	0
0	0
5	2
0	1
0	0
133	0
12	0
2	0
5	0
0	0
0	0
0	0
43	0
0	0
0	74
0	10
20	112
20	13
25	1
9669	7
0	0
1	0
0	0
0	0
0	0
0	0
261	0
0	0
0	0
43	0
8	0
0	21
1	0
3	12
7229	2
2	1
0	0
5	0
59	0
0	0
22	3106
0	45
69	0
2	1
1	45
0	0
0	0
0	0
12	3106
6	0
0	0
0	0
0	0
1	2
2	2
12	12
20	1
0	0
1	0
396	342
0	0
886	2
0	0
4066	353
0	0
330	63
40	63
0	0
0	0
0	0
0	0
8	0
1	0
0	0
0	0
0	0
1	0
38	2
542	0
33	11
0	0
71272	23
0	0
0	0
24	0
0	0
1246	0
8	6
1750	0
4	0
2	1
0	0
1	0
1	0
5	0
1715	0
5	0
0	0
1347	0
6	0
0	69
0	14
0	0
2	0
1	0
1	0
0	83
0	52
6	96
17	0
13	0
8	67
1117	67
0	0
2	0
1	0
6	0
0	0
0	0
0	0
3242	0
0	0
3	0
0	0
3	0
1	0
9	0
2	3
0	0
0	0
0	0
1384	0
3	0
3761	2
4	1
2	2
3	0
2790	3
6	258
422	258
370	0
0	3
4	0
2	0
20	11
1	0
1	0
0	0
2	0
0	0
0	0
0	0
13	0
0	0
5	0
815	0
1	6
8508	2
6	1
0	0
3	0
0	0
626	0
694	0
43	0
0	0
13	4
0	0
0	0
0	0
0	0
0	0
0	0
1	0
0	0
1	0
1	0
8	0
1763	0
0	0
34	78
3	78
11699	1
0	0
0	0
16	1
4	0
3	0
0	0
841	0
0	0
2169	0
0	0
0	0
0	0
0	1
0	0
0	0
3	0
2046	2
1	0
6	0
0	2
0	0
0	0
0	0
0	0
0	0
0	0
7	0
2	0
0	0
0	0
0	0
14	6
2	6
18	0
2	0
2557	0
0	0
277	1
0	0
2	0
0	0
0	0
1269	0
9	0
6	0
31	10
21	2
1	0
482	0
35439	9
2	0
0	0
0	0
0	0
0	0
1924	333
10	333
0	0
0	0
1	0
0	1
420	0
6	0
4	0
127	0
434	0
1	0
2	2
0	0
13	2
1	0
2	0
0	1
0	0
0	0
5	1
0	0
0	0
168	0
0	0
5	0
87	4
0	0
1	0
718	0
1	0
0	149
0	2
0	0
1477	11
0	0
0	65
645	0
5	0
0	0
1701	5
20	5
0	0
67	0
0	0
6230	6061
5122	6058
1696	0
3	0
16	15402
0	0
76	3733
59	1
0	0
48	0
11136	15971
25	0
0	0
1221	4049
0	0
0	0
0	0
0	3002
0	0
5	0
1364	0
0	0
0	2
0	0
0	0
5	0
496	0
16	0
1	0
2	0
2	0
8	836
116	836
0	0
0	0
14	0
0	0
135	0
0	0
0	0
0	0
0	0
0	0
0	0
0	0
1	0
0	0
1	0
4352	2
0	0
1497	0
0	0
0	0
4	0
17	0
0	0
0	0
2	0
33	0
187	0
6	0
0	0
4	0
372	1
0	0
1208	11
0	0
1	0
0	0
0	0
0	0
0	0
2	0
5	0
0	0
64	0
1706	1
0	0
0	0
218	280
4	280
1	0
1	1
0	0
41	0
3	0
0	0
0	0
9	267
1845	269
1	0
0	0
1	0
0	1
0	0
3	0
445	59
2	59
0	0
0	0
1422	0
17	0
1261	295
22	292
0	0
0	0
0	0
343	0
0	0
41	156
605	156
6	9
0	23
0	14
1	0
32	0
0	3
0	0
0	0
0	0
0	0
1	1
1987	1
0	0
1	1
0	0
0	0
5	0
4	0
8	0
93	2
3	1
0	1
1004	607
603	608
0	0
0	0
2	0
0	0
0	0
0	0
2	4
23	0
0	1
0	0
0	0
0	2
0	0
0	0
0	0
0	0
0	0
2	4
0	4
0	0
0	0
0	0
341	353
1179	353
0	0
3	0
14	19
0	0
0	0
0	1
0	6
3	0
5823	3
0	0
0	0
1492	0
1	0
863	1
0	1
0	0
0	0
1	0
2	0
0	0
4	0
3896	7
0	6
2	0
1	0
3	1
0	16
9	3
1283	0
53	0
26	16
0	0
0	0
6	0
1442	1
1	0
1	4
543	0
0	0
0	0
889	0
0	0
0	0
3328	315
0	315
2	0
146	0
0	0
0	0
678	1
0	0
2	0
4	0
0	0
0	0
0	0
0	0
2403	22
44	22
55	0
41	0
1	0
0	0
0	0
3	0
20	0
0	0
2348	0
0	0
15	2
33	0
0	0
0	0
280	0
19	1296
5283	1298
1	0
0	0
70570	21
0	0
0	0
5	0
0	0
0	0
0	0
0	0
30	32
0	0
1	0
0	0
0	0
255	0
16	0
1	0
0	206
10	0
0	2496
47	985
0	0
0	0
4	7
40	0
2	0
6	0
190	2507
593	304
0	0
8	0
0	0
0	0
0	5
0	37
6	76
7	0
0	0
0	1
0	1
0	1
422	0
0	2
0	4
0	1
0	0
0	0
0	86
1571	1943
23	1943
0	7
15	0
0	0
0	0
0	0
10	0
0	0
0	0
0	0
0	0
2	0
7	0
0	0
0	0
0	0
0	0
0	0
0	0
3	0
2	0
2	0
1	1
0	1
0	0
0	0
31	0
0	216
0	132
59	16
0	134
1	0
6	0
0	0
1	0
0	0
0	27
1	0
0	0
3437	5
647	0
0	0
0	0
1169	69
30	52
0	16
19	0
0	0
930	0
405	0
1644	0
2	0
0	0
2007	0
980	0
0	0
13	0
1	2
0	0
0	0
0	0
0	0
0	0
839	0
9	0
19299	7
1231	0
3	0
179	60
20	62
0	0
72	0
2688	1
0	0
4619	0
2	0
0	0
0	0
0	0
3	0
0	0
0	0
0	1
216	0
213	0
1	0
4	2
0	0
2366	178
51	178
1	0
53	0
40	2
3	2
28	0
0	0
1	0
3	0
718	1
11	0
931	0
2338	1
0	0
8611	1
5	10
0	0
2	0
14961	4
2	0
8677	4743
705	4740
0	0
0	0
1318	2221
59	2221
0	0
0	0
1248	101
108	105
3	0
1545	1
807	0
0	0
0	0
0	0
4	0
10	0
5	0
0	0
4759	0
3	0
0	16
0	12
0	0
778	0
2	0
0	0
0	0
62	36
23	0
2490	2
0	0
4	1
2	0
24	0
4237	1
62	45
1	0
6	0
3	0
0	0
0	0
11	0
0	0
1471	0
0	3
28	0
0	0
2024	613
58	613
0	0
120	36
108	0
0	0
24	0
0	0
0	0
2387	4
3340	0
24	308
1	0
73	308
7283	7784
151	7783
451	0
17	11
0	3
22	544
1	49
2	7
0	5
0	83
0	0
190	0
0	0
492	0
5548	0
0	5
2	0
4	0
3	0
0	0
0	0
1203	0
1790	1750
1	1749
953	0
0	0
0	0
8544	7
0	0
0	0
1	0
55	961
2324	962
0	0
0	0
7987	7
253	0
1051	0
10	0
1	319
0	0
461	9
873	1526
2	1526
2	132
0	0
0	23
1251	23
0	0
12	0
0	0
0	0
1	0
11	0
0	0
2	1
0	0
0	0
276	0
382	11
2	0
0	0
1	0
3	0
0	0
0	0
0	0
0	0
0	0
1	0
1267	0
2	8
29	2
4	1
5	4
0	1
204	232
3	0
194	231
0	0
0	0
4	0
4	0
2	0
0	0
0	0
147	0
0	0
0	0
2	0
0	0
456	190
1	190
0	0
1828	1
8	0
7	0
3	0
708	0
2198	1228
927	1228
47	0
0	127
0	0
0	0
0	0
0	0
0	0
4	0
919	0
1	0
36	0
5	0
0	0
0	0
0	0
2	0
7	0
6	0
18	4
0	0
1035	0
290	0
0	0
0	0
0	1
1	1
1669	0
1057	2
35	0
1	0
0	0
346	306
5	306
1	0
965	0
0	0
0	0
0	0
1	0
541	0
5	0
2	0
0	0
613	0
21	0
0	0
159	0
2	0
21	0
3	0
767	0
0	0
0	0
8	0
3164	0
1993	2
0	0
0	0
0	0
1	0
0	0
0	2
0	0
0	0
302	52
33	52
13097	3
283	0
0	0
5	0
53	0
0	143
21	0
8	0
378	0
105	0
4	6
37	6
6	0
540	0
1254	0
4228	0
2396	0
3	0
2	0
0	0
2	0
0	0
1077	0
0	0
919	0
0	0
3861	0
0	0
0	60
124	0
49	26
0	36
8	429
842	192
0	192
0	0
4	0
0	0
0	0
10971	4
1	0
3	19
0	0
1	19
0	0
8	0
14	4
1	0
0	0
0	0
31	0
0	316
2	0
0	0
530	0
0	0
2	0
0	612
3523	612
0	0
5930	5
11	4
1	0
0	0
111	0
944	0
3	0
0	0
0	2
0	0
5	0
1	0
0	0
0	0
0	1
0	3
1	0
0	0
0	0
0	0
0	0
0	0
0	0
242	0
13	0
6	0
2	0
7	1
16	11
19	3
76	0
0	0
710	1
2	0
58	0
1207	2105
3	2103
0	0
0	0
0	1
1085	475
73	475
773	28
0	27
0	0
0	0
0	0
0	0
0	0
5	0
14	0
2476	2
0	0
0	0
1	0
2633	0
8963	1
0	0
0	0
24	1657
0	52
0	56
0	0
0	0
0	0
2	1
2311	10
4	4
13	0
0	3
0	0
68344	25
0	0
3	6
0	0
0	0
19	0
13	65
1976	63
0	0
0	0
0	0
190	0
0	0
0	0
257	0
826	0
50	0
1	0
0	0
0	0
2215	0
1320	2301
50454	2317
0	0
0	0
0	0
0	0
0	224
1	0
452	0
0	0
9	0
3	0
0	0
3	0
510	3
26	0
12	24
0	0
219	0
2	0
3877	1
0	0
1	0
1	0
0	2
0	0
0	0
0	0
6692	2
9	86
3	8
0	0
5	0
38	108
126	28
0	0
49	69
0	0
49	28
6	24
26	14
195	0
1297	3
2	0
0	0
189	1
3	0
0	0
11	0
3	0
13825	6
1	0
0	0
1	0
0	0
4	1
0	0
0	0
0	0
0	412
20	48
1049	48
967	1
0	0
0	0
5	0
42	6
15	6
26	0
1682	0
25	0
7	0
2	0
0	0
2	0
1848	0
0	0
1251	1
1749	0
1563	1
1448	332
326	333
0	0
6853	1
7	0
2	0
12	1
2500	0
23	0
1	0
12	0
3	2
0	0
0	0
210	181
2	181
0	0
0	0
9	0
3	0
1651	2680
0	2680
197	0
0	0
0	0
1	0
0	0
828	0
0	0
0	0
5	0
1	0
0	0
0	0
0	0
0	0
8971	2319
2	2318
7950	1
6	27
1474	142
46	4
21	115
0	0
8	0
10	0
1	0
3600	0
4721	1
0	0
1253	99
0	99
0	0
1057	0
3507	1
117	0
1748	0
34	0
417	0
1	0
74	0
0	0
0	0
1718	0
4	0
1	0
0	0
1	0
70	0
44	1
0	0
3	0
0	0
0	0
0	0
3	0
0	0
86	0
241	0
2965	0
0	0
0	0
0	0
1	1
617	1
0	0
52	0
0	0
0	0
1428	2
2	0
0	0
11	1
536	1
0	0
12	0
27	0
688	2
5	2
244	0
2	1
0	0
0	0
5524	6
6904	7949
0	7948
0	0
0	0
2240	3503
1	3500
0	0
0	0
3	0
2	0
0	0
519	0
5	0
0	0
0	0
0	0
31	1
6	0
0	0
0	3
644	0
2275	0
140	0
1641	0
0	0
0	0
2	0
0	1
2	0
59	0
0	1
0	0
0	0
0	0
0	0
0	0
0	0
354	1
4	4
2724	1
1	0
770	0
0	0
0	0
2	0
1087	0
56580	8
0	0
0	0
9	0
0	0
1242	0
207	0
3	0
0	0
0	0
25	0
4	4
30	10
0	0
17	0
0	0
6	0
4	0
0	0
0	0
2524	0
7	0
52	0
0	0
986	1
12	0
1	0
0	0
4	3
0	0
0	0
153	0
0	0
0	33
0	0
0	0
0	0
7	0
1163	1
0	0
1	0
0	0
0	0
864	299
94	299
1033	0
0	0
100	0
7	0
1	0
8	0
0	0
1	0
0	0
2	0
0	0
1208	0
9	18
0	0
176	18
2	2
274	0
6	0
0	0
0	0
3	0
0	0
18	42
3404	42
1706	0
0	0
1444	7
15	7
0	0
0	0
1689	1
23	0
998	0
17	0
0	0
0	0
0	0
3711	0
1	6
1	0
2	0
13753	15052
2060	0
50	2
1	0
0	0
4	0
8	1
60	10
0	0
4362	178
2	177
0	0
2	0
69	13
7	0
13	2
1	0
2	0
0	0
615	0
0	0
0	5
7021	2
0	0
0	0
5678	0
0	0
8819	1
0	0
3254	3
0	0
0	0
0	0
3492	1
39	10
695	264
0	264
2	0
5	58
664	59
73	1
4	0
98	5
6983	7
8	0
0	1
233	17
1	0
8	0
0	0
1043	0
0	0
0	0
180	29
1	0
525	31
80	0
47	0
0	0
6	0
0	0
2	0
0	0
775	0
1066	0
0	0
648	0
0	0
0	0
4250	2
1995	0
0	0
3314	0
11865	4
0	0
1	0
2	3
2	0
56	0
42	0
0	0
13	0
3405	3081
90	70
0	2
0	0
10660	2
0	2
187	70
281	3080
0	10
0	1
6	0
5864	2
1302	2
0	0
0	0
0	0
1913	0
0	0
0	0
906	0
1	0
0	0
1	0
0	0
3	0
2	0
1	0
1529	72
392	72
0	0
3	2
415	0
0	0
0	0
0	0
0	0
0	0
0	0
0	1
4	0
5	0
0	0
0	0
0	0
12	0
2052	3
4	0
14501	1
129	0
61	4
0	4
0	0
0	0
0	6
0	0
10	0
0	0
82	3
31	0
26	32
96	32
15	0
6	66
71	75
2	5
3	0
0	9
1181	1
18	1
0	0
7	3
53	0
20	8
0	0
5	0
0	0
229	0
269	19
156	19
13	0
0	0
0	0
0	0
12	0
18090	7
0	0
0	0
5	0
0	0
0	0
0	0
0	19
0	0
0	0
1	0
0	0
2	0
0	0
479	2
0	0
0	0
0	0
8	0
701	0
212	0
3	0
15	0
0	0
0	3472
10080	3476
326	0
1	0
10	0
34	0
229	68
192	70
3	2
0	0
14	4
0	0
0	0
0	0
14	0
0	0
1146	37
66	40
0	0
15	0
7	2132
6563	2132
0	0
1	1
2343	2
1	0
3	0
0	0
803	961
3	961
183	0
174	42
7	42
2	0
24	0
2972	1
1186	0
177	0
872	0
30	0
4840	0
1732	2
0	0
4	0
50	1470
25	1470
0	0
0	0
14	0
95	0
0	0
6	1
0	0
578	441
1	441
20	8
1301	0
0	0
223	0
0	0
0	0
0	0
941	0
1369	2
172	2
0	0
315	447
3	627
8	611
23080	7
726	0
0	0
2	0
149	0
325	0
4417	6
1013	2
589	1
3	0
7027	0
3	0
7	0
1	0
0	0
1	2
0	0
5250	0
651	1
0	0
0	0
0	0
944	2
58	2
513	0
3	0
1	0
1998	1
0	0
5	0
529	78
51	78
826	0
0	0
3	0
114	0
9	0
926	0
1	0
890	0
0	0
10	0
2	0
0	1
1033	0
9	0
5	0
120	113
3876	115
0	0
7194	2
1	0
0	310
31	0
0	0
4	0
227	0
15	0
1025	0
3	0
0	0
0	0
0	0
0	0
0	0
2304	0
2	0
1	0
1	39
2	0
0	0
1006	0
3	0
0	0
0	0
386	0
58	0
162	0
0	0
279	132
15	131
6253	8
110	2
0	0
1	0
1265	0
0	0
0	0
0	0
0	0
0	0
0	0
0	0
0	0
705	0
1	0
0	0
0	0
12	0
0	0
254	110
0	0
0	0
2	0
1	110
2	0
498	0
0	0
0	0
2	2
0	0
4	0
0	2
0	0
1	0
0	0
0	0
0	0
0	0
670	0
0	0
13803	5
18922	4
2478	0
206	0
1	0
3007	0
0	0
0	0
137	0
0	0
120	0
1894	0
4	2
28	4
8	0
2046	0
3	0
1908	0
368	18
506	19
0	0
408	0
0	0
0	0
0	0
0	0
8	0
16	239
856	239
1812	0
654	0
0	0
41	51
0	0
899	0
0	0
0	0
0	0
10	0
3	0
2612	0
1765	1
0	0
617	0
0	0
0	0
356	0
5	6
4	5
2370	0
0	0
5	0
1963	0
884	0
0	0
203	0
0	0
1	0
792	1
0	0
16	1
2	0
128	0
0	0
0	0
1	0
28	0
3189	3
0	2
0	0
1394	0
16	0
2	0
2	0
4	0
180	0
0	0
0	0
870	178
0	178
4	0
59	39
236	39
0	0
0	0
362	0
0	0
2015	0
15	0
0	0
8538	2
57	109
0	0
0	0
0	198
0	135
0	3
0	54
0	119
0	1
0	0
1	0
1023	0
658	1
0	0
3	0
7	1
2	0
1	0
1024	0
2	0
0	0
0	0
0	0
1858	0
0	0
597	0
66	13
0	0
0	156
315	156
71	0
27	0
0	1
0	5
0	0
4	0
0	0
12	0
0	0
0	0
0	1
1	0
3293	0
2	0
0	0
2	0
0	0
1044	0
0	0
1341	1
0	0
0	0
0	0
71	1
2	0
0	0
2	0
0	0
0	0
0	0
1365	1
0	356
0	342
2	0
0	0
279	0
63	0
0	0
0	0
0	0
1	0
2443	0
1	0
33	0
1040	0
2518	370
1	370
8	0
207	0
889	0
12	0
5	0
0	0
364	40
14	0
363	1
0	0
23	78
194	79
46	1
61	1
9	0
941	1689
26	187
12850	1658
0	0
501	0
0	0
0	0
0	0
2632	0
0	0
37	0
2228	2
0	0
0	0
0	0
0	0
0	0
1220	1
1	0
334	0
0	0
274	0
221	0
172	0
4378	0
0	0
0	0
0	0
9	0
0	0
76	945
4109	997
7	50
217	3
0	3
0	0
0	0
0	0
0	0
25	16
0	0
1	0
70481	20
837	320
175	320
1	0
845	0
0	10
1546	0
0	0
3114	1
5	0
3220	2
1	0
9	19
0	19
0	0
3	0
116	0
436	0
711	200
65	200
75	0
0	0
1355	53
1496	0
0	0
3430	0
15	0
0	0
2808	3
231	0
0	0
0	0
792	0
0	0
0	0
34	0
575	0
2	0
4228	3
0	0
0	0
53	64
271	65
9	0
9	0
7	0
0	0
7	0
0	0
0	1
253	0
492	0
2	0
1	0
1467	1
0	0
8	0
1	1190
1444	1190
0	0
0	1
1373	0
0	0
1	0
13	4
6459	3
0	0
1630	1
0	0
154	126
4	126
0	0
0	0
2	0
275	0
0	0
0	0
1031	1
414	0
0	0
615	312
43	312
10	0
0	0
1	0
25	3
0	0
0	0
138	0
0	0
0	0
69	0
0	0
3070	555
148	555
319	300
2	300
0	0
23	0
1019	53
31	53
0	0
4	0
0	0
0	0
3	0
2	5
2	0
22	3
2	0
1	0
0	2
0	213
0	164
0	4
60	67
0	6
0	0
0	0
0	3
0	6
0	26
0	26
10	5
0	26
1	7
0	26
0	0
5	32
2	0
0	0
0	6
0	26
0	26
0	26
0	26
0	0
96	121
824	121
13564	5
0	0
3931	3
0	0
0	0
0	0
0	0
287	0
909	0
0	0
8859	4
12	0
130	194
59	194
6	5
5404	0
1	0
0	0
0	0
0	0
1904	2
0	0
0	0
4604	3
1297	0
0	0
0	0
0	0
0	0
9	0
0	0
0	0
0	0
0	0
2471	2
0	0
0	0
0	0
1	0
0	0
0	0
0	0
0	0
9	0
2	2
3	0
191	0
0	0
0	0
3060	2555
4	2554
0	0
0	0
0	0
0	0
0	0
0	0
15	3
0	0
197	0
144	0
1403	0
8	3
812	3
0	0
0	0
2	2
0	0
4	3
2219	1
0	0
0	0
7	1
1654	2
0	0
140	8
7	8
641	0
6	0
43	0
0	0
0	0
2	0
0	0
4	2
13	0
0	2
17	0
1	0
2	0
6	0
4	14
5050	1
0	0
0	0
91	94
9217	100
0	0
11357	4
2	0
6	33
2406	34
550	0
19	0
0	0
0	0
0	0
0	0
0	0
0	0
0	0
551	2
0	0
1	0
0	0
2344	2
0	0
0	0
0	0
1	0
18	8
12407	1
0	0
0	0
654	0
22	15785
0	0
18	0
1	0
4	0
28	0
0	0
90	15785
4210	2
82	654
0	0
0	0
3	1
0	0
0	0
0	0
1	0
0	0
1466	1
49	0
31	0
0	0
0	0
0	0
14	0
0	0
0	0
1200	0
5	0
1	0
0	0
0	0
552	360
0	359
1	0
719	0
0	176
0	0
0	166
28	235
10	231
13	98
0	0
0	0
2	0
2	98
5	25
151	0
15	0
1	0
0	0
5303	1
0	0
0	0
754	0
0	1
0	0
0	405
2	0
0	0
2	405
14	0
2980	288
114	288
1	0
262	0
1	0
0	0
143	12
98	12
1235	0
0	0
208	232
56	232
2	0
957	0
2	0
0	0
7839	1
0	0
0	0
0	0
0	240
0	7
0	0
0	1
1	0
0	0
22	0
0	0
1	0
1	0
521	0
6041	1
527	2
1	0
0	101
1188	0
1833	0
0	0
14825	1
0	0
0	0
89	0
23032	4
1366	0
3291	1
15	2
11166	7
78	0
23	0
0	0
6048	1
0	0
518	109
8	109
199	0
4	0
4553	0
0	2
17803	4
607	0
0	5
113	0
0	0
1	1
0	0
2934	185
0	1
0	1
0	0
7	0
0	0
0	0
1971	185
4	0
0	1
6	2
3	0
256	0
3	0
2	0
1918	0
0	0
0	0
4	3
0	0
5	0
5507	6
3	0
1	0
1433	1
0	0
0	0
0	0
0	0
3	0
0	0
2	0
3	0
26	0
0	0
0	0
0	0
18	11
18	0
2	0
1	0
153	61
3	61
350	0
14	1
104	0
3	0
0	0
196	0
1354	4
0	0
542	0
0	0
16	0
0	0
10	1
8	1
0	0
0	0
11	2
1	10
1	0
4	0
0	1
0	0
0	0
0	0
0	0
0	0
276	0
0	1
4	0
0	0
2	0
0	3
0	0
0	0
0	3
5118	27
4	24
0	0
1	0
6	142
0	0
0	0
0	0
18	11
22	287
488	290
1	0
1	0
4	1
4	2
0	0
0	0
3265	0
218	0
53	12
10	0
0	0
0	0
2982	1
26	0
0	0
1316	4
2	0
0	0
2	0
142	0
0	0
11998	5558
20	108
326	0
69	0
2	0
1	0
0	0
1633	70
12	70
217	0
0	0
2	0
754	2
0	0
198	0
0	0
0	0
0	0
0	0
32	4
1	0
0	0
0	0
0	1
5	1
0	0
1	3
2	0
0	0
0	0
0	0
1054	0
2223	1692
208	1692
4487	9
2	0
0	7
2541	0
2829	1
3	0
25	0
24	11
1	0
6497	7122
4	7121
4	0
0	0
0	0
0	0
0	0
0	1456
529	1456
6	0
3	1
1	0
1118	839
4	839
556	397
68	397
0	0
3	2
1455	0
0	0
696	0
658	0
0	142
46	0
27751	19
3	4198
4361	4200
0	0
1341	0
0	23
40	0
1166	0
28	0
11	1
1	0
0	0
0	0
2	0
1	0
0	0
0	0
0	0
665	61
7	0
0	39
11	0
0	0
0	7
0	0
0	0
0	0
112	0
1519	0
6	0
0	0
2	0
2480	1
1	0
1	0
9	0
0	0
1	3
1983	0
0	0
24	0
6003	0
4	0
0	0
4	29
1	29
0	0
0	0
0	0
818	0
41	0
38	1
1	0
7	0
1	0
0	1527
760	0
0	0
2	0
642	0
3	0
832	0
0	0
81	672
6482	673
1212	2
0	0
30	14
12	0
3424	0
1	1
780	0
0	3
0	3
2539	23
24	23
0	1
1	0
8	10
4	0
15	0
4	0
0	0
0	0
2	0
2	1
24	0
98	16
1091	129
0	0
5	128
1	0
0	0
1242	0
2	0
7	0
27069	14
3	0
0	0
0	0
314	0
8	0
2711	1
0	0
44	5
0	0
0	0
1807	2
388	0
1	0
0	230
7971	4
0	1
18	0
1	0
9	0
2	0
4	0
0	0
0	1
575	0
0	0
2	0
1	0
0	0
59	31
20	0
0	0
0	0
0	0
57	0
1593	1
0	0
1002	0
0	0
1188	0
5	0
0	0
1324	0
3	0
3100	0
0	0
520	0
1	0
665	0
0	0
0	0
2	0
4716	3
10	0
3	0
1	2
0	0
13	8
0	0
1	2
18	8
1354	11
2	0
0	118
25	0
692	0
13	0
661	2
2014	0
4	0
0	0
10	0
0	0
5	0
0	0
208	0
0	0
1215	0
0	0
1728	0
0	0
0	0
0	0
0	0
0	1
1150	1
937	11
0	1
0	0
0	0
1063	899
14	899
0	2
1037	0
5	0
0	0
0	0
4	0
1568	0
0	0
495	26
73	23
3047	1
0	0
0	0
1	0
0	1
1174	1
0	0
1	0
22	0
85	0
3	0
7	18
0	18
0	0
0	0
2	0
0	1
0	0
1	0
282	0
0	0
0	0
3700	1531
16	1531
377	1
0	0
0	0
0	0
6	0
27	118
0	0
0	0
0	0
0	0
5	0
0	0
975	1
0	0
3	0
0	0
32	0
543	14
4	14
0	0
1688	3
0	0
0	0
0	0
308	0
0	0
0	0
1687	0
0	0
2	0
0	0
188	0
4	0
9	0
0	0
193	1367
10258	1374
0	0
2	0
27	2058
1	142
1	0
0	1
0	0
0	0
0	0
0	0
42	1336
0	9
20	13
3	0
835	0
3	0
11	0
8	1
1	8
1	20
0	2
905	1799
0	0
0	0
534	0
568	0
0	0
32	0
20	0
32	0
1	0
4208	1
6	0
0	0
0	0
123	0
1	0
377	1212
513	465
82	465
2	0
2745	2
3	0
2	0
10	0
1	0
3535	2
2	0
0	0
0	0
1002	122
1	103
4975	21
0	1
0	0
41	1
2269	2
8	82
3917	83
8	23
864	1798
350	0
2	0
68766	7
2427	1
17	233
1285	233
0	1
0	0
588	0
0	0
910	0
2	13
0	0
3	0
0	0
1	0
83	0
1608	2
15	0
0	0
1	0
380	0
71	0
1	0
3234	146
25	144
7	0
518	8
0	0
1617	0
2456	1
0	0
1	0
0	0
0	0
799	1
0	0
1224	0
4812	1
1	424
0	10
0	1
0	4
0	1
1	0
3	2
0	0
527	127
0	0
1	0
351	119
0	0
595	1
0	2
0	0
2	3
0	0
60	770
56	770
0	0
4	0
4	3
0	3
0	0
0	0
0	0
1	0
1	0
0	50
652	1597
0	0
0	0
0	0
1155	14
0	14
12	1
0	1
284	488
39	488
2	0
0	0
27	0
0	0
0	0
0	0
1	0
7	1
1035	0
20	0
5	0
1	0
1	1
1	0
2753	0
1	0
0	0
0	0
0	0
0	0
1	0
0	0
1	0
1	0
11	0
3	1
0	0
127	1
7	0
10	0
0	3
0	0
157	0
56	8
0	0
0	0
974	0
0	0
6343	0
0	0
0	2
60	0
3	0
1	0
38	6
0	2
0	0
0	0
0	0
543	0
0	0
0	0
0	0
0	0
32	0
2110	9915
22463	9918
13	0
0	0
22642	8
3	0
0	9
0	11
2589	0
3	0
350	1123
4700	1123
0	0
4	0
4279	0
0	5
2	0
6495	8
49	5
0	1
0	10
1	0
1754	0
464	1
7350	2
2469	0
0	0
0	0
0	0
2262	42
48	42
24	0
84	0
76	4
290	0
7563	846
1	844
3	5356
0	5356
86	0
115	0
359	0
0	0
155	0
0	0
1431	0
6	0
0	0
2	0
0	1
0	0
2	290
0	290
0	0
0	0
0	0
0	0
0	0
1	0
6	0
53	345
1249	336
6	0
7	2
142	9
0	0
808	1
3882	2
2387	0
0	0
0	0
0	0
0	0
0	0
161	0
0	0
4	0
0	0
0	0
0	0
0	0
1	1
0	0
1350	0
1	0
13	0
0	0
15	0
2	0
568	0
228	7
0	0
12	78
3	0
3	3
4	0
0	0
5562	1
199	111
0	3
0	0
0	0
0	0
4	0
45	0
15	0
3947	0
5	0
0	408
0	72
2534	318
3	0
0	0
0	246
2	0
4	0
7816	6
435	0
0	0
0	0
2	2
4	0
319	667
0	0
0	0
0	0
1659	0
0	91
0	9
0	1
0	16
0	0
145	0
1202	0
0	0
0	0
0	0
266	0
1850	0
0	27
132	27
0	0
499	0
5	0
11885	4
110	45
0	6
2	0
0	0
2	0
0	0
0	0
0	0
0	0
372	45
0	0
3802	0
6	0
2	0
0	0
0	0
0	1
1882	0
0	0
7591	400
41	400
207	0
0	0
0	0
3046	0
23	0
2	0
1126	1048
111	1049
17	1
8431	3
7	0
4	0
11	0
0	0
0	0
0	0
1	0
6	0
0	0
4	0
3	28
73	28
11	0
2	0
11	0
3425	1
0	0
0	0
0	0
1	0
0	0
4	0
0	0
0	0
0	0
0	0
651	0
8	1
0	0
0	0
2062	0
8	0
0	0
1	0
3104	2
3397	1308
4	1308
8	0
1506	0
0	0
5	12
699	343
810	342
1226	0
0	0
21	3
1224	143
12	0
0	0
784	4
1	0
409	0
0	0
9	0
4	514
1	1
39	514
1	0
246	0
1999	1
4	0
0	0
37	127
555	1
2	0
0	0
95	3
19	81
104	81
95	0
0	0
0	0
1	0
0	0
8240	332
3	332
0	0
0	0
433	21
1	21
3	0
0	0
0	0
1	0
586	0
0	0
0	0
1	0
6	2
17	0
0	0
2	0
0	0
0	0
0	0
0	0
5	0
1101	1
0	0
0	2
0	0
7167	6
2	1
2	1
1	1
1	0
0	0
1041	145
47	0
64	0
32	0
0	0
710	216
3	216
0	0
0	0
126	0
2878	1
1	0
0	0
0	0
3	0
0	8
0	0
2	0
989	157
1	0
3	0
3	0
3568	0
147	0
12	0
1322	0
0	0
13	0
0	0
0	0
0	0
18	21
0	0
85	0
0	0
0	233
0	3
0	138
20	1
9	0
770	88
0	0
7	1
575	15
4	14
0	0
0	0
756	0
0	0
473	0
36	0
0	0
0	0
171	0
379	0
7890	1
0	0
0	0
823	0
1945	0
0	0
1105	0
64	1
12222	2
7	0
0	0
0	0
8772	5
15	0
4	0
3239	1
0	0
0	1
0	0
0	0
0	0
0	0
26431	4
0	0
0	0
0	0
1213	0
6	0
810	1
0	0
114	0
5	0
4	0
0	0
8	0
349	0
2325	0
2	0
0	0
0	0
0	0
6	0
34	68
0	68
9	0
0	0
0	0
1	0
1	1
92	1976
1343	1976
0	9
52	9
0	3
12	3
0	10
0	3
0	0
2345	0
0	0
0	0
0	0
1423	0
883	0
0	0
16	0
2112	3
132169	47
40489	12
0	0
4021	1
1095	0
331	0
0	58
0	0
3	0
4	0
64	134
142	0
16	134
0	1
0	1
35312	11
0	0
18	0
0	0
0	0
0	0
0	0
74	0
0	0
0	0
412	0
40	0
1	0
0	0
20	0
0	0
206	0
325	1
972	0
157	26
0	0
0	0
0	0
0	0
2	0
4	0
0	0
0	0
0	0
561	0
0	0
0	0
0	0
0	0
0	15
0	0
860	0
0	0
735	0
30	0
4	0
0	0
0	0
0	0
4472	1
913	361
531	361
0	0
0	0
955	0
10	0
10	0
1	0
0	0
21	88
1550	88
0	0
0	0
1	0
0	0
25	10
0	0
0	0
0	215
0	24
12	0
0	18
0	0
1	24
874	18
0	0
7	0
197	0
0	0
23	0
852	1
0	0
0	0
0	0
0	0
112	463
0	463
8	6
0	1
0	3
0	0
7305	3
5	0
1	0
1	1
0	1
0	0
0	0
0	0
0	0
44	4
4	0
0	0
2	0
107	0
2	0
91	0
0	0
0	0
1067	0
0	0
33	4
0	0
1	1
2	7
110	0
0	0
0	0
0	0
0	0
5106	226
186	223
3	0
4	0
9	0
2	116
7	148
1	0
0	0
16	369
4	0
25	1
16	2820
0	0
2	2787
2	326
43	295
0	0
10	253
234	2096
18	14
0	0
16	3
2557	3
2	0
28219	6
6	0
4	0
685	636
1	636
43	0
332	0
2	0
6212	2
2809	0
9484	0
0	4
20	4
0	1
2111	7
4	5
0	1
0	0
0	0
0	0
0	0
3	0
2143	1
0	0
0	0
0	0
60	1
18740	12
4261	8
1	0
19060	6
0	0
10	0
0	0
5	0
13	0
0	0
34	9
0	0
0	0
4	0
0	0
0	0
0	0
8	0
9	3
15	0
25	0
1715	1
1	0
0	0
5	0
0	0
3	0
3330	1
0	0
1632	0
2132	2
0	0
0	0
1	0
228	0
0	0
9736	2
0	0
3	0
1	0
0	0
967	1
10	0
0	0
1	0
0	0
5	0
0	0
0	0
0	0
0	0
0	0
0	0
1919	0
0	0
0	0
1235	0
2	0
0	2
10	0
0	0
1	0
1	0
0	0
10	0
2333	1
0	0
92	13
708	1
5	0
634	0
0	50
2673	0
0	37
1629	140
61	139
0	0
3	0
52	3
0	0
0	0
22540	9
0	0
0	0
244	0
243	0
2	0
7	149
10	149
0	0
5	0
14	0
1	0
445	0
1927	0
2	0
1	0
3	0
129	4
0	0
0	0
26	4
0	0
57	4
1	0
20	4
815	0
0	0
112	3
0	3
0	0
6708	1
6867	1
3	0
6587	2
0	0
9126	5
0	0
132	0
0	1
0	0
0	0
0	0
2	0
0	0
4275	0
0	0
0	681
0	456
0	681
0	0
0	0
0	0
0	0
0	0
7	4
6503	4
0	0
0	0
0	0
9	0
0	0
0	0
11	0
625	0
15	0
1039	3
0	0
4791	3
0	0
0	1
6	0
1	0
0	0
0	0
0	0
2130	3
53	2
70521	11
358	10455
64508	10470
0	0
1253	0
0	0
14	0
19679	7
62	3
0	0
55	3
2	0
1625	0
1	0
5178	2
2972	0
0	0
0	0
15	0
340	0
1322	0
7	1
24	0
0	0
2	0
0	0
147	9
0	0
11	0
2620	0
0	0
0	0
808	0
4	0
2	0
1	0
0	0
0	0
4	0
450	90
12	90
0	0
2014	0
2	0
0	0
2	0
883	2703
48	2703
1	0
2	0
4	0
1	0
1	0
14	0
21	0
1	0
482	999
5533	991
1	0
235	271
828	272
0	1
223	0
107	0
145	0
5	3
1	0
0	0
1147	2
22	0
13	0
514	0
0	0
292	0
0	0
1	0
0	0
0	0
244	0
0	0
465	0
14106	2348
200	2345
0	0
15	11
0	0
50	16
2	0
6	0
38	0
0	0
753	0
3632	145
3600	145
5238	3
1361	8
93	8
1337	1
0	0
0	0
6	0
0	0
4949	1
0	0
2575	0
28	0
0	0
0	0
1609	0
603	0
3117	3
33	0
1078	0
129	0
4	0
1463	0
2	9
0	0
1698	3
0	0
2519	0
0	2
1	3
1	0
2	2
0	0
21	6
1	0
0	2
0	4
80	0
0	0
0	0
0	0
0	0
0	1
0	0
0	0
0	0
6251	4
96	3
0	0
4	0
1	2
1	0
92	0
490	0
298	0
1	32
9	0
30	25
0	0
0	0
0	0
1	0
4	0
0	0
0	1
908	270
140	1559
4141	1290
8354	4
3231	50
17541	50374
6	50362
0	0
4	0
2	24
244	0
22	0
22	2
0	0
7	0
0	0
6082	2
21	140
0	0
2477	2
505	1430
0	0
0	0
1	0
380	1037
0	1037
0	0
2	0
0	0
0	0
401	0
5	0
0	0
8	8
5	0
1	0
6	0
3	0
6	1
0	0
0	0
10	2
5	3
0	0
0	0
0	0
5	0
0	0
0	0
2	0
2	0
0	1
0	0
81	0
7	0
0	1
3307	3
5	1
772	0
0	0
754	0
7	0
315	1
0	0
4870	0
1	0
1238	521
0	0
940	521
0	0
9075	3
0	0
832	0
0	0
1456	0
1	0
0	0
1083	0
2	0
5	0
0	0
0	0
42	0
1	0
0	0
2	3
1	0
32	1
1728	1
0	2
0	0
20	12
11	12
0	0
2880	3
93	0
854	938
0	938
4452	2
0	0
0	0
40	0
2	0
3	4
105	583
2	583
0	0
0	0
306	0
5	0
1	0
165	360
0	360
0	0
10	0
0	0
19	0
11	0
1	0
0	0
0	125
0	188
29	0
1105	0
176	0
49	0
14	0
0	0
259	0
0	0
3212	1
575	0
0	0
660	2923
1500	2924
6	0
2545	2
87	1
4	0
2745	0
12	0
0	0
753	0
4	0
1235	1
0	0
1	0
0	0
274	0
2	0
20	1
0	0
0	0
3	0
0	0
0	0
3	0
11	0
4	0
0	0
3	0
0	0
7	0
0	0
0	0
42	0
0	0
0	0
4	0
477	0
0	0
228	0
0	0
1	19
4	0
0	0
11	0
0	0
304	0
1	0
15	0
0	0
2355	0
1	0
0	0
0	0
1102	11
6	9
0	0
2	0
0	2
5	0
956	0
0	0
414	1
1343	0
73	0
141	0
4	0
0	0
0	0
0	0
16	0
0	0
0	0
0	0
2081	0
271	0
2	0
2	0
2	9
63	1
158	162
0	17
11	0
2	0
4	0
34	0
688	0
8	0
0	0
28	81
0	0
2	0
7	0
0	0
38369	3
2032	0
0	0
0	0
0	0
215	0
1	0
0	0
26	0
0	0
2	0
67	0
2	1
0	111
1	141
0	0
0	1
0	139
0	0
552	0
656	774
4	0
82	108
0	1
10	6
940	774
0	2
0	26
0	711
0	640
39	108
0	0
279	0
0	0
12	0
19	0
0	50
0	241
65	637
738	637
0	0
10	0
4	0
8435	1
2364	0
0	0
0	0
0	0
0	0
221	0
0	0
0	0
1822	0
6	0
14	0
0	0
8	0
0	0
0	0
0	0
0	0
0	0
0	0
0	0
1866	0
19	4
0	0
0	0
0	0
0	0
30113	15
3872	2
0	2
841	58
3	0
88	58
0	0
0	0
0	0
1	0
4132	2
0	0
1	0
4	0
0	0
0	0
0	0
0	0
0	0
0	0
116	0
1356	0
1139	0
0	0
3	0
0	15
0	159
5	0
0	0
45	0
0	0
15	0
1	0
0	0
0	0
10	0
714	0
2562	0
3	0
5	0
12	0
1	0
5	0
8	0
2	0
142	0
5	0
1	0
4	0
0	0
12	0
1031	0
4	0
3	9
4	0
22	43
0	9
0	0
3	0
0	0
0	0
0	0
5	0
0	0
16	0
21	0
0	0
1149	2
0	83
616	83
3	5
3	5
0	0
1	0
1	0
4	0
29	0
2	0
0	0
17	0
0	0
0	0
296	1250
68	7
308	1250
0	0
353	7
0	0
0	0
0	0
3	0
2696	0
2	0
1102	285
109	284
3	0
88	167
564	167
3	0
0	0
3	0
0	0
0	0
0	0
0	0
1	0
0	0
1	0
64	0
0	2
1513	2
2	0
0	0
377	0
69	0
6	3
0	2
0	3
0	0
0	0
19	0
6	0
1481	0
0	0
0	0
0	0
3	0
314	2
0	0
0	0
7	0
0	0
1	0
0	0
18	2006
0	43
0	32
159	0
0	5485
0	8
148	5485
0	0
0	0
2247	0
1	0
1	0
2883	2
2	0
4	0
661	870
4	870
12	0
2	0
6	0
0	0
9	0
0	0
0	0
2	0
0	0
3	0
36	0
0	2
0	0
0	2
0	0
0	0
0	0
0	1
1995	0
67	0
1	0
1	0
0	0
466	0
0	0
0	1
177	67
8	67
4	1
0	0
3	0
2	0
4779	1
30	0
3	66
11	65
33	0
2929	2
0	0
0	0
6	0
0	0
0	0
0	0
11	4
0	0
2	0
2	0
2	0
3	0
0	0
0	1
0	1
0	0
0	33
2	0
0	0
20	1
1	0
0	2
22	0
0	0
3	0
3	0
0	0
0	0
0	0
3	0
3	0
1	0
15	0
76	0
428	0
0	0
1	2
0	0
3	0
0	0
3	4
0	0
0	0
26	25
1	2
0	0
2	0
27	0
3	0
50	0
1	0
61	0
3084	1
847	428
1	0
43	435
0	7
0	15
0	1
20	0
0	0
3	0
1	0
2198	344
0	331
50	0
44	12
3	12
0	1
0	0
0	0
0	2
0	0
0	2
16	0
37	0
0	0
1	0
0	0
0	0
0	0
2	0
0	0
0	6
1	4
0	0
0	2
0	0
2	0
0	0
978	0
27	0
13	0
0	0
1170	2308
4524	2312
41	6
0	0
3	0
109	14
94	0
1	0
8	11
0	0
1	0
0	0
1	0
1	0
2349	1
0	0
305	0
1	0
0	0
142	0
0	0
1	0
87	0
741	67
2	67
1	0
483	15
4	0
62	0
0	0
10	0
1016	295
15	0
32	0
41	295
5592	0
6	0
2269	0
0	0
186	667
0	0
33	1
47	1
4583	4861
109	667
2798	4861
10	144
177	143
2438	1
0	0
0	0
2	4
7	16
0	139
46	46
85	42
0	0
0	0
4	0
0	0
7	7
364	1
2	0
2	4
0	0
1233	0
1167	0
5	0
0	0
0	0
12	0
0	0
0	0
0	0
0	0
1	1
0	0
49	1
0	0
0	0
0	1
1350	0
35	1
30	0
9	0
1	0
0	0
1855	0
0	0
2551	0
0	0
373	0
0	0
2	0
1	1
0	0
0	0
0	0
10135	1081
37	4
115	1081
119	0
0	0
3	313
529	314
3716	2
16	2
0	0
0	0
26	10
1045	589
4	589
0	0
0	0
1386	0
203	0
0	0
3129	5
11	1
2	0
0	0
1	0
0	0
0	0
0	0
0	0
816	32
58	0
12	0
149	77
1	0
2	0
7	1
0	1
7	0
3	0
1	0
0	0
0	0
7	0
0	0
12	0
865	0
2464	0
0	0
0	0
0	0
673	0
73	0
0	0
2	692
0	1
2	7
3131	0
1	0
2645	0
0	0
638	0
0	0
0	0
3	0
5	0
0	0
2	2
0	0
0	0
0	0
0	0
0	0
156	0
0	0
0	0
1	75
0	0
10	2
15	5
365	0
53324	22
3	0
0	0
7	0
473	0
2	0
1263	0
0	0
471	0
1880	1
857	1
3371	5
0	0
0	0
0	0
1	0
401	91
153	91
15	5
13081	7
1703	0
0	0
1	0
0	0
12	28
0	0
0	4
0	85
661	0
26	28
3980	1131
4	0
115	1044
0	0
7	0
4	6
0	0
6	0
506	0
0	0
1188	1
1	0
268	0
661	0
0	0
2	0
6	0
3	0
13	0
8	1
0	0
7	0
0	0
236	12
549	0
0	0
279	0
315	408
171	408
11	0
1553	0
0	0
2	0
0	0
4	2
22	13
0	1
0	0
1	0
0	0
16869	9
3	0
1	0
438	13
0	0
3183	1
132	0
1	0
94	0
6	0
1832	1229
0	0
0	0
2	0
270	1229
0	1
0	0
0	0
0	0
0	0
0	0
5	0
1064	0
779	0
1	32
0	0
108	0
0	0
689	465
163	465
10	2
7974	679
85	679
0	0
845	0
0	0
0	0
9	6
1	0
0	6
2	15
0	0
1718	1
0	0
1433	2
1	0
2	0
5	0
3319	4
11279	11
0	0
0	0
0	1
0	1
0	1
0	2
0	0
9	2
31	0
5	6
0	6
89	0
3186	0
3	0
43	0
0	0
172	0
667	8
3	4
2	0
727	0
0	0
0	0
0	0
2	5
0	0
44	0
0	0
2107	0
11	0
26	0
3	0
2715	2
13	144
416	204
104	60
0	0
4953	2
4	0
5	0
1	0
4	0
1	0
8	0
18	0
2	0
217	0
1	0
3213	0
21	0
0	0
0	0
0	0
12	76
0	76
4	0
0	0
1	88
673	88
6	0
444	0
1	0
2	0
49	0
2	0
0	0
0	0
4	0
0	0
0	0
0	0
0	0
1425	0
0	0
354	1
0	0
0	0
117	0
8	0
4481	3
14	0
201	0
0	0
0	0
2540	0
0	0
0	0
0	0
294	0
0	0
17	0
3178	1
0	0
0	0
30	0
39	0
0	0
1	0
1421	0
680	171
4	171
3	13
932	322
0	0
84	102
25	0
6	102
0	0
1715	0
400	0
13	0
0	0
668	19
23	0
18	19
0	0
2	30
4	0
1984	1
963	0
0	0
0	0
1223	851
19	851
202	13
541	13
27	0
963	0
20	0
0	0
2	0
939	1483
1441	1483
2	0
1095	1921
1	0
3	10
33	11
0	0
1358	1987
0	0
0	0
2273	1231
0	0
1004	0
721	1336
0	0
2	0
0	0
0	0
322	0
0	0
3304	552
73	552
1	0
1953	0
0	0
1	0
0	0
14	16
306	0
7	0
1	0
0	0
11	1
7	154
483	153
0	0
0	0
709	0
0	0
470	0
1123	1
0	0
5564	1
0	0
914	0
45	64
2	2
23	64
3077	3
1018	0
0	0
0	0
81	0
0	0
3	0
39	0
32	0
0	0
785	0
1333	1
90	0
0	0
0	0
1037	2
302	0
16	0
1007	0
7	0
0	0
4	17
115	27
1264	0
64	13
2	13
0	0
3	0
447	310
1442	313
1582	344
87	338
0	0
0	0
0	25
68	25
4	0
0	0
9	0
297	126
3227	126
0	0
221	0
10	0
0	0
0	0
4959	0
1	0
3155	1
14675	8
79	0
1266	0
349	0
6	0
74	0
894	0
382	221
6	0
0	0
15	12
1291	0
0	0
1	1
2	0
1	0
1	0
1695	0
283	2
7681	0
5465	4
434	530
257	274
0	0
1876	236
0	0
3335	139
11	0
0	315
3547	1
0	0
1	0
5	0
17	7
0	0
945	2
21533	7
693	1
0	0
3	0
1	0
12	13
114	0
0	0
5	0
67	51
0	0
7	0
0	0
0	0
0	0
11	3
573	0
0	0
0	0
136	0
501	2
140	273
701	273
0	0
1522	0
5	0
471	0
0	0
0	0
28023	9
22	3
19	0
8	0
1186	0
503	0
6779	152
2260	150
62	0
5	0
0	0
823	0
0	0
0	0
0	0
0	0
731	424
89	424
261	0
0	0
0	0
0	0
29	0
4809	5
0	0
8	0
4461	0
0	0
0	0
0	0
1430	3845
155	3516
51	5
0	7
0	0
1	1
0	0
2008	2350
79	21
5	1
0	0
1	0
110	159
2578	0
0	0
1502	0
725	0
0	0
0	0
6	0
1257	35
5	0
30	0
0	2
12	0
4	1
2	0
0	0
12	0
3	0
133	17
175	0
3041	0
0	0
1	0
0	0
23	5
2532	5
2621	0
1085	0
855	0
0	0
0	1145
4487	0
1136	0
0	0
1	0
1	0
614	0
0	0
1177	0
0	0
0	0
0	0
2193	0
302	0
60	0
1	3
0	0
0	0
0	2
0	0
0	0
0	0
0	0
0	0
19	0
0	0
0	0
0	0
4	0
0	0
621	0
1	0
66	0
0	0
2	0
16	0
12	0
8193	2
15017	10
4	0
0	0
0	0
2	0
0	0
0	0
844	1
0	1
3344	1
0	0
26	0
0	70
2722	0
0	0
39	1697
1929	1697
67	0
10	0
627	0
0	0
4043	0
0	0
6245	2
2639	0
2	0
1239	0
2	0
807	0
3	0
11	0
5	0
0	17
0	17
0	0
3205	0
0	0
1	0
3	0
5072	4
1353	0
0	0
1	0
1	0
7	1
9917	1446
0	1441
0	0
0	0
0	0
615	0
0	0
0	0
0	0
0	0
134991	51
5874	3
0	0
2086	2
0	0
2954	3
0	0
7	0
0	0
0	0
0	0
0	0
0	0
58	1
2594	0
0	0
0	0
3464	1
10847	10
209	38
1	7
0	22
3	0
0	0
4	0
8	0
49	0
0	0
0	0
3	0
2	0
753	0
23443	8
0	0
6	0
0	2
0	0
24	34
918	35
11	0
536	79
3	79
0	0
3	0
2	0
4122	1
0	0
0	0
0	1
0	33
0	2
0	0
0	0
0	1
2651	1
3	0
0	0
1228	1088
0	1088
11	33
1784	37
25	0
2619	0
159	0
5336	0
0	0
0	0
469	0
0	0
0	0
0	0
586	0
0	390
2243	390
19532	7955
32	7665
2154	3645
338	998
1	0
717	0
16	0
294	0
9	0
17	0
7	0
343	27
32251	35
0	0
1241	1314
2	1314
0	0
0	0
6	0
2228	0
301	0
0	0
714	0
4	0
127	0
5	2
32	7
0	0
9	26
0	0
20	24
63	24
3	26
23	2
0	2
2	0
8	0
2	0
0	0
989	0
1	0
14	0
0	0
1	0
0	0
25218	11
0	0
20	0
0	173
0	141
3	0
0	0
0	0
204	1632
3353	3291
3	0
0	0
0	0
0	0
1	0
16	0
0	0
0	2
0	0
0	0
0	0
0	0
3454	2435
50	410
40	33
17	28
0	0
11	0
102	23
6	0
0	0
0	0
0	0
0	0
0	0
1	0
3	0
8	0
1	0
802	10
106	0
135	194
249	153
0	6
21	362
4	0
422	0
6	0
15	0
1	0
0	0
328	281
0	2
22	0
1805	1
11775	9
34	0
21	3
282	0
0	0
0	0
0	0
0	0
0	0
2026	2
0	0
0	0
0	0
1	0
0	0
0	0
196	0
0	53
0	0
160	0
1211	0
0	0
189	0
0	0
4	1
0	0
35	0
0	0
264	0
5	2
1	62
0	175
1	0
0	0
3681	1
13805	3201
371	3193
0	3
0	1
0	0
126	548
0	3
14	399
8423	3
2	0
48	167
19	381
0	21
386	21
0	0
2885	2
2785	2
0	0
0	0
0	0
30	0
1835	0
2	0
1	0
11321	1010
30	1009
0	0
0	0
0	0
0	0
405	0
0	0
2526	1
5	0
0	0
3928	0
0	0
6	5
0	5
305	76
0	76
0	0
626	1
0	0
2606	239
101	235
23	0
0	0
0	0
3	1
419	58
8	57
0	0
0	0
2	0
0	1
1451	0
0	0
0	0
0	0
358	0
31	0
94	0
1	0
0	0
490	0
1	243
47	0
0	0
2	0
1	0
1400	0
1024	0
3	0
13	0
3328	1
51	0
6	0
0	0
0	0
0	0
1	0
839	0
5	0
2	0
1	0
2	0
0	0
0	0
20	21
1122	21
0	0
278	0
725	91
218	0
2	1
4073	617
1	0
167	617
29	89
32	0
1	0
3452	1
1954	3
0	0
0	0
2	0
51	115
0	0
11	115
43	4
0	0
0	0
2	0
78	0
0	0
498	0
0	0
3075	2
31	1
2	74
367	74
3	0
0	0
82	0
0	0
0	0
1801	1
209	0
2	0
23	6
215	0
98	0
0	0
1519	1
0	0
6	34
0	0
202	14
0	0
9	0
57	0
16	0
70	0
91	0
0	12
49	25
0	0
0	0
0	0
1	0
0	0
0	0
8	0
10	1
0	1
22	2
0	0
0	2
1	0
1	0
1	0
5	0
19	0
12	0
17	0
0	0
2	0
0	0
12	4
4	5
27	0
2	31
0	0
3	0
0	0
0	0
0	0
19	0
14490	5
428	0
14626	13
7	0
5313	12
0	0
0	9
1	0
4	1
3	0
915	0
0	0
16	0
0	0
250	63
2127	64
3936	0
29262	6
2	0
0	0
297	0
18	0
0	0
0	1
0	0
5	0
0	0
4	7
5463	5
0	0
3735	1
0	0
464	0
1306	0
11617	3
0	0
5135	0
20	0
0	0
237	0
0	0
408	0
1717	2
5	0
2903	1
0	0
3	0
413	0
1423	1222
432	1222
20	0
767	0
3791	3
3	0
321	0
2	0
111	0
0	0
0	0
1	0
0	0
152	0
0	0
0	0
4	0
5	0
428	0
4	4
0	0
91	0
9	0
1797	1
0	5
38	0
9	0
7	0
99	0
22	1
0	1
0	0
4	0
0	0
0	0
0	0
0	46
0	46
0	3
0	541
8	296
435	527
1	0
169	0
0	0
1	0
0	0
0	0
6	0
0	0
766	3
1115	0
537	0
0	0
4	0
0	1
4	1
0	0
2	0
0	0
11	0
0	0
592	743
1947	743
851	0
1580	0
0	0
0	0
134	0
0	0
5	0
19906	4
44938	6656
9	6643
0	0
0	0
4758	4
30	0
1	1
0	0
13	0
3	0
97	27
0	0
5	0
41	27
0	0
1	0
0	0
132	0
3530	0
312	26366
25519	25452
91	18015
73828	33815
203	112
217	94
6	0
0	100
1	17
0	0
422	0
48	0
0	0
0	0
1	0
0	0
383	0
0	0
0	0
3	0
54	0
0	0
1	0
2	0
0	0
0	0
0	0
0	0
3974	0
1	0
98	0
0	0
2	0
0	0
0	0
41	3
0	0
0	0
3	0
1063	0
0	0
0	0
4741	7206
2418	7206
5	0
153	0
1405	0
3	0
3330	0
0	0
25	0
16	0
0	0
398	1154
0	1154
0	0
0	0
0	0
3	7
1903	0
9	0
0	0
422	0
1	1
4	0
0	0
0	6
0	6
0	0
0	0
1	0
436	0
0	0
166	0
1020	622
51	622
2	0
0	0
0	0
70	83
0	83
7	0
705	0
3	0
0	0
0	0
294	377
406	377
1	0
0	0
4	0
0	0
0	0
1	0
1	0
4920	3
21	0
8	0
20	2
1736	2
13	0
416	0
401	0
0	0
0	0
1736	0
0	0
1569	0
2	0
1496	1
751	0
0	0
1076	3
142	0
132	2
25	0
62	0
0	0
1442	1
9	22
0	0
1	0
672	1
0	0
76	0
0	2
2	3
0	1
0	2
0	1
0	0
0	0
0	0
0	0
0	0
0	0
511	0
7	0
0	0
0	0
0	0
2152	1
522	0
2022	0
2	0
0	0
0	0
16	0
0	0
2902	0
28	0
747	5
241	160
79	160
0	0
0	0
6	0
0	0
0	0
0	0
2218	0
0	0
16	0
1	0
42	0
637	315
1	0
0	0
0	0
560	0
1936	2
2779	2
6	2
0	0
0	0
521	10
14	10
0	0
1458	1
878	1
0	0
2244	1
0	0
1163	803
2	0
0	0
181	800
0	0
0	0
0	0
0	0
3	0
180	0
4	0
146	74
9	74
0	0
1100	0
1	0
1907	315
163	0
1	0
72	0
0	0
1599	0
0	0
2	0
1	0
1479	7
0	4
2517	0
0	0
3526	2
1066	0
0	0
2845	0
6	0
0	0
34	63
30	0
2	0
2259	25
25	25
3	1
3682	0
0	0
9	0
1	0
0	0
13111	310
0	0
42	308
1	0
193	0
0	0
68	33
35	33
790	0
68	1
2472	2
526	457
190	512
0	0
3366	5
29	3
3	0
0	0
40	0
191	0
7	0
0	0
0	0
0	0
0	0
0	0
433	1
0	0
130	0
0	0
1	0
0	0
0	0
0	0
0	0
37845	14500
45	14497
0	0
0	0
953	0
5175	1
2	0
0	0
3	0
1212	0
0	0
1	0
33	0
4	0
5641	3052
272	3051
27	0
0	0
550	0
2264	0
117	709
91	0
47	3
22	0
1	0
2192	0
1	0
28	0
2	38
1969	39
1	0
11	0
11	0
0	0
11	250
210	250
0	0
0	0
353	132
14	0
0	0
12	0
15	0
2212	2
0	0
398	0
1704	380
169	380
0	0
0	0
3	0
0	0
0	0
1238	17
2	0
9	0
821	940
5	0
1	0
0	0
385	1116
3	0
2	0
0	0
1	0
71	385
3027	0
6	0
0	1
13883	2862
1471	2857
5853	1
3751	2
23	22
0	0
0	0
0	147
0	36
0	0
5	0
3608	0
3	0
0	0
6	2
29022	8
0	0
0	0
2	0
1887	3
15	3
5326	1
1	0
0	0
3	0
303	0
0	0
84	0
0	0
3	1
3169	6
0	0
2	0
22	0
0	0
0	99
103	142
27	142
1	0
2	1
4	0
2	0
15878	126
11	124
2	0
5	0
17	0
2	0
2	0
1515	0
27	35
17	35
9	393
1543	394
1	0
3197	4
0	0
2	1
0	4
2	0
5	0
1	0
633	1
0	0
0	0
6	0
4	0
0	0
11	0
0	0
2	1
0	0
0	0
1	1
3	0
7	855
14419	9393
26	2
3	8535
209	0
28	0
113	1176
465	1177
2353	47
1	47
1	0
0	0
0	0
107	0
0	0
80158	28
16	4
4411	0
501	0
0	0
1218	0
3	0
2644	0
0	0
599	0
82	0
3749	1
2	0
0	0
63	0
12	0
246	0
188	0
1562	1
7	0
0	0
4	0
0	0
0	0
0	0
0	0
28	7
2	0
0	3
11	0
0	0
162	0
0	0
0	0
0	115
0	0
1111	0
0	0
0	5
3	0
0	0
8	0
6	0
1500	0
34	2
19722	7
1631	0
0	0
0	0
9851	2
1	0
2	0
1	1
267	347
0	347
0	0
0	0
2619	2
0	0
2	0
1834	0
4	0
67	36
899	36
2783	1
0	0
0	0
0	0
25	0
3143	317
84	317
5	1
381	0
267	0
1959	4
19730	5
0	0
12	0
0	0
0	0
0	0
93	0
1384	0
1	0
117	1
13	0
11	0
3361	5
0	0
0	91
0	0
1	0
3485	3
740	0
2	0
6	172
22	172
0	0
5938	15
0	13
7	0
703	0
0	455
0	1
4	681
3	0
0	0
0	0
3	1
1	0
0	18
6	0
0	0
6	1
0	0
2	1
8	14
16	8
0	2
3	0
0	0
0	0
3	0
0	0
0	33
0	15
0	0
3	0
1	0
2	0
1	0
0	0
0	0
10	1
0	0
0	28
1996	0
0	0
247	0
1719	127
24	126
14	52
5631	56
119	0
0	0
2457	4
4	0
12	0
6214	1
1	0
3	0
0	1240
7897	1246
2035	1
0	0
4	0
117	0
0	0
0	0
0	0
2397	0
0	0
0	0
466	44
2	44
2034	0
900	0
0	0
185	0
755	0
180	0
5341	2
1	0
2787	1
281	232
19	0
55	182
0	4
66	4
236	0
0	0
9	61
2	22
0	0
1507	1
2596	2
6	0
1	0
320	177
26	177
0	0
7	0
15	0
4668	0
0	0
0	0
0	0
71	8
12952	13
0	0
370	0
1	0
8440	1
35	0
3190	1
1	0
17	6
3416	3
519	0
0	0
1745	113
32	113
584	0
0	0
0	3
0	1
0	0
685	0
7	0
26	175
0	0
3767	991
6	991
213	0
0	0
233	0
0	0
4	0
0	0
0	0
2	0
755	1
0	0
64	0
1678	298
233	298
99	0
6663	672
353	671
0	5
0	0
0	0
0	4
0	1
0	0
340	0
0	1
0	2
1	0
4	0
0	2
0	0
27	26
0	0
3	15
35	28
7	24
1929	1081
54	1081
51	0
0	0
14	15
76	0
0	0
268	272
250	272
746	0
117	0
28	0
427	0
0	0
0	0
99	2
350	0
2	0
944	0
0	0
0	0
16	27
5	3
31	2
0	0
13	4
6076	0
1445	33
2	33
0	0
0	0
7610	1
1026	0
0	0
0	0
0	0
461	0
0	0
1	0
1668	3
11479	2
0	0
471	0
2	0
68	0
3828	2
0	0
4061	0
1533	6
37	1
899	131
267	119
307	0
2	1
0	2
0	0
0	0
191	3
259	3
451	4
15	11
53	19
51	18
1667	79
11	11
112	16
4	79
224	121
3	0
0	0
338	0
11	0
0	0
2188	484
30030	486
1	0
1	0
0	0
2027	18
488	20925
0	20918
5	0
2	0
0	0
566	0
0	0
0	0
2	2
1	0
0	0
0	4
9	0
1	0
202	0
0	0
0	0
0	0
4	0
0	0
0	0
1	0
120	0
67	1
42	18
50	39
0	0
5	0
56	622
1948	622
2	0
0	0
0	0
2585	0
42	79
1	0
635	0
0	0
566	55
12	55
582	728
21	728
0	0
68	0
1	0
1	0
2	0
6	0
13022	4
6	0
17	0
308	61
1	61
1	0
7	0
13	0
3430	1550
20	1550
240	0
15009	10
2078	266
55	3328
13	0
68	559
0	16
0	200
0	0
0	0
45	747
27	273
0	0
0	387
0	93
0	93
570	2
782	248
84	246
6	0
384	0
0	0
1775	0
0	119
26	263
5	78
13	0
10	66
4	13
0	0
349	235
0	0
479	64
128	0
19	0
1	1
1	0
451	65
600	0
11	1
515	65
0	0
1000	2
0	0
1799	0
0	0
6	9
5	8
0	4
4	2
9	80
740	342
43	262
4	10
14	0
1	0
1	0
19	0
0	0
1322	0
1	0
36	0
0	0
11	0
888	0
2	0
2	0
495	0
800	1
0	0
0	0
21469	3
0	0
11	10
1	10
0	0
5713	0
16	0
95	0
4151	0
1102	1
1211	0
0	0
0	0
0	0
1	0
0	0
1	0
20	64
0	5
1	0
0	0
86	64
122	0
0	0
3943	0
19	0
0	0
0	0
141	96
1775	96
5547	4
530	0
1194	11050
46	11050
0	0
2	0
2999	0
366	367
57	367
322	0
0	0
3719	0
0	0
2	0
122	0
1894	0
40	0
906	0
4404	1348
2	0
66	0
0	48
144	1347
46	0
0	0
5029	398
0	398
310	0
0	0
0	0
0	0
0	0
0	1
0	0
0	0
0	5
0	0
0	0
0	0
4	1565
0	5
0	0
0	0
0	1078
0	11
0	0
0	0
7	0
0	0
0	3
0	0
0	12
0	11
0	12
0	6
0	12
0	0
0	0
0	12
9	7
2	0
0	0
1385	0
616	0
0	0
0	0
1525	0
26	0
2737	0
1	0
1362	0
0	0
0	0
8	2
2	0
601	24
3	24
19	0
0	0
1346	0
2640	0
3	0
0	0
19	198
9550	199
3647	7791
6	7790
7	0
0	0
59	0
0	0
14	4
0	0
1466	0
100	0
1	0
0	0
0	0
52	5
0	0
13	37
671	36
73	0
1	0
0	0
0	0
10	0
2434	0
215	0
8849	0
0	0
0	0
8329	2
0	0
8	0
5036	508
1146	506
142	0
2097	2685
18	0
281	2685
2479	2736
75	2736
10832	5099
195	5097
3301	4
2	0
0	0
0	0
0	0
12	129
132	129
1	1
547	1116
65	0
0	0
0	0
154	80
9	0
7	0
896	1339
0	0
0	0
0	0
231	0
117	0
1648	0
1	0
0	0
18	0
341	0
250	0
0	0
482	0
0	0
0	0
0	0
222	0
196	0
1429	0
1513	2
0	0
10	0
91	1
7145	1
215	0
0	0
440	0
0	0
3	0
4	1
2	0
8438	1
0	1
1	0
3	2
12	0
0	0
4	0
0	0
226	0
0	0
0	0
0	0
1650	2
206	0
1025	0
3241	7756
589	7756
0	1
4815	1
4	0
1	0
10	2
13	0
1607	0
2	0
0	0
82	0
2	2812
6319	2814
0	0
1	0
14368	551
55	543
4	0
0	0
0	0
0	0
3	0
0	0
4549	2
3381	2
4	0
1582	2
0	0
313	0
0	1
0	0
0	0
1187	0
1220	0
13	3
812	0
1	0
0	0
1	0
410	0
92	674
123	0
112	0
0	0
153	674
142	0
0	0
1	0
0	0
1	0
189	35
16	35
1159	0
1	0
0	0
547	319
0	0
9	0
2	0
0	0
0	0
0	0
0	0
26	81
556	81
8	0
34	0
4	0
1	2
0	0
2	0
1697	0
38	0
1	0
2818	0
699	8
9	7
3	0
0	0
0	0
0	0
5	0
0	0
1354	0
18045	10
22	7
5	0
17	6
1273	1505
75	0
20	1
6	1
56	7
252	105
432	599
0	1
11	0
3450	1949
390	610
593	1508
3	0
0	0
356	912
0	2
55	110
139	23
0	0
3	0
19	7
595	494
639	1359
1	0
2	0
0	0
0	0
1	0
17	28
0	0
0	0
4	0
0	0
0	0
1	0
6	0
449	28
7	0
0	0
21	0
0	0
2	0
0	0
0	0
0	0
0	1
0	0
0	0
804	0
0	0
0	0
0	0
0	0
1	0
0	0
22	313
226	1
590	313
235	0
553	2
1	2
0	0
0	2
2780	387
5	265
159	118
1966	5311
1	5310
1	0
81	0
13555	24435
10	24429
611	0
0	0
301	0
0	0
0	0
2	0
5	2
0	145
0	0
4	50
4	48
5	13
0	0
0	0
137	0
0	0
111	0
4	0
0	0
19	0
386	0
0	0
7	0
110	106
2262	1482
95	124
1	0
27	1391
256	1391
8035	0
5	0
1	0
0	0
1	0
666	1
0	0
0	0
3340	0
0	0
0	0
0	0
621	0
0	0
0	0
863	1
0	0
232	320
73	320
1494	0
0	0
359	0
2170	823
1021	0
0	0
0	0
10737	1
0	0
266	0
1	0
341	0
0	0
0	4
905	5
1	0
12	0
25	0
0	4273
1978	4273
2	0
1558	0
1	0
776	149
2	0
3	0
2	0
32	484
418	484
1	0
0	0
0	0
0	0
0	0
641	206
136	205
2	1
1066	0
5	21
1008	22
3	0
514	1146
63	1146
5842	0
8404	3
32	1
0	0
3	0
90	0
0	0
0	0
0	0
81	0
225	0
3	0
0	0
0	0
1	0
1843	0
0	0
0	0
28	14
0	0
0	0
1243	0
0	0
1486	2
4487	0
0	0
452	0
0	0
1	0
671	468
10	0
1	0
1067	1216
5	1
168	277
40	0
236	0
9	96
277	96
24	0
2135	0
21	0
5	0
0	0
0	0
616	0
13	0
3	0
0	0
1224	0
188	100
308	90
1155	0
7250	4
0	0
0	0
22	0
1064	0
8	1
0	0
0	0
3855	1
7	0
2954	1
420	0
4	0
1037	72
84	72
8	0
1016	0
259	344
5	344
5	0
0	0
5912	392
80	391
3988	0
0	0
0	0
2	0
0	0
0	0
0	0
0	1
99	0
4165	1742
47	1740
0	0
0	0
1	32
388	178
743	179
0	0
1674	34
0	0
476	242
161	242
0	0
5168	2643
2	0
1	11
0	0
10	11
11	0
245	70
3	0
23	0
0	0
17	0
75	0
0	0
1293	0
1225	0
7	0
21	0
0	0
0	0
44	0
14197	174
299	177
32	0
147	8
2750	0
9309	1716
11	1712
0	0
1953	6
1	0
0	0
1	0
0	0
140	0
5	0
3	0
0	0
0	0
3302	3
1309	0
894	0
2	0
3	0
657	0
1	0
0	0
0	2
1	0
365	0
15	1
3703	2
18	0
1515	468
80	468
1059	0
54	0
114	630
145	630
6	11
0	0
4959	1
2005	0
0	0
223	0
1154	1
832	0
3252	0
68	0
0	0
8860	3
12331	3
13460	1
578	1
0	0
0	0
9	379
963	379
0	0
234	0
0	642
4	0
0	5550
352	5844
1	0
8	2
16379	4
1415	0
197	0
1416	4731
119	6779
0	89
2	7
0	235
0	14
0	224
0	72
0	166
16	166
0	146
0	0
0	157
0	53
331	0
0	3422
2059	0
683	0
279	0
32	0
22460	6
79	0
89	0
434	0
122	0
436	0
7924613	412
102	0
688	53
0	3422
15006	0
