Sample	0	1	2	3	4	5	6	7	8	9	10	11	12	13	14	15	16	17	18	19	20	21	22	23	24	25	26	27	28	29	30	31	32	33	34	35	36	37	38	39	40	41	42	43	44	45	46	47	48	49	50	51	52	53	54	55	56	57	58	59	60	61	62	63	64	65	66	67	68	69	70	71	72	73	74	75	76	77	78	79	80	81	82	83	84	85	86	87	88	89	90	91	92	93	94	95	96	97	98	99	100
GFP_R1_MKRN250011206-1A_22MGWFLT4_L3_1	(0.0, 1.458146174196266e-05)	(1.0, 7.29073087098133e-06)	(2.0, 4.3744385225887986e-05)	(3.0, 5.832584696785064e-05)	(4.0, 0.00010936096306471997)	(5.0, 0.0002551755804843466)	(6.0, 0.0002843385039682719)	(7.0, 0.0003280828891941599)	(8.0, 0.00045931604487182385)	(9.0, 0.0008311433192918718)	(10.0, 0.001625832984228837)	(11.0, 0.0030402347731992153)	(12.0, 0.005519083269332868)	(13.0, 0.010141406641535032)	(14.0, 0.01902151684239029)	(15.0, 0.031758423673994673)	(16.0, 0.04854897686986468)	(17.0, 0.0731041584433298)	(18.0, 0.11033063027056048)	(19.0, 0.16384459486356345)	(20.0, 0.24414470467655183)	(21.0, 0.42669002422418234)	(22.0, 0.6515434550161175)	(23.0, 0.7872312472559512)	(24.0, 0.9875440779361632)	(25.0, 1.2950452338815428)	(26.0, 1.6338819511104001)	(27.0, 2.0352512670196643)	(28.0, 2.5737446491503455)	(29.0, 3.0880328047893686)	(30.0, 3.5052157159577915)	(31.0, 4.029710894816188)	(32.0, 4.817977425855819)	(33.0, 5.287405714445693)	(34.0, 5.493901084904498)	(35.0, 5.797523572026515)	(36.0, 5.939743859126748)	(37.0, 5.994489957236947)	(38.0, 5.879216211435861)	(39.0, 5.603232885045735)	(40.0, 5.190373377283803)	(41.0, 4.682289633615985)	(42.0, 4.135616051448062)	(43.0, 3.611507281325828)	(44.0, 3.125273858078341)	(45.0, 2.6013765191513647)	(46.0, 2.100328330774044)	(47.0, 1.711637595849416)	(48.0, 1.3612815238444083)	(49.0, 1.0746901840370031)	(50.0, 0.8582575474010513)	(51.0, 0.64985200545405)	(52.0, 0.49471983398130914)	(53.0, 0.3976291709724508)	(54.0, 0.31297649482948653)	(55.0, 0.24305838577677563)	(56.0, 0.19690805936346378)	(57.0, 0.15971075045971705)	(58.0, 0.12465691643203879)	(59.0, 0.09320470345462534)	(60.0, 0.06972125931919447)	(61.0, 0.05449821326058545)	(62.0, 0.04588056937108551)	(63.0, 0.03560792957387282)	(64.0, 0.024394785494303534)	(65.0, 0.01933501826984249)	(66.0, 0.01556571040954514)	(67.0, 0.011694332317054055)	(68.0, 0.01035283783679349)	(69.0, 0.008989471163919982)	(70.0, 0.006889740673077358)	(71.0, 0.0056940608102364195)	(72.0, 0.0048774989526865105)	(73.0, 0.0034558064328451513)	(74.0, 0.0028944201557795884)	(75.0, 0.003018362580586271)	(76.0, 0.0025080114196175778)	(77.0, 0.001691449562067669)	(78.0, 0.0009842486675824796)	(79.0, 0.0007144916253561704)	(80.0, 0.0006124213931624318)	(81.0, 0.0005468048153235998)	(82.0, 0.0003572458126780852)	(83.0, 0.00022601265700042126)	(84.0, 0.0002697570422263093)	(85.0, 0.00022601265700042126)	(86.0, 0.00015310534829060795)	(87.0, 0.00013123315567766395)	(88.0, 0.00015310534829060795)	(89.0, 0.00011665169393570128)	(90.0, 2.1872192612943993e-05)	(91.0, 7.29073087098133e-06)	(92.0, 7.29073087098133e-06)	(93.0, 1.458146174196266e-05)	(94.0, 2.1872192612943993e-05)	(95.0, 2.1872192612943993e-05)	(96.0, 4.3744385225887986e-05)	(97.0, 0.00021143119525845861)	(98.0, 0.0008894691662597224)	(99.0, 0.0008530155119048157)	(100.0, 0.00014581461741962663)
GFP_R1_MKRN250011206-1A_22MGWFLT4_L3_2	(0.0, 5.8330142188471106e-05)	(1.0, 4.374760664135333e-05)	(2.0, 3.645633886779444e-05)	(3.0, 5.1038874414912224e-05)	(4.0, 7.291267773558888e-05)	(5.0, 0.0001822816943389722)	(6.0, 0.00021144676543320776)	(7.0, 0.0002697769076216789)	(8.0, 0.0006562140996203)	(9.0, 0.0011082727015809509)	(10.0, 0.0018592732822575167)	(11.0, 0.003419604585799119)	(12.0, 0.005424703223527813)	(13.0, 0.009602599657777057)	(14.0, 0.01876772324914058)	(15.0, 0.03239510271792214)	(16.0, 0.05062327215181936)	(17.0, 0.07503443665769452)	(18.0, 0.11177513496865776)	(19.0, 0.16731272159985583)	(20.0, 0.2438418681511299)	(21.0, 0.40475285664580096)	(22.0, 0.6031992916387533)	(23.0, 0.7368409386603141)	(24.0, 0.9385174052769529)	(25.0, 1.2387791034598816)	(26.0, 1.574396159076797)	(27.0, 1.9757585762078933)	(28.0, 2.5349550668332186)	(29.0, 3.0685592075733523)	(30.0, 3.476082745973106)	(31.0, 3.9698984384729283)	(32.0, 4.7684235024975505)	(33.0, 5.283770308732693)	(34.0, 5.519023063446571)	(35.0, 5.826160427139966)	(36.0, 5.9665100405132)	(37.0, 6.024657901007332)	(38.0, 5.9097548121638175)	(39.0, 5.6481149593774305)	(40.0, 5.2389581769964)	(41.0, 4.7397031987375025)	(42.0, 4.186237644582194)	(43.0, 3.6271140666346047)	(44.0, 3.1303745757575845)	(45.0, 2.628793683078922)	(46.0, 2.143771259514011)	(47.0, 1.7382965673586275)	(48.0, 1.3788370661221743)	(49.0, 1.0862457816370297)	(50.0, 0.8679598070322236)	(51.0, 0.6565494979378836)	(52.0, 0.4918835065398297)	(53.0, 0.39417322710636704)	(54.0, 0.3163826912302673)	(55.0, 0.25073211619714303)	(56.0, 0.1974402400402011)	(57.0, 0.15705390784245846)	(58.0, 0.12150897744635887)	(59.0, 0.09095127420737358)	(60.0, 0.07029511260488124)	(61.0, 0.05763018048220945)	(62.0, 0.048158823644356454)	(63.0, 0.03714900930628253)	(64.0, 0.026270437788132674)	(65.0, 0.019657257917514763)	(66.0, 0.015647060642057373)	(67.0, 0.012599310712709758)	(68.0, 0.010404639112868534)	(69.0, 0.009690094871059762)	(70.0, 0.008428705546234075)	(71.0, 0.006314237891901997)	(72.0, 0.005439285759074931)	(73.0, 0.004651828839530571)	(74.0, 0.0034633521924404722)	(75.0, 0.002777973021725936)	(76.0, 0.002282166813123932)	(77.0, 0.0019248946922195464)	(78.0, 0.0014509622869382187)	(79.0, 0.0012176417181843343)	(80.0, 0.0012249329859578932)	(81.0, 0.0011447290404487454)	(82.0, 0.0008749521328270665)	(83.0, 0.0006051752252053878)	(84.0, 0.00043747606641353327)	(85.0, 0.00046664113750776885)	(86.0, 0.00043747606641353327)	(87.0, 0.0003572721209043855)	(88.0, 0.00039372845977217995)	(89.0, 0.00043018479863997437)	(90.0, 0.0004083109953192978)	(91.0, 0.00034268958535726773)	(92.0, 0.0003062332464894733)	(93.0, 0.0002697769076216789)	(94.0, 0.00029894197871591446)	(95.0, 0.0004083109953192978)	(96.0, 0.0004885149408284455)	(97.0, 0.0005978839574318289)	(98.0, 0.000911408471694861)	(99.0, 0.0017280304623334564)	(100.0, 0.008545365830611017)
GFP_R1_MKRN250011206-1A_22MVT7LT4_L4_1	(0.0, 2.0795812776961233e-05)	(1.0, 2.0795812776961233e-05)	(2.0, 3.4659687961602055e-05)	(3.0, 4.852356314624288e-05)	(4.0, 7.278534471936432e-05)	(5.0, 0.00015596859582720925)	(6.0, 0.00022182200295425318)	(7.0, 0.00035352881720834096)	(8.0, 0.0005961466329395553)	(9.0, 0.0010120628884787801)	(10.0, 0.001649801146972258)	(11.0, 0.0030673823846017823)	(12.0, 0.0054796966667292855)	(13.0, 0.009909204788222027)	(14.0, 0.018359236713260608)	(15.0, 0.03153685007626171)	(16.0, 0.0487661809619741)	(17.0, 0.07294131331519153)	(18.0, 0.10924387048617352)	(19.0, 0.163708104149035)	(20.0, 0.24417403572069032)	(21.0, 0.4220648841836129)	(22.0, 0.6485798088878669)	(23.0, 0.7865115030998584)	(24.0, 0.9854789078122314)	(25.0, 1.2945289474594484)	(26.0, 1.6399473976847743)	(27.0, 2.0545916426758084)	(28.0, 2.5928600626882843)	(29.0, 3.1054699157027863)	(30.0, 3.523628653053127)	(31.0, 4.058708381773136)	(32.0, 4.836735193259994)	(33.0, 5.292631398862927)	(34.0, 5.50199670996378)	(35.0, 5.8045515240869925)	(36.0, 5.9608216591994685)	(37.0, 6.00577180851687)	(38.0, 5.8615701767526245)	(39.0, 5.589567877567564)	(40.0, 5.191005727790713)	(41.0, 4.678333487337881)	(42.0, 4.127854459256532)	(43.0, 3.593904636364071)	(44.0, 3.0988811090212858)	(45.0, 2.58173430285261)	(46.0, 2.096190200167323)	(47.0, 1.7082304489379265)	(48.0, 1.3554641448647409)	(49.0, 1.07112299676535)	(50.0, 0.8551966067333654)	(51.0, 0.6500632435326236)	(52.0, 0.49377577857616756)	(53.0, 0.39060081945207054)	(54.0, 0.30705710758942495)	(55.0, 0.24127995177589656)	(56.0, 0.19408385467858305)	(57.0, 0.1577327739444548)	(58.0, 0.12146834243023058)	(59.0, 0.09008052901220374)	(60.0, 0.06860885231999127)	(61.0, 0.05386462106112575)	(62.0, 0.04474912312722441)	(63.0, 0.03403581357829322)	(64.0, 0.023308640154177385)	(65.0, 0.017939854488925225)	(66.0, 0.014411498254434137)	(67.0, 0.01131292215066691)	(68.0, 0.00908777018353206)	(69.0, 0.007503822443686846)	(70.0, 0.006294199333826933)	(71.0, 0.005379183571640639)	(72.0, 0.004789968876293404)	(73.0, 0.0034555708897717253)	(74.0, 0.00252669125240079)	(75.0, 0.0022875394054657355)	(76.0, 0.0019374765570535548)	(77.0, 0.0014765027071642475)	(78.0, 0.0009462094813517362)	(79.0, 0.0007451832911744442)	(80.0, 0.0006377382584934778)	(81.0, 0.0004263141619277053)	(82.0, 0.0003431309108198604)	(83.0, 0.0002564816909158552)	(84.0, 0.0001940942525849715)	(85.0, 0.00016636650221568986)	(86.0, 0.00011784293906944699)	(87.0, 0.00010744503268096638)	(88.0, 0.00011091100147712659)	(89.0, 9.358115749632556e-05)	(90.0, 3.119371916544185e-05)	(91.0, 2.426178157312144e-05)	(92.0, 2.426178157312144e-05)	(93.0, 2.426178157312144e-05)	(94.0, 2.426178157312144e-05)	(95.0, 3.812565675776226e-05)	(96.0, 6.931937592320411e-05)	(97.0, 0.0001940942525849715)	(98.0, 0.0005198953194240309)	(99.0, 0.0004263141619277053)	(100.0, 5.8921469534723494e-05)
GFP_R1_MKRN250011206-1A_22MVT7LT4_L4_2	(0.0, 6.932231201002123e-06)	(1.0, 4.1593387206012736e-05)	(2.0, 5.1991734007515925e-05)	(3.0, 4.852561840701487e-05)	(4.0, 8.318677441202547e-05)	(5.0, 0.00018717024242705734)	(6.0, 0.000280755363640586)	(7.0, 0.00037434048485411467)	(8.0, 0.0005927057676856815)	(9.0, 0.000956647905738293)	(10.0, 0.0018162445746625563)	(11.0, 0.003213089161664484)	(12.0, 0.00558391223240721)	(13.0, 0.010051735241453079)	(14.0, 0.018647701930695714)	(15.0, 0.03216208665704935)	(16.0, 0.04970063159558472)	(17.0, 0.07339846395621048)	(18.0, 0.11131776862569209)	(19.0, 0.16733366284538975)	(20.0, 0.24498505064341503)	(21.0, 0.40358410217554214)	(22.0, 0.6003381542379849)	(23.0, 0.7399602228573687)	(24.0, 0.9490224514171907)	(25.0, 1.2458259302880965)	(26.0, 1.5855572508712081)	(27.0, 1.9992208172130075)	(28.0, 2.5506104869407165)	(29.0, 3.078472163972224)	(30.0, 3.4953488194756877)	(31.0, 3.9964000923373195)	(32.0, 4.7858009881202355)	(33.0, 5.304331881955194)	(34.0, 5.558834886037585)	(35.0, 5.87686485684596)	(36.0, 6.005901408421413)	(37.0, 6.030815847357815)	(38.0, 5.903054826323346)	(39.0, 5.644676704999594)	(40.0, 5.231671700621891)	(41.0, 4.730790267424683)	(42.0, 4.176093923414096)	(43.0, 3.611078953260818)	(44.0, 3.120096746218641)	(45.0, 2.617430263487176)	(46.0, 2.119945623578459)	(47.0, 1.715578179277204)	(48.0, 1.3593100211641018)	(49.0, 1.0657196314548605)	(50.0, 0.8449349999341438)	(51.0, 0.6409125034574503)	(52.0, 0.4804140205762486)	(53.0, 0.3810959441594912)	(54.0, 0.3052261397801235)	(55.0, 0.23882576322132465)	(56.0, 0.189340030792971)	(57.0, 0.15386087150624214)	(58.0, 0.11912692707362099)	(59.0, 0.08786949658830241)	(60.0, 0.0675649914005672)	(61.0, 0.054168454604630586)	(62.0, 0.04460890777844866)	(63.0, 0.03424522213295049)	(64.0, 0.024099901770283882)	(65.0, 0.01880714324831876)	(66.0, 0.014703262377325504)	(67.0, 0.011538698834068035)	(68.0, 0.009452097242566395)	(69.0, 0.008408796446815575)	(70.0, 0.007438284078675278)	(71.0, 0.005937456023658318)	(72.0, 0.004928816383912509)	(73.0, 0.0037434048485411467)	(74.0, 0.0028491470236118727)	(75.0, 0.002492137116760263)	(76.0, 0.0019375586206800935)	(77.0, 0.0015424214422229724)	(78.0, 0.0012685983097833887)	(79.0, 0.001237403269378879)	(80.0, 0.0010814280673563314)	(81.0, 0.0007209520449042208)	(82.0, 0.0005441801492786667)	(83.0, 0.00046099337486664124)	(84.0, 0.00040206940965812314)	(85.0, 0.0003535437912511083)	(86.0, 0.00035700990685160936)	(87.0, 0.0003431454444496051)	(88.0, 0.0002738231324395839)	(89.0, 0.00022876362963307007)	(90.0, 0.00022876362963307007)	(91.0, 0.00026689090123858174)	(92.0, 0.0002738231324395839)	(93.0, 0.0002564925544370786)	(94.0, 0.00024956032323607643)	(95.0, 0.00024956032323607643)	(96.0, 0.0003535437912511083)	(97.0, 0.00045752725926614013)	(98.0, 0.0007036214669017155)	(99.0, 0.0013413867373939109)	(100.0, 0.005102122163937563)
GFP_R2_MKRN250011211-1A_22MGWFLT4_L3_1	(0.0, 3.06435685661338e-05)	(1.0, 3.830446070766725e-05)	(2.0, 5.3626244990734145e-05)	(3.0, 7.66089214153345e-05)	(4.0, 0.0001225742742645352)	(5.0, 0.00013023516640606864)	(6.0, 0.00021450497996293658)	(7.0, 0.0004902970970581408)	(8.0, 0.0008810025962763467)	(9.0, 0.0015091957518820896)	(10.0, 0.002482129053856838)	(11.0, 0.004765074912033806)	(12.0, 0.008534233845668263)	(13.0, 0.01434119008895062)	(14.0, 0.025326909419909588)	(15.0, 0.04204297607273557)	(16.0, 0.0635317785297369)	(17.0, 0.09229076762905347)	(18.0, 0.132495129587821)	(19.0, 0.19166019959688385)	(20.0, 0.2873600642289197)	(21.0, 0.5052434976262726)	(22.0, 0.7320135659078042)	(23.0, 0.8497078518781827)	(24.0, 1.0537786967443505)	(25.0, 1.317650465667329)	(26.0, 1.6390095692203739)	(27.0, 2.0907417352380353)	(28.0, 2.6629873955341594)	(29.0, 3.1596200503933485)	(30.0, 3.498530257842647)	(31.0, 4.059047092270083)	(32.0, 4.838489241426121)	(33.0, 5.256429212207479)	(34.0, 5.483283550302566)	(35.0, 5.739716592956117)	(36.0, 5.897462023042432)	(37.0, 5.914331307538088)	(38.0, 5.740896370345912)	(39.0, 5.5083806329582305)	(40.0, 5.115828858733916)	(41.0, 4.615848394008876)	(42.0, 4.082428135086044)	(43.0, 3.5542096219273125)	(44.0, 3.0600514352298385)	(45.0, 2.5558191753662483)	(46.0, 2.0823837019116223)	(47.0, 1.71217875006416)	(48.0, 1.3622828232839028)	(49.0, 1.0513501939354846)	(50.0, 0.8423993607751596)	(51.0, 0.6555578623353004)	(52.0, 0.5082389064536121)	(53.0, 0.41542719815893436)	(54.0, 0.33207669165905046)	(55.0, 0.2628988356210034)	(56.0, 0.21163214540986156)	(57.0, 0.16606515895202062)	(58.0, 0.13006662677895492)	(59.0, 0.09961458051635946)	(60.0, 0.07492352514419715)	(61.0, 0.05921869625405357)	(62.0, 0.04862368242231281)	(63.0, 0.03802100769843051)	(64.0, 0.027127219073169943)	(65.0, 0.019504631392344166)	(66.0, 0.01621044777148478)	(67.0, 0.013919841021166278)	(68.0, 0.010955075762392833)	(69.0, 0.009108800756283272)	(70.0, 0.007783466415797985)	(71.0, 0.0074387262694289805)	(72.0, 0.0067415850845494365)	(73.0, 0.005500520557621017)	(74.0, 0.004336064952107933)	(75.0, 0.0033095054051424503)	(76.0, 0.002826869200225843)	(77.0, 0.0022752849660354346)	(78.0, 0.0018999012511002958)	(79.0, 0.0011797773897961514)	(80.0, 0.0007048020770210774)	(81.0, 0.0005286015577658081)	(82.0, 0.0003600619306520721)	(83.0, 0.0002757921170952042)	(84.0, 0.00022982676424600348)	(85.0, 0.00023748765638753697)	(86.0, 0.00014555695068913554)	(87.0, 3.830446070766725e-05)	(88.0, 2.298267642460035e-05)	(89.0, 1.53217842830669e-05)	(90.0, 1.53217842830669e-05)	(91.0, 2.298267642460035e-05)	(92.0, 2.298267642460035e-05)	(93.0, 1.53217842830669e-05)	(94.0, 2.298267642460035e-05)	(95.0, 4.59653528492007e-05)	(96.0, 0.0001378960585476021)	(97.0, 0.00043667085206740665)	(98.0, 0.0017390225161280932)	(99.0, 0.0017160398397034927)	(100.0, 0.000306435685661338)
GFP_R2_MKRN250011211-1A_22MGWFLT4_L3_2	(0.0, 3.064604310549839e-05)	(1.0, 6.129208621099678e-05)	(2.0, 9.959964009286976e-05)	(3.0, 8.427661854012058e-05)	(4.0, 6.129208621099678e-05)	(5.0, 0.00013790719397474276)	(6.0, 0.00021452230173848872)	(7.0, 0.00042904460347697744)	(8.0, 0.0009270428039413263)	(9.0, 0.0016012557522622909)	(10.0, 0.0026202366855201126)	(11.0, 0.0045279528688373875)	(12.0, 0.008343385235471937)	(13.0, 0.014694777669086478)	(14.0, 0.025282985562036172)	(15.0, 0.04252904631965539)	(16.0, 0.06435669052154662)	(17.0, 0.09229822032298478)	(18.0, 0.13342521017056364)	(19.0, 0.19168333811411606)	(20.0, 0.2805721861416141)	(21.0, 0.4894402929271385)	(22.0, 0.7050505291958723)	(23.0, 0.8208159570268926)	(24.0, 1.0360124717137023)	(25.0, 1.302073756444863)	(26.0, 1.6005738778031935)	(27.0, 2.0475540780076638)	(28.0, 2.644937396263144)	(29.0, 3.1376721388241235)	(30.0, 3.4514110051166633)	(31.0, 3.9932024011787695)	(32.0, 4.799515118305984)	(33.0, 5.229096027537309)	(34.0, 5.482155728480961)	(35.0, 5.799503166349174)	(36.0, 5.945998913904233)	(37.0, 5.932215856017534)	(38.0, 5.758268915350725)	(39.0, 5.532131763275253)	(40.0, 5.13287511369682)	(41.0, 4.635849925101071)	(42.0, 4.111856218572483)	(43.0, 3.5858015656450504)	(44.0, 3.095648752215709)	(45.0, 2.5874224348648998)	(46.0, 2.0901597394350833)	(47.0, 1.716055829735488)	(48.0, 1.3830099562864842)	(49.0, 1.0642374774138663)	(50.0, 0.8430113537460497)	(51.0, 0.6543236663454961)	(52.0, 0.5077589651934501)	(53.0, 0.41609665026490444)	(54.0, 0.3353596497034689)	(55.0, 0.26639072969454475)	(56.0, 0.2113887438309515)	(57.0, 0.16634672197664527)	(58.0, 0.13042189794622477)	(59.0, 0.0999214235454775)	(60.0, 0.07454649985412483)	(61.0, 0.058219820389670565)	(62.0, 0.049983696305067875)	(63.0, 0.04021527006519026)	(64.0, 0.02915971001488172)	(65.0, 0.021406261109190628)	(66.0, 0.017085169031315354)	(67.0, 0.014610501050546357)	(68.0, 0.01189832623570975)	(69.0, 0.0100135945847216)	(70.0, 0.008757106817396165)	(71.0, 0.008029263293640579)	(72.0, 0.006964313295724509)	(73.0, 0.005500964737436961)	(74.0, 0.004696506105917628)	(75.0, 0.0039456780498329175)	(76.0, 0.0027887899226003536)	(77.0, 0.0018770701402117764)	(78.0, 0.0017927935216716557)	(79.0, 0.0015552866876040433)	(80.0, 0.001179872659561688)	(81.0, 0.0010419654655869452)	(82.0, 0.0007278435237555867)	(83.0, 0.0005592902866753456)	(84.0, 0.0005746133082280948)	(85.0, 0.0005056597112407234)	(86.0, 0.00038307553881872984)	(87.0, 0.0003217834526077331)	(88.0, 0.0003064604310549839)	(89.0, 0.0003447679849368569)	(90.0, 0.00038307553881872984)	(91.0, 0.00043670611425335203)	(92.0, 0.00041372158192422824)	(93.0, 0.00038307553881872984)	(94.0, 0.00042138309270060284)	(95.0, 0.00041372158192422824)	(96.0, 0.00041372158192422824)	(97.0, 0.0005286442435698472)	(98.0, 0.0008810737392830787)	(99.0, 0.001846424097106278)	(100.0, 0.009339381636400634)
GFP_R2_MKRN250011211-1A_22MVT7LT4_L4_1	(0.0, 4.003402625338029e-05)	(1.0, 4.337019510782864e-05)	(2.0, 5.337870167117372e-05)	(3.0, 6.672337708896715e-05)	(4.0, 9.674889677900238e-05)	(5.0, 0.00024687649522917845)	(6.0, 0.00037365091169821606)	(7.0, 0.0004804083150405635)	(8.0, 0.0008607315644476762)	(9.0, 0.0015613270238818313)	(10.0, 0.0026756074212675824)	(11.0, 0.004840781007804567)	(12.0, 0.008073528627765024)	(13.0, 0.014081968734626518)	(14.0, 0.02455753893759436)	(15.0, 0.04030091976173616)	(16.0, 0.0617524854958391)	(17.0, 0.08978964854862309)	(18.0, 0.1310180232518959)	(19.0, 0.19079216061704712)	(20.0, 0.28227324677487553)	(21.0, 0.49559121949715795)	(22.0, 0.722500744132463)	(23.0, 0.8445444731658928)	(24.0, 1.053969136835034)	(25.0, 1.3242922267732755)	(26.0, 1.6459189213552237)	(27.0, 2.10133265933826)	(28.0, 2.6762079316613834)	(29.0, 3.17035792621342)	(30.0, 3.518317001563529)	(31.0, 4.0883881907362465)	(32.0, 4.846228971543881)	(33.0, 5.258549416434008)	(34.0, 5.504038065419736)	(35.0, 5.772996662296507)	(36.0, 5.914837217312234)	(37.0, 5.9214361593063325)	(38.0, 5.759688684736113)	(39.0, 5.518490348897206)	(40.0, 5.123211054515601)	(41.0, 4.617217660530273)	(42.0, 4.075143600384087)	(43.0, 3.54277445543549)	(44.0, 3.0506495153781037)	(45.0, 2.541750318320551)	(46.0, 2.060941663017454)	(47.0, 1.6908337626426622)	(48.0, 1.3497572036392798)	(49.0, 1.0446879150819588)	(50.0, 0.8341489710154317)	(51.0, 0.6501926203811492)	(52.0, 0.5040617522186024)	(53.0, 0.4079400551842362)	(54.0, 0.324622574213243)	(55.0, 0.2575322185502865)	(56.0, 0.2055980779930889)	(57.0, 0.16219785736557024)	(58.0, 0.1258236083455198)	(59.0, 0.09458372319246539)	(60.0, 0.07139401348519485)	(61.0, 0.05680828325354663)	(62.0, 0.04726016799211543)	(63.0, 0.036494351098810586)	(64.0, 0.02533153011182638)	(65.0, 0.018435669089681625)	(66.0, 0.0150327768581443)	(67.0, 0.012200369500717644)	(68.0, 0.010005170394490623)	(69.0, 0.008403809344355412)	(70.0, 0.006915878035271444)	(71.0, 0.006375418680850811)	(72.0, 0.005691504065688898)	(73.0, 0.004627266201119871)	(74.0, 0.003933343079394613)	(75.0, 0.0031560157363081463)	(76.0, 0.002482109627709578)	(77.0, 0.0019049524158900122)	(78.0, 0.0014412249451216904)	(79.0, 0.000960816630081127)	(80.0, 0.0006338720823451879)	(81.0, 0.0004904168216039086)	(82.0, 0.0003135998723181456)	(83.0, 0.00020684246897579813)	(84.0, 0.00023019565095693664)	(85.0, 0.00024354032637473007)	(86.0, 0.00015346376730462444)	(87.0, 7.339571479786387e-05)	(88.0, 5.671487052562208e-05)	(89.0, 5.337870167117372e-05)	(90.0, 6.005103938007044e-05)	(91.0, 4.337019510782864e-05)	(92.0, 2.668935083558686e-05)	(93.0, 2.3353181981138503e-05)	(94.0, 2.668935083558686e-05)	(95.0, 5.337870167117372e-05)	(96.0, 0.00010342123448789907)	(97.0, 0.00028691052148255877)	(98.0, 0.0012910973466715144)	(99.0, 0.0012477271515636858)	(100.0, 0.00019349779355800476)
GFP_R2_MKRN250011211-1A_22MVT7LT4_L4_2	(0.0, 2.0017960113814114e-05)	(1.0, 4.003592022762823e-05)	(2.0, 6.339020702707803e-05)	(3.0, 8.007184045525646e-05)	(4.0, 0.0001401257207966988)	(5.0, 0.00020017960113814115)	(6.0, 0.00025022450142267645)	(7.0, 0.0004971126761597172)	(8.0, 0.0008207363646663788)	(9.0, 0.001568073542248772)	(10.0, 0.002832541356104697)	(11.0, 0.0047142296068032235)	(12.0, 0.007686896683704619)	(13.0, 0.013692284717848854)	(14.0, 0.02432849419165542)	(15.0, 0.03959218877843868)	(16.0, 0.062022313085967395)	(17.0, 0.09086819360997353)	(18.0, 0.13159139713484272)	(19.0, 0.1919488832046779)	(20.0, 0.2782296276219024)	(21.0, 0.4771814605397296)	(22.0, 0.6958009392693791)	(23.0, 0.8222777475951423)	(24.0, 1.0320893238747137)	(25.0, 1.297654255397943)	(26.0, 1.6064045995400407)	(27.0, 2.051046865914765)	(28.0, 2.6457571066093832)	(29.0, 3.1487083544689627)	(30.0, 3.47543149046658)	(31.0, 4.007271991097079)	(32.0, 4.81930721576732)	(33.0, 5.283633809587295)	(34.0, 5.540744489289123)	(35.0, 5.8412908061112425)	(36.0, 5.96597600700682)	(37.0, 5.948363538433349)	(38.0, 5.779702215494408)	(39.0, 5.535272913524681)	(40.0, 5.136415058256935)	(41.0, 4.648046894340268)	(42.0, 4.113694139715486)	(43.0, 3.5721716190432726)	(44.0, 3.0751123241105254)	(45.0, 2.566719527426674)	(46.0, 2.0805733570826415)	(47.0, 1.7028411223883402)	(48.0, 1.356110035256966)	(49.0, 1.0441334632098584)	(50.0, 0.8264414832988157)	(51.0, 0.641725756348596)	(52.0, 0.4956980736450076)	(53.0, 0.40011231410154524)	(54.0, 0.32161855616859447)	(55.0, 0.2575043662507335)	(56.0, 0.20371610742491497)	(57.0, 0.15864233390197685)	(58.0, 0.12233642690888934)	(59.0, 0.09362066312562298)	(60.0, 0.07070677144867708)	(61.0, 0.05561322952286125)	(62.0, 0.04733580301579911)	(63.0, 0.037123307031068274)	(64.0, 0.02597663957435945)	(65.0, 0.019237259669375364)	(66.0, 0.01529705785363962)	(67.0, 0.012317718123366952)	(68.0, 0.010215832311416468)	(69.0, 0.008958037150931816)	(70.0, 0.007750286890731698)	(71.0, 0.006569227244016665)	(72.0, 0.005598356178496681)	(73.0, 0.004604130826177246)	(74.0, 0.003930192835678838)	(75.0, 0.003516488326660013)	(76.0, 0.0027958417625627047)	(77.0, 0.0020651862184084893)	(78.0, 0.0016081094624764004)	(79.0, 0.001231104546999568)	(80.0, 0.0009008082051216352)	(81.0, 0.0007873730978100218)	(82.0, 0.0007173102374116724)	(83.0, 0.0005271396163304383)	(84.0, 0.0004103681823331894)	(85.0, 0.000350314301991747)	(86.0, 0.00034030532193483995)	(87.0, 0.0003002694017072117)	(88.0, 0.0002769151149077619)	(89.0, 0.0002702424615364905)	(90.0, 0.0002468881747370407)	(91.0, 0.00022353388793759096)	(92.0, 0.00022019756125195525)	(93.0, 0.0002802514415933976)	(94.0, 0.00029026042165030465)	(95.0, 0.00031361470844975446)	(96.0, 0.0004003592022762823)	(97.0, 0.0004937763494740814)	(98.0, 0.0007673551376962077)	(99.0, 0.0014246114947664378)	(100.0, 0.005671755365580666)
GFP_R3_MKRN250011216-1A_22MVT7LT4_L4_1	(0.0, 1.2199755130581604e-05)	(1.0, 1.2199755130581604e-05)	(2.0, 9.149816347936204e-06)	(3.0, 1.9316278956754207e-05)	(4.0, 5.184895930497181e-05)	(5.0, 6.404871443555342e-05)	(6.0, 6.608200695731701e-05)	(7.0, 0.00011691432000140704)	(8.0, 0.00023179534748105047)	(9.0, 0.0004198749057441836)	(10.0, 0.000829583348879549)	(11.0, 0.0017669312014125691)	(12.0, 0.0037859906755238243)	(13.0, 0.007910524555921289)	(14.0, 0.015513005294795393)	(15.0, 0.02785610754816133)	(16.0, 0.04526210818071864)	(17.0, 0.06971651733996946)	(18.0, 0.1076496226259912)	(19.0, 0.16633451138913222)	(20.0, 0.2577167771947538)	(21.0, 0.442990391777853)	(22.0, 0.6544263812384846)	(23.0, 0.8032227279811449)	(24.0, 1.0355080989599403)	(25.0, 1.3151549526481754)	(26.0, 1.6383813649553696)	(27.0, 2.082343670558626)	(28.0, 2.6234251768176593)	(29.0, 3.1463371811022136)	(30.0, 3.5479307537832203)	(31.0, 4.09267421987395)	(32.0, 4.9058621145042585)	(33.0, 5.403947617098079)	(34.0, 5.6223059509490545)	(35.0, 5.919942360223593)	(36.0, 6.041657283868885)	(37.0, 5.983641348345403)	(38.0, 5.83263989586289)	(39.0, 5.578721309098791)	(40.0, 5.170862145511969)	(41.0, 4.656387288546473)	(42.0, 4.095899021813467)	(43.0, 3.537259017982744)	(44.0, 3.0303520757832523)	(45.0, 2.513711762282078)	(46.0, 2.0301460015861714)	(47.0, 1.663057402999493)	(48.0, 1.3309699018824526)	(49.0, 1.038255077156843)	(50.0, 0.8195165176042974)	(51.0, 0.6230750438454116)	(52.0, 0.4742837803340557)	(53.0, 0.3790433419683878)	(54.0, 0.2997378170957812)	(55.0, 0.23617505957292928)	(56.0, 0.18561012449545117)	(57.0, 0.1431376936545922)	(58.0, 0.10837245811747816)	(59.0, 0.0789425821574718)	(60.0, 0.0588048530219251)	(61.0, 0.04589649544750888)	(62.0, 0.036753795623398845)	(63.0, 0.025378540610392384)	(64.0, 0.013928053774080665)	(65.0, 0.008399531407405434)	(66.0, 0.00586198234024446)	(67.0, 0.004154016621963037)	(68.0, 0.002897441843513131)	(69.0, 0.002067858494633582)	(70.0, 0.0013968719624515935)	(71.0, 0.0008153503012272039)	(72.0, 0.0004452910622662286)	(73.0, 0.0003100771095689491)	(74.0, 0.00038327564035243875)	(75.0, 0.0002968607081774857)	(76.0, 0.00011691432000140704)	(77.0, 7.421517704437143e-05)	(78.0, 6.404871443555342e-05)	(79.0, 4.5749081739681015e-05)	(80.0, 3.253268034821761e-05)	(81.0, 4.066585043527201e-05)	(82.0, 4.269914295703561e-05)	(83.0, 2.7449449043808608e-05)	(84.0, 2.0332925217636007e-05)	(85.0, 1.9316278956754207e-05)	(86.0, 1.1183108869699803e-05)	(87.0, 8.133170087054402e-06)	(88.0, 6.099877565290802e-06)	(89.0, 5.083231304409002e-06)	(90.0, 6.099877565290802e-06)	(91.0, 6.099877565290802e-06)	(92.0, 5.083231304409002e-06)	(93.0, 3.049938782645401e-06)	(94.0, 1.1183108869699803e-05)	(95.0, 2.643280278292681e-05)	(96.0, 3.456597286998121e-05)	(97.0, 6.506536069643522e-05)	(98.0, 0.00014233047652345205)	(99.0, 0.00011691432000140704)	(100.0, 2.643280278292681e-05)
GFP_R3_MKRN250011216-1A_22MVT7LT4_L4_2	(0.0, 6.100094622634422e-06)	(1.0, 1.2200189245268844e-05)	(2.0, 1.5250236556586055e-05)	(3.0, 1.8300283867903265e-05)	(4.0, 2.440037849053769e-05)	(5.0, 3.355052042448932e-05)	(6.0, 5.49008516037098e-05)	(7.0, 0.00010471829102189091)	(8.0, 0.00019113629817587855)	(9.0, 0.0003914227382857087)	(10.0, 0.0007198111654708617)	(11.0, 0.0015118067839762308)	(12.0, 0.0033794524209394693)	(13.0, 0.007327230324221046)	(14.0, 0.014675810979621312)	(15.0, 0.026828216150346185)	(16.0, 0.04498311442974333)	(17.0, 0.06932147529161756)	(18.0, 0.10557535431637104)	(19.0, 0.16295894443149303)	(20.0, 0.25374766938259824)	(21.0, 0.4313153237528636)	(22.0, 0.6330291860043903)	(23.0, 0.7842362981453781)	(24.0, 1.0270932652616998)	(25.0, 1.3113637747710862)	(26.0, 1.6276282638937534)	(27.0, 2.0636182934924294)	(28.0, 2.6243186575562434)	(29.0, 3.151214330586291)	(30.0, 3.5211108516311604)	(31.0, 4.049320078369949)	(32.0, 4.88928887435259)	(33.0, 5.4027948396859555)	(34.0, 5.62817808575574)	(35.0, 5.944136553464839)	(36.0, 6.059111136912252)	(37.0, 5.992461503065349)	(38.0, 5.8415095782160735)	(39.0, 5.593532598346488)	(40.0, 5.191951169149219)	(41.0, 4.687456060255921)	(42.0, 4.121178176342146)	(43.0, 3.5527154418710296)	(44.0, 3.0426692468711343)	(45.0, 2.52310690425993)	(46.0, 2.0404887680482737)	(47.0, 1.668764251981489)	(48.0, 1.3313070174573525)	(49.0, 1.03494408704103)	(50.0, 0.8112037997896078)	(51.0, 0.6147024683931223)	(52.0, 0.46780100637327726)	(53.0, 0.373358324743214)	(54.0, 0.2977883191931445)	(55.0, 0.23512103045238406)	(56.0, 0.18365554880365453)	(57.0, 0.14260089531088777)	(58.0, 0.10879112086493649)	(59.0, 0.07956760089276918)	(60.0, 0.05835452184255798)	(61.0, 0.045505689202415676)	(62.0, 0.03698284033215828)	(63.0, 0.02541909429251764)	(64.0, 0.01430675525495193)	(65.0, 0.008974255872332339)	(66.0, 0.006279030731565032)	(67.0, 0.0045110199734381545)	(68.0, 0.003204583041757283)	(69.0, 0.002403437281317962)	(70.0, 0.0016937929402181576)	(71.0, 0.001132584234935791)	(72.0, 0.0008224960916185412)	(73.0, 0.0006425433002508257)	(74.0, 0.0006628769489929405)	(75.0, 0.0006171262393231823)	(76.0, 0.0004697072859428505)	(77.0, 0.0003893893734114972)	(78.0, 0.0003782058666033341)	(79.0, 0.00035990558273543086)	(80.0, 0.0003395719339933161)	(81.0, 0.00030398804869461533)	(82.0, 0.00027552094045565467)	(83.0, 0.00025213724440222273)	(84.0, 0.00023790369028274243)	(85.0, 0.00023892037271984817)	(86.0, 0.00023485364297142524)	(87.0, 0.0002338369605343195)	(88.0, 0.00021146994691799325)	(89.0, 0.00022977023078589657)	(90.0, 0.00024400378490537687)	(91.0, 0.00022062008885194494)	(92.0, 0.00022875354834879082)	(93.0, 0.00022875354834879082)	(94.0, 0.00020333648742114737)	(95.0, 0.00021858672397773345)	(96.0, 0.00025925402146196295)	(97.0, 0.00035380548811279644)	(98.0, 0.0005886591310842217)	(99.0, 0.001143767741743954)	(100.0, 0.004329033817196228)
HNF4_FOXF_R1_MKRN250011210-1A_22MGWFLT4_L3_1	(0.0, 3.433295446918077e-05)	(1.0, 9.441562479024711e-05)	(2.0, 0.0001974144881977894)	(3.0, 0.000266080397136151)	(4.0, 0.00046349488533394033)	(5.0, 0.0006609093735317297)	(6.0, 0.0009098232934332903)	(7.0, 0.001261736076742393)	(8.0, 0.001708064484841743)	(9.0, 0.0026693872099788044)	(10.0, 0.004901029250475555)	(11.0, 0.008214159356751499)	(12.0, 0.013063689175523282)	(13.0, 0.022127589155387005)	(14.0, 0.03561185702315775)	(15.0, 0.05682103964649417)	(16.0, 0.08299133419062721)	(17.0, 0.1111958562870592)	(18.0, 0.15025817523436963)	(19.0, 0.21806576031100164)	(20.0, 0.32505582967558616)	(21.0, 0.5555587027430485)	(22.0, 0.7911857692650361)	(23.0, 0.8951631218749501)	(24.0, 1.0855736873610267)	(25.0, 1.3406932887828915)	(26.0, 1.6430550355543492)	(27.0, 2.0898211888231812)	(28.0, 2.6660569133952943)	(29.0, 3.1652838210930345)	(30.0, 3.5071799649357533)	(31.0, 4.0710987420920475)	(32.0, 4.870816250542676)	(33.0, 5.278743249068246)	(34.0, 5.507460808503311)	(35.0, 5.80509319079664)	(36.0, 5.923147054738918)	(37.0, 5.8575110290324615)	(38.0, 5.655101095959406)	(39.0, 5.419594194778061)	(40.0, 5.034601609837902)	(41.0, 4.553708499826705)	(42.0, 4.043537962891913)	(43.0, 3.5343630816367275)	(44.0, 3.0476505358430037)	(45.0, 2.5409476273095994)	(46.0, 2.071933719544738)	(47.0, 1.7066568337085066)	(48.0, 1.3594905813547682)	(49.0, 1.0585879851482505)	(50.0, 0.8487707171484696)	(51.0, 0.6563945900190324)	(52.0, 0.5063853287045644)	(53.0, 0.41207270277772484)	(54.0, 0.3232962657590407)	(55.0, 0.25263046222284935)	(56.0, 0.20150010977962193)	(57.0, 0.15586303005146337)	(58.0, 0.1204915037095899)	(59.0, 0.0889137688365609)	(60.0, 0.06715525894171759)	(61.0, 0.05476106237834332)	(62.0, 0.047121980008950605)	(63.0, 0.0378263325864199)	(64.0, 0.025603800795391558)	(65.0, 0.016900396837454233)	(66.0, 0.013140938323078938)	(67.0, 0.010179721000112097)	(68.0, 0.00805107782302289)	(69.0, 0.006600510496700002)	(70.0, 0.005476106237834332)	(71.0, 0.005004028113883096)	(72.0, 0.0038452909005482457)	(73.0, 0.003227297720102992)	(74.0, 0.002789552550620937)	(75.0, 0.0017681471551628093)	(76.0, 0.0014334008490882969)	(77.0, 0.0012359863608905077)	(78.0, 0.0008926568161986999)	(79.0, 0.0005579105101241875)	(80.0, 0.00044632840809934995)	(81.0, 0.00045491164671664514)	(82.0, 0.0003347463060745125)	(83.0, 0.00014591505649401827)	(84.0, 0.0001287485792594279)	(85.0, 0.0001287485792594279)	(86.0, 4.291619308647596e-05)	(87.0, 5.149943170377115e-05)	(88.0, 9.441562479024711e-05)	(89.0, 5.149943170377115e-05)	(90.0, 1.7166477234590385e-05)	(91.0, 3.433295446918077e-05)	(92.0, 1.7166477234590385e-05)	(93.0, 8.583238617295193e-06)	(94.0, 2.5749715851885575e-05)	(95.0, 7.724914755565673e-05)	(96.0, 8.583238617295192e-05)	(97.0, 0.00017166477234590384)	(98.0, 0.0007295752824700913)	(99.0, 0.0007295752824700913)	(100.0, 0.00014591505649401827)
HNF4_FOXF_R1_MKRN250011210-1A_22MGWFLT4_L3_2	(0.0, 6.867041795992377e-05)	(1.0, 8.583802244990472e-05)	(2.0, 0.00017167604489980943)	(3.0, 0.00028326547408468556)	(4.0, 0.00036051969428959983)	(5.0, 0.0005836985526593521)	(6.0, 0.0007553745975591615)	(7.0, 0.0010472238738888375)	(8.0, 0.0016824252400181325)	(9.0, 0.002660978695947046)	(10.0, 0.0046009180033148925)	(11.0, 0.00800868749457611)	(12.0, 0.013322061084225211)	(13.0, 0.022558232299834956)	(14.0, 0.03580303916385526)	(15.0, 0.05506509140161388)	(16.0, 0.08019846437494597)	(17.0, 0.11067096234466216)	(18.0, 0.1494525808875291)	(19.0, 0.21003705713267184)	(20.0, 0.3160040958470792)	(21.0, 0.5425821399058477)	(22.0, 0.7574432939002042)	(23.0, 0.8589896744584414)	(24.0, 1.0776277014405937)	(25.0, 1.3361289060484818)	(26.0, 1.6230596636917782)	(27.0, 2.0524901224041616)	(28.0, 2.636738038407193)	(29.0, 3.141336853378958)	(30.0, 3.4639333093501903)	(31.0, 4.017176531644315)	(32.0, 4.848088588959394)	(33.0, 5.280643551688953)	(34.0, 5.530346358995726)	(35.0, 5.8555265394427)	(36.0, 5.956703816504403)	(37.0, 5.86916620120999)	(38.0, 5.654759988734618)	(39.0, 5.4406885445468)	(40.0, 5.072949872569164)	(41.0, 4.590102412486205)	(42.0, 4.067125676907915)	(43.0, 3.5442519469565656)	(44.0, 3.0558679344255877)	(45.0, 2.5517755637862773)	(46.0, 2.083898254818582)	(47.0, 1.7130779978349935)	(48.0, 1.369331053132105)	(49.0, 1.0723314954554346)	(50.0, 0.8573501682296483)	(51.0, 0.6578111012425998)	(52.0, 0.5013026349096885)	(53.0, 0.40964479453768027)	(54.0, 0.32656217260841747)	(55.0, 0.2559346477366359)	(56.0, 0.20232021891442542)	(57.0, 0.15696340785189578)	(58.0, 0.1232290650290832)	(59.0, 0.09137457489792357)	(60.0, 0.0678377891421597)	(61.0, 0.05462731748711936)	(62.0, 0.04776027569112698)	(63.0, 0.03800049253857282)	(64.0, 0.025923082779871223)	(65.0, 0.018163325550399838)	(66.0, 0.012652524509115956)	(67.0, 0.01056666056358327)	(68.0, 0.009201836006629785)	(69.0, 0.007270480501506929)	(70.0, 0.005897072142308454)	(71.0, 0.00509877853352434)	(72.0, 0.004283317320250245)	(73.0, 0.0036481159541209506)	(74.0, 0.0031245040171765316)	(75.0, 0.002618059684722094)	(76.0, 0.002128782956757637)	(77.0, 0.0013133217434835422)	(78.0, 0.0010472238738888375)	(79.0, 0.001038640071643847)	(80.0, 0.0008497964222540567)	(81.0, 0.0006352013661292949)	(82.0, 0.0005064443324544378)	(83.0, 0.000600866157149333)	(84.0, 0.000600866157149333)	(85.0, 0.0005236119369444187)	(86.0, 0.00042060631000453313)	(87.0, 0.0003261844853096379)	(88.0, 0.00037768729877958075)	(89.0, 0.00039485490326956167)	(90.0, 0.00035193589204460935)	(91.0, 0.00036051969428959983)	(92.0, 0.00034335208979961886)	(93.0, 0.00031760068306464746)	(94.0, 0.00031760068306464746)	(95.0, 0.00029184927632967605)	(96.0, 0.00030901688081965697)	(97.0, 0.000454941518984495)	(98.0, 0.0008326288177640757)	(99.0, 0.0014420787771583993)	(100.0, 0.007485075557631692)
HNF4_FOXF_R1_MKRN250011210-1A_22MVT7LT4_L4_1	(0.0, 7.286878993954938e-05)	(1.0, 9.605431401122418e-05)	(2.0, 0.00020204528119602326)	(3.0, 0.00026497741796199776)	(4.0, 0.0003312217724524972)	(5.0, 0.000473647134607071)	(6.0, 0.0006823168512521442)	(7.0, 0.0009671675755612918)	(8.0, 0.0015037468469343371)	(9.0, 0.002437792245250379)	(10.0, 0.004468181710384186)	(11.0, 0.007525358670120736)	(12.0, 0.012685793884930643)	(13.0, 0.02185732476414029)	(14.0, 0.035665960457684893)	(15.0, 0.05632095018782262)	(16.0, 0.08036765086787391)	(17.0, 0.10900839753184134)	(18.0, 0.15044755348337324)	(19.0, 0.21779818869386405)	(20.0, 0.325693681070265)	(21.0, 0.552381862136754)	(22.0, 0.7885065515004147)	(23.0, 0.9045103528664528)	(24.0, 1.0998980764361808)	(25.0, 1.3495730485108735)	(26.0, 1.6564765184299082)	(27.0, 2.109452102218219)	(28.0, 2.6768548717356935)	(29.0, 3.1794077304246935)	(30.0, 3.5374717153167414)	(31.0, 4.103115697222493)	(32.0, 4.889956203207472)	(33.0, 5.312283836390754)	(34.0, 5.539150877214367)	(35.0, 5.820275356583424)	(36.0, 5.936335465650779)	(37.0, 5.869899002532257)	(38.0, 5.666638137431333)	(39.0, 5.414770477223005)	(40.0, 5.025164242940306)	(41.0, 4.544856238489215)	(42.0, 4.022032607326122)	(43.0, 3.511911331136582)	(44.0, 3.0315834533791444)	(45.0, 2.5190011994202823)	(46.0, 2.0490471875760567)	(47.0, 1.6796024225825414)	(48.0, 1.3395005944105929)	(49.0, 1.0494695615802883)	(50.0, 0.837543934912007)	(51.0, 0.6454485557604567)	(52.0, 0.4941563867573296)	(53.0, 0.39784703198131693)	(54.0, 0.3137067651252091)	(55.0, 0.24783337901985647)	(56.0, 0.1972061311004923)	(57.0, 0.15160682968695702)	(58.0, 0.11699415446567105)	(59.0, 0.08735974248434612)	(60.0, 0.06566802860643209)	(61.0, 0.05312797230138055)	(62.0, 0.04560923806670886)	(63.0, 0.03521218662942497)	(64.0, 0.0232650172970634)	(65.0, 0.015454807902633518)	(66.0, 0.011612635342184551)	(67.0, 0.009671675755612917)	(68.0, 0.008144743384606905)	(69.0, 0.006684055368091394)	(70.0, 0.00523661622247398)	(71.0, 0.0044549328394860865)	(72.0, 0.0035771951424869693)	(73.0, 0.0028617561139895756)	(74.0, 0.002434480027525854)	(75.0, 0.0018117830953151596)	(76.0, 0.0014176291860966879)	(77.0, 0.0011162173731649155)	(78.0, 0.0008777376969991175)	(79.0, 0.0006260091499352197)	(80.0, 0.0004339005219127713)	(81.0, 0.00034447064335059707)	(82.0, 0.0002451041116148479)	(83.0, 0.0002119819343695982)	(84.0, 0.000235167458441273)	(85.0, 0.00019210862802244836)	(86.0, 7.286878993954938e-05)	(87.0, 2.6497741796199774e-05)	(88.0, 3.643439496977469e-05)	(89.0, 2.980995952072474e-05)	(90.0, 9.936653173574916e-06)	(91.0, 6.624435449049943e-06)	(92.0, 1.3248870898099887e-05)	(93.0, 1.656108862262486e-05)	(94.0, 6.624435449049943e-06)	(95.0, 6.624435449049943e-06)	(96.0, 3.974661269429966e-05)	(97.0, 0.00013580092670552384)	(98.0, 0.0006226969322106947)	(99.0, 0.0006326335853842696)	(100.0, 0.000115927620358374)
HNF4_FOXF_R1_MKRN250011210-1A_22MVT7LT4_L4_2	(0.0, 4.6373178548496326e-05)	(1.0, 7.949687751170799e-05)	(2.0, 0.00015899375502341598)	(3.0, 0.00024180300243144512)	(4.0, 0.00034779883911372243)	(5.0, 0.0005929142114414887)	(6.0, 0.0008380295837692551)	(7.0, 0.0010864573259933424)	(8.0, 0.0017224323460870064)	(9.0, 0.002712830945087035)	(10.0, 0.004627380745160669)	(11.0, 0.0077111971186356746)	(12.0, 0.012649940634050533)	(13.0, 0.02124554051500396)	(14.0, 0.034571204607904006)	(15.0, 0.054756786756085196)	(16.0, 0.07940744352450732)	(17.0, 0.10946057559382924)	(18.0, 0.15243195025880374)	(19.0, 0.21734777548690598)	(20.0, 0.31952113730882864)	(21.0, 0.5418275305305273)	(22.0, 0.7678139667070389)	(23.0, 0.8802987360162094)	(24.0, 1.0882658799567337)	(25.0, 1.3451467901562328)	(26.0, 1.64713886597373)	(27.0, 2.0908341259558467)	(28.0, 2.668988417139328)	(29.0, 3.1726574464642354)	(30.0, 3.5054446252078306)	(31.0, 4.050090982520127)	(32.0, 4.868514648873058)	(33.0, 5.320133097647174)	(34.0, 5.566603229262536)	(35.0, 5.872417779940387)	(36.0, 5.975594789840896)	(37.0, 5.888840509886347)	(38.0, 5.68617978251973)	(39.0, 5.442978959992037)	(40.0, 5.044153062625488)	(41.0, 4.5681456343047575)	(42.0, 4.04865672635502)	(43.0, 3.5189127212062723)	(44.0, 3.0215405070542714)	(45.0, 2.5208360487865713)	(46.0, 2.056494787240685)	(47.0, 1.681948561214169)	(48.0, 1.338164314414788)	(49.0, 1.0426711083338729)	(50.0, 0.8307721813264153)	(51.0, 0.6377471379881957)	(52.0, 0.4861730915325392)	(53.0, 0.39118426001573703)	(54.0, 0.31035249743581167)	(55.0, 0.24485700747585323)	(56.0, 0.1924255043869855)	(57.0, 0.14942763076284044)	(58.0, 0.11593294637124081)	(59.0, 0.08586987719222991)	(60.0, 0.06529674776617915)	(61.0, 0.0518617754667005)	(62.0, 0.043782905289573175)	(63.0, 0.03440558611308795)	(64.0, 0.0232859603711378)	(65.0, 0.01647572786430148)	(66.0, 0.012249143876595672)	(67.0, 0.009728430385495264)	(68.0, 0.007933125901689193)	(69.0, 0.00653530580544166)	(70.0, 0.005518408247271063)	(71.0, 0.0046008817859901)	(72.0, 0.0036999171741907426)	(73.0, 0.003229560648913137)	(74.0, 0.0028751370700067723)	(75.0, 0.002325283667217459)	(76.0, 0.0018748013613177799)	(77.0, 0.0014375685350033862)	(78.0, 0.0011493923540234446)	(79.0, 0.0009241512010736054)	(80.0, 0.0006889729384348026)	(81.0, 0.0005101049640334596)	(82.0, 0.000500167854344496)	(83.0, 0.00045379467579599977)	(84.0, 0.00036436068859532826)	(85.0, 0.0003676730584916494)	(86.0, 0.0003345493595284378)	(87.0, 0.00027823907129097795)	(88.0, 0.0002550524820167298)	(89.0, 0.0002351782626388028)	(90.0, 0.0002451153723277663)	(91.0, 0.00022855352284616046)	(92.0, 0.0002053669335719123)	(93.0, 0.00024180300243144512)	(94.0, 0.0002948009207725838)	(95.0, 0.00031467514015051076)	(96.0, 0.0003113627702541896)	(97.0, 0.00037761016818061295)	(98.0, 0.0006094760609230945)	(99.0, 0.0011030191754749484)	(100.0, 0.005296479464217544)
HNF4_FOXF_R2_MKRN250011215-1A_22MVT7LT4_L4_1	(0.0, 8.025048101135188e-06)	(1.0, 8.025048101135188e-06)	(2.0, 6.6875400842793236e-06)	(3.0, 2.1400128269693832e-05)	(4.0, 3.210019240454075e-05)	(5.0, 4.5475272573099394e-05)	(6.0, 8.158798902820774e-05)	(7.0, 0.00011770070548331608)	(8.0, 0.0001966136784778121)	(9.0, 0.00040526492910732695)	(10.0, 0.0007423169493550049)	(11.0, 0.0014846338987100098)	(12.0, 0.003004043005858272)	(13.0, 0.006276925123104573)	(14.0, 0.012408061872371855)	(15.0, 0.02321245163253353)	(16.0, 0.038769007376584085)	(17.0, 0.05881022750115236)	(18.0, 0.09438392822546779)	(19.0, 0.1483590642456862)	(20.0, 0.23108393508822142)	(21.0, 0.4580817831849482)	(22.0, 0.7054699409986426)	(23.0, 0.8302928766717161)	(24.0, 1.0637629260620083)	(25.0, 1.3613397347002023)	(26.0, 1.7276858555330572)	(27.0, 2.2558249711328986)	(28.0, 2.983216668527809)	(29.0, 3.5388081361736172)	(30.0, 3.744289492803184)	(31.0, 4.310223909943338)	(32.0, 5.2610717342063404)	(33.0, 5.67804253347719)	(34.0, 5.837044149012999)	(35.0, 6.034682358631723)	(36.0, 5.9975424360196685)	(37.0, 5.823473792673979)	(38.0, 5.557321734891814)	(39.0, 5.279455781898025)	(40.0, 4.874313903528249)	(41.0, 4.416744385913756)	(42.0, 3.922660899439099)	(43.0, 3.436396484830981)	(44.0, 2.956927948456507)	(45.0, 2.443751535041232)	(46.0, 1.964791251713164)	(47.0, 1.581081601805486)	(48.0, 1.2444335089788987)	(49.0, 0.957368175845175)	(50.0, 0.756569434782621)	(51.0, 0.5665322832236891)	(52.0, 0.4129903754126864)	(53.0, 0.32140317645046423)	(54.0, 0.24568551010823692)	(55.0, 0.1836157755700068)	(56.0, 0.13846685495302022)	(57.0, 0.10442861343205534)	(58.0, 0.07896379829913654)	(59.0, 0.05837419988765735)	(60.0, 0.04534954681951494)	(61.0, 0.039990152195973495)	(62.0, 0.038644619131016494)	(63.0, 0.03145818855644994)	(64.0, 0.02173718028994151)	(65.0, 0.016684075002260056)	(66.0, 0.013127641185440311)	(67.0, 0.011069216347499135)	(68.0, 0.00967687050195218)	(69.0, 0.008347387533197451)	(70.0, 0.0068988663509425485)	(71.0, 0.005573395906238387)	(72.0, 0.004409763931573786)	(73.0, 0.0035965590573254196)	(74.0, 0.0027686415948916395)	(75.0, 0.001971486816845544)	(76.0, 0.0013950208615806667)	(77.0, 0.0010205186168610247)	(78.0, 0.0008185549063157891)	(79.0, 0.000581815987332301)	(80.0, 0.0004066024371241828)	(81.0, 0.0003330394961971103)	(82.0, 0.00025813904725318184)	(83.0, 0.00020597623459580315)	(84.0, 0.00017120102615755066)	(85.0, 0.00013375080168558646)	(86.0, 6.82129088596491e-05)	(87.0, 4.6812780589955255e-05)	(88.0, 2.942517637082902e-05)	(89.0, 1.471258818541451e-05)	(90.0, 1.7387604219126238e-05)	(91.0, 1.203757215170278e-05)	(92.0, 6.6875400842793236e-06)	(93.0, 6.6875400842793236e-06)	(94.0, 1.6050096202270377e-05)	(95.0, 1.8725112235982103e-05)	(96.0, 2.6750160337117294e-05)	(97.0, 7.757546497764013e-05)	(98.0, 0.00022470134683178525)	(99.0, 0.00019126364641038862)	(100.0, 2.6750160337117294e-05)
HNF4_FOXF_R2_MKRN250011215-1A_22MVT7LT4_L4_2	(0.0, 3.7452226675321694e-05)	(1.0, 2.4076431434135377e-05)	(2.0, 9.363056668830424e-06)	(3.0, 1.6050954289423586e-05)	(4.0, 3.210190857884717e-05)	(5.0, 3.8789806199440334e-05)	(6.0, 6.019107858533844e-05)	(7.0, 0.00012171973669479552)	(8.0, 0.00020197450814191348)	(9.0, 0.000359808891987912)	(10.0, 0.0006848407163487397)	(11.0, 0.0013496177398356999)	(12.0, 0.0026805093663337387)	(13.0, 0.005797069657530151)	(14.0, 0.012137196601852467)	(15.0, 0.023326049321104825)	(16.0, 0.03989999720445879)	(17.0, 0.0604318428996798)	(18.0, 0.09624553465795617)	(19.0, 0.15013393852564763)	(20.0, 0.2257312580697845)	(21.0, 0.42140442907357506)	(22.0, 0.6488544768318519)	(23.0, 0.7864980977612799)	(24.0, 1.031697825804611)	(25.0, 1.3312567857081232)	(26.0, 1.6671791825543247)	(27.0, 2.1736804209523273)	(28.0, 2.9164436810135)	(29.0, 3.488740456202898)	(30.0, 3.6868948372239285)	(31.0, 4.185614037950609)	(32.0, 5.190790336950996)	(33.0, 5.706029982380064)	(34.0, 5.930574807411956)	(35.0, 6.1858893118166725)	(36.0, 6.108725686649793)	(37.0, 5.868527168447141)	(38.0, 5.582234322263837)	(39.0, 5.303973641122866)	(40.0, 4.886066982504861)	(41.0, 4.443740134515022)	(42.0, 3.9524324619314837)	(43.0, 3.453867082850077)	(44.0, 2.9722916388840255)	(45.0, 2.468610018122865)	(46.0, 1.9944862296856782)	(47.0, 1.6075191230400614)	(48.0, 1.2656592106862974)	(49.0, 0.9688677028181865)	(50.0, 0.7565376540005465)	(51.0, 0.5653908521063734)	(52.0, 0.40965111779514457)	(53.0, 0.3179266019287094)	(54.0, 0.24559431400294615)	(55.0, 0.18403756672348257)	(56.0, 0.13834317502054186)	(57.0, 0.10514043849334508)	(58.0, 0.07954585429933504)	(59.0, 0.05795598320053621)	(60.0, 0.045145984098052074)	(61.0, 0.04019560227928901)	(62.0, 0.03960037939105622)	(63.0, 0.03249248179988981)	(64.0, 0.02322439327727181)	(65.0, 0.01841044456996885)	(66.0, 0.013857323869869029)	(67.0, 0.011876368594649335)	(68.0, 0.010283311381424043)	(69.0, 0.008473566285291535)	(70.0, 0.007148024976889969)	(71.0, 0.005957579200424387)	(72.0, 0.004842037877309448)	(73.0, 0.003802738587069271)	(74.0, 0.002930636737343923)	(75.0, 0.0022524839186157763)	(76.0, 0.0018150954142289837)	(77.0, 0.0014245221931863431)	(78.0, 0.0010968152097772783)	(79.0, 0.0009175795535453816)	(80.0, 0.0007062419887346377)	(81.0, 0.0005510827639368764)	(82.0, 0.0005430572867921647)	(83.0, 0.0004935668443997752)	(84.0, 0.00044407640200738583)	(85.0, 0.0004092993343803014)	(86.0, 0.0003638216305602679)	(87.0, 0.00034509551722260704)	(88.0, 0.00029961781340257356)	(89.0, 0.0002795541205407941)	(90.0, 0.0003009553929266922)	(91.0, 0.00031031844959552267)	(92.0, 0.00030764329054728536)	(93.0, 0.0002875795976855059)	(94.0, 0.000308980870071404)	(95.0, 0.0003384076196020139)	(96.0, 0.0003905732210426406)	(97.0, 0.0005791719339433677)	(98.0, 0.0009336305078348052)	(99.0, 0.00164254765561768)	(100.0, 0.00642439445434179)
HNF4_FOXF_R3_MKRN250011220-1A_22MVT7LT4_L3_1	(0.0, 9.522303639505391e-06)	(1.0, 6.3482024263369274e-06)	(2.0, 2.2218708492179244e-05)	(3.0, 4.443741698435849e-05)	(4.0, 4.126331577119003e-05)	(5.0, 5.5546771230448116e-05)	(6.0, 9.363598578846967e-05)	(7.0, 0.00015394390883867047)	(8.0, 0.0003031266658575883)	(9.0, 0.0007268691778155781)	(10.0, 0.0014950016714023464)	(11.0, 0.002856691091851617)	(12.0, 0.005773690106753436)	(13.0, 0.01169338886931262)	(14.0, 0.02204095882424181)	(15.0, 0.038066995849529384)	(16.0, 0.05855264507931865)	(17.0, 0.08528651254723002)	(18.0, 0.12481994315724325)	(19.0, 0.1866212808282398)	(20.0, 0.2861230056586448)	(21.0, 0.5053518282497642)	(22.0, 0.7424381442661695)	(23.0, 0.8732142883499234)	(24.0, 1.0925573785847167)	(25.0, 1.3710117557123467)	(26.0, 1.7068903849380135)	(27.0, 2.1793664598723854)	(28.0, 2.762837680130046)	(29.0, 3.281001767926764)	(30.0, 3.62068614450702)	(31.0, 4.179023244308206)	(32.0, 5.01102024135453)	(33.0, 5.451814025029661)	(34.0, 5.650112824221147)	(35.0, 5.916305648362307)	(36.0, 5.982212685952537)	(37.0, 5.874678898002209)	(38.0, 5.681192036249887)	(39.0, 5.421683869263659)	(40.0, 5.021050401188142)	(41.0, 4.534798726988619)	(42.0, 4.006999654959328)	(43.0, 3.4802575586340208)	(44.0, 2.988565474955127)	(45.0, 2.4802649066783298)	(46.0, 2.006936585568222)	(47.0, 1.6323958165155565)	(48.0, 1.294541309284692)	(49.0, 1.0061821493213698)	(50.0, 0.79639945194064)	(51.0, 0.6066992929356266)	(52.0, 0.4596558801343844)	(53.0, 0.36503751002043916)	(54.0, 0.2870720619213822)	(55.0, 0.22468192847534285)	(56.0, 0.17393122417799228)	(57.0, 0.13343762795099562)	(58.0, 0.1018362762726904)	(59.0, 0.0744596533091124)	(60.0, 0.05443266170462598)	(61.0, 0.04218221807240229)	(62.0, 0.03464214064052061)	(63.0, 0.024481842657168358)	(64.0, 0.013623242406919046)	(65.0, 0.008489133694619054)	(66.0, 0.005783212410392941)	(67.0, 0.0038295531136877514)	(68.0, 0.0026519615636022512)	(69.0, 0.0019885744100500424)	(70.0, 0.0013061426492188227)	(71.0, 0.0008125699105711267)	(72.0, 0.0004554835240896745)	(73.0, 0.0002713856537259036)	(74.0, 0.00028566910918516173)	(75.0, 0.00023647054038105053)	(76.0, 0.00012061584610040162)	(77.0, 6.506907486995351e-05)	(78.0, 5.078561941069542e-05)	(79.0, 4.443741698435849e-05)	(80.0, 3.8089214558021565e-05)	(81.0, 2.0631657885595013e-05)	(82.0, 1.745755667242655e-05)	(83.0, 2.0631657885595013e-05)	(84.0, 1.2696404852673855e-05)	(85.0, 6.3482024263369274e-06)	(86.0, 7.935253032921158e-06)	(87.0, 1.745755667242655e-05)	(88.0, 1.5870506065842317e-05)	(89.0, 6.3482024263369274e-06)	(90.0, 1.5870506065842319e-06)	(91.0, 6.3482024263369274e-06)	(92.0, 7.935253032921158e-06)	(93.0, 4.7611518197526956e-06)	(94.0, 4.7611518197526956e-06)	(95.0, 7.935253032921158e-06)	(96.0, 3.96762651646058e-05)	(97.0, 9.363598578846967e-05)	(98.0, 0.0002507539958403086)	(99.0, 0.00023329643916788207)	(100.0, 4.285036637777426e-05)
HNF4_FOXF_R3_MKRN250011220-1A_22MVT7LT4_L3_2	(0.0, 7.618196436750504e-05)	(1.0, 6.507209456391055e-05)	(2.0, 4.2852354956721584e-05)	(3.0, 3.491673366843981e-05)	(4.0, 5.554934901797242e-05)	(5.0, 9.046608268641223e-05)	(6.0, 0.0001158600708089139)	(7.0, 0.00014601543170438463)	(8.0, 0.0002571141297403295)	(9.0, 0.0005967587208787895)	(10.0, 0.001225259926910706)	(11.0, 0.0025076563270970405)	(12.0, 0.005191483446793936)	(13.0, 0.010662300762935392)	(14.0, 0.0206294411010173)	(15.0, 0.03569442455469142)	(16.0, 0.056533366057719366)	(17.0, 0.08338750849726488)	(18.0, 0.12194510521276837)	(19.0, 0.181770166980867)	(20.0, 0.2778737150304746)	(21.0, 0.49304015064094664)	(22.0, 0.7188657127658388)	(23.0, 0.8475719673162232)	(24.0, 1.07590677289247)	(25.0, 1.354924804512715)	(26.0, 1.675398521742944)	(27.0, 2.135037642381512)	(28.0, 2.7430395515015396)	(29.0, 3.270934537964877)	(30.0, 3.5794968876413953)	(31.0, 4.10127827146424)	(32.0, 4.986073063995279)	(33.0, 5.464159329880587)	(34.0, 5.667473121534881)	(35.0, 5.979833459559971)	(36.0, 6.0358684686007855)	(37.0, 5.896941133831095)	(38.0, 5.690599109093192)	(39.0, 5.43363575615734)	(40.0, 5.0385957670539)	(41.0, 4.562037901828715)	(42.0, 4.0327303747760626)	(43.0, 3.4955078590504787)	(44.0, 3.004105620643433)	(45.0, 2.4977653687233263)	(46.0, 2.0192807346493464)	(47.0, 1.644517845061724)	(48.0, 1.305404940549579)	(49.0, 1.010983868008779)	(50.0, 0.7980886072110134)	(51.0, 0.6071623203877269)	(52.0, 0.4575441166184623)	(53.0, 0.36281819242450036)	(54.0, 0.2854665174791026)	(55.0, 0.22375595209290822)	(56.0, 0.1746503275610206)	(57.0, 0.1343595911561564)	(58.0, 0.10242188971933755)	(59.0, 0.07454881350637665)	(60.0, 0.05477959375300909)	(61.0, 0.04337134458897521)	(62.0, 0.03594201593888581)	(63.0, 0.025463821589838554)	(64.0, 0.014480921726856583)	(65.0, 0.009138661475585291)	(66.0, 0.006267553693484945)	(67.0, 0.004536001128381862)	(68.0, 0.003240907734134277)	(69.0, 0.002387034883515158)	(70.0, 0.001726791192330114)	(71.0, 0.001141142341254919)	(72.0, 0.0007665810164480194)	(73.0, 0.0006316754545472292)	(74.0, 0.0006046943421670713)	(75.0, 0.0005681904842409751)	(76.0, 0.0005031183896770645)	(77.0, 0.0004094780584753395)	(78.0, 0.00036027720648799255)	(79.0, 0.00034123171539611626)	(80.0, 0.0003205991000465837)	(81.0, 0.0003158377272736146)	(82.0, 0.0002967922361817384)	(83.0, 0.00024124288716376592)	(84.0, 0.00022378452032954606)	(85.0, 0.0002634626267709549)	(86.0, 0.00027615962083220574)	(87.0, 0.0002888566148934566)	(88.0, 0.00028409524212048756)	(89.0, 0.00023806863864845324)	(90.0, 0.0002348943901331405)	(91.0, 0.00022854589310251512)	(92.0, 0.00023330726587548418)	(93.0, 0.00023648151439079686)	(94.0, 0.00026504975102861127)	(95.0, 0.000295205111924082)	(96.0, 0.00032853472133486544)	(97.0, 0.00046502740749331195)	(98.0, 0.0007126187916877034)	(99.0, 0.0013125517610818056)	(100.0, 0.00555176065328193)
HNF4_GFP_R1_MKRN250011208-1A_22MGWFLT4_L3_1	(0.0, 4.651433583459006e-05)	(1.0, 4.651433583459006e-05)	(2.0, 7.75238930576501e-05)	(3.0, 0.00013954300750377018)	(4.0, 0.0002480764577844803)	(5.0, 0.0005349148620977857)	(6.0, 0.0006899626482130859)	(7.0, 0.0008295056557168562)	(8.0, 0.0013799252964261717)	(9.0, 0.002364478738258328)	(10.0, 0.004062251996220865)	(11.0, 0.007326007893947935)	(12.0, 0.013357366773833113)	(13.0, 0.022365643147132054)	(14.0, 0.036118381775559184)	(15.0, 0.05656918476416728)	(16.0, 0.08318313725085856)	(17.0, 0.11405315146641483)	(18.0, 0.15877668537137316)	(19.0, 0.22761015001726068)	(20.0, 0.322282328219263)	(21.0, 0.538170865606207)	(22.0, 0.788999421594234)	(23.0, 0.9179604176956349)	(24.0, 1.1095994813341459)	(25.0, 1.3952517700836693)	(26.0, 1.721464559680955)	(27.0, 2.1447527681650302)	(28.0, 2.7030255792410864)	(29.0, 3.1984575226046106)	(30.0, 3.562315914670691)	(31.0, 4.104735089616458)	(32.0, 4.893843044660972)	(33.0, 5.313324829995917)	(34.0, 5.49560675974237)	(35.0, 5.762963409730287)	(36.0, 5.890164613459279)	(37.0, 5.893358597853255)	(38.0, 5.724364263376883)	(39.0, 5.450224272746421)	(40.0, 5.049635060149626)	(41.0, 4.549435397363056)	(42.0, 3.9966590303047873)	(43.0, 3.4775590423907627)	(44.0, 3.003895808197826)	(45.0, 2.497494233966644)	(46.0, 2.025598544535422)	(47.0, 1.6531970194543884)	(48.0, 1.3100064972774772)	(49.0, 1.021811424835663)	(50.0, 0.818063129101547)	(51.0, 0.6306646224132894)	(52.0, 0.48345450188611755)	(53.0, 0.3921391082535115)	(54.0, 0.31466948192100175)	(55.0, 0.2504564413013502)	(56.0, 0.19946122444802794)	(57.0, 0.15829603723441574)	(58.0, 0.12303817067179648)	(59.0, 0.09026106868702201)	(60.0, 0.06725972961681723)	(61.0, 0.05384034372853799)	(62.0, 0.0442894001038355)	(63.0, 0.03345155985437602)	(64.0, 0.02288505323061831)	(65.0, 0.015295464100274365)	(66.0, 0.010969630867657489)	(67.0, 0.007992713374243727)	(68.0, 0.006969397985882744)	(69.0, 0.006186406666000477)	(70.0, 0.0045429001331782955)	(71.0, 0.0033722893480077794)	(72.0, 0.0024885169671505685)	(73.0, 0.002093145112556553)	(74.0, 0.0020078688301931377)	(75.0, 0.0014341920215665267)	(76.0, 0.0011706107851705164)	(77.0, 0.0009612962739148612)	(78.0, 0.0005271624727920207)	(79.0, 0.00044188619042860556)	(80.0, 0.00034885751875942544)	(81.0, 0.0002093145112556553)	(82.0, 0.00017830495403259523)	(83.0, 0.00011628583958647515)	(84.0, 0.00011628583958647515)	(85.0, 0.00012403822889224016)	(86.0, 9.302867166918012e-05)	(87.0, 5.4266725140355076e-05)	(88.0, 2.325716791729503e-05)	(89.0, 3.100955722306004e-05)	(90.0, 3.876194652882505e-05)	(91.0, 1.550477861153002e-05)	(92.0, 0.0)	(93.0, 0.0)	(94.0, 1.550477861153002e-05)	(95.0, 3.100955722306004e-05)	(96.0, 0.00013179061819800517)	(97.0, 0.00036436229737095546)	(98.0, 0.0015969921969875922)	(99.0, 0.0016202493649048872)	(100.0, 0.00027133362570177534)
HNF4_GFP_R1_MKRN250011208-1A_22MGWFLT4_L3_2	(0.0, 0.0)	(1.0, 3.101231964397857e-05)	(2.0, 9.303695893193571e-05)	(3.0, 0.00015506159821989285)	(4.0, 0.0003101231964397857)	(5.0, 0.00047293787457067325)	(6.0, 0.0005582217535916143)	(7.0, 0.0009148634294973678)	(8.0, 0.0014188136237120196)	(9.0, 0.00248873865142928)	(10.0, 0.004535551747931866)	(11.0, 0.007613524472596739)	(12.0, 0.012722804133942207)	(13.0, 0.02142951287398919)	(14.0, 0.03650925330087377)	(15.0, 0.05952039447670587)	(16.0, 0.08556298989773688)	(17.0, 0.11770725920872066)	(18.0, 0.15956613764818076)	(19.0, 0.2212961598995201)	(20.0, 0.31803133794900024)	(21.0, 0.5157658879990077)	(22.0, 0.7433110303067894)	(23.0, 0.872508353943604)	(24.0, 1.0744915917848366)	(25.0, 1.3624487327590886)	(26.0, 1.678828664687047)	(27.0, 2.0875090129553966)	(28.0, 2.652413921430288)	(29.0, 3.1634039122041235)	(30.0, 3.5189368976826043)	(31.0, 4.024274893201324)	(32.0, 4.830548685465301)	(33.0, 5.2998658717175395)	(34.0, 5.521138772377327)	(35.0, 5.826424046952652)	(36.0, 5.921600855940022)	(37.0, 5.897070111101635)	(38.0, 5.760111954473915)	(39.0, 5.494398399764306)	(40.0, 5.0785697118180195)	(41.0, 4.602670160721346)	(42.0, 4.06189283692947)	(43.0, 3.5281010381374003)	(44.0, 3.030229258572968)	(45.0, 2.515052604647196)	(46.0, 2.046386677107481)	(47.0, 1.6747427915739528)	(48.0, 1.335809150184911)	(49.0, 1.0357261922298633)	(50.0, 0.8231600003101232)	(51.0, 0.6319923089447282)	(52.0, 0.48395500112419654)	(53.0, 0.3917321155829153)	(54.0, 0.31364309471937724)	(55.0, 0.2528899605368232)	(56.0, 0.20180491700327957)	(57.0, 0.1573254975539033)	(58.0, 0.12106434281018136)	(59.0, 0.09092036811623418)	(60.0, 0.06943658368286802)	(61.0, 0.055442274443522684)	(62.0, 0.045999023111931214)	(63.0, 0.03475705724098899)	(64.0, 0.02369341220799963)	(65.0, 0.0163512455322877)	(66.0, 0.012149076220528604)	(67.0, 0.009544041370434405)	(68.0, 0.007729820671261659)	(69.0, 0.005892340732355929)	(70.0, 0.004372737069800979)	(71.0, 0.003876539955497321)	(72.0, 0.0034191082407486373)	(73.0, 0.002884145726890007)	(74.0, 0.0022716524139214304)	(75.0, 0.001868492258549709)	(76.0, 0.0014885913429109714)	(77.0, 0.0011784681464711857)	(78.0, 0.0007985672308324482)	(79.0, 0.0007055302719005125)	(80.0, 0.0007520487513664804)	(81.0, 0.00065125871252355)	(82.0, 0.0005737279134136035)	(83.0, 0.0005504686736806196)	(84.0, 0.00048069095448166784)	(85.0, 0.0005272094339476357)	(86.0, 0.0005117032741256464)	(87.0, 0.0005194563540366411)	(88.0, 0.0005737279134136035)	(89.0, 0.0005582217535916143)	(90.0, 0.0004419255549266946)	(91.0, 0.0002946170366177964)	(92.0, 0.00037214783572774284)	(93.0, 0.0003954070754607268)	(94.0, 0.00037214783572774284)	(95.0, 0.0004341724750157)	(96.0, 0.0004884440343926625)	(97.0, 0.0005582217535916143)	(98.0, 0.0010234065482512928)	(99.0, 0.0021165908157015374)	(100.0, 0.01028833704188989)
HNF4_GFP_R1_MKRN250011208-1A_22MVT7LT4_L4_1	(0.0, 3.752885734574529e-05)	(1.0, 7.505771469149058e-05)	(2.0, 0.0001219687863736722)	(3.0, 0.0001907716915075386)	(4.0, 0.0002814664300930897)	(5.0, 0.00037528857345745295)	(6.0, 0.000491002550273501)	(7.0, 0.000725557908684409)	(8.0, 0.0012103056494002858)	(9.0, 0.002323661750657396)	(10.0, 0.004162575760598915)	(11.0, 0.00723994206295003)	(12.0, 0.012644097520737353)	(13.0, 0.021851177189560197)	(14.0, 0.0360839963379341)	(15.0, 0.05728467333350138)	(16.0, 0.08428355878898632)	(17.0, 0.11448177933319603)	(18.0, 0.15997926405535456)	(19.0, 0.22640534155732375)	(20.0, 0.3206246653285961)	(21.0, 0.5312366127529187)	(22.0, 0.7821639351809082)	(23.0, 0.9237728235655205)	(24.0, 1.1175624606846128)	(25.0, 1.3967114838366026)	(26.0, 1.731018545072502)	(27.0, 2.164970977370912)	(28.0, 2.713714802075621)	(29.0, 3.210662548833644)	(30.0, 3.591248945986404)	(31.0, 4.140752730052364)	(32.0, 4.897184378713207)	(33.0, 5.321329269625263)	(34.0, 5.533964647941477)	(35.0, 5.790042806040169)	(36.0, 5.902885825269268)	(37.0, 5.895480130753041)	(38.0, 5.722769201843142)	(39.0, 5.449290163555139)	(40.0, 5.048144207386467)	(41.0, 4.540341238641188)	(42.0, 3.994286982046257)	(43.0, 3.478312104613942)	(44.0, 2.990133600855708)	(45.0, 2.479540987047728)	(46.0, 2.001085584746821)	(47.0, 1.621409262384695)	(48.0, 1.2956431435997318)	(49.0, 1.0164128079234926)	(50.0, 0.8076397745091116)	(51.0, 0.6238672148965545)	(52.0, 0.4780300752509883)	(53.0, 0.38487406910451205)	(54.0, 0.3076834643538716)	(55.0, 0.24285549069387544)	(56.0, 0.19115010748577485)	(57.0, 0.15082847767255034)	(58.0, 0.11751536196864376)	(59.0, 0.0868667951362851)	(60.0, 0.06507816604230116)	(61.0, 0.0518398616135895)	(62.0, 0.042079231298916914)	(63.0, 0.031030110215373732)	(64.0, 0.020850407660340322)	(65.0, 0.014311004267844206)	(66.0, 0.01050495265202987)	(67.0, 0.007806002327915021)	(68.0, 0.005998362365761623)	(69.0, 0.004994465431762936)	(70.0, 0.003781032377583838)	(71.0, 0.0028052820865944604)	(72.0, 0.0022611136550811537)	(73.0, 0.0018389140099415193)	(74.0, 0.0016325052945399205)	(75.0, 0.0012634715306400915)	(76.0, 0.0009006925762978872)	(77.0, 0.0007443223373572816)	(78.0, 0.00057856988408024)	(79.0, 0.0004159448355820104)	(80.0, 0.0002783390253142776)	(81.0, 0.0001907716915075386)	(82.0, 0.0001657524532770417)	(83.0, 0.0001626250484982296)	(84.0, 0.00014386061982535697)	(85.0, 0.00015011542938298117)	(86.0, 0.00011571397681604799)	(87.0, 3.4401452566933186e-05)	(88.0, 3.4401452566933186e-05)	(89.0, 4.06562621245574e-05)	(90.0, 2.5019238230496862e-05)	(91.0, 2.1891833451684754e-05)	(92.0, 1.2509619115248431e-05)	(93.0, 2.1891833451684754e-05)	(94.0, 4.06562621245574e-05)	(95.0, 5.942069079743005e-05)	(96.0, 0.00010945916725842377)	(97.0, 0.0003721611686786408)	(98.0, 0.001391695126571388)	(99.0, 0.0013729306978985153)	(100.0, 0.00028459383487190184)
HNF4_GFP_R1_MKRN250011208-1A_22MVT7LT4_L4_2	(0.0, 4.378614820197499e-05)	(1.0, 6.880680431738927e-05)	(2.0, 0.00011259295251936427)	(3.0, 0.0001469963546780589)	(4.0, 0.00026897205324070354)	(5.0, 0.00048790279425057847)	(6.0, 0.0005723475086401017)	(7.0, 0.0008475747259096588)	(8.0, 0.0012948189539726891)	(9.0, 0.0022768797065026995)	(10.0, 0.004084622110841382)	(11.0, 0.007093356008719949)	(12.0, 0.012588517608067808)	(13.0, 0.021417681634794624)	(14.0, 0.03533854918100825)	(15.0, 0.05619639363522047)	(16.0, 0.083791049748508)	(17.0, 0.11586127572444027)	(18.0, 0.1591063522379194)	(19.0, 0.22330935583007244)	(20.0, 0.3177498223377037)	(21.0, 0.5131173604508872)	(22.0, 0.7408897758155467)	(23.0, 0.8823378000000125)	(24.0, 1.08526783142408)	(25.0, 1.3719670195225546)	(26.0, 1.6970572768481178)	(27.0, 2.115246267997123)	(28.0, 2.6765471569622696)	(29.0, 3.1813076182706084)	(30.0, 3.549558507395262)	(31.0, 4.058559969915163)	(32.0, 4.855993300969532)	(33.0, 5.341419050264684)	(34.0, 5.570530070731518)	(35.0, 5.850773929552216)	(36.0, 5.940651253900799)	(37.0, 5.919893492071048)	(38.0, 5.763561305079925)	(39.0, 5.498955356331361)	(40.0, 5.089642442939299)	(41.0, 4.588791459148993)	(42.0, 4.037558256688287)	(43.0, 3.4990949715924855)	(44.0, 3.0048369306885916)	(45.0, 2.4948721729082464)	(46.0, 2.0218848172844694)	(47.0, 1.6461152209971346)	(48.0, 1.3052306744987159)	(49.0, 1.013530482759173)	(50.0, 0.8025406724839276)	(51.0, 0.6150859168672437)	(52.0, 0.4692874261007103)	(53.0, 0.3772583253262021)	(54.0, 0.3040416303684711)	(55.0, 0.24130859032309862)	(56.0, 0.19112966448363528)	(57.0, 0.14862269732556083)	(58.0, 0.11420678483880849)	(59.0, 0.08593344342839035)	(60.0, 0.06440629642309079)	(61.0, 0.05164576180422951)	(62.0, 0.04228178125303571)	(63.0, 0.030787917350017274)	(64.0, 0.02121751638587131)	(65.0, 0.014802845674281976)	(66.0, 0.010518058314517279)	(67.0, 0.008216157951899165)	(68.0, 0.006580432558353957)	(69.0, 0.005326272170568815)	(70.0, 0.004122153095014502)	(71.0, 0.0034278298878117567)	(72.0, 0.0029055236914024836)	(73.0, 0.0022174556482285907)	(74.0, 0.001688894287790464)	(75.0, 0.0013949015784343463)	(76.0, 0.0012291397316697267)	(77.0, 0.0011540777633234837)	(78.0, 0.0009476573503713159)	(79.0, 0.0007099611172748803)	(80.0, 0.000625516402885357)	(81.0, 0.0005410716884958339)	(82.0, 0.0004534993920918838)	(83.0, 0.00040345807986105525)	(84.0, 0.00038782016978892135)	(85.0, 0.00036592709568793386)	(86.0, 0.00038156500576006777)	(87.0, 0.0004316063179908963)	(88.0, 0.00040971324388990884)	(89.0, 0.0003096306194282517)	(90.0, 0.00032214094748595883)	(91.0, 0.0004003304978466285)	(92.0, 0.0004065856618754821)	(93.0, 0.0003534167676302267)	(94.0, 0.0003096306194282517)	(95.0, 0.00036592709568793386)	(96.0, 0.0004316063179908963)	(97.0, 0.0005942405827410891)	(98.0, 0.0009695504244723035)	(99.0, 0.001804614822324255)	(100.0, 0.006886935595767781)
HNF4_GFP_R2_MKRN250011213-1A_22MGWFLT4_L3_1	(0.0, 2.7217375790443628e-05)	(1.0, 4.082606368566544e-05)	(2.0, 5.4434751580887255e-05)	(3.0, 0.00012928253500460723)	(4.0, 0.00017010859869027266)	(5.0, 0.00017691294263788356)	(6.0, 0.00025176072606160354)	(7.0, 0.00029939113369487985)	(8.0, 0.0004831084202803744)	(9.0, 0.0009185864329274723)	(10.0, 0.001898411961383443)	(11.0, 0.003545063196705282)	(12.0, 0.006464126750230361)	(13.0, 0.012363492952809018)	(14.0, 0.024066964542699777)	(15.0, 0.040560694271708615)	(16.0, 0.05908892284105311)	(17.0, 0.08194471416107814)	(18.0, 0.11753143300708317)	(19.0, 0.1731909664985404)	(20.0, 0.25419668119484823)	(21.0, 0.4808289650579247)	(22.0, 0.7445517277794282)	(23.0, 0.8499646242158163)	(24.0, 1.0087916206409502)	(25.0, 1.2601576947535922)	(26.0, 1.5602428715311283)	(27.0, 1.9516151267098127)	(28.0, 2.5370540756183075)	(29.0, 3.018862866204688)	(30.0, 3.249019800232627)	(31.0, 3.737769021645571)	(32.0, 4.548554233411044)	(33.0, 4.902175988368382)	(34.0, 5.029519285347921)	(35.0, 5.225259847688844)	(36.0, 5.264609368737877)	(37.0, 5.243801684946083)	(38.0, 5.074128564268458)	(39.0, 4.873856308858426)	(40.0, 4.5348911107642405)	(41.0, 4.122221259029535)	(42.0, 3.6848448344210536)	(43.0, 3.2732364603421744)	(44.0, 2.9138582304051566)	(45.0, 2.5248130608565553)	(46.0, 2.161406659302552)	(47.0, 1.8874569676277893)	(48.0, 1.6475085826592382)	(49.0, 1.448012022459234)	(50.0, 1.3189472264609505)	(51.0, 1.1959042748563025)	(52.0, 1.109121672148473)	(53.0, 1.041704232315544)	(54.0, 0.95479234707271)	(55.0, 0.872670719968994)	(56.0, 0.7810502287144131)	(57.0, 0.6811352421876945)	(58.0, 0.5774030187063662)	(59.0, 0.46783947246193547)	(60.0, 0.3765932201244732)	(61.0, 0.2948798536576138)	(62.0, 0.22386972022034646)	(63.0, 0.16499173204166925)	(64.0, 0.11586436873991851)	(65.0, 0.08158408393185476)	(66.0, 0.05619027231937087)	(67.0, 0.039043325571391375)	(68.0, 0.026679832618582363)	(69.0, 0.019174641244367532)	(70.0, 0.015234926098700818)	(71.0, 0.012077710507009358)	(72.0, 0.00945803808717916)	(73.0, 0.0071105394252533975)	(74.0, 0.005218931807817565)	(75.0, 0.00383084564250494)	(76.0, 0.0025312159485112572)	(77.0, 0.00202769449638805)	(78.0, 0.0017759337703264464)	(79.0, 0.0012315862545175741)	(80.0, 0.0009049777450322505)	(81.0, 0.0006736300508134798)	(82.0, 0.0004490867005423198)	(83.0, 0.0003402171973805453)	(84.0, 0.0002789781018520472)	(85.0, 0.00023134769421877079)	(86.0, 0.00013608687895221814)	(87.0, 0.00014289122289982902)	(88.0, 0.0001020651592141636)	(89.0, 1.3608687895221814e-05)	(90.0, 6.804343947610907e-06)	(91.0, 1.3608687895221814e-05)	(92.0, 2.041303184283272e-05)	(93.0, 2.041303184283272e-05)	(94.0, 1.3608687895221814e-05)	(95.0, 0.0)	(96.0, 1.3608687895221814e-05)	(97.0, 4.7630407633276346e-05)	(98.0, 0.00012247819105699632)	(99.0, 0.0001020651592141636)	(100.0, 1.3608687895221814e-05)
HNF4_GFP_R2_MKRN250011213-1A_22MGWFLT4_L3_2	(0.0, 5.444172326564322e-05)	(1.0, 4.7636507857437815e-05)	(2.0, 4.0831292449232416e-05)	(3.0, 7.485736949025943e-05)	(4.0, 0.00014290952357231344)	(5.0, 0.00019735124683795667)	(6.0, 0.00026540340092001067)	(7.0, 0.0003538712012266809)	(8.0, 0.0005308068018400213)	(9.0, 0.0009459249417405509)	(10.0, 0.001844213375623664)	(11.0, 0.003810920628595025)	(12.0, 0.007084229239941823)	(13.0, 0.013188507461102068)	(14.0, 0.023777422636269675)	(15.0, 0.039259287689936966)	(16.0, 0.05937550443659214)	(17.0, 0.08501075087930188)	(18.0, 0.12278650161025007)	(19.0, 0.1753704010694532)	(20.0, 0.25363718347922354)	(21.0, 0.46273423211174275)	(22.0, 0.6971058507703367)	(23.0, 0.7956181490195181)	(24.0, 0.9653878578080184)	(25.0, 1.2293281374152647)	(26.0, 1.5293632795476328)	(27.0, 1.9146065238061407)	(28.0, 2.5089536219125756)	(29.0, 2.99526792541375)	(30.0, 3.2196018513452414)	(31.0, 3.6627642839429853)	(32.0, 4.473442374660862)	(33.0, 4.87158150211792)	(34.0, 5.054539718367521)	(35.0, 5.308741734725626)	(36.0, 5.3225699324350995)	(37.0, 5.273443082403265)	(38.0, 5.098814449813306)	(39.0, 4.880584802102975)	(40.0, 4.5384798183170805)	(41.0, 4.143450674301574)	(42.0, 3.717131149839138)	(43.0, 3.303237948712086)	(44.0, 2.9369404241500217)	(45.0, 2.547498361984651)	(46.0, 2.188951977772533)	(47.0, 1.9141029378659333)	(48.0, 1.663881972521629)	(49.0, 1.451974369925521)	(50.0, 1.3197422293286818)	(51.0, 1.2040263465275571)	(52.0, 1.1116591577919852)	(53.0, 1.0440153166344235)	(54.0, 0.9673885911380308)	(55.0, 0.8823914506895453)	(56.0, 0.7850020129827178)	(57.0, 0.6763907750677595)	(58.0, 0.5701069208224075)	(59.0, 0.4687704581788209)	(60.0, 0.3743889256824202)	(61.0, 0.29105225779353683)	(62.0, 0.21920959872911241)	(63.0, 0.1611066695738547)	(64.0, 0.12050675444850126)	(65.0, 0.0887944506462641)	(66.0, 0.06192065499926096)	(67.0, 0.0418248538988304)	(68.0, 0.030038220811818644)	(69.0, 0.021062141688395722)	(70.0, 0.01515521471407343)	(71.0, 0.013059208368346167)	(72.0, 0.010262264835573746)	(73.0, 0.007199917901881316)	(74.0, 0.005226405433501749)	(75.0, 0.004348532645843252)	(76.0, 0.0037632841207375874)	(77.0, 0.00321206167267295)	(78.0, 0.0026404235783836962)	(79.0, 0.0022253054384831663)	(80.0, 0.0016808882058267343)	(81.0, 0.0012249387734769724)	(82.0, 0.0009663405879651671)	(83.0, 0.0008778727876584968)	(84.0, 0.0008438467106174699)	(85.0, 0.0007689893411272104)	(86.0, 0.0007145476178615672)	(87.0, 0.0006941319716369511)	(88.0, 0.0006805215408205402)	(89.0, 0.0006056641713302808)	(90.0, 0.0006192746021466916)	(91.0, 0.0006464954637795132)	(92.0, 0.0006124693867384862)	(93.0, 0.0006124693867384862)	(94.0, 0.0006533006791877186)	(95.0, 0.0007213528332697726)	(96.0, 0.000898288433883113)	(97.0, 0.0011432761885785076)	(98.0, 0.0016876934212349398)	(99.0, 0.0036067641663488632)	(100.0, 0.015352565960911385)
HNF4_GFP_R2_MKRN250011213-1A_22MVT7LT4_L4_1	(0.0, 2.0899229037890407e-05)	(1.0, 2.4382433877538807e-05)	(2.0, 3.483204839648401e-05)	(3.0, 6.618089195331963e-05)	(4.0, 0.00010449614518945204)	(5.0, 0.00010797935002910042)	(6.0, 0.00018809306134101367)	(7.0, 0.0003100052307287077)	(8.0, 0.0005015814969093697)	(9.0, 0.0008499019808742099)	(10.0, 0.0017485688295034974)	(11.0, 0.003695680334866954)	(12.0, 0.006886295967984889)	(13.0, 0.012675382411480533)	(14.0, 0.022226330081796447)	(15.0, 0.03815154260866894)	(16.0, 0.05890796024813376)	(17.0, 0.0818169984785013)	(18.0, 0.11531497942139997)	(19.0, 0.16794272134364766)	(20.0, 0.2502508517045394)	(21.0, 0.474900147837663)	(22.0, 0.7350258852626056)	(23.0, 0.8514241413891362)	(24.0, 1.0133722672037488)	(25.0, 1.2592447304248502)	(26.0, 1.5738791403854506)	(27.0, 1.9886069246181877)	(28.0, 2.570873378433173)	(29.0, 3.0439727093687377)	(30.0, 3.2840944013995794)	(31.0, 3.7855156708863253)	(32.0, 4.572807044767855)	(33.0, 4.915773842894156)	(34.0, 5.050417125970765)	(35.0, 5.245417382508801)	(36.0, 5.288804181991462)	(37.0, 5.268232374208498)	(38.0, 5.091881196381939)	(39.0, 4.872188500735635)	(40.0, 4.535073486739944)	(41.0, 4.1267756986411985)	(42.0, 3.6973627228045034)	(43.0, 3.282673253825003)	(44.0, 2.9096115658841404)	(45.0, 2.5182456365109256)	(46.0, 2.1472042073770585)	(47.0, 1.8674471274758575)	(48.0, 1.6319755139059464)	(49.0, 1.4314892097454637)	(50.0, 1.3013775761652373)	(51.0, 1.184373242396608)	(52.0, 1.0908178436084917)	(53.0, 1.0228256851385547)	(54.0, 0.9436001910607519)	(55.0, 0.8537091237639455)	(56.0, 0.7574054763573466)	(57.0, 0.6576952546175715)	(58.0, 0.5558637611304504)	(59.0, 0.45081378637149433)	(60.0, 0.35886414501445585)	(61.0, 0.280767209304699)	(62.0, 0.2132905651510302)	(63.0, 0.15588038298394524)	(64.0, 0.11037579495877853)	(65.0, 0.0778809770096986)	(66.0, 0.053411463011168586)	(67.0, 0.036942870529310945)	(68.0, 0.02518008778581829)	(69.0, 0.017712096609612118)	(70.0, 0.013389439403608453)	(71.0, 0.010676022833522349)	(72.0, 0.00819249778285304)	(73.0, 0.005928414637081578)	(74.0, 0.004465468604429251)	(75.0, 0.003361292670260707)	(76.0, 0.0022431839167335703)	(77.0, 0.0017381192149845523)	(78.0, 0.001389798731019712)	(79.0, 0.0009648477405826072)	(80.0, 0.0006757417388917898)	(81.0, 0.0004911318823904246)	(82.0, 0.0003239380500873013)	(83.0, 0.00020550908553925565)	(84.0, 0.00017067703714277165)	(85.0, 0.00010449614518945204)	(86.0, 7.314730163261642e-05)	(87.0, 8.708012099121002e-05)	(88.0, 9.056332583085842e-05)	(89.0, 5.921448227402282e-05)	(90.0, 1.0449614518945203e-05)	(91.0, 1.0449614518945203e-05)	(92.0, 6.966409679296802e-06)	(93.0, 1.0449614518945203e-05)	(94.0, 2.4382433877538807e-05)	(95.0, 2.7865638717187208e-05)	(96.0, 4.1798458075780814e-05)	(97.0, 4.8764867755077615e-05)	(98.0, 0.00012191216938769404)	(99.0, 0.00012887857906699083)	(100.0, 3.483204839648401e-05)
HNF4_GFP_R2_MKRN250011213-1A_22MVT7LT4_L4_2	(0.0, 4.8769265775916933e-05)	(1.0, 4.8769265775916933e-05)	(2.0, 6.618686069588726e-05)	(3.0, 9.057149358384572e-05)	(4.0, 0.00013934075935976266)	(5.0, 0.00019856058208766179)	(6.0, 0.00023687929091159652)	(7.0, 0.00038318708823934726)	(8.0, 0.0006165828601669498)	(9.0, 0.0009440336446623919)	(10.0, 0.0017731111628529798)	(11.0, 0.0036925301230337102)	(12.0, 0.006712741082156566)	(13.0, 0.012610338722058521)	(14.0, 0.02332564311682427)	(15.0, 0.0392139732028212)	(16.0, 0.06038331806855314)	(17.0, 0.08572243515812598)	(18.0, 0.12283236289461477)	(19.0, 0.17493535633821403)	(20.0, 0.2536698524144479)	(21.0, 0.46014847315272817)	(22.0, 0.6904578472605118)	(23.0, 0.8003907393573966)	(24.0, 0.9813734846518244)	(25.0, 1.2418536166799807)	(26.0, 1.5347339587782658)	(27.0, 1.9300645941958163)	(28.0, 2.523917492992205)	(29.0, 3.015870494468799)	(30.0, 3.2577625691983627)	(31.0, 3.707983013246708)	(32.0, 4.504273650759943)	(33.0, 4.915321923833275)	(34.0, 5.116380189032461)	(35.0, 5.352332863894315)	(36.0, 5.3614875517842515)	(37.0, 5.293050337824704)	(38.0, 5.108963777115537)	(39.0, 4.887338815834851)	(40.0, 4.540105127029307)	(41.0, 4.147714581634247)	(42.0, 3.725971905280053)	(43.0, 3.3012612707514966)	(44.0, 2.923498021570228)	(45.0, 2.530260981062058)	(46.0, 2.1651185211598)	(47.0, 1.8913313466127863)	(48.0, 1.6515781525393947)	(49.0, 1.4415985952222004)	(50.0, 1.3032123200640522)	(51.0, 1.1914296793866666)	(52.0, 1.0941210600877764)	(53.0, 1.0206501611963574)	(54.0, 0.9450368981297823)	(55.0, 0.8548311740392559)	(56.0, 0.752077814568383)	(57.0, 0.6476697835801128)	(58.0, 0.5491872183836165)	(59.0, 0.4477854642785333)	(60.0, 0.35259482452191143)	(61.0, 0.2756299560895465)	(62.0, 0.20874987511584442)	(63.0, 0.15237957091685245)	(64.0, 0.11080725536186725)	(65.0, 0.07983180455619202)	(66.0, 0.05517545718748202)	(67.0, 0.03716566404023269)	(68.0, 0.026474744278354903)	(69.0, 0.018636826564368256)	(70.0, 0.013644943860304756)	(71.0, 0.010938249609741369)	(72.0, 0.008705313941001172)	(73.0, 0.006684872930284614)	(74.0, 0.00496053103320755)	(75.0, 0.0038736731102014016)	(76.0, 0.0030132439211548673)	(77.0, 0.0024280127318438644)	(78.0, 0.0021911334409322678)	(79.0, 0.0016755726313011459)	(80.0, 0.0012227151633819172)	(81.0, 0.0010589897711341962)	(82.0, 0.0009335830877104098)	(83.0, 0.0008221104802225997)	(84.0, 0.0007071543537507955)	(85.0, 0.0006688356449268607)	(86.0, 0.0005712971133750269)	(87.0, 0.0005469124804870684)	(88.0, 0.0005364619235350862)	(89.0, 0.000581747670327009)	(90.0, 0.0005503959994710625)	(91.0, 0.0005573630374390506)	(92.0, 0.0005852311893110031)	(93.0, 0.0005190443286151159)	(94.0, 0.0005608465564230447)	(95.0, 0.0007001873157828074)	(96.0, 0.0007733412144466826)	(97.0, 0.0010137040243422732)	(98.0, 0.0017487265299650212)	(99.0, 0.0030271779970908437)	(100.0, 0.010962634242629327)
HNF4_GFP_R3_MKRN250011218-1A_22MVT7LT4_L4_1	(0.0, 2.9563610146358126e-06)	(1.0, 2.2172707609768595e-06)	(2.0, 2.2172707609768595e-06)	(3.0, 7.390902536589531e-06)	(4.0, 1.0347263551225343e-05)	(5.0, 8.869083043907438e-06)	(6.0, 1.9955436848791734e-05)	(7.0, 4.360632496587824e-05)	(8.0, 7.612629612687218e-05)	(9.0, 0.00014116623844886005)	(10.0, 0.000299331552731876)	(11.0, 0.00074130752441993)	(12.0, 0.001643736724137512)	(13.0, 0.0037930111817777476)	(14.0, 0.008078256472492358)	(15.0, 0.016078169378096866)	(16.0, 0.029096505106045667)	(17.0, 0.048316547152446744)	(18.0, 0.07895775088863963)	(19.0, 0.127949087442677)	(20.0, 0.2068188865911312)	(21.0, 0.37808827107152043)	(22.0, 0.5747084512524118)	(23.0, 0.7137557179440315)	(24.0, 0.9376224603260602)	(25.0, 1.2174664203397105)	(26.0, 1.5508973801046497)	(27.0, 1.9955155994495346)	(28.0, 2.5431533919811797)	(29.0, 3.0690501056111934)	(30.0, 3.4715165296094)	(31.0, 4.0421422463006)	(32.0, 4.836901516955399)	(33.0, 5.336258238666773)	(34.0, 5.606003269454428)	(35.0, 5.919873466566029)	(36.0, 6.07104255250791)	(37.0, 6.050200207354727)	(38.0, 5.911387232273517)	(39.0, 5.659646440064995)	(40.0, 5.263765310226889)	(41.0, 4.760044999657912)	(42.0, 4.1927880563428905)	(43.0, 3.627691473839313)	(44.0, 3.1130939720072375)	(45.0, 2.58712778389338)	(46.0, 2.0964923271751816)	(47.0, 1.7154558250818155)	(48.0, 1.3726849817813884)	(49.0, 1.0749897748711132)	(50.0, 0.8523676604762463)	(51.0, 0.6561214599637064)	(52.0, 0.5042058928656304)	(53.0, 0.4039660381228814)	(54.0, 0.3225064667256062)	(55.0, 0.254619548746524)	(56.0, 0.20009833891461035)	(57.0, 0.15572631644594143)	(58.0, 0.11946063587940392)	(59.0, 0.08806186463321061)	(60.0, 0.0654915264669735)	(61.0, 0.050244833624242945)	(62.0, 0.039770446549388265)	(63.0, 0.027535546490317957)	(64.0, 0.015626585233111247)	(65.0, 0.010044975637478833)	(66.0, 0.006999923792403945)	(67.0, 0.004798173926753924)	(68.0, 0.003391685174040936)	(69.0, 0.002491473245084331)	(70.0, 0.001592739496635044)	(71.0, 0.0009682082322932286)	(72.0, 0.0005720558563320297)	(73.0, 0.00036658876581484074)	(74.0, 0.000378414209873384)	(75.0, 0.0002579424985269747)	(76.0, 0.00010125536475127658)	(77.0, 6.503994232198787e-05)	(78.0, 5.83881300390573e-05)	(79.0, 4.212814445856033e-05)	(80.0, 3.104179065367603e-05)	(81.0, 3.547633217562975e-05)	(82.0, 2.7346339385381264e-05)	(83.0, 1.7738166087814876e-05)	(84.0, 2.7346339385381264e-05)	(85.0, 2.6607249131722313e-05)	(86.0, 1.3303624565861156e-05)	(87.0, 8.129992790248483e-06)	(88.0, 6.651812282930578e-06)	(89.0, 6.651812282930578e-06)	(90.0, 3.6954512682947656e-06)	(91.0, 2.9563610146358126e-06)	(92.0, 3.6954512682947656e-06)	(93.0, 1.1086353804884297e-05)	(94.0, 1.8477256341473828e-05)	(95.0, 1.8477256341473828e-05)	(96.0, 3.178088090733498e-05)	(97.0, 5.912722029271625e-05)	(98.0, 0.00013377533591227053)	(99.0, 0.00011308080880981984)	(100.0, 1.9955436848791734e-05)
HNF4_GFP_R3_MKRN250011218-1A_22MVT7LT4_L4_2	(0.0, 1.478223094538095e-06)	(1.0, 1.478223094538095e-06)	(2.0, 2.95644618907619e-06)	(3.0, 5.173780830883332e-06)	(4.0, 1.2564896303573808e-05)	(5.0, 2.2912457965340472e-05)	(6.0, 2.734712724895476e-05)	(7.0, 3.473824272164523e-05)	(8.0, 6.060714687606189e-05)	(9.0, 0.00014560497481200236)	(10.0, 0.000280123276414969)	(11.0, 0.000607549691855157)	(12.0, 0.0014279635093237997)	(13.0, 0.003383652663397699)	(14.0, 0.00740294125744678)	(15.0, 0.015152525830562744)	(16.0, 0.02803597921100951)	(17.0, 0.046928409470753635)	(18.0, 0.07735171897944217)	(19.0, 0.12526092947342182)	(20.0, 0.2023280905071654)	(21.0, 0.36333393262961294)	(22.0, 0.5515789917151139)	(23.0, 0.6954374459409195)	(24.0, 0.9257579080778054)	(25.0, 1.2069499397901255)	(26.0, 1.5296445631046973)	(27.0, 1.9614675281504492)	(28.0, 2.5239957183268067)	(29.0, 3.0594598609768138)	(30.0, 3.440296694157305)	(31.0, 3.983900672277386)	(32.0, 4.810799454461767)	(33.0, 5.3421504413512215)	(34.0, 5.635806850196687)	(35.0, 5.995090451547266)	(36.0, 6.124923525052093)	(37.0, 6.058700608639881)	(38.0, 5.918205851065697)	(39.0, 5.688342159865024)	(40.0, 5.2931473457672835)	(41.0, 4.790374106852987)	(42.0, 4.22159377209828)	(43.0, 3.6422707502333287)	(44.0, 3.1193692865522533)	(45.0, 2.5913783007566837)	(46.0, 2.1008610095192024)	(47.0, 1.7179886631375323)	(48.0, 1.3716882952262817)	(49.0, 1.06983587843315)	(50.0, 0.8466367560542013)	(51.0, 0.649729309634707)	(52.0, 0.497441288212298)	(53.0, 0.3983678199701658)	(54.0, 0.3171608951601682)	(55.0, 0.25139548879571566)	(56.0, 0.19747286675315504)	(57.0, 0.15325182288004793)	(58.0, 0.11772199169127755)	(59.0, 0.08645313857251322)	(60.0, 0.0641888814341277)	(61.0, 0.05006667710045801)	(62.0, 0.03975237545831845)	(63.0, 0.027534861581961098)	(64.0, 0.01610080594570893)	(65.0, 0.010317997199875903)	(66.0, 0.007180468681718797)	(67.0, 0.004983090051687918)	(68.0, 0.0035691696617622306)	(69.0, 0.002595759754008895)	(70.0, 0.001821909964018202)	(71.0, 0.001229142503108426)	(72.0, 0.0008292831560358713)	(73.0, 0.0006445052692186094)	(74.0, 0.0005957239070988523)	(75.0, 0.0004922482904811856)	(76.0, 0.0003629037697091023)	(77.0, 0.00030081839973850234)	(78.0, 0.0002860361687931214)	(79.0, 0.0002727321609422785)	(80.0, 0.0002505588145242071)	(81.0, 0.00022838546810613567)	(82.0, 0.00022173346418071424)	(83.0, 0.00019216900228995234)	(84.0, 0.00020990767942440948)	(85.0, 0.00021655968334983094)	(86.0, 0.0001914298907426833)	(87.0, 0.00019216900228995234)	(88.0, 0.00017443032515549522)	(89.0, 0.00015816987111557615)	(90.0, 0.0001663000981355357)	(91.0, 0.00017516943670276426)	(92.0, 0.00016482187504099761)	(93.0, 0.00016851743277734282)	(94.0, 0.00018034321753364758)	(95.0, 0.0001884734445536071)	(96.0, 0.00022025524108617615)	(97.0, 0.00030007928819123327)	(98.0, 0.00047894428263034277)	(99.0, 0.0008788036297028975)	(100.0, 0.003461259375860949)
HNF4_NKX_R1_MKRN250011209-1A_22MGWFLT4_L3_1	(0.0, 1.3879651209916956e-05)	(1.0, 3.469912802479239e-05)	(2.0, 5.5518604839667825e-05)	(3.0, 8.327790725950173e-05)	(4.0, 9.715755846941868e-05)	(5.0, 0.00016655581451900347)	(6.0, 0.0003122921522231315)	(7.0, 0.0006037648276313876)	(8.0, 0.0010964924455834396)	(9.0, 0.002088887507092502)	(10.0, 0.0036434084426032005)	(11.0, 0.006162565137203128)	(12.0, 0.010659572129216222)	(13.0, 0.019258016053759777)	(14.0, 0.03311684778686186)	(15.0, 0.05345747663499515)	(16.0, 0.07937078544391012)	(17.0, 0.1127166474757356)	(18.0, 0.16040018920740529)	(19.0, 0.22642569001298024)	(20.0, 0.32774714384537407)	(21.0, 0.5493080161092784)	(22.0, 0.804249449533033)	(23.0, 0.9419147700585943)	(24.0, 1.1305253503501558)	(25.0, 1.4121712327017908)	(26.0, 1.7441100312125597)	(27.0, 2.139374738368575)	(28.0, 2.6824299716077857)	(29.0, 3.199641294294131)	(30.0, 3.5398731844028255)	(31.0, 4.066585128342359)	(32.0, 4.843519424294275)	(33.0, 5.27147764987525)	(34.0, 5.463120933956178)	(35.0, 5.71611227638494)	(36.0, 5.839779968665299)	(37.0, 5.820917522671023)	(38.0, 5.627879333643497)	(39.0, 5.3611957152961525)	(40.0, 4.980872452667613)	(41.0, 4.483175919582411)	(42.0, 3.9530010026660034)	(43.0, 3.4442146282640778)	(44.0, 2.9588224059764667)	(45.0, 2.469113612162572)	(46.0, 2.0108561079903486)	(47.0, 1.649790861415569)	(48.0, 1.3377624225654259)	(49.0, 1.0680599800799246)	(50.0, 0.8699695980119899)	(51.0, 0.6868276002971355)	(52.0, 0.5527709890861526)	(53.0, 0.4589723062095339)	(54.0, 0.3747020038885231)	(55.0, 0.31347192257597445)	(56.0, 0.25794637791070163)	(57.0, 0.2062932559329957)	(58.0, 0.16210044648062014)	(59.0, 0.1261035710677005)	(60.0, 0.09846224568315087)	(61.0, 0.0780036397997333)	(62.0, 0.06141051677827757)	(63.0, 0.045900006551195374)	(64.0, 0.03256860156407013)	(65.0, 0.02320677682298115)	(66.0, 0.01782841197913833)	(67.0, 0.014185003536535127)	(68.0, 0.0108469474205501)	(69.0, 0.009875371835855915)	(70.0, 0.008265332295505546)	(71.0, 0.006814908744069224)	(72.0, 0.006592834324710554)	(73.0, 0.005461642751102322)	(74.0, 0.004746840713791598)	(75.0, 0.00396264042043129)	(76.0, 0.003025763963761896)	(77.0, 0.0023873000081057164)	(78.0, 0.0018112944828941626)	(79.0, 0.0015059421562759897)	(80.0, 0.001221409306472692)	(81.0, 0.0008674782006198097)	(82.0, 0.0004441488387173426)	(83.0, 0.00031923197782809)	(84.0, 0.0003122921522231315)	(85.0, 0.0002220744193586713)	(86.0, 0.00011797703528429413)	(87.0, 6.939825604958478e-05)	(88.0, 7.633808165454325e-05)	(89.0, 4.163895362975087e-05)	(90.0, 2.0819476814875433e-05)	(91.0, 6.939825604958478e-06)	(92.0, 6.939825604958478e-06)	(93.0, 1.3879651209916956e-05)	(94.0, 6.939825604958478e-06)	(95.0, 1.3879651209916956e-05)	(96.0, 4.857877923470934e-05)	(97.0, 0.00020125494254379585)	(98.0, 0.0012005898296578166)	(99.0, 0.0012144694808677336)	(100.0, 0.00018737529133387888)
HNF4_NKX_R1_MKRN250011209-1A_22MGWFLT4_L3_2	(0.0, 1.3880902550164713e-05)	(1.0, 4.85831589255765e-05)	(2.0, 8.328541530098829e-05)	(3.0, 9.022586657607064e-05)	(4.0, 0.00015268992805181185)	(5.0, 0.00027067759972821195)	(6.0, 0.0004025461739547767)	(7.0, 0.0006454619685826592)	(8.0, 0.0010410676912623537)	(9.0, 0.001978028613398472)	(10.0, 0.003692320078343814)	(11.0, 0.006357453367975438)	(12.0, 0.010792401732753065)	(13.0, 0.019176466873052554)	(14.0, 0.03281445362858938)	(15.0, 0.05258779931129902)	(16.0, 0.07812171955232702)	(17.0, 0.1103045921148839)	(18.0, 0.15642389083780617)	(19.0, 0.22298281856584595)	(20.0, 0.320572503944779)	(21.0, 0.5234071924590609)	(22.0, 0.7618880387221657)	(23.0, 0.908623059579957)	(24.0, 1.1079250583952218)	(25.0, 1.3852446699936878)	(26.0, 1.7050606647494828)	(27.0, 2.0965784616281535)	(28.0, 2.647337972562314)	(29.0, 3.1592517777098386)	(30.0, 3.4967381614119932)	(31.0, 4.006299153577265)	(32.0, 4.802355033926661)	(33.0, 5.260140259579818)	(34.0, 5.471955892044057)	(35.0, 5.751420103086523)	(36.0, 5.860523997130818)	(37.0, 5.840188474894826)	(38.0, 5.671341176274622)	(39.0, 5.4137185653948405)	(40.0, 5.008049188366277)	(41.0, 4.503332631191013)	(42.0, 3.9778224819956023)	(43.0, 3.486265020437894)	(44.0, 3.005236223464486)	(45.0, 2.490178393889349)	(46.0, 2.0279096367124887)	(47.0, 1.6714897019319095)	(48.0, 1.36438167346079)	(49.0, 1.0808434175198505)	(50.0, 0.865384048136194)	(51.0, 0.6862093580186677)	(52.0, 0.551231461620866)	(53.0, 0.4590692091390475)	(54.0, 0.37884453285037045)	(55.0, 0.31630412641060335)	(56.0, 0.2624948076748898)	(57.0, 0.20938647451795964)	(58.0, 0.16485653913703124)	(59.0, 0.1281207305380203)	(60.0, 0.09829067095771635)	(61.0, 0.07928077491526576)	(62.0, 0.06391461579223343)	(63.0, 0.045952727892320286)	(64.0, 0.03300878626429169)	(65.0, 0.024603899770166957)	(66.0, 0.017732853007835423)	(67.0, 0.014380615041970643)	(68.0, 0.012742668541051208)	(69.0, 0.011451744603885889)	(70.0, 0.00915445523183363)	(71.0, 0.007565091889839769)	(72.0, 0.006558726454952827)	(73.0, 0.005760574558318357)	(74.0, 0.005087350784635368)	(75.0, 0.004226734826525156)	(76.0, 0.0033383570633146137)	(77.0, 0.002658192838356543)	(78.0, 0.002311170274602425)	(79.0, 0.0019919095159486367)	(80.0, 0.0014505543164922128)	(81.0, 0.0011382340091135065)	(82.0, 0.0010410676912623537)	(83.0, 0.0007981518966344711)	(84.0, 0.0005274742969062591)	(85.0, 0.0005066529430810121)	(86.0, 0.0004719506867056003)	(87.0, 0.0004372484303301885)	(88.0, 0.00036090346630428255)	(89.0, 0.0003053798561036237)	(90.0, 0.00036784391757936494)	(91.0, 0.00042336752778002375)	(92.0, 0.00039560572267969434)	(93.0, 0.00036784391757936494)	(94.0, 0.0003747843688544473)	(95.0, 0.0004719506867056003)	(96.0, 0.00047889113798068266)	(97.0, 0.0006732237736829887)	(98.0, 0.0011104722040131772)	(99.0, 0.001978028613398472)	(100.0, 0.010348212851147794)
HNF4_NKX_R1_MKRN250011209-1A_22MVT7LT4_L4_1	(0.0, 5.4340477324941466e-05)	(1.0, 6.037830813882386e-05)	(2.0, 8.15107159874122e-05)	(3.0, 0.00014188902412623608)	(4.0, 0.0001660403473817656)	(5.0, 0.0001992484168581187)	(6.0, 0.00031698611772882523)	(7.0, 0.0005403858578424736)	(8.0, 0.0010113366613252997)	(9.0, 0.0019592760991048344)	(10.0, 0.003553263433969784)	(11.0, 0.006445384393819448)	(12.0, 0.011233384229228179)	(13.0, 0.019653139299187165)	(14.0, 0.032906177935659)	(15.0, 0.0519676098150857)	(16.0, 0.07776424196739819)	(17.0, 0.11173609704170744)	(18.0, 0.1599210058518958)	(19.0, 0.22599600736361772)	(20.0, 0.32643834186795817)	(21.0, 0.5408809599692118)	(22.0, 0.7990163407551255)	(23.0, 0.9521508247722176)	(24.0, 1.1412285156243513)	(25.0, 1.4178155073774896)	(26.0, 1.755182323018575)	(27.0, 2.169516386959626)	(28.0, 2.70914147811955)	(29.0, 3.20839461354245)	(30.0, 3.5655202305219653)	(31.0, 4.118760630167195)	(32.0, 4.877471431324248)	(33.0, 5.28539935677177)	(34.0, 5.4862206285569055)	(35.0, 5.734786047502815)	(36.0, 5.848680669060485)	(37.0, 5.831487945817956)	(38.0, 5.64880733671313)	(39.0, 5.369593888555952)	(40.0, 4.9770533749376105)	(41.0, 4.477803258430117)	(42.0, 3.9422869111390404)	(43.0, 3.435383844074951)	(44.0, 2.9478954219929014)	(45.0, 2.447993219757509)	(46.0, 1.9808583253490566)	(47.0, 1.624674609976507)	(48.0, 1.3215513517963557)	(49.0, 1.0509750206184376)	(50.0, 0.8511862179024763)	(51.0, 0.6718928318842388)	(52.0, 0.5355555931913676)	(53.0, 0.44174581583607697)	(54.0, 0.3617596521291701)	(55.0, 0.30284249904730576)	(56.0, 0.2490242940877651)	(57.0, 0.19870501208486932)	(58.0, 0.15686284454466437)	(59.0, 0.12176795293897301)	(60.0, 0.09259617336170027)	(61.0, 0.07250227241309969)	(62.0, 0.05780619221210996)	(63.0, 0.042497272183511174)	(64.0, 0.029328763178433692)	(65.0, 0.020839573054115056)	(66.0, 0.01634742692858656)	(67.0, 0.013346625014087015)	(68.0, 0.009983553250754526)	(69.0, 0.008709570949025342)	(70.0, 0.007544269601946041)	(71.0, 0.006321608862134858)	(72.0, 0.005844620227838149)	(73.0, 0.004727621527269908)	(74.0, 0.004105724953440023)	(75.0, 0.0035170364490864896)	(76.0, 0.0026838157967707206)	(77.0, 0.0021524866851490706)	(78.0, 0.0015758738424233025)	(79.0, 0.001234736401438948)	(80.0, 0.001110960869754359)	(81.0, 0.0007909558366185926)	(82.0, 0.000437742734006473)	(83.0, 0.0003109482869149429)	(84.0, 0.00021132407848588352)	(85.0, 0.0001267944470915301)	(86.0, 7.849180058047102e-05)	(87.0, 5.132156191800028e-05)	(88.0, 3.018915406941193e-05)	(89.0, 1.8113492441647156e-05)	(90.0, 1.5094577034705965e-05)	(91.0, 2.113240784858835e-05)	(92.0, 2.4151323255529545e-05)	(93.0, 3.320806947635312e-05)	(94.0, 5.132156191800028e-05)	(95.0, 6.943505435964744e-05)	(96.0, 0.0001328322779054125)	(97.0, 0.0003230239485427077)	(98.0, 0.0011653013470793005)	(99.0, 0.0011230365313821236)	(100.0, 0.00019019167063729516)
HNF4_NKX_R1_MKRN250011209-1A_22MVT7LT4_L4_2	(0.0, 0.00010264845079335175)	(1.0, 7.547680205393512e-05)	(2.0, 9.057216246472215e-05)	(3.0, 0.00013283917161492582)	(4.0, 0.00015095360410787023)	(5.0, 0.00024152576657259238)	(6.0, 0.00031096442446221266)	(7.0, 0.0005947572001850088)	(8.0, 0.0010627133729194066)	(9.0, 0.0018808819071840632)	(10.0, 0.003336074650783932)	(11.0, 0.005983800866835976)	(12.0, 0.010750915684562518)	(13.0, 0.019035249478002437)	(14.0, 0.03255163518982114)	(15.0, 0.051245729522539786)	(16.0, 0.07775016333179964)	(17.0, 0.11086938407306637)	(18.0, 0.15736309413829042)	(19.0, 0.22546128402343282)	(20.0, 0.32700173536263283)	(21.0, 0.5301249050501831)	(22.0, 0.7637376836954408)	(23.0, 0.9151803774806205)	(24.0, 1.11813447913157)	(25.0, 1.3958377864646545)	(26.0, 1.7183773332898586)	(27.0, 2.1190504656012967)	(28.0, 2.66855781341893)	(29.0, 3.1758253237350993)	(30.0, 3.529295264042006)	(31.0, 4.053834885740198)	(32.0, 4.836079481299263)	(33.0, 5.288321383846032)	(34.0, 5.51208293028721)	(35.0, 5.790365899460069)	(36.0, 5.8946959734031825)	(37.0, 5.862056785122979)	(38.0, 5.689559082636833)	(39.0, 5.421984762139386)	(40.0, 5.007638252367858)	(41.0, 4.5012523110996785)	(42.0, 3.964183540260534)	(43.0, 3.4492324914952737)	(44.0, 2.961003249729189)	(45.0, 2.465473891668448)	(46.0, 2.010901265474254)	(47.0, 1.6450652059188302)	(48.0, 1.3340011520779067)	(49.0, 1.059498061151909)	(50.0, 0.8439182000533773)	(51.0, 0.6629731338813553)	(52.0, 0.530586823078753)	(53.0, 0.4418532755120648)	(54.0, 0.36414537918941536)	(55.0, 0.30152680513338864)	(56.0, 0.24771788341309722)	(57.0, 0.19652045904387194)	(58.0, 0.15488141688675702)	(59.0, 0.12086553173708955)	(60.0, 0.09153524645893035)	(61.0, 0.07168182844666325)	(62.0, 0.05782730666164293)	(63.0, 0.042339466880175446)	(64.0, 0.03032657906527113)	(65.0, 0.022274713822157333)	(66.0, 0.016837365002191847)	(67.0, 0.013688472820501672)	(68.0, 0.01099244145113511)	(69.0, 0.009519134275042298)	(70.0, 0.007982426585224177)	(71.0, 0.006829141049840049)	(72.0, 0.0058871905602069395)	(73.0, 0.005041850377202866)	(74.0, 0.004546722555729052)	(75.0, 0.0038010117514361724)	(76.0, 0.0031368158933615434)	(77.0, 0.0024696009632047575)	(78.0, 0.0018627674746911186)	(79.0, 0.0016061463477077393)	(80.0, 0.001304239139491999)	(81.0, 0.0009177979129758511)	(82.0, 0.0007366535880464068)	(83.0, 0.0006611767859924716)	(84.0, 0.0005464520468704902)	(85.0, 0.0004166319473377219)	(86.0, 0.00031096442446221266)	(87.0, 0.0003170025686265275)	(88.0, 0.00033209792903731453)	(89.0, 0.00028983091988711086)	(90.0, 0.00026567834322985164)	(91.0, 0.00026567834322985164)	(92.0, 0.00023548762240827758)	(93.0, 0.00027171648739416645)	(94.0, 0.0003230407127908423)	(95.0, 0.00029586906405142566)	(96.0, 0.0003864412265161478)	(97.0, 0.0005645664793634346)	(98.0, 0.000969122138372527)	(99.0, 0.0017510618076512947)	(100.0, 0.006318917867955447)
HNF4_NKX_R2_MKRN250011214-1A_22MVT7LT4_L4_1	(0.0, 5.599531883614156e-06)	(1.0, 8.399297825421233e-06)	(2.0, 1.4558782897396804e-05)	(3.0, 1.6238642462481052e-05)	(4.0, 2.5197893476263698e-05)	(5.0, 4.5916161445636074e-05)	(6.0, 6.271475709647854e-05)	(7.0, 9.239227607963357e-05)	(8.0, 0.00017806511389893015)	(9.0, 0.0003572501341745831)	(10.0, 0.0007089007364655521)	(11.0, 0.0014049225495987915)	(12.0, 0.002755529639926526)	(13.0, 0.005917585294603439)	(14.0, 0.011347451362144087)	(15.0, 0.0197237911068425)	(16.0, 0.032003004574419985)	(17.0, 0.048921430207571795)	(18.0, 0.07575550690022755)	(19.0, 0.11837970355148685)	(20.0, 0.18577678920904356)	(21.0, 0.3428296597147116)	(22.0, 0.5344825976824198)	(23.0, 0.6683993223513709)	(24.0, 0.881938030686185)	(25.0, 1.1540153652386782)	(26.0, 1.4810593846202933)	(27.0, 1.9415996038263998)	(28.0, 2.553179356248361)	(29.0, 3.0789636411027748)	(30.0, 3.4256222607195017)	(31.0, 4.020307105542222)	(32.0, 4.839649089207861)	(33.0, 5.32538440212429)	(34.0, 5.632697910960802)	(35.0, 5.941081490340273)	(36.0, 6.087635798517352)	(37.0, 6.068193663864256)	(38.0, 5.899086681072731)	(39.0, 5.660890434088422)	(40.0, 5.271949189265337)	(41.0, 4.777689149009294)	(42.0, 4.228624250395566)	(43.0, 3.685682999849759)	(44.0, 3.1664742452862735)	(45.0, 2.6325224832264205)	(46.0, 2.134295174630837)	(47.0, 1.7381114952694847)	(48.0, 1.3869021360909446)	(49.0, 1.0822254468184265)	(50.0, 0.8577474929957837)	(51.0, 0.6624783773376373)	(52.0, 0.5163384345199449)	(53.0, 0.4165788543410402)	(54.0, 0.33169331070457975)	(55.0, 0.262154964054729)	(56.0, 0.20528779810430872)	(57.0, 0.15886431907001722)	(58.0, 0.12121866621647923)	(59.0, 0.0887794581083257)	(60.0, 0.06548932514480935)	(61.0, 0.050252438936306876)	(62.0, 0.039580291119326656)	(63.0, 0.028245718680514884)	(64.0, 0.01728015539283328)	(65.0, 0.010805976628998598)	(66.0, 0.006811830536416621)	(67.0, 0.004526101621525322)	(68.0, 0.003111659867724386)	(69.0, 0.0023008476509770565)	(70.0, 0.001521392812777966)	(71.0, 0.0008914454758713735)	(72.0, 0.0005050777759019968)	(73.0, 0.0003398915853353792)	(74.0, 0.000331492287509958)	(75.0, 0.00024077987099540868)	(76.0, 0.00011759016955589727)	(77.0, 6.551452303828561e-05)	(78.0, 4.703606782235891e-05)	(79.0, 4.0316629562021924e-05)	(80.0, 3.359719130168493e-05)	(81.0, 2.743770622970936e-05)	(82.0, 2.6317799852986533e-05)	(83.0, 2.407798709954087e-05)	(84.0, 2.407798709954087e-05)	(85.0, 1.9598361592649545e-05)	(86.0, 1.4558782897396804e-05)	(87.0, 9.519204202144065e-06)	(88.0, 5.0395786952527406e-06)	(89.0, 2.799765941807078e-06)	(90.0, 6.159485071975572e-06)	(91.0, 7.279391448698402e-06)	(92.0, 8.959251013782649e-06)	(93.0, 1.4558782897396804e-05)	(94.0, 1.8478455215926713e-05)	(95.0, 2.855761260643219e-05)	(96.0, 4.423630188055183e-05)	(97.0, 0.00010975082491883745)	(98.0, 0.00044348292518224113)	(99.0, 0.000424444516777953)	(100.0, 6.719438260336987e-05)
HNF4_NKX_R2_MKRN250011214-1A_22MVT7LT4_L4_2	(0.0, 4.479802505218676e-06)	(1.0, 1.0079555636742022e-05)	(2.0, 1.847918533402704e-05)	(3.0, 1.62392840814177e-05)	(4.0, 1.735923470772237e-05)	(5.0, 3.3038543475987735e-05)	(6.0, 5.4877580688928776e-05)	(7.0, 9.40758526095922e-05)	(8.0, 0.00016631266800624334)	(9.0, 0.00033038543475987734)	(10.0, 0.0006501313385698604)	(11.0, 0.0014004982581939886)	(12.0, 0.002742199108506982)	(13.0, 0.005535915945823979)	(14.0, 0.01074368635814069)	(15.0, 0.019488820823640698)	(16.0, 0.031958911072230034)	(17.0, 0.04877832957807355)	(18.0, 0.07594777179691167)	(19.0, 0.11796663936992341)	(20.0, 0.18401684750686756)	(21.0, 0.33681955110799766)	(22.0, 0.5180370820244167)	(23.0, 0.6498160724685556)	(24.0, 0.8725445733489571)	(25.0, 1.1454569418434446)	(26.0, 1.4617321186625094)	(27.0, 1.9179574456952322)	(28.0, 2.539609559788791)	(29.0, 3.064884322735702)	(30.0, 3.397145114819326)	(31.0, 3.9655211776195722)	(32.0, 4.807326466128345)	(33.0, 5.323578346854432)	(34.0, 5.650401218672034)	(35.0, 5.981424465313593)	(36.0, 6.111171865321614)	(37.0, 6.074679394114103)	(38.0, 5.916578204099925)	(39.0, 5.6903302583763615)	(40.0, 5.293294321943841)	(41.0, 4.8030885729584085)	(42.0, 4.2554836744489215)	(43.0, 3.701865201051493)	(44.0, 3.177012099515385)	(45.0, 2.6452147441208766)	(46.0, 2.1470103077623763)	(47.0, 1.7467925916005236)	(48.0, 1.3905178181876745)	(49.0, 1.0816712738728886)	(50.0, 0.8526968083495858)	(51.0, 0.6574227771224169)	(52.0, 0.5114517723417452)	(53.0, 0.41161489371044185)	(54.0, 0.3276499553551282)	(55.0, 0.2587018749726207)	(56.0, 0.20291489437513255)	(57.0, 0.15656685765614012)	(58.0, 0.11876628411710492)	(59.0, 0.08718815625781848)	(60.0, 0.06461555138464788)	(61.0, 0.049791884894879276)	(62.0, 0.039585214862051674)	(63.0, 0.028361069685226285)	(64.0, 0.017339075596448886)	(65.0, 0.011153588287368198)	(66.0, 0.007312717614456336)	(67.0, 0.00495578152139816)	(68.0, 0.003480246571241759)	(69.0, 0.0025641269589245395)	(70.0, 0.0018031205083505171)	(71.0, 0.0012543447014612293)	(72.0, 0.0008746814391439466)	(73.0, 0.0006809299807932388)	(74.0, 0.0006708504251564968)	(75.0, 0.0005622152144049438)	(76.0, 0.0004104619045406612)	(77.0, 0.00036790378074108375)	(78.0, 0.0003488646200939044)	(79.0, 0.0003320653606993343)	(80.0, 0.0003186259531836783)	(81.0, 0.0003057465209811746)	(82.0, 0.00028950723689975696)	(83.0, 0.00026878815031312057)	(84.0, 0.00024974898966594115)	(85.0, 0.0002469491131001795)	(86.0, 0.0002587085946763785)	(87.0, 0.00025590871811061687)	(88.0, 0.00025422879217115984)	(89.0, 0.00024022940934235153)	(90.0, 0.0002323897549582188)	(91.0, 0.00023294973027137113)	(92.0, 0.0002396694340291992)	(93.0, 0.00024862903903963653)	(94.0, 0.00024246931059496084)	(95.0, 0.0002458291624738749)	(96.0, 0.00029510699003128027)	(97.0, 0.00043958062082458257)	(98.0, 0.0007066888451982462)	(99.0, 0.0012644242570979713)	(100.0, 0.0047849890508866975)
HNF4_NKX_R3_MKRN250011219-1A_22MVT7LT4_L4_1	(0.0, 4.241504838411814e-06)	(1.0, 2.120752419205907e-06)	(2.0, 6.362257257617722e-06)	(3.0, 2.96905338688827e-05)	(4.0, 4.029429596491224e-05)	(5.0, 3.817354354570633e-05)	(6.0, 6.574332499538313e-05)	(7.0, 0.00012512439273314852)	(8.0, 0.00017390169837488439)	(9.0, 0.0003520449015881806)	(10.0, 0.0007274180797876262)	(11.0, 0.001439990892640811)	(12.0, 0.0030729702554293595)	(13.0, 0.006616747547922431)	(14.0, 0.012819948374099709)	(15.0, 0.022602979283896558)	(16.0, 0.03802933238120033)	(17.0, 0.0590205398265004)	(18.0, 0.09211276057578938)	(19.0, 0.1450785522454569)	(20.0, 0.22848774489282525)	(21.0, 0.4095257751583375)	(22.0, 0.6212362476628248)	(23.0, 0.7591063624354009)	(24.0, 0.9741442954856221)	(25.0, 1.2490425863203494)	(26.0, 1.571072478919509)	(27.0, 2.008575219992011)	(28.0, 2.5639684672957497)	(29.0, 3.0892470302467645)	(30.0, 3.477701009367872)	(31.0, 4.06146144103091)	(32.0, 4.88076324013305)	(33.0, 5.3675437844182206)	(34.0, 5.6435130552246475)	(35.0, 5.97149165835968)	(36.0, 6.106575104453419)	(37.0, 6.04511994084967)	(38.0, 5.871483336527186)	(39.0, 5.630209575298969)	(40.0, 5.2369817824822285)	(41.0, 4.727547360855101)	(42.0, 4.16427975981885)	(43.0, 3.6040554385041603)	(44.0, 3.075824788185611)	(45.0, 2.5412255183521855)	(46.0, 2.0531916093872646)	(47.0, 1.6707626878891209)	(48.0, 1.334038101777284)	(49.0, 1.0418705239929629)	(50.0, 0.8248072723823998)	(51.0, 0.6331633592684388)	(52.0, 0.48655574452873446)	(53.0, 0.390920414184644)	(54.0, 0.309892826504044)	(55.0, 0.24361295114660175)	(56.0, 0.19066200474386868)	(57.0, 0.1467263768751799)	(58.0, 0.11231504812114483)	(59.0, 0.08222157129261302)	(60.0, 0.06031844030705442)	(61.0, 0.04684742094025849)	(62.0, 0.037738789299769114)	(63.0, 0.026131911309455188)	(64.0, 0.014932217783628791)	(65.0, 0.00975121962350876)	(66.0, 0.006597660776149577)	(67.0, 0.004311489668245609)	(68.0, 0.0029393628530193874)	(69.0, 0.0021716504772668487)	(70.0, 0.0013869720821606632)	(71.0, 0.0007867991475253916)	(72.0, 0.00042202973142197554)	(73.0, 0.000296905338688827)	(74.0, 0.0003075091007848565)	(75.0, 0.00020147147982456116)	(76.0, 7.846783951061857e-05)	(77.0, 6.786407741458902e-05)	(78.0, 7.422633467220675e-05)	(79.0, 6.150182015697131e-05)	(80.0, 4.877730564173586e-05)	(81.0, 3.393203870729451e-05)	(82.0, 1.9086771772853165e-05)	(83.0, 1.9086771772853165e-05)	(84.0, 2.3328276611264978e-05)	(85.0, 2.756978144967679e-05)	(86.0, 1.9086771772853165e-05)	(87.0, 6.362257257617722e-06)	(88.0, 0.0)	(89.0, 0.0)	(90.0, 6.362257257617722e-06)	(91.0, 1.0603762096029536e-05)	(92.0, 1.0603762096029536e-05)	(93.0, 1.484526693444135e-05)	(94.0, 2.5449029030470888e-05)	(95.0, 4.241504838411814e-05)	(96.0, 4.877730564173586e-05)	(97.0, 7.634708709141266e-05)	(98.0, 0.000388097692714681)	(99.0, 0.0004008222072299165)	(100.0, 7.210558225300085e-05)
HNF4_NKX_R3_MKRN250011219-1A_22MVT7LT4_L4_2	(0.0, 4.241632753752392e-06)	(1.0, 1.060408188438098e-05)	(2.0, 2.120816376876196e-05)	(3.0, 2.544979652251435e-05)	(4.0, 4.029551116064773e-05)	(5.0, 4.8778776668152513e-05)	(6.0, 4.8778776668152513e-05)	(7.0, 7.847020594441926e-05)	(8.0, 0.00013573224812007655)	(9.0, 0.0002672228634864007)	(10.0, 0.0005026334813196584)	(11.0, 0.0011367575780056411)	(12.0, 0.0025789127142814548)	(13.0, 0.005734687483073234)	(14.0, 0.01118518557164506)	(15.0, 0.02023895068452954)	(16.0, 0.03475381796787023)	(17.0, 0.05562053029995512)	(18.0, 0.088889776804012)	(19.0, 0.14101732253125204)	(20.0, 0.22326258162651091)	(21.0, 0.40265183486458395)	(22.0, 0.6038112682112912)	(23.0, 0.7421542412913023)	(24.0, 0.967955440120934)	(25.0, 1.2430931903258366)	(26.0, 1.5567407243020575)	(27.0, 1.9862548193961553)	(28.0, 2.5503601633995703)	(29.0, 3.0771200518225723)	(30.0, 3.4501864982297334)	(31.0, 4.014397883051992)	(32.0, 4.842943579455347)	(33.0, 5.360236143571973)	(34.0, 5.654151601977738)	(35.0, 5.994854390473768)	(36.0, 6.127320581373455)	(37.0, 6.066058679511009)	(38.0, 5.9095466725303)	(39.0, 5.664183063440362)	(40.0, 5.254929127194562)	(41.0, 4.748308511086377)	(42.0, 4.1858701287551865)	(43.0, 3.6190925561169074)	(44.0, 3.094654961626585)	(45.0, 2.559407566063324)	(46.0, 2.065622130667993)	(47.0, 1.6829717150537284)	(48.0, 1.339704859558055)	(49.0, 1.036786535632451)	(50.0, 0.8149851964896078)	(51.0, 0.6265400573222734)	(52.0, 0.4822142612430944)	(53.0, 0.3885271977945885)	(54.0, 0.30880571018781233)	(55.0, 0.24056208081269004)	(56.0, 0.1876604371078902)	(57.0, 0.145420137329647)	(58.0, 0.11045635854046605)	(59.0, 0.08010323455461392)	(60.0, 0.05958433610833673)	(61.0, 0.04646708681735746)	(62.0, 0.03724365639432288)	(63.0, 0.026228136132827914)	(64.0, 0.0153335024048149)	(65.0, 0.009984803502333132)	(66.0, 0.006778129140496322)	(67.0, 0.004489768269846908)	(68.0, 0.0033466482427106374)	(69.0, 0.0025449796522514353)	(70.0, 0.0016499951412096807)	(71.0, 0.0011706906400356602)	(72.0, 0.0008377224688660975)	(73.0, 0.0006638155259622493)	(74.0, 0.0006023118510328397)	(75.0, 0.00047506286842026793)	(76.0, 0.00038386776421459154)	(77.0, 0.00032872653841581036)	(78.0, 0.00030115592551641985)	(79.0, 0.00029903510913954366)	(80.0, 0.0002799477617476579)	(81.0, 0.000226927352325753)	(82.0, 0.00025025633247139115)	(83.0, 0.0002651020471095245)	(84.0, 0.000216323270441372)	(85.0, 0.00020147755580323862)	(86.0, 0.00019723592304948627)	(87.0, 0.00017814857565760046)	(88.0, 0.00018026939203447665)	(89.0, 0.00019299429029573386)	(90.0, 0.00018663184116510527)	(91.0, 0.0001760277592807243)	(92.0, 0.0001590612282657147)	(93.0, 0.00017814857565760046)	(94.0, 0.0002035983721801148)	(95.0, 0.0002248065359488768)	(96.0, 0.00025025633247139115)	(97.0, 0.0003075183746470484)	(98.0, 0.0005174791959577919)	(99.0, 0.0009819379824936789)	(100.0, 0.003666891515618943)
HNF4_R1_MKRN250011207-1A_22MGWFLT4_L3_1	(0.0, 3.208433302767659e-05)	(1.0, 6.416866605535318e-05)	(2.0, 8.021083256919147e-05)	(3.0, 8.823191582611062e-05)	(4.0, 0.00012031624885378722)	(5.0, 0.00016042166513838293)	(6.0, 0.0003128222470198467)	(7.0, 0.0005534547447274212)	(8.0, 0.000874298075004187)	(9.0, 0.0015320269020715571)	(10.0, 0.0028555056394632163)	(11.0, 0.004973071619289871)	(12.0, 0.00855047475187581)	(13.0, 0.016138419512921325)	(14.0, 0.028170044398300044)	(15.0, 0.04745272854793367)	(16.0, 0.07160421023451723)	(17.0, 0.10229287477548987)	(18.0, 0.14915204316241154)	(19.0, 0.20875671284457772)	(20.0, 0.2954164963523322)	(21.0, 0.4936655901303458)	(22.0, 0.7324773019385996)	(23.0, 0.8740414003399656)	(24.0, 1.0676061814959386)	(25.0, 1.3529401761943232)	(26.0, 1.6891839863243738)	(27.0, 2.1158414469264173)	(28.0, 2.6609542650666422)	(29.0, 3.156432620013052)	(30.0, 3.547588766119971)	(31.0, 4.086188464655578)	(32.0, 4.85476866233357)	(33.0, 5.305721984120821)	(34.0, 5.496527512636415)	(35.0, 5.758255459309686)	(36.0, 5.895127224005755)	(37.0, 5.897838350146594)	(38.0, 5.749432267727076)	(39.0, 5.476715436991824)	(40.0, 5.05753362598523)	(41.0, 4.572979986434744)	(42.0, 4.058964908081594)	(43.0, 3.542511420418341)	(44.0, 3.040062744121669)	(45.0, 2.522341925303823)	(46.0, 2.052795732527033)	(47.0, 1.68291952030072)	(48.0, 1.3427854847910636)	(49.0, 1.0514116144002188)	(50.0, 0.8365267939473546)	(51.0, 0.645135726354007)	(52.0, 0.5064832811749026)	(53.0, 0.4145376038008384)	(54.0, 0.3310702114293378)	(55.0, 0.26519305464026083)	(56.0, 0.21450782953978875)	(57.0, 0.1703678083769627)	(58.0, 0.13235589482242283)	(59.0, 0.09808982714886426)	(60.0, 0.0728474781393397)	(61.0, 0.058650160774592806)	(62.0, 0.048960692200234475)	(63.0, 0.035942474074254695)	(64.0, 0.023269162528322448)	(65.0, 0.01580955509938764)	(66.0, 0.01137389605831135)	(67.0, 0.008799128332840304)	(68.0, 0.007395438762879453)	(69.0, 0.0057110112789264325)	(70.0, 0.0042351319596533096)	(71.0, 0.00328864413533685)	(72.0, 0.0025426833924433695)	(73.0, 0.0022699665617081184)	(74.0, 0.001965165397945191)	(75.0, 0.0015480690685853954)	(76.0, 0.0011309727392255998)	(77.0, 0.0008261715754626722)	(78.0, 0.0007058553266088849)	(79.0, 0.0005293914949566637)	(80.0, 0.0004170963293597956)	(81.0, 0.0003609487465613616)	(82.0, 0.00029678008050600845)	(83.0, 0.0002887589972490893)	(84.0, 0.0001925059981660595)	(85.0, 0.00012833733211070636)	(86.0, 0.00012031624885378722)	(87.0, 6.416866605535318e-05)	(88.0, 1.6042166513838294e-05)	(89.0, 1.6042166513838294e-05)	(90.0, 0.0)	(91.0, 0.0)	(92.0, 8.021083256919147e-06)	(93.0, 1.6042166513838294e-05)	(94.0, 8.021083256919147e-06)	(95.0, 1.6042166513838294e-05)	(96.0, 3.208433302767659e-05)	(97.0, 0.0001363584153676255)	(98.0, 0.0004732439121582297)	(99.0, 0.0004491806623874722)	(100.0, 9.625299908302975e-05)
HNF4_R1_MKRN250011207-1A_22MGWFLT4_L3_2	(0.0, 1.60434392160213e-05)	(1.0, 4.0108598040053246e-05)	(2.0, 7.219547647209585e-05)	(3.0, 0.0001123040745121491)	(4.0, 0.00018449955098424496)	(5.0, 0.00020054299020026624)	(6.0, 0.00024867330784833014)	(7.0, 0.00038504254118451115)	(8.0, 0.0006417375686408519)	(9.0, 0.0011872145019855762)	(10.0, 0.0023503638451471205)	(11.0, 0.004805010045198379)	(12.0, 0.008864000166851767)	(13.0, 0.016203873608181513)	(14.0, 0.028477104608437807)	(15.0, 0.047729231667663366)	(16.0, 0.07332653893682535)	(17.0, 0.10494013591199532)	(18.0, 0.1471022941716993)	(19.0, 0.20364739568856635)	(20.0, 0.2932179168316133)	(21.0, 0.4788565520001957)	(22.0, 0.6920177071438627)	(23.0, 0.8288602219369164)	(24.0, 1.0333017678666758)	(25.0, 1.3213456755511221)	(26.0, 1.6511907641129122)	(27.0, 2.066050037080399)	(28.0, 2.6207519479743353)	(29.0, 3.134847914212522)	(30.0, 3.5111788679027334)	(31.0, 4.000006417375687)	(32.0, 4.792191337264779)	(33.0, 5.281941384492652)	(34.0, 5.518822764517207)	(35.0, 5.822436829960802)	(36.0, 5.939369436686773)	(37.0, 5.930216654614033)	(38.0, 5.766701922124344)	(39.0, 5.505322210416925)	(40.0, 5.101958061647718)	(41.0, 4.616299091419929)	(42.0, 4.087571508616731)	(43.0, 3.5626702860665533)	(44.0, 3.0722544361112147)	(45.0, 2.563372587618235)	(46.0, 2.0868824429024024)	(47.0, 1.705160893635608)	(48.0, 1.354290877981222)	(49.0, 1.0513586587043078)	(50.0, 0.8372990709645436)	(51.0, 0.6539466258842442)	(52.0, 0.509964780640061)	(53.0, 0.4114179552556502)	(54.0, 0.33175425782849643)	(55.0, 0.2690564973722852)	(56.0, 0.21491791173782132)	(57.0, 0.17050967198787437)	(58.0, 0.13470873737732283)	(59.0, 0.10003886523150081)	(60.0, 0.07305380047015299)	(61.0, 0.05825372779337334)	(62.0, 0.04874799005788072)	(63.0, 0.03553621786348718)	(64.0, 0.022958161518126477)	(65.0, 0.016981980410158547)	(66.0, 0.01233740475712038)	(67.0, 0.008567196541355373)	(68.0, 0.0068665919844571165)	(69.0, 0.006000246266791966)	(70.0, 0.004901270680494507)	(71.0, 0.004067011841261399)	(72.0, 0.0035375783471326963)	(73.0, 0.003248796441244313)	(74.0, 0.002743428105939642)	(75.0, 0.0021417991353388432)	(76.0, 0.001780821752978364)	(77.0, 0.0012914968568897146)	(78.0, 0.001074910427473427)	(79.0, 0.0009545846333532673)	(80.0, 0.0008182154000170863)	(81.0, 0.0007941502411930542)	(82.0, 0.0006738244470728945)	(83.0, 0.00061767240981682)	(84.0, 0.0005695420921687561)	(85.0, 0.0004492162980485964)	(86.0, 0.0003689991019684899)	(87.0, 0.00039306426079252184)	(88.0, 0.0004652597372646176)	(89.0, 0.0004091077000085431)	(90.0, 0.00034493394314445794)	(91.0, 0.0003770208215765005)	(92.0, 0.00032889050392843666)	(93.0, 0.0002727384666723621)	(94.0, 0.0002887819058883834)	(95.0, 0.0003689991019684899)	(96.0, 0.00043317285883257505)	(97.0, 0.0005374552137367135)	(98.0, 0.0008823891568811715)	(99.0, 0.0018048869118023963)	(100.0, 0.009160803792348163)
HNF4_R1_MKRN250011207-1A_22MVT7LT4_L4_1	(0.0, 6.7358927839862495e-06)	(1.0, 3.0311517527938125e-05)	(2.0, 4.715124948790375e-05)	(3.0, 6.73589278398625e-05)	(4.0, 0.000134717855679725)	(5.0, 0.00016502937320766312)	(6.0, 0.0002458600866154981)	(7.0, 0.00043109713817511997)	(8.0, 0.0008015712412943637)	(9.0, 0.0014717925733009956)	(10.0, 0.002701093006378486)	(11.0, 0.0048902581611740175)	(12.0, 0.008699405530518243)	(13.0, 0.015782196792879784)	(14.0, 0.027788925680335273)	(15.0, 0.04623853601567361)	(16.0, 0.07032272066481644)	(17.0, 0.10132466720311317)	(18.0, 0.14636421430323723)	(19.0, 0.2060071769590435)	(20.0, 0.2949714809035419)	(21.0, 0.49601767282717946)	(22.0, 0.7375061650258706)	(23.0, 0.880805548112394)	(24.0, 1.074849779487078)	(25.0, 1.3609871370044218)	(26.0, 1.7025608921339725)	(27.0, 2.1333616510265974)	(28.0, 2.678177499127365)	(29.0, 3.184676221126427)	(30.0, 3.5701679972075686)	(31.0, 4.1094940926893875)	(32.0, 4.86265110459885)	(33.0, 5.302642989195224)	(34.0, 5.525291189277105)	(35.0, 5.789947784706317)	(36.0, 5.918633648397983)	(37.0, 5.924355789317979)	(38.0, 5.759861919586642)	(39.0, 5.476189898828237)	(40.0, 5.064751463743181)	(41.0, 4.566187623443655)	(42.0, 4.032583668881832)	(43.0, 3.5138020463911714)	(44.0, 3.020101520681683)	(45.0, 2.5075371272306413)	(46.0, 2.0361458784217157)	(47.0, 1.6596195756360603)	(48.0, 1.3184769176446847)	(49.0, 1.0333398402057627)	(50.0, 0.8256992092466026)	(51.0, 0.6403341757240849)	(52.0, 0.499183542435653)	(53.0, 0.40284680383908167)	(54.0, 0.32108316928066455)	(55.0, 0.25722353774208295)	(56.0, 0.20709502364365728)	(57.0, 0.16289409519513948)	(58.0, 0.12646975496573384)	(59.0, 0.09482116272017445)	(60.0, 0.07057868459060793)	(61.0, 0.055446501451382815)	(62.0, 0.04509343424239595)	(63.0, 0.03271623125182122)	(64.0, 0.022386739667578304)	(65.0, 0.016051632504239233)	(66.0, 0.010935721934801678)	(67.0, 0.008237996874815183)	(68.0, 0.006540551893250649)	(69.0, 0.005449337262244876)	(70.0, 0.0043446508456711315)	(71.0, 0.0030075761280498607)	(72.0, 0.0022497881898514076)	(73.0, 0.001970248639315978)	(74.0, 0.0016098783753727137)	(75.0, 0.0013707541815412018)	(76.0, 0.0009733365072860131)	(77.0, 0.0005523432082868725)	(78.0, 0.000458040709311065)	(79.0, 0.00041425740621515436)	(80.0, 0.00037384204951123684)	(81.0, 0.00036710615672725066)	(82.0, 0.00026269981857546373)	(83.0, 0.000188604997951615)	(84.0, 0.00018186910516762876)	(85.0, 0.000134717855679725)	(86.0, 9.093455258381438e-05)	(87.0, 6.062303505587625e-05)	(88.0, 2.3575624743951874e-05)	(89.0, 4.04153567039175e-05)	(90.0, 3.367946391993125e-05)	(91.0, 1.6839731959965626e-05)	(92.0, 1.3471785567972499e-05)	(93.0, 6.7358927839862495e-06)	(94.0, 2.3575624743951874e-05)	(95.0, 5.3887142271889996e-05)	(96.0, 5.051919587989688e-05)	(97.0, 0.00010103839175979376)	(98.0, 0.000350266424767285)	(99.0, 0.00031658696084735377)	(100.0, 5.3887142271889996e-05)
HNF4_R1_MKRN250011207-1A_22MVT7LT4_L4_2	(0.0, 1.3472391314766964e-05)	(1.0, 3.031288045822567e-05)	(2.0, 5.388956525906786e-05)	(3.0, 7.073005440252656e-05)	(4.0, 9.430673920336875e-05)	(5.0, 0.0001583005979485118)	(6.0, 0.0002795521197814145)	(7.0, 0.0004749017938455355)	(8.0, 0.0008420244571729352)	(9.0, 0.0015089078272539)	(10.0, 0.002808993589128912)	(11.0, 0.0050824596234958375)	(12.0, 0.009023134083065175)	(13.0, 0.0163521149582984)	(14.0, 0.028588414369935495)	(15.0, 0.046419124275029575)	(16.0, 0.07039661271748608)	(17.0, 0.10176370779609226)	(18.0, 0.14703094261370925)	(19.0, 0.20730978945380532)	(20.0, 0.29221279951946677)	(21.0, 0.4732884749855921)	(22.0, 0.6950069869505408)	(23.0, 0.8421153958143098)	(24.0, 1.0468553266248233)	(25.0, 1.335551832011136)	(26.0, 1.6658813946579074)	(27.0, 2.0831482984588696)	(28.0, 2.636577293180353)	(29.0, 3.1480061079780506)	(30.0, 3.530372782078109)	(31.0, 4.039211529645542)	(32.0, 4.828868801777978)	(33.0, 5.322429857594466)	(34.0, 5.562238422997319)	(35.0, 5.8615275960548665)	(36.0, 5.966521309668674)	(37.0, 5.940421919594142)	(38.0, 5.7797872298503465)	(39.0, 5.5032933428973845)	(40.0, 5.096545008615426)	(41.0, 4.603681149049478)	(42.0, 4.065738668144318)	(43.0, 3.5389917444217307)	(44.0, 3.0410690019170876)	(45.0, 2.5342443768512117)	(46.0, 2.059824220995179)	(47.0, 1.6776933137431294)	(48.0, 1.3333322555420282)	(49.0, 1.0338544690060731)	(50.0, 0.8178213061759563)	(51.0, 0.6376011275583188)	(52.0, 0.4986468835378123)	(53.0, 0.39929136568923457)	(54.0, 0.31776318964792233)	(55.0, 0.25580029389348036)	(56.0, 0.20491507189760555)	(57.0, 0.1612106344725015)	(58.0, 0.125683938575461)	(59.0, 0.09477827289938559)	(60.0, 0.07126558195728855)	(61.0, 0.05572517857570485)	(62.0, 0.04490684834994698)	(63.0, 0.03273117469922634)	(64.0, 0.02193642115826931)	(65.0, 0.015661654903416596)	(66.0, 0.01110461854119667)	(67.0, 0.008127220060633171)	(68.0, 0.006726091363897406)	(69.0, 0.005638195765229974)	(70.0, 0.004644606905765911)	(71.0, 0.0037655333724773664)	(72.0, 0.0029268770131331227)	(73.0, 0.0024317666323154367)	(74.0, 0.001977073425442052)	(75.0, 0.0016267912512581107)	(76.0, 0.0013303986423332376)	(77.0, 0.0010508465225518232)	(78.0, 0.000936331196376304)	(79.0, 0.0008386563593442434)	(80.0, 0.0007443496201408748)	(81.0, 0.0006399385874514308)	(82.0, 0.000468165598188152)	(83.0, 0.00041427603292908414)	(84.0, 0.0004479570112160015)	(85.0, 0.00041427603292908414)	(86.0, 0.000377226956813475)	(87.0, 0.0003401778806978658)	(88.0, 0.0003132330980683319)	(89.0, 0.0003570183698413245)	(90.0, 0.0003267054893830989)	(91.0, 0.0002795521197814145)	(92.0, 0.0002896564132674897)	(93.0, 0.0002627116306379558)	(94.0, 0.0002896564132674897)	(95.0, 0.0003132330980683319)	(96.0, 0.0003502821741839411)	(97.0, 0.0004715336960168437)	(98.0, 0.0006567790765948895)	(99.0, 0.0013438710336480047)	(100.0, 0.005442846091165853)
HNF4_R2_MKRN250011212-1A_22MGWFLT4_L3_1	(0.0, 0.00024029747696837028)	(1.0, 0.00023322990411635936)	(2.0, 0.00027563534122842473)	(3.0, 0.0002827029140804356)	(4.0, 0.0003180407783404901)	(5.0, 0.0005017976724927732)	(6.0, 0.0008198384508332632)	(7.0, 0.001038933209245601)	(8.0, 0.0016679471930745701)	(9.0, 0.002848231859360389)	(10.0, 0.0049967740063717)	(11.0, 0.008233722372592686)	(12.0, 0.013675753468641073)	(13.0, 0.02419936944528529)	(14.0, 0.03966321884548512)	(15.0, 0.061106234878486154)	(16.0, 0.08522079344954732)	(17.0, 0.11574564059738236)	(18.0, 0.16127494491003652)	(19.0, 0.22484776271387447)	(20.0, 0.3238997962348071)	(21.0, 0.5573417275367267)	(22.0, 0.806035481053286)	(23.0, 0.9285730591614508)	(24.0, 1.1083438422251999)	(25.0, 1.3709748494059246)	(26.0, 1.7025429621851633)	(27.0, 2.1321524455674976)	(28.0, 2.7135733938110254)	(29.0, 3.209137467048325)	(30.0, 3.520782091957745)	(31.0, 4.07772803541476)	(32.0, 4.8659037598710135)	(33.0, 5.280346231912932)	(34.0, 5.524241103462976)	(35.0, 5.7792179292449735)	(36.0, 5.8693153479624085)	(37.0, 5.875732704112034)	(38.0, 5.717369599217026)	(39.0, 5.428524964328193)	(40.0, 4.999106305412863)	(41.0, 4.526073654427774)	(42.0, 4.014028001299586)	(43.0, 3.490144163644278)	(44.0, 3.00477859803243)	(45.0, 2.50647230652855)	(46.0, 2.033595142146206)	(47.0, 1.65487218329835)	(48.0, 1.3150138075637023)	(49.0, 1.034388759901758)	(50.0, 0.8317543786617537)	(51.0, 0.6412762227272081)	(52.0, 0.4970270608176659)	(53.0, 0.4079827104551807)	(54.0, 0.3301404630631327)	(55.0, 0.26444030583083944)	(56.0, 0.2077937094219722)	(57.0, 0.16084382296606384)	(58.0, 0.1256473101630496)	(59.0, 0.09498817913102638)	(60.0, 0.07372891999217761)	(61.0, 0.05793996224078528)	(62.0, 0.047713184323925524)	(63.0, 0.03626371630366788)	(64.0, 0.02402974769683703)	(65.0, 0.016460377172333365)	(66.0, 0.012120887441198677)	(67.0, 0.010212642771155736)	(68.0, 0.007859141011436109)	(69.0, 0.006495099450998009)	(70.0, 0.005526841970272516)	(71.0, 0.004162800409834414)	(72.0, 0.003123867200588814)	(73.0, 0.0025089883624638664)	(74.0, 0.00238177205112767)	(75.0, 0.0019153122428949513)	(76.0, 0.001625541755962505)	(77.0, 0.0012792306862139712)	(78.0, 0.0008410411693892959)	(79.0, 0.0006996897123490781)	(80.0, 0.0005088652453447841)	(81.0, 0.0003180407783404901)	(82.0, 0.0002261623312643485)	(83.0, 0.0001484190298922287)	(84.0, 9.187844707614157e-05)	(85.0, 0.00012014873848418514)	(86.0, 0.00013428388418820693)	(87.0, 8.481087422413069e-05)	(88.0, 2.827029140804356e-05)	(89.0, 1.413514570402178e-05)	(90.0, 7.06757285201089e-06)	(91.0, 1.413514570402178e-05)	(92.0, 1.413514570402178e-05)	(93.0, 0.0)	(94.0, 7.06757285201089e-06)	(95.0, 2.827029140804356e-05)	(96.0, 6.360815566809802e-05)	(97.0, 0.00021909475841233762)	(98.0, 0.0008198384508332632)	(99.0, 0.0008057033051292415)	(100.0, 0.0001625541755962505)
HNF4_R2_MKRN250011212-1A_22MGWFLT4_L3_2	(0.0, 0.0001696411115055267)	(1.0, 0.00015550435221339947)	(2.0, 0.00020498300973584475)	(3.0, 0.00026859842655041727)	(4.0, 0.00038169250088743503)	(5.0, 0.0006361541681457251)	(6.0, 0.0008552739371736971)	(7.0, 0.0010461201876174147)	(8.0, 0.001639864077886758)	(9.0, 0.0027566680619648086)	(10.0, 0.004495489454896457)	(11.0, 0.008093294694742837)	(12.0, 0.013663177855840963)	(13.0, 0.022604678108111433)	(14.0, 0.03717260855864854)	(15.0, 0.059275431711889454)	(16.0, 0.08462970950231963)	(17.0, 0.11564575938924676)	(18.0, 0.16105303023555942)	(19.0, 0.22154422324657178)	(20.0, 0.31655031406931283)	(21.0, 0.5352035700406446)	(22.0, 0.7648481563616053)	(23.0, 0.8869756198862924)	(24.0, 1.0825576846928726)	(25.0, 1.347932930124685)	(26.0, 1.6663563648002044)	(27.0, 2.0861686371188606)	(28.0, 2.6641712459164206)	(29.0, 3.1657434656010945)	(30.0, 3.485615918104057)	(31.0, 4.021851471573027)	(32.0, 4.821490192552557)	(33.0, 5.269533573177592)	(34.0, 5.519443203943816)	(35.0, 5.808978171005874)	(36.0, 5.927536102809299)	(37.0, 5.898124575102028)	(38.0, 5.729649746238103)	(39.0, 5.460061746537236)	(40.0, 5.040730124034512)	(41.0, 4.579638514582845)	(42.0, 4.050782349464365)	(43.0, 3.5231136721264247)	(44.0, 3.0404210944763865)	(45.0, 2.532395444174856)	(46.0, 2.053180509310682)	(47.0, 1.677743524410013)	(48.0, 1.335520855466197)	(49.0, 1.0388892352394916)	(50.0, 0.8286826929452058)	(51.0, 0.6406779311192058)	(52.0, 0.4948360538819753)	(53.0, 0.4044880252459902)	(54.0, 0.3290330725242611)	(55.0, 0.2646542707079138)	(56.0, 0.21052461937835862)	(57.0, 0.16717424700905048)	(58.0, 0.1323624772521872)	(59.0, 0.09974897356524969)	(60.0, 0.07438055901552738)	(61.0, 0.05751540518001961)	(62.0, 0.047209707656058864)	(63.0, 0.036154761889615375)	(64.0, 0.02505033746564944)	(65.0, 0.017946615921355512)	(66.0, 0.013839887346992553)	(67.0, 0.011090287664673808)	(68.0, 0.008814269418641326)	(69.0, 0.007520755943411683)	(70.0, 0.0061989689495977884)	(71.0, 0.005075096585873674)	(72.0, 0.004241027787638168)	(73.0, 0.0033221384336498978)	(74.0, 0.0029687194513467173)	(75.0, 0.0025587534318750275)	(76.0, 0.002099308754880893)	(77.0, 0.0016893427354092035)	(78.0, 0.0013712656513363407)	(79.0, 0.0013359237531060228)	(80.0, 0.0010885304654937964)	(81.0, 0.0008482055575276334)	(82.0, 0.0008694106964658243)	(83.0, 0.0008057952796512518)	(84.0, 0.0006502909274378523)	(85.0, 0.0006290857884996615)	(86.0, 0.0007280431035445521)	(87.0, 0.0007209747238984884)	(88.0, 0.0005654703716850891)	(89.0, 0.0005371968531008345)	(90.0, 0.0006078806495614707)	(91.0, 0.0005442652327468982)	(92.0, 0.0004877181955783892)	(93.0, 0.0005513336123929617)	(94.0, 0.0005725387513311526)	(95.0, 0.0005654703716850891)	(96.0, 0.0006785644460221068)	(97.0, 0.0009259577336343331)	(98.0, 0.0015479751424879312)	(99.0, 0.0028061467194872543)	(100.0, 0.013203733178846828)
HNF4_R2_MKRN250011212-1A_22MVT7LT4_L4_1	(0.0, 0.00010301068417727109)	(1.0, 0.00010301068417727109)	(2.0, 0.0001484565742554789)	(3.0, 0.0002029916423493283)	(4.0, 0.0002787347924796747)	(5.0, 0.0004302210927403675)	(6.0, 0.0006786586251679036)	(7.0, 0.0009998095817205723)	(8.0, 0.0013997334144088013)	(9.0, 0.002602534638478702)	(10.0, 0.004893007498420377)	(11.0, 0.008610481306817777)	(12.0, 0.014221533868473838)	(13.0, 0.023556119690537728)	(14.0, 0.038847146838852056)	(15.0, 0.06082780900667858)	(16.0, 0.08530799512880653)	(17.0, 0.11537196627854363)	(18.0, 0.15976957115894747)	(19.0, 0.22123059290071573)	(20.0, 0.31762738520860495)	(21.0, 0.5469261384612052)	(22.0, 0.8073038210752892)	(23.0, 0.9406814490028188)	(24.0, 1.1185354546868875)	(25.0, 1.3852725321859156)	(26.0, 1.7188696031680026)	(27.0, 2.1496239276852878)	(28.0, 2.7162917607964667)	(29.0, 3.216523762065316)	(30.0, 3.561988269809826)	(31.0, 4.117636989440041)	(32.0, 4.881512717956595)	(33.0, 5.296788172313243)	(34.0, 5.544892434880206)	(35.0, 5.8040491379141885)	(36.0, 5.903942234032094)	(37.0, 5.896355800115039)	(38.0, 5.714723726102468)	(39.0, 5.428229805323441)	(40.0, 5.015163021224594)	(41.0, 4.521972103191862)	(42.0, 3.9914428418708745)	(43.0, 3.474838201269849)	(44.0, 2.984570968832148)	(45.0, 2.4856932550876296)	(46.0, 2.008790144058927)	(47.0, 1.6298744314908509)	(48.0, 1.297189308036333)	(49.0, 1.012031496425605)	(50.0, 0.8129482006230025)	(51.0, 0.6310798079820252)	(52.0, 0.4881858106721189)	(53.0, 0.39636087490609745)	(54.0, 0.3183969356139293)	(55.0, 0.25328812376188353)	(56.0, 0.19980437059184333)	(57.0, 0.15620055392480553)	(58.0, 0.12368250471084523)	(59.0, 0.09389726835358782)	(60.0, 0.0697957979821116)	(61.0, 0.05437146288956785)	(62.0, 0.04433095090828913)	(63.0, 0.03305431071688316)	(64.0, 0.02230181312437919)	(65.0, 0.015503107968679297)	(66.0, 0.011746247722214118)	(67.0, 0.009267931849949184)	(68.0, 0.007177420906351623)	(69.0, 0.006044303380401642)	(70.0, 0.00481726434829003)	(71.0, 0.0037780683285016776)	(72.0, 0.00264798052855691)	(73.0, 0.002057183957540208)	(74.0, 0.00205112450552978)	(75.0, 0.0017148249189510422)	(76.0, 0.0012240093061063977)	(77.0, 0.0009301258836006537)	(78.0, 0.0006877478031835451)	(79.0, 0.0005150534208863554)	(80.0, 0.0003756860246465181)	(81.0, 0.0002847942444901024)	(82.0, 0.0002635861624536054)	(83.0, 0.00016057547827633435)	(84.0, 0.00011209986219291264)	(85.0, 8.18026021407741e-05)	(86.0, 8.18026021407741e-05)	(87.0, 7.877287613556024e-05)	(88.0, 4.544589007820783e-05)	(89.0, 2.4237808041710845e-05)	(90.0, 1.817835603128313e-05)	(91.0, 1.5148630026069277e-05)	(92.0, 1.2118904020855423e-05)	(93.0, 9.089178015641565e-06)	(94.0, 1.2118904020855423e-05)	(95.0, 3.0297260052138553e-05)	(96.0, 7.57431501303464e-05)	(97.0, 0.00018481328631804518)	(98.0, 0.0006150343790584127)	(99.0, 0.000608974927047985)	(100.0, 0.00012421876621376807)
HNF4_R2_MKRN250011212-1A_22MVT7LT4_L4_2	(0.0, 0.00012725879821881314)	(1.0, 0.00014543862653578645)	(2.0, 0.00021512796841751744)	(3.0, 0.000278757367526924)	(4.0, 0.00036662653772562834)	(5.0, 0.0005544847636676858)	(6.0, 0.0007150732471342834)	(7.0, 0.0009786807577303964)	(8.0, 0.0016119447774382999)	(9.0, 0.0028087834749723757)	(10.0, 0.00486310407479036)	(11.0, 0.00797791465976512)	(12.0, 0.013510642410897326)	(13.0, 0.022976273021268097)	(14.0, 0.03744438639019269)	(15.0, 0.05859661663699113)	(16.0, 0.08421805467837884)	(17.0, 0.11635393120001533)	(18.0, 0.16034608575570455)	(19.0, 0.22119700110400037)	(20.0, 0.3127384966227333)	(21.0, 0.5274240892178711)	(22.0, 0.7654101617725964)	(23.0, 0.899068259558984)	(24.0, 1.093601512464757)	(25.0, 1.3587755182675156)	(26.0, 1.6804039509372488)	(27.0, 2.1061149306930407)	(28.0, 2.6890905153048097)	(29.0, 3.1993498166200713)	(30.0, 3.530113613019084)	(31.0, 4.058246715541317)	(32.0, 4.84850567265183)	(33.0, 5.297965568132361)	(34.0, 5.5616457980417415)	(35.0, 5.848868905621603)	(36.0, 5.94512806658859)	(37.0, 5.92380312797278)	(38.0, 5.754006561463636)	(39.0, 5.469543757816568)	(40.0, 5.039466589293317)	(41.0, 4.56049174254018)	(42.0, 4.032234411191114)	(43.0, 3.4965627398601096)	(44.0, 3.0020592897528915)	(45.0, 2.5054075899328834)	(46.0, 2.028690071862437)	(47.0, 1.6416051673374417)	(48.0, 1.3043511722292698)	(49.0, 1.0177067891841656)	(50.0, 0.8109082121072081)	(51.0, 0.6250861269366517)	(52.0, 0.4793354133480905)	(53.0, 0.38906347584015954)	(54.0, 0.31567756886731063)	(55.0, 0.25028775638254386)	(56.0, 0.1980510496851072)	(57.0, 0.15600110678794793)	(58.0, 0.12090494822203098)	(59.0, 0.09243230710626461)	(60.0, 0.06976509116638506)	(61.0, 0.05382441170378563)	(62.0, 0.04391034532826286)	(63.0, 0.0334811838170925)	(64.0, 0.02287022402275242)	(65.0, 0.015958859290916397)	(66.0, 0.012401672883561955)	(67.0, 0.010271602999089918)	(68.0, 0.0081718328284795)	(69.0, 0.006481108795000984)	(70.0, 0.005126711585386473)	(71.0, 0.004220750140923969)	(72.0, 0.0036359656633946614)	(73.0, 0.0029996716723005956)	(74.0, 0.002626985191802643)	(75.0, 0.0022361188829877164)	(76.0, 0.0018634324024897641)	(77.0, 0.0015574052924873798)	(78.0, 0.0012119885544648872)	(79.0, 0.0010695798993152629)	(80.0, 0.0009271712441656386)	(81.0, 0.0008180922742637988)	(82.0, 0.0007696127320852033)	(83.0, 0.0006878035046588234)	(84.0, 0.0006302340483217413)	(85.0, 0.000627204076935579)	(86.0, 0.0005756945633708213)	(87.0, 0.0005514547922815236)	(88.0, 0.0005696346205984969)	(89.0, 0.000557514735053848)	(90.0, 0.0005332749639645504)	(91.0, 0.0004908553645582793)	(92.0, 0.0004999452787167659)	(93.0, 0.0004635856220828193)	(94.0, 0.0004484357651520082)	(95.0, 0.0005272150211922259)	(96.0, 0.0006726536477280123)	(97.0, 0.0009453510724826119)	(98.0, 0.0013998467804069445)	(99.0, 0.002469426679722207)	(100.0, 0.009735298063739205)
HNF4_R3_MKRN250011217-1A_22MVT7LT4_L4_1	(0.0, 2.1489554948093593e-05)	(1.0, 1.5042688463665515e-05)	(2.0, 1.5042688463665515e-05)	(3.0, 3.868119890656847e-05)	(4.0, 4.7277020885805904e-05)	(5.0, 5.372388737023398e-05)	(6.0, 9.025613078199309e-05)	(7.0, 0.00014612897364703643)	(8.0, 0.00029010899179926345)	(9.0, 0.0006274950044843329)	(10.0, 0.0014548428699859362)	(11.0, 0.0029247284284355376)	(12.0, 0.005679689372781137)	(13.0, 0.012025554948953174)	(14.0, 0.022888524975214486)	(15.0, 0.03906586194013934)	(16.0, 0.06175023614334693)	(17.0, 0.09123820344312096)	(18.0, 0.13442146411131506)	(19.0, 0.2038542161486054)	(20.0, 0.30969457217895596)	(21.0, 0.538251031740395)	(22.0, 0.7824411425265722)	(23.0, 0.9246826556834984)	(24.0, 1.1514855675611728)	(25.0, 1.427892819125532)	(26.0, 1.7646771242720547)	(27.0, 2.199234606521414)	(28.0, 2.738689053338902)	(29.0, 3.2580744047903654)	(30.0, 3.612720828009744)	(31.0, 4.1421847807318635)	(32.0, 4.936185154865015)	(33.0, 5.408746915040077)	(34.0, 5.619439107573166)	(35.0, 5.883874528075942)	(36.0, 5.964817085743432)	(37.0, 5.879209145696711)	(38.0, 5.701103714286911)	(39.0, 5.424492311950545)	(40.0, 5.019644139416926)	(41.0, 4.530576252086234)	(42.0, 3.99117338020062)	(43.0, 3.4500771313850973)	(44.0, 2.949875505635797)	(45.0, 2.4383359906958826)	(46.0, 1.97028273914893)	(47.0, 1.608486740998321)	(48.0, 1.278804733762143)	(49.0, 0.9967994531338056)	(50.0, 0.7928485339879339)	(51.0, 0.6083821943134985)	(52.0, 0.4705653805203846)	(53.0, 0.38143530241767165)	(54.0, 0.30284585101699857)	(55.0, 0.2392797474805377)	(56.0, 0.18682589280773607)	(57.0, 0.14450436329296054)	(58.0, 0.11093552950854355)	(59.0, 0.08025274295365552)	(60.0, 0.058483823791236705)	(61.0, 0.045082937325605546)	(62.0, 0.03506665576429912)	(63.0, 0.023999534966030925)	(64.0, 0.013710336056883713)	(65.0, 0.008606566756711485)	(66.0, 0.005881691189293216)	(67.0, 0.003913247956047843)	(68.0, 0.002724875567418267)	(69.0, 0.0019534005447817077)	(70.0, 0.0012206067210517161)	(71.0, 0.0007478365121936569)	(72.0, 0.0004211952769826344)	(73.0, 0.0002858110808096448)	(74.0, 0.00032664123521102255)	(75.0, 0.00027721525883040734)	(76.0, 0.00011389464122489603)	(77.0, 5.372388737023398e-05)	(78.0, 4.942597638061526e-05)	(79.0, 4.5128065390996544e-05)	(80.0, 3.868119890656847e-05)	(81.0, 3.223433242214039e-05)	(82.0, 2.1489554948093593e-05)	(83.0, 1.5042688463665515e-05)	(84.0, 2.1489554948093593e-05)	(85.0, 1.2893732968856154e-05)	(86.0, 8.595821979237437e-06)	(87.0, 8.595821979237437e-06)	(88.0, 4.2979109896187185e-06)	(89.0, 2.1489554948093593e-06)	(90.0, 4.2979109896187185e-06)	(91.0, 8.595821979237437e-06)	(92.0, 6.446866484428077e-06)	(93.0, 6.446866484428077e-06)	(94.0, 1.0744777474046796e-05)	(95.0, 1.9340599453284233e-05)	(96.0, 2.7936421432521667e-05)	(97.0, 4.942597638061526e-05)	(98.0, 0.00013968210716260834)	(99.0, 0.00011174568573008667)	(100.0, 8.595821979237437e-06)
HNF4_R3_MKRN250011217-1A_22MVT7LT4_L4_2	(0.0, 1.719238989176875e-05)	(1.0, 2.578858483765312e-05)	(2.0, 3.008668231059531e-05)	(3.0, 5.372621841177733e-05)	(4.0, 6.232241335766172e-05)	(5.0, 4.942812093883515e-05)	(6.0, 8.381290072237264e-05)	(7.0, 0.00014183721660709217)	(8.0, 0.0002342463122753492)	(9.0, 0.0005501564765366)	(10.0, 0.0012249577797885233)	(11.0, 0.0024864493880970553)	(12.0, 0.0051512698213212115)	(13.0, 0.011276058720263828)	(14.0, 0.021453953536190926)	(15.0, 0.03747511186658293)	(16.0, 0.060592429124802484)	(17.0, 0.09101651208702376)	(18.0, 0.1341629635691539)	(19.0, 0.20048475662538834)	(20.0, 0.3043439839615633)	(21.0, 0.5255584646989518)	(22.0, 0.7621751777306286)	(23.0, 0.9079301101843076)	(24.0, 1.1359226906365258)	(25.0, 1.4126492492856992)	(26.0, 1.7391821614513265)	(27.0, 2.1687963453105263)	(28.0, 2.74594702302594)	(29.0, 3.2774948865534363)	(30.0, 3.5986143449518933)	(31.0, 4.098231642352903)	(32.0, 4.892105288946479)	(33.0, 5.395354478712125)	(34.0, 5.647826873321486)	(35.0, 5.939377570154837)	(36.0, 6.005677872723706)	(37.0, 5.87728940310945)	(38.0, 5.690913151438994)	(39.0, 5.442341280286329)	(40.0, 5.050877009596964)	(41.0, 4.561749219078671)	(42.0, 4.01408993717385)	(43.0, 3.4683948858141633)	(44.0, 2.963383476084612)	(45.0, 2.451811020562614)	(46.0, 1.982179400181586)	(47.0, 1.6111074529525955)	(48.0, 1.2796274305956115)	(49.0, 0.9919450214879085)	(50.0, 0.781920637521325)	(51.0, 0.6023676155891652)	(52.0, 0.4631436422456219)	(53.0, 0.3714931607813391)	(54.0, 0.29763465380630055)	(55.0, 0.2349082192861823)	(56.0, 0.1835502525819961)	(57.0, 0.14249697456918878)	(58.0, 0.10836148443908195)	(59.0, 0.07881851145881383)	(60.0, 0.05874639626017381)	(61.0, 0.04566513660127427)	(62.0, 0.03634471223119914)	(63.0, 0.025214788825015336)	(64.0, 0.014316962682370425)	(65.0, 0.009105519496428023)	(66.0, 0.006399867137210915)	(67.0, 0.004364717983772791)	(68.0, 0.003245063592071351)	(69.0, 0.0024219779260029224)	(70.0, 0.001607488454880378)	(71.0, 0.0011432939278026217)	(72.0, 0.0007672103989201804)	(73.0, 0.0006619070108330968)	(74.0, 0.0006984408393531054)	(75.0, 0.0006060317436848483)	(76.0, 0.0004727907220236406)	(77.0, 0.0003954249675106812)	(78.0, 0.00036748733393655696)	(79.0, 0.000414766406138921)	(80.0, 0.0003997230649836234)	(81.0, 0.00036748733393655696)	(82.0, 0.00035459304151773044)	(83.0, 0.00031376111552477965)	(84.0, 0.0002965687256330109)	(85.0, 0.00028367443321418434)	(86.0, 0.0002707801407953578)	(87.0, 0.00028367443321418434)	(88.0, 0.00026433299458594446)	(89.0, 0.0002621839458494734)	(90.0, 0.0002707801407953578)	(91.0, 0.00024499155595770464)	(92.0, 0.0002729291895318289)	(93.0, 0.00028582348195065543)	(94.0, 0.00028367443321418434)	(95.0, 0.0002772272870047711)	(96.0, 0.0003180592129977218)	(97.0, 0.0005007283555977648)	(98.0, 0.000782253740075478)	(99.0, 0.0013388573628214913)	(100.0, 0.005202846990996517)
