p_val	avg_log2FC	pct.1	pct.2	p_val_adj	cluster	gene
0.0000000000000000000000000000108495619938435	1.80351472451941	0.184	0.058	0.000000000000000000000000396193455329185	neoblast	scaffold-67-h1-23335-24414
0.000000000000000000000000135054539603996	1.68773083776435	0.177	0.06	0.0000000000000000000049317866227191	neoblast	scaffold-67-h1-24970-26028
0.0000000000000000000000020106918826979	1.64495210948754	0.179	0.063	0.0000000000000000000734244354804791	neoblast	scaffold-67-h1-16408-17738
0.0000000000000000000000924901440826652	1.60161961172355	0.172	0.061	0.00000000000000000337746259146669	neoblast	scaffold-67-h1-18935-20322
0.00000000244392189648713	1.12658476554299	0.121	0.059	0.0000892446958940205	neoblast	chr2-h1-16759280-16760340
0.00000000490399598634619	1.03040659380304	0.133	0.068	0.000179079221433404	neoblast	chr3-h1-108811012-108811903
0.0000000122542234663844	1.14038466730643	0.108	0.051	0.000447487478321957	neoblast	chr1-h1-331085945-331086839
0.0000614657192236662	0.673700505743902	0.146	0.099	1	neoblast	chr1-h1-228392722-228393456
0.0000693644091007424	0.77234192836924	0.108	0.066	1	neoblast	chr2-h1-81127364-81128335
0.00151982675303295	0.5192963087039	0.136	0.096	1	neoblast	chr3-h1-103211379-103212459
0.00706044331139485	0.516735452531704	0.115	0.085	1	neoblast	chr2-h1-266569167-266570049
0.0000000000000000000000000000000000000000000000000000000000000000000000000000000000000000000000000000000000000000000000000000000000000000145230247464898	5.79157077663899	0.223	0.004	0.000000000000000000000000000000000000000000000000000000000000000000000000000000000000000000000000000000000000000000000000000000000000530337294667566	early epidermal progenitors	chr1-h1-220409175-220410087
0.0000000000000000000000000000000000000000000000000000000000000000000000000000000000000000000000000000000000000000000000000000148701790583309	5.73227476797318	0.205	0.004	0.000000000000000000000000000000000000000000000000000000000000000000000000000000000000000000000000000000000000000000000000543014328673068	early epidermal progenitors	chr1-h1-220307224-220308166
0.00000000000000000000000000000000000000000000000000000000000000000000000000000000000000103157434853857	6.25167266026826	0.136	0.002	0.0000000000000000000000000000000000000000000000000000000000000000000000000000000000376700004855831	early epidermal progenitors	chr2-h1-195456153-195457025
0.000000000000000000000000000000000000000000000000000000000000000000000000000000000000100482024909973	6.4559085669624	0.13	0.002	0.00000000000000000000000000000000000000000000000000000000000000000000000000000000366930210363748	early epidermal progenitors	chr1-h1-220222792-220223685
0.00000000000000000000000000000000000000000000000000000266860372557902	2.7159088533863	0.229	0.036	0.0000000000000000000000000000000000000000000000000974494022469691	early epidermal progenitors	chr3-h1-132663550-132664408
0.00000000000000000000000000000000000000000000000000211916884203759	3.82684136182762	0.128	0.009	0.0000000000000000000000000000000000000000000000773856886046866	early epidermal progenitors	chr2-h1-15376978-15378192
0.0000000000000000000000000000000000000000000000000173501944530331	2.97078474356583	0.184	0.024	0.000000000000000000000000000000000000000000000633577050841409	early epidermal progenitors	chr4-h1-3950351-3951261
0.000000000000000000000000000000000000000000000160341671480704	3.12743801180809	0.154	0.018	0.00000000000000000000000000000000000000000585519681746085	early epidermal progenitors	chr3-h1-58136800-58137792
0.000000000000000000000000000000000000000000116843760311638	3.77720664001475	0.109	0.008	0.00000000000000000000000000000000000000426678359530009	early epidermal progenitors	chr3-h1-130914368-130915073
0.000000000000000000000000000000000000000000912116327879819	3.55661213910363	0.117	0.01	0.0000000000000000000000000000000000000333077519451873	early epidermal progenitors	chr3-h1-132279665-132280519
0.000000000000000000000000000000000000000019993282276935	3.79470096378208	0.104	0.008	0.000000000000000000000000000000000000730094688906834	early epidermal progenitors	chr2-h1-32017963-32018861
0.00000000000000000000000000000000000000975585755290126	2.42752353589555	0.197	0.038	0.000000000000000000000000000000000356254650259295	early epidermal progenitors	chr2-h1-254142922-254143846
0.0000000000000000000000000000000000000105376719999789	1.95005314900704	0.279	0.073	0.000000000000000000000000000000000384804168423229	early epidermal progenitors	chr2-h1-195494129-195494988
0.0000000000000000000000000000000000000302962582549897	2.43793790836771	0.191	0.036	0.00000000000000000000000000000000110632846269746	early epidermal progenitors	chr3-h1-92870384-92871020
0.000000000000000000000000000000000000369402795614144	2.50033996317057	0.176	0.03	0.0000000000000000000000000000000134894818874417	early epidermal progenitors	chr1-h1-10179991-10180974
0.00000000000000000000000000000000000239621731357204	2.99169878070159	0.13	0.017	0.00000000000000000000000000000008750266763971	early epidermal progenitors	chr2-h1-157367047-157367964
0.0000000000000000000000000000000000451103344329009	2.6893383817739	0.152	0.025	0.00000000000000000000000000000164729408248624	early epidermal progenitors	chr2-h1-119661728-119662827
0.0000000000000000000000000000000000598632515213311	1.74671202165103	0.303	0.091	0.00000000000000000000000000000218602635580445	early epidermal progenitors	chr2-h1-267715315-267716217
0.000000000000000000000000000000000278025314506889	2.82451365016097	0.136	0.02	0.0000000000000000000000000000101526504098481	early epidermal progenitors	chr3-h1-94946150-94947055
0.000000000000000000000000000000000609020098712698	3.20468702077997	0.106	0.011	0.0000000000000000000000000000222395869446916	early epidermal progenitors	chr2-h1-226462610-226463718
0.00000000000000000000000000000000249576892086574	2.20296999257418	0.197	0.043	0.0000000000000000000000000000911379936832544	early epidermal progenitors	chr3-h1-52237199-52238152
0.00000000000000000000000000000001005043013585	2.16570881871751	0.199	0.045	0.000000000000000000000000000367011557270833	early epidermal progenitors	chr2-h1-3019503-3020098
0.0000000000000000000000000000000586193468193488	2.62908930247166	0.141	0.023	0.00000000000000000000000000214060268780216	early epidermal progenitors	chr1-h1-84484804-84485965
0.000000000000000000000000000000827963418391478	2.49301439620219	0.146	0.026	0.0000000000000000000000000302347401494016	early epidermal progenitors	chr2-h1-98558974-98559884
0.00000000000000000000000000000286389010501826	2.08072635801181	0.199	0.048	0.000000000000000000000000104580674964952	early epidermal progenitors	chr1-h1-52074605-52075595
0.000000000000000000000000000012269712907808	2.48970899325635	0.144	0.026	0.000000000000000000000000448053106254424	early epidermal progenitors	chr1-h1-74480949-74481855
0.0000000000000000000000000000662048991881431	2.68082410280809	0.122	0.019	0.00000000000000000000000241760430365342	early epidermal progenitors	chr2-h1-63128125-63129026
0.00000000000000000000000000140502226716429	2.29818369661787	0.152	0.031	0.0000000000000000000000513071981300384	early epidermal progenitors	chr1-h1-313328863-313329943
0.00000000000000000000000000472283892146189	2.56049880888744	0.125	0.022	0.000000000000000000000172463908895024	early epidermal progenitors	chr2-h1-13183837-13184698
0.0000000000000000000000000333980680307511	1.76314977729154	0.229	0.069	0.00000000000000000000121959725027894	early epidermal progenitors	chr2-h1-8952598-8953475
0.000000000000000000000000237198798726783	2.19412786431801	0.152	0.034	0.00000000000000000000866178853310592	early epidermal progenitors	chr1-h1-198352453-198353349
0.000000000000000000000000242114604603881	2.31978829246211	0.138	0.028	0.00000000000000000000884129901631992	early epidermal progenitors	chr3-h1-130913385-130914195
0.000000000000000000000000427982706875378	2.69531469271743	0.104	0.016	0.0000000000000000000156286445069682	early epidermal progenitors	chr1-h1-330986563-330987476
0.0000000000000000000000284542943291771	1.27658177475873	0.34	0.141	0.00000000000000000103906546601856	early epidermal progenitors	chr2-h1-8085883-8086886
0.000000000000000000000037957123232316	1.73971774457762	0.205	0.062	0.00000000000000000138608026907448	early epidermal progenitors	chr3-h1-82544743-82545814
0.000000000000000000000119767517735307	2.30267801377196	0.122	0.025	0.0000000000000000043735504451402	early epidermal progenitors	chr2-h1-147025645-147026458
0.00000000000000000000069443401045874	2.23423734890818	0.128	0.028	0.0000000000000000253586467599218	early epidermal progenitors	chr1-h1-196521193-196522026
0.00000000000000000000212728576007447	2.28549965458017	0.12	0.025	0.0000000000000000776820941006395	early epidermal progenitors	chr1-h1-220541582-220542635
0.00000000000000000000396680785212572	2.47498535889724	0.101	0.018	0.000000000000000144855922336075	early epidermal progenitors	chr4-h1-1096209-1097119
0.00000000000000000000404778816754732	2.48531859199628	0.101	0.018	0.000000000000000147813080514325	early epidermal progenitors	chr1-h1-12111753-12112639
0.00000000000000000000425925227781844	2.0861427987929	0.136	0.032	0.000000000000000155535115429096	early epidermal progenitors	chr2-h1-160508915-160509861
0.000000000000000000010605285379125	2.1221450322324	0.133	0.032	0.000000000000000387273206189507	early epidermal progenitors	chr2-h1-3019145-3019415
0.0000000000000000000183854962025425	1.46641533778151	0.245	0.09	0.000000000000000671383164828246	early epidermal progenitors	chr2-h1-262917989-262918905
0.0000000000000000000262151060504494	2.0271187552064	0.138	0.034	0.000000000000000957297027644259	early epidermal progenitors	chr2-h1-21804864-21805793
0.0000000000000000000297861241598543	1.7179145343559	0.181	0.055	0.0000000000000010876998959454	early epidermal progenitors	chr2-h1-211730282-211731181
0.0000000000000000000341634330621837	2.3683244022992	0.104	0.02	0.00000000000000124754608513176	early epidermal progenitors	chr1-h1-323139138-323140089
0.000000000000000000040681915983903	1.92601148712888	0.149	0.04	0.00000000000000148558152598418	early epidermal progenitors	chr1-h1-293654013-293654928
0.000000000000000000184451665176678	2.02890937504964	0.133	0.033	0.00000000000000673562145725673	early epidermal progenitors	chr4-h1-45774667-45776479
0.000000000000000000211453906517128	1.62898454724759	0.194	0.065	0.00000000000000772166230428597	early epidermal progenitors	chr3-h1-16048158-16049065
0.000000000000000000263822359401145	2.20179666387453	0.112	0.024	0.00000000000000963400109825162	early epidermal progenitors	chr1-h1-221383081-221383976
0.00000000000000000104319647777346	2.11315634163836	0.117	0.027	0.0000000000000380944057788535	early epidermal progenitors	chr4-h1-10794326-10795523
0.00000000000000000308688770045785	1.49883386900613	0.207	0.073	0.000000000000112723878157619	early epidermal progenitors	chr1-h1-10174428-10175342
0.00000000000000000466919392464274	2.17641679156661	0.106	0.023	0.000000000000170504954546179	early epidermal progenitors	chr3-h1-90164343-90165290
0.00000000000000000727320632909763	2.16695270496134	0.109	0.025	0.000000000000265595675519658	early epidermal progenitors	chr1-h1-55905923-55906762
0.0000000000000000106082083899208	1.23492549687814	0.279	0.118	0.000000000000387379945774737	early epidermal progenitors	chr2-h1-141851189-141852106
0.0000000000000000296766083861609	1.61065833619037	0.17	0.055	0.00000000000108370070843744	early epidermal progenitors	chr1-h1-338953410-338954268
0.0000000000000000330121380787573	2.17613926533978	0.101	0.022	0.00000000000120550424622198	early epidermal progenitors	chr1-h1-175497191-175498255
0.0000000000000000342714392870727	2.064785845991	0.112	0.027	0.00000000000125149014844604	early epidermal progenitors	chr3-h1-103715937-103716853
0.000000000000000040453887079896	1.93422099231486	0.128	0.034	0.00000000000147725459449656	early epidermal progenitors	chr1-h1-300043245-300044139
0.0000000000000000546141051124831	1.69533538848885	0.154	0.047	0.00000000000199434327639255	early epidermal progenitors	chr2-h1-91609867-91610768
0.000000000000000291632385778316	1.19078923382119	0.271	0.12	0.0000000000106495398314668	early epidermal progenitors	chr1-h1-332014402-332015208
0.000000000000000427824857130703	1.8286438277588	0.128	0.036	0.0000000000156228803078419	early epidermal progenitors	chr2-h1-184186442-184187301
0.00000000000000160190825185706	1.23330291379916	0.245	0.106	0.0000000000584968836330644	early epidermal progenitors	chr3-h1-92871142-92871862
0.00000000000000265858264941647	1.58257778140776	0.157	0.052	0.0000000000970834626087413	early epidermal progenitors	chr1-h1-185397777-185398668
0.00000000000000328568221622679	1.9631450012298	0.109	0.029	0.000000000119983257489954	early epidermal progenitors	chr3-h1-130943551-130944521
0.00000000000000839426772748004	1.89592974127997	0.112	0.03	0.000000000306533474604389	early epidermal progenitors	chr1-h1-323145676-323146532
0.0000000000000138952125332453	1.66439386003427	0.136	0.043	0.00000000050741147607652	early epidermal progenitors	chr4-h1-47126212-47127094
0.0000000000000166930183016133	1.80805586792181	0.117	0.033	0.000000000609578949320011	early epidermal progenitors	chr4-h1-3936059-3936901
0.0000000000000180540486783361	1.90773279845719	0.106	0.028	0.0000000006592796955868	early epidermal progenitors	chr3-h1-132375634-132376468
0.0000000000000180897492802493	1.64878575863523	0.138	0.044	0.000000000660583374466865	early epidermal progenitors	chr2-h1-206036388-206037194
0.000000000000022568603164317	1.90848540350589	0.106	0.029	0.000000000824137681751363	early epidermal progenitors	chr1-h1-126304982-126305891
0.0000000000000323500101680653	1.56909802524423	0.146	0.049	0.00000000118132532130724	early epidermal progenitors	chr2-h1-215351282-215352189
0.0000000000000889522287469013	1.54457765801427	0.149	0.052	0.0000000032482685371506	early epidermal progenitors	chr2-h1-206037590-206038425
0.000000000000224749177135412	1.42550463511577	0.165	0.062	0.00000000820716570145384	early epidermal progenitors	chr2-h1-208066930-208067848
0.000000000000265741725383285	1.73580291155992	0.12	0.037	0.00000000970409058582143	early epidermal progenitors	chr3-h1-253501-254388
0.000000000000416058884386443	1.34041428823321	0.176	0.068	0.0000000151932222811398	early epidermal progenitors	chr2-h1-168242884-168243799
0.00000000000145253549453816	1.36706752419186	0.168	0.066	0.00000005304223865405	early epidermal progenitors	chr3-h1-88114952-88115524
0.00000000000156725519855376	1.47116465460028	0.149	0.055	0.0000000572314580855876	early epidermal progenitors	chr1-h1-74935055-74935927
0.00000000000707629965631605	1.3657097402625	0.157	0.061	0.000000258405234549693	early epidermal progenitors	chr3-h1-122565777-122566687
0.0000000000184151380657049	1.14347201515404	0.205	0.094	0.000000672465596745348	early epidermal progenitors	chr1-h1-324762160-324763068
0.0000000000227513877716486	1.59619291836836	0.112	0.037	0.000000830812427257291	early epidermal progenitors	chr1-h1-124504767-124505661
0.0000000000276731707341885	1.00121308593339	0.253	0.128	0.00000101054117570036	early epidermal progenitors	chr3-h1-112582104-112583031
0.0000000000316602244970838	1.08995244227218	0.215	0.101	0.00000115613641796001	early epidermal progenitors	chr3-h1-82549090-82550121
0.000000000054912972459489	1.32587995051133	0.149	0.058	0.00000200525701530316	early epidermal progenitors	chr2-h1-41416500-41417431
0.0000000000558993618229348	1.27958927022107	0.16	0.065	0.00000204127699568811	early epidermal progenitors	chr1-h1-73977428-73978330
0.0000000000580931286067323	1.65139228223044	0.101	0.032	0.00000212138677733204	early epidermal progenitors	chr3-h1-476042-476958
0.0000000000674894870598066	1.42948973796342	0.13	0.048	0.00000246451359896296	early epidermal progenitors	chr1-h1-277016243-277017139
0.000000000196976211157936	1.59204275926925	0.104	0.034	0.00000719298030285435	early epidermal progenitors	chr2-h1-136403234-136404127
0.000000000210871353712006	1.54231602609364	0.109	0.037	0.0000077003892235013	early epidermal progenitors	chr2-h1-40957667-40958573
0.000000000294115659241595	0.911044278825802	0.266	0.14	0.0000107402215285253	early epidermal progenitors	chr2-h1-95985751-95986679
0.000000000359645994173404	1.26776145924807	0.149	0.061	0.0000131331927692302	early epidermal progenitors	chr1-h1-95955904-95956817
0.000000000365895564545361	1.02051075768263	0.215	0.104	0.0000133614083305029	early epidermal progenitors	chr1-h1-262432054-262432936
0.000000000618928454115706	1.19909389518956	0.162	0.071	0.0000226014103589432	early epidermal progenitors	chr1-h1-43964714-43965606
0.000000000945397762238488	1.32437691975489	0.133	0.053	0.0000345230900836629	early epidermal progenitors	chr4-h1-460474-461372
0.00000000139375901492937	1.3851912747896	0.12	0.046	0.0000508958979481759	early epidermal progenitors	chr1-h1-135876434-135877496
0.00000000148454801627157	1.26658523450022	0.138	0.056	0.000054211239910189	early epidermal progenitors	chr1-h1-336936065-336936951
0.00000000195245250347404	1.08273912225818	0.184	0.087	0.0000712977080693616	early epidermal progenitors	chr3-h1-42834914-42835806
0.00000000263320441760149	1.23586495062568	0.146	0.064	0.0000961567257175536	early epidermal progenitors	chr2-h1-226780149-226781044
0.00000000388743058231305	1.29051918124168	0.128	0.051	0.000141957302574326	early epidermal progenitors	chr2-h1-211747106-211748002
0.00000000403072630959128	1.23710470637835	0.138	0.058	0.000147190032647345	early epidermal progenitors	chr1-h1-294687603-294688449
0.0000000074213184102649	0.977946571732707	0.202	0.103	0.000271004284387643	early epidermal progenitors	chr1-h1-294059508-294060420
0.00000000839209812680205	1.44094679441941	0.101	0.037	0.00030645424729643	early epidermal progenitors	chr2-h1-74668217-74669214
0.000000011366121025773	1.41873056160648	0.101	0.037	0.000415056641498151	early epidermal progenitors	chr2-h1-7576963-7577838
0.0000000135558215748835	1.24209367726018	0.13	0.055	0.000495017936450022	early epidermal progenitors	chr1-h1-203396131-203397050
0.0000000156221509234143	1.32377198700214	0.114	0.046	0.000570474085270319	early epidermal progenitors	chr1-h1-260266507-260267411
0.000000018014980034285	1.38344726744502	0.106	0.041	0.000657853025911984	early epidermal progenitors	chr3-h1-125938743-125939631
0.0000000237901214074752	1.38977309523871	0.106	0.042	0.000868743863436773	early epidermal progenitors	chr1-h1-162909367-162910323
0.0000000261047640463877	1.14043236577938	0.144	0.064	0.000953267668681941	early epidermal progenitors	chr1-h1-275380008-275380788
0.0000000406138883135217	0.978845068186387	0.181	0.09	0.00148309735954487	early epidermal progenitors	chr4-h1-54145278-54146271
0.0000000434478897953076	1.24112179009514	0.12	0.05	0.00158658659165525	early epidermal progenitors	chr3-h1-8388098-8388988
0.000000047438065333571	1.19701266542906	0.122	0.051	0.00173229583178601	early epidermal progenitors	chr3-h1-71517092-71518000
0.0000000540114097794329	1.04822349230341	0.165	0.082	0.00197233465091555	early epidermal progenitors	chr4-h1-12122426-12123332
0.000000062338472267155	0.913279218236531	0.199	0.104	0.0022764139917797	early epidermal progenitors	chr2-h1-67403955-67404869
0.0000000664632854644817	1.29115850460951	0.112	0.046	0.00242703979530648	early epidermal progenitors	chr1-h1-329085629-329086543
0.0000000832719389364281	1.29008435595999	0.101	0.039	0.00304084139414155	early epidermal progenitors	chr1-h1-34011473-34012607
0.00000010925404272958	1.27241916219791	0.106	0.043	0.00398962987835606	early epidermal progenitors	chr2-h1-233703095-233703970
0.000000126562932923693	1.12792351343081	0.136	0.063	0.0046216986215745	early epidermal progenitors	chr4-h1-52877118-52878007
0.000000150654985489436	1.18045226533706	0.122	0.054	0.00550146810511772	early epidermal progenitors	chr2-h1-7607688-7608596
0.000000215266806267212	1.18561723548257	0.117	0.051	0.00786089796445979	early epidermal progenitors	chr4-h1-3379924-3380831
0.000000259650083404561	1.108790272714	0.13	0.06	0.00948164209568436	early epidermal progenitors	chr2-h1-266295444-266296460
0.000000416002033088108	0.904805037703073	0.181	0.096	0.0151911462422785	early epidermal progenitors	chr1-h1-52093753-52094672
0.000000457359263257292	0.86863971944647	0.191	0.103	0.0167013882163666	early epidermal progenitors	chr3-h1-132625255-132626064
0.000000463403564881992	0.848053579699378	0.202	0.114	0.0169221079787957	early epidermal progenitors	chr1-h1-40593908-40594692
0.000000489445878819716	1.03882047312261	0.136	0.063	0.0178730951568596	early epidermal progenitors	chr3-h1-129080896-129081791
0.000000531824933788182	1.19680220437831	0.106	0.045	0.019420651107143	early epidermal progenitors	chr4-h1-47787574-47788429
0.000000638822019873376	0.889540906281246	0.186	0.102	0.0233278636997161	early epidermal progenitors	chr3-h1-84476040-84476589
0.000000751605471740623	1.12324821610911	0.12	0.055	0.0274463770115523	early epidermal progenitors	chr1-h1-33202267-33203237
0.000000890045624945399	1.21537327890761	0.101	0.043	0.0325017960861311	early epidermal progenitors	chr1-h1-170417631-170418519
0.000000986867615070655	0.967181390268105	0.154	0.08	0.0360374446995351	early epidermal progenitors	chr1-h1-225539641-225540298
0.00000100333402599082	1.08199941619123	0.122	0.057	0.0366387486271069	early epidermal progenitors	chr2-h1-105909175-105910084
0.00000122477906850812	0.743379155342143	0.237	0.144	0.0447252572447112	early epidermal progenitors	chr2-h1-3016539-3017434
0.00000130997935806386	1.161868279781	0.109	0.049	0.047836516218418	early epidermal progenitors	chr1-h1-225534995-225535877
0.00000131250419977026	1.00655930949113	0.144	0.073	0.0479287158630108	early epidermal progenitors	chr1-h1-821051-822194
0.00000199779609222441	0.7335876999499	0.229	0.135	0.0729535198997587	early epidermal progenitors	chr1-h1-257981790-257982698
0.00000204603053402492	0.776971739617063	0.207	0.118	0.074714897010988	early epidermal progenitors	chr4-h1-8636252-8637167
0.0000023984488741647	1.06621009655263	0.117	0.055	0.0875841575378722	early epidermal progenitors	chr3-h1-128621447-128622341
0.00000543485829272252	1.02219623703916	0.117	0.056	0.198464720275348	early epidermal progenitors	chr4-h1-754814-755748
0.00000597743204068889	0.994518433113688	0.122	0.06	0.218277885829836	early epidermal progenitors	chr2-h1-151444904-151445885
0.00000603156897967168	0.827731537325899	0.173	0.097	0.220254804430671	early epidermal progenitors	chr3-h1-132944346-132945253
0.00000658211384623983	0.873330857583248	0.154	0.083	0.24035905132314	early epidermal progenitors	chr2-h1-197137548-197138476
0.0000079392683476511	0.840738942736324	0.165	0.092	0.289918262251175	early epidermal progenitors	chr4-h1-11517715-11518625
0.00000867693133878776	0.773381904312605	0.189	0.112	0.316855501698513	early epidermal progenitors	chr3-h1-90012178-90013305
0.00000955873967329178	1.09051777656132	0.104	0.049	0.349056496649596	early epidermal progenitors	chr3-h1-109759003-109759946
0.0000112433856502834	0.928337109272351	0.13	0.067	0.4105747137914	early epidermal progenitors	chr1-h1-273347695-273348598
0.0000116113960307298	1.03657926949481	0.106	0.051	0.424013348854162	early epidermal progenitors	chr2-h1-224046910-224047756
0.0000141432645298174	0.913621450696037	0.133	0.07	0.516469590835341	early epidermal progenitors	chr2-h1-2963366-2964144
0.0000161311711466196	0.828743996289	0.154	0.085	0.589061976761108	early epidermal progenitors	chr3-h1-153886-154904
0.0000164425328665991	0.758396706904143	0.181	0.105	0.600431972689599	early epidermal progenitors	chr1-h1-46301204-46302108
0.0000174318451190909	0.622893508024002	0.258	0.167	0.636558688213842	early epidermal progenitors	chr3-h1-82540867-82541780
0.0000184706005304385	1.0075445400845	0.112	0.056	0.674490919570023	early epidermal progenitors	chr1-h1-317095618-317096509
0.0000238834555183428	0.977937658249122	0.12	0.063	0.872152145163323	early epidermal progenitors	chr1-h1-174155703-174156601
0.0000307983635999428	0.92782600408789	0.12	0.062	1	early epidermal progenitors	chr2-h1-61358041-61358937
0.0000327898990376454	0.910154449601819	0.122	0.064	1	early epidermal progenitors	chr3-h1-76294877-76295780
0.000034294944944059	0.94713966353568	0.114	0.059	1	early epidermal progenitors	chr1-h1-287234784-287235690
0.0000372651106704262	0.846567344860058	0.136	0.073	1	early epidermal progenitors	chr2-h1-129370066-129370979
0.0000376379650313505	0.566158259654341	0.274	0.184	1	early epidermal progenitors	chr4-h1-47141170-47142063
0.0000447244911165651	0.895615282195472	0.125	0.067	1	early epidermal progenitors	chr4-h1-54655233-54656097
0.0000498458604872047	0.624250261065434	0.229	0.148	1	early epidermal progenitors	chr1-h1-124866203-124867124
0.0000499637593671974	0.821612149236197	0.141	0.079	1	early epidermal progenitors	chr2-h1-100731440-100732344
0.0000587141397856294	0.829353991098512	0.141	0.08	1	early epidermal progenitors	chr4-h1-47565076-47565968
0.0000601073441580673	0.906774980054393	0.117	0.062	1	early epidermal progenitors	chr3-h1-103718037-103718940
0.0000906331118995733	0.698533178654065	0.176	0.107	1	early epidermal progenitors	chr2-h1-2962099-2962929
0.0000916927276250256	0.896053142510627	0.114	0.061	1	early epidermal progenitors	chr2-h1-214710017-214711042
0.000109629306873923	0.762849290190615	0.149	0.087	1	early epidermal progenitors	chr2-h1-225733979-225734868
0.00011005826964715	0.82611698645835	0.13	0.073	1	early epidermal progenitors	chr2-h1-95786614-95787429
0.000129780363727436	0.71482654964702	0.16	0.094	1	early epidermal progenitors	chr3-h1-84477427-84478311
0.000139933164589325	0.797747616492231	0.133	0.076	1	early epidermal progenitors	chr1-h1-45827459-45828368
0.000146760910773051	0.847182452955057	0.122	0.069	1	early epidermal progenitors	chr1-h1-334815521-334816352
0.000151010405805048	0.85498892965403	0.117	0.064	1	early epidermal progenitors	chr3-h1-132567949-132568868
0.000153482208771543	0.851503702555034	0.117	0.064	1	early epidermal progenitors	chr3-h1-12343761-12344613
0.000161102294590743	0.779185448502863	0.136	0.078	1	early epidermal progenitors	chr2-h1-11590788-11591696
0.00020790942094519	0.683393400070835	0.168	0.104	1	early epidermal progenitors	chr4-h1-605282-606222
0.000275291698077999	0.761856982260139	0.138	0.083	1	early epidermal progenitors	chr3-h1-84475470-84475939
0.000375016692419849	0.72032564330634	0.141	0.085	1	early epidermal progenitors	chr3-h1-94645278-94646149
0.000395265873242388	0.697261762337646	0.146	0.088	1	early epidermal progenitors	chr2-h1-86522948-86523989
0.000447600966759059	0.782067513172192	0.106	0.058	1	early epidermal progenitors	chr1-h1-217543353-217544134
0.000461712366051229	0.830951591416849	0.104	0.057	1	early epidermal progenitors	chr1-h1-230236787-230237682
0.000609890803829873	0.513601442154605	0.237	0.163	1	early epidermal progenitors	chr3-h1-8294100-8295077
0.000690122081697117	0.662934120792667	0.152	0.095	1	early epidermal progenitors	chr1-h1-280915154-280916063
0.0017027624682386	0.742867102795905	0.106	0.063	1	early epidermal progenitors	chr2-h1-233503142-233504049
0.00191283808106149	0.709988695620847	0.112	0.068	1	early epidermal progenitors	chr1-h1-74078283-74078940
0.00225633681815672	0.414447162656053	0.269	0.203	1	early epidermal progenitors	chr2-h1-56539593-56540521
0.00234409783229456	0.601800601424822	0.144	0.093	1	early epidermal progenitors	chr1-h1-73451106-73452023
0.00265354635925793	0.436963260370236	0.247	0.18	1	early epidermal progenitors	chr4-h1-55229808-55230696
0.00282638281195344	0.621246348144264	0.125	0.078	1	early epidermal progenitors	chr3-h1-132664999-132665929
0.00353814842630953	0.656149901770622	0.112	0.069	1	early epidermal progenitors	chr1-h1-272536195-272537085
0.00465631255807478	0.607998862403582	0.117	0.074	1	early epidermal progenitors	chr3-h1-132939248-132940110
0.00477286934267693	0.356015076721542	0.338	0.254	1	early epidermal progenitors	chr1-h1-137954244-137955174
0.0047888147922716	0.57011336516078	0.141	0.095	1	early epidermal progenitors	chr1-h1-332347102-332347991
0.00608629001397031	0.528712498058039	0.152	0.104	1	early epidermal progenitors	chr3-h1-132552288-132553190
0.00625139208113785	0.502800013114945	0.162	0.113	1	early epidermal progenitors	chr3-h1-54009689-54010587
0.00665921628233217	0.550695111989092	0.144	0.099	1	early epidermal progenitors	chr2-h1-235129345-235130251
0.00692516533298119	0.330918389944554	0.338	0.267	1	early epidermal progenitors	chr1-h1-271564926-271565852
0.0069880860448465	0.519621198760392	0.146	0.1	1	early epidermal progenitors	chr1-h1-303218906-303219772
0.00707588844721506	0.582642395998976	0.12	0.078	1	early epidermal progenitors	chr2-h1-171206952-171207942
0.00739481029947388	0.61078916563117	0.117	0.078	1	early epidermal progenitors	chr1-h1-339153794-339154581
0.00772251989485148	0.548958717865642	0.128	0.085	1	early epidermal progenitors	chr3-h1-53520834-53521726
0.00788625007161844	0.340910844743812	0.293	0.228	1	early epidermal progenitors	chr1-h1-192272261-192273216
0.00809958202292408	0.580358633299078	0.114	0.075	1	early epidermal progenitors	chr1-h1-188815732-188816428
0.00831341381869868	0.645645719877541	0.106	0.07	1	early epidermal progenitors	chr2-h1-7605885-7606626
0.00892942848609602	0.53580930682726	0.133	0.091	1	early epidermal progenitors	chr1-h1-41429996-41430910
0.00000000000000000000000000000000000000000000000000000000000000000000000000000000000000000000000000000000000000000000000000000000000000000000000000000000583931946081976	4.64675484961816	0.371	0.014	0.000000000000000000000000000000000000000000000000000000000000000000000000000000000000000000000000000000000000000000000000000000000000000000000000000213234428750755	late epidermal progenitors	chr3-h1-6252797-6253559
0.0000000000000000000000000000000000000000000000000000000000000000000000000000000000000000000000000000000000000000000000000184472306687747	4.9891769598669	0.269	0.008	0.000000000000000000000000000000000000000000000000000000000000000000000000000000000000000000000000000000000000000000000673637522331645	late epidermal progenitors	chr3-h1-6253675-6254162
0.00000000000000000000000000000000000000000000000000000000000000000000000000000000000000000000000000000000000341612029571689	6.11940574546323	0.183	0.003	0.000000000000000000000000000000000000000000000000000000000000000000000000000000000000000000000000000000124746464838694	late epidermal progenitors	chr3-h1-125772821-125773840
0.0000000000000000000000000000000000000000000000000000000000000000000000000000000000063859196985264	5.47972730146892	0.16	0.003	0.000000000000000000000000000000000000000000000000000000000000000000000000000000233194629631089	late epidermal progenitors	chr3-h1-92729939-92730751
0.0000000000000000000000000000000000000000000000000000000000000000000000000000000000147104682937753	5.89383332234286	0.149	0.003	0.000000000000000000000000000000000000000000000000000000000000000000000000000000537182170683791	late epidermal progenitors	chr2-h1-19267803-19268554
0.000000000000000000000000000000000000000000000000000000000000000000000000783524687731002	5.50321837717735	0.137	0.003	0.000000000000000000000000000000000000000000000000000000000000000000028611971021873	late epidermal progenitors	chr2-h1-216496950-216497676
0.00000000000000000000000000000000000000000000000000000000000000000000874360060946967	6.43656667810782	0.109	0.001	0.000000000000000000000000000000000000000000000000000000000000000319290063456004	late epidermal progenitors	chr2-h1-168383475-168384395
0.0000000000000000000000000000000000000000000000000000000000000000000675152062513315	6.74273380326013	0.103	0.001	0.00000000000000000000000000000000000000000000000000000000000000246545278667987	late epidermal progenitors	chr1-h1-317041820-317042521
0.000000000000000000000000000000000000000000000000000000000000000000337853808855791	5.49694135600301	0.126	0.003	0.0000000000000000000000000000000000000000000000000000000000000123374075379869	late epidermal progenitors	chr3-h1-92136050-92136937
0.00000000000000000000000000000000000000000000000000000000000000000332321770896444	3.07595485970176	0.343	0.04	0.000000000000000000000000000000000000000000000000000000000000121353941078254	late epidermal progenitors	chr2-h1-254142922-254143846
0.0000000000000000000000000000000000000000000000000000000000000000213647043997111	4.28013274047819	0.183	0.009	0.000000000000000000000000000000000000000000000000000000000000780174910564249	late epidermal progenitors	chr2-h1-267713380-267714282
0.000000000000000000000000000000000000000000000000000000000000000639625619645182	4.40460400824562	0.171	0.008	0.0000000000000000000000000000000000000000000000000000000000233572087525831	late epidermal progenitors	chr2-h1-19284624-19285539
0.00000000000000000000000000000000000000000000000000000000000000770660220988669	5.92438910191554	0.109	0.002	0.000000000000000000000000000000000000000000000000000000000281421992898432	late epidermal progenitors	chr1-h1-140998547-140999443
0.000000000000000000000000000000000000000000000000000000000000584705848604693	3.50482574494324	0.246	0.021	0.0000000000000000000000000000000000000000000000000000000213517034734976	late epidermal progenitors	chr1-h1-50824988-50825958
0.000000000000000000000000000000000000000000000000000000133143824064547	5.42279226553032	0.109	0.003	0.00000000000000000000000000000000000000000000000000486201302336506	late epidermal progenitors	chr1-h1-120532195-120533100
0.00000000000000000000000000000000000000000000000000000470319042728306	3.27187834524185	0.251	0.026	0.000000000000000000000000000000000000000000000000171746404833096	late epidermal progenitors	chr1-h1-126304982-126305891
0.0000000000000000000000000000000000000000000000000000137965776340247	3.61794749167756	0.206	0.017	0.000000000000000000000000000000000000000000000000503809625461679	late epidermal progenitors	chr4-h1-52879015-52879921
0.0000000000000000000000000000000000000000000000000000349771540042385	3.81406346378149	0.183	0.013	0.00000000000000000000000000000000000000000000000127726073277278	late epidermal progenitors	chr2-h1-242520368-242521270
0.00000000000000000000000000000000000000000000000000601744731332013	4.02236627319651	0.16	0.01	0.000000000000000000000000000000000000000000000219739123540511	late epidermal progenitors	chr1-h1-173495092-173496065
0.0000000000000000000000000000000000000000000000000578742138590443	3.35831736264938	0.223	0.022	0.00000000000000000000000000000000000000000000211339266749072	late epidermal progenitors	chr2-h1-3824626-3825503
0.000000000000000000000000000000000000000000000000515184645193977	3.50339672684703	0.2	0.018	0.0000000000000000000000000000000000000000000188129976885485	late epidermal progenitors	chr2-h1-104944964-104945903
0.00000000000000000000000000000000000000000000000873138519486513	4.82479445749264	0.109	0.004	0.00000000000000000000000000000000000000000031884399316089	late epidermal progenitors	chr1-h1-311278664-311279565
0.0000000000000000000000000000000000000000000000824427576069572	2.19571909103532	0.457	0.096	0.00000000000000000000000000000000000000000301056217953326	late epidermal progenitors	chr2-h1-267715315-267716217
0.00000000000000000000000000000000000000000000047135824772892	3.74446619335938	0.166	0.012	0.000000000000000000000000000000000000000017212589132317	late epidermal progenitors	chr2-h1-34241392-34242222
0.000000000000000000000000000000000000000000000575858498117235	3.49210769884904	0.189	0.017	0.0000000000000000000000000000000000000000210286247757471	late epidermal progenitors	chr1-h1-330986563-330987476
0.0000000000000000000000000000000000000000174434186273112	2.98086033632791	0.229	0.028	0.000000000000000000000000000000000000636981318013522	late epidermal progenitors	chr2-h1-119661728-119662827
0.0000000000000000000000000000000000000000338206440800062	3.88491030627279	0.137	0.009	0.00000000000000000000000000000000000123502845986959	late epidermal progenitors	chr3-h1-29975666-29976566
0.00000000000000000000000000000000000000430672799702054	4.20272632547093	0.109	0.005	0.000000000000000000000000000000000157268786267199	late epidermal progenitors	chr1-h1-162045394-162046203
0.000000000000000000000000000000000233867159178057	3.36722726133342	0.149	0.014	0.0000000000000000000000000000085401270517051	late epidermal progenitors	chr3-h1-131533010-131534079
0.000000000000000000000000000000000768224930068817	2.78174647224761	0.211	0.03	0.000000000000000000000000000028053269771323	late epidermal progenitors	chr2-h1-98558974-98559884
0.00000000000000000000000000000000166850697750883	3.36396008669646	0.149	0.015	0.0000000000000000000000000000609288692976899	late epidermal progenitors	chr3-h1-131284088-131284889
0.00000000000000000000000000000000637121053942445	2.89223987114607	0.189	0.024	0.000000000000000000000000000232657495268163	late epidermal progenitors	chr1-h1-7496224-7497124
0.0000000000000000000000000000000380591618006903	3.77984135674838	0.109	0.007	0.00000000000000000000000000138980641147581	late epidermal progenitors	chr3-h1-30453010-30453866
0.0000000000000000000000000000000426460931265951	3.94544168683315	0.103	0.007	0.00000000000000000000000000155730738270387	late epidermal progenitors	chr2-h1-172926592-172927535
0.0000000000000000000000000000000566225102153979	3.52848930595587	0.126	0.011	0.00000000000000000000000000206768420553569	late epidermal progenitors	chr2-h1-62772483-62773441
0.000000000000000000000000000000111398846244667	3.66864733282188	0.114	0.009	0.00000000000000000000000000406795166831651	late epidermal progenitors	chr1-h1-197730858-197731741
0.00000000000000000000000000000548331834721063	2.39532748550668	0.251	0.046	0.000000000000000000000000200234336085091	late epidermal progenitors	chr3-h1-132663550-132664408
0.00000000000000000000000000000656946781643812	3.28631389521909	0.137	0.014	0.000000000000000000000000239897256252871	late epidermal progenitors	chr2-h1-217642744-217643676
0.00000000000000000000000000000857898763807342	3.12726146586076	0.149	0.017	0.000000000000000000000000313278891579527	late epidermal progenitors	chr2-h1-16092556-16093421
0.00000000000000000000000000000859037031447211	2.71053168126785	0.194	0.028	0.000000000000000000000000313694552773578	late epidermal progenitors	chr4-h1-10794326-10795523
0.00000000000000000000000000000963610413142575	3.10757242662643	0.149	0.017	0.000000000000000000000000351881614567274	late epidermal progenitors	chr2-h1-75181193-75182106
0.0000000000000000000000000000841917088313076	2.5224125491409	0.217	0.036	0.00000000000000000000000307442863139286	late epidermal progenitors	chr2-h1-21804864-21805793
0.000000000000000000000000000102927404452225	3.27993010713797	0.131	0.013	0.00000000000000000000000375860002838189	late epidermal progenitors	chr2-h1-68077115-68078143
0.000000000000000000000000000178107008588009	2.08381085750573	0.314	0.074	0.00000000000000000000000650393363260833	late epidermal progenitors	chr2-h1-8952598-8953475
0.000000000000000000000000000299130284461916	2.59669230461124	0.2	0.032	0.0000000000000000000000109233405976958	late epidermal progenitors	chr3-h1-130913385-130914195
0.00000000000000000000000000163453398789118	2.99302116030274	0.149	0.018	0.0000000000000000000000596882776358221	late epidermal progenitors	chr1-h1-331567023-331567887
0.00000000000000000000000000276329651759902	3.23061346305229	0.126	0.013	0.000000000000000000000100907298933164	late epidermal progenitors	chr3-h1-81202705-81203618
0.0000000000000000000000000108528680773419	1.8762164411048	0.354	0.094	0.000000000000000000000396314183580293	late epidermal progenitors	chr2-h1-262917989-262918905
0.0000000000000000000000000322649334919894	2.26020271715922	0.246	0.05	0.00000000000000000000117821857632698	late epidermal progenitors	chr3-h1-52237199-52238152
0.000000000000000000000000183205275912212	3.1301915719693	0.126	0.014	0.00000000000000000000669010706048626	late epidermal progenitors	chr1-h1-65021206-65022106
0.000000000000000000000000598551743307795	2.30579041828233	0.223	0.043	0.0000000000000000000218573140103708	late epidermal progenitors	chr3-h1-83979257-83980146
0.000000000000000000000000637950433266453	3.25304095548338	0.114	0.012	0.0000000000000000000232960359715911	late epidermal progenitors	chr1-h1-202365552-202366490
0.00000000000000000000000131692872755183	2.13105731766803	0.257	0.057	0.0000000000000000000480902863440102	late epidermal progenitors	chr3-h1-94025692-94026579
0.0000000000000000000000019308193609564	2.0320939093969	0.28	0.066	0.0000000000000000000705077306040448	late epidermal progenitors	chr3-h1-82544743-82545814
0.00000000000000000000000259469281574208	3.29568394370611	0.109	0.011	0.0000000000000000000947503975524534	late epidermal progenitors	chr2-h1-101105963-101106812
0.00000000000000000000000310427231753804	3.41292013124211	0.103	0.01	0.000000000000000000113358712219537	late epidermal progenitors	chr3-h1-70348267-70349194
0.00000000000000000000000329392788968627	2.58749686165572	0.171	0.027	0.000000000000000000120284364747674	late epidermal progenitors	chr4-h1-51925744-51926853
0.00000000000000000000000395944175242431	2.05722124884177	0.269	0.062	0.000000000000000000144586934473279	late epidermal progenitors	chr1-h1-74078283-74078940
0.00000000000000000000000495271536680489	2.96514831099333	0.131	0.016	0.000000000000000000180858307049614	late epidermal progenitors	chr3-h1-73073555-73074476
0.00000000000000000000000511849078246608	1.63417857298481	0.411	0.127	0.000000000000000000186911927903314	late epidermal progenitors	chr3-h1-112582104-112583031
0.00000000000000000000000876530679320997	3.12530697119105	0.114	0.012	0.000000000000000000320082708167649	late epidermal progenitors	chr1-h1-37241866-37242828
0.000000000000000000000013960195090103	1.83713044014214	0.32	0.083	0.000000000000000000509784444105289	late epidermal progenitors	chr2-h1-195494129-195494988
0.0000000000000000000000227236725314833	2.92207973627658	0.131	0.017	0.000000000000000000829800349832176	late epidermal progenitors	chr1-h1-225566122-225567129
0.0000000000000000000000277013666336156	3.2165479729613	0.109	0.011	0.00000000000000000101157080535974	late epidermal progenitors	chr2-h1-52338435-52339352
0.0000000000000000000000644740680439859	2.95139052048585	0.126	0.016	0.00000000000000000235439954276223	late epidermal progenitors	chr1-h1-194316731-194317599
0.000000000000000000000186067672072683	2.90564108950802	0.126	0.016	0.00000000000000000679463318107816	late epidermal progenitors	chr2-h1-20787852-20788689
0.000000000000000000000348997595494114	2.91343895948561	0.126	0.016	0.0000000000000000127443451946585	late epidermal progenitors	chr1-h1-277020916-277021828
0.00000000000000000000046171395875112	3.21832508658652	0.103	0.011	0.0000000000000000168604086317146	late epidermal progenitors	chr1-h1-220351593-220352639
0.00000000000000000000105590880967235	2.19087883593055	0.211	0.044	0.0000000000000000385586220028054	late epidermal progenitors	chr3-h1-92870384-92871020
0.00000000000000000000121175606009879	1.95310784985482	0.269	0.068	0.0000000000000000442496960466274	late epidermal progenitors	chr3-h1-16048158-16049065
0.00000000000000000000170281634632507	2.39933598328349	0.177	0.032	0.0000000000000000621817445187526	late epidermal progenitors	chr4-h1-5205418-5206318
0.00000000000000000000187183270441709	1.69966257246599	0.343	0.102	0.0000000000000000683537148671989	late epidermal progenitors	chr1-h1-294059508-294060420
0.00000000000000000000311192531438132	2.93745182132557	0.114	0.014	0.000000000000000113638176705263	late epidermal progenitors	chr1-h1-42286384-42287405
0.00000000000000000000548620070471415	1.64579944578387	0.354	0.108	0.000000000000000200339591134046	late epidermal progenitors	chr3-h1-92871142-92871862
0.0000000000000000000162475171657135	2.6625782916041	0.137	0.021	0.00000000000000059331058434036	late epidermal progenitors	chr1-h1-124502725-124504060
0.0000000000000000000181557262309055	2.89572074950533	0.114	0.015	0.000000000000000662992654773977	late epidermal progenitors	chr3-h1-47529254-47530300
0.0000000000000000000213039812018965	1.99366717655155	0.24	0.058	0.000000000000000777957481549655	late epidermal progenitors	chr2-h1-151444904-151445885
0.000000000000000000112205433827403	2.6104253598838	0.137	0.022	0.00000000000000409740582707529	late epidermal progenitors	chr3-h1-56882868-56883587
0.000000000000000000161953228062451	2.31264081565047	0.171	0.033	0.00000000000000591404602915653	late epidermal progenitors	chr3-h1-97567639-97568458
0.000000000000000000198756582500769	3.00991781453444	0.103	0.013	0.00000000000000725799412318058	late epidermal progenitors	chr3-h1-16036249-16037157
0.00000000000000000023886746863442	2.97382989753141	0.103	0.013	0.0000000000000087227233521231	late epidermal progenitors	chr2-h1-30667141-30668047
0.000000000000000000243911827437481	2.9712478999006	0.103	0.013	0.00000000000000890692820253448	late epidermal progenitors	chr2-h1-217113566-217114590
0.000000000000000000463379888173791	2.75538007129036	0.12	0.018	0.0000000000000169212433764423	late epidermal progenitors	chr2-h1-161488484-161489356
0.000000000000000000548993163500509	2.37543122357755	0.16	0.03	0.0000000000000200475833515481	late epidermal progenitors	chr3-h1-132375634-132376468
0.000000000000000000562295272563691	2.7259802254552	0.12	0.018	0.0000000000000205333364682083	late epidermal progenitors	chr1-h1-273716354-273717238
0.000000000000000000616760868842966	1.86484680494034	0.251	0.066	0.0000000000000225222566475386	late epidermal progenitors	chr1-h1-73977428-73978330
0.000000000000000000686091070048752	2.00089738137176	0.223	0.054	0.0000000000000250539876049703	late epidermal progenitors	chr2-h1-206037590-206038425
0.000000000000000000836022486303659	2.60207445937849	0.131	0.021	0.0000000000000305290331323507	late epidermal progenitors	chr2-h1-236485030-236485925
0.00000000000000000111172796169863	2.30022800632364	0.166	0.032	0.0000000000000405969699773489	late epidermal progenitors	chr1-h1-323145676-323146532
0.00000000000000000173163299134175	2.52757766754491	0.137	0.023	0.0000000000000632340419448265	late epidermal progenitors	chr1-h1-323139138-323140089
0.00000000000000000321196428900422	2.50784538058553	0.137	0.024	0.000000000000117291299941567	late epidermal progenitors	chr1-h1-76783530-76784256
0.00000000000000000347013880467263	2.87225112452367	0.103	0.013	0.000000000000126719058730231	late epidermal progenitors	chr2-h1-86521646-86522413
0.00000000000000000411244643886552	1.60613417241356	0.32	0.103	0.000000000000150174206608052	late epidermal progenitors	chr3-h1-82549090-82550121
0.00000000000000000427712173156495	2.40077724964437	0.149	0.028	0.000000000000156187654271557	late epidermal progenitors	chr1-h1-74541324-74542268
0.00000000000000000590674129047077	2.41664194603437	0.149	0.028	0.000000000000215696471704121	late epidermal progenitors	chr2-h1-83041871-83042753
0.00000000000000000657578192361268	1.85893752916114	0.24	0.064	0.000000000000240127828504564	late epidermal progenitors	chr1-h1-275380008-275380788
0.0000000000000000158522799873787	2.83985270498915	0.103	0.014	0.00000000000057887770829911	late epidermal progenitors	chr2-h1-226914780-226915639
0.0000000000000000264693217644185	2.67590072349308	0.114	0.018	0.000000000000966580222871271	late epidermal progenitors	chr2-h1-73009278-73010179
0.0000000000000000274248359710394	2.73170961062103	0.109	0.016	0.00000000000100147273515445	late epidermal progenitors	chr1-h1-237947272-237948227
0.0000000000000000642256939422271	1.44183102336314	0.36	0.124	0.00000000000234532966568831	late epidermal progenitors	chr1-h1-332014402-332015208
0.000000000000000250975411826715	2.25031131866835	0.149	0.03	0.00000000000916486911367616	late epidermal progenitors	chr2-h1-253064134-253065025
0.000000000000000251211015934901	2.19885002751577	0.16	0.034	0.00000000000917347266889478	late epidermal progenitors	chr4-h1-3950351-3951261
0.000000000000000302367156314957	2.30061375828094	0.143	0.028	0.0000000000110415414471533	late epidermal progenitors	chr1-h1-55905923-55906762
0.000000000000000334745470779287	2.63353630057543	0.109	0.017	0.0000000000122239003564472	late epidermal progenitors	chr2-h1-225012828-225013725
0.000000000000000354541442457231	2.41726933432091	0.131	0.024	0.0000000000129467898542107	late epidermal progenitors	chr1-h1-244064138-244065062
0.000000000000000367935476593725	2.49743539263555	0.12	0.02	0.000000000013435899798773	late epidermal progenitors	chr2-h1-52342454-52343333
0.000000000000000387073227054335	2.21689504422793	0.154	0.032	0.0000000000141347530323432	late epidermal progenitors	chr1-h1-196521193-196522026
0.000000000000000885031655556001	1.86247673939286	0.211	0.057	0.0000000000323187009659385	late epidermal progenitors	chr1-h1-287234784-287235690
0.00000000000000124994527593749	1.7665363921403	0.229	0.064	0.0000000000456442516414094	late epidermal progenitors	chr2-h1-208066930-208067848
0.00000000000000158114644091677	2.26325369015729	0.143	0.029	0.0000000000577387245829576	late epidermal progenitors	chr3-h1-68714877-68715788
0.00000000000000211208639960288	1.95709031208058	0.189	0.048	0.0000000000771270590542984	late epidermal progenitors	chr3-h1-109759003-109759946
0.00000000000000221691177554669	2.33392829266653	0.131	0.025	0.0000000000809549673076385	late epidermal progenitors	chr2-h1-71922822-71923823
0.00000000000000256092519062282	2.10828279242525	0.16	0.036	0.0000000000935173051859734	late epidermal progenitors	chr2-h1-5692216-5693145
0.00000000000000286957128855407	2.23233102619674	0.143	0.03	0.000000000104788134744129	late epidermal progenitors	chr1-h1-220541582-220542635
0.00000000000000455967689896569	1.76883439048111	0.217	0.06	0.00000000016650572131953	late epidermal progenitors	chr2-h1-41416500-41417431
0.00000000000000679487171515288	2.48932217469747	0.114	0.02	0.000000000248128330422238	late epidermal progenitors	chr3-h1-94485667-94486578
0.00000000000000811744228354371	2.38596269749071	0.12	0.022	0.000000000296424639868165	late epidermal progenitors	chr4-h1-11133000-11133881
0.00000000000000843666585414739	2.49496139073915	0.109	0.018	0.0000000003080817269959	late epidermal progenitors	chr3-h1-94670883-94671756
0.0000000000000118913485343354	2.18995395148841	0.143	0.031	0.000000000434236374428325	late epidermal progenitors	chr1-h1-251829811-251830837
0.0000000000000169694530334458	1.77293990031418	0.211	0.06	0.00000000061967351642234	late epidermal progenitors	chr2-h1-266295444-266296460
0.0000000000000209859340241881	2.33296263967848	0.126	0.025	0.000000000766343352761276	late epidermal progenitors	chr2-h1-63128125-63129026
0.0000000000000268256116106383	2.25400176595875	0.131	0.027	0.00000000097959085918568	late epidermal progenitors	chr3-h1-90164343-90165290
0.0000000000000314812420808654	2.47309492274835	0.109	0.019	0.00000000114960051706696	late epidermal progenitors	chr3-h1-51209288-51210194
0.0000000000000383712527691688	1.96335693166315	0.166	0.04	0.00000000140120303737174	late epidermal progenitors	chr2-h1-60239783-60240841
0.0000000000000420319606311471	2.22957832721784	0.131	0.027	0.0000000015348811063676	late epidermal progenitors	chr2-h1-13183837-13184698
0.0000000000000484317782043371	2.37251644500056	0.114	0.021	0.00000000176858324468778	late epidermal progenitors	chr4-h1-54758847-54759725
0.0000000000000501325515896094	1.64002575481841	0.229	0.069	0.00000000183069038639777	late epidermal progenitors	chr3-h1-88114952-88115524
0.0000000000000599825525161241	2.04119303744319	0.154	0.036	0.00000000219038287023131	late epidermal progenitors	chr2-h1-3019145-3019415
0.0000000000000629925308374807	2.41268228742617	0.109	0.02	0.00000000230029824859228	late epidermal progenitors	chr2-h1-153602184-153603268
0.0000000000000782758958889375	2.17935650627224	0.131	0.028	0.00000000285840089017633	late epidermal progenitors	chr1-h1-218395543-218396420
0.000000000000113082181820929	1.26119460222739	0.371	0.151	0.00000000412942203355485	late epidermal progenitors	chr2-h1-8085883-8086886
0.000000000000117868937686366	2.22059714868166	0.126	0.026	0.00000000430421999749304	late epidermal progenitors	chr1-h1-260991092-260991992
0.000000000000174273112724463	2.38863596597474	0.109	0.02	0.00000000636393125735921	late epidermal progenitors	chr1-h1-181269668-181270556
0.000000000000175890756994103	1.72540471051421	0.2	0.057	0.00000000642300277315368	late epidermal progenitors	chr1-h1-52074605-52075595
0.000000000000201556619201192	2.24561088529671	0.12	0.024	0.00000000736024306336993	late epidermal progenitors	chr2-h1-254161246-254162249
0.000000000000206706983030292	1.40013813073312	0.297	0.107	0.00000000754831889931717	late epidermal progenitors	chr1-h1-262432054-262432936
0.000000000000253842813892012	2.42227369200469	0.103	0.018	0.00000000926957803489459	late epidermal progenitors	chr1-h1-65031787-65032520
0.000000000000607661054460907	1.76420143885313	0.189	0.054	0.0000000221899587257489	late epidermal progenitors	chr2-h1-3019503-3020098
0.000000000000651668480554903	2.20104269104569	0.12	0.025	0.0000000237969779044234	late epidermal progenitors	chr1-h1-65936414-65937289
0.000000000000841466883146466	2.3438229873183	0.109	0.021	0.0000000307278461718595	late epidermal progenitors	chr1-h1-229498196-229498956
0.00000000000085225773288977	2.34826560340422	0.109	0.021	0.0000000311218956319357	late epidermal progenitors	chr1-h1-7470460-7471347
0.000000000000866552722409266	1.86719150570522	0.166	0.044	0.0000000316439057642192	late epidermal progenitors	chr1-h1-69191911-69192809
0.000000000000923675284687751	1.79575452071074	0.183	0.052	0.0000000337298503709426	late epidermal progenitors	chr3-h1-71517092-71518000
0.00000000000100200489721427	2.22973354815703	0.12	0.026	0.0000000365902128315737	late epidermal progenitors	chr1-h1-82293270-82294182
0.00000000000198888828072154	1.81980028112046	0.166	0.044	0.0000000726282333471085	late epidermal progenitors	chr1-h1-293401693-293402588
0.00000000000264179203000576	2.33195494122342	0.103	0.02	0.0000000964703195597204	late epidermal progenitors	chr1-h1-130718501-130719493
0.00000000000275226539404541	2.25082068389245	0.109	0.022	0.000000100504475394356	late epidermal progenitors	chr1-h1-269816534-269817464
0.00000000000458609054404943	2.00900410785128	0.131	0.031	0.000000167470268397053	late epidermal progenitors	chr3-h1-93100973-93101861
0.00000000000488281668282731	1.4969755035688	0.24	0.083	0.000000178305816806805	late epidermal progenitors	chr2-h1-197137548-197138476
0.00000000000518407276277221	2.13375765654192	0.12	0.027	0.000000189306785078153	late epidermal progenitors	chr3-h1-98646390-98647278
0.00000000000710283877651449	1.90302260916725	0.149	0.039	0.000000259374363601979	late epidermal progenitors	chr1-h1-300043245-300044139
0.000000000010616035029036	1.20551460351841	0.343	0.144	0.000000387665751155307	late epidermal progenitors	chr2-h1-95985751-95986679
0.0000000000143936768924008	2.25578280239567	0.103	0.021	0.000000525613899079801	late epidermal progenitors	chr3-h1-119784706-119785769
0.0000000000243704062160283	1.86441407972914	0.149	0.04	0.000000889934123790706	late epidermal progenitors	chr1-h1-10179991-10180974
0.0000000000293212504992408	2.13465450874765	0.114	0.026	0.00000107072410448078	late epidermal progenitors	chr1-h1-175497191-175498255
0.0000000000347050037119996	2.13919404888878	0.109	0.024	0.00000126732262055109	late epidermal progenitors	chr3-h1-85228543-85229544
0.0000000000477905705771701	1.43016106875602	0.234	0.083	0.00000174516826576652	late epidermal progenitors	chr4-h1-12122426-12123332
0.0000000000484121305489301	2.20148531869277	0.103	0.022	0.00000176786577125528	late epidermal progenitors	chr2-h1-200404876-200405771
0.0000000000566597325709796	2.1653667345075	0.109	0.024	0.00000206904345429446	late epidermal progenitors	chr2-h1-179176078-179176951
0.0000000000806218080284834	2.10821291146746	0.109	0.024	0.00000294406656377613	late epidermal progenitors	chr2-h1-157367047-157367964
0.0000000000810315503149849	1.68859318107255	0.166	0.049	0.0000029590291228523	late epidermal progenitors	chr3-h1-132416365-132417264
0.0000000000911176850861286	2.17987467069417	0.103	0.022	0.00000332734450629016	late epidermal progenitors	chr2-h1-96338024-96338932
0.0000000000924725914020506	1.5823778237419	0.183	0.057	0.00000337682162022868	late epidermal progenitors	chr1-h1-203396131-203397050
0.000000000104472615457332	1.10358883986495	0.366	0.16	0.00000381502649865538	late epidermal progenitors	chr3-h1-8294100-8295077
0.000000000122811336775354	1.46066152324974	0.217	0.076	0.00000448470158502561	late epidermal progenitors	chr3-h1-132664999-132665929
0.0000000001692847251947	2.04976108370032	0.109	0.025	0.00000618177030993485	late epidermal progenitors	chr2-h1-223703962-223704815
0.000000000195254817145144	1.5338384134369	0.194	0.065	0.00000713012015768921	late epidermal progenitors	chr3-h1-122565777-122566687
0.000000000196587040109866	2.12940303930986	0.103	0.023	0.00000717876894369198	late epidermal progenitors	chr1-h1-321929922-321930808
0.000000000339302170441231	1.90700197077304	0.12	0.03	0.0000123902973580025	late epidermal progenitors	chr1-h1-94629407-94630304
0.000000000349515432830912	1.15306992902346	0.32	0.14	0.0000127632550606864	late epidermal progenitors	chr3-h1-36406479-36407377
0.000000000768735994507841	1.7261947318235	0.143	0.041	0.0000280719323114428	late epidermal progenitors	chr3-h1-253501-254388
0.000000000948755832253709	1.51067216391724	0.183	0.061	0.0000346457167264087	late epidermal progenitors	chr2-h1-214710017-214711042
0.00000000105906572867305	1.98628029692846	0.109	0.027	0.0000386739032139539	late epidermal progenitors	chr2-h1-181912481-181913349
0.00000000122635329148303	1.65966291568195	0.154	0.048	0.0000447827431450857	late epidermal progenitors	chr1-h1-131783577-131784474
0.00000000124819556707253	1.32511699588161	0.229	0.085	0.0000455803575227875	late epidermal progenitors	chr3-h1-153886-154904
0.00000000135130026793153	0.88792238339273	0.48	0.252	0.0000493454318840557	late epidermal progenitors	chr1-h1-137954244-137955174
0.00000000146014763906366	1.78624299015049	0.131	0.037	0.0000533202113356875	late epidermal progenitors	chr2-h1-136403234-136404127
0.00000000154891907359749	1.92394197229763	0.114	0.03	0.0000565618778105596	late epidermal progenitors	chr3-h1-13987799-13988699
0.00000000156669415259025	1.58493010940419	0.16	0.05	0.0000572109703701383	late epidermal progenitors	chr1-h1-225534995-225535877
0.00000000159714010143306	1.73392693735543	0.137	0.04	0.0000583227650840311	late epidermal progenitors	chr1-h1-124504767-124505661
0.00000000202912767477367	1.62100776109594	0.154	0.048	0.00007409765529971	late epidermal progenitors	chr1-h1-329085629-329086543
0.00000000305704913201797	1.97620938776353	0.103	0.025	0.0001116342631539	late epidermal progenitors	chr3-h1-348825-349622
0.00000000352576479667725	1.69432264764984	0.137	0.04	0.000128750353080263	late epidermal progenitors	chr2-h1-184186442-184187301
0.00000000372174550287377	1.64019480875202	0.149	0.046	0.000135906980528442	late epidermal progenitors	chr3-h1-81916744-81917645
0.00000000395941494106631	1.85888663763465	0.114	0.03	0.000144585955402919	late epidermal progenitors	chr1-h1-99405480-99406336
0.00000000515899630132422	1.9725181872301	0.103	0.026	0.000188391067935457	late epidermal progenitors	chr1-h1-149759297-149760225
0.00000000556731391614038	1.76024676487358	0.12	0.033	0.000203301602275698	late epidermal progenitors	chr1-h1-34383323-34384240
0.00000000710228496850194	1.69510494260739	0.131	0.039	0.000259354140194785	late epidermal progenitors	chr1-h1-71997654-71998559
0.0000000127510819949141	1.62553704498299	0.131	0.039	0.000465631261208279	late epidermal progenitors	chr2-h1-224240464-224241331
0.0000000138103937367487	1.16091218643285	0.263	0.116	0.000504314148084853	late epidermal progenitors	chr1-h1-40593908-40594692
0.0000000138910813681782	1.25254048664646	0.229	0.093	0.000507260618321763	late epidermal progenitors	chr1-h1-332347102-332347991
0.0000000154490288672138	1.03136757190253	0.32	0.148	0.000564152187144045	late epidermal progenitors	chr1-h1-124866203-124867124
0.0000000202681811449026	0.976860802268091	0.349	0.168	0.000740133170868407	late epidermal progenitors	chr3-h1-82540867-82541780
0.0000000207042245986327	1.68124732623317	0.12	0.034	0.000756056169668272	late epidermal progenitors	chr3-h1-97577032-97578027
0.0000000253909418765205	1.64283647743769	0.131	0.04	0.000927201024504899	late epidermal progenitors	chr2-h1-40957667-40958573
0.0000000300979739602622	1.63577545717535	0.126	0.038	0.0010990877151069	late epidermal progenitors	chr2-h1-213567814-213568715
0.0000000326376495619804	1.48068984489758	0.16	0.056	0.00119182904905484	late epidermal progenitors	chr3-h1-128621447-128622341
0.0000000341851360627971	1.73221622053277	0.114	0.033	0.00124833861360516	late epidermal progenitors	chr2-h1-250043051-250044103
0.0000000343569552952053	1.79765027901401	0.109	0.03	0.00125461293651501	late epidermal progenitors	chr3-h1-98117237-98118059
0.0000000395374613308334	1.46379377267566	0.16	0.056	0.00144378947541804	late epidermal progenitors	chr2-h1-267762941-267763959
0.0000000458242381256967	1.56882205031563	0.143	0.048	0.00167336370363607	late epidermal progenitors	chr3-h1-48099589-48100477
0.0000000515439637220952	1.38786047517868	0.171	0.062	0.00188223092323975	late epidermal progenitors	chr3-h1-103718037-103718940
0.0000000579089985149347	1.43516448811844	0.16	0.057	0.00211466289876987	late epidermal progenitors	chr1-h1-317095618-317096509
0.0000000600280587270803	1.33598989359158	0.189	0.074	0.00219204462053679	late epidermal progenitors	chr1-h1-329167136-329168036
0.0000000640996884289542	1.05249838026096	0.28	0.127	0.00234072832236012	late epidermal progenitors	chr2-h1-141851189-141852106
0.0000000794731282923586	1.60394528803704	0.126	0.039	0.00290212022585206	late epidermal progenitors	chr4-h1-6378619-6379556
0.0000000999748389632935	1.33235842073458	0.177	0.067	0.00365078119442259	late epidermal progenitors	chr4-h1-3624860-3625763
0.000000100217439587051	1.42820898172324	0.154	0.054	0.00365964024140036	late epidermal progenitors	chr2-h1-215351282-215352189
0.000000101660384087542	1.45347219193973	0.149	0.051	0.00371233224572479	late epidermal progenitors	chr3-h1-98119991-98120904
0.000000116683167067505	1.1271868356119	0.24	0.104	0.00426091921180408	late epidermal progenitors	chr3-h1-84476040-84476589
0.000000138825257940154	1.32743903768968	0.177	0.069	0.0050694819442006	late epidermal progenitors	chr1-h1-319541286-319542068
0.000000147134217546072	1.37242915738993	0.16	0.058	0.0053729002221299	late epidermal progenitors	chr2-h1-242518188-242519080
0.000000155834597906207	1.10424987443878	0.246	0.106	0.00569061201174095	late epidermal progenitors	chr1-h1-46301204-46302108
0.000000162250090480236	1.74560624853404	0.103	0.03	0.00592488655406679	late epidermal progenitors	chr1-h1-221383081-221383976
0.000000203596319335502	1.68891646090807	0.109	0.032	0.00743472679317453	late epidermal progenitors	chr2-h1-155523824-155524706
0.000000399487343981408	0.888250035907819	0.354	0.181	0.0145880793401691	late epidermal progenitors	chr2-h1-267815856-267816743
0.000000491162324582841	1.59026459306787	0.109	0.033	0.0179357746067916	late epidermal progenitors	chr1-h1-259533382-259534257
0.000000646302634716824	1.36363148237014	0.154	0.059	0.0236010333119542	late epidermal progenitors	chr2-h1-105909175-105910084
0.000000747385669833098	1.28335407207885	0.16	0.061	0.0272922825052952	late epidermal progenitors	chr1-h1-223879520-223880414
0.000000753543939796966	1.28636799465061	0.166	0.065	0.0275171640495658	late epidermal progenitors	chr3-h1-76294877-76295780
0.00000102946630181417	1.56482606378532	0.109	0.035	0.0375930209433481	late epidermal progenitors	chr2-h1-14790852-14791680
0.00000114662955963849	1.35932718928904	0.149	0.057	0.0418714716293187	late epidermal progenitors	chr1-h1-230236787-230237682
0.00000151153945333585	1.29984113512052	0.154	0.06	0.0551968862174653	late epidermal progenitors	chr1-h1-74935055-74935927
0.00000181428288630561	1.26774238037054	0.16	0.064	0.066252168159222	late epidermal progenitors	chr1-h1-174155703-174156601
0.00000191987619361139	1.20184581492149	0.177	0.074	0.070108118962107	late epidermal progenitors	chr2-h1-95786614-95787429
0.00000233374287742525	0.90050686439815	0.291	0.147	0.0852212886549378	late epidermal progenitors	chr2-h1-3016539-3017434
0.00000296787611671721	1.13992128826921	0.189	0.083	0.108377932154162	late epidermal progenitors	chr3-h1-128623147-128623857
0.00000318479117349429	0.754015120658703	0.4	0.227	0.116299019282491	late epidermal progenitors	chr1-h1-192272261-192273216
0.0000050331341727941	1.03308234096403	0.211	0.097	0.183794960587922	late epidermal progenitors	chr3-h1-65422623-65423538
0.00000620213332735637	1.23994560736006	0.149	0.061	0.226483302715073	late epidermal progenitors	chr1-h1-336936065-336936951
0.00000828597484934799	0.789558969115263	0.349	0.186	0.302578943573641	late epidermal progenitors	chr4-h1-47141170-47142063
0.00000862160669025756	1.4143478038341	0.109	0.038	0.314835211508135	late epidermal progenitors	chr3-h1-106464274-106465243
0.00000899599751161966	0.893777165479804	0.269	0.138	0.328506841131815	late epidermal progenitors	chr1-h1-257981790-257982698
0.00000973265166294535	1.42223444509446	0.109	0.038	0.355407240775775	late epidermal progenitors	chr4-h1-7281735-7282650
0.0000107308306711534	0.966804515326662	0.223	0.108	0.391857743618509	late epidermal progenitors	chr2-h1-67403955-67404869
0.0000111135324101439	1.41207129359923	0.109	0.039	0.405832863021223	late epidermal progenitors	chr1-h1-33194345-33195232
0.0000112802612913906	1.43553820500918	0.103	0.036	0.411921301577711	late epidermal progenitors	chr3-h1-130854317-130855070
0.0000128036621009572	1.45213740938987	0.103	0.036	0.467551328940654	late epidermal progenitors	chr2-h1-47575947-47576901
0.0000130362445984116	0.950411261634811	0.229	0.112	0.476044544000197	late epidermal progenitors	chr3-h1-54009689-54010587
0.0000136343080480573	1.12390001001948	0.166	0.073	0.49788402699091	late epidermal progenitors	chr3-h1-115917542-115918444
0.0000145008706234739	0.982307654631537	0.211	0.102	0.529528292557396	late epidermal progenitors	chr3-h1-310759-311633
0.0000153242634482904	1.07584490408484	0.177	0.08	0.559596128341219	late epidermal progenitors	chr2-h1-11590788-11591696
0.000016111789601206	1.28851089711663	0.126	0.049	0.588354220867239	late epidermal progenitors	chr1-h1-260266507-260267411
0.0000178191584171316	1.17043294340635	0.149	0.063	0.650702207918393	late epidermal progenitors	chr2-h1-54404094-54404987
0.0000191534561535466	0.999815245106597	0.2	0.096	0.699426758359063	late epidermal progenitors	chr1-h1-293643734-293644645
0.0000211862489658161	0.883108740460641	0.251	0.13	0.773658253484707	late epidermal progenitors	chr4-h1-11618531-11619439
0.0000222060082061236	0.681727024964219	0.406	0.239	0.810896801663015	late epidermal progenitors	chr2-h1-87620128-87621025
0.0000222696870563881	1.22082629666228	0.137	0.057	0.813222162238126	late epidermal progenitors	chr3-h1-7437164-7438100
0.0000259837180383724	1.1972875028295	0.143	0.061	0.948847431607246	late epidermal progenitors	chr1-h1-194583585-194584469
0.000029886514685773	1.28204074249088	0.12	0.047	1	late epidermal progenitors	chr1-h1-293654013-293654928
0.0000327828843478704	1.2797526602008	0.12	0.048	1	late epidermal progenitors	chr2-h1-131371725-131372619
0.0000338230498388522	1.32452162489845	0.109	0.041	1	late epidermal progenitors	chr4-h1-4328367-4329238
0.000033928114355608	0.80216812447617	0.286	0.154	1	late epidermal progenitors	chr2-h1-3941190-3942088
0.0000377284880531264	1.29509250059415	0.114	0.045	1	late epidermal progenitors	chr2-h1-182711909-182712781
0.0000381033947497115	0.983637462831325	0.194	0.095	1	late epidermal progenitors	chr2-h1-172540973-172541874
0.0000425130281169058	1.26821229261933	0.114	0.044	1	late epidermal progenitors	chr3-h1-125938743-125939631
0.0000452709805704086	0.767827059477585	0.303	0.17	1	late epidermal progenitors	chr1-h1-300204565-300205450
0.0000474464822726246	0.828399216361189	0.257	0.135	1	late epidermal progenitors	chr1-h1-43492710-43493619
0.0000501753997754933	1.36119369820919	0.103	0.039	1	late epidermal progenitors	chr2-h1-145547473-145548373
0.0000516199848872541	1.35505165160422	0.103	0.039	1	late epidermal progenitors	chr1-h1-179070844-179071749
0.0000641404137552051	1.28279547207142	0.109	0.042	1	late epidermal progenitors	chr2-h1-166951998-166952902
0.0000719663420037275	0.620952820292238	0.434	0.266	1	late epidermal progenitors	chr1-h1-271564926-271565852
0.0000758082432781599	0.690397378875456	0.349	0.203	1	late epidermal progenitors	chr2-h1-56539593-56540521
0.0000877577862350737	1.16462442195252	0.126	0.053	1	late epidermal progenitors	chr1-h1-277016243-277017139
0.00010547484346816	1.13007648070231	0.131	0.058	1	late epidermal progenitors	chr4-h1-460474-461372
0.000107501480053784	0.840986039830526	0.229	0.121	1	late epidermal progenitors	chr4-h1-41065728-41066634
0.000117498911313872	1.29637488303991	0.103	0.041	1	late epidermal progenitors	chr1-h1-197644264-197645135
0.000119367731973044	1.22344437210484	0.114	0.048	1	late epidermal progenitors	chr1-h1-29858242-29859141
0.000127147240569389	1.23641854471459	0.109	0.044	1	late epidermal progenitors	chr2-h1-7584038-7585007
0.000128438309040781	0.969477010267868	0.166	0.078	1	late epidermal progenitors	chr1-h1-188817742-188818647
0.000134032199228626	1.13675213194336	0.126	0.055	1	late epidermal progenitors	chr1-h1-260198847-260199785
0.000162042106825748	1.00952696604234	0.154	0.073	1	late epidermal progenitors	chr1-h1-290760942-290761926
0.00018046655522731	1.1366907929654	0.114	0.048	1	late epidermal progenitors	chr1-h1-253472972-253473843
0.000185031932864518	1.08726353596196	0.131	0.059	1	late epidermal progenitors	chr3-h1-112611903-112612813
0.000194326774893698	1.21392671518288	0.103	0.042	1	late epidermal progenitors	chr2-h1-189190802-189191717
0.00019698506296806	0.999557080888138	0.154	0.075	1	late epidermal progenitors	chr2-h1-168242884-168243799
0.000214143140553583	1.23519498674233	0.103	0.042	1	late epidermal progenitors	chr1-h1-74511212-74512100
0.000214216053325266	1.07296833523825	0.131	0.059	1	late epidermal progenitors	chr1-h1-185397777-185398668
0.000217146516902323	1.01950349128208	0.143	0.067	1	late epidermal progenitors	chr4-h1-52877118-52878007
0.000225020051735163	1.19453063710554	0.103	0.042	1	late epidermal progenitors	chr1-h1-203160500-203161399
0.000251873462320674	1.11597927422535	0.12	0.053	1	late epidermal progenitors	chr3-h1-48154907-48155801
0.0002749230440312	1.03345611248346	0.131	0.06	1	late epidermal progenitors	chr1-h1-106776313-106777250
0.000280562755747338	1.20611236691097	0.103	0.043	1	late epidermal progenitors	chr1-h1-198352453-198353349
0.000325178416950206	1.07133339366117	0.126	0.057	1	late epidermal progenitors	chr2-h1-141545228-141546116
0.000353895850541449	1.19205782028376	0.103	0.044	1	late epidermal progenitors	chr2-h1-76444392-76445288
0.000357179548742329	0.621143180089809	0.343	0.213	1	late epidermal progenitors	chr1-h1-272954726-272955663
0.000377530138135575	0.963794705818654	0.149	0.073	1	late epidermal progenitors	chr2-h1-2963366-2964144
0.000442930214691568	0.667251320537649	0.291	0.17	1	late epidermal progenitors	chr3-h1-92292028-92293004
0.000490081471670144	0.896410684822635	0.166	0.086	1	late epidermal progenitors	chr2-h1-187429118-187430023
0.000491768630928542	0.926599786605914	0.154	0.077	1	late epidermal progenitors	chr1-h1-821051-822194
0.000582243574193517	1.08494095070145	0.103	0.044	1	late epidermal progenitors	chr2-h1-172735928-172736750
0.00069894467642539	1.0500686688879	0.114	0.053	1	late epidermal progenitors	chr2-h1-237349882-237350791
0.000725590402483377	0.905706496614647	0.149	0.075	1	late epidermal progenitors	chr1-h1-334818507-334819393
0.000838091308780637	0.585179054487136	0.354	0.222	1	late epidermal progenitors	chr4-h1-1128654-1129535
0.000838499582817758	0.835932148542087	0.171	0.091	1	late epidermal progenitors	chr4-h1-4606631-4607533
0.000863595716922403	0.969116663932618	0.131	0.065	1	late epidermal progenitors	chr2-h1-233503142-233504049
0.00095344994503945	0.765441348733011	0.2	0.111	1	late epidermal progenitors	chr3-h1-120746262-120747167
0.00100459906572869	0.804231362213925	0.183	0.101	1	late epidermal progenitors	chr1-h1-52093753-52094672
0.00104936490437948	1.00447250273449	0.114	0.053	1	late epidermal progenitors	chr4-h1-47139875-47140637
0.00115943569838918	0.647955166316082	0.263	0.161	1	late epidermal progenitors	chr3-h1-81715554-81716566
0.00123949920244755	0.762404861467169	0.194	0.11	1	late epidermal progenitors	chr2-h1-2962099-2962929
0.00157517771946064	1.05136825451924	0.103	0.048	1	late epidermal progenitors	chr2-h1-76703582-76704469
0.00162166361609753	0.93728736723047	0.126	0.063	1	late epidermal progenitors	chr1-h1-294687603-294688449
0.00181223904118053	0.811444900053889	0.166	0.092	1	late epidermal progenitors	chr1-h1-41429996-41430910
0.00196122078339343	0.729008821754302	0.194	0.112	1	late epidermal progenitors	chr1-h1-225730959-225731853
0.0023385237190376	0.950808911725693	0.109	0.053	1	late epidermal progenitors	chr4-h1-1423754-1424665
0.002876761124752	0.731656849376471	0.177	0.101	1	late epidermal progenitors	chr3-h1-132944346-132945253
0.00317350133745828	0.885557214943965	0.12	0.062	1	late epidermal progenitors	chr2-h1-223670122-223670814
0.00358036292482331	0.556681319208494	0.297	0.192	1	late epidermal progenitors	chr1-h1-219201771-219202670
0.00367972024981743	0.950379839642989	0.103	0.051	1	late epidermal progenitors	chr1-h1-34094624-34095517
0.00422069043982573	0.836562117451169	0.126	0.067	1	late epidermal progenitors	chr2-h1-73320159-73320697
0.00434159050656209	0.792362890468336	0.149	0.084	1	late epidermal progenitors	chr1-h1-225539641-225540298
0.00453897723733383	0.720022237696233	0.166	0.096	1	late epidermal progenitors	chr4-h1-54145278-54146271
0.00460467377289797	0.750790984123295	0.16	0.094	1	late epidermal progenitors	chr1-h1-218171606-218172507
0.00511037615647551	0.869557348595907	0.109	0.055	1	late epidermal progenitors	chr3-h1-102524599-102525691
0.00615517270858689	0.671876203091546	0.171	0.101	1	late epidermal progenitors	chr2-h1-7602894-7603741
0.00618807504351376	0.889697451596207	0.103	0.053	1	late epidermal progenitors	chr2-h1-173780782-173781670
0.00790748178681594	0.735364790705469	0.143	0.083	1	late epidermal progenitors	chr4-h1-527837-528743
0.00842679720673934	0.729111919050325	0.143	0.083	1	late epidermal progenitors	chr4-h1-47565076-47565968
0.00882621992574356	0.839332259738314	0.103	0.054	1	late epidermal progenitors	chr1-h1-197472205-197473314
0.00897392216044271	0.720530885487791	0.137	0.078	1	late epidermal progenitors	chr2-h1-95969428-95970422
0.00955519628423543	0.81271596578869	0.109	0.059	1	late epidermal progenitors	chr2-h1-7607688-7608596
0.00000000000000000000000000000000000000000000000000000000000000000000000000000000000000248512541018896	6.00228887995155	0.153	0.002	0.0000000000000000000000000000000000000000000000000000000000000000000000000000000000907493246038702	epidermis	chr3-h1-124244244-124245111
0.0000000000000000000000000000000000000000000000000000000000000000000000000000231721772850178	4.80626099467841	0.185	0.006	0.000000000000000000000000000000000000000000000000000000000000000000000000846178397916994	epidermis	chr3-h1-103409729-103410820
0.00000000000000000000000000000000000000000000000000000000000000000000000160459716117151	5.28118351813954	0.153	0.004	0.0000000000000000000000000000000000000000000000000000000000000000000585950745345	epidermis	chr2-h1-2827025-2827985
0.000000000000000000000000000000000000000000000000000000000000000000102109928966073	4.63305956054587	0.178	0.007	0.00000000000000000000000000000000000000000000000000000000000000372874827605407	epidermis	chr3-h1-132201535-132202345
0.00000000000000000000000000000000000000000000000000000000000266421524179745	5.55827056449845	0.115	0.002	0.0000000000000000000000000000000000000000000000000000000972891479847174	epidermis	chr3-h1-74027041-74027943
0.00000000000000000000000000000000000000000000000000000000020167860241483	3.83367311082313	0.217	0.015	0.00000000000000000000000000000000000000000000000000000736469752438236	epidermis	chr1-h1-80722361-80723250
0.000000000000000000000000000000000000000000000000000000000911374583679757	5.27350278916405	0.121	0.003	0.0000000000000000000000000000000000000000000000000000332806656722337	epidermis	chr3-h1-125752252-125753099
0.00000000000000000000000000000000000000000000000000000124700826453222	4.73413877183511	0.134	0.005	0.0000000000000000000000000000000000000000000000000455370007959232	epidermis	chr3-h1-103600784-103601874
0.0000000000000000000000000000000000000000000026452402478871	3.41692126705475	0.21	0.02	0.0000000000000000000000000000000000000000965962381320931	epidermis	chr3-h1-89394475-89395342
0.00000000000000000000000000000000000000000104624607802733	3.97576701170654	0.153	0.011	0.0000000000000000000000000000000000000382057680313239	epidermis	chr2-h1-57518494-57519357
0.0000000000000000000000000000000000000000661542142969189	4.02267016705343	0.134	0.008	0.00000000000000000000000000000000000241575344348059	epidermis	chr3-h1-117903825-117904750
0.00000000000000000000000000000000000000572967242083438	4.1156658733921	0.127	0.008	0.000000000000000000000000000000000209230447791609	epidermis	chr3-h1-119152423-119153306
0.0000000000000000000000000000000000000113126071821701	4.4325822253419	0.108	0.005	0.000000000000000000000000000000000413102476471306	epidermis	chr2-h1-2820074-2820857
0.0000000000000000000000000000000000956268244191961	3.5058094387009	0.153	0.014	0.00000000000000000000000000000349200474731579	epidermis	chr2-h1-261657857-261658707
0.000000000000000000000000000000000157629401975699	3.76016813380618	0.134	0.01	0.00000000000000000000000000000575615287194659	epidermis	chr2-h1-16181655-16182558
0.00000000000000000000000000000000475435871091103	3.40926129805008	0.153	0.015	0.000000000000000000000000000173614917046338	epidermis	chr3-h1-131533010-131534079
0.00000000000000000000000000000000917296093447534	3.11728923097707	0.178	0.02	0.000000000000000000000000000334969014444236	epidermis	chr4-h1-45242962-45243941
0.0000000000000000000000000000000102045011877792	3.46206708207989	0.146	0.013	0.000000000000000000000000000372637769874134	epidermis	chr2-h1-68077115-68078143
0.0000000000000000000000000000000613903659811968	4.12484468683626	0.102	0.006	0.00000000000000000000000000224179199453536	epidermis	chr2-h1-24290696-24291495
0.0000000000000000000000000000406707790745266	3.31704336156605	0.14	0.014	0.00000000000000000000000148517483946449	epidermis	chr2-h1-8811802-8812563
0.00000000000000000000000000031208292200181	3.74508242955766	0.108	0.008	0.0000000000000000000000113963320627401	epidermis	chr1-h1-177882617-177883527
0.00000000000000000000000000693335095995896	3.7961234071909	0.102	0.008	0.000000000000000000000253185177004821	epidermis	chr1-h1-76884504-76885430
0.0000000000000000000000000123250559936598	3.54908432728315	0.108	0.009	0.000000000000000000000450074069720476	epidermis	chr2-h1-262304472-262305337
0.000000000000000000000000106145168992257	3.22529611945921	0.127	0.013	0.00000000000000000000387610313609026	epidermis	chr4-h1-233312-234195
0.000000000000000000000000889385931563444	3.60705437356412	0.102	0.009	0.0000000000000000000324777060629023	epidermis	chr1-h1-277229367-277230281
0.00000000000000000000000505661740060392	3.13442392677885	0.134	0.016	0.000000000000000000184652497617853	epidermis	chr1-h1-194316731-194317599
0.00000000000000000000000593594225356429	2.84356903524685	0.159	0.023	0.000000000000000000216762803273407	epidermis	chr2-h1-157367047-157367964
0.00000000000000000000000705126766444226	2.74717778753251	0.166	0.024	0.000000000000000000257491141302438	epidermis	chr1-h1-6497233-6498100
0.0000000000000000000000164170214741055	3.49112896824351	0.102	0.009	0.000000000000000000599500373169911	epidermis	chr3-h1-109801286-109802168
0.000000000000000000000161443435487213	2.4789373626102	0.197	0.036	0.00000000000000000589542993368654	epidermis	chr1-h1-71997654-71998559
0.000000000000000000000218674179480663	2.97220188044971	0.134	0.017	0.00000000000000000798532501209537	epidermis	chr2-h1-73009278-73010179
0.000000000000000000000225477422104171	2.62732630079935	0.172	0.028	0.00000000000000000823375902297802	epidermis	chr4-h1-51925744-51926853
0.000000000000000000000625390367092595	2.9417728602752	0.134	0.017	0.0000000000000000228373800351203	epidermis	chr1-h1-60829393-60830349
0.000000000000000000000647661957910367	3.31503818789437	0.108	0.011	0.0000000000000000236506717170129	epidermis	chr2-h1-101105963-101106812
0.00000000000000000000302113831623789	2.94454995906394	0.127	0.016	0.000000000000000110322907894059	epidermis	chr3-h1-131284088-131284889
0.00000000000000000000437791184916165	2.75242658027923	0.153	0.024	0.000000000000000159868206995836	epidermis	chr1-h1-244064138-244065062
0.00000000000000000000836952687523739	2.56725570387878	0.172	0.03	0.000000000000000305630012903044	epidermis	chr4-h1-10794326-10795523
0.00000000000000000000896698236622697	3.14684439175949	0.108	0.012	0.00000000000000032744729506751	epidermis	chr3-h1-95154885-95155871
0.0000000000000000000580671969094424	3.19666081929143	0.102	0.011	0.00000000000000212043982954211	epidermis	chr3-h1-94049787-94050696
0.000000000000000000198891974052994	2.55606710969267	0.159	0.028	0.00000000000000726293821649317	epidermis	chr3-h1-25410295-25411194
0.00000000000000000027787287207953	3.01555967711195	0.115	0.015	0.0000000000000101470836697282	epidermis	chr1-h1-72990492-72991391
0.00000000000000000118771843643812	2.80074268065752	0.127	0.019	0.0000000000000433719141434107	epidermis	chr1-h1-305499040-305499955
0.00000000000000000652798219898075	2.4811505237967	0.153	0.027	0.00000000000023838232596018	epidermis	chr1-h1-195921807-195922714
0.00000000000000000958751690640045	2.80279431435858	0.121	0.018	0.000000000000350107354871025	epidermis	chr4-h1-1252031-1253006
0.0000000000000000131372280304593	2.61881049427211	0.134	0.022	0.000000000000479732155988281	epidermis	chr1-h1-124502725-124504060
0.0000000000000000172902255126056	2.95030810130235	0.102	0.013	0.000000000000631387165043817	epidermis	chr1-h1-324647703-324648614
0.0000000000000000279852721536756	2.99448611107627	0.102	0.013	0.00000000000102193818323577	epidermis	chr4-h1-595729-596666
0.0000000000000000298235073399473	2.99659941759098	0.102	0.013	0.00000000000108906501753286	epidermis	chr2-h1-30667141-30668047
0.0000000000000000493816064828511	2.46112654728963	0.146	0.027	0.00000000000180326812393427	epidermis	chr1-h1-50824988-50825958
0.0000000000000000673731837564748	2.07339718140952	0.21	0.052	0.00000000000246026655123519	epidermis	chr3-h1-52237199-52238152
0.000000000000000100166346149163	2.79794474864087	0.115	0.017	0.000000000003657774462329	epidermis	chr1-h1-175485542-175486443
0.000000000000000266851602528718	2.91860546018224	0.102	0.014	0.0000000000097446199695412	epidermis	chr4-h1-2775468-2776324
0.00000000000000384741750521326	1.68064123536735	0.274	0.087	0.000000000140496145037873	epidermis	chr2-h1-195494129-195494988
0.00000000000000405313849417508	2.69977413150491	0.102	0.015	0.000000000148008458391791	epidermis	chr1-h1-135889990-135890905
0.00000000000000767736638104014	2.65104182614906	0.108	0.017	0.000000000280354388136443	epidermis	chr3-h1-23120964-23121836
0.00000000000000816266670525488	2.64360573388456	0.108	0.017	0.000000000298076100075792	epidermis	chr1-h1-202358182-202359094
0.00000000000000956123717600468	1.8983058102143	0.21	0.057	0.000000000349147697956163	epidermis	chr1-h1-203396131-203397050
0.0000000000000245825825918705	2.52895886632277	0.115	0.02	0.000000000897682168507337	epidermis	chr1-h1-130718501-130719493
0.0000000000000265576519807208	2.58742661753946	0.108	0.018	0.000000000969805777379981	epidermis	chr1-h1-277020916-277021828
0.0000000000000411371845531136	2.22214163448616	0.153	0.034	0.00000000150220656832605	epidermis	chr4-h1-5205418-5206318
0.0000000000000516160071172702	2.33440147822691	0.134	0.027	0.00000000188486173190135	epidermis	chr3-h1-6252797-6253559
0.0000000000000577933447865052	2.44567618434815	0.115	0.02	0.00000000211043957156881	epidermis	chr2-h1-24499656-24500577
0.0000000000000805060631065394	2.4165952085153	0.121	0.023	0.0000000029398399064615	epidermis	chr4-h1-11133000-11133881
0.0000000000000907013158140287	2.67206430165344	0.102	0.017	0.00000000331213994958089	epidermis	chr1-h1-144873390-144874278
0.000000000000103344423637645	2.48458618082895	0.115	0.021	0.0000000037738283179759	epidermis	chr2-h1-175858843-175859742
0.00000000000016722728997256	2.22723100372096	0.14	0.03	0.00000000610663894792796	epidermis	chr3-h1-68714877-68715788
0.000000000000276857233683756	2.41578504994478	0.115	0.021	0.0000000101099956024297	epidermis	chr2-h1-52342454-52343333
0.000000000000353504659553609	2.17304614110336	0.146	0.033	0.0000000129089296529191	epidermis	chr1-h1-196521193-196522026
0.000000000000475895951421516	2.28420463189957	0.134	0.029	0.0000000173782924580595	epidermis	chr1-h1-74541324-74542268
0.000000000000685009752744378	1.96138654759582	0.172	0.044	0.0000000250145011409665	epidermis	chr1-h1-69191911-69192809
0.0000000000008234162275589	2.52256895500752	0.108	0.02	0.0000000300686903817684	epidermis	chr2-h1-153602184-153603268
0.00000000000129584912719079	2.32635238923772	0.121	0.025	0.0000000473205225776262	epidermis	chr1-h1-323139138-323140089
0.00000000000157800771193558	2.29226816225539	0.127	0.027	0.0000000576241076167515	epidermis	chr3-h1-58136800-58137792
0.00000000000455666004098206	1.40330999950104	0.293	0.112	0.000000166395554716542	epidermis	chr3-h1-92871142-92871862
0.00000000000707573198299714	1.84984629434052	0.172	0.047	0.000000258384504823107	epidermis	chr3-h1-92870384-92871020
0.00000000000710406386937348	2.19686243709579	0.127	0.028	0.000000259419100317911	epidermis	chr1-h1-218395543-218396420
0.0000000000272623447023781	1.83587507174372	0.172	0.049	0.000000995539041496739	epidermis	chr3-h1-109759003-109759946
0.0000000000330502379656645	2.05630180121053	0.134	0.032	0.00000120689553979217	epidermis	chr3-h1-132375634-132376468
0.00000000003470668720376	2.08441065811156	0.127	0.029	0.00000126738409661971	epidermis	chr2-h1-83041871-83042753
0.0000000000351022259065311	1.79281236797828	0.172	0.049	0.0000012818279834288	epidermis	chr2-h1-254142922-254143846
0.0000000000414296702282346	2.30701774088925	0.102	0.02	0.00000151288726772444	epidermis	chr3-h1-132370100-132371405
0.0000000000578175725736806	1.42899603539384	0.261	0.099	0.0000021113242976731	epidermis	chr2-h1-262917989-262918905
0.0000000000603156770145749	2.17949999363324	0.121	0.028	0.00000220254757754123	epidermis	chr1-h1-7496224-7497124
0.000000000166903354712663	1.6492550399741	0.191	0.061	0.00000609480980404233	epidermis	chr2-h1-151444904-151445885
0.0000000002230246553382	2.27975285437712	0.102	0.021	0.00000814419133898504	epidermis	chr3-h1-119784706-119785769
0.000000000453743427306043	1.98206102504016	0.127	0.032	0.0000165693487349348	epidermis	chr1-h1-251829811-251830837
0.000000000591934081697127	1.63008651958049	0.178	0.056	0.000021615656861334	epidermis	chr3-h1-7437164-7438100
0.000000000664247414448172	2.20048577692022	0.102	0.022	0.0000242563228334039	epidermis	chr4-h1-52879015-52879921
0.000000000690278105680544	1.86723401071672	0.146	0.041	0.0000252068855851364	epidermis	chr1-h1-198352453-198353349
0.000000000834518534460095	1.99426250156146	0.115	0.027	0.0000304741133228793	epidermis	chr1-h1-113948917-113950033
0.000000000877872415162188	1.46335443093376	0.223	0.082	0.0000320572669844776	epidermis	chr3-h1-65548396-65549259
0.00000000139878079108209	2.04016710603803	0.115	0.028	0.0000510792781479446	epidermis	chr3-h1-94946150-94947055
0.00000000366660184539136	1.91263278070467	0.121	0.032	0.000133893299588156	epidermis	chr3-h1-93100973-93101861
0.00000000776734643314589	2.01702082424291	0.108	0.027	0.000283640189699188	epidermis	chr2-h1-181912481-181913349
0.0000000149535938075308	1.85241429898679	0.121	0.033	0.000546060385069604	epidermis	chr1-h1-89113877-89114984
0.0000000173387942695258	1.63131209236076	0.159	0.053	0.000633160750340272	epidermis	chr3-h1-102524599-102525691
0.000000018182312746442	1.79696058622555	0.127	0.037	0.000663963514561824	epidermis	chr4-h1-3950351-3951261
0.0000000205209209919864	1.48404153072388	0.185	0.067	0.000749362471864368	epidermis	chr1-h1-275380008-275380788
0.0000000368232067827686	1.95685954774455	0.102	0.026	0.00134467304208636	epidermis	chr4-h1-40934243-40935214
0.0000000727148471837256	1.39337921148038	0.191	0.073	0.00265532807460811	epidermis	chr3-h1-16048158-16049065
0.000000230237917816934	1.69797340181109	0.127	0.041	0.00840759804492098	epidermis	chr2-h1-21804864-21805793
0.000000257849589136676	1.32193179954722	0.197	0.082	0.009415893446504	epidermis	chr1-h1-284347988-284348932
0.00000027436685798728	1.71300895069219	0.115	0.034	0.0100190545531215	epidermis	chr1-h1-332229633-332230528
0.000000680066454032217	1.74010771741058	0.108	0.033	0.0248339867018945	epidermis	chr2-h1-155523824-155524706
0.00000108872022275848	1.49045128114343	0.14	0.05	0.0397567963744714	epidermis	chr2-h1-206036388-206037194
0.00000157799343862114	1.65466970926318	0.115	0.038	0.0576235863981283	epidermis	chr1-h1-222033143-222034056
0.00000200094577445226	1.69386734084587	0.102	0.031	0.0730685368456731	epidermis	chr1-h1-94629407-94630304
0.0000020147307878042	0.879741358465991	0.331	0.187	0.0735719241782461	epidermis	chr4-h1-47141170-47142063
0.00000205963910343573	1.35780117916663	0.166	0.068	0.0752118411401625	epidermis	chr1-h1-74078283-74078940
0.00000208219036250577	1.33605184353323	0.159	0.062	0.0760353454676231	epidermis	chr1-h1-223879520-223880414
0.00000248774286217219	1.29036181249788	0.172	0.071	0.0908449060979417	epidermis	chr1-h1-73977428-73978330
0.00000267190122163802	1.39176906386119	0.153	0.061	0.0975698169105557	epidermis	chr1-h1-287234784-287235690
0.00000302032910387755	1.07728225328377	0.229	0.108	0.110293357886297	epidermis	chr2-h1-267715315-267716217
0.00000350557818981583	1.61022369340742	0.108	0.035	0.128013198757505	epidermis	chr4-h1-36992962-36993842
0.00000387803334956271	1.61419702801952	0.108	0.036	0.141614143825982	epidermis	chr1-h1-323145676-323146532
0.0000054251987333647	1.38921040548619	0.14	0.054	0.198111982146279	epidermis	chr4-h1-38229212-38230262
0.00000688524825965302	1.03210991878201	0.229	0.108	0.251428610697749	epidermis	chr1-h1-294059508-294060420
0.00000742155797735716	1.52601250875131	0.108	0.036	0.271013032659151	epidermis	chr3-h1-26294368-26295273
0.00000776974379830973	1.31631926261559	0.146	0.058	0.283727734282877	epidermis	chr3-h1-121804173-121805065
0.0000106564149176068	1.59578259878253	0.102	0.034	0.389140303546247	epidermis	chr1-h1-79395721-79396607
0.0000149131237693309	1.37027102237873	0.134	0.053	0.544582540684656	epidermis	chr1-h1-277016243-277017139
0.0000166922431214915	1.32261027965488	0.14	0.057	0.609550642067504	epidermis	chr2-h1-227103162-227104111
0.0000170119847781659	1.30819952367877	0.134	0.052	0.621226648144284	epidermis	chr2-h1-237349882-237350791
0.0000203127840165079	1.35864337515365	0.127	0.049	0.741761933930821	epidermis	chr1-h1-260266507-260267411
0.0000242761454254643	1.46501135254601	0.108	0.039	0.88649200250168	epidermis	chr1-h1-179070844-179071749
0.0000304993091485024	1.42273151448169	0.108	0.039	1	epidermis	chr2-h1-5692216-5693145
0.0000310830383885491	1.5122376031408	0.102	0.036	1	epidermis	chr1-h1-334829110-334830019
0.0000321250376681229	1.41710153045894	0.115	0.043	1	epidermis	chr2-h1-60239783-60240841
0.000064242405700376	1.14817537113414	0.159	0.073	1	epidermis	chr2-h1-2963366-2964144
0.0000669563818754918	1.44098100539754	0.102	0.038	1	epidermis	chr2-h1-210145138-210145987
0.0000965121687217052	1.34331936931105	0.115	0.046	1	epidermis	chr3-h1-103424543-103425439
0.00014376025284145	1.15712066806742	0.134	0.058	1	epidermis	chr4-h1-460474-461372
0.000176833411359895	1.1525446131901	0.14	0.064	1	epidermis	chr3-h1-103718037-103718940
0.00022891088536146	1.34962402140701	0.102	0.041	1	epidermis	chr2-h1-224240464-224241331
0.000229394881133159	1.35791668996009	0.102	0.041	1	epidermis	chr2-h1-87618600-87619381
0.000373874146486177	1.0870348398266	0.14	0.066	1	epidermis	chr2-h1-73320159-73320697
0.000496798052337547	1.09521545248168	0.134	0.064	1	epidermis	chr2-h1-214710017-214711042
0.000549122753372825	0.89925335137325	0.185	0.1	1	epidermis	chr2-h1-235129345-235130251
0.0005589340452387	1.04902518831773	0.127	0.058	1	epidermis	chr2-h1-141545228-141546116
0.000586837063660964	1.13240430708386	0.115	0.05	1	epidermis	chr1-h1-329085629-329086543
0.000634404958397626	0.995000693800951	0.146	0.072	1	epidermis	chr4-h1-39848082-39848979
0.000675065559452033	1.04173628376808	0.134	0.063	1	epidermis	chr3-h1-94025692-94026579
0.000677311396806487	0.919225583905346	0.166	0.085	1	epidermis	chr3-h1-128623147-128623857
0.000856723826813662	1.0279766016526	0.127	0.059	1	epidermis	chr2-h1-206037590-206038425
0.00111226206619999	1.06195541863849	0.127	0.062	1	epidermis	chr1-h1-194583585-194584469
0.0011553098953891	0.839726824175088	0.191	0.11	1	epidermis	chr1-h1-46301204-46302108
0.00196053562892895	0.930982096632905	0.146	0.078	1	epidermis	chr2-h1-95969428-95970422
0.0025778660816682	0.640889494234799	0.268	0.172	1	epidermis	chr3-h1-82540867-82541780
0.00275301860688829	0.711641334011397	0.217	0.131	1	epidermis	chr2-h1-141851189-141852106
0.00367829243383435	0.649141814605474	0.242	0.152	1	epidermis	chr1-h1-124866203-124867124
0.00497688214766154	0.836491388884255	0.146	0.082	1	epidermis	chr2-h1-100731440-100732344
0.00541596573242544	0.932580592679641	0.115	0.059	1	epidermis	chr1-h1-230236787-230237682
0.00682409415254424	0.92566563201851	0.115	0.061	1	epidermis	chr1-h1-67845807-67846711
0.00852378909249782	0.84110121793486	0.134	0.077	1	epidermis	chr1-h1-329167136-329168036
0.00973863378520933	0.776460232002819	0.127	0.07	1	epidermis	chr2-h1-226780149-226781044
0.00000000000000000000000000000000000000000000000000000000000000000000000000000000000000000000000000000000000155161345889568	6.5276456361996	0.165	0.002	0.0000000000000000000000000000000000000000000000000000000000000000000000000000000000000000000000000000000566602686784934	phagocytes	chr1-h1-327285929-327286847
0.00000000000000000000000000000000000000000000000000000000000000000000000000000000000000000000000126445688660888	5.5279571770014	0.168	0.004	0.0000000000000000000000000000000000000000000000000000000000000000000000000000000000000000000461741721282964	phagocytes	chr2-h1-14407194-14408173
0.000000000000000000000000000000000000000000000000000000000000000000000000726112428986104	5.41552602110056	0.13	0.003	0.0000000000000000000000000000000000000000000000000000000000000000000265154475692856	phagocytes	chr1-h1-57625009-57626128
0.0000000000000000000000000000000000000000000000000000000011184760183267	4.68804903177935	0.119	0.005	0.0000000000000000000000000000000000000000000000000000408433887612361	phagocytes	chr3-h1-31676812-31677755
0.0000000000000000000000000000000000000000000000000000213975282915143	4.70886205419742	0.109	0.004	0.000000000000000000000000000000000000000000000000781373540621228	phagocytes	chr1-h1-222440391-222441280
0.0000000000000000000000000000000000000000000045020892980847	4.09868086826055	0.112	0.007	0.000000000000000000000000000000000000000164402794898159	phagocytes	chr2-h1-243999522-244000453
0.000000000000000000000000000000000000000000493493586190009	4.23276009866402	0.105	0.006	0.0000000000000000000000000000000000000180209052869006	phagocytes	chr2-h1-152324434-152325342
0.0000000000000000000000000000000000109956756787868	2.55082131370912	0.2	0.036	0.000000000000000000000000000000401529088762258	phagocytes	chr2-h1-213545795-213546635
0.00000000000000000000000000000000637965285588937	3.52510791488333	0.102	0.009	0.000000000000000000000000000232965783338512	phagocytes	chr1-h1-314056772-314057653
0.000000000000000000000000000000228364070030433	2.62342146602379	0.168	0.029	0.00000000000000000000000000833917074530134	phagocytes	chr1-h1-220571419-220572295
0.0000000000000000000000000423072042824207	2.88008128368193	0.116	0.016	0.00000000000000000000154493217878116	phagocytes	chr3-h1-130520102-130520986
0.0000000000000000000000000794100209046172	2.90669752523814	0.112	0.015	0.00000000000000000000289981573337391	phagocytes	chr2-h1-128899417-128900099
0.000000000000000000000000357486643070594	2.07804594311457	0.2	0.049	0.0000000000000000000130543397450089	phagocytes	chr3-h1-107855481-107856304
0.00000000000000000000945640077495505	2.44610328075338	0.123	0.023	0.000000000000000345319387099034	phagocytes	chr1-h1-34337508-34338524
0.0000000000000000000150950164989804	1.8688669984027	0.196	0.055	0.000000000000000551224717493267	phagocytes	chr1-h1-338953410-338954268
0.00000000000000000553038206814236	1.62387185243341	0.221	0.074	0.000000000000201952961982355	phagocytes	chr2-h1-100643232-100644182
0.0000000000000000353975406180364	1.74945940751837	0.186	0.058	0.00000000000129261199074884	phagocytes	chr2-h1-41416500-41417431
0.000000000000000103644348518775	1.88710892166386	0.158	0.044	0.0000000000037847806748601	phagocytes	chr1-h1-135876434-135877496
0.00000000000000115004235430105	2.31408676395374	0.102	0.021	0.0000000000419960966520114	phagocytes	chr1-h1-225533662-225534461
0.00000000000000126507635983534	1.96958489361639	0.137	0.036	0.0000000000461967934321071	phagocytes	chr3-h1-53769716-53770576
0.00000000000000130524435866583	2.09377964030435	0.123	0.03	0.0000000000476636082454	phagocytes	chr1-h1-43168916-43169851
0.0000000000000403111766595582	2.0082812152635	0.116	0.029	0.00000000147204323807709	phagocytes	chr1-h1-75785063-75785971
0.000000000000096832558968679	1.87033885271144	0.13	0.036	0.00000000353603455585925	phagocytes	chr2-h1-7576963-7577838
0.000000000000875980976875204	1.84437768429293	0.123	0.035	0.0000000319881973325518	phagocytes	chr4-h1-3936059-3936901
0.0000000000259977751499275	1.28346787007494	0.211	0.092	0.000000949360755149904	phagocytes	chr1-h1-293643734-293644645
0.000000000353219494538771	1.75125660287215	0.105	0.032	0.0000128985162820723	phagocytes	chr4-h1-47301487-47302498
0.000000000418234378429474	1.71476855733715	0.109	0.034	0.0000152726647971091	phagocytes	chr1-h1-165311716-165312614
0.00000000277264400215544	1.40405684401387	0.147	0.059	0.00010124864102671	phagocytes	chr1-h1-294687603-294688449
0.0000000045880739961725	1.56875013576622	0.116	0.041	0.000167542698118231	phagocytes	chr1-h1-29257651-29258564
0.00000000581821864236948	1.56597648924999	0.112	0.039	0.000212463890163406	phagocytes	chr1-h1-69510237-69511180
0.0000000130196979625512	1.28843841557719	0.154	0.065	0.000475440310498481	phagocytes	chr2-h1-208066930-208067848
0.0000000139138175681425	1.37488957178001	0.144	0.06	0.000508090876135861	phagocytes	chr1-h1-223879520-223880414
0.0000000152226241348157	1.12002186482565	0.193	0.091	0.000555884565531064	phagocytes	chr4-h1-11517715-11518625
0.0000000178565638496605	1.43040229126574	0.123	0.046	0.000652068142098052	phagocytes	chr2-h1-53035082-53036065
0.0000000405590957352442	1.37919511729245	0.13	0.052	0.00148109649896391	phagocytes	chr3-h1-71517092-71518000
0.000000244225833203119	1.14685667433756	0.158	0.073	0.00891839475107831	phagocytes	chr2-h1-129370066-129370979
0.000000293150737028312	1.12440365658503	0.158	0.073	0.0107049854640629	phagocytes	chr1-h1-329167136-329168036
0.000000980029974546523	1.29865042451155	0.116	0.049	0.0357877545805154	phagocytes	chr2-h1-172045018-172046009
0.000000999032014921737	1.22740157480908	0.123	0.052	0.0364816520888971	phagocytes	chr4-h1-38229212-38230262
0.0000010479215472263	0.880453977361754	0.225	0.128	0.0382669511400628	phagocytes	chr1-h1-332014402-332015208
0.00000111290811914945	1.30629286443041	0.119	0.052	0.0406400657869806	phagocytes	chr1-h1-59231655-59232526
0.00000269681353360374	1.10206005996679	0.147	0.072	0.098479539806608	phagocytes	chr2-h1-54453387-54454415
0.00000274518246517728	1.32819574738555	0.105	0.044	0.100245828080879	phagocytes	chr1-h1-104481233-104482182
0.00000317214368234811	1.20295988348283	0.123	0.055	0.115837170848306	phagocytes	chr3-h1-92872300-92873059
0.00000572426146016693	1.15443946444217	0.123	0.057	0.209032855740916	phagocytes	chr3-h1-121804173-121805065
0.00000599463024066377	1.28428335332459	0.102	0.043	0.218905912498319	phagocytes	chr2-h1-7584038-7585007
0.00000668334111514997	1.15058605047807	0.119	0.054	0.244055567501931	phagocytes	chr2-h1-211747106-211748002
0.0000112239877358423	1.15084641698649	0.116	0.053	0.409866360149752	phagocytes	chr1-h1-260198847-260199785
0.0000453512519302029	1.09915977792754	0.105	0.049	1	phagocytes	chr1-h1-131783577-131784474
0.00013378067527733	0.575807882029013	0.295	0.203	1	phagocytes	chr2-h1-56539593-56540521
0.000237185139269394	0.940794508791234	0.123	0.066	1	phagocytes	chr3-h1-129080896-129081791
0.000300635296464118	0.98372654953036	0.116	0.063	1	phagocytes	chr2-h1-151444904-151445885
0.000304055688125276	0.909894485854759	0.123	0.066	1	phagocytes	chr2-h1-215494955-215495859
0.000350865441389569	1.00059303045502	0.105	0.054	1	phagocytes	chr2-h1-91609867-91610768
0.000489128360588965	0.703169744064416	0.182	0.115	1	phagocytes	chr3-h1-92871142-92871862
0.000601886183388833	0.893227712341345	0.116	0.064	1	phagocytes	chr1-h1-244667543-244668482
0.000702995699772309	0.701518626392462	0.172	0.108	1	phagocytes	chr2-h1-21731998-21732858
0.00119674677438646	0.665108353660833	0.182	0.123	1	phagocytes	chr2-h1-71975051-71975929
0.00128726801038778	0.710704984193352	0.154	0.095	1	phagocytes	chr1-h1-332347102-332347991
0.00142264854011979	0.801240295366426	0.119	0.068	1	phagocytes	chr2-h1-226780149-226781044
0.00148522475066268	0.877481634116613	0.105	0.058	1	phagocytes	chr2-h1-206037590-206038425
0.00296379312941762	0.636217730510516	0.165	0.109	1	phagocytes	chr2-h1-267715315-267716217
0.00314004574309203	0.638631423989391	0.165	0.109	1	phagocytes	chr3-h1-82549090-82550121
0.00351584854205086	0.415107705336878	0.298	0.233	1	phagocytes	chr4-h1-52167898-52168808
0.00361859668055953	0.701759236397213	0.137	0.088	1	phagocytes	chr3-h1-153886-154904
0.00444588022265755	0.646538002245964	0.158	0.108	1	phagocytes	chr3-h1-132625255-132626064
0.00531413865911005	0.708460875418202	0.116	0.071	1	phagocytes	chr1-h1-334815521-334816352
0.00545623136014159	0.660420128253146	0.137	0.089	1	phagocytes	chr1-h1-34117341-34118243
0.00599636389013238	0.745470750090345	0.112	0.07	1	phagocytes	chr4-h1-54655233-54656097
0.0086178101921391	0.589928757979924	0.161	0.113	1	phagocytes	chr1-h1-2590602-2591497
0.0000000000000000000000000000000000000000000000000000000000000000000000000000000216473437338641	6.56882812011243	0.129	0.001	0.000000000000000000000000000000000000000000000000000000000000000000000000000790496051129515	basal/goblet	chr1-h1-81969413-81970425
0.0000000000000000000000000000000000000000000000000000000000000000000000000000000268975189823585	4.88786491418728	0.187	0.007	0.000000000000000000000000000000000000000000000000000000000000000000000000000982216700678787	basal/goblet	chr1-h1-165776532-165777468
0.00000000000000000000000000000000000000000000000000000000000000000000000875970749123735	6.46640370814979	0.117	0.001	0.000000000000000000000000000000000000000000000000000000000000000000319878238457514	basal/goblet	chr2-h1-81923071-81923902
0.0000000000000000000000000000000000000000000000000000000000000000000000114296562351249	6.33043240438249	0.117	0.001	0.000000000000000000000000000000000000000000000000000000000000000000417376756738055	basal/goblet	chr2-h1-125376387-125377130
0.0000000000000000000000000000000000000000000000000000000000000000031733264726109	5.03638897051455	0.146	0.005	0.000000000000000000000000000000000000000000000000000000000000115880362800332	basal/goblet	chr1-h1-266499977-266500953
0.000000000000000000000000000000000000000000000000000000000000000164071723134232	6.02596178060536	0.111	0.002	0.00000000000000000000000000000000000000000000000000000000000599140711369275	basal/goblet	chr1-h1-198515794-198516734
0.0000000000000000000000000000000000000000000000000000000000000265651793991182	4.90608767753834	0.14	0.005	0.0000000000000000000000000000000000000000000000000000000009700806561176	basal/goblet	chr3-h1-74657286-74658195
0.0000000000000000000000000000000000000000000000000000000000000666872841459177	4.10742669168712	0.193	0.011	0.00000000000000000000000000000000000000000000000000000000243521955515648	basal/goblet	chr3-h1-23074309-23075210
0.000000000000000000000000000000000000000000000000000000000000751238973304187	4.90121947652146	0.14	0.005	0.000000000000000000000000000000000000000000000000000000027432993588149	basal/goblet	chr2-h1-13107140-13108042
0.0000000000000000000000000000000000000000000000000000000000237002919458405	5.66035366049071	0.111	0.002	0.000000000000000000000000000000000000000000000000000000865463560986259	basal/goblet	chr1-h1-56866057-56867107
0.00000000000000000000000000000000000000000000000000000000597860184585039	4.759606780475	0.135	0.005	0.000000000000000000000000000000000000000000000000000218320603604919	basal/goblet	chr2-h1-48122175-48123087
0.0000000000000000000000000000000000000000000000000000000141486434287375	5.0648591158601	0.123	0.004	0.000000000000000000000000000000000000000000000000000516666012087208	basal/goblet	chr3-h1-28854982-28855865
0.0000000000000000000000000000000000000000000000000000000240693705463128	4.48491486151787	0.152	0.007	0.000000000000000000000000000000000000000000000000000878941204239705	basal/goblet	chr1-h1-202477216-202478096
0.00000000000000000000000000000000000000000000000000000178811418737623	4.17796327451186	0.164	0.009	0.0000000000000000000000000000000000000000000000000652965657804177	basal/goblet	chr3-h1-117781054-117781941
0.000000000000000000000000000000000000000000000000000011151294514614	4.81193035523129	0.129	0.005	0.00000000000000000000000000000000000000000000000040721182179016	basal/goblet	chr1-h1-55775812-55776758
0.000000000000000000000000000000000000000000000000000428004756175621	3.48880926849658	0.216	0.019	0.0000000000000000000000000000000000000000000000156294496812651	basal/goblet	chr4-h1-41638938-41639855
0.000000000000000000000000000000000000000000000193946901194141	3.7301018346556	0.17	0.013	0.00000000000000000000000000000000000000000708235899090645	basal/goblet	chr2-h1-258459451-258460421
0.00000000000000000000000000000000000000000000069575894815261	3.72872554052725	0.17	0.013	0.0000000000000000000000000000000000000000254070295096889	basal/goblet	chr3-h1-54988128-54989009
0.00000000000000000000000000000000000000000000204217625734098	4.02787490388932	0.146	0.009	0.0000000000000000000000000000000000000000745741503893206	basal/goblet	chr1-h1-81051815-81052696
0.00000000000000000000000000000000000000000171750517134596	4.37008570165223	0.117	0.006	0.0000000000000000000000000000000000000627181363420403	basal/goblet	chr2-h1-166395250-166396242
0.0000000000000000000000000000000000000000244894601030807	4.30252509211422	0.117	0.006	0.000000000000000000000000000000000000894281614584198	basal/goblet	chr2-h1-199592148-199593086
0.0000000000000000000000000000000000000000775677840085288	3.7161041593366	0.152	0.012	0.00000000000000000000000000000000000283254276863945	basal/goblet	chr2-h1-219636994-219638056
0.000000000000000000000000000000000000000114686377336021	3.51127051835079	0.17	0.015	0.00000000000000000000000000000000000418800244117948	basal/goblet	chr1-h1-63491044-63491896
0.000000000000000000000000000000000000000156472795707332	4.40203852717059	0.111	0.005	0.00000000000000000000000000000000000571391708084466	basal/goblet	chr3-h1-105039924-105040950
0.00000000000000000000000000000000000202723998267203	3.24844727193194	0.175	0.019	0.0000000000000000000000000000000740287224472346	basal/goblet	chr2-h1-50162107-50163096
0.0000000000000000000000000000000000161098065993101	3.58983755950497	0.14	0.012	0.000000000000000000000000000000588281807587007	basal/goblet	chr2-h1-175551337-175552579
0.00000000000000000000000000000000359946556583985	3.65173848097439	0.129	0.011	0.000000000000000000000000000131441684067774	basal/goblet	chr3-h1-92283020-92283902
0.000000000000000000000000000000286222926972891	3.90782961872653	0.105	0.007	0.0000000000000000000000000104520026242691	basal/goblet	chr3-h1-31553966-31554854
0.00000000000000000000000000184219101992231	3.15057119895909	0.14	0.016	0.0000000000000000000000672712894745031	basal/goblet	chr1-h1-35817141-35818131
0.00000000000000000000000000537616233960311	3.15175886858267	0.135	0.015	0.000000000000000000000196321320155287	basal/goblet	chr3-h1-103789580-103790797
0.00000000000000000000000000616419386505685	2.59055678958131	0.205	0.035	0.000000000000000000000225097867370281	basal/goblet	chr1-h1-71997654-71998559
0.0000000000000000000000000127177658131561	3.31399781097885	0.123	0.013	0.000000000000000000000464414654199022	basal/goblet	chr1-h1-321544823-321545794
0.000000000000000000000000113807764421438	3.28415783681742	0.117	0.012	0.00000000000000000000415591813337766	basal/goblet	chr1-h1-120556260-120557128
0.00000000000000000000000196376475822913	2.38542519577048	0.216	0.042	0.000000000000000000071710797676253	basal/goblet	chr3-h1-104919198-104920150
0.00000000000000000000000299039849461484	3.09784009758098	0.129	0.015	0.00000000000000000010920038182785	basal/goblet	chr3-h1-58267114-58267990
0.00000000000000000000000347697243552865	3.13076471744959	0.123	0.014	0.0000000000000000001269686024282	basal/goblet	chr1-h1-16116315-16117182
0.00000000000000000000000373150105859286	3.06501193296012	0.129	0.015	0.000000000000000000136263224156635	basal/goblet	chr1-h1-302673822-302674906
0.00000000000000000000000677311621316251	2.72263398261652	0.164	0.026	0.000000000000000000247333884756055	basal/goblet	chr1-h1-223715339-223716227
0.000000000000000000000023470012634507	3.14736011661309	0.117	0.013	0.000000000000000000857054451374292	basal/goblet	chr3-h1-106462620-106463544
0.000000000000000000000194476625977747	2.54827654344052	0.175	0.031	0.00000000000000000710170295082938	basal/goblet	chr1-h1-63486295-63487209
0.0000000000000000000003280907096397	2.32523819257815	0.205	0.041	0.0000000000000000119808884439129	basal/goblet	chr2-h1-213545795-213546635
0.00000000000000000000483302495487972	3.01675743271627	0.117	0.015	0.000000000000000176487572277343	basal/goblet	chr4-h1-3942542-3943325
0.00000000000000000000612184147901671	3.07788819962074	0.111	0.013	0.000000000000000223551285289253	basal/goblet	chr2-h1-27598877-27599762
0.0000000000000000000400305799187771	1.56890656005527	0.374	0.129	0.00000000000000146179668689398	basal/goblet	chr1-h1-332829478-332830436
0.0000000000000000000401686097230825	2.15460423309199	0.216	0.05	0.0000000000000014668371212578	basal/goblet	chr4-h1-38229212-38230262
0.0000000000000000000551554127693532	2.1158741750797	0.222	0.053	0.00000000000000201411020809847	basal/goblet	chr3-h1-92872300-92873059
0.0000000000000000000636139920842419	2.11090390615731	0.216	0.049	0.00000000000000232299214894026	basal/goblet	chr1-h1-59231655-59232526
0.000000000000000000355399814810268	2.73038333513083	0.129	0.02	0.0000000000000129781350374266	basal/goblet	chr2-h1-130377851-130378756
0.00000000000000000293391003409635	2.28936094894467	0.17	0.034	0.000000000000107137592715096	basal/goblet	chr3-h1-25478661-25479569
0.00000000000000000632714279909889	1.86548272889777	0.251	0.071	0.000000000000231048273594694	basal/goblet	chr1-h1-339155183-339156071
0.0000000000000000232105643671766	1.89839193069997	0.234	0.064	0.000000000000847580178996187	basal/goblet	chr2-h1-226780149-226781044
0.000000000000000028938488696832	2.63935420186454	0.123	0.02	0.00000000000105674679174221	basal/goblet	chr2-h1-8810631-8811437
0.00000000000000005400943927913	2.0106411618483	0.211	0.054	0.00000000000197226269415599	basal/goblet	chr3-h1-121804173-121805065
0.00000000000000009128819994712	2.50515348114992	0.135	0.025	0.00000000000333357119746898	basal/goblet	chr2-h1-138921348-138922163
0.000000000000000152789702591679	2.7677587518291	0.105	0.015	0.00000000000557942156954036	basal/goblet	chr1-h1-201391792-201392644
0.000000000000000286675363951236	2.76193225413704	0.105	0.016	0.0000000000104685242654073	basal/goblet	chr1-h1-194179107-194179849
0.00000000000000113527404135176	2.14206148923371	0.17	0.04	0.0000000000414568021680421	basal/goblet	chr4-h1-53514648-53515535
0.00000000000000113738775361865	2.28708693839654	0.146	0.03	0.0000000000415339885988921	basal/goblet	chr2-h1-112120417-112121307
0.00000000000000135915115953007	1.56278573346243	0.298	0.104	0.0000000000496321228925595	basal/goblet	chr2-h1-67403955-67404869
0.0000000000000016347471969778	2.61754491121358	0.111	0.018	0.0000000000596960633920382	basal/goblet	chr1-h1-330385187-330386097
0.00000000000000355288324879965	2.00868964356039	0.181	0.045	0.000000000129740637596417	basal/goblet	chr2-h1-53035082-53036065
0.00000000000000750523327553418	2.71013279142249	0.105	0.017	0.000000000274068603522682	basal/goblet	chr3-h1-115916366-115917044
0.0000000000000123986400031161	2.4250335094408	0.123	0.024	0.000000000452761136993789	basal/goblet	chr3-h1-25476745-25477680
0.000000000000023965327400854	2.51202749391274	0.111	0.02	0.000000000875141860696986	basal/goblet	chr3-h1-130520102-130520986
0.000000000000025463507790925	2.02369908919523	0.17	0.042	0.000000000929850914001208	basal/goblet	chr1-h1-256998868-256999905
0.0000000000000359306424675941	2.36493076606848	0.123	0.024	0.00000000131207927098913	basal/goblet	chr1-h1-90861371-90862278
0.0000000000000706192638813705	2.44822392891784	0.111	0.02	0.00000000257880365915601	basal/goblet	chr2-h1-155056115-155057074
0.000000000000143218047464119	2.35203312584396	0.123	0.025	0.00000000522989343924725	basal/goblet	chr3-h1-108351902-108352673
0.000000000000193695841908861	1.83252463278442	0.193	0.056	0.00000000707319105898587	basal/goblet	chr2-h1-206037590-206038425
0.00000000000127465988279577	1.95911866843543	0.158	0.041	0.0000000465467549400531	basal/goblet	chr1-h1-29257651-29258564
0.0000000000022419255281945	1.74315337713785	0.193	0.058	0.0000000818683945130785	basal/goblet	chr1-h1-74935055-74935927
0.00000000000227360196292531	2.36300059104639	0.111	0.023	0.0000000830251228801434	basal/goblet	chr1-h1-68419400-68420205
0.0000000000144843119188062	1.94517331201664	0.146	0.038	0.000000528923618339046	basal/goblet	chr4-h1-303079-304082
0.0000000000154515318475541	1.74998860925201	0.175	0.052	0.000000564243588477131	basal/goblet	chr3-h1-102524599-102525691
0.0000000000202698663868219	1.82169931872305	0.164	0.047	0.000000740194710847576	basal/goblet	chr1-h1-225839992-225840863
0.0000000000591504121409691	1.04789871492691	0.398	0.201	0.00000215999560015177	basal/goblet	chr2-h1-56539593-56540521
0.0000000000672381309286078	1.97069206422801	0.135	0.035	0.00000245533482711997	basal/goblet	chr1-h1-165311716-165312614
0.000000000113890945005048	1.46737453596825	0.222	0.079	0.00000415895563874935	basal/goblet	chr2-h1-100643232-100644182
0.000000000207183717966295	2.14475511237871	0.105	0.024	0.00000756572782897518	basal/goblet	chr2-h1-145070993-145072041
0.000000000238960848123113	1.36483097085173	0.246	0.094	0.00000872613329091171	basal/goblet	chr1-h1-293643734-293644645
0.000000000308434499753622	2.09705820655252	0.111	0.027	0.000011263102627503	basal/goblet	chr2-h1-181912481-181913349
0.000000000430727234011564	1.59807259740697	0.181	0.06	0.0000157288664044003	basal/goblet	chr1-h1-223879520-223880414
0.000000000947811628395306	1.76297837988096	0.146	0.044	0.0000346112372341114	basal/goblet	chr2-h1-63701671-63702689
0.00000000194876938382021	1.99487532095444	0.111	0.028	0.0000711632115889628	basal/goblet	chr2-h1-194768695-194769609
0.00000000392469242326541	1.70820258085794	0.146	0.046	0.000143317993220383	basal/goblet	chr2-h1-264699465-264700374
0.00000000441522959932216	1.37527292183349	0.211	0.081	0.000161230939278447	basal/goblet	chr1-h1-284347988-284348932
0.00000000539389847337549	1.97233867721414	0.105	0.027	0.000196968990552253	basal/goblet	chr2-h1-71922822-71923823
0.00000000645725343630459	1.35003860378214	0.216	0.086	0.000235799523733535	basal/goblet	chr1-h1-34117341-34118243
0.00000000813294853951578	1.59421956566213	0.158	0.053	0.000296990881817498	basal/goblet	chr1-h1-260198847-260199785
0.00000000909963147201752	1.95725689789555	0.105	0.028	0.000332291242463664	basal/goblet	chr1-h1-34337508-34338524
0.00000000949198294727728	1.37330712007717	0.211	0.085	0.000346618741285724	basal/goblet	chr2-h1-197137548-197138476
0.0000000100881522207958	1.76574813074249	0.129	0.038	0.000368389054646802	basal/goblet	chr2-h1-160508915-160509861
0.0000000130707228893883	1.41071338661458	0.193	0.074	0.000477303587751792	basal/goblet	chr1-h1-329167136-329168036
0.000000014077003745202	1.51814205795701	0.17	0.061	0.000514049945763543	basal/goblet	chr1-h1-294687603-294688449
0.0000000307149054400183	1.03092681414657	0.316	0.155	0.00112161620195315	basal/goblet	chr3-h1-128618803-128619706
0.0000000389586323518591	1.69822606225481	0.129	0.04	0.00142265237759284	basal/goblet	chr1-h1-69510237-69511180
0.0000000398080447135109	1.88761409508999	0.105	0.029	0.00145367036880328	basal/goblet	chr1-h1-245324145-245325028
0.000000089991957738649	1.49494392246781	0.152	0.054	0.00328623632074224	basal/goblet	chr4-h1-22778513-22779557
0.000000105184411382054	1.55571518194748	0.14	0.048	0.00384101915043847	basal/goblet	chr1-h1-223438243-223439155
0.0000001177933111757	1.71616569378589	0.117	0.036	0.00430145834420304	basal/goblet	chr1-h1-43167295-43168325
0.000000169164306809216	1.77033390765075	0.105	0.031	0.00617737299175214	basal/goblet	chr3-h1-131717846-131718859
0.000000175095521372607	1.52449245474575	0.14	0.048	0.00639396315396349	basal/goblet	chr1-h1-260266507-260267411
0.000000193189253567498	1.3357896944196	0.181	0.073	0.00705469197252433	basal/goblet	chr2-h1-54453387-54454415
0.000000199497118025358	0.925294968548298	0.333	0.18	0.007285036258932	basal/goblet	chr4-h1-55229808-55230696
0.000000227747995194401	1.60578916335334	0.123	0.04	0.00831667354051393	basal/goblet	chr2-h1-224240464-224241331
0.000000238479253300755	1.4358429693733	0.158	0.06	0.00870854689278366	basal/goblet	chr1-h1-225539058-225539526
0.000000248051578899428	1.52144583733929	0.14	0.05	0.00905809950667042	basal/goblet	chr2-h1-172045018-172046009
0.000000258504989401725	1.69959944843317	0.111	0.034	0.00943982669798278	basal/goblet	chr4-h1-47301487-47302498
0.000000266750717702633	1.3733395301939	0.17	0.067	0.00974093595834706	basal/goblet	chr2-h1-208066930-208067848
0.000000281901315134056	1.43853143472208	0.152	0.056	0.0102941903247503	basal/goblet	chr3-h1-107855481-107856304
0.000000290721139826568	1.49725612432668	0.146	0.054	0.0106162638630468	basal/goblet	chr3-h1-71517092-71518000
0.000000313611445328858	1.50472169252931	0.14	0.05	0.0114521491490739	basal/goblet	chr1-h1-40594739-40595472
0.000000569550124317988	1.10340848948541	0.234	0.111	0.02079826188972	basal/goblet	chr1-h1-2590602-2591497
0.000000595347054425332	1.71081609219129	0.105	0.033	0.0217402883864499	basal/goblet	chr1-h1-75785063-75785971
0.000000697421364966198	1.57898260329431	0.123	0.042	0.0254677359844706	basal/goblet	chr2-h1-4676779-4677668
0.000000701673445171414	1.16283527812996	0.211	0.094	0.0256230091973245	basal/goblet	chr1-h1-73446069-73446984
0.000000724522329269232	1.07566952464909	0.24	0.114	0.0264573818979245	basal/goblet	chr3-h1-90012178-90013305
0.000000912324954714684	1.50651136601384	0.129	0.046	0.0333153703713161	basal/goblet	chr4-h1-14238952-14239856
0.00000127409353054063	1.38513996902282	0.152	0.061	0.0465260734547523	basal/goblet	chr1-h1-194583585-194584469
0.00000140375197041797	0.706901583680491	0.427	0.267	0.0512608107037531	basal/goblet	chr1-h1-271564926-271565852
0.00000276262042989877	1.50787559973485	0.117	0.041	0.100882610238614	basal/goblet	chr1-h1-220572839-220573700
0.00000326201592638256	1.43354441779288	0.135	0.052	0.119119035583712	basal/goblet	chr4-h1-103521-104380
0.00000401535503688576	0.965551984931728	0.251	0.13	0.146628719881957	basal/goblet	chr4-h1-11618531-11619439
0.00000458020274148849	1.3196523514753	0.146	0.059	0.167255263510935	basal/goblet	chr1-h1-67845807-67846711
0.00000463116383073371	1.25904512945877	0.158	0.067	0.169116209606903	basal/goblet	chr2-h1-215494955-215495859
0.00000527356739531299	1.21644525672114	0.17	0.075	0.192574860574645	basal/goblet	chr2-h1-129370066-129370979
0.00000590668204987686	1.21657271191643	0.17	0.075	0.215694308415353	basal/goblet	chr2-h1-179192629-179193519
0.00000648226257809888	1.38106214891513	0.129	0.05	0.236712782564437	basal/goblet	chr1-h1-135876434-135877496
0.00000730357815985089	1.31720959233905	0.14	0.057	0.266704763663275	basal/goblet	chr3-h1-7437164-7438100
0.00000835690471468793	1.31319174582771	0.146	0.062	0.305169089466259	basal/goblet	chr3-h1-94025692-94026579
0.00000996799519499704	1.27460003594171	0.146	0.061	0.364001280535707	basal/goblet	chr2-h1-151561272-151562146
0.0000131895353738529	1.32157554347189	0.129	0.05	0.481642263246985	basal/goblet	chr2-h1-209120729-209121617
0.0000139984534104966	1.29594840419068	0.135	0.054	0.511181523191103	basal/goblet	chr1-h1-328022571-328023473
0.0000230388054934374	1.0429121519007	0.193	0.095	0.841308060203852	basal/goblet	chr1-h1-332347102-332347991
0.0000302816523572079	1.20571550820853	0.146	0.064	1	basal/goblet	chr3-h1-134047-134850
0.0000450980147362969	1.02741310496888	0.181	0.089	1	basal/goblet	chr1-h1-77893996-77894877
0.0000494973501139408	0.837165252194769	0.263	0.151	1	basal/goblet	chr1-h1-124866203-124867124
0.0000540816489046005	1.13860651311815	0.152	0.07	1	basal/goblet	chr2-h1-81127364-81128335
0.0000577824886696894	0.964993193423232	0.199	0.101	1	basal/goblet	chr1-h1-324762160-324763068
0.0000642368184286807	1.26506271781499	0.123	0.052	1	basal/goblet	chr2-h1-173780782-173781670
0.000064373842924576	0.668387828151263	0.368	0.231	1	basal/goblet	chr4-h1-52167898-52168808
0.000068014398975326	1.38247002964221	0.105	0.042	1	basal/goblet	chr2-h1-40957667-40958573
0.0000703628651198687	1.19932198558066	0.14	0.064	1	basal/goblet	chr2-h1-41416500-41417431
0.0000947389919353445	0.962089741553945	0.187	0.095	1	basal/goblet	chr4-h1-11517715-11518625
0.000101414039923528	0.939004598596881	0.199	0.105	1	basal/goblet	chr3-h1-132552288-132553190
0.000112696224292464	0.768615011301395	0.275	0.165	1	basal/goblet	chr3-h1-8294100-8295077
0.000119627335198982	1.29483718378672	0.111	0.046	1	basal/goblet	chr1-h1-99000639-99001531
0.000132465701058018	1.27204902591744	0.111	0.046	1	basal/goblet	chr2-h1-172902776-172903640
0.000274236294659935	0.851647708780403	0.205	0.112	1	basal/goblet	chr3-h1-94305556-94306451
0.000300820325040225	0.5846817284305	0.368	0.257	1	basal/goblet	chr1-h1-137954244-137955174
0.000306380213769404	1.15668406000301	0.117	0.052	1	basal/goblet	chr1-h1-31250570-31251485
0.000409521429646393	0.742570444280586	0.251	0.148	1	basal/goblet	chr2-h1-95985751-95986679
0.000416710676708731	1.08648565348213	0.129	0.061	1	basal/goblet	chr1-h1-287234784-287235690
0.000499380753119872	1.12915677426904	0.117	0.054	1	basal/goblet	chr2-h1-4671705-4672587
0.000522934316751508	0.924228591864292	0.17	0.091	1	basal/goblet	chr1-h1-41429996-41430910
0.000539611453483441	1.09996482960549	0.123	0.058	1	basal/goblet	chr1-h1-245628935-245630114
0.000578816485071563	0.866327391166963	0.181	0.098	1	basal/goblet	h1tg000489l-12871-13758
0.000741145045851463	1.08469635328758	0.117	0.055	1	basal/goblet	chr1-h1-194763806-194764712
0.00078859030790904	1.07813328957533	0.123	0.06	1	basal/goblet	chr1-h1-53537696-53538595
0.000821345695798389	0.579960310126292	0.339	0.23	1	basal/goblet	chr1-h1-192272261-192273216
0.000964898388010503	1.0983964808373	0.105	0.048	1	basal/goblet	chr1-h1-150072915-150073767
0.00112561280791212	0.771349844212234	0.205	0.124	1	basal/goblet	chr2-h1-71975051-71975929
0.00122125615536691	0.639062731799471	0.275	0.185	1	basal/goblet	chr2-h1-267815856-267816743
0.00166542753957719	0.913920084259302	0.14	0.074	1	basal/goblet	chr3-h1-115917542-115918444
0.00271734690885074	1.03478074106684	0.105	0.053	1	basal/goblet	chr1-h1-225534995-225535877
0.00289142438132039	0.795962680877336	0.164	0.095	1	basal/goblet	chr1-h1-73451106-73452023
0.0041714717846872	0.95475882596219	0.105	0.053	1	basal/goblet	chr1-h1-155906498-155907389
0.00435858519314627	0.937124907822067	0.105	0.053	1	basal/goblet	chr2-h1-237349882-237350791
0.0044365883043457	0.970528217253631	0.105	0.054	1	basal/goblet	chr2-h1-266304372-266305295
0.0044762128560938	0.700481337752623	0.181	0.11	1	basal/goblet	chr2-h1-21731998-21732858
0.00458964184557004	0.915220103203731	0.129	0.074	1	basal/goblet	chr2-h1-2963366-2964144
0.00472721637349918	0.891514795516834	0.117	0.062	1	basal/goblet	chr4-h1-54767965-54768948
0.00480673180873848	0.936351419399059	0.117	0.064	1	basal/goblet	chr2-h1-214710017-214711042
0.00510685104542893	0.906391572329578	0.111	0.058	1	basal/goblet	chr2-h1-141545228-141546116
0.00617284816337457	0.913163381235809	0.105	0.054	1	basal/goblet	chr2-h1-260539546-260540454
0.00624020662372816	0.739443722545835	0.158	0.094	1	basal/goblet	chr1-h1-218171606-218172507
0.00658201502248258	0.829229652356695	0.129	0.073	1	basal/goblet	chr3-h1-65711038-65711949
0.00664154647810678	0.902145976114532	0.111	0.06	1	basal/goblet	chr3-h1-112611903-112612813
0.00714780607681411	0.778157125617905	0.146	0.087	1	basal/goblet	chr4-h1-3906039-3906942
0.00758530240026334	0.852886870602701	0.123	0.07	1	basal/goblet	chr1-h1-212448575-212449488
0.0076077689726819	0.658544601476924	0.193	0.124	1	basal/goblet	chr4-h1-8636252-8637167
0.00779814309864793	0.885692558509398	0.105	0.056	1	basal/goblet	chr2-h1-91609867-91610768
0.00873089738926329	0.846902953270473	0.117	0.065	1	basal/goblet	chr1-h1-244667543-244668482
0.00910818885284743	0.904815242522123	0.105	0.058	1	basal/goblet	chr3-h1-189844-190737
0.00985714482123926	0.888523277705762	0.105	0.058	1	basal/goblet	chr3-h1-94642017-94642911
0.00000000000000000000000000000000000000000000000000000000000000000000000000000000000000000000000000000000000000000000000000000000000000000000000112571410358427	5.06281681499892	0.253	0.008	0.0000000000000000000000000000000000000000000000000000000000000000000000000000000000000000000000000000000000000000000000000000000000000000000411077019205867	muscle	chr2-h1-12978324-12979276
0.00000000000000000000000000000000000000000000000000000000000000000000000000000000000000000000000000000000000000000000000178483934219462	4.31571559847832	0.244	0.013	0.0000000000000000000000000000000000000000000000000000000000000000000000000000000000000000000000000000000000000000000651769782589208	muscle	chr1-h1-52089782-52090747
0.000000000000000000000000000000000000000000000000000000000000000000000000000000000000000000000000000000000000203390785833368	4.96671465399577	0.195	0.006	0.0000000000000000000000000000000000000000000000000000000000000000000000000000000000000000000000000000000074272213262771	muscle	chr3-h1-7270681-7271710
0.00000000000000000000000000000000000000000000000000000000000000000000000000000000000000000000000000000000000168783479812431	5.96335241757024	0.172	0.003	0.0000000000000000000000000000000000000000000000000000000000000000000000000000000000000000000000000000000616346633231056	muscle	chr1-h1-261922959-261923855
0.0000000000000000000000000000000000000000000000000000000000000000000000000000000000000000000000000000000339410799239245	5.14040382017344	0.18	0.005	0.00000000000000000000000000000000000000000000000000000000000000000000000000000000000000000000000000123942641558195	muscle	chr1-h1-113840624-113841542
0.000000000000000000000000000000000000000000000000000000000000000000000000000000000000000000000000583621198560514	5.10600291238488	0.17	0.005	0.0000000000000000000000000000000000000000000000000000000000000000000000000000000000000000000213120953078343	muscle	chr1-h1-287152739-287153759
0.00000000000000000000000000000000000000000000000000000000000000000000000000000000000000000000000252801443541941	4.23859577270373	0.2	0.011	0.0000000000000000000000000000000000000000000000000000000000000000000000000000000000000000000923155031382108	muscle	chr1-h1-76818030-76819121
0.000000000000000000000000000000000000000000000000000000000000000000000000000000000000126362192778714	4.47058634469179	0.168	0.008	0.00000000000000000000000000000000000000000000000000000000000000000000000000000000461436819370029	muscle	chr3-h1-108598744-108599811
0.00000000000000000000000000000000000000000000000000000000000000000000000000000000127259127456261	4.37267821485112	0.163	0.008	0.0000000000000000000000000000000000000000000000000000000000000000000000000000464712155732027	muscle	chr4-h1-4829805-4830848
0.000000000000000000000000000000000000000000000000000000000000000000000000000462988745390374	5.14799176478836	0.134	0.004	0.0000000000000000000000000000000000000000000000000000000000000000000000169069600154203	muscle	chr1-h1-620695-621621
0.0000000000000000000000000000000000000000000000000000000000000000000000000011940340648535	5.31700976383196	0.13	0.003	0.0000000000000000000000000000000000000000000000000000000000000000000000436025419462552	muscle	chr4-h1-53803299-53804256
0.00000000000000000000000000000000000000000000000000000000000000000000000000236630389855553	5.32755219254363	0.127	0.003	0.0000000000000000000000000000000000000000000000000000000000000000000000864103194635522	muscle	chr4-h1-868563-869490
0.0000000000000000000000000000000000000000000000000000000000000000000000000093066650062473	3.58959354629928	0.189	0.016	0.000000000000000000000000000000000000000000000000000000000000000000000339851486033133	muscle	chr2-h1-221128045-221128924
0.000000000000000000000000000000000000000000000000000000000000000000000000057713487765416	5.69671609388823	0.121	0.003	0.0000000000000000000000000000000000000000000000000000000000000000000021075234327297	muscle	chr2-h1-227863459-227864334
0.000000000000000000000000000000000000000000000000000000000000000000000000155677593910888	4.32556114183599	0.151	0.008	0.00000000000000000000000000000000000000000000000000000000000000000000568487869684391	muscle	chr2-h1-89086421-89087402
0.000000000000000000000000000000000000000000000000000000000000000000000000198702405027215	4.29662624582543	0.151	0.008	0.00000000000000000000000000000000000000000000000000000000000000000000725601572437881	muscle	chr1-h1-77222042-77222945
0.00000000000000000000000000000000000000000000000000000000000000000000000219451065898591	5.28427912924124	0.123	0.003	0.0000000000000000000000000000000000000000000000000000000000000000000801369457341884	muscle	chr2-h1-86483890-86484875
0.00000000000000000000000000000000000000000000000000000000000000000000000285993841022711	4.20930870218235	0.151	0.008	0.000000000000000000000000000000000000000000000000000000000000000000104436370926263	muscle	chr3-h1-112561581-112562590
0.0000000000000000000000000000000000000000000000000000000000000000000000837394165054434	4.37020974683739	0.142	0.007	0.00000000000000000000000000000000000000000000000000000000000000000305791227252928	muscle	chr3-h1-128281968-128282967
0.000000000000000000000000000000000000000000000000000000000000000000000419425290602613	4.42507958595749	0.138	0.006	0.0000000000000000000000000000000000000000000000000000000000000000153161533369356	muscle	chr1-h1-330503535-330504426
0.000000000000000000000000000000000000000000000000000000000000000000000547610231993343	5.00315494801839	0.125	0.004	0.0000000000000000000000000000000000000000000000000000000000000000199970828417009	muscle	chr4-h1-33091119-33092000
0.000000000000000000000000000000000000000000000000000000000000000000000762189957435281	4.93804663711269	0.125	0.004	0.0000000000000000000000000000000000000000000000000000000000000000278328906756642	muscle	chr1-h1-150808618-150810108
0.0000000000000000000000000000000000000000000000000000000000000000000007797299591369	5.06171451067272	0.123	0.004	0.0000000000000000000000000000000000000000000000000000000000000000284733989178022	muscle	chr3-h1-128886061-128887164
0.00000000000000000000000000000000000000000000000000000000000000000000794277002390416	4.74364813127348	0.127	0.005	0.000000000000000000000000000000000000000000000000000000000000000290046132962908	muscle	chr2-h1-223542721-223543805
0.00000000000000000000000000000000000000000000000000000000000000000247861749581835	5.25417184712202	0.113	0.003	0.0000000000000000000000000000000000000000000000000000000000000905116750947985	muscle	chr2-h1-18969096-18969962
0.00000000000000000000000000000000000000000000000000000000000000000465803707718324	3.92999853100192	0.149	0.01	0.0000000000000000000000000000000000000000000000000000000000001700975399475	muscle	chr1-h1-12506331-12507236
0.0000000000000000000000000000000000000000000000000000000000000000143999294123851	2.7087401189235	0.244	0.037	0.000000000000000000000000000000000000000000000000000000000000525842222352067	muscle	chr3-h1-95353923-95354919
0.000000000000000000000000000000000000000000000000000000000000000064977227286593	6.02885753500103	0.102	0.002	0.00000000000000000000000000000000000000000000000000000000000237277340882452	muscle	chr2-h1-229808174-229809066
0.00000000000000000000000000000000000000000000000000000000000000006693936853622	4.04381455323271	0.142	0.009	0.00000000000000000000000000000000000000000000000000000000000244442492083715	muscle	chr1-h1-86518884-86519781
0.000000000000000000000000000000000000000000000000000000000000000188741547794764	4.8263895252679	0.119	0.004	0.0000000000000000000000000000000000000000000000000000000000068922751008214	muscle	chr4-h1-7275751-7276610
0.000000000000000000000000000000000000000000000000000000000000000736979577412939	4.93092500536245	0.115	0.004	0.0000000000000000000000000000000000000000000000000000000000269122832283883	muscle	chr1-h1-193470964-193471833
0.00000000000000000000000000000000000000000000000000000000000000209960942106253	5.24792148834371	0.108	0.003	0.0000000000000000000000000000000000000000000000000000000000766714372289404	muscle	chr2-h1-74652230-74653219
0.0000000000000000000000000000000000000000000000000000000000000298861345347838	3.43399001817479	0.168	0.016	0.0000000000000000000000000000000000000000000000000000000010913519748067	muscle	chr1-h1-331875468-331876360
0.0000000000000000000000000000000000000000000000000000000000000376543629227958	5.33053487184756	0.106	0.003	0.00000000000000000000000000000000000000000000000000000000137502437085173	muscle	chr1-h1-80416955-80417864
0.000000000000000000000000000000000000000000000000000000000000561765174804877	4.37724512715692	0.121	0.006	0.0000000000000000000000000000000000000000000000000000000205139788883497	muscle	chr1-h1-116428182-116429085
0.00000000000000000000000000000000000000000000000000000000000155057209338495	5.40130536934154	0.102	0.003	0.0000000000000000000000000000000000000000000000000000000566222411341381	muscle	chr2-h1-184645347-184646250
0.00000000000000000000000000000000000000000000000000000000000388276734205742	3.37469757519426	0.166	0.016	0.000000000000000000000000000000000000000000000000000000141787015029911	muscle	chr2-h1-268765387-268766223
0.0000000000000000000000000000000000000000000000000000000000592042570216781	4.62702148294494	0.113	0.005	0.00000000000000000000000000000000000000000000000000000216196185366062	muscle	chr1-h1-186881543-186882472
0.000000000000000000000000000000000000000000000000000000000269585540169318	4.91312703742982	0.106	0.004	0.00000000000000000000000000000000000000000000000000000984445517036299	muscle	chr2-h1-19426344-19427236
0.0000000000000000000000000000000000000000000000000000000016791679703973	4.15335448019514	0.123	0.007	0.0000000000000000000000000000000000000000000000000000613181767749982	muscle	chr2-h1-52186830-52187780
0.000000000000000000000000000000000000000000000000000000523979506207393	3.39973180474457	0.149	0.014	0.0000000000000000000000000000000000000000000000000191341596281754	muscle	chr3-h1-130800901-130801834
0.00000000000000000000000000000000000000000000000000000651642249381506	4.78729069881669	0.1	0.004	0.000000000000000000000000000000000000000000000000237960200206645	muscle	chr4-h1-53966938-53967852
0.00000000000000000000000000000000000000000000000000000884681523960236	2.66908450078529	0.206	0.033	0.000000000000000000000000000000000000000000000000323059152104559	muscle	chr2-h1-231476443-231477491
0.000000000000000000000000000000000000000000000000000203646104645211	4.33298059613081	0.106	0.005	0.00000000000000000000000000000000000000000000000743654480332915	muscle	chr1-h1-77354592-77355509
0.000000000000000000000000000000000000000000000000000391467328578269	3.79230200616083	0.121	0.008	0.0000000000000000000000000000000000000000000000142952124376926	muscle	chr3-h1-46786857-46787747
0.000000000000000000000000000000000000000000000000000430953588548218	4.38749593676277	0.104	0.005	0.0000000000000000000000000000000000000000000000157371321930153	muscle	chr3-h1-7265742-7266691
0.0000000000000000000000000000000000000000000000000021346909817307	1.97298353216996	0.314	0.08	0.0000000000000000000000000000000000000000000000779525105798599	muscle	chr2-h1-100641699-100642685
0.000000000000000000000000000000000000000000000000027821492460657	4.3707015198354	0.1	0.005	0.00000000000000000000000000000000000000000000101595744018581	muscle	chr4-h1-35597240-35598223
0.0000000000000000000000000000000000000000000000000403412844710706	3.46528042034183	0.134	0.013	0.00000000000000000000000000000000000000000000147314268503009	muscle	chr2-h1-26394063-26394993
0.0000000000000000000000000000000000000000000000000569332407855954	2.92250598309281	0.168	0.022	0.00000000000000000000000000000000000000000000207903115376759	muscle	chr1-h1-48104527-48105469
0.000000000000000000000000000000000000000000000000180828148998541	2.73480516446243	0.185	0.029	0.00000000000000000000000000000000000000000000660330151697973	muscle	chr1-h1-262419806-262420730
0.000000000000000000000000000000000000000000000000266090298913023	4.33169137805687	0.1	0.005	0.00000000000000000000000000000000000000000000971681944540687	muscle	chr2-h1-239115088-239115965
0.000000000000000000000000000000000000000000000000290010485742501	4.30227445245569	0.1	0.005	0.0000000000000000000000000000000000000000000105903129078589	muscle	chr2-h1-118179776-118180683
0.00000000000000000000000000000000000000000000000116207366308125	2.93170173822461	0.161	0.021	0.0000000000000000000000000000000000000000000424354439547382	muscle	chr2-h1-186338926-186339782
0.00000000000000000000000000000000000000000000000207239181927292	4.00975129760624	0.106	0.007	0.0000000000000000000000000000000000000000000756775320643892	muscle	chr1-h1-5017578-5018388
0.00000000000000000000000000000000000000000000020922641665731	3.13804953502622	0.14	0.016	0.00000000000000000000000000000000000000000764032105707497	muscle	chr1-h1-216914112-216915050
0.000000000000000000000000000000000000000000000248333167673244	4.11178089760069	0.1	0.006	0.00000000000000000000000000000000000000000906838228392385	muscle	chr3-h1-69545215-69546152
0.000000000000000000000000000000000000000000325954326747741	3.65946682646866	0.108	0.009	0.0000000000000000000000000000000000000119028741498473	muscle	chr1-h1-103819820-103820721
0.000000000000000000000000000000000000000000400430348338508	3.76385442583382	0.102	0.008	0.0000000000000000000000000000000000000146225150302773	muscle	chr1-h1-286422647-286423604
0.00000000000000000000000000000000000000000406313625769284	1.63905346573936	0.348	0.112	0.000000000000000000000000000000000000148373546722169	muscle	chr2-h1-176192508-176193843
0.0000000000000000000000000000000000000000959165257057243	3.42559700479995	0.108	0.01	0.00000000000000000000000000000000000350258376919593	muscle	chr2-h1-197687433-197688392
0.000000000000000000000000000000000000000793417088015892	3.01266980921988	0.125	0.015	0.0000000000000000000000000000000000289732118030763	muscle	chr3-h1-131315988-131316922
0.00000000000000000000000000000000000000694690476845344	3.08626086154583	0.119	0.014	0.000000000000000000000000000000000253680121429614	muscle	chr1-h1-37129539-37130500
0.00000000000000000000000000000000000000827778960118355	2.58024652474633	0.157	0.026	0.00000000000000000000000000000000030228004286642	muscle	chr2-h1-71852784-71853723
0.000000000000000000000000000000000000009378833412979	2.2152477790623	0.202	0.045	0.000000000000000000000000000000000342486859741754	muscle	chr4-h1-54767965-54768948
0.0000000000000000000000000000000000000342095264720174	2.94896166375982	0.127	0.017	0.00000000000000000000000000000000124922927817866	muscle	chr3-h1-86439798-86440722
0.0000000000000000000000000000000000000415729412712084	3.1890552423617	0.115	0.013	0.00000000000000000000000000000000151811909640072	muscle	chr2-h1-211636362-211637289
0.00000000000000000000000000000000000847467596611892	3.26413413638272	0.102	0.011	0.000000000000000000000000000000309469742254765	muscle	chr1-h1-174173225-174174231
0.0000000000000000000000000000000000417286122679302	2.95309851865413	0.119	0.016	0.00000000000000000000000000000152380373418801	muscle	chr1-h1-42300506-42301456
0.000000000000000000000000000000000485245531074772	3.19279984956114	0.1	0.011	0.0000000000000000000000000000177197110582574	muscle	chr1-h1-164753444-164754378
0.00000000000000000000000000000000264399869183753	2.16727968380196	0.176	0.039	0.0000000000000000000000000000965509002298311	muscle	chr4-h1-103521-104380
0.00000000000000000000000000000000268618916895094	2.76689881510839	0.121	0.018	0.0000000000000000000000000000980915698825815	muscle	chr1-h1-183906496-183907409
0.00000000000000000000000000000000365187923949673	2.45315309294977	0.146	0.027	0.000000000000000000000000000133355674188702	muscle	chr1-h1-272938732-272939819
0.00000000000000000000000000000000431492860573977	2.38276971792809	0.151	0.029	0.000000000000000000000000000157568247895799	muscle	chr3-h1-12091541-12092432
0.00000000000000000000000000000000591884284556289	2.789749065994	0.119	0.018	0.00000000000000000000000000021613838419142	muscle	chr4-h1-46102641-46103640
0.0000000000000000000000000000000101561394702126	2.53442756060302	0.136	0.024	0.000000000000000000000000000370871745033755	muscle	chr2-h1-206040796-206041641
0.000000000000000000000000000000031413843396524	3.07386285928989	0.1	0.012	0.00000000000000000000000000114713931931087	muscle	chr3-h1-61409188-61410108
0.00000000000000000000000000000190159650556935	2.13646525717213	0.17	0.04	0.000000000000000000000000069440599593876	muscle	chr2-h1-260539546-260540454
0.0000000000000000000000000000030142600859274	2.38987876825844	0.138	0.026	0.000000000000000000000000110071735557811	muscle	chr3-h1-86444899-86445982
0.00000000000000000000000000000342758173321209	2.04285753259751	0.178	0.044	0.000000000000000000000000125165002151706	muscle	chr3-h1-23146835-23147755
0.0000000000000000000000000000125717665757878	2.32649633770788	0.144	0.03	0.000000000000000000000000459083200048044	muscle	chr2-h1-90204024-90204627
0.0000000000000000000000000000143721384117624	2.11315442853634	0.166	0.039	0.000000000000000000000000524827378382329	muscle	chr1-h1-233411170-233412081
0.0000000000000000000000000000434303440115455	1.99189217985538	0.18	0.046	0.00000000000000000000000158594587226961	muscle	chr1-h1-255333955-255334820
0.0000000000000000000000000000528221314796288	2.35364827325009	0.134	0.026	0.00000000000000000000000192890577524161	muscle	chr3-h1-86936420-86937317
0.000000000000000000000000000399000459473695	2.27271571422843	0.14	0.029	0.0000000000000000000000145702997786009	muscle	chr1-h1-174303179-174304088
0.000000000000000000000000000545581183501177	1.9248282656878	0.185	0.05	0.0000000000000000000000199229880779125	muscle	chr3-h1-132373497-132374410
0.00000000000000000000000000063891186886362	2.41348205019241	0.13	0.026	0.0000000000000000000000233311447152928	muscle	chr2-h1-244635342-244636125
0.000000000000000000000000000708244516059767	2.35340682693076	0.132	0.026	0.0000000000000000000000258629649929545	muscle	chr3-h1-349992-350812
0.000000000000000000000000000756084610456311	2.35104699951148	0.132	0.026	0.0000000000000000000000276099417200331	muscle	chr2-h1-74963933-74964844
0.0000000000000000000000000348505689412836	2.39531409039997	0.121	0.024	0.00000000000000000000127263822602885	muscle	chr2-h1-158558943-158559847
0.000000000000000000000000175243435517499	2.57135324284956	0.104	0.018	0.00000000000000000000639936453479252	muscle	chr3-h1-17188006-17188878
0.0000000000000000000000012345335770614	2.05564807126048	0.142	0.034	0.0000000000000000000450814626335512	muscle	chr2-h1-54256388-54256941
0.00000000000000000000000168349448999204	2.52583151531599	0.1	0.017	0.0000000000000000000614761682910393	muscle	chr2-h1-98412503-98413479
0.00000000000000000000000189401991220695	2.40160426207196	0.11	0.021	0.0000000000000000000691639251340611	muscle	chr3-h1-75397651-75398693
0.000000000000000000000029839156879856	1.93743929188802	0.151	0.04	0.0000000000000000010896364917817	muscle	chr1-h1-40594739-40595472
0.0000000000000000000000344925423342367	2.07648309748207	0.134	0.032	0.00000000000000000125956416841932	muscle	chr1-h1-74511212-74512100
0.000000000000000000000067729850712933	1.3384307263832	0.27	0.106	0.00000000000000000247329095848418	muscle	chr4-h1-6280031-6281303
0.000000000000000000000189729349363678	2.35439695521485	0.104	0.02	0.00000000000000000692834665071345	muscle	chr1-h1-294057775-294058627
0.000000000000000000000304856327713105	1.56748601425534	0.2	0.066	0.0000000000000000111324385190995	muscle	chr2-h1-208966573-208967483
0.000000000000000000000376611423657328	2.05578715085844	0.127	0.03	0.0000000000000000137527193576947	muscle	chr2-h1-109714897-109715802
0.0000000000000000000518879499266891	2.18817859312039	0.104	0.023	0.00000000000000189479226747291	muscle	chr2-h1-266133925-266134826
0.000000000000000000448181441519194	1.72680806333359	0.146	0.044	0.0000000000000163662416999564	muscle	chr2-h1-4671705-4672587
0.000000000000000000757504990473342	2.07863057981054	0.106	0.025	0.000000000000027661809737115	muscle	chr1-h1-123330871-123331780
0.000000000000000000940956276916111	1.54915618641204	0.17	0.056	0.0000000000000343609003641456	muscle	chr2-h1-56545385-56546311
0.00000000000000000151720288950603	1.74615559803168	0.14	0.042	0.0000000000000554036979160918	muscle	chr3-h1-60803662-60804259
0.00000000000000000460934528452617	2.06449406673847	0.102	0.024	0.000000000000168319461755042	muscle	chr3-h1-124315183-124316109
0.00000000000000000468558053380315	2.05739633493778	0.106	0.026	0.00000000000017110334435289	muscle	chr4-h1-39783947-39784768
0.00000000000000000620883435611818	1.33982240035685	0.214	0.087	0.000000000000226728004182368	muscle	chr1-h1-152110439-152111347
0.0000000000000000129444811901216	1.29744152722673	0.219	0.088	0.000000000000472693619619669	muscle	chr4-h1-39824649-39825585
0.0000000000000000256668107577529	1.8135344896079	0.123	0.035	0.000000000000937274928440861	muscle	chr2-h1-2880276-2881387
0.0000000000000000306480185894131	2.00378260153096	0.102	0.025	0.0000000000011191736948296	muscle	chr4-h1-11715354-11716258
0.0000000000000000858508237492097	1.3075500622371	0.204	0.081	0.00000000000313501453084989	muscle	chr4-h1-53940130-53941014
0.000000000000000117473120773415	1.95654542684829	0.104	0.027	0.00000000000428976595128278	muscle	chr2-h1-195492978-195493719
0.000000000000000125657125729753	1.98172251090507	0.102	0.026	0.00000000000458862126027337	muscle	chr1-h1-261949448-261950409
0.000000000000000129389179971437	1.5008860590293	0.163	0.058	0.00000000000472490468501696	muscle	chr2-h1-207449509-207450428
0.000000000000000163949566768681	1.75903293117018	0.121	0.035	0.00000000000598694632969191	muscle	chr1-h1-338955299-338956167
0.000000000000000212818086539159	1.1212419655996	0.259	0.123	0.00000000000777147806615049	muscle	chr3-h1-112582104-112583031
0.000000000000000366418723607192	1.67561842296688	0.132	0.042	0.0000000000133805125299638	muscle	chr2-h1-76257618-76258521
0.000000000000000492586379809977	1.26362692392863	0.21	0.088	0.0000000000179877768315209	muscle	chr3-h1-103211379-103212459
0.00000000000000105125074534024	1.81468799543828	0.11	0.031	0.0000000000383885234675896	muscle	chr2-h1-192236567-192237438
0.00000000000000139802040010677	1.70465295768179	0.121	0.037	0.0000000000510515109506988	muscle	chr1-h1-184185341-184186236
0.00000000000000201968863129244	1.91398183529376	0.1	0.027	0.0000000000737529697489061	muscle	chr4-h1-54995106-54996016
0.0000000000000142314346392094	1.41564146487964	0.157	0.06	0.00000000051968929872001	muscle	chr1-h1-272042101-272043009
0.0000000000000168384854121505	1.34173933291191	0.174	0.071	0.000000000614890971795501	muscle	chr1-h1-188814907-188815612
0.0000000000000210404176890818	1.10128159635062	0.236	0.111	0.000000000768332932752199	muscle	chr2-h1-208964996-208965872
0.0000000000000236705974112398	1.50074933518108	0.138	0.048	0.000000000864379205666242	muscle	chr1-h1-241198615-241199513
0.0000000000000655366110533817	1.32797973584051	0.163	0.064	0.00000000239320042583634	muscle	chr3-h1-120779219-120780220
0.000000000000139871562560892	1.47166522355794	0.134	0.048	0.00000000510768985003608	muscle	chr1-h1-318057494-318058465
0.000000000000149664600212405	1.68612517483899	0.106	0.033	0.00000000546530220595640	muscle	chr2-h1-220224856-220225742
0.000000000000691025612234934	1.08834055076226	0.212	0.098	0.0000000252341822819831	muscle	chr3-h1-83671720-83672758
0.000000000000776259624002699	1.4822650487126	0.125	0.045	0.0000000283466726897066	muscle	chr3-h1-71500840-71501705
0.00000000000103469539541776	1.40170828112276	0.14	0.054	0.0000000377839717544705	muscle	chr1-h1-187274768-187275566
0.00000000000107325594529558	1.31570383645203	0.155	0.063	0.0000000391920873543588	muscle	chr3-h1-65711038-65711949
0.00000000000168286522753518	1.59455394303098	0.106	0.035	0.000000061453189513902	muscle	chr2-h1-229056009-229057279
0.0000000000028261140083902	1.4448122309012	0.127	0.047	0.000000103201205244385	muscle	chr4-h1-3379924-3380831
0.00000000000640536114656488	1.39073122603126	0.127	0.047	0.00000023390457298911	muscle	chr1-h1-260725822-260726748
0.0000000000087579481279648	1.28556037346224	0.146	0.06	0.000000319813991788891	muscle	chr1-h1-100750532-100751555
0.00000000000954913959444542	1.20849609643655	0.168	0.075	0.000000348705930570363	muscle	chr1-h1-10174428-10175342
0.0000000000200701436930696	1.56339030481964	0.104	0.036	0.000000732901437239822	muscle	chr1-h1-204716181-204717087
0.0000000001676416054618	1.47097343509265	0.102	0.036	0.00000612176850664854	muscle	chr3-h1-11020723-11021610
0.000000000183524523236332	1.42308276994629	0.106	0.039	0.00000670176501502113	muscle	chr2-h1-105879871-105880788
0.000000000196307831145479	1.31464698413272	0.125	0.051	0.00000716857306993947	muscle	chr2-h1-33972365-33973265
0.000000000229442536222951	1.04644725372412	0.183	0.088	0.00000837855309525349	muscle	chr1-h1-191179236-191180211
0.000000000253992786223205	1.15725378791111	0.153	0.068	0.00000927505457451277	muscle	chr2-h1-179192629-179193519
0.000000000280328060554051	1.37843180658208	0.115	0.045	0.0000102367397872523	muscle	chr2-h1-206036388-206037194
0.00000000257340625980642	0.916774363759887	0.206	0.109	0.000093973076389351	muscle	chr3-h1-92289879-92290800
0.00000000297200680735558	1.03085291305332	0.161	0.077	0.000108528772584204	muscle	chr3-h1-65548396-65549259
0.00000000609210147725687	0.941654948401415	0.191	0.102	0.000222465269644989	muscle	chr2-h1-2962099-2962929
0.0000000108985813293503	1.21241154631706	0.115	0.049	0.000397983494403886	muscle	chr2-h1-120768495-120769396
0.0000000120129284628643	1.2099395928677	0.119	0.052	0.000438676108678416	muscle	chr3-h1-76653950-76654642
0.0000000136927646322137	1.21796804411247	0.115	0.049	0.000500018686074549	muscle	chr1-h1-115972673-115973585
0.0000000137202912394057	1.16095389043169	0.127	0.058	0.000501023875189378	muscle	chr3-h1-132282788-132283872
0.0000000227637156557633	1.2713941557082	0.102	0.042	0.000831262604601509	muscle	chr2-h1-223997104-223997995
0.0000000231538478571804	0.923844301946894	0.178	0.093	0.000845509062200656	muscle	chr3-h1-106881957-106882876
0.0000000336970263006634	1.28247694972444	0.1	0.041	0.00123051430942132	muscle	chr2-h1-179146728-179147643
0.0000000436210688896507	0.844187279542536	0.202	0.114	0.00159291057264337	muscle	chr3-h1-8315758-8316636
0.0000000561423456134752	0.965890292422176	0.161	0.084	0.00205015003476727	muscle	chr2-h1-86522948-86523989
0.000000215093412312703	1.0898470198895	0.115	0.053	0.00785456613742299	muscle	chr2-h1-4417789-4418691
0.000000236311725549837	1.02391414403443	0.13	0.063	0.00862939528190341	muscle	chr2-h1-209147993-209148890
0.000000397788423932324	0.965898711826216	0.138	0.07	0.0145260398767367	muscle	chr4-h1-2398232-2399128
0.000000490802813940511	1.02732252158841	0.127	0.064	0.0179226463566656	muscle	chr1-h1-275380008-275380788
0.000000544174679478561	1.05036713801768	0.119	0.058	0.0198716267705186	muscle	chr4-h1-796766-797750
0.000000593203648508242	1.13732500594949	0.102	0.046	0.0216620176325755	muscle	chr2-h1-164414698-164415623
0.000000618852196949977	1.0412898161712	0.121	0.06	0.0225986256760223	muscle	chr2-h1-233503142-233504049
0.000000754649183682855	0.995361902412652	0.125	0.063	0.0275575242405468	muscle	chr4-h1-39407424-39408461
0.000000888100241131604	0.991796775324205	0.127	0.065	0.0324307565054028	muscle	chr1-h1-55920688-55921614
0.000000996785651855933	0.705014011073873	0.223	0.138	0.0363996216488231	muscle	chr3-h1-36406479-36407377
0.00000102305411184363	0.661709385282696	0.246	0.158	0.0373588670021938	muscle	chr2-h1-205992196-205993096
0.0000014677826958544	1.06104270168984	0.113	0.056	0.0535990207045152	muscle	chr1-h1-106776313-106777250
0.00000195067671435861	0.875975452130907	0.144	0.078	0.0712328615782334	muscle	chr2-h1-220232130-220233028
0.00000241004272322541	1.06898813391709	0.1	0.047	0.0880075301240223	muscle	chr2-h1-211896104-211896908
0.00000379249415517668	1.06407336790582	0.1	0.048	0.138490509064587	muscle	chr1-h1-71424904-71425974
0.00000470060190576387	0.96973098727495	0.117	0.061	0.171651879792779	muscle	chr4-h1-1127434-1128167
0.00000515410080905973	0.951120606128919	0.119	0.062	0.188212299244434	muscle	chr3-h1-12343761-12344613
0.00000560303444725282	0.863048729974277	0.138	0.076	0.204606008910331	muscle	chr1-h1-427966-428860
0.00000635440519102938	0.944539561510073	0.108	0.054	0.23204381436082	muscle	chr3-h1-131285479-131286335
0.00000923405007916285	0.903704753296539	0.127	0.07	0.33719980674079	muscle	chr1-h1-290760942-290761926
0.000022390838862114	0.728487398482962	0.163	0.099	0.817646262727815	muscle	chr3-h1-310759-311633
0.000026943129871311	0.838566678791193	0.121	0.066	0.983882273510665	muscle	chr4-h1-54655233-54656097
0.0000516133942873062	0.843389086001083	0.113	0.061	1	muscle	chr3-h1-134047-134850
0.0000883520622277743	0.636320887166993	0.178	0.114	1	muscle	chr1-h1-40593908-40594692
0.0000926305017623815	0.864939802160151	0.104	0.057	1	muscle	chr2-h1-54257057-54257741
0.00029465414447858	0.791154011896084	0.1	0.056	1	muscle	chr1-h1-251947426-251948570
0.000338267021981305	0.821202671025636	0.1	0.057	1	muscle	chr4-h1-754814-755748
0.000676625586422377	0.71436255758183	0.11	0.066	1	muscle	chr1-h1-61856724-61857571
0.000796825369147017	0.457652396361125	0.234	0.168	1	muscle	chr3-h1-92292028-92293004
0.00112892596010973	0.407267481108385	0.268	0.203	1	muscle	chr2-h1-20797060-20797977
0.00163185575255563	0.643623702809084	0.117	0.074	1	muscle	chr1-h1-339155183-339156071
0.00254121493400936	0.371625178472725	0.274	0.211	1	muscle	chr1-h1-272954726-272955663
0.00256916196966151	0.494936668118998	0.178	0.128	1	muscle	chr2-h1-141851189-141852106
0.00369585191171043	0.35572333908507	0.285	0.228	1	muscle	chr1-h1-192272261-192273216
0.00387996265706578	0.605956037422534	0.113	0.075	1	muscle	chr2-h1-129370066-129370979
0.00433021971920908	0.589600862835612	0.115	0.076	1	muscle	chr2-h1-95969428-95970422
0.00488553689498882	0.622661513518628	0.102	0.066	1	muscle	chr1-h1-430791-431637
0.00566869730104571	0.556681749857323	0.119	0.081	1	muscle	chr3-h1-76653074-76653829
0.00706085320050547	0.606427679250947	0.106	0.072	1	muscle	chr3-h1-82544743-82545814
0.00773625059940447	0.530976580660408	0.115	0.077	1	muscle	chr4-h1-39885854-39886762
0.00909119312898972	0.498292944471926	0.136	0.098	1	muscle	chr3-h1-65422623-65423538
0.00937768910596473	0.477551263039575	0.136	0.096	1	muscle	chr1-h1-280915154-280916063
0.00976905750980266	0.566557891582463	0.104	0.071	1	muscle	chr4-h1-39848082-39848979
0.000000000000000000000000000000000000000000000000000000000000000000000000000000000000000000000000000000000000382292886939288	4.16789931461658	0.225	0.013	0.000000000000000000000000000000000000000000000000000000000000000000000000000000000000000000000000000000013960189352362	neurons	chr1-h1-104360460-104361340
0.000000000000000000000000000000000000000000000000000000000000000000000000000000000000000000000000000000398295951395594	3.0881212114681	0.295	0.036	0.0000000000000000000000000000000000000000000000000000000000000000000000000000000000000000000000000145445732571129	neurons	chr3-h1-120779219-120780220
0.00000000000000000000000000000000000000000000000000000000000000000000000000000000000000000393165483559828	4.16682807153902	0.187	0.011	0.000000000000000000000000000000000000000000000000000000000000000000000000000000000000143572239631542	neurons	chr2-h1-104947697-104948607
0.000000000000000000000000000000000000000000000000000000000000000000000000000000000000066194966463724	5.01240877477947	0.152	0.005	0.00000000000000000000000000000000000000000000000000000000000000000000000000000000241724159035581	neurons	chr3-h1-91341841-91342745
0.00000000000000000000000000000000000000000000000000000000000000000000000000000000593473603251389	3.15257990784668	0.23	0.028	0.00000000000000000000000000000000000000000000000000000000000000000000000000021671875569931	neurons	chr1-h1-243850667-243851589
0.0000000000000000000000000000000000000000000000000000000000000000000000000000000949528669128773	3.78574194074028	0.182	0.014	0.00000000000000000000000000000000000000000000000000000000000000000000000000346739384105754	neurons	chr1-h1-209057669-209058612
0.0000000000000000000000000000000000000000000000000000000000000000000000000000245180618433704	3.49148732321282	0.192	0.017	0.000000000000000000000000000000000000000000000000000000000000000000000000895326064334355	neurons	chr2-h1-13766610-13767541
0.0000000000000000000000000000000000000000000000000000000000000000000000000889817735303133	5.25892606746575	0.126	0.003	0.00000000000000000000000000000000000000000000000000000000000000000000324934742400645	neurons	chr1-h1-71902091-71902977
0.00000000000000000000000000000000000000000000000000000000000000000000000011461523416547	4.38770755456961	0.145	0.007	0.00000000000000000000000000000000000000000000000000000000000000000000418540450602048	neurons	chr2-h1-14752029-14752960
0.0000000000000000000000000000000000000000000000000000000000000000000000204372479597348	4.1635345472506	0.148	0.009	0.000000000000000000000000000000000000000000000000000000000000000000746306983745637	neurons	chr3-h1-109169426-109170274
0.00000000000000000000000000000000000000000000000000000000000000000000578290027877309	3.53735026900358	0.171	0.016	0.000000000000000000000000000000000000000000000000000000000000000211174169479957	neurons	chr1-h1-55014918-55015859
0.00000000000000000000000000000000000000000000000000000000000000000000602452796014328	3.67463345251827	0.164	0.014	0.000000000000000000000000000000000000000000000000000000000000000219997687520552	neurons	chr3-h1-57731474-57732429
0.000000000000000000000000000000000000000000000000000000000000000696029899796987	3.7462151768216	0.147	0.011	0.0000000000000000000000000000000000000000000000000000000000254169238508866	neurons	chr2-h1-129137371-129138233
0.00000000000000000000000000000000000000000000000000000000000000268268416738034	4.60021348165601	0.119	0.005	0.0000000000000000000000000000000000000000000000000000000000979635777402281	neurons	chr1-h1-205614257-205615184
0.0000000000000000000000000000000000000000000000000000000000000176046363024442	3.06193829848046	0.185	0.023	0.000000000000000000000000000000000000000000000000000000000642868503856356	neurons	chr2-h1-42543613-42544548
0.0000000000000000000000000000000000000000000000000000000000000332091510301393	4.72049521700071	0.115	0.005	0.0000000000000000000000000000000000000000000000000000000012126985681676	neurons	chr3-h1-94188560-94189487
0.00000000000000000000000000000000000000000000000000000000000246236924774664	3.93636420993022	0.133	0.009	0.0000000000000000000000000000000000000000000000000000000899183378199641	neurons	chr3-h1-6896065-6897004
0.00000000000000000000000000000000000000000000000000000000000496536824693495	3.00571610221923	0.182	0.023	0.000000000000000000000000000000000000000000000000000000181320352273324	neurons	chr2-h1-90174465-90175373
0.00000000000000000000000000000000000000000000000000000000011530759981659	2.34473529154263	0.251	0.052	0.00000000000000000000000000000000000000000000000000000421068762250241	neurons	chr2-h1-208966573-208967483
0.00000000000000000000000000000000000000000000000000000000393341914241767	4.1614776651247	0.117	0.006	0.000000000000000000000000000000000000000000000000000143636666823666	neurons	chr3-h1-91874333-91875244
0.00000000000000000000000000000000000000000000000000000211920167269257	3.82673412643315	0.122	0.009	0.0000000000000000000000000000000000000000000000000773868874817146	neurons	chr2-h1-176297778-176298663
0.00000000000000000000000000000000000000000000000000000279433037739365	1.87697357425642	0.321	0.091	0.000000000000000000000000000000000000000000000000102040562391284	neurons	chr4-h1-6280031-6281303
0.000000000000000000000000000000000000000000000000000217589395047617	2.83211025979471	0.171	0.024	0.00000000000000000000000000000000000000000000000794571193895385	neurons	chr2-h1-105879871-105880788
0.00000000000000000000000000000000000000000000000000192679776077166	2.82782358310912	0.171	0.025	0.0000000000000000000000000000000000000000000000703608738300989	neurons	chr1-h1-230044307-230045216
0.00000000000000000000000000000000000000000000000000572222990978129	3.81686947894427	0.115	0.008	0.000000000000000000000000000000000000000000000208958669615483	neurons	chr2-h1-82165692-82166605
0.00000000000000000000000000000000000000000000000000946185678148373	1.92868696559261	0.291	0.079	0.000000000000000000000000000000000000000000000345518624089441	neurons	chr3-h1-83671720-83672758
0.0000000000000000000000000000000000000000000000000158705159559792	3.00126519154855	0.155	0.02	0.000000000000000000000000000000000000000000000579543631164491	neurons	chr2-h1-266526812-266527671
0.0000000000000000000000000000000000000000000000000192370339483727	3.56962594575895	0.122	0.01	0.000000000000000000000000000000000000000000000702478768692724	neurons	chr1-h1-27862869-27863792
0.0000000000000000000000000000000000000000000000000518843472495704	3.27990516764623	0.136	0.015	0.00000000000000000000000000000000000000000000189466070851256	neurons	chr2-h1-95790827-95791786
0.00000000000000000000000000000000000000000000000472567077056098	3.16499405318963	0.136	0.016	0.000000000000000000000000000000000000000000172567319528575	neurons	chr3-h1-35466238-35467225
0.00000000000000000000000000000000000000000000000694440618152139	3.20590904731195	0.133	0.015	0.000000000000000000000000000000000000000000253588880530616	neurons	chr2-h1-138215183-138216049
0.000000000000000000000000000000000000000000000025312068293194	4.04142175683779	0.101	0.006	0.000000000000000000000000000000000000000000924320797862566	neurons	chr1-h1-87814352-87815390
0.0000000000000000000000000000000000000000000000301854214282566	4.00329343017178	0.101	0.006	0.00000000000000000000000000000000000000000110228103429565	neurons	chr4-h1-6622131-6623119
0.000000000000000000000000000000000000000000000036270788652161	2.56094222804907	0.178	0.03	0.00000000000000000000000000000000000000000132450038921096	neurons	chr2-h1-164414698-164415623
0.0000000000000000000000000000000000000000000000548367280484453	3.90853031871269	0.105	0.007	0.00000000000000000000000000000000000000000200247279814508	neurons	chr2-h1-95320007-95320898
0.0000000000000000000000000000000000000000000015519189761154	3.36640061198001	0.12	0.012	0.0000000000000000000000000000000000000000566714252508059	neurons	chr3-h1-155718-156577
0.000000000000000000000000000000000000000000028475073182299	2.38645276536064	0.188	0.038	0.00000000000000000000000000000000000000103982424739801	neurons	chr4-h1-54865838-54866762
0.0000000000000000000000000000000000000000000694005642965698	2.36554093330373	0.188	0.038	0.00000000000000000000000000000000000000253430040641784	neurons	chr1-h1-251947426-251948570
0.00000000000000000000000000000000000000011097740788209	3.28892630346435	0.11	0.012	0.0000000000000000000000000000000000040525620036303	neurons	chr3-h1-57579192-57580102
0.00000000000000000000000000000000000000128339843593733	2.78957481494675	0.133	0.019	0.0000000000000000000000000000000000468658606851234	neurons	chr2-h1-183391896-183392781
0.000000000000000000000000000000000000249211552055973	2.72072064787409	0.129	0.02	0.00000000000000000000000000000000910045824642798	neurons	chr3-h1-99004478-99005345
0.00000000000000000000000000000000000207943699924982	2.85699265309176	0.119	0.017	0.0000000000000000000000000000000759348009016058	neurons	chr3-h1-60328577-60329483
0.0000000000000000000000000000000000106496242222231	2.90892740183387	0.113	0.016	0.00000000000000000000000000000038889232772292	neurons	chr4-h1-55084937-55085885
0.0000000000000000000000000000000013824889730108	1.44997312122057	0.302	0.113	0.0000000000000000000000000000504843498274353	neurons	chr2-h1-176192508-176193843
0.00000000000000000000000000000000144176479888072	2.67921961880083	0.119	0.019	0.0000000000000000000000000000526489251607273	neurons	chr1-h1-18555631-18556885
0.00000000000000000000000000000000707190081669908	2.97150860500115	0.101	0.013	0.0000000000000000000000000002582446021234	neurons	chr2-h1-263347096-263348014
0.00000000000000000000000000000000894180048876044	2.77538992662733	0.11	0.016	0.000000000000000000000000000326527728448065	neurons	chr2-h1-237895517-237896677
0.0000000000000000000000000000000144522907673451	2.66859473841733	0.115	0.018	0.000000000000000000000000000527754301951142	neurons	chr4-h1-44369275-44370270
0.000000000000000000000000000000025108722531879	2.72548793262869	0.112	0.017	0.000000000000000000000000000916895220696625	neurons	chr2-h1-150643419-150644326
0.0000000000000000000000000000000917634087167779	2.27933352780059	0.145	0.031	0.00000000000000000000000000335092439611058	neurons	chr2-h1-179146728-179147643
0.000000000000000000000000000000138832922338193	2.5350831518562	0.122	0.022	0.00000000000000000000000000506976182502378	neurons	chr2-h1-139492676-139493600
0.00000000000000000000000000000300708420437485	1.95763296853722	0.176	0.048	0.000000000000000000000000109809693891156	neurons	chr3-h1-105058762-105059670
0.00000000000000000000000000000440554437072294	2.32714457103831	0.133	0.027	0.00000000000000000000000016087726378569	neurons	chr2-h1-148719602-148720581
0.0000000000000000000000000000110797645428292	2.14329358237266	0.147	0.033	0.000000000000000000000000404599761810493	neurons	chr1-h1-56860399-56861417
0.000000000000000000000000000053521923192432	2.73267223297259	0.101	0.016	0.00000000000000000000000195446006921804	neurons	chr3-h1-8331469-8332126
0.000000000000000000000000000103273714114449	2.19624829278151	0.136	0.03	0.00000000000000000000000377124621831734	neurons	chr2-h1-2880276-2881387
0.000000000000000000000000000452255504559425	2.25373636179792	0.133	0.029	0.0000000000000000000000165150142599965	neurons	chr1-h1-318705472-318706379
0.000000000000000000000000000510949969394123	1.84187411602428	0.178	0.051	0.0000000000000000000000186583600323652	neurons	chr1-h1-100750532-100751555
0.000000000000000000000000000568909979652104	1.93519906058763	0.161	0.041	0.0000000000000000000000207748857269559	neurons	chr2-h1-33972365-33973265
0.000000000000000000000000000584719633508484	2.5787215964959	0.108	0.019	0.0000000000000000000000213522068568293	neurons	chr2-h1-51084221-51085202
0.000000000000000000000000000840568059254133	2.44308065450182	0.113	0.021	0.0000000000000000000000306950238197832	neurons	chr1-h1-2455978-2456894
0.000000000000000000000000022847903716027	1.87601989408963	0.162	0.045	0.000000000000000000000834336899998158	neurons	chr2-h1-36092929-36093819
0.0000000000000000000000000282080001313001	2.28126416999788	0.119	0.025	0.00000000000000000000103007154079469	neurons	chr4-h1-1690891-1691898
0.0000000000000000000000000410471371262911	1.89556001281569	0.157	0.043	0.00000000000000000000149891830644077	neurons	chr2-h1-4417789-4418691
0.000000000000000000000000155498206566725	2.43134771705632	0.106	0.021	0.0000000000000000000056783280091971	neurons	chr2-h1-7619631-7620609
0.00000000000000000000000227591021132882	1.78286991986112	0.164	0.049	0.0000000000000000000831094131870944	neurons	chr3-h1-132373497-132374410
0.0000000000000000000000111452061202793	1.44580125426911	0.22	0.082	0.000000000000000000406989491894239	neurons	chr3-h1-103211379-103212459
0.0000000000000000000000610889680901585	1.33600420590665	0.246	0.103	0.00000000000000000223078584774832	neurons	chr2-h1-90201921-90202821
0.00000000000000000000013993792644434	1.36882054993017	0.227	0.088	0.00000000000000000511011325996798	neurons	chr2-h1-100641699-100642685
0.000000000000000000000255784480815129	2.23470964077118	0.106	0.024	0.00000000000000000934048188592605	neurons	chr2-h1-250403851-250404781
0.000000000000000000000462398526940954	2.17589002558599	0.105	0.023	0.0000000000000000168854070083028	neurons	chr1-h1-253416372-253417268
0.000000000000000000000699092047311295	2.14376739348193	0.11	0.026	0.0000000000000000255287442916665	neurons	chr4-h1-3973294-3974308
0.00000000000000000000171557997335139	1.45985242642626	0.201	0.077	0.0000000000000000626478338868727	neurons	chr1-h1-10302467-10303356
0.00000000000000000000478625098898246	1.90410621685769	0.127	0.035	0.000000000000000174779527364672	neurons	chr1-h1-196830297-196831188
0.00000000000000000000855721317224945	2.16017222438071	0.101	0.023	0.000000000000000312483753411033	neurons	chr2-h1-195512458-195513395
0.0000000000000000000164033009565666	1.25686252960417	0.243	0.106	0.000000000000000598999341030943	neurons	chr2-h1-208964996-208965872
0.000000000000000000074734323330622	1.94101532291182	0.115	0.03	0.00000000000000272907328506432	neurons	chr2-h1-73048077-73049084
0.000000000000000000203347988063475	1.89938790700953	0.115	0.031	0.0000000000000074256584801139	neurons	chr3-h1-12091541-12092432
0.00000000000000000032233244083243	1.65305942625479	0.143	0.046	0.0000000000000117706137418779	neurons	chr3-h1-23146835-23147755
0.000000000000000000683363167062647	1.70747244693703	0.133	0.041	0.0000000000000249543727716267	neurons	chr3-h1-71500840-71501705
0.000000000000000000982115768903531	1.91097768672529	0.112	0.03	0.0000000000000358639215330502	neurons	chr1-h1-106800686-106801568
0.00000000000000000154544735768205	1.30905296069615	0.206	0.087	0.0000000000000564351011604755	neurons	chr4-h1-39824649-39825585
0.00000000000000000215792638591701	1.90214609032217	0.115	0.033	0.0000000000000788009978345316	neurons	chr1-h1-338955299-338956167
0.0000000000000000611149540519782	1.47075433216748	0.155	0.058	0.00000000000223173477711609	neurons	chr2-h1-142232106-142233064
0.00000000000000037125634234191	1.43815168081175	0.152	0.057	0.0000000000135571678532995	neurons	chr2-h1-207449509-207450428
0.000000000000000607268453361621	1.44439275097356	0.15	0.057	0.0000000000221756221114063	neurons	chr3-h1-59908872-59909823
0.00000000000000118013191073651	1.49069567039215	0.143	0.054	0.0000000000430948769843652	neurons	chr2-h1-61358041-61358937
0.00000000000000321739929435389	1.18342520098688	0.195	0.087	0.000000000117489770031921	neurons	chr3-h1-106881957-106882876
0.00000000000000744585947463433	1.42895920249936	0.145	0.057	0.000000000271900450435222	neurons	chr2-h1-12856764-12857678
0.00000000000011556570339113	1.42239960395543	0.129	0.049	0.00000000422011279073388	neurons	chr2-h1-13775683-13776309
0.000000000000136130345899693	1.50301093320068	0.113	0.039	0.0000000049710718412191	neurons	chr1-h1-168192941-168193918
0.000000000000313488136644282	1.52712936431235	0.11	0.038	0.0000000114476462858393	neurons	chr1-h1-335257948-335258846
0.000000000000329958431101132	1.23133274596687	0.166	0.075	0.00000001204909202852	neurons	chr3-h1-53520834-53521726
0.000000000000415060498006132	1.44063610369786	0.122	0.046	0.0000000151567642056899	neurons	chr1-h1-115972673-115973585
0.000000000000705958256171454	1.57494058369856	0.101	0.034	0.000000025779477640613	neurons	chr2-h1-90204024-90204627
0.000000000000951377641982373	1.44178401261401	0.12	0.046	0.0000000347414573522703	neurons	chr1-h1-260725822-260726748
0.00000000000219694236907423	1.22853180198307	0.155	0.07	0.0000000802257444914838	neurons	chr3-h1-132664999-132665929
0.00000000000279054483432187	1.40131240861029	0.122	0.048	0.000000101902325714932	neurons	chr1-h1-241198615-241199513
0.0000000000278456158042935	0.815261755280935	0.264	0.16	0.00000101683835232539	neurons	chr3-h1-92292028-92293004
0.000000000112970505122888	1.08769198091955	0.157	0.075	0.0000041253439355725	neurons	chr1-h1-220367657-220368575
0.000000000207655364723833	0.787261396083189	0.257	0.153	0.00000758295095362021	neurons	chr2-h1-205992196-205993096
0.000000000384329687712217	1.35065835858275	0.103	0.041	0.000014034567206187	neurons	chr2-h1-60712408-60713303
0.00000000038917969913347	1.36291714045243	0.103	0.041	0.0000142116750732569	neurons	chr2-h1-76703582-76704469
0.000000000442346575895876	1.22300563608491	0.126	0.056	0.0000161531699119897	neurons	chr3-h1-132282788-132283872
0.000000000557332082291977	0.847130584838864	0.22	0.126	0.0000203520956490561	neurons	chr1-h1-332829478-332830436
0.00000000765229817428859	1.20621237502933	0.108	0.048	0.000279438972430496	neurons	chr2-h1-120768495-120769396
0.00000000782514233359751	0.939779317767946	0.166	0.088	0.00028575072259598	neurons	chr2-h1-266346117-266346990
0.0000000347492810414763	1.17499869561948	0.103	0.046	0.00126893949579159	neurons	chr1-h1-233411170-233412081
0.00000004524493064659	1.10557188676422	0.119	0.058	0.00165220913242153	neurons	chr2-h1-211730282-211731181
0.0000000465130735116263	1.06923769993595	0.115	0.054	0.00169851790542406	neurons	chr1-h1-255333955-255334820
0.0000000923692032941926	1.06012448856442	0.119	0.058	0.00337304619669403	neurons	chr4-h1-1127434-1128167
0.000000133923552472552	1.00821110781845	0.124	0.063	0.00489048636564019	neurons	chr1-h1-74078283-74078940
0.000000186947792592717	0.785969549983975	0.19	0.117	0.00682677254210826	neurons	chr3-h1-63010801-63011700
0.000000247459798198847	1.10630011997739	0.105	0.051	0.0090364894508273	neurons	chr1-h1-32148858-32149772
0.00000170537979498996	0.580113355656881	0.253	0.178	0.0622753539736484	neurons	chr2-h1-3014822-3015758
0.00000181432226916088	0.87600849476467	0.136	0.077	0.0662536063029479	neurons	chr1-h1-284347988-284348932
0.00000327157308992088	0.921586826195947	0.117	0.064	0.119468034524641	neurons	chr2-h1-209147993-209148890
0.00000970496824959432	0.799145323065479	0.136	0.081	0.354396325570436	neurons	chr2-h1-179151806-179152717
0.000015890767300699	0.766624991794698	0.14	0.084	0.580283149519624	neurons	chr2-h1-225733979-225734868
0.0000200674559936811	0.85518335081329	0.106	0.058	0.732803290521254	neurons	chr4-h1-796766-797750
0.0000261415697046605	0.579443097899103	0.209	0.144	0.954611700905087	neurons	chr2-h1-73319317-73320135
0.0000308197683098468	0.680748539396898	0.162	0.104	1	neurons	chr1-h1-294059508-294060420
0.0000415183311874469	0.843948234070103	0.11	0.064	1	neurons	chr4-h1-39407424-39408461
0.0000616769007015263	0.747738604855381	0.124	0.075	1	neurons	chr2-h1-171206952-171207942
0.000120383411803557	0.776271953372784	0.117	0.072	1	neurons	chr1-h1-188815732-188816428
0.000145695495505569	0.580587191348424	0.18	0.126	1	neurons	chr2-h1-141851189-141852106
0.000258809741333906	0.727051343669094	0.108	0.065	1	neurons	chr4-h1-3624860-3625763
0.000505092687397022	0.552045092924406	0.162	0.112	1	neurons	chr3-h1-79648591-79649466
0.000609791205653428	0.608623840378466	0.136	0.091	1	neurons	chr1-h1-73451106-73452023
0.0016083529425196	0.662886666779829	0.101	0.065	1	neurons	chr2-h1-56545385-56546311
0.0018965364203484	0.624799637790836	0.115	0.078	1	neurons	chr1-h1-427966-428860
0.00215116403989696	0.620628352553964	0.113	0.076	1	neurons	chr4-h1-39885854-39886762
0.00406732886792784	0.596705562754649	0.108	0.074	1	neurons	chr4-h1-11641327-11642232
0.00698745587244011	0.446665283689063	0.154	0.116	1	neurons	chr3-h1-92289879-92290800
0.00716562838559888	0.342112364986371	0.223	0.18	1	neurons	chr4-h1-55229808-55230696
0.0000000000000000000000000000000000000000000000000000000000000000000000000000000000000000000000000000000000000000179953883306775	5.39732253199013	0.195	0.005	0.000000000000000000000000000000000000000000000000000000000000000000000000000000000000000000000000000000000000657137595671351	parenchyma	chr1-h1-9570978-9571995
0.00000000000000000000000000000000000000000000000000000000000000000000000000000000000675114243602366	6.68445388386726	0.125	0.001	0.000000000000000000000000000000000000000000000000000000000000000000000000000000246531468336276	parenchyma	chr2-h1-10100192-10101101
0.000000000000000000000000000000000000000000000000000000172458106852899	3.75362930929323	0.149	0.011	0.00000000000000000000000000000000000000000000000000629765268794733	parenchyma	chr2-h1-183553822-183554791
0.00000000000000000000000000000000000000000000000000000268461966020919	4.84663299865351	0.104	0.004	0.000000000000000000000000000000000000000000000000098034256131859	parenchyma	chr2-h1-86472205-86473101
0.00000000000000000000000000000000000000000000000000000305225438359534	3.7810929658868	0.143	0.011	0.000000000000000000000000000000000000000000000000111459173325751	parenchyma	chr3-h1-24312307-24313092
0.000000000000000000000000000000000000000000000000000272667809248854	4.8354164254883	0.101	0.004	0.00000000000000000000000000000000000000000000000995701039034041	parenchyma	chr2-h1-11089159-11090035
0.00000000000000000000000000000000000000000000000304044946121793	4.16434557977013	0.11	0.006	0.000000000000000000000000000000000000000000111028092975295	parenchyma	chr2-h1-255940440-255941350
0.00000000000000000000000000000000000000000000000751036595688248	2.56843882266968	0.235	0.04	0.000000000000000000000000000000000000000000274256033647478	parenchyma	chr1-h1-59231655-59232526
0.000000000000000000000000000000000000000000000235490469788052	3.90658546706796	0.119	0.008	0.0000000000000000000000000000000000000000085994054852503	parenchyma	chr2-h1-243846367-243847281
0.000000000000000000000000000000000000000000000417876409712707	3.84939438395642	0.119	0.008	0.0000000000000000000000000000000000000000152595928534789	parenchyma	chr2-h1-4380064-4380963
0.00000000000000000000000000000000000000000000152039317740746	2.92921246322273	0.183	0.025	0.0000000000000000000000000000000000000000555201976593881	parenchyma	chr1-h1-226749463-226750370
0.000000000000000000000000000000000000000000179576082039564	3.26172123491353	0.146	0.016	0.00000000000000000000000000000000000000655757978783875	parenchyma	chr2-h1-49712822-49713745
0.000000000000000000000000000000000000000000264181259208721	3.71225380574353	0.116	0.009	0.00000000000000000000000000000000000000964710704252485	parenchyma	chr1-h1-304995667-304996585
0.0000000000000000000000000000000000000000013333710762829	3.95606439130676	0.107	0.007	0.0000000000000000000000000000000000000486907115926225	parenchyma	chr3-h1-107849440-107850612
0.0000000000000000000000000000000000000000017231621585738	3.13748598325305	0.152	0.018	0.0000000000000000000000000000000000000629247125446396	parenchyma	chr2-h1-3001581-3002496
0.00000000000000000000000000000000000000000620162696423157	3.45745332277228	0.128	0.012	0.000000000000000000000000000000000000226464811852844	parenchyma	chr1-h1-54249289-54250191
0.00000000000000000000000000000000000000729621078934467	3.30499103891495	0.125	0.013	0.000000000000000000000000000000000266435729394499	parenchyma	chr2-h1-75293855-75294920
0.0000000000000000000000000000000000000149360351113718	2.88297060118624	0.159	0.022	0.000000000000000000000000000000000545419194161964	parenchyma	chr1-h1-276955912-276956787
0.0000000000000000000000000000000000000275227379915053	3.55240481652643	0.11	0.009	0.0000000000000000000000000000000010050478232358	parenchyma	chr1-h1-334167902-334168929
0.0000000000000000000000000000000000000813898536595551	2.96599854083185	0.146	0.019	0.00000000000000000000000000000000297211328608597	parenchyma	chr2-h1-12964645-12965616
0.00000000000000000000000000000000000930992783210674	3.34434553792435	0.113	0.011	0.000000000000000000000000000000339970634645042	parenchyma	chr2-h1-232332198-232333074
0.00000000000000000000000000000000641499716979069	3.20519298253219	0.113	0.013	0.000000000000000000000000000234256451649247	parenchyma	chr3-h1-88107170-88108010
0.0000000000000000000000000000000365606144599409	2.32084794070859	0.189	0.038	0.00000000000000000000000000133508395823366	parenchyma	chr2-h1-53035082-53036065
0.00000000000000000000000000000283319553615802	2.89546306053808	0.125	0.018	0.000000000000000000000000103459801393882	parenchyma	chr3-h1-45525394-45526373
0.000000000000000000000000000467882321864034	2.09144609756768	0.198	0.047	0.0000000000000000000000170856587475089	parenchyma	chr3-h1-92872300-92873059
0.00000000000000000000000000352690039766344	2.02736122879207	0.198	0.047	0.000000000000000000000128791821821476	parenchyma	chr3-h1-107855481-107856304
0.00000000000000000000000000669034124626165	2.97485925788734	0.104	0.014	0.000000000000000000000244311191289737	parenchyma	chr3-h1-127339477-127340368
0.000000000000000000000000775750601475774	2.47302250639207	0.131	0.024	0.0000000000000000000283280847140908	parenchyma	chr1-h1-206863911-206864817
0.00000000000000000000000171866805460638	2.26105268341473	0.152	0.033	0.0000000000000000000627606013500612	parenchyma	chr4-h1-303079-304082
0.00000000000000000000000181415219302237	2.36311075733366	0.137	0.026	0.0000000000000000000662473956325978	parenchyma	chr2-h1-158558943-158559847
0.0000000000000000000000185817555108505	2.67325924376598	0.107	0.017	0.000000000000000000678549965989729	parenchyma	chr1-h1-137542432-137543338
0.0000000000000000000000310844913687913	1.951347105296	0.186	0.049	0.00000000000000000113511237131415	parenchyma	chr1-h1-222849632-222850605
0.0000000000000000000269225393675738	2.20141152109037	0.131	0.029	0.000000000000000983130370085691	parenchyma	chr4-h1-54790012-54791039
0.0000000000000000000568565536435491	2.36769660653085	0.113	0.022	0.00000000000000207623076940148	parenchyma	chr3-h1-48552641-48553534
0.00000000000000000602249509447727	2.31192659294866	0.107	0.022	0.000000000000219923453365027	parenchyma	chr3-h1-108351902-108352673
0.00000000000000000722478878674674	2.13038505027725	0.125	0.03	0.000000000000263827612125631	parenchyma	chr4-h1-47880275-47881066
0.0000000000000000400874952454461	2.31661657618801	0.101	0.021	0.00000000000146387506387795	parenchyma	chr2-h1-3251064-3251972
0.000000000000000112078220963	1.74871831947785	0.162	0.049	0.00000000000409276039490587	parenchyma	chr2-h1-211747106-211748002
0.000000000000000112180962031452	2.06853731337306	0.119	0.029	0.00000000000409651219050253	parenchyma	chr1-h1-259533382-259534257
0.000000000000000534807954537931	2.24765447801857	0.101	0.022	0.0000000000195295820758616	parenchyma	chr3-h1-112800176-112801081
0.00000000000000234414145822637	2.02180737470206	0.113	0.028	0.0000000000856010136300525	parenchyma	chr3-h1-131343326-131344164
0.00000000000000541878372517909	1.36578766905481	0.22	0.085	0.000000000197877725292365	parenchyma	chr4-h1-53940130-53941014
0.0000000000000134450744450115	1.76130205147032	0.137	0.041	0.000000000490973783508483	parenchyma	chr2-h1-172902776-172903640
0.000000000000107620467973263	1.58004246058292	0.155	0.052	0.00000000392997662897965	parenchyma	chr1-h1-245628935-245630114
0.00000000000020075561442022	1.87627854383765	0.113	0.031	0.00000000733099277178317	parenchyma	chr4-h1-36992962-36993842
0.000000000000351079474278923	1.34233696204221	0.195	0.075	0.0000000128203691622434	parenchyma	chr2-h1-100643232-100644182
0.0000000000015413280750346	1.28451649973872	0.207	0.088	0.0000000562846773160383	parenchyma	chr4-h1-54145278-54146271
0.00000000000354325592099624	1.6256167737421	0.131	0.043	0.00000012938907646702	parenchyma	chr1-h1-150072915-150073767
0.0000000000213869966566891	1.15587407954068	0.226	0.105	0.000000780988956912318	parenchyma	chr1-h1-327773024-327773932
0.0000000000249616260594591	1.64155904757952	0.119	0.038	0.000000911523698813268	parenchyma	chr2-h1-105902316-105903417
0.0000000000305178722436988	1.64316391631143	0.119	0.039	0.00000111442114072315	parenchyma	chr4-h1-53514648-53515535
0.0000000000501318420924768	1.41760050175733	0.149	0.056	0.00000183066447769097	parenchyma	chr1-h1-225539058-225539526
0.0000000000665946640081812	1.35986623424088	0.159	0.062	0.00000243183734558675	parenchyma	chr2-h1-215494955-215495859
0.00000000021907728223082	1.41893097179955	0.143	0.055	0.00000800004511522287	parenchyma	chr2-h1-54257057-54257741
0.000000000226479838466193	1.39036765441681	0.146	0.057	0.00000827036426126998	parenchyma	chr1-h1-336936065-336936951
0.00000000028778502747308	1.70702178605758	0.101	0.032	0.0000105090458482345	parenchyma	chr4-h1-47301487-47302498
0.000000000299135760182721	1.57792535244922	0.113	0.038	0.0000109235405545924	parenchyma	chr2-h1-262911019-262911840
0.000000000474883716185333	1.41413954796097	0.134	0.05	0.0000173413286639398	parenchyma	chr1-h1-29379962-29380883
0.000000000519402099968673	1.696174163233	0.101	0.032	0.000018967006484556	parenchyma	chr2-h1-14790852-14791680
0.0000000132350279787367	1.39305563327098	0.122	0.048	0.000483303516699526	parenchyma	chr1-h1-202103886-202104768
0.000000021280280080267	1.52107995286262	0.101	0.036	0.000777091987691109	parenchyma	chr3-h1-132996912-132997909
0.0000000351549582455819	1.30263541142794	0.128	0.053	0.00128375361025391	parenchyma	chr3-h1-189844-190737
0.000000046402952311752	1.12184249354532	0.171	0.083	0.00169449660956825	parenchyma	chr3-h1-94645278-94646149
0.0000000473524468711415	1.30963376669403	0.128	0.054	0.00172916930239347	parenchyma	chr2-h1-141545228-141546116
0.0000000481398307670372	1.08691280992216	0.171	0.082	0.0017579222001199	parenchyma	chr4-h1-3906039-3906942
0.0000000675150185024133	1.39707264740804	0.104	0.039	0.00246544593065263	parenchyma	chr3-h1-109037049-109037939
0.0000000716056060121896	1.29389127737017	0.122	0.05	0.00261482191474713	parenchyma	chr2-h1-224046910-224047756
0.0000000723473901368459	1.30763080928275	0.116	0.046	0.0026419096456272	parenchyma	chr1-h1-223438243-223439155
0.000000276072388990449	1.08620596035207	0.152	0.072	0.0100813354287642	parenchyma	chr4-h1-2398232-2399128
0.000000293907885115498	1.03282844273886	0.168	0.083	0.0107326342407626	parenchyma	chr3-h1-132532742-132533620
0.000000515246770832973	1.23280637489464	0.116	0.05	0.0188152663305077	parenchyma	chr1-h1-86694196-86695094
0.000000698012559272393	1.01768396346401	0.159	0.078	0.02548932462695	parenchyma	chr3-h1-76653074-76653829
0.000000899394051653751	1.06691834946744	0.146	0.071	0.03284317258424	parenchyma	chr3-h1-132939248-132940110
0.00000101122910577901	1.21282917836081	0.113	0.049	0.036927053255732	parenchyma	chr3-h1-60803662-60804259
0.00000149082148518716	1.20314814677161	0.113	0.05	0.0544403281745796	parenchyma	chr1-h1-338217613-338218498
0.00000175998938910027	1.24536360281687	0.104	0.044	0.0642695325217747	parenchyma	chr1-h1-104481233-104482182
0.00000178739487620161	0.895017952279041	0.189	0.104	0.0652702986942541	parenchyma	chr3-h1-132625255-132626064
0.0000024598861051473	0.864654922015479	0.195	0.109	0.089827660901664	parenchyma	chr1-h1-2590602-2591497
0.0000051079769459919	0.840411210186131	0.189	0.106	0.186527994136786	parenchyma	chr2-h1-67403955-67404869
0.00000619390832713705	1.13713346051423	0.113	0.053	0.226182950382064	parenchyma	chr1-h1-260198847-260199785
0.00000737032377513629	1.18744821240128	0.101	0.044	0.269142113296652	parenchyma	chr2-h1-223997104-223997995
0.0000136592219474301	1.16189544512292	0.101	0.046	0.498793807854306	parenchyma	chr1-h1-293654013-293654928
0.000014168823067685	1.06864797115257	0.116	0.056	0.517402911962652	parenchyma	chr1-h1-317095618-317096509
0.0000160319345934666	1.17195143751381	0.104	0.049	0.585438155549619	parenchyma	chr2-h1-172045018-172046009
0.0000173268121684739	1.02887535304454	0.122	0.061	0.632723199956162	parenchyma	chr1-h1-223879520-223880414
0.0000288087498980536	0.960816215213716	0.131	0.068	1	parenchyma	chr2-h1-81127364-81128335
0.0000291217733143775	0.507358931394697	0.354	0.254	1	parenchyma	chr1-h1-137954244-137955174
0.0000320756103253488	0.900481553012826	0.152	0.086	1	parenchyma	chr3-h1-153886-154904
0.0000426302957985151	0.849162589212438	0.159	0.09	1	parenchyma	chr3-h1-42834914-42835806
0.0000446929255470682	1.02497156098879	0.113	0.057	1	parenchyma	chr1-h1-230236787-230237682
0.0000486640613655447	0.818714525244981	0.168	0.099	1	parenchyma	chr3-h1-83658627-83659549
0.0000600700013721883	1.01490782161065	0.113	0.057	1	parenchyma	chr3-h1-132553799-132554691
0.0000762427179606461	1.01756960644664	0.107	0.053	1	parenchyma	chr1-h1-194763806-194764712
0.000101974484862239	0.71185536664477	0.192	0.119	1	parenchyma	chr3-h1-8315758-8316636
0.000107837074696233	0.676850152031064	0.204	0.129	1	parenchyma	chr1-h1-332014402-332015208
0.00015984750397124	0.989694811915934	0.11	0.058	1	parenchyma	chr2-h1-242518188-242519080
0.000350268023291483	0.694922304654493	0.174	0.11	1	parenchyma	chr3-h1-120746262-120747167
0.000404839555690622	0.886564530362992	0.107	0.057	1	parenchyma	chr3-h1-121804173-121805065
0.000878947461114324	0.691754542860647	0.159	0.101	1	parenchyma	chr1-h1-324762160-324763068
0.00128396028075436	0.787054556959973	0.113	0.066	1	parenchyma	chr3-h1-76294877-76295780
0.00142407093550024	0.715730432274723	0.137	0.086	1	parenchyma	chr4-h1-12122426-12123332
0.00190210627499143	0.63648021859455	0.152	0.098	1	parenchyma	chr1-h1-152110439-152111347
0.00203708291080491	0.590705540713087	0.171	0.111	1	parenchyma	chr3-h1-94305556-94306451
0.00217625439014866	0.768514614743713	0.113	0.068	1	parenchyma	chr1-h1-272042101-272043009
0.00273153150250743	0.474473558764802	0.235	0.171	1	parenchyma	chr3-h1-82540867-82541780
0.0030256288938051	0.456296811968319	0.25	0.183	1	parenchyma	chr2-h1-267815856-267816743
0.0031487479865913	0.689186977016893	0.122	0.075	1	parenchyma	chr2-h1-129370066-129370979
0.00338389376154238	0.564276976334318	0.177	0.122	1	parenchyma	chr4-h1-8636252-8637167
0.00377708605519583	0.545708475321954	0.18	0.123	1	parenchyma	chr2-h1-71975051-71975929
0.0041244630993329	0.72161324242425	0.104	0.062	1	parenchyma	chr1-h1-34040763-34041725
0.00545972881393021	0.405524584857007	0.271	0.205	1	parenchyma	chr2-h1-20797060-20797977
0.00548999549577272	0.686079998991959	0.11	0.068	1	parenchyma	chr3-h1-59908872-59909823
0.00588178662882467	0.419100847924558	0.25	0.192	1	parenchyma	chr1-h1-219201771-219202670
0.00632964112123445	0.380739164353062	0.284	0.223	1	parenchyma	chr4-h1-1128654-1129535
0.00634268439146645	0.676984951021529	0.116	0.074	1	parenchyma	chr1-h1-334818507-334819393
0.00740924175903943	0.592262699728849	0.14	0.095	1	parenchyma	chr4-h1-11517715-11518625
0.00809442796238253	0.658333366705	0.107	0.067	1	parenchyma	chr4-h1-39407424-39408461
0.00854402387786619	0.650411202917803	0.107	0.067	1	parenchyma	chr2-h1-12856764-12857678
0.00944316983168445	0.485194598790767	0.183	0.131	1	parenchyma	chr4-h1-11618531-11619439
0.0000000000000000000000000000000000000000000000000000000000000000000000000000000000000000000000000000000309160444846537	6.5362033849171	0.163	0.002	0.0000000000000000000000000000000000000000000000000000000000000000000000000000000000000000000000000011289611964461	protonephridia	chr1-h1-142152671-142153674
0.00000000000000000000000000000000000000000000000000000000000000000000000000000000123464941350336	6.51985444844868	0.128	0.001	0.0000000000000000000000000000000000000000000000000000000000000000000000000000450856926329021	protonephridia	chr4-h1-45981907-45982790
0.00000000000000000000000000000000000000000000000000000000000000000000000000000000601549878506314	6.77948747242579	0.123	0.001	0.000000000000000000000000000000000000000000000000000000000000000000000000000219667969134151	protonephridia	chr1-h1-266433681-266434646
0.00000000000000000000000000000000000000000000000000000000000000000000000000000219081840633032	4.71710364145684	0.177	0.007	0.0000000000000000000000000000000000000000000000000000000000000000000000000800021157439644	protonephridia	chr1-h1-335783666-335784584
0.0000000000000000000000000000000000000000000000000000000524170491587862	4.41522376709464	0.143	0.007	0.0000000000000000000000000000000000000000000000000019141133841314	protonephridia	chr1-h1-206537024-206537931
0.000000000000000000000000000000000000000000000000000215955165105612	3.42858465378812	0.207	0.02	0.00000000000000000000000000000000000000000000000788603476416163	protonephridia	chr1-h1-32712249-32713544
0.000000000000000000000000000000000000000000000000734090053518845	4.50889170460332	0.118	0.005	0.0000000000000000000000000000000000000000000268067664843477	protonephridia	chr4-h1-4753774-4754666
0.0000000000000000000000000000000000000000000000302070200577065	4.20157683357598	0.128	0.007	0.00000000000000000000000000000000000000000110306975144727	protonephridia	chr2-h1-267627072-267627925
0.00000000000000000000000000000000000000000129982239276691	4.50677838276408	0.103	0.005	0.0000000000000000000000000000000000000474656143166693	protonephridia	chr4-h1-53357868-53358824
0.0000000000000000000000000000000000000000898935285160068	3.1729387557666	0.187	0.021	0.00000000000000000000000000000000000328264198081902	protonephridia	chr1-h1-145430467-145431386
0.000000000000000000000000000000000000141875955610535	2.91250835117991	0.197	0.026	0.00000000000000000000000000000000518088427102991	protonephridia	chr1-h1-13121473-13122373
0.000000000000000000000000000000000297528177726085	3.57502846224553	0.123	0.01	0.0000000000000000000000000000108648364660235	protonephridia	chr1-h1-295390407-295391423
0.000000000000000000000000000211512858305107	3.03113788536733	0.138	0.017	0.0000000000000000000000077238150467276	protonephridia	chr2-h1-196790814-196791730
0.000000000000000000000000000630282680164878	2.93671611830743	0.148	0.02	0.0000000000000000000000230160326315808	protonephridia	chr4-h1-45242962-45243941
0.000000000000000000000000000781537647676156	2.46574982698755	0.202	0.037	0.0000000000000000000000285394102801902	protonephridia	chr2-h1-4676779-4677668
0.00000000000000000000000000190700295035153	3.36000075415493	0.108	0.01	0.0000000000000000000000696380267379868	protonephridia	chr2-h1-138920958-138921276
0.00000000000000000000000000347194018527603	3.23704540636962	0.113	0.012	0.000000000000000000000126784839745725	protonephridia	chr2-h1-253710377-253711293
0.0000000000000000000000700943780249119	2.11949502406625	0.222	0.052	0.00000000000000000255963640233571	protonephridia	chr3-h1-131285479-131286335
0.000000000000000000000228270485947123	2.7995266275229	0.128	0.019	0.00000000000000000833575333533107	protonephridia	chr3-h1-94485667-94486578
0.0000000000000000000011992477405507	2.07996531649825	0.217	0.052	0.0000000000000000437929297416901	protonephridia	chr1-h1-222849632-222850605
0.00000000000000000000348272648486371	2.78094712335405	0.123	0.019	0.000000000000000127178723047768	protonephridia	chr1-h1-278034695-278035567
0.0000000000000000000110716970990248	2.49409936315601	0.143	0.025	0.000000000000000404305162965089	protonephridia	chr1-h1-324383174-324384188
0.0000000000000000000186226233231129	2.70253428758745	0.118	0.017	0.000000000000000680042335890114	protonephridia	chr1-h1-194825803-194826722
0.0000000000000000000278888257809651	2.55855056725833	0.138	0.024	0.0000000000000010184162510435	protonephridia	chr2-h1-12964645-12965616
0.0000000000000000000635704667152636	1.99063821829493	0.217	0.056	0.00000000000000232140273304128	protonephridia	chr1-h1-287234784-287235690
0.000000000000000000259278030376454	2.8164164466203	0.103	0.014	0.00000000000000946805583525696	protonephridia	chr4-h1-53303826-53304841
0.000000000000000000681152327365823	2.64928820436007	0.118	0.019	0.0000000000000248736395384178	protonephridia	chr2-h1-5457370-5458300
0.00000000000000000261747709932883	1.88285281776858	0.217	0.059	0.0000000000000955824112361909	protonephridia	chr3-h1-103718037-103718940
0.00000000000000000405799095289978	2.69227210496696	0.108	0.017	0.000000000000148185655627041	protonephridia	chr2-h1-92159713-92160647
0.000000000000000045902455790017	2.14476633307488	0.158	0.036	0.00000000000167621997808405	protonephridia	chr1-h1-274025573-274026685
0.0000000000000000510836620519118	2.41989325590156	0.123	0.023	0.00000000000186542208714966	protonephridia	chr3-h1-25476745-25477680
0.0000000000000000750404185135725	2.65673274607162	0.103	0.016	0.00000000000274025096286013	protonephridia	chr1-h1-93209290-93210241
0.000000000000000133160898194811	2.29155462427987	0.133	0.027	0.00000000000486263651937992	protonephridia	chr4-h1-830116-830889
0.000000000000000434608301922763	2.61688565455092	0.103	0.017	0.0000000000158705913613135	protonephridia	chr2-h1-260838315-260839208
0.000000000000000781351491695798	2.34559259697313	0.123	0.024	0.0000000000285326124222555	protonephridia	chr2-h1-138921348-138922163
0.00000000000000201955578809718	2.09654871564787	0.148	0.034	0.0000000000737481187139447	protonephridia	chr3-h1-25478661-25479569
0.00000000000000229386233315728	1.30309403847101	0.35	0.139	0.0000000000837649708199043	protonephridia	chr3-h1-8332568-8333450
0.0000000000000073422970022926	1.85207414734526	0.182	0.051	0.000000000268118659632719	protonephridia	chr1-h1-328022571-328023473
0.0000000000000114750135123709	2.34460040021386	0.113	0.022	0.000000000419033068431248	protonephridia	chr1-h1-223340448-223341314
0.0000000000000156136879659699	2.02274038295561	0.143	0.033	0.000000000570165043453322	protonephridia	chr2-h1-187372673-187373551
0.0000000000000158344331396823	2.11438952733862	0.138	0.032	0.000000000578225994961778	protonephridia	chr1-h1-169530729-169531659
0.0000000000000210195268520585	1.7577465009716	0.187	0.053	0.000000000767570062056621	protonephridia	chr3-h1-92872300-92873059
0.000000000000106497513638897	2.08356623614467	0.133	0.032	0.00000000388896970555161	protonephridia	chr2-h1-155139274-155140166
0.000000000000178607312749194	2.37551267911307	0.103	0.021	0.00000000652220323966231	protonephridia	chr1-h1-76782076-76783001
0.000000000000256843983988957	1.96423890331041	0.143	0.036	0.00000000937917176332476	protonephridia	chr2-h1-145547473-145548373
0.000000000000704206635263936	1.96303942195178	0.138	0.035	0.0000000257155136999331	protonephridia	chr1-h1-84933613-84934547
0.000000000000811929271068529	2.1729089303347	0.108	0.023	0.0000000296492211916095	protonephridia	chr2-h1-49712822-49713745
0.00000000000100327866969409	1.25500122174708	0.305	0.126	0.0000000366367271812189	protonephridia	chr4-h1-11618531-11619439
0.00000000000219186829858499	1.94098198127409	0.138	0.036	0.0000000800404546594281	protonephridia	chr3-h1-132996912-132997909
0.00000000000224133437844739	1.85525252221849	0.143	0.038	0.0000000818468074977632	protonephridia	chr2-h1-229056009-229057279
0.00000000000233183224176113	2.07028381018146	0.118	0.028	0.000000085151517972391	protonephridia	chr2-h1-215445116-215446070
0.0000000000026383286383811	1.61683016265963	0.187	0.06	0.0000000963438468877627	protonephridia	chr2-h1-214710017-214711042
0.00000000000431791655306064	2.06228315616071	0.118	0.028	0.000000157677358768115	protonephridia	chr2-h1-204737825-204739324
0.00000000000543428672111744	1.68369663057	0.167	0.051	0.000000198443848195046	protonephridia	chr1-h1-59231655-59232526
0.0000000000069906700588724	1.31333957623018	0.266	0.104	0.000000255278298539844	protonephridia	chr2-h1-67403955-67404869
0.0000000000218232000339217	1.48442310989369	0.202	0.071	0.000000796917795638718	protonephridia	chr2-h1-54453387-54454415
0.0000000000346015707136817	1.98659215433182	0.108	0.025	0.00000126354555775152	protonephridia	chr2-h1-3001581-3002496
0.0000000000450936239382225	1.72726407695447	0.148	0.044	0.00000164668386535207	protonephridia	chr1-h1-255339905-255340788
0.0000000000486705103260372	1.9132982486025	0.123	0.033	0.0000017773010255759	protonephridia	chr1-h1-187278451-187279357
0.000000000124869284027167	1.63495573641847	0.158	0.05	0.00000455985164482007	protonephridia	chr3-h1-67443855-67444837
0.000000000132904597028694	1.57637937737601	0.172	0.058	0.00000485327716969682	protonephridia	chr1-h1-336936065-336936951
0.00000000014384012408478	1.27042177984223	0.251	0.105	0.00000525260981120392	protonephridia	chr3-h1-82549090-82550121
0.000000000149340990928295	2.01225366385372	0.103	0.025	0.00000545348496572856	protonephridia	chr1-h1-245986541-245987442
0.000000000156414220830833	1.7522314810184	0.133	0.038	0.00000571177810207954	protonephridia	chr1-h1-104983167-104984122
0.000000000218711453017513	1.83808923796855	0.123	0.034	0.00000798668612984052	protonephridia	chr4-h1-3693037-3693931
0.000000000246831526277666	1.41448839228998	0.202	0.075	0.00000901354684508153	protonephridia	chr4-h1-39885854-39886762
0.000000000336550367027951	1.81702910715156	0.123	0.034	0.0000122898097527597	protonephridia	chr3-h1-26294368-26295273
0.000000000515125698937839	1.57119749211098	0.163	0.055	0.000018810845148113	protonephridia	chr3-h1-7437164-7438100
0.000000000582843723938216	1.28785337807235	0.227	0.091	0.0000212837042670518	protonephridia	chr1-h1-73451106-73452023
0.000000000608308625753162	1.91484428964775	0.108	0.028	0.0000222136060866282	protonephridia	chr1-h1-245324145-245325028
0.00000000102483592159115	1.52278854043298	0.167	0.059	0.000037423933348744	protonephridia	chr1-h1-194583585-194584469
0.00000000113943210280731	1.64446404377326	0.148	0.049	0.0000416086420982145	protonephridia	chr4-h1-54659299-54660202
0.00000000117666453936856	1.82070965158087	0.118	0.034	0.0000429682589841215	protonephridia	chr1-h1-258221153-258222065
0.00000000133795346243587	1.61627650478964	0.148	0.049	0.0000488580465877708	protonephridia	chr3-h1-132416365-132417264
0.00000000155119990774496	1.74509007445116	0.123	0.036	0.0000566451670311228	protonephridia	chr1-h1-222033143-222034056
0.00000000174066859219255	1.67647697594805	0.133	0.041	0.0000635639949810955	protonephridia	chr2-h1-60239783-60240841
0.00000000191928186858893	1.32354918445193	0.212	0.088	0.000070086415995262	protonephridia	chr2-h1-168255404-168256304
0.00000000217572204941809	1.86220213407959	0.108	0.03	0.0000794508420786003	protonephridia	chr4-h1-51925744-51926853
0.00000000342538302507761	1.30804015409461	0.207	0.084	0.000125084711926759	protonephridia	chr3-h1-94645278-94646149
0.00000000415605368007982	1.16419178813468	0.246	0.108	0.000151766612235475	protonephridia	chr1-h1-262432054-262432936
0.00000000584057652073218	1.5967902779093	0.138	0.046	0.000213280332807577	protonephridia	chr2-h1-264699465-264700374
0.00000000641518475846095	0.850118930994077	0.399	0.225	0.000234263301824719	protonephridia	chr1-h1-192272261-192273216
0.0000000122548155495106	1.83152970765711	0.103	0.03	0.000447509099421479	protonephridia	chr1-h1-312140114-312141127
0.0000000122906090225374	1.18435104977611	0.227	0.098	0.000448816169675997	protonephridia	chr3-h1-83658627-83659549
0.0000000132941704654497	1.80985303923025	0.103	0.03	0.000485463222886827	protonephridia	chr1-h1-206863911-206864817
0.0000000163072589745834	1.77628021383441	0.103	0.03	0.000595492175974863	protonephridia	chr3-h1-13987799-13988699
0.0000000173755828718286	1.08772780894418	0.256	0.12	0.000634504159730566	protonephridia	chr4-h1-8636252-8637167
0.0000000176262252682461	1.72985751489013	0.108	0.032	0.000643656868120543	protonephridia	chr1-h1-285891842-285892868
0.0000000193873323481689	1.73889646718321	0.108	0.032	0.000707967215358084	protonephridia	chr3-h1-48941006-48941820
0.000000026737202164337	1.4070591925028	0.158	0.059	0.000976362411435095	protonephridia	chr1-h1-225539058-225539526
0.0000000268347320677395	1.65163692158993	0.113	0.035	0.000979923910917643	protonephridia	chr1-h1-226749463-226750370
0.0000000269807432622385	1.6665150899238	0.118	0.038	0.000985255801707164	protonephridia	chr1-h1-179070844-179071749
0.0000000313441177309301	1.39818311719088	0.153	0.055	0.00114459314718037	protonephridia	chr3-h1-94642017-94642911
0.0000000408326811715058	1.71072987322174	0.103	0.03	0.00149108701833988	protonephridia	chr1-h1-276955912-276956787
0.0000000441596460141479	1.31697053913898	0.177	0.072	0.00161257779349864	protonephridia	chr1-h1-334818507-334819393
0.0000000635255193081004	1.51954511662665	0.133	0.047	0.0023197613885739	protonephridia	chr2-h1-53035082-53036065
0.0000000700596425096508	1.56720061500417	0.123	0.041	0.00255836796552492	protonephridia	chr4-h1-53514648-53515535
0.000000075066745217331	1.12891580432701	0.217	0.094	0.00274121233510128	protonephridia	chr1-h1-293643734-293644645
0.0000000771023802800066	1.46124121542074	0.133	0.046	0.002815547620685	protonephridia	chr1-h1-150072915-150073767
0.000000099448272031006	1.16120969137639	0.207	0.09	0.00363155254975625	protonephridia	chr4-h1-53940130-53941014
0.000000130493573281797	1.49571190249994	0.128	0.045	0.0047652338155314	protonephridia	chr2-h1-172902776-172903640
0.00000019906493325	0.940483610031746	0.286	0.148	0.00726925416749024	protonephridia	chr1-h1-124866203-124867124
0.000000301981516994629	1.50793399821838	0.118	0.041	0.0110274590560929	protonephridia	chr2-h1-184186442-184187301
0.00000033028963555465	1.5368655865119	0.108	0.036	0.0120611866215492	protonephridia	chr3-h1-106158619-106159428
0.000000409087926310949	1.53319548510457	0.113	0.039	0.0149386638050969	protonephridia	chr1-h1-225829136-225830043
0.000000449027215619477	1.20293473716193	0.172	0.073	0.0163971268327764	protonephridia	chr3-h1-132939248-132940110
0.000000574026265308565	1.21013069000096	0.172	0.074	0.0209617171302729	protonephridia	chr1-h1-329167136-329168036
0.000000749747512651378	1.01092230478722	0.232	0.113	0.0273785299194904	protonephridia	chr3-h1-92871142-92871862
0.000000792670608729067	1.20129235633592	0.167	0.071	0.0289459526189593	protonephridia	chr2-h1-2963366-2964144
0.00000107444576213183	1.42742572155332	0.118	0.043	0.0392355358957681	protonephridia	chr1-h1-318708991-318709894
0.00000142643558137392	1.20342362265002	0.163	0.07	0.0520891481250313	protonephridia	chr3-h1-65711038-65711949
0.00000150853740579395	1.46456003649002	0.113	0.041	0.0550872604473777	protonephridia	chr2-h1-118340536-118341438
0.00000213930094511575	1.29481602179446	0.138	0.056	0.078120852612792	protonephridia	chr3-h1-107855481-107856304
0.0000024053765278728	0.976895872223483	0.222	0.109	0.087837134668331	protonephridia	chr3-h1-120746262-120747167
0.00000251561326340484	1.05763151981554	0.197	0.093	0.0918626495397546	protonephridia	chr4-h1-11517715-11518625
0.00000330299925471482	1.34520063512695	0.118	0.045	0.120615623784421	protonephridia	chr3-h1-103424543-103425439
0.00000335584678761963	1.43426000301097	0.108	0.04	0.122545457143506	protonephridia	chr1-h1-313328863-313329943
0.00000401712850554206	1.30002321812229	0.128	0.051	0.146693481636879	protonephridia	chr1-h1-31250570-31251485
0.00000442886331272335	0.689977178892612	0.384	0.239	0.161728801590718	protonephridia	chr2-h1-87620128-87621025
0.000004888391374676	1.27528077863229	0.128	0.051	0.178509387829043	protonephridia	chr2-h1-90204804-90205553
0.00000516717156502728	1.37992751885865	0.113	0.043	0.188689604040101	protonephridia	chr2-h1-21759945-21760756
0.00000686534971827221	1.2265586761662	0.133	0.055	0.250701975662146	protonephridia	chr1-h1-32148858-32149772
0.00000794608010656383	1.17936157802265	0.143	0.062	0.290167007251391	protonephridia	chr1-h1-223879520-223880414
0.0000101345405404662	0.62820649708276	0.424	0.266	0.370083016916204	protonephridia	chr1-h1-271564926-271565852
0.0000122070585828396	1.20240671265979	0.133	0.057	0.445765158269555	protonephridia	chr2-h1-7607688-7608596
0.0000145085709679796	0.78090147285654	0.291	0.17	0.529809486037711	protonephridia	chr1-h1-300204565-300205450
0.0000153528419790191	1.27469284834556	0.118	0.048	0.56063973054784	protonephridia	chr1-h1-223438243-223439155
0.0000189124822732735	1.27195768562691	0.118	0.049	0.69062711517313	protonephridia	chr1-h1-131783577-131784474
0.000026455912316151	1.3500373005551	0.103	0.041	0.966090550048885	protonephridia	chr3-h1-109037049-109037939
0.0000368946006345452	1.18823952510249	0.123	0.054	1	protonephridia	chr2-h1-46547048-46547965
0.0000576395319679144	1.16765530009397	0.118	0.051	1	protonephridia	chr1-h1-202103886-202104768
0.0000682911534647086	0.871053179638985	0.202	0.108	1	protonephridia	chr2-h1-267715315-267716217
0.0000695733911888481	1.246329669857	0.108	0.046	1	protonephridia	chr2-h1-233703095-233703970
0.000106740046121533	1.09530403749086	0.123	0.055	1	protonephridia	chr3-h1-52237199-52238152
0.000108467805206075	0.898696983683973	0.182	0.096	1	protonephridia	chr1-h1-191179236-191180211
0.000114203933672997	0.954317876556956	0.167	0.088	1	protonephridia	chr3-h1-153886-154904
0.000119051164052378	0.961829639469666	0.153	0.075	1	protonephridia	chr2-h1-179192629-179193519
0.00012231596339404	1.10526044251715	0.123	0.057	1	protonephridia	chr2-h1-227103162-227104111
0.000122886680237135	1.06875202829868	0.128	0.059	1	protonephridia	chr1-h1-203396131-203397050
0.000156558448929873	1.16412306677459	0.108	0.048	1	protonephridia	chr1-h1-29858242-29859141
0.000170035401128512	0.892577360578039	0.172	0.091	1	protonephridia	chr4-h1-4606631-4607533
0.000197344554866331	1.08297037353792	0.123	0.059	1	protonephridia	chr3-h1-132553799-132554691
0.00019816728420886	1.21510698946931	0.103	0.046	1	protonephridia	chr1-h1-104481233-104482182
0.000210409826279653	1.00347777604259	0.138	0.068	1	protonephridia	chr3-h1-59908872-59909823
0.000214172120279421	1.05696350223046	0.128	0.062	1	protonephridia	chr1-h1-34040763-34041725
0.000216457023634558	0.552518590806631	0.384	0.255	1	protonephridia	chr1-h1-137954244-137955174
0.00022500026985593	0.882654174057018	0.172	0.092	1	protonephridia	chr3-h1-42834914-42835806
0.000232447409622062	0.704544275514163	0.256	0.159	1	protonephridia	chr3-h1-65420283-65421212
0.000246709306085632	0.822869681571139	0.187	0.101	1	protonephridia	chr1-h1-324762160-324763068
0.000265123391182259	1.04640624405799	0.113	0.051	1	protonephridia	chr3-h1-109759003-109759946
0.000280755770028231	0.948803707844639	0.148	0.077	1	protonephridia	chr2-h1-95969428-95970422
0.000287601849475268	1.05913567381804	0.113	0.052	1	protonephridia	chr2-h1-237349882-237350791
0.000360072237210288	0.622265819996574	0.291	0.192	1	protonephridia	chr1-h1-219201771-219202670
0.000360524059026678	0.587988357214878	0.325	0.213	1	protonephridia	chr1-h1-272954726-272955663
0.00037697438456543	0.858980918286987	0.163	0.086	1	protonephridia	chr4-h1-12122426-12123332
0.000378411078633297	0.79505925972475	0.192	0.108	1	protonephridia	chr2-h1-21731998-21732858
0.000408873299906817	1.10331850447421	0.113	0.055	1	protonephridia	chr1-h1-260198847-260199785
0.000429925213225834	0.965080405976544	0.138	0.071	1	protonephridia	chr3-h1-11041179-11042254
0.000452193464367	0.981180326318329	0.133	0.068	1	protonephridia	chr1-h1-61856724-61857571
0.000548871146273471	0.63477277321523	0.266	0.165	1	protonephridia	chr3-h1-8294100-8295077
0.000558525032548377	0.896161194058402	0.148	0.078	1	protonephridia	chr1-h1-45827459-45828368
0.000652634687622723	0.987858312556143	0.128	0.067	1	protonephridia	chr3-h1-76294877-76295780
0.000732987432471976	0.939997979530886	0.128	0.065	1	protonephridia	chr1-h1-174155703-174156601
0.000873503518094917	1.03935022997151	0.108	0.053	1	protonephridia	chr3-h1-48154907-48155801
0.000956083155929625	0.823047943461202	0.153	0.084	1	protonephridia	chr1-h1-225539641-225540298
0.00120184793652659	0.711379458940361	0.202	0.124	1	protonephridia	chr2-h1-71975051-71975929
0.00135362711252855	0.728481632614773	0.187	0.112	1	protonephridia	chr1-h1-327773024-327773932
0.00139518454462381	0.823044176479753	0.153	0.086	1	protonephridia	chr2-h1-179151806-179152717
0.00141129379666194	0.789202938381593	0.158	0.089	1	protonephridia	chr1-h1-34117341-34118243
0.00144782542600462	0.882748551507637	0.128	0.067	1	protonephridia	chr3-h1-129080896-129081791
0.00154465669068938	0.593549180001599	0.261	0.172	1	protonephridia	chr3-h1-82540867-82541780
0.00164989592643249	0.95980906719276	0.113	0.058	1	protonephridia	chr1-h1-317095618-317096509
0.00287788228247778	0.768986791827194	0.148	0.084	1	protonephridia	chr3-h1-65548396-65549259
0.00288675481214349	0.498268614403125	0.32	0.223	1	protonephridia	chr4-h1-1128654-1129535
0.00292328316109007	0.599860143037472	0.236	0.155	1	protonephridia	chr1-h1-220383037-220383948
0.00372415719283736	0.655999156863919	0.192	0.122	1	protonephridia	chr4-h1-41065728-41066634
0.00411381970120016	0.819196054918401	0.128	0.074	1	protonephridia	chr3-h1-115917542-115918444
0.00430736518990583	0.894694813725247	0.103	0.055	1	protonephridia	chr4-h1-38229212-38230262
0.00453291132610592	0.813320148001626	0.123	0.069	1	protonephridia	chr1-h1-272042101-272043009
0.00465026350333823	0.69346420361007	0.163	0.1	1	protonephridia	chr1-h1-152110439-152111347
0.00500572975977725	0.876560855185139	0.113	0.064	1	protonephridia	chr2-h1-151444904-151445885
0.00568165625281289	0.491985278951152	0.296	0.206	1	protonephridia	chr2-h1-20797060-20797977
0.00596519728815974	0.767680254093506	0.123	0.069	1	protonephridia	chr1-h1-212448575-212449488
0.00660275042603837	0.805945930347386	0.103	0.056	1	protonephridia	chr1-h1-194763806-194764712
0.00688408216065091	0.685569756476297	0.158	0.099	1	protonephridia	h1tg000489l-12871-13758
0.00688852026452613	0.762735364132568	0.123	0.071	1	protonephridia	chr2-h1-81127364-81128335
0.00707699202377517	0.64782326375996	0.163	0.1	1	protonephridia	chr2-h1-235129345-235130251
0.00729602592386642	0.781170017364708	0.118	0.067	1	protonephridia	chr4-h1-52877118-52878007
0.00735468144165928	0.804915759929402	0.108	0.06	1	protonephridia	chr2-h1-242518188-242519080
0.00741515707345374	0.761309488653318	0.123	0.072	1	protonephridia	chr1-h1-73977428-73978330
0.00741989202003246	0.686494509802577	0.153	0.096	1	protonephridia	chr4-h1-54145278-54146271
0.00743709608004705	0.820511366898869	0.108	0.06	1	protonephridia	chr2-h1-54257057-54257741
0.00750470045075058	0.704150210462112	0.143	0.087	1	protonephridia	chr2-h1-197137548-197138476
0.00753093179670445	0.697095651176084	0.138	0.082	1	protonephridia	chr2-h1-8952598-8953475
0.0000000000000000000000000000000000000000000000000000000000000000000000000000000000000000000000000000000679361640089619	6.97329402723408	0.153	0.001	0.00000000000000000000000000000000000000000000000000000000000000000000000000000000000000000000000000248082490111526	secretory	chr2-h1-267931505-267932414
0.0000000000000000000000000000000000000000000000000000000000000000000000000000000000000000000175631542146546	5.75752237670623	0.163	0.003	0.000000000000000000000000000000000000000000000000000000000000000000000000000000000000000641353702456543	secretory	chr3-h1-101838616-101839625
0.000000000000000000000000000000000000000000000000000000000000000000000000000000000000224860979557134	4.19606444727578	0.233	0.013	0.00000000000000000000000000000000000000000000000000000000000000000000000000000000821124839048787	secretory	chr3-h1-53071139-53072044
0.000000000000000000000000000000000000000000000000000000000000000000000000000000000617411459906214	4.01668380477495	0.237	0.015	0.0000000000000000000000000000000000000000000000000000000000000000000000000000225460142813952	secretory	chr4-h1-41638938-41639855
0.0000000000000000000000000000000000000000000000000000000000000000000000000000000504805922208915	4.61916768526895	0.186	0.008	0.00000000000000000000000000000000000000000000000000000000000000000000000000184339978613029	secretory	chr1-h1-56877119-56877992
0.000000000000000000000000000000000000000000000000000000000000000000000139787935868254	3.76326010421976	0.228	0.017	0.00000000000000000000000000000000000000000000000000000000000000000510463605410104	secretory	chr3-h1-35797953-35798876
0.000000000000000000000000000000000000000000000000000000000000000000000715296451678034	6.21837260962173	0.112	0.001	0.0000000000000000000000000000000000000000000000000000000000000000261204805259268	secretory	chr1-h1-233113245-233114112
0.0000000000000000000000000000000000000000000000000000000000000197221715819326	5.09348809226896	0.126	0.004	0.000000000000000000000000000000000000000000000000000000000720194539657434	secretory	chr2-h1-48629123-48630126
0.000000000000000000000000000000000000000000000000000000000000168797822661765	4.30782750595307	0.158	0.008	0.00000000000000000000000000000000000000000000000000000000616399009013968	secretory	chr1-h1-5790416-5791256
0.0000000000000000000000000000000000000000000000000000000000097341385671353	5.18867396808189	0.116	0.003	0.00000000000000000000000000000000000000000000000000000035546153805608	secretory	chr1-h1-73737821-73738685
0.000000000000000000000000000000000000000000000000000000004849792715982	3.84340636534412	0.177	0.012	0.000000000000000000000000000000000000000000000000000177099880609515	secretory	chr3-h1-109193263-109194340
0.0000000000000000000000000000000000000000000000000000000115756608757054	4.48790918938059	0.14	0.007	0.000000000000000000000000000000000000000000000000000422708408198134	secretory	chr4-h1-9943511-9944397
0.00000000000000000000000000000000000000000000000000000223367315224892	4.58456327742116	0.126	0.005	0.0000000000000000000000000000000000000000000000000815670425006738	secretory	chr4-h1-52343517-52344486
0.0000000000000000000000000000000000000000000000000000402745724871313	4.84389249718527	0.116	0.004	0.00000000000000000000000000000000000000000000000147070656351257	secretory	chr2-h1-173527179-173528344
0.0000000000000000000000000000000000000000000000000000418081715527081	4.68869093508998	0.121	0.005	0.00000000000000000000000000000000000000000000000152670900059024	secretory	chr2-h1-123184323-123185342
0.00000000000000000000000000000000000000000000000000188529791312229	4.77149300973236	0.112	0.004	0.0000000000000000000000000000000000000000000000688454238934868	secretory	chr1-h1-72185636-72186583
0.0000000000000000000000000000000000000000000000000190560768994048	4.56315549658314	0.121	0.006	0.000000000000000000000000000000000000000000000695870760135563	secretory	chr1-h1-74728561-74729455
0.00000000000000000000000000000000000000000000000134164471591455	4.8434606559229	0.102	0.003	0.0000000000000000000000000000000000000000000489928400910516	secretory	chr1-h1-11873399-11874276
0.00000000000000000000000000000000000000000000000149302827862347	4.61379405228542	0.112	0.005	0.0000000000000000000000000000000000000000000545209136504932	secretory	chr1-h1-266460532-266461398
0.0000000000000000000000000000000000000000000000210690064500698	4.41976487826277	0.116	0.006	0.000000000000000000000000000000000000000000769376908537199	secretory	chr1-h1-52204600-52205481
0.000000000000000000000000000000000000000000000151528134533793	3.48359056970052	0.172	0.016	0.00000000000000000000000000000000000000000553335288877051	secretory	chr2-h1-130377851-130378756
0.0000000000000000000000000000000000000000000017043638657426	2.973110890575	0.223	0.028	0.0000000000000000000000000000000000000000622382552853224	secretory	chr2-h1-236228311-236229213
0.000000000000000000000000000000000000000000071385877784687	4.21323214002566	0.116	0.006	0.00000000000000000000000000000000000000260679809906342	secretory	chr2-h1-266681096-266682035
0.000000000000000000000000000000000000000000190447636015587	4.10575557934025	0.121	0.007	0.00000000000000000000000000000000000000695457632438119	secretory	h1tg000489l-51037-51982
0.00000000000000000000000000000000000000000746302781897872	3.82557950392634	0.13	0.009	0.000000000000000000000000000000000000272527386865646	secretory	chr4-h1-53751251-53752126
0.0000000000000000000000000000000000000000335940299099486	3.16873956667944	0.177	0.019	0.00000000000000000000000000000000000122675319022159	secretory	chr1-h1-333730358-333731255
0.000000000000000000000000000000000000000385440844350414	4.07659691856598	0.112	0.007	0.0000000000000000000000000000000000140751433131441	secretory	chr3-h1-131481535-131482382
0.00000000000000000000000000000000000000111750143003662	3.19441915982052	0.172	0.019	0.0000000000000000000000000000000000408077997206474	secretory	chr4-h1-4670151-4670836
0.00000000000000000000000000000000000000817264254860832	2.97469743254888	0.191	0.024	0.00000000000000000000000000000000029844038794753	secretory	chr3-h1-124315183-124316109
0.000000000000000000000000000000000372416798358485	3.55138946062331	0.121	0.01	0.0000000000000000000000000000135995442256568	secretory	chr1-h1-324987631-324988540
0.000000000000000000000000000000000576018490099159	3.77657162289575	0.107	0.008	0.000000000000000000000000000021034467202951	secretory	chr3-h1-96606646-96607577
0.000000000000000000000000000000000759635469980804	3.34478644698283	0.135	0.014	0.000000000000000000000000000027739608457289	secretory	chr3-h1-45517949-45518831
0.000000000000000000000000000000000869617768887955	3.46417925141637	0.126	0.012	0.0000000000000000000000000000317558320664815	secretory	chr3-h1-130296015-130296887
0.0000000000000000000000000000000477882885100495	3.00374543090033	0.153	0.019	0.00000000000000000000000000174508493152148	secretory	chr4-h1-9457462-9458368
0.0000000000000000000000000000000532649081595707	3.38452338042125	0.126	0.012	0.00000000000000000000000000194507465126304	secretory	chr3-h1-131044705-131045541
0.00000000000000000000000000000242323040260248	2.9842466849744	0.149	0.019	0.0000000000000000000000000884891046118348	secretory	chr3-h1-72649806-72650730
0.00000000000000000000000000010069876861895	3.1972168704149	0.121	0.013	0.00000000000000000000000367721693365819	secretory	chr1-h1-170240902-170241875
0.000000000000000000000000000145098865845827	2.33157057580338	0.223	0.046	0.00000000000000000000000529857528409206	secretory	chr4-h1-47139875-47140637
0.00000000000000000000000000207961955796122	2.61854782052759	0.167	0.027	0.00000000000000000000007594146739807	secretory	chr2-h1-265902312-265903206
0.00000000000000000000000000211354099845892	3.25289504240591	0.112	0.012	0.0000000000000000000000771801766407245	secretory	chr3-h1-120850966-120851868
0.000000000000000000000000022842693304925	2.08293607132981	0.251	0.06	0.000000000000000000000834146631415946	secretory	chr1-h1-100750532-100751555
0.0000000000000000000000000234456105297892	2.348814129843	0.205	0.042	0.000000000000000000000856163359716313	secretory	chr1-h1-56860399-56861417
0.0000000000000000000000000925092956276595	3.35841699921644	0.102	0.01	0.00000000000000000000337816194843524	secretory	chr1-h1-106060584-106061491
0.000000000000000000000000396823844349766	3.00632625781392	0.121	0.015	0.0000000000000000000144908163241204	secretory	chr4-h1-47616332-47617218
0.00000000000000000000000242522777510574	2.42939771320795	0.172	0.032	0.0000000000000000000885620426635363	secretory	chr2-h1-74963933-74964844
0.00000000000000000000000281102013334892	2.09508843124308	0.228	0.053	0.000000000000000000102650022209503	secretory	chr1-h1-255333955-255334820
0.00000000000000000000000535303498858898	2.14570754069053	0.214	0.048	0.000000000000000000195476778678304	secretory	chr1-h1-115972673-115973585
0.0000000000000000000000129542407394912	2.58249735318372	0.149	0.025	0.000000000000000000473050009083999	secretory	chr4-h1-7244604-7245498
0.0000000000000000000000149748942376665	2.1091167628277	0.219	0.051	0.000000000000000000546838212876868	secretory	chr2-h1-4417789-4418691
0.0000000000000000000000923959690422272	2.76379957033652	0.13	0.02	0.00000000000000000337402360151501	secretory	chr1-h1-76809404-76810318
0.000000000000000000000159864510223316	2.8465925138796	0.121	0.017	0.00000000000000000583777231982483	secretory	chr3-h1-58986867-58987664
0.000000000000000000000183705057271837	2.96014127410406	0.112	0.015	0.00000000000000000670835757639569	secretory	chr1-h1-122447089-122447992
0.000000000000000000000236247820414824	2.15223600992648	0.2	0.045	0.00000000000000000862706165808812	secretory	chr1-h1-40594739-40595472
0.000000000000000000000800441812782223	1.734087446889	0.288	0.089	0.0000000000000000292297336773684	secretory	chr2-h1-266346117-266346990
0.00000000000000000000282250088883052	2.74524901658597	0.116	0.017	0.000000000000000103069264957424	secretory	chr4-h1-778521-779401
0.00000000000000000000598392844064211	2.96808179204311	0.102	0.013	0.000000000000000218515114866928	secretory	chr1-h1-194097159-194098093
0.0000000000000000000178451294144484	2.73611990069337	0.116	0.018	0.000000000000000651650590827413	secretory	chr3-h1-112854540-112855373
0.0000000000000000000685280269736776	2.75301217136559	0.112	0.017	0.00000000000000250243796099778	secretory	chr1-h1-198029257-198030151
0.0000000000000000000746117917670372	2.64702070907313	0.121	0.02	0.0000000000000027245987999569	secretory	chr3-h1-103326851-103327720
0.000000000000000000114887221437495	1.55008226871426	0.316	0.11	0.00000000000000419533666523301	secretory	chr3-h1-92289879-92290800
0.000000000000000000143026295204251	2.11548392731988	0.177	0.04	0.00000000000000522289122197365	secretory	chr1-h1-285456067-285456950
0.000000000000000000244063901767373	2.72919932387027	0.112	0.017	0.00000000000000891248150083914	secretory	chr2-h1-59620578-59621521
0.000000000000000000249435314622975	2.03996419417268	0.191	0.046	0.00000000000000910862938408718	secretory	chr3-h1-71500840-71501705
0.00000000000000000565788996207544	2.51896362439945	0.116	0.02	0.000000000000206609167745109	secretory	chr1-h1-7107133-7108027
0.00000000000000000617580978398491	1.68293621797432	0.251	0.079	0.000000000000225522045881777	secretory	chr3-h1-53520834-53521726
0.00000000000000000942312344868399	2.13344408406385	0.158	0.036	0.000000000000344104198975593	secretory	chr2-h1-64142119-64143090
0.0000000000000000125249394429432	2.47021361300825	0.116	0.02	0.000000000000457373213637956	secretory	chr3-h1-109176006-109176864
0.0000000000000000318586748746019	2.10220513988182	0.158	0.037	0.00000000000116338323039584	secretory	chr2-h1-148719602-148720581
0.0000000000000000448993548771702	2.55907691490593	0.107	0.018	0.00000000000163958974204962	secretory	chr1-h1-88362854-88363743
0.0000000000000000457984169554397	2.04474849645579	0.172	0.044	0.00000000000167242079196179	secretory	chr3-h1-81916744-81917645
0.000000000000000118769365281269	1.86248061187139	0.191	0.052	0.00000000000433710091197609	secretory	chr2-h1-33972365-33973265
0.00000000000000016070700462288	2.05343283341714	0.158	0.038	0.00000000000586853768781369	secretory	chr1-h1-204716181-204717087
0.000000000000000181381355681731	2.04214475258428	0.158	0.038	0.00000000000662350296542977	secretory	chr4-h1-34085839-34086865
0.000000000000000262136071805036	1.91953840295786	0.181	0.049	0.0000000000095724229341045	secretory	chr1-h1-277016243-277017139
0.00000000000000238121739492899	2.09111119502075	0.14	0.032	0.0000000000869549156106221	secretory	chr1-h1-32155826-32156744
0.00000000000000282880813081933	2.38760324935443	0.112	0.022	0.000000000103299586513129	secretory	chr2-h1-47572361-47573155
0.0000000000000063094707024824	2.07157978695829	0.14	0.033	0.00000000023040294164255	secretory	chr2-h1-186338926-186339782
0.00000000000000712156080314309	2.09485776639279	0.14	0.033	0.000000000260058035848376	secretory	chr3-h1-106158619-106159428
0.00000000000000832262672243209	1.85949727588576	0.172	0.047	0.000000000303917360023053	secretory	chr3-h1-95182009-95182856
0.0000000000000287714732136934	2.38537610626154	0.102	0.02	0.00000000105064788734444	secretory	chr2-h1-175858843-175859742
0.0000000000000673602089188872	1.83532656617957	0.167	0.048	0.000000002459792749091	secretory	chr1-h1-16531583-16532483
0.0000000000000934812637862872	1.94001071455456	0.144	0.037	0.00000000341365530968385	secretory	chr4-h1-53745740-53746618
0.0000000000000978718229494993	2.22400068375061	0.112	0.024	0.00000000357398535864687	secretory	chr1-h1-48535399-48536290
0.000000000000142364166497399	2.10945157491509	0.126	0.03	0.00000000519871226798552	secretory	chr1-h1-123330871-123331780
0.000000000000484894917891713	1.61242681351953	0.195	0.064	0.0000000177069077166517	secretory	chr2-h1-207449509-207450428
0.000000000000547351756222926	2.15112425961123	0.112	0.025	0.0000000199876440819926	secretory	chr2-h1-219519071-219520065
0.000000000000794893094378642	2.08532044971961	0.116	0.027	0.0000000290271111274249	secretory	chr1-h1-298533016-298534096
0.00000000000110711893751335	1.15986207620263	0.33	0.15	0.000000040428662241175	secretory	chr2-h1-3941190-3942088
0.00000000000133111330983351	1.47816802368442	0.219	0.079	0.0000000486082647351904	secretory	chr1-h1-10174428-10175342
0.0000000000014992889629782	1.2359637467836	0.302	0.133	0.000000054749535061075	secretory	chr2-h1-176192508-176193843
0.00000000000224924310653934	2.19334746421553	0.102	0.022	0.0000000821356105214971	secretory	chr2-h1-182258112-182259025
0.00000000000242751153947642	2.0692708569599	0.116	0.028	0.0000000886454388870606	secretory	chr3-h1-25410295-25411194
0.00000000000450658919572877	1.98096882788548	0.121	0.03	0.000000164567117660428	secretory	chr1-h1-253416372-253417268
0.00000000000578631989856593	1.6545340791636	0.172	0.056	0.000000211299043735932	secretory	chr1-h1-185397777-185398668
0.00000000000610943516508985	1.90864890318267	0.13	0.035	0.000000223098243923586	secretory	chr1-h1-84933613-84934547
0.00000000000859758287014090	1.70631507395143	0.158	0.049	0.000000313957933668935	secretory	chr1-h1-225534995-225535877
0.0000000000091263504910773	1.64529828088226	0.167	0.053	0.00000033326694088267	secretory	chr1-h1-241198615-241199513
0.00000000000956902114428596	2.04826580419371	0.112	0.027	0.00000034943194512589	secretory	chr2-h1-129137371-129138233
0.0000000000293714297374522	1.58497026782068	0.177	0.061	0.00000107255649972254	secretory	chr2-h1-233503142-233504049
0.000000000139429830980878	1.70693899027502	0.14	0.043	0.00000509155913792872	secretory	chr2-h1-63701671-63702689
0.000000000149286035792724	1.29360279121428	0.233	0.096	0.00000545147816904292	secretory	chr3-h1-106881957-106882876
0.00000000043005603215709	1.91015618754114	0.107	0.028	0.0000157043561262805	secretory	chr2-h1-93634726-93635651
0.000000000610095923590083	1.80387358718481	0.116	0.033	0.0000222788728417391	secretory	chr4-h1-4474865-4475751
0.00000000124397332934221	1.05182184554192	0.298	0.145	0.0000454261740675895	secretory	chr2-h1-73319317-73320135
0.00000000224925999714852	1.62489515179034	0.135	0.044	0.0000821362273158726	secretory	chr1-h1-335257948-335258846
0.0000000030033565866273	1.59997471758559	0.135	0.044	0.000109673572473869	secretory	chr4-h1-14238952-14239856
0.00000000423778000618763	1.8294192938083	0.102	0.028	0.000154751012485954	secretory	chr2-h1-215445116-215446070
0.00000000437903082823448	1.60869171719414	0.135	0.046	0.000159909068754639	secretory	chr1-h1-168192941-168193918
0.00000000645659117545469	1.78339902427469	0.107	0.031	0.000235775339954079	secretory	chr1-h1-2455978-2456894
0.0000000100635290525634	1.79715778140024	0.102	0.03	0.000367489890412458	secretory	chr4-h1-55225607-55226624
0.0000000129790440944146	1.70119809561834	0.107	0.032	0.000473955753195739	secretory	chr1-h1-70566790-70567753
0.0000000143996994772088	1.30021477667498	0.181	0.073	0.000525833825809235	secretory	chr4-h1-11641327-11642232
0.0000000355760691172451	1.52286144293833	0.13	0.046	0.00129913131595444	secretory	chr2-h1-60712408-60713303
0.0000000422195636288331	1.73453955054753	0.102	0.031	0.0015417318050341	secretory	chr1-h1-27373987-27374854
0.0000000461173691511154	1.648532775445	0.107	0.033	0.00168406796929128	secretory	chr1-h1-63486295-63487209
0.0000000586101148204415	1.4430654387459	0.14	0.051	0.00214026556289806	secretory	chr2-h1-266304372-266305295
0.0000000772425031977354	1.1823752121995	0.195	0.086	0.0028206644892717	secretory	chr1-h1-34117341-34118243
0.00000013606314977782	1.39533629276571	0.135	0.05	0.00496861804043666	secretory	chr1-h1-71424904-71425974
0.000000146792043006196	1.58399252266348	0.107	0.035	0.00536040503445726	secretory	chr4-h1-3973294-3974308
0.000000157096272588695	1.12013975200285	0.205	0.093	0.00573668458612138	secretory	chr1-h1-332347102-332347991
0.000000165820570896592	1.04133047757299	0.228	0.109	0.00605526978743085	secretory	chr1-h1-2590602-2591497
0.000000215283130903989	1.57538960088225	0.102	0.033	0.00786149409122096	secretory	chr1-h1-335275774-335276751
0.000000270019830819541	1.32576174530731	0.144	0.056	0.00986031416203718	secretory	chr1-h1-251947426-251948570
0.00000027746707355551	1.61689976700336	0.102	0.034	0.0101322651250266	secretory	chr2-h1-169322516-169323420
0.000000353825722664895	1.51844349878612	0.112	0.039	0.012920653914554	secretory	chr2-h1-71852784-71853723
0.000000356867657956847	1.26160706917361	0.153	0.062	0.0130317362656102	secretory	chr4-h1-1127434-1128167
0.000000357904385335129	1.52631081092951	0.112	0.039	0.0130695944392829	secretory	chr1-h1-106800686-106801568
0.00000052195271540902	1.37705245825287	0.135	0.053	0.0190601473085912	secretory	chr1-h1-194763806-194764712
0.000000572258917060202	1.42475472363297	0.126	0.048	0.0208971788742874	secretory	chr1-h1-260266507-260267411
0.00000066052048545615	1.51772061648941	0.112	0.04	0.0241202265674022	secretory	chr1-h1-106702004-106702888
0.000000668280893353903	1.48593128733898	0.112	0.04	0.0244036133826045	secretory	chr1-h1-124504767-124505661
0.000000676502448253868	1.23049184069707	0.158	0.068	0.0247038399028865	secretory	chr1-h1-55920688-55921614
0.000000719368191767322	1.36337276020107	0.135	0.054	0.0262691682587673	secretory	chr1-h1-318057494-318058465
0.000000733701699319626	1.54434671389997	0.102	0.035	0.0267925849540548	secretory	chr2-h1-240997081-240997968
0.000000760337400649893	1.29385124561723	0.14	0.056	0.0277652408595322	secretory	chr3-h1-23146835-23147755
0.000000841701953259782	1.05683885610698	0.205	0.097	0.0307364302271875	secretory	chr2-h1-235129345-235130251
0.000000908217184091626	1.49027255858992	0.107	0.038	0.0331653669114739	secretory	chr2-h1-13492434-13493327
0.000000916034546220227	1.4633657103742	0.112	0.04	0.033450833524324	secretory	chr2-h1-13766610-13767541
0.00000100556181648306	1.15058938080353	0.177	0.082	0.036720100852512	secretory	chr1-h1-220367657-220368575
0.00000133707835512987	1.27736076370925	0.135	0.054	0.0488260902942773	secretory	chr1-h1-32148858-32149772
0.00000150988308739477	1.34015538357984	0.126	0.049	0.055136400702395	secretory	chr1-h1-164979637-164980512
0.00000454231211357345	0.875043497924107	0.251	0.134	0.165871611451362	secretory	chr1-h1-332829478-332830436
0.00000894569988517017	1.33579588475404	0.112	0.045	0.326670122706759	secretory	chr1-h1-168887953-168888861
0.0000122826419633046	1.16291107986918	0.135	0.059	0.448525236573993	secretory	chr1-h1-53537696-53538595
0.000016577268034042	0.997748035038833	0.181	0.094	0.605352096799113	secretory	chr1-h1-73446069-73446984
0.0000174811697466797	1.20683250796695	0.126	0.055	0.638359875639502	secretory	chr2-h1-20932278-20933174
0.0000195047914982593	1.11336130565832	0.14	0.063	0.712256471141936	secretory	chr2-h1-61358041-61358937
0.0000222719776470273	0.840732317461011	0.233	0.135	0.813305807736497	secretory	chr1-h1-43492710-43493619
0.0000229230459132798	1.25693168743192	0.112	0.046	0.83708086761524	secretory	chr1-h1-293401693-293402588
0.000024522546395661	1.3486257545238	0.102	0.042	0.895489826730353	secretory	chr1-h1-34011473-34012607
0.0000293602224468869	1.10602763100514	0.135	0.061	1	secretory	chr1-h1-303670587-303671488
0.0000309521299468233	0.905872609575659	0.191	0.1	1	secretory	chr4-h1-39824649-39825585
0.0000366160586344744	0.765300215308654	0.256	0.15	1	secretory	chr1-h1-124866203-124867124
0.0000959565770355535	1.01010010461567	0.144	0.072	1	secretory	chr2-h1-2963366-2964144
0.000188487404635277	0.792167426923472	0.205	0.12	1	secretory	chr2-h1-90201921-90202821
0.000199987040140997	1.16871939247544	0.102	0.046	1	secretory	chr1-h1-255339905-255340788
0.000212770247433527	1.14392014606224	0.102	0.046	1	secretory	chr1-h1-104481233-104482182
0.000223886155265221	1.05111657833892	0.126	0.062	1	secretory	chr3-h1-94025692-94026579
0.000227609478784961	1.01167115472259	0.126	0.061	1	secretory	chr1-h1-194583585-194584469
0.000227964142434416	1.02405805548911	0.121	0.058	1	secretory	chr3-h1-121804173-121805065
0.000244332834295252	0.875951082263213	0.167	0.092	1	secretory	chr1-h1-218171606-218172507
0.000398558787266321	1.05959703621122	0.102	0.047	1	secretory	chr1-h1-331895887-331896785
0.000432519153510207	0.614799967081503	0.274	0.181	1	secretory	chr4-h1-55229808-55230696
0.00055960393103085	0.854064167812297	0.158	0.09	1	secretory	chr1-h1-46272876-46273783
0.00056016650598622	0.927197277981188	0.135	0.071	1	secretory	chr3-h1-65711038-65711949
0.000657206713445924	1.0946401995487	0.102	0.05	1	secretory	chr3-h1-48099589-48100477
0.00071557084184213	0.511848489700595	0.34	0.241	1	secretory	chr2-h1-87620128-87621025
0.000748773557842847	0.992752529648038	0.107	0.052	1	secretory	chr1-h1-338217613-338218498
0.000987014933952723	0.702193895758333	0.2	0.124	1	secretory	chr3-h1-63010801-63011700
0.00144686595789825	0.703509051764761	0.181	0.109	1	secretory	chr1-h1-46301204-46302108
0.00157994239494817	0.930107068731237	0.112	0.058	1	secretory	chr2-h1-13775683-13776309
0.00183711077923596	0.568530533420598	0.256	0.172	1	secretory	chr1-h1-300204565-300205450
0.00276218473882079	0.721893995403808	0.167	0.104	1	secretory	chr3-h1-310759-311633
0.00344301647425279	0.707016553719883	0.167	0.106	1	secretory	chr3-h1-132552288-132553190
0.00351437197867121	0.884643594659109	0.107	0.058	1	secretory	chr3-h1-7437164-7438100
0.0037589139809438	0.892113304259084	0.102	0.055	1	secretory	chr2-h1-46547048-46547965
0.0051134695262381	0.62167866265261	0.186	0.122	1	secretory	chr4-h1-41065728-41066634
0.00554364790159486	0.776756099653056	0.121	0.07	1	secretory	chr2-h1-21774558-21775472
0.00634186095436462	0.762508563595448	0.121	0.071	1	secretory	chr1-h1-273347695-273348598
0.00692885902264657	0.654582117561063	0.158	0.102	1	secretory	chr1-h1-303218906-303219772
0.0069796227518176	0.730867322187022	0.126	0.074	1	secretory	chr3-h1-115917542-115918444
0.0073621184107097	0.471695211187539	0.265	0.193	1	secretory	chr1-h1-219201771-219202670
0.00810141688872765	0.665632023500991	0.153	0.099	1	secretory	h1tg000489l-12871-13758
0.00850658686042195	0.514724015268007	0.233	0.166	1	secretory	chr3-h1-8294100-8295077
0.0091081480018806	0.751013389446975	0.112	0.065	1	secretory	chr1-h1-244667543-244668482
