gene	COG_category
h1SMcG0000001	-
h1SMcG0000002	E
h1SMcG0000003	E
h1SMcG0000004	-
h1SMcG0000005	-
h1SMcG0000006	-
h1SMcG0000007	-
h1SMcG0000008	K
h1SMcG0000009	T
h1SMcG0000010	-
h1SMcG0000011	T
h1SMcG0000012	K
h1SMcG0000013	K
h1SMcG0000014	T
h1SMcG0000015	-
h1SMcG0000016	S
h1SMcG0000017	T
h1SMcG0000018	T
h1SMcG0000019	T
h1SMcG0000020	-
h1SMcG0000021	-
h1SMcG0000022	-
h1SMcG0000023	T
h1SMcG0000024	K
h1SMcG0000025	T
h1SMcG0000026	O
h1SMcG0000027	A
h1SMcG0000028	I
h1SMcG0000029	O
h1SMcG0000030	-
h1SMcG0000031	-
h1SMcG0000032	L
h1SMcG0000033	-
h1SMcG0000034	-
h1SMcG0000035	J
h1SMcG0000036	O
h1SMcG0000037	O
h1SMcG0000038	-
h1SMcG0000039	T
h1SMcG0000040	U
h1SMcG0000041	-
h1SMcG0000042	T
h1SMcG0000043	U
h1SMcG0000044	-
h1SMcG0000045	O
h1SMcG0000046	-
h1SMcG0000047	U
h1SMcG0000048	-
h1SMcG0000049	A
h1SMcG0000050	S
h1SMcG0000051	-
h1SMcG0000052	-
h1SMcG0000053	-
h1SMcG0000054	S
h1SMcG0000055	-
h1SMcG0000056	J
h1SMcG0000057	-
h1SMcG0000058	O
h1SMcG0000059	J
h1SMcG0000060	ADK
h1SMcG0000061	J
h1SMcG0000062	J
h1SMcG0000063	-
h1SMcG0000064	TZ
h1SMcG0000065	F
h1SMcG0000066	O
h1SMcG0000067	P
h1SMcG0000068	-
h1SMcG0000069	-
h1SMcG0000070	T
h1SMcG0000071	-
h1SMcG0000072	-
h1SMcG0000073	JO
h1SMcG0000074	JO
h1SMcG0000075	E
h1SMcG0000076	P
h1SMcG0000077	-
h1SMcG0000078	T
h1SMcG0000079	K
h1SMcG0000080	-
h1SMcG0000081	S
h1SMcG0000082	-
h1SMcG0000083	T
h1SMcG0000084	-
h1SMcG0000085	K
h1SMcG0000086	T
h1SMcG0000087	P
h1SMcG0000088	P
h1SMcG0000089	-
h1SMcG0000090	-
h1SMcG0000091	-
h1SMcG0000092	-
h1SMcG0000093	E
h1SMcG0000094	S
h1SMcG0000095	E
h1SMcG0000096	S
h1SMcG0000097	-
h1SMcG0000098	O
h1SMcG0000099	-
h1SMcG0000100	P
h1SMcG0000101	S
h1SMcG0000102	-
h1SMcG0000103	-
h1SMcG0000104	-
h1SMcG0000105	O
h1SMcG0000106	G
h1SMcG0000107	S
h1SMcG0000108	C
h1SMcG0000109	J
h1SMcG0000110	-
h1SMcG0000111	-
h1SMcG0000112	-
h1SMcG0000113	-
h1SMcG0000114	L
h1SMcG0000115	-
h1SMcG0000116	T
h1SMcG0000117	L
h1SMcG0000118	L
h1SMcG0000119	-
h1SMcG0000120	-
h1SMcG0000121	-
h1SMcG0000122	S
h1SMcG0000123	-
h1SMcG0000124	-
h1SMcG0000125	E
h1SMcG0000126	-
h1SMcG0000127	O
h1SMcG0000128	-
h1SMcG0000129	OU
h1SMcG0000130	E
h1SMcG0000131	T
h1SMcG0000132	O
h1SMcG0000133	-
h1SMcG0000134	L
h1SMcG0000135	-
h1SMcG0000136	-
h1SMcG0000137	M
h1SMcG0000138	T
h1SMcG0000139	-
h1SMcG0000140	M
h1SMcG0000141	O
h1SMcG0000142	-
h1SMcG0000143	K
h1SMcG0000144	K
h1SMcG0000145	S
h1SMcG0000146	K
h1SMcG0000147	S
h1SMcG0000148	-
h1SMcG0000149	S
h1SMcG0000150	U
h1SMcG0000151	S
h1SMcG0000152	S
h1SMcG0000153	EG
h1SMcG0000154	S
h1SMcG0000155	S
h1SMcG0000156	S
h1SMcG0000157	-
h1SMcG0000158	-
h1SMcG0000159	G
h1SMcG0000160	T
h1SMcG0000161	Z
h1SMcG0000162	J
h1SMcG0000163	O
h1SMcG0000164	OT
h1SMcG0000165	S
h1SMcG0000166	-
h1SMcG0000167	T
h1SMcG0000168	-
h1SMcG0000169	S
h1SMcG0000170	S
h1SMcG0000171	S
h1SMcG0000172	-
h1SMcG0000173	L
h1SMcG0000174	Z
h1SMcG0000175	J
h1SMcG0000176	J
h1SMcG0000177	O
h1SMcG0000178	S
h1SMcG0000179	K
h1SMcG0000180	I
h1SMcG0000181	K
h1SMcG0000182	M
h1SMcG0000183	S
h1SMcG0000184	H
h1SMcG0000185	U
h1SMcG0000186	-
h1SMcG0000187	-
h1SMcG0000188	P
h1SMcG0000189	K
h1SMcG0000190	O
h1SMcG0000191	J
h1SMcG0000192	-
h1SMcG0000193	I
h1SMcG0000194	P
h1SMcG0000195	I
h1SMcG0000196	T
h1SMcG0000197	-
h1SMcG0000198	-
h1SMcG0000199	A
h1SMcG0000200	-
h1SMcG0000201	Z
h1SMcG0000202	Z
h1SMcG0000203	Z
h1SMcG0000204	Z
h1SMcG0000205	Z
h1SMcG0000206	D
h1SMcG0000207	S
h1SMcG0000208	-
h1SMcG0000209	-
h1SMcG0000210	-
h1SMcG0000211	K
h1SMcG0000212	-
h1SMcG0000213	I
h1SMcG0000214	I
h1SMcG0000215	S
h1SMcG0000216	-
h1SMcG0000217	-
h1SMcG0000218	I
h1SMcG0000219	M
h1SMcG0000220	S
h1SMcG0000221	-
h1SMcG0000222	-
h1SMcG0000223	O
h1SMcG0000224	G
h1SMcG0000225	S
h1SMcG0000226	U
h1SMcG0000227	M
h1SMcG0000228	M
h1SMcG0000229	M
h1SMcG0000230	-
h1SMcG0000231	T
h1SMcG0000232	O
h1SMcG0000233	-
h1SMcG0000234	T
h1SMcG0000235	U
h1SMcG0000236	EPT
h1SMcG0000237	T
h1SMcG0000238	T
h1SMcG0000239	S
h1SMcG0000240	U
h1SMcG0000241	S
h1SMcG0000242	-
h1SMcG0000243	O
h1SMcG0000244	-
h1SMcG0000245	-
h1SMcG0000246	T
h1SMcG0000247	H
h1SMcG0000248	M
h1SMcG0000249	-
h1SMcG0000250	T
h1SMcG0000251	DTZ
h1SMcG0000252	M
h1SMcG0000253	U
h1SMcG0000254	-
h1SMcG0000255	J
h1SMcG0000256	S
h1SMcG0000257	S
h1SMcG0000258	O
h1SMcG0000259	-
h1SMcG0000260	-
h1SMcG0000261	-
h1SMcG0000262	-
h1SMcG0000263	O
h1SMcG0000264	D
h1SMcG0000265	V
h1SMcG0000266	-
h1SMcG0000267	K
h1SMcG0000268	S
h1SMcG0000269	K
h1SMcG0000270	-
h1SMcG0000271	-
h1SMcG0000272	-
h1SMcG0000273	-
h1SMcG0000274	-
h1SMcG0000275	-
h1SMcG0000276	O
h1SMcG0000277	S
h1SMcG0000278	-
h1SMcG0000279	Z
h1SMcG0000280	-
h1SMcG0000281	-
h1SMcG0000282	K
h1SMcG0000283	-
h1SMcG0000284	T
h1SMcG0000285	K
h1SMcG0000286	UY
h1SMcG0000287	K
h1SMcG0000288	S
h1SMcG0000289	S
h1SMcG0000290	-
h1SMcG0000291	-
h1SMcG0000292	K
h1SMcG0000293	S
h1SMcG0000294	F
h1SMcG0000295	Z
h1SMcG0000296	GT
h1SMcG0000297	-
h1SMcG0000298	S
h1SMcG0000299	Y
h1SMcG0000300	-
h1SMcG0000301	-
h1SMcG0000302	-
h1SMcG0000303	-
h1SMcG0000304	-
h1SMcG0000305	-
h1SMcG0000306	-
h1SMcG0000307	-
h1SMcG0000308	-
h1SMcG0000309	E
h1SMcG0000310	-
h1SMcG0000311	-
h1SMcG0000312	-
h1SMcG0000313	-
h1SMcG0000314	-
h1SMcG0000315	-
h1SMcG0000316	S
h1SMcG0000317	-
h1SMcG0000318	-
h1SMcG0000319	T
h1SMcG0000320	-
h1SMcG0000321	-
h1SMcG0000322	S
h1SMcG0000323	-
h1SMcG0000324	-
h1SMcG0000325	P
h1SMcG0000326	-
h1SMcG0000327	H
h1SMcG0000328	S
h1SMcG0000329	-
h1SMcG0000330	-
h1SMcG0000331	-
h1SMcG0000332	O
h1SMcG0000333	S
h1SMcG0000334	P
h1SMcG0000335	-
h1SMcG0000336	-
h1SMcG0000337	-
h1SMcG0000338	KLO
h1SMcG0000339	-
h1SMcG0000340	C
h1SMcG0000341	-
h1SMcG0000342	-
h1SMcG0000343	-
h1SMcG0000344	-
h1SMcG0000345	T
h1SMcG0000346	-
h1SMcG0000347	S
h1SMcG0000348	-
h1SMcG0000349	-
h1SMcG0000350	S
h1SMcG0000351	W
h1SMcG0000352	-
h1SMcG0000353	T
h1SMcG0000354	-
h1SMcG0000355	K
h1SMcG0000356	B
h1SMcG0000357	S
h1SMcG0000358	O
h1SMcG0000359	-
h1SMcG0000360	-
h1SMcG0000361	T
h1SMcG0000362	O
h1SMcG0000363	-
h1SMcG0000364	T
h1SMcG0000365	-
h1SMcG0000366	S
h1SMcG0000367	S
h1SMcG0000368	E
h1SMcG0000369	-
h1SMcG0000370	-
h1SMcG0000371	-
h1SMcG0000372	-
h1SMcG0000373	-
h1SMcG0000374	-
h1SMcG0000375	-
h1SMcG0000376	-
h1SMcG0000377	-
h1SMcG0000378	S
h1SMcG0000379	-
h1SMcG0000380	S
h1SMcG0000381	-
h1SMcG0000382	T
h1SMcG0000383	S
h1SMcG0000384	-
h1SMcG0000385	A
h1SMcG0000386	S
h1SMcG0000387	BD
h1SMcG0000388	S
h1SMcG0000389	-
h1SMcG0000390	-
h1SMcG0000391	S
h1SMcG0000392	-
h1SMcG0000393	-
h1SMcG0000394	-
h1SMcG0000395	S
h1SMcG0000396	P
h1SMcG0000397	T
h1SMcG0000398	Q
h1SMcG0000399	-
h1SMcG0000400	-
h1SMcG0000401	S
h1SMcG0000402	Q
h1SMcG0000403	S
h1SMcG0000404	S
h1SMcG0000405	A
h1SMcG0000406	S
h1SMcG0000407	-
h1SMcG0000408	-
h1SMcG0000409	-
h1SMcG0000410	-
h1SMcG0000411	-
h1SMcG0000412	T
h1SMcG0000413	T
h1SMcG0000414	-
h1SMcG0000415	-
h1SMcG0000416	-
h1SMcG0000417	-
h1SMcG0000418	-
h1SMcG0000419	L
h1SMcG0000420	-
h1SMcG0000421	D
h1SMcG0000422	U
h1SMcG0000423	S
h1SMcG0000424	S
h1SMcG0000425	S
h1SMcG0000426	P
h1SMcG0000427	U
h1SMcG0000428	O
h1SMcG0000429	O
h1SMcG0000430	T
h1SMcG0000431	S
h1SMcG0000432	P
h1SMcG0000433	BD
h1SMcG0000434	K
h1SMcG0000435	-
h1SMcG0000436	L
h1SMcG0000437	DZ
h1SMcG0000438	O
h1SMcG0000439	S
h1SMcG0000440	-
h1SMcG0000441	-
h1SMcG0000442	U
h1SMcG0000443	T
h1SMcG0000444	-
h1SMcG0000445	-
h1SMcG0000446	S
h1SMcG0000447	C
h1SMcG0000448	T
h1SMcG0000449	-
h1SMcG0000450	-
h1SMcG0000451	-
h1SMcG0000452	-
h1SMcG0000453	-
h1SMcG0000454	-
h1SMcG0000455	-
h1SMcG0000456	-
h1SMcG0000457	T
h1SMcG0000458	M
h1SMcG0000459	T
h1SMcG0000460	Y
h1SMcG0000461	O
h1SMcG0000462	EO
h1SMcG0000463	K
h1SMcG0000464	-
h1SMcG0000465	A
h1SMcG0000466	-
h1SMcG0000467	-
h1SMcG0000468	L
h1SMcG0000469	-
h1SMcG0000470	-
h1SMcG0000471	L
h1SMcG0000472	AJ
h1SMcG0000473	TZ
h1SMcG0000474	T
h1SMcG0000475	-
h1SMcG0000476	D
h1SMcG0000477	D
h1SMcG0000478	Z
h1SMcG0000479	Z
h1SMcG0000480	-
h1SMcG0000481	S
h1SMcG0000482	L
h1SMcG0000483	-
h1SMcG0000484	-
h1SMcG0000485	TZ
h1SMcG0000486	E
h1SMcG0000487	O
h1SMcG0000488	O
h1SMcG0000489	T
h1SMcG0000490	T
h1SMcG0000491	O
h1SMcG0000492	-
h1SMcG0000493	U
h1SMcG0000494	P
h1SMcG0000495	S
h1SMcG0000496	T
h1SMcG0000497	P
h1SMcG0000498	-
h1SMcG0000499	S
h1SMcG0000500	K
h1SMcG0000501	L
h1SMcG0000502	A
h1SMcG0000503	S
h1SMcG0000504	T
h1SMcG0000505	L
h1SMcG0000506	K
h1SMcG0000507	-
h1SMcG0000508	O
h1SMcG0000509	-
h1SMcG0000510	-
h1SMcG0000511	DT
h1SMcG0000512	-
h1SMcG0000513	O
h1SMcG0000514	S
h1SMcG0000515	Z
h1SMcG0000516	D
h1SMcG0000517	T
h1SMcG0000518	E
h1SMcG0000519	S
h1SMcG0000520	A
h1SMcG0000521	-
h1SMcG0000522	-
h1SMcG0000523	E
h1SMcG0000524	K
h1SMcG0000525	GO
h1SMcG0000526	O
h1SMcG0000527	S
h1SMcG0000528	K
h1SMcG0000529	-
h1SMcG0000530	-
h1SMcG0000531	S
h1SMcG0000532	JO
h1SMcG0000533	-
h1SMcG0000534	O
h1SMcG0000535	-
h1SMcG0000536	S
h1SMcG0000537	-
h1SMcG0000538	-
h1SMcG0000539	-
h1SMcG0000540	-
h1SMcG0000541	S
h1SMcG0000542	S
h1SMcG0000543	E
h1SMcG0000544	Z
h1SMcG0000545	-
h1SMcG0000546	-
h1SMcG0000547	-
h1SMcG0000548	K
h1SMcG0000549	T
h1SMcG0000550	PT
h1SMcG0000551	T
h1SMcG0000552	F
h1SMcG0000553	I
h1SMcG0000554	O
h1SMcG0000555	-
h1SMcG0000556	O
h1SMcG0000557	O
h1SMcG0000558	O
h1SMcG0000559	I
h1SMcG0000560	Q
h1SMcG0000561	J
h1SMcG0000562	A
h1SMcG0000563	U
h1SMcG0000564	P
h1SMcG0000565	P
h1SMcG0000566	D
h1SMcG0000567	S
h1SMcG0000568	F
h1SMcG0000569	P
h1SMcG0000570	O
h1SMcG0000571	-
h1SMcG0000572	S
h1SMcG0000573	-
h1SMcG0000574	S
h1SMcG0000575	-
h1SMcG0000576	U
h1SMcG0000577	O
h1SMcG0000578	E
h1SMcG0000579	O
h1SMcG0000580	A
h1SMcG0000581	S
h1SMcG0000582	S
h1SMcG0000583	T
h1SMcG0000584	C
h1SMcG0000585	J
h1SMcG0000586	K
h1SMcG0000587	T
h1SMcG0000588	S
h1SMcG0000589	-
h1SMcG0000590	A
h1SMcG0000591	-
h1SMcG0000592	A
h1SMcG0000593	-
h1SMcG0000594	L
h1SMcG0000595	-
h1SMcG0000596	E
h1SMcG0000597	-
h1SMcG0000598	-
h1SMcG0000599	-
h1SMcG0000600	-
h1SMcG0000601	D
h1SMcG0000602	-
h1SMcG0000603	-
h1SMcG0000604	-
h1SMcG0000605	-
h1SMcG0000606	-
h1SMcG0000607	-
h1SMcG0000608	-
h1SMcG0000609	A
h1SMcG0000610	-
h1SMcG0000611	-
h1SMcG0000612	T
h1SMcG0000613	O
h1SMcG0000614	-
h1SMcG0000615	T
h1SMcG0000616	G
h1SMcG0000617	T
h1SMcG0000618	T
h1SMcG0000619	-
h1SMcG0000620	A
h1SMcG0000621	A
h1SMcG0000622	O
h1SMcG0000623	T
h1SMcG0000624	S
h1SMcG0000625	-
h1SMcG0000626	T
h1SMcG0000627	D
h1SMcG0000628	C
h1SMcG0000629	S
h1SMcG0000630	-
h1SMcG0000631	-
h1SMcG0000632	-
h1SMcG0000633	B
h1SMcG0000634	U
h1SMcG0000635	S
h1SMcG0000636	L
h1SMcG0000637	J
h1SMcG0000638	-
h1SMcG0000639	E
h1SMcG0000640	J
h1SMcG0000641	O
h1SMcG0000642	S
h1SMcG0000643	J
h1SMcG0000644	-
h1SMcG0000645	-
h1SMcG0000646	E
h1SMcG0000647	L
h1SMcG0000648	E
h1SMcG0000649	-
h1SMcG0000650	I
h1SMcG0000651	I
h1SMcG0000652	E
h1SMcG0000653	E
h1SMcG0000654	KT
h1SMcG0000655	T
h1SMcG0000656	K
h1SMcG0000657	L
h1SMcG0000658	E
h1SMcG0000659	-
h1SMcG0000660	-
h1SMcG0000661	DTZ
h1SMcG0000662	U
h1SMcG0000663	-
h1SMcG0000664	-
h1SMcG0000665	O
h1SMcG0000666	OU
h1SMcG0000667	-
h1SMcG0000668	-
h1SMcG0000669	IT
h1SMcG0000670	-
h1SMcG0000671	-
h1SMcG0000672	-
h1SMcG0000673	-
h1SMcG0000674	A
h1SMcG0000675	DL
h1SMcG0000676	-
h1SMcG0000677	O
h1SMcG0000678	P
h1SMcG0000679	-
h1SMcG0000680	B
h1SMcG0000681	O
h1SMcG0000682	S
h1SMcG0000683	O
h1SMcG0000684	T
h1SMcG0000685	-
h1SMcG0000686	-
h1SMcG0000687	T
h1SMcG0000688	-
h1SMcG0000689	S
h1SMcG0000690	L
h1SMcG0000691	G
h1SMcG0000692	J
h1SMcG0000693	S
h1SMcG0000694	TV
h1SMcG0000695	W
h1SMcG0000696	L
h1SMcG0000697	S
h1SMcG0000698	-
h1SMcG0000699	T
h1SMcG0000700	-
h1SMcG0000701	A
h1SMcG0000702	TU
h1SMcG0000703	K
h1SMcG0000704	G
h1SMcG0000705	-
h1SMcG0000706	S
h1SMcG0000707	O
h1SMcG0000708	Z
h1SMcG0000709	P
h1SMcG0000710	A
h1SMcG0000711	T
h1SMcG0000712	-
h1SMcG0000713	-
h1SMcG0000714	A
h1SMcG0000715	A
h1SMcG0000716	T
h1SMcG0000717	-
h1SMcG0000718	S
h1SMcG0000719	I
h1SMcG0000720	-
h1SMcG0000721	S
h1SMcG0000722	E
h1SMcG0000723	U
h1SMcG0000724	G
h1SMcG0000725	G
h1SMcG0000726	S
h1SMcG0000727	P
h1SMcG0000728	-
h1SMcG0000729	S
h1SMcG0000730	T
h1SMcG0000731	-
h1SMcG0000732	-
h1SMcG0000733	A
h1SMcG0000734	A
h1SMcG0000735	U
h1SMcG0000736	G
h1SMcG0000737	-
h1SMcG0000738	U
h1SMcG0000739	-
h1SMcG0000740	-
h1SMcG0000741	-
h1SMcG0000742	S
h1SMcG0000743	AK
h1SMcG0000744	S
h1SMcG0000745	-
h1SMcG0000746	-
h1SMcG0000747	T
h1SMcG0000748	AL
h1SMcG0000749	T
h1SMcG0000750	JKL
h1SMcG0000751	T
h1SMcG0000752	O
h1SMcG0000753	-
h1SMcG0000754	P
h1SMcG0000755	-
h1SMcG0000756	-
h1SMcG0000757	S
h1SMcG0000758	-
h1SMcG0000759	I
h1SMcG0000760	-
h1SMcG0000761	K
h1SMcG0000762	Z
h1SMcG0000763	O
h1SMcG0000764	U
h1SMcG0000765	-
h1SMcG0000766	C
h1SMcG0000767	K
h1SMcG0000768	-
h1SMcG0000769	K
h1SMcG0000770	S
h1SMcG0000771	V
h1SMcG0000772	Z
h1SMcG0000773	S
h1SMcG0000774	-
h1SMcG0000775	D
h1SMcG0000776	L
h1SMcG0000777	-
h1SMcG0000778	-
h1SMcG0000779	-
h1SMcG0000780	H
h1SMcG0000781	-
h1SMcG0000782	S
h1SMcG0000783	-
h1SMcG0000784	-
h1SMcG0000785	A
h1SMcG0000786	-
h1SMcG0000787	T
h1SMcG0000788	T
h1SMcG0000789	Z
h1SMcG0000790	S
h1SMcG0000791	-
h1SMcG0000792	S
h1SMcG0000793	-
h1SMcG0000794	M
h1SMcG0000795	-
h1SMcG0000796	P
h1SMcG0000797	-
h1SMcG0000798	-
h1SMcG0000799	O
h1SMcG0000800	-
h1SMcG0000801	J
h1SMcG0000802	DZ
h1SMcG0000803	K
h1SMcG0000804	T
h1SMcG0000805	Z
h1SMcG0000806	Z
h1SMcG0000807	Z
h1SMcG0000808	T
h1SMcG0000809	T
h1SMcG0000810	S
h1SMcG0000811	M
h1SMcG0000812	T
h1SMcG0000813	U
h1SMcG0000814	U
h1SMcG0000815	T
h1SMcG0000816	-
h1SMcG0000817	-
h1SMcG0000818	-
h1SMcG0000819	-
h1SMcG0000820	-
h1SMcG0000821	-
h1SMcG0000822	-
h1SMcG0000823	-
h1SMcG0000824	U
h1SMcG0000825	N
h1SMcG0000826	S
h1SMcG0000827	DZ
h1SMcG0000828	-
h1SMcG0000829	-
h1SMcG0000830	E
h1SMcG0000831	-
h1SMcG0000832	T
h1SMcG0000833	-
h1SMcG0000834	S
h1SMcG0000835	-
h1SMcG0000836	-
h1SMcG0000837	S
h1SMcG0000838	-
h1SMcG0000839	-
h1SMcG0000840	-
h1SMcG0000841	T
h1SMcG0000842	A
h1SMcG0000843	E
h1SMcG0000844	-
h1SMcG0000845	-
h1SMcG0000846	O
h1SMcG0000847	-
h1SMcG0000848	DK
h1SMcG0000849	P
h1SMcG0000850	J
h1SMcG0000851	O
h1SMcG0000852	T
h1SMcG0000853	C
h1SMcG0000854	-
h1SMcG0000855	U
h1SMcG0000856	K
h1SMcG0000857	-
h1SMcG0000858	D
h1SMcG0000859	BT
h1SMcG0000860	P
h1SMcG0000861	-
h1SMcG0000862	-
h1SMcG0000863	I
h1SMcG0000864	K
h1SMcG0000865	I
h1SMcG0000866	O
h1SMcG0000867	-
h1SMcG0000868	S
h1SMcG0000869	-
h1SMcG0000870	G
h1SMcG0000871	S
h1SMcG0000872	T
h1SMcG0000873	M
h1SMcG0000874	-
h1SMcG0000875	A
h1SMcG0000876	-
h1SMcG0000877	J
h1SMcG0000878	O
h1SMcG0000879	T
h1SMcG0000880	T
h1SMcG0000881	O
h1SMcG0000882	S
h1SMcG0000883	E
h1SMcG0000884	M
h1SMcG0000885	S
h1SMcG0000886	T
h1SMcG0000887	D
h1SMcG0000888	Z
h1SMcG0000889	K
h1SMcG0000890	I
h1SMcG0000891	C
h1SMcG0000892	-
h1SMcG0000893	Z
h1SMcG0000894	T
h1SMcG0000895	-
h1SMcG0000896	J
h1SMcG0000897	B
h1SMcG0000898	S
h1SMcG0000899	-
h1SMcG0000900	-
h1SMcG0000901	T
h1SMcG0000902	A
h1SMcG0000903	-
h1SMcG0000904	O
h1SMcG0000905	-
h1SMcG0000906	O
h1SMcG0000907	S
h1SMcG0000908	S
h1SMcG0000909	E
h1SMcG0000910	T
h1SMcG0000911	-
h1SMcG0000912	S
h1SMcG0000913	TZ
h1SMcG0000914	S
h1SMcG0000915	G
h1SMcG0000916	G
h1SMcG0000917	S
h1SMcG0000918	C
h1SMcG0000919	P
h1SMcG0000920	B
h1SMcG0000921	C
h1SMcG0000922	T
h1SMcG0000923	A
h1SMcG0000924	J
h1SMcG0000925	S
h1SMcG0000926	O
h1SMcG0000927	-
h1SMcG0000928	P
h1SMcG0000929	B
h1SMcG0000930	S
h1SMcG0000931	-
h1SMcG0000932	M
h1SMcG0000933	S
h1SMcG0000934	S
h1SMcG0000935	UY
h1SMcG0000936	P
h1SMcG0000937	S
h1SMcG0000938	G
h1SMcG0000939	A
h1SMcG0000940	A
h1SMcG0000941	K
h1SMcG0000942	Z
h1SMcG0000943	-
h1SMcG0000944	S
h1SMcG0000945	O
h1SMcG0000946	E
h1SMcG0000947	-
h1SMcG0000948	-
h1SMcG0000949	-
h1SMcG0000950	-
h1SMcG0000951	J
h1SMcG0000952	-
h1SMcG0000953	-
h1SMcG0000954	BK
h1SMcG0000955	-
h1SMcG0000956	-
h1SMcG0000957	DZ
h1SMcG0000958	O
h1SMcG0000959	S
h1SMcG0000960	S
h1SMcG0000961	J
h1SMcG0000962	-
h1SMcG0000963	O
h1SMcG0000964	-
h1SMcG0000965	-
h1SMcG0000966	-
h1SMcG0000967	O
h1SMcG0000968	A
h1SMcG0000969	-
h1SMcG0000970	-
h1SMcG0000971	K
h1SMcG0000972	-
h1SMcG0000973	-
h1SMcG0000974	-
h1SMcG0000975	-
h1SMcG0000976	T
h1SMcG0000977	S
h1SMcG0000978	B
h1SMcG0000979	T
h1SMcG0000980	-
h1SMcG0000981	S
h1SMcG0000982	PT
h1SMcG0000983	-
h1SMcG0000984	-
h1SMcG0000985	-
h1SMcG0000986	E
h1SMcG0000987	-
h1SMcG0000988	TZ
h1SMcG0000989	O
h1SMcG0000990	-
h1SMcG0000991	K
h1SMcG0000992	U
h1SMcG0000993	-
h1SMcG0000994	A
h1SMcG0000995	A
h1SMcG0000996	-
h1SMcG0000997	-
h1SMcG0000998	Z
h1SMcG0000999	U
h1SMcG0001000	-
h1SMcG0001001	-
h1SMcG0001002	T
h1SMcG0001003	-
h1SMcG0001004	S
h1SMcG0001005	S
h1SMcG0001006	S
h1SMcG0001007	U
h1SMcG0001008	-
h1SMcG0001009	-
h1SMcG0001010	T
h1SMcG0001011	T
h1SMcG0001012	-
h1SMcG0001013	-
h1SMcG0001014	T
h1SMcG0001015	T
h1SMcG0001016	S
h1SMcG0001017	I
h1SMcG0001018	I
h1SMcG0001019	T
h1SMcG0001020	K
h1SMcG0001021	S
h1SMcG0001022	P
h1SMcG0001023	-
h1SMcG0001024	-
h1SMcG0001025	V
h1SMcG0001026	-
h1SMcG0001027	-
h1SMcG0001028	G
h1SMcG0001029	P
h1SMcG0001030	T
h1SMcG0001031	O
h1SMcG0001032	S
h1SMcG0001033	O
h1SMcG0001034	T
h1SMcG0001035	A
h1SMcG0001036	S
h1SMcG0001037	S
h1SMcG0001038	O
h1SMcG0001039	O
h1SMcG0001040	U
h1SMcG0001041	M
h1SMcG0001042	F
h1SMcG0001043	T
h1SMcG0001044	-
h1SMcG0001045	-
h1SMcG0001046	T
h1SMcG0001047	BD
h1SMcG0001048	-
h1SMcG0001049	-
h1SMcG0001050	K
h1SMcG0001051	O
h1SMcG0001052	S
h1SMcG0001053	S
h1SMcG0001054	T
h1SMcG0001055	K
h1SMcG0001056	ET
h1SMcG0001057	Z
h1SMcG0001058	T
h1SMcG0001059	-
h1SMcG0001060	K
h1SMcG0001061	S
h1SMcG0001062	V
h1SMcG0001063	-
h1SMcG0001064	-
h1SMcG0001065	-
h1SMcG0001066	A
h1SMcG0001067	G
h1SMcG0001068	S
h1SMcG0001069	L
h1SMcG0001070	F
h1SMcG0001071	E
h1SMcG0001072	-
h1SMcG0001073	-
h1SMcG0001074	P
h1SMcG0001075	-
h1SMcG0001076	-
h1SMcG0001077	E
h1SMcG0001078	G
h1SMcG0001079	-
h1SMcG0001080	-
h1SMcG0001081	S
h1SMcG0001082	W
h1SMcG0001083	P
h1SMcG0001084	K
h1SMcG0001085	Q
h1SMcG0001086	T
h1SMcG0001087	J
h1SMcG0001088	S
h1SMcG0001089	S
h1SMcG0001090	U
h1SMcG0001091	-
h1SMcG0001092	I
h1SMcG0001093	-
h1SMcG0001094	-
h1SMcG0001095	-
h1SMcG0001096	S
h1SMcG0001097	I
h1SMcG0001098	K
h1SMcG0001099	DTZ
h1SMcG0001100	L
h1SMcG0001101	J
h1SMcG0001102	D
h1SMcG0001103	-
h1SMcG0001104	-
h1SMcG0001105	-
h1SMcG0001106	-
h1SMcG0001107	-
h1SMcG0001108	S
h1SMcG0001109	T
h1SMcG0001110	F
h1SMcG0001111	-
h1SMcG0001112	P
h1SMcG0001113	P
h1SMcG0001114	T
h1SMcG0001115	A
h1SMcG0001116	P
h1SMcG0001117	S
h1SMcG0001118	O
h1SMcG0001119	U
h1SMcG0001120	-
h1SMcG0001121	E
h1SMcG0001122	Q
h1SMcG0001123	-
h1SMcG0001124	T
h1SMcG0001125	S
h1SMcG0001126	-
h1SMcG0001127	O
h1SMcG0001128	-
h1SMcG0001129	E
h1SMcG0001130	-
h1SMcG0001131	-
h1SMcG0001132	-
h1SMcG0001133	T
h1SMcG0001134	K
h1SMcG0001135	-
h1SMcG0001136	-
h1SMcG0001137	S
h1SMcG0001138	-
h1SMcG0001139	-
h1SMcG0001140	J
h1SMcG0001141	E
h1SMcG0001142	J
h1SMcG0001143	-
h1SMcG0001144	S
h1SMcG0001145	-
h1SMcG0001146	-
h1SMcG0001147	S
h1SMcG0001148	-
h1SMcG0001149	-
h1SMcG0001150	-
h1SMcG0001151	K
h1SMcG0001152	I
h1SMcG0001153	-
h1SMcG0001154	E
h1SMcG0001155	P
h1SMcG0001156	S
h1SMcG0001157	O
h1SMcG0001158	-
h1SMcG0001159	E
h1SMcG0001160	-
h1SMcG0001161	P
h1SMcG0001162	G
h1SMcG0001163	B
h1SMcG0001164	-
h1SMcG0001165	J
h1SMcG0001166	S
h1SMcG0001167	-
h1SMcG0001168	O
h1SMcG0001169	O
h1SMcG0001170	J
h1SMcG0001171	S
h1SMcG0001172	A
h1SMcG0001173	-
h1SMcG0001174	S
h1SMcG0001175	U
h1SMcG0001176	J
h1SMcG0001177	-
h1SMcG0001178	O
h1SMcG0001179	S
h1SMcG0001180	A
h1SMcG0001181	E
h1SMcG0001182	-
h1SMcG0001183	O
h1SMcG0001184	A
h1SMcG0001185	S
h1SMcG0001186	Q
h1SMcG0001187	T
h1SMcG0001188	S
h1SMcG0001189	J
h1SMcG0001190	-
h1SMcG0001191	T
h1SMcG0001192	-
h1SMcG0001193	-
h1SMcG0001194	T
h1SMcG0001195	K
h1SMcG0001196	-
h1SMcG0001197	-
h1SMcG0001198	EH
h1SMcG0001199	OU
h1SMcG0001200	-
h1SMcG0001201	-
h1SMcG0001202	-
h1SMcG0001203	Q
h1SMcG0001204	Q
h1SMcG0001205	Q
h1SMcG0001206	T
h1SMcG0001207	T
h1SMcG0001208	T
h1SMcG0001209	T
h1SMcG0001210	T
h1SMcG0001211	-
h1SMcG0001212	-
h1SMcG0001213	-
h1SMcG0001214	-
h1SMcG0001215	C
h1SMcG0001216	T
h1SMcG0001217	-
h1SMcG0001218	B
h1SMcG0001219	-
h1SMcG0001220	O
h1SMcG0001221	T
h1SMcG0001222	T
h1SMcG0001223	S
h1SMcG0001224	-
h1SMcG0001225	T
h1SMcG0001226	-
h1SMcG0001227	C
h1SMcG0001228	G
h1SMcG0001229	K
h1SMcG0001230	T
h1SMcG0001231	O
h1SMcG0001232	-
h1SMcG0001233	S
h1SMcG0001234	S
h1SMcG0001235	S
h1SMcG0001236	IT
h1SMcG0001237	-
h1SMcG0001238	O
h1SMcG0001239	-
h1SMcG0001240	T
h1SMcG0001241	J
h1SMcG0001242	-
h1SMcG0001243	-
h1SMcG0001244	-
h1SMcG0001245	-
h1SMcG0001246	Q
h1SMcG0001247	L
h1SMcG0001248	G
h1SMcG0001249	K
h1SMcG0001250	T
h1SMcG0001251	J
h1SMcG0001252	T
h1SMcG0001253	W
h1SMcG0001254	S
h1SMcG0001255	J
h1SMcG0001256	-
h1SMcG0001257	-
h1SMcG0001258	O
h1SMcG0001259	K
h1SMcG0001260	T
h1SMcG0001261	GMW
h1SMcG0001262	-
h1SMcG0001263	Z
h1SMcG0001264	T
h1SMcG0001265	Z
h1SMcG0001266	U
h1SMcG0001267	-
h1SMcG0001268	-
h1SMcG0001269	OU
h1SMcG0001270	I
h1SMcG0001271	-
h1SMcG0001272	-
h1SMcG0001273	U
h1SMcG0001274	K
h1SMcG0001275	S
h1SMcG0001276	O
h1SMcG0001277	GMW
h1SMcG0001278	K
h1SMcG0001279	T
h1SMcG0001280	TZ
h1SMcG0001281	K
h1SMcG0001282	-
h1SMcG0001283	T
h1SMcG0001284	PT
h1SMcG0001285	-
h1SMcG0001286	-
h1SMcG0001287	S
h1SMcG0001288	P
h1SMcG0001289	-
h1SMcG0001290	I
h1SMcG0001291	S
h1SMcG0001292	-
h1SMcG0001293	S
h1SMcG0001294	-
h1SMcG0001295	S
h1SMcG0001296	K
h1SMcG0001297	P
h1SMcG0001298	U
h1SMcG0001299	-
h1SMcG0001300	O
h1SMcG0001301	T
h1SMcG0001302	-
h1SMcG0001303	T
h1SMcG0001304	DZ
h1SMcG0001305	O
h1SMcG0001306	-
h1SMcG0001307	A
h1SMcG0001308	A
h1SMcG0001309	J
h1SMcG0001310	-
h1SMcG0001311	O
h1SMcG0001312	O
h1SMcG0001313	L
h1SMcG0001314	G
h1SMcG0001315	-
h1SMcG0001316	P
h1SMcG0001317	P
h1SMcG0001318	S
h1SMcG0001319	-
h1SMcG0001320	C
h1SMcG0001321	-
h1SMcG0001322	Z
h1SMcG0001323	O
h1SMcG0001324	-
h1SMcG0001325	T
h1SMcG0001326	-
h1SMcG0001327	-
h1SMcG0001328	-
h1SMcG0001329	-
h1SMcG0001330	-
h1SMcG0001331	K
h1SMcG0001332	T
h1SMcG0001333	J
h1SMcG0001334	K
h1SMcG0001335	-
h1SMcG0001336	T
h1SMcG0001337	S
h1SMcG0001338	-
h1SMcG0001339	O
h1SMcG0001340	-
h1SMcG0001341	-
h1SMcG0001342	-
h1SMcG0001343	I
h1SMcG0001344	L
h1SMcG0001345	O
h1SMcG0001346	E
h1SMcG0001347	E
h1SMcG0001348	G
h1SMcG0001349	P
h1SMcG0001350	ADK
h1SMcG0001351	K
h1SMcG0001352	-
h1SMcG0001353	S
h1SMcG0001354	L
h1SMcG0001355	-
h1SMcG0001356	A
h1SMcG0001357	S
h1SMcG0001358	O
h1SMcG0001359	U
h1SMcG0001360	S
h1SMcG0001361	S
h1SMcG0001362	K
h1SMcG0001363	-
h1SMcG0001364	-
h1SMcG0001365	E
h1SMcG0001366	-
h1SMcG0001367	Z
h1SMcG0001368	S
h1SMcG0001369	-
h1SMcG0001370	GM
h1SMcG0001371	-
h1SMcG0001372	I
h1SMcG0001373	N
h1SMcG0001374	S
h1SMcG0001375	S
h1SMcG0001376	S
h1SMcG0001377	S
h1SMcG0001378	S
h1SMcG0001379	S
h1SMcG0001380	S
h1SMcG0001381	-
h1SMcG0001382	L
h1SMcG0001383	Z
h1SMcG0001384	K
h1SMcG0001385	S
h1SMcG0001386	-
h1SMcG0001387	-
h1SMcG0001388	S
h1SMcG0001389	-
h1SMcG0001390	-
h1SMcG0001391	-
h1SMcG0001392	-
h1SMcG0001393	-
h1SMcG0001394	-
h1SMcG0001395	S
h1SMcG0001396	K
h1SMcG0001397	T
h1SMcG0001398	O
h1SMcG0001399	F
h1SMcG0001400	-
h1SMcG0001401	V
h1SMcG0001402	V
h1SMcG0001403	V
h1SMcG0001404	E
h1SMcG0001405	L
h1SMcG0001406	PT
h1SMcG0001407	-
h1SMcG0001408	U
h1SMcG0001409	G
h1SMcG0001410	D
h1SMcG0001411	T
h1SMcG0001412	O
h1SMcG0001413	V
h1SMcG0001414	-
h1SMcG0001415	S
h1SMcG0001416	V
h1SMcG0001417	V
h1SMcG0001418	-
h1SMcG0001419	-
h1SMcG0001420	-
h1SMcG0001421	-
h1SMcG0001422	-
h1SMcG0001423	-
h1SMcG0001424	S
h1SMcG0001425	-
h1SMcG0001426	-
h1SMcG0001427	L
h1SMcG0001428	-
h1SMcG0001429	T
h1SMcG0001430	E
h1SMcG0001431	-
h1SMcG0001432	V
h1SMcG0001433	S
h1SMcG0001434	K
h1SMcG0001435	T
h1SMcG0001436	-
h1SMcG0001437	T
h1SMcG0001438	O
h1SMcG0001439	A
h1SMcG0001440	KL
h1SMcG0001441	Q
h1SMcG0001442	J
h1SMcG0001443	L
h1SMcG0001444	O
h1SMcG0001445	O
h1SMcG0001446	-
h1SMcG0001447	S
h1SMcG0001448	D
h1SMcG0001449	U
h1SMcG0001450	E
h1SMcG0001451	G
h1SMcG0001452	TZ
h1SMcG0001453	J
h1SMcG0001454	S
h1SMcG0001455	-
h1SMcG0001456	-
h1SMcG0001457	B
h1SMcG0001458	S
h1SMcG0001459	-
h1SMcG0001460	-
h1SMcG0001461	S
h1SMcG0001462	-
h1SMcG0001463	-
h1SMcG0001464	S
h1SMcG0001465	-
h1SMcG0001466	S
h1SMcG0001467	-
h1SMcG0001468	S
h1SMcG0001469	T
h1SMcG0001470	O
h1SMcG0001471	-
h1SMcG0001472	-
h1SMcG0001473	S
h1SMcG0001474	-
h1SMcG0001475	F
h1SMcG0001476	E
h1SMcG0001477	K
h1SMcG0001478	U
h1SMcG0001479	K
h1SMcG0001480	-
h1SMcG0001481	P
h1SMcG0001482	P
h1SMcG0001483	S
h1SMcG0001484	O
h1SMcG0001485	U
h1SMcG0001486	J
h1SMcG0001487	S
h1SMcG0001488	J
h1SMcG0001489	S
h1SMcG0001490	J
h1SMcG0001491	L
h1SMcG0001492	C
h1SMcG0001493	Z
h1SMcG0001494	-
h1SMcG0001495	S
h1SMcG0001496	O
h1SMcG0001497	U
h1SMcG0001498	T
h1SMcG0001499	S
h1SMcG0001500	C
h1SMcG0001501	G
h1SMcG0001502	-
h1SMcG0001503	-
h1SMcG0001504	-
h1SMcG0001505	G
h1SMcG0001506	O
h1SMcG0001507	T
h1SMcG0001508	-
h1SMcG0001509	-
h1SMcG0001510	L
h1SMcG0001511	L
h1SMcG0001512	-
h1SMcG0001513	-
h1SMcG0001514	-
h1SMcG0001515	S
h1SMcG0001516	BD
h1SMcG0001517	S
h1SMcG0001518	-
h1SMcG0001519	T
h1SMcG0001520	T
h1SMcG0001521	-
h1SMcG0001522	-
h1SMcG0001523	S
h1SMcG0001524	S
h1SMcG0001525	S
h1SMcG0001526	S
h1SMcG0001527	GM
h1SMcG0001528	S
h1SMcG0001529	S
h1SMcG0001530	K
h1SMcG0001531	K
h1SMcG0001532	BD
h1SMcG0001533	S
h1SMcG0001534	L
h1SMcG0001535	-
h1SMcG0001536	-
h1SMcG0001537	-
h1SMcG0001538	-
h1SMcG0001539	-
h1SMcG0001540	-
h1SMcG0001541	S
h1SMcG0001542	T
h1SMcG0001543	T
h1SMcG0001544	A
h1SMcG0001545	O
h1SMcG0001546	-
h1SMcG0001547	A
h1SMcG0001548	U
h1SMcG0001549	-
h1SMcG0001550	P
h1SMcG0001551	-
h1SMcG0001552	S
h1SMcG0001553	-
h1SMcG0001554	K
h1SMcG0001555	-
h1SMcG0001556	O
h1SMcG0001557	-
h1SMcG0001558	-
h1SMcG0001559	-
h1SMcG0001560	K
h1SMcG0001561	-
h1SMcG0001562	-
h1SMcG0001563	O
h1SMcG0001564	-
h1SMcG0001565	S
h1SMcG0001566	-
h1SMcG0001567	-
h1SMcG0001568	-
h1SMcG0001569	-
h1SMcG0001570	-
h1SMcG0001571	BD
h1SMcG0001572	S
h1SMcG0001573	P
h1SMcG0001574	L
h1SMcG0001575	E
h1SMcG0001576	C
h1SMcG0001577	C
h1SMcG0001578	-
h1SMcG0001579	C
h1SMcG0001580	C
h1SMcG0001581	-
h1SMcG0001582	P
h1SMcG0001583	T
h1SMcG0001584	O
h1SMcG0001585	C
h1SMcG0001586	P
h1SMcG0001587	T
h1SMcG0001588	-
h1SMcG0001589	T
h1SMcG0001590	A
h1SMcG0001591	-
h1SMcG0001592	A
h1SMcG0001593	-
h1SMcG0001594	T
h1SMcG0001595	L
h1SMcG0001596	BD
h1SMcG0001597	-
h1SMcG0001598	T
h1SMcG0001599	C
h1SMcG0001600	S
h1SMcG0001601	-
h1SMcG0001602	-
h1SMcG0001603	-
h1SMcG0001604	JK
h1SMcG0001605	-
h1SMcG0001606	A
h1SMcG0001607	-
h1SMcG0001608	T
h1SMcG0001609	K
h1SMcG0001610	L
h1SMcG0001611	S
h1SMcG0001612	S
h1SMcG0001613	G
h1SMcG0001614	-
h1SMcG0001615	-
h1SMcG0001616	-
h1SMcG0001617	-
h1SMcG0001618	-
h1SMcG0001619	L
h1SMcG0001620	E
h1SMcG0001621	T
h1SMcG0001622	-
h1SMcG0001623	T
h1SMcG0001624	-
h1SMcG0001625	U
h1SMcG0001626	-
h1SMcG0001627	T
h1SMcG0001628	-
h1SMcG0001629	S
h1SMcG0001630	-
h1SMcG0001631	U
h1SMcG0001632	S
h1SMcG0001633	S
h1SMcG0001634	S
h1SMcG0001635	BK
h1SMcG0001636	-
h1SMcG0001637	-
h1SMcG0001638	A
h1SMcG0001639	J
h1SMcG0001640	S
h1SMcG0001641	-
h1SMcG0001642	-
h1SMcG0001643	A
h1SMcG0001644	S
h1SMcG0001645	S
h1SMcG0001646	U
h1SMcG0001647	U
h1SMcG0001648	U
h1SMcG0001649	T
h1SMcG0001650	-
h1SMcG0001651	U
h1SMcG0001652	-
h1SMcG0001653	-
h1SMcG0001654	Z
h1SMcG0001655	Q
h1SMcG0001656	G
h1SMcG0001657	P
h1SMcG0001658	-
h1SMcG0001659	G
h1SMcG0001660	T
h1SMcG0001661	-
h1SMcG0001662	-
h1SMcG0001663	T
h1SMcG0001664	T
h1SMcG0001665	-
h1SMcG0001666	-
h1SMcG0001667	-
h1SMcG0001668	S
h1SMcG0001669	-
h1SMcG0001670	-
h1SMcG0001671	A
h1SMcG0001672	A
h1SMcG0001673	-
h1SMcG0001674	-
h1SMcG0001675	S
h1SMcG0001676	S
h1SMcG0001677	S
h1SMcG0001678	O
h1SMcG0001679	S
h1SMcG0001680	O
h1SMcG0001681	-
h1SMcG0001682	-
h1SMcG0001683	A
h1SMcG0001684	-
h1SMcG0001685	K
h1SMcG0001686	-
h1SMcG0001687	-
h1SMcG0001688	O
h1SMcG0001689	M
h1SMcG0001690	M
h1SMcG0001691	M
h1SMcG0001692	M
h1SMcG0001693	TU
h1SMcG0001694	P
h1SMcG0001695	S
h1SMcG0001696	-
h1SMcG0001697	O
h1SMcG0001698	-
h1SMcG0001699	-
h1SMcG0001700	-
h1SMcG0001701	T
h1SMcG0001702	P
h1SMcG0001703	O
h1SMcG0001704	S
h1SMcG0001705	-
h1SMcG0001706	O
h1SMcG0001707	S
h1SMcG0001708	S
h1SMcG0001709	DZ
h1SMcG0001710	O
h1SMcG0001711	S
h1SMcG0001712	O
h1SMcG0001713	-
h1SMcG0001714	J
h1SMcG0001715	N
h1SMcG0001716	-
h1SMcG0001717	K
h1SMcG0001718	DZ
h1SMcG0001719	P
h1SMcG0001720	-
h1SMcG0001721	-
h1SMcG0001722	K
h1SMcG0001723	S
h1SMcG0001724	O
h1SMcG0001725	-
h1SMcG0001726	-
h1SMcG0001727	-
h1SMcG0001728	K
h1SMcG0001729	S
h1SMcG0001730	T
h1SMcG0001731	E
h1SMcG0001732	S
h1SMcG0001733	-
h1SMcG0001734	-
h1SMcG0001735	T
h1SMcG0001736	T
h1SMcG0001737	A
h1SMcG0001738	KL
h1SMcG0001739	S
h1SMcG0001740	G
h1SMcG0001741	T
h1SMcG0001742	C
h1SMcG0001743	JO
h1SMcG0001744	-
h1SMcG0001745	-
h1SMcG0001746	BD
h1SMcG0001747	A
h1SMcG0001748	A
h1SMcG0001749	-
h1SMcG0001750	K
h1SMcG0001751	BD
h1SMcG0001752	-
h1SMcG0001753	-
h1SMcG0001754	-
h1SMcG0001755	S
h1SMcG0001756	-
h1SMcG0001757	O
h1SMcG0001758	-
h1SMcG0001759	S
h1SMcG0001760	-
h1SMcG0001761	S
h1SMcG0001762	J
h1SMcG0001763	S
h1SMcG0001764	T
h1SMcG0001765	M
h1SMcG0001766	L
h1SMcG0001767	-
h1SMcG0001768	J
h1SMcG0001769	-
h1SMcG0001770	O
h1SMcG0001771	PT
h1SMcG0001772	S
h1SMcG0001773	S
h1SMcG0001774	-
h1SMcG0001775	F
h1SMcG0001776	S
h1SMcG0001777	-
h1SMcG0001778	A
h1SMcG0001779	-
h1SMcG0001780	W
h1SMcG0001781	-
h1SMcG0001782	O
h1SMcG0001783	S
h1SMcG0001784	S
h1SMcG0001785	H
h1SMcG0001786	-
h1SMcG0001787	S
h1SMcG0001788	-
h1SMcG0001789	-
h1SMcG0001790	D
h1SMcG0001791	S
h1SMcG0001792	-
h1SMcG0001793	-
h1SMcG0001794	-
h1SMcG0001795	-
h1SMcG0001796	J
h1SMcG0001797	C
h1SMcG0001798	S
h1SMcG0001799	T
h1SMcG0001800	-
h1SMcG0001801	A
h1SMcG0001802	T
h1SMcG0001803	T
h1SMcG0001804	BDLT
h1SMcG0001805	G
h1SMcG0001806	D
h1SMcG0001807	-
h1SMcG0001808	-
h1SMcG0001809	-
h1SMcG0001810	-
h1SMcG0001811	-
h1SMcG0001812	DK
h1SMcG0001813	A
h1SMcG0001814	S
h1SMcG0001815	-
h1SMcG0001816	O
h1SMcG0001817	P
h1SMcG0001818	-
h1SMcG0001819	-
h1SMcG0001820	Z
h1SMcG0001821	-
h1SMcG0001822	Q
h1SMcG0001823	O
h1SMcG0001824	-
h1SMcG0001825	Q
h1SMcG0001826	I
h1SMcG0001827	L
h1SMcG0001828	-
h1SMcG0001829	L
h1SMcG0001830	T
h1SMcG0001831	-
h1SMcG0001832	G
h1SMcG0001833	-
h1SMcG0001834	-
h1SMcG0001835	S
h1SMcG0001836	A
h1SMcG0001837	-
h1SMcG0001838	-
h1SMcG0001839	-
h1SMcG0001840	-
h1SMcG0001841	-
h1SMcG0001842	-
h1SMcG0001843	-
h1SMcG0001844	T
h1SMcG0001845	S
h1SMcG0001846	T
h1SMcG0001847	T
h1SMcG0001848	T
h1SMcG0001849	J
h1SMcG0001850	-
h1SMcG0001851	-
h1SMcG0001852	T
h1SMcG0001853	T
h1SMcG0001854	T
h1SMcG0001855	T
h1SMcG0001856	T
h1SMcG0001857	T
h1SMcG0001858	O
h1SMcG0001859	T
h1SMcG0001860	J
h1SMcG0001861	-
h1SMcG0001862	J
h1SMcG0001863	-
h1SMcG0001864	S
h1SMcG0001865	L
h1SMcG0001866	T
h1SMcG0001867	S
h1SMcG0001868	-
h1SMcG0001869	A
h1SMcG0001870	O
h1SMcG0001871	Z
h1SMcG0001872	O
h1SMcG0001873	-
h1SMcG0001874	O
h1SMcG0001875	Z
h1SMcG0001876	Z
h1SMcG0001877	-
h1SMcG0001878	S
h1SMcG0001879	O
h1SMcG0001880	-
h1SMcG0001881	S
h1SMcG0001882	S
h1SMcG0001883	-
h1SMcG0001884	Z
h1SMcG0001885	O
h1SMcG0001886	S
h1SMcG0001887	-
h1SMcG0001888	T
h1SMcG0001889	T
h1SMcG0001890	E
h1SMcG0001891	Z
h1SMcG0001892	L
h1SMcG0001893	T
h1SMcG0001894	S
h1SMcG0001895	S
h1SMcG0001896	S
h1SMcG0001897	-
h1SMcG0001898	J
h1SMcG0001899	Z
h1SMcG0001900	L
h1SMcG0001901	BD
h1SMcG0001902	S
h1SMcG0001903	-
h1SMcG0001904	-
h1SMcG0001905	Z
h1SMcG0001906	O
h1SMcG0001907	-
h1SMcG0001908	-
h1SMcG0001909	S
h1SMcG0001910	O
h1SMcG0001911	-
h1SMcG0001912	-
h1SMcG0001913	G
h1SMcG0001914	-
h1SMcG0001915	O
h1SMcG0001916	K
h1SMcG0001917	-
h1SMcG0001918	-
h1SMcG0001919	G
h1SMcG0001920	A
h1SMcG0001921	D
h1SMcG0001922	T
h1SMcG0001923	-
h1SMcG0001924	JO
h1SMcG0001925	L
h1SMcG0001926	S
h1SMcG0001927	U
h1SMcG0001928	S
h1SMcG0001929	-
h1SMcG0001930	O
h1SMcG0001931	K
h1SMcG0001932	S
h1SMcG0001933	S
h1SMcG0001934	-
h1SMcG0001935	T
h1SMcG0001936	Z
h1SMcG0001937	A
h1SMcG0001938	T
h1SMcG0001939	T
h1SMcG0001940	T
h1SMcG0001941	A
h1SMcG0001942	-
h1SMcG0001943	-
h1SMcG0001944	Z
h1SMcG0001945	P
h1SMcG0001946	E
h1SMcG0001947	E
h1SMcG0001948	E
h1SMcG0001949	E
h1SMcG0001950	D
h1SMcG0001951	I
h1SMcG0001952	Z
h1SMcG0001953	T
h1SMcG0001954	-
h1SMcG0001955	S
h1SMcG0001956	T
h1SMcG0001957	-
h1SMcG0001958	-
h1SMcG0001959	S
h1SMcG0001960	Z
h1SMcG0001961	T
h1SMcG0001962	-
h1SMcG0001963	O
h1SMcG0001964	C
h1SMcG0001965	-
h1SMcG0001966	S
h1SMcG0001967	Z
h1SMcG0001968	E
h1SMcG0001969	B
h1SMcG0001970	O
h1SMcG0001971	-
h1SMcG0001972	A
h1SMcG0001973	J
h1SMcG0001974	Z
h1SMcG0001975	S
h1SMcG0001976	-
h1SMcG0001977	S
h1SMcG0001978	S
h1SMcG0001979	O
h1SMcG0001980	J
h1SMcG0001981	O
h1SMcG0001982	S
h1SMcG0001983	C
h1SMcG0001984	P
h1SMcG0001985	-
h1SMcG0001986	-
h1SMcG0001987	-
h1SMcG0001988	P
h1SMcG0001989	T
h1SMcG0001990	-
h1SMcG0001991	-
h1SMcG0001992	-
h1SMcG0001993	-
h1SMcG0001994	-
h1SMcG0001995	S
h1SMcG0001996	P
h1SMcG0001997	T
h1SMcG0001998	T
h1SMcG0001999	Z
h1SMcG0002000	T
h1SMcG0002001	D
h1SMcG0002002	-
h1SMcG0002003	OT
h1SMcG0002004	-
h1SMcG0002005	T
h1SMcG0002006	T
h1SMcG0002007	KT
h1SMcG0002008	-
h1SMcG0002009	S
h1SMcG0002010	T
h1SMcG0002011	S
h1SMcG0002012	-
h1SMcG0002013	-
h1SMcG0002014	O
h1SMcG0002015	-
h1SMcG0002016	S
h1SMcG0002017	A
h1SMcG0002018	I
h1SMcG0002019	K
h1SMcG0002020	-
h1SMcG0002021	K
h1SMcG0002022	-
h1SMcG0002023	G
h1SMcG0002024	-
h1SMcG0002025	-
h1SMcG0002026	T
h1SMcG0002027	H
h1SMcG0002028	-
h1SMcG0002029	-
h1SMcG0002030	K
h1SMcG0002031	-
h1SMcG0002032	-
h1SMcG0002033	-
h1SMcG0002034	C
h1SMcG0002035	S
h1SMcG0002036	-
h1SMcG0002037	O
h1SMcG0002038	U
h1SMcG0002039	S
h1SMcG0002040	DK
h1SMcG0002041	G
h1SMcG0002042	K
h1SMcG0002043	O
h1SMcG0002044	-
h1SMcG0002045	-
h1SMcG0002046	-
h1SMcG0002047	U
h1SMcG0002048	U
h1SMcG0002049	KT
h1SMcG0002050	-
h1SMcG0002051	TZ
h1SMcG0002052	-
h1SMcG0002053	S
h1SMcG0002054	O
h1SMcG0002055	S
h1SMcG0002056	S
h1SMcG0002057	S
h1SMcG0002058	-
h1SMcG0002059	O
h1SMcG0002060	-
h1SMcG0002061	T
h1SMcG0002062	S
h1SMcG0002063	-
h1SMcG0002064	-
h1SMcG0002065	-
h1SMcG0002066	-
h1SMcG0002067	-
h1SMcG0002068	-
h1SMcG0002069	O
h1SMcG0002070	-
h1SMcG0002071	S
h1SMcG0002072	S
h1SMcG0002073	A
h1SMcG0002074	K
h1SMcG0002075	S
h1SMcG0002076	-
h1SMcG0002077	U
h1SMcG0002078	I
h1SMcG0002079	-
h1SMcG0002080	L
h1SMcG0002081	-
h1SMcG0002082	-
h1SMcG0002083	L
h1SMcG0002084	OT
h1SMcG0002085	E
h1SMcG0002086	T
h1SMcG0002087	-
h1SMcG0002088	P
h1SMcG0002089	E
h1SMcG0002090	C
h1SMcG0002091	F
h1SMcG0002092	-
h1SMcG0002093	S
h1SMcG0002094	-
h1SMcG0002095	P
h1SMcG0002096	-
h1SMcG0002097	S
h1SMcG0002098	-
h1SMcG0002099	Z
h1SMcG0002100	A
h1SMcG0002101	-
h1SMcG0002102	S
h1SMcG0002103	S
h1SMcG0002104	-
h1SMcG0002105	S
h1SMcG0002106	-
h1SMcG0002107	T
h1SMcG0002108	E
h1SMcG0002109	-
h1SMcG0002110	-
h1SMcG0002111	-
h1SMcG0002112	-
h1SMcG0002113	-
h1SMcG0002114	-
h1SMcG0002115	-
h1SMcG0002116	S
h1SMcG0002117	O
h1SMcG0002118	O
h1SMcG0002119	-
h1SMcG0002120	O
h1SMcG0002121	-
h1SMcG0002122	-
h1SMcG0002123	U
h1SMcG0002124	-
h1SMcG0002125	-
h1SMcG0002126	-
h1SMcG0002127	D
h1SMcG0002128	-
h1SMcG0002129	E
h1SMcG0002130	E
h1SMcG0002131	Z
h1SMcG0002132	A
h1SMcG0002133	S
h1SMcG0002134	S
h1SMcG0002135	-
h1SMcG0002136	J
h1SMcG0002137	-
h1SMcG0002138	K
h1SMcG0002139	K
h1SMcG0002140	BD
h1SMcG0002141	S
h1SMcG0002142	-
h1SMcG0002143	P
h1SMcG0002144	T
h1SMcG0002145	-
h1SMcG0002146	T
h1SMcG0002147	E
h1SMcG0002148	-
h1SMcG0002149	M
h1SMcG0002150	G
h1SMcG0002151	G
h1SMcG0002152	A
h1SMcG0002153	S
h1SMcG0002154	S
h1SMcG0002155	-
h1SMcG0002156	-
h1SMcG0002157	Z
h1SMcG0002158	S
h1SMcG0002159	O
h1SMcG0002160	PT
h1SMcG0002161	S
h1SMcG0002162	I
h1SMcG0002163	O
h1SMcG0002164	T
h1SMcG0002165	-
h1SMcG0002166	S
h1SMcG0002167	-
h1SMcG0002168	T
h1SMcG0002169	S
h1SMcG0002170	-
h1SMcG0002171	T
h1SMcG0002172	T
h1SMcG0002173	F
h1SMcG0002174	K
h1SMcG0002175	J
h1SMcG0002176	J
h1SMcG0002177	S
h1SMcG0002178	-
h1SMcG0002179	M
h1SMcG0002180	-
h1SMcG0002181	I
h1SMcG0002182	U
h1SMcG0002183	U
h1SMcG0002184	M
h1SMcG0002185	J
h1SMcG0002186	A
h1SMcG0002187	P
h1SMcG0002188	S
h1SMcG0002189	S
h1SMcG0002190	S
h1SMcG0002191	A
h1SMcG0002192	-
h1SMcG0002193	S
h1SMcG0002194	T
h1SMcG0002195	S
h1SMcG0002196	A
h1SMcG0002197	Z
h1SMcG0002198	O
h1SMcG0002199	-
h1SMcG0002200	S
h1SMcG0002201	-
h1SMcG0002202	-
h1SMcG0002203	-
h1SMcG0002204	E
h1SMcG0002205	-
h1SMcG0002206	S
h1SMcG0002207	T
h1SMcG0002208	BD
h1SMcG0002209	-
h1SMcG0002210	O
h1SMcG0002211	O
h1SMcG0002212	G
h1SMcG0002213	G
h1SMcG0002214	K
h1SMcG0002215	J
h1SMcG0002216	K
h1SMcG0002217	-
h1SMcG0002218	Z
h1SMcG0002219	-
h1SMcG0002220	H
h1SMcG0002221	W
h1SMcG0002222	E
h1SMcG0002223	-
h1SMcG0002224	I
h1SMcG0002225	-
h1SMcG0002226	S
h1SMcG0002227	-
h1SMcG0002228	-
h1SMcG0002229	-
h1SMcG0002230	-
h1SMcG0002231	-
h1SMcG0002232	S
h1SMcG0002233	I
h1SMcG0002234	T
h1SMcG0002235	M
h1SMcG0002236	O
h1SMcG0002237	-
h1SMcG0002238	-
h1SMcG0002239	S
h1SMcG0002240	O
h1SMcG0002241	G
h1SMcG0002242	-
h1SMcG0002243	-
h1SMcG0002244	-
h1SMcG0002245	T
h1SMcG0002246	O
h1SMcG0002247	-
h1SMcG0002248	L
h1SMcG0002249	-
h1SMcG0002250	Z
h1SMcG0002251	-
h1SMcG0002252	E
h1SMcG0002253	M
h1SMcG0002254	Z
h1SMcG0002255	Z
h1SMcG0002256	O
h1SMcG0002257	-
h1SMcG0002258	S
h1SMcG0002259	-
h1SMcG0002260	A
h1SMcG0002261	L
h1SMcG0002262	S
h1SMcG0002263	-
h1SMcG0002264	S
h1SMcG0002265	K
h1SMcG0002266	-
h1SMcG0002267	Z
h1SMcG0002268	S
h1SMcG0002269	I
h1SMcG0002270	T
h1SMcG0002271	T
h1SMcG0002272	S
h1SMcG0002273	S
h1SMcG0002274	S
h1SMcG0002275	T
h1SMcG0002276	Z
h1SMcG0002277	-
h1SMcG0002278	-
h1SMcG0002279	K
h1SMcG0002280	O
h1SMcG0002281	-
h1SMcG0002282	BK
h1SMcG0002283	E
h1SMcG0002284	E
h1SMcG0002285	K
h1SMcG0002286	F
h1SMcG0002287	-
h1SMcG0002288	-
h1SMcG0002289	-
h1SMcG0002290	-
h1SMcG0002291	-
h1SMcG0002292	-
h1SMcG0002293	BD
h1SMcG0002294	BD
h1SMcG0002295	OU
h1SMcG0002296	OU
h1SMcG0002297	F
h1SMcG0002298	O
h1SMcG0002299	A
h1SMcG0002300	O
h1SMcG0002301	-
h1SMcG0002302	O
h1SMcG0002303	-
h1SMcG0002304	E
h1SMcG0002305	G
h1SMcG0002306	-
h1SMcG0002307	S
h1SMcG0002308	S
h1SMcG0002309	C
h1SMcG0002310	E
h1SMcG0002311	E
h1SMcG0002312	-
h1SMcG0002313	L
h1SMcG0002314	S
h1SMcG0002315	K
h1SMcG0002316	B
h1SMcG0002317	B
h1SMcG0002318	B
h1SMcG0002319	E
h1SMcG0002320	T
h1SMcG0002321	-
h1SMcG0002322	-
h1SMcG0002323	-
h1SMcG0002324	-
h1SMcG0002325	-
h1SMcG0002326	Z
h1SMcG0002327	-
h1SMcG0002328	T
h1SMcG0002329	-
h1SMcG0002330	Z
h1SMcG0002331	O
h1SMcG0002332	-
h1SMcG0002333	S
h1SMcG0002334	O
h1SMcG0002335	J
h1SMcG0002336	-
h1SMcG0002337	U
h1SMcG0002338	-
h1SMcG0002339	-
h1SMcG0002340	IT
h1SMcG0002341	I
h1SMcG0002342	-
h1SMcG0002343	S
h1SMcG0002344	E
h1SMcG0002345	-
h1SMcG0002346	A
h1SMcG0002347	-
h1SMcG0002348	L
h1SMcG0002349	O
h1SMcG0002350	O
h1SMcG0002351	T
h1SMcG0002352	K
h1SMcG0002353	G
h1SMcG0002354	-
h1SMcG0002355	-
h1SMcG0002356	-
h1SMcG0002357	S
h1SMcG0002358	S
h1SMcG0002359	-
h1SMcG0002360	O
h1SMcG0002361	K
h1SMcG0002362	S
h1SMcG0002363	-
h1SMcG0002364	TU
h1SMcG0002365	-
h1SMcG0002366	J
h1SMcG0002367	-
h1SMcG0002368	-
h1SMcG0002369	I
h1SMcG0002370	I
h1SMcG0002371	I
h1SMcG0002372	I
h1SMcG0002373	I
h1SMcG0002374	-
h1SMcG0002375	-
h1SMcG0002376	TZ
h1SMcG0002377	T
h1SMcG0002378	-
h1SMcG0002379	S
h1SMcG0002380	K
h1SMcG0002381	S
h1SMcG0002382	T
h1SMcG0002383	U
h1SMcG0002384	-
h1SMcG0002385	-
h1SMcG0002386	-
h1SMcG0002387	O
h1SMcG0002388	-
h1SMcG0002389	-
h1SMcG0002390	U
h1SMcG0002391	P
h1SMcG0002392	L
h1SMcG0002393	-
h1SMcG0002394	-
h1SMcG0002395	O
h1SMcG0002396	-
h1SMcG0002397	-
h1SMcG0002398	-
h1SMcG0002399	-
h1SMcG0002400	-
h1SMcG0002401	-
h1SMcG0002402	-
h1SMcG0002403	-
h1SMcG0002404	KT
h1SMcG0002405	M
h1SMcG0002406	V
h1SMcG0002407	-
h1SMcG0002408	E
h1SMcG0002409	S
h1SMcG0002410	T
h1SMcG0002411	T
h1SMcG0002412	-
h1SMcG0002413	-
h1SMcG0002414	-
h1SMcG0002415	K
h1SMcG0002416	S
h1SMcG0002417	Z
h1SMcG0002418	O
h1SMcG0002419	O
h1SMcG0002420	T
h1SMcG0002421	E
h1SMcG0002422	-
h1SMcG0002423	S
h1SMcG0002424	W
h1SMcG0002425	-
h1SMcG0002426	E
h1SMcG0002427	-
h1SMcG0002428	-
h1SMcG0002429	O
h1SMcG0002430	Z
h1SMcG0002431	-
h1SMcG0002432	S
h1SMcG0002433	S
h1SMcG0002434	T
h1SMcG0002435	KT
h1SMcG0002436	OT
h1SMcG0002437	Q
h1SMcG0002438	C
h1SMcG0002439	-
h1SMcG0002440	-
h1SMcG0002441	K
h1SMcG0002442	-
h1SMcG0002443	-
h1SMcG0002444	S
h1SMcG0002445	T
h1SMcG0002446	-
h1SMcG0002447	L
h1SMcG0002448	B
h1SMcG0002449	U
h1SMcG0002450	Q
h1SMcG0002451	-
h1SMcG0002452	I
h1SMcG0002453	S
h1SMcG0002454	O
h1SMcG0002455	S
h1SMcG0002456	I
h1SMcG0002457	P
h1SMcG0002458	S
h1SMcG0002459	-
h1SMcG0002460	-
h1SMcG0002461	-
h1SMcG0002462	P
h1SMcG0002463	-
h1SMcG0002464	-
h1SMcG0002465	-
h1SMcG0002466	-
h1SMcG0002467	A
h1SMcG0002468	Z
h1SMcG0002469	Z
h1SMcG0002470	-
h1SMcG0002471	S
h1SMcG0002472	Z
h1SMcG0002473	O
h1SMcG0002474	-
h1SMcG0002475	Z
h1SMcG0002476	-
h1SMcG0002477	O
h1SMcG0002478	-
h1SMcG0002479	S
h1SMcG0002480	T
h1SMcG0002481	-
h1SMcG0002482	O
h1SMcG0002483	-
h1SMcG0002484	-
h1SMcG0002485	O
h1SMcG0002486	J
h1SMcG0002487	G
h1SMcG0002488	-
h1SMcG0002489	-
h1SMcG0002490	-
h1SMcG0002491	-
h1SMcG0002492	OT
h1SMcG0002493	C
h1SMcG0002494	J
h1SMcG0002495	-
h1SMcG0002496	T
h1SMcG0002497	J
h1SMcG0002498	T
h1SMcG0002499	T
h1SMcG0002500	K
h1SMcG0002501	S
h1SMcG0002502	-
h1SMcG0002503	L
h1SMcG0002504	S
h1SMcG0002505	S
h1SMcG0002506	T
h1SMcG0002507	V
h1SMcG0002508	-
h1SMcG0002509	L
h1SMcG0002510	I
h1SMcG0002511	-
h1SMcG0002512	T
h1SMcG0002513	UY
h1SMcG0002514	Z
h1SMcG0002515	-
h1SMcG0002516	-
h1SMcG0002517	A
h1SMcG0002518	A
h1SMcG0002519	O
h1SMcG0002520	-
h1SMcG0002521	O
h1SMcG0002522	-
h1SMcG0002523	T
h1SMcG0002524	K
h1SMcG0002525	J
h1SMcG0002526	S
h1SMcG0002527	-
h1SMcG0002528	-
h1SMcG0002529	C
h1SMcG0002530	-
h1SMcG0002531	S
h1SMcG0002532	O
h1SMcG0002533	-
h1SMcG0002534	-
h1SMcG0002535	-
h1SMcG0002536	O
h1SMcG0002537	T
h1SMcG0002538	A
h1SMcG0002539	S
h1SMcG0002540	A
h1SMcG0002541	P
h1SMcG0002542	-
h1SMcG0002543	U
h1SMcG0002544	-
h1SMcG0002545	O
h1SMcG0002546	J
h1SMcG0002547	G
h1SMcG0002548	Z
h1SMcG0002549	V
h1SMcG0002550	S
h1SMcG0002551	-
h1SMcG0002552	-
h1SMcG0002553	-
h1SMcG0002554	-
h1SMcG0002555	-
h1SMcG0002556	-
h1SMcG0002557	-
h1SMcG0002558	O
h1SMcG0002559	-
h1SMcG0002560	BD
h1SMcG0002561	KT
h1SMcG0002562	K
h1SMcG0002563	S
h1SMcG0002564	TZ
h1SMcG0002565	S
h1SMcG0002566	S
h1SMcG0002567	S
h1SMcG0002568	S
h1SMcG0002569	S
h1SMcG0002570	-
h1SMcG0002571	S
h1SMcG0002572	-
h1SMcG0002573	G
h1SMcG0002574	-
h1SMcG0002575	-
h1SMcG0002576	-
h1SMcG0002577	T
h1SMcG0002578	K
h1SMcG0002579	-
h1SMcG0002580	TZ
h1SMcG0002581	-
h1SMcG0002582	S
h1SMcG0002583	-
h1SMcG0002584	T
h1SMcG0002585	-
h1SMcG0002586	-
h1SMcG0002587	S
h1SMcG0002588	-
h1SMcG0002589	O
h1SMcG0002590	T
h1SMcG0002591	U
h1SMcG0002592	-
h1SMcG0002593	-
h1SMcG0002594	-
h1SMcG0002595	T
h1SMcG0002596	-
h1SMcG0002597	G
h1SMcG0002598	MOT
h1SMcG0002599	-
h1SMcG0002600	-
h1SMcG0002601	O
h1SMcG0002602	-
h1SMcG0002603	O
h1SMcG0002604	O
h1SMcG0002605	O
h1SMcG0002606	EO
h1SMcG0002607	B
h1SMcG0002608	S
h1SMcG0002609	S
h1SMcG0002610	-
h1SMcG0002611	-
h1SMcG0002612	U
h1SMcG0002613	-
h1SMcG0002614	K
h1SMcG0002615	-
h1SMcG0002616	-
h1SMcG0002617	-
h1SMcG0002618	D
h1SMcG0002619	-
h1SMcG0002620	P
h1SMcG0002621	T
h1SMcG0002622	Z
h1SMcG0002623	O
h1SMcG0002624	-
h1SMcG0002625	-
h1SMcG0002626	-
h1SMcG0002627	S
h1SMcG0002628	-
h1SMcG0002629	DTZ
h1SMcG0002630	Z
h1SMcG0002631	K
h1SMcG0002632	Z
h1SMcG0002633	-
h1SMcG0002634	T
h1SMcG0002635	S
h1SMcG0002636	-
h1SMcG0002637	S
h1SMcG0002638	-
h1SMcG0002639	S
h1SMcG0002640	P
h1SMcG0002641	P
h1SMcG0002642	-
h1SMcG0002643	P
h1SMcG0002644	U
h1SMcG0002645	U
h1SMcG0002646	EPT
h1SMcG0002647	S
h1SMcG0002648	C
h1SMcG0002649	L
h1SMcG0002650	-
h1SMcG0002651	S
h1SMcG0002652	P
h1SMcG0002653	T
h1SMcG0002654	Z
h1SMcG0002655	Z
h1SMcG0002656	Z
h1SMcG0002657	Z
h1SMcG0002658	Z
h1SMcG0002659	P
h1SMcG0002660	E
h1SMcG0002661	-
h1SMcG0002662	J
h1SMcG0002663	T
h1SMcG0002664	L
h1SMcG0002665	U
h1SMcG0002666	S
h1SMcG0002667	A
h1SMcG0002668	T
h1SMcG0002669	P
h1SMcG0002670	K
h1SMcG0002671	A
h1SMcG0002672	T
h1SMcG0002673	-
h1SMcG0002674	T
h1SMcG0002675	T
h1SMcG0002676	K
h1SMcG0002677	O
h1SMcG0002678	K
h1SMcG0002679	G
h1SMcG0002680	-
h1SMcG0002681	-
h1SMcG0002682	O
h1SMcG0002683	-
h1SMcG0002684	-
h1SMcG0002685	-
h1SMcG0002686	K
h1SMcG0002687	-
h1SMcG0002688	U
h1SMcG0002689	N
h1SMcG0002690	S
h1SMcG0002691	S
h1SMcG0002692	-
h1SMcG0002693	L
h1SMcG0002694	T
h1SMcG0002695	T
h1SMcG0002696	BK
h1SMcG0002697	K
h1SMcG0002698	T
h1SMcG0002699	J
h1SMcG0002700	-
h1SMcG0002701	-
h1SMcG0002702	O
h1SMcG0002703	-
h1SMcG0002704	L
h1SMcG0002705	-
h1SMcG0002706	-
h1SMcG0002707	OU
h1SMcG0002708	T
h1SMcG0002709	T
h1SMcG0002710	T
h1SMcG0002711	S
h1SMcG0002712	G
h1SMcG0002713	S
h1SMcG0002714	S
h1SMcG0002715	S
h1SMcG0002716	-
h1SMcG0002717	A
h1SMcG0002718	A
h1SMcG0002719	A
h1SMcG0002720	PT
h1SMcG0002721	K
h1SMcG0002722	E
h1SMcG0002723	-
h1SMcG0002724	-
h1SMcG0002725	-
h1SMcG0002726	S
h1SMcG0002727	O
h1SMcG0002728	-
h1SMcG0002729	-
h1SMcG0002730	-
h1SMcG0002731	-
h1SMcG0002732	-
h1SMcG0002733	-
h1SMcG0002734	-
h1SMcG0002735	-
h1SMcG0002736	-
h1SMcG0002737	-
h1SMcG0002738	T
h1SMcG0002739	C
h1SMcG0002740	O
h1SMcG0002741	K
h1SMcG0002742	-
h1SMcG0002743	S
h1SMcG0002744	S
h1SMcG0002745	S
h1SMcG0002746	S
h1SMcG0002747	S
h1SMcG0002748	H
h1SMcG0002749	E
h1SMcG0002750	O
h1SMcG0002751	A
h1SMcG0002752	L
h1SMcG0002753	M
h1SMcG0002754	-
h1SMcG0002755	-
h1SMcG0002756	-
h1SMcG0002757	-
h1SMcG0002758	S
h1SMcG0002759	S
h1SMcG0002760	S
h1SMcG0002761	DKT
h1SMcG0002762	S
h1SMcG0002763	S
h1SMcG0002764	-
h1SMcG0002765	DKT
h1SMcG0002766	BD
h1SMcG0002767	-
h1SMcG0002768	-
h1SMcG0002769	M
h1SMcG0002770	OU
h1SMcG0002771	-
h1SMcG0002772	-
h1SMcG0002773	-
h1SMcG0002774	T
h1SMcG0002775	O
h1SMcG0002776	T
h1SMcG0002777	-
h1SMcG0002778	L
h1SMcG0002779	T
h1SMcG0002780	S
h1SMcG0002781	S
h1SMcG0002782	-
h1SMcG0002783	O
h1SMcG0002784	T
h1SMcG0002785	-
h1SMcG0002786	-
h1SMcG0002787	S
h1SMcG0002788	-
h1SMcG0002789	-
h1SMcG0002790	F
h1SMcG0002791	-
h1SMcG0002792	S
h1SMcG0002793	-
h1SMcG0002794	DZ
h1SMcG0002795	J
h1SMcG0002796	U
h1SMcG0002797	S
h1SMcG0002798	J
h1SMcG0002799	L
h1SMcG0002800	A
h1SMcG0002801	K
h1SMcG0002802	K
h1SMcG0002803	A
h1SMcG0002804	S
h1SMcG0002805	-
h1SMcG0002806	EPT
h1SMcG0002807	-
h1SMcG0002808	O
h1SMcG0002809	U
h1SMcG0002810	-
h1SMcG0002811	D
h1SMcG0002812	T
h1SMcG0002813	J
h1SMcG0002814	-
h1SMcG0002815	J
h1SMcG0002816	-
h1SMcG0002817	S
h1SMcG0002818	S
h1SMcG0002819	T
h1SMcG0002820	S
h1SMcG0002821	-
h1SMcG0002822	S
h1SMcG0002823	S
h1SMcG0002824	S
h1SMcG0002825	-
h1SMcG0002826	O
h1SMcG0002827	-
h1SMcG0002828	-
h1SMcG0002829	-
h1SMcG0002830	-
h1SMcG0002831	-
h1SMcG0002832	E
h1SMcG0002833	K
h1SMcG0002834	-
h1SMcG0002835	T
h1SMcG0002836	S
h1SMcG0002837	-
h1SMcG0002838	-
h1SMcG0002839	K
h1SMcG0002840	-
h1SMcG0002841	-
h1SMcG0002842	-
h1SMcG0002843	T
h1SMcG0002844	O
h1SMcG0002845	K
h1SMcG0002846	-
h1SMcG0002847	P
h1SMcG0002848	J
h1SMcG0002849	K
h1SMcG0002850	I
h1SMcG0002851	KLO
h1SMcG0002852	-
h1SMcG0002853	A
h1SMcG0002854	-
h1SMcG0002855	-
h1SMcG0002856	S
h1SMcG0002857	S
h1SMcG0002858	W
h1SMcG0002859	-
h1SMcG0002860	-
h1SMcG0002861	-
h1SMcG0002862	S
h1SMcG0002863	O
h1SMcG0002864	O
h1SMcG0002865	S
h1SMcG0002866	K
h1SMcG0002867	-
h1SMcG0002868	T
h1SMcG0002869	O
h1SMcG0002870	-
h1SMcG0002871	-
h1SMcG0002872	-
h1SMcG0002873	-
h1SMcG0002874	L
h1SMcG0002875	-
h1SMcG0002876	T
h1SMcG0002877	S
h1SMcG0002878	S
h1SMcG0002879	S
h1SMcG0002880	-
h1SMcG0002881	-
h1SMcG0002882	K
h1SMcG0002883	K
h1SMcG0002884	A
h1SMcG0002885	S
h1SMcG0002886	-
h1SMcG0002887	-
h1SMcG0002888	S
h1SMcG0002889	T
h1SMcG0002890	-
h1SMcG0002891	T
h1SMcG0002892	T
h1SMcG0002893	A
h1SMcG0002894	-
h1SMcG0002895	T
h1SMcG0002896	Z
h1SMcG0002897	-
h1SMcG0002898	S
h1SMcG0002899	H
h1SMcG0002900	-
h1SMcG0002901	L
h1SMcG0002902	-
h1SMcG0002903	S
h1SMcG0002904	S
h1SMcG0002905	A
h1SMcG0002906	Z
h1SMcG0002907	S
h1SMcG0002908	T
h1SMcG0002909	-
h1SMcG0002910	G
h1SMcG0002911	T
h1SMcG0002912	-
h1SMcG0002913	D
h1SMcG0002914	U
h1SMcG0002915	O
h1SMcG0002916	O
h1SMcG0002917	-
h1SMcG0002918	-
h1SMcG0002919	G
h1SMcG0002920	-
h1SMcG0002921	-
h1SMcG0002922	-
h1SMcG0002923	S
h1SMcG0002924	G
h1SMcG0002925	-
h1SMcG0002926	Q
h1SMcG0002927	S
h1SMcG0002928	-
h1SMcG0002929	T
h1SMcG0002930	-
h1SMcG0002931	Z
h1SMcG0002932	-
h1SMcG0002933	A
h1SMcG0002934	-
h1SMcG0002935	-
h1SMcG0002936	T
h1SMcG0002937	O
h1SMcG0002938	-
h1SMcG0002939	-
h1SMcG0002940	-
h1SMcG0002941	TZ
h1SMcG0002942	S
h1SMcG0002943	S
h1SMcG0002944	J
h1SMcG0002945	S
h1SMcG0002946	-
h1SMcG0002947	E
h1SMcG0002948	-
h1SMcG0002949	-
h1SMcG0002950	Z
h1SMcG0002951	A
h1SMcG0002952	-
h1SMcG0002953	-
h1SMcG0002954	-
h1SMcG0002955	-
h1SMcG0002956	-
h1SMcG0002957	-
h1SMcG0002958	-
h1SMcG0002959	-
h1SMcG0002960	-
h1SMcG0002961	-
h1SMcG0002962	-
h1SMcG0002963	O
h1SMcG0002964	S
h1SMcG0002965	K
h1SMcG0002966	-
h1SMcG0002967	S
h1SMcG0002968	S
h1SMcG0002969	L
h1SMcG0002970	-
h1SMcG0002971	G
h1SMcG0002972	K
h1SMcG0002973	-
h1SMcG0002974	T
h1SMcG0002975	H
h1SMcG0002976	DZ
h1SMcG0002977	O
h1SMcG0002978	O
h1SMcG0002979	-
h1SMcG0002980	T
h1SMcG0002981	O
h1SMcG0002982	U
h1SMcG0002983	S
h1SMcG0002984	-
h1SMcG0002985	-
h1SMcG0002986	D
h1SMcG0002987	-
h1SMcG0002988	-
h1SMcG0002989	D
h1SMcG0002990	S
h1SMcG0002991	-
h1SMcG0002992	A
h1SMcG0002993	T
h1SMcG0002994	S
h1SMcG0002995	-
h1SMcG0002996	P
h1SMcG0002997	O
h1SMcG0002998	O
h1SMcG0002999	E
h1SMcG0003000	E
h1SMcG0003001	-
h1SMcG0003002	T
h1SMcG0003003	E
h1SMcG0003004	-
h1SMcG0003005	M
h1SMcG0003006	-
h1SMcG0003007	-
h1SMcG0003008	-
h1SMcG0003009	-
h1SMcG0003010	-
h1SMcG0003011	S
h1SMcG0003012	-
h1SMcG0003013	-
h1SMcG0003014	-
h1SMcG0003015	E
h1SMcG0003016	E
h1SMcG0003017	O
h1SMcG0003018	-
h1SMcG0003019	-
h1SMcG0003020	W
h1SMcG0003021	-
h1SMcG0003022	-
h1SMcG0003023	K
h1SMcG0003024	-
h1SMcG0003025	T
h1SMcG0003026	J
h1SMcG0003027	P
h1SMcG0003028	C
h1SMcG0003029	L
h1SMcG0003030	A
h1SMcG0003031	J
h1SMcG0003032	K
h1SMcG0003033	IQ
h1SMcG0003034	-
h1SMcG0003035	-
h1SMcG0003036	Z
h1SMcG0003037	-
h1SMcG0003038	-
h1SMcG0003039	-
h1SMcG0003040	S
h1SMcG0003041	A
h1SMcG0003042	J
h1SMcG0003043	S
h1SMcG0003044	-
h1SMcG0003045	-
h1SMcG0003046	E
h1SMcG0003047	O
h1SMcG0003048	O
h1SMcG0003049	S
h1SMcG0003050	-
h1SMcG0003051	-
h1SMcG0003052	-
h1SMcG0003053	S
h1SMcG0003054	T
h1SMcG0003055	T
h1SMcG0003056	-
h1SMcG0003057	-
h1SMcG0003058	TZ
h1SMcG0003059	A
h1SMcG0003060	Z
h1SMcG0003061	BD
h1SMcG0003062	-
h1SMcG0003063	-
h1SMcG0003064	O
h1SMcG0003065	-
h1SMcG0003066	G
h1SMcG0003067	O
h1SMcG0003068	O
h1SMcG0003069	E
h1SMcG0003070	-
h1SMcG0003071	O
h1SMcG0003072	-
h1SMcG0003073	-
h1SMcG0003074	L
h1SMcG0003075	TU
h1SMcG0003076	-
h1SMcG0003077	-
h1SMcG0003078	ADK
h1SMcG0003079	TU
h1SMcG0003080	-
h1SMcG0003081	ADK
h1SMcG0003082	ADK
h1SMcG0003083	-
h1SMcG0003084	-
h1SMcG0003085	ADK
h1SMcG0003086	-
h1SMcG0003087	-
h1SMcG0003088	-
h1SMcG0003089	-
h1SMcG0003090	-
h1SMcG0003091	-
h1SMcG0003092	-
h1SMcG0003093	S
h1SMcG0003094	-
h1SMcG0003095	E
h1SMcG0003096	-
h1SMcG0003097	C
h1SMcG0003098	T
h1SMcG0003099	O
h1SMcG0003100	P
h1SMcG0003101	-
h1SMcG0003102	-
h1SMcG0003103	S
h1SMcG0003104	A
h1SMcG0003105	C
h1SMcG0003106	C
h1SMcG0003107	A
h1SMcG0003108	E
h1SMcG0003109	E
h1SMcG0003110	Z
h1SMcG0003111	DO
h1SMcG0003112	-
h1SMcG0003113	-
h1SMcG0003114	D
h1SMcG0003115	E
h1SMcG0003116	-
h1SMcG0003117	DT
h1SMcG0003118	S
h1SMcG0003119	-
h1SMcG0003120	-
h1SMcG0003121	-
h1SMcG0003122	T
h1SMcG0003123	U
h1SMcG0003124	-
h1SMcG0003125	-
h1SMcG0003126	-
h1SMcG0003127	-
h1SMcG0003128	-
h1SMcG0003129	-
h1SMcG0003130	K
h1SMcG0003131	-
h1SMcG0003132	K
h1SMcG0003133	S
h1SMcG0003134	-
h1SMcG0003135	S
h1SMcG0003136	-
h1SMcG0003137	G
h1SMcG0003138	-
h1SMcG0003139	-
h1SMcG0003140	-
h1SMcG0003141	-
h1SMcG0003142	S
h1SMcG0003143	Z
h1SMcG0003144	S
h1SMcG0003145	O
h1SMcG0003146	O
h1SMcG0003147	J
h1SMcG0003148	-
h1SMcG0003149	-
h1SMcG0003150	-
h1SMcG0003151	-
h1SMcG0003152	E
h1SMcG0003153	B
h1SMcG0003154	S
h1SMcG0003155	K
h1SMcG0003156	O
h1SMcG0003157	-
h1SMcG0003158	-
h1SMcG0003159	S
h1SMcG0003160	K
h1SMcG0003161	J
h1SMcG0003162	S
h1SMcG0003163	-
h1SMcG0003164	G
h1SMcG0003165	-
h1SMcG0003166	C
h1SMcG0003167	-
h1SMcG0003168	Q
h1SMcG0003169	-
h1SMcG0003170	A
h1SMcG0003171	S
h1SMcG0003172	O
h1SMcG0003173	-
h1SMcG0003174	O
h1SMcG0003175	S
h1SMcG0003176	S
h1SMcG0003177	P
h1SMcG0003178	G
h1SMcG0003179	S
h1SMcG0003180	C
h1SMcG0003181	-
h1SMcG0003182	TZ
h1SMcG0003183	S
h1SMcG0003184	-
h1SMcG0003185	G
h1SMcG0003186	K
h1SMcG0003187	-
h1SMcG0003188	IU
h1SMcG0003189	C
h1SMcG0003190	-
h1SMcG0003191	O
h1SMcG0003192	O
h1SMcG0003193	-
h1SMcG0003194	Z
h1SMcG0003195	O
h1SMcG0003196	I
h1SMcG0003197	K
h1SMcG0003198	T
h1SMcG0003199	U
h1SMcG0003200	TU
h1SMcG0003201	-
h1SMcG0003202	-
h1SMcG0003203	UY
h1SMcG0003204	-
h1SMcG0003205	K
h1SMcG0003206	K
h1SMcG0003207	T
h1SMcG0003208	-
h1SMcG0003209	-
h1SMcG0003210	D
h1SMcG0003211	H
h1SMcG0003212	TU
h1SMcG0003213	T
h1SMcG0003214	P
h1SMcG0003215	-
h1SMcG0003216	Z
h1SMcG0003217	U
h1SMcG0003218	C
h1SMcG0003219	-
h1SMcG0003220	-
h1SMcG0003221	A
h1SMcG0003222	A
h1SMcG0003223	T
h1SMcG0003224	S
h1SMcG0003225	U
h1SMcG0003226	J
h1SMcG0003227	T
h1SMcG0003228	N
h1SMcG0003229	S
h1SMcG0003230	C
h1SMcG0003231	S
h1SMcG0003232	L
h1SMcG0003233	T
h1SMcG0003234	T
h1SMcG0003235	T
h1SMcG0003236	S
h1SMcG0003237	-
h1SMcG0003238	-
h1SMcG0003239	O
h1SMcG0003240	K
h1SMcG0003241	-
h1SMcG0003242	-
h1SMcG0003243	S
h1SMcG0003244	O
h1SMcG0003245	-
h1SMcG0003246	-
h1SMcG0003247	U
h1SMcG0003248	Q
h1SMcG0003249	-
h1SMcG0003250	T
h1SMcG0003251	S
h1SMcG0003252	L
h1SMcG0003253	-
h1SMcG0003254	G
h1SMcG0003255	T
h1SMcG0003256	-
h1SMcG0003257	E
h1SMcG0003258	T
h1SMcG0003259	-
h1SMcG0003260	S
h1SMcG0003261	T
h1SMcG0003262	H
h1SMcG0003263	-
h1SMcG0003264	-
h1SMcG0003265	-
h1SMcG0003266	Z
h1SMcG0003267	S
h1SMcG0003268	-
h1SMcG0003269	BK
h1SMcG0003270	-
h1SMcG0003271	S
h1SMcG0003272	N
h1SMcG0003273	S
h1SMcG0003274	-
h1SMcG0003275	G
h1SMcG0003276	-
h1SMcG0003277	U
h1SMcG0003278	-
h1SMcG0003279	-
h1SMcG0003280	U
h1SMcG0003281	-
h1SMcG0003282	A
h1SMcG0003283	U
h1SMcG0003284	S
h1SMcG0003285	H
h1SMcG0003286	-
h1SMcG0003287	O
h1SMcG0003288	K
h1SMcG0003289	-
h1SMcG0003290	O
h1SMcG0003291	IU
h1SMcG0003292	P
h1SMcG0003293	S
h1SMcG0003294	S
h1SMcG0003295	-
h1SMcG0003296	C
h1SMcG0003297	-
h1SMcG0003298	K
h1SMcG0003299	-
h1SMcG0003300	-
h1SMcG0003301	O
h1SMcG0003302	-
h1SMcG0003303	S
h1SMcG0003304	G
h1SMcG0003305	-
h1SMcG0003306	D
h1SMcG0003307	-
h1SMcG0003308	I
h1SMcG0003309	S
h1SMcG0003310	-
h1SMcG0003311	-
h1SMcG0003312	O
h1SMcG0003313	M
h1SMcG0003314	U
h1SMcG0003315	-
h1SMcG0003316	S
h1SMcG0003317	L
h1SMcG0003318	-
h1SMcG0003319	U
h1SMcG0003320	T
h1SMcG0003321	S
h1SMcG0003322	O
h1SMcG0003323	O
h1SMcG0003324	-
h1SMcG0003325	S
h1SMcG0003326	-
h1SMcG0003327	-
h1SMcG0003328	K
h1SMcG0003329	S
h1SMcG0003330	T
h1SMcG0003331	P
h1SMcG0003332	-
h1SMcG0003333	S
h1SMcG0003334	S
h1SMcG0003335	T
h1SMcG0003336	-
h1SMcG0003337	T
h1SMcG0003338	-
h1SMcG0003339	TU
h1SMcG0003340	O
h1SMcG0003341	I
h1SMcG0003342	-
h1SMcG0003343	H
h1SMcG0003344	-
h1SMcG0003345	-
h1SMcG0003346	EPT
h1SMcG0003347	-
h1SMcG0003348	O
h1SMcG0003349	P
h1SMcG0003350	-
h1SMcG0003351	S
h1SMcG0003352	S
h1SMcG0003353	-
h1SMcG0003354	T
h1SMcG0003355	Z
h1SMcG0003356	S
h1SMcG0003357	U
h1SMcG0003358	U
h1SMcG0003359	-
h1SMcG0003360	T
h1SMcG0003361	DO
h1SMcG0003362	DO
h1SMcG0003363	B
h1SMcG0003364	K
h1SMcG0003365	-
h1SMcG0003366	-
h1SMcG0003367	-
h1SMcG0003368	L
h1SMcG0003369	O
h1SMcG0003370	-
h1SMcG0003371	P
h1SMcG0003372	T
h1SMcG0003373	-
h1SMcG0003374	MV
h1SMcG0003375	-
h1SMcG0003376	T
h1SMcG0003377	EPT
h1SMcG0003378	-
h1SMcG0003379	K
h1SMcG0003380	S
h1SMcG0003381	O
h1SMcG0003382	S
h1SMcG0003383	S
h1SMcG0003384	S
h1SMcG0003385	U
h1SMcG0003386	EPT
h1SMcG0003387	PT
h1SMcG0003388	S
h1SMcG0003389	T
h1SMcG0003390	-
h1SMcG0003391	W
h1SMcG0003392	T
h1SMcG0003393	-
h1SMcG0003394	O
h1SMcG0003395	-
h1SMcG0003396	A
h1SMcG0003397	S
h1SMcG0003398	S
h1SMcG0003399	T
h1SMcG0003400	-
h1SMcG0003401	-
h1SMcG0003402	-
h1SMcG0003403	A
h1SMcG0003404	J
h1SMcG0003405	J
h1SMcG0003406	J
h1SMcG0003407	K
h1SMcG0003408	Z
h1SMcG0003409	C
h1SMcG0003410	K
h1SMcG0003411	U
h1SMcG0003412	G
h1SMcG0003413	KO
h1SMcG0003414	-
h1SMcG0003415	-
h1SMcG0003416	T
h1SMcG0003417	-
h1SMcG0003418	-
h1SMcG0003419	T
h1SMcG0003420	T
h1SMcG0003421	-
h1SMcG0003422	P
h1SMcG0003423	OT
h1SMcG0003424	O
h1SMcG0003425	-
h1SMcG0003426	DT
h1SMcG0003427	-
h1SMcG0003428	-
h1SMcG0003429	S
h1SMcG0003430	L
h1SMcG0003431	O
h1SMcG0003432	-
h1SMcG0003433	O
h1SMcG0003434	H
h1SMcG0003435	-
h1SMcG0003436	S
h1SMcG0003437	K
h1SMcG0003438	O
h1SMcG0003439	L
h1SMcG0003440	-
h1SMcG0003441	A
h1SMcG0003442	A
h1SMcG0003443	-
h1SMcG0003444	A
h1SMcG0003445	A
h1SMcG0003446	-
h1SMcG0003447	-
h1SMcG0003448	-
h1SMcG0003449	O
h1SMcG0003450	S
h1SMcG0003451	-
h1SMcG0003452	U
h1SMcG0003453	-
h1SMcG0003454	-
h1SMcG0003455	-
h1SMcG0003456	S
h1SMcG0003457	E
h1SMcG0003458	K
h1SMcG0003459	I
h1SMcG0003460	T
h1SMcG0003461	S
h1SMcG0003462	-
h1SMcG0003463	GT
h1SMcG0003464	U
h1SMcG0003465	T
h1SMcG0003466	-
h1SMcG0003467	O
h1SMcG0003468	-
h1SMcG0003469	-
h1SMcG0003470	-
h1SMcG0003471	W
h1SMcG0003472	W
h1SMcG0003473	S
h1SMcG0003474	W
h1SMcG0003475	UY
h1SMcG0003476	-
h1SMcG0003477	Q
h1SMcG0003478	P
h1SMcG0003479	S
h1SMcG0003480	S
h1SMcG0003481	O
h1SMcG0003482	O
h1SMcG0003483	O
h1SMcG0003484	-
h1SMcG0003485	-
h1SMcG0003486	J
h1SMcG0003487	-
h1SMcG0003488	KLT
h1SMcG0003489	-
h1SMcG0003490	-
h1SMcG0003491	AD
h1SMcG0003492	K
h1SMcG0003493	O
h1SMcG0003494	F
h1SMcG0003495	-
h1SMcG0003496	-
h1SMcG0003497	-
h1SMcG0003498	-
h1SMcG0003499	-
h1SMcG0003500	P
h1SMcG0003501	E
h1SMcG0003502	T
h1SMcG0003503	-
h1SMcG0003504	Z
h1SMcG0003505	-
h1SMcG0003506	Z
h1SMcG0003507	S
h1SMcG0003508	-
h1SMcG0003509	OU
h1SMcG0003510	BD
h1SMcG0003511	L
h1SMcG0003512	-
h1SMcG0003513	-
h1SMcG0003514	-
h1SMcG0003515	DL
h1SMcG0003516	-
h1SMcG0003517	A
h1SMcG0003518	T
h1SMcG0003519	Q
h1SMcG0003520	-
h1SMcG0003521	-
h1SMcG0003522	T
h1SMcG0003523	T
h1SMcG0003524	-
h1SMcG0003525	-
h1SMcG0003526	S
h1SMcG0003527	S
h1SMcG0003528	-
h1SMcG0003529	TV
h1SMcG0003530	T
h1SMcG0003531	S
h1SMcG0003532	I
h1SMcG0003533	I
h1SMcG0003534	J
h1SMcG0003535	-
h1SMcG0003536	-
h1SMcG0003537	-
h1SMcG0003538	Q
h1SMcG0003539	Q
h1SMcG0003540	Q
h1SMcG0003541	-
h1SMcG0003542	-
h1SMcG0003543	U
h1SMcG0003544	-
h1SMcG0003545	J
h1SMcG0003546	-
h1SMcG0003547	O
h1SMcG0003548	S
h1SMcG0003549	S
h1SMcG0003550	P
h1SMcG0003551	P
h1SMcG0003552	S
h1SMcG0003553	L
h1SMcG0003554	-
h1SMcG0003555	-
h1SMcG0003556	-
h1SMcG0003557	-
h1SMcG0003558	J
h1SMcG0003559	-
h1SMcG0003560	-
h1SMcG0003561	-
h1SMcG0003562	-
h1SMcG0003563	S
h1SMcG0003564	-
h1SMcG0003565	CH
h1SMcG0003566	-
h1SMcG0003567	E
h1SMcG0003568	E
h1SMcG0003569	T
h1SMcG0003570	E
h1SMcG0003571	K
h1SMcG0003572	-
h1SMcG0003573	-
h1SMcG0003574	S
h1SMcG0003575	-
h1SMcG0003576	OW
h1SMcG0003577	-
h1SMcG0003578	K
h1SMcG0003579	L
h1SMcG0003580	T
h1SMcG0003581	T
h1SMcG0003582	J
h1SMcG0003583	J
h1SMcG0003584	T
h1SMcG0003585	T
h1SMcG0003586	-
h1SMcG0003587	K
h1SMcG0003588	-
h1SMcG0003589	TV
h1SMcG0003590	S
h1SMcG0003591	S
h1SMcG0003592	E
h1SMcG0003593	S
h1SMcG0003594	Z
h1SMcG0003595	C
h1SMcG0003596	S
h1SMcG0003597	-
h1SMcG0003598	K
h1SMcG0003599	S
h1SMcG0003600	-
h1SMcG0003601	V
h1SMcG0003602	-
h1SMcG0003603	-
h1SMcG0003604	-
h1SMcG0003605	I
h1SMcG0003606	S
h1SMcG0003607	I
h1SMcG0003608	-
h1SMcG0003609	-
h1SMcG0003610	T
h1SMcG0003611	P
h1SMcG0003612	F
h1SMcG0003613	S
h1SMcG0003614	-
h1SMcG0003615	-
h1SMcG0003616	-
h1SMcG0003617	S
h1SMcG0003618	S
h1SMcG0003619	-
h1SMcG0003620	G
h1SMcG0003621	BD
h1SMcG0003622	T
h1SMcG0003623	G
h1SMcG0003624	-
h1SMcG0003625	A
h1SMcG0003626	-
h1SMcG0003627	-
h1SMcG0003628	O
h1SMcG0003629	A
h1SMcG0003630	-
h1SMcG0003631	S
h1SMcG0003632	J
h1SMcG0003633	S
h1SMcG0003634	F
h1SMcG0003635	S
h1SMcG0003636	-
h1SMcG0003637	O
h1SMcG0003638	-
h1SMcG0003639	-
h1SMcG0003640	-
h1SMcG0003641	-
h1SMcG0003642	-
h1SMcG0003643	-
h1SMcG0003644	-
h1SMcG0003645	-
h1SMcG0003646	K
h1SMcG0003647	T
h1SMcG0003648	-
h1SMcG0003649	G
h1SMcG0003650	O
h1SMcG0003651	Z
h1SMcG0003652	S
h1SMcG0003653	G
h1SMcG0003654	EF
h1SMcG0003655	T
h1SMcG0003656	T
h1SMcG0003657	I
h1SMcG0003658	S
h1SMcG0003659	-
h1SMcG0003660	-
h1SMcG0003661	-
h1SMcG0003662	-
h1SMcG0003663	-
h1SMcG0003664	-
h1SMcG0003665	BDL
h1SMcG0003666	S
h1SMcG0003667	-
h1SMcG0003668	U
h1SMcG0003669	-
h1SMcG0003670	U
h1SMcG0003671	S
h1SMcG0003672	O
h1SMcG0003673	-
h1SMcG0003674	T
h1SMcG0003675	PT
h1SMcG0003676	PT
h1SMcG0003677	PT
h1SMcG0003678	-
h1SMcG0003679	-
h1SMcG0003680	A
h1SMcG0003681	S
h1SMcG0003682	S
h1SMcG0003683	-
h1SMcG0003684	E
h1SMcG0003685	K
h1SMcG0003686	U
h1SMcG0003687	O
h1SMcG0003688	-
h1SMcG0003689	Z
h1SMcG0003690	-
h1SMcG0003691	E
h1SMcG0003692	Z
h1SMcG0003693	G
h1SMcG0003694	U
h1SMcG0003695	-
h1SMcG0003696	-
h1SMcG0003697	-
h1SMcG0003698	U
h1SMcG0003699	-
h1SMcG0003700	-
h1SMcG0003701	S
h1SMcG0003702	Z
h1SMcG0003703	T
h1SMcG0003704	-
h1SMcG0003705	P
h1SMcG0003706	BD
h1SMcG0003707	P
h1SMcG0003708	UY
h1SMcG0003709	-
h1SMcG0003710	C
h1SMcG0003711	S
h1SMcG0003712	-
h1SMcG0003713	OT
h1SMcG0003714	S
h1SMcG0003715	BI
h1SMcG0003716	S
h1SMcG0003717	O
h1SMcG0003718	S
h1SMcG0003719	T
h1SMcG0003720	-
h1SMcG0003721	P
h1SMcG0003722	T
h1SMcG0003723	EPT
h1SMcG0003724	Z
h1SMcG0003725	MU
h1SMcG0003726	-
h1SMcG0003727	K
h1SMcG0003728	-
h1SMcG0003729	K
h1SMcG0003730	E
h1SMcG0003731	KL
h1SMcG0003732	S
h1SMcG0003733	-
h1SMcG0003734	E
h1SMcG0003735	U
h1SMcG0003736	K
h1SMcG0003737	C
h1SMcG0003738	S
h1SMcG0003739	S
h1SMcG0003740	O
h1SMcG0003741	-
h1SMcG0003742	O
h1SMcG0003743	G
h1SMcG0003744	S
h1SMcG0003745	E
h1SMcG0003746	K
h1SMcG0003747	-
h1SMcG0003748	-
h1SMcG0003749	-
h1SMcG0003750	S
h1SMcG0003751	-
h1SMcG0003752	-
h1SMcG0003753	T
h1SMcG0003754	-
h1SMcG0003755	-
h1SMcG0003756	S
h1SMcG0003757	-
h1SMcG0003758	P
h1SMcG0003759	K
h1SMcG0003760	-
h1SMcG0003761	-
h1SMcG0003762	-
h1SMcG0003763	J
h1SMcG0003764	-
h1SMcG0003765	-
h1SMcG0003766	L
h1SMcG0003767	-
h1SMcG0003768	S
h1SMcG0003769	-
h1SMcG0003770	S
h1SMcG0003771	-
h1SMcG0003772	-
h1SMcG0003773	K
h1SMcG0003774	U
h1SMcG0003775	J
h1SMcG0003776	-
h1SMcG0003777	O
h1SMcG0003778	-
h1SMcG0003779	O
h1SMcG0003780	C
h1SMcG0003781	-
h1SMcG0003782	U
h1SMcG0003783	-
h1SMcG0003784	S
h1SMcG0003785	T
h1SMcG0003786	S
h1SMcG0003787	S
h1SMcG0003788	E
h1SMcG0003789	E
h1SMcG0003790	-
h1SMcG0003791	O
h1SMcG0003792	-
h1SMcG0003793	K
h1SMcG0003794	L
h1SMcG0003795	-
h1SMcG0003796	L
h1SMcG0003797	S
h1SMcG0003798	T
h1SMcG0003799	P
h1SMcG0003800	T
h1SMcG0003801	-
h1SMcG0003802	K
h1SMcG0003803	TU
h1SMcG0003804	-
h1SMcG0003805	-
h1SMcG0003806	S
h1SMcG0003807	S
h1SMcG0003808	O
h1SMcG0003809	T
h1SMcG0003810	O
h1SMcG0003811	O
h1SMcG0003812	-
h1SMcG0003813	O
h1SMcG0003814	-
h1SMcG0003815	CO
h1SMcG0003816	T
h1SMcG0003817	M
h1SMcG0003818	O
h1SMcG0003819	-
h1SMcG0003820	-
h1SMcG0003821	O
h1SMcG0003822	-
h1SMcG0003823	U
h1SMcG0003824	OU
h1SMcG0003825	-
h1SMcG0003826	T
h1SMcG0003827	-
h1SMcG0003828	E
h1SMcG0003829	-
h1SMcG0003830	-
h1SMcG0003831	-
h1SMcG0003832	-
h1SMcG0003833	-
h1SMcG0003834	-
h1SMcG0003835	S
h1SMcG0003836	A
h1SMcG0003837	Z
h1SMcG0003838	T
h1SMcG0003839	B
h1SMcG0003840	-
h1SMcG0003841	-
h1SMcG0003842	IQ
h1SMcG0003843	-
h1SMcG0003844	ADK
h1SMcG0003845	ADK
h1SMcG0003846	M
h1SMcG0003847	O
h1SMcG0003848	-
h1SMcG0003849	M
h1SMcG0003850	T
h1SMcG0003851	S
h1SMcG0003852	TU
h1SMcG0003853	-
h1SMcG0003854	S
h1SMcG0003855	-
h1SMcG0003856	-
h1SMcG0003857	Z
h1SMcG0003858	T
h1SMcG0003859	S
h1SMcG0003860	-
h1SMcG0003861	K
h1SMcG0003862	S
h1SMcG0003863	-
h1SMcG0003864	S
h1SMcG0003865	-
h1SMcG0003866	-
h1SMcG0003867	-
h1SMcG0003868	F
h1SMcG0003869	-
h1SMcG0003870	KLT
h1SMcG0003871	J
h1SMcG0003872	P
h1SMcG0003873	-
h1SMcG0003874	E
h1SMcG0003875	T
h1SMcG0003876	E
h1SMcG0003877	-
h1SMcG0003878	-
h1SMcG0003879	O
h1SMcG0003880	S
h1SMcG0003881	-
h1SMcG0003882	K
h1SMcG0003883	S
h1SMcG0003884	O
h1SMcG0003885	O
h1SMcG0003886	-
h1SMcG0003887	U
h1SMcG0003888	P
h1SMcG0003889	U
h1SMcG0003890	-
h1SMcG0003891	C
h1SMcG0003892	L
h1SMcG0003893	K
h1SMcG0003894	-
h1SMcG0003895	A
h1SMcG0003896	F
h1SMcG0003897	U
h1SMcG0003898	T
h1SMcG0003899	-
h1SMcG0003900	-
h1SMcG0003901	I
h1SMcG0003902	U
h1SMcG0003903	-
h1SMcG0003904	A
h1SMcG0003905	-
h1SMcG0003906	-
h1SMcG0003907	-
h1SMcG0003908	G
h1SMcG0003909	Z
h1SMcG0003910	-
h1SMcG0003911	K
h1SMcG0003912	-
h1SMcG0003913	K
h1SMcG0003914	S
h1SMcG0003915	O
h1SMcG0003916	-
h1SMcG0003917	-
h1SMcG0003918	-
h1SMcG0003919	K
h1SMcG0003920	S
h1SMcG0003921	-
h1SMcG0003922	-
h1SMcG0003923	-
h1SMcG0003924	E
h1SMcG0003925	-
h1SMcG0003926	S
h1SMcG0003927	Y
h1SMcG0003928	-
h1SMcG0003929	J
h1SMcG0003930	O
h1SMcG0003931	-
h1SMcG0003932	N
h1SMcG0003933	N
h1SMcG0003934	-
h1SMcG0003935	-
h1SMcG0003936	-
h1SMcG0003937	T
h1SMcG0003938	O
h1SMcG0003939	-
h1SMcG0003940	-
h1SMcG0003941	K
h1SMcG0003942	T
h1SMcG0003943	-
h1SMcG0003944	-
h1SMcG0003945	T
h1SMcG0003946	E
h1SMcG0003947	-
h1SMcG0003948	S
h1SMcG0003949	D
h1SMcG0003950	U
h1SMcG0003951	-
h1SMcG0003952	C
h1SMcG0003953	JUY
h1SMcG0003954	S
h1SMcG0003955	S
h1SMcG0003956	S
h1SMcG0003957	T
h1SMcG0003958	S
h1SMcG0003959	-
h1SMcG0003960	K
h1SMcG0003961	PT
h1SMcG0003962	O
h1SMcG0003963	L
h1SMcG0003964	-
h1SMcG0003965	L
h1SMcG0003966	-
h1SMcG0003967	P
h1SMcG0003968	-
h1SMcG0003969	K
h1SMcG0003970	-
h1SMcG0003971	EG
h1SMcG0003972	S
h1SMcG0003973	-
h1SMcG0003974	-
h1SMcG0003975	S
h1SMcG0003976	S
h1SMcG0003977	-
h1SMcG0003978	S
h1SMcG0003979	S
h1SMcG0003980	S
h1SMcG0003981	S
h1SMcG0003982	L
h1SMcG0003983	S
h1SMcG0003984	S
h1SMcG0003985	I
h1SMcG0003986	-
h1SMcG0003987	L
h1SMcG0003988	S
h1SMcG0003989	S
h1SMcG0003990	-
h1SMcG0003991	DUZ
h1SMcG0003992	-
h1SMcG0003993	DY
h1SMcG0003994	S
h1SMcG0003995	-
h1SMcG0003996	L
h1SMcG0003997	-
h1SMcG0003998	-
h1SMcG0003999	-
h1SMcG0004000	E
h1SMcG0004001	B
h1SMcG0004002	-
h1SMcG0004003	-
h1SMcG0004004	O
h1SMcG0004005	-
h1SMcG0004006	-
h1SMcG0004007	G
h1SMcG0004008	-
h1SMcG0004009	-
h1SMcG0004010	K
h1SMcG0004011	C
h1SMcG0004012	-
h1SMcG0004013	C
h1SMcG0004014	L
h1SMcG0004015	S
h1SMcG0004016	C
h1SMcG0004017	-
h1SMcG0004018	-
h1SMcG0004019	K
h1SMcG0004020	S
h1SMcG0004021	-
h1SMcG0004022	-
h1SMcG0004023	S
h1SMcG0004024	-
h1SMcG0004025	-
h1SMcG0004026	G
h1SMcG0004027	F
h1SMcG0004028	-
h1SMcG0004029	-
h1SMcG0004030	K
h1SMcG0004031	-
h1SMcG0004032	-
h1SMcG0004033	-
h1SMcG0004034	W
h1SMcG0004035	-
h1SMcG0004036	-
h1SMcG0004037	-
h1SMcG0004038	-
h1SMcG0004039	-
h1SMcG0004040	-
h1SMcG0004041	-
h1SMcG0004042	KLO
h1SMcG0004043	-
h1SMcG0004044	-
h1SMcG0004045	S
h1SMcG0004046	J
h1SMcG0004047	IT
h1SMcG0004048	-
h1SMcG0004049	A
h1SMcG0004050	T
h1SMcG0004051	DZ
h1SMcG0004052	G
h1SMcG0004053	K
h1SMcG0004054	-
h1SMcG0004055	S
h1SMcG0004056	-
h1SMcG0004057	S
h1SMcG0004058	T
h1SMcG0004059	T
h1SMcG0004060	E
h1SMcG0004061	H
h1SMcG0004062	O
h1SMcG0004063	T
h1SMcG0004064	-
h1SMcG0004065	S
h1SMcG0004066	D
h1SMcG0004067	T
h1SMcG0004068	I
h1SMcG0004069	S
h1SMcG0004070	-
h1SMcG0004071	I
h1SMcG0004072	L
h1SMcG0004073	-
h1SMcG0004074	-
h1SMcG0004075	-
h1SMcG0004076	D
h1SMcG0004077	S
h1SMcG0004078	A
h1SMcG0004079	A
h1SMcG0004080	L
h1SMcG0004081	T
h1SMcG0004082	-
h1SMcG0004083	T
h1SMcG0004084	Z
h1SMcG0004085	-
h1SMcG0004086	-
h1SMcG0004087	S
h1SMcG0004088	S
h1SMcG0004089	-
h1SMcG0004090	-
h1SMcG0004091	-
h1SMcG0004092	S
h1SMcG0004093	A
h1SMcG0004094	S
h1SMcG0004095	-
h1SMcG0004096	-
h1SMcG0004097	A
h1SMcG0004098	Z
h1SMcG0004099	Z
h1SMcG0004100	T
h1SMcG0004101	S
h1SMcG0004102	G
h1SMcG0004103	O
h1SMcG0004104	-
h1SMcG0004105	T
h1SMcG0004106	S
h1SMcG0004107	S
h1SMcG0004108	U
h1SMcG0004109	-
h1SMcG0004110	-
h1SMcG0004111	T
h1SMcG0004112	DUZ
h1SMcG0004113	-
h1SMcG0004114	A
h1SMcG0004115	S
h1SMcG0004116	I
h1SMcG0004117	BD
h1SMcG0004118	S
h1SMcG0004119	T
h1SMcG0004120	-
h1SMcG0004121	S
h1SMcG0004122	C
h1SMcG0004123	-
h1SMcG0004124	S
h1SMcG0004125	P
h1SMcG0004126	-
h1SMcG0004127	O
h1SMcG0004128	P
h1SMcG0004129	-
h1SMcG0004130	T
h1SMcG0004131	-
h1SMcG0004132	S
h1SMcG0004133	S
h1SMcG0004134	-
h1SMcG0004135	S
h1SMcG0004136	-
h1SMcG0004137	-
h1SMcG0004138	-
h1SMcG0004139	-
h1SMcG0004140	-
h1SMcG0004141	-
h1SMcG0004142	-
h1SMcG0004143	E
h1SMcG0004144	G
h1SMcG0004145	S
h1SMcG0004146	K
h1SMcG0004147	-
h1SMcG0004148	O
h1SMcG0004149	-
h1SMcG0004150	O
h1SMcG0004151	S
h1SMcG0004152	S
h1SMcG0004153	T
h1SMcG0004154	J
h1SMcG0004155	S
h1SMcG0004156	-
h1SMcG0004157	I
h1SMcG0004158	S
h1SMcG0004159	-
h1SMcG0004160	T
h1SMcG0004161	M
h1SMcG0004162	S
h1SMcG0004163	M
h1SMcG0004164	-
h1SMcG0004165	T
h1SMcG0004166	T
h1SMcG0004167	-
h1SMcG0004168	U
h1SMcG0004169	S
h1SMcG0004170	-
h1SMcG0004171	-
h1SMcG0004172	C
h1SMcG0004173	L
h1SMcG0004174	S
h1SMcG0004175	TZ
h1SMcG0004176	O
h1SMcG0004177	S
h1SMcG0004178	-
h1SMcG0004179	Z
h1SMcG0004180	Z
h1SMcG0004181	E
h1SMcG0004182	-
h1SMcG0004183	J
h1SMcG0004184	J
h1SMcG0004185	T
h1SMcG0004186	K
h1SMcG0004187	-
h1SMcG0004188	-
h1SMcG0004189	Z
h1SMcG0004190	P
h1SMcG0004191	-
h1SMcG0004192	K
h1SMcG0004193	S
h1SMcG0004194	S
h1SMcG0004195	-
h1SMcG0004196	-
h1SMcG0004197	Z
h1SMcG0004198	I
h1SMcG0004199	S
h1SMcG0004200	Q
h1SMcG0004201	Q
h1SMcG0004202	E
h1SMcG0004203	J
h1SMcG0004204	OU
h1SMcG0004205	L
h1SMcG0004206	-
h1SMcG0004207	S
h1SMcG0004208	J
h1SMcG0004209	-
h1SMcG0004210	-
h1SMcG0004211	-
h1SMcG0004212	O
h1SMcG0004213	-
h1SMcG0004214	-
h1SMcG0004215	-
h1SMcG0004216	T
h1SMcG0004217	-
h1SMcG0004218	-
h1SMcG0004219	-
h1SMcG0004220	EPT
h1SMcG0004221	J
h1SMcG0004222	S
h1SMcG0004223	T
h1SMcG0004224	T
h1SMcG0004225	-
h1SMcG0004226	S
h1SMcG0004227	-
h1SMcG0004228	J
h1SMcG0004229	-
h1SMcG0004230	S
h1SMcG0004231	-
h1SMcG0004232	T
h1SMcG0004233	-
h1SMcG0004234	-
h1SMcG0004235	T
h1SMcG0004236	A
h1SMcG0004237	OU
h1SMcG0004238	S
h1SMcG0004239	H
h1SMcG0004240	V
h1SMcG0004241	I
h1SMcG0004242	S
h1SMcG0004243	F
h1SMcG0004244	A
h1SMcG0004245	-
h1SMcG0004246	P
h1SMcG0004247	M
h1SMcG0004248	-
h1SMcG0004249	S
h1SMcG0004250	S
h1SMcG0004251	-
h1SMcG0004252	-
h1SMcG0004253	E
h1SMcG0004254	U
h1SMcG0004255	A
h1SMcG0004256	M
h1SMcG0004257	Z
h1SMcG0004258	-
h1SMcG0004259	-
h1SMcG0004260	T
h1SMcG0004261	V
h1SMcG0004262	V
h1SMcG0004263	V
h1SMcG0004264	V
h1SMcG0004265	V
h1SMcG0004266	L
h1SMcG0004267	-
h1SMcG0004268	-
h1SMcG0004269	Z
h1SMcG0004270	Z
h1SMcG0004271	Z
h1SMcG0004272	S
h1SMcG0004273	T
h1SMcG0004274	-
h1SMcG0004275	S
h1SMcG0004276	-
h1SMcG0004277	F
h1SMcG0004278	S
h1SMcG0004279	S
h1SMcG0004280	U
h1SMcG0004281	-
h1SMcG0004282	-
h1SMcG0004283	S
h1SMcG0004284	P
h1SMcG0004285	S
h1SMcG0004286	S
h1SMcG0004287	O
h1SMcG0004288	-
h1SMcG0004289	-
h1SMcG0004290	K
h1SMcG0004291	O
h1SMcG0004292	U
h1SMcG0004293	A
h1SMcG0004294	A
h1SMcG0004295	-
h1SMcG0004296	K
h1SMcG0004297	S
h1SMcG0004298	U
h1SMcG0004299	S
h1SMcG0004300	-
h1SMcG0004301	-
h1SMcG0004302	O
h1SMcG0004303	O
h1SMcG0004304	Z
h1SMcG0004305	U
h1SMcG0004306	-
h1SMcG0004307	K
h1SMcG0004308	T
h1SMcG0004309	G
h1SMcG0004310	T
h1SMcG0004311	M
h1SMcG0004312	M
h1SMcG0004313	M
h1SMcG0004314	M
h1SMcG0004315	M
h1SMcG0004316	-
h1SMcG0004317	-
h1SMcG0004318	-
h1SMcG0004319	S
h1SMcG0004320	O
h1SMcG0004321	-
h1SMcG0004322	-
h1SMcG0004323	S
h1SMcG0004324	-
h1SMcG0004325	-
h1SMcG0004326	-
h1SMcG0004327	I
h1SMcG0004328	K
h1SMcG0004329	K
h1SMcG0004330	-
h1SMcG0004331	-
h1SMcG0004332	-
h1SMcG0004333	-
h1SMcG0004334	-
h1SMcG0004335	-
h1SMcG0004336	-
h1SMcG0004337	-
h1SMcG0004338	-
h1SMcG0004339	-
h1SMcG0004340	C
h1SMcG0004341	G
h1SMcG0004342	TU
h1SMcG0004343	O
h1SMcG0004344	P
h1SMcG0004345	-
h1SMcG0004346	-
h1SMcG0004347	S
h1SMcG0004348	D
h1SMcG0004349	V
h1SMcG0004350	-
h1SMcG0004351	-
h1SMcG0004352	K
h1SMcG0004353	S
h1SMcG0004354	-
h1SMcG0004355	-
h1SMcG0004356	-
h1SMcG0004357	P
h1SMcG0004358	O
h1SMcG0004359	DO
h1SMcG0004360	-
h1SMcG0004361	-
h1SMcG0004362	B
h1SMcG0004363	-
h1SMcG0004364	V
h1SMcG0004365	J
h1SMcG0004366	B
h1SMcG0004367	-
h1SMcG0004368	S
h1SMcG0004369	T
h1SMcG0004370	E
h1SMcG0004371	E
h1SMcG0004372	UY
h1SMcG0004373	-
h1SMcG0004374	S
h1SMcG0004375	T
h1SMcG0004376	-
h1SMcG0004377	I
h1SMcG0004378	O
h1SMcG0004379	S
h1SMcG0004380	-
h1SMcG0004381	BD
h1SMcG0004382	-
h1SMcG0004383	-
h1SMcG0004384	F
h1SMcG0004385	S
h1SMcG0004386	U
h1SMcG0004387	A
h1SMcG0004388	C
h1SMcG0004389	-
h1SMcG0004390	-
h1SMcG0004391	T
h1SMcG0004392	-
h1SMcG0004393	-
h1SMcG0004394	-
h1SMcG0004395	A
h1SMcG0004396	S
h1SMcG0004397	S
h1SMcG0004398	O
h1SMcG0004399	G
h1SMcG0004400	P
h1SMcG0004401	Z
h1SMcG0004402	K
h1SMcG0004403	-
h1SMcG0004404	T
h1SMcG0004405	-
h1SMcG0004406	T
h1SMcG0004407	S
h1SMcG0004408	O
h1SMcG0004409	-
h1SMcG0004410	V
h1SMcG0004411	G
h1SMcG0004412	-
h1SMcG0004413	-
h1SMcG0004414	T
h1SMcG0004415	-
h1SMcG0004416	-
h1SMcG0004417	TZ
h1SMcG0004418	-
h1SMcG0004419	-
h1SMcG0004420	-
h1SMcG0004421	-
h1SMcG0004422	L
h1SMcG0004423	-
h1SMcG0004424	E
h1SMcG0004425	-
h1SMcG0004426	S
h1SMcG0004427	T
h1SMcG0004428	TZ
h1SMcG0004429	-
h1SMcG0004430	K
h1SMcG0004431	J
h1SMcG0004432	-
h1SMcG0004433	S
h1SMcG0004434	-
h1SMcG0004435	S
h1SMcG0004436	-
h1SMcG0004437	S
h1SMcG0004438	T
h1SMcG0004439	T
h1SMcG0004440	T
h1SMcG0004441	S
h1SMcG0004442	Q
h1SMcG0004443	-
h1SMcG0004444	T
h1SMcG0004445	T
h1SMcG0004446	-
h1SMcG0004447	-
h1SMcG0004448	I
h1SMcG0004449	I
h1SMcG0004450	I
h1SMcG0004451	K
h1SMcG0004452	AI
h1SMcG0004453	AT
h1SMcG0004454	OU
h1SMcG0004455	S
h1SMcG0004456	-
h1SMcG0004457	-
h1SMcG0004458	H
h1SMcG0004459	M
h1SMcG0004460	S
h1SMcG0004461	C
h1SMcG0004462	T
h1SMcG0004463	-
h1SMcG0004464	-
h1SMcG0004465	T
h1SMcG0004466	-
h1SMcG0004467	S
h1SMcG0004468	T
h1SMcG0004469	-
h1SMcG0004470	L
h1SMcG0004471	OT
h1SMcG0004472	U
h1SMcG0004473	A
h1SMcG0004474	U
h1SMcG0004475	-
h1SMcG0004476	K
h1SMcG0004477	E
h1SMcG0004478	S
h1SMcG0004479	S
h1SMcG0004480	A
h1SMcG0004481	T
h1SMcG0004482	J
h1SMcG0004483	A
h1SMcG0004484	-
h1SMcG0004485	EIOV
h1SMcG0004486	-
h1SMcG0004487	I
h1SMcG0004488	-
h1SMcG0004489	S
h1SMcG0004490	P
h1SMcG0004491	K
h1SMcG0004492	M
h1SMcG0004493	U
h1SMcG0004494	-
h1SMcG0004495	Q
h1SMcG0004496	-
h1SMcG0004497	-
h1SMcG0004498	E
h1SMcG0004499	Q
h1SMcG0004500	-
h1SMcG0004501	A
h1SMcG0004502	P
h1SMcG0004503	-
h1SMcG0004504	T
h1SMcG0004505	O
h1SMcG0004506	-
h1SMcG0004507	O
h1SMcG0004508	M
h1SMcG0004509	BK
h1SMcG0004510	-
h1SMcG0004511	E
h1SMcG0004512	-
h1SMcG0004513	-
h1SMcG0004514	E
h1SMcG0004515	L
h1SMcG0004516	U
h1SMcG0004517	S
h1SMcG0004518	O
h1SMcG0004519	O
h1SMcG0004520	TU
h1SMcG0004521	P
h1SMcG0004522	-
h1SMcG0004523	O
h1SMcG0004524	-
h1SMcG0004525	O
h1SMcG0004526	E
h1SMcG0004527	O
h1SMcG0004528	-
h1SMcG0004529	-
h1SMcG0004530	D
h1SMcG0004531	-
h1SMcG0004532	I
h1SMcG0004533	E
h1SMcG0004534	-
h1SMcG0004535	-
h1SMcG0004536	-
h1SMcG0004537	-
h1SMcG0004538	T
h1SMcG0004539	A
h1SMcG0004540	-
h1SMcG0004541	-
h1SMcG0004542	-
h1SMcG0004543	Q
h1SMcG0004544	E
h1SMcG0004545	-
h1SMcG0004546	F
h1SMcG0004547	S
h1SMcG0004548	-
h1SMcG0004549	-
h1SMcG0004550	-
h1SMcG0004551	C
h1SMcG0004552	-
h1SMcG0004553	S
h1SMcG0004554	S
h1SMcG0004555	I
h1SMcG0004556	L
h1SMcG0004557	-
h1SMcG0004558	C
h1SMcG0004559	-
h1SMcG0004560	-
h1SMcG0004561	-
h1SMcG0004562	-
h1SMcG0004563	S
h1SMcG0004564	-
h1SMcG0004565	T
h1SMcG0004566	-
h1SMcG0004567	T
h1SMcG0004568	-
h1SMcG0004569	K
h1SMcG0004570	K
h1SMcG0004571	U
h1SMcG0004572	O
h1SMcG0004573	I
h1SMcG0004574	Z
h1SMcG0004575	-
h1SMcG0004576	T
h1SMcG0004577	Z
h1SMcG0004578	-
h1SMcG0004579	S
h1SMcG0004580	O
h1SMcG0004581	O
h1SMcG0004582	-
h1SMcG0004583	O
h1SMcG0004584	A
h1SMcG0004585	T
h1SMcG0004586	J
h1SMcG0004587	-
h1SMcG0004588	O
h1SMcG0004589	T
h1SMcG0004590	F
h1SMcG0004591	-
h1SMcG0004592	O
h1SMcG0004593	O
h1SMcG0004594	T
h1SMcG0004595	T
h1SMcG0004596	T
h1SMcG0004597	S
h1SMcG0004598	-
h1SMcG0004599	-
h1SMcG0004600	-
h1SMcG0004601	-
h1SMcG0004602	-
h1SMcG0004603	E
h1SMcG0004604	C
h1SMcG0004605	O
h1SMcG0004606	Z
h1SMcG0004607	Z
h1SMcG0004608	T
h1SMcG0004609	Z
h1SMcG0004610	UZ
h1SMcG0004611	T
h1SMcG0004612	S
h1SMcG0004613	S
h1SMcG0004614	-
h1SMcG0004615	S
h1SMcG0004616	S
h1SMcG0004617	-
h1SMcG0004618	-
h1SMcG0004619	-
h1SMcG0004620	T
h1SMcG0004621	A
h1SMcG0004622	A
h1SMcG0004623	S
h1SMcG0004624	Z
h1SMcG0004625	S
h1SMcG0004626	-
h1SMcG0004627	S
h1SMcG0004628	S
h1SMcG0004629	-
h1SMcG0004630	S
h1SMcG0004631	-
h1SMcG0004632	P
h1SMcG0004633	-
h1SMcG0004634	T
h1SMcG0004635	-
h1SMcG0004636	-
h1SMcG0004637	T
h1SMcG0004638	P
h1SMcG0004639	A
h1SMcG0004640	TV
h1SMcG0004641	-
h1SMcG0004642	T
h1SMcG0004643	S
h1SMcG0004644	L
h1SMcG0004645	S
h1SMcG0004646	-
h1SMcG0004647	-
h1SMcG0004648	-
h1SMcG0004649	-
h1SMcG0004650	-
h1SMcG0004651	K
h1SMcG0004652	-
h1SMcG0004653	O
h1SMcG0004654	-
h1SMcG0004655	-
h1SMcG0004656	U
h1SMcG0004657	-
h1SMcG0004658	-
h1SMcG0004659	-
h1SMcG0004660	-
h1SMcG0004661	T
h1SMcG0004662	-
h1SMcG0004663	DO
h1SMcG0004664	L
h1SMcG0004665	EPT
h1SMcG0004666	L
h1SMcG0004667	S
h1SMcG0004668	-
h1SMcG0004669	-
h1SMcG0004670	-
h1SMcG0004671	-
h1SMcG0004672	-
h1SMcG0004673	-
h1SMcG0004674	-
h1SMcG0004675	-
h1SMcG0004676	-
h1SMcG0004677	BD
h1SMcG0004678	-
h1SMcG0004679	-
h1SMcG0004680	-
h1SMcG0004681	O
h1SMcG0004682	O
h1SMcG0004683	O
h1SMcG0004684	U
h1SMcG0004685	O
h1SMcG0004686	-
h1SMcG0004687	K
h1SMcG0004688	O
h1SMcG0004689	-
h1SMcG0004690	-
h1SMcG0004691	J
h1SMcG0004692	L
h1SMcG0004693	CK
h1SMcG0004694	-
h1SMcG0004695	K
h1SMcG0004696	-
h1SMcG0004697	O
h1SMcG0004698	-
h1SMcG0004699	TU
h1SMcG0004700	S
h1SMcG0004701	S
h1SMcG0004702	A
h1SMcG0004703	S
h1SMcG0004704	J
h1SMcG0004705	U
h1SMcG0004706	T
h1SMcG0004707	-
h1SMcG0004708	T
h1SMcG0004709	D
h1SMcG0004710	-
h1SMcG0004711	J
h1SMcG0004712	-
h1SMcG0004713	B
h1SMcG0004714	-
h1SMcG0004715	-
h1SMcG0004716	-
h1SMcG0004717	OT
h1SMcG0004718	T
h1SMcG0004719	J
h1SMcG0004720	T
h1SMcG0004721	J
h1SMcG0004722	S
h1SMcG0004723	-
h1SMcG0004724	P
h1SMcG0004725	S
h1SMcG0004726	-
h1SMcG0004727	S
h1SMcG0004728	U
h1SMcG0004729	-
h1SMcG0004730	-
h1SMcG0004731	-
h1SMcG0004732	-
h1SMcG0004733	-
h1SMcG0004734	T
h1SMcG0004735	-
h1SMcG0004736	S
h1SMcG0004737	T
h1SMcG0004738	TZ
h1SMcG0004739	K
h1SMcG0004740	-
h1SMcG0004741	-
h1SMcG0004742	-
h1SMcG0004743	S
h1SMcG0004744	T
h1SMcG0004745	MO
h1SMcG0004746	-
h1SMcG0004747	-
h1SMcG0004748	-
h1SMcG0004749	D
h1SMcG0004750	S
h1SMcG0004751	S
h1SMcG0004752	-
h1SMcG0004753	O
h1SMcG0004754	Z
h1SMcG0004755	T
h1SMcG0004756	-
h1SMcG0004757	-
h1SMcG0004758	E
h1SMcG0004759	-
h1SMcG0004760	A
h1SMcG0004761	O
h1SMcG0004762	O
h1SMcG0004763	MO
h1SMcG0004764	-
h1SMcG0004765	-
h1SMcG0004766	J
h1SMcG0004767	T
h1SMcG0004768	-
h1SMcG0004769	-
h1SMcG0004770	-
h1SMcG0004771	-
h1SMcG0004772	-
h1SMcG0004773	C
h1SMcG0004774	-
h1SMcG0004775	M
h1SMcG0004776	-
h1SMcG0004777	O
h1SMcG0004778	S
h1SMcG0004779	-
h1SMcG0004780	Q
h1SMcG0004781	K
h1SMcG0004782	Z
h1SMcG0004783	-
h1SMcG0004784	I
h1SMcG0004785	-
h1SMcG0004786	C
h1SMcG0004787	K
h1SMcG0004788	T
h1SMcG0004789	O
h1SMcG0004790	TU
h1SMcG0004791	-
h1SMcG0004792	-
h1SMcG0004793	T
h1SMcG0004794	A
h1SMcG0004795	-
h1SMcG0004796	-
h1SMcG0004797	A
h1SMcG0004798	S
h1SMcG0004799	O
h1SMcG0004800	O
h1SMcG0004801	-
h1SMcG0004802	K
h1SMcG0004803	Z
h1SMcG0004804	-
h1SMcG0004805	S
h1SMcG0004806	-
h1SMcG0004807	U
h1SMcG0004808	T
h1SMcG0004809	E
h1SMcG0004810	TU
h1SMcG0004811	U
h1SMcG0004812	T
h1SMcG0004813	S
h1SMcG0004814	K
h1SMcG0004815	T
h1SMcG0004816	-
h1SMcG0004817	T
h1SMcG0004818	-
h1SMcG0004819	T
h1SMcG0004820	T
h1SMcG0004821	E
h1SMcG0004822	-
h1SMcG0004823	G
h1SMcG0004824	-
h1SMcG0004825	-
h1SMcG0004826	EPT
h1SMcG0004827	EPT
h1SMcG0004828	EPT
h1SMcG0004829	T
h1SMcG0004830	J
h1SMcG0004831	-
h1SMcG0004832	T
h1SMcG0004833	-
h1SMcG0004834	-
h1SMcG0004835	-
h1SMcG0004836	T
h1SMcG0004837	S
h1SMcG0004838	-
h1SMcG0004839	O
h1SMcG0004840	T
h1SMcG0004841	F
h1SMcG0004842	-
h1SMcG0004843	S
h1SMcG0004844	-
h1SMcG0004845	-
h1SMcG0004846	J
h1SMcG0004847	L
h1SMcG0004848	Z
h1SMcG0004849	-
h1SMcG0004850	U
h1SMcG0004851	-
h1SMcG0004852	-
h1SMcG0004853	-
h1SMcG0004854	-
h1SMcG0004855	L
h1SMcG0004856	S
h1SMcG0004857	T
h1SMcG0004858	-
h1SMcG0004859	-
h1SMcG0004860	-
h1SMcG0004861	O
h1SMcG0004862	O
h1SMcG0004863	K
h1SMcG0004864	S
h1SMcG0004865	T
h1SMcG0004866	-
h1SMcG0004867	L
h1SMcG0004868	K
h1SMcG0004869	-
h1SMcG0004870	O
h1SMcG0004871	A
h1SMcG0004872	T
h1SMcG0004873	-
h1SMcG0004874	S
h1SMcG0004875	-
h1SMcG0004876	J
h1SMcG0004877	S
h1SMcG0004878	S
h1SMcG0004879	-
h1SMcG0004880	P
h1SMcG0004881	-
h1SMcG0004882	Q
h1SMcG0004883	-
h1SMcG0004884	F
h1SMcG0004885	-
h1SMcG0004886	I
h1SMcG0004887	-
h1SMcG0004888	B
h1SMcG0004889	S
h1SMcG0004890	T
h1SMcG0004891	-
h1SMcG0004892	-
h1SMcG0004893	T
h1SMcG0004894	G
h1SMcG0004895	UY
h1SMcG0004896	UY
h1SMcG0004897	T
h1SMcG0004898	-
h1SMcG0004899	-
h1SMcG0004900	-
h1SMcG0004901	S
h1SMcG0004902	S
h1SMcG0004903	-
h1SMcG0004904	K
h1SMcG0004905	K
h1SMcG0004906	-
h1SMcG0004907	-
h1SMcG0004908	E
h1SMcG0004909	P
h1SMcG0004910	-
h1SMcG0004911	-
h1SMcG0004912	S
h1SMcG0004913	S
h1SMcG0004914	G
h1SMcG0004915	J
h1SMcG0004916	T
h1SMcG0004917	-
h1SMcG0004918	A
h1SMcG0004919	A
h1SMcG0004920	T
h1SMcG0004921	G
h1SMcG0004922	-
h1SMcG0004923	-
h1SMcG0004924	S
h1SMcG0004925	S
h1SMcG0004926	O
h1SMcG0004927	-
h1SMcG0004928	Q
h1SMcG0004929	G
h1SMcG0004930	-
h1SMcG0004931	-
h1SMcG0004932	OP
h1SMcG0004933	S
h1SMcG0004934	S
h1SMcG0004935	S
h1SMcG0004936	-
h1SMcG0004937	T
h1SMcG0004938	T
h1SMcG0004939	M
h1SMcG0004940	O
h1SMcG0004941	T
h1SMcG0004942	S
h1SMcG0004943	S
h1SMcG0004944	S
h1SMcG0004945	S
h1SMcG0004946	-
h1SMcG0004947	G
h1SMcG0004948	-
h1SMcG0004949	K
h1SMcG0004950	S
h1SMcG0004951	Q
h1SMcG0004952	Q
h1SMcG0004953	G
h1SMcG0004954	-
h1SMcG0004955	G
h1SMcG0004956	G
h1SMcG0004957	G
h1SMcG0004958	G
h1SMcG0004959	C
h1SMcG0004960	L
h1SMcG0004961	U
h1SMcG0004962	T
h1SMcG0004963	-
h1SMcG0004964	-
h1SMcG0004965	-
h1SMcG0004966	-
h1SMcG0004967	-
h1SMcG0004968	-
h1SMcG0004969	P
h1SMcG0004970	C
h1SMcG0004971	S
h1SMcG0004972	T
h1SMcG0004973	S
h1SMcG0004974	-
h1SMcG0004975	-
h1SMcG0004976	-
h1SMcG0004977	M
h1SMcG0004978	-
h1SMcG0004979	-
h1SMcG0004980	-
h1SMcG0004981	K
h1SMcG0004982	OT
h1SMcG0004983	TU
h1SMcG0004984	T
h1SMcG0004985	OU
h1SMcG0004986	T
h1SMcG0004987	E
h1SMcG0004988	E
h1SMcG0004989	-
h1SMcG0004990	-
h1SMcG0004991	E
h1SMcG0004992	U
h1SMcG0004993	-
h1SMcG0004994	-
h1SMcG0004995	-
h1SMcG0004996	E
h1SMcG0004997	-
h1SMcG0004998	-
h1SMcG0004999	-
h1SMcG0005000	-
h1SMcG0005001	G
h1SMcG0005002	G
h1SMcG0005003	-
h1SMcG0005004	O
h1SMcG0005005	-
h1SMcG0005006	P
h1SMcG0005007	-
h1SMcG0005008	Q
h1SMcG0005009	T
h1SMcG0005010	-
h1SMcG0005011	-
h1SMcG0005012	-
h1SMcG0005013	T
h1SMcG0005014	T
h1SMcG0005015	T
h1SMcG0005016	-
h1SMcG0005017	T
h1SMcG0005018	E
h1SMcG0005019	T
h1SMcG0005020	P
h1SMcG0005021	-
h1SMcG0005022	K
h1SMcG0005023	-
h1SMcG0005024	O
h1SMcG0005025	-
h1SMcG0005026	K
h1SMcG0005027	T
h1SMcG0005028	Z
h1SMcG0005029	P
h1SMcG0005030	O
h1SMcG0005031	E
h1SMcG0005032	-
h1SMcG0005033	-
h1SMcG0005034	S
h1SMcG0005035	S
h1SMcG0005036	S
h1SMcG0005037	T
h1SMcG0005038	-
h1SMcG0005039	T
h1SMcG0005040	E
h1SMcG0005041	-
h1SMcG0005042	S
h1SMcG0005043	-
h1SMcG0005044	T
h1SMcG0005045	IQ
h1SMcG0005046	O
h1SMcG0005047	Z
h1SMcG0005048	U
h1SMcG0005049	P
h1SMcG0005050	Z
h1SMcG0005051	U
h1SMcG0005052	-
h1SMcG0005053	S
h1SMcG0005054	-
h1SMcG0005055	-
h1SMcG0005056	BT
h1SMcG0005057	L
h1SMcG0005058	-
h1SMcG0005059	C
h1SMcG0005060	-
h1SMcG0005061	T
h1SMcG0005062	T
h1SMcG0005063	-
h1SMcG0005064	S
h1SMcG0005065	-
h1SMcG0005066	-
h1SMcG0005067	TU
h1SMcG0005068	-
h1SMcG0005069	B
h1SMcG0005070	D
h1SMcG0005071	D
h1SMcG0005072	D
h1SMcG0005073	S
h1SMcG0005074	S
h1SMcG0005075	-
h1SMcG0005076	T
h1SMcG0005077	S
h1SMcG0005078	U
h1SMcG0005079	H
h1SMcG0005080	S
h1SMcG0005081	S
h1SMcG0005082	T
h1SMcG0005083	A
h1SMcG0005084	-
h1SMcG0005085	E
h1SMcG0005086	-
h1SMcG0005087	T
h1SMcG0005088	T
h1SMcG0005089	E
h1SMcG0005090	T
h1SMcG0005091	O
h1SMcG0005092	T
h1SMcG0005093	P
h1SMcG0005094	-
h1SMcG0005095	E
h1SMcG0005096	E
h1SMcG0005097	-
h1SMcG0005098	-
h1SMcG0005099	S
h1SMcG0005100	-
h1SMcG0005101	-
h1SMcG0005102	T
h1SMcG0005103	BT
h1SMcG0005104	BK
h1SMcG0005105	P
h1SMcG0005106	-
h1SMcG0005107	S
h1SMcG0005108	-
h1SMcG0005109	S
h1SMcG0005110	G
h1SMcG0005111	-
h1SMcG0005112	-
h1SMcG0005113	O
h1SMcG0005114	S
h1SMcG0005115	-
h1SMcG0005116	-
h1SMcG0005117	C
h1SMcG0005118	-
h1SMcG0005119	-
h1SMcG0005120	P
h1SMcG0005121	-
h1SMcG0005122	C
h1SMcG0005123	-
h1SMcG0005124	-
h1SMcG0005125	S
h1SMcG0005126	T
h1SMcG0005127	-
h1SMcG0005128	-
h1SMcG0005129	-
h1SMcG0005130	-
h1SMcG0005131	-
h1SMcG0005132	-
h1SMcG0005133	-
h1SMcG0005134	-
h1SMcG0005135	S
h1SMcG0005136	S
h1SMcG0005137	T
h1SMcG0005138	-
h1SMcG0005139	T
h1SMcG0005140	-
h1SMcG0005141	-
h1SMcG0005142	-
h1SMcG0005143	S
h1SMcG0005144	S
h1SMcG0005145	S
h1SMcG0005146	S
h1SMcG0005147	T
h1SMcG0005148	-
h1SMcG0005149	-
h1SMcG0005150	Q
h1SMcG0005151	S
h1SMcG0005152	U
h1SMcG0005153	-
h1SMcG0005154	S
h1SMcG0005155	H
h1SMcG0005156	N
h1SMcG0005157	S
h1SMcG0005158	K
h1SMcG0005159	S
h1SMcG0005160	-
h1SMcG0005161	M
h1SMcG0005162	M
h1SMcG0005163	S
h1SMcG0005164	M
h1SMcG0005165	-
h1SMcG0005166	-
h1SMcG0005167	-
h1SMcG0005168	Z
h1SMcG0005169	T
h1SMcG0005170	Q
h1SMcG0005171	-
h1SMcG0005172	O
h1SMcG0005173	-
h1SMcG0005174	-
h1SMcG0005175	-
h1SMcG0005176	-
h1SMcG0005177	K
h1SMcG0005178	A
h1SMcG0005179	-
h1SMcG0005180	-
h1SMcG0005181	BD
h1SMcG0005182	S
h1SMcG0005183	S
h1SMcG0005184	S
h1SMcG0005185	S
h1SMcG0005186	U
h1SMcG0005187	-
h1SMcG0005188	-
h1SMcG0005189	-
h1SMcG0005190	S
h1SMcG0005191	S
h1SMcG0005192	S
h1SMcG0005193	-
h1SMcG0005194	S
h1SMcG0005195	S
h1SMcG0005196	S
h1SMcG0005197	S
h1SMcG0005198	Z
h1SMcG0005199	-
h1SMcG0005200	-
h1SMcG0005201	-
h1SMcG0005202	-
h1SMcG0005203	I
h1SMcG0005204	E
h1SMcG0005205	-
h1SMcG0005206	-
h1SMcG0005207	-
h1SMcG0005208	-
h1SMcG0005209	-
h1SMcG0005210	-
h1SMcG0005211	-
h1SMcG0005212	-
h1SMcG0005213	-
h1SMcG0005214	E
h1SMcG0005215	CH
h1SMcG0005216	S
h1SMcG0005217	-
h1SMcG0005218	O
h1SMcG0005219	I
h1SMcG0005220	BD
h1SMcG0005221	A
h1SMcG0005222	-
h1SMcG0005223	S
h1SMcG0005224	T
h1SMcG0005225	DO
h1SMcG0005226	S
h1SMcG0005227	DO
h1SMcG0005228	-
h1SMcG0005229	G
h1SMcG0005230	-
h1SMcG0005231	-
h1SMcG0005232	DO
h1SMcG0005233	-
h1SMcG0005234	-
h1SMcG0005235	-
h1SMcG0005236	-
h1SMcG0005237	-
h1SMcG0005238	-
h1SMcG0005239	G
h1SMcG0005240	-
h1SMcG0005241	-
h1SMcG0005242	-
h1SMcG0005243	Z
h1SMcG0005244	-
h1SMcG0005245	-
h1SMcG0005246	-
h1SMcG0005247	-
h1SMcG0005248	S
h1SMcG0005249	-
h1SMcG0005250	T
h1SMcG0005251	-
h1SMcG0005252	-
h1SMcG0005253	P
h1SMcG0005254	-
h1SMcG0005255	-
h1SMcG0005256	E
h1SMcG0005257	K
h1SMcG0005258	-
h1SMcG0005259	Z
h1SMcG0005260	S
h1SMcG0005261	-
h1SMcG0005262	-
h1SMcG0005263	-
h1SMcG0005264	S
h1SMcG0005265	O
h1SMcG0005266	-
h1SMcG0005267	S
h1SMcG0005268	S
h1SMcG0005269	A
h1SMcG0005270	Z
h1SMcG0005271	T
h1SMcG0005272	I
h1SMcG0005273	-
h1SMcG0005274	-
h1SMcG0005275	-
h1SMcG0005276	K
h1SMcG0005277	P
h1SMcG0005278	-
h1SMcG0005279	S
h1SMcG0005280	G
h1SMcG0005281	J
h1SMcG0005282	-
h1SMcG0005283	-
h1SMcG0005284	S
h1SMcG0005285	-
h1SMcG0005286	-
h1SMcG0005287	-
h1SMcG0005288	DO
h1SMcG0005289	-
h1SMcG0005290	S
h1SMcG0005291	A
h1SMcG0005292	K
h1SMcG0005293	Z
h1SMcG0005294	A
h1SMcG0005295	A
h1SMcG0005296	A
h1SMcG0005297	T
h1SMcG0005298	-
h1SMcG0005299	-
h1SMcG0005300	T
h1SMcG0005301	-
h1SMcG0005302	E
h1SMcG0005303	S
h1SMcG0005304	L
h1SMcG0005305	A
h1SMcG0005306	O
h1SMcG0005307	-
h1SMcG0005308	M
h1SMcG0005309	-
h1SMcG0005310	-
h1SMcG0005311	-
h1SMcG0005312	-
h1SMcG0005313	BD
h1SMcG0005314	-
h1SMcG0005315	-
h1SMcG0005316	-
h1SMcG0005317	P
h1SMcG0005318	-
h1SMcG0005319	J
h1SMcG0005320	K
h1SMcG0005321	A
h1SMcG0005322	-
h1SMcG0005323	-
h1SMcG0005324	-
h1SMcG0005325	-
h1SMcG0005326	-
h1SMcG0005327	S
h1SMcG0005328	I
h1SMcG0005329	-
h1SMcG0005330	O
h1SMcG0005331	-
h1SMcG0005332	F
h1SMcG0005333	-
h1SMcG0005334	-
h1SMcG0005335	-
h1SMcG0005336	Z
h1SMcG0005337	P
h1SMcG0005338	S
h1SMcG0005339	S
h1SMcG0005340	IM
h1SMcG0005341	W
h1SMcG0005342	-
h1SMcG0005343	E
h1SMcG0005344	S
h1SMcG0005345	F
h1SMcG0005346	-
h1SMcG0005347	S
h1SMcG0005348	P
h1SMcG0005349	S
h1SMcG0005350	P
h1SMcG0005351	P
h1SMcG0005352	-
h1SMcG0005353	S
h1SMcG0005354	-
h1SMcG0005355	S
h1SMcG0005356	P
h1SMcG0005357	Q
h1SMcG0005358	-
h1SMcG0005359	-
h1SMcG0005360	J
h1SMcG0005361	-
h1SMcG0005362	-
h1SMcG0005363	S
h1SMcG0005364	T
h1SMcG0005365	-
h1SMcG0005366	T
h1SMcG0005367	-
h1SMcG0005368	O
h1SMcG0005369	O
h1SMcG0005370	S
h1SMcG0005371	M
h1SMcG0005372	M
h1SMcG0005373	M
h1SMcG0005374	O
h1SMcG0005375	-
h1SMcG0005376	J
h1SMcG0005377	-
h1SMcG0005378	T
h1SMcG0005379	-
h1SMcG0005380	T
h1SMcG0005381	T
h1SMcG0005382	-
h1SMcG0005383	-
h1SMcG0005384	-
h1SMcG0005385	-
h1SMcG0005386	L
h1SMcG0005387	-
h1SMcG0005388	-
h1SMcG0005389	-
h1SMcG0005390	T
h1SMcG0005391	W
h1SMcG0005392	-
h1SMcG0005393	-
h1SMcG0005394	W
h1SMcG0005395	J
h1SMcG0005396	K
h1SMcG0005397	-
h1SMcG0005398	-
h1SMcG0005399	Q
h1SMcG0005400	Q
h1SMcG0005401	Z
h1SMcG0005402	T
h1SMcG0005403	-
h1SMcG0005404	-
h1SMcG0005405	S
h1SMcG0005406	-
h1SMcG0005407	L
h1SMcG0005408	-
h1SMcG0005409	L
h1SMcG0005410	-
h1SMcG0005411	-
h1SMcG0005412	-
h1SMcG0005413	I
h1SMcG0005414	C
h1SMcG0005415	Z
h1SMcG0005416	S
h1SMcG0005417	-
h1SMcG0005418	DUZ
h1SMcG0005419	T
h1SMcG0005420	S
h1SMcG0005421	O
h1SMcG0005422	A
h1SMcG0005423	Z
h1SMcG0005424	P
h1SMcG0005425	-
h1SMcG0005426	S
h1SMcG0005427	-
h1SMcG0005428	T
h1SMcG0005429	-
h1SMcG0005430	J
h1SMcG0005431	-
h1SMcG0005432	S
h1SMcG0005433	S
h1SMcG0005434	T
h1SMcG0005435	P
h1SMcG0005436	P
h1SMcG0005437	T
h1SMcG0005438	-
h1SMcG0005439	-
h1SMcG0005440	T
h1SMcG0005441	-
h1SMcG0005442	O
h1SMcG0005443	M
h1SMcG0005444	UZ
h1SMcG0005445	S
h1SMcG0005446	BD
h1SMcG0005447	-
h1SMcG0005448	-
h1SMcG0005449	A
h1SMcG0005450	S
h1SMcG0005451	C
h1SMcG0005452	G
h1SMcG0005453	-
h1SMcG0005454	T
h1SMcG0005455	-
h1SMcG0005456	T
h1SMcG0005457	-
h1SMcG0005458	T
h1SMcG0005459	U
h1SMcG0005460	-
h1SMcG0005461	A
h1SMcG0005462	-
h1SMcG0005463	BDLT
h1SMcG0005464	L
h1SMcG0005465	K
h1SMcG0005466	N
h1SMcG0005467	-
h1SMcG0005468	-
h1SMcG0005469	-
h1SMcG0005470	-
h1SMcG0005471	S
h1SMcG0005472	T
h1SMcG0005473	O
h1SMcG0005474	BD
h1SMcG0005475	W
h1SMcG0005476	-
h1SMcG0005477	T
h1SMcG0005478	T
h1SMcG0005479	T
h1SMcG0005480	O
h1SMcG0005481	-
h1SMcG0005482	-
h1SMcG0005483	-
h1SMcG0005484	-
h1SMcG0005485	-
h1SMcG0005486	Q
h1SMcG0005487	-
h1SMcG0005488	L
h1SMcG0005489	S
h1SMcG0005490	T
h1SMcG0005491	O
h1SMcG0005492	-
h1SMcG0005493	U
h1SMcG0005494	K
h1SMcG0005495	G
h1SMcG0005496	EI
h1SMcG0005497	K
h1SMcG0005498	O
h1SMcG0005499	S
h1SMcG0005500	-
h1SMcG0005501	-
h1SMcG0005502	T
h1SMcG0005503	-
h1SMcG0005504	I
h1SMcG0005505	I
h1SMcG0005506	K
h1SMcG0005507	T
h1SMcG0005508	-
h1SMcG0005509	S
h1SMcG0005510	-
h1SMcG0005511	-
h1SMcG0005512	G
h1SMcG0005513	-
h1SMcG0005514	T
h1SMcG0005515	-
h1SMcG0005516	-
h1SMcG0005517	O
h1SMcG0005518	S
h1SMcG0005519	-
h1SMcG0005520	H
h1SMcG0005521	-
h1SMcG0005522	L
h1SMcG0005523	J
h1SMcG0005524	-
h1SMcG0005525	I
h1SMcG0005526	E
h1SMcG0005527	-
h1SMcG0005528	-
h1SMcG0005529	E
h1SMcG0005530	FG
h1SMcG0005531	I
h1SMcG0005532	O
h1SMcG0005533	T
h1SMcG0005534	-
h1SMcG0005535	-
h1SMcG0005536	-
h1SMcG0005537	-
h1SMcG0005538	-
h1SMcG0005539	-
h1SMcG0005540	-
h1SMcG0005541	-
h1SMcG0005542	U
h1SMcG0005543	-
h1SMcG0005544	W
h1SMcG0005545	-
h1SMcG0005546	U
h1SMcG0005547	U
h1SMcG0005548	-
h1SMcG0005549	S
h1SMcG0005550	-
h1SMcG0005551	T
h1SMcG0005552	S
h1SMcG0005553	-
h1SMcG0005554	U
h1SMcG0005555	TZ
h1SMcG0005556	-
h1SMcG0005557	S
h1SMcG0005558	-
h1SMcG0005559	E
h1SMcG0005560	S
h1SMcG0005561	K
h1SMcG0005562	-
h1SMcG0005563	S
h1SMcG0005564	S
h1SMcG0005565	S
h1SMcG0005566	S
h1SMcG0005567	-
h1SMcG0005568	-
h1SMcG0005569	-
h1SMcG0005570	O
h1SMcG0005571	O
h1SMcG0005572	S
h1SMcG0005573	-
h1SMcG0005574	-
h1SMcG0005575	-
h1SMcG0005576	S
h1SMcG0005577	-
h1SMcG0005578	S
h1SMcG0005579	M
h1SMcG0005580	-
h1SMcG0005581	-
h1SMcG0005582	S
h1SMcG0005583	T
h1SMcG0005584	-
h1SMcG0005585	T
h1SMcG0005586	E
h1SMcG0005587	O
h1SMcG0005588	U
h1SMcG0005589	T
h1SMcG0005590	S
h1SMcG0005591	Z
h1SMcG0005592	S
h1SMcG0005593	U
h1SMcG0005594	-
h1SMcG0005595	T
h1SMcG0005596	-
h1SMcG0005597	-
h1SMcG0005598	J
h1SMcG0005599	-
h1SMcG0005600	-
h1SMcG0005601	AJ
h1SMcG0005602	S
h1SMcG0005603	T
h1SMcG0005604	-
h1SMcG0005605	-
h1SMcG0005606	H
h1SMcG0005607	-
h1SMcG0005608	I
h1SMcG0005609	-
h1SMcG0005610	-
h1SMcG0005611	E
h1SMcG0005612	G
h1SMcG0005613	-
h1SMcG0005614	-
h1SMcG0005615	S
h1SMcG0005616	-
h1SMcG0005617	-
h1SMcG0005618	U
h1SMcG0005619	-
h1SMcG0005620	T
h1SMcG0005621	-
h1SMcG0005622	H
h1SMcG0005623	-
h1SMcG0005624	-
h1SMcG0005625	-
h1SMcG0005626	-
h1SMcG0005627	-
h1SMcG0005628	-
h1SMcG0005629	I
h1SMcG0005630	-
h1SMcG0005631	-
h1SMcG0005632	I
h1SMcG0005633	S
h1SMcG0005634	-
h1SMcG0005635	E
h1SMcG0005636	J
h1SMcG0005637	T
h1SMcG0005638	-
h1SMcG0005639	O
h1SMcG0005640	TU
h1SMcG0005641	-
h1SMcG0005642	O
h1SMcG0005643	E
h1SMcG0005644	S
h1SMcG0005645	S
h1SMcG0005646	S
h1SMcG0005647	A
h1SMcG0005648	-
h1SMcG0005649	T
h1SMcG0005650	S
h1SMcG0005651	T
h1SMcG0005652	S
h1SMcG0005653	-
h1SMcG0005654	S
h1SMcG0005655	S
h1SMcG0005656	-
h1SMcG0005657	S
h1SMcG0005658	DKT
h1SMcG0005659	-
h1SMcG0005660	W
h1SMcG0005661	S
h1SMcG0005662	T
h1SMcG0005663	-
h1SMcG0005664	P
h1SMcG0005665	-
h1SMcG0005666	-
h1SMcG0005667	S
h1SMcG0005668	O
h1SMcG0005669	-
h1SMcG0005670	Z
h1SMcG0005671	S
h1SMcG0005672	U
h1SMcG0005673	K
h1SMcG0005674	F
h1SMcG0005675	T
h1SMcG0005676	TU
h1SMcG0005677	S
h1SMcG0005678	A
h1SMcG0005679	O
h1SMcG0005680	-
h1SMcG0005681	-
h1SMcG0005682	-
h1SMcG0005683	Z
h1SMcG0005684	-
h1SMcG0005685	-
h1SMcG0005686	-
h1SMcG0005687	-
h1SMcG0005688	S
h1SMcG0005689	-
h1SMcG0005690	T
h1SMcG0005691	-
h1SMcG0005692	-
h1SMcG0005693	DT
h1SMcG0005694	O
h1SMcG0005695	O
h1SMcG0005696	T
h1SMcG0005697	-
h1SMcG0005698	-
h1SMcG0005699	O
h1SMcG0005700	D
h1SMcG0005701	-
h1SMcG0005702	U
h1SMcG0005703	-
h1SMcG0005704	-
h1SMcG0005705	T
h1SMcG0005706	S
h1SMcG0005707	D
h1SMcG0005708	Z
h1SMcG0005709	-
h1SMcG0005710	L
h1SMcG0005711	E
h1SMcG0005712	J
h1SMcG0005713	I
h1SMcG0005714	O
h1SMcG0005715	-
h1SMcG0005716	-
h1SMcG0005717	-
h1SMcG0005718	-
h1SMcG0005719	L
h1SMcG0005720	-
h1SMcG0005721	-
h1SMcG0005722	-
h1SMcG0005723	O
h1SMcG0005724	-
h1SMcG0005725	-
h1SMcG0005726	L
h1SMcG0005727	-
h1SMcG0005728	K
h1SMcG0005729	-
h1SMcG0005730	-
h1SMcG0005731	O
h1SMcG0005732	O
h1SMcG0005733	OT
h1SMcG0005734	-
h1SMcG0005735	G
h1SMcG0005736	T
h1SMcG0005737	S
h1SMcG0005738	S
h1SMcG0005739	K
h1SMcG0005740	-
h1SMcG0005741	-
h1SMcG0005742	-
h1SMcG0005743	A
h1SMcG0005744	C
h1SMcG0005745	TZ
h1SMcG0005746	S
h1SMcG0005747	Z
h1SMcG0005748	Z
h1SMcG0005749	S
h1SMcG0005750	B
h1SMcG0005751	-
h1SMcG0005752	O
h1SMcG0005753	-
h1SMcG0005754	-
h1SMcG0005755	D
h1SMcG0005756	T
h1SMcG0005757	O
h1SMcG0005758	Z
h1SMcG0005759	-
h1SMcG0005760	-
h1SMcG0005761	S
h1SMcG0005762	-
h1SMcG0005763	S
h1SMcG0005764	-
h1SMcG0005765	-
h1SMcG0005766	A
h1SMcG0005767	A
h1SMcG0005768	-
h1SMcG0005769	-
h1SMcG0005770	T
h1SMcG0005771	D
h1SMcG0005772	-
h1SMcG0005773	-
h1SMcG0005774	L
h1SMcG0005775	S
h1SMcG0005776	-
h1SMcG0005777	O
h1SMcG0005778	G
h1SMcG0005779	-
h1SMcG0005780	G
h1SMcG0005781	H
h1SMcG0005782	G
h1SMcG0005783	-
h1SMcG0005784	-
h1SMcG0005785	-
h1SMcG0005786	-
h1SMcG0005787	-
h1SMcG0005788	-
h1SMcG0005789	-
h1SMcG0005790	-
h1SMcG0005791	-
h1SMcG0005792	-
h1SMcG0005793	-
h1SMcG0005794	-
h1SMcG0005795	-
h1SMcG0005796	-
h1SMcG0005797	-
h1SMcG0005798	-
h1SMcG0005799	-
h1SMcG0005800	-
h1SMcG0005801	-
h1SMcG0005802	-
h1SMcG0005803	-
h1SMcG0005804	-
h1SMcG0005805	-
h1SMcG0005806	S
h1SMcG0005807	-
h1SMcG0005808	T
h1SMcG0005809	-
h1SMcG0005810	G
h1SMcG0005811	Z
h1SMcG0005812	-
h1SMcG0005813	E
h1SMcG0005814	O
h1SMcG0005815	O
h1SMcG0005816	-
h1SMcG0005817	-
h1SMcG0005818	-
h1SMcG0005819	O
h1SMcG0005820	O
h1SMcG0005821	O
h1SMcG0005822	-
h1SMcG0005823	-
h1SMcG0005824	-
h1SMcG0005825	O
h1SMcG0005826	-
h1SMcG0005827	-
h1SMcG0005828	S
h1SMcG0005829	S
h1SMcG0005830	-
h1SMcG0005831	-
h1SMcG0005832	-
h1SMcG0005833	-
h1SMcG0005834	O
h1SMcG0005835	-
h1SMcG0005836	-
h1SMcG0005837	O
h1SMcG0005838	O
h1SMcG0005839	O
h1SMcG0005840	-
h1SMcG0005841	O
h1SMcG0005842	O
h1SMcG0005843	O
h1SMcG0005844	O
h1SMcG0005845	V
h1SMcG0005846	T
h1SMcG0005847	E
h1SMcG0005848	S
h1SMcG0005849	G
h1SMcG0005850	T
h1SMcG0005851	P
h1SMcG0005852	-
h1SMcG0005853	P
h1SMcG0005854	-
h1SMcG0005855	T
h1SMcG0005856	GI
h1SMcG0005857	O
h1SMcG0005858	-
h1SMcG0005859	-
h1SMcG0005860	-
h1SMcG0005861	O
h1SMcG0005862	S
h1SMcG0005863	T
h1SMcG0005864	E
h1SMcG0005865	S
h1SMcG0005866	O
h1SMcG0005867	S
h1SMcG0005868	-
h1SMcG0005869	T
h1SMcG0005870	-
h1SMcG0005871	T
h1SMcG0005872	O
h1SMcG0005873	-
h1SMcG0005874	O
h1SMcG0005875	S
h1SMcG0005876	-
h1SMcG0005877	-
h1SMcG0005878	S
h1SMcG0005879	-
h1SMcG0005880	BD
h1SMcG0005881	-
h1SMcG0005882	T
h1SMcG0005883	M
h1SMcG0005884	T
h1SMcG0005885	S
h1SMcG0005886	-
h1SMcG0005887	-
h1SMcG0005888	-
h1SMcG0005889	-
h1SMcG0005890	KT
h1SMcG0005891	S
h1SMcG0005892	G
h1SMcG0005893	T
h1SMcG0005894	T
h1SMcG0005895	P
h1SMcG0005896	DZ
h1SMcG0005897	-
h1SMcG0005898	S
h1SMcG0005899	-
h1SMcG0005900	E
h1SMcG0005901	-
h1SMcG0005902	J
h1SMcG0005903	S
h1SMcG0005904	K
h1SMcG0005905	-
h1SMcG0005906	-
h1SMcG0005907	E
h1SMcG0005908	-
h1SMcG0005909	O
h1SMcG0005910	-
h1SMcG0005911	T
h1SMcG0005912	T
h1SMcG0005913	S
h1SMcG0005914	-
h1SMcG0005915	S
h1SMcG0005916	T
h1SMcG0005917	T
h1SMcG0005918	T
h1SMcG0005919	K
h1SMcG0005920	-
h1SMcG0005921	-
h1SMcG0005922	T
h1SMcG0005923	-
h1SMcG0005924	-
h1SMcG0005925	S
h1SMcG0005926	-
h1SMcG0005927	I
h1SMcG0005928	-
h1SMcG0005929	S
h1SMcG0005930	TV
h1SMcG0005931	TV
h1SMcG0005932	T
h1SMcG0005933	P
h1SMcG0005934	P
h1SMcG0005935	S
h1SMcG0005936	-
h1SMcG0005937	J
h1SMcG0005938	-
h1SMcG0005939	T
h1SMcG0005940	P
h1SMcG0005941	-
h1SMcG0005942	S
h1SMcG0005943	T
h1SMcG0005944	S
h1SMcG0005945	-
h1SMcG0005946	S
h1SMcG0005947	Q
h1SMcG0005948	E
h1SMcG0005949	-
h1SMcG0005950	E
h1SMcG0005951	E
h1SMcG0005952	O
h1SMcG0005953	O
h1SMcG0005954	G
h1SMcG0005955	-
h1SMcG0005956	T
h1SMcG0005957	S
h1SMcG0005958	C
h1SMcG0005959	S
h1SMcG0005960	G
h1SMcG0005961	-
h1SMcG0005962	-
h1SMcG0005963	T
h1SMcG0005964	S
h1SMcG0005965	-
h1SMcG0005966	S
h1SMcG0005967	O
h1SMcG0005968	P
h1SMcG0005969	P
h1SMcG0005970	A
h1SMcG0005971	-
h1SMcG0005972	C
h1SMcG0005973	-
h1SMcG0005974	S
h1SMcG0005975	G
h1SMcG0005976	T
h1SMcG0005977	-
h1SMcG0005978	L
h1SMcG0005979	UY
h1SMcG0005980	S
h1SMcG0005981	Q
h1SMcG0005982	-
h1SMcG0005983	O
h1SMcG0005984	P
h1SMcG0005985	S
h1SMcG0005986	E
h1SMcG0005987	-
h1SMcG0005988	C
h1SMcG0005989	-
h1SMcG0005990	S
h1SMcG0005991	S
h1SMcG0005992	-
h1SMcG0005993	-
h1SMcG0005994	S
h1SMcG0005995	-
h1SMcG0005996	-
h1SMcG0005997	-
h1SMcG0005998	-
h1SMcG0005999	S
h1SMcG0006000	S
h1SMcG0006001	S
h1SMcG0006002	S
h1SMcG0006003	G
h1SMcG0006004	-
h1SMcG0006005	W
h1SMcG0006006	W
h1SMcG0006007	-
h1SMcG0006008	-
h1SMcG0006009	-
h1SMcG0006010	-
h1SMcG0006011	-
h1SMcG0006012	-
h1SMcG0006013	L
h1SMcG0006014	S
h1SMcG0006015	-
h1SMcG0006016	-
h1SMcG0006017	-
h1SMcG0006018	-
h1SMcG0006019	-
h1SMcG0006020	-
h1SMcG0006021	-
h1SMcG0006022	-
h1SMcG0006023	-
h1SMcG0006024	S
h1SMcG0006025	S
h1SMcG0006026	-
h1SMcG0006027	S
h1SMcG0006028	-
h1SMcG0006029	-
h1SMcG0006030	-
h1SMcG0006031	-
h1SMcG0006032	-
h1SMcG0006033	S
h1SMcG0006034	-
h1SMcG0006035	O
h1SMcG0006036	S
h1SMcG0006037	S
h1SMcG0006038	S
h1SMcG0006039	-
h1SMcG0006040	A
h1SMcG0006041	-
h1SMcG0006042	K
h1SMcG0006043	T
h1SMcG0006044	J
h1SMcG0006045	S
h1SMcG0006046	S
h1SMcG0006047	-
h1SMcG0006048	P
h1SMcG0006049	S
h1SMcG0006050	-
h1SMcG0006051	DY
h1SMcG0006052	S
h1SMcG0006053	-
h1SMcG0006054	-
h1SMcG0006055	A
h1SMcG0006056	-
h1SMcG0006057	T
h1SMcG0006058	O
h1SMcG0006059	A
h1SMcG0006060	T
h1SMcG0006061	-
h1SMcG0006062	-
h1SMcG0006063	-
h1SMcG0006064	-
h1SMcG0006065	J
h1SMcG0006066	-
h1SMcG0006067	S
h1SMcG0006068	D
h1SMcG0006069	-
h1SMcG0006070	T
h1SMcG0006071	U
h1SMcG0006072	-
h1SMcG0006073	-
h1SMcG0006074	S
h1SMcG0006075	-
h1SMcG0006076	-
h1SMcG0006077	E
h1SMcG0006078	T
h1SMcG0006079	K
h1SMcG0006080	S
h1SMcG0006081	M
h1SMcG0006082	-
h1SMcG0006083	S
h1SMcG0006084	L
h1SMcG0006085	-
h1SMcG0006086	-
h1SMcG0006087	F
h1SMcG0006088	T
h1SMcG0006089	S
h1SMcG0006090	-
h1SMcG0006091	B
h1SMcG0006092	-
h1SMcG0006093	-
h1SMcG0006094	CO
h1SMcG0006095	-
h1SMcG0006096	S
h1SMcG0006097	O
h1SMcG0006098	L
h1SMcG0006099	K
h1SMcG0006100	CO
h1SMcG0006101	S
h1SMcG0006102	K
h1SMcG0006103	I
h1SMcG0006104	-
h1SMcG0006105	T
h1SMcG0006106	S
h1SMcG0006107	-
h1SMcG0006108	E
h1SMcG0006109	E
h1SMcG0006110	F
h1SMcG0006111	T
h1SMcG0006112	E
h1SMcG0006113	Z
h1SMcG0006114	T
h1SMcG0006115	UZ
h1SMcG0006116	T
h1SMcG0006117	Z
h1SMcG0006118	-
h1SMcG0006119	Z
h1SMcG0006120	-
h1SMcG0006121	-
h1SMcG0006122	Z
h1SMcG0006123	H
h1SMcG0006124	H
h1SMcG0006125	T
h1SMcG0006126	S
h1SMcG0006127	K
h1SMcG0006128	G
h1SMcG0006129	E
h1SMcG0006130	E
h1SMcG0006131	-
h1SMcG0006132	-
h1SMcG0006133	-
h1SMcG0006134	-
h1SMcG0006135	-
h1SMcG0006136	S
h1SMcG0006137	-
h1SMcG0006138	-
h1SMcG0006139	-
h1SMcG0006140	-
h1SMcG0006141	-
h1SMcG0006142	K
h1SMcG0006143	-
h1SMcG0006144	K
h1SMcG0006145	S
h1SMcG0006146	T
h1SMcG0006147	S
h1SMcG0006148	-
h1SMcG0006149	-
h1SMcG0006150	-
h1SMcG0006151	-
h1SMcG0006152	-
h1SMcG0006153	E
h1SMcG0006154	A
h1SMcG0006155	A
h1SMcG0006156	K
h1SMcG0006157	TZ
h1SMcG0006158	-
h1SMcG0006159	-
h1SMcG0006160	O
h1SMcG0006161	G
h1SMcG0006162	-
h1SMcG0006163	-
h1SMcG0006164	S
h1SMcG0006165	T
h1SMcG0006166	T
h1SMcG0006167	J
h1SMcG0006168	-
h1SMcG0006169	-
h1SMcG0006170	-
h1SMcG0006171	-
h1SMcG0006172	-
h1SMcG0006173	S
h1SMcG0006174	J
h1SMcG0006175	-
h1SMcG0006176	P
h1SMcG0006177	S
h1SMcG0006178	-
h1SMcG0006179	Z
h1SMcG0006180	-
h1SMcG0006181	-
h1SMcG0006182	U
h1SMcG0006183	-
h1SMcG0006184	-
h1SMcG0006185	-
h1SMcG0006186	-
h1SMcG0006187	L
h1SMcG0006188	S
h1SMcG0006189	-
h1SMcG0006190	P
h1SMcG0006191	-
h1SMcG0006192	-
h1SMcG0006193	B
h1SMcG0006194	S
h1SMcG0006195	L
h1SMcG0006196	-
h1SMcG0006197	S
h1SMcG0006198	U
h1SMcG0006199	DY
h1SMcG0006200	S
h1SMcG0006201	KT
h1SMcG0006202	S
h1SMcG0006203	-
h1SMcG0006204	-
h1SMcG0006205	M
h1SMcG0006206	U
h1SMcG0006207	O
h1SMcG0006208	P
h1SMcG0006209	J
h1SMcG0006210	T
h1SMcG0006211	H
h1SMcG0006212	-
h1SMcG0006213	-
h1SMcG0006214	-
h1SMcG0006215	K
h1SMcG0006216	H
h1SMcG0006217	I
h1SMcG0006218	-
h1SMcG0006219	DY
h1SMcG0006220	S
h1SMcG0006221	-
h1SMcG0006222	-
h1SMcG0006223	-
h1SMcG0006224	-
h1SMcG0006225	O
h1SMcG0006226	O
h1SMcG0006227	O
h1SMcG0006228	F
h1SMcG0006229	O
h1SMcG0006230	B
h1SMcG0006231	O
h1SMcG0006232	O
h1SMcG0006233	J
h1SMcG0006234	-
h1SMcG0006235	S
h1SMcG0006236	-
h1SMcG0006237	S
h1SMcG0006238	S
h1SMcG0006239	T
h1SMcG0006240	-
h1SMcG0006241	S
h1SMcG0006242	-
h1SMcG0006243	K
h1SMcG0006244	B
h1SMcG0006245	B
h1SMcG0006246	B
h1SMcG0006247	B
h1SMcG0006248	B
h1SMcG0006249	B
h1SMcG0006250	T
h1SMcG0006251	TV
h1SMcG0006252	-
h1SMcG0006253	B
h1SMcG0006254	-
h1SMcG0006255	S
h1SMcG0006256	S
h1SMcG0006257	G
h1SMcG0006258	-
h1SMcG0006259	-
h1SMcG0006260	-
h1SMcG0006261	K
h1SMcG0006262	I
h1SMcG0006263	-
h1SMcG0006264	Q
h1SMcG0006265	S
h1SMcG0006266	Q
h1SMcG0006267	Z
h1SMcG0006268	O
h1SMcG0006269	T
h1SMcG0006270	T
h1SMcG0006271	J
h1SMcG0006272	TU
h1SMcG0006273	-
h1SMcG0006274	-
h1SMcG0006275	-
h1SMcG0006276	-
h1SMcG0006277	F
h1SMcG0006278	U
h1SMcG0006279	U
h1SMcG0006280	F
h1SMcG0006281	K
h1SMcG0006282	O
h1SMcG0006283	CO
h1SMcG0006284	-
h1SMcG0006285	A
h1SMcG0006286	S
h1SMcG0006287	S
h1SMcG0006288	K
h1SMcG0006289	-
h1SMcG0006290	EPT
h1SMcG0006291	O
h1SMcG0006292	L
h1SMcG0006293	-
h1SMcG0006294	L
h1SMcG0006295	T
h1SMcG0006296	S
h1SMcG0006297	I
h1SMcG0006298	-
h1SMcG0006299	T
h1SMcG0006300	S
h1SMcG0006301	-
h1SMcG0006302	L
h1SMcG0006303	-
h1SMcG0006304	-
h1SMcG0006305	D
h1SMcG0006306	-
h1SMcG0006307	-
h1SMcG0006308	-
h1SMcG0006309	D
h1SMcG0006310	S
h1SMcG0006311	D
h1SMcG0006312	-
h1SMcG0006313	U
h1SMcG0006314	O
h1SMcG0006315	S
h1SMcG0006316	L
h1SMcG0006317	TU
h1SMcG0006318	S
h1SMcG0006319	S
h1SMcG0006320	S
h1SMcG0006321	-
h1SMcG0006322	S
h1SMcG0006323	-
h1SMcG0006324	V
h1SMcG0006325	A
h1SMcG0006326	S
h1SMcG0006327	-
h1SMcG0006328	-
h1SMcG0006329	EG
h1SMcG0006330	T
h1SMcG0006331	S
h1SMcG0006332	-
h1SMcG0006333	-
h1SMcG0006334	-
h1SMcG0006335	O
h1SMcG0006336	-
h1SMcG0006337	-
h1SMcG0006338	-
h1SMcG0006339	T
h1SMcG0006340	-
h1SMcG0006341	-
h1SMcG0006342	O
h1SMcG0006343	P
h1SMcG0006344	P
h1SMcG0006345	L
h1SMcG0006346	U
h1SMcG0006347	K
h1SMcG0006348	T
h1SMcG0006349	-
h1SMcG0006350	F
h1SMcG0006351	P
h1SMcG0006352	-
h1SMcG0006353	P
h1SMcG0006354	-
h1SMcG0006355	-
h1SMcG0006356	TV
h1SMcG0006357	TV
h1SMcG0006358	S
h1SMcG0006359	S
h1SMcG0006360	TV
h1SMcG0006361	-
h1SMcG0006362	T
h1SMcG0006363	-
h1SMcG0006364	S
h1SMcG0006365	H
h1SMcG0006366	-
h1SMcG0006367	S
h1SMcG0006368	S
h1SMcG0006369	S
h1SMcG0006370	-
h1SMcG0006371	-
h1SMcG0006372	S
h1SMcG0006373	T
h1SMcG0006374	W
h1SMcG0006375	K
h1SMcG0006376	-
h1SMcG0006377	V
h1SMcG0006378	DT
h1SMcG0006379	K
h1SMcG0006380	-
h1SMcG0006381	-
h1SMcG0006382	-
h1SMcG0006383	-
h1SMcG0006384	K
h1SMcG0006385	-
h1SMcG0006386	-
h1SMcG0006387	F
h1SMcG0006388	S
h1SMcG0006389	-
h1SMcG0006390	U
h1SMcG0006391	C
h1SMcG0006392	A
h1SMcG0006393	T
h1SMcG0006394	T
h1SMcG0006395	S
h1SMcG0006396	-
h1SMcG0006397	U
h1SMcG0006398	P
h1SMcG0006399	O
h1SMcG0006400	L
h1SMcG0006401	S
h1SMcG0006402	Z
h1SMcG0006403	F
h1SMcG0006404	-
h1SMcG0006405	S
h1SMcG0006406	L
h1SMcG0006407	S
h1SMcG0006408	-
h1SMcG0006409	S
h1SMcG0006410	-
h1SMcG0006411	S
h1SMcG0006412	-
h1SMcG0006413	K
h1SMcG0006414	-
h1SMcG0006415	-
h1SMcG0006416	-
h1SMcG0006417	-
h1SMcG0006418	-
h1SMcG0006419	F
h1SMcG0006420	C
h1SMcG0006421	-
h1SMcG0006422	OU
h1SMcG0006423	-
h1SMcG0006424	S
h1SMcG0006425	OU
h1SMcG0006426	K
h1SMcG0006427	-
h1SMcG0006428	E
h1SMcG0006429	-
h1SMcG0006430	E
h1SMcG0006431	A
h1SMcG0006432	A
h1SMcG0006433	O
h1SMcG0006434	O
h1SMcG0006435	-
h1SMcG0006436	T
h1SMcG0006437	D
h1SMcG0006438	I
h1SMcG0006439	-
h1SMcG0006440	T
h1SMcG0006441	S
h1SMcG0006442	-
h1SMcG0006443	E
h1SMcG0006444	D
h1SMcG0006445	-
h1SMcG0006446	Z
h1SMcG0006447	-
h1SMcG0006448	-
h1SMcG0006449	-
h1SMcG0006450	-
h1SMcG0006451	-
h1SMcG0006452	-
h1SMcG0006453	-
h1SMcG0006454	-
h1SMcG0006455	-
h1SMcG0006456	Z
h1SMcG0006457	S
h1SMcG0006458	S
h1SMcG0006459	S
h1SMcG0006460	G
h1SMcG0006461	A
h1SMcG0006462	K
h1SMcG0006463	-
h1SMcG0006464	I
h1SMcG0006465	K
h1SMcG0006466	-
h1SMcG0006467	O
h1SMcG0006468	S
h1SMcG0006469	J
h1SMcG0006470	-
h1SMcG0006471	-
h1SMcG0006472	O
h1SMcG0006473	S
h1SMcG0006474	-
h1SMcG0006475	S
h1SMcG0006476	S
h1SMcG0006477	K
h1SMcG0006478	K
h1SMcG0006479	-
h1SMcG0006480	UY
h1SMcG0006481	IKT
h1SMcG0006482	T
h1SMcG0006483	J
h1SMcG0006484	UY
h1SMcG0006485	-
h1SMcG0006486	EO
h1SMcG0006487	-
h1SMcG0006488	-
h1SMcG0006489	EO
h1SMcG0006490	-
h1SMcG0006491	-
h1SMcG0006492	K
h1SMcG0006493	O
h1SMcG0006494	-
h1SMcG0006495	Z
h1SMcG0006496	-
h1SMcG0006497	K
h1SMcG0006498	-
h1SMcG0006499	-
h1SMcG0006500	E
h1SMcG0006501	O
h1SMcG0006502	L
h1SMcG0006503	T
h1SMcG0006504	-
h1SMcG0006505	-
h1SMcG0006506	M
h1SMcG0006507	S
h1SMcG0006508	S
h1SMcG0006509	T
h1SMcG0006510	-
h1SMcG0006511	O
h1SMcG0006512	O
h1SMcG0006513	-
h1SMcG0006514	K
h1SMcG0006515	-
h1SMcG0006516	E
h1SMcG0006517	A
h1SMcG0006518	A
h1SMcG0006519	-
h1SMcG0006520	T
h1SMcG0006521	-
h1SMcG0006522	T
h1SMcG0006523	A
h1SMcG0006524	A
h1SMcG0006525	-
h1SMcG0006526	-
h1SMcG0006527	S
h1SMcG0006528	G
h1SMcG0006529	S
h1SMcG0006530	-
h1SMcG0006531	T
h1SMcG0006532	E
h1SMcG0006533	-
h1SMcG0006534	T
h1SMcG0006535	L
h1SMcG0006536	T
h1SMcG0006537	C
h1SMcG0006538	-
h1SMcG0006539	-
h1SMcG0006540	-
h1SMcG0006541	S
h1SMcG0006542	PT
h1SMcG0006543	-
h1SMcG0006544	U
h1SMcG0006545	U
h1SMcG0006546	-
h1SMcG0006547	S
h1SMcG0006548	B
h1SMcG0006549	S
h1SMcG0006550	S
h1SMcG0006551	T
h1SMcG0006552	A
h1SMcG0006553	-
h1SMcG0006554	P
h1SMcG0006555	O
h1SMcG0006556	U
h1SMcG0006557	-
h1SMcG0006558	S
h1SMcG0006559	U
h1SMcG0006560	-
h1SMcG0006561	C
h1SMcG0006562	A
h1SMcG0006563	-
h1SMcG0006564	-
h1SMcG0006565	-
h1SMcG0006566	-
h1SMcG0006567	-
h1SMcG0006568	-
h1SMcG0006569	T
h1SMcG0006570	O
h1SMcG0006571	-
h1SMcG0006572	-
h1SMcG0006573	L
h1SMcG0006574	S
h1SMcG0006575	-
h1SMcG0006576	S
h1SMcG0006577	-
h1SMcG0006578	S
h1SMcG0006579	-
h1SMcG0006580	L
h1SMcG0006581	S
h1SMcG0006582	S
h1SMcG0006583	-
h1SMcG0006584	T
h1SMcG0006585	L
h1SMcG0006586	U
h1SMcG0006587	Z
h1SMcG0006588	-
h1SMcG0006589	E
h1SMcG0006590	Q
h1SMcG0006591	E
h1SMcG0006592	-
h1SMcG0006593	S
h1SMcG0006594	DZ
h1SMcG0006595	T
h1SMcG0006596	U
h1SMcG0006597	Z
h1SMcG0006598	A
h1SMcG0006599	A
h1SMcG0006600	-
h1SMcG0006601	E
h1SMcG0006602	-
h1SMcG0006603	-
h1SMcG0006604	A
h1SMcG0006605	D
h1SMcG0006606	S
h1SMcG0006607	O
h1SMcG0006608	T
h1SMcG0006609	-
h1SMcG0006610	S
h1SMcG0006611	J
h1SMcG0006612	-
h1SMcG0006613	-
h1SMcG0006614	O
h1SMcG0006615	S
h1SMcG0006616	P
h1SMcG0006617	U
h1SMcG0006618	T
h1SMcG0006619	S
h1SMcG0006620	S
h1SMcG0006621	S
h1SMcG0006622	-
h1SMcG0006623	-
h1SMcG0006624	L
h1SMcG0006625	S
h1SMcG0006626	S
h1SMcG0006627	S
h1SMcG0006628	D
h1SMcG0006629	-
h1SMcG0006630	T
h1SMcG0006631	IQ
h1SMcG0006632	-
h1SMcG0006633	TV
h1SMcG0006634	-
h1SMcG0006635	K
h1SMcG0006636	S
h1SMcG0006637	-
h1SMcG0006638	U
h1SMcG0006639	W
h1SMcG0006640	-
h1SMcG0006641	O
h1SMcG0006642	-
h1SMcG0006643	-
h1SMcG0006644	-
h1SMcG0006645	S
h1SMcG0006646	J
h1SMcG0006647	Z
h1SMcG0006648	S
h1SMcG0006649	-
h1SMcG0006650	U
h1SMcG0006651	U
h1SMcG0006652	S
h1SMcG0006653	U
h1SMcG0006654	-
h1SMcG0006655	-
h1SMcG0006656	-
h1SMcG0006657	-
h1SMcG0006658	T
h1SMcG0006659	-
h1SMcG0006660	T
h1SMcG0006661	Z
h1SMcG0006662	T
h1SMcG0006663	PT
h1SMcG0006664	FT
h1SMcG0006665	-
h1SMcG0006666	A
h1SMcG0006667	A
h1SMcG0006668	-
h1SMcG0006669	P
h1SMcG0006670	-
h1SMcG0006671	K
h1SMcG0006672	T
h1SMcG0006673	-
h1SMcG0006674	-
h1SMcG0006675	S
h1SMcG0006676	K
h1SMcG0006677	O
h1SMcG0006678	L
h1SMcG0006679	K
h1SMcG0006680	K
h1SMcG0006681	-
h1SMcG0006682	-
h1SMcG0006683	U
h1SMcG0006684	K
h1SMcG0006685	-
h1SMcG0006686	OU
h1SMcG0006687	U
h1SMcG0006688	Z
h1SMcG0006689	T
h1SMcG0006690	S
h1SMcG0006691	S
h1SMcG0006692	U
h1SMcG0006693	E
h1SMcG0006694	T
h1SMcG0006695	S
h1SMcG0006696	K
h1SMcG0006697	S
h1SMcG0006698	O
h1SMcG0006699	J
h1SMcG0006700	K
h1SMcG0006701	JO
h1SMcG0006702	T
h1SMcG0006703	-
h1SMcG0006704	TV
h1SMcG0006705	G
h1SMcG0006706	-
h1SMcG0006707	-
h1SMcG0006708	-
h1SMcG0006709	-
h1SMcG0006710	S
h1SMcG0006711	T
h1SMcG0006712	T
h1SMcG0006713	-
h1SMcG0006714	C
h1SMcG0006715	-
h1SMcG0006716	-
h1SMcG0006717	S
h1SMcG0006718	T
h1SMcG0006719	-
h1SMcG0006720	-
h1SMcG0006721	S
h1SMcG0006722	-
h1SMcG0006723	-
h1SMcG0006724	O
h1SMcG0006725	B
h1SMcG0006726	P
h1SMcG0006727	S
h1SMcG0006728	-
h1SMcG0006729	Z
h1SMcG0006730	-
h1SMcG0006731	T
h1SMcG0006732	A
h1SMcG0006733	-
h1SMcG0006734	T
h1SMcG0006735	Q
h1SMcG0006736	Q
h1SMcG0006737	Q
h1SMcG0006738	BD
h1SMcG0006739	S
h1SMcG0006740	S
h1SMcG0006741	S
h1SMcG0006742	S
h1SMcG0006743	K
h1SMcG0006744	L
h1SMcG0006745	I
h1SMcG0006746	U
h1SMcG0006747	-
h1SMcG0006748	T
h1SMcG0006749	-
h1SMcG0006750	-
h1SMcG0006751	T
h1SMcG0006752	Z
h1SMcG0006753	-
h1SMcG0006754	T
h1SMcG0006755	S
h1SMcG0006756	-
h1SMcG0006757	I
h1SMcG0006758	-
h1SMcG0006759	-
h1SMcG0006760	A
h1SMcG0006761	-
h1SMcG0006762	BK
h1SMcG0006763	P
h1SMcG0006764	T
h1SMcG0006765	-
h1SMcG0006766	T
h1SMcG0006767	S
h1SMcG0006768	L
h1SMcG0006769	-
h1SMcG0006770	-
h1SMcG0006771	-
h1SMcG0006772	-
h1SMcG0006773	P
h1SMcG0006774	P
h1SMcG0006775	-
h1SMcG0006776	-
h1SMcG0006777	-
h1SMcG0006778	T
h1SMcG0006779	O
h1SMcG0006780	-
h1SMcG0006781	K
h1SMcG0006782	O
h1SMcG0006783	P
h1SMcG0006784	O
h1SMcG0006785	C
h1SMcG0006786	O
h1SMcG0006787	O
h1SMcG0006788	-
h1SMcG0006789	-
h1SMcG0006790	T
h1SMcG0006791	U
h1SMcG0006792	I
h1SMcG0006793	-
h1SMcG0006794	I
h1SMcG0006795	K
h1SMcG0006796	-
h1SMcG0006797	-
h1SMcG0006798	-
h1SMcG0006799	S
h1SMcG0006800	-
h1SMcG0006801	J
h1SMcG0006802	S
h1SMcG0006803	L
h1SMcG0006804	O
h1SMcG0006805	T
h1SMcG0006806	T
h1SMcG0006807	T
h1SMcG0006808	T
h1SMcG0006809	P
h1SMcG0006810	-
h1SMcG0006811	E
h1SMcG0006812	T
h1SMcG0006813	O
h1SMcG0006814	T
h1SMcG0006815	P
h1SMcG0006816	E
h1SMcG0006817	P
h1SMcG0006818	S
h1SMcG0006819	-
h1SMcG0006820	I
h1SMcG0006821	-
h1SMcG0006822	O
h1SMcG0006823	P
h1SMcG0006824	T
h1SMcG0006825	O
h1SMcG0006826	T
h1SMcG0006827	O
h1SMcG0006828	M
h1SMcG0006829	A
h1SMcG0006830	T
h1SMcG0006831	J
h1SMcG0006832	GOU
h1SMcG0006833	EPT
h1SMcG0006834	-
h1SMcG0006835	Z
h1SMcG0006836	O
h1SMcG0006837	CE
h1SMcG0006838	-
h1SMcG0006839	-
h1SMcG0006840	-
h1SMcG0006841	T
h1SMcG0006842	DK
h1SMcG0006843	C
h1SMcG0006844	-
h1SMcG0006845	-
h1SMcG0006846	M
h1SMcG0006847	T
h1SMcG0006848	O
h1SMcG0006849	H
h1SMcG0006850	O
h1SMcG0006851	S
h1SMcG0006852	K
h1SMcG0006853	S
h1SMcG0006854	L
h1SMcG0006855	K
h1SMcG0006856	S
h1SMcG0006857	T
h1SMcG0006858	A
h1SMcG0006859	A
h1SMcG0006860	-
h1SMcG0006861	A
h1SMcG0006862	-
h1SMcG0006863	I
h1SMcG0006864	P
h1SMcG0006865	S
h1SMcG0006866	P
h1SMcG0006867	-
h1SMcG0006868	-
h1SMcG0006869	O
h1SMcG0006870	-
h1SMcG0006871	Z
h1SMcG0006872	O
h1SMcG0006873	-
h1SMcG0006874	O
h1SMcG0006875	U
h1SMcG0006876	-
h1SMcG0006877	S
h1SMcG0006878	T
h1SMcG0006879	TU
h1SMcG0006880	S
h1SMcG0006881	L
h1SMcG0006882	S
h1SMcG0006883	C
h1SMcG0006884	-
h1SMcG0006885	EG
h1SMcG0006886	K
h1SMcG0006887	-
h1SMcG0006888	S
h1SMcG0006889	F
h1SMcG0006890	E
h1SMcG0006891	-
h1SMcG0006892	-
h1SMcG0006893	-
h1SMcG0006894	-
h1SMcG0006895	-
h1SMcG0006896	UY
h1SMcG0006897	DT
h1SMcG0006898	S
h1SMcG0006899	A
h1SMcG0006900	-
h1SMcG0006901	-
h1SMcG0006902	U
h1SMcG0006903	-
h1SMcG0006904	U
h1SMcG0006905	-
h1SMcG0006906	-
h1SMcG0006907	C
h1SMcG0006908	-
h1SMcG0006909	-
h1SMcG0006910	I
h1SMcG0006911	I
h1SMcG0006912	P
h1SMcG0006913	-
h1SMcG0006914	L
h1SMcG0006915	S
h1SMcG0006916	-
h1SMcG0006917	P
h1SMcG0006918	-
h1SMcG0006919	S
h1SMcG0006920	F
h1SMcG0006921	O
h1SMcG0006922	S
h1SMcG0006923	-
h1SMcG0006924	-
h1SMcG0006925	-
h1SMcG0006926	S
h1SMcG0006927	A
h1SMcG0006928	A
h1SMcG0006929	A
h1SMcG0006930	-
h1SMcG0006931	-
h1SMcG0006932	E
h1SMcG0006933	S
h1SMcG0006934	P
h1SMcG0006935	A
h1SMcG0006936	-
h1SMcG0006937	S
h1SMcG0006938	-
h1SMcG0006939	TZ
h1SMcG0006940	-
h1SMcG0006941	K
h1SMcG0006942	S
h1SMcG0006943	L
h1SMcG0006944	T
h1SMcG0006945	S
h1SMcG0006946	A
h1SMcG0006947	A
h1SMcG0006948	A
h1SMcG0006949	A
h1SMcG0006950	S
h1SMcG0006951	S
h1SMcG0006952	O
h1SMcG0006953	-
h1SMcG0006954	-
h1SMcG0006955	T
h1SMcG0006956	BD
h1SMcG0006957	-
h1SMcG0006958	-
h1SMcG0006959	O
h1SMcG0006960	S
h1SMcG0006961	-
h1SMcG0006962	E
h1SMcG0006963	-
h1SMcG0006964	-
h1SMcG0006965	A
h1SMcG0006966	S
h1SMcG0006967	S
h1SMcG0006968	P
h1SMcG0006969	T
h1SMcG0006970	U
h1SMcG0006971	-
h1SMcG0006972	P
h1SMcG0006973	A
h1SMcG0006974	S
h1SMcG0006975	O
h1SMcG0006976	D
h1SMcG0006977	Z
h1SMcG0006978	S
h1SMcG0006979	O
h1SMcG0006980	O
h1SMcG0006981	-
h1SMcG0006982	S
h1SMcG0006983	E
h1SMcG0006984	S
h1SMcG0006985	P
h1SMcG0006986	-
h1SMcG0006987	B
h1SMcG0006988	-
h1SMcG0006989	O
h1SMcG0006990	-
h1SMcG0006991	-
h1SMcG0006992	-
h1SMcG0006993	ABO
h1SMcG0006994	-
h1SMcG0006995	-
h1SMcG0006996	E
h1SMcG0006997	TZ
h1SMcG0006998	-
h1SMcG0006999	-
h1SMcG0007000	K
h1SMcG0007001	J
h1SMcG0007002	-
h1SMcG0007003	-
h1SMcG0007004	KL
h1SMcG0007005	S
h1SMcG0007006	S
h1SMcG0007007	S
h1SMcG0007008	S
h1SMcG0007009	S
h1SMcG0007010	K
h1SMcG0007011	S
h1SMcG0007012	-
h1SMcG0007013	-
h1SMcG0007014	C
h1SMcG0007015	-
h1SMcG0007016	-
h1SMcG0007017	-
h1SMcG0007018	K
h1SMcG0007019	DKLT
h1SMcG0007020	-
h1SMcG0007021	T
h1SMcG0007022	-
h1SMcG0007023	GQ
h1SMcG0007024	-
h1SMcG0007025	-
h1SMcG0007026	T
h1SMcG0007027	T
h1SMcG0007028	K
h1SMcG0007029	-
h1SMcG0007030	-
h1SMcG0007031	A
h1SMcG0007032	F
h1SMcG0007033	-
h1SMcG0007034	F
h1SMcG0007035	S
h1SMcG0007036	T
h1SMcG0007037	-
h1SMcG0007038	S
h1SMcG0007039	I
h1SMcG0007040	D
h1SMcG0007041	K
h1SMcG0007042	O
h1SMcG0007043	O
h1SMcG0007044	F
h1SMcG0007045	-
h1SMcG0007046	Q
h1SMcG0007047	G
h1SMcG0007048	G
h1SMcG0007049	G
h1SMcG0007050	T
h1SMcG0007051	-
h1SMcG0007052	S
h1SMcG0007053	T
h1SMcG0007054	L
h1SMcG0007055	-
h1SMcG0007056	T
h1SMcG0007057	-
h1SMcG0007058	S
h1SMcG0007059	V
h1SMcG0007060	E
h1SMcG0007061	-
h1SMcG0007062	V
h1SMcG0007063	-
h1SMcG0007064	S
h1SMcG0007065	-
h1SMcG0007066	U
h1SMcG0007067	A
h1SMcG0007068	S
h1SMcG0007069	U
h1SMcG0007070	-
h1SMcG0007071	T
h1SMcG0007072	I
h1SMcG0007073	-
h1SMcG0007074	-
h1SMcG0007075	-
h1SMcG0007076	P
h1SMcG0007077	S
h1SMcG0007078	T
h1SMcG0007079	T
h1SMcG0007080	-
h1SMcG0007081	G
h1SMcG0007082	-
h1SMcG0007083	T
h1SMcG0007084	-
h1SMcG0007085	-
h1SMcG0007086	T
h1SMcG0007087	A
h1SMcG0007088	L
h1SMcG0007089	E
h1SMcG0007090	Q
h1SMcG0007091	-
h1SMcG0007092	P
h1SMcG0007093	P
h1SMcG0007094	P
h1SMcG0007095	P
h1SMcG0007096	-
h1SMcG0007097	E
h1SMcG0007098	O
h1SMcG0007099	-
h1SMcG0007100	-
h1SMcG0007101	O
h1SMcG0007102	S
h1SMcG0007103	S
h1SMcG0007104	-
h1SMcG0007105	M
h1SMcG0007106	M
h1SMcG0007107	P
h1SMcG0007108	M
h1SMcG0007109	P
h1SMcG0007110	Z
h1SMcG0007111	-
h1SMcG0007112	S
h1SMcG0007113	-
h1SMcG0007114	-
h1SMcG0007115	E
h1SMcG0007116	S
h1SMcG0007117	L
h1SMcG0007118	-
h1SMcG0007119	K
h1SMcG0007120	Z
h1SMcG0007121	T
h1SMcG0007122	Z
h1SMcG0007123	E
h1SMcG0007124	-
h1SMcG0007125	-
h1SMcG0007126	-
h1SMcG0007127	-
h1SMcG0007128	T
h1SMcG0007129	-
h1SMcG0007130	E
h1SMcG0007131	T
h1SMcG0007132	S
h1SMcG0007133	-
h1SMcG0007134	S
h1SMcG0007135	-
h1SMcG0007136	-
h1SMcG0007137	-
h1SMcG0007138	L
h1SMcG0007139	U
h1SMcG0007140	Z
h1SMcG0007141	Z
h1SMcG0007142	T
h1SMcG0007143	O
h1SMcG0007144	-
h1SMcG0007145	-
h1SMcG0007146	K
h1SMcG0007147	T
h1SMcG0007148	T
h1SMcG0007149	-
h1SMcG0007150	A
h1SMcG0007151	K
h1SMcG0007152	B
h1SMcG0007153	-
h1SMcG0007154	-
h1SMcG0007155	K
h1SMcG0007156	S
h1SMcG0007157	-
h1SMcG0007158	T
h1SMcG0007159	T
h1SMcG0007160	-
h1SMcG0007161	-
h1SMcG0007162	-
h1SMcG0007163	-
h1SMcG0007164	S
h1SMcG0007165	O
h1SMcG0007166	J
h1SMcG0007167	-
h1SMcG0007168	-
h1SMcG0007169	T
h1SMcG0007170	-
h1SMcG0007171	U
h1SMcG0007172	U
h1SMcG0007173	O
h1SMcG0007174	O
h1SMcG0007175	K
h1SMcG0007176	-
h1SMcG0007177	DY
h1SMcG0007178	DY
h1SMcG0007179	BD
h1SMcG0007180	DY
h1SMcG0007181	-
h1SMcG0007182	-
h1SMcG0007183	O
h1SMcG0007184	K
h1SMcG0007185	K
h1SMcG0007186	E
h1SMcG0007187	S
h1SMcG0007188	S
h1SMcG0007189	-
h1SMcG0007190	-
h1SMcG0007191	-
h1SMcG0007192	L
h1SMcG0007193	-
h1SMcG0007194	S
h1SMcG0007195	T
h1SMcG0007196	-
h1SMcG0007197	O
h1SMcG0007198	-
h1SMcG0007199	-
h1SMcG0007200	G
h1SMcG0007201	J
h1SMcG0007202	S
h1SMcG0007203	G
h1SMcG0007204	-
h1SMcG0007205	-
h1SMcG0007206	T
h1SMcG0007207	-
h1SMcG0007208	-
h1SMcG0007209	-
h1SMcG0007210	-
h1SMcG0007211	T
h1SMcG0007212	-
h1SMcG0007213	-
h1SMcG0007214	-
h1SMcG0007215	U
h1SMcG0007216	K
h1SMcG0007217	A
h1SMcG0007218	A
h1SMcG0007219	T
h1SMcG0007220	G
h1SMcG0007221	S
h1SMcG0007222	G
h1SMcG0007223	C
h1SMcG0007224	-
h1SMcG0007225	-
h1SMcG0007226	-
h1SMcG0007227	L
h1SMcG0007228	L
h1SMcG0007229	-
h1SMcG0007230	-
h1SMcG0007231	-
h1SMcG0007232	-
h1SMcG0007233	O
h1SMcG0007234	L
h1SMcG0007235	S
h1SMcG0007236	O
h1SMcG0007237	L
h1SMcG0007238	L
h1SMcG0007239	L
h1SMcG0007240	IQ
h1SMcG0007241	O
h1SMcG0007242	O
h1SMcG0007243	-
h1SMcG0007244	-
h1SMcG0007245	T
h1SMcG0007246	-
h1SMcG0007247	T
h1SMcG0007248	S
h1SMcG0007249	-
h1SMcG0007250	-
h1SMcG0007251	-
h1SMcG0007252	E
h1SMcG0007253	K
h1SMcG0007254	S
h1SMcG0007255	U
h1SMcG0007256	S
h1SMcG0007257	TZ
h1SMcG0007258	PT
h1SMcG0007259	PT
h1SMcG0007260	-
h1SMcG0007261	-
h1SMcG0007262	V
h1SMcG0007263	-
h1SMcG0007264	-
h1SMcG0007265	O
h1SMcG0007266	-
h1SMcG0007267	J
h1SMcG0007268	L
h1SMcG0007269	-
h1SMcG0007270	S
h1SMcG0007271	U
h1SMcG0007272	S
h1SMcG0007273	F
h1SMcG0007274	O
h1SMcG0007275	S
h1SMcG0007276	BDT
h1SMcG0007277	-
h1SMcG0007278	O
h1SMcG0007279	-
h1SMcG0007280	A
h1SMcG0007281	S
h1SMcG0007282	AJ
h1SMcG0007283	Z
h1SMcG0007284	-
h1SMcG0007285	O
h1SMcG0007286	J
h1SMcG0007287	T
h1SMcG0007288	S
h1SMcG0007289	-
h1SMcG0007290	A
h1SMcG0007291	S
h1SMcG0007292	-
h1SMcG0007293	-
h1SMcG0007294	-
h1SMcG0007295	-
h1SMcG0007296	O
h1SMcG0007297	D
h1SMcG0007298	-
h1SMcG0007299	-
h1SMcG0007300	-
h1SMcG0007301	-
h1SMcG0007302	KT
h1SMcG0007303	S
h1SMcG0007304	S
h1SMcG0007305	-
h1SMcG0007306	-
h1SMcG0007307	A
h1SMcG0007308	E
h1SMcG0007309	-
h1SMcG0007310	-
h1SMcG0007311	L
h1SMcG0007312	-
h1SMcG0007313	-
h1SMcG0007314	-
h1SMcG0007315	L
h1SMcG0007316	O
h1SMcG0007317	J
h1SMcG0007318	A
h1SMcG0007319	-
h1SMcG0007320	-
h1SMcG0007321	L
h1SMcG0007322	F
h1SMcG0007323	T
h1SMcG0007324	S
h1SMcG0007325	K
h1SMcG0007326	-
h1SMcG0007327	-
h1SMcG0007328	-
h1SMcG0007329	K
h1SMcG0007330	O
h1SMcG0007331	T
h1SMcG0007332	O
h1SMcG0007333	O
h1SMcG0007334	O
h1SMcG0007335	O
h1SMcG0007336	S
h1SMcG0007337	-
h1SMcG0007338	DKL
h1SMcG0007339	-
h1SMcG0007340	-
h1SMcG0007341	-
h1SMcG0007342	DKL
h1SMcG0007343	C
h1SMcG0007344	P
h1SMcG0007345	P
h1SMcG0007346	O
h1SMcG0007347	-
h1SMcG0007348	J
h1SMcG0007349	-
h1SMcG0007350	GT
h1SMcG0007351	-
h1SMcG0007352	-
h1SMcG0007353	-
h1SMcG0007354	S
h1SMcG0007355	-
h1SMcG0007356	-
h1SMcG0007357	U
h1SMcG0007358	-
h1SMcG0007359	O
h1SMcG0007360	-
h1SMcG0007361	-
h1SMcG0007362	-
h1SMcG0007363	A
h1SMcG0007364	S
h1SMcG0007365	S
h1SMcG0007366	S
h1SMcG0007367	-
h1SMcG0007368	J
h1SMcG0007369	M
h1SMcG0007370	P
h1SMcG0007371	V
h1SMcG0007372	P
h1SMcG0007373	S
h1SMcG0007374	-
h1SMcG0007375	T
h1SMcG0007376	S
h1SMcG0007377	T
h1SMcG0007378	W
h1SMcG0007379	-
h1SMcG0007380	-
h1SMcG0007381	A
h1SMcG0007382	S
h1SMcG0007383	Z
h1SMcG0007384	-
h1SMcG0007385	-
h1SMcG0007386	T
h1SMcG0007387	U
h1SMcG0007388	-
h1SMcG0007389	S
h1SMcG0007390	-
h1SMcG0007391	Z
h1SMcG0007392	OT
h1SMcG0007393	-
h1SMcG0007394	OT
h1SMcG0007395	Z
h1SMcG0007396	S
h1SMcG0007397	-
h1SMcG0007398	-
h1SMcG0007399	-
h1SMcG0007400	G
h1SMcG0007401	OU
h1SMcG0007402	L
h1SMcG0007403	O
h1SMcG0007404	O
h1SMcG0007405	-
h1SMcG0007406	O
h1SMcG0007407	-
h1SMcG0007408	L
h1SMcG0007409	-
h1SMcG0007410	-
h1SMcG0007411	K
h1SMcG0007412	-
h1SMcG0007413	J
h1SMcG0007414	S
h1SMcG0007415	-
h1SMcG0007416	-
h1SMcG0007417	-
h1SMcG0007418	J
h1SMcG0007419	-
h1SMcG0007420	-
h1SMcG0007421	O
h1SMcG0007422	OT
h1SMcG0007423	-
h1SMcG0007424	S
h1SMcG0007425	S
h1SMcG0007426	-
h1SMcG0007427	S
h1SMcG0007428	-
h1SMcG0007429	I
h1SMcG0007430	-
h1SMcG0007431	O
h1SMcG0007432	-
h1SMcG0007433	W
h1SMcG0007434	-
h1SMcG0007435	H
h1SMcG0007436	UY
h1SMcG0007437	S
h1SMcG0007438	S
h1SMcG0007439	P
h1SMcG0007440	-
h1SMcG0007441	T
h1SMcG0007442	TV
h1SMcG0007443	-
h1SMcG0007444	H
h1SMcG0007445	-
h1SMcG0007446	P
h1SMcG0007447	JK
h1SMcG0007448	K
h1SMcG0007449	E
h1SMcG0007450	K
h1SMcG0007451	E
h1SMcG0007452	P
h1SMcG0007453	Z
h1SMcG0007454	-
h1SMcG0007455	S
h1SMcG0007456	-
h1SMcG0007457	Z
h1SMcG0007458	-
h1SMcG0007459	-
h1SMcG0007460	A
h1SMcG0007461	-
h1SMcG0007462	-
h1SMcG0007463	AJ
h1SMcG0007464	E
h1SMcG0007465	-
h1SMcG0007466	-
h1SMcG0007467	K
h1SMcG0007468	S
h1SMcG0007469	U
h1SMcG0007470	K
h1SMcG0007471	C
h1SMcG0007472	J
h1SMcG0007473	C
h1SMcG0007474	K
h1SMcG0007475	-
h1SMcG0007476	S
h1SMcG0007477	S
h1SMcG0007478	UY
h1SMcG0007479	A
h1SMcG0007480	P
h1SMcG0007481	P
h1SMcG0007482	P
h1SMcG0007483	P
h1SMcG0007484	-
h1SMcG0007485	J
h1SMcG0007486	-
h1SMcG0007487	-
h1SMcG0007488	U
h1SMcG0007489	D
h1SMcG0007490	P
h1SMcG0007491	L
h1SMcG0007492	T
h1SMcG0007493	P
h1SMcG0007494	-
h1SMcG0007495	-
h1SMcG0007496	O
h1SMcG0007497	T
h1SMcG0007498	T
h1SMcG0007499	S
h1SMcG0007500	-
h1SMcG0007501	-
h1SMcG0007502	-
h1SMcG0007503	-
h1SMcG0007504	-
h1SMcG0007505	-
h1SMcG0007506	T
h1SMcG0007507	-
h1SMcG0007508	-
h1SMcG0007509	Z
h1SMcG0007510	J
h1SMcG0007511	-
h1SMcG0007512	E
h1SMcG0007513	S
h1SMcG0007514	J
h1SMcG0007515	-
h1SMcG0007516	A
h1SMcG0007517	T
h1SMcG0007518	S
h1SMcG0007519	-
h1SMcG0007520	E
h1SMcG0007521	T
h1SMcG0007522	-
h1SMcG0007523	J
h1SMcG0007524	KT
h1SMcG0007525	G
h1SMcG0007526	K
h1SMcG0007527	-
h1SMcG0007528	-
h1SMcG0007529	J
h1SMcG0007530	-
h1SMcG0007531	-
h1SMcG0007532	-
h1SMcG0007533	-
h1SMcG0007534	-
h1SMcG0007535	L
h1SMcG0007536	-
h1SMcG0007537	L
h1SMcG0007538	-
h1SMcG0007539	-
h1SMcG0007540	PT
h1SMcG0007541	-
h1SMcG0007542	L
h1SMcG0007543	L
h1SMcG0007544	L
h1SMcG0007545	L
h1SMcG0007546	L
h1SMcG0007547	L
h1SMcG0007548	L
h1SMcG0007549	L
h1SMcG0007550	S
h1SMcG0007551	ADK
h1SMcG0007552	J
h1SMcG0007553	PT
h1SMcG0007554	UZ
h1SMcG0007555	G
h1SMcG0007556	P
h1SMcG0007557	-
h1SMcG0007558	F
h1SMcG0007559	-
h1SMcG0007560	M
h1SMcG0007561	-
h1SMcG0007562	-
h1SMcG0007563	PT
h1SMcG0007564	-
h1SMcG0007565	-
h1SMcG0007566	-
h1SMcG0007567	T
h1SMcG0007568	S
h1SMcG0007569	O
h1SMcG0007570	E
h1SMcG0007571	-
h1SMcG0007572	-
h1SMcG0007573	-
h1SMcG0007574	-
h1SMcG0007575	U
h1SMcG0007576	-
h1SMcG0007577	OU
h1SMcG0007578	E
h1SMcG0007579	S
h1SMcG0007580	O
h1SMcG0007581	S
h1SMcG0007582	O
h1SMcG0007583	Z
h1SMcG0007584	O
h1SMcG0007585	E
h1SMcG0007586	T
h1SMcG0007587	U
h1SMcG0007588	S
h1SMcG0007589	A
h1SMcG0007590	-
h1SMcG0007591	S
h1SMcG0007592	J
h1SMcG0007593	T
h1SMcG0007594	S
h1SMcG0007595	-
h1SMcG0007596	A
h1SMcG0007597	-
h1SMcG0007598	Q
h1SMcG0007599	-
h1SMcG0007600	-
h1SMcG0007601	-
h1SMcG0007602	-
h1SMcG0007603	D
h1SMcG0007604	P
h1SMcG0007605	-
h1SMcG0007606	M
h1SMcG0007607	-
h1SMcG0007608	-
h1SMcG0007609	-
h1SMcG0007610	U
h1SMcG0007611	O
h1SMcG0007612	-
h1SMcG0007613	-
h1SMcG0007614	-
h1SMcG0007615	S
h1SMcG0007616	S
h1SMcG0007617	T
h1SMcG0007618	-
h1SMcG0007619	-
h1SMcG0007620	-
h1SMcG0007621	F
h1SMcG0007622	S
h1SMcG0007623	-
h1SMcG0007624	S
h1SMcG0007625	-
h1SMcG0007626	S
h1SMcG0007627	I
h1SMcG0007628	T
h1SMcG0007629	-
h1SMcG0007630	S
h1SMcG0007631	-
h1SMcG0007632	-
h1SMcG0007633	-
h1SMcG0007634	M
h1SMcG0007635	S
h1SMcG0007636	S
h1SMcG0007637	L
h1SMcG0007638	-
h1SMcG0007639	E
h1SMcG0007640	K
h1SMcG0007641	I
h1SMcG0007642	T
h1SMcG0007643	S
h1SMcG0007644	KL
h1SMcG0007645	C
h1SMcG0007646	DO
h1SMcG0007647	I
h1SMcG0007648	-
h1SMcG0007649	E
h1SMcG0007650	G
h1SMcG0007651	G
h1SMcG0007652	-
h1SMcG0007653	O
h1SMcG0007654	J
h1SMcG0007655	-
h1SMcG0007656	-
h1SMcG0007657	S
h1SMcG0007658	O
h1SMcG0007659	-
h1SMcG0007660	-
h1SMcG0007661	U
h1SMcG0007662	-
h1SMcG0007663	S
h1SMcG0007664	S
h1SMcG0007665	-
h1SMcG0007666	-
h1SMcG0007667	-
h1SMcG0007668	E
h1SMcG0007669	-
h1SMcG0007670	-
h1SMcG0007671	C
h1SMcG0007672	C
h1SMcG0007673	P
h1SMcG0007674	P
h1SMcG0007675	-
h1SMcG0007676	S
h1SMcG0007677	S
h1SMcG0007678	V
h1SMcG0007679	-
h1SMcG0007680	U
h1SMcG0007681	O
h1SMcG0007682	S
h1SMcG0007683	-
h1SMcG0007684	D
h1SMcG0007685	-
h1SMcG0007686	-
h1SMcG0007687	S
h1SMcG0007688	S
h1SMcG0007689	J
h1SMcG0007690	-
h1SMcG0007691	-
h1SMcG0007692	T
h1SMcG0007693	O
h1SMcG0007694	E
h1SMcG0007695	T
h1SMcG0007696	P
h1SMcG0007697	-
h1SMcG0007698	-
h1SMcG0007699	-
h1SMcG0007700	KL
h1SMcG0007701	S
h1SMcG0007702	A
h1SMcG0007703	Z
h1SMcG0007704	S
h1SMcG0007705	-
h1SMcG0007706	-
h1SMcG0007707	F
h1SMcG0007708	-
h1SMcG0007709	P
h1SMcG0007710	A
h1SMcG0007711	-
h1SMcG0007712	-
h1SMcG0007713	-
h1SMcG0007714	U
h1SMcG0007715	T
h1SMcG0007716	J
h1SMcG0007717	T
h1SMcG0007718	A
h1SMcG0007719	S
h1SMcG0007720	O
h1SMcG0007721	S
h1SMcG0007722	J
h1SMcG0007723	E
h1SMcG0007724	A
h1SMcG0007725	T
h1SMcG0007726	EPT
h1SMcG0007727	-
h1SMcG0007728	T
h1SMcG0007729	-
h1SMcG0007730	S
h1SMcG0007731	Z
h1SMcG0007732	-
h1SMcG0007733	-
h1SMcG0007734	K
h1SMcG0007735	S
h1SMcG0007736	S
h1SMcG0007737	-
h1SMcG0007738	-
h1SMcG0007739	-
h1SMcG0007740	-
h1SMcG0007741	E
h1SMcG0007742	S
h1SMcG0007743	S
h1SMcG0007744	-
h1SMcG0007745	T
h1SMcG0007746	-
h1SMcG0007747	B
h1SMcG0007748	-
h1SMcG0007749	-
h1SMcG0007750	-
h1SMcG0007751	T
h1SMcG0007752	S
h1SMcG0007753	S
h1SMcG0007754	-
h1SMcG0007755	J
h1SMcG0007756	K
h1SMcG0007757	K
h1SMcG0007758	P
h1SMcG0007759	-
h1SMcG0007760	L
h1SMcG0007761	-
h1SMcG0007762	T
h1SMcG0007763	-
h1SMcG0007764	-
h1SMcG0007765	-
h1SMcG0007766	S
h1SMcG0007767	-
h1SMcG0007768	-
h1SMcG0007769	-
h1SMcG0007770	S
h1SMcG0007771	P
h1SMcG0007772	-
h1SMcG0007773	-
h1SMcG0007774	S
h1SMcG0007775	S
h1SMcG0007776	S
h1SMcG0007777	S
h1SMcG0007778	-
h1SMcG0007779	U
h1SMcG0007780	K
h1SMcG0007781	-
h1SMcG0007782	B
h1SMcG0007783	O
h1SMcG0007784	O
h1SMcG0007785	-
h1SMcG0007786	DT
h1SMcG0007787	F
h1SMcG0007788	-
h1SMcG0007789	G
h1SMcG0007790	T
h1SMcG0007791	O
h1SMcG0007792	H
h1SMcG0007793	H
h1SMcG0007794	O
h1SMcG0007795	G
h1SMcG0007796	-
h1SMcG0007797	S
h1SMcG0007798	S
h1SMcG0007799	S
h1SMcG0007800	L
h1SMcG0007801	-
h1SMcG0007802	S
h1SMcG0007803	-
h1SMcG0007804	-
h1SMcG0007805	-
h1SMcG0007806	T
h1SMcG0007807	S
h1SMcG0007808	-
h1SMcG0007809	K
h1SMcG0007810	-
h1SMcG0007811	U
h1SMcG0007812	-
h1SMcG0007813	-
h1SMcG0007814	-
h1SMcG0007815	D
h1SMcG0007816	T
h1SMcG0007817	-
h1SMcG0007818	-
h1SMcG0007819	T
h1SMcG0007820	O
h1SMcG0007821	-
h1SMcG0007822	Z
h1SMcG0007823	S
h1SMcG0007824	U
h1SMcG0007825	TZ
h1SMcG0007826	O
h1SMcG0007827	O
h1SMcG0007828	T
h1SMcG0007829	O
h1SMcG0007830	T
h1SMcG0007831	S
h1SMcG0007832	-
h1SMcG0007833	S
h1SMcG0007834	S
h1SMcG0007835	-
h1SMcG0007836	A
h1SMcG0007837	-
h1SMcG0007838	-
h1SMcG0007839	-
h1SMcG0007840	O
h1SMcG0007841	E
h1SMcG0007842	-
h1SMcG0007843	-
h1SMcG0007844	-
h1SMcG0007845	-
h1SMcG0007846	-
h1SMcG0007847	TU
h1SMcG0007848	S
h1SMcG0007849	S
h1SMcG0007850	S
h1SMcG0007851	S
h1SMcG0007852	S
h1SMcG0007853	S
h1SMcG0007854	S
h1SMcG0007855	T
h1SMcG0007856	-
h1SMcG0007857	B
h1SMcG0007858	O
h1SMcG0007859	-
h1SMcG0007860	-
h1SMcG0007861	S
h1SMcG0007862	S
h1SMcG0007863	T
h1SMcG0007864	K
h1SMcG0007865	K
h1SMcG0007866	J
h1SMcG0007867	E
h1SMcG0007868	-
h1SMcG0007869	Z
h1SMcG0007870	AT
h1SMcG0007871	-
h1SMcG0007872	B
h1SMcG0007873	G
h1SMcG0007874	O
h1SMcG0007875	J
h1SMcG0007876	-
h1SMcG0007877	GM
h1SMcG0007878	G
h1SMcG0007879	-
h1SMcG0007880	-
h1SMcG0007881	K
h1SMcG0007882	-
h1SMcG0007883	T
h1SMcG0007884	DUZ
h1SMcG0007885	J
h1SMcG0007886	I
h1SMcG0007887	-
h1SMcG0007888	-
h1SMcG0007889	Z
h1SMcG0007890	-
h1SMcG0007891	-
h1SMcG0007892	-
h1SMcG0007893	-
h1SMcG0007894	-
h1SMcG0007895	-
h1SMcG0007896	-
h1SMcG0007897	-
h1SMcG0007898	-
h1SMcG0007899	E
h1SMcG0007900	-
h1SMcG0007901	-
h1SMcG0007902	S
h1SMcG0007903	M
h1SMcG0007904	G
h1SMcG0007905	P
h1SMcG0007906	J
h1SMcG0007907	C
h1SMcG0007908	-
h1SMcG0007909	E
h1SMcG0007910	-
h1SMcG0007911	-
h1SMcG0007912	O
h1SMcG0007913	-
h1SMcG0007914	-
h1SMcG0007915	-
h1SMcG0007916	S
h1SMcG0007917	T
h1SMcG0007918	S
h1SMcG0007919	W
h1SMcG0007920	A
h1SMcG0007921	S
h1SMcG0007922	T
h1SMcG0007923	S
h1SMcG0007924	S
h1SMcG0007925	-
h1SMcG0007926	-
h1SMcG0007927	S
h1SMcG0007928	S
h1SMcG0007929	-
h1SMcG0007930	-
h1SMcG0007931	O
h1SMcG0007932	V
h1SMcG0007933	K
h1SMcG0007934	-
h1SMcG0007935	BD
h1SMcG0007936	BD
h1SMcG0007937	T
h1SMcG0007938	BDLT
h1SMcG0007939	-
h1SMcG0007940	-
h1SMcG0007941	S
h1SMcG0007942	U
h1SMcG0007943	S
h1SMcG0007944	-
h1SMcG0007945	-
h1SMcG0007946	O
h1SMcG0007947	O
h1SMcG0007948	P
h1SMcG0007949	G
h1SMcG0007950	-
h1SMcG0007951	E
h1SMcG0007952	-
h1SMcG0007953	S
h1SMcG0007954	-
h1SMcG0007955	-
h1SMcG0007956	-
h1SMcG0007957	-
h1SMcG0007958	T
h1SMcG0007959	-
h1SMcG0007960	S
h1SMcG0007961	H
h1SMcG0007962	F
h1SMcG0007963	Q
h1SMcG0007964	O
h1SMcG0007965	OU
h1SMcG0007966	-
h1SMcG0007967	T
h1SMcG0007968	S
h1SMcG0007969	-
h1SMcG0007970	T
h1SMcG0007971	Q
h1SMcG0007972	Q
h1SMcG0007973	-
h1SMcG0007974	T
h1SMcG0007975	-
h1SMcG0007976	-
h1SMcG0007977	G
h1SMcG0007978	Z
h1SMcG0007979	-
h1SMcG0007980	G
h1SMcG0007981	-
h1SMcG0007982	T
h1SMcG0007983	T
h1SMcG0007984	-
h1SMcG0007985	O
h1SMcG0007986	-
h1SMcG0007987	U
h1SMcG0007988	-
h1SMcG0007989	S
h1SMcG0007990	T
h1SMcG0007991	-
h1SMcG0007992	-
h1SMcG0007993	K
h1SMcG0007994	O
h1SMcG0007995	J
h1SMcG0007996	A
h1SMcG0007997	JO
h1SMcG0007998	-
h1SMcG0007999	-
h1SMcG0008000	-
h1SMcG0008001	C
h1SMcG0008002	-
h1SMcG0008003	O
h1SMcG0008004	-
h1SMcG0008005	-
h1SMcG0008006	-
h1SMcG0008007	O
h1SMcG0008008	U
h1SMcG0008009	F
h1SMcG0008010	T
h1SMcG0008011	M
h1SMcG0008012	Z
h1SMcG0008013	U
h1SMcG0008014	U
h1SMcG0008015	-
h1SMcG0008016	-
h1SMcG0008017	-
h1SMcG0008018	Z
h1SMcG0008019	-
h1SMcG0008020	O
h1SMcG0008021	P
h1SMcG0008022	S
h1SMcG0008023	-
h1SMcG0008024	G
h1SMcG0008025	I
h1SMcG0008026	-
h1SMcG0008027	-
h1SMcG0008028	-
h1SMcG0008029	-
h1SMcG0008030	-
h1SMcG0008031	-
h1SMcG0008032	-
h1SMcG0008033	S
h1SMcG0008034	C
h1SMcG0008035	B
h1SMcG0008036	-
h1SMcG0008037	S
h1SMcG0008038	T
h1SMcG0008039	-
h1SMcG0008040	O
h1SMcG0008041	O
h1SMcG0008042	H
h1SMcG0008043	P
h1SMcG0008044	Z
h1SMcG0008045	-
h1SMcG0008046	-
h1SMcG0008047	-
h1SMcG0008048	-
h1SMcG0008049	E
h1SMcG0008050	-
h1SMcG0008051	-
h1SMcG0008052	PT
h1SMcG0008053	-
h1SMcG0008054	S
h1SMcG0008055	T
h1SMcG0008056	-
h1SMcG0008057	-
h1SMcG0008058	F
h1SMcG0008059	-
h1SMcG0008060	S
h1SMcG0008061	E
h1SMcG0008062	S
h1SMcG0008063	T
h1SMcG0008064	K
h1SMcG0008065	-
h1SMcG0008066	-
h1SMcG0008067	-
h1SMcG0008068	O
h1SMcG0008069	O
h1SMcG0008070	O
h1SMcG0008071	O
h1SMcG0008072	-
h1SMcG0008073	O
h1SMcG0008074	O
h1SMcG0008075	-
h1SMcG0008076	Z
h1SMcG0008077	O
h1SMcG0008078	O
h1SMcG0008079	-
h1SMcG0008080	-
h1SMcG0008081	-
h1SMcG0008082	O
h1SMcG0008083	U
h1SMcG0008084	-
h1SMcG0008085	-
h1SMcG0008086	-
h1SMcG0008087	JO
h1SMcG0008088	-
h1SMcG0008089	A
h1SMcG0008090	K
h1SMcG0008091	-
h1SMcG0008092	S
h1SMcG0008093	BK
h1SMcG0008094	-
h1SMcG0008095	S
h1SMcG0008096	-
h1SMcG0008097	-
h1SMcG0008098	S
h1SMcG0008099	-
h1SMcG0008100	-
h1SMcG0008101	S
h1SMcG0008102	U
h1SMcG0008103	P
h1SMcG0008104	AD
h1SMcG0008105	-
h1SMcG0008106	T
h1SMcG0008107	K
h1SMcG0008108	T
h1SMcG0008109	-
h1SMcG0008110	S
h1SMcG0008111	S
h1SMcG0008112	-
h1SMcG0008113	A
h1SMcG0008114	J
h1SMcG0008115	-
h1SMcG0008116	-
h1SMcG0008117	-
h1SMcG0008118	O
h1SMcG0008119	C
h1SMcG0008120	P
h1SMcG0008121	O
h1SMcG0008122	S
h1SMcG0008123	E
h1SMcG0008124	I
h1SMcG0008125	L
h1SMcG0008126	-
h1SMcG0008127	S
h1SMcG0008128	-
h1SMcG0008129	S
h1SMcG0008130	-
h1SMcG0008131	O
h1SMcG0008132	-
h1SMcG0008133	S
h1SMcG0008134	L
h1SMcG0008135	K
h1SMcG0008136	-
h1SMcG0008137	-
h1SMcG0008138	O
h1SMcG0008139	-
h1SMcG0008140	-
h1SMcG0008141	-
h1SMcG0008142	T
h1SMcG0008143	-
h1SMcG0008144	-
h1SMcG0008145	T
h1SMcG0008146	U
h1SMcG0008147	S
h1SMcG0008148	G
h1SMcG0008149	-
h1SMcG0008150	O
h1SMcG0008151	K
h1SMcG0008152	S
h1SMcG0008153	S
h1SMcG0008154	O
h1SMcG0008155	U
h1SMcG0008156	-
h1SMcG0008157	-
h1SMcG0008158	-
h1SMcG0008159	P
h1SMcG0008160	P
h1SMcG0008161	-
h1SMcG0008162	-
h1SMcG0008163	S
h1SMcG0008164	-
h1SMcG0008165	O
h1SMcG0008166	-
h1SMcG0008167	-
h1SMcG0008168	T
h1SMcG0008169	V
h1SMcG0008170	-
h1SMcG0008171	-
h1SMcG0008172	-
h1SMcG0008173	S
h1SMcG0008174	-
h1SMcG0008175	E
h1SMcG0008176	S
h1SMcG0008177	O
h1SMcG0008178	T
h1SMcG0008179	K
h1SMcG0008180	S
h1SMcG0008181	J
h1SMcG0008182	F
h1SMcG0008183	B
h1SMcG0008184	I
h1SMcG0008185	-
h1SMcG0008186	A
h1SMcG0008187	U
h1SMcG0008188	-
h1SMcG0008189	BD
h1SMcG0008190	T
h1SMcG0008191	V
h1SMcG0008192	U
h1SMcG0008193	V
h1SMcG0008194	-
h1SMcG0008195	-
h1SMcG0008196	V
h1SMcG0008197	S
h1SMcG0008198	S
h1SMcG0008199	Z
h1SMcG0008200	S
h1SMcG0008201	-
h1SMcG0008202	I
h1SMcG0008203	Z
h1SMcG0008204	PT
h1SMcG0008205	S
h1SMcG0008206	-
h1SMcG0008207	-
h1SMcG0008208	-
h1SMcG0008209	O
h1SMcG0008210	U
h1SMcG0008211	U
h1SMcG0008212	-
h1SMcG0008213	-
h1SMcG0008214	K
h1SMcG0008215	-
h1SMcG0008216	K
h1SMcG0008217	-
h1SMcG0008218	-
h1SMcG0008219	-
h1SMcG0008220	U
h1SMcG0008221	-
h1SMcG0008222	-
h1SMcG0008223	T
h1SMcG0008224	-
h1SMcG0008225	-
h1SMcG0008226	S
h1SMcG0008227	T
h1SMcG0008228	T
h1SMcG0008229	-
h1SMcG0008230	P
h1SMcG0008231	P
h1SMcG0008232	C
h1SMcG0008233	B
h1SMcG0008234	S
h1SMcG0008235	PT
h1SMcG0008236	PT
h1SMcG0008237	MPT
h1SMcG0008238	MPT
h1SMcG0008239	T
h1SMcG0008240	S
h1SMcG0008241	S
h1SMcG0008242	-
h1SMcG0008243	-
h1SMcG0008244	T
h1SMcG0008245	-
h1SMcG0008246	A
h1SMcG0008247	-
h1SMcG0008248	-
h1SMcG0008249	-
h1SMcG0008250	J
h1SMcG0008251	T
h1SMcG0008252	-
h1SMcG0008253	-
h1SMcG0008254	H
h1SMcG0008255	-
h1SMcG0008256	-
h1SMcG0008257	L
h1SMcG0008258	K
h1SMcG0008259	D
h1SMcG0008260	K
h1SMcG0008261	K
h1SMcG0008262	K
h1SMcG0008263	J
h1SMcG0008264	S
h1SMcG0008265	-
h1SMcG0008266	C
h1SMcG0008267	T
h1SMcG0008268	O
h1SMcG0008269	TU
h1SMcG0008270	J
h1SMcG0008271	T
h1SMcG0008272	E
h1SMcG0008273	E
h1SMcG0008274	O
h1SMcG0008275	-
h1SMcG0008276	-
h1SMcG0008277	EH
h1SMcG0008278	-
h1SMcG0008279	-
h1SMcG0008280	-
h1SMcG0008281	-
h1SMcG0008282	-
h1SMcG0008283	DUZ
h1SMcG0008284	E
h1SMcG0008285	-
h1SMcG0008286	T
h1SMcG0008287	-
h1SMcG0008288	S
h1SMcG0008289	-
h1SMcG0008290	T
h1SMcG0008291	-
h1SMcG0008292	O
h1SMcG0008293	T
h1SMcG0008294	O
h1SMcG0008295	-
h1SMcG0008296	M
h1SMcG0008297	O
h1SMcG0008298	S
h1SMcG0008299	-
h1SMcG0008300	T
h1SMcG0008301	-
h1SMcG0008302	T
h1SMcG0008303	C
h1SMcG0008304	J
h1SMcG0008305	Z
h1SMcG0008306	-
h1SMcG0008307	-
h1SMcG0008308	K
h1SMcG0008309	TW
h1SMcG0008310	U
h1SMcG0008311	I
h1SMcG0008312	S
h1SMcG0008313	-
h1SMcG0008314	U
h1SMcG0008315	U
h1SMcG0008316	U
h1SMcG0008317	S
h1SMcG0008318	J
h1SMcG0008319	-
h1SMcG0008320	-
h1SMcG0008321	-
h1SMcG0008322	L
h1SMcG0008323	-
h1SMcG0008324	-
h1SMcG0008325	W
h1SMcG0008326	O
h1SMcG0008327	-
h1SMcG0008328	O
h1SMcG0008329	S
h1SMcG0008330	MV
h1SMcG0008331	MV
h1SMcG0008332	MV
h1SMcG0008333	-
h1SMcG0008334	O
h1SMcG0008335	-
h1SMcG0008336	-
h1SMcG0008337	S
h1SMcG0008338	Z
h1SMcG0008339	Q
h1SMcG0008340	T
h1SMcG0008341	-
h1SMcG0008342	-
h1SMcG0008343	-
h1SMcG0008344	T
h1SMcG0008345	T
h1SMcG0008346	S
h1SMcG0008347	I
h1SMcG0008348	-
h1SMcG0008349	I
h1SMcG0008350	IJT
h1SMcG0008351	-
h1SMcG0008352	-
h1SMcG0008353	-
h1SMcG0008354	U
h1SMcG0008355	T
h1SMcG0008356	K
h1SMcG0008357	S
h1SMcG0008358	DU
h1SMcG0008359	S
h1SMcG0008360	-
h1SMcG0008361	T
h1SMcG0008362	I
h1SMcG0008363	DZ
h1SMcG0008364	S
h1SMcG0008365	K
h1SMcG0008366	EF
h1SMcG0008367	-
h1SMcG0008368	-
h1SMcG0008369	EF
h1SMcG0008370	A
h1SMcG0008371	I
h1SMcG0008372	G
h1SMcG0008373	K
h1SMcG0008374	T
h1SMcG0008375	-
h1SMcG0008376	S
h1SMcG0008377	-
h1SMcG0008378	OT
h1SMcG0008379	-
h1SMcG0008380	S
h1SMcG0008381	-
h1SMcG0008382	O
h1SMcG0008383	-
h1SMcG0008384	S
h1SMcG0008385	P
h1SMcG0008386	-
h1SMcG0008387	I
h1SMcG0008388	K
h1SMcG0008389	I
h1SMcG0008390	-
h1SMcG0008391	S
h1SMcG0008392	S
h1SMcG0008393	-
h1SMcG0008394	-
h1SMcG0008395	-
h1SMcG0008396	-
h1SMcG0008397	T
h1SMcG0008398	S
h1SMcG0008399	F
h1SMcG0008400	TZ
h1SMcG0008401	K
h1SMcG0008402	B
h1SMcG0008403	-
h1SMcG0008404	-
h1SMcG0008405	P
h1SMcG0008406	O
h1SMcG0008407	S
h1SMcG0008408	K
h1SMcG0008409	-
h1SMcG0008410	S
h1SMcG0008411	S
h1SMcG0008412	L
h1SMcG0008413	JO
h1SMcG0008414	S
h1SMcG0008415	M
h1SMcG0008416	PT
h1SMcG0008417	Z
h1SMcG0008418	I
h1SMcG0008419	-
h1SMcG0008420	L
h1SMcG0008421	-
h1SMcG0008422	-
h1SMcG0008423	-
h1SMcG0008424	A
h1SMcG0008425	O
h1SMcG0008426	K
h1SMcG0008427	S
h1SMcG0008428	T
h1SMcG0008429	-
h1SMcG0008430	P
h1SMcG0008431	C
h1SMcG0008432	-
h1SMcG0008433	-
h1SMcG0008434	T
h1SMcG0008435	O
h1SMcG0008436	-
h1SMcG0008437	-
h1SMcG0008438	L
h1SMcG0008439	O
h1SMcG0008440	AJ
h1SMcG0008441	K
h1SMcG0008442	M
h1SMcG0008443	-
h1SMcG0008444	T
h1SMcG0008445	TV
h1SMcG0008446	T
h1SMcG0008447	-
h1SMcG0008448	S
h1SMcG0008449	S
h1SMcG0008450	-
h1SMcG0008451	TU
h1SMcG0008452	-
h1SMcG0008453	-
h1SMcG0008454	T
h1SMcG0008455	B
h1SMcG0008456	G
h1SMcG0008457	S
h1SMcG0008458	S
h1SMcG0008459	-
h1SMcG0008460	S
h1SMcG0008461	J
h1SMcG0008462	T
h1SMcG0008463	J
h1SMcG0008464	S
h1SMcG0008465	P
h1SMcG0008466	-
h1SMcG0008467	-
h1SMcG0008468	PT
h1SMcG0008469	D
h1SMcG0008470	G
h1SMcG0008471	A
h1SMcG0008472	-
h1SMcG0008473	S
h1SMcG0008474	S
h1SMcG0008475	K
h1SMcG0008476	S
h1SMcG0008477	-
h1SMcG0008478	-
h1SMcG0008479	T
h1SMcG0008480	MO
h1SMcG0008481	T
h1SMcG0008482	TZ
h1SMcG0008483	-
h1SMcG0008484	O
h1SMcG0008485	-
h1SMcG0008486	P
h1SMcG0008487	T
h1SMcG0008488	Z
h1SMcG0008489	S
h1SMcG0008490	G
h1SMcG0008491	E
h1SMcG0008492	DTZ
h1SMcG0008493	O
h1SMcG0008494	O
h1SMcG0008495	G
h1SMcG0008496	-
h1SMcG0008497	T
h1SMcG0008498	S
h1SMcG0008499	-
h1SMcG0008500	MOT
h1SMcG0008501	S
h1SMcG0008502	S
h1SMcG0008503	K
h1SMcG0008504	F
h1SMcG0008505	-
h1SMcG0008506	U
h1SMcG0008507	S
h1SMcG0008508	TV
h1SMcG0008509	O
h1SMcG0008510	T
h1SMcG0008511	L
h1SMcG0008512	-
h1SMcG0008513	S
h1SMcG0008514	S
h1SMcG0008515	T
h1SMcG0008516	J
h1SMcG0008517	D
h1SMcG0008518	S
h1SMcG0008519	S
h1SMcG0008520	O
h1SMcG0008521	L
h1SMcG0008522	-
h1SMcG0008523	K
h1SMcG0008524	-
h1SMcG0008525	S
h1SMcG0008526	-
h1SMcG0008527	-
h1SMcG0008528	S
h1SMcG0008529	J
h1SMcG0008530	O
h1SMcG0008531	M
h1SMcG0008532	S
h1SMcG0008533	-
h1SMcG0008534	U
h1SMcG0008535	S
h1SMcG0008536	-
h1SMcG0008537	T
h1SMcG0008538	-
h1SMcG0008539	J
h1SMcG0008540	-
h1SMcG0008541	-
h1SMcG0008542	U
h1SMcG0008543	-
h1SMcG0008544	-
h1SMcG0008545	-
h1SMcG0008546	-
h1SMcG0008547	-
h1SMcG0008548	-
h1SMcG0008549	-
h1SMcG0008550	L
h1SMcG0008551	S
h1SMcG0008552	-
h1SMcG0008553	-
h1SMcG0008554	F
h1SMcG0008555	F
h1SMcG0008556	F
h1SMcG0008557	E
h1SMcG0008558	-
h1SMcG0008559	-
h1SMcG0008560	K
h1SMcG0008561	T
h1SMcG0008562	-
h1SMcG0008563	A
h1SMcG0008564	-
h1SMcG0008565	A
h1SMcG0008566	-
h1SMcG0008567	-
h1SMcG0008568	O
h1SMcG0008569	O
h1SMcG0008570	BD
h1SMcG0008571	-
h1SMcG0008572	S
h1SMcG0008573	-
h1SMcG0008574	-
h1SMcG0008575	-
h1SMcG0008576	O
h1SMcG0008577	JT
h1SMcG0008578	S
h1SMcG0008579	S
h1SMcG0008580	-
h1SMcG0008581	OT
h1SMcG0008582	-
h1SMcG0008583	-
h1SMcG0008584	S
h1SMcG0008585	-
h1SMcG0008586	E
h1SMcG0008587	-
h1SMcG0008588	-
h1SMcG0008589	S
h1SMcG0008590	-
h1SMcG0008591	-
h1SMcG0008592	-
h1SMcG0008593	-
h1SMcG0008594	-
h1SMcG0008595	T
h1SMcG0008596	U
h1SMcG0008597	P
h1SMcG0008598	S
h1SMcG0008599	-
h1SMcG0008600	T
h1SMcG0008601	T
h1SMcG0008602	A
h1SMcG0008603	A
h1SMcG0008604	T
h1SMcG0008605	T
h1SMcG0008606	T
h1SMcG0008607	D
h1SMcG0008608	-
h1SMcG0008609	-
h1SMcG0008610	A
h1SMcG0008611	-
h1SMcG0008612	O
h1SMcG0008613	A
h1SMcG0008614	A
h1SMcG0008615	-
h1SMcG0008616	O
h1SMcG0008617	O
h1SMcG0008618	-
h1SMcG0008619	-
h1SMcG0008620	-
h1SMcG0008621	-
h1SMcG0008622	-
h1SMcG0008623	-
h1SMcG0008624	O
h1SMcG0008625	T
h1SMcG0008626	-
h1SMcG0008627	U
h1SMcG0008628	U
h1SMcG0008629	U
h1SMcG0008630	U
h1SMcG0008631	U
h1SMcG0008632	U
h1SMcG0008633	U
h1SMcG0008634	-
h1SMcG0008635	U
h1SMcG0008636	U
h1SMcG0008637	S
h1SMcG0008638	L
h1SMcG0008639	-
h1SMcG0008640	T
h1SMcG0008641	G
h1SMcG0008642	-
h1SMcG0008643	S
h1SMcG0008644	-
h1SMcG0008645	-
h1SMcG0008646	-
h1SMcG0008647	T
h1SMcG0008648	T
h1SMcG0008649	P
h1SMcG0008650	Z
h1SMcG0008651	T
h1SMcG0008652	C
h1SMcG0008653	-
h1SMcG0008654	-
h1SMcG0008655	S
h1SMcG0008656	S
h1SMcG0008657	J
h1SMcG0008658	S
h1SMcG0008659	-
h1SMcG0008660	-
h1SMcG0008661	U
h1SMcG0008662	O
h1SMcG0008663	-
h1SMcG0008664	-
h1SMcG0008665	S
h1SMcG0008666	-
h1SMcG0008667	-
h1SMcG0008668	A
h1SMcG0008669	G
h1SMcG0008670	-
h1SMcG0008671	-
h1SMcG0008672	E
h1SMcG0008673	O
h1SMcG0008674	LT
h1SMcG0008675	LT
h1SMcG0008676	-
h1SMcG0008677	-
h1SMcG0008678	-
h1SMcG0008679	E
h1SMcG0008680	A
h1SMcG0008681	-
h1SMcG0008682	-
h1SMcG0008683	O
h1SMcG0008684	F
h1SMcG0008685	-
h1SMcG0008686	O
h1SMcG0008687	-
h1SMcG0008688	-
h1SMcG0008689	-
h1SMcG0008690	-
h1SMcG0008691	O
h1SMcG0008692	S
h1SMcG0008693	-
h1SMcG0008694	A
h1SMcG0008695	A
h1SMcG0008696	S
h1SMcG0008697	-
h1SMcG0008698	-
h1SMcG0008699	-
h1SMcG0008700	-
h1SMcG0008701	-
h1SMcG0008702	E
h1SMcG0008703	E
h1SMcG0008704	EPT
h1SMcG0008705	-
h1SMcG0008706	O
h1SMcG0008707	A
h1SMcG0008708	L
h1SMcG0008709	L
h1SMcG0008710	D
h1SMcG0008711	O
h1SMcG0008712	E
h1SMcG0008713	T
h1SMcG0008714	J
h1SMcG0008715	J
h1SMcG0008716	A
h1SMcG0008717	-
h1SMcG0008718	T
h1SMcG0008719	T
h1SMcG0008720	-
h1SMcG0008721	-
h1SMcG0008722	-
h1SMcG0008723	-
h1SMcG0008724	-
h1SMcG0008725	-
h1SMcG0008726	S
h1SMcG0008727	-
h1SMcG0008728	-
h1SMcG0008729	-
h1SMcG0008730	-
h1SMcG0008731	-
h1SMcG0008732	-
h1SMcG0008733	-
h1SMcG0008734	S
h1SMcG0008735	S
h1SMcG0008736	-
h1SMcG0008737	-
h1SMcG0008738	-
h1SMcG0008739	-
h1SMcG0008740	T
h1SMcG0008741	-
h1SMcG0008742	T
h1SMcG0008743	-
h1SMcG0008744	-
h1SMcG0008745	P
h1SMcG0008746	P
h1SMcG0008747	O
h1SMcG0008748	-
h1SMcG0008749	-
h1SMcG0008750	-
h1SMcG0008751	-
h1SMcG0008752	-
h1SMcG0008753	-
h1SMcG0008754	-
h1SMcG0008755	-
h1SMcG0008756	-
h1SMcG0008757	LT
h1SMcG0008758	S
h1SMcG0008759	-
h1SMcG0008760	S
h1SMcG0008761	S
h1SMcG0008762	S
h1SMcG0008763	-
h1SMcG0008764	T
h1SMcG0008765	S
h1SMcG0008766	U
h1SMcG0008767	Z
h1SMcG0008768	T
h1SMcG0008769	-
h1SMcG0008770	G
h1SMcG0008771	-
h1SMcG0008772	-
h1SMcG0008773	E
h1SMcG0008774	-
h1SMcG0008775	-
h1SMcG0008776	T
h1SMcG0008777	-
h1SMcG0008778	-
h1SMcG0008779	O
h1SMcG0008780	O
h1SMcG0008781	O
h1SMcG0008782	-
h1SMcG0008783	S
h1SMcG0008784	Z
h1SMcG0008785	S
h1SMcG0008786	-
h1SMcG0008787	O
h1SMcG0008788	O
h1SMcG0008789	-
h1SMcG0008790	A
h1SMcG0008791	T
h1SMcG0008792	-
h1SMcG0008793	S
h1SMcG0008794	-
h1SMcG0008795	-
h1SMcG0008796	T
h1SMcG0008797	T
h1SMcG0008798	-
h1SMcG0008799	-
h1SMcG0008800	-
h1SMcG0008801	-
h1SMcG0008802	J
h1SMcG0008803	L
h1SMcG0008804	-
h1SMcG0008805	L
h1SMcG0008806	-
h1SMcG0008807	S
h1SMcG0008808	S
h1SMcG0008809	S
h1SMcG0008810	-
h1SMcG0008811	C
h1SMcG0008812	O
h1SMcG0008813	K
h1SMcG0008814	-
h1SMcG0008815	-
h1SMcG0008816	-
h1SMcG0008817	-
h1SMcG0008818	S
h1SMcG0008819	-
h1SMcG0008820	L
h1SMcG0008821	T
h1SMcG0008822	S
h1SMcG0008823	-
h1SMcG0008824	O
h1SMcG0008825	-
h1SMcG0008826	-
h1SMcG0008827	-
h1SMcG0008828	L
h1SMcG0008829	O
h1SMcG0008830	-
h1SMcG0008831	-
h1SMcG0008832	DK
h1SMcG0008833	K
h1SMcG0008834	J
h1SMcG0008835	T
h1SMcG0008836	-
h1SMcG0008837	V
h1SMcG0008838	-
h1SMcG0008839	-
h1SMcG0008840	O
h1SMcG0008841	S
h1SMcG0008842	O
h1SMcG0008843	-
h1SMcG0008844	O
h1SMcG0008845	S
h1SMcG0008846	S
h1SMcG0008847	S
h1SMcG0008848	T
h1SMcG0008849	PT
h1SMcG0008850	S
h1SMcG0008851	T
h1SMcG0008852	-
h1SMcG0008853	-
h1SMcG0008854	-
h1SMcG0008855	L
h1SMcG0008856	T
h1SMcG0008857	-
h1SMcG0008858	E
h1SMcG0008859	TZ
h1SMcG0008860	-
h1SMcG0008861	F
h1SMcG0008862	S
h1SMcG0008863	-
h1SMcG0008864	-
h1SMcG0008865	T
h1SMcG0008866	T
h1SMcG0008867	L
h1SMcG0008868	K
h1SMcG0008869	L
h1SMcG0008870	-
h1SMcG0008871	S
h1SMcG0008872	-
h1SMcG0008873	-
h1SMcG0008874	-
h1SMcG0008875	-
h1SMcG0008876	TU
h1SMcG0008877	E
h1SMcG0008878	W
h1SMcG0008879	-
h1SMcG0008880	O
h1SMcG0008881	O
h1SMcG0008882	-
h1SMcG0008883	O
h1SMcG0008884	-
h1SMcG0008885	-
h1SMcG0008886	K
h1SMcG0008887	S
h1SMcG0008888	S
h1SMcG0008889	-
h1SMcG0008890	O
h1SMcG0008891	-
h1SMcG0008892	-
h1SMcG0008893	O
h1SMcG0008894	-
h1SMcG0008895	-
h1SMcG0008896	-
h1SMcG0008897	-
h1SMcG0008898	-
h1SMcG0008899	O
h1SMcG0008900	A
h1SMcG0008901	Z
h1SMcG0008902	-
h1SMcG0008903	-
h1SMcG0008904	Q
h1SMcG0008905	S
h1SMcG0008906	-
h1SMcG0008907	K
h1SMcG0008908	-
h1SMcG0008909	-
h1SMcG0008910	-
h1SMcG0008911	-
h1SMcG0008912	-
h1SMcG0008913	E
h1SMcG0008914	-
h1SMcG0008915	S
h1SMcG0008916	-
h1SMcG0008917	-
h1SMcG0008918	S
h1SMcG0008919	-
h1SMcG0008920	-
h1SMcG0008921	-
h1SMcG0008922	-
h1SMcG0008923	-
h1SMcG0008924	GM
h1SMcG0008925	-
h1SMcG0008926	-
h1SMcG0008927	-
h1SMcG0008928	-
h1SMcG0008929	S
h1SMcG0008930	-
h1SMcG0008931	-
h1SMcG0008932	-
h1SMcG0008933	-
h1SMcG0008934	A
h1SMcG0008935	-
h1SMcG0008936	-
h1SMcG0008937	-
h1SMcG0008938	S
h1SMcG0008939	-
h1SMcG0008940	-
h1SMcG0008941	-
h1SMcG0008942	-
h1SMcG0008943	L
h1SMcG0008944	P
h1SMcG0008945	P
h1SMcG0008946	K
h1SMcG0008947	E
h1SMcG0008948	E
h1SMcG0008949	T
h1SMcG0008950	P
h1SMcG0008951	T
h1SMcG0008952	-
h1SMcG0008953	H
h1SMcG0008954	T
h1SMcG0008955	TU
h1SMcG0008956	F
h1SMcG0008957	-
h1SMcG0008958	-
h1SMcG0008959	O
h1SMcG0008960	-
h1SMcG0008961	-
h1SMcG0008962	K
h1SMcG0008963	T
h1SMcG0008964	S
h1SMcG0008965	I
h1SMcG0008966	O
h1SMcG0008967	-
h1SMcG0008968	I
h1SMcG0008969	-
h1SMcG0008970	O
h1SMcG0008971	O
h1SMcG0008972	T
h1SMcG0008973	T
h1SMcG0008974	-
h1SMcG0008975	-
h1SMcG0008976	-
h1SMcG0008977	S
h1SMcG0008978	S
h1SMcG0008979	T
h1SMcG0008980	K
h1SMcG0008981	Z
h1SMcG0008982	E
h1SMcG0008983	-
h1SMcG0008984	U
h1SMcG0008985	U
h1SMcG0008986	-
h1SMcG0008987	-
h1SMcG0008988	S
h1SMcG0008989	-
h1SMcG0008990	O
h1SMcG0008991	O
h1SMcG0008992	-
h1SMcG0008993	-
h1SMcG0008994	-
h1SMcG0008995	S
h1SMcG0008996	-
h1SMcG0008997	S
h1SMcG0008998	-
h1SMcG0008999	-
h1SMcG0009000	T
h1SMcG0009001	U
h1SMcG0009002	-
h1SMcG0009003	-
h1SMcG0009004	-
h1SMcG0009005	PT
h1SMcG0009006	-
h1SMcG0009007	O
h1SMcG0009008	S
h1SMcG0009009	-
h1SMcG0009010	K
h1SMcG0009011	S
h1SMcG0009012	I
h1SMcG0009013	S
h1SMcG0009014	-
h1SMcG0009015	A
h1SMcG0009016	T
h1SMcG0009017	F
h1SMcG0009018	T
h1SMcG0009019	L
h1SMcG0009020	-
h1SMcG0009021	-
h1SMcG0009022	T
h1SMcG0009023	T
h1SMcG0009024	J
h1SMcG0009025	O
h1SMcG0009026	O
h1SMcG0009027	O
h1SMcG0009028	O
h1SMcG0009029	O
h1SMcG0009030	T
h1SMcG0009031	G
h1SMcG0009032	K
h1SMcG0009033	J
h1SMcG0009034	S
h1SMcG0009035	-
h1SMcG0009036	Q
h1SMcG0009037	Z
h1SMcG0009038	S
h1SMcG0009039	J
h1SMcG0009040	S
h1SMcG0009041	-
h1SMcG0009042	TW
h1SMcG0009043	Q
h1SMcG0009044	Q
h1SMcG0009045	Q
h1SMcG0009046	Q
h1SMcG0009047	OT
h1SMcG0009048	-
h1SMcG0009049	E
h1SMcG0009050	-
h1SMcG0009051	-
h1SMcG0009052	-
h1SMcG0009053	O
h1SMcG0009054	-
h1SMcG0009055	S
h1SMcG0009056	S
h1SMcG0009057	S
h1SMcG0009058	S
h1SMcG0009059	S
h1SMcG0009060	C
h1SMcG0009061	-
h1SMcG0009062	T
h1SMcG0009063	T
h1SMcG0009064	E
h1SMcG0009065	T
h1SMcG0009066	-
h1SMcG0009067	O
h1SMcG0009068	Q
h1SMcG0009069	O
h1SMcG0009070	A
h1SMcG0009071	O
h1SMcG0009072	T
h1SMcG0009073	V
h1SMcG0009074	-
h1SMcG0009075	-
h1SMcG0009076	J
h1SMcG0009077	U
h1SMcG0009078	S
h1SMcG0009079	Q
h1SMcG0009080	Q
h1SMcG0009081	Q
h1SMcG0009082	Q
h1SMcG0009083	U
h1SMcG0009084	T
h1SMcG0009085	S
h1SMcG0009086	O
h1SMcG0009087	-
h1SMcG0009088	L
h1SMcG0009089	D
h1SMcG0009090	-
h1SMcG0009091	-
h1SMcG0009092	-
h1SMcG0009093	-
h1SMcG0009094	S
h1SMcG0009095	BK
h1SMcG0009096	S
h1SMcG0009097	K
h1SMcG0009098	-
h1SMcG0009099	U
h1SMcG0009100	T
h1SMcG0009101	S
h1SMcG0009102	-
h1SMcG0009103	K
h1SMcG0009104	E
h1SMcG0009105	-
h1SMcG0009106	O
h1SMcG0009107	O
h1SMcG0009108	-
h1SMcG0009109	O
h1SMcG0009110	T
h1SMcG0009111	P
h1SMcG0009112	S
h1SMcG0009113	EJ
h1SMcG0009114	O
h1SMcG0009115	S
h1SMcG0009116	K
h1SMcG0009117	K
h1SMcG0009118	-
h1SMcG0009119	-
h1SMcG0009120	O
h1SMcG0009121	-
h1SMcG0009122	S
h1SMcG0009123	-
h1SMcG0009124	-
h1SMcG0009125	O
h1SMcG0009126	O
h1SMcG0009127	-
h1SMcG0009128	-
h1SMcG0009129	S
h1SMcG0009130	O
h1SMcG0009131	-
h1SMcG0009132	-
h1SMcG0009133	O
h1SMcG0009134	-
h1SMcG0009135	J
h1SMcG0009136	T
h1SMcG0009137	-
h1SMcG0009138	S
h1SMcG0009139	S
h1SMcG0009140	I
h1SMcG0009141	O
h1SMcG0009142	EJ
h1SMcG0009143	U
h1SMcG0009144	O
h1SMcG0009145	O
h1SMcG0009146	-
h1SMcG0009147	T
h1SMcG0009148	O
h1SMcG0009149	O
h1SMcG0009150	O
h1SMcG0009151	S
h1SMcG0009152	EJ
h1SMcG0009153	-
h1SMcG0009154	I
h1SMcG0009155	P
h1SMcG0009156	O
h1SMcG0009157	O
h1SMcG0009158	S
h1SMcG0009159	O
h1SMcG0009160	EJ
h1SMcG0009161	S
h1SMcG0009162	-
h1SMcG0009163	-
h1SMcG0009164	TU
h1SMcG0009165	B
h1SMcG0009166	O
h1SMcG0009167	O
h1SMcG0009168	TU
h1SMcG0009169	O
h1SMcG0009170	O
h1SMcG0009171	O
h1SMcG0009172	-
h1SMcG0009173	Q
h1SMcG0009174	-
h1SMcG0009175	O
h1SMcG0009176	J
h1SMcG0009177	O
h1SMcG0009178	T
h1SMcG0009179	-
h1SMcG0009180	T
h1SMcG0009181	-
h1SMcG0009182	O
h1SMcG0009183	O
h1SMcG0009184	O
h1SMcG0009185	S
h1SMcG0009186	H
h1SMcG0009187	-
h1SMcG0009188	-
h1SMcG0009189	O
h1SMcG0009190	-
h1SMcG0009191	-
h1SMcG0009192	O
h1SMcG0009193	O
h1SMcG0009194	T
h1SMcG0009195	S
h1SMcG0009196	S
h1SMcG0009197	P
h1SMcG0009198	-
h1SMcG0009199	Z
h1SMcG0009200	-
h1SMcG0009201	S
h1SMcG0009202	-
h1SMcG0009203	O
h1SMcG0009204	-
h1SMcG0009205	-
h1SMcG0009206	O
h1SMcG0009207	G
h1SMcG0009208	B
h1SMcG0009209	T
h1SMcG0009210	-
h1SMcG0009211	A
h1SMcG0009212	S
h1SMcG0009213	O
h1SMcG0009214	E
h1SMcG0009215	-
h1SMcG0009216	O
h1SMcG0009217	S
h1SMcG0009218	S
h1SMcG0009219	-
h1SMcG0009220	J
h1SMcG0009221	A
h1SMcG0009222	A
h1SMcG0009223	TZ
h1SMcG0009224	-
h1SMcG0009225	J
h1SMcG0009226	O
h1SMcG0009227	O
h1SMcG0009228	-
h1SMcG0009229	S
h1SMcG0009230	Z
h1SMcG0009231	T
h1SMcG0009232	-
h1SMcG0009233	T
h1SMcG0009234	L
h1SMcG0009235	-
h1SMcG0009236	-
h1SMcG0009237	-
h1SMcG0009238	S
h1SMcG0009239	-
h1SMcG0009240	-
h1SMcG0009241	L
h1SMcG0009242	I
h1SMcG0009243	T
h1SMcG0009244	-
h1SMcG0009245	-
h1SMcG0009246	G
h1SMcG0009247	G
h1SMcG0009248	I
h1SMcG0009249	T
h1SMcG0009250	O
h1SMcG0009251	-
h1SMcG0009252	-
h1SMcG0009253	-
h1SMcG0009254	S
h1SMcG0009255	O
h1SMcG0009256	O
h1SMcG0009257	S
h1SMcG0009258	S
h1SMcG0009259	T
h1SMcG0009260	-
h1SMcG0009261	S
h1SMcG0009262	K
h1SMcG0009263	K
h1SMcG0009264	-
h1SMcG0009265	-
h1SMcG0009266	-
h1SMcG0009267	-
h1SMcG0009268	A
h1SMcG0009269	K
h1SMcG0009270	-
h1SMcG0009271	-
h1SMcG0009272	-
h1SMcG0009273	K
h1SMcG0009274	O
h1SMcG0009275	IJT
h1SMcG0009276	-
h1SMcG0009277	D
h1SMcG0009278	T
h1SMcG0009279	G
h1SMcG0009280	-
h1SMcG0009281	-
h1SMcG0009282	-
h1SMcG0009283	S
h1SMcG0009284	T
h1SMcG0009285	KL
h1SMcG0009286	S
h1SMcG0009287	O
h1SMcG0009288	-
h1SMcG0009289	U
h1SMcG0009290	-
h1SMcG0009291	-
h1SMcG0009292	S
h1SMcG0009293	S
h1SMcG0009294	S
h1SMcG0009295	DZ
h1SMcG0009296	S
h1SMcG0009297	S
h1SMcG0009298	-
h1SMcG0009299	-
h1SMcG0009300	S
h1SMcG0009301	Q
h1SMcG0009302	T
h1SMcG0009303	BD
h1SMcG0009304	S
h1SMcG0009305	T
h1SMcG0009306	S
h1SMcG0009307	-
h1SMcG0009308	-
h1SMcG0009309	-
h1SMcG0009310	S
h1SMcG0009311	S
h1SMcG0009312	-
h1SMcG0009313	T
h1SMcG0009314	-
h1SMcG0009315	O
h1SMcG0009316	DUZ
h1SMcG0009317	K
h1SMcG0009318	A
h1SMcG0009319	S
h1SMcG0009320	-
h1SMcG0009321	-
h1SMcG0009322	S
h1SMcG0009323	S
h1SMcG0009324	S
h1SMcG0009325	-
h1SMcG0009326	K
h1SMcG0009327	Z
h1SMcG0009328	S
h1SMcG0009329	Z
h1SMcG0009330	S
h1SMcG0009331	T
h1SMcG0009332	S
h1SMcG0009333	-
h1SMcG0009334	I
h1SMcG0009335	-
h1SMcG0009336	S
h1SMcG0009337	-
h1SMcG0009338	E
h1SMcG0009339	E
h1SMcG0009340	-
h1SMcG0009341	-
h1SMcG0009342	U
h1SMcG0009343	T
h1SMcG0009344	H
h1SMcG0009345	-
h1SMcG0009346	-
h1SMcG0009347	O
h1SMcG0009348	O
h1SMcG0009349	-
h1SMcG0009350	-
h1SMcG0009351	-
h1SMcG0009352	-
h1SMcG0009353	J
h1SMcG0009354	L
h1SMcG0009355	E
h1SMcG0009356	-
h1SMcG0009357	M
h1SMcG0009358	-
h1SMcG0009359	-
h1SMcG0009360	-
h1SMcG0009361	-
h1SMcG0009362	-
h1SMcG0009363	PT
h1SMcG0009364	-
h1SMcG0009365	-
h1SMcG0009366	-
h1SMcG0009367	-
h1SMcG0009368	Q
h1SMcG0009369	K
h1SMcG0009370	IQ
h1SMcG0009371	S
h1SMcG0009372	-
h1SMcG0009373	T
h1SMcG0009374	-
h1SMcG0009375	-
h1SMcG0009376	-
h1SMcG0009377	-
h1SMcG0009378	T
h1SMcG0009379	T
h1SMcG0009380	-
h1SMcG0009381	-
h1SMcG0009382	V
h1SMcG0009383	-
h1SMcG0009384	-
h1SMcG0009385	S
h1SMcG0009386	O
h1SMcG0009387	-
h1SMcG0009388	-
h1SMcG0009389	-
h1SMcG0009390	-
h1SMcG0009391	S
h1SMcG0009392	-
h1SMcG0009393	S
h1SMcG0009394	-
h1SMcG0009395	-
h1SMcG0009396	-
h1SMcG0009397	S
h1SMcG0009398	-
h1SMcG0009399	-
h1SMcG0009400	-
h1SMcG0009401	T
h1SMcG0009402	-
h1SMcG0009403	-
h1SMcG0009404	-
h1SMcG0009405	-
h1SMcG0009406	-
h1SMcG0009407	-
h1SMcG0009408	-
h1SMcG0009409	E
h1SMcG0009410	-
h1SMcG0009411	-
h1SMcG0009412	-
h1SMcG0009413	L
h1SMcG0009414	E
h1SMcG0009415	-
h1SMcG0009416	-
h1SMcG0009417	-
h1SMcG0009418	O
h1SMcG0009419	E
h1SMcG0009420	O
h1SMcG0009421	-
h1SMcG0009422	-
h1SMcG0009423	-
h1SMcG0009424	E
h1SMcG0009425	-
h1SMcG0009426	O
h1SMcG0009427	-
h1SMcG0009428	-
h1SMcG0009429	-
h1SMcG0009430	O
h1SMcG0009431	G
h1SMcG0009432	-
h1SMcG0009433	-
h1SMcG0009434	-
h1SMcG0009435	-
h1SMcG0009436	I
h1SMcG0009437	H
h1SMcG0009438	-
h1SMcG0009439	-
h1SMcG0009440	-
h1SMcG0009441	-
h1SMcG0009442	L
h1SMcG0009443	-
h1SMcG0009444	BD
h1SMcG0009445	K
h1SMcG0009446	T
h1SMcG0009447	A
h1SMcG0009448	-
h1SMcG0009449	-
h1SMcG0009450	-
h1SMcG0009451	-
h1SMcG0009452	-
h1SMcG0009453	-
h1SMcG0009454	L
h1SMcG0009455	-
h1SMcG0009456	-
h1SMcG0009457	O
h1SMcG0009458	-
h1SMcG0009459	J
h1SMcG0009460	O
h1SMcG0009461	S
h1SMcG0009462	T
h1SMcG0009463	A
h1SMcG0009464	BD
h1SMcG0009465	T
h1SMcG0009466	I
h1SMcG0009467	-
h1SMcG0009468	-
h1SMcG0009469	-
h1SMcG0009470	L
h1SMcG0009471	O
h1SMcG0009472	T
h1SMcG0009473	T
h1SMcG0009474	F
h1SMcG0009475	E
h1SMcG0009476	T
h1SMcG0009477	T
h1SMcG0009478	-
h1SMcG0009479	C
h1SMcG0009480	E
h1SMcG0009481	P
h1SMcG0009482	P
h1SMcG0009483	P
h1SMcG0009484	O
h1SMcG0009485	T
h1SMcG0009486	O
h1SMcG0009487	-
h1SMcG0009488	UZ
h1SMcG0009489	-
h1SMcG0009490	T
h1SMcG0009491	S
h1SMcG0009492	-
h1SMcG0009493	P
h1SMcG0009494	-
h1SMcG0009495	C
h1SMcG0009496	BDL
h1SMcG0009497	U
h1SMcG0009498	S
h1SMcG0009499	S
h1SMcG0009500	Z
h1SMcG0009501	K
h1SMcG0009502	-
h1SMcG0009503	BK
h1SMcG0009504	F
h1SMcG0009505	-
h1SMcG0009506	F
h1SMcG0009507	-
h1SMcG0009508	-
h1SMcG0009509	T
h1SMcG0009510	TU
h1SMcG0009511	L
h1SMcG0009512	S
h1SMcG0009513	S
h1SMcG0009514	T
h1SMcG0009515	-
h1SMcG0009516	S
h1SMcG0009517	T
h1SMcG0009518	Z
h1SMcG0009519	-
h1SMcG0009520	A
h1SMcG0009521	-
h1SMcG0009522	-
h1SMcG0009523	C
h1SMcG0009524	S
h1SMcG0009525	-
h1SMcG0009526	S
h1SMcG0009527	-
h1SMcG0009528	-
h1SMcG0009529	-
h1SMcG0009530	-
h1SMcG0009531	S
h1SMcG0009532	-
h1SMcG0009533	S
h1SMcG0009534	-
h1SMcG0009535	-
h1SMcG0009536	-
h1SMcG0009537	S
h1SMcG0009538	-
h1SMcG0009539	-
h1SMcG0009540	H
h1SMcG0009541	H
h1SMcG0009542	I
h1SMcG0009543	T
h1SMcG0009544	U
h1SMcG0009545	I
h1SMcG0009546	S
h1SMcG0009547	-
h1SMcG0009548	E
h1SMcG0009549	-
h1SMcG0009550	-
h1SMcG0009551	-
h1SMcG0009552	T
h1SMcG0009553	-
h1SMcG0009554	-
h1SMcG0009555	-
h1SMcG0009556	-
h1SMcG0009557	-
h1SMcG0009558	S
h1SMcG0009559	C
h1SMcG0009560	-
h1SMcG0009561	K
h1SMcG0009562	BK
h1SMcG0009563	Z
h1SMcG0009564	-
h1SMcG0009565	-
h1SMcG0009566	K
h1SMcG0009567	S
h1SMcG0009568	-
h1SMcG0009569	-
h1SMcG0009570	-
h1SMcG0009571	S
h1SMcG0009572	O
h1SMcG0009573	-
h1SMcG0009574	O
h1SMcG0009575	-
h1SMcG0009576	-
h1SMcG0009577	-
h1SMcG0009578	L
h1SMcG0009579	-
h1SMcG0009580	-
h1SMcG0009581	S
h1SMcG0009582	S
h1SMcG0009583	-
h1SMcG0009584	DO
h1SMcG0009585	DO
h1SMcG0009586	S
h1SMcG0009587	O
h1SMcG0009588	-
h1SMcG0009589	T
h1SMcG0009590	J
h1SMcG0009591	T
h1SMcG0009592	S
h1SMcG0009593	-
h1SMcG0009594	TZ
h1SMcG0009595	S
h1SMcG0009596	U
h1SMcG0009597	OT
h1SMcG0009598	O
h1SMcG0009599	S
h1SMcG0009600	-
h1SMcG0009601	-
h1SMcG0009602	-
h1SMcG0009603	O
h1SMcG0009604	O
h1SMcG0009605	O
h1SMcG0009606	-
h1SMcG0009607	BD
h1SMcG0009608	-
h1SMcG0009609	-
h1SMcG0009610	-
h1SMcG0009611	S
h1SMcG0009612	-
h1SMcG0009613	S
h1SMcG0009614	C
h1SMcG0009615	S
h1SMcG0009616	F
h1SMcG0009617	T
h1SMcG0009618	T
h1SMcG0009619	S
h1SMcG0009620	-
h1SMcG0009621	TZ
h1SMcG0009622	S
h1SMcG0009623	S
h1SMcG0009624	H
h1SMcG0009625	S
h1SMcG0009626	J
h1SMcG0009627	-
h1SMcG0009628	-
h1SMcG0009629	-
h1SMcG0009630	S
h1SMcG0009631	J
h1SMcG0009632	Z
h1SMcG0009633	Z
h1SMcG0009634	Q
h1SMcG0009635	K
h1SMcG0009636	L
h1SMcG0009637	-
h1SMcG0009638	S
h1SMcG0009639	T
h1SMcG0009640	-
h1SMcG0009641	-
h1SMcG0009642	T
h1SMcG0009643	T
h1SMcG0009644	S
h1SMcG0009645	T
h1SMcG0009646	P
h1SMcG0009647	C
h1SMcG0009648	C
h1SMcG0009649	C
h1SMcG0009650	-
h1SMcG0009651	O
h1SMcG0009652	-
h1SMcG0009653	-
h1SMcG0009654	C
h1SMcG0009655	I
h1SMcG0009656	E
h1SMcG0009657	S
h1SMcG0009658	E
h1SMcG0009659	-
h1SMcG0009660	S
h1SMcG0009661	T
h1SMcG0009662	S
h1SMcG0009663	-
h1SMcG0009664	-
h1SMcG0009665	G
h1SMcG0009666	G
h1SMcG0009667	G
h1SMcG0009668	G
h1SMcG0009669	E
h1SMcG0009670	O
h1SMcG0009671	G
h1SMcG0009672	-
h1SMcG0009673	O
h1SMcG0009674	-
h1SMcG0009675	Z
h1SMcG0009676	-
h1SMcG0009677	-
h1SMcG0009678	T
h1SMcG0009679	T
h1SMcG0009680	-
h1SMcG0009681	T
h1SMcG0009682	EI
h1SMcG0009683	C
h1SMcG0009684	A
h1SMcG0009685	E
h1SMcG0009686	K
h1SMcG0009687	G
h1SMcG0009688	A
h1SMcG0009689	-
h1SMcG0009690	O
h1SMcG0009691	OU
h1SMcG0009692	-
h1SMcG0009693	-
h1SMcG0009694	-
h1SMcG0009695	E
h1SMcG0009696	-
h1SMcG0009697	A
h1SMcG0009698	Z
h1SMcG0009699	A
h1SMcG0009700	-
h1SMcG0009701	O
h1SMcG0009702	A
h1SMcG0009703	-
h1SMcG0009704	P
h1SMcG0009705	P
h1SMcG0009706	-
h1SMcG0009707	-
h1SMcG0009708	-
h1SMcG0009709	-
h1SMcG0009710	-
h1SMcG0009711	T
h1SMcG0009712	G
h1SMcG0009713	-
h1SMcG0009714	-
h1SMcG0009715	O
h1SMcG0009716	-
h1SMcG0009717	K
h1SMcG0009718	S
h1SMcG0009719	-
h1SMcG0009720	T
h1SMcG0009721	E
h1SMcG0009722	A
h1SMcG0009723	BD
h1SMcG0009724	KL
h1SMcG0009725	-
h1SMcG0009726	G
h1SMcG0009727	A
h1SMcG0009728	I
h1SMcG0009729	-
h1SMcG0009730	-
h1SMcG0009731	O
h1SMcG0009732	-
h1SMcG0009733	-
h1SMcG0009734	T
h1SMcG0009735	S
h1SMcG0009736	K
h1SMcG0009737	P
h1SMcG0009738	-
h1SMcG0009739	S
h1SMcG0009740	U
h1SMcG0009741	BK
h1SMcG0009742	O
h1SMcG0009743	K
h1SMcG0009744	K
h1SMcG0009745	S
h1SMcG0009746	L
h1SMcG0009747	L
h1SMcG0009748	O
h1SMcG0009749	S
h1SMcG0009750	T
h1SMcG0009751	-
h1SMcG0009752	-
h1SMcG0009753	S
h1SMcG0009754	-
h1SMcG0009755	-
h1SMcG0009756	-
h1SMcG0009757	J
h1SMcG0009758	-
h1SMcG0009759	J
h1SMcG0009760	-
h1SMcG0009761	-
h1SMcG0009762	L
h1SMcG0009763	K
h1SMcG0009764	O
h1SMcG0009765	S
h1SMcG0009766	T
h1SMcG0009767	-
h1SMcG0009768	-
h1SMcG0009769	E
h1SMcG0009770	-
h1SMcG0009771	T
h1SMcG0009772	MOT
h1SMcG0009773	S
h1SMcG0009774	L
h1SMcG0009775	-
h1SMcG0009776	T
h1SMcG0009777	-
h1SMcG0009778	KLT
h1SMcG0009779	-
h1SMcG0009780	L
h1SMcG0009781	E
h1SMcG0009782	P
h1SMcG0009783	T
h1SMcG0009784	G
h1SMcG0009785	Z
h1SMcG0009786	L
h1SMcG0009787	-
h1SMcG0009788	S
h1SMcG0009789	O
h1SMcG0009790	A
h1SMcG0009791	-
h1SMcG0009792	O
h1SMcG0009793	-
h1SMcG0009794	C
h1SMcG0009795	-
h1SMcG0009796	PT
h1SMcG0009797	S
h1SMcG0009798	J
h1SMcG0009799	O
h1SMcG0009800	T
h1SMcG0009801	K
h1SMcG0009802	-
h1SMcG0009803	O
h1SMcG0009804	-
h1SMcG0009805	T
h1SMcG0009806	S
h1SMcG0009807	S
h1SMcG0009808	S
h1SMcG0009809	S
h1SMcG0009810	E
h1SMcG0009811	S
h1SMcG0009812	C
h1SMcG0009813	T
h1SMcG0009814	P
h1SMcG0009815	L
h1SMcG0009816	-
h1SMcG0009817	T
h1SMcG0009818	T
h1SMcG0009819	A
h1SMcG0009820	-
h1SMcG0009821	A
h1SMcG0009822	D
h1SMcG0009823	-
h1SMcG0009824	-
h1SMcG0009825	-
h1SMcG0009826	P
h1SMcG0009827	-
h1SMcG0009828	A
h1SMcG0009829	J
h1SMcG0009830	-
h1SMcG0009831	S
h1SMcG0009832	J
h1SMcG0009833	-
h1SMcG0009834	-
h1SMcG0009835	K
h1SMcG0009836	S
h1SMcG0009837	DTZ
h1SMcG0009838	TU
h1SMcG0009839	-
h1SMcG0009840	-
h1SMcG0009841	-
h1SMcG0009842	S
h1SMcG0009843	F
h1SMcG0009844	T
h1SMcG0009845	U
h1SMcG0009846	-
h1SMcG0009847	T
h1SMcG0009848	U
h1SMcG0009849	K
h1SMcG0009850	S
h1SMcG0009851	P
h1SMcG0009852	-
h1SMcG0009853	T
h1SMcG0009854	T
h1SMcG0009855	T
h1SMcG0009856	T
h1SMcG0009857	Z
h1SMcG0009858	O
h1SMcG0009859	P
h1SMcG0009860	S
h1SMcG0009861	U
h1SMcG0009862	S
h1SMcG0009863	S
h1SMcG0009864	PT
h1SMcG0009865	BK
h1SMcG0009866	S
h1SMcG0009867	K
h1SMcG0009868	I
h1SMcG0009869	S
h1SMcG0009870	E
h1SMcG0009871	T
h1SMcG0009872	-
h1SMcG0009873	Z
h1SMcG0009874	J
h1SMcG0009875	S
h1SMcG0009876	V
h1SMcG0009877	O
h1SMcG0009878	-
h1SMcG0009879	S
h1SMcG0009880	S
h1SMcG0009881	O
h1SMcG0009882	-
h1SMcG0009883	K
h1SMcG0009884	K
h1SMcG0009885	-
h1SMcG0009886	-
h1SMcG0009887	S
h1SMcG0009888	-
h1SMcG0009889	B
h1SMcG0009890	Z
h1SMcG0009891	Z
h1SMcG0009892	F
h1SMcG0009893	S
h1SMcG0009894	K
h1SMcG0009895	K
h1SMcG0009896	-
h1SMcG0009897	I
h1SMcG0009898	O
h1SMcG0009899	S
h1SMcG0009900	-
h1SMcG0009901	-
h1SMcG0009902	-
h1SMcG0009903	S
h1SMcG0009904	-
h1SMcG0009905	O
h1SMcG0009906	-
h1SMcG0009907	O
h1SMcG0009908	S
h1SMcG0009909	S
h1SMcG0009910	-
h1SMcG0009911	T
h1SMcG0009912	-
h1SMcG0009913	-
h1SMcG0009914	C
h1SMcG0009915	-
h1SMcG0009916	-
h1SMcG0009917	K
h1SMcG0009918	-
h1SMcG0009919	T
h1SMcG0009920	A
h1SMcG0009921	-
h1SMcG0009922	E
h1SMcG0009923	O
h1SMcG0009924	-
h1SMcG0009925	Q
h1SMcG0009926	-
h1SMcG0009927	U
h1SMcG0009928	-
h1SMcG0009929	S
h1SMcG0009930	O
h1SMcG0009931	S
h1SMcG0009932	E
h1SMcG0009933	C
h1SMcG0009934	S
h1SMcG0009935	-
h1SMcG0009936	O
h1SMcG0009937	-
h1SMcG0009938	-
h1SMcG0009939	Z
h1SMcG0009940	L
h1SMcG0009941	-
h1SMcG0009942	DTZ
h1SMcG0009943	E
h1SMcG0009944	E
h1SMcG0009945	E
h1SMcG0009946	E
h1SMcG0009947	S
h1SMcG0009948	Z
h1SMcG0009949	F
h1SMcG0009950	F
h1SMcG0009951	L
h1SMcG0009952	-
h1SMcG0009953	-
h1SMcG0009954	O
h1SMcG0009955	-
h1SMcG0009956	UZ
h1SMcG0009957	S
h1SMcG0009958	U
h1SMcG0009959	-
h1SMcG0009960	U
h1SMcG0009961	-
h1SMcG0009962	-
h1SMcG0009963	K
h1SMcG0009964	-
h1SMcG0009965	-
h1SMcG0009966	C
h1SMcG0009967	T
h1SMcG0009968	-
h1SMcG0009969	IT
h1SMcG0009970	-
h1SMcG0009971	TZ
h1SMcG0009972	-
h1SMcG0009973	-
h1SMcG0009974	-
h1SMcG0009975	L
h1SMcG0009976	-
h1SMcG0009977	J
h1SMcG0009978	O
h1SMcG0009979	PT
h1SMcG0009980	S
h1SMcG0009981	S
h1SMcG0009982	DT
h1SMcG0009983	O
h1SMcG0009984	S
h1SMcG0009985	-
h1SMcG0009986	-
h1SMcG0009987	-
h1SMcG0009988	-
h1SMcG0009989	-
h1SMcG0009990	E
h1SMcG0009991	-
h1SMcG0009992	O
h1SMcG0009993	-
h1SMcG0009994	J
h1SMcG0009995	E
h1SMcG0009996	L
h1SMcG0009997	-
h1SMcG0009998	-
h1SMcG0009999	U
h1SMcG0010000	U
h1SMcG0010001	-
h1SMcG0010002	K
h1SMcG0010003	-
h1SMcG0010004	S
h1SMcG0010005	O
h1SMcG0010006	-
h1SMcG0010007	M
h1SMcG0010008	F
h1SMcG0010009	-
h1SMcG0010010	T
h1SMcG0010011	-
h1SMcG0010012	-
h1SMcG0010013	S
h1SMcG0010014	-
h1SMcG0010015	A
h1SMcG0010016	L
h1SMcG0010017	-
h1SMcG0010018	-
h1SMcG0010019	-
h1SMcG0010020	K
h1SMcG0010021	-
h1SMcG0010022	TU
h1SMcG0010023	O
h1SMcG0010024	T
h1SMcG0010025	P
h1SMcG0010026	-
h1SMcG0010027	-
h1SMcG0010028	O
h1SMcG0010029	U
h1SMcG0010030	U
h1SMcG0010031	-
h1SMcG0010032	S
h1SMcG0010033	-
h1SMcG0010034	T
h1SMcG0010035	T
h1SMcG0010036	-
h1SMcG0010037	T
h1SMcG0010038	T
h1SMcG0010039	-
h1SMcG0010040	U
h1SMcG0010041	A
h1SMcG0010042	DUZ
h1SMcG0010043	T
h1SMcG0010044	-
h1SMcG0010045	S
h1SMcG0010046	T
h1SMcG0010047	S
h1SMcG0010048	L
h1SMcG0010049	S
h1SMcG0010050	S
h1SMcG0010051	T
h1SMcG0010052	T
h1SMcG0010053	T
h1SMcG0010054	-
h1SMcG0010055	-
h1SMcG0010056	S
h1SMcG0010057	PT
h1SMcG0010058	G
h1SMcG0010059	-
h1SMcG0010060	L
h1SMcG0010061	E
h1SMcG0010062	M
h1SMcG0010063	-
h1SMcG0010064	-
h1SMcG0010065	-
h1SMcG0010066	-
h1SMcG0010067	O
h1SMcG0010068	-
h1SMcG0010069	-
h1SMcG0010070	-
h1SMcG0010071	T
h1SMcG0010072	A
h1SMcG0010073	S
h1SMcG0010074	-
h1SMcG0010075	I
h1SMcG0010076	K
h1SMcG0010077	T
h1SMcG0010078	S
h1SMcG0010079	S
h1SMcG0010080	-
h1SMcG0010081	O
h1SMcG0010082	L
h1SMcG0010083	-
h1SMcG0010084	S
h1SMcG0010085	J
h1SMcG0010086	-
h1SMcG0010087	H
h1SMcG0010088	P
h1SMcG0010089	-
h1SMcG0010090	G
h1SMcG0010091	P
h1SMcG0010092	P
h1SMcG0010093	P
h1SMcG0010094	E
h1SMcG0010095	P
h1SMcG0010096	-
h1SMcG0010097	-
h1SMcG0010098	K
h1SMcG0010099	O
h1SMcG0010100	S
h1SMcG0010101	-
h1SMcG0010102	L
h1SMcG0010103	P
h1SMcG0010104	P
h1SMcG0010105	-
h1SMcG0010106	-
h1SMcG0010107	-
h1SMcG0010108	-
h1SMcG0010109	-
h1SMcG0010110	PT
h1SMcG0010111	PT
h1SMcG0010112	PT
h1SMcG0010113	S
h1SMcG0010114	-
h1SMcG0010115	S
h1SMcG0010116	EPT
h1SMcG0010117	L
h1SMcG0010118	ET
h1SMcG0010119	T
h1SMcG0010120	A
h1SMcG0010121	-
h1SMcG0010122	K
h1SMcG0010123	T
h1SMcG0010124	L
h1SMcG0010125	I
h1SMcG0010126	-
h1SMcG0010127	C
h1SMcG0010128	-
h1SMcG0010129	S
h1SMcG0010130	-
h1SMcG0010131	O
h1SMcG0010132	S
h1SMcG0010133	S
h1SMcG0010134	-
h1SMcG0010135	L
h1SMcG0010136	S
h1SMcG0010137	G
h1SMcG0010138	O
h1SMcG0010139	-
h1SMcG0010140	S
h1SMcG0010141	-
h1SMcG0010142	O
h1SMcG0010143	-
h1SMcG0010144	A
h1SMcG0010145	DZ
h1SMcG0010146	D
h1SMcG0010147	-
h1SMcG0010148	-
h1SMcG0010149	O
h1SMcG0010150	BD
h1SMcG0010151	-
h1SMcG0010152	S
h1SMcG0010153	-
h1SMcG0010154	-
h1SMcG0010155	T
h1SMcG0010156	O
h1SMcG0010157	TU
h1SMcG0010158	-
h1SMcG0010159	O
h1SMcG0010160	-
h1SMcG0010161	-
h1SMcG0010162	-
h1SMcG0010163	Z
h1SMcG0010164	S
h1SMcG0010165	-
h1SMcG0010166	-
h1SMcG0010167	O
h1SMcG0010168	-
h1SMcG0010169	-
h1SMcG0010170	-
h1SMcG0010171	-
h1SMcG0010172	P
h1SMcG0010173	P
h1SMcG0010174	P
h1SMcG0010175	T
h1SMcG0010176	K
h1SMcG0010177	T
h1SMcG0010178	S
h1SMcG0010179	-
h1SMcG0010180	-
h1SMcG0010181	-
h1SMcG0010182	-
h1SMcG0010183	-
h1SMcG0010184	G
h1SMcG0010185	E
h1SMcG0010186	G
h1SMcG0010187	-
h1SMcG0010188	-
h1SMcG0010189	E
h1SMcG0010190	K
h1SMcG0010191	S
h1SMcG0010192	U
h1SMcG0010193	-
h1SMcG0010194	T
h1SMcG0010195	-
h1SMcG0010196	K
h1SMcG0010197	L
h1SMcG0010198	Q
h1SMcG0010199	K
h1SMcG0010200	T
h1SMcG0010201	-
h1SMcG0010202	GM
h1SMcG0010203	-
h1SMcG0010204	-
h1SMcG0010205	L
h1SMcG0010206	-
h1SMcG0010207	O
h1SMcG0010208	L
h1SMcG0010209	S
h1SMcG0010210	-
h1SMcG0010211	T
h1SMcG0010212	U
h1SMcG0010213	-
h1SMcG0010214	-
h1SMcG0010215	O
h1SMcG0010216	S
h1SMcG0010217	EO
h1SMcG0010218	O
h1SMcG0010219	F
h1SMcG0010220	K
h1SMcG0010221	-
h1SMcG0010222	S
h1SMcG0010223	D
h1SMcG0010224	-
h1SMcG0010225	U
h1SMcG0010226	C
h1SMcG0010227	BD
h1SMcG0010228	Q
h1SMcG0010229	Q
h1SMcG0010230	-
h1SMcG0010231	-
h1SMcG0010232	-
h1SMcG0010233	-
h1SMcG0010234	-
h1SMcG0010235	-
h1SMcG0010236	-
h1SMcG0010237	-
h1SMcG0010238	T
h1SMcG0010239	S
h1SMcG0010240	O
h1SMcG0010241	S
h1SMcG0010242	S
h1SMcG0010243	-
h1SMcG0010244	-
h1SMcG0010245	A
h1SMcG0010246	-
h1SMcG0010247	Z
h1SMcG0010248	S
h1SMcG0010249	E
h1SMcG0010250	-
h1SMcG0010251	K
h1SMcG0010252	-
h1SMcG0010253	C
h1SMcG0010254	T
h1SMcG0010255	-
h1SMcG0010256	E
h1SMcG0010257	DTZ
h1SMcG0010258	D
h1SMcG0010259	-
h1SMcG0010260	-
h1SMcG0010261	S
h1SMcG0010262	-
h1SMcG0010263	U
h1SMcG0010264	CH
h1SMcG0010265	BK
h1SMcG0010266	-
h1SMcG0010267	-
h1SMcG0010268	-
h1SMcG0010269	-
h1SMcG0010270	T
h1SMcG0010271	T
h1SMcG0010272	-
h1SMcG0010273	K
h1SMcG0010274	-
h1SMcG0010275	-
h1SMcG0010276	-
h1SMcG0010277	S
h1SMcG0010278	-
h1SMcG0010279	O
h1SMcG0010280	S
h1SMcG0010281	H
h1SMcG0010282	-
h1SMcG0010283	U
h1SMcG0010284	-
h1SMcG0010285	-
h1SMcG0010286	-
h1SMcG0010287	Z
h1SMcG0010288	S
h1SMcG0010289	I
h1SMcG0010290	K
h1SMcG0010291	-
h1SMcG0010292	S
h1SMcG0010293	S
h1SMcG0010294	-
h1SMcG0010295	S
h1SMcG0010296	I
h1SMcG0010297	S
h1SMcG0010298	-
h1SMcG0010299	S
h1SMcG0010300	S
h1SMcG0010301	O
h1SMcG0010302	O
h1SMcG0010303	-
h1SMcG0010304	I
h1SMcG0010305	Z
h1SMcG0010306	-
h1SMcG0010307	-
h1SMcG0010308	-
h1SMcG0010309	A
h1SMcG0010310	S
h1SMcG0010311	DK
h1SMcG0010312	K
h1SMcG0010313	O
h1SMcG0010314	S
h1SMcG0010315	G
h1SMcG0010316	O
h1SMcG0010317	O
h1SMcG0010318	F
h1SMcG0010319	PT
h1SMcG0010320	U
h1SMcG0010321	H
h1SMcG0010322	-
h1SMcG0010323	-
h1SMcG0010324	P
h1SMcG0010325	T
h1SMcG0010326	T
h1SMcG0010327	-
h1SMcG0010328	T
h1SMcG0010329	T
h1SMcG0010330	S
h1SMcG0010331	T
h1SMcG0010332	L
h1SMcG0010333	-
h1SMcG0010334	-
h1SMcG0010335	-
h1SMcG0010336	-
h1SMcG0010337	J
h1SMcG0010338	S
h1SMcG0010339	O
h1SMcG0010340	-
h1SMcG0010341	M
h1SMcG0010342	U
h1SMcG0010343	-
h1SMcG0010344	-
h1SMcG0010345	V
h1SMcG0010346	J
h1SMcG0010347	-
h1SMcG0010348	T
h1SMcG0010349	-
h1SMcG0010350	C
h1SMcG0010351	-
h1SMcG0010352	M
h1SMcG0010353	-
h1SMcG0010354	-
h1SMcG0010355	S
h1SMcG0010356	Z
h1SMcG0010357	S
h1SMcG0010358	J
h1SMcG0010359	-
h1SMcG0010360	Q
h1SMcG0010361	E
h1SMcG0010362	-
h1SMcG0010363	K
h1SMcG0010364	O
h1SMcG0010365	-
h1SMcG0010366	K
h1SMcG0010367	K
h1SMcG0010368	T
h1SMcG0010369	-
h1SMcG0010370	-
h1SMcG0010371	-
h1SMcG0010372	T
h1SMcG0010373	T
h1SMcG0010374	T
h1SMcG0010375	B
h1SMcG0010376	T
h1SMcG0010377	A
h1SMcG0010378	-
h1SMcG0010379	-
h1SMcG0010380	-
h1SMcG0010381	T
h1SMcG0010382	O
h1SMcG0010383	-
h1SMcG0010384	O
h1SMcG0010385	-
h1SMcG0010386	-
h1SMcG0010387	-
h1SMcG0010388	S
h1SMcG0010389	PT
h1SMcG0010390	-
h1SMcG0010391	BD
h1SMcG0010392	PT
h1SMcG0010393	-
h1SMcG0010394	-
h1SMcG0010395	-
h1SMcG0010396	-
h1SMcG0010397	-
h1SMcG0010398	S
h1SMcG0010399	O
h1SMcG0010400	O
h1SMcG0010401	E
h1SMcG0010402	E
h1SMcG0010403	E
h1SMcG0010404	E
h1SMcG0010405	S
h1SMcG0010406	S
h1SMcG0010407	-
h1SMcG0010408	-
h1SMcG0010409	-
h1SMcG0010410	-
h1SMcG0010411	K
h1SMcG0010412	V
h1SMcG0010413	S
h1SMcG0010414	-
h1SMcG0010415	-
h1SMcG0010416	O
h1SMcG0010417	-
h1SMcG0010418	O
h1SMcG0010419	-
h1SMcG0010420	T
h1SMcG0010421	O
h1SMcG0010422	Z
h1SMcG0010423	Z
h1SMcG0010424	-
h1SMcG0010425	-
h1SMcG0010426	C
h1SMcG0010427	-
h1SMcG0010428	T
h1SMcG0010429	S
h1SMcG0010430	O
h1SMcG0010431	-
h1SMcG0010432	S
h1SMcG0010433	K
h1SMcG0010434	T
h1SMcG0010435	G
h1SMcG0010436	-
h1SMcG0010437	-
h1SMcG0010438	P
h1SMcG0010439	-
h1SMcG0010440	-
h1SMcG0010441	O
h1SMcG0010442	Z
h1SMcG0010443	T
h1SMcG0010444	-
h1SMcG0010445	-
h1SMcG0010446	-
h1SMcG0010447	-
h1SMcG0010448	D
h1SMcG0010449	-
h1SMcG0010450	T
h1SMcG0010451	D
h1SMcG0010452	-
h1SMcG0010453	-
h1SMcG0010454	-
h1SMcG0010455	J
h1SMcG0010456	-
h1SMcG0010457	-
h1SMcG0010458	L
h1SMcG0010459	-
h1SMcG0010460	-
h1SMcG0010461	S
h1SMcG0010462	-
h1SMcG0010463	-
h1SMcG0010464	-
h1SMcG0010465	T
h1SMcG0010466	T
h1SMcG0010467	-
h1SMcG0010468	U
h1SMcG0010469	S
h1SMcG0010470	K
h1SMcG0010471	O
h1SMcG0010472	T
h1SMcG0010473	F
h1SMcG0010474	T
h1SMcG0010475	-
h1SMcG0010476	B
h1SMcG0010477	C
h1SMcG0010478	-
h1SMcG0010479	S
h1SMcG0010480	S
h1SMcG0010481	D
h1SMcG0010482	U
h1SMcG0010483	S
h1SMcG0010484	S
h1SMcG0010485	-
h1SMcG0010486	-
h1SMcG0010487	-
h1SMcG0010488	S
h1SMcG0010489	S
h1SMcG0010490	S
h1SMcG0010491	-
h1SMcG0010492	T
h1SMcG0010493	S
h1SMcG0010494	J
h1SMcG0010495	T
h1SMcG0010496	CE
h1SMcG0010497	S
h1SMcG0010498	S
h1SMcG0010499	K
h1SMcG0010500	S
h1SMcG0010501	S
h1SMcG0010502	TU
h1SMcG0010503	-
h1SMcG0010504	-
h1SMcG0010505	-
h1SMcG0010506	T
h1SMcG0010507	-
h1SMcG0010508	-
h1SMcG0010509	S
h1SMcG0010510	-
h1SMcG0010511	-
h1SMcG0010512	C
h1SMcG0010513	T
h1SMcG0010514	B
h1SMcG0010515	Z
h1SMcG0010516	S
h1SMcG0010517	P
h1SMcG0010518	I
h1SMcG0010519	-
h1SMcG0010520	MOT
h1SMcG0010521	S
h1SMcG0010522	E
h1SMcG0010523	-
h1SMcG0010524	D
h1SMcG0010525	C
h1SMcG0010526	L
h1SMcG0010527	O
h1SMcG0010528	T
h1SMcG0010529	GOT
h1SMcG0010530	S
h1SMcG0010531	A
h1SMcG0010532	S
h1SMcG0010533	S
h1SMcG0010534	H
h1SMcG0010535	L
h1SMcG0010536	S
h1SMcG0010537	J
h1SMcG0010538	-
h1SMcG0010539	T
h1SMcG0010540	K
h1SMcG0010541	-
h1SMcG0010542	BD
h1SMcG0010543	P
h1SMcG0010544	Z
h1SMcG0010545	U
h1SMcG0010546	C
h1SMcG0010547	A
h1SMcG0010548	O
h1SMcG0010549	-
h1SMcG0010550	-
h1SMcG0010551	J
h1SMcG0010552	C
h1SMcG0010553	S
h1SMcG0010554	-
h1SMcG0010555	S
h1SMcG0010556	K
h1SMcG0010557	Q
h1SMcG0010558	S
h1SMcG0010559	G
h1SMcG0010560	DKLT
h1SMcG0010561	-
h1SMcG0010562	BD
h1SMcG0010563	T
h1SMcG0010564	L
h1SMcG0010565	E
h1SMcG0010566	-
h1SMcG0010567	J
h1SMcG0010568	-
h1SMcG0010569	-
h1SMcG0010570	F
h1SMcG0010571	O
h1SMcG0010572	-
h1SMcG0010573	C
h1SMcG0010574	E
h1SMcG0010575	-
h1SMcG0010576	-
h1SMcG0010577	Z
h1SMcG0010578	T
h1SMcG0010579	-
h1SMcG0010580	OU
h1SMcG0010581	-
h1SMcG0010582	J
h1SMcG0010583	-
h1SMcG0010584	D
h1SMcG0010585	L
h1SMcG0010586	S
h1SMcG0010587	L
h1SMcG0010588	J
h1SMcG0010589	-
h1SMcG0010590	-
h1SMcG0010591	-
h1SMcG0010592	K
h1SMcG0010593	P
h1SMcG0010594	-
h1SMcG0010595	-
h1SMcG0010596	Q
h1SMcG0010597	W
h1SMcG0010598	EPT
h1SMcG0010599	TZ
h1SMcG0010600	O
h1SMcG0010601	S
h1SMcG0010602	-
h1SMcG0010603	K
h1SMcG0010604	-
h1SMcG0010605	-
h1SMcG0010606	-
h1SMcG0010607	-
h1SMcG0010608	L
h1SMcG0010609	K
h1SMcG0010610	-
h1SMcG0010611	-
h1SMcG0010612	-
h1SMcG0010613	Z
h1SMcG0010614	T
h1SMcG0010615	S
h1SMcG0010616	T
h1SMcG0010617	E
h1SMcG0010618	-
h1SMcG0010619	U
h1SMcG0010620	T
h1SMcG0010621	L
h1SMcG0010622	S
h1SMcG0010623	K
h1SMcG0010624	Q
h1SMcG0010625	S
h1SMcG0010626	T
h1SMcG0010627	T
h1SMcG0010628	T
h1SMcG0010629	U
h1SMcG0010630	S
h1SMcG0010631	T
h1SMcG0010632	T
h1SMcG0010633	S
h1SMcG0010634	-
h1SMcG0010635	S
h1SMcG0010636	O
h1SMcG0010637	D
h1SMcG0010638	D
h1SMcG0010639	T
h1SMcG0010640	-
h1SMcG0010641	-
h1SMcG0010642	-
h1SMcG0010643	T
h1SMcG0010644	T
h1SMcG0010645	-
h1SMcG0010646	O
h1SMcG0010647	-
h1SMcG0010648	-
h1SMcG0010649	-
h1SMcG0010650	S
h1SMcG0010651	O
h1SMcG0010652	O
h1SMcG0010653	O
h1SMcG0010654	-
h1SMcG0010655	-
h1SMcG0010656	S
h1SMcG0010657	-
h1SMcG0010658	J
h1SMcG0010659	Q
h1SMcG0010660	E
h1SMcG0010661	M
h1SMcG0010662	-
h1SMcG0010663	S
h1SMcG0010664	-
h1SMcG0010665	K
h1SMcG0010666	-
h1SMcG0010667	T
h1SMcG0010668	T
h1SMcG0010669	T
h1SMcG0010670	T
h1SMcG0010671	-
h1SMcG0010672	-
h1SMcG0010673	S
h1SMcG0010674	E
h1SMcG0010675	Z
h1SMcG0010676	-
h1SMcG0010677	-
h1SMcG0010678	Z
h1SMcG0010679	-
h1SMcG0010680	-
h1SMcG0010681	-
h1SMcG0010682	Q
h1SMcG0010683	Q
h1SMcG0010684	Q
h1SMcG0010685	Z
h1SMcG0010686	-
h1SMcG0010687	S
h1SMcG0010688	-
h1SMcG0010689	J
h1SMcG0010690	K
h1SMcG0010691	P
h1SMcG0010692	-
h1SMcG0010693	-
h1SMcG0010694	J
h1SMcG0010695	-
h1SMcG0010696	S
h1SMcG0010697	L
h1SMcG0010698	O
h1SMcG0010699	T
h1SMcG0010700	TU
h1SMcG0010701	J
h1SMcG0010702	-
h1SMcG0010703	-
h1SMcG0010704	-
h1SMcG0010705	O
h1SMcG0010706	-
h1SMcG0010707	K
h1SMcG0010708	L
h1SMcG0010709	-
h1SMcG0010710	A
h1SMcG0010711	K
h1SMcG0010712	-
h1SMcG0010713	-
h1SMcG0010714	O
h1SMcG0010715	S
h1SMcG0010716	-
h1SMcG0010717	PT
h1SMcG0010718	W
h1SMcG0010719	S
h1SMcG0010720	T
h1SMcG0010721	Q
h1SMcG0010722	-
h1SMcG0010723	G
h1SMcG0010724	G
h1SMcG0010725	S
h1SMcG0010726	T
h1SMcG0010727	G
h1SMcG0010728	T
h1SMcG0010729	S
h1SMcG0010730	K
h1SMcG0010731	-
h1SMcG0010732	T
h1SMcG0010733	-
h1SMcG0010734	S
h1SMcG0010735	S
h1SMcG0010736	S
h1SMcG0010737	-
h1SMcG0010738	-
h1SMcG0010739	U
h1SMcG0010740	-
h1SMcG0010741	G
h1SMcG0010742	O
h1SMcG0010743	O
h1SMcG0010744	O
h1SMcG0010745	O
h1SMcG0010746	-
h1SMcG0010747	O
h1SMcG0010748	-
h1SMcG0010749	O
h1SMcG0010750	O
h1SMcG0010751	O
h1SMcG0010752	O
h1SMcG0010753	T
h1SMcG0010754	T
h1SMcG0010755	-
h1SMcG0010756	TZ
h1SMcG0010757	-
h1SMcG0010758	S
h1SMcG0010759	-
h1SMcG0010760	TU
h1SMcG0010761	-
h1SMcG0010762	-
h1SMcG0010763	S
h1SMcG0010764	O
h1SMcG0010765	O
h1SMcG0010766	O
h1SMcG0010767	Z
h1SMcG0010768	P
h1SMcG0010769	P
h1SMcG0010770	P
h1SMcG0010771	S
h1SMcG0010772	J
h1SMcG0010773	K
h1SMcG0010774	T
h1SMcG0010775	S
h1SMcG0010776	T
h1SMcG0010777	A
h1SMcG0010778	P
h1SMcG0010779	-
h1SMcG0010780	-
h1SMcG0010781	K
h1SMcG0010782	T
h1SMcG0010783	T
h1SMcG0010784	O
h1SMcG0010785	S
h1SMcG0010786	-
h1SMcG0010787	-
h1SMcG0010788	S
h1SMcG0010789	K
h1SMcG0010790	DT
h1SMcG0010791	O
h1SMcG0010792	N
h1SMcG0010793	P
h1SMcG0010794	-
h1SMcG0010795	M
h1SMcG0010796	D
h1SMcG0010797	E
h1SMcG0010798	-
h1SMcG0010799	O
h1SMcG0010800	O
h1SMcG0010801	H
h1SMcG0010802	L
h1SMcG0010803	B
h1SMcG0010804	-
h1SMcG0010805	-
h1SMcG0010806	-
h1SMcG0010807	O
h1SMcG0010808	S
h1SMcG0010809	TW
h1SMcG0010810	-
h1SMcG0010811	O
h1SMcG0010812	O
h1SMcG0010813	G
h1SMcG0010814	P
h1SMcG0010815	P
h1SMcG0010816	-
h1SMcG0010817	K
h1SMcG0010818	U
h1SMcG0010819	-
h1SMcG0010820	S
h1SMcG0010821	-
h1SMcG0010822	-
h1SMcG0010823	J
h1SMcG0010824	-
h1SMcG0010825	-
h1SMcG0010826	Q
h1SMcG0010827	-
h1SMcG0010828	-
h1SMcG0010829	-
h1SMcG0010830	-
h1SMcG0010831	-
h1SMcG0010832	T
h1SMcG0010833	-
h1SMcG0010834	DN
h1SMcG0010835	J
h1SMcG0010836	-
h1SMcG0010837	-
h1SMcG0010838	-
h1SMcG0010839	-
h1SMcG0010840	-
h1SMcG0010841	S
h1SMcG0010842	-
h1SMcG0010843	-
h1SMcG0010844	-
h1SMcG0010845	S
h1SMcG0010846	E
h1SMcG0010847	ATY
h1SMcG0010848	-
h1SMcG0010849	T
h1SMcG0010850	S
h1SMcG0010851	C
h1SMcG0010852	S
h1SMcG0010853	-
h1SMcG0010854	C
h1SMcG0010855	V
h1SMcG0010856	-
h1SMcG0010857	-
h1SMcG0010858	-
h1SMcG0010859	-
h1SMcG0010860	K
h1SMcG0010861	S
h1SMcG0010862	OT
h1SMcG0010863	T
h1SMcG0010864	E
h1SMcG0010865	O
h1SMcG0010866	L
h1SMcG0010867	-
h1SMcG0010868	-
h1SMcG0010869	P
h1SMcG0010870	S
h1SMcG0010871	A
h1SMcG0010872	K
h1SMcG0010873	S
h1SMcG0010874	T
h1SMcG0010875	S
h1SMcG0010876	T
h1SMcG0010877	G
h1SMcG0010878	T
h1SMcG0010879	F
h1SMcG0010880	J
h1SMcG0010881	A
h1SMcG0010882	-
h1SMcG0010883	-
h1SMcG0010884	-
h1SMcG0010885	-
h1SMcG0010886	U
h1SMcG0010887	-
h1SMcG0010888	U
h1SMcG0010889	T
h1SMcG0010890	S
h1SMcG0010891	S
h1SMcG0010892	T
h1SMcG0010893	BD
h1SMcG0010894	S
h1SMcG0010895	T
h1SMcG0010896	-
h1SMcG0010897	M
h1SMcG0010898	Z
h1SMcG0010899	L
h1SMcG0010900	-
h1SMcG0010901	E
h1SMcG0010902	E
h1SMcG0010903	-
h1SMcG0010904	-
h1SMcG0010905	-
h1SMcG0010906	S
h1SMcG0010907	G
h1SMcG0010908	-
h1SMcG0010909	S
h1SMcG0010910	L
h1SMcG0010911	E
h1SMcG0010912	P
h1SMcG0010913	O
h1SMcG0010914	B
h1SMcG0010915	E
h1SMcG0010916	J
h1SMcG0010917	A
h1SMcG0010918	O
h1SMcG0010919	-
h1SMcG0010920	-
h1SMcG0010921	-
h1SMcG0010922	A
h1SMcG0010923	Z
h1SMcG0010924	T
h1SMcG0010925	-
h1SMcG0010926	P
h1SMcG0010927	P
h1SMcG0010928	G
h1SMcG0010929	K
h1SMcG0010930	-
h1SMcG0010931	-
h1SMcG0010932	-
h1SMcG0010933	-
h1SMcG0010934	-
h1SMcG0010935	-
h1SMcG0010936	TZ
h1SMcG0010937	-
h1SMcG0010938	BD
h1SMcG0010939	J
h1SMcG0010940	T
h1SMcG0010941	K
h1SMcG0010942	-
h1SMcG0010943	-
h1SMcG0010944	S
h1SMcG0010945	L
h1SMcG0010946	-
h1SMcG0010947	-
h1SMcG0010948	K
h1SMcG0010949	-
h1SMcG0010950	-
h1SMcG0010951	-
h1SMcG0010952	-
h1SMcG0010953	P
h1SMcG0010954	Z
h1SMcG0010955	O
h1SMcG0010956	K
h1SMcG0010957	U
h1SMcG0010958	-
h1SMcG0010959	S
h1SMcG0010960	BD
h1SMcG0010961	T
h1SMcG0010962	-
h1SMcG0010963	E
h1SMcG0010964	T
h1SMcG0010965	J
h1SMcG0010966	-
h1SMcG0010967	-
h1SMcG0010968	-
h1SMcG0010969	-
h1SMcG0010970	-
h1SMcG0010971	-
h1SMcG0010972	-
h1SMcG0010973	E
h1SMcG0010974	O
h1SMcG0010975	J
h1SMcG0010976	T
h1SMcG0010977	-
h1SMcG0010978	-
h1SMcG0010979	T
h1SMcG0010980	I
h1SMcG0010981	Z
h1SMcG0010982	I
h1SMcG0010983	T
h1SMcG0010984	T
h1SMcG0010985	I
h1SMcG0010986	S
h1SMcG0010987	O
h1SMcG0010988	P
h1SMcG0010989	C
h1SMcG0010990	K
h1SMcG0010991	T
h1SMcG0010992	C
h1SMcG0010993	E
h1SMcG0010994	E
h1SMcG0010995	T
h1SMcG0010996	-
h1SMcG0010997	-
h1SMcG0010998	L
h1SMcG0010999	C
h1SMcG0011000	-
h1SMcG0011001	J
h1SMcG0011002	OT
h1SMcG0011003	O
h1SMcG0011004	-
h1SMcG0011005	S
h1SMcG0011006	E
h1SMcG0011007	S
h1SMcG0011008	-
h1SMcG0011009	-
h1SMcG0011010	Z
h1SMcG0011011	P
h1SMcG0011012	-
h1SMcG0011013	-
h1SMcG0011014	T
h1SMcG0011015	C
h1SMcG0011016	K
h1SMcG0011017	W
h1SMcG0011018	-
h1SMcG0011019	-
h1SMcG0011020	-
h1SMcG0011021	S
h1SMcG0011022	Z
h1SMcG0011023	DUZ
h1SMcG0011024	Z
h1SMcG0011025	S
h1SMcG0011026	O
h1SMcG0011027	J
h1SMcG0011028	T
h1SMcG0011029	S
h1SMcG0011030	T
h1SMcG0011031	A
h1SMcG0011032	J
h1SMcG0011033	J
h1SMcG0011034	T
h1SMcG0011035	L
h1SMcG0011036	T
h1SMcG0011037	G
h1SMcG0011038	-
h1SMcG0011039	O
h1SMcG0011040	A
h1SMcG0011041	-
h1SMcG0011042	-
h1SMcG0011043	S
h1SMcG0011044	-
h1SMcG0011045	S
h1SMcG0011046	T
h1SMcG0011047	O
h1SMcG0011048	-
h1SMcG0011049	T
h1SMcG0011050	J
h1SMcG0011051	S
h1SMcG0011052	S
h1SMcG0011053	Q
h1SMcG0011054	S
h1SMcG0011055	L
h1SMcG0011056	S
h1SMcG0011057	-
h1SMcG0011058	O
h1SMcG0011059	FP
h1SMcG0011060	FP
h1SMcG0011061	K
h1SMcG0011062	-
h1SMcG0011063	-
h1SMcG0011064	O
h1SMcG0011065	-
h1SMcG0011066	U
h1SMcG0011067	-
h1SMcG0011068	O
h1SMcG0011069	T
h1SMcG0011070	L
h1SMcG0011071	-
h1SMcG0011072	O
h1SMcG0011073	O
h1SMcG0011074	-
h1SMcG0011075	-
h1SMcG0011076	-
h1SMcG0011077	-
h1SMcG0011078	B
h1SMcG0011079	O
h1SMcG0011080	G
h1SMcG0011081	-
h1SMcG0011082	A
h1SMcG0011083	A
h1SMcG0011084	-
h1SMcG0011085	I
h1SMcG0011086	-
h1SMcG0011087	G
h1SMcG0011088	-
h1SMcG0011089	-
h1SMcG0011090	S
h1SMcG0011091	-
h1SMcG0011092	T
h1SMcG0011093	O
h1SMcG0011094	K
h1SMcG0011095	Z
h1SMcG0011096	T
h1SMcG0011097	-
h1SMcG0011098	DK
h1SMcG0011099	-
h1SMcG0011100	-
h1SMcG0011101	A
h1SMcG0011102	O
h1SMcG0011103	G
h1SMcG0011104	K
h1SMcG0011105	O
h1SMcG0011106	-
h1SMcG0011107	-
h1SMcG0011108	O
h1SMcG0011109	KL
h1SMcG0011110	KL
h1SMcG0011111	S
h1SMcG0011112	U
h1SMcG0011113	-
h1SMcG0011114	-
h1SMcG0011115	-
h1SMcG0011116	T
h1SMcG0011117	IU
h1SMcG0011118	T
h1SMcG0011119	Q
h1SMcG0011120	S
h1SMcG0011121	-
h1SMcG0011122	Z
h1SMcG0011123	K
h1SMcG0011124	-
h1SMcG0011125	-
h1SMcG0011126	-
h1SMcG0011127	-
h1SMcG0011128	E
h1SMcG0011129	-
h1SMcG0011130	T
h1SMcG0011131	T
h1SMcG0011132	J
h1SMcG0011133	S
h1SMcG0011134	-
h1SMcG0011135	T
h1SMcG0011136	-
h1SMcG0011137	O
h1SMcG0011138	S
h1SMcG0011139	S
h1SMcG0011140	-
h1SMcG0011141	T
h1SMcG0011142	T
h1SMcG0011143	T
h1SMcG0011144	T
h1SMcG0011145	-
h1SMcG0011146	T
h1SMcG0011147	T
h1SMcG0011148	E
h1SMcG0011149	A
h1SMcG0011150	P
h1SMcG0011151	J
h1SMcG0011152	-
h1SMcG0011153	S
h1SMcG0011154	-
h1SMcG0011155	A
h1SMcG0011156	A
h1SMcG0011157	-
h1SMcG0011158	-
h1SMcG0011159	-
h1SMcG0011160	T
h1SMcG0011161	K
h1SMcG0011162	-
h1SMcG0011163	Z
h1SMcG0011164	B
h1SMcG0011165	O
h1SMcG0011166	E
h1SMcG0011167	B
h1SMcG0011168	O
h1SMcG0011169	I
h1SMcG0011170	-
h1SMcG0011171	-
h1SMcG0011172	U
h1SMcG0011173	-
h1SMcG0011174	DP
h1SMcG0011175	-
h1SMcG0011176	C
h1SMcG0011177	-
h1SMcG0011178	-
h1SMcG0011179	L
h1SMcG0011180	-
h1SMcG0011181	S
h1SMcG0011182	-
h1SMcG0011183	I
h1SMcG0011184	S
h1SMcG0011185	-
h1SMcG0011186	-
h1SMcG0011187	-
h1SMcG0011188	-
h1SMcG0011189	S
h1SMcG0011190	I
h1SMcG0011191	-
h1SMcG0011192	P
h1SMcG0011193	E
h1SMcG0011194	-
h1SMcG0011195	-
h1SMcG0011196	-
h1SMcG0011197	H
h1SMcG0011198	O
h1SMcG0011199	O
h1SMcG0011200	S
h1SMcG0011201	S
h1SMcG0011202	-
h1SMcG0011203	T
h1SMcG0011204	-
h1SMcG0011205	-
h1SMcG0011206	T
h1SMcG0011207	S
h1SMcG0011208	-
h1SMcG0011209	-
h1SMcG0011210	T
h1SMcG0011211	-
h1SMcG0011212	O
h1SMcG0011213	T
h1SMcG0011214	T
h1SMcG0011215	-
h1SMcG0011216	U
h1SMcG0011217	-
h1SMcG0011218	-
h1SMcG0011219	J
h1SMcG0011220	S
h1SMcG0011221	PT
h1SMcG0011222	-
h1SMcG0011223	-
h1SMcG0011224	-
h1SMcG0011225	E
h1SMcG0011226	E
h1SMcG0011227	-
h1SMcG0011228	E
h1SMcG0011229	-
h1SMcG0011230	C
h1SMcG0011231	S
h1SMcG0011232	P
h1SMcG0011233	L
h1SMcG0011234	K
h1SMcG0011235	P
h1SMcG0011236	OTU
h1SMcG0011237	S
h1SMcG0011238	J
h1SMcG0011239	-
h1SMcG0011240	T
h1SMcG0011241	K
h1SMcG0011242	K
h1SMcG0011243	J
h1SMcG0011244	J
h1SMcG0011245	J
h1SMcG0011246	-
h1SMcG0011247	J
h1SMcG0011248	-
h1SMcG0011249	T
h1SMcG0011250	-
h1SMcG0011251	O
h1SMcG0011252	O
h1SMcG0011253	G
h1SMcG0011254	L
h1SMcG0011255	U
h1SMcG0011256	G
h1SMcG0011257	-
h1SMcG0011258	G
h1SMcG0011259	-
h1SMcG0011260	-
h1SMcG0011261	-
h1SMcG0011262	-
h1SMcG0011263	T
h1SMcG0011264	O
h1SMcG0011265	O
h1SMcG0011266	-
h1SMcG0011267	-
h1SMcG0011268	S
h1SMcG0011269	E
h1SMcG0011270	Z
h1SMcG0011271	-
h1SMcG0011272	S
h1SMcG0011273	-
h1SMcG0011274	T
h1SMcG0011275	S
h1SMcG0011276	-
h1SMcG0011277	S
h1SMcG0011278	T
h1SMcG0011279	T
h1SMcG0011280	-
h1SMcG0011281	-
h1SMcG0011282	T
h1SMcG0011283	PT
h1SMcG0011284	A
h1SMcG0011285	S
h1SMcG0011286	K
h1SMcG0011287	Z
h1SMcG0011288	Z
h1SMcG0011289	J
h1SMcG0011290	L
h1SMcG0011291	J
h1SMcG0011292	K
h1SMcG0011293	O
h1SMcG0011294	O
h1SMcG0011295	O
h1SMcG0011296	S
h1SMcG0011297	S
h1SMcG0011298	-
h1SMcG0011299	-
h1SMcG0011300	U
h1SMcG0011301	P
h1SMcG0011302	S
h1SMcG0011303	-
h1SMcG0011304	S
h1SMcG0011305	T
h1SMcG0011306	T
h1SMcG0011307	TZ
h1SMcG0011308	S
h1SMcG0011309	V
h1SMcG0011310	K
h1SMcG0011311	-
h1SMcG0011312	KL
h1SMcG0011313	M
h1SMcG0011314	M
h1SMcG0011315	Z
h1SMcG0011316	L
h1SMcG0011317	O
h1SMcG0011318	E
h1SMcG0011319	M
h1SMcG0011320	-
h1SMcG0011321	O
h1SMcG0011322	O
h1SMcG0011323	S
h1SMcG0011324	-
h1SMcG0011325	-
h1SMcG0011326	H
h1SMcG0011327	M
h1SMcG0011328	B
h1SMcG0011329	A
h1SMcG0011330	S
h1SMcG0011331	S
h1SMcG0011332	ADK
h1SMcG0011333	S
h1SMcG0011334	-
h1SMcG0011335	S
h1SMcG0011336	O
h1SMcG0011337	S
h1SMcG0011338	S
h1SMcG0011339	EF
h1SMcG0011340	S
h1SMcG0011341	-
h1SMcG0011342	-
h1SMcG0011343	-
h1SMcG0011344	-
h1SMcG0011345	E
h1SMcG0011346	S
h1SMcG0011347	O
h1SMcG0011348	-
h1SMcG0011349	O
h1SMcG0011350	O
h1SMcG0011351	S
h1SMcG0011352	-
h1SMcG0011353	T
h1SMcG0011354	M
h1SMcG0011355	E
h1SMcG0011356	A
h1SMcG0011357	-
h1SMcG0011358	-
h1SMcG0011359	-
h1SMcG0011360	T
h1SMcG0011361	-
h1SMcG0011362	Z
h1SMcG0011363	-
h1SMcG0011364	O
h1SMcG0011365	O
h1SMcG0011366	-
h1SMcG0011367	L
h1SMcG0011368	-
h1SMcG0011369	J
h1SMcG0011370	-
h1SMcG0011371	L
h1SMcG0011372	-
h1SMcG0011373	T
h1SMcG0011374	-
h1SMcG0011375	-
h1SMcG0011376	O
h1SMcG0011377	-
h1SMcG0011378	O
h1SMcG0011379	D
h1SMcG0011380	O
h1SMcG0011381	A
h1SMcG0011382	-
h1SMcG0011383	VW
h1SMcG0011384	-
h1SMcG0011385	VW
h1SMcG0011386	-
h1SMcG0011387	-
h1SMcG0011388	S
h1SMcG0011389	VW
h1SMcG0011390	S
h1SMcG0011391	S
h1SMcG0011392	-
h1SMcG0011393	K
h1SMcG0011394	J
h1SMcG0011395	S
h1SMcG0011396	-
h1SMcG0011397	-
h1SMcG0011398	-
h1SMcG0011399	L
h1SMcG0011400	J
h1SMcG0011401	-
h1SMcG0011402	-
h1SMcG0011403	-
h1SMcG0011404	-
h1SMcG0011405	-
h1SMcG0011406	E
h1SMcG0011407	-
h1SMcG0011408	-
h1SMcG0011409	-
h1SMcG0011410	T
h1SMcG0011411	-
h1SMcG0011412	-
h1SMcG0011413	T
h1SMcG0011414	-
h1SMcG0011415	H
h1SMcG0011416	O
h1SMcG0011417	-
h1SMcG0011418	O
h1SMcG0011419	-
h1SMcG0011420	-
h1SMcG0011421	-
h1SMcG0011422	-
h1SMcG0011423	S
h1SMcG0011424	OT
h1SMcG0011425	U
h1SMcG0011426	-
h1SMcG0011427	-
h1SMcG0011428	S
h1SMcG0011429	S
h1SMcG0011430	-
h1SMcG0011431	-
h1SMcG0011432	O
h1SMcG0011433	E
h1SMcG0011434	-
h1SMcG0011435	S
h1SMcG0011436	S
h1SMcG0011437	J
h1SMcG0011438	W
h1SMcG0011439	J
h1SMcG0011440	-
h1SMcG0011441	M
h1SMcG0011442	S
h1SMcG0011443	S
h1SMcG0011444	-
h1SMcG0011445	L
h1SMcG0011446	-
h1SMcG0011447	T
h1SMcG0011448	-
h1SMcG0011449	S
h1SMcG0011450	-
h1SMcG0011451	S
h1SMcG0011452	Q
h1SMcG0011453	T
h1SMcG0011454	Z
h1SMcG0011455	S
h1SMcG0011456	J
h1SMcG0011457	O
h1SMcG0011458	A
h1SMcG0011459	T
h1SMcG0011460	-
h1SMcG0011461	-
h1SMcG0011462	T
h1SMcG0011463	-
h1SMcG0011464	-
h1SMcG0011465	-
h1SMcG0011466	-
h1SMcG0011467	-
h1SMcG0011468	U
h1SMcG0011469	O
h1SMcG0011470	S
h1SMcG0011471	-
h1SMcG0011472	-
h1SMcG0011473	-
h1SMcG0011474	-
h1SMcG0011475	E
h1SMcG0011476	-
h1SMcG0011477	-
h1SMcG0011478	F
h1SMcG0011479	Z
h1SMcG0011480	G
h1SMcG0011481	U
h1SMcG0011482	Q
h1SMcG0011483	K
h1SMcG0011484	Z
h1SMcG0011485	-
h1SMcG0011486	J
h1SMcG0011487	-
h1SMcG0011488	P
h1SMcG0011489	E
h1SMcG0011490	P
h1SMcG0011491	Z
h1SMcG0011492	P
h1SMcG0011493	P
h1SMcG0011494	-
h1SMcG0011495	-
h1SMcG0011496	P
h1SMcG0011497	P
h1SMcG0011498	P
h1SMcG0011499	P
h1SMcG0011500	P
h1SMcG0011501	P
h1SMcG0011502	T
h1SMcG0011503	J
h1SMcG0011504	-
h1SMcG0011505	V
h1SMcG0011506	-
h1SMcG0011507	-
h1SMcG0011508	-
h1SMcG0011509	A
h1SMcG0011510	A
h1SMcG0011511	L
h1SMcG0011512	Q
h1SMcG0011513	-
h1SMcG0011514	-
h1SMcG0011515	K
h1SMcG0011516	A
h1SMcG0011517	-
h1SMcG0011518	-
h1SMcG0011519	S
h1SMcG0011520	TU
h1SMcG0011521	-
h1SMcG0011522	O
h1SMcG0011523	A
h1SMcG0011524	E
h1SMcG0011525	IQ
h1SMcG0011526	-
h1SMcG0011527	-
h1SMcG0011528	-
h1SMcG0011529	S
h1SMcG0011530	U
h1SMcG0011531	-
h1SMcG0011532	O
h1SMcG0011533	-
h1SMcG0011534	S
h1SMcG0011535	K
h1SMcG0011536	T
h1SMcG0011537	P
h1SMcG0011538	S
h1SMcG0011539	S
h1SMcG0011540	OT
h1SMcG0011541	J
h1SMcG0011542	-
h1SMcG0011543	-
h1SMcG0011544	-
h1SMcG0011545	-
h1SMcG0011546	T
h1SMcG0011547	C
h1SMcG0011548	S
h1SMcG0011549	S
h1SMcG0011550	T
h1SMcG0011551	A
h1SMcG0011552	U
h1SMcG0011553	-
h1SMcG0011554	E
h1SMcG0011555	S
h1SMcG0011556	K
h1SMcG0011557	-
h1SMcG0011558	T
h1SMcG0011559	-
h1SMcG0011560	-
h1SMcG0011561	-
h1SMcG0011562	O
h1SMcG0011563	C
h1SMcG0011564	A
h1SMcG0011565	-
h1SMcG0011566	-
h1SMcG0011567	-
h1SMcG0011568	-
h1SMcG0011569	TU
h1SMcG0011570	-
h1SMcG0011571	S
h1SMcG0011572	K
h1SMcG0011573	-
h1SMcG0011574	O
h1SMcG0011575	O
h1SMcG0011576	K
h1SMcG0011577	C
h1SMcG0011578	-
h1SMcG0011579	-
h1SMcG0011580	-
h1SMcG0011581	-
h1SMcG0011582	S
h1SMcG0011583	S
h1SMcG0011584	S
h1SMcG0011585	-
h1SMcG0011586	-
h1SMcG0011587	E
h1SMcG0011588	-
h1SMcG0011589	O
h1SMcG0011590	S
h1SMcG0011591	S
h1SMcG0011592	-
h1SMcG0011593	I
h1SMcG0011594	S
h1SMcG0011595	U
h1SMcG0011596	T
h1SMcG0011597	K
h1SMcG0011598	-
h1SMcG0011599	-
h1SMcG0011600	-
h1SMcG0011601	S
h1SMcG0011602	-
h1SMcG0011603	-
h1SMcG0011604	-
h1SMcG0011605	-
h1SMcG0011606	K
h1SMcG0011607	A
h1SMcG0011608	S
h1SMcG0011609	S
h1SMcG0011610	S
h1SMcG0011611	S
h1SMcG0011612	S
h1SMcG0011613	S
h1SMcG0011614	S
h1SMcG0011615	S
h1SMcG0011616	S
h1SMcG0011617	S
h1SMcG0011618	S
h1SMcG0011619	S
h1SMcG0011620	S
h1SMcG0011621	S
h1SMcG0011622	S
h1SMcG0011623	S
h1SMcG0011624	S
h1SMcG0011625	S
h1SMcG0011626	S
h1SMcG0011627	S
h1SMcG0011628	S
h1SMcG0011629	S
h1SMcG0011630	S
h1SMcG0011631	M
h1SMcG0011632	-
h1SMcG0011633	J
h1SMcG0011634	K
h1SMcG0011635	-
h1SMcG0011636	K
h1SMcG0011637	-
h1SMcG0011638	T
h1SMcG0011639	T
h1SMcG0011640	T
h1SMcG0011641	L
h1SMcG0011642	T
h1SMcG0011643	T
h1SMcG0011644	T
h1SMcG0011645	T
h1SMcG0011646	K
h1SMcG0011647	S
h1SMcG0011648	-
h1SMcG0011649	-
h1SMcG0011650	-
h1SMcG0011651	I
h1SMcG0011652	H
h1SMcG0011653	L
h1SMcG0011654	K
h1SMcG0011655	-
h1SMcG0011656	-
h1SMcG0011657	S
h1SMcG0011658	D
h1SMcG0011659	T
h1SMcG0011660	G
h1SMcG0011661	I
h1SMcG0011662	E
h1SMcG0011663	S
h1SMcG0011664	-
h1SMcG0011665	-
h1SMcG0011666	T
h1SMcG0011667	-
h1SMcG0011668	K
h1SMcG0011669	V
h1SMcG0011670	Q
h1SMcG0011671	Q
h1SMcG0011672	T
h1SMcG0011673	U
h1SMcG0011674	-
h1SMcG0011675	-
h1SMcG0011676	O
h1SMcG0011677	K
h1SMcG0011678	JO
h1SMcG0011679	-
h1SMcG0011680	T
h1SMcG0011681	L
h1SMcG0011682	V
h1SMcG0011683	-
h1SMcG0011684	O
h1SMcG0011685	P
h1SMcG0011686	S
h1SMcG0011687	U
h1SMcG0011688	K
h1SMcG0011689	I
h1SMcG0011690	-
h1SMcG0011691	S
h1SMcG0011692	-
h1SMcG0011693	S
h1SMcG0011694	-
h1SMcG0011695	O
h1SMcG0011696	O
h1SMcG0011697	U
h1SMcG0011698	T
h1SMcG0011699	-
h1SMcG0011700	O
h1SMcG0011701	E
h1SMcG0011702	-
h1SMcG0011703	Z
h1SMcG0011704	T
h1SMcG0011705	T
h1SMcG0011706	O
h1SMcG0011707	S
h1SMcG0011708	T
h1SMcG0011709	-
h1SMcG0011710	S
h1SMcG0011711	S
h1SMcG0011712	-
h1SMcG0011713	-
h1SMcG0011714	-
h1SMcG0011715	T
h1SMcG0011716	S
h1SMcG0011717	-
h1SMcG0011718	E
h1SMcG0011719	E
h1SMcG0011720	T
h1SMcG0011721	-
h1SMcG0011722	-
h1SMcG0011723	S
h1SMcG0011724	O
h1SMcG0011725	P
h1SMcG0011726	-
h1SMcG0011727	-
h1SMcG0011728	M
h1SMcG0011729	-
h1SMcG0011730	S
h1SMcG0011731	I
h1SMcG0011732	A
h1SMcG0011733	BD
h1SMcG0011734	S
h1SMcG0011735	S
h1SMcG0011736	-
h1SMcG0011737	-
h1SMcG0011738	K
h1SMcG0011739	T
h1SMcG0011740	M
h1SMcG0011741	T
h1SMcG0011742	U
h1SMcG0011743	-
h1SMcG0011744	K
h1SMcG0011745	-
h1SMcG0011746	TU
h1SMcG0011747	E
h1SMcG0011748	L
h1SMcG0011749	T
h1SMcG0011750	T
h1SMcG0011751	-
h1SMcG0011752	I
h1SMcG0011753	M
h1SMcG0011754	P
h1SMcG0011755	E
h1SMcG0011756	F
h1SMcG0011757	T
h1SMcG0011758	A
h1SMcG0011759	S
h1SMcG0011760	U
h1SMcG0011761	-
h1SMcG0011762	T
h1SMcG0011763	O
h1SMcG0011764	G
h1SMcG0011765	K
h1SMcG0011766	O
h1SMcG0011767	-
h1SMcG0011768	O
h1SMcG0011769	O
h1SMcG0011770	-
h1SMcG0011771	G
h1SMcG0011772	-
h1SMcG0011773	O
h1SMcG0011774	S
h1SMcG0011775	K
h1SMcG0011776	S
h1SMcG0011777	OU
h1SMcG0011778	S
h1SMcG0011779	Z
h1SMcG0011780	-
h1SMcG0011781	-
h1SMcG0011782	-
h1SMcG0011783	-
h1SMcG0011784	-
h1SMcG0011785	-
h1SMcG0011786	A
h1SMcG0011787	-
h1SMcG0011788	G
h1SMcG0011789	-
h1SMcG0011790	O
h1SMcG0011791	-
h1SMcG0011792	-
h1SMcG0011793	W
h1SMcG0011794	S
h1SMcG0011795	-
h1SMcG0011796	S
h1SMcG0011797	-
h1SMcG0011798	J
h1SMcG0011799	J
h1SMcG0011800	-
h1SMcG0011801	-
h1SMcG0011802	-
h1SMcG0011803	-
h1SMcG0011804	Z
h1SMcG0011805	J
h1SMcG0011806	O
h1SMcG0011807	A
h1SMcG0011808	K
h1SMcG0011809	GMO
h1SMcG0011810	-
h1SMcG0011811	T
h1SMcG0011812	O
h1SMcG0011813	O
h1SMcG0011814	-
h1SMcG0011815	O
h1SMcG0011816	S
h1SMcG0011817	S
h1SMcG0011818	A
h1SMcG0011819	T
h1SMcG0011820	-
h1SMcG0011821	D
h1SMcG0011822	J
h1SMcG0011823	TV
h1SMcG0011824	-
h1SMcG0011825	-
h1SMcG0011826	A
h1SMcG0011827	-
h1SMcG0011828	O
h1SMcG0011829	O
h1SMcG0011830	-
h1SMcG0011831	S
h1SMcG0011832	O
h1SMcG0011833	Z
h1SMcG0011834	S
h1SMcG0011835	O
h1SMcG0011836	O
h1SMcG0011837	-
h1SMcG0011838	S
h1SMcG0011839	T
h1SMcG0011840	T
h1SMcG0011841	Z
h1SMcG0011842	U
h1SMcG0011843	S
h1SMcG0011844	K
h1SMcG0011845	Z
h1SMcG0011846	-
h1SMcG0011847	-
h1SMcG0011848	O
h1SMcG0011849	-
h1SMcG0011850	T
h1SMcG0011851	U
h1SMcG0011852	S
h1SMcG0011853	O
h1SMcG0011854	S
h1SMcG0011855	-
h1SMcG0011856	-
h1SMcG0011857	O
h1SMcG0011858	E
h1SMcG0011859	I
h1SMcG0011860	W
h1SMcG0011861	-
h1SMcG0011862	-
h1SMcG0011863	K
h1SMcG0011864	T
h1SMcG0011865	E
h1SMcG0011866	S
h1SMcG0011867	S
h1SMcG0011868	D
h1SMcG0011869	-
h1SMcG0011870	D
h1SMcG0011871	BD
h1SMcG0011872	O
h1SMcG0011873	-
h1SMcG0011874	-
h1SMcG0011875	S
h1SMcG0011876	-
h1SMcG0011877	-
h1SMcG0011878	S
h1SMcG0011879	-
h1SMcG0011880	-
h1SMcG0011881	S
h1SMcG0011882	-
h1SMcG0011883	K
h1SMcG0011884	-
h1SMcG0011885	K
h1SMcG0011886	-
h1SMcG0011887	-
h1SMcG0011888	-
h1SMcG0011889	-
h1SMcG0011890	-
h1SMcG0011891	-
h1SMcG0011892	-
h1SMcG0011893	E
h1SMcG0011894	-
h1SMcG0011895	-
h1SMcG0011896	Z
h1SMcG0011897	T
h1SMcG0011898	-
h1SMcG0011899	U
h1SMcG0011900	K
h1SMcG0011901	G
h1SMcG0011902	A
h1SMcG0011903	-
h1SMcG0011904	D
h1SMcG0011905	TZ
h1SMcG0011906	-
h1SMcG0011907	-
h1SMcG0011908	-
h1SMcG0011909	DL
h1SMcG0011910	KLT
h1SMcG0011911	T
h1SMcG0011912	-
h1SMcG0011913	S
h1SMcG0011914	T
h1SMcG0011915	-
h1SMcG0011916	-
h1SMcG0011917	O
h1SMcG0011918	T
h1SMcG0011919	A
h1SMcG0011920	A
h1SMcG0011921	-
h1SMcG0011922	-
h1SMcG0011923	S
h1SMcG0011924	-
h1SMcG0011925	T
h1SMcG0011926	-
h1SMcG0011927	S
h1SMcG0011928	G
h1SMcG0011929	E
h1SMcG0011930	D
h1SMcG0011931	U
h1SMcG0011932	-
h1SMcG0011933	U
h1SMcG0011934	K
h1SMcG0011935	-
h1SMcG0011936	-
h1SMcG0011937	-
h1SMcG0011938	E
h1SMcG0011939	E
h1SMcG0011940	-
h1SMcG0011941	S
h1SMcG0011942	I
h1SMcG0011943	K
h1SMcG0011944	-
h1SMcG0011945	-
h1SMcG0011946	G
h1SMcG0011947	K
h1SMcG0011948	K
h1SMcG0011949	Y
h1SMcG0011950	-
h1SMcG0011951	T
h1SMcG0011952	S
h1SMcG0011953	-
h1SMcG0011954	T
h1SMcG0011955	-
h1SMcG0011956	-
h1SMcG0011957	E
h1SMcG0011958	S
h1SMcG0011959	P
h1SMcG0011960	T
h1SMcG0011961	Z
h1SMcG0011962	T
h1SMcG0011963	-
h1SMcG0011964	P
h1SMcG0011965	P
h1SMcG0011966	P
h1SMcG0011967	-
h1SMcG0011968	K
h1SMcG0011969	A
h1SMcG0011970	A
h1SMcG0011971	F
h1SMcG0011972	-
h1SMcG0011973	U
h1SMcG0011974	T
h1SMcG0011975	L
h1SMcG0011976	V
h1SMcG0011977	-
h1SMcG0011978	-
h1SMcG0011979	P
h1SMcG0011980	U
h1SMcG0011981	P
h1SMcG0011982	-
h1SMcG0011983	P
h1SMcG0011984	S
h1SMcG0011985	P
h1SMcG0011986	O
h1SMcG0011987	-
h1SMcG0011988	S
h1SMcG0011989	P
h1SMcG0011990	S
h1SMcG0011991	S
h1SMcG0011992	E
h1SMcG0011993	-
h1SMcG0011994	-
h1SMcG0011995	O
h1SMcG0011996	Q
h1SMcG0011997	T
h1SMcG0011998	-
h1SMcG0011999	J
h1SMcG0012000	S
h1SMcG0012001	T
h1SMcG0012002	-
h1SMcG0012003	-
h1SMcG0012004	E
h1SMcG0012005	T
h1SMcG0012006	O
h1SMcG0012007	K
h1SMcG0012008	T
h1SMcG0012009	E
h1SMcG0012010	G
h1SMcG0012011	-
h1SMcG0012012	T
h1SMcG0012013	E
h1SMcG0012014	-
h1SMcG0012015	T
h1SMcG0012016	DZ
h1SMcG0012017	T
h1SMcG0012018	-
h1SMcG0012019	-
h1SMcG0012020	-
h1SMcG0012021	S
h1SMcG0012022	K
h1SMcG0012023	I
h1SMcG0012024	S
h1SMcG0012025	-
h1SMcG0012026	-
h1SMcG0012027	-
h1SMcG0012028	I
h1SMcG0012029	I
h1SMcG0012030	I
h1SMcG0012031	-
h1SMcG0012032	-
h1SMcG0012033	I
h1SMcG0012034	I
h1SMcG0012035	S
h1SMcG0012036	O
h1SMcG0012037	T
h1SMcG0012038	-
h1SMcG0012039	U
h1SMcG0012040	G
h1SMcG0012041	T
h1SMcG0012042	-
h1SMcG0012043	PT
h1SMcG0012044	-
h1SMcG0012045	OT
h1SMcG0012046	S
h1SMcG0012047	A
h1SMcG0012048	Z
h1SMcG0012049	-
h1SMcG0012050	Z
h1SMcG0012051	Z
h1SMcG0012052	-
h1SMcG0012053	T
h1SMcG0012054	S
h1SMcG0012055	G
h1SMcG0012056	A
h1SMcG0012057	-
h1SMcG0012058	-
h1SMcG0012059	-
h1SMcG0012060	T
h1SMcG0012061	S
h1SMcG0012062	K
h1SMcG0012063	-
h1SMcG0012064	W
h1SMcG0012065	-
h1SMcG0012066	B
h1SMcG0012067	OT
h1SMcG0012068	M
h1SMcG0012069	-
h1SMcG0012070	K
h1SMcG0012071	S
h1SMcG0012072	Z
h1SMcG0012073	Z
h1SMcG0012074	K
h1SMcG0012075	T
h1SMcG0012076	T
h1SMcG0012077	BD
h1SMcG0012078	E
h1SMcG0012079	E
h1SMcG0012080	-
h1SMcG0012081	P
h1SMcG0012082	S
h1SMcG0012083	-
h1SMcG0012084	-
h1SMcG0012085	-
h1SMcG0012086	-
h1SMcG0012087	S
h1SMcG0012088	O
h1SMcG0012089	S
h1SMcG0012090	O
h1SMcG0012091	-
h1SMcG0012092	-
h1SMcG0012093	S
h1SMcG0012094	B
h1SMcG0012095	B
h1SMcG0012096	-
h1SMcG0012097	G
h1SMcG0012098	Z
h1SMcG0012099	J
h1SMcG0012100	-
h1SMcG0012101	S
h1SMcG0012102	-
h1SMcG0012103	H
h1SMcG0012104	-
h1SMcG0012105	B
h1SMcG0012106	IT
h1SMcG0012107	-
h1SMcG0012108	K
h1SMcG0012109	A
h1SMcG0012110	-
h1SMcG0012111	S
h1SMcG0012112	S
h1SMcG0012113	T
h1SMcG0012114	-
h1SMcG0012115	-
h1SMcG0012116	T
h1SMcG0012117	-
h1SMcG0012118	-
h1SMcG0012119	S
h1SMcG0012120	-
h1SMcG0012121	A
h1SMcG0012122	T
h1SMcG0012123	T
h1SMcG0012124	C
h1SMcG0012125	T
h1SMcG0012126	-
h1SMcG0012127	S
h1SMcG0012128	H
h1SMcG0012129	H
h1SMcG0012130	G
h1SMcG0012131	G
h1SMcG0012132	G
h1SMcG0012133	-
h1SMcG0012134	-
h1SMcG0012135	-
h1SMcG0012136	-
h1SMcG0012137	-
h1SMcG0012138	-
h1SMcG0012139	-
h1SMcG0012140	-
h1SMcG0012141	O
h1SMcG0012142	-
h1SMcG0012143	-
h1SMcG0012144	-
h1SMcG0012145	-
h1SMcG0012146	J
h1SMcG0012147	T
h1SMcG0012148	-
h1SMcG0012149	-
h1SMcG0012150	S
h1SMcG0012151	-
h1SMcG0012152	-
h1SMcG0012153	-
h1SMcG0012154	S
h1SMcG0012155	-
h1SMcG0012156	S
h1SMcG0012157	O
h1SMcG0012158	-
h1SMcG0012159	Z
h1SMcG0012160	Z
h1SMcG0012161	T
h1SMcG0012162	-
h1SMcG0012163	-
h1SMcG0012164	T
h1SMcG0012165	I
h1SMcG0012166	-
h1SMcG0012167	G
h1SMcG0012168	-
h1SMcG0012169	G
h1SMcG0012170	T
h1SMcG0012171	Z
h1SMcG0012172	-
h1SMcG0012173	L
h1SMcG0012174	T
h1SMcG0012175	L
h1SMcG0012176	D
h1SMcG0012177	S
h1SMcG0012178	E
h1SMcG0012179	E
h1SMcG0012180	FO
h1SMcG0012181	-
h1SMcG0012182	-
h1SMcG0012183	Q
h1SMcG0012184	S
h1SMcG0012185	-
h1SMcG0012186	O
h1SMcG0012187	-
h1SMcG0012188	-
h1SMcG0012189	-
h1SMcG0012190	O
h1SMcG0012191	-
h1SMcG0012192	P
h1SMcG0012193	Z
h1SMcG0012194	Z
h1SMcG0012195	S
h1SMcG0012196	L
h1SMcG0012197	P
h1SMcG0012198	S
h1SMcG0012199	-
h1SMcG0012200	O
h1SMcG0012201	O
h1SMcG0012202	D
h1SMcG0012203	S
h1SMcG0012204	D
h1SMcG0012205	S
h1SMcG0012206	D
h1SMcG0012207	-
h1SMcG0012208	D
h1SMcG0012209	O
h1SMcG0012210	S
h1SMcG0012211	S
h1SMcG0012212	-
h1SMcG0012213	-
h1SMcG0012214	S
h1SMcG0012215	-
h1SMcG0012216	E
h1SMcG0012217	B
h1SMcG0012218	-
h1SMcG0012219	T
h1SMcG0012220	K
h1SMcG0012221	T
h1SMcG0012222	-
h1SMcG0012223	-
h1SMcG0012224	S
h1SMcG0012225	L
h1SMcG0012226	Q
h1SMcG0012227	-
h1SMcG0012228	-
h1SMcG0012229	T
h1SMcG0012230	-
h1SMcG0012231	-
h1SMcG0012232	-
h1SMcG0012233	-
h1SMcG0012234	S
h1SMcG0012235	-
h1SMcG0012236	T
h1SMcG0012237	T
h1SMcG0012238	T
h1SMcG0012239	T
h1SMcG0012240	T
h1SMcG0012241	S
h1SMcG0012242	-
h1SMcG0012243	T
h1SMcG0012244	-
h1SMcG0012245	-
h1SMcG0012246	T
h1SMcG0012247	-
h1SMcG0012248	-
h1SMcG0012249	-
h1SMcG0012250	-
h1SMcG0012251	G
h1SMcG0012252	-
h1SMcG0012253	J
h1SMcG0012254	-
h1SMcG0012255	S
h1SMcG0012256	T
h1SMcG0012257	C
h1SMcG0012258	Z
h1SMcG0012259	C
h1SMcG0012260	-
h1SMcG0012261	-
h1SMcG0012262	-
h1SMcG0012263	O
h1SMcG0012264	A
h1SMcG0012265	E
h1SMcG0012266	-
h1SMcG0012267	S
h1SMcG0012268	-
h1SMcG0012269	-
h1SMcG0012270	-
h1SMcG0012271	-
h1SMcG0012272	-
h1SMcG0012273	-
h1SMcG0012274	G
h1SMcG0012275	-
h1SMcG0012276	S
h1SMcG0012277	T
h1SMcG0012278	-
h1SMcG0012279	S
h1SMcG0012280	-
h1SMcG0012281	S
h1SMcG0012282	-
h1SMcG0012283	K
h1SMcG0012284	-
h1SMcG0012285	G
h1SMcG0012286	O
h1SMcG0012287	K
h1SMcG0012288	M
h1SMcG0012289	H
h1SMcG0012290	-
h1SMcG0012291	O
h1SMcG0012292	GOT
h1SMcG0012293	S
h1SMcG0012294	S
h1SMcG0012295	S
h1SMcG0012296	Z
h1SMcG0012297	-
h1SMcG0012298	K
h1SMcG0012299	-
h1SMcG0012300	O
h1SMcG0012301	H
h1SMcG0012302	-
h1SMcG0012303	CE
h1SMcG0012304	S
h1SMcG0012305	Z
h1SMcG0012306	S
h1SMcG0012307	O
h1SMcG0012308	T
h1SMcG0012309	D
h1SMcG0012310	BD
h1SMcG0012311	T
h1SMcG0012312	-
h1SMcG0012313	-
h1SMcG0012314	S
h1SMcG0012315	-
h1SMcG0012316	U
h1SMcG0012317	-
h1SMcG0012318	-
h1SMcG0012319	V
h1SMcG0012320	S
h1SMcG0012321	T
h1SMcG0012322	-
h1SMcG0012323	-
h1SMcG0012324	-
h1SMcG0012325	Z
h1SMcG0012326	S
h1SMcG0012327	S
h1SMcG0012328	-
h1SMcG0012329	-
h1SMcG0012330	O
h1SMcG0012331	S
h1SMcG0012332	S
h1SMcG0012333	S
h1SMcG0012334	-
h1SMcG0012335	K
h1SMcG0012336	G
h1SMcG0012337	S
h1SMcG0012338	A
h1SMcG0012339	-
h1SMcG0012340	A
h1SMcG0012341	O
h1SMcG0012342	S
h1SMcG0012343	-
h1SMcG0012344	O
h1SMcG0012345	-
h1SMcG0012346	-
h1SMcG0012347	T
h1SMcG0012348	-
h1SMcG0012349	K
h1SMcG0012350	S
h1SMcG0012351	DK
h1SMcG0012352	-
h1SMcG0012353	-
h1SMcG0012354	E
h1SMcG0012355	-
h1SMcG0012356	T
h1SMcG0012357	O
h1SMcG0012358	-
h1SMcG0012359	-
h1SMcG0012360	-
h1SMcG0012361	S
h1SMcG0012362	-
h1SMcG0012363	K
h1SMcG0012364	-
h1SMcG0012365	T
h1SMcG0012366	-
h1SMcG0012367	-
h1SMcG0012368	T
h1SMcG0012369	-
h1SMcG0012370	-
h1SMcG0012371	Z
h1SMcG0012372	S
h1SMcG0012373	-
h1SMcG0012374	S
h1SMcG0012375	Z
h1SMcG0012376	T
h1SMcG0012377	S
h1SMcG0012378	S
h1SMcG0012379	O
h1SMcG0012380	E
h1SMcG0012381	E
h1SMcG0012382	-
h1SMcG0012383	O
h1SMcG0012384	I
h1SMcG0012385	-
h1SMcG0012386	S
h1SMcG0012387	BK
h1SMcG0012388	S
h1SMcG0012389	-
h1SMcG0012390	DTUZ
h1SMcG0012391	-
h1SMcG0012392	-
h1SMcG0012393	E
h1SMcG0012394	Z
h1SMcG0012395	F
h1SMcG0012396	OU
h1SMcG0012397	-
h1SMcG0012398	S
h1SMcG0012399	P
h1SMcG0012400	-
h1SMcG0012401	G
h1SMcG0012402	Z
h1SMcG0012403	S
h1SMcG0012404	A
h1SMcG0012405	L
h1SMcG0012406	-
h1SMcG0012407	S
h1SMcG0012408	-
h1SMcG0012409	-
h1SMcG0012410	S
h1SMcG0012411	J
h1SMcG0012412	A
h1SMcG0012413	A
h1SMcG0012414	E
h1SMcG0012415	-
h1SMcG0012416	Z
h1SMcG0012417	E
h1SMcG0012418	-
h1SMcG0012419	-
h1SMcG0012420	S
h1SMcG0012421	-
h1SMcG0012422	K
h1SMcG0012423	-
h1SMcG0012424	T
h1SMcG0012425	T
h1SMcG0012426	-
h1SMcG0012427	-
h1SMcG0012428	-
h1SMcG0012429	U
h1SMcG0012430	-
h1SMcG0012431	-
h1SMcG0012432	-
h1SMcG0012433	-
h1SMcG0012434	-
h1SMcG0012435	-
h1SMcG0012436	Z
h1SMcG0012437	-
h1SMcG0012438	OT
h1SMcG0012439	-
h1SMcG0012440	G
h1SMcG0012441	E
h1SMcG0012442	-
h1SMcG0012443	-
h1SMcG0012444	E
h1SMcG0012445	Z
h1SMcG0012446	K
h1SMcG0012447	-
h1SMcG0012448	O
h1SMcG0012449	S
h1SMcG0012450	G
h1SMcG0012451	-
h1SMcG0012452	-
h1SMcG0012453	S
h1SMcG0012454	K
h1SMcG0012455	C
h1SMcG0012456	-
h1SMcG0012457	O
h1SMcG0012458	S
h1SMcG0012459	-
h1SMcG0012460	E
h1SMcG0012461	-
h1SMcG0012462	-
h1SMcG0012463	-
h1SMcG0012464	K
h1SMcG0012465	-
h1SMcG0012466	S
h1SMcG0012467	J
h1SMcG0012468	E
h1SMcG0012469	-
h1SMcG0012470	U
h1SMcG0012471	-
h1SMcG0012472	-
h1SMcG0012473	-
h1SMcG0012474	B
h1SMcG0012475	T
h1SMcG0012476	S
h1SMcG0012477	O
h1SMcG0012478	-
h1SMcG0012479	E
h1SMcG0012480	BD
h1SMcG0012481	S
h1SMcG0012482	S
h1SMcG0012483	C
h1SMcG0012484	S
h1SMcG0012485	-
h1SMcG0012486	Z
h1SMcG0012487	-
h1SMcG0012488	-
h1SMcG0012489	Z
h1SMcG0012490	S
h1SMcG0012491	-
h1SMcG0012492	-
h1SMcG0012493	-
h1SMcG0012494	-
h1SMcG0012495	O
h1SMcG0012496	-
h1SMcG0012497	-
h1SMcG0012498	-
h1SMcG0012499	-
h1SMcG0012500	O
h1SMcG0012501	-
h1SMcG0012502	-
h1SMcG0012503	-
h1SMcG0012504	S
h1SMcG0012505	Z
h1SMcG0012506	U
h1SMcG0012507	K
h1SMcG0012508	-
h1SMcG0012509	U
h1SMcG0012510	O
h1SMcG0012511	F
h1SMcG0012512	L
h1SMcG0012513	-
h1SMcG0012514	S
h1SMcG0012515	-
h1SMcG0012516	S
h1SMcG0012517	O
h1SMcG0012518	Z
h1SMcG0012519	A
h1SMcG0012520	-
h1SMcG0012521	S
h1SMcG0012522	S
h1SMcG0012523	C
h1SMcG0012524	-
h1SMcG0012525	-
h1SMcG0012526	S
h1SMcG0012527	EPT
h1SMcG0012528	-
h1SMcG0012529	I
h1SMcG0012530	O
h1SMcG0012531	V
h1SMcG0012532	-
h1SMcG0012533	E
h1SMcG0012534	I
h1SMcG0012535	T
h1SMcG0012536	T
h1SMcG0012537	S
h1SMcG0012538	S
h1SMcG0012539	A
h1SMcG0012540	S
h1SMcG0012541	-
h1SMcG0012542	B
h1SMcG0012543	K
h1SMcG0012544	-
h1SMcG0012545	Z
h1SMcG0012546	G
h1SMcG0012547	-
h1SMcG0012548	T
h1SMcG0012549	-
h1SMcG0012550	-
h1SMcG0012551	Z
h1SMcG0012552	-
h1SMcG0012553	D
h1SMcG0012554	Z
h1SMcG0012555	S
h1SMcG0012556	E
h1SMcG0012557	K
h1SMcG0012558	T
h1SMcG0012559	-
h1SMcG0012560	-
h1SMcG0012561	O
h1SMcG0012562	U
h1SMcG0012563	Z
h1SMcG0012564	D
h1SMcG0012565	W
h1SMcG0012566	-
h1SMcG0012567	T
h1SMcG0012568	OU
h1SMcG0012569	A
h1SMcG0012570	M
h1SMcG0012571	O
h1SMcG0012572	K
h1SMcG0012573	-
h1SMcG0012574	-
h1SMcG0012575	Z
h1SMcG0012576	-
h1SMcG0012577	S
h1SMcG0012578	C
h1SMcG0012579	-
h1SMcG0012580	T
h1SMcG0012581	A
h1SMcG0012582	BD
h1SMcG0012583	A
h1SMcG0012584	-
h1SMcG0012585	C
h1SMcG0012586	-
h1SMcG0012587	S
h1SMcG0012588	-
h1SMcG0012589	-
h1SMcG0012590	-
h1SMcG0012591	-
h1SMcG0012592	-
h1SMcG0012593	-
h1SMcG0012594	-
h1SMcG0012595	-
h1SMcG0012596	T
h1SMcG0012597	O
h1SMcG0012598	S
h1SMcG0012599	S
h1SMcG0012600	-
h1SMcG0012601	T
h1SMcG0012602	S
h1SMcG0012603	S
h1SMcG0012604	U
h1SMcG0012605	-
h1SMcG0012606	-
h1SMcG0012607	-
h1SMcG0012608	S
h1SMcG0012609	-
h1SMcG0012610	T
h1SMcG0012611	-
h1SMcG0012612	K
h1SMcG0012613	T
h1SMcG0012614	T
h1SMcG0012615	S
h1SMcG0012616	-
h1SMcG0012617	-
h1SMcG0012618	S
h1SMcG0012619	-
h1SMcG0012620	S
h1SMcG0012621	S
h1SMcG0012622	J
h1SMcG0012623	E
h1SMcG0012624	-
h1SMcG0012625	C
h1SMcG0012626	-
h1SMcG0012627	S
h1SMcG0012628	O
h1SMcG0012629	O
h1SMcG0012630	T
h1SMcG0012631	-
h1SMcG0012632	O
h1SMcG0012633	-
h1SMcG0012634	I
h1SMcG0012635	I
h1SMcG0012636	I
h1SMcG0012637	I
h1SMcG0012638	-
h1SMcG0012639	-
h1SMcG0012640	O
h1SMcG0012641	-
h1SMcG0012642	I
h1SMcG0012643	I
h1SMcG0012644	I
h1SMcG0012645	K
h1SMcG0012646	S
h1SMcG0012647	-
h1SMcG0012648	Q
h1SMcG0012649	-
h1SMcG0012650	S
h1SMcG0012651	Q
h1SMcG0012652	-
h1SMcG0012653	I
h1SMcG0012654	-
h1SMcG0012655	L
h1SMcG0012656	T
h1SMcG0012657	-
h1SMcG0012658	P
h1SMcG0012659	-
h1SMcG0012660	-
h1SMcG0012661	T
h1SMcG0012662	T
h1SMcG0012663	C
h1SMcG0012664	S
h1SMcG0012665	U
h1SMcG0012666	-
h1SMcG0012667	-
h1SMcG0012668	-
h1SMcG0012669	Q
h1SMcG0012670	-
h1SMcG0012671	S
h1SMcG0012672	-
h1SMcG0012673	O
h1SMcG0012674	-
h1SMcG0012675	-
h1SMcG0012676	U
h1SMcG0012677	-
h1SMcG0012678	K
h1SMcG0012679	-
h1SMcG0012680	-
h1SMcG0012681	T
h1SMcG0012682	-
h1SMcG0012683	-
h1SMcG0012684	-
h1SMcG0012685	-
h1SMcG0012686	E
h1SMcG0012687	-
h1SMcG0012688	-
h1SMcG0012689	S
h1SMcG0012690	-
h1SMcG0012691	V
h1SMcG0012692	-
h1SMcG0012693	S
h1SMcG0012694	-
h1SMcG0012695	L
h1SMcG0012696	-
h1SMcG0012697	E
h1SMcG0012698	O
h1SMcG0012699	-
h1SMcG0012700	-
h1SMcG0012701	-
h1SMcG0012702	-
h1SMcG0012703	-
h1SMcG0012704	D
h1SMcG0012705	-
h1SMcG0012706	U
h1SMcG0012707	BD
h1SMcG0012708	-
h1SMcG0012709	O
h1SMcG0012710	Z
h1SMcG0012711	-
h1SMcG0012712	-
h1SMcG0012713	A
h1SMcG0012714	-
h1SMcG0012715	T
h1SMcG0012716	I
h1SMcG0012717	Z
h1SMcG0012718	T
h1SMcG0012719	-
h1SMcG0012720	D
h1SMcG0012721	E
h1SMcG0012722	S
h1SMcG0012723	T
h1SMcG0012724	-
h1SMcG0012725	O
h1SMcG0012726	T
h1SMcG0012727	I
h1SMcG0012728	S
h1SMcG0012729	-
h1SMcG0012730	S
h1SMcG0012731	T
h1SMcG0012732	W
h1SMcG0012733	U
h1SMcG0012734	G
h1SMcG0012735	-
h1SMcG0012736	G
h1SMcG0012737	S
h1SMcG0012738	B
h1SMcG0012739	S
h1SMcG0012740	-
h1SMcG0012741	Z
h1SMcG0012742	T
h1SMcG0012743	-
h1SMcG0012744	-
h1SMcG0012745	-
h1SMcG0012746	-
h1SMcG0012747	-
h1SMcG0012748	-
h1SMcG0012749	Z
h1SMcG0012750	K
h1SMcG0012751	P
h1SMcG0012752	-
h1SMcG0012753	-
h1SMcG0012754	E
h1SMcG0012755	-
h1SMcG0012756	S
h1SMcG0012757	E
h1SMcG0012758	-
h1SMcG0012759	T
h1SMcG0012760	S
h1SMcG0012761	I
h1SMcG0012762	S
h1SMcG0012763	IT
h1SMcG0012764	K
h1SMcG0012765	T
h1SMcG0012766	T
h1SMcG0012767	Z
h1SMcG0012768	K
h1SMcG0012769	S
h1SMcG0012770	O
h1SMcG0012771	DTZ
h1SMcG0012772	DTZ
h1SMcG0012773	S
h1SMcG0012774	TZ
h1SMcG0012775	S
h1SMcG0012776	K
h1SMcG0012777	K
h1SMcG0012778	-
h1SMcG0012779	O
h1SMcG0012780	S
h1SMcG0012781	-
h1SMcG0012782	EPT
h1SMcG0012783	U
h1SMcG0012784	-
h1SMcG0012785	U
h1SMcG0012786	EPT
h1SMcG0012787	T
h1SMcG0012788	U
h1SMcG0012789	EPT
h1SMcG0012790	EPT
h1SMcG0012791	U
h1SMcG0012792	U
h1SMcG0012793	-
h1SMcG0012794	P
h1SMcG0012795	-
h1SMcG0012796	-
h1SMcG0012797	-
h1SMcG0012798	U
h1SMcG0012799	U
h1SMcG0012800	EPT
h1SMcG0012801	U
h1SMcG0012802	EPT
h1SMcG0012803	U
h1SMcG0012804	EPT
h1SMcG0012805	A
h1SMcG0012806	A
h1SMcG0012807	-
h1SMcG0012808	S
h1SMcG0012809	O
h1SMcG0012810	C
h1SMcG0012811	-
h1SMcG0012812	K
h1SMcG0012813	O
h1SMcG0012814	-
h1SMcG0012815	Z
h1SMcG0012816	T
h1SMcG0012817	S
h1SMcG0012818	Z
h1SMcG0012819	Z
h1SMcG0012820	-
h1SMcG0012821	A
h1SMcG0012822	-
h1SMcG0012823	T
h1SMcG0012824	O
h1SMcG0012825	B
h1SMcG0012826	S
h1SMcG0012827	B
h1SMcG0012828	T
h1SMcG0012829	C
h1SMcG0012830	O
h1SMcG0012831	L
h1SMcG0012832	-
h1SMcG0012833	S
h1SMcG0012834	S
h1SMcG0012835	E
h1SMcG0012836	L
h1SMcG0012837	-
h1SMcG0012838	DTZ
h1SMcG0012839	K
h1SMcG0012840	D
h1SMcG0012841	-
h1SMcG0012842	S
h1SMcG0012843	-
h1SMcG0012844	-
h1SMcG0012845	-
h1SMcG0012846	S
h1SMcG0012847	A
h1SMcG0012848	A
h1SMcG0012849	-
h1SMcG0012850	A
h1SMcG0012851	P
h1SMcG0012852	C
h1SMcG0012853	EPT
h1SMcG0012854	P
h1SMcG0012855	S
h1SMcG0012856	S
h1SMcG0012857	T
h1SMcG0012858	-
h1SMcG0012859	S
h1SMcG0012860	O
h1SMcG0012861	S
h1SMcG0012862	B
h1SMcG0012863	-
h1SMcG0012864	-
h1SMcG0012865	-
h1SMcG0012866	-
h1SMcG0012867	T
h1SMcG0012868	-
h1SMcG0012869	S
h1SMcG0012870	L
h1SMcG0012871	S
h1SMcG0012872	-
h1SMcG0012873	-
h1SMcG0012874	K
h1SMcG0012875	L
h1SMcG0012876	A
h1SMcG0012877	O
h1SMcG0012878	-
h1SMcG0012879	P
h1SMcG0012880	T
h1SMcG0012881	S
h1SMcG0012882	-
h1SMcG0012883	D
h1SMcG0012884	-
h1SMcG0012885	T
h1SMcG0012886	O
h1SMcG0012887	O
h1SMcG0012888	L
h1SMcG0012889	D
h1SMcG0012890	D
h1SMcG0012891	-
h1SMcG0012892	F
h1SMcG0012893	-
h1SMcG0012894	T
h1SMcG0012895	A
h1SMcG0012896	-
h1SMcG0012897	O
h1SMcG0012898	T
h1SMcG0012899	T
h1SMcG0012900	S
h1SMcG0012901	-
h1SMcG0012902	K
h1SMcG0012903	P
h1SMcG0012904	P
h1SMcG0012905	-
h1SMcG0012906	P
h1SMcG0012907	-
h1SMcG0012908	W
h1SMcG0012909	KL
h1SMcG0012910	-
h1SMcG0012911	-
h1SMcG0012912	-
h1SMcG0012913	V
h1SMcG0012914	V
h1SMcG0012915	V
h1SMcG0012916	Q
h1SMcG0012917	O
h1SMcG0012918	A
h1SMcG0012919	U
h1SMcG0012920	P
h1SMcG0012921	M
h1SMcG0012922	T
h1SMcG0012923	O
h1SMcG0012924	O
h1SMcG0012925	S
h1SMcG0012926	-
h1SMcG0012927	G
h1SMcG0012928	EPT
h1SMcG0012929	S
h1SMcG0012930	OU
h1SMcG0012931	-
h1SMcG0012932	S
h1SMcG0012933	T
h1SMcG0012934	-
h1SMcG0012935	U
h1SMcG0012936	U
h1SMcG0012937	K
h1SMcG0012938	K
h1SMcG0012939	-
h1SMcG0012940	-
h1SMcG0012941	K
h1SMcG0012942	-
h1SMcG0012943	T
h1SMcG0012944	K
h1SMcG0012945	-
h1SMcG0012946	-
h1SMcG0012947	-
h1SMcG0012948	O
h1SMcG0012949	-
h1SMcG0012950	A
h1SMcG0012951	-
h1SMcG0012952	-
h1SMcG0012953	E
h1SMcG0012954	-
h1SMcG0012955	O
h1SMcG0012956	-
h1SMcG0012957	S
h1SMcG0012958	Z
h1SMcG0012959	-
h1SMcG0012960	S
h1SMcG0012961	S
h1SMcG0012962	-
h1SMcG0012963	-
h1SMcG0012964	Z
h1SMcG0012965	S
h1SMcG0012966	Z
h1SMcG0012967	-
h1SMcG0012968	W
h1SMcG0012969	-
h1SMcG0012970	-
h1SMcG0012971	-
h1SMcG0012972	O
h1SMcG0012973	-
h1SMcG0012974	S
h1SMcG0012975	T
h1SMcG0012976	S
h1SMcG0012977	-
h1SMcG0012978	O
h1SMcG0012979	S
h1SMcG0012980	L
h1SMcG0012981	-
h1SMcG0012982	-
h1SMcG0012983	A
h1SMcG0012984	J
h1SMcG0012985	-
h1SMcG0012986	T
h1SMcG0012987	Z
h1SMcG0012988	C
h1SMcG0012989	C
h1SMcG0012990	O
h1SMcG0012991	-
h1SMcG0012992	S
h1SMcG0012993	-
h1SMcG0012994	-
h1SMcG0012995	-
h1SMcG0012996	-
h1SMcG0012997	L
h1SMcG0012998	-
h1SMcG0012999	T
h1SMcG0013000	-
h1SMcG0013001	J
h1SMcG0013002	-
h1SMcG0013003	-
h1SMcG0013004	-
h1SMcG0013005	-
h1SMcG0013006	-
h1SMcG0013007	C
h1SMcG0013008	Z
h1SMcG0013009	S
h1SMcG0013010	T
h1SMcG0013011	A
h1SMcG0013012	T
h1SMcG0013013	O
h1SMcG0013014	G
h1SMcG0013015	C
h1SMcG0013016	S
h1SMcG0013017	-
h1SMcG0013018	O
h1SMcG0013019	-
h1SMcG0013020	S
h1SMcG0013021	F
h1SMcG0013022	-
h1SMcG0013023	U
h1SMcG0013024	O
h1SMcG0013025	-
h1SMcG0013026	U
h1SMcG0013027	-
h1SMcG0013028	P
h1SMcG0013029	P
h1SMcG0013030	J
h1SMcG0013031	-
h1SMcG0013032	S
h1SMcG0013033	J
h1SMcG0013034	G
h1SMcG0013035	-
h1SMcG0013036	-
h1SMcG0013037	T
h1SMcG0013038	S
h1SMcG0013039	T
h1SMcG0013040	-
h1SMcG0013041	-
h1SMcG0013042	O
h1SMcG0013043	-
h1SMcG0013044	A
h1SMcG0013045	-
h1SMcG0013046	K
h1SMcG0013047	O
h1SMcG0013048	K
h1SMcG0013049	E
h1SMcG0013050	-
h1SMcG0013051	-
h1SMcG0013052	-
h1SMcG0013053	-
h1SMcG0013054	C
h1SMcG0013055	E
h1SMcG0013056	-
h1SMcG0013057	-
h1SMcG0013058	E
h1SMcG0013059	I
h1SMcG0013060	-
h1SMcG0013061	I
h1SMcG0013062	-
h1SMcG0013063	-
h1SMcG0013064	E
h1SMcG0013065	-
h1SMcG0013066	-
h1SMcG0013067	-
h1SMcG0013068	-
h1SMcG0013069	-
h1SMcG0013070	-
h1SMcG0013071	-
h1SMcG0013072	-
h1SMcG0013073	S
h1SMcG0013074	-
h1SMcG0013075	E
h1SMcG0013076	-
h1SMcG0013077	B
h1SMcG0013078	-
h1SMcG0013079	H
h1SMcG0013080	A
h1SMcG0013081	-
h1SMcG0013082	-
h1SMcG0013083	-
h1SMcG0013084	K
h1SMcG0013085	S
h1SMcG0013086	-
h1SMcG0013087	S
h1SMcG0013088	S
h1SMcG0013089	S
h1SMcG0013090	-
h1SMcG0013091	-
h1SMcG0013092	-
h1SMcG0013093	-
h1SMcG0013094	U
h1SMcG0013095	-
h1SMcG0013096	-
h1SMcG0013097	-
h1SMcG0013098	-
h1SMcG0013099	-
h1SMcG0013100	-
h1SMcG0013101	-
h1SMcG0013102	EPT
h1SMcG0013103	PT
h1SMcG0013104	PT
h1SMcG0013105	S
h1SMcG0013106	S
h1SMcG0013107	-
h1SMcG0013108	S
h1SMcG0013109	-
h1SMcG0013110	-
h1SMcG0013111	A
h1SMcG0013112	Z
h1SMcG0013113	C
h1SMcG0013114	-
h1SMcG0013115	-
h1SMcG0013116	T
h1SMcG0013117	-
h1SMcG0013118	-
h1SMcG0013119	P
h1SMcG0013120	BD
h1SMcG0013121	S
h1SMcG0013122	S
h1SMcG0013123	I
h1SMcG0013124	L
h1SMcG0013125	-
h1SMcG0013126	S
h1SMcG0013127	I
h1SMcG0013128	-
h1SMcG0013129	J
h1SMcG0013130	-
h1SMcG0013131	-
h1SMcG0013132	P
h1SMcG0013133	G
h1SMcG0013134	G
h1SMcG0013135	C
h1SMcG0013136	P
h1SMcG0013137	-
h1SMcG0013138	P
h1SMcG0013139	-
h1SMcG0013140	-
h1SMcG0013141	S
h1SMcG0013142	P
h1SMcG0013143	-
h1SMcG0013144	PT
h1SMcG0013145	B
h1SMcG0013146	Z
h1SMcG0013147	-
h1SMcG0013148	-
h1SMcG0013149	-
h1SMcG0013150	T
h1SMcG0013151	S
h1SMcG0013152	T
h1SMcG0013153	S
h1SMcG0013154	T
h1SMcG0013155	P
h1SMcG0013156	T
h1SMcG0013157	K
h1SMcG0013158	K
h1SMcG0013159	-
h1SMcG0013160	MOT
h1SMcG0013161	T
h1SMcG0013162	Z
h1SMcG0013163	K
h1SMcG0013164	-
h1SMcG0013165	-
h1SMcG0013166	K
h1SMcG0013167	-
h1SMcG0013168	-
h1SMcG0013169	M
h1SMcG0013170	-
h1SMcG0013171	E
h1SMcG0013172	-
h1SMcG0013173	L
h1SMcG0013174	-
h1SMcG0013175	-
h1SMcG0013176	E
h1SMcG0013177	K
h1SMcG0013178	K
h1SMcG0013179	K
h1SMcG0013180	O
h1SMcG0013181	-
h1SMcG0013182	-
h1SMcG0013183	T
h1SMcG0013184	P
h1SMcG0013185	S
h1SMcG0013186	S
h1SMcG0013187	P
h1SMcG0013188	-
h1SMcG0013189	O
h1SMcG0013190	IN
h1SMcG0013191	Z
h1SMcG0013192	B
h1SMcG0013193	T
h1SMcG0013194	P
h1SMcG0013195	T
h1SMcG0013196	-
h1SMcG0013197	-
h1SMcG0013198	-
h1SMcG0013199	-
h1SMcG0013200	-
h1SMcG0013201	-
h1SMcG0013202	-
h1SMcG0013203	-
h1SMcG0013204	S
h1SMcG0013205	P
h1SMcG0013206	-
h1SMcG0013207	-
h1SMcG0013208	-
h1SMcG0013209	-
h1SMcG0013210	-
h1SMcG0013211	S
h1SMcG0013212	DZ
h1SMcG0013213	P
h1SMcG0013214	-
h1SMcG0013215	P
h1SMcG0013216	-
h1SMcG0013217	P
h1SMcG0013218	T
h1SMcG0013219	Z
h1SMcG0013220	T
h1SMcG0013221	-
h1SMcG0013222	-
h1SMcG0013223	T
h1SMcG0013224	-
h1SMcG0013225	T
h1SMcG0013226	T
h1SMcG0013227	C
h1SMcG0013228	O
h1SMcG0013229	E
h1SMcG0013230	-
h1SMcG0013231	Q
h1SMcG0013232	Z
h1SMcG0013233	-
h1SMcG0013234	-
h1SMcG0013235	S
h1SMcG0013236	S
h1SMcG0013237	S
h1SMcG0013238	-
h1SMcG0013239	K
h1SMcG0013240	-
h1SMcG0013241	Z
h1SMcG0013242	O
h1SMcG0013243	S
h1SMcG0013244	S
h1SMcG0013245	-
h1SMcG0013246	-
h1SMcG0013247	S
h1SMcG0013248	-
h1SMcG0013249	J
h1SMcG0013250	J
h1SMcG0013251	G
h1SMcG0013252	-
h1SMcG0013253	I
h1SMcG0013254	S
h1SMcG0013255	E
h1SMcG0013256	O
h1SMcG0013257	-
h1SMcG0013258	-
h1SMcG0013259	-
h1SMcG0013260	-
h1SMcG0013261	-
h1SMcG0013262	J
h1SMcG0013263	T
h1SMcG0013264	Q
h1SMcG0013265	-
h1SMcG0013266	S
h1SMcG0013267	Q
h1SMcG0013268	Q
h1SMcG0013269	-
h1SMcG0013270	-
h1SMcG0013271	-
h1SMcG0013272	Q
h1SMcG0013273	Q
h1SMcG0013274	-
h1SMcG0013275	E
h1SMcG0013276	E
h1SMcG0013277	E
h1SMcG0013278	E
h1SMcG0013279	Q
h1SMcG0013280	-
h1SMcG0013281	-
h1SMcG0013282	-
h1SMcG0013283	-
h1SMcG0013284	O
h1SMcG0013285	-
h1SMcG0013286	E
h1SMcG0013287	O
h1SMcG0013288	Z
h1SMcG0013289	E
h1SMcG0013290	S
h1SMcG0013291	E
h1SMcG0013292	-
h1SMcG0013293	-
h1SMcG0013294	S
h1SMcG0013295	-
h1SMcG0013296	-
h1SMcG0013297	T
h1SMcG0013298	C
h1SMcG0013299	T
h1SMcG0013300	E
h1SMcG0013301	E
h1SMcG0013302	Z
h1SMcG0013303	TV
h1SMcG0013304	-
h1SMcG0013305	S
h1SMcG0013306	S
h1SMcG0013307	U
h1SMcG0013308	U
h1SMcG0013309	U
h1SMcG0013310	-
h1SMcG0013311	-
h1SMcG0013312	S
h1SMcG0013313	U
h1SMcG0013314	-
h1SMcG0013315	U
h1SMcG0013316	D
h1SMcG0013317	-
h1SMcG0013318	-
h1SMcG0013319	-
h1SMcG0013320	-
h1SMcG0013321	O
h1SMcG0013322	-
h1SMcG0013323	T
h1SMcG0013324	C
h1SMcG0013325	U
h1SMcG0013326	P
h1SMcG0013327	P
h1SMcG0013328	S
h1SMcG0013329	U
h1SMcG0013330	K
h1SMcG0013331	A
h1SMcG0013332	-
h1SMcG0013333	U
h1SMcG0013334	G
h1SMcG0013335	K
h1SMcG0013336	S
h1SMcG0013337	A
h1SMcG0013338	S
h1SMcG0013339	-
h1SMcG0013340	K
h1SMcG0013341	T
h1SMcG0013342	-
h1SMcG0013343	-
h1SMcG0013344	T
h1SMcG0013345	S
h1SMcG0013346	-
h1SMcG0013347	S
h1SMcG0013348	-
h1SMcG0013349	S
h1SMcG0013350	-
h1SMcG0013351	-
h1SMcG0013352	C
h1SMcG0013353	C
h1SMcG0013354	T
h1SMcG0013355	T
h1SMcG0013356	-
h1SMcG0013357	-
h1SMcG0013358	E
h1SMcG0013359	-
h1SMcG0013360	I
h1SMcG0013361	P
h1SMcG0013362	-
h1SMcG0013363	K
h1SMcG0013364	S
h1SMcG0013365	-
h1SMcG0013366	C
h1SMcG0013367	OT
h1SMcG0013368	S
h1SMcG0013369	T
h1SMcG0013370	O
h1SMcG0013371	B
h1SMcG0013372	O
h1SMcG0013373	T
h1SMcG0013374	S
h1SMcG0013375	-
h1SMcG0013376	J
h1SMcG0013377	S
h1SMcG0013378	O
h1SMcG0013379	I
h1SMcG0013380	PT
h1SMcG0013381	PT
h1SMcG0013382	P
h1SMcG0013383	T
h1SMcG0013384	PT
h1SMcG0013385	PT
h1SMcG0013386	PT
h1SMcG0013387	-
h1SMcG0013388	T
h1SMcG0013389	-
h1SMcG0013390	U
h1SMcG0013391	C
h1SMcG0013392	O
h1SMcG0013393	F
h1SMcG0013394	E
h1SMcG0013395	-
h1SMcG0013396	G
h1SMcG0013397	G
h1SMcG0013398	F
h1SMcG0013399	S
h1SMcG0013400	S
h1SMcG0013401	E
h1SMcG0013402	-
h1SMcG0013403	J
h1SMcG0013404	D
h1SMcG0013405	-
h1SMcG0013406	T
h1SMcG0013407	-
h1SMcG0013408	S
h1SMcG0013409	M
h1SMcG0013410	-
h1SMcG0013411	-
h1SMcG0013412	-
h1SMcG0013413	P
h1SMcG0013414	-
h1SMcG0013415	T
h1SMcG0013416	S
h1SMcG0013417	S
h1SMcG0013418	-
h1SMcG0013419	Z
h1SMcG0013420	I
h1SMcG0013421	-
h1SMcG0013422	-
h1SMcG0013423	S
h1SMcG0013424	S
h1SMcG0013425	L
h1SMcG0013426	-
h1SMcG0013427	-
h1SMcG0013428	S
h1SMcG0013429	-
h1SMcG0013430	S
h1SMcG0013431	S
h1SMcG0013432	S
h1SMcG0013433	T
h1SMcG0013434	S
h1SMcG0013435	D
h1SMcG0013436	S
h1SMcG0013437	A
h1SMcG0013438	T
h1SMcG0013439	S
h1SMcG0013440	-
h1SMcG0013441	OT
h1SMcG0013442	OT
h1SMcG0013443	O
h1SMcG0013444	-
h1SMcG0013445	Z
h1SMcG0013446	T
h1SMcG0013447	S
h1SMcG0013448	-
h1SMcG0013449	S
h1SMcG0013450	O
h1SMcG0013451	T
h1SMcG0013452	Z
h1SMcG0013453	-
h1SMcG0013454	L
h1SMcG0013455	C
h1SMcG0013456	C
h1SMcG0013457	G
h1SMcG0013458	-
h1SMcG0013459	-
h1SMcG0013460	-
h1SMcG0013461	-
h1SMcG0013462	M
h1SMcG0013463	-
h1SMcG0013464	-
h1SMcG0013465	-
h1SMcG0013466	-
h1SMcG0013467	-
h1SMcG0013468	E
h1SMcG0013469	-
h1SMcG0013470	-
h1SMcG0013471	-
h1SMcG0013472	-
h1SMcG0013473	-
h1SMcG0013474	K
h1SMcG0013475	-
h1SMcG0013476	E
h1SMcG0013477	K
h1SMcG0013478	E
h1SMcG0013479	S
h1SMcG0013480	T
h1SMcG0013481	J
h1SMcG0013482	-
h1SMcG0013483	M
h1SMcG0013484	S
h1SMcG0013485	S
h1SMcG0013486	-
h1SMcG0013487	-
h1SMcG0013488	S
h1SMcG0013489	C
h1SMcG0013490	O
h1SMcG0013491	E
h1SMcG0013492	Z
h1SMcG0013493	T
h1SMcG0013494	-
h1SMcG0013495	-
h1SMcG0013496	-
h1SMcG0013497	Z
h1SMcG0013498	-
h1SMcG0013499	G
h1SMcG0013500	-
h1SMcG0013501	J
h1SMcG0013502	-
h1SMcG0013503	-
h1SMcG0013504	I
h1SMcG0013505	-
h1SMcG0013506	-
h1SMcG0013507	T
h1SMcG0013508	-
h1SMcG0013509	-
h1SMcG0013510	S
h1SMcG0013511	E
h1SMcG0013512	S
h1SMcG0013513	T
h1SMcG0013514	H
h1SMcG0013515	T
h1SMcG0013516	S
h1SMcG0013517	S
h1SMcG0013518	A
h1SMcG0013519	E
h1SMcG0013520	-
h1SMcG0013521	S
h1SMcG0013522	-
h1SMcG0013523	-
h1SMcG0013524	-
h1SMcG0013525	A
h1SMcG0013526	P
h1SMcG0013527	-
h1SMcG0013528	-
h1SMcG0013529	O
h1SMcG0013530	C
h1SMcG0013531	U
h1SMcG0013532	A
h1SMcG0013533	K
h1SMcG0013534	S
h1SMcG0013535	-
h1SMcG0013536	C
h1SMcG0013537	BD
h1SMcG0013538	H
h1SMcG0013539	T
h1SMcG0013540	J
h1SMcG0013541	O
h1SMcG0013542	-
h1SMcG0013543	-
h1SMcG0013544	-
h1SMcG0013545	-
h1SMcG0013546	-
h1SMcG0013547	-
h1SMcG0013548	J
h1SMcG0013549	S
h1SMcG0013550	J
h1SMcG0013551	O
h1SMcG0013552	O
h1SMcG0013553	-
h1SMcG0013554	-
h1SMcG0013555	-
h1SMcG0013556	Z
h1SMcG0013557	Z
h1SMcG0013558	O
h1SMcG0013559	Z
h1SMcG0013560	B
h1SMcG0013561	-
h1SMcG0013562	-
h1SMcG0013563	B
h1SMcG0013564	-
h1SMcG0013565	T
h1SMcG0013566	-
h1SMcG0013567	-
h1SMcG0013568	U
h1SMcG0013569	K
h1SMcG0013570	-
h1SMcG0013571	T
h1SMcG0013572	-
h1SMcG0013573	O
h1SMcG0013574	-
h1SMcG0013575	U
h1SMcG0013576	-
h1SMcG0013577	S
h1SMcG0013578	S
h1SMcG0013579	Z
h1SMcG0013580	Z
h1SMcG0013581	W
h1SMcG0013582	-
h1SMcG0013583	-
h1SMcG0013584	-
h1SMcG0013585	V
h1SMcG0013586	-
h1SMcG0013587	PT
h1SMcG0013588	-
h1SMcG0013589	-
h1SMcG0013590	-
h1SMcG0013591	Z
h1SMcG0013592	-
h1SMcG0013593	S
h1SMcG0013594	K
h1SMcG0013595	T
h1SMcG0013596	T
h1SMcG0013597	O
h1SMcG0013598	-
h1SMcG0013599	-
h1SMcG0013600	O
h1SMcG0013601	TU
h1SMcG0013602	-
h1SMcG0013603	L
h1SMcG0013604	-
h1SMcG0013605	S
h1SMcG0013606	-
h1SMcG0013607	-
h1SMcG0013608	O
h1SMcG0013609	O
h1SMcG0013610	T
h1SMcG0013611	-
h1SMcG0013612	-
h1SMcG0013613	-
h1SMcG0013614	E
h1SMcG0013615	-
h1SMcG0013616	T
h1SMcG0013617	-
h1SMcG0013618	Z
h1SMcG0013619	-
h1SMcG0013620	K
h1SMcG0013621	O
h1SMcG0013622	O
h1SMcG0013623	-
h1SMcG0013624	-
h1SMcG0013625	-
h1SMcG0013626	-
h1SMcG0013627	-
h1SMcG0013628	O
h1SMcG0013629	-
h1SMcG0013630	-
h1SMcG0013631	T
h1SMcG0013632	-
h1SMcG0013633	EF
h1SMcG0013634	-
h1SMcG0013635	U
h1SMcG0013636	K
h1SMcG0013637	S
h1SMcG0013638	-
h1SMcG0013639	J
h1SMcG0013640	-
h1SMcG0013641	L
h1SMcG0013642	L
h1SMcG0013643	T
h1SMcG0013644	P
h1SMcG0013645	-
h1SMcG0013646	-
h1SMcG0013647	-
h1SMcG0013648	-
h1SMcG0013649	-
h1SMcG0013650	-
h1SMcG0013651	-
h1SMcG0013652	-
h1SMcG0013653	-
h1SMcG0013654	-
h1SMcG0013655	-
h1SMcG0013656	-
h1SMcG0013657	-
h1SMcG0013658	ABO
h1SMcG0013659	O
h1SMcG0013660	K
h1SMcG0013661	D
h1SMcG0013662	-
h1SMcG0013663	S
h1SMcG0013664	TZ
h1SMcG0013665	Y
h1SMcG0013666	-
h1SMcG0013667	-
h1SMcG0013668	S
h1SMcG0013669	C
h1SMcG0013670	V
h1SMcG0013671	O
h1SMcG0013672	-
h1SMcG0013673	-
h1SMcG0013674	-
h1SMcG0013675	-
h1SMcG0013676	-
h1SMcG0013677	-
h1SMcG0013678	P
h1SMcG0013679	-
h1SMcG0013680	S
h1SMcG0013681	-
h1SMcG0013682	S
h1SMcG0013683	U
h1SMcG0013684	-
h1SMcG0013685	-
h1SMcG0013686	I
h1SMcG0013687	S
h1SMcG0013688	-
h1SMcG0013689	U
h1SMcG0013690	-
h1SMcG0013691	S
h1SMcG0013692	T
h1SMcG0013693	A
h1SMcG0013694	-
h1SMcG0013695	-
h1SMcG0013696	-
h1SMcG0013697	-
h1SMcG0013698	F
h1SMcG0013699	-
h1SMcG0013700	-
h1SMcG0013701	-
h1SMcG0013702	-
h1SMcG0013703	PT
h1SMcG0013704	-
h1SMcG0013705	U
h1SMcG0013706	S
h1SMcG0013707	S
h1SMcG0013708	-
h1SMcG0013709	-
h1SMcG0013710	D
h1SMcG0013711	-
h1SMcG0013712	T
h1SMcG0013713	T
h1SMcG0013714	S
h1SMcG0013715	S
h1SMcG0013716	S
h1SMcG0013717	-
h1SMcG0013718	-
h1SMcG0013719	Q
h1SMcG0013720	-
h1SMcG0013721	-
h1SMcG0013722	O
h1SMcG0013723	S
h1SMcG0013724	U
h1SMcG0013725	S
h1SMcG0013726	-
h1SMcG0013727	PT
h1SMcG0013728	S
h1SMcG0013729	PT
h1SMcG0013730	K
h1SMcG0013731	TU
h1SMcG0013732	-
h1SMcG0013733	-
h1SMcG0013734	-
h1SMcG0013735	AJ
h1SMcG0013736	S
h1SMcG0013737	S
h1SMcG0013738	S
h1SMcG0013739	S
h1SMcG0013740	S
h1SMcG0013741	P
h1SMcG0013742	K
h1SMcG0013743	-
h1SMcG0013744	-
h1SMcG0013745	S
h1SMcG0013746	AJ
h1SMcG0013747	S
h1SMcG0013748	O
h1SMcG0013749	-
h1SMcG0013750	-
h1SMcG0013751	-
h1SMcG0013752	-
h1SMcG0013753	T
h1SMcG0013754	-
h1SMcG0013755	-
h1SMcG0013756	EGP
h1SMcG0013757	G
h1SMcG0013758	S
h1SMcG0013759	Z
h1SMcG0013760	-
h1SMcG0013761	T
h1SMcG0013762	-
h1SMcG0013763	-
h1SMcG0013764	S
h1SMcG0013765	-
h1SMcG0013766	E
h1SMcG0013767	A
h1SMcG0013768	S
h1SMcG0013769	-
h1SMcG0013770	T
h1SMcG0013771	-
h1SMcG0013772	-
h1SMcG0013773	S
h1SMcG0013774	O
h1SMcG0013775	-
h1SMcG0013776	T
h1SMcG0013777	S
h1SMcG0013778	-
h1SMcG0013779	-
h1SMcG0013780	G
h1SMcG0013781	-
h1SMcG0013782	O
h1SMcG0013783	S
h1SMcG0013784	U
h1SMcG0013785	-
h1SMcG0013786	-
h1SMcG0013787	S
h1SMcG0013788	T
h1SMcG0013789	U
h1SMcG0013790	S
h1SMcG0013791	K
h1SMcG0013792	E
h1SMcG0013793	-
h1SMcG0013794	-
h1SMcG0013795	T
h1SMcG0013796	T
h1SMcG0013797	-
h1SMcG0013798	Z
h1SMcG0013799	A
h1SMcG0013800	W
h1SMcG0013801	-
h1SMcG0013802	E
h1SMcG0013803	S
h1SMcG0013804	T
h1SMcG0013805	A
h1SMcG0013806	-
h1SMcG0013807	O
h1SMcG0013808	S
h1SMcG0013809	U
h1SMcG0013810	O
h1SMcG0013811	J
h1SMcG0013812	U
h1SMcG0013813	Q
h1SMcG0013814	-
h1SMcG0013815	Q
h1SMcG0013816	Q
h1SMcG0013817	Q
h1SMcG0013818	Q
h1SMcG0013819	JO
h1SMcG0013820	Q
h1SMcG0013821	-
h1SMcG0013822	O
h1SMcG0013823	A
h1SMcG0013824	H
h1SMcG0013825	T
h1SMcG0013826	-
h1SMcG0013827	J
h1SMcG0013828	P
h1SMcG0013829	S
h1SMcG0013830	Z
h1SMcG0013831	T
h1SMcG0013832	S
h1SMcG0013833	O
h1SMcG0013834	Z
h1SMcG0013835	-
h1SMcG0013836	O
h1SMcG0013837	I
h1SMcG0013838	FQ
h1SMcG0013839	P
h1SMcG0013840	-
h1SMcG0013841	-
h1SMcG0013842	O
h1SMcG0013843	-
h1SMcG0013844	U
h1SMcG0013845	-
h1SMcG0013846	O
h1SMcG0013847	O
h1SMcG0013848	S
h1SMcG0013849	U
h1SMcG0013850	O
h1SMcG0013851	-
h1SMcG0013852	-
h1SMcG0013853	-
h1SMcG0013854	T
h1SMcG0013855	S
h1SMcG0013856	-
h1SMcG0013857	-
h1SMcG0013858	-
h1SMcG0013859	T
h1SMcG0013860	Z
h1SMcG0013861	-
h1SMcG0013862	O
h1SMcG0013863	E
h1SMcG0013864	T
h1SMcG0013865	S
h1SMcG0013866	-
h1SMcG0013867	S
h1SMcG0013868	Z
h1SMcG0013869	U
h1SMcG0013870	I
h1SMcG0013871	O
h1SMcG0013872	-
h1SMcG0013873	M
h1SMcG0013874	S
h1SMcG0013875	K
h1SMcG0013876	T
h1SMcG0013877	-
h1SMcG0013878	D
h1SMcG0013879	T
h1SMcG0013880	K
h1SMcG0013881	S
h1SMcG0013882	-
h1SMcG0013883	-
h1SMcG0013884	F
h1SMcG0013885	-
h1SMcG0013886	S
h1SMcG0013887	-
h1SMcG0013888	S
h1SMcG0013889	-
h1SMcG0013890	T
h1SMcG0013891	S
h1SMcG0013892	E
h1SMcG0013893	-
h1SMcG0013894	U
h1SMcG0013895	-
h1SMcG0013896	-
h1SMcG0013897	P
h1SMcG0013898	-
h1SMcG0013899	-
h1SMcG0013900	T
h1SMcG0013901	S
h1SMcG0013902	-
h1SMcG0013903	S
h1SMcG0013904	S
h1SMcG0013905	S
h1SMcG0013906	J
h1SMcG0013907	PT
h1SMcG0013908	S
h1SMcG0013909	K
h1SMcG0013910	J
h1SMcG0013911	J
h1SMcG0013912	-
h1SMcG0013913	U
h1SMcG0013914	U
h1SMcG0013915	S
h1SMcG0013916	S
h1SMcG0013917	TU
h1SMcG0013918	J
h1SMcG0013919	O
h1SMcG0013920	J
h1SMcG0013921	O
h1SMcG0013922	S
h1SMcG0013923	-
h1SMcG0013924	-
h1SMcG0013925	-
h1SMcG0013926	-
h1SMcG0013927	-
h1SMcG0013928	P
h1SMcG0013929	K
h1SMcG0013930	-
h1SMcG0013931	-
h1SMcG0013932	T
h1SMcG0013933	-
h1SMcG0013934	A
h1SMcG0013935	S
h1SMcG0013936	P
h1SMcG0013937	P
h1SMcG0013938	Z
h1SMcG0013939	-
h1SMcG0013940	T
h1SMcG0013941	T
h1SMcG0013942	T
h1SMcG0013943	-
h1SMcG0013944	K
h1SMcG0013945	-
h1SMcG0013946	U
h1SMcG0013947	E
h1SMcG0013948	S
h1SMcG0013949	-
h1SMcG0013950	-
h1SMcG0013951	S
h1SMcG0013952	-
h1SMcG0013953	T
h1SMcG0013954	O
h1SMcG0013955	-
h1SMcG0013956	T
h1SMcG0013957	V
h1SMcG0013958	T
h1SMcG0013959	-
h1SMcG0013960	E
h1SMcG0013961	S
h1SMcG0013962	-
h1SMcG0013963	O
h1SMcG0013964	J
h1SMcG0013965	C
h1SMcG0013966	Z
h1SMcG0013967	-
h1SMcG0013968	O
h1SMcG0013969	P
h1SMcG0013970	S
h1SMcG0013971	-
h1SMcG0013972	L
h1SMcG0013973	O
h1SMcG0013974	T
h1SMcG0013975	T
h1SMcG0013976	S
h1SMcG0013977	A
h1SMcG0013978	-
h1SMcG0013979	E
h1SMcG0013980	-
h1SMcG0013981	S
h1SMcG0013982	K
h1SMcG0013983	-
h1SMcG0013984	S
h1SMcG0013985	O
h1SMcG0013986	T
h1SMcG0013987	K
h1SMcG0013988	-
h1SMcG0013989	-
h1SMcG0013990	S
h1SMcG0013991	T
h1SMcG0013992	-
h1SMcG0013993	-
h1SMcG0013994	T
h1SMcG0013995	-
h1SMcG0013996	B
h1SMcG0013997	L
h1SMcG0013998	-
h1SMcG0013999	D
h1SMcG0014000	IO
h1SMcG0014001	-
h1SMcG0014002	S
h1SMcG0014003	O
h1SMcG0014004	S
h1SMcG0014005	K
h1SMcG0014006	-
h1SMcG0014007	-
h1SMcG0014008	-
h1SMcG0014009	-
h1SMcG0014010	E
h1SMcG0014011	E
h1SMcG0014012	A
h1SMcG0014013	P
h1SMcG0014014	T
h1SMcG0014015	B
h1SMcG0014016	T
h1SMcG0014017	O
h1SMcG0014018	O
h1SMcG0014019	S
h1SMcG0014020	-
h1SMcG0014021	-
h1SMcG0014022	-
h1SMcG0014023	I
h1SMcG0014024	Q
h1SMcG0014025	I
h1SMcG0014026	PT
h1SMcG0014027	-
h1SMcG0014028	S
h1SMcG0014029	W
h1SMcG0014030	-
h1SMcG0014031	S
h1SMcG0014032	-
h1SMcG0014033	T
h1SMcG0014034	-
h1SMcG0014035	-
h1SMcG0014036	-
h1SMcG0014037	S
h1SMcG0014038	GT
h1SMcG0014039	S
h1SMcG0014040	-
h1SMcG0014041	J
h1SMcG0014042	O
h1SMcG0014043	K
h1SMcG0014044	O
h1SMcG0014045	-
h1SMcG0014046	-
h1SMcG0014047	-
h1SMcG0014048	A
h1SMcG0014049	O
h1SMcG0014050	C
h1SMcG0014051	-
h1SMcG0014052	E
h1SMcG0014053	E
h1SMcG0014054	A
h1SMcG0014055	-
h1SMcG0014056	O
h1SMcG0014057	K
h1SMcG0014058	C
h1SMcG0014059	-
h1SMcG0014060	G
h1SMcG0014061	-
h1SMcG0014062	-
h1SMcG0014063	K
h1SMcG0014064	L
h1SMcG0014065	-
h1SMcG0014066	-
h1SMcG0014067	K
h1SMcG0014068	-
h1SMcG0014069	TU
h1SMcG0014070	S
h1SMcG0014071	-
h1SMcG0014072	O
h1SMcG0014073	K
h1SMcG0014074	L
h1SMcG0014075	-
h1SMcG0014076	K
h1SMcG0014077	-
h1SMcG0014078	BD
h1SMcG0014079	TU
h1SMcG0014080	S
h1SMcG0014081	BD
h1SMcG0014082	M
h1SMcG0014083	A
h1SMcG0014084	-
h1SMcG0014085	O
h1SMcG0014086	O
h1SMcG0014087	-
h1SMcG0014088	O
h1SMcG0014089	-
h1SMcG0014090	S
h1SMcG0014091	J
h1SMcG0014092	S
h1SMcG0014093	Z
h1SMcG0014094	S
h1SMcG0014095	K
h1SMcG0014096	S
h1SMcG0014097	T
h1SMcG0014098	-
h1SMcG0014099	S
h1SMcG0014100	S
h1SMcG0014101	S
h1SMcG0014102	-
h1SMcG0014103	O
h1SMcG0014104	-
h1SMcG0014105	S
h1SMcG0014106	P
h1SMcG0014107	-
h1SMcG0014108	S
h1SMcG0014109	-
h1SMcG0014110	T
h1SMcG0014111	TW
h1SMcG0014112	T
h1SMcG0014113	-
h1SMcG0014114	T
h1SMcG0014115	T
h1SMcG0014116	S
h1SMcG0014117	U
h1SMcG0014118	T
h1SMcG0014119	O
h1SMcG0014120	G
h1SMcG0014121	U
h1SMcG0014122	T
h1SMcG0014123	S
h1SMcG0014124	S
h1SMcG0014125	A
h1SMcG0014126	S
h1SMcG0014127	K
h1SMcG0014128	S
h1SMcG0014129	T
h1SMcG0014130	TZ
h1SMcG0014131	O
h1SMcG0014132	J
h1SMcG0014133	-
h1SMcG0014134	W
h1SMcG0014135	T
h1SMcG0014136	O
h1SMcG0014137	-
h1SMcG0014138	T
h1SMcG0014139	P
h1SMcG0014140	-
h1SMcG0014141	-
h1SMcG0014142	T
h1SMcG0014143	I
h1SMcG0014144	-
h1SMcG0014145	T
h1SMcG0014146	-
h1SMcG0014147	-
h1SMcG0014148	T
h1SMcG0014149	-
h1SMcG0014150	O
h1SMcG0014151	-
h1SMcG0014152	-
h1SMcG0014153	-
h1SMcG0014154	T
h1SMcG0014155	Z
h1SMcG0014156	T
h1SMcG0014157	-
h1SMcG0014158	S
h1SMcG0014159	K
h1SMcG0014160	T
h1SMcG0014161	U
h1SMcG0014162	-
h1SMcG0014163	K
h1SMcG0014164	P
h1SMcG0014165	T
h1SMcG0014166	DZ
h1SMcG0014167	-
h1SMcG0014168	T
h1SMcG0014169	A
h1SMcG0014170	S
h1SMcG0014171	S
h1SMcG0014172	S
h1SMcG0014173	-
h1SMcG0014174	S
h1SMcG0014175	S
h1SMcG0014176	-
h1SMcG0014177	S
h1SMcG0014178	-
h1SMcG0014179	T
h1SMcG0014180	G
h1SMcG0014181	K
h1SMcG0014182	S
h1SMcG0014183	C
h1SMcG0014184	-
h1SMcG0014185	S
h1SMcG0014186	-
h1SMcG0014187	-
h1SMcG0014188	T
h1SMcG0014189	P
h1SMcG0014190	-
h1SMcG0014191	S
h1SMcG0014192	S
h1SMcG0014193	A
h1SMcG0014194	-
h1SMcG0014195	S
h1SMcG0014196	TU
h1SMcG0014197	K
h1SMcG0014198	Z
h1SMcG0014199	S
h1SMcG0014200	-
h1SMcG0014201	-
h1SMcG0014202	P
h1SMcG0014203	Z
h1SMcG0014204	E
h1SMcG0014205	-
h1SMcG0014206	O
h1SMcG0014207	O
h1SMcG0014208	-
h1SMcG0014209	-
h1SMcG0014210	U
h1SMcG0014211	-
h1SMcG0014212	-
h1SMcG0014213	-
h1SMcG0014214	T
h1SMcG0014215	S
h1SMcG0014216	O
h1SMcG0014217	-
h1SMcG0014218	S
h1SMcG0014219	O
h1SMcG0014220	-
h1SMcG0014221	L
h1SMcG0014222	K
h1SMcG0014223	P
h1SMcG0014224	-
h1SMcG0014225	B
h1SMcG0014226	O
h1SMcG0014227	-
h1SMcG0014228	A
h1SMcG0014229	-
h1SMcG0014230	-
h1SMcG0014231	-
h1SMcG0014232	CO
h1SMcG0014233	-
h1SMcG0014234	S
h1SMcG0014235	-
h1SMcG0014236	Z
h1SMcG0014237	O
h1SMcG0014238	D
h1SMcG0014239	C
h1SMcG0014240	-
h1SMcG0014241	GOU
h1SMcG0014242	S
h1SMcG0014243	U
h1SMcG0014244	-
h1SMcG0014245	-
h1SMcG0014246	-
h1SMcG0014247	-
h1SMcG0014248	-
h1SMcG0014249	-
h1SMcG0014250	-
h1SMcG0014251	L
h1SMcG0014252	S
h1SMcG0014253	E
h1SMcG0014254	T
h1SMcG0014255	T
h1SMcG0014256	-
h1SMcG0014257	K
h1SMcG0014258	T
h1SMcG0014259	T
h1SMcG0014260	OT
h1SMcG0014261	T
h1SMcG0014262	DZ
h1SMcG0014263	G
h1SMcG0014264	T
h1SMcG0014265	L
h1SMcG0014266	S
h1SMcG0014267	S
h1SMcG0014268	-
h1SMcG0014269	B
h1SMcG0014270	-
h1SMcG0014271	-
h1SMcG0014272	E
h1SMcG0014273	-
h1SMcG0014274	C
h1SMcG0014275	E
h1SMcG0014276	UY
h1SMcG0014277	T
h1SMcG0014278	-
h1SMcG0014279	-
h1SMcG0014280	G
h1SMcG0014281	-
h1SMcG0014282	S
h1SMcG0014283	G
h1SMcG0014284	-
h1SMcG0014285	-
h1SMcG0014286	T
h1SMcG0014287	I
h1SMcG0014288	P
h1SMcG0014289	T
h1SMcG0014290	E
h1SMcG0014291	-
h1SMcG0014292	-
h1SMcG0014293	P
h1SMcG0014294	U
h1SMcG0014295	K
h1SMcG0014296	S
h1SMcG0014297	A
h1SMcG0014298	K
h1SMcG0014299	U
h1SMcG0014300	L
h1SMcG0014301	T
h1SMcG0014302	-
h1SMcG0014303	J
h1SMcG0014304	H
h1SMcG0014305	T
h1SMcG0014306	U
h1SMcG0014307	G
h1SMcG0014308	H
h1SMcG0014309	H
h1SMcG0014310	T
h1SMcG0014311	T
h1SMcG0014312	S
h1SMcG0014313	Z
h1SMcG0014314	Q
h1SMcG0014315	T
h1SMcG0014316	-
h1SMcG0014317	T
h1SMcG0014318	-
h1SMcG0014319	J
h1SMcG0014320	PT
h1SMcG0014321	A
h1SMcG0014322	O
h1SMcG0014323	S
h1SMcG0014324	-
h1SMcG0014325	O
h1SMcG0014326	J
h1SMcG0014327	UY
h1SMcG0014328	S
h1SMcG0014329	-
h1SMcG0014330	-
h1SMcG0014331	O
h1SMcG0014332	-
h1SMcG0014333	S
h1SMcG0014334	L
h1SMcG0014335	E
h1SMcG0014336	-
h1SMcG0014337	S
h1SMcG0014338	-
h1SMcG0014339	-
h1SMcG0014340	-
h1SMcG0014341	P
h1SMcG0014342	L
h1SMcG0014343	L
h1SMcG0014344	O
h1SMcG0014345	S
h1SMcG0014346	P
h1SMcG0014347	S
h1SMcG0014348	-
h1SMcG0014349	A
h1SMcG0014350	PT
h1SMcG0014351	-
h1SMcG0014352	K
h1SMcG0014353	-
h1SMcG0014354	T
h1SMcG0014355	-
h1SMcG0014356	L
h1SMcG0014357	T
h1SMcG0014358	O
h1SMcG0014359	G
h1SMcG0014360	G
h1SMcG0014361	G
h1SMcG0014362	G
h1SMcG0014363	-
h1SMcG0014364	K
h1SMcG0014365	-
h1SMcG0014366	-
h1SMcG0014367	T
h1SMcG0014368	O
h1SMcG0014369	O
h1SMcG0014370	E
h1SMcG0014371	E
h1SMcG0014372	E
h1SMcG0014373	-
h1SMcG0014374	T
h1SMcG0014375	U
h1SMcG0014376	E
h1SMcG0014377	S
h1SMcG0014378	-
h1SMcG0014379	Z
h1SMcG0014380	-
h1SMcG0014381	A
h1SMcG0014382	-
h1SMcG0014383	A
h1SMcG0014384	T
h1SMcG0014385	S
h1SMcG0014386	T
h1SMcG0014387	K
h1SMcG0014388	-
h1SMcG0014389	L
h1SMcG0014390	S
h1SMcG0014391	-
h1SMcG0014392	-
h1SMcG0014393	T
h1SMcG0014394	C
h1SMcG0014395	U
h1SMcG0014396	S
h1SMcG0014397	A
h1SMcG0014398	-
h1SMcG0014399	-
h1SMcG0014400	O
h1SMcG0014401	-
h1SMcG0014402	S
h1SMcG0014403	-
h1SMcG0014404	DZ
h1SMcG0014405	O
h1SMcG0014406	T
h1SMcG0014407	T
h1SMcG0014408	G
h1SMcG0014409	-
h1SMcG0014410	-
h1SMcG0014411	-
h1SMcG0014412	BD
h1SMcG0014413	E
h1SMcG0014414	-
h1SMcG0014415	I
h1SMcG0014416	J
h1SMcG0014417	S
h1SMcG0014418	C
h1SMcG0014419	C
h1SMcG0014420	C
h1SMcG0014421	L
h1SMcG0014422	-
h1SMcG0014423	-
h1SMcG0014424	-
h1SMcG0014425	Q
h1SMcG0014426	Q
h1SMcG0014427	-
h1SMcG0014428	T
h1SMcG0014429	S
h1SMcG0014430	I
h1SMcG0014431	-
h1SMcG0014432	M
h1SMcG0014433	-
h1SMcG0014434	T
h1SMcG0014435	-
h1SMcG0014436	G
h1SMcG0014437	-
h1SMcG0014438	S
h1SMcG0014439	F
h1SMcG0014440	D
h1SMcG0014441	E
h1SMcG0014442	-
h1SMcG0014443	C
h1SMcG0014444	-
h1SMcG0014445	BT
h1SMcG0014446	T
h1SMcG0014447	D
h1SMcG0014448	G
h1SMcG0014449	O
h1SMcG0014450	-
h1SMcG0014451	G
h1SMcG0014452	-
h1SMcG0014453	G
h1SMcG0014454	G
h1SMcG0014455	G
h1SMcG0014456	-
h1SMcG0014457	E
h1SMcG0014458	G
h1SMcG0014459	G
h1SMcG0014460	-
h1SMcG0014461	G
h1SMcG0014462	-
h1SMcG0014463	-
h1SMcG0014464	G
h1SMcG0014465	G
h1SMcG0014466	U
h1SMcG0014467	-
h1SMcG0014468	-
h1SMcG0014469	-
h1SMcG0014470	-
h1SMcG0014471	-
h1SMcG0014472	S
h1SMcG0014473	-
h1SMcG0014474	-
h1SMcG0014475	A
h1SMcG0014476	-
h1SMcG0014477	S
h1SMcG0014478	S
h1SMcG0014479	-
h1SMcG0014480	O
h1SMcG0014481	L
h1SMcG0014482	-
h1SMcG0014483	S
h1SMcG0014484	P
h1SMcG0014485	G
h1SMcG0014486	S
h1SMcG0014487	T
h1SMcG0014488	L
h1SMcG0014489	-
h1SMcG0014490	-
h1SMcG0014491	S
h1SMcG0014492	G
h1SMcG0014493	S
h1SMcG0014494	-
h1SMcG0014495	T
h1SMcG0014496	TU
h1SMcG0014497	L
h1SMcG0014498	C
h1SMcG0014499	EPT
h1SMcG0014500	-
h1SMcG0014501	-
h1SMcG0014502	K
h1SMcG0014503	T
h1SMcG0014504	TV
h1SMcG0014505	S
h1SMcG0014506	V
h1SMcG0014507	-
h1SMcG0014508	I
h1SMcG0014509	Q
h1SMcG0014510	-
h1SMcG0014511	D
h1SMcG0014512	G
h1SMcG0014513	-
h1SMcG0014514	-
h1SMcG0014515	E
h1SMcG0014516	KU
h1SMcG0014517	-
h1SMcG0014518	K
h1SMcG0014519	-
h1SMcG0014520	-
h1SMcG0014521	-
h1SMcG0014522	G
h1SMcG0014523	-
h1SMcG0014524	-
h1SMcG0014525	S
h1SMcG0014526	-
h1SMcG0014527	O
h1SMcG0014528	K
h1SMcG0014529	-
h1SMcG0014530	A
h1SMcG0014531	S
h1SMcG0014532	-
h1SMcG0014533	S
h1SMcG0014534	P
h1SMcG0014535	T
h1SMcG0014536	KT
h1SMcG0014537	K
h1SMcG0014538	-
h1SMcG0014539	L
h1SMcG0014540	-
h1SMcG0014541	T
h1SMcG0014542	K
h1SMcG0014543	E
h1SMcG0014544	C
h1SMcG0014545	-
h1SMcG0014546	-
h1SMcG0014547	S
h1SMcG0014548	S
h1SMcG0014549	S
h1SMcG0014550	S
h1SMcG0014551	-
h1SMcG0014552	-
h1SMcG0014553	-
h1SMcG0014554	PT
h1SMcG0014555	E
h1SMcG0014556	S
h1SMcG0014557	-
h1SMcG0014558	K
h1SMcG0014559	-
h1SMcG0014560	C
h1SMcG0014561	T
h1SMcG0014562	I
h1SMcG0014563	-
h1SMcG0014564	T
h1SMcG0014565	T
h1SMcG0014566	-
h1SMcG0014567	-
h1SMcG0014568	-
h1SMcG0014569	O
h1SMcG0014570	J
h1SMcG0014571	T
h1SMcG0014572	T
h1SMcG0014573	S
h1SMcG0014574	-
h1SMcG0014575	T
h1SMcG0014576	T
h1SMcG0014577	-
h1SMcG0014578	-
h1SMcG0014579	-
h1SMcG0014580	-
h1SMcG0014581	-
h1SMcG0014582	-
h1SMcG0014583	I
h1SMcG0014584	S
h1SMcG0014585	-
h1SMcG0014586	U
h1SMcG0014587	-
h1SMcG0014588	-
h1SMcG0014589	L
h1SMcG0014590	T
h1SMcG0014591	S
h1SMcG0014592	K
h1SMcG0014593	T
h1SMcG0014594	T
h1SMcG0014595	S
h1SMcG0014596	-
h1SMcG0014597	O
h1SMcG0014598	O
h1SMcG0014599	A
h1SMcG0014600	-
h1SMcG0014601	-
h1SMcG0014602	K
h1SMcG0014603	BD
h1SMcG0014604	C
h1SMcG0014605	-
h1SMcG0014606	-
h1SMcG0014607	-
h1SMcG0014608	T
h1SMcG0014609	K
h1SMcG0014610	-
h1SMcG0014611	-
h1SMcG0014612	-
h1SMcG0014613	-
h1SMcG0014614	O
h1SMcG0014615	-
h1SMcG0014616	-
h1SMcG0014617	S
h1SMcG0014618	L
h1SMcG0014619	K
h1SMcG0014620	S
h1SMcG0014621	-
h1SMcG0014622	I
h1SMcG0014623	S
h1SMcG0014624	-
h1SMcG0014625	S
h1SMcG0014626	T
h1SMcG0014627	-
h1SMcG0014628	T
h1SMcG0014629	E
h1SMcG0014630	T
h1SMcG0014631	T
h1SMcG0014632	-
h1SMcG0014633	K
h1SMcG0014634	S
h1SMcG0014635	-
h1SMcG0014636	-
h1SMcG0014637	E
h1SMcG0014638	T
h1SMcG0014639	S
h1SMcG0014640	AD
h1SMcG0014641	Q
h1SMcG0014642	C
h1SMcG0014643	CH
h1SMcG0014644	-
h1SMcG0014645	T
h1SMcG0014646	-
h1SMcG0014647	A
h1SMcG0014648	P
h1SMcG0014649	-
h1SMcG0014650	S
h1SMcG0014651	-
h1SMcG0014652	-
h1SMcG0014653	T
h1SMcG0014654	S
h1SMcG0014655	-
h1SMcG0014656	C
h1SMcG0014657	K
h1SMcG0014658	S
h1SMcG0014659	-
h1SMcG0014660	K
h1SMcG0014661	-
h1SMcG0014662	-
h1SMcG0014663	-
h1SMcG0014664	S
h1SMcG0014665	-
h1SMcG0014666	P
h1SMcG0014667	S
h1SMcG0014668	S
h1SMcG0014669	-
h1SMcG0014670	-
h1SMcG0014671	-
h1SMcG0014672	E
h1SMcG0014673	L
h1SMcG0014674	T
h1SMcG0014675	ET
h1SMcG0014676	O
h1SMcG0014677	BD
h1SMcG0014678	-
h1SMcG0014679	-
h1SMcG0014680	Z
h1SMcG0014681	Z
h1SMcG0014682	-
h1SMcG0014683	S
h1SMcG0014684	-
h1SMcG0014685	C
h1SMcG0014686	O
h1SMcG0014687	-
h1SMcG0014688	-
h1SMcG0014689	OT
h1SMcG0014690	A
h1SMcG0014691	-
h1SMcG0014692	J
h1SMcG0014693	P
h1SMcG0014694	-
h1SMcG0014695	T
h1SMcG0014696	E
h1SMcG0014697	-
h1SMcG0014698	S
h1SMcG0014699	-
h1SMcG0014700	F
h1SMcG0014701	T
h1SMcG0014702	T
h1SMcG0014703	M
h1SMcG0014704	S
h1SMcG0014705	-
h1SMcG0014706	-
h1SMcG0014707	-
h1SMcG0014708	-
h1SMcG0014709	-
h1SMcG0014710	-
h1SMcG0014711	O
h1SMcG0014712	S
h1SMcG0014713	-
h1SMcG0014714	O
h1SMcG0014715	-
h1SMcG0014716	S
h1SMcG0014717	-
h1SMcG0014718	O
h1SMcG0014719	-
h1SMcG0014720	S
h1SMcG0014721	O
h1SMcG0014722	O
h1SMcG0014723	-
h1SMcG0014724	O
h1SMcG0014725	J
h1SMcG0014726	P
h1SMcG0014727	-
h1SMcG0014728	S
h1SMcG0014729	-
h1SMcG0014730	O
h1SMcG0014731	I
h1SMcG0014732	O
h1SMcG0014733	C
h1SMcG0014734	-
h1SMcG0014735	S
h1SMcG0014736	K
h1SMcG0014737	C
h1SMcG0014738	-
h1SMcG0014739	-
h1SMcG0014740	-
h1SMcG0014741	-
h1SMcG0014742	S
h1SMcG0014743	E
h1SMcG0014744	Z
h1SMcG0014745	D
h1SMcG0014746	O
h1SMcG0014747	T
h1SMcG0014748	T
h1SMcG0014749	T
h1SMcG0014750	O
h1SMcG0014751	U
h1SMcG0014752	-
h1SMcG0014753	S
h1SMcG0014754	-
h1SMcG0014755	U
h1SMcG0014756	-
h1SMcG0014757	S
h1SMcG0014758	O
h1SMcG0014759	S
h1SMcG0014760	-
h1SMcG0014761	-
h1SMcG0014762	O
h1SMcG0014763	O
h1SMcG0014764	O
h1SMcG0014765	-
h1SMcG0014766	J
h1SMcG0014767	L
h1SMcG0014768	O
h1SMcG0014769	-
h1SMcG0014770	-
h1SMcG0014771	O
h1SMcG0014772	-
h1SMcG0014773	-
h1SMcG0014774	E
h1SMcG0014775	O
h1SMcG0014776	O
h1SMcG0014777	U
h1SMcG0014778	-
h1SMcG0014779	T
h1SMcG0014780	P
h1SMcG0014781	O
h1SMcG0014782	-
h1SMcG0014783	-
h1SMcG0014784	L
h1SMcG0014785	-
h1SMcG0014786	O
h1SMcG0014787	O
h1SMcG0014788	O
h1SMcG0014789	DTZ
h1SMcG0014790	-
h1SMcG0014791	-
h1SMcG0014792	S
h1SMcG0014793	S
h1SMcG0014794	-
h1SMcG0014795	F
h1SMcG0014796	P
h1SMcG0014797	S
h1SMcG0014798	-
h1SMcG0014799	O
h1SMcG0014800	S
h1SMcG0014801	-
h1SMcG0014802	-
h1SMcG0014803	A
h1SMcG0014804	C
h1SMcG0014805	-
h1SMcG0014806	Z
h1SMcG0014807	-
h1SMcG0014808	S
h1SMcG0014809	S
h1SMcG0014810	S
h1SMcG0014811	T
h1SMcG0014812	S
h1SMcG0014813	O
h1SMcG0014814	D
h1SMcG0014815	-
h1SMcG0014816	U
h1SMcG0014817	Z
h1SMcG0014818	S
h1SMcG0014819	S
h1SMcG0014820	CO
h1SMcG0014821	S
h1SMcG0014822	S
h1SMcG0014823	-
h1SMcG0014824	O
h1SMcG0014825	S
h1SMcG0014826	Q
h1SMcG0014827	-
h1SMcG0014828	-
h1SMcG0014829	-
h1SMcG0014830	-
h1SMcG0014831	-
h1SMcG0014832	E
h1SMcG0014833	-
h1SMcG0014834	S
h1SMcG0014835	DO
h1SMcG0014836	A
h1SMcG0014837	A
h1SMcG0014838	-
h1SMcG0014839	-
h1SMcG0014840	-
h1SMcG0014841	J
h1SMcG0014842	L
h1SMcG0014843	T
h1SMcG0014844	O
h1SMcG0014845	-
h1SMcG0014846	Z
h1SMcG0014847	T
h1SMcG0014848	-
h1SMcG0014849	Z
h1SMcG0014850	J
h1SMcG0014851	-
h1SMcG0014852	-
h1SMcG0014853	S
h1SMcG0014854	S
h1SMcG0014855	T
h1SMcG0014856	S
h1SMcG0014857	P
h1SMcG0014858	L
h1SMcG0014859	S
h1SMcG0014860	-
h1SMcG0014861	-
h1SMcG0014862	S
h1SMcG0014863	-
h1SMcG0014864	T
h1SMcG0014865	O
h1SMcG0014866	T
h1SMcG0014867	-
h1SMcG0014868	OU
h1SMcG0014869	S
h1SMcG0014870	-
h1SMcG0014871	-
h1SMcG0014872	-
h1SMcG0014873	S
h1SMcG0014874	U
h1SMcG0014875	B
h1SMcG0014876	E
h1SMcG0014877	-
h1SMcG0014878	U
h1SMcG0014879	-
h1SMcG0014880	-
h1SMcG0014881	JKL
h1SMcG0014882	-
h1SMcG0014883	T
h1SMcG0014884	S
h1SMcG0014885	U
h1SMcG0014886	-
h1SMcG0014887	-
h1SMcG0014888	-
h1SMcG0014889	-
h1SMcG0014890	-
h1SMcG0014891	-
h1SMcG0014892	Q
h1SMcG0014893	-
h1SMcG0014894	P
h1SMcG0014895	A
h1SMcG0014896	T
h1SMcG0014897	-
h1SMcG0014898	-
h1SMcG0014899	D
h1SMcG0014900	O
h1SMcG0014901	-
h1SMcG0014902	-
h1SMcG0014903	-
h1SMcG0014904	-
h1SMcG0014905	O
h1SMcG0014906	T
h1SMcG0014907	DO
h1SMcG0014908	U
h1SMcG0014909	K
h1SMcG0014910	-
h1SMcG0014911	-
h1SMcG0014912	O
h1SMcG0014913	-
h1SMcG0014914	-
h1SMcG0014915	S
h1SMcG0014916	S
h1SMcG0014917	-
h1SMcG0014918	S
h1SMcG0014919	S
h1SMcG0014920	S
h1SMcG0014921	S
h1SMcG0014922	T
h1SMcG0014923	-
h1SMcG0014924	IMO
h1SMcG0014925	S
h1SMcG0014926	TU
h1SMcG0014927	A
h1SMcG0014928	S
h1SMcG0014929	-
h1SMcG0014930	-
h1SMcG0014931	-
h1SMcG0014932	K
h1SMcG0014933	O
h1SMcG0014934	L
h1SMcG0014935	-
h1SMcG0014936	U
h1SMcG0014937	OT
h1SMcG0014938	-
h1SMcG0014939	-
h1SMcG0014940	-
h1SMcG0014941	J
h1SMcG0014942	P
h1SMcG0014943	B
h1SMcG0014944	-
h1SMcG0014945	E
h1SMcG0014946	T
h1SMcG0014947	-
h1SMcG0014948	-
h1SMcG0014949	S
h1SMcG0014950	O
h1SMcG0014951	E
h1SMcG0014952	C
h1SMcG0014953	-
h1SMcG0014954	-
h1SMcG0014955	K
h1SMcG0014956	U
h1SMcG0014957	J
h1SMcG0014958	-
h1SMcG0014959	-
h1SMcG0014960	-
h1SMcG0014961	K
h1SMcG0014962	E
h1SMcG0014963	A
h1SMcG0014964	S
h1SMcG0014965	-
h1SMcG0014966	-
h1SMcG0014967	S
h1SMcG0014968	S
h1SMcG0014969	O
h1SMcG0014970	O
h1SMcG0014971	E
h1SMcG0014972	-
h1SMcG0014973	-
h1SMcG0014974	E
h1SMcG0014975	-
h1SMcG0014976	G
h1SMcG0014977	-
h1SMcG0014978	M
h1SMcG0014979	O
h1SMcG0014980	O
h1SMcG0014981	O
h1SMcG0014982	-
h1SMcG0014983	H
h1SMcG0014984	S
h1SMcG0014985	E
h1SMcG0014986	L
h1SMcG0014987	U
h1SMcG0014988	S
h1SMcG0014989	Z
h1SMcG0014990	Z
h1SMcG0014991	Z
h1SMcG0014992	Z
h1SMcG0014993	-
h1SMcG0014994	ET
h1SMcG0014995	-
h1SMcG0014996	-
h1SMcG0014997	ET
h1SMcG0014998	-
h1SMcG0014999	S
h1SMcG0015000	A
h1SMcG0015001	T
h1SMcG0015002	S
h1SMcG0015003	O
h1SMcG0015004	-
h1SMcG0015005	L
h1SMcG0015006	TZ
h1SMcG0015007	U
h1SMcG0015008	-
h1SMcG0015009	-
h1SMcG0015010	-
h1SMcG0015011	T
h1SMcG0015012	I
h1SMcG0015013	-
h1SMcG0015014	TV
h1SMcG0015015	T
h1SMcG0015016	H
h1SMcG0015017	-
h1SMcG0015018	O
h1SMcG0015019	-
h1SMcG0015020	S
h1SMcG0015021	S
h1SMcG0015022	-
h1SMcG0015023	-
h1SMcG0015024	S
h1SMcG0015025	-
h1SMcG0015026	-
h1SMcG0015027	S
h1SMcG0015028	-
h1SMcG0015029	M
h1SMcG0015030	A
h1SMcG0015031	O
h1SMcG0015032	O
h1SMcG0015033	O
h1SMcG0015034	-
h1SMcG0015035	S
h1SMcG0015036	L
h1SMcG0015037	-
h1SMcG0015038	-
h1SMcG0015039	-
h1SMcG0015040	-
h1SMcG0015041	-
h1SMcG0015042	O
h1SMcG0015043	S
h1SMcG0015044	-
h1SMcG0015045	-
h1SMcG0015046	H
h1SMcG0015047	T
h1SMcG0015048	TU
h1SMcG0015049	S
h1SMcG0015050	-
h1SMcG0015051	K
h1SMcG0015052	E
h1SMcG0015053	-
h1SMcG0015054	-
h1SMcG0015055	S
h1SMcG0015056	S
h1SMcG0015057	-
h1SMcG0015058	G
h1SMcG0015059	-
h1SMcG0015060	TU
h1SMcG0015061	E
h1SMcG0015062	O
h1SMcG0015063	L
h1SMcG0015064	T
h1SMcG0015065	O
h1SMcG0015066	-
h1SMcG0015067	-
h1SMcG0015068	T
h1SMcG0015069	-
h1SMcG0015070	S
h1SMcG0015071	T
h1SMcG0015072	O
h1SMcG0015073	-
h1SMcG0015074	O
h1SMcG0015075	-
h1SMcG0015076	Z
h1SMcG0015077	O
h1SMcG0015078	S
h1SMcG0015079	-
h1SMcG0015080	T
h1SMcG0015081	S
h1SMcG0015082	-
h1SMcG0015083	T
h1SMcG0015084	F
h1SMcG0015085	S
h1SMcG0015086	O
h1SMcG0015087	-
h1SMcG0015088	O
h1SMcG0015089	S
h1SMcG0015090	-
h1SMcG0015091	A
h1SMcG0015092	U
h1SMcG0015093	-
h1SMcG0015094	O
h1SMcG0015095	-
h1SMcG0015096	-
h1SMcG0015097	L
h1SMcG0015098	Z
h1SMcG0015099	C
h1SMcG0015100	G
h1SMcG0015101	-
h1SMcG0015102	K
h1SMcG0015103	T
h1SMcG0015104	-
h1SMcG0015105	S
h1SMcG0015106	-
h1SMcG0015107	O
h1SMcG0015108	Z
h1SMcG0015109	S
h1SMcG0015110	TU
h1SMcG0015111	S
h1SMcG0015112	-
h1SMcG0015113	-
h1SMcG0015114	S
h1SMcG0015115	S
h1SMcG0015116	-
h1SMcG0015117	-
h1SMcG0015118	-
h1SMcG0015119	-
h1SMcG0015120	-
h1SMcG0015121	-
h1SMcG0015122	-
h1SMcG0015123	-
h1SMcG0015124	-
h1SMcG0015125	O
h1SMcG0015126	H
h1SMcG0015127	S
h1SMcG0015128	S
h1SMcG0015129	G
h1SMcG0015130	-
h1SMcG0015131	S
h1SMcG0015132	K
h1SMcG0015133	O
h1SMcG0015134	S
h1SMcG0015135	S
h1SMcG0015136	S
h1SMcG0015137	S
h1SMcG0015138	P
h1SMcG0015139	T
h1SMcG0015140	-
h1SMcG0015141	-
h1SMcG0015142	T
h1SMcG0015143	-
h1SMcG0015144	-
h1SMcG0015145	C
h1SMcG0015146	C
h1SMcG0015147	S
h1SMcG0015148	T
h1SMcG0015149	S
h1SMcG0015150	L
h1SMcG0015151	S
h1SMcG0015152	S
h1SMcG0015153	J
h1SMcG0015154	U
h1SMcG0015155	Z
h1SMcG0015156	-
h1SMcG0015157	S
h1SMcG0015158	G
h1SMcG0015159	-
h1SMcG0015160	-
h1SMcG0015161	T
h1SMcG0015162	T
h1SMcG0015163	T
h1SMcG0015164	T
h1SMcG0015165	S
h1SMcG0015166	S
h1SMcG0015167	-
h1SMcG0015168	U
h1SMcG0015169	S
h1SMcG0015170	K
h1SMcG0015171	U
h1SMcG0015172	-
h1SMcG0015173	L
h1SMcG0015174	A
h1SMcG0015175	-
h1SMcG0015176	-
h1SMcG0015177	T
h1SMcG0015178	E
h1SMcG0015179	S
h1SMcG0015180	-
h1SMcG0015181	S
h1SMcG0015182	S
h1SMcG0015183	C
h1SMcG0015184	-
h1SMcG0015185	-
h1SMcG0015186	P
h1SMcG0015187	-
h1SMcG0015188	-
h1SMcG0015189	-
h1SMcG0015190	O
h1SMcG0015191	S
h1SMcG0015192	-
h1SMcG0015193	K
h1SMcG0015194	-
h1SMcG0015195	S
h1SMcG0015196	O
h1SMcG0015197	-
h1SMcG0015198	J
h1SMcG0015199	S
h1SMcG0015200	-
h1SMcG0015201	S
h1SMcG0015202	-
h1SMcG0015203	-
h1SMcG0015204	S
h1SMcG0015205	-
h1SMcG0015206	T
h1SMcG0015207	O
h1SMcG0015208	-
h1SMcG0015209	S
h1SMcG0015210	T
h1SMcG0015211	-
h1SMcG0015212	U
h1SMcG0015213	T
h1SMcG0015214	-
h1SMcG0015215	S
h1SMcG0015216	T
h1SMcG0015217	-
h1SMcG0015218	S
h1SMcG0015219	S
h1SMcG0015220	U
h1SMcG0015221	U
h1SMcG0015222	J
h1SMcG0015223	S
h1SMcG0015224	T
h1SMcG0015225	T
h1SMcG0015226	-
h1SMcG0015227	T
h1SMcG0015228	B
h1SMcG0015229	S
h1SMcG0015230	T
h1SMcG0015231	-
h1SMcG0015232	-
h1SMcG0015233	-
h1SMcG0015234	T
h1SMcG0015235	S
h1SMcG0015236	T
h1SMcG0015237	T
h1SMcG0015238	-
h1SMcG0015239	E
h1SMcG0015240	O
h1SMcG0015241	T
h1SMcG0015242	Z
h1SMcG0015243	P
h1SMcG0015244	E
h1SMcG0015245	E
h1SMcG0015246	I
h1SMcG0015247	O
h1SMcG0015248	S
h1SMcG0015249	-
h1SMcG0015250	G
h1SMcG0015251	S
h1SMcG0015252	E
h1SMcG0015253	G
h1SMcG0015254	S
h1SMcG0015255	T
h1SMcG0015256	S
h1SMcG0015257	S
h1SMcG0015258	Z
h1SMcG0015259	A
h1SMcG0015260	-
h1SMcG0015261	M
h1SMcG0015262	S
h1SMcG0015263	-
h1SMcG0015264	-
h1SMcG0015265	-
h1SMcG0015266	C
h1SMcG0015267	-
h1SMcG0015268	S
h1SMcG0015269	-
h1SMcG0015270	S
h1SMcG0015271	-
h1SMcG0015272	T
h1SMcG0015273	S
h1SMcG0015274	C
h1SMcG0015275	C
h1SMcG0015276	C
h1SMcG0015277	-
h1SMcG0015278	U
h1SMcG0015279	EPT
h1SMcG0015280	-
h1SMcG0015281	I
h1SMcG0015282	E
h1SMcG0015283	K
h1SMcG0015284	-
h1SMcG0015285	-
h1SMcG0015286	-
h1SMcG0015287	-
h1SMcG0015288	-
h1SMcG0015289	L
h1SMcG0015290	-
h1SMcG0015291	-
h1SMcG0015292	-
h1SMcG0015293	-
h1SMcG0015294	K
h1SMcG0015295	-
h1SMcG0015296	E
h1SMcG0015297	G
h1SMcG0015298	TU
h1SMcG0015299	T
h1SMcG0015300	K
h1SMcG0015301	S
h1SMcG0015302	OT
h1SMcG0015303	-
h1SMcG0015304	-
h1SMcG0015305	-
h1SMcG0015306	T
h1SMcG0015307	U
h1SMcG0015308	U
h1SMcG0015309	U
h1SMcG0015310	U
h1SMcG0015311	S
h1SMcG0015312	U
h1SMcG0015313	U
h1SMcG0015314	U
h1SMcG0015315	U
h1SMcG0015316	BDLTU
h1SMcG0015317	-
h1SMcG0015318	-
h1SMcG0015319	-
h1SMcG0015320	-
h1SMcG0015321	O
h1SMcG0015322	-
h1SMcG0015323	L
h1SMcG0015324	A
h1SMcG0015325	S
h1SMcG0015326	S
h1SMcG0015327	L
h1SMcG0015328	S
h1SMcG0015329	T
h1SMcG0015330	F
h1SMcG0015331	-
h1SMcG0015332	J
h1SMcG0015333	K
h1SMcG0015334	-
h1SMcG0015335	-
h1SMcG0015336	T
h1SMcG0015337	U
h1SMcG0015338	-
h1SMcG0015339	I
h1SMcG0015340	D
h1SMcG0015341	-
h1SMcG0015342	C
h1SMcG0015343	S
h1SMcG0015344	-
h1SMcG0015345	-
h1SMcG0015346	O
h1SMcG0015347	-
h1SMcG0015348	-
h1SMcG0015349	-
h1SMcG0015350	U
h1SMcG0015351	JO
h1SMcG0015352	O
h1SMcG0015353	-
h1SMcG0015354	-
h1SMcG0015355	-
h1SMcG0015356	J
h1SMcG0015357	J
h1SMcG0015358	S
h1SMcG0015359	S
h1SMcG0015360	-
h1SMcG0015361	S
h1SMcG0015362	L
h1SMcG0015363	L
h1SMcG0015364	CH
h1SMcG0015365	F
h1SMcG0015366	T
h1SMcG0015367	-
h1SMcG0015368	F
h1SMcG0015369	T
h1SMcG0015370	Z
h1SMcG0015371	L
h1SMcG0015372	L
h1SMcG0015373	S
h1SMcG0015374	S
h1SMcG0015375	L
h1SMcG0015376	S
h1SMcG0015377	S
h1SMcG0015378	O
h1SMcG0015379	S
h1SMcG0015380	U
h1SMcG0015381	S
h1SMcG0015382	-
h1SMcG0015383	I
h1SMcG0015384	-
h1SMcG0015385	K
h1SMcG0015386	-
h1SMcG0015387	-
h1SMcG0015388	S
h1SMcG0015389	J
h1SMcG0015390	Q
h1SMcG0015391	-
h1SMcG0015392	T
h1SMcG0015393	O
h1SMcG0015394	K
h1SMcG0015395	S
h1SMcG0015396	F
h1SMcG0015397	S
h1SMcG0015398	-
h1SMcG0015399	-
h1SMcG0015400	K
h1SMcG0015401	-
h1SMcG0015402	-
h1SMcG0015403	C
h1SMcG0015404	S
h1SMcG0015405	-
h1SMcG0015406	M
h1SMcG0015407	-
h1SMcG0015408	T
h1SMcG0015409	U
h1SMcG0015410	O
h1SMcG0015411	-
h1SMcG0015412	T
h1SMcG0015413	-
h1SMcG0015414	-
h1SMcG0015415	K
h1SMcG0015416	-
h1SMcG0015417	T
h1SMcG0015418	T
h1SMcG0015419	T
h1SMcG0015420	M
h1SMcG0015421	-
h1SMcG0015422	G
h1SMcG0015423	-
h1SMcG0015424	S
h1SMcG0015425	IJT
h1SMcG0015426	I
h1SMcG0015427	D
h1SMcG0015428	-
h1SMcG0015429	T
h1SMcG0015430	G
h1SMcG0015431	IJT
h1SMcG0015432	M
h1SMcG0015433	G
h1SMcG0015434	-
h1SMcG0015435	K
h1SMcG0015436	-
h1SMcG0015437	T
h1SMcG0015438	T
h1SMcG0015439	L
h1SMcG0015440	-
h1SMcG0015441	-
h1SMcG0015442	-
h1SMcG0015443	A
h1SMcG0015444	-
h1SMcG0015445	L
h1SMcG0015446	-
h1SMcG0015447	S
h1SMcG0015448	A
h1SMcG0015449	A
h1SMcG0015450	-
h1SMcG0015451	-
h1SMcG0015452	J
h1SMcG0015453	I
h1SMcG0015454	-
h1SMcG0015455	T
h1SMcG0015456	T
h1SMcG0015457	J
h1SMcG0015458	S
h1SMcG0015459	S
h1SMcG0015460	-
h1SMcG0015461	O
h1SMcG0015462	E
h1SMcG0015463	E
h1SMcG0015464	-
h1SMcG0015465	E
h1SMcG0015466	O
h1SMcG0015467	L
h1SMcG0015468	S
h1SMcG0015469	K
h1SMcG0015470	F
h1SMcG0015471	E
h1SMcG0015472	O
h1SMcG0015473	K
h1SMcG0015474	K
h1SMcG0015475	-
h1SMcG0015476	S
h1SMcG0015477	K
h1SMcG0015478	T
h1SMcG0015479	J
h1SMcG0015480	S
h1SMcG0015481	A
h1SMcG0015482	T
h1SMcG0015483	T
h1SMcG0015484	G
h1SMcG0015485	T
h1SMcG0015486	PT
h1SMcG0015487	PT
h1SMcG0015488	-
h1SMcG0015489	-
h1SMcG0015490	-
h1SMcG0015491	-
h1SMcG0015492	-
h1SMcG0015493	-
h1SMcG0015494	O
h1SMcG0015495	-
h1SMcG0015496	U
h1SMcG0015497	T
h1SMcG0015498	-
h1SMcG0015499	T
h1SMcG0015500	-
h1SMcG0015501	C
h1SMcG0015502	J
h1SMcG0015503	-
h1SMcG0015504	T
h1SMcG0015505	T
h1SMcG0015506	-
h1SMcG0015507	S
h1SMcG0015508	K
h1SMcG0015509	-
h1SMcG0015510	I
h1SMcG0015511	I
h1SMcG0015512	-
h1SMcG0015513	-
h1SMcG0015514	CH
h1SMcG0015515	-
h1SMcG0015516	K
h1SMcG0015517	-
h1SMcG0015518	-
h1SMcG0015519	A
h1SMcG0015520	IQ
h1SMcG0015521	K
h1SMcG0015522	T
h1SMcG0015523	-
h1SMcG0015524	T
h1SMcG0015525	T
h1SMcG0015526	T
h1SMcG0015527	Z
h1SMcG0015528	Z
h1SMcG0015529	D
h1SMcG0015530	-
h1SMcG0015531	U
h1SMcG0015532	-
h1SMcG0015533	-
h1SMcG0015534	O
h1SMcG0015535	-
h1SMcG0015536	A
h1SMcG0015537	S
h1SMcG0015538	-
h1SMcG0015539	OU
h1SMcG0015540	O
h1SMcG0015541	S
h1SMcG0015542	-
h1SMcG0015543	-
h1SMcG0015544	-
h1SMcG0015545	S
h1SMcG0015546	-
h1SMcG0015547	-
h1SMcG0015548	-
h1SMcG0015549	S
h1SMcG0015550	S
h1SMcG0015551	U
h1SMcG0015552	E
h1SMcG0015553	J
h1SMcG0015554	D
h1SMcG0015555	A
h1SMcG0015556	-
h1SMcG0015557	S
h1SMcG0015558	S
h1SMcG0015559	-
h1SMcG0015560	W
h1SMcG0015561	S
h1SMcG0015562	-
h1SMcG0015563	O
h1SMcG0015564	-
h1SMcG0015565	T
h1SMcG0015566	S
h1SMcG0015567	-
h1SMcG0015568	-
h1SMcG0015569	F
h1SMcG0015570	S
h1SMcG0015571	S
h1SMcG0015572	K
h1SMcG0015573	-
h1SMcG0015574	-
h1SMcG0015575	E
h1SMcG0015576	U
h1SMcG0015577	U
h1SMcG0015578	S
h1SMcG0015579	-
h1SMcG0015580	PT
h1SMcG0015581	-
h1SMcG0015582	PT
h1SMcG0015583	O
h1SMcG0015584	T
h1SMcG0015585	-
h1SMcG0015586	-
h1SMcG0015587	-
h1SMcG0015588	-
h1SMcG0015589	-
h1SMcG0015590	U
h1SMcG0015591	U
h1SMcG0015592	TU
h1SMcG0015593	W
h1SMcG0015594	S
h1SMcG0015595	K
h1SMcG0015596	O
h1SMcG0015597	-
h1SMcG0015598	T
h1SMcG0015599	BD
h1SMcG0015600	T
h1SMcG0015601	BD
h1SMcG0015602	-
h1SMcG0015603	J
h1SMcG0015604	UZ
h1SMcG0015605	U
h1SMcG0015606	O
h1SMcG0015607	S
h1SMcG0015608	J
h1SMcG0015609	-
h1SMcG0015610	S
h1SMcG0015611	S
h1SMcG0015612	S
h1SMcG0015613	T
h1SMcG0015614	S
h1SMcG0015615	E
h1SMcG0015616	S
h1SMcG0015617	O
h1SMcG0015618	-
h1SMcG0015619	-
h1SMcG0015620	U
h1SMcG0015621	S
h1SMcG0015622	-
h1SMcG0015623	U
h1SMcG0015624	C
h1SMcG0015625	-
h1SMcG0015626	K
h1SMcG0015627	O
h1SMcG0015628	K
h1SMcG0015629	-
h1SMcG0015630	O
h1SMcG0015631	S
h1SMcG0015632	S
h1SMcG0015633	-
h1SMcG0015634	-
h1SMcG0015635	E
h1SMcG0015636	-
h1SMcG0015637	-
h1SMcG0015638	O
h1SMcG0015639	-
h1SMcG0015640	-
h1SMcG0015641	-
h1SMcG0015642	S
h1SMcG0015643	I
h1SMcG0015644	I
h1SMcG0015645	S
h1SMcG0015646	E
h1SMcG0015647	O
h1SMcG0015648	S
h1SMcG0015649	O
h1SMcG0015650	VW
h1SMcG0015651	W
h1SMcG0015652	-
h1SMcG0015653	-
h1SMcG0015654	-
h1SMcG0015655	O
h1SMcG0015656	BK
h1SMcG0015657	-
h1SMcG0015658	T
h1SMcG0015659	S
h1SMcG0015660	-
h1SMcG0015661	O
h1SMcG0015662	-
h1SMcG0015663	TU
h1SMcG0015664	TU
h1SMcG0015665	-
h1SMcG0015666	K
h1SMcG0015667	-
h1SMcG0015668	S
h1SMcG0015669	J
h1SMcG0015670	-
h1SMcG0015671	K
h1SMcG0015672	-
h1SMcG0015673	K
h1SMcG0015674	U
h1SMcG0015675	I
h1SMcG0015676	A
h1SMcG0015677	S
h1SMcG0015678	T
h1SMcG0015679	U
h1SMcG0015680	F
h1SMcG0015681	-
h1SMcG0015682	S
h1SMcG0015683	S
h1SMcG0015684	T
h1SMcG0015685	Z
h1SMcG0015686	-
h1SMcG0015687	-
h1SMcG0015688	O
h1SMcG0015689	U
h1SMcG0015690	E
h1SMcG0015691	-
h1SMcG0015692	S
h1SMcG0015693	-
h1SMcG0015694	G
h1SMcG0015695	K
h1SMcG0015696	S
h1SMcG0015697	K
h1SMcG0015698	S
h1SMcG0015699	E
h1SMcG0015700	T
h1SMcG0015701	S
h1SMcG0015702	-
h1SMcG0015703	-
h1SMcG0015704	-
h1SMcG0015705	P
h1SMcG0015706	K
h1SMcG0015707	P
h1SMcG0015708	O
h1SMcG0015709	S
h1SMcG0015710	-
h1SMcG0015711	-
h1SMcG0015712	I
h1SMcG0015713	Q
h1SMcG0015714	G
h1SMcG0015715	J
h1SMcG0015716	-
h1SMcG0015717	E
h1SMcG0015718	-
h1SMcG0015719	S
h1SMcG0015720	J
h1SMcG0015721	-
h1SMcG0015722	J
h1SMcG0015723	H
h1SMcG0015724	-
h1SMcG0015725	T
h1SMcG0015726	C
h1SMcG0015727	O
h1SMcG0015728	-
h1SMcG0015729	GM
h1SMcG0015730	U
h1SMcG0015731	E
h1SMcG0015732	O
h1SMcG0015733	O
h1SMcG0015734	-
h1SMcG0015735	O
h1SMcG0015736	S
h1SMcG0015737	T
h1SMcG0015738	P
h1SMcG0015739	-
h1SMcG0015740	-
h1SMcG0015741	T
h1SMcG0015742	S
h1SMcG0015743	-
h1SMcG0015744	S
h1SMcG0015745	T
h1SMcG0015746	-
h1SMcG0015747	U
h1SMcG0015748	BD
h1SMcG0015749	-
h1SMcG0015750	O
h1SMcG0015751	S
h1SMcG0015752	BL
h1SMcG0015753	T
h1SMcG0015754	-
h1SMcG0015755	O
h1SMcG0015756	-
h1SMcG0015757	GI
h1SMcG0015758	S
h1SMcG0015759	O
h1SMcG0015760	D
h1SMcG0015761	T
h1SMcG0015762	-
h1SMcG0015763	-
h1SMcG0015764	T
h1SMcG0015765	E
h1SMcG0015766	T
h1SMcG0015767	S
h1SMcG0015768	A
h1SMcG0015769	-
h1SMcG0015770	S
h1SMcG0015771	E
h1SMcG0015772	T
h1SMcG0015773	S
h1SMcG0015774	-
h1SMcG0015775	-
h1SMcG0015776	A
h1SMcG0015777	-
h1SMcG0015778	-
h1SMcG0015779	-
h1SMcG0015780	E
h1SMcG0015781	-
h1SMcG0015782	-
h1SMcG0015783	-
h1SMcG0015784	C
h1SMcG0015785	-
h1SMcG0015786	S
h1SMcG0015787	F
h1SMcG0015788	-
h1SMcG0015789	O
h1SMcG0015790	M
h1SMcG0015791	S
h1SMcG0015792	K
h1SMcG0015793	Z
h1SMcG0015794	-
h1SMcG0015795	S
h1SMcG0015796	L
h1SMcG0015797	E
h1SMcG0015798	E
h1SMcG0015799	T
h1SMcG0015800	-
h1SMcG0015801	-
h1SMcG0015802	U
h1SMcG0015803	Z
h1SMcG0015804	U
h1SMcG0015805	S
h1SMcG0015806	T
h1SMcG0015807	-
h1SMcG0015808	T
h1SMcG0015809	S
h1SMcG0015810	V
h1SMcG0015811	-
h1SMcG0015812	V
h1SMcG0015813	T
h1SMcG0015814	-
h1SMcG0015815	C
h1SMcG0015816	T
h1SMcG0015817	O
h1SMcG0015818	S
h1SMcG0015819	IT
h1SMcG0015820	G
h1SMcG0015821	OU
h1SMcG0015822	W
h1SMcG0015823	-
h1SMcG0015824	-
h1SMcG0015825	A
h1SMcG0015826	K
h1SMcG0015827	T
h1SMcG0015828	J
h1SMcG0015829	Z
h1SMcG0015830	-
h1SMcG0015831	T
h1SMcG0015832	J
h1SMcG0015833	T
h1SMcG0015834	T
h1SMcG0015835	G
h1SMcG0015836	P
h1SMcG0015837	T
h1SMcG0015838	-
h1SMcG0015839	J
h1SMcG0015840	-
h1SMcG0015841	T
h1SMcG0015842	-
h1SMcG0015843	-
h1SMcG0015844	-
h1SMcG0015845	-
h1SMcG0015846	-
h1SMcG0015847	S
h1SMcG0015848	S
h1SMcG0015849	T
h1SMcG0015850	-
h1SMcG0015851	Z
h1SMcG0015852	L
h1SMcG0015853	S
h1SMcG0015854	T
h1SMcG0015855	BD
h1SMcG0015856	-
h1SMcG0015857	-
h1SMcG0015858	-
h1SMcG0015859	D
h1SMcG0015860	O
h1SMcG0015861	E
h1SMcG0015862	G
h1SMcG0015863	O
h1SMcG0015864	-
h1SMcG0015865	-
h1SMcG0015866	-
h1SMcG0015867	S
h1SMcG0015868	L
h1SMcG0015869	I
h1SMcG0015870	-
h1SMcG0015871	BD
h1SMcG0015872	-
h1SMcG0015873	-
h1SMcG0015874	S
h1SMcG0015875	S
h1SMcG0015876	-
h1SMcG0015877	S
h1SMcG0015878	S
h1SMcG0015879	P
h1SMcG0015880	P
h1SMcG0015881	S
h1SMcG0015882	S
h1SMcG0015883	T
h1SMcG0015884	E
h1SMcG0015885	E
h1SMcG0015886	-
h1SMcG0015887	BD
h1SMcG0015888	T
h1SMcG0015889	-
h1SMcG0015890	T
h1SMcG0015891	T
h1SMcG0015892	T
h1SMcG0015893	T
h1SMcG0015894	S
h1SMcG0015895	-
h1SMcG0015896	-
h1SMcG0015897	S
h1SMcG0015898	-
h1SMcG0015899	I
h1SMcG0015900	-
h1SMcG0015901	D
h1SMcG0015902	T
h1SMcG0015903	-
h1SMcG0015904	-
h1SMcG0015905	S
h1SMcG0015906	S
h1SMcG0015907	J
h1SMcG0015908	S
h1SMcG0015909	-
h1SMcG0015910	S
h1SMcG0015911	S
h1SMcG0015912	-
h1SMcG0015913	S
h1SMcG0015914	-
h1SMcG0015915	-
h1SMcG0015916	O
h1SMcG0015917	K
h1SMcG0015918	S
h1SMcG0015919	-
h1SMcG0015920	-
h1SMcG0015921	E
h1SMcG0015922	-
h1SMcG0015923	T
h1SMcG0015924	-
h1SMcG0015925	-
h1SMcG0015926	S
h1SMcG0015927	P
h1SMcG0015928	-
h1SMcG0015929	-
h1SMcG0015930	P
h1SMcG0015931	-
h1SMcG0015932	BD
h1SMcG0015933	S
h1SMcG0015934	J
h1SMcG0015935	BD
h1SMcG0015936	T
h1SMcG0015937	Z
h1SMcG0015938	U
h1SMcG0015939	S
h1SMcG0015940	S
h1SMcG0015941	-
h1SMcG0015942	T
h1SMcG0015943	L
h1SMcG0015944	-
h1SMcG0015945	S
h1SMcG0015946	DKT
h1SMcG0015947	S
h1SMcG0015948	N
h1SMcG0015949	U
h1SMcG0015950	K
h1SMcG0015951	-
h1SMcG0015952	S
h1SMcG0015953	-
h1SMcG0015954	-
h1SMcG0015955	-
h1SMcG0015956	-
h1SMcG0015957	G
h1SMcG0015958	K
h1SMcG0015959	O
h1SMcG0015960	K
h1SMcG0015961	T
h1SMcG0015962	-
h1SMcG0015963	T
h1SMcG0015964	A
h1SMcG0015965	K
h1SMcG0015966	P
h1SMcG0015967	T
h1SMcG0015968	A
h1SMcG0015969	S
h1SMcG0015970	-
h1SMcG0015971	U
h1SMcG0015972	L
h1SMcG0015973	T
h1SMcG0015974	J
h1SMcG0015975	-
h1SMcG0015976	L
h1SMcG0015977	E
h1SMcG0015978	-
h1SMcG0015979	P
h1SMcG0015980	Z
h1SMcG0015981	Z
h1SMcG0015982	Z
h1SMcG0015983	Z
h1SMcG0015984	Z
h1SMcG0015985	T
h1SMcG0015986	P
h1SMcG0015987	S
h1SMcG0015988	-
h1SMcG0015989	C
h1SMcG0015990	S
h1SMcG0015991	EPT
h1SMcG0015992	-
h1SMcG0015993	U
h1SMcG0015994	U
h1SMcG0015995	P
h1SMcG0015996	-
h1SMcG0015997	-
h1SMcG0015998	-
h1SMcG0015999	P
h1SMcG0016000	P
h1SMcG0016001	-
h1SMcG0016002	O
h1SMcG0016003	K
h1SMcG0016004	O
h1SMcG0016005	-
h1SMcG0016006	P
h1SMcG0016007	K
h1SMcG0016008	T
h1SMcG0016009	-
h1SMcG0016010	-
h1SMcG0016011	-
h1SMcG0016012	-
h1SMcG0016013	S
h1SMcG0016014	S
h1SMcG0016015	-
h1SMcG0016016	S
h1SMcG0016017	-
h1SMcG0016018	Z
h1SMcG0016019	T
h1SMcG0016020	-
h1SMcG0016021	-
h1SMcG0016022	T
h1SMcG0016023	-
h1SMcG0016024	T
h1SMcG0016025	O
h1SMcG0016026	-
h1SMcG0016027	T
h1SMcG0016028	-
h1SMcG0016029	J
h1SMcG0016030	-
h1SMcG0016031	T
h1SMcG0016032	K
h1SMcG0016033	-
h1SMcG0016034	OU
h1SMcG0016035	-
h1SMcG0016036	K
h1SMcG0016037	L
h1SMcG0016038	-
h1SMcG0016039	O
h1SMcG0016040	O
h1SMcG0016041	S
h1SMcG0016042	S
h1SMcG0016043	O
h1SMcG0016044	O
h1SMcG0016045	K
h1SMcG0016046	L
h1SMcG0016047	S
h1SMcG0016048	-
h1SMcG0016049	I
h1SMcG0016050	G
h1SMcG0016051	T
h1SMcG0016052	-
h1SMcG0016053	-
h1SMcG0016054	-
h1SMcG0016055	S
h1SMcG0016056	-
h1SMcG0016057	-
h1SMcG0016058	L
h1SMcG0016059	IU
h1SMcG0016060	IU
h1SMcG0016061	DZ
h1SMcG0016062	-
h1SMcG0016063	-
h1SMcG0016064	PT
h1SMcG0016065	-
h1SMcG0016066	-
h1SMcG0016067	-
h1SMcG0016068	S
h1SMcG0016069	G
h1SMcG0016070	U
h1SMcG0016071	U
h1SMcG0016072	T
h1SMcG0016073	S
h1SMcG0016074	-
h1SMcG0016075	B
h1SMcG0016076	P
h1SMcG0016077	-
h1SMcG0016078	J
h1SMcG0016079	BD
h1SMcG0016080	U
h1SMcG0016081	G
h1SMcG0016082	P
h1SMcG0016083	O
h1SMcG0016084	K
h1SMcG0016085	E
h1SMcG0016086	E
h1SMcG0016087	EPT
h1SMcG0016088	-
h1SMcG0016089	P
h1SMcG0016090	P
h1SMcG0016091	S
h1SMcG0016092	EPT
h1SMcG0016093	-
h1SMcG0016094	EPT
h1SMcG0016095	C
h1SMcG0016096	K
h1SMcG0016097	P
h1SMcG0016098	T
h1SMcG0016099	S
h1SMcG0016100	-
h1SMcG0016101	S
h1SMcG0016102	-
h1SMcG0016103	U
h1SMcG0016104	K
h1SMcG0016105	K
h1SMcG0016106	-
h1SMcG0016107	-
h1SMcG0016108	J
h1SMcG0016109	-
h1SMcG0016110	T
h1SMcG0016111	C
h1SMcG0016112	E
h1SMcG0016113	S
h1SMcG0016114	T
h1SMcG0016115	-
h1SMcG0016116	-
h1SMcG0016117	T
h1SMcG0016118	J
h1SMcG0016119	T
h1SMcG0016120	B
h1SMcG0016121	A
h1SMcG0016122	A
h1SMcG0016123	O
h1SMcG0016124	O
h1SMcG0016125	I
h1SMcG0016126	-
h1SMcG0016127	EPT
h1SMcG0016128	G
h1SMcG0016129	G
h1SMcG0016130	G
h1SMcG0016131	G
h1SMcG0016132	-
h1SMcG0016133	G
h1SMcG0016134	P
h1SMcG0016135	G
h1SMcG0016136	G
h1SMcG0016137	G
h1SMcG0016138	-
h1SMcG0016139	-
h1SMcG0016140	G
h1SMcG0016141	Z
h1SMcG0016142	T
h1SMcG0016143	AD
h1SMcG0016144	-
h1SMcG0016145	T
h1SMcG0016146	P
h1SMcG0016147	C
h1SMcG0016148	T
h1SMcG0016149	S
h1SMcG0016150	-
h1SMcG0016151	-
h1SMcG0016152	K
h1SMcG0016153	S
h1SMcG0016154	C
h1SMcG0016155	O
h1SMcG0016156	-
h1SMcG0016157	-
h1SMcG0016158	B
h1SMcG0016159	-
h1SMcG0016160	E
h1SMcG0016161	-
h1SMcG0016162	-
h1SMcG0016163	O
h1SMcG0016164	OT
h1SMcG0016165	S
h1SMcG0016166	-
h1SMcG0016167	S
h1SMcG0016168	E
h1SMcG0016169	M
h1SMcG0016170	O
h1SMcG0016171	T
h1SMcG0016172	Z
h1SMcG0016173	-
h1SMcG0016174	-
h1SMcG0016175	-
h1SMcG0016176	-
h1SMcG0016177	-
h1SMcG0016178	T
h1SMcG0016179	-
h1SMcG0016180	-
h1SMcG0016181	-
h1SMcG0016182	K
h1SMcG0016183	K
h1SMcG0016184	-
h1SMcG0016185	-
h1SMcG0016186	-
h1SMcG0016187	Z
h1SMcG0016188	-
h1SMcG0016189	-
h1SMcG0016190	Z
h1SMcG0016191	-
h1SMcG0016192	E
h1SMcG0016193	L
h1SMcG0016194	-
h1SMcG0016195	S
h1SMcG0016196	A
h1SMcG0016197	-
h1SMcG0016198	S
h1SMcG0016199	M
h1SMcG0016200	-
h1SMcG0016201	-
h1SMcG0016202	W
h1SMcG0016203	S
h1SMcG0016204	S
h1SMcG0016205	T
h1SMcG0016206	-
h1SMcG0016207	Q
h1SMcG0016208	F
h1SMcG0016209	-
h1SMcG0016210	-
h1SMcG0016211	M
h1SMcG0016212	-
h1SMcG0016213	-
h1SMcG0016214	-
h1SMcG0016215	-
h1SMcG0016216	U
h1SMcG0016217	-
h1SMcG0016218	T
h1SMcG0016219	K
h1SMcG0016220	-
h1SMcG0016221	T
h1SMcG0016222	-
h1SMcG0016223	T
h1SMcG0016224	T
h1SMcG0016225	S
h1SMcG0016226	-
h1SMcG0016227	-
h1SMcG0016228	S
h1SMcG0016229	P
h1SMcG0016230	S
h1SMcG0016231	S
h1SMcG0016232	E
h1SMcG0016233	K
h1SMcG0016234	Z
h1SMcG0016235	J
h1SMcG0016236	-
h1SMcG0016237	T
h1SMcG0016238	S
h1SMcG0016239	-
h1SMcG0016240	-
h1SMcG0016241	-
h1SMcG0016242	T
h1SMcG0016243	T
h1SMcG0016244	-
h1SMcG0016245	U
h1SMcG0016246	-
h1SMcG0016247	I
h1SMcG0016248	I
h1SMcG0016249	T
h1SMcG0016250	T
h1SMcG0016251	T
h1SMcG0016252	-
h1SMcG0016253	-
h1SMcG0016254	T
h1SMcG0016255	T
h1SMcG0016256	L
h1SMcG0016257	P
h1SMcG0016258	Z
h1SMcG0016259	-
h1SMcG0016260	C
h1SMcG0016261	O
h1SMcG0016262	-
h1SMcG0016263	T
h1SMcG0016264	T
h1SMcG0016265	T
h1SMcG0016266	T
h1SMcG0016267	-
h1SMcG0016268	-
h1SMcG0016269	-
h1SMcG0016270	-
h1SMcG0016271	-
h1SMcG0016272	-
h1SMcG0016273	-
h1SMcG0016274	-
h1SMcG0016275	-
h1SMcG0016276	-
h1SMcG0016277	-
h1SMcG0016278	-
h1SMcG0016279	-
h1SMcG0016280	-
h1SMcG0016281	S
h1SMcG0016282	J
h1SMcG0016283	I
h1SMcG0016284	T
h1SMcG0016285	-
h1SMcG0016286	B
h1SMcG0016287	B
h1SMcG0016288	B
h1SMcG0016289	S
h1SMcG0016290	O
h1SMcG0016291	-
h1SMcG0016292	T
h1SMcG0016293	-
h1SMcG0016294	-
h1SMcG0016295	B
h1SMcG0016296	B
h1SMcG0016297	T
h1SMcG0016298	-
h1SMcG0016299	T
h1SMcG0016300	S
h1SMcG0016301	-
h1SMcG0016302	-
h1SMcG0016303	A
h1SMcG0016304	-
h1SMcG0016305	S
h1SMcG0016306	T
h1SMcG0016307	S
h1SMcG0016308	S
h1SMcG0016309	S
h1SMcG0016310	G
h1SMcG0016311	EO
h1SMcG0016312	E
h1SMcG0016313	E
h1SMcG0016314	-
h1SMcG0016315	T
h1SMcG0016316	T
h1SMcG0016317	T
h1SMcG0016318	T
h1SMcG0016319	S
h1SMcG0016320	J
h1SMcG0016321	B
h1SMcG0016322	T
h1SMcG0016323	P
h1SMcG0016324	-
h1SMcG0016325	G
h1SMcG0016326	-
h1SMcG0016327	T
h1SMcG0016328	T
h1SMcG0016329	-
h1SMcG0016330	-
h1SMcG0016331	-
h1SMcG0016332	S
h1SMcG0016333	-
h1SMcG0016334	T
h1SMcG0016335	P
h1SMcG0016336	-
h1SMcG0016337	EPT
h1SMcG0016338	EPT
h1SMcG0016339	L
h1SMcG0016340	I
h1SMcG0016341	O
h1SMcG0016342	-
h1SMcG0016343	C
h1SMcG0016344	-
h1SMcG0016345	S
h1SMcG0016346	D
h1SMcG0016347	A
h1SMcG0016348	D
h1SMcG0016349	A
h1SMcG0016350	K
h1SMcG0016351	S
h1SMcG0016352	S
h1SMcG0016353	F
h1SMcG0016354	K
h1SMcG0016355	S
h1SMcG0016356	E
h1SMcG0016357	-
h1SMcG0016358	B
h1SMcG0016359	S
h1SMcG0016360	S
h1SMcG0016361	U
h1SMcG0016362	T
h1SMcG0016363	C
h1SMcG0016364	-
h1SMcG0016365	-
h1SMcG0016366	K
h1SMcG0016367	S
h1SMcG0016368	-
h1SMcG0016369	-
h1SMcG0016370	-
h1SMcG0016371	-
h1SMcG0016372	G
h1SMcG0016373	T
h1SMcG0016374	S
h1SMcG0016375	P
h1SMcG0016376	K
h1SMcG0016377	S
h1SMcG0016378	O
h1SMcG0016379	T
h1SMcG0016380	H
h1SMcG0016381	L
h1SMcG0016382	-
h1SMcG0016383	-
h1SMcG0016384	L
h1SMcG0016385	S
h1SMcG0016386	-
h1SMcG0016387	T
h1SMcG0016388	T
h1SMcG0016389	-
h1SMcG0016390	-
h1SMcG0016391	-
h1SMcG0016392	S
h1SMcG0016393	S
h1SMcG0016394	U
h1SMcG0016395	T
h1SMcG0016396	-
h1SMcG0016397	O
h1SMcG0016398	A
h1SMcG0016399	S
h1SMcG0016400	D
h1SMcG0016401	S
h1SMcG0016402	G
h1SMcG0016403	S
h1SMcG0016404	T
h1SMcG0016405	-
h1SMcG0016406	DUZ
h1SMcG0016407	T
h1SMcG0016408	E
h1SMcG0016409	-
h1SMcG0016410	-
h1SMcG0016411	O
h1SMcG0016412	T
h1SMcG0016413	T
h1SMcG0016414	-
h1SMcG0016415	-
h1SMcG0016416	-
h1SMcG0016417	B
h1SMcG0016418	-
h1SMcG0016419	-
h1SMcG0016420	O
h1SMcG0016421	O
h1SMcG0016422	G
h1SMcG0016423	-
h1SMcG0016424	-
h1SMcG0016425	S
h1SMcG0016426	S
h1SMcG0016427	-
h1SMcG0016428	-
h1SMcG0016429	-
h1SMcG0016430	T
h1SMcG0016431	G
h1SMcG0016432	-
h1SMcG0016433	-
h1SMcG0016434	-
h1SMcG0016435	DT
h1SMcG0016436	T
h1SMcG0016437	F
h1SMcG0016438	E
h1SMcG0016439	G
h1SMcG0016440	A
h1SMcG0016441	J
h1SMcG0016442	-
h1SMcG0016443	-
h1SMcG0016444	-
h1SMcG0016445	TU
h1SMcG0016446	S
h1SMcG0016447	T
h1SMcG0016448	-
h1SMcG0016449	-
h1SMcG0016450	G
h1SMcG0016451	OU
h1SMcG0016452	L
h1SMcG0016453	B
h1SMcG0016454	B
h1SMcG0016455	I
h1SMcG0016456	-
h1SMcG0016457	U
h1SMcG0016458	-
h1SMcG0016459	-
h1SMcG0016460	-
h1SMcG0016461	S
h1SMcG0016462	S
h1SMcG0016463	-
h1SMcG0016464	Z
h1SMcG0016465	P
h1SMcG0016466	S
h1SMcG0016467	-
h1SMcG0016468	C
h1SMcG0016469	S
h1SMcG0016470	-
h1SMcG0016471	-
h1SMcG0016472	K
h1SMcG0016473	-
h1SMcG0016474	-
h1SMcG0016475	L
h1SMcG0016476	S
h1SMcG0016477	-
h1SMcG0016478	S
h1SMcG0016479	B
h1SMcG0016480	O
h1SMcG0016481	O
h1SMcG0016482	O
h1SMcG0016483	-
h1SMcG0016484	-
h1SMcG0016485	-
h1SMcG0016486	S
h1SMcG0016487	-
h1SMcG0016488	Z
h1SMcG0016489	K
h1SMcG0016490	T
h1SMcG0016491	S
h1SMcG0016492	S
h1SMcG0016493	-
h1SMcG0016494	-
h1SMcG0016495	-
h1SMcG0016496	-
h1SMcG0016497	-
h1SMcG0016498	-
h1SMcG0016499	-
h1SMcG0016500	A
h1SMcG0016501	-
h1SMcG0016502	-
h1SMcG0016503	U
h1SMcG0016504	I
h1SMcG0016505	A
h1SMcG0016506	Z
h1SMcG0016507	-
h1SMcG0016508	-
h1SMcG0016509	-
h1SMcG0016510	L
h1SMcG0016511	T
h1SMcG0016512	T
h1SMcG0016513	T
h1SMcG0016514	T
h1SMcG0016515	O
h1SMcG0016516	T
h1SMcG0016517	-
h1SMcG0016518	-
h1SMcG0016519	A
h1SMcG0016520	A
h1SMcG0016521	A
h1SMcG0016522	S
h1SMcG0016523	-
h1SMcG0016524	S
h1SMcG0016525	-
h1SMcG0016526	T
h1SMcG0016527	-
h1SMcG0016528	-
h1SMcG0016529	-
h1SMcG0016530	S
h1SMcG0016531	S
h1SMcG0016532	M
h1SMcG0016533	I
h1SMcG0016534	K
h1SMcG0016535	C
h1SMcG0016536	-
h1SMcG0016537	S
h1SMcG0016538	T
h1SMcG0016539	E
h1SMcG0016540	S
h1SMcG0016541	J
h1SMcG0016542	T
h1SMcG0016543	-
h1SMcG0016544	-
h1SMcG0016545	T
h1SMcG0016546	U
h1SMcG0016547	P
h1SMcG0016548	T
h1SMcG0016549	-
h1SMcG0016550	L
h1SMcG0016551	S
h1SMcG0016552	O
h1SMcG0016553	-
h1SMcG0016554	-
h1SMcG0016555	S
h1SMcG0016556	-
h1SMcG0016557	K
h1SMcG0016558	O
h1SMcG0016559	T
h1SMcG0016560	-
h1SMcG0016561	-
h1SMcG0016562	K
h1SMcG0016563	-
h1SMcG0016564	-
h1SMcG0016565	U
h1SMcG0016566	-
h1SMcG0016567	EG
h1SMcG0016568	-
h1SMcG0016569	D
h1SMcG0016570	O
h1SMcG0016571	E
h1SMcG0016572	-
h1SMcG0016573	-
h1SMcG0016574	K
h1SMcG0016575	U
h1SMcG0016576	A
h1SMcG0016577	S
h1SMcG0016578	F
h1SMcG0016579	T
h1SMcG0016580	-
h1SMcG0016581	-
h1SMcG0016582	-
h1SMcG0016583	E
h1SMcG0016584	T
h1SMcG0016585	G
h1SMcG0016586	-
h1SMcG0016587	O
h1SMcG0016588	-
h1SMcG0016589	P
h1SMcG0016590	-
h1SMcG0016591	-
h1SMcG0016592	U
h1SMcG0016593	-
h1SMcG0016594	Q
h1SMcG0016595	-
h1SMcG0016596	-
h1SMcG0016597	T
h1SMcG0016598	-
h1SMcG0016599	S
h1SMcG0016600	-
h1SMcG0016601	-
h1SMcG0016602	T
h1SMcG0016603	A
h1SMcG0016604	U
h1SMcG0016605	T
h1SMcG0016606	T
h1SMcG0016607	J
h1SMcG0016608	-
h1SMcG0016609	-
h1SMcG0016610	-
h1SMcG0016611	J
h1SMcG0016612	T
h1SMcG0016613	-
h1SMcG0016614	-
h1SMcG0016615	P
h1SMcG0016616	S
h1SMcG0016617	J
h1SMcG0016618	-
h1SMcG0016619	A
h1SMcG0016620	-
h1SMcG0016621	U
h1SMcG0016622	I
h1SMcG0016623	-
h1SMcG0016624	T
h1SMcG0016625	Z
h1SMcG0016626	P
h1SMcG0016627	A
h1SMcG0016628	O
h1SMcG0016629	Q
h1SMcG0016630	-
h1SMcG0016631	Q
h1SMcG0016632	Q
h1SMcG0016633	Q
h1SMcG0016634	S
h1SMcG0016635	S
h1SMcG0016636	T
h1SMcG0016637	Z
h1SMcG0016638	-
h1SMcG0016639	-
h1SMcG0016640	T
h1SMcG0016641	T
h1SMcG0016642	-
h1SMcG0016643	O
h1SMcG0016644	S
h1SMcG0016645	J
h1SMcG0016646	I
h1SMcG0016647	T
h1SMcG0016648	S
h1SMcG0016649	D
h1SMcG0016650	S
h1SMcG0016651	S
h1SMcG0016652	DZ
h1SMcG0016653	S
h1SMcG0016654	S
h1SMcG0016655	Z
h1SMcG0016656	-
h1SMcG0016657	A
h1SMcG0016658	-
h1SMcG0016659	P
h1SMcG0016660	O
h1SMcG0016661	-
h1SMcG0016662	-
h1SMcG0016663	-
h1SMcG0016664	F
h1SMcG0016665	Z
h1SMcG0016666	Z
h1SMcG0016667	-
h1SMcG0016668	O
h1SMcG0016669	P
h1SMcG0016670	-
h1SMcG0016671	S
h1SMcG0016672	T
h1SMcG0016673	W
h1SMcG0016674	J
h1SMcG0016675	S
h1SMcG0016676	K
h1SMcG0016677	-
h1SMcG0016678	J
h1SMcG0016679	-
h1SMcG0016680	A
h1SMcG0016681	P
h1SMcG0016682	L
h1SMcG0016683	Z
h1SMcG0016684	O
h1SMcG0016685	-
h1SMcG0016686	C
h1SMcG0016687	S
h1SMcG0016688	O
h1SMcG0016689	S
h1SMcG0016690	-
h1SMcG0016691	-
h1SMcG0016692	T
h1SMcG0016693	Q
h1SMcG0016694	J
h1SMcG0016695	T
h1SMcG0016696	S
h1SMcG0016697	T
h1SMcG0016698	S
h1SMcG0016699	T
h1SMcG0016700	U
h1SMcG0016701	S
h1SMcG0016702	-
h1SMcG0016703	K
h1SMcG0016704	J
h1SMcG0016705	U
h1SMcG0016706	F
h1SMcG0016707	-
h1SMcG0016708	-
h1SMcG0016709	T
h1SMcG0016710	O
h1SMcG0016711	E
h1SMcG0016712	J
h1SMcG0016713	O
h1SMcG0016714	-
h1SMcG0016715	-
h1SMcG0016716	S
h1SMcG0016717	F
h1SMcG0016718	L
h1SMcG0016719	T
h1SMcG0016720	T
h1SMcG0016721	O
h1SMcG0016722	-
h1SMcG0016723	S
h1SMcG0016724	-
h1SMcG0016725	S
h1SMcG0016726	S
h1SMcG0016727	-
h1SMcG0016728	-
h1SMcG0016729	L
h1SMcG0016730	K
h1SMcG0016731	-
h1SMcG0016732	K
h1SMcG0016733	-
h1SMcG0016734	E
h1SMcG0016735	O
h1SMcG0016736	K
h1SMcG0016737	C
h1SMcG0016738	E
h1SMcG0016739	Z
h1SMcG0016740	T
h1SMcG0016741	W
h1SMcG0016742	O
h1SMcG0016743	S
h1SMcG0016744	E
h1SMcG0016745	-
h1SMcG0016746	S
h1SMcG0016747	J
h1SMcG0016748	S
h1SMcG0016749	J
h1SMcG0016750	S
h1SMcG0016751	L
h1SMcG0016752	-
h1SMcG0016753	T
h1SMcG0016754	T
h1SMcG0016755	T
h1SMcG0016756	-
h1SMcG0016757	-
h1SMcG0016758	-
h1SMcG0016759	S
h1SMcG0016760	P
h1SMcG0016761	T
h1SMcG0016762	P
h1SMcG0016763	S
h1SMcG0016764	I
h1SMcG0016765	U
h1SMcG0016766	O
h1SMcG0016767	T
h1SMcG0016768	-
h1SMcG0016769	-
h1SMcG0016770	-
h1SMcG0016771	T
h1SMcG0016772	Q
h1SMcG0016773	-
h1SMcG0016774	O
h1SMcG0016775	-
h1SMcG0016776	S
h1SMcG0016777	Z
h1SMcG0016778	O
h1SMcG0016779	E
h1SMcG0016780	-
h1SMcG0016781	H
h1SMcG0016782	H
h1SMcG0016783	-
h1SMcG0016784	H
h1SMcG0016785	-
h1SMcG0016786	H
h1SMcG0016787	-
h1SMcG0016788	E
h1SMcG0016789	-
h1SMcG0016790	H
h1SMcG0016791	-
h1SMcG0016792	-
h1SMcG0016793	Q
h1SMcG0016794	S
h1SMcG0016795	-
h1SMcG0016796	J
h1SMcG0016797	-
h1SMcG0016798	L
h1SMcG0016799	Q
h1SMcG0016800	S
h1SMcG0016801	-
h1SMcG0016802	D
h1SMcG0016803	-
h1SMcG0016804	-
h1SMcG0016805	O
h1SMcG0016806	-
h1SMcG0016807	S
h1SMcG0016808	T
h1SMcG0016809	-
h1SMcG0016810	B
h1SMcG0016811	G
h1SMcG0016812	-
h1SMcG0016813	-
h1SMcG0016814	-
h1SMcG0016815	O
h1SMcG0016816	S
h1SMcG0016817	O
h1SMcG0016818	Q
h1SMcG0016819	-
h1SMcG0016820	-
h1SMcG0016821	BD
h1SMcG0016822	-
h1SMcG0016823	-
h1SMcG0016824	-
h1SMcG0016825	-
h1SMcG0016826	-
h1SMcG0016827	S
h1SMcG0016828	P
h1SMcG0016829	S
h1SMcG0016830	-
h1SMcG0016831	S
h1SMcG0016832	Q
h1SMcG0016833	-
h1SMcG0016834	O
h1SMcG0016835	-
h1SMcG0016836	U
h1SMcG0016837	-
h1SMcG0016838	K
h1SMcG0016839	-
h1SMcG0016840	PT
h1SMcG0016841	S
h1SMcG0016842	-
h1SMcG0016843	BK
h1SMcG0016844	A
h1SMcG0016845	C
h1SMcG0016846	K
h1SMcG0016847	S
h1SMcG0016848	T
h1SMcG0016849	F
h1SMcG0016850	F
h1SMcG0016851	BD
h1SMcG0016852	F
h1SMcG0016853	O
h1SMcG0016854	F
h1SMcG0016855	-
h1SMcG0016856	F
h1SMcG0016857	H
h1SMcG0016858	S
h1SMcG0016859	A
h1SMcG0016860	FP
h1SMcG0016861	K
h1SMcG0016862	-
h1SMcG0016863	TU
h1SMcG0016864	TU
h1SMcG0016865	-
h1SMcG0016866	-
h1SMcG0016867	T
h1SMcG0016868	K
h1SMcG0016869	T
h1SMcG0016870	S
h1SMcG0016871	Z
h1SMcG0016872	Z
h1SMcG0016873	-
h1SMcG0016874	S
h1SMcG0016875	S
h1SMcG0016876	U
h1SMcG0016877	TU
h1SMcG0016878	P
h1SMcG0016879	-
h1SMcG0016880	T
h1SMcG0016881	S
h1SMcG0016882	-
h1SMcG0016883	-
h1SMcG0016884	K
h1SMcG0016885	-
h1SMcG0016886	-
h1SMcG0016887	S
h1SMcG0016888	A
h1SMcG0016889	E
h1SMcG0016890	G
h1SMcG0016891	J
h1SMcG0016892	S
h1SMcG0016893	B
h1SMcG0016894	S
h1SMcG0016895	E
h1SMcG0016896	K
h1SMcG0016897	-
h1SMcG0016898	S
h1SMcG0016899	T
h1SMcG0016900	-
h1SMcG0016901	S
h1SMcG0016902	S
h1SMcG0016903	S
h1SMcG0016904	S
h1SMcG0016905	T
h1SMcG0016906	-
h1SMcG0016907	L
h1SMcG0016908	-
h1SMcG0016909	T
h1SMcG0016910	-
h1SMcG0016911	-
h1SMcG0016912	J
h1SMcG0016913	-
h1SMcG0016914	-
h1SMcG0016915	KL
h1SMcG0016916	KL
h1SMcG0016917	G
h1SMcG0016918	H
h1SMcG0016919	S
h1SMcG0016920	-
h1SMcG0016921	-
h1SMcG0016922	D
h1SMcG0016923	-
h1SMcG0016924	K
h1SMcG0016925	-
h1SMcG0016926	U
h1SMcG0016927	O
h1SMcG0016928	IT
h1SMcG0016929	-
h1SMcG0016930	T
h1SMcG0016931	K
h1SMcG0016932	-
h1SMcG0016933	Z
h1SMcG0016934	C
h1SMcG0016935	S
h1SMcG0016936	S
h1SMcG0016937	E
h1SMcG0016938	M
h1SMcG0016939	W
h1SMcG0016940	-
h1SMcG0016941	KLT
h1SMcG0016942	-
h1SMcG0016943	-
h1SMcG0016944	O
h1SMcG0016945	S
h1SMcG0016946	-
h1SMcG0016947	-
h1SMcG0016948	-
h1SMcG0016949	S
h1SMcG0016950	S
h1SMcG0016951	-
h1SMcG0016952	T
h1SMcG0016953	T
h1SMcG0016954	-
h1SMcG0016955	BD
h1SMcG0016956	K
h1SMcG0016957	-
h1SMcG0016958	-
h1SMcG0016959	BK
h1SMcG0016960	S
h1SMcG0016961	C
h1SMcG0016962	-
h1SMcG0016963	S
h1SMcG0016964	U
h1SMcG0016965	-
h1SMcG0016966	-
h1SMcG0016967	-
h1SMcG0016968	-
h1SMcG0016969	-
h1SMcG0016970	G
h1SMcG0016971	S
h1SMcG0016972	-
h1SMcG0016973	-
h1SMcG0016974	JU
h1SMcG0016975	S
h1SMcG0016976	-
h1SMcG0016977	K
h1SMcG0016978	-
h1SMcG0016979	-
h1SMcG0016980	-
h1SMcG0016981	S
h1SMcG0016982	Z
h1SMcG0016983	-
h1SMcG0016984	E
h1SMcG0016985	K
h1SMcG0016986	-
h1SMcG0016987	-
h1SMcG0016988	-
h1SMcG0016989	S
h1SMcG0016990	S
h1SMcG0016991	-
h1SMcG0016992	-
h1SMcG0016993	G
h1SMcG0016994	G
h1SMcG0016995	G
h1SMcG0016996	P
h1SMcG0016997	-
h1SMcG0016998	L
h1SMcG0016999	EPT
h1SMcG0017000	K
h1SMcG0017001	S
h1SMcG0017002	S
h1SMcG0017003	T
h1SMcG0017004	U
h1SMcG0017005	-
h1SMcG0017006	-
h1SMcG0017007	-
h1SMcG0017008	-
h1SMcG0017009	-
h1SMcG0017010	S
h1SMcG0017011	C
h1SMcG0017012	Z
h1SMcG0017013	O
h1SMcG0017014	K
h1SMcG0017015	-
h1SMcG0017016	Z
h1SMcG0017017	-
h1SMcG0017018	O
h1SMcG0017019	O
h1SMcG0017020	L
h1SMcG0017021	E
h1SMcG0017022	T
h1SMcG0017023	E
h1SMcG0017024	-
h1SMcG0017025	-
h1SMcG0017026	-
h1SMcG0017027	A
h1SMcG0017028	K
h1SMcG0017029	S
h1SMcG0017030	TU
h1SMcG0017031	DY
h1SMcG0017032	-
h1SMcG0017033	-
h1SMcG0017034	T
h1SMcG0017035	S
h1SMcG0017036	P
h1SMcG0017037	H
h1SMcG0017038	H
h1SMcG0017039	-
h1SMcG0017040	U
h1SMcG0017041	-
h1SMcG0017042	I
h1SMcG0017043	P
h1SMcG0017044	O
h1SMcG0017045	P
h1SMcG0017046	O
h1SMcG0017047	G
h1SMcG0017048	U
h1SMcG0017049	O
h1SMcG0017050	-
h1SMcG0017051	T
h1SMcG0017052	D
h1SMcG0017053	-
h1SMcG0017054	K
h1SMcG0017055	-
h1SMcG0017056	-
h1SMcG0017057	Z
h1SMcG0017058	U
h1SMcG0017059	L
h1SMcG0017060	D
h1SMcG0017061	L
h1SMcG0017062	D
h1SMcG0017063	T
h1SMcG0017064	P
h1SMcG0017065	S
h1SMcG0017066	K
h1SMcG0017067	E
h1SMcG0017068	E
h1SMcG0017069	T
h1SMcG0017070	-
h1SMcG0017071	UY
h1SMcG0017072	A
h1SMcG0017073	T
h1SMcG0017074	E
h1SMcG0017075	J
h1SMcG0017076	J
h1SMcG0017077	T
h1SMcG0017078	E
h1SMcG0017079	E
h1SMcG0017080	T
h1SMcG0017081	Z
h1SMcG0017082	T
h1SMcG0017083	TZ
h1SMcG0017084	-
h1SMcG0017085	-
h1SMcG0017086	S
h1SMcG0017087	T
h1SMcG0017088	I
h1SMcG0017089	T
h1SMcG0017090	GOU
h1SMcG0017091	K
h1SMcG0017092	W
h1SMcG0017093	Q
h1SMcG0017094	-
h1SMcG0017095	T
h1SMcG0017096	-
h1SMcG0017097	K
h1SMcG0017098	C
h1SMcG0017099	S
h1SMcG0017100	S
h1SMcG0017101	-
h1SMcG0017102	-
h1SMcG0017103	S
h1SMcG0017104	-
h1SMcG0017105	S
h1SMcG0017106	S
h1SMcG0017107	-
h1SMcG0017108	B
h1SMcG0017109	-
h1SMcG0017110	-
h1SMcG0017111	K
h1SMcG0017112	T
h1SMcG0017113	T
h1SMcG0017114	U
h1SMcG0017115	U
h1SMcG0017116	S
h1SMcG0017117	EPT
h1SMcG0017118	-
h1SMcG0017119	EPT
h1SMcG0017120	-
h1SMcG0017121	Q
h1SMcG0017122	-
h1SMcG0017123	-
h1SMcG0017124	S
h1SMcG0017125	S
h1SMcG0017126	Z
h1SMcG0017127	-
h1SMcG0017128	S
h1SMcG0017129	-
h1SMcG0017130	-
h1SMcG0017131	-
h1SMcG0017132	-
h1SMcG0017133	-
h1SMcG0017134	-
h1SMcG0017135	-
h1SMcG0017136	-
h1SMcG0017137	-
h1SMcG0017138	-
h1SMcG0017139	S
h1SMcG0017140	S
h1SMcG0017141	S
h1SMcG0017142	G
h1SMcG0017143	G
h1SMcG0017144	-
h1SMcG0017145	-
h1SMcG0017146	-
h1SMcG0017147	U
h1SMcG0017148	H
h1SMcG0017149	H
h1SMcG0017150	M
h1SMcG0017151	AB
h1SMcG0017152	Z
h1SMcG0017153	G
h1SMcG0017154	G
h1SMcG0017155	G
h1SMcG0017156	EGP
h1SMcG0017157	-
h1SMcG0017158	EGP
h1SMcG0017159	E
h1SMcG0017160	T
h1SMcG0017161	G
h1SMcG0017162	OT
h1SMcG0017163	I
h1SMcG0017164	TU
h1SMcG0017165	-
h1SMcG0017166	S
h1SMcG0017167	C
h1SMcG0017168	S
h1SMcG0017169	S
h1SMcG0017170	-
h1SMcG0017171	DKT
h1SMcG0017172	DKT
h1SMcG0017173	-
h1SMcG0017174	C
h1SMcG0017175	O
h1SMcG0017176	Z
h1SMcG0017177	-
h1SMcG0017178	-
h1SMcG0017179	E
h1SMcG0017180	S
h1SMcG0017181	T
h1SMcG0017182	T
h1SMcG0017183	A
h1SMcG0017184	T
h1SMcG0017185	-
h1SMcG0017186	E
h1SMcG0017187	OU
h1SMcG0017188	-
h1SMcG0017189	-
h1SMcG0017190	S
h1SMcG0017191	TU
h1SMcG0017192	O
h1SMcG0017193	S
h1SMcG0017194	S
h1SMcG0017195	S
h1SMcG0017196	-
h1SMcG0017197	S
h1SMcG0017198	O
h1SMcG0017199	-
h1SMcG0017200	C
h1SMcG0017201	-
h1SMcG0017202	-
h1SMcG0017203	O
h1SMcG0017204	T
h1SMcG0017205	J
h1SMcG0017206	-
h1SMcG0017207	-
h1SMcG0017208	Z
h1SMcG0017209	-
h1SMcG0017210	S
h1SMcG0017211	O
h1SMcG0017212	-
h1SMcG0017213	K
h1SMcG0017214	K
h1SMcG0017215	-
h1SMcG0017216	-
h1SMcG0017217	-
h1SMcG0017218	E
h1SMcG0017219	-
h1SMcG0017220	S
h1SMcG0017221	S
h1SMcG0017222	O
h1SMcG0017223	-
h1SMcG0017224	S
h1SMcG0017225	-
h1SMcG0017226	O
h1SMcG0017227	-
h1SMcG0017228	O
h1SMcG0017229	-
h1SMcG0017230	-
h1SMcG0017231	-
h1SMcG0017232	T
h1SMcG0017233	L
h1SMcG0017234	-
h1SMcG0017235	-
h1SMcG0017236	L
h1SMcG0017237	-
h1SMcG0017238	Z
h1SMcG0017239	-
h1SMcG0017240	-
h1SMcG0017241	O
h1SMcG0017242	C
h1SMcG0017243	T
h1SMcG0017244	-
h1SMcG0017245	-
h1SMcG0017246	T
h1SMcG0017247	-
h1SMcG0017248	-
h1SMcG0017249	-
h1SMcG0017250	-
h1SMcG0017251	S
h1SMcG0017252	AJ
h1SMcG0017253	S
h1SMcG0017254	O
h1SMcG0017255	K
h1SMcG0017256	S
h1SMcG0017257	-
h1SMcG0017258	C
h1SMcG0017259	H
h1SMcG0017260	I
h1SMcG0017261	S
h1SMcG0017262	P
h1SMcG0017263	S
h1SMcG0017264	S
h1SMcG0017265	-
h1SMcG0017266	O
h1SMcG0017267	T
h1SMcG0017268	S
h1SMcG0017269	S
h1SMcG0017270	J
h1SMcG0017271	O
h1SMcG0017272	S
h1SMcG0017273	C
h1SMcG0017274	-
h1SMcG0017275	O
h1SMcG0017276	K
h1SMcG0017277	-
h1SMcG0017278	-
h1SMcG0017279	-
h1SMcG0017280	O
h1SMcG0017281	-
h1SMcG0017282	-
h1SMcG0017283	E
h1SMcG0017284	-
h1SMcG0017285	S
h1SMcG0017286	-
h1SMcG0017287	-
h1SMcG0017288	S
h1SMcG0017289	E
h1SMcG0017290	-
h1SMcG0017291	U
h1SMcG0017292	O
h1SMcG0017293	-
h1SMcG0017294	L
h1SMcG0017295	T
h1SMcG0017296	S
h1SMcG0017297	-
h1SMcG0017298	S
h1SMcG0017299	S
h1SMcG0017300	S
h1SMcG0017301	E
h1SMcG0017302	E
h1SMcG0017303	-
h1SMcG0017304	C
h1SMcG0017305	TV
h1SMcG0017306	-
h1SMcG0017307	G
h1SMcG0017308	-
h1SMcG0017309	W
h1SMcG0017310	O
h1SMcG0017311	O
h1SMcG0017312	E
h1SMcG0017313	-
h1SMcG0017314	-
h1SMcG0017315	BD
h1SMcG0017316	DTZ
h1SMcG0017317	-
h1SMcG0017318	Z
h1SMcG0017319	T
h1SMcG0017320	O
h1SMcG0017321	-
h1SMcG0017322	O
h1SMcG0017323	-
h1SMcG0017324	A
h1SMcG0017325	-
h1SMcG0017326	D
h1SMcG0017327	-
h1SMcG0017328	TV
h1SMcG0017329	S
h1SMcG0017330	I
h1SMcG0017331	S
h1SMcG0017332	G
h1SMcG0017333	OU
h1SMcG0017334	-
h1SMcG0017335	-
h1SMcG0017336	-
h1SMcG0017337	-
h1SMcG0017338	-
h1SMcG0017339	-
h1SMcG0017340	-
h1SMcG0017341	-
h1SMcG0017342	-
h1SMcG0017343	-
h1SMcG0017344	P
h1SMcG0017345	-
h1SMcG0017346	P
h1SMcG0017347	-
h1SMcG0017348	G
h1SMcG0017349	B
h1SMcG0017350	-
h1SMcG0017351	-
h1SMcG0017352	-
h1SMcG0017353	-
h1SMcG0017354	S
h1SMcG0017355	-
h1SMcG0017356	U
h1SMcG0017357	K
h1SMcG0017358	-
h1SMcG0017359	F
h1SMcG0017360	F
h1SMcG0017361	S
h1SMcG0017362	Z
h1SMcG0017363	T
h1SMcG0017364	-
h1SMcG0017365	-
h1SMcG0017366	S
h1SMcG0017367	J
h1SMcG0017368	-
h1SMcG0017369	-
h1SMcG0017370	-
h1SMcG0017371	-
h1SMcG0017372	E
h1SMcG0017373	-
h1SMcG0017374	-
h1SMcG0017375	-
h1SMcG0017376	-
h1SMcG0017377	-
h1SMcG0017378	C
h1SMcG0017379	-
h1SMcG0017380	T
h1SMcG0017381	O
h1SMcG0017382	-
h1SMcG0017383	S
h1SMcG0017384	S
h1SMcG0017385	-
h1SMcG0017386	J
h1SMcG0017387	F
h1SMcG0017388	S
h1SMcG0017389	T
h1SMcG0017390	-
h1SMcG0017391	T
h1SMcG0017392	-
h1SMcG0017393	S
h1SMcG0017394	K
h1SMcG0017395	L
h1SMcG0017396	-
h1SMcG0017397	L
h1SMcG0017398	-
h1SMcG0017399	S
h1SMcG0017400	TV
h1SMcG0017401	-
h1SMcG0017402	O
h1SMcG0017403	T
h1SMcG0017404	E
h1SMcG0017405	O
h1SMcG0017406	O
h1SMcG0017407	A
h1SMcG0017408	E
h1SMcG0017409	-
h1SMcG0017410	OU
h1SMcG0017411	-
h1SMcG0017412	S
h1SMcG0017413	L
h1SMcG0017414	-
h1SMcG0017415	S
h1SMcG0017416	S
h1SMcG0017417	S
h1SMcG0017418	S
h1SMcG0017419	S
h1SMcG0017420	T
h1SMcG0017421	O
h1SMcG0017422	-
h1SMcG0017423	E
h1SMcG0017424	-
h1SMcG0017425	P
h1SMcG0017426	-
h1SMcG0017427	S
h1SMcG0017428	K
h1SMcG0017429	-
h1SMcG0017430	O
h1SMcG0017431	P
h1SMcG0017432	U
h1SMcG0017433	S
h1SMcG0017434	-
h1SMcG0017435	-
h1SMcG0017436	-
h1SMcG0017437	-
h1SMcG0017438	G
h1SMcG0017439	-
h1SMcG0017440	L
h1SMcG0017441	U
h1SMcG0017442	S
h1SMcG0017443	-
h1SMcG0017444	D
h1SMcG0017445	-
h1SMcG0017446	E
h1SMcG0017447	E
h1SMcG0017448	K
h1SMcG0017449	CH
h1SMcG0017450	O
h1SMcG0017451	-
h1SMcG0017452	A
h1SMcG0017453	G
h1SMcG0017454	BD
h1SMcG0017455	TZ
h1SMcG0017456	TZ
h1SMcG0017457	-
h1SMcG0017458	Z
h1SMcG0017459	-
h1SMcG0017460	-
h1SMcG0017461	BK
h1SMcG0017462	E
h1SMcG0017463	-
h1SMcG0017464	-
h1SMcG0017465	S
h1SMcG0017466	-
h1SMcG0017467	-
h1SMcG0017468	-
h1SMcG0017469	-
h1SMcG0017470	-
h1SMcG0017471	O
h1SMcG0017472	-
h1SMcG0017473	-
h1SMcG0017474	-
h1SMcG0017475	I
h1SMcG0017476	S
h1SMcG0017477	O
h1SMcG0017478	-
h1SMcG0017479	T
h1SMcG0017480	S
h1SMcG0017481	-
h1SMcG0017482	S
h1SMcG0017483	-
h1SMcG0017484	U
h1SMcG0017485	-
h1SMcG0017486	-
h1SMcG0017487	-
h1SMcG0017488	T
h1SMcG0017489	S
h1SMcG0017490	L
h1SMcG0017491	O
h1SMcG0017492	-
h1SMcG0017493	-
h1SMcG0017494	H
h1SMcG0017495	S
h1SMcG0017496	S
h1SMcG0017497	P
h1SMcG0017498	P
h1SMcG0017499	S
h1SMcG0017500	K
h1SMcG0017501	-
h1SMcG0017502	-
h1SMcG0017503	-
h1SMcG0017504	-
h1SMcG0017505	A
h1SMcG0017506	-
h1SMcG0017507	-
h1SMcG0017508	E
h1SMcG0017509	-
h1SMcG0017510	-
h1SMcG0017511	U
h1SMcG0017512	-
h1SMcG0017513	-
h1SMcG0017514	-
h1SMcG0017515	S
h1SMcG0017516	-
h1SMcG0017517	-
h1SMcG0017518	-
h1SMcG0017519	-
h1SMcG0017520	-
h1SMcG0017521	-
h1SMcG0017522	-
h1SMcG0017523	-
h1SMcG0017524	-
h1SMcG0017525	-
h1SMcG0017526	-
h1SMcG0017527	K
h1SMcG0017528	-
h1SMcG0017529	-
h1SMcG0017530	O
h1SMcG0017531	E
h1SMcG0017532	O
h1SMcG0017533	-
h1SMcG0017534	S
h1SMcG0017535	-
h1SMcG0017536	Z
h1SMcG0017537	Z
h1SMcG0017538	G
h1SMcG0017539	G
h1SMcG0017540	D
h1SMcG0017541	-
h1SMcG0017542	S
h1SMcG0017543	-
h1SMcG0017544	S
h1SMcG0017545	-
h1SMcG0017546	-
h1SMcG0017547	G
h1SMcG0017548	G
h1SMcG0017549	J
h1SMcG0017550	C
h1SMcG0017551	T
h1SMcG0017552	Z
h1SMcG0017553	T
h1SMcG0017554	B
h1SMcG0017555	-
h1SMcG0017556	-
h1SMcG0017557	S
h1SMcG0017558	-
h1SMcG0017559	-
h1SMcG0017560	-
h1SMcG0017561	OT
h1SMcG0017562	Z
h1SMcG0017563	-
h1SMcG0017564	-
h1SMcG0017565	-
h1SMcG0017566	T
h1SMcG0017567	-
h1SMcG0017568	-
h1SMcG0017569	-
h1SMcG0017570	T
h1SMcG0017571	-
h1SMcG0017572	-
h1SMcG0017573	-
h1SMcG0017574	-
h1SMcG0017575	-
h1SMcG0017576	-
h1SMcG0017577	E
h1SMcG0017578	-
h1SMcG0017579	L
h1SMcG0017580	-
h1SMcG0017581	-
h1SMcG0017582	-
h1SMcG0017583	O
h1SMcG0017584	L
h1SMcG0017585	L
h1SMcG0017586	E
h1SMcG0017587	E
h1SMcG0017588	-
h1SMcG0017589	-
h1SMcG0017590	-
h1SMcG0017591	O
h1SMcG0017592	O
h1SMcG0017593	O
h1SMcG0017594	O
h1SMcG0017595	-
h1SMcG0017596	-
h1SMcG0017597	-
h1SMcG0017598	O
h1SMcG0017599	S
h1SMcG0017600	O
h1SMcG0017601	-
h1SMcG0017602	K
h1SMcG0017603	O
h1SMcG0017604	-
h1SMcG0017605	G
h1SMcG0017606	S
h1SMcG0017607	I
h1SMcG0017608	A
h1SMcG0017609	E
h1SMcG0017610	-
h1SMcG0017611	-
h1SMcG0017612	T
h1SMcG0017613	S
h1SMcG0017614	O
h1SMcG0017615	O
h1SMcG0017616	-
h1SMcG0017617	-
h1SMcG0017618	-
h1SMcG0017619	-
h1SMcG0017620	-
h1SMcG0017621	J
h1SMcG0017622	S
h1SMcG0017623	T
h1SMcG0017624	O
h1SMcG0017625	S
h1SMcG0017626	S
h1SMcG0017627	-
h1SMcG0017628	L
h1SMcG0017629	T
h1SMcG0017630	L
h1SMcG0017631	-
h1SMcG0017632	T
h1SMcG0017633	-
h1SMcG0017634	S
h1SMcG0017635	O
h1SMcG0017636	-
h1SMcG0017637	O
h1SMcG0017638	-
h1SMcG0017639	T
h1SMcG0017640	I
h1SMcG0017641	E
h1SMcG0017642	-
h1SMcG0017643	K
h1SMcG0017644	O
h1SMcG0017645	O
h1SMcG0017646	E
h1SMcG0017647	E
h1SMcG0017648	-
h1SMcG0017649	J
h1SMcG0017650	C
h1SMcG0017651	-
h1SMcG0017652	G
h1SMcG0017653	K
h1SMcG0017654	E
h1SMcG0017655	E
h1SMcG0017656	-
h1SMcG0017657	TU
h1SMcG0017658	S
h1SMcG0017659	-
h1SMcG0017660	S
h1SMcG0017661	-
h1SMcG0017662	-
h1SMcG0017663	-
h1SMcG0017664	-
h1SMcG0017665	S
h1SMcG0017666	S
h1SMcG0017667	E
h1SMcG0017668	O
h1SMcG0017669	E
h1SMcG0017670	A
h1SMcG0017671	-
h1SMcG0017672	T
h1SMcG0017673	-
h1SMcG0017674	I
h1SMcG0017675	K
h1SMcG0017676	-
h1SMcG0017677	-
h1SMcG0017678	-
h1SMcG0017679	-
h1SMcG0017680	-
h1SMcG0017681	-
h1SMcG0017682	D
h1SMcG0017683	-
h1SMcG0017684	K
h1SMcG0017685	-
h1SMcG0017686	-
h1SMcG0017687	-
h1SMcG0017688	T
h1SMcG0017689	K
h1SMcG0017690	-
h1SMcG0017691	Z
h1SMcG0017692	O
h1SMcG0017693	-
h1SMcG0017694	-
h1SMcG0017695	-
h1SMcG0017696	C
h1SMcG0017697	-
h1SMcG0017698	-
h1SMcG0017699	Z
h1SMcG0017700	G
h1SMcG0017701	-
h1SMcG0017702	-
h1SMcG0017703	E
h1SMcG0017704	-
h1SMcG0017705	-
h1SMcG0017706	-
h1SMcG0017707	I
h1SMcG0017708	M
h1SMcG0017709	-
h1SMcG0017710	Z
h1SMcG0017711	-
h1SMcG0017712	-
h1SMcG0017713	Z
h1SMcG0017714	-
h1SMcG0017715	E
h1SMcG0017716	-
h1SMcG0017717	-
h1SMcG0017718	-
h1SMcG0017719	-
h1SMcG0017720	S
h1SMcG0017721	O
h1SMcG0017722	-
h1SMcG0017723	E
h1SMcG0017724	L
h1SMcG0017725	-
h1SMcG0017726	J
h1SMcG0017727	J
h1SMcG0017728	I
h1SMcG0017729	I
h1SMcG0017730	-
h1SMcG0017731	L
h1SMcG0017732	O
h1SMcG0017733	-
h1SMcG0017734	K
h1SMcG0017735	-
h1SMcG0017736	-
h1SMcG0017737	-
h1SMcG0017738	-
h1SMcG0017739	C
h1SMcG0017740	C
h1SMcG0017741	-
h1SMcG0017742	E
h1SMcG0017743	J
h1SMcG0017744	-
h1SMcG0017745	P
h1SMcG0017746	O
h1SMcG0017747	-
h1SMcG0017748	O
h1SMcG0017749	U
h1SMcG0017750	EPT
h1SMcG0017751	T
h1SMcG0017752	VW
h1SMcG0017753	-
h1SMcG0017754	-
h1SMcG0017755	VW
h1SMcG0017756	VW
h1SMcG0017757	VW
h1SMcG0017758	-
h1SMcG0017759	-
h1SMcG0017760	-
h1SMcG0017761	O
h1SMcG0017762	-
h1SMcG0017763	O
h1SMcG0017764	O
h1SMcG0017765	O
h1SMcG0017766	-
h1SMcG0017767	-
h1SMcG0017768	-
h1SMcG0017769	-
h1SMcG0017770	-
h1SMcG0017771	L
h1SMcG0017772	S
h1SMcG0017773	-
h1SMcG0017774	E
h1SMcG0017775	O
h1SMcG0017776	-
h1SMcG0017777	S
h1SMcG0017778	-
h1SMcG0017779	-
h1SMcG0017780	-
h1SMcG0017781	-
h1SMcG0017782	E
h1SMcG0017783	-
h1SMcG0017784	-
h1SMcG0017785	-
h1SMcG0017786	-
h1SMcG0017787	DKT
h1SMcG0017788	-
h1SMcG0017789	O
h1SMcG0017790	L
h1SMcG0017791	B
h1SMcG0017792	DKT
h1SMcG0017793	-
h1SMcG0017794	O
h1SMcG0017795	E
h1SMcG0017796	-
h1SMcG0017797	E
h1SMcG0017798	E
h1SMcG0017799	-
h1SMcG0017800	E
h1SMcG0017801	-
h1SMcG0017802	O
h1SMcG0017803	S
h1SMcG0017804	T
h1SMcG0017805	S
h1SMcG0017806	S
h1SMcG0017807	C
h1SMcG0017808	S
h1SMcG0017809	-
h1SMcG0017810	O
h1SMcG0017811	O
h1SMcG0017812	O
h1SMcG0017813	O
h1SMcG0017814	T
h1SMcG0017815	S
h1SMcG0017816	O
h1SMcG0017817	BD
h1SMcG0017818	T
h1SMcG0017819	UZ
h1SMcG0017820	P
h1SMcG0017821	-
h1SMcG0017822	O
h1SMcG0017823	-
h1SMcG0017824	C
h1SMcG0017825	-
h1SMcG0017826	T
h1SMcG0017827	I
h1SMcG0017828	-
h1SMcG0017829	-
h1SMcG0017830	-
h1SMcG0017831	T
h1SMcG0017832	T
h1SMcG0017833	-
h1SMcG0017834	F
h1SMcG0017835	-
h1SMcG0017836	G
h1SMcG0017837	S
h1SMcG0017838	S
h1SMcG0017839	M
h1SMcG0017840	-
h1SMcG0017841	O
h1SMcG0017842	S
h1SMcG0017843	-
h1SMcG0017844	TU
h1SMcG0017845	-
h1SMcG0017846	D
h1SMcG0017847	-
h1SMcG0017848	E
h1SMcG0017849	O
h1SMcG0017850	T
h1SMcG0017851	U
h1SMcG0017852	U
h1SMcG0017853	S
h1SMcG0017854	-
h1SMcG0017855	I
h1SMcG0017856	S
h1SMcG0017857	O
h1SMcG0017858	-
h1SMcG0017859	K
h1SMcG0017860	-
h1SMcG0017861	S
h1SMcG0017862	M
h1SMcG0017863	M
h1SMcG0017864	S
h1SMcG0017865	O
h1SMcG0017866	Z
h1SMcG0017867	E
h1SMcG0017868	-
h1SMcG0017869	-
h1SMcG0017870	M
h1SMcG0017871	S
h1SMcG0017872	T
h1SMcG0017873	S
h1SMcG0017874	-
h1SMcG0017875	S
h1SMcG0017876	-
h1SMcG0017877	H
h1SMcG0017878	P
h1SMcG0017879	C
h1SMcG0017880	P
h1SMcG0017881	MV
h1SMcG0017882	-
h1SMcG0017883	-
h1SMcG0017884	J
h1SMcG0017885	O
h1SMcG0017886	E
h1SMcG0017887	-
h1SMcG0017888	-
h1SMcG0017889	-
h1SMcG0017890	S
h1SMcG0017891	O
h1SMcG0017892	-
h1SMcG0017893	-
h1SMcG0017894	T
h1SMcG0017895	-
h1SMcG0017896	-
h1SMcG0017897	-
h1SMcG0017898	S
h1SMcG0017899	S
h1SMcG0017900	-
h1SMcG0017901	-
h1SMcG0017902	Z
h1SMcG0017903	K
h1SMcG0017904	S
h1SMcG0017905	-
h1SMcG0017906	I
h1SMcG0017907	E
h1SMcG0017908	-
h1SMcG0017909	S
h1SMcG0017910	-
h1SMcG0017911	T
h1SMcG0017912	-
h1SMcG0017913	-
h1SMcG0017914	-
h1SMcG0017915	T
h1SMcG0017916	-
h1SMcG0017917	-
h1SMcG0017918	-
h1SMcG0017919	-
h1SMcG0017920	K
h1SMcG0017921	L
h1SMcG0017922	-
h1SMcG0017923	H
h1SMcG0017924	M
h1SMcG0017925	-
h1SMcG0017926	M
h1SMcG0017927	A
h1SMcG0017928	M
h1SMcG0017929	S
h1SMcG0017930	K
h1SMcG0017931	S
h1SMcG0017932	J
h1SMcG0017933	S
h1SMcG0017934	-
h1SMcG0017935	-
h1SMcG0017936	O
h1SMcG0017937	O
h1SMcG0017938	T
h1SMcG0017939	E
h1SMcG0017940	-
h1SMcG0017941	K
h1SMcG0017942	-
h1SMcG0017943	O
h1SMcG0017944	O
h1SMcG0017945	Z
h1SMcG0017946	E
h1SMcG0017947	-
h1SMcG0017948	S
h1SMcG0017949	U
h1SMcG0017950	-
h1SMcG0017951	-
h1SMcG0017952	G
h1SMcG0017953	L
h1SMcG0017954	Z
h1SMcG0017955	W
h1SMcG0017956	D
h1SMcG0017957	A
h1SMcG0017958	T
h1SMcG0017959	C
h1SMcG0017960	-
h1SMcG0017961	S
h1SMcG0017962	H
h1SMcG0017963	-
h1SMcG0017964	U
h1SMcG0017965	S
h1SMcG0017966	-
h1SMcG0017967	-
h1SMcG0017968	E
h1SMcG0017969	K
h1SMcG0017970	T
h1SMcG0017971	J
h1SMcG0017972	-
h1SMcG0017973	S
h1SMcG0017974	UY
h1SMcG0017975	-
h1SMcG0017976	P
h1SMcG0017977	T
h1SMcG0017978	O
h1SMcG0017979	-
h1SMcG0017980	T
h1SMcG0017981	-
h1SMcG0017982	A
h1SMcG0017983	B
h1SMcG0017984	U
h1SMcG0017985	O
h1SMcG0017986	K
h1SMcG0017987	T
h1SMcG0017988	Z
h1SMcG0017989	J
h1SMcG0017990	E
h1SMcG0017991	-
h1SMcG0017992	S
h1SMcG0017993	T
h1SMcG0017994	-
h1SMcG0017995	K
h1SMcG0017996	-
h1SMcG0017997	S
h1SMcG0017998	O
h1SMcG0017999	O
h1SMcG0018000	T
h1SMcG0018001	-
h1SMcG0018002	C
h1SMcG0018003	-
h1SMcG0018004	-
h1SMcG0018005	F
h1SMcG0018006	P
h1SMcG0018007	OU
h1SMcG0018008	S
h1SMcG0018009	K
h1SMcG0018010	-
h1SMcG0018011	T
h1SMcG0018012	-
h1SMcG0018013	-
h1SMcG0018014	E
h1SMcG0018015	-
h1SMcG0018016	O
h1SMcG0018017	O
h1SMcG0018018	T
h1SMcG0018019	-
h1SMcG0018020	T
h1SMcG0018021	O
h1SMcG0018022	T
h1SMcG0018023	T
h1SMcG0018024	-
h1SMcG0018025	-
h1SMcG0018026	K
h1SMcG0018027	-
h1SMcG0018028	-
h1SMcG0018029	OU
h1SMcG0018030	L
h1SMcG0018031	-
h1SMcG0018032	-
h1SMcG0018033	-
h1SMcG0018034	U
h1SMcG0018035	T
h1SMcG0018036	H
h1SMcG0018037	U
h1SMcG0018038	-
h1SMcG0018039	U
h1SMcG0018040	T
h1SMcG0018041	-
h1SMcG0018042	O
h1SMcG0018043	O
h1SMcG0018044	O
h1SMcG0018045	O
h1SMcG0018046	-
h1SMcG0018047	O
h1SMcG0018048	S
h1SMcG0018049	S
h1SMcG0018050	G
h1SMcG0018051	O
h1SMcG0018052	O
h1SMcG0018053	O
h1SMcG0018054	E
h1SMcG0018055	Z
h1SMcG0018056	Z
h1SMcG0018057	Z
h1SMcG0018058	-
h1SMcG0018059	T
h1SMcG0018060	-
h1SMcG0018061	P
h1SMcG0018062	K
h1SMcG0018063	P
h1SMcG0018064	-
h1SMcG0018065	-
h1SMcG0018066	O
h1SMcG0018067	O
h1SMcG0018068	T
h1SMcG0018069	D
h1SMcG0018070	T
h1SMcG0018071	-
h1SMcG0018072	J
h1SMcG0018073	O
h1SMcG0018074	S
h1SMcG0018075	Z
h1SMcG0018076	-
h1SMcG0018077	-
h1SMcG0018078	S
h1SMcG0018079	O
h1SMcG0018080	-
h1SMcG0018081	S
h1SMcG0018082	J
h1SMcG0018083	U
h1SMcG0018084	D
h1SMcG0018085	T
h1SMcG0018086	O
h1SMcG0018087	BD
h1SMcG0018088	Z
h1SMcG0018089	T
h1SMcG0018090	U
h1SMcG0018091	S
h1SMcG0018092	P
h1SMcG0018093	J
h1SMcG0018094	-
h1SMcG0018095	-
h1SMcG0018096	S
h1SMcG0018097	O
h1SMcG0018098	-
h1SMcG0018099	S
h1SMcG0018100	W
h1SMcG0018101	L
h1SMcG0018102	-
h1SMcG0018103	S
h1SMcG0018104	-
h1SMcG0018105	T
h1SMcG0018106	-
h1SMcG0018107	-
h1SMcG0018108	S
h1SMcG0018109	S
h1SMcG0018110	O
h1SMcG0018111	O
h1SMcG0018112	U
h1SMcG0018113	-
h1SMcG0018114	U
h1SMcG0018115	O
h1SMcG0018116	-
h1SMcG0018117	O
h1SMcG0018118	S
h1SMcG0018119	DL
h1SMcG0018120	P
h1SMcG0018121	-
h1SMcG0018122	-
h1SMcG0018123	C
h1SMcG0018124	-
h1SMcG0018125	B
h1SMcG0018126	A
h1SMcG0018127	-
h1SMcG0018128	A
h1SMcG0018129	A
h1SMcG0018130	E
h1SMcG0018131	-
h1SMcG0018132	O
h1SMcG0018133	A
h1SMcG0018134	-
h1SMcG0018135	O
h1SMcG0018136	A
h1SMcG0018137	-
h1SMcG0018138	S
h1SMcG0018139	S
h1SMcG0018140	O
h1SMcG0018141	S
h1SMcG0018142	P
h1SMcG0018143	KOT
h1SMcG0018144	L
h1SMcG0018145	KOT
h1SMcG0018146	K
h1SMcG0018147	O
h1SMcG0018148	S
h1SMcG0018149	T
h1SMcG0018150	Q
h1SMcG0018151	O
h1SMcG0018152	I
h1SMcG0018153	I
h1SMcG0018154	I
h1SMcG0018155	S
h1SMcG0018156	I
h1SMcG0018157	-
h1SMcG0018158	S
h1SMcG0018159	S
h1SMcG0018160	-
h1SMcG0018161	S
h1SMcG0018162	S
h1SMcG0018163	O
h1SMcG0018164	S
h1SMcG0018165	A
h1SMcG0018166	A
h1SMcG0018167	U
h1SMcG0018168	-
h1SMcG0018169	S
h1SMcG0018170	S
h1SMcG0018171	-
h1SMcG0018172	-
h1SMcG0018173	-
h1SMcG0018174	-
h1SMcG0018175	-
h1SMcG0018176	-
h1SMcG0018177	-
h1SMcG0018178	-
h1SMcG0018179	A
h1SMcG0018180	S
h1SMcG0018181	S
h1SMcG0018182	P
h1SMcG0018183	S
h1SMcG0018184	F
h1SMcG0018185	-
h1SMcG0018186	O
h1SMcG0018187	-
h1SMcG0018188	-
h1SMcG0018189	L
h1SMcG0018190	-
h1SMcG0018191	-
h1SMcG0018192	Z
h1SMcG0018193	S
h1SMcG0018194	J
h1SMcG0018195	F
h1SMcG0018196	-
h1SMcG0018197	L
h1SMcG0018198	U
h1SMcG0018199	O
h1SMcG0018200	-
h1SMcG0018201	-
h1SMcG0018202	-
h1SMcG0018203	T
h1SMcG0018204	-
h1SMcG0018205	S
h1SMcG0018206	-
h1SMcG0018207	S
h1SMcG0018208	S
h1SMcG0018209	S
h1SMcG0018210	S
h1SMcG0018211	O
h1SMcG0018212	S
h1SMcG0018213	U
h1SMcG0018214	C
h1SMcG0018215	-
h1SMcG0018216	C
h1SMcG0018217	S
h1SMcG0018218	-
h1SMcG0018219	T
h1SMcG0018220	S
h1SMcG0018221	S
h1SMcG0018222	-
h1SMcG0018223	F
h1SMcG0018224	O
h1SMcG0018225	-
h1SMcG0018226	T
h1SMcG0018227	S
h1SMcG0018228	S
h1SMcG0018229	C
h1SMcG0018230	CO
h1SMcG0018231	T
h1SMcG0018232	G
h1SMcG0018233	-
h1SMcG0018234	G
h1SMcG0018235	G
h1SMcG0018236	-
h1SMcG0018237	P
h1SMcG0018238	M
h1SMcG0018239	-
h1SMcG0018240	M
h1SMcG0018241	-
h1SMcG0018242	G
h1SMcG0018243	S
h1SMcG0018244	S
h1SMcG0018245	T
h1SMcG0018246	-
h1SMcG0018247	T
h1SMcG0018248	S
h1SMcG0018249	M
h1SMcG0018250	T
h1SMcG0018251	K
h1SMcG0018252	K
h1SMcG0018253	S
h1SMcG0018254	G
h1SMcG0018255	Q
h1SMcG0018256	H
h1SMcG0018257	E
h1SMcG0018258	-
h1SMcG0018259	T
h1SMcG0018260	S
h1SMcG0018261	-
h1SMcG0018262	MO
h1SMcG0018263	-
h1SMcG0018264	-
h1SMcG0018265	K
h1SMcG0018266	-
h1SMcG0018267	Y
h1SMcG0018268	-
h1SMcG0018269	S
h1SMcG0018270	J
h1SMcG0018271	P
h1SMcG0018272	P
h1SMcG0018273	BKL
h1SMcG0018274	S
h1SMcG0018275	S
h1SMcG0018276	-
h1SMcG0018277	-
h1SMcG0018278	-
h1SMcG0018279	P
h1SMcG0018280	P
h1SMcG0018281	-
h1SMcG0018282	O
h1SMcG0018283	T
h1SMcG0018284	K
h1SMcG0018285	J
h1SMcG0018286	T
h1SMcG0018287	O
h1SMcG0018288	B
h1SMcG0018289	-
h1SMcG0018290	T
h1SMcG0018291	I
h1SMcG0018292	K
h1SMcG0018293	O
h1SMcG0018294	O
h1SMcG0018295	O
h1SMcG0018296	P
h1SMcG0018297	S
h1SMcG0018298	I
h1SMcG0018299	S
h1SMcG0018300	S
h1SMcG0018301	O
h1SMcG0018302	F
h1SMcG0018303	K
h1SMcG0018304	D
h1SMcG0018305	-
h1SMcG0018306	-
h1SMcG0018307	A
h1SMcG0018308	L
h1SMcG0018309	H
h1SMcG0018310	S
h1SMcG0018311	S
h1SMcG0018312	C
h1SMcG0018313	T
h1SMcG0018314	L
h1SMcG0018315	G
h1SMcG0018316	-
h1SMcG0018317	-
h1SMcG0018318	-
h1SMcG0018319	T
h1SMcG0018320	L
h1SMcG0018321	K
h1SMcG0018322	-
h1SMcG0018323	T
h1SMcG0018324	Z
h1SMcG0018325	-
h1SMcG0018326	-
h1SMcG0018327	L
h1SMcG0018328	-
h1SMcG0018329	E
h1SMcG0018330	S
h1SMcG0018331	A
h1SMcG0018332	I
h1SMcG0018333	S
h1SMcG0018334	-
h1SMcG0018335	-
h1SMcG0018336	S
h1SMcG0018337	-
h1SMcG0018338	-
h1SMcG0018339	S
h1SMcG0018340	D
h1SMcG0018341	-
h1SMcG0018342	S
h1SMcG0018343	Z
h1SMcG0018344	-
h1SMcG0018345	Z
h1SMcG0018346	K
h1SMcG0018347	G
h1SMcG0018348	J
h1SMcG0018349	P
h1SMcG0018350	G
h1SMcG0018351	TU
h1SMcG0018352	-
h1SMcG0018353	S
h1SMcG0018354	IKT
h1SMcG0018355	T
h1SMcG0018356	T
h1SMcG0018357	A
h1SMcG0018358	T
h1SMcG0018359	A
h1SMcG0018360	-
h1SMcG0018361	-
h1SMcG0018362	J
h1SMcG0018363	K
h1SMcG0018364	-
h1SMcG0018365	U
h1SMcG0018366	S
h1SMcG0018367	D
h1SMcG0018368	G
h1SMcG0018369	-
h1SMcG0018370	S
h1SMcG0018371	C
h1SMcG0018372	-
h1SMcG0018373	W
h1SMcG0018374	K
h1SMcG0018375	-
h1SMcG0018376	S
h1SMcG0018377	S
h1SMcG0018378	S
h1SMcG0018379	-
h1SMcG0018380	-
h1SMcG0018381	H
h1SMcG0018382	BT
h1SMcG0018383	K
h1SMcG0018384	-
h1SMcG0018385	-
h1SMcG0018386	T
h1SMcG0018387	T
h1SMcG0018388	S
h1SMcG0018389	-
h1SMcG0018390	T
h1SMcG0018391	E
h1SMcG0018392	-
h1SMcG0018393	V
h1SMcG0018394	-
h1SMcG0018395	P
h1SMcG0018396	O
h1SMcG0018397	S
h1SMcG0018398	P
h1SMcG0018399	C
h1SMcG0018400	K
h1SMcG0018401	S
h1SMcG0018402	S
h1SMcG0018403	T
h1SMcG0018404	K
h1SMcG0018405	Z
h1SMcG0018406	P
h1SMcG0018407	GM
h1SMcG0018408	-
h1SMcG0018409	A
h1SMcG0018410	S
h1SMcG0018411	O
h1SMcG0018412	-
h1SMcG0018413	-
h1SMcG0018414	-
h1SMcG0018415	S
h1SMcG0018416	S
h1SMcG0018417	Z
h1SMcG0018418	S
h1SMcG0018419	-
h1SMcG0018420	-
h1SMcG0018421	-
h1SMcG0018422	-
h1SMcG0018423	S
h1SMcG0018424	-
h1SMcG0018425	S
h1SMcG0018426	-
h1SMcG0018427	S
h1SMcG0018428	S
h1SMcG0018429	-
h1SMcG0018430	S
h1SMcG0018431	P
h1SMcG0018432	A
h1SMcG0018433	S
h1SMcG0018434	EPT
h1SMcG0018435	-
h1SMcG0018436	F
h1SMcG0018437	S
h1SMcG0018438	C
h1SMcG0018439	-
h1SMcG0018440	Z
h1SMcG0018441	-
h1SMcG0018442	T
h1SMcG0018443	-
h1SMcG0018444	E
h1SMcG0018445	-
h1SMcG0018446	T
h1SMcG0018447	-
h1SMcG0018448	-
h1SMcG0018449	K
h1SMcG0018450	O
h1SMcG0018451	-
h1SMcG0018452	-
h1SMcG0018453	-
h1SMcG0018454	O
h1SMcG0018455	-
h1SMcG0018456	-
h1SMcG0018457	-
h1SMcG0018458	-
h1SMcG0018459	V
h1SMcG0018460	M
h1SMcG0018461	-
h1SMcG0018462	E
h1SMcG0018463	O
h1SMcG0018464	O
h1SMcG0018465	P
h1SMcG0018466	S
h1SMcG0018467	-
h1SMcG0018468	OT
h1SMcG0018469	-
h1SMcG0018470	-
h1SMcG0018471	K
h1SMcG0018472	-
h1SMcG0018473	O
h1SMcG0018474	J
h1SMcG0018475	L
h1SMcG0018476	H
h1SMcG0018477	Z
h1SMcG0018478	Z
h1SMcG0018479	GOU
h1SMcG0018480	U
h1SMcG0018481	T
h1SMcG0018482	T
h1SMcG0018483	I
h1SMcG0018484	S
h1SMcG0018485	-
h1SMcG0018486	Z
h1SMcG0018487	-
h1SMcG0018488	-
h1SMcG0018489	-
h1SMcG0018490	CH
h1SMcG0018491	-
h1SMcG0018492	S
h1SMcG0018493	S
h1SMcG0018494	-
h1SMcG0018495	-
h1SMcG0018496	-
h1SMcG0018497	T
h1SMcG0018498	S
h1SMcG0018499	-
h1SMcG0018500	T
h1SMcG0018501	L
h1SMcG0018502	D
h1SMcG0018503	G
h1SMcG0018504	T
h1SMcG0018505	Z
h1SMcG0018506	Z
h1SMcG0018507	-
h1SMcG0018508	I
h1SMcG0018509	P
h1SMcG0018510	-
h1SMcG0018511	-
h1SMcG0018512	-
h1SMcG0018513	-
h1SMcG0018514	G
h1SMcG0018515	F
h1SMcG0018516	-
h1SMcG0018517	-
h1SMcG0018518	-
h1SMcG0018519	Z
h1SMcG0018520	Z
h1SMcG0018521	S
h1SMcG0018522	Z
h1SMcG0018523	L
h1SMcG0018524	-
h1SMcG0018525	T
h1SMcG0018526	G
h1SMcG0018527	G
h1SMcG0018528	S
h1SMcG0018529	S
h1SMcG0018530	-
h1SMcG0018531	S
h1SMcG0018532	I
h1SMcG0018533	F
h1SMcG0018534	C
h1SMcG0018535	T
h1SMcG0018536	T
h1SMcG0018537	D
h1SMcG0018538	A
h1SMcG0018539	-
h1SMcG0018540	BL
h1SMcG0018541	EPT
h1SMcG0018542	U
h1SMcG0018543	B
h1SMcG0018544	E
h1SMcG0018545	S
h1SMcG0018546	-
h1SMcG0018547	O
h1SMcG0018548	O
h1SMcG0018549	S
h1SMcG0018550	-
h1SMcG0018551	T
h1SMcG0018552	-
h1SMcG0018553	J
h1SMcG0018554	M
h1SMcG0018555	-
h1SMcG0018556	-
h1SMcG0018557	S
h1SMcG0018558	-
h1SMcG0018559	-
h1SMcG0018560	-
h1SMcG0018561	-
h1SMcG0018562	-
h1SMcG0018563	S
h1SMcG0018564	H
h1SMcG0018565	S
h1SMcG0018566	U
h1SMcG0018567	-
h1SMcG0018568	-
h1SMcG0018569	P
h1SMcG0018570	-
h1SMcG0018571	-
h1SMcG0018572	-
h1SMcG0018573	-
h1SMcG0018574	E
h1SMcG0018575	O
h1SMcG0018576	T
h1SMcG0018577	E
h1SMcG0018578	-
h1SMcG0018579	O
h1SMcG0018580	-
h1SMcG0018581	S
h1SMcG0018582	-
h1SMcG0018583	-
h1SMcG0018584	-
h1SMcG0018585	-
h1SMcG0018586	-
h1SMcG0018587	Z
h1SMcG0018588	-
h1SMcG0018589	E
h1SMcG0018590	D
h1SMcG0018591	-
h1SMcG0018592	-
h1SMcG0018593	O
h1SMcG0018594	-
h1SMcG0018595	-
h1SMcG0018596	-
h1SMcG0018597	S
h1SMcG0018598	T
h1SMcG0018599	-
h1SMcG0018600	-
h1SMcG0018601	D
h1SMcG0018602	-
h1SMcG0018603	-
h1SMcG0018604	K
h1SMcG0018605	-
h1SMcG0018606	S
h1SMcG0018607	S
h1SMcG0018608	T
h1SMcG0018609	-
h1SMcG0018610	-
h1SMcG0018611	-
h1SMcG0018612	Z
h1SMcG0018613	S
h1SMcG0018614	S
h1SMcG0018615	S
h1SMcG0018616	S
h1SMcG0018617	T
h1SMcG0018618	S
h1SMcG0018619	S
h1SMcG0018620	S
h1SMcG0018621	K
h1SMcG0018622	S
h1SMcG0018623	A
h1SMcG0018624	-
h1SMcG0018625	T
h1SMcG0018626	U
h1SMcG0018627	-
h1SMcG0018628	S
h1SMcG0018629	S
h1SMcG0018630	J
h1SMcG0018631	T
h1SMcG0018632	S
h1SMcG0018633	O
h1SMcG0018634	S
h1SMcG0018635	L
h1SMcG0018636	J
h1SMcG0018637	S
h1SMcG0018638	-
h1SMcG0018639	S
h1SMcG0018640	Z
h1SMcG0018641	-
h1SMcG0018642	-
h1SMcG0018643	P
h1SMcG0018644	DL
h1SMcG0018645	J
h1SMcG0018646	-
h1SMcG0018647	-
h1SMcG0018648	U
h1SMcG0018649	S
h1SMcG0018650	-
h1SMcG0018651	Z
h1SMcG0018652	-
h1SMcG0018653	F
h1SMcG0018654	EO
h1SMcG0018655	T
h1SMcG0018656	D
h1SMcG0018657	TZ
h1SMcG0018658	S
h1SMcG0018659	P
h1SMcG0018660	S
h1SMcG0018661	S
h1SMcG0018662	A
h1SMcG0018663	S
h1SMcG0018664	-
h1SMcG0018665	S
h1SMcG0018666	-
h1SMcG0018667	U
h1SMcG0018668	K
h1SMcG0018669	T
h1SMcG0018670	O
h1SMcG0018671	S
h1SMcG0018672	-
h1SMcG0018673	E
h1SMcG0018674	C
h1SMcG0018675	C
h1SMcG0018676	-
h1SMcG0018677	S
h1SMcG0018678	-
h1SMcG0018679	-
h1SMcG0018680	S
h1SMcG0018681	-
h1SMcG0018682	A
h1SMcG0018683	S
h1SMcG0018684	-
h1SMcG0018685	U
h1SMcG0018686	T
h1SMcG0018687	DZ
h1SMcG0018688	-
h1SMcG0018689	-
h1SMcG0018690	-
h1SMcG0018691	S
h1SMcG0018692	E
h1SMcG0018693	P
h1SMcG0018694	T
h1SMcG0018695	O
h1SMcG0018696	K
h1SMcG0018697	S
h1SMcG0018698	TZ
h1SMcG0018699	-
h1SMcG0018700	O
h1SMcG0018701	A
h1SMcG0018702	-
h1SMcG0018703	S
h1SMcG0018704	L
h1SMcG0018705	-
h1SMcG0018706	S
h1SMcG0018707	L
h1SMcG0018708	G
h1SMcG0018709	L
h1SMcG0018710	E
h1SMcG0018711	E
h1SMcG0018712	S
h1SMcG0018713	-
h1SMcG0018714	-
h1SMcG0018715	K
h1SMcG0018716	H
h1SMcG0018717	S
h1SMcG0018718	-
h1SMcG0018719	T
h1SMcG0018720	T
h1SMcG0018721	K
h1SMcG0018722	S
h1SMcG0018723	S
h1SMcG0018724	T
h1SMcG0018725	S
h1SMcG0018726	T
h1SMcG0018727	O
h1SMcG0018728	Z
h1SMcG0018729	O
h1SMcG0018730	-
h1SMcG0018731	O
h1SMcG0018732	I
h1SMcG0018733	-
h1SMcG0018734	-
h1SMcG0018735	I
h1SMcG0018736	O
h1SMcG0018737	-
h1SMcG0018738	-
h1SMcG0018739	U
h1SMcG0018740	T
h1SMcG0018741	-
h1SMcG0018742	Q
h1SMcG0018743	-
h1SMcG0018744	O
h1SMcG0018745	U
h1SMcG0018746	S
h1SMcG0018747	O
h1SMcG0018748	T
h1SMcG0018749	S
h1SMcG0018750	S
h1SMcG0018751	L
h1SMcG0018752	K
h1SMcG0018753	S
h1SMcG0018754	I
h1SMcG0018755	O
h1SMcG0018756	I
h1SMcG0018757	A
h1SMcG0018758	-
h1SMcG0018759	-
h1SMcG0018760	Z
h1SMcG0018761	U
h1SMcG0018762	P
h1SMcG0018763	P
h1SMcG0018764	BD
h1SMcG0018765	-
h1SMcG0018766	M
h1SMcG0018767	-
h1SMcG0018768	J
h1SMcG0018769	S
h1SMcG0018770	O
h1SMcG0018771	O
h1SMcG0018772	E
h1SMcG0018773	D
h1SMcG0018774	A
h1SMcG0018775	O
h1SMcG0018776	E
h1SMcG0018777	-
h1SMcG0018778	L
h1SMcG0018779	U
h1SMcG0018780	U
h1SMcG0018781	S
h1SMcG0018782	-
h1SMcG0018783	-
h1SMcG0018784	S
h1SMcG0018785	-
h1SMcG0018786	S
h1SMcG0018787	S
h1SMcG0018788	-
h1SMcG0018789	-
h1SMcG0018790	-
h1SMcG0018791	O
h1SMcG0018792	L
h1SMcG0018793	-
h1SMcG0018794	O
h1SMcG0018795	-
h1SMcG0018796	-
h1SMcG0018797	A
h1SMcG0018798	-
h1SMcG0018799	UY
h1SMcG0018800	-
h1SMcG0018801	-
h1SMcG0018802	G
h1SMcG0018803	-
h1SMcG0018804	-
h1SMcG0018805	-
h1SMcG0018806	-
h1SMcG0018807	-
h1SMcG0018808	J
h1SMcG0018809	KLT
h1SMcG0018810	S
h1SMcG0018811	-
h1SMcG0018812	D
h1SMcG0018813	-
h1SMcG0018814	-
h1SMcG0018815	-
h1SMcG0018816	-
h1SMcG0018817	-
h1SMcG0018818	-
h1SMcG0018819	D
h1SMcG0018820	-
h1SMcG0018821	E
h1SMcG0018822	-
h1SMcG0018823	S
h1SMcG0018824	C
h1SMcG0018825	K
h1SMcG0018826	-
h1SMcG0018827	O
h1SMcG0018828	S
h1SMcG0018829	G
h1SMcG0018830	-
h1SMcG0018831	L
h1SMcG0018832	I
h1SMcG0018833	U
h1SMcG0018834	T
h1SMcG0018835	S
h1SMcG0018836	K
h1SMcG0018837	-
h1SMcG0018838	-
h1SMcG0018839	-
h1SMcG0018840	-
h1SMcG0018841	-
h1SMcG0018842	-
h1SMcG0018843	K
h1SMcG0018844	S
h1SMcG0018845	-
h1SMcG0018846	-
h1SMcG0018847	O
h1SMcG0018848	-
h1SMcG0018849	-
h1SMcG0018850	UY
h1SMcG0018851	O
h1SMcG0018852	-
h1SMcG0018853	VW
h1SMcG0018854	W
h1SMcG0018855	VW
h1SMcG0018856	VW
h1SMcG0018857	F
h1SMcG0018858	U
h1SMcG0018859	A
h1SMcG0018860	T
h1SMcG0018861	-
h1SMcG0018862	O
h1SMcG0018863	-
h1SMcG0018864	S
h1SMcG0018865	-
h1SMcG0018866	G
h1SMcG0018867	Z
h1SMcG0018868	T
h1SMcG0018869	S
h1SMcG0018870	J
h1SMcG0018871	-
h1SMcG0018872	K
h1SMcG0018873	T
h1SMcG0018874	J
h1SMcG0018875	B
h1SMcG0018876	B
h1SMcG0018877	Z
h1SMcG0018878	-
h1SMcG0018879	-
h1SMcG0018880	-
h1SMcG0018881	T
h1SMcG0018882	-
h1SMcG0018883	T
h1SMcG0018884	E
h1SMcG0018885	T
h1SMcG0018886	O
h1SMcG0018887	BD
h1SMcG0018888	S
h1SMcG0018889	S
h1SMcG0018890	-
h1SMcG0018891	-
h1SMcG0018892	S
h1SMcG0018893	-
h1SMcG0018894	K
h1SMcG0018895	D
h1SMcG0018896	-
h1SMcG0018897	L
h1SMcG0018898	-
h1SMcG0018899	-
h1SMcG0018900	-
h1SMcG0018901	S
h1SMcG0018902	P
h1SMcG0018903	O
h1SMcG0018904	S
h1SMcG0018905	-
h1SMcG0018906	-
h1SMcG0018907	-
h1SMcG0018908	-
h1SMcG0018909	E
h1SMcG0018910	-
h1SMcG0018911	S
h1SMcG0018912	S
h1SMcG0018913	-
h1SMcG0018914	-
h1SMcG0018915	-
h1SMcG0018916	K
h1SMcG0018917	-
h1SMcG0018918	T
h1SMcG0018919	TU
h1SMcG0018920	-
h1SMcG0018921	T
h1SMcG0018922	-
h1SMcG0018923	U
h1SMcG0018924	S
h1SMcG0018925	-
h1SMcG0018926	-
h1SMcG0018927	-
h1SMcG0018928	-
h1SMcG0018929	-
h1SMcG0018930	-
h1SMcG0018931	O
h1SMcG0018932	-
h1SMcG0018933	-
h1SMcG0018934	-
h1SMcG0018935	J
h1SMcG0018936	-
h1SMcG0018937	O
h1SMcG0018938	-
h1SMcG0018939	-
h1SMcG0018940	-
h1SMcG0018941	O
h1SMcG0018942	B
h1SMcG0018943	O
h1SMcG0018944	-
h1SMcG0018945	-
h1SMcG0018946	S
h1SMcG0018947	-
h1SMcG0018948	Z
h1SMcG0018949	-
h1SMcG0018950	O
h1SMcG0018951	S
h1SMcG0018952	S
h1SMcG0018953	U
h1SMcG0018954	T
h1SMcG0018955	-
h1SMcG0018956	P
h1SMcG0018957	P
h1SMcG0018958	T
h1SMcG0018959	K
h1SMcG0018960	F
h1SMcG0018961	S
h1SMcG0018962	I
h1SMcG0018963	G
h1SMcG0018964	OT
h1SMcG0018965	-
h1SMcG0018966	I
h1SMcG0018967	-
h1SMcG0018968	S
h1SMcG0018969	BD
h1SMcG0018970	OT
h1SMcG0018971	-
h1SMcG0018972	T
h1SMcG0018973	-
h1SMcG0018974	-
h1SMcG0018975	D
h1SMcG0018976	K
h1SMcG0018977	O
h1SMcG0018978	W
h1SMcG0018979	-
h1SMcG0018980	E
h1SMcG0018981	OU
h1SMcG0018982	O
h1SMcG0018983	O
h1SMcG0018984	T
h1SMcG0018985	-
h1SMcG0018986	S
h1SMcG0018987	S
h1SMcG0018988	S
h1SMcG0018989	S
h1SMcG0018990	O
h1SMcG0018991	-
h1SMcG0018992	-
h1SMcG0018993	-
h1SMcG0018994	-
h1SMcG0018995	-
h1SMcG0018996	-
h1SMcG0018997	J
h1SMcG0018998	-
h1SMcG0018999	-
h1SMcG0019000	-
h1SMcG0019001	-
h1SMcG0019002	O
h1SMcG0019003	D
h1SMcG0019004	O
h1SMcG0019005	O
h1SMcG0019006	O
h1SMcG0019007	-
h1SMcG0019008	O
h1SMcG0019009	L
h1SMcG0019010	-
h1SMcG0019011	S
h1SMcG0019012	-
h1SMcG0019013	P
h1SMcG0019014	K
h1SMcG0019015	-
h1SMcG0019016	-
h1SMcG0019017	L
h1SMcG0019018	M
h1SMcG0019019	T
h1SMcG0019020	Z
h1SMcG0019021	-
h1SMcG0019022	-
h1SMcG0019023	O
h1SMcG0019024	Z
h1SMcG0019025	O
h1SMcG0019026	O
h1SMcG0019027	-
h1SMcG0019028	U
h1SMcG0019029	A
h1SMcG0019030	J
h1SMcG0019031	S
h1SMcG0019032	-
h1SMcG0019033	-
h1SMcG0019034	J
h1SMcG0019035	-
h1SMcG0019036	-
h1SMcG0019037	-
h1SMcG0019038	-
h1SMcG0019039	-
h1SMcG0019040	-
h1SMcG0019041	-
h1SMcG0019042	P
h1SMcG0019043	B
h1SMcG0019044	F
h1SMcG0019045	-
h1SMcG0019046	-
h1SMcG0019047	-
h1SMcG0019048	-
h1SMcG0019049	-
h1SMcG0019050	-
h1SMcG0019051	-
h1SMcG0019052	C
h1SMcG0019053	J
h1SMcG0019054	-
h1SMcG0019055	Z
h1SMcG0019056	U
h1SMcG0019057	-
h1SMcG0019058	S
h1SMcG0019059	TU
h1SMcG0019060	K
h1SMcG0019061	-
h1SMcG0019062	-
h1SMcG0019063	T
h1SMcG0019064	K
h1SMcG0019065	J
h1SMcG0019066	-
h1SMcG0019067	S
h1SMcG0019068	S
h1SMcG0019069	T
h1SMcG0019070	H
h1SMcG0019071	S
h1SMcG0019072	-
h1SMcG0019073	A
h1SMcG0019074	U
h1SMcG0019075	S
h1SMcG0019076	S
h1SMcG0019077	T
h1SMcG0019078	-
h1SMcG0019079	S
h1SMcG0019080	-
h1SMcG0019081	-
h1SMcG0019082	-
h1SMcG0019083	-
h1SMcG0019084	-
h1SMcG0019085	-
h1SMcG0019086	E
h1SMcG0019087	-
h1SMcG0019088	-
h1SMcG0019089	T
h1SMcG0019090	T
h1SMcG0019091	-
h1SMcG0019092	Z
h1SMcG0019093	Z
h1SMcG0019094	-
h1SMcG0019095	S
h1SMcG0019096	S
h1SMcG0019097	-
h1SMcG0019098	-
h1SMcG0019099	E
h1SMcG0019100	K
h1SMcG0019101	-
h1SMcG0019102	-
h1SMcG0019103	J
h1SMcG0019104	-
h1SMcG0019105	T
h1SMcG0019106	H
h1SMcG0019107	-
h1SMcG0019108	-
h1SMcG0019109	-
h1SMcG0019110	-
h1SMcG0019111	T
h1SMcG0019112	-
h1SMcG0019113	-
h1SMcG0019114	-
h1SMcG0019115	-
h1SMcG0019116	-
h1SMcG0019117	-
h1SMcG0019118	-
h1SMcG0019119	-
h1SMcG0019120	-
h1SMcG0019121	-
h1SMcG0019122	-
h1SMcG0019123	-
h1SMcG0019124	S
h1SMcG0019125	-
h1SMcG0019126	-
h1SMcG0019127	T
h1SMcG0019128	A
h1SMcG0019129	A
h1SMcG0019130	-
h1SMcG0019131	-
h1SMcG0019132	DT
h1SMcG0019133	-
h1SMcG0019134	K
h1SMcG0019135	-
h1SMcG0019136	M
h1SMcG0019137	-
h1SMcG0019138	-
h1SMcG0019139	-
h1SMcG0019140	-
h1SMcG0019141	W
h1SMcG0019142	DY
h1SMcG0019143	-
h1SMcG0019144	Z
h1SMcG0019145	S
h1SMcG0019146	K
h1SMcG0019147	DZ
h1SMcG0019148	P
h1SMcG0019149	-
h1SMcG0019150	T
h1SMcG0019151	J
h1SMcG0019152	S
h1SMcG0019153	O
h1SMcG0019154	C
h1SMcG0019155	S
h1SMcG0019156	U
h1SMcG0019157	-
h1SMcG0019158	-
h1SMcG0019159	EH
h1SMcG0019160	G
h1SMcG0019161	-
h1SMcG0019162	-
h1SMcG0019163	-
h1SMcG0019164	O
h1SMcG0019165	-
h1SMcG0019166	U
h1SMcG0019167	-
h1SMcG0019168	J
h1SMcG0019169	O
h1SMcG0019170	-
h1SMcG0019171	-
h1SMcG0019172	U
h1SMcG0019173	-
h1SMcG0019174	S
h1SMcG0019175	S
h1SMcG0019176	S
h1SMcG0019177	G
h1SMcG0019178	Z
h1SMcG0019179	S
h1SMcG0019180	-
h1SMcG0019181	T
h1SMcG0019182	T
h1SMcG0019183	O
h1SMcG0019184	S
h1SMcG0019185	F
h1SMcG0019186	Q
h1SMcG0019187	T
h1SMcG0019188	G
h1SMcG0019189	-
h1SMcG0019190	S
h1SMcG0019191	T
h1SMcG0019192	S
h1SMcG0019193	-
h1SMcG0019194	S
h1SMcG0019195	T
h1SMcG0019196	-
h1SMcG0019197	-
h1SMcG0019198	-
h1SMcG0019199	-
h1SMcG0019200	-
h1SMcG0019201	O
h1SMcG0019202	-
h1SMcG0019203	E
h1SMcG0019204	O
h1SMcG0019205	-
h1SMcG0019206	-
h1SMcG0019207	L
h1SMcG0019208	K
h1SMcG0019209	-
h1SMcG0019210	S
h1SMcG0019211	-
h1SMcG0019212	S
h1SMcG0019213	A
h1SMcG0019214	O
h1SMcG0019215	J
h1SMcG0019216	W
h1SMcG0019217	W
h1SMcG0019218	O
h1SMcG0019219	U
h1SMcG0019220	-
h1SMcG0019221	-
h1SMcG0019222	O
h1SMcG0019223	F
h1SMcG0019224	-
h1SMcG0019225	U
h1SMcG0019226	-
h1SMcG0019227	-
h1SMcG0019228	E
h1SMcG0019229	-
h1SMcG0019230	-
h1SMcG0019231	-
h1SMcG0019232	-
h1SMcG0019233	K
h1SMcG0019234	O
h1SMcG0019235	A
h1SMcG0019236	D
h1SMcG0019237	P
h1SMcG0019238	-
h1SMcG0019239	UY
h1SMcG0019240	-
h1SMcG0019241	G
h1SMcG0019242	S
h1SMcG0019243	O
h1SMcG0019244	S
h1SMcG0019245	-
h1SMcG0019246	-
h1SMcG0019247	-
h1SMcG0019248	T
h1SMcG0019249	-
h1SMcG0019250	G
h1SMcG0019251	-
h1SMcG0019252	S
h1SMcG0019253	-
h1SMcG0019254	-
h1SMcG0019255	O
h1SMcG0019256	E
h1SMcG0019257	E
h1SMcG0019258	K
h1SMcG0019259	T
h1SMcG0019260	T
h1SMcG0019261	-
h1SMcG0019262	L
h1SMcG0019263	O
h1SMcG0019264	U
h1SMcG0019265	O
h1SMcG0019266	O
h1SMcG0019267	-
h1SMcG0019268	T
h1SMcG0019269	C
h1SMcG0019270	-
h1SMcG0019271	-
h1SMcG0019272	S
h1SMcG0019273	U
h1SMcG0019274	O
h1SMcG0019275	K
h1SMcG0019276	-
h1SMcG0019277	-
h1SMcG0019278	S
h1SMcG0019279	PT
h1SMcG0019280	O
h1SMcG0019281	PT
h1SMcG0019282	G
h1SMcG0019283	T
h1SMcG0019284	-
h1SMcG0019285	-
h1SMcG0019286	C
h1SMcG0019287	-
h1SMcG0019288	Z
h1SMcG0019289	-
h1SMcG0019290	O
h1SMcG0019291	-
h1SMcG0019292	-
h1SMcG0019293	S
h1SMcG0019294	S
h1SMcG0019295	-
h1SMcG0019296	-
h1SMcG0019297	I
h1SMcG0019298	-
h1SMcG0019299	-
h1SMcG0019300	-
h1SMcG0019301	-
h1SMcG0019302	-
h1SMcG0019303	-
h1SMcG0019304	Z
h1SMcG0019305	-
h1SMcG0019306	-
h1SMcG0019307	K
h1SMcG0019308	Z
h1SMcG0019309	U
h1SMcG0019310	K
h1SMcG0019311	-
h1SMcG0019312	K
h1SMcG0019313	S
h1SMcG0019314	G
h1SMcG0019315	O
h1SMcG0019316	-
h1SMcG0019317	-
h1SMcG0019318	-
h1SMcG0019319	T
h1SMcG0019320	S
h1SMcG0019321	-
h1SMcG0019322	O
h1SMcG0019323	-
h1SMcG0019324	-
h1SMcG0019325	M
h1SMcG0019326	S
h1SMcG0019327	U
h1SMcG0019328	T
h1SMcG0019329	-
h1SMcG0019330	TU
h1SMcG0019331	O
h1SMcG0019332	A
h1SMcG0019333	-
h1SMcG0019334	E
h1SMcG0019335	-
h1SMcG0019336	-
h1SMcG0019337	J
h1SMcG0019338	L
h1SMcG0019339	-
h1SMcG0019340	-
h1SMcG0019341	-
h1SMcG0019342	-
h1SMcG0019343	-
h1SMcG0019344	-
h1SMcG0019345	-
h1SMcG0019346	-
h1SMcG0019347	-
h1SMcG0019348	-
h1SMcG0019349	-
h1SMcG0019350	S
h1SMcG0019351	UY
h1SMcG0019352	UY
h1SMcG0019353	S
h1SMcG0019354	O
h1SMcG0019355	C
h1SMcG0019356	O
h1SMcG0019357	T
h1SMcG0019358	O
h1SMcG0019359	T
h1SMcG0019360	O
h1SMcG0019361	S
h1SMcG0019362	O
h1SMcG0019363	-
h1SMcG0019364	-
h1SMcG0019365	-
h1SMcG0019366	O
h1SMcG0019367	E
h1SMcG0019368	S
h1SMcG0019369	J
h1SMcG0019370	S
h1SMcG0019371	J
h1SMcG0019372	-
h1SMcG0019373	-
h1SMcG0019374	U
h1SMcG0019375	T
h1SMcG0019376	-
h1SMcG0019377	-
h1SMcG0019378	-
h1SMcG0019379	-
h1SMcG0019380	-
h1SMcG0019381	-
h1SMcG0019382	O
h1SMcG0019383	O
h1SMcG0019384	-
h1SMcG0019385	-
h1SMcG0019386	O
h1SMcG0019387	O
h1SMcG0019388	-
h1SMcG0019389	O
h1SMcG0019390	-
h1SMcG0019391	-
h1SMcG0019392	L
h1SMcG0019393	-
h1SMcG0019394	-
h1SMcG0019395	-
h1SMcG0019396	O
h1SMcG0019397	L
h1SMcG0019398	O
h1SMcG0019399	-
h1SMcG0019400	-
h1SMcG0019401	S
h1SMcG0019402	O
h1SMcG0019403	O
h1SMcG0019404	O
h1SMcG0019405	-
h1SMcG0019406	G
h1SMcG0019407	S
h1SMcG0019408	-
h1SMcG0019409	-
h1SMcG0019410	O
h1SMcG0019411	-
h1SMcG0019412	-
h1SMcG0019413	U
h1SMcG0019414	-
h1SMcG0019415	O
h1SMcG0019416	-
h1SMcG0019417	-
h1SMcG0019418	-
h1SMcG0019419	T
h1SMcG0019420	B
h1SMcG0019421	DL
h1SMcG0019422	T
h1SMcG0019423	O
h1SMcG0019424	T
h1SMcG0019425	EI
h1SMcG0019426	O
h1SMcG0019427	IM
h1SMcG0019428	O
h1SMcG0019429	O
h1SMcG0019430	T
h1SMcG0019431	O
h1SMcG0019432	O
h1SMcG0019433	O
h1SMcG0019434	G
h1SMcG0019435	-
h1SMcG0019436	G
h1SMcG0019437	O
h1SMcG0019438	O
h1SMcG0019439	-
h1SMcG0019440	L
h1SMcG0019441	O
h1SMcG0019442	-
h1SMcG0019443	E
h1SMcG0019444	O
h1SMcG0019445	-
h1SMcG0019446	-
h1SMcG0019447	-
h1SMcG0019448	O
h1SMcG0019449	O
h1SMcG0019450	-
h1SMcG0019451	TU
h1SMcG0019452	-
h1SMcG0019453	-
h1SMcG0019454	O
h1SMcG0019455	-
h1SMcG0019456	T
h1SMcG0019457	-
h1SMcG0019458	-
h1SMcG0019459	O
h1SMcG0019460	P
h1SMcG0019461	U
h1SMcG0019462	-
h1SMcG0019463	T
h1SMcG0019464	-
h1SMcG0019465	-
h1SMcG0019466	-
h1SMcG0019467	F
h1SMcG0019468	-
h1SMcG0019469	U
h1SMcG0019470	-
h1SMcG0019471	-
h1SMcG0019472	U
h1SMcG0019473	-
h1SMcG0019474	U
h1SMcG0019475	-
h1SMcG0019476	S
h1SMcG0019477	-
h1SMcG0019478	-
h1SMcG0019479	E
h1SMcG0019480	-
h1SMcG0019481	TU
h1SMcG0019482	D
h1SMcG0019483	P
h1SMcG0019484	E
h1SMcG0019485	K
h1SMcG0019486	DU
h1SMcG0019487	-
h1SMcG0019488	C
h1SMcG0019489	S
h1SMcG0019490	O
h1SMcG0019491	T
h1SMcG0019492	O
h1SMcG0019493	T
h1SMcG0019494	-
h1SMcG0019495	-
h1SMcG0019496	T
h1SMcG0019497	T
h1SMcG0019498	T
h1SMcG0019499	-
h1SMcG0019500	-
h1SMcG0019501	D
h1SMcG0019502	S
h1SMcG0019503	S
h1SMcG0019504	S
h1SMcG0019505	O
h1SMcG0019506	-
h1SMcG0019507	-
h1SMcG0019508	T
h1SMcG0019509	O
h1SMcG0019510	-
h1SMcG0019511	-
h1SMcG0019512	-
h1SMcG0019513	-
h1SMcG0019514	Z
h1SMcG0019515	-
h1SMcG0019516	S
h1SMcG0019517	T
h1SMcG0019518	O
h1SMcG0019519	K
h1SMcG0019520	-
h1SMcG0019521	K
h1SMcG0019522	E
h1SMcG0019523	-
h1SMcG0019524	O
h1SMcG0019525	D
h1SMcG0019526	O
h1SMcG0019527	S
h1SMcG0019528	B
h1SMcG0019529	-
h1SMcG0019530	-
h1SMcG0019531	-
h1SMcG0019532	-
h1SMcG0019533	KL
h1SMcG0019534	T
h1SMcG0019535	-
h1SMcG0019536	-
h1SMcG0019537	S
h1SMcG0019538	T
h1SMcG0019539	-
h1SMcG0019540	-
h1SMcG0019541	-
h1SMcG0019542	-
h1SMcG0019543	-
h1SMcG0019544	-
h1SMcG0019545	-
h1SMcG0019546	S
h1SMcG0019547	-
h1SMcG0019548	O
h1SMcG0019549	O
h1SMcG0019550	-
h1SMcG0019551	-
h1SMcG0019552	-
h1SMcG0019553	-
h1SMcG0019554	-
h1SMcG0019555	-
h1SMcG0019556	T
h1SMcG0019557	O
h1SMcG0019558	-
h1SMcG0019559	O
h1SMcG0019560	P
h1SMcG0019561	K
h1SMcG0019562	-
h1SMcG0019563	-
h1SMcG0019564	-
h1SMcG0019565	-
h1SMcG0019566	O
h1SMcG0019567	-
h1SMcG0019568	T
h1SMcG0019569	-
h1SMcG0019570	K
h1SMcG0019571	O
h1SMcG0019572	-
h1SMcG0019573	O
h1SMcG0019574	T
h1SMcG0019575	-
h1SMcG0019576	-
h1SMcG0019577	T
h1SMcG0019578	Q
h1SMcG0019579	-
h1SMcG0019580	K
h1SMcG0019581	-
h1SMcG0019582	T
h1SMcG0019583	-
h1SMcG0019584	T
h1SMcG0019585	T
h1SMcG0019586	T
h1SMcG0019587	D
h1SMcG0019588	S
h1SMcG0019589	S
h1SMcG0019590	O
h1SMcG0019591	-
h1SMcG0019592	-
h1SMcG0019593	BD
h1SMcG0019594	-
h1SMcG0019595	O
h1SMcG0019596	O
h1SMcG0019597	C
h1SMcG0019598	A
h1SMcG0019599	-
h1SMcG0019600	O
h1SMcG0019601	-
h1SMcG0019602	-
h1SMcG0019603	A
h1SMcG0019604	-
h1SMcG0019605	L
h1SMcG0019606	A
h1SMcG0019607	A
h1SMcG0019608	F
h1SMcG0019609	A
h1SMcG0019610	T
h1SMcG0019611	D
h1SMcG0019612	U
h1SMcG0019613	S
h1SMcG0019614	-
h1SMcG0019615	O
h1SMcG0019616	A
h1SMcG0019617	S
h1SMcG0019618	D
h1SMcG0019619	-
h1SMcG0019620	V
h1SMcG0019621	-
h1SMcG0019622	S
h1SMcG0019623	-
h1SMcG0019624	Q
h1SMcG0019625	-
h1SMcG0019626	S
h1SMcG0019627	K
h1SMcG0019628	K
h1SMcG0019629	-
h1SMcG0019630	T
h1SMcG0019631	-
h1SMcG0019632	-
h1SMcG0019633	-
h1SMcG0019634	O
h1SMcG0019635	O
h1SMcG0019636	O
h1SMcG0019637	O
h1SMcG0019638	O
h1SMcG0019639	O
h1SMcG0019640	-
h1SMcG0019641	T
h1SMcG0019642	-
h1SMcG0019643	-
h1SMcG0019644	O
h1SMcG0019645	-
h1SMcG0019646	P
h1SMcG0019647	T
h1SMcG0019648	O
h1SMcG0019649	P
h1SMcG0019650	PT
h1SMcG0019651	O
h1SMcG0019652	C
h1SMcG0019653	-
h1SMcG0019654	-
h1SMcG0019655	A
h1SMcG0019656	O
h1SMcG0019657	-
h1SMcG0019658	T
h1SMcG0019659	O
h1SMcG0019660	O
h1SMcG0019661	O
h1SMcG0019662	T
h1SMcG0019663	E
h1SMcG0019664	A
h1SMcG0019665	-
h1SMcG0019666	PT
h1SMcG0019667	I
h1SMcG0019668	S
h1SMcG0019669	T
h1SMcG0019670	-
h1SMcG0019671	-
h1SMcG0019672	L
h1SMcG0019673	G
h1SMcG0019674	S
h1SMcG0019675	-
h1SMcG0019676	S
h1SMcG0019677	U
h1SMcG0019678	ET
h1SMcG0019679	O
h1SMcG0019680	P
h1SMcG0019681	T
h1SMcG0019682	T
h1SMcG0019683	-
h1SMcG0019684	EPT
h1SMcG0019685	U
h1SMcG0019686	O
h1SMcG0019687	-
h1SMcG0019688	K
h1SMcG0019689	-
h1SMcG0019690	T
h1SMcG0019691	-
h1SMcG0019692	-
h1SMcG0019693	-
h1SMcG0019694	-
h1SMcG0019695	-
h1SMcG0019696	-
h1SMcG0019697	S
h1SMcG0019698	T
h1SMcG0019699	H
h1SMcG0019700	-
h1SMcG0019701	-
h1SMcG0019702	O
h1SMcG0019703	S
h1SMcG0019704	L
h1SMcG0019705	-
h1SMcG0019706	-
h1SMcG0019707	G
h1SMcG0019708	Z
h1SMcG0019709	F
h1SMcG0019710	T
h1SMcG0019711	-
h1SMcG0019712	A
h1SMcG0019713	S
h1SMcG0019714	S
h1SMcG0019715	-
h1SMcG0019716	S
h1SMcG0019717	S
h1SMcG0019718	S
h1SMcG0019719	S
h1SMcG0019720	S
h1SMcG0019721	S
h1SMcG0019722	S
h1SMcG0019723	S
h1SMcG0019724	S
h1SMcG0019725	S
h1SMcG0019726	O
h1SMcG0019727	O
h1SMcG0019728	EIOV
h1SMcG0019729	-
h1SMcG0019730	P
h1SMcG0019731	KL
h1SMcG0019732	E
h1SMcG0019733	S
h1SMcG0019734	T
h1SMcG0019735	T
h1SMcG0019736	T
h1SMcG0019737	TU
h1SMcG0019738	T
h1SMcG0019739	A
h1SMcG0019740	OT
h1SMcG0019741	-
h1SMcG0019742	-
h1SMcG0019743	-
h1SMcG0019744	-
h1SMcG0019745	-
h1SMcG0019746	B
h1SMcG0019747	C
h1SMcG0019748	UY
h1SMcG0019749	I
h1SMcG0019750	O
h1SMcG0019751	O
h1SMcG0019752	S
h1SMcG0019753	G
h1SMcG0019754	T
h1SMcG0019755	K
h1SMcG0019756	G
h1SMcG0019757	S
h1SMcG0019758	Z
h1SMcG0019759	-
h1SMcG0019760	-
h1SMcG0019761	-
h1SMcG0019762	J
h1SMcG0019763	U
h1SMcG0019764	-
h1SMcG0019765	A
h1SMcG0019766	-
h1SMcG0019767	K
h1SMcG0019768	-
h1SMcG0019769	S
h1SMcG0019770	-
h1SMcG0019771	E
h1SMcG0019772	O
h1SMcG0019773	-
h1SMcG0019774	S
h1SMcG0019775	-
h1SMcG0019776	U
h1SMcG0019777	-
h1SMcG0019778	L
h1SMcG0019779	T
h1SMcG0019780	-
h1SMcG0019781	-
h1SMcG0019782	E
h1SMcG0019783	-
h1SMcG0019784	-
h1SMcG0019785	S
h1SMcG0019786	-
h1SMcG0019787	UY
h1SMcG0019788	-
h1SMcG0019789	-
h1SMcG0019790	G
h1SMcG0019791	IU
h1SMcG0019792	DZ
h1SMcG0019793	-
h1SMcG0019794	-
h1SMcG0019795	P
h1SMcG0019796	O
h1SMcG0019797	P
h1SMcG0019798	K
h1SMcG0019799	K
h1SMcG0019800	L
h1SMcG0019801	O
h1SMcG0019802	E
h1SMcG0019803	E
h1SMcG0019804	-
h1SMcG0019805	O
h1SMcG0019806	-
h1SMcG0019807	O
h1SMcG0019808	E
h1SMcG0019809	-
h1SMcG0019810	-
h1SMcG0019811	-
h1SMcG0019812	O
h1SMcG0019813	K
h1SMcG0019814	S
h1SMcG0019815	-
h1SMcG0019816	-
h1SMcG0019817	K
h1SMcG0019818	-
h1SMcG0019819	-
h1SMcG0019820	-
h1SMcG0019821	T
h1SMcG0019822	-
h1SMcG0019823	E
h1SMcG0019824	T
h1SMcG0019825	-
h1SMcG0019826	-
h1SMcG0019827	T
h1SMcG0019828	-
h1SMcG0019829	O
h1SMcG0019830	-
h1SMcG0019831	T
h1SMcG0019832	-
h1SMcG0019833	E
h1SMcG0019834	-
h1SMcG0019835	-
h1SMcG0019836	IT
h1SMcG0019837	A
h1SMcG0019838	-
h1SMcG0019839	-
h1SMcG0019840	C
h1SMcG0019841	A
h1SMcG0019842	A
h1SMcG0019843	S
h1SMcG0019844	IU
h1SMcG0019845	T
h1SMcG0019846	-
h1SMcG0019847	-
h1SMcG0019848	-
h1SMcG0019849	-
h1SMcG0019850	-
h1SMcG0019851	P
h1SMcG0019852	S
h1SMcG0019853	T
h1SMcG0019854	Y
h1SMcG0019855	-
h1SMcG0019856	U
h1SMcG0019857	S
h1SMcG0019858	-
h1SMcG0019859	S
h1SMcG0019860	P
h1SMcG0019861	-
h1SMcG0019862	-
h1SMcG0019863	-
h1SMcG0019864	-
h1SMcG0019865	S
h1SMcG0019866	GQ
h1SMcG0019867	GQ
h1SMcG0019868	T
h1SMcG0019869	A
h1SMcG0019870	-
h1SMcG0019871	T
h1SMcG0019872	P
h1SMcG0019873	-
h1SMcG0019874	O
h1SMcG0019875	-
h1SMcG0019876	-
h1SMcG0019877	-
h1SMcG0019878	T
h1SMcG0019879	-
h1SMcG0019880	-
h1SMcG0019881	T
h1SMcG0019882	-
h1SMcG0019883	O
h1SMcG0019884	-
h1SMcG0019885	T
h1SMcG0019886	S
h1SMcG0019887	T
h1SMcG0019888	-
h1SMcG0019889	D
h1SMcG0019890	-
h1SMcG0019891	-
h1SMcG0019892	-
h1SMcG0019893	T
h1SMcG0019894	-
h1SMcG0019895	-
h1SMcG0019896	-
h1SMcG0019897	-
h1SMcG0019898	-
h1SMcG0019899	-
h1SMcG0019900	OU
h1SMcG0019901	-
h1SMcG0019902	-
h1SMcG0019903	-
h1SMcG0019904	-
h1SMcG0019905	-
h1SMcG0019906	-
h1SMcG0019907	-
h1SMcG0019908	-
h1SMcG0019909	-
h1SMcG0019910	-
h1SMcG0019911	T
h1SMcG0019912	T
h1SMcG0019913	TU
h1SMcG0019914	Z
h1SMcG0019915	KL
h1SMcG0019916	-
h1SMcG0019917	S
h1SMcG0019918	I
h1SMcG0019919	V
h1SMcG0019920	U
h1SMcG0019921	-
h1SMcG0019922	Q
h1SMcG0019923	O
h1SMcG0019924	-
h1SMcG0019925	O
h1SMcG0019926	I
h1SMcG0019927	J
h1SMcG0019928	-
h1SMcG0019929	-
h1SMcG0019930	-
h1SMcG0019931	-
h1SMcG0019932	-
h1SMcG0019933	U
h1SMcG0019934	C
h1SMcG0019935	S
h1SMcG0019936	CO
h1SMcG0019937	-
h1SMcG0019938	S
h1SMcG0019939	T
h1SMcG0019940	-
h1SMcG0019941	U
h1SMcG0019942	O
h1SMcG0019943	-
h1SMcG0019944	-
h1SMcG0019945	-
h1SMcG0019946	-
h1SMcG0019947	K
h1SMcG0019948	Z
h1SMcG0019949	P
h1SMcG0019950	T
h1SMcG0019951	-
h1SMcG0019952	T
h1SMcG0019953	T
h1SMcG0019954	-
h1SMcG0019955	-
h1SMcG0019956	-
h1SMcG0019957	-
h1SMcG0019958	S
h1SMcG0019959	S
h1SMcG0019960	G
h1SMcG0019961	-
h1SMcG0019962	V
h1SMcG0019963	S
h1SMcG0019964	S
h1SMcG0019965	OT
h1SMcG0019966	OT
h1SMcG0019967	OT
h1SMcG0019968	OT
h1SMcG0019969	H
h1SMcG0019970	S
h1SMcG0019971	S
h1SMcG0019972	Z
h1SMcG0019973	O
h1SMcG0019974	PT
h1SMcG0019975	L
h1SMcG0019976	-
h1SMcG0019977	-
h1SMcG0019978	-
h1SMcG0019979	-
h1SMcG0019980	-
h1SMcG0019981	-
h1SMcG0019982	-
h1SMcG0019983	-
h1SMcG0019984	K
h1SMcG0019985	-
h1SMcG0019986	S
h1SMcG0019987	-
h1SMcG0019988	L
h1SMcG0019989	E
h1SMcG0019990	O
h1SMcG0019991	A
h1SMcG0019992	S
h1SMcG0019993	I
h1SMcG0019994	S
h1SMcG0019995	-
h1SMcG0019996	BD
h1SMcG0019997	-
h1SMcG0019998	A
h1SMcG0019999	-
h1SMcG0020000	-
h1SMcG0020001	S
h1SMcG0020002	-
h1SMcG0020003	-
h1SMcG0020004	T
h1SMcG0020005	O
h1SMcG0020006	-
h1SMcG0020007	U
h1SMcG0020008	-
h1SMcG0020009	-
h1SMcG0020010	-
h1SMcG0020011	-
h1SMcG0020012	K
h1SMcG0020013	-
h1SMcG0020014	-
h1SMcG0020015	G
h1SMcG0020016	-
h1SMcG0020017	-
h1SMcG0020018	-
h1SMcG0020019	-
h1SMcG0020020	AD
h1SMcG0020021	-
h1SMcG0020022	M
h1SMcG0020023	C
h1SMcG0020024	G
h1SMcG0020025	A
h1SMcG0020026	C
h1SMcG0020027	A
h1SMcG0020028	-
h1SMcG0020029	T
h1SMcG0020030	-
h1SMcG0020031	S
h1SMcG0020032	S
h1SMcG0020033	O
h1SMcG0020034	D
h1SMcG0020035	-
h1SMcG0020036	-
h1SMcG0020037	-
h1SMcG0020038	E
h1SMcG0020039	E
h1SMcG0020040	-
h1SMcG0020041	-
h1SMcG0020042	S
h1SMcG0020043	-
h1SMcG0020044	D
h1SMcG0020045	U
h1SMcG0020046	K
h1SMcG0020047	O
h1SMcG0020048	S
h1SMcG0020049	Q
h1SMcG0020050	-
h1SMcG0020051	-
h1SMcG0020052	S
h1SMcG0020053	-
h1SMcG0020054	-
h1SMcG0020055	O
h1SMcG0020056	O
h1SMcG0020057	O
h1SMcG0020058	S
h1SMcG0020059	-
h1SMcG0020060	O
h1SMcG0020061	-
h1SMcG0020062	-
h1SMcG0020063	-
h1SMcG0020064	-
h1SMcG0020065	-
h1SMcG0020066	-
h1SMcG0020067	-
h1SMcG0020068	-
h1SMcG0020069	U
h1SMcG0020070	S
h1SMcG0020071	-
h1SMcG0020072	-
h1SMcG0020073	-
h1SMcG0020074	-
h1SMcG0020075	DKT
h1SMcG0020076	-
h1SMcG0020077	O
h1SMcG0020078	P
h1SMcG0020079	P
h1SMcG0020080	S
h1SMcG0020081	-
h1SMcG0020082	S
h1SMcG0020083	U
h1SMcG0020084	-
h1SMcG0020085	U
h1SMcG0020086	-
h1SMcG0020087	-
h1SMcG0020088	-
h1SMcG0020089	EPT
h1SMcG0020090	I
h1SMcG0020091	-
h1SMcG0020092	I
h1SMcG0020093	-
h1SMcG0020094	DK
h1SMcG0020095	S
h1SMcG0020096	-
h1SMcG0020097	-
h1SMcG0020098	-
h1SMcG0020099	D
h1SMcG0020100	T
h1SMcG0020101	G
h1SMcG0020102	-
h1SMcG0020103	-
h1SMcG0020104	-
h1SMcG0020105	-
h1SMcG0020106	-
h1SMcG0020107	-
h1SMcG0020108	-
h1SMcG0020109	J
h1SMcG0020110	L
h1SMcG0020111	G
h1SMcG0020112	O
h1SMcG0020113	JT
h1SMcG0020114	J
h1SMcG0020115	P
h1SMcG0020116	U
h1SMcG0020117	L
h1SMcG0020118	-
h1SMcG0020119	L
h1SMcG0020120	S
h1SMcG0020121	-
h1SMcG0020122	W
h1SMcG0020123	S
h1SMcG0020124	U
h1SMcG0020125	-
h1SMcG0020126	O
h1SMcG0020127	-
h1SMcG0020128	DUZ
h1SMcG0020129	L
h1SMcG0020130	S
h1SMcG0020131	L
h1SMcG0020132	O
h1SMcG0020133	U
h1SMcG0020134	S
h1SMcG0020135	S
h1SMcG0020136	C
h1SMcG0020137	-
h1SMcG0020138	C
h1SMcG0020139	-
h1SMcG0020140	-
h1SMcG0020141	E
h1SMcG0020142	-
h1SMcG0020143	O
h1SMcG0020144	B
h1SMcG0020145	TU
h1SMcG0020146	-
h1SMcG0020147	-
h1SMcG0020148	-
h1SMcG0020149	-
h1SMcG0020150	IJT
h1SMcG0020151	A
h1SMcG0020152	P
h1SMcG0020153	Q
h1SMcG0020154	-
h1SMcG0020155	O
h1SMcG0020156	-
h1SMcG0020157	T
h1SMcG0020158	J
h1SMcG0020159	-
h1SMcG0020160	T
h1SMcG0020161	I
h1SMcG0020162	-
h1SMcG0020163	I
h1SMcG0020164	-
h1SMcG0020165	-
h1SMcG0020166	-
h1SMcG0020167	-
h1SMcG0020168	-
h1SMcG0020169	-
h1SMcG0020170	-
h1SMcG0020171	J
h1SMcG0020172	-
h1SMcG0020173	S
h1SMcG0020174	UZ
h1SMcG0020175	-
h1SMcG0020176	U
h1SMcG0020177	C
h1SMcG0020178	S
h1SMcG0020179	Z
h1SMcG0020180	-
h1SMcG0020181	-
h1SMcG0020182	-
h1SMcG0020183	S
h1SMcG0020184	-
h1SMcG0020185	-
h1SMcG0020186	-
h1SMcG0020187	A
h1SMcG0020188	BD
h1SMcG0020189	-
h1SMcG0020190	E
h1SMcG0020191	K
h1SMcG0020192	S
h1SMcG0020193	JO
h1SMcG0020194	-
h1SMcG0020195	Z
h1SMcG0020196	EI
h1SMcG0020197	U
h1SMcG0020198	-
h1SMcG0020199	K
h1SMcG0020200	-
h1SMcG0020201	C
h1SMcG0020202	T
h1SMcG0020203	A
h1SMcG0020204	S
h1SMcG0020205	UY
h1SMcG0020206	K
h1SMcG0020207	O
h1SMcG0020208	U
h1SMcG0020209	T
h1SMcG0020210	-
h1SMcG0020211	J
h1SMcG0020212	F
h1SMcG0020213	U
h1SMcG0020214	-
h1SMcG0020215	I
h1SMcG0020216	-
h1SMcG0020217	UY
h1SMcG0020218	-
h1SMcG0020219	J
h1SMcG0020220	-
h1SMcG0020221	-
h1SMcG0020222	-
h1SMcG0020223	Z
h1SMcG0020224	-
h1SMcG0020225	Z
h1SMcG0020226	W
h1SMcG0020227	W
h1SMcG0020228	W
h1SMcG0020229	U
h1SMcG0020230	W
h1SMcG0020231	O
h1SMcG0020232	S
h1SMcG0020233	L
h1SMcG0020234	W
h1SMcG0020235	O
h1SMcG0020236	O
h1SMcG0020237	W
h1SMcG0020238	-
h1SMcG0020239	-
h1SMcG0020240	O
h1SMcG0020241	W
h1SMcG0020242	S
h1SMcG0020243	-
h1SMcG0020244	S
h1SMcG0020245	G
h1SMcG0020246	A
h1SMcG0020247	U
h1SMcG0020248	S
h1SMcG0020249	S
h1SMcG0020250	O
h1SMcG0020251	-
h1SMcG0020252	-
h1SMcG0020253	A
h1SMcG0020254	CO
h1SMcG0020255	-
h1SMcG0020256	-
h1SMcG0020257	O
h1SMcG0020258	-
h1SMcG0020259	I
h1SMcG0020260	O
h1SMcG0020261	I
h1SMcG0020262	I
h1SMcG0020263	B
h1SMcG0020264	I
h1SMcG0020265	I
h1SMcG0020266	I
h1SMcG0020267	G
h1SMcG0020268	I
h1SMcG0020269	I
h1SMcG0020270	A
h1SMcG0020271	-
h1SMcG0020272	-
h1SMcG0020273	-
h1SMcG0020274	-
h1SMcG0020275	I
h1SMcG0020276	-
h1SMcG0020277	-
h1SMcG0020278	T
h1SMcG0020279	-
h1SMcG0020280	T
h1SMcG0020281	Z
h1SMcG0020282	-
h1SMcG0020283	T
h1SMcG0020284	U
h1SMcG0020285	-
h1SMcG0020286	S
h1SMcG0020287	TU
h1SMcG0020288	S
h1SMcG0020289	S
h1SMcG0020290	S
h1SMcG0020291	S
h1SMcG0020292	P
h1SMcG0020293	O
h1SMcG0020294	S
h1SMcG0020295	O
h1SMcG0020296	-
h1SMcG0020297	S
h1SMcG0020298	O
h1SMcG0020299	S
h1SMcG0020300	G
h1SMcG0020301	S
h1SMcG0020302	S
h1SMcG0020303	S
h1SMcG0020304	S
h1SMcG0020305	S
h1SMcG0020306	S
h1SMcG0020307	S
h1SMcG0020308	-
h1SMcG0020309	S
h1SMcG0020310	Z
h1SMcG0020311	O
h1SMcG0020312	S
h1SMcG0020313	-
h1SMcG0020314	S
h1SMcG0020315	L
h1SMcG0020316	S
h1SMcG0020317	-
h1SMcG0020318	G
h1SMcG0020319	T
h1SMcG0020320	-
h1SMcG0020321	B
h1SMcG0020322	O
h1SMcG0020323	-
h1SMcG0020324	O
h1SMcG0020325	D
h1SMcG0020326	T
h1SMcG0020327	S
h1SMcG0020328	S
h1SMcG0020329	-
h1SMcG0020330	S
h1SMcG0020331	S
h1SMcG0020332	O
h1SMcG0020333	S
h1SMcG0020334	U
h1SMcG0020335	S
h1SMcG0020336	-
h1SMcG0020337	-
h1SMcG0020338	L
h1SMcG0020339	-
h1SMcG0020340	-
h1SMcG0020341	-
h1SMcG0020342	-
h1SMcG0020343	-
h1SMcG0020344	S
h1SMcG0020345	-
h1SMcG0020346	S
h1SMcG0020347	S
h1SMcG0020348	S
h1SMcG0020349	U
h1SMcG0020350	Z
h1SMcG0020351	-
h1SMcG0020352	-
h1SMcG0020353	T
h1SMcG0020354	S
h1SMcG0020355	S
h1SMcG0020356	T
h1SMcG0020357	T
h1SMcG0020358	T
h1SMcG0020359	T
h1SMcG0020360	W
h1SMcG0020361	EPT
h1SMcG0020362	OT
h1SMcG0020363	S
h1SMcG0020364	S
h1SMcG0020365	-
h1SMcG0020366	K
h1SMcG0020367	K
h1SMcG0020368	O
h1SMcG0020369	S
h1SMcG0020370	M
h1SMcG0020371	-
h1SMcG0020372	M
h1SMcG0020373	-
h1SMcG0020374	S
h1SMcG0020375	M
h1SMcG0020376	M
h1SMcG0020377	S
h1SMcG0020378	L
h1SMcG0020379	-
h1SMcG0020380	S
h1SMcG0020381	-
h1SMcG0020382	-
h1SMcG0020383	-
h1SMcG0020384	E
h1SMcG0020385	O
h1SMcG0020386	-
h1SMcG0020387	S
h1SMcG0020388	-
h1SMcG0020389	P
h1SMcG0020390	T
h1SMcG0020391	Z
h1SMcG0020392	G
h1SMcG0020393	S
h1SMcG0020394	-
h1SMcG0020395	S
h1SMcG0020396	S
h1SMcG0020397	S
h1SMcG0020398	-
h1SMcG0020399	GI
h1SMcG0020400	S
h1SMcG0020401	T
h1SMcG0020402	J
h1SMcG0020403	J
h1SMcG0020404	-
h1SMcG0020405	U
h1SMcG0020406	-
h1SMcG0020407	KO
h1SMcG0020408	L
h1SMcG0020409	-
h1SMcG0020410	-
h1SMcG0020411	-
h1SMcG0020412	M
h1SMcG0020413	M
h1SMcG0020414	T
h1SMcG0020415	T
h1SMcG0020416	C
h1SMcG0020417	-
h1SMcG0020418	-
h1SMcG0020419	-
h1SMcG0020420	O
h1SMcG0020421	G
h1SMcG0020422	Z
h1SMcG0020423	-
h1SMcG0020424	F
h1SMcG0020425	C
h1SMcG0020426	Z
h1SMcG0020427	-
h1SMcG0020428	K
h1SMcG0020429	L
h1SMcG0020430	W
h1SMcG0020431	O
h1SMcG0020432	GI
h1SMcG0020433	-
h1SMcG0020434	IQ
h1SMcG0020435	U
h1SMcG0020436	G
h1SMcG0020437	P
h1SMcG0020438	S
h1SMcG0020439	S
h1SMcG0020440	GI
h1SMcG0020441	GI
h1SMcG0020442	-
h1SMcG0020443	GI
h1SMcG0020444	-
h1SMcG0020445	GI
h1SMcG0020446	GI
h1SMcG0020447	GI
h1SMcG0020448	K
h1SMcG0020449	O
h1SMcG0020450	T
h1SMcG0020451	-
h1SMcG0020452	O
h1SMcG0020453	S
h1SMcG0020454	E
h1SMcG0020455	P
h1SMcG0020456	K
h1SMcG0020457	U
h1SMcG0020458	T
h1SMcG0020459	O
h1SMcG0020460	O
h1SMcG0020461	-
h1SMcG0020462	-
h1SMcG0020463	-
h1SMcG0020464	K
h1SMcG0020465	-
h1SMcG0020466	-
h1SMcG0020467	-
h1SMcG0020468	-
h1SMcG0020469	-
h1SMcG0020470	I
h1SMcG0020471	I
h1SMcG0020472	I
h1SMcG0020473	A
h1SMcG0020474	-
h1SMcG0020475	O
h1SMcG0020476	-
h1SMcG0020477	G
h1SMcG0020478	K
h1SMcG0020479	U
h1SMcG0020480	S
h1SMcG0020481	P
h1SMcG0020482	-
h1SMcG0020483	KLT
h1SMcG0020484	O
h1SMcG0020485	S
h1SMcG0020486	DTZ
h1SMcG0020487	-
h1SMcG0020488	F
h1SMcG0020489	T
h1SMcG0020490	S
h1SMcG0020491	S
h1SMcG0020492	S
h1SMcG0020493	-
h1SMcG0020494	-
h1SMcG0020495	-
h1SMcG0020496	S
h1SMcG0020497	S
h1SMcG0020498	O
h1SMcG0020499	-
h1SMcG0020500	E
h1SMcG0020501	-
h1SMcG0020502	BT
h1SMcG0020503	-
h1SMcG0020504	-
h1SMcG0020505	-
h1SMcG0020506	-
h1SMcG0020507	PT
h1SMcG0020508	-
h1SMcG0020509	S
h1SMcG0020510	U
h1SMcG0020511	U
h1SMcG0020512	-
h1SMcG0020513	S
h1SMcG0020514	L
h1SMcG0020515	I
h1SMcG0020516	L
h1SMcG0020517	-
h1SMcG0020518	-
h1SMcG0020519	-
h1SMcG0020520	-
h1SMcG0020521	S
h1SMcG0020522	-
h1SMcG0020523	-
h1SMcG0020524	-
h1SMcG0020525	T
h1SMcG0020526	-
h1SMcG0020527	O
h1SMcG0020528	S
h1SMcG0020529	S
h1SMcG0020530	-
h1SMcG0020531	M
h1SMcG0020532	-
h1SMcG0020533	-
h1SMcG0020534	-
h1SMcG0020535	M
h1SMcG0020536	T
h1SMcG0020537	-
h1SMcG0020538	U
h1SMcG0020539	Q
h1SMcG0020540	-
h1SMcG0020541	E
h1SMcG0020542	-
h1SMcG0020543	-
h1SMcG0020544	-
h1SMcG0020545	S
h1SMcG0020546	-
h1SMcG0020547	J
h1SMcG0020548	O
h1SMcG0020549	U
h1SMcG0020550	C
h1SMcG0020551	T
h1SMcG0020552	S
h1SMcG0020553	-
h1SMcG0020554	K
h1SMcG0020555	-
h1SMcG0020556	O
h1SMcG0020557	K
h1SMcG0020558	V
h1SMcG0020559	O
h1SMcG0020560	G
h1SMcG0020561	-
h1SMcG0020562	O
h1SMcG0020563	S
h1SMcG0020564	-
h1SMcG0020565	-
h1SMcG0020566	-
h1SMcG0020567	-
h1SMcG0020568	Z
h1SMcG0020569	-
h1SMcG0020570	T
h1SMcG0020571	C
h1SMcG0020572	-
h1SMcG0020573	O
h1SMcG0020574	-
h1SMcG0020575	W
h1SMcG0020576	-
h1SMcG0020577	G
h1SMcG0020578	K
h1SMcG0020579	T
h1SMcG0020580	T
h1SMcG0020581	L
h1SMcG0020582	S
h1SMcG0020583	A
h1SMcG0020584	S
h1SMcG0020585	-
h1SMcG0020586	-
h1SMcG0020587	T
h1SMcG0020588	-
h1SMcG0020589	-
h1SMcG0020590	S
h1SMcG0020591	T
h1SMcG0020592	K
h1SMcG0020593	-
h1SMcG0020594	O
h1SMcG0020595	-
h1SMcG0020596	O
h1SMcG0020597	L
h1SMcG0020598	-
h1SMcG0020599	S
h1SMcG0020600	T
h1SMcG0020601	Z
h1SMcG0020602	S
h1SMcG0020603	-
h1SMcG0020604	-
h1SMcG0020605	T
h1SMcG0020606	-
h1SMcG0020607	-
h1SMcG0020608	-
h1SMcG0020609	J
h1SMcG0020610	-
h1SMcG0020611	TU
h1SMcG0020612	-
h1SMcG0020613	T
h1SMcG0020614	-
h1SMcG0020615	C
h1SMcG0020616	-
h1SMcG0020617	-
h1SMcG0020618	T
h1SMcG0020619	U
h1SMcG0020620	-
h1SMcG0020621	-
h1SMcG0020622	L
h1SMcG0020623	K
h1SMcG0020624	O
h1SMcG0020625	-
h1SMcG0020626	S
h1SMcG0020627	-
h1SMcG0020628	S
h1SMcG0020629	S
h1SMcG0020630	-
h1SMcG0020631	-
h1SMcG0020632	L
h1SMcG0020633	T
h1SMcG0020634	K
h1SMcG0020635	-
h1SMcG0020636	O
h1SMcG0020637	T
h1SMcG0020638	A
h1SMcG0020639	F
h1SMcG0020640	O
h1SMcG0020641	-
h1SMcG0020642	T
h1SMcG0020643	T
h1SMcG0020644	T
h1SMcG0020645	-
h1SMcG0020646	-
h1SMcG0020647	S
h1SMcG0020648	DUZ
h1SMcG0020649	L
h1SMcG0020650	-
h1SMcG0020651	-
h1SMcG0020652	T
h1SMcG0020653	OT
h1SMcG0020654	L
h1SMcG0020655	GM
h1SMcG0020656	G
h1SMcG0020657	UY
h1SMcG0020658	-
h1SMcG0020659	-
h1SMcG0020660	A
h1SMcG0020661	T
h1SMcG0020662	S
h1SMcG0020663	S
h1SMcG0020664	A
h1SMcG0020665	EH
h1SMcG0020666	J
h1SMcG0020667	O
h1SMcG0020668	K
h1SMcG0020669	-
h1SMcG0020670	D
h1SMcG0020671	D
h1SMcG0020672	S
h1SMcG0020673	-
h1SMcG0020674	PT
h1SMcG0020675	P
h1SMcG0020676	A
h1SMcG0020677	D
h1SMcG0020678	E
h1SMcG0020679	-
h1SMcG0020680	E
h1SMcG0020681	-
h1SMcG0020682	T
h1SMcG0020683	S
h1SMcG0020684	Z
h1SMcG0020685	-
h1SMcG0020686	Z
h1SMcG0020687	UY
h1SMcG0020688	S
h1SMcG0020689	O
h1SMcG0020690	Z
h1SMcG0020691	T
h1SMcG0020692	S
h1SMcG0020693	S
h1SMcG0020694	-
h1SMcG0020695	O
h1SMcG0020696	O
h1SMcG0020697	T
h1SMcG0020698	T
h1SMcG0020699	-
h1SMcG0020700	-
h1SMcG0020701	KOT
h1SMcG0020702	-
h1SMcG0020703	S
h1SMcG0020704	S
h1SMcG0020705	-
h1SMcG0020706	-
h1SMcG0020707	T
h1SMcG0020708	S
h1SMcG0020709	K
h1SMcG0020710	T
h1SMcG0020711	T
h1SMcG0020712	S
h1SMcG0020713	T
h1SMcG0020714	-
h1SMcG0020715	S
h1SMcG0020716	S
h1SMcG0020717	G
h1SMcG0020718	T
h1SMcG0020719	T
h1SMcG0020720	-
h1SMcG0020721	T
h1SMcG0020722	S
h1SMcG0020723	-
h1SMcG0020724	-
h1SMcG0020725	OT
h1SMcG0020726	J
h1SMcG0020727	-
h1SMcG0020728	T
h1SMcG0020729	-
h1SMcG0020730	J
h1SMcG0020731	-
h1SMcG0020732	-
h1SMcG0020733	Z
h1SMcG0020734	-
h1SMcG0020735	T
h1SMcG0020736	S
h1SMcG0020737	C
h1SMcG0020738	T
h1SMcG0020739	P
h1SMcG0020740	K
h1SMcG0020741	K
h1SMcG0020742	I
h1SMcG0020743	O
h1SMcG0020744	S
h1SMcG0020745	T
h1SMcG0020746	-
h1SMcG0020747	G
h1SMcG0020748	J
h1SMcG0020749	J
h1SMcG0020750	J
h1SMcG0020751	-
h1SMcG0020752	O
h1SMcG0020753	P
h1SMcG0020754	-
h1SMcG0020755	-
h1SMcG0020756	P
h1SMcG0020757	P
h1SMcG0020758	G
h1SMcG0020759	D
h1SMcG0020760	D
h1SMcG0020761	K
h1SMcG0020762	J
h1SMcG0020763	O
h1SMcG0020764	-
h1SMcG0020765	-
h1SMcG0020766	I
h1SMcG0020767	S
h1SMcG0020768	I
h1SMcG0020769	-
h1SMcG0020770	-
h1SMcG0020771	-
h1SMcG0020772	-
h1SMcG0020773	-
h1SMcG0020774	S
h1SMcG0020775	S
h1SMcG0020776	S
h1SMcG0020777	S
h1SMcG0020778	A
h1SMcG0020779	T
h1SMcG0020780	-
h1SMcG0020781	-
h1SMcG0020782	-
h1SMcG0020783	-
h1SMcG0020784	-
h1SMcG0020785	-
h1SMcG0020786	S
h1SMcG0020787	S
h1SMcG0020788	S
h1SMcG0020789	-
h1SMcG0020790	K
h1SMcG0020791	S
h1SMcG0020792	T
h1SMcG0020793	U
h1SMcG0020794	UY
h1SMcG0020795	T
h1SMcG0020796	J
h1SMcG0020797	-
h1SMcG0020798	E
h1SMcG0020799	-
h1SMcG0020800	-
h1SMcG0020801	T
h1SMcG0020802	T
h1SMcG0020803	-
h1SMcG0020804	S
h1SMcG0020805	BK
h1SMcG0020806	IU
h1SMcG0020807	-
h1SMcG0020808	PT
h1SMcG0020809	U
h1SMcG0020810	K
h1SMcG0020811	J
h1SMcG0020812	T
h1SMcG0020813	-
h1SMcG0020814	-
h1SMcG0020815	H
h1SMcG0020816	-
h1SMcG0020817	A
h1SMcG0020818	-
h1SMcG0020819	S
h1SMcG0020820	-
h1SMcG0020821	-
h1SMcG0020822	-
h1SMcG0020823	-
h1SMcG0020824	-
h1SMcG0020825	L
h1SMcG0020826	A
h1SMcG0020827	S
h1SMcG0020828	-
h1SMcG0020829	E
h1SMcG0020830	-
h1SMcG0020831	-
h1SMcG0020832	S
h1SMcG0020833	IQ
h1SMcG0020834	S
h1SMcG0020835	P
h1SMcG0020836	-
h1SMcG0020837	-
h1SMcG0020838	T
h1SMcG0020839	T
h1SMcG0020840	O
h1SMcG0020841	-
h1SMcG0020842	Z
h1SMcG0020843	L
h1SMcG0020844	L
h1SMcG0020845	DT
h1SMcG0020846	S
h1SMcG0020847	-
h1SMcG0020848	T
h1SMcG0020849	U
h1SMcG0020850	K
h1SMcG0020851	K
h1SMcG0020852	I
h1SMcG0020853	S
h1SMcG0020854	S
h1SMcG0020855	S
h1SMcG0020856	S
h1SMcG0020857	S
h1SMcG0020858	S
h1SMcG0020859	U
h1SMcG0020860	-
h1SMcG0020861	-
h1SMcG0020862	-
h1SMcG0020863	S
h1SMcG0020864	-
h1SMcG0020865	-
h1SMcG0020866	T
h1SMcG0020867	-
h1SMcG0020868	-
h1SMcG0020869	-
h1SMcG0020870	-
h1SMcG0020871	-
h1SMcG0020872	-
h1SMcG0020873	S
h1SMcG0020874	J
h1SMcG0020875	-
h1SMcG0020876	O
h1SMcG0020877	E
h1SMcG0020878	-
h1SMcG0020879	O
h1SMcG0020880	J
h1SMcG0020881	-
h1SMcG0020882	S
h1SMcG0020883	S
h1SMcG0020884	L
h1SMcG0020885	O
h1SMcG0020886	-
h1SMcG0020887	S
h1SMcG0020888	-
h1SMcG0020889	S
h1SMcG0020890	D
h1SMcG0020891	T
h1SMcG0020892	P
h1SMcG0020893	VW
h1SMcG0020894	S
h1SMcG0020895	T
h1SMcG0020896	-
h1SMcG0020897	T
h1SMcG0020898	-
h1SMcG0020899	-
h1SMcG0020900	-
h1SMcG0020901	-
h1SMcG0020902	S
h1SMcG0020903	O
h1SMcG0020904	C
h1SMcG0020905	-
h1SMcG0020906	E
h1SMcG0020907	T
h1SMcG0020908	U
h1SMcG0020909	CU
h1SMcG0020910	U
h1SMcG0020911	-
h1SMcG0020912	T
h1SMcG0020913	U
h1SMcG0020914	Z
h1SMcG0020915	-
h1SMcG0020916	-
h1SMcG0020917	Z
h1SMcG0020918	T
h1SMcG0020919	-
h1SMcG0020920	S
h1SMcG0020921	E
h1SMcG0020922	-
h1SMcG0020923	J
h1SMcG0020924	-
h1SMcG0020925	BD
h1SMcG0020926	J
h1SMcG0020927	E
h1SMcG0020928	-
h1SMcG0020929	P
h1SMcG0020930	P
h1SMcG0020931	O
h1SMcG0020932	-
h1SMcG0020933	L
h1SMcG0020934	O
h1SMcG0020935	C
h1SMcG0020936	C
h1SMcG0020937	O
h1SMcG0020938	-
h1SMcG0020939	-
h1SMcG0020940	P
h1SMcG0020941	O
h1SMcG0020942	S
h1SMcG0020943	T
h1SMcG0020944	-
h1SMcG0020945	C
h1SMcG0020946	S
h1SMcG0020947	Q
h1SMcG0020948	S
h1SMcG0020949	O
h1SMcG0020950	S
h1SMcG0020951	T
h1SMcG0020952	S
h1SMcG0020953	-
h1SMcG0020954	S
h1SMcG0020955	O
h1SMcG0020956	-
h1SMcG0020957	-
h1SMcG0020958	E
h1SMcG0020959	-
h1SMcG0020960	-
h1SMcG0020961	-
h1SMcG0020962	S
h1SMcG0020963	D
h1SMcG0020964	-
h1SMcG0020965	-
h1SMcG0020966	-
h1SMcG0020967	O
h1SMcG0020968	-
h1SMcG0020969	O
h1SMcG0020970	-
h1SMcG0020971	-
h1SMcG0020972	-
h1SMcG0020973	-
h1SMcG0020974	O
h1SMcG0020975	-
h1SMcG0020976	O
h1SMcG0020977	O
h1SMcG0020978	-
h1SMcG0020979	O
h1SMcG0020980	T
h1SMcG0020981	-
h1SMcG0020982	-
h1SMcG0020983	W
h1SMcG0020984	-
h1SMcG0020985	-
h1SMcG0020986	-
h1SMcG0020987	V
h1SMcG0020988	DZ
h1SMcG0020989	-
h1SMcG0020990	-
h1SMcG0020991	S
h1SMcG0020992	S
h1SMcG0020993	T
h1SMcG0020994	P
h1SMcG0020995	T
h1SMcG0020996	L
h1SMcG0020997	-
h1SMcG0020998	O
h1SMcG0020999	KLT
h1SMcG0021000	Z
h1SMcG0021001	T
h1SMcG0021002	T
h1SMcG0021003	T
h1SMcG0021004	TW
h1SMcG0021005	U
h1SMcG0021006	-
h1SMcG0021007	-
h1SMcG0021008	O
h1SMcG0021009	S
h1SMcG0021010	O
h1SMcG0021011	O
h1SMcG0021012	T
h1SMcG0021013	-
h1SMcG0021014	P
h1SMcG0021015	C
h1SMcG0021016	-
h1SMcG0021017	DZ
h1SMcG0021018	-
h1SMcG0021019	-
h1SMcG0021020	S
h1SMcG0021021	S
h1SMcG0021022	S
h1SMcG0021023	-
h1SMcG0021024	-
h1SMcG0021025	-
h1SMcG0021026	U
h1SMcG0021027	S
h1SMcG0021028	J
h1SMcG0021029	S
h1SMcG0021030	E
h1SMcG0021031	U
h1SMcG0021032	-
h1SMcG0021033	T
h1SMcG0021034	-
h1SMcG0021035	-
h1SMcG0021036	T
h1SMcG0021037	-
h1SMcG0021038	S
h1SMcG0021039	E
h1SMcG0021040	K
h1SMcG0021041	O
h1SMcG0021042	-
h1SMcG0021043	-
h1SMcG0021044	-
h1SMcG0021045	K
h1SMcG0021046	L
h1SMcG0021047	-
h1SMcG0021048	-
h1SMcG0021049	-
h1SMcG0021050	S
h1SMcG0021051	T
h1SMcG0021052	U
h1SMcG0021053	K
h1SMcG0021054	A
h1SMcG0021055	S
h1SMcG0021056	J
h1SMcG0021057	-
h1SMcG0021058	S
h1SMcG0021059	K
h1SMcG0021060	TZ
h1SMcG0021061	T
h1SMcG0021062	T
h1SMcG0021063	S
h1SMcG0021064	T
h1SMcG0021065	-
h1SMcG0021066	J
h1SMcG0021067	J
h1SMcG0021068	-
h1SMcG0021069	T
h1SMcG0021070	S
h1SMcG0021071	S
h1SMcG0021072	S
h1SMcG0021073	O
h1SMcG0021074	-
h1SMcG0021075	-
h1SMcG0021076	Z
h1SMcG0021077	TV
h1SMcG0021078	A
h1SMcG0021079	KOT
h1SMcG0021080	T
h1SMcG0021081	-
h1SMcG0021082	S
h1SMcG0021083	-
h1SMcG0021084	G
h1SMcG0021085	S
h1SMcG0021086	-
h1SMcG0021087	-
h1SMcG0021088	-
h1SMcG0021089	S
h1SMcG0021090	S
h1SMcG0021091	S
h1SMcG0021092	-
h1SMcG0021093	-
h1SMcG0021094	S
h1SMcG0021095	-
h1SMcG0021096	S
h1SMcG0021097	-
h1SMcG0021098	O
h1SMcG0021099	O
h1SMcG0021100	J
h1SMcG0021101	-
h1SMcG0021102	-
h1SMcG0021103	-
h1SMcG0021104	DZ
h1SMcG0021105	-
h1SMcG0021106	E
h1SMcG0021107	T
h1SMcG0021108	-
h1SMcG0021109	S
h1SMcG0021110	L
h1SMcG0021111	-
h1SMcG0021112	K
h1SMcG0021113	T
h1SMcG0021114	-
h1SMcG0021115	J
h1SMcG0021116	S
h1SMcG0021117	T
h1SMcG0021118	-
h1SMcG0021119	EJ
h1SMcG0021120	T
h1SMcG0021121	-
h1SMcG0021122	EPT
h1SMcG0021123	-
h1SMcG0021124	Q
h1SMcG0021125	S
h1SMcG0021126	-
h1SMcG0021127	-
h1SMcG0021128	T
h1SMcG0021129	Z
h1SMcG0021130	S
h1SMcG0021131	S
h1SMcG0021132	S
h1SMcG0021133	P
h1SMcG0021134	I
h1SMcG0021135	T
h1SMcG0021136	Z
h1SMcG0021137	U
h1SMcG0021138	U
h1SMcG0021139	T
h1SMcG0021140	-
h1SMcG0021141	-
h1SMcG0021142	S
h1SMcG0021143	S
h1SMcG0021144	M
h1SMcG0021145	-
h1SMcG0021146	-
h1SMcG0021147	-
h1SMcG0021148	-
h1SMcG0021149	-
h1SMcG0021150	-
h1SMcG0021151	O
h1SMcG0021152	-
h1SMcG0021153	-
h1SMcG0021154	-
h1SMcG0021155	A
h1SMcG0021156	-
h1SMcG0021157	C
h1SMcG0021158	S
h1SMcG0021159	-
h1SMcG0021160	O
h1SMcG0021161	-
h1SMcG0021162	S
h1SMcG0021163	-
h1SMcG0021164	G
h1SMcG0021165	P
h1SMcG0021166	P
h1SMcG0021167	-
h1SMcG0021168	K
h1SMcG0021169	-
h1SMcG0021170	-
h1SMcG0021171	O
h1SMcG0021172	IT
h1SMcG0021173	IT
h1SMcG0021174	K
h1SMcG0021175	K
h1SMcG0021176	-
h1SMcG0021177	S
h1SMcG0021178	OT
h1SMcG0021179	OT
h1SMcG0021180	K
h1SMcG0021181	-
h1SMcG0021182	B
h1SMcG0021183	J
h1SMcG0021184	B
h1SMcG0021185	J
h1SMcG0021186	J
h1SMcG0021187	-
h1SMcG0021188	BK
h1SMcG0021189	-
h1SMcG0021190	Z
h1SMcG0021191	-
h1SMcG0021192	T
h1SMcG0021193	PT
h1SMcG0021194	S
h1SMcG0021195	P
h1SMcG0021196	S
h1SMcG0021197	C
h1SMcG0021198	-
h1SMcG0021199	-
h1SMcG0021200	E
h1SMcG0021201	-
h1SMcG0021202	B
h1SMcG0021203	G
h1SMcG0021204	-
h1SMcG0021205	-
h1SMcG0021206	-
h1SMcG0021207	S
h1SMcG0021208	S
h1SMcG0021209	-
h1SMcG0021210	-
h1SMcG0021211	-
h1SMcG0021212	-
h1SMcG0021213	-
h1SMcG0021214	T
h1SMcG0021215	-
h1SMcG0021216	G
h1SMcG0021217	S
h1SMcG0021218	-
h1SMcG0021219	S
h1SMcG0021220	-
h1SMcG0021221	IT
h1SMcG0021222	T
h1SMcG0021223	T
h1SMcG0021224	-
h1SMcG0021225	T
h1SMcG0021226	-
h1SMcG0021227	EF
h1SMcG0021228	-
h1SMcG0021229	J
h1SMcG0021230	U
h1SMcG0021231	-
h1SMcG0021232	-
h1SMcG0021233	Q
h1SMcG0021234	-
h1SMcG0021235	-
h1SMcG0021236	-
h1SMcG0021237	U
h1SMcG0021238	-
h1SMcG0021239	-
h1SMcG0021240	-
h1SMcG0021241	-
h1SMcG0021242	S
h1SMcG0021243	S
h1SMcG0021244	O
h1SMcG0021245	-
h1SMcG0021246	KLT
h1SMcG0021247	-
h1SMcG0021248	-
h1SMcG0021249	O
h1SMcG0021250	S
h1SMcG0021251	-
h1SMcG0021252	F
h1SMcG0021253	-
h1SMcG0021254	-
h1SMcG0021255	T
h1SMcG0021256	S
h1SMcG0021257	S
h1SMcG0021258	J
h1SMcG0021259	S
h1SMcG0021260	-
h1SMcG0021261	-
h1SMcG0021262	S
h1SMcG0021263	J
h1SMcG0021264	IKOT
h1SMcG0021265	-
h1SMcG0021266	K
h1SMcG0021267	S
h1SMcG0021268	-
h1SMcG0021269	T
h1SMcG0021270	S
h1SMcG0021271	K
h1SMcG0021272	-
h1SMcG0021273	OT
h1SMcG0021274	T
h1SMcG0021275	Q
h1SMcG0021276	T
h1SMcG0021277	S
h1SMcG0021278	BK
h1SMcG0021279	O
h1SMcG0021280	O
h1SMcG0021281	S
h1SMcG0021282	-
h1SMcG0021283	M
h1SMcG0021284	Z
h1SMcG0021285	-
h1SMcG0021286	S
h1SMcG0021287	T
h1SMcG0021288	C
h1SMcG0021289	S
h1SMcG0021290	T
h1SMcG0021291	S
h1SMcG0021292	A
h1SMcG0021293	-
h1SMcG0021294	E
h1SMcG0021295	K
h1SMcG0021296	-
h1SMcG0021297	-
h1SMcG0021298	P
h1SMcG0021299	C
h1SMcG0021300	-
h1SMcG0021301	A
h1SMcG0021302	-
h1SMcG0021303	O
h1SMcG0021304	S
h1SMcG0021305	S
h1SMcG0021306	I
h1SMcG0021307	I
h1SMcG0021308	O
h1SMcG0021309	-
h1SMcG0021310	-
h1SMcG0021311	I
h1SMcG0021312	G
h1SMcG0021313	L
h1SMcG0021314	G
h1SMcG0021315	-
h1SMcG0021316	O
h1SMcG0021317	S
h1SMcG0021318	-
h1SMcG0021319	S
h1SMcG0021320	-
h1SMcG0021321	-
h1SMcG0021322	L
h1SMcG0021323	-
h1SMcG0021324	-
h1SMcG0021325	E
h1SMcG0021326	-
h1SMcG0021327	L
h1SMcG0021328	-
h1SMcG0021329	-
h1SMcG0021330	S
h1SMcG0021331	T
h1SMcG0021332	K
h1SMcG0021333	T
h1SMcG0021334	-
h1SMcG0021335	O
h1SMcG0021336	-
h1SMcG0021337	S
h1SMcG0021338	UZ
h1SMcG0021339	I
h1SMcG0021340	T
h1SMcG0021341	DY
h1SMcG0021342	S
h1SMcG0021343	S
h1SMcG0021344	E
h1SMcG0021345	L
h1SMcG0021346	S
h1SMcG0021347	-
h1SMcG0021348	S
h1SMcG0021349	O
h1SMcG0021350	U
h1SMcG0021351	-
h1SMcG0021352	S
h1SMcG0021353	-
h1SMcG0021354	-
h1SMcG0021355	Z
h1SMcG0021356	K
h1SMcG0021357	S
h1SMcG0021358	DZ
h1SMcG0021359	C
h1SMcG0021360	-
h1SMcG0021361	-
h1SMcG0021362	S
h1SMcG0021363	-
h1SMcG0021364	S
h1SMcG0021365	S
h1SMcG0021366	FG
h1SMcG0021367	T
h1SMcG0021368	L
h1SMcG0021369	-
h1SMcG0021370	-
h1SMcG0021371	G
h1SMcG0021372	S
h1SMcG0021373	S
h1SMcG0021374	-
h1SMcG0021375	-
h1SMcG0021376	Z
h1SMcG0021377	TZ
h1SMcG0021378	-
h1SMcG0021379	-
h1SMcG0021380	Q
h1SMcG0021381	Q
h1SMcG0021382	-
h1SMcG0021383	-
h1SMcG0021384	-
h1SMcG0021385	L
h1SMcG0021386	-
h1SMcG0021387	Q
h1SMcG0021388	Q
h1SMcG0021389	Q
h1SMcG0021390	-
h1SMcG0021391	L
h1SMcG0021392	-
h1SMcG0021393	Q
h1SMcG0021394	O
h1SMcG0021395	-
h1SMcG0021396	E
h1SMcG0021397	S
h1SMcG0021398	-
h1SMcG0021399	-
h1SMcG0021400	S
h1SMcG0021401	M
h1SMcG0021402	S
h1SMcG0021403	U
h1SMcG0021404	O
h1SMcG0021405	-
h1SMcG0021406	U
h1SMcG0021407	T
h1SMcG0021408	-
h1SMcG0021409	-
h1SMcG0021410	-
h1SMcG0021411	J
h1SMcG0021412	T
h1SMcG0021413	S
h1SMcG0021414	-
h1SMcG0021415	O
h1SMcG0021416	P
h1SMcG0021417	-
h1SMcG0021418	O
h1SMcG0021419	Q
h1SMcG0021420	-
h1SMcG0021421	S
h1SMcG0021422	O
h1SMcG0021423	-
h1SMcG0021424	J
h1SMcG0021425	T
h1SMcG0021426	O
h1SMcG0021427	-
h1SMcG0021428	Q
h1SMcG0021429	S
h1SMcG0021430	S
h1SMcG0021431	-
h1SMcG0021432	U
h1SMcG0021433	F
h1SMcG0021434	T
h1SMcG0021435	E
h1SMcG0021436	OU
h1SMcG0021437	A
h1SMcG0021438	-
h1SMcG0021439	A
h1SMcG0021440	S
h1SMcG0021441	T
h1SMcG0021442	F
h1SMcG0021443	H
h1SMcG0021444	-
h1SMcG0021445	-
h1SMcG0021446	A
h1SMcG0021447	-
h1SMcG0021448	J
h1SMcG0021449	J
h1SMcG0021450	V
h1SMcG0021451	C
h1SMcG0021452	Z
h1SMcG0021453	-
h1SMcG0021454	J
h1SMcG0021455	O
h1SMcG0021456	-
h1SMcG0021457	-
h1SMcG0021458	O
h1SMcG0021459	G
h1SMcG0021460	C
h1SMcG0021461	V
h1SMcG0021462	N
h1SMcG0021463	-
h1SMcG0021464	O
h1SMcG0021465	E
h1SMcG0021466	H
h1SMcG0021467	-
h1SMcG0021468	OT
h1SMcG0021469	O
h1SMcG0021470	O
h1SMcG0021471	J
h1SMcG0021472	K
h1SMcG0021473	Q
h1SMcG0021474	S
h1SMcG0021475	K
h1SMcG0021476	Z
h1SMcG0021477	S
h1SMcG0021478	S
h1SMcG0021479	U
h1SMcG0021480	S
h1SMcG0021481	C
h1SMcG0021482	-
h1SMcG0021483	S
h1SMcG0021484	T
h1SMcG0021485	-
h1SMcG0021486	Z
h1SMcG0021487	TV
h1SMcG0021488	-
h1SMcG0021489	A
h1SMcG0021490	-
h1SMcG0021491	-
h1SMcG0021492	T
h1SMcG0021493	U
h1SMcG0021494	T
h1SMcG0021495	P
h1SMcG0021496	K
h1SMcG0021497	S
h1SMcG0021498	G
h1SMcG0021499	T
h1SMcG0021500	T
h1SMcG0021501	O
h1SMcG0021502	H
h1SMcG0021503	-
h1SMcG0021504	S
h1SMcG0021505	F
h1SMcG0021506	-
h1SMcG0021507	O
h1SMcG0021508	T
h1SMcG0021509	U
h1SMcG0021510	-
h1SMcG0021511	-
h1SMcG0021512	-
h1SMcG0021513	-
h1SMcG0021514	-
h1SMcG0021515	A
h1SMcG0021516	S
h1SMcG0021517	F
h1SMcG0021518	-
h1SMcG0021519	PT
h1SMcG0021520	T
h1SMcG0021521	T
h1SMcG0021522	D
h1SMcG0021523	S
h1SMcG0021524	G
h1SMcG0021525	A
h1SMcG0021526	Z
h1SMcG0021527	T
h1SMcG0021528	-
h1SMcG0021529	K
h1SMcG0021530	-
h1SMcG0021531	DZ
h1SMcG0021532	J
h1SMcG0021533	TV
h1SMcG0021534	P
h1SMcG0021535	E
h1SMcG0021536	Z
h1SMcG0021537	OT
h1SMcG0021538	BD
h1SMcG0021539	T
h1SMcG0021540	V
h1SMcG0021541	-
h1SMcG0021542	-
h1SMcG0021543	OT
h1SMcG0021544	A
h1SMcG0021545	O
h1SMcG0021546	O
h1SMcG0021547	Z
h1SMcG0021548	IOT
h1SMcG0021549	-
h1SMcG0021550	IOT
h1SMcG0021551	IOT
h1SMcG0021552	IOT
h1SMcG0021553	IOT
h1SMcG0021554	L
h1SMcG0021555	T
h1SMcG0021556	-
h1SMcG0021557	TU
h1SMcG0021558	S
h1SMcG0021559	-
h1SMcG0021560	E
h1SMcG0021561	-
h1SMcG0021562	-
h1SMcG0021563	A
h1SMcG0021564	I
h1SMcG0021565	K
h1SMcG0021566	T
h1SMcG0021567	C
h1SMcG0021568	-
h1SMcG0021569	TZ
h1SMcG0021570	O
h1SMcG0021571	-
h1SMcG0021572	-
h1SMcG0021573	-
h1SMcG0021574	-
h1SMcG0021575	Z
h1SMcG0021576	-
h1SMcG0021577	G
h1SMcG0021578	J
h1SMcG0021579	-
h1SMcG0021580	Z
h1SMcG0021581	-
h1SMcG0021582	-
h1SMcG0021583	-
h1SMcG0021584	A
h1SMcG0021585	O
h1SMcG0021586	-
h1SMcG0021587	A
h1SMcG0021588	S
h1SMcG0021589	-
h1SMcG0021590	A
h1SMcG0021591	U
h1SMcG0021592	T
h1SMcG0021593	T
h1SMcG0021594	-
h1SMcG0021595	-
h1SMcG0021596	L
h1SMcG0021597	T
h1SMcG0021598	T
h1SMcG0021599	J
h1SMcG0021600	E
h1SMcG0021601	-
h1SMcG0021602	L
h1SMcG0021603	TZ
h1SMcG0021604	OT
h1SMcG0021605	-
h1SMcG0021606	-
h1SMcG0021607	O
h1SMcG0021608	E
h1SMcG0021609	-
h1SMcG0021610	-
h1SMcG0021611	-
h1SMcG0021612	-
h1SMcG0021613	-
h1SMcG0021614	-
h1SMcG0021615	-
h1SMcG0021616	OT
h1SMcG0021617	-
h1SMcG0021618	O
h1SMcG0021619	EI
h1SMcG0021620	C
h1SMcG0021621	-
h1SMcG0021622	A
h1SMcG0021623	O
h1SMcG0021624	-
h1SMcG0021625	-
h1SMcG0021626	-
h1SMcG0021627	J
h1SMcG0021628	-
h1SMcG0021629	-
h1SMcG0021630	-
h1SMcG0021631	-
h1SMcG0021632	-
h1SMcG0021633	-
h1SMcG0021634	-
h1SMcG0021635	S
h1SMcG0021636	-
h1SMcG0021637	U
h1SMcG0021638	-
h1SMcG0021639	-
h1SMcG0021640	-
h1SMcG0021641	L
h1SMcG0021642	-
h1SMcG0021643	-
h1SMcG0021644	U
h1SMcG0021645	-
h1SMcG0021646	A
h1SMcG0021647	U
h1SMcG0021648	O
h1SMcG0021649	J
h1SMcG0021650	DZ
h1SMcG0021651	-
h1SMcG0021652	-
h1SMcG0021653	T
h1SMcG0021654	O
h1SMcG0021655	-
h1SMcG0021656	-
h1SMcG0021657	-
h1SMcG0021658	C
h1SMcG0021659	-
h1SMcG0021660	-
h1SMcG0021661	-
h1SMcG0021662	P
h1SMcG0021663	S
h1SMcG0021664	-
h1SMcG0021665	-
h1SMcG0021666	E
h1SMcG0021667	E
h1SMcG0021668	-
h1SMcG0021669	-
h1SMcG0021670	-
h1SMcG0021671	-
h1SMcG0021672	DV
h1SMcG0021673	-
h1SMcG0021674	-
h1SMcG0021675	A
h1SMcG0021676	S
h1SMcG0021677	D
h1SMcG0021678	-
h1SMcG0021679	-
h1SMcG0021680	A
h1SMcG0021681	-
h1SMcG0021682	-
h1SMcG0021683	-
h1SMcG0021684	-
h1SMcG0021685	-
h1SMcG0021686	S
h1SMcG0021687	-
h1SMcG0021688	-
h1SMcG0021689	S
h1SMcG0021690	DT
h1SMcG0021691	S
h1SMcG0021692	D
h1SMcG0021693	K
h1SMcG0021694	-
h1SMcG0021695	K
h1SMcG0021696	S
h1SMcG0021697	-
h1SMcG0021698	E
h1SMcG0021699	-
h1SMcG0021700	T
h1SMcG0021701	S
h1SMcG0021702	E
h1SMcG0021703	-
h1SMcG0021704	-
h1SMcG0021705	-
h1SMcG0021706	T
h1SMcG0021707	-
h1SMcG0021708	-
h1SMcG0021709	L
h1SMcG0021710	-
h1SMcG0021711	-
h1SMcG0021712	-
h1SMcG0021713	S
h1SMcG0021714	-
h1SMcG0021715	U
h1SMcG0021716	-
h1SMcG0021717	-
h1SMcG0021718	-
h1SMcG0021719	-
h1SMcG0021720	-
h1SMcG0021721	-
h1SMcG0021722	O
h1SMcG0021723	T
h1SMcG0021724	K
h1SMcG0021725	U
h1SMcG0021726	-
h1SMcG0021727	C
h1SMcG0021728	O
h1SMcG0021729	-
h1SMcG0021730	H
h1SMcG0021731	-
h1SMcG0021732	A
h1SMcG0021733	E
h1SMcG0021734	-
h1SMcG0021735	S
h1SMcG0021736	-
h1SMcG0021737	K
h1SMcG0021738	-
h1SMcG0021739	I
h1SMcG0021740	P
h1SMcG0021741	-
h1SMcG0021742	S
h1SMcG0021743	-
h1SMcG0021744	S
h1SMcG0021745	-
h1SMcG0021746	-
h1SMcG0021747	-
h1SMcG0021748	-
h1SMcG0021749	C
h1SMcG0021750	-
h1SMcG0021751	E
h1SMcG0021752	O
h1SMcG0021753	A
h1SMcG0021754	-
h1SMcG0021755	G
h1SMcG0021756	K
h1SMcG0021757	P
h1SMcG0021758	-
h1SMcG0021759	C
h1SMcG0021760	-
h1SMcG0021761	-
h1SMcG0021762	O
h1SMcG0021763	P
h1SMcG0021764	P
h1SMcG0021765	T
h1SMcG0021766	U
h1SMcG0021767	I
h1SMcG0021768	-
h1SMcG0021769	-
h1SMcG0021770	IT
h1SMcG0021771	T
h1SMcG0021772	T
h1SMcG0021773	E
h1SMcG0021774	-
h1SMcG0021775	E
h1SMcG0021776	T
h1SMcG0021777	S
h1SMcG0021778	T
h1SMcG0021779	-
h1SMcG0021780	DT
h1SMcG0021781	-
h1SMcG0021782	DT
h1SMcG0021783	-
h1SMcG0021784	-
h1SMcG0021785	-
h1SMcG0021786	-
h1SMcG0021787	-
h1SMcG0021788	-
h1SMcG0021789	-
h1SMcG0021790	-
h1SMcG0021791	T
h1SMcG0021792	-
h1SMcG0021793	-
h1SMcG0021794	-
h1SMcG0021795	T
h1SMcG0021796	-
h1SMcG0021797	S
h1SMcG0021798	-
h1SMcG0021799	S
h1SMcG0021800	A
h1SMcG0021801	Q
h1SMcG0021802	S
h1SMcG0021803	-
h1SMcG0021804	T
h1SMcG0021805	T
h1SMcG0021806	-
h1SMcG0021807	S
h1SMcG0021808	S
h1SMcG0021809	-
h1SMcG0021810	S
h1SMcG0021811	-
h1SMcG0021812	S
h1SMcG0021813	S
h1SMcG0021814	S
h1SMcG0021815	-
h1SMcG0021816	T
h1SMcG0021817	S
h1SMcG0021818	E
h1SMcG0021819	I
h1SMcG0021820	-
h1SMcG0021821	A
h1SMcG0021822	L
h1SMcG0021823	-
h1SMcG0021824	-
h1SMcG0021825	-
h1SMcG0021826	L
h1SMcG0021827	-
h1SMcG0021828	L
h1SMcG0021829	E
h1SMcG0021830	E
h1SMcG0021831	Z
h1SMcG0021832	-
h1SMcG0021833	T
h1SMcG0021834	K
h1SMcG0021835	-
h1SMcG0021836	-
h1SMcG0021837	Z
h1SMcG0021838	O
h1SMcG0021839	E
h1SMcG0021840	S
h1SMcG0021841	S
h1SMcG0021842	EI
h1SMcG0021843	Z
h1SMcG0021844	Z
h1SMcG0021845	S
h1SMcG0021846	-
h1SMcG0021847	J
h1SMcG0021848	T
h1SMcG0021849	-
h1SMcG0021850	-
h1SMcG0021851	G
h1SMcG0021852	Z
h1SMcG0021853	-
h1SMcG0021854	E
h1SMcG0021855	-
h1SMcG0021856	S
h1SMcG0021857	O
h1SMcG0021858	S
h1SMcG0021859	Z
h1SMcG0021860	P
h1SMcG0021861	H
h1SMcG0021862	-
h1SMcG0021863	-
h1SMcG0021864	-
h1SMcG0021865	-
h1SMcG0021866	I
h1SMcG0021867	S
h1SMcG0021868	-
h1SMcG0021869	A
h1SMcG0021870	-
h1SMcG0021871	Q
h1SMcG0021872	-
h1SMcG0021873	T
h1SMcG0021874	-
h1SMcG0021875	-
h1SMcG0021876	O
h1SMcG0021877	E
h1SMcG0021878	-
h1SMcG0021879	-
h1SMcG0021880	-
h1SMcG0021881	O
h1SMcG0021882	S
h1SMcG0021883	S
h1SMcG0021884	D
h1SMcG0021885	U
h1SMcG0021886	I
h1SMcG0021887	S
h1SMcG0021888	-
h1SMcG0021889	O
h1SMcG0021890	-
h1SMcG0021891	TU
h1SMcG0021892	Z
h1SMcG0021893	-
h1SMcG0021894	Z
h1SMcG0021895	O
h1SMcG0021896	T
h1SMcG0021897	-
h1SMcG0021898	K
h1SMcG0021899	T
h1SMcG0021900	K
h1SMcG0021901	A
h1SMcG0021902	I
h1SMcG0021903	J
h1SMcG0021904	A
h1SMcG0021905	-
h1SMcG0021906	T
h1SMcG0021907	T
h1SMcG0021908	O
h1SMcG0021909	-
h1SMcG0021910	O
h1SMcG0021911	-
h1SMcG0021912	-
h1SMcG0021913	D
h1SMcG0021914	L
h1SMcG0021915	-
h1SMcG0021916	K
h1SMcG0021917	O
h1SMcG0021918	L
h1SMcG0021919	K
h1SMcG0021920	-
h1SMcG0021921	H
h1SMcG0021922	M
h1SMcG0021923	G
h1SMcG0021924	S
h1SMcG0021925	-
h1SMcG0021926	EPT
h1SMcG0021927	U
h1SMcG0021928	-
h1SMcG0021929	T
h1SMcG0021930	Z
h1SMcG0021931	G
h1SMcG0021932	G
h1SMcG0021933	G
h1SMcG0021934	S
h1SMcG0021935	K
h1SMcG0021936	J
h1SMcG0021937	O
h1SMcG0021938	O
h1SMcG0021939	S
h1SMcG0021940	O
h1SMcG0021941	T
h1SMcG0021942	L
h1SMcG0021943	O
h1SMcG0021944	-
h1SMcG0021945	E
h1SMcG0021946	G
h1SMcG0021947	-
h1SMcG0021948	S
h1SMcG0021949	L
h1SMcG0021950	T
h1SMcG0021951	-
h1SMcG0021952	AJ
h1SMcG0021953	UZ
h1SMcG0021954	-
h1SMcG0021955	T
h1SMcG0021956	-
h1SMcG0021957	TZ
h1SMcG0021958	B
h1SMcG0021959	O
h1SMcG0021960	O
h1SMcG0021961	-
h1SMcG0021962	T
h1SMcG0021963	T
h1SMcG0021964	TZ
h1SMcG0021965	S
h1SMcG0021966	D
h1SMcG0021967	S
h1SMcG0021968	T
h1SMcG0021969	A
h1SMcG0021970	-
h1SMcG0021971	-
h1SMcG0021972	-
h1SMcG0021973	-
h1SMcG0021974	S
h1SMcG0021975	-
h1SMcG0021976	-
h1SMcG0021977	-
h1SMcG0021978	-
h1SMcG0021979	Z
h1SMcG0021980	S
h1SMcG0021981	I
h1SMcG0021982	I
h1SMcG0021983	S
h1SMcG0021984	V
h1SMcG0021985	L
h1SMcG0021986	S
h1SMcG0021987	-
h1SMcG0021988	-
h1SMcG0021989	C
h1SMcG0021990	-
h1SMcG0021991	G
h1SMcG0021992	S
h1SMcG0021993	G
h1SMcG0021994	G
h1SMcG0021995	I
h1SMcG0021996	S
h1SMcG0021997	EPT
h1SMcG0021998	PT
h1SMcG0021999	P
h1SMcG0022000	PT
h1SMcG0022001	P
h1SMcG0022002	G
h1SMcG0022003	-
h1SMcG0022004	S
h1SMcG0022005	T
h1SMcG0022006	S
h1SMcG0022007	-
h1SMcG0022008	S
h1SMcG0022009	Z
h1SMcG0022010	Z
h1SMcG0022011	D
h1SMcG0022012	A
h1SMcG0022013	U
h1SMcG0022014	G
h1SMcG0022015	P
h1SMcG0022016	K
h1SMcG0022017	J
h1SMcG0022018	PT
h1SMcG0022019	U
h1SMcG0022020	U
h1SMcG0022021	U
h1SMcG0022022	M
h1SMcG0022023	O
h1SMcG0022024	-
h1SMcG0022025	-
h1SMcG0022026	-
h1SMcG0022027	-
h1SMcG0022028	-
h1SMcG0022029	-
h1SMcG0022030	-
h1SMcG0022031	-
h1SMcG0022032	Q
h1SMcG0022033	A
h1SMcG0022034	Z
h1SMcG0022035	-
h1SMcG0022036	O
h1SMcG0022037	PT
h1SMcG0022038	PT
h1SMcG0022039	PT
h1SMcG0022040	PT
h1SMcG0022041	DTZ
h1SMcG0022042	O
h1SMcG0022043	D
h1SMcG0022044	-
h1SMcG0022045	I
h1SMcG0022046	K
h1SMcG0022047	T
h1SMcG0022048	-
h1SMcG0022049	T
h1SMcG0022050	K
h1SMcG0022051	S
h1SMcG0022052	-
h1SMcG0022053	L
h1SMcG0022054	Z
h1SMcG0022055	-
h1SMcG0022056	S
h1SMcG0022057	J
h1SMcG0022058	C
h1SMcG0022059	S
h1SMcG0022060	J
h1SMcG0022061	I
h1SMcG0022062	K
h1SMcG0022063	T
h1SMcG0022064	T
h1SMcG0022065	-
h1SMcG0022066	U
h1SMcG0022067	-
h1SMcG0022068	J
h1SMcG0022069	O
h1SMcG0022070	-
h1SMcG0022071	-
h1SMcG0022072	K
h1SMcG0022073	Z
h1SMcG0022074	A
h1SMcG0022075	O
h1SMcG0022076	G
h1SMcG0022077	-
h1SMcG0022078	-
h1SMcG0022079	-
h1SMcG0022080	J
h1SMcG0022081	S
h1SMcG0022082	-
h1SMcG0022083	A
h1SMcG0022084	S
h1SMcG0022085	T
h1SMcG0022086	T
h1SMcG0022087	-
h1SMcG0022088	S
h1SMcG0022089	G
h1SMcG0022090	G
h1SMcG0022091	T
h1SMcG0022092	T
h1SMcG0022093	-
h1SMcG0022094	E
h1SMcG0022095	T
h1SMcG0022096	-
h1SMcG0022097	S
h1SMcG0022098	C
h1SMcG0022099	U
h1SMcG0022100	A
h1SMcG0022101	Z
h1SMcG0022102	-
h1SMcG0022103	J
h1SMcG0022104	W
h1SMcG0022105	-
h1SMcG0022106	S
h1SMcG0022107	S
h1SMcG0022108	S
h1SMcG0022109	-
h1SMcG0022110	S
h1SMcG0022111	T
h1SMcG0022112	O
h1SMcG0022113	J
h1SMcG0022114	-
h1SMcG0022115	-
h1SMcG0022116	Q
h1SMcG0022117	-
h1SMcG0022118	-
h1SMcG0022119	A
h1SMcG0022120	S
h1SMcG0022121	P
h1SMcG0022122	-
h1SMcG0022123	T
h1SMcG0022124	E
h1SMcG0022125	S
h1SMcG0022126	T
h1SMcG0022127	T
h1SMcG0022128	-
h1SMcG0022129	-
h1SMcG0022130	-
h1SMcG0022131	-
h1SMcG0022132	-
h1SMcG0022133	E
h1SMcG0022134	S
h1SMcG0022135	G
h1SMcG0022136	O
h1SMcG0022137	T
h1SMcG0022138	-
h1SMcG0022139	S
h1SMcG0022140	C
h1SMcG0022141	P
h1SMcG0022142	P
h1SMcG0022143	-
h1SMcG0022144	P
h1SMcG0022145	P
h1SMcG0022146	P
h1SMcG0022147	-
h1SMcG0022148	-
h1SMcG0022149	-
h1SMcG0022150	-
h1SMcG0022151	-
h1SMcG0022152	-
h1SMcG0022153	-
h1SMcG0022154	-
h1SMcG0022155	-
h1SMcG0022156	-
h1SMcG0022157	-
h1SMcG0022158	O
h1SMcG0022159	-
h1SMcG0022160	S
h1SMcG0022161	S
h1SMcG0022162	-
h1SMcG0022163	-
h1SMcG0022164	EPT
h1SMcG0022165	-
h1SMcG0022166	T
h1SMcG0022167	K
h1SMcG0022168	T
h1SMcG0022169	S
h1SMcG0022170	S
h1SMcG0022171	-
h1SMcG0022172	D
h1SMcG0022173	K
h1SMcG0022174	J
h1SMcG0022175	L
h1SMcG0022176	T
h1SMcG0022177	C
h1SMcG0022178	C
h1SMcG0022179	-
h1SMcG0022180	-
h1SMcG0022181	-
h1SMcG0022182	A
h1SMcG0022183	T
h1SMcG0022184	-
h1SMcG0022185	E
h1SMcG0022186	K
h1SMcG0022187	S
h1SMcG0022188	T
h1SMcG0022189	-
h1SMcG0022190	J
h1SMcG0022191	-
h1SMcG0022192	T
h1SMcG0022193	T
h1SMcG0022194	-
h1SMcG0022195	S
h1SMcG0022196	S
h1SMcG0022197	PT
h1SMcG0022198	BD
h1SMcG0022199	-
h1SMcG0022200	-
h1SMcG0022201	K
h1SMcG0022202	TZ
h1SMcG0022203	-
h1SMcG0022204	-
h1SMcG0022205	S
h1SMcG0022206	Z
h1SMcG0022207	S
h1SMcG0022208	S
h1SMcG0022209	T
h1SMcG0022210	S
h1SMcG0022211	Z
h1SMcG0022212	T
h1SMcG0022213	-
h1SMcG0022214	S
h1SMcG0022215	D
h1SMcG0022216	T
h1SMcG0022217	-
h1SMcG0022218	-
h1SMcG0022219	E
h1SMcG0022220	U
h1SMcG0022221	S
h1SMcG0022222	D
h1SMcG0022223	E
h1SMcG0022224	S
h1SMcG0022225	S
h1SMcG0022226	-
h1SMcG0022227	S
h1SMcG0022228	IT
h1SMcG0022229	S
h1SMcG0022230	O
h1SMcG0022231	A
h1SMcG0022232	S
h1SMcG0022233	I
h1SMcG0022234	-
h1SMcG0022235	S
h1SMcG0022236	T
h1SMcG0022237	P
h1SMcG0022238	-
h1SMcG0022239	L
h1SMcG0022240	D
h1SMcG0022241	K
h1SMcG0022242	-
h1SMcG0022243	C
h1SMcG0022244	P
h1SMcG0022245	C
h1SMcG0022246	C
h1SMcG0022247	T
h1SMcG0022248	Z
h1SMcG0022249	J
h1SMcG0022250	-
h1SMcG0022251	Z
h1SMcG0022252	Z
h1SMcG0022253	E
h1SMcG0022254	-
h1SMcG0022255	-
h1SMcG0022256	T
h1SMcG0022257	S
h1SMcG0022258	L
h1SMcG0022259	Z
h1SMcG0022260	T
h1SMcG0022261	T
h1SMcG0022262	-
h1SMcG0022263	G
h1SMcG0022264	S
h1SMcG0022265	S
h1SMcG0022266	S
h1SMcG0022267	K
h1SMcG0022268	K
h1SMcG0022269	D
h1SMcG0022270	A
h1SMcG0022271	A
h1SMcG0022272	-
h1SMcG0022273	K
h1SMcG0022274	I
h1SMcG0022275	T
h1SMcG0022276	D
h1SMcG0022277	-
h1SMcG0022278	O
h1SMcG0022279	-
h1SMcG0022280	S
h1SMcG0022281	S
h1SMcG0022282	-
h1SMcG0022283	P
h1SMcG0022284	U
h1SMcG0022285	S
h1SMcG0022286	S
h1SMcG0022287	-
h1SMcG0022288	-
h1SMcG0022289	S
h1SMcG0022290	-
h1SMcG0022291	M
h1SMcG0022292	S
h1SMcG0022293	T
h1SMcG0022294	S
h1SMcG0022295	T
h1SMcG0022296	S
h1SMcG0022297	D
h1SMcG0022298	-
h1SMcG0022299	-
h1SMcG0022300	-
h1SMcG0022301	U
h1SMcG0022302	O
h1SMcG0022303	-
h1SMcG0022304	T
h1SMcG0022305	O
h1SMcG0022306	Z
h1SMcG0022307	-
h1SMcG0022308	-
h1SMcG0022309	-
h1SMcG0022310	-
h1SMcG0022311	A
h1SMcG0022312	-
h1SMcG0022313	K
h1SMcG0022314	-
h1SMcG0022315	Z
h1SMcG0022316	S
h1SMcG0022317	U
h1SMcG0022318	U
h1SMcG0022319	O
h1SMcG0022320	T
h1SMcG0022321	-
h1SMcG0022322	-
h1SMcG0022323	A
h1SMcG0022324	-
h1SMcG0022325	S
h1SMcG0022326	A
h1SMcG0022327	Z
h1SMcG0022328	J
h1SMcG0022329	S
h1SMcG0022330	S
h1SMcG0022331	S
h1SMcG0022332	-
h1SMcG0022333	DKT
h1SMcG0022334	Z
h1SMcG0022335	S
h1SMcG0022336	-
h1SMcG0022337	J
h1SMcG0022338	T
h1SMcG0022339	T
h1SMcG0022340	O
h1SMcG0022341	O
h1SMcG0022342	T
h1SMcG0022343	S
h1SMcG0022344	-
h1SMcG0022345	C
h1SMcG0022346	O
h1SMcG0022347	T
h1SMcG0022348	DZ
h1SMcG0022349	T
h1SMcG0022350	OU
h1SMcG0022351	Q
h1SMcG0022352	-
h1SMcG0022353	-
h1SMcG0022354	-
h1SMcG0022355	-
h1SMcG0022356	J
h1SMcG0022357	-
h1SMcG0022358	K
h1SMcG0022359	-
h1SMcG0022360	F
h1SMcG0022361	T
h1SMcG0022362	-
h1SMcG0022363	D
h1SMcG0022364	J
h1SMcG0022365	S
h1SMcG0022366	J
h1SMcG0022367	O
h1SMcG0022368	T
h1SMcG0022369	S
h1SMcG0022370	S
h1SMcG0022371	I
h1SMcG0022372	S
h1SMcG0022373	S
h1SMcG0022374	O
h1SMcG0022375	I
h1SMcG0022376	S
h1SMcG0022377	T
h1SMcG0022378	T
h1SMcG0022379	J
h1SMcG0022380	S
h1SMcG0022381	T
h1SMcG0022382	-
h1SMcG0022383	-
h1SMcG0022384	D
h1SMcG0022385	OT
h1SMcG0022386	A
h1SMcG0022387	O
h1SMcG0022388	S
h1SMcG0022389	S
h1SMcG0022390	U
h1SMcG0022391	-
h1SMcG0022392	K
h1SMcG0022393	T
h1SMcG0022394	S
h1SMcG0022395	JO
h1SMcG0022396	T
h1SMcG0022397	T
h1SMcG0022398	-
h1SMcG0022399	EI
h1SMcG0022400	G
h1SMcG0022401	-
h1SMcG0022402	-
h1SMcG0022403	-
h1SMcG0022404	S
h1SMcG0022405	U
h1SMcG0022406	JO
h1SMcG0022407	L
h1SMcG0022408	O
h1SMcG0022409	K
h1SMcG0022410	-
h1SMcG0022411	-
h1SMcG0022412	S
h1SMcG0022413	Z
h1SMcG0022414	O
h1SMcG0022415	S
h1SMcG0022416	-
h1SMcG0022417	E
h1SMcG0022418	-
h1SMcG0022419	E
h1SMcG0022420	E
h1SMcG0022421	-
h1SMcG0022422	T
h1SMcG0022423	K
h1SMcG0022424	T
h1SMcG0022425	T
h1SMcG0022426	O
h1SMcG0022427	-
h1SMcG0022428	-
h1SMcG0022429	-
h1SMcG0022430	T
h1SMcG0022431	O
h1SMcG0022432	A
h1SMcG0022433	EPT
h1SMcG0022434	-
h1SMcG0022435	T
h1SMcG0022436	O
h1SMcG0022437	K
h1SMcG0022438	-
h1SMcG0022439	W
h1SMcG0022440	G
h1SMcG0022441	-
h1SMcG0022442	P
h1SMcG0022443	-
h1SMcG0022444	Z
h1SMcG0022445	S
h1SMcG0022446	-
h1SMcG0022447	-
h1SMcG0022448	T
h1SMcG0022449	T
h1SMcG0022450	-
h1SMcG0022451	K
h1SMcG0022452	O
h1SMcG0022453	S
h1SMcG0022454	P
h1SMcG0022455	S
h1SMcG0022456	Z
h1SMcG0022457	L
h1SMcG0022458	C
h1SMcG0022459	T
h1SMcG0022460	T
h1SMcG0022461	I
h1SMcG0022462	E
h1SMcG0022463	-
h1SMcG0022464	-
h1SMcG0022465	-
h1SMcG0022466	E
h1SMcG0022467	P
h1SMcG0022468	J
h1SMcG0022469	G
h1SMcG0022470	A
h1SMcG0022471	S
h1SMcG0022472	K
h1SMcG0022473	-
h1SMcG0022474	-
h1SMcG0022475	-
h1SMcG0022476	-
h1SMcG0022477	-
h1SMcG0022478	I
h1SMcG0022479	-
h1SMcG0022480	-
h1SMcG0022481	I
h1SMcG0022482	I
h1SMcG0022483	I
h1SMcG0022484	I
h1SMcG0022485	I
h1SMcG0022486	S
h1SMcG0022487	F
h1SMcG0022488	A
h1SMcG0022489	O
h1SMcG0022490	DY
h1SMcG0022491	O
h1SMcG0022492	S
h1SMcG0022493	S
h1SMcG0022494	K
h1SMcG0022495	-
h1SMcG0022496	T
h1SMcG0022497	-
h1SMcG0022498	A
h1SMcG0022499	K
h1SMcG0022500	T
h1SMcG0022501	-
h1SMcG0022502	-
h1SMcG0022503	G
h1SMcG0022504	G
h1SMcG0022505	G
h1SMcG0022506	P
h1SMcG0022507	-
h1SMcG0022508	-
h1SMcG0022509	-
h1SMcG0022510	-
h1SMcG0022511	S
h1SMcG0022512	-
h1SMcG0022513	TZ
h1SMcG0022514	O
h1SMcG0022515	O
h1SMcG0022516	F
h1SMcG0022517	-
h1SMcG0022518	-
h1SMcG0022519	-
h1SMcG0022520	-
h1SMcG0022521	-
h1SMcG0022522	O
h1SMcG0022523	T
h1SMcG0022524	G
h1SMcG0022525	P
h1SMcG0022526	T
h1SMcG0022527	G
h1SMcG0022528	I
h1SMcG0022529	T
h1SMcG0022530	P
h1SMcG0022531	Z
h1SMcG0022532	J
h1SMcG0022533	-
h1SMcG0022534	-
h1SMcG0022535	T
h1SMcG0022536	S
h1SMcG0022537	F
h1SMcG0022538	S
h1SMcG0022539	-
h1SMcG0022540	-
h1SMcG0022541	T
h1SMcG0022542	F
h1SMcG0022543	P
h1SMcG0022544	-
h1SMcG0022545	S
h1SMcG0022546	-
h1SMcG0022547	IU
h1SMcG0022548	S
h1SMcG0022549	-
h1SMcG0022550	O
h1SMcG0022551	-
h1SMcG0022552	S
h1SMcG0022553	T
h1SMcG0022554	G
h1SMcG0022555	W
h1SMcG0022556	T
h1SMcG0022557	T
h1SMcG0022558	-
h1SMcG0022559	P
h1SMcG0022560	P
h1SMcG0022561	P
h1SMcG0022562	P
h1SMcG0022563	P
h1SMcG0022564	O
h1SMcG0022565	A
h1SMcG0022566	-
h1SMcG0022567	-
h1SMcG0022568	-
h1SMcG0022569	-
h1SMcG0022570	-
h1SMcG0022571	-
h1SMcG0022572	-
h1SMcG0022573	I
h1SMcG0022574	-
h1SMcG0022575	-
h1SMcG0022576	K
h1SMcG0022577	K
h1SMcG0022578	S
h1SMcG0022579	-
h1SMcG0022580	-
h1SMcG0022581	-
h1SMcG0022582	-
h1SMcG0022583	S
h1SMcG0022584	-
h1SMcG0022585	U
h1SMcG0022586	C
h1SMcG0022587	-
h1SMcG0022588	A
h1SMcG0022589	U
h1SMcG0022590	-
h1SMcG0022591	-
h1SMcG0022592	O
h1SMcG0022593	-
h1SMcG0022594	-
h1SMcG0022595	-
h1SMcG0022596	S
h1SMcG0022597	O
h1SMcG0022598	U
h1SMcG0022599	-
h1SMcG0022600	S
h1SMcG0022601	S
h1SMcG0022602	S
h1SMcG0022603	P
h1SMcG0022604	S
h1SMcG0022605	A
h1SMcG0022606	V
h1SMcG0022607	M
h1SMcG0022608	M
h1SMcG0022609	-
h1SMcG0022610	M
h1SMcG0022611	-
h1SMcG0022612	G
h1SMcG0022613	M
h1SMcG0022614	C
h1SMcG0022615	T
h1SMcG0022616	T
h1SMcG0022617	-
h1SMcG0022618	T
h1SMcG0022619	M
h1SMcG0022620	P
h1SMcG0022621	B
h1SMcG0022622	T
h1SMcG0022623	-
h1SMcG0022624	A
h1SMcG0022625	-
h1SMcG0022626	J
h1SMcG0022627	K
h1SMcG0022628	S
h1SMcG0022629	I
h1SMcG0022630	A
h1SMcG0022631	S
h1SMcG0022632	S
h1SMcG0022633	KLT
h1SMcG0022634	S
h1SMcG0022635	-
h1SMcG0022636	G
h1SMcG0022637	S
h1SMcG0022638	F
h1SMcG0022639	TU
h1SMcG0022640	T
h1SMcG0022641	T
h1SMcG0022642	-
h1SMcG0022643	S
h1SMcG0022644	-
h1SMcG0022645	-
h1SMcG0022646	-
h1SMcG0022647	-
h1SMcG0022648	-
h1SMcG0022649	-
h1SMcG0022650	L
h1SMcG0022651	-
h1SMcG0022652	E
h1SMcG0022653	-
h1SMcG0022654	-
h1SMcG0022655	-
h1SMcG0022656	T
h1SMcG0022657	T
h1SMcG0022658	T
h1SMcG0022659	-
h1SMcG0022660	O
h1SMcG0022661	E
h1SMcG0022662	S
h1SMcG0022663	-
h1SMcG0022664	T
h1SMcG0022665	-
h1SMcG0022666	-
h1SMcG0022667	T
h1SMcG0022668	-
h1SMcG0022669	S
h1SMcG0022670	-
h1SMcG0022671	-
h1SMcG0022672	-
h1SMcG0022673	O
h1SMcG0022674	-
h1SMcG0022675	-
h1SMcG0022676	A
h1SMcG0022677	-
h1SMcG0022678	-
h1SMcG0022679	-
h1SMcG0022680	-
h1SMcG0022681	-
h1SMcG0022682	-
h1SMcG0022683	S
h1SMcG0022684	L
h1SMcG0022685	E
h1SMcG0022686	-
h1SMcG0022687	-
h1SMcG0022688	-
h1SMcG0022689	-
h1SMcG0022690	E
h1SMcG0022691	-
h1SMcG0022692	-
h1SMcG0022693	O
h1SMcG0022694	O
h1SMcG0022695	-
h1SMcG0022696	-
h1SMcG0022697	-
h1SMcG0022698	L
h1SMcG0022699	L
h1SMcG0022700	Z
h1SMcG0022701	-
h1SMcG0022702	F
h1SMcG0022703	-
h1SMcG0022704	F
h1SMcG0022705	O
h1SMcG0022706	C
h1SMcG0022707	-
h1SMcG0022708	A
h1SMcG0022709	T
h1SMcG0022710	O
h1SMcG0022711	K
h1SMcG0022712	C
h1SMcG0022713	-
h1SMcG0022714	-
h1SMcG0022715	C
h1SMcG0022716	-
h1SMcG0022717	V
h1SMcG0022718	N
h1SMcG0022719	H
h1SMcG0022720	-
h1SMcG0022721	OT
h1SMcG0022722	O
h1SMcG0022723	K
h1SMcG0022724	Q
h1SMcG0022725	S
h1SMcG0022726	K
h1SMcG0022727	-
h1SMcG0022728	-
h1SMcG0022729	T
h1SMcG0022730	E
h1SMcG0022731	GMO
h1SMcG0022732	A
h1SMcG0022733	A
h1SMcG0022734	-
h1SMcG0022735	TU
h1SMcG0022736	-
h1SMcG0022737	-
h1SMcG0022738	-
h1SMcG0022739	-
h1SMcG0022740	O
h1SMcG0022741	O
h1SMcG0022742	L
h1SMcG0022743	L
h1SMcG0022744	L
h1SMcG0022745	L
h1SMcG0022746	L
h1SMcG0022747	L
h1SMcG0022748	L
h1SMcG0022749	L
h1SMcG0022750	L
h1SMcG0022751	-
h1SMcG0022752	-
h1SMcG0022753	-
h1SMcG0022754	-
h1SMcG0022755	OT
h1SMcG0022756	S
h1SMcG0022757	S
h1SMcG0022758	-
h1SMcG0022759	K
h1SMcG0022760	S
h1SMcG0022761	-
h1SMcG0022762	O
h1SMcG0022763	-
h1SMcG0022764	-
h1SMcG0022765	-
h1SMcG0022766	-
h1SMcG0022767	L
h1SMcG0022768	K
h1SMcG0022769	JK
h1SMcG0022770	JK
h1SMcG0022771	-
h1SMcG0022772	-
h1SMcG0022773	-
h1SMcG0022774	-
h1SMcG0022775	-
h1SMcG0022776	S
h1SMcG0022777	T
h1SMcG0022778	E
h1SMcG0022779	-
h1SMcG0022780	U
h1SMcG0022781	A
h1SMcG0022782	F
h1SMcG0022783	-
h1SMcG0022784	S
h1SMcG0022785	S
h1SMcG0022786	E
h1SMcG0022787	O
h1SMcG0022788	-
h1SMcG0022789	S
h1SMcG0022790	C
h1SMcG0022791	E
h1SMcG0022792	S
h1SMcG0022793	U
h1SMcG0022794	-
h1SMcG0022795	O
h1SMcG0022796	-
h1SMcG0022797	S
h1SMcG0022798	-
h1SMcG0022799	-
h1SMcG0022800	-
h1SMcG0022801	S
h1SMcG0022802	-
h1SMcG0022803	S
h1SMcG0022804	-
h1SMcG0022805	U
h1SMcG0022806	S
h1SMcG0022807	-
h1SMcG0022808	-
h1SMcG0022809	S
h1SMcG0022810	T
h1SMcG0022811	-
h1SMcG0022812	-
h1SMcG0022813	DO
h1SMcG0022814	-
h1SMcG0022815	-
h1SMcG0022816	S
h1SMcG0022817	O
h1SMcG0022818	T
h1SMcG0022819	-
h1SMcG0022820	-
h1SMcG0022821	-
h1SMcG0022822	S
h1SMcG0022823	S
h1SMcG0022824	-
h1SMcG0022825	-
h1SMcG0022826	O
h1SMcG0022827	A
h1SMcG0022828	F
h1SMcG0022829	-
h1SMcG0022830	-
h1SMcG0022831	-
h1SMcG0022832	K
h1SMcG0022833	S
h1SMcG0022834	BT
h1SMcG0022835	-
h1SMcG0022836	-
h1SMcG0022837	U
h1SMcG0022838	-
h1SMcG0022839	-
h1SMcG0022840	-
h1SMcG0022841	S
h1SMcG0022842	S
h1SMcG0022843	-
h1SMcG0022844	-
h1SMcG0022845	-
h1SMcG0022846	-
h1SMcG0022847	-
h1SMcG0022848	-
h1SMcG0022849	K
h1SMcG0022850	L
h1SMcG0022851	-
h1SMcG0022852	O
h1SMcG0022853	-
h1SMcG0022854	-
h1SMcG0022855	-
h1SMcG0022856	S
h1SMcG0022857	-
h1SMcG0022858	-
h1SMcG0022859	A
h1SMcG0022860	Z
h1SMcG0022861	T
h1SMcG0022862	-
h1SMcG0022863	S
h1SMcG0022864	-
h1SMcG0022865	-
h1SMcG0022866	-
h1SMcG0022867	G
h1SMcG0022868	Q
h1SMcG0022869	Q
h1SMcG0022870	S
h1SMcG0022871	P
h1SMcG0022872	S
h1SMcG0022873	O
h1SMcG0022874	DTZ
h1SMcG0022875	S
h1SMcG0022876	-
h1SMcG0022877	Z
h1SMcG0022878	K
h1SMcG0022879	-
h1SMcG0022880	-
h1SMcG0022881	-
h1SMcG0022882	O
h1SMcG0022883	S
h1SMcG0022884	I
h1SMcG0022885	S
h1SMcG0022886	-
h1SMcG0022887	Z
h1SMcG0022888	O
h1SMcG0022889	-
h1SMcG0022890	L
h1SMcG0022891	-
h1SMcG0022892	K
h1SMcG0022893	S
h1SMcG0022894	V
h1SMcG0022895	E
h1SMcG0022896	T
h1SMcG0022897	D
h1SMcG0022898	-
h1SMcG0022899	-
h1SMcG0022900	E
h1SMcG0022901	U
h1SMcG0022902	TU
h1SMcG0022903	P
h1SMcG0022904	-
h1SMcG0022905	-
h1SMcG0022906	-
h1SMcG0022907	K
h1SMcG0022908	A
h1SMcG0022909	-
h1SMcG0022910	-
h1SMcG0022911	S
h1SMcG0022912	-
h1SMcG0022913	O
h1SMcG0022914	-
h1SMcG0022915	-
h1SMcG0022916	S
h1SMcG0022917	-
h1SMcG0022918	K
h1SMcG0022919	S
h1SMcG0022920	O
h1SMcG0022921	DZ
h1SMcG0022922	Z
h1SMcG0022923	-
h1SMcG0022924	PT
h1SMcG0022925	TZ
h1SMcG0022926	L
h1SMcG0022927	L
h1SMcG0022928	L
h1SMcG0022929	L
h1SMcG0022930	L
h1SMcG0022931	T
h1SMcG0022932	U
h1SMcG0022933	T
h1SMcG0022934	-
h1SMcG0022935	-
h1SMcG0022936	T
h1SMcG0022937	-
h1SMcG0022938	-
h1SMcG0022939	-
h1SMcG0022940	O
h1SMcG0022941	S
h1SMcG0022942	I
h1SMcG0022943	-
h1SMcG0022944	-
h1SMcG0022945	O
h1SMcG0022946	J
h1SMcG0022947	S
h1SMcG0022948	J
h1SMcG0022949	S
h1SMcG0022950	S
h1SMcG0022951	-
h1SMcG0022952	P
h1SMcG0022953	S
h1SMcG0022954	-
h1SMcG0022955	-
h1SMcG0022956	-
h1SMcG0022957	-
h1SMcG0022958	-
h1SMcG0022959	-
h1SMcG0022960	S
h1SMcG0022961	Z
h1SMcG0022962	L
h1SMcG0022963	-
h1SMcG0022964	O
h1SMcG0022965	-
h1SMcG0022969	S
h1SMcG0022970	T
h1SMcG0022971	H
h1SMcG0022973	-
h1SMcG0022974	-
h1SMcG0022975	-
h1SMcG0022976	-
h1SMcG0022977	K
h1SMcG0022978	-
h1SMcG0022979	U
h1SMcG0022980	-
h1SMcG0022981	-
h1SMcG0022982	-
h1SMcG0022983	D
h1SMcG0022984	S
h1SMcG0022985	-
h1SMcG0022986	TV
h1SMcG0022987	Z
h1SMcG0022988	S
h1SMcG0022989	-
h1SMcG0022990	-
h1SMcG0022991	M
h1SMcG0022992	O
h1SMcG0022993	A
h1SMcG0022994	E
h1SMcG0022995	S
h1SMcG0022996	O
h1SMcG0022997	-
h1SMcG0022998	S
h1SMcG0023003	A
h1SMcG0023004	-
h1SMcG0023005	K
h1SMcG0023008	T
h1SMcG0023009	T
h1SMcG0023010	S
h1SMcG0023011	A
h1SMcG0023012	-
h1SMcG0023013	A
h1SMcG0023014	-
h1SMcG0023015	T
h1SMcG0023016	L
h1SMcG0023017	-
h1SMcG0023018	S
h1SMcG0023019	F
h1SMcG0023020	-
h1SMcG0023023	Z
h1SMcG0023024	T
h1SMcG0023025	T
h1SMcG0023026	-
h1SMcG0023027	-
h1SMcG0023028	Z
h1SMcG0023029	T
h1SMcG0023030	-
h1SMcG0023031	C
h1SMcG0023032	C
h1SMcG0023033	K
h1SMcG0023034	-
h1SMcG0023035	P
h1SMcG0023036	T
h1SMcG0023037	Q
h1SMcG0023038	AL
h1SMcG0023039	-
h1SMcG0023040	J
h1SMcG0023041	A
h1SMcG0023042	E
h1SMcG0023043	T
h1SMcG0023044	-
h1SMcG0023045	-
h1SMcG0023046	T
h1SMcG0023047	T
h1SMcG0023048	-
h1SMcG0023049	-
h1SMcG0023050	-
h1SMcG0023051	S
h1SMcG0023052	K
h1SMcG0023053	Q
h1SMcG0023054	-
h1SMcG0023055	-
h1SMcG0023056	-
h1SMcG0023057	P
h1SMcG0023058	F
h1SMcG0023059	O
h1SMcG0023060	-
h1SMcG0023061	T
h1SMcG0023062	K
h1SMcG0023063	PT
h1SMcG0023064	P
h1SMcG0023065	S
h1SMcG0023066	S
h1SMcG0023067	-
h1SMcG0023068	-
h1SMcG0023069	-
h1SMcG0023070	S
h1SMcG0023071	-
h1SMcG0023072	T
h1SMcG0023073	-
h1SMcG0023074	L
h1SMcG0023075	-
h1SMcG0023076	-
h1SMcG0023077	-
h1SMcG0023078	-
h1SMcG0023079	-
h1SMcG0023080	TU
h1SMcG0023081	-
h1SMcG0023082	-
h1SMcG0023083	-
h1SMcG0023084	E
h1SMcG0023085	E
h1SMcG0023086	-
h1SMcG0023087	O
h1SMcG0023088	L
h1SMcG0023089	-
h1SMcG0023090	-
h1SMcG0023091	-
h1SMcG0023092	-
h1SMcG0023093	U
h1SMcG0023094	-
h1SMcG0023095	U
h1SMcG0023096	-
h1SMcG0023097	-
h1SMcG0023098	Y
h1SMcG0023099	L
h1SMcG0023100	-
h1SMcG0023101	-
h1SMcG0023102	-
h1SMcG0023103	L
h1SMcG0023104	-
h1SMcG0023105	-
h1SMcG0023106	-
h1SMcG0023107	E
h1SMcG0023108	-
h1SMcG0023109	L
h1SMcG0023110	-
h1SMcG0023111	S
h1SMcG0023112	A
h1SMcG0023113	S
h1SMcG0023114	E
h1SMcG0023115	-
h1SMcG0023116	-
h1SMcG0023117	E
h1SMcG0023118	P
h1SMcG0023119	-
h1SMcG0023120	Z
h1SMcG0023121	E
h1SMcG0023122	O
h1SMcG0023123	S
h1SMcG0023124	S
h1SMcG0023125	-
h1SMcG0023126	P
h1SMcG0023127	O
h1SMcG0023128	K
h1SMcG0023129	K
h1SMcG0023130	C
h1SMcG0023131	-
h1SMcG0023132	I
h1SMcG0023133	J
h1SMcG0023142	C
h1SMcG0023143	C
h1SMcG0023144	-
h1SMcG0023145	C
h1SMnG0000001	-
h1SMnG0000002	-
h1SMnG0000003	-
h1SMnG0000004	-
h1SMnG0000005	-
h1SMnG0000006	-
h1SMnG0000007	-
h1SMnG0000008	-
h1SMnG0000009	-
h1SMnG0000010	-
h1SMnG0000011	-
h1SMnG0000012	-
h1SMnG0000013	-
h1SMnG0000014	-
h1SMnG0000015	-
h1SMnG0000016	-
h1SMnG0000017	-
h1SMnG0000018	-
h1SMnG0000019	-
h1SMnG0000020	-
h1SMnG0000021	-
h1SMnG0000022	-
h1SMnG0000023	-
h1SMnG0000024	-
h1SMnG0000025	-
h1SMnG0000026	-
h1SMnG0000027	-
h1SMnG0000028	-
h1SMnG0000029	T
h1SMnG0000030	-
h1SMnG0000031	-
h1SMnG0000032	-
h1SMnG0000033	-
h1SMnG0000034	-
h1SMnG0000035	-
h1SMnG0000036	-
h1SMnG0000037	-
h1SMnG0000038	-
h1SMnG0000039	-
h1SMnG0000040	-
h1SMnG0000041	-
h1SMnG0000042	-
h1SMnG0000043	-
h1SMnG0000044	-
h1SMnG0000045	-
h1SMnG0000046	-
h1SMnG0000047	-
h1SMnG0000048	-
h1SMnG0000049	-
h1SMnG0000050	-
h1SMnG0000051	-
h1SMnG0000052	-
h1SMnG0000053	-
h1SMnG0000054	-
h1SMnG0000055	-
h1SMnG0000056	-
h1SMnG0000057	-
h1SMnG0000058	-
h1SMnG0000059	-
h1SMnG0000060	-
h1SMnG0000061	-
h1SMnG0000062	-
h1SMnG0000063	-
h1SMnG0000064	-
h1SMnG0000065	-
h1SMnG0000066	-
h1SMnG0000067	-
h1SMnG0000068	-
h1SMnG0000069	-
h1SMnG0000070	-
h1SMnG0000071	-
h1SMnG0000072	-
h1SMnG0000073	-
h1SMnG0000074	-
h1SMnG0000075	-
h1SMnG0000076	-
h1SMnG0000077	-
h1SMnG0000078	-
h1SMnG0000079	-
h1SMnG0000080	-
h1SMnG0000081	-
h1SMnG0000082	F
h1SMnG0000083	-
h1SMnG0000084	-
h1SMnG0000085	-
h1SMnG0000086	-
h1SMnG0000087	-
h1SMnG0000088	-
h1SMnG0000089	-
h1SMnG0000090	-
h1SMnG0000091	-
h1SMnG0000092	-
h1SMnG0000093	-
h1SMnG0000094	-
h1SMnG0000095	-
h1SMnG0000096	-
h1SMnG0000097	-
h1SMnG0000098	-
h1SMnG0000099	-
h1SMnG0000100	-
h1SMnG0000101	-
h1SMnG0000102	-
h1SMnG0000103	-
h1SMnG0000104	-
h1SMnG0000105	-
h1SMnG0000106	-
h1SMnG0000107	-
h1SMnG0000108	-
h1SMnG0000109	-
h1SMnG0000110	-
h1SMnG0000111	-
h1SMnG0000112	-
h1SMnG0000113	-
h1SMnG0000114	-
h1SMnG0000115	-
h1SMnG0000116	-
h1SMnG0000117	-
h1SMnG0000118	-
h1SMnG0000119	-
h1SMnG0000120	-
h1SMnG0000121	-
h1SMnG0000122	-
h1SMnG0000123	-
h1SMnG0000124	-
h1SMnG0000125	-
h1SMnG0000126	-
h1SMnG0000127	-
h1SMnG0000128	-
h1SMnG0000129	-
h1SMnG0000130	-
h1SMnG0000131	-
h1SMnG0000132	-
h1SMnG0000133	-
h1SMnG0000134	-
h1SMnG0000135	-
h1SMnG0000136	-
h1SMnG0000137	-
h1SMnG0000138	-
h1SMnG0000139	-
h1SMnG0000140	-
h1SMnG0000141	-
h1SMnG0000142	-
h1SMnG0000143	-
h1SMnG0000144	-
h1SMnG0000145	-
h1SMnG0000146	-
h1SMnG0000147	-
h1SMnG0000148	-
h1SMnG0000149	-
h1SMnG0000150	-
h1SMnG0000151	-
h1SMnG0000152	A
h1SMnG0000153	-
h1SMnG0000154	-
h1SMnG0000155	-
h1SMnG0000156	-
h1SMnG0000157	-
h1SMnG0000158	-
h1SMnG0000159	-
h1SMnG0000160	-
h1SMnG0000161	-
h1SMnG0000162	-
h1SMnG0000163	-
h1SMnG0000164	-
h1SMnG0000165	-
h1SMnG0000166	-
h1SMnG0000167	-
h1SMnG0000168	-
h1SMnG0000169	-
h1SMnG0000170	-
h1SMnG0000171	-
h1SMnG0000172	-
h1SMnG0000173	-
h1SMnG0000174	-
h1SMnG0000175	-
h1SMnG0000176	-
h1SMnG0000177	-
h1SMnG0000178	-
h1SMnG0000179	-
h1SMnG0000180	-
h1SMnG0000181	-
h1SMnG0000182	-
h1SMnG0000183	O
h1SMnG0000184	-
h1SMnG0000185	-
h1SMnG0000186	-
h1SMnG0000187	L
h1SMnG0000188	S
h1SMnG0000189	-
h1SMnG0000190	-
h1SMnG0000191	-
h1SMnG0000192	-
h1SMnG0000193	-
h1SMnG0000194	-
h1SMnG0000195	-
h1SMnG0000196	-
h1SMnG0000197	S
h1SMnG0000198	-
h1SMnG0000199	-
h1SMnG0000200	-
h1SMnG0000201	-
h1SMnG0000202	-
h1SMnG0000203	-
h1SMnG0000204	-
h1SMnG0000205	-
h1SMnG0000206	ADK
h1SMnG0000207	-
h1SMnG0000208	-
h1SMnG0000209	-
h1SMnG0000210	-
h1SMnG0000211	-
h1SMnG0000212	-
h1SMnG0000213	-
h1SMnG0000214	-
h1SMnG0000215	-
h1SMnG0000216	-
h1SMnG0000217	-
h1SMnG0000218	-
h1SMnG0000219	-
h1SMnG0000220	-
h1SMnG0000221	-
h1SMnG0000222	-
h1SMnG0000223	-
h1SMnG0000224	-
h1SMnG0000225	-
h1SMnG0000226	-
h1SMnG0000227	-
h1SMnG0000228	-
h1SMnG0000229	-
h1SMnG0000230	-
h1SMnG0000231	-
h1SMnG0000232	-
h1SMnG0000233	-
h1SMnG0000234	S
h1SMnG0000235	-
h1SMnG0000236	-
h1SMnG0000237	-
h1SMnG0000238	-
h1SMnG0000239	-
h1SMnG0000240	-
h1SMnG0000241	-
h1SMnG0000242	-
h1SMnG0000243	-
h1SMnG0000244	-
h1SMnG0000245	-
h1SMnG0000246	-
h1SMnG0000247	-
h1SMnG0000248	-
h1SMnG0000249	-
h1SMnG0000250	-
h1SMnG0000251	-
h1SMnG0000252	-
h1SMnG0000253	-
h1SMnG0000254	-
h1SMnG0000255	-
h1SMnG0000256	-
h1SMnG0000257	-
h1SMnG0000258	-
h1SMnG0000259	-
h1SMnG0000260	-
h1SMnG0000261	-
h1SMnG0000262	-
h1SMnG0000263	-
h1SMnG0000264	-
h1SMnG0000265	-
h1SMnG0000266	-
h1SMnG0000267	-
h1SMnG0000268	-
h1SMnG0000269	-
h1SMnG0000270	-
h1SMnG0000271	-
h1SMnG0000272	-
h1SMnG0000273	-
h1SMnG0000274	-
h1SMnG0000275	-
h1SMnG0000276	-
h1SMnG0000277	-
h1SMnG0000278	-
h1SMnG0000279	-
h1SMnG0000280	-
h1SMnG0000281	-
h1SMnG0000282	-
h1SMnG0000283	-
h1SMnG0000284	-
h1SMnG0000285	-
h1SMnG0000286	-
h1SMnG0000287	-
h1SMnG0000288	S
h1SMnG0000289	-
h1SMnG0000290	-
h1SMnG0000291	-
h1SMnG0000292	-
h1SMnG0000293	-
h1SMnG0000294	-
h1SMnG0000295	-
h1SMnG0000296	U
h1SMnG0000297	-
h1SMnG0000298	-
h1SMnG0000299	-
h1SMnG0000300	-
h1SMnG0000301	-
h1SMnG0000302	-
h1SMnG0000303	-
h1SMnG0000304	I
h1SMnG0000305	-
h1SMnG0000306	-
h1SMnG0000307	-
h1SMnG0000308	-
h1SMnG0000309	-
h1SMnG0000310	-
h1SMnG0000311	Z
h1SMnG0000312	-
h1SMnG0000313	-
h1SMnG0000314	DO
h1SMnG0000315	-
h1SMnG0000316	-
h1SMnG0000317	-
h1SMnG0000318	-
h1SMnG0000319	-
h1SMnG0000320	S
h1SMnG0000321	-
h1SMnG0000322	-
h1SMnG0000323	-
h1SMnG0000324	-
h1SMnG0000325	-
h1SMnG0000326	-
h1SMnG0000327	-
h1SMnG0000328	-
h1SMnG0000329	-
h1SMnG0000330	-
h1SMnG0000331	-
h1SMnG0000332	-
h1SMnG0000333	-
h1SMnG0000334	-
h1SMnG0000335	-
h1SMnG0000336	-
h1SMnG0000337	-
h1SMnG0000338	-
h1SMnG0000339	-
h1SMnG0000340	-
h1SMnG0000341	-
h1SMnG0000342	-
h1SMnG0000343	-
h1SMnG0000344	-
h1SMnG0000345	S
h1SMnG0000346	-
h1SMnG0000347	-
h1SMnG0000348	-
h1SMnG0000349	-
h1SMnG0000350	-
h1SMnG0000351	-
h1SMnG0000352	-
h1SMnG0000353	-
h1SMnG0000354	-
h1SMnG0000355	-
h1SMnG0000356	-
h1SMnG0000357	-
h1SMnG0000358	-
h1SMnG0000359	-
h1SMnG0000360	-
h1SMnG0000361	-
h1SMnG0000362	-
h1SMnG0000363	-
h1SMnG0000364	T
h1SMnG0000365	-
h1SMnG0000366	-
h1SMnG0000367	-
h1SMnG0000368	-
h1SMnG0000369	-
h1SMnG0000370	-
h1SMnG0000371	-
h1SMnG0000372	-
h1SMnG0000373	-
h1SMnG0000374	-
h1SMnG0000375	-
h1SMnG0000376	-
h1SMnG0000377	-
h1SMnG0000378	-
h1SMnG0000379	-
h1SMnG0000380	-
h1SMnG0000381	-
h1SMnG0000382	-
h1SMnG0000383	-
h1SMnG0000384	-
h1SMnG0000385	-
h1SMnG0000386	-
h1SMnG0000387	-
h1SMnG0000388	-
h1SMnG0000389	-
h1SMnG0000390	-
h1SMnG0000391	-
h1SMnG0000392	-
h1SMnG0000393	-
h1SMnG0000394	-
h1SMnG0000395	-
h1SMnG0000396	-
h1SMnG0000397	-
h1SMnG0000398	-
h1SMnG0000399	-
h1SMnG0000400	-
h1SMnG0000401	-
h1SMnG0000402	-
h1SMnG0000403	-
h1SMnG0000404	-
h1SMnG0000405	-
h1SMnG0000406	-
h1SMnG0000407	-
h1SMnG0000408	-
h1SMnG0000409	-
h1SMnG0000410	-
h1SMnG0000411	-
h1SMnG0000412	-
h1SMnG0000413	-
h1SMnG0000414	-
h1SMnG0000415	-
h1SMnG0000416	-
h1SMnG0000417	-
h1SMnG0000418	-
h1SMnG0000419	-
h1SMnG0000420	-
h1SMnG0000421	-
h1SMnG0000422	-
h1SMnG0000423	-
h1SMnG0000424	-
h1SMnG0000425	-
h1SMnG0000426	-
h1SMnG0000427	-
h1SMnG0000428	-
h1SMnG0000429	-
h1SMnG0000430	-
h1SMnG0000431	-
h1SMnG0000432	-
h1SMnG0000433	-
h1SMnG0000434	-
h1SMnG0000435	-
h1SMnG0000436	-
h1SMnG0000437	-
h1SMnG0000438	-
h1SMnG0000439	-
h1SMnG0000440	-
h1SMnG0000441	-
h1SMnG0000442	-
h1SMnG0000443	-
h1SMnG0000444	-
h1SMnG0000445	-
h1SMnG0000446	-
h1SMnG0000447	-
h1SMnG0000448	-
h1SMnG0000449	-
h1SMnG0000450	-
h1SMnG0000451	-
h1SMnG0000452	-
h1SMnG0000453	-
h1SMnG0000454	-
h1SMnG0000455	-
h1SMnG0000456	-
h1SMnG0000457	-
h1SMnG0000458	-
h1SMnG0000459	-
h1SMnG0000460	-
h1SMnG0000461	-
h1SMnG0000462	-
h1SMnG0000463	-
h1SMnG0000464	-
h1SMnG0000465	T
h1SMnG0000466	-
h1SMnG0000467	-
h1SMnG0000468	-
h1SMnG0000469	Z
h1SMnG0000470	-
h1SMnG0000471	-
h1SMnG0000472	-
h1SMnG0000473	-
h1SMnG0000474	-
h1SMnG0000475	-
h1SMnG0000476	-
h1SMnG0000477	-
h1SMnG0000478	-
h1SMnG0000479	-
h1SMnG0000480	-
h1SMnG0000481	-
h1SMnG0000482	-
h1SMnG0000483	-
h1SMnG0000484	-
h1SMnG0000485	-
h1SMnG0000486	-
h1SMnG0000487	-
h1SMnG0000488	-
h1SMnG0000489	-
h1SMnG0000490	-
h1SMnG0000491	-
h1SMnG0000492	-
h1SMnG0000493	-
h1SMnG0000494	-
h1SMnG0000495	-
h1SMnG0000496	-
h1SMnG0000497	-
h1SMnG0000498	-
h1SMnG0000499	-
h1SMnG0000500	-
h1SMnG0000501	-
h1SMnG0000502	-
h1SMnG0000503	-
h1SMnG0000504	-
h1SMnG0000505	H
h1SMnG0000506	-
h1SMnG0000507	-
h1SMnG0000508	-
h1SMnG0000509	-
h1SMnG0000510	-
h1SMnG0000511	-
h1SMnG0000512	-
h1SMnG0000513	-
h1SMnG0000514	-
h1SMnG0000515	-
h1SMnG0000516	-
h1SMnG0000517	-
h1SMnG0000518	-
h1SMnG0000519	-
h1SMnG0000520	-
h1SMnG0000521	-
h1SMnG0000522	-
h1SMnG0000523	-
h1SMnG0000524	-
h1SMnG0000525	-
h1SMnG0000526	-
h1SMnG0000527	-
h1SMnG0000528	-
h1SMnG0000529	-
h1SMnG0000530	-
h1SMnG0000531	-
h1SMnG0000532	-
h1SMnG0000533	-
h1SMnG0000534	-
h1SMnG0000535	-
h1SMnG0000536	-
h1SMnG0000537	-
h1SMnG0000538	-
h1SMnG0000539	-
h1SMnG0000540	-
h1SMnG0000541	-
h1SMnG0000542	-
h1SMnG0000543	-
h1SMnG0000544	-
h1SMnG0000545	-
h1SMnG0000546	-
h1SMnG0000547	-
h1SMnG0000548	-
h1SMnG0000549	LO
h1SMnG0000550	-
h1SMnG0000551	-
h1SMnG0000552	-
h1SMnG0000553	-
h1SMnG0000554	K
h1SMnG0000555	-
h1SMnG0000556	-
h1SMnG0000557	-
h1SMnG0000558	-
h1SMnG0000559	-
h1SMnG0000560	-
h1SMnG0000561	-
h1SMnG0000562	-
h1SMnG0000563	-
h1SMnG0000564	-
h1SMnG0000565	-
h1SMnG0000566	O
h1SMnG0000567	-
h1SMnG0000568	-
h1SMnG0000569	-
h1SMnG0000570	-
h1SMnG0000571	-
h1SMnG0000572	B
h1SMnG0000573	-
h1SMnG0000574	B
h1SMnG0000575	-
h1SMnG0000576	-
h1SMnG0000577	-
h1SMnG0000578	-
h1SMnG0000579	-
h1SMnG0000580	-
h1SMnG0000581	-
h1SMnG0000582	-
h1SMnG0000583	-
h1SMnG0000584	-
h1SMnG0000585	-
h1SMnG0000586	-
h1SMnG0000587	-
h1SMnG0000588	-
h1SMnG0000589	-
h1SMnG0000590	-
h1SMnG0000591	-
h1SMnG0000592	-
h1SMnG0000593	-
h1SMnG0000594	-
h1SMnG0000595	-
h1SMnG0000596	-
h1SMnG0000597	-
h1SMnG0000598	-
h1SMnG0000599	-
h1SMnG0000600	-
h1SMnG0000601	-
h1SMnG0000602	S
h1SMnG0000603	-
h1SMnG0000604	-
h1SMnG0000605	-
h1SMnG0000606	-
h1SMnG0000607	-
h1SMnG0000608	-
h1SMnG0000609	-
h1SMnG0000610	-
h1SMnG0000611	-
h1SMnG0000612	-
h1SMnG0000613	-
h1SMnG0000614	-
h1SMnG0000615	P
h1SMnG0000616	-
h1SMnG0000617	-
h1SMnG0000618	-
h1SMnG0000619	-
h1SMnG0000620	-
h1SMnG0000621	-
h1SMnG0000622	-
h1SMnG0000623	-
h1SMnG0000624	-
h1SMnG0000625	-
h1SMnG0000626	-
h1SMnG0000627	-
h1SMnG0000628	-
h1SMnG0000629	-
h1SMnG0000630	-
h1SMnG0000631	-
h1SMnG0000632	-
h1SMnG0000633	-
h1SMnG0000634	-
h1SMnG0000635	-
h1SMnG0000636	-
h1SMnG0000637	-
h1SMnG0000638	-
h1SMnG0000639	-
h1SMnG0000640	-
h1SMnG0000641	-
h1SMnG0000642	-
h1SMnG0000643	-
h1SMnG0000644	-
h1SMnG0000645	-
h1SMnG0000646	-
h1SMnG0000647	-
h1SMnG0000648	-
h1SMnG0000649	-
h1SMnG0000650	-
h1SMnG0000651	-
h1SMnG0000652	-
h1SMnG0000653	-
h1SMnG0000654	-
h1SMnG0000655	S
h1SMnG0000656	-
h1SMnG0000657	-
h1SMnG0000658	-
h1SMnG0000659	-
h1SMnG0000660	-
h1SMnG0000661	S
h1SMnG0000662	-
h1SMnG0000663	-
h1SMnG0000664	-
h1SMnG0000665	-
h1SMnG0000666	-
h1SMnG0000667	-
h1SMnG0000668	-
h1SMnG0000669	-
h1SMnG0000670	-
h1SMnG0000671	-
h1SMnG0000672	-
h1SMnG0000673	-
h1SMnG0000674	-
h1SMnG0000675	-
h1SMnG0000676	-
h1SMnG0000677	-
h1SMnG0000678	-
h1SMnG0000679	-
h1SMnG0000680	-
h1SMnG0000681	-
h1SMnG0000682	-
h1SMnG0000683	-
h1SMnG0000684	-
h1SMnG0000685	-
h1SMnG0000686	-
h1SMnG0000687	-
h1SMnG0000688	-
h1SMnG0000689	-
h1SMnG0000690	-
h1SMnG0000691	-
h1SMnG0000692	-
h1SMnG0000693	-
h1SMnG0000694	-
h1SMnG0000695	S
h1SMnG0000696	-
h1SMnG0000697	-
h1SMnG0000698	-
h1SMnG0000699	-
h1SMnG0000700	-
h1SMnG0000701	-
h1SMnG0000702	-
h1SMnG0000703	-
h1SMnG0000704	-
h1SMnG0000705	-
h1SMnG0000706	-
h1SMnG0000707	-
h1SMnG0000708	-
h1SMnG0000709	-
h1SMnG0000710	-
h1SMnG0000711	-
h1SMnG0000712	-
h1SMnG0000713	-
h1SMnG0000714	-
h1SMnG0000715	-
h1SMnG0000716	-
h1SMnG0000717	-
h1SMnG0000718	-
h1SMnG0000719	-
h1SMnG0000720	-
h1SMnG0000721	-
h1SMnG0000722	-
h1SMnG0000723	-
h1SMnG0000724	-
h1SMnG0000725	-
h1SMnG0000726	-
h1SMnG0000727	-
h1SMnG0000728	-
h1SMnG0000729	-
h1SMnG0000730	-
h1SMnG0000731	-
h1SMnG0000732	-
h1SMnG0000733	-
h1SMnG0000734	-
h1SMnG0000735	-
h1SMnG0000736	-
h1SMnG0000737	-
h1SMnG0000738	T
h1SMnG0000739	-
h1SMnG0000740	-
h1SMnG0000741	L
h1SMnG0000742	-
h1SMnG0000743	-
h1SMnG0000744	K
h1SMnG0000745	-
h1SMnG0000746	-
h1SMnG0000747	-
h1SMnG0000748	-
h1SMnG0000749	-
h1SMnG0000750	-
h1SMnG0000751	-
h1SMnG0000752	-
h1SMnG0000753	-
h1SMnG0000754	-
h1SMnG0000755	-
h1SMnG0000756	-
h1SMnG0000757	-
h1SMnG0000758	-
h1SMnG0000759	-
h1SMnG0000760	-
h1SMnG0000761	-
h1SMnG0000762	-
h1SMnG0000763	-
h1SMnG0000764	-
h1SMnG0000765	-
h1SMnG0000766	-
h1SMnG0000767	-
h1SMnG0000768	-
h1SMnG0000769	-
h1SMnG0000770	-
h1SMnG0000771	-
h1SMnG0000772	T
h1SMnG0000773	-
h1SMnG0000774	-
h1SMnG0000775	-
h1SMnG0000776	-
h1SMnG0000777	-
h1SMnG0000778	-
h1SMnG0000779	-
h1SMnG0000780	-
h1SMnG0000781	-
h1SMnG0000782	-
h1SMnG0000783	-
h1SMnG0000784	-
h1SMnG0000785	-
h1SMnG0000786	-
h1SMnG0000787	-
h1SMnG0000788	-
h1SMnG0000789	-
h1SMnG0000790	-
h1SMnG0000791	-
h1SMnG0000792	-
h1SMnG0000793	-
h1SMnG0000794	-
h1SMnG0000795	-
h1SMnG0000796	-
h1SMnG0000797	-
h1SMnG0000798	-
h1SMnG0000799	-
h1SMnG0000800	-
h1SMnG0000801	-
h1SMnG0000802	-
h1SMnG0000803	-
h1SMnG0000804	-
h1SMnG0000805	K
h1SMnG0000806	-
h1SMnG0000807	-
h1SMnG0000808	-
h1SMnG0000809	-
h1SMnG0000810	-
h1SMnG0000811	-
h1SMnG0000812	-
h1SMnG0000813	-
h1SMnG0000814	-
h1SMnG0000815	-
h1SMnG0000816	-
h1SMnG0000817	-
h1SMnG0000818	-
h1SMnG0000819	-
h1SMnG0000820	-
h1SMnG0000821	-
h1SMnG0000822	-
h1SMnG0000823	-
h1SMnG0000824	-
h1SMnG0000825	-
h1SMnG0000826	-
h1SMnG0000827	-
h1SMnG0000828	-
h1SMnG0000829	-
h1SMnG0000830	-
h1SMnG0000831	-
h1SMnG0000832	-
h1SMnG0000833	-
h1SMnG0000834	-
h1SMnG0000835	-
h1SMnG0000836	-
h1SMnG0000837	-
h1SMnG0000838	-
h1SMnG0000839	-
h1SMnG0000840	-
h1SMnG0000841	A
h1SMnG0000842	-
h1SMnG0000843	-
h1SMnG0000844	-
h1SMnG0000845	-
h1SMnG0000846	-
h1SMnG0000847	-
h1SMnG0000848	-
h1SMnG0000849	-
h1SMnG0000850	-
h1SMnG0000851	-
h1SMnG0000852	-
h1SMnG0000853	-
h1SMnG0000854	-
h1SMnG0000855	-
h1SMnG0000856	-
h1SMnG0000857	-
h1SMnG0000858	-
h1SMnG0000859	-
h1SMnG0000860	-
h1SMnG0000861	O
h1SMnG0000862	-
h1SMnG0000863	-
h1SMnG0000864	-
h1SMnG0000865	-
h1SMnG0000866	-
h1SMnG0000867	O
h1SMnG0000868	-
h1SMnG0000869	-
h1SMnG0000870	-
h1SMnG0000871	-
h1SMnG0000872	-
h1SMnG0000873	-
h1SMnG0000874	-
h1SMnG0000875	-
h1SMnG0000876	-
h1SMnG0000877	-
h1SMnG0000878	-
h1SMnG0000879	-
h1SMnG0000880	-
h1SMnG0000881	-
h1SMnG0000882	-
h1SMnG0000883	-
h1SMnG0000884	-
h1SMnG0000885	-
h1SMnG0000886	-
h1SMnG0000887	-
h1SMnG0000888	-
h1SMnG0000889	-
h1SMnG0000890	-
h1SMnG0000891	-
h1SMnG0000892	-
h1SMnG0000893	-
h1SMnG0000894	-
h1SMnG0000895	-
h1SMnG0000896	-
h1SMnG0000897	-
h1SMnG0000898	-
h1SMnG0000899	-
h1SMnG0000900	-
h1SMnG0000901	-
h1SMnG0000902	-
h1SMnG0000903	-
h1SMnG0000904	-
h1SMnG0000905	-
h1SMnG0000906	-
h1SMnG0000907	-
h1SMnG0000908	-
h1SMnG0000909	-
h1SMnG0000910	-
h1SMnG0000911	-
h1SMnG0000912	-
h1SMnG0000913	-
h1SMnG0000914	-
h1SMnG0000915	-
h1SMnG0000916	-
h1SMnG0000917	-
h1SMnG0000918	-
h1SMnG0000919	-
h1SMnG0000920	-
h1SMnG0000921	-
h1SMnG0000922	-
h1SMnG0000923	-
h1SMnG0000924	-
h1SMnG0000925	-
h1SMnG0000926	-
h1SMnG0000927	-
h1SMnG0000928	-
h1SMnG0000929	-
h1SMnG0000930	O
h1SMnG0000931	-
h1SMnG0000932	-
h1SMnG0000933	-
h1SMnG0000934	-
h1SMnG0000935	-
h1SMnG0000936	-
h1SMnG0000937	-
h1SMnG0000938	-
h1SMnG0000939	-
h1SMnG0000940	-
h1SMnG0000941	-
h1SMnG0000942	-
h1SMnG0000943	BD
h1SMnG0000944	-
h1SMnG0000945	-
h1SMnG0000946	-
h1SMnG0000947	-
h1SMnG0000948	-
h1SMnG0000949	-
h1SMnG0000950	-
h1SMnG0000951	-
h1SMnG0000952	-
h1SMnG0000953	-
h1SMnG0000954	-
h1SMnG0000955	-
h1SMnG0000956	-
h1SMnG0000957	-
h1SMnG0000958	-
h1SMnG0000959	-
h1SMnG0000960	-
h1SMnG0000961	-
h1SMnG0000962	-
h1SMnG0000963	-
h1SMnG0000964	-
h1SMnG0000965	-
h1SMnG0000966	-
h1SMnG0000967	-
h1SMnG0000968	-
h1SMnG0000969	-
h1SMnG0000970	-
h1SMnG0000971	-
h1SMnG0000972	-
h1SMnG0000973	-
h1SMnG0000974	-
h1SMnG0000975	-
h1SMnG0000976	-
h1SMnG0000977	-
h1SMnG0000978	-
h1SMnG0000979	-
h1SMnG0000980	-
h1SMnG0000981	-
h1SMnG0000982	-
h1SMnG0000983	-
h1SMnG0000984	-
h1SMnG0000985	-
h1SMnG0000986	-
h1SMnG0000987	-
h1SMnG0000988	-
h1SMnG0000989	-
h1SMnG0000990	-
h1SMnG0000991	-
h1SMnG0000992	-
h1SMnG0000993	-
h1SMnG0000994	-
h1SMnG0000995	-
h1SMnG0000996	-
h1SMnG0000997	-
h1SMnG0000998	-
h1SMnG0000999	-
h1SMnG0001000	-
h1SMnG0001001	-
h1SMnG0001002	-
h1SMnG0001003	-
h1SMnG0001004	-
h1SMnG0001005	-
h1SMnG0001006	-
h1SMnG0001007	-
h1SMnG0001008	-
h1SMnG0001009	-
h1SMnG0001010	-
h1SMnG0001011	-
h1SMnG0001012	-
h1SMnG0001013	-
h1SMnG0001014	-
h1SMnG0001015	-
h1SMnG0001016	-
h1SMnG0001017	-
h1SMnG0001018	-
h1SMnG0001019	-
h1SMnG0001020	-
h1SMnG0001021	-
h1SMnG0001022	-
h1SMnG0001023	-
h1SMnG0001024	-
h1SMnG0001025	-
h1SMnG0001026	S
h1SMnG0001027	-
h1SMnG0001028	-
h1SMnG0001029	-
h1SMnG0001030	-
h1SMnG0001031	-
h1SMnG0001032	-
h1SMnG0001033	-
h1SMnG0001034	-
h1SMnG0001035	-
h1SMnG0001036	-
h1SMnG0001037	-
h1SMnG0001038	BD
h1SMnG0001039	-
h1SMnG0001040	-
h1SMnG0001041	-
h1SMnG0001042	-
h1SMnG0001043	-
h1SMnG0001044	-
h1SMnG0001045	-
h1SMnG0001046	-
h1SMnG0001047	-
h1SMnG0001048	-
h1SMnG0001049	-
h1SMnG0001050	-
h1SMnG0001051	-
h1SMnG0001052	-
h1SMnG0001053	-
h1SMnG0001054	-
h1SMnG0001055	-
h1SMnG0001056	-
h1SMnG0001057	-
h1SMnG0001058	-
h1SMnG0001059	-
h1SMnG0001060	-
h1SMnG0001061	-
h1SMnG0001062	-
h1SMnG0001063	-
h1SMnG0001064	-
h1SMnG0001065	-
h1SMnG0001066	-
h1SMnG0001067	-
h1SMnG0001068	-
h1SMnG0001069	-
h1SMnG0001070	-
h1SMnG0001071	-
h1SMnG0001072	-
h1SMnG0001073	-
h1SMnG0001074	-
h1SMnG0001075	-
h1SMnG0001076	-
h1SMnG0001077	-
h1SMnG0001078	S
h1SMnG0001079	-
h1SMnG0001080	-
h1SMnG0001081	-
h1SMnG0001082	-
h1SMnG0001083	-
h1SMnG0001084	-
h1SMnG0001085	-
h1SMnG0001086	-
h1SMnG0001087	-
h1SMnG0001088	-
h1SMnG0001089	-
h1SMnG0001090	-
h1SMnG0001091	-
h1SMnG0001092	-
h1SMnG0001093	-
h1SMnG0001094	-
h1SMnG0001095	-
h1SMnG0001096	-
h1SMnG0001097	-
h1SMnG0001098	-
h1SMnG0001099	-
h1SMnG0001100	-
h1SMnG0001101	-
h1SMnG0001102	-
h1SMnG0001103	-
h1SMnG0001104	-
h1SMnG0001105	-
h1SMnG0001106	-
h1SMnG0001107	-
h1SMnG0001108	-
h1SMnG0001109	-
h1SMnG0001110	-
h1SMnG0001111	-
h1SMnG0001112	-
h1SMnG0001113	-
h1SMnG0001114	-
h1SMnG0001115	-
h1SMnG0001116	-
h1SMnG0001117	-
h1SMnG0001118	-
h1SMnG0001119	-
h1SMnG0001120	-
h1SMnG0001121	-
h1SMnG0001122	-
h1SMnG0001123	S
h1SMnG0001124	-
h1SMnG0001125	-
h1SMnG0001126	-
h1SMnG0001127	-
h1SMnG0001128	-
h1SMnG0001129	-
h1SMnG0001130	-
h1SMnG0001131	-
h1SMnG0001132	-
h1SMnG0001133	-
h1SMnG0001134	-
h1SMnG0001135	-
h1SMnG0001136	-
h1SMnG0001137	-
h1SMnG0001138	-
h1SMnG0001139	-
h1SMnG0001140	-
h1SMnG0001141	-
h1SMnG0001142	-
h1SMnG0001143	-
h1SMnG0001144	-
h1SMnG0001145	-
h1SMnG0001146	O
h1SMnG0001147	-
h1SMnG0001148	-
h1SMnG0001149	-
h1SMnG0001150	-
h1SMnG0001151	-
h1SMnG0001152	-
h1SMnG0001153	-
h1SMnG0001154	-
h1SMnG0001155	S
h1SMnG0001156	S
h1SMnG0001157	-
h1SMnG0001158	-
h1SMnG0001159	-
h1SMnG0001160	-
h1SMnG0001161	-
h1SMnG0001162	-
h1SMnG0001163	-
h1SMnG0001164	S
h1SMnG0001165	-
h1SMnG0001166	-
h1SMnG0001167	-
h1SMnG0001168	-
h1SMnG0001169	-
h1SMnG0001170	-
h1SMnG0001171	-
h1SMnG0001172	-
h1SMnG0001173	-
h1SMnG0001174	-
h1SMnG0001175	-
h1SMnG0001176	-
h1SMnG0001177	-
h1SMnG0001178	A
h1SMnG0001179	-
h1SMnG0001180	-
h1SMnG0001181	-
h1SMnG0001182	-
h1SMnG0001183	-
h1SMnG0001184	-
h1SMnG0001185	-
h1SMnG0001186	I
h1SMnG0001187	-
h1SMnG0001188	-
h1SMnG0001189	-
h1SMnG0001190	-
h1SMnG0001191	-
h1SMnG0001192	-
h1SMnG0001193	-
h1SMnG0001194	-
h1SMnG0001195	-
h1SMnG0001196	-
h1SMnG0001197	-
h1SMnG0001198	-
h1SMnG0001199	-
h1SMnG0001200	-
h1SMnG0001201	-
h1SMnG0001202	-
h1SMnG0001203	-
h1SMnG0001204	-
h1SMnG0001205	-
h1SMnG0001206	-
h1SMnG0001207	-
h1SMnG0001208	-
h1SMnG0001209	-
h1SMnG0001210	-
h1SMnG0001211	-
h1SMnG0001212	-
h1SMnG0001213	-
h1SMnG0001214	S
h1SMnG0001215	-
h1SMnG0001216	-
h1SMnG0001217	-
h1SMnG0001218	-
h1SMnG0001219	-
h1SMnG0001220	G
h1SMnG0001221	-
h1SMnG0001222	-
h1SMnG0001223	-
h1SMnG0001224	-
h1SMnG0001225	-
h1SMnG0001226	O
h1SMnG0001227	-
h1SMnG0001228	-
h1SMnG0001229	-
h1SMnG0001230	-
h1SMnG0001231	-
h1SMnG0001232	-
h1SMnG0001233	-
h1SMnG0001234	-
h1SMnG0001235	-
h1SMnG0001236	-
h1SMnG0001237	-
h1SMnG0001238	-
h1SMnG0001239	-
h1SMnG0001240	-
h1SMnG0001241	-
h1SMnG0001242	-
h1SMnG0001243	-
h1SMnG0001244	-
h1SMnG0001245	-
h1SMnG0001246	-
h1SMnG0001247	-
h1SMnG0001248	-
h1SMnG0001249	-
h1SMnG0001250	-
h1SMnG0001251	Q
h1SMnG0001252	-
h1SMnG0001253	-
h1SMnG0001254	-
h1SMnG0001255	-
h1SMnG0001256	-
h1SMnG0001257	-
h1SMnG0001258	-
h1SMnG0001259	-
h1SMnG0001260	-
h1SMnG0001261	-
h1SMnG0001262	-
h1SMnG0001263	-
h1SMnG0001264	-
h1SMnG0001265	-
h1SMnG0001266	-
h1SMnG0001267	-
h1SMnG0001268	-
h1SMnG0001269	-
h1SMnG0001270	-
h1SMnG0001271	-
h1SMnG0001272	-
h1SMnG0001273	-
h1SMnG0001274	-
h1SMnG0001275	-
h1SMnG0001276	-
h1SMnG0001277	-
h1SMnG0001278	-
h1SMnG0001279	-
h1SMnG0001280	-
h1SMnG0001281	-
h1SMnG0001282	H
h1SMnG0001283	-
h1SMnG0001284	-
h1SMnG0001285	-
h1SMnG0001286	-
h1SMnG0001287	-
h1SMnG0001288	-
h1SMnG0001289	-
h1SMnG0001290	-
h1SMnG0001291	-
h1SMnG0001292	-
h1SMnG0001293	-
h1SMnG0001294	-
h1SMnG0001295	-
h1SMnG0001296	S
h1SMnG0001297	-
h1SMnG0001298	-
h1SMnG0001299	-
h1SMnG0001300	-
h1SMnG0001301	-
h1SMnG0001302	-
h1SMnG0001303	-
h1SMnG0001304	P
h1SMnG0001305	-
h1SMnG0001306	-
h1SMnG0001307	-
h1SMnG0001308	-
h1SMnG0001309	-
h1SMnG0001310	-
h1SMnG0001311	-
h1SMnG0001312	-
h1SMnG0001313	-
h1SMnG0001314	-
h1SMnG0001315	-
h1SMnG0001316	-
h1SMnG0001317	-
h1SMnG0001318	Z
h1SMnG0001319	-
h1SMnG0001320	-
h1SMnG0001321	-
h1SMnG0001322	-
h1SMnG0001323	-
h1SMnG0001324	-
h1SMnG0001325	-
h1SMnG0001326	-
h1SMnG0001327	-
h1SMnG0001328	-
h1SMnG0001329	-
h1SMnG0001330	-
h1SMnG0001331	-
h1SMnG0001332	-
h1SMnG0001333	-
h1SMnG0001334	-
h1SMnG0001335	-
h1SMnG0001336	-
h1SMnG0001337	-
h1SMnG0001338	-
h1SMnG0001339	-
h1SMnG0001340	-
h1SMnG0001341	-
h1SMnG0001342	-
h1SMnG0001343	-
h1SMnG0001344	-
h1SMnG0001345	-
h1SMnG0001346	-
h1SMnG0001347	-
h1SMnG0001348	-
h1SMnG0001349	-
h1SMnG0001350	-
h1SMnG0001351	-
h1SMnG0001352	-
h1SMnG0001353	-
h1SMnG0001354	-
h1SMnG0001355	-
h1SMnG0001356	-
h1SMnG0001357	-
h1SMnG0001358	-
h1SMnG0001359	-
h1SMnG0001360	-
h1SMnG0001361	-
h1SMnG0001362	-
h1SMnG0001363	-
h1SMnG0001364	-
h1SMnG0001365	-
h1SMnG0001366	-
h1SMnG0001367	-
h1SMnG0001368	-
h1SMnG0001369	-
h1SMnG0001370	-
h1SMnG0001371	-
h1SMnG0001372	-
h1SMnG0001373	-
h1SMnG0001374	T
h1SMnG0001375	-
h1SMnG0001376	-
h1SMnG0001377	-
h1SMnG0001378	-
h1SMnG0001379	-
h1SMnG0001380	-
h1SMnG0001381	-
h1SMnG0001382	-
h1SMnG0001383	-
h1SMnG0001384	-
h1SMnG0001385	-
h1SMnG0001386	-
h1SMnG0001387	-
h1SMnG0001388	-
h1SMnG0001389	-
h1SMnG0001390	-
h1SMnG0001391	-
h1SMnG0001392	-
h1SMnG0001393	-
h1SMnG0001394	-
h1SMnG0001395	-
h1SMnG0001396	-
h1SMnG0001397	-
h1SMnG0001398	-
h1SMnG0001399	-
h1SMnG0001400	-
h1SMnG0001401	-
h1SMnG0001402	-
h1SMnG0001403	-
h1SMnG0001404	-
h1SMnG0001405	-
h1SMnG0001406	-
h1SMnG0001407	-
h1SMnG0001408	-
h1SMnG0001409	G
h1SMnG0001410	-
h1SMnG0001411	-
h1SMnG0001412	-
h1SMnG0001413	-
h1SMnG0001414	-
h1SMnG0001415	-
h1SMnG0001416	-
h1SMnG0001417	-
h1SMnG0001418	-
h1SMnG0001419	-
h1SMnG0001420	-
h1SMnG0001421	-
h1SMnG0001422	-
h1SMnG0001423	-
h1SMnG0001424	-
h1SMnG0001425	-
h1SMnG0001426	-
h1SMnG0001427	-
h1SMnG0001428	-
h1SMnG0001429	-
h1SMnG0001430	M
h1SMnG0001431	-
h1SMnG0001432	-
h1SMnG0001433	-
h1SMnG0001434	-
h1SMnG0001435	-
h1SMnG0001436	-
h1SMnG0001437	-
h1SMnG0001438	-
h1SMnG0001439	-
h1SMnG0001440	-
h1SMnG0001441	-
h1SMnG0001442	-
h1SMnG0001443	-
h1SMnG0001444	-
h1SMnG0001445	-
h1SMnG0001446	-
h1SMnG0001447	-
h1SMnG0001448	-
h1SMnG0001449	-
h1SMnG0001450	-
h1SMnG0001451	-
h1SMnG0001452	-
h1SMnG0001453	-
h1SMnG0001454	-
h1SMnG0001455	-
h1SMnG0001456	-
h1SMnG0001457	-
h1SMnG0001458	-
h1SMnG0001459	-
h1SMnG0001460	-
h1SMnG0001461	-
h1SMnG0001462	-
h1SMnG0001463	-
h1SMnG0001464	-
h1SMnG0001465	-
h1SMnG0001466	-
h1SMnG0001467	-
h1SMnG0001468	-
h1SMnG0001469	-
h1SMnG0001470	-
h1SMnG0001471	-
h1SMnG0001472	-
h1SMnG0001473	-
h1SMnG0001474	-
h1SMnG0001475	-
h1SMnG0001476	-
h1SMnG0001477	-
h1SMnG0001478	-
h1SMnG0001479	-
h1SMnG0001480	-
h1SMnG0001481	-
h1SMnG0001482	-
h1SMnG0001483	-
h1SMnG0001484	-
h1SMnG0001485	-
h1SMnG0001486	-
h1SMnG0001487	-
h1SMnG0001488	-
h1SMnG0001489	-
h1SMnG0001490	-
h1SMnG0001491	-
h1SMnG0001492	-
h1SMnG0001493	-
h1SMnG0001494	-
h1SMnG0001495	-
h1SMnG0001496	-
h1SMnG0001497	-
h1SMnG0001498	-
h1SMnG0001499	-
h1SMnG0001500	-
h1SMnG0001501	-
h1SMnG0001502	-
h1SMnG0001503	-
h1SMnG0001504	-
h1SMnG0001505	-
h1SMnG0001506	-
h1SMnG0001507	-
h1SMnG0001508	-
h1SMnG0001509	-
h1SMnG0001510	-
h1SMnG0001511	-
h1SMnG0001512	-
h1SMnG0001513	-
h1SMnG0001514	-
h1SMnG0001515	-
h1SMnG0001516	-
h1SMnG0001517	-
h1SMnG0001518	-
h1SMnG0001519	S
h1SMnG0001520	-
h1SMnG0001521	-
h1SMnG0001522	-
h1SMnG0001523	-
h1SMnG0001524	-
h1SMnG0001525	-
h1SMnG0001526	-
h1SMnG0001527	-
h1SMnG0001528	-
h1SMnG0001529	-
h1SMnG0001530	-
h1SMnG0001531	-
h1SMnG0001532	-
h1SMnG0001533	-
h1SMnG0001534	-
h1SMnG0001535	-
h1SMnG0001536	-
h1SMnG0001537	-
h1SMnG0001538	-
h1SMnG0001539	-
h1SMnG0001540	-
h1SMnG0001541	-
h1SMnG0001542	-
h1SMnG0001543	-
h1SMnG0001544	-
h1SMnG0001545	-
h1SMnG0001546	-
h1SMnG0001547	-
h1SMnG0001548	-
h1SMnG0001549	-
h1SMnG0001550	BK
h1SMnG0001551	-
h1SMnG0001552	-
h1SMnG0001553	-
h1SMnG0001554	-
h1SMnG0001555	-
h1SMnG0001556	-
h1SMnG0001557	-
h1SMnG0001558	-
h1SMnG0001559	-
h1SMnG0001560	-
h1SMnG0001561	-
h1SMnG0001562	-
h1SMnG0001563	-
h1SMnG0001564	-
h1SMnG0001565	-
h1SMnG0001566	-
h1SMnG0001567	-
h1SMnG0001568	-
h1SMnG0001569	-
h1SMnG0001570	-
h1SMnG0001571	-
h1SMnG0001572	-
h1SMnG0001573	-
h1SMnG0001574	-
h1SMnG0001575	-
h1SMnG0001576	-
h1SMnG0001577	-
h1SMnG0001578	-
h1SMnG0001579	-
h1SMnG0001580	-
h1SMnG0001581	-
h1SMnG0001582	-
h1SMnG0001583	-
h1SMnG0001584	-
h1SMnG0001585	B
h1SMnG0001586	-
h1SMnG0001587	-
h1SMnG0001588	-
h1SMnG0001589	-
h1SMnG0001590	-
h1SMnG0001591	-
h1SMnG0001592	-
h1SMnG0001593	-
h1SMnG0001594	-
h1SMnG0001595	-
h1SMnG0001596	-
h1SMnG0001597	-
h1SMnG0001598	-
h1SMnG0001599	-
h1SMnG0001600	-
h1SMnG0001601	-
h1SMnG0001602	-
h1SMnG0001603	-
h1SMnG0001604	-
h1SMnG0001605	E
h1SMnG0001606	-
h1SMnG0001607	-
h1SMnG0001608	-
h1SMnG0001609	-
h1SMnG0001610	-
h1SMnG0001611	-
h1SMnG0001612	-
h1SMnG0001613	-
h1SMnG0001614	-
h1SMnG0001615	-
h1SMnG0001616	-
h1SMnG0001617	-
h1SMnG0001618	-
h1SMnG0001619	-
h1SMnG0001620	-
h1SMnG0001621	-
h1SMnG0001622	-
h1SMnG0001623	-
h1SMnG0001624	-
h1SMnG0001625	-
h1SMnG0001626	-
h1SMnG0001627	-
h1SMnG0001628	-
h1SMnG0001629	-
h1SMnG0001630	-
h1SMnG0001631	Z
h1SMnG0001632	-
h1SMnG0001633	-
h1SMnG0001634	-
h1SMnG0001635	-
h1SMnG0001636	-
h1SMnG0001637	-
h1SMnG0001638	-
h1SMnG0001639	-
h1SMnG0001640	-
h1SMnG0001641	-
h1SMnG0001642	-
h1SMnG0001643	-
h1SMnG0001644	-
h1SMnG0001645	-
h1SMnG0001646	-
h1SMnG0001647	-
h1SMnG0001648	-
h1SMnG0001649	-
h1SMnG0001650	-
h1SMnG0001651	-
h1SMnG0001652	-
h1SMnG0001653	-
h1SMnG0001654	-
h1SMnG0001655	-
h1SMnG0001656	-
h1SMnG0001657	-
h1SMnG0001658	-
h1SMnG0001659	-
h1SMnG0001660	-
h1SMnG0001661	-
h1SMnG0001662	-
h1SMnG0001663	-
h1SMnG0001664	-
h1SMnG0001665	-
h1SMnG0001666	-
h1SMnG0001667	-
h1SMnG0001668	-
h1SMnG0001669	-
h1SMnG0001670	-
h1SMnG0001671	-
h1SMnG0001672	-
h1SMnG0001673	-
h1SMnG0001674	-
h1SMnG0001675	-
h1SMnG0001676	-
h1SMnG0001677	-
h1SMnG0001678	-
h1SMnG0001679	-
h1SMnG0001680	-
h1SMnG0001681	-
h1SMnG0001682	-
h1SMnG0001683	-
h1SMnG0001684	-
h1SMnG0001685	-
h1SMnG0001686	-
h1SMnG0001687	-
h1SMnG0001688	-
h1SMnG0001689	-
h1SMnG0001690	-
h1SMnG0001691	P
h1SMnG0001692	-
h1SMnG0001693	-
h1SMnG0001694	-
h1SMnG0001695	-
h1SMnG0001696	-
h1SMnG0001697	-
h1SMnG0001698	-
h1SMnG0001699	-
h1SMnG0001700	-
h1SMnG0001701	-
h1SMnG0001702	-
h1SMnG0001703	-
h1SMnG0001704	-
h1SMnG0001705	-
h1SMnG0001706	-
h1SMnG0001707	-
h1SMnG0001708	O
h1SMnG0001709	-
h1SMnG0001710	-
h1SMnG0001711	-
h1SMnG0001712	-
h1SMnG0001713	-
h1SMnG0001714	-
h1SMnG0001715	-
h1SMnG0001716	-
h1SMnG0001717	-
h1SMnG0001718	-
h1SMnG0001719	-
h1SMnG0001720	-
h1SMnG0001721	-
h1SMnG0001722	-
h1SMnG0001723	-
h1SMnG0001724	-
h1SMnG0001725	-
h1SMnG0001726	-
h1SMnG0001727	-
h1SMnG0001728	-
h1SMnG0001729	-
h1SMnG0001730	-
h1SMnG0001731	K
h1SMnG0001732	-
h1SMnG0001733	-
h1SMnG0001734	-
h1SMnG0001735	-
h1SMnG0001736	-
h1SMnG0001737	-
h1SMnG0001738	-
h1SMnG0001739	T
h1SMnG0001740	-
h1SMnG0001741	-
h1SMnG0001742	-
h1SMnG0001743	-
h1SMnG0001744	-
h1SMnG0001745	V
h1SMnG0001746	-
h1SMnG0001747	-
h1SMnG0001748	-
h1SMnG0001749	-
h1SMnG0001750	-
h1SMnG0001751	-
h1SMnG0001752	-
h1SMnG0001753	-
h1SMnG0001754	-
h1SMnG0001755	-
h1SMnG0001756	-
h1SMnG0001757	-
h1SMnG0001758	-
h1SMnG0001759	-
h1SMnG0001760	-
h1SMnG0001761	-
h1SMnG0001762	-
h1SMnG0001763	-
h1SMnG0001764	-
h1SMnG0001765	-
h1SMnG0001766	-
h1SMnG0001767	-
h1SMnG0001768	-
h1SMnG0001769	F
h1SMnG0001770	-
h1SMnG0001771	-
h1SMnG0001772	-
h1SMnG0001773	-
h1SMnG0001774	-
h1SMnG0001775	-
h1SMnG0001776	-
h1SMnG0001777	-
h1SMnG0001778	-
h1SMnG0001779	-
h1SMnG0001780	-
h1SMnG0001781	-
h1SMnG0001782	-
h1SMnG0001783	-
h1SMnG0001784	-
h1SMnG0001785	-
h1SMnG0001786	-
h1SMnG0001787	-
h1SMnG0001788	-
h1SMnG0001789	-
h1SMnG0001790	-
h1SMnG0001791	-
h1SMnG0001792	-
h1SMnG0001793	-
h1SMnG0001794	-
h1SMnG0001795	-
h1SMnG0001796	-
h1SMnG0001797	-
h1SMnG0001798	-
h1SMnG0001799	-
h1SMnG0001800	-
h1SMnG0001801	J
h1SMnG0001802	-
h1SMnG0001803	-
h1SMnG0001804	-
h1SMnG0001805	-
h1SMnG0001806	-
h1SMnG0001807	-
h1SMnG0001808	-
h1SMnG0001809	-
h1SMnG0001810	-
h1SMnG0001811	-
h1SMnG0001812	-
h1SMnG0001813	-
h1SMnG0001814	-
h1SMnG0001815	-
h1SMnG0001816	-
h1SMnG0001817	-
h1SMnG0001818	-
h1SMnG0001819	J
h1SMnG0001820	-
h1SMnG0001821	-
h1SMnG0001822	-
h1SMnG0001823	-
h1SMnG0001824	-
h1SMnG0001825	-
h1SMnG0001826	-
h1SMnG0001827	-
h1SMnG0001828	-
h1SMnG0001829	-
h1SMnG0001830	-
h1SMnG0001831	-
h1SMnG0001832	-
h1SMnG0001833	-
h1SMnG0001834	-
h1SMnG0001835	-
h1SMnG0001836	-
h1SMnG0001837	-
h1SMnG0001838	-
h1SMnG0001839	S
h1SMnG0001840	-
h1SMnG0001841	-
h1SMnG0001842	-
h1SMnG0001843	-
h1SMnG0001844	-
h1SMnG0001845	-
h1SMnG0001846	-
h1SMnG0001847	-
h1SMnG0001848	-
h1SMnG0001849	-
h1SMnG0001850	-
h1SMnG0001851	-
h1SMnG0001852	P
h1SMnG0001853	-
h1SMnG0001854	-
h1SMnG0001855	-
h1SMnG0001856	-
h1SMnG0001857	-
h1SMnG0001858	-
h1SMnG0001859	-
h1SMnG0001860	-
h1SMnG0001861	-
h1SMnG0001862	-
h1SMnG0001863	-
h1SMnG0001864	-
h1SMnG0001865	-
h1SMnG0001866	-
h1SMnG0001867	-
h1SMnG0001868	-
h1SMnG0001869	-
h1SMnG0001870	-
h1SMnG0001871	-
h1SMnG0001872	-
h1SMnG0001873	-
h1SMnG0001874	-
h1SMnG0001875	-
h1SMnG0001876	-
h1SMnG0001877	-
h1SMnG0001878	-
h1SMnG0001879	-
h1SMnG0001880	-
h1SMnG0001881	-
h1SMnG0001882	-
h1SMnG0001883	-
h1SMnG0001884	-
h1SMnG0001885	-
h1SMnG0001886	-
h1SMnG0001887	-
h1SMnG0001888	-
h1SMnG0001889	-
h1SMnG0001890	-
h1SMnG0001891	-
h1SMnG0001892	-
h1SMnG0001893	-
h1SMnG0001894	-
h1SMnG0001895	-
h1SMnG0001896	-
h1SMnG0001897	-
h1SMnG0001898	-
h1SMnG0001899	-
h1SMnG0001900	S
h1SMnG0001901	-
h1SMnG0001902	E
h1SMnG0001903	-
h1SMnG0001904	-
h1SMnG0001905	-
h1SMnG0001906	-
h1SMnG0001907	P
h1SMnG0001908	-
h1SMnG0001909	-
h1SMnG0001910	-
h1SMnG0001911	-
h1SMnG0001912	-
h1SMnG0001913	-
h1SMnG0001914	-
h1SMnG0001915	-
h1SMnG0001916	-
h1SMnG0001917	T
h1SMnG0001918	-
h1SMnG0001919	-
h1SMnG0001920	-
h1SMnG0001921	-
h1SMnG0001922	-
h1SMnG0001923	-
h1SMnG0001924	-
h1SMnG0001925	-
h1SMnG0001926	-
h1SMnG0001927	-
h1SMnG0001928	-
h1SMnG0001929	-
h1SMnG0001930	-
h1SMnG0001931	-
h1SMnG0001932	-
h1SMnG0001933	-
h1SMnG0001934	-
h1SMnG0001935	-
h1SMnG0001936	-
h1SMnG0001937	-
h1SMnG0001938	-
h1SMnG0001939	-
h1SMnG0001940	-
h1SMnG0001941	-
h1SMnG0001942	-
h1SMnG0001943	-
h1SMnG0001944	J
h1SMnG0001945	-
h1SMnG0001946	-
h1SMnG0001947	-
h1SMnG0001948	-
h1SMnG0001949	-
h1SMnG0001950	-
h1SMnG0001951	-
h1SMnG0001952	S
h1SMnG0001953	-
h1SMnG0001954	-
h1SMnG0001955	-
h1SMnG0001956	-
h1SMnG0001957	-
h1SMnG0001958	-
h1SMnG0001959	-
h1SMnG0001960	-
h1SMnG0001961	-
h1SMnG0001962	-
h1SMnG0001963	-
h1SMnG0001964	-
h1SMnG0001965	-
h1SMnG0001966	-
h1SMnG0001967	-
h1SMnG0001968	-
h1SMnG0001969	-
h1SMnG0001970	Q
h1SMnG0001971	-
h1SMnG0001972	-
h1SMnG0001973	-
h1SMnG0001974	-
h1SMnG0001975	-
h1SMnG0001976	-
h1SMnG0001977	-
h1SMnG0001978	-
h1SMnG0001979	-
h1SMnG0001980	-
h1SMnG0001981	-
h1SMnG0001982	-
h1SMnG0001983	-
h1SMnG0001984	-
h1SMnG0001985	O
h1SMnG0001986	-
h1SMnG0001987	-
h1SMnG0001988	-
h1SMnG0001989	-
h1SMnG0001990	-
h1SMnG0001991	-
h1SMnG0001992	-
h1SMnG0001993	-
h1SMnG0001994	-
h1SMnG0001995	-
h1SMnG0001996	-
h1SMnG0001997	-
h1SMnG0001998	-
h1SMnG0001999	-
h1SMnG0002000	-
h1SMnG0002001	-
h1SMnG0002002	-
h1SMnG0002003	-
h1SMnG0002004	-
h1SMnG0002005	-
h1SMnG0002006	-
h1SMnG0002007	-
h1SMnG0002008	-
h1SMnG0002009	-
h1SMnG0002010	-
h1SMnG0002011	-
h1SMnG0002012	-
h1SMnG0002013	-
h1SMnG0002014	-
h1SMnG0002015	-
h1SMnG0002016	-
h1SMnG0002017	-
h1SMnG0002018	-
h1SMnG0002019	-
h1SMnG0002020	-
h1SMnG0002021	-
h1SMnG0002022	-
h1SMnG0002023	-
h1SMnG0002024	-
h1SMnG0002025	-
h1SMnG0002026	-
h1SMnG0002027	-
h1SMnG0002028	-
h1SMnG0002029	-
h1SMnG0002030	-
h1SMnG0002031	-
h1SMnG0002032	-
h1SMnG0002033	-
h1SMnG0002034	-
h1SMnG0002035	-
h1SMnG0002036	-
h1SMnG0002037	-
h1SMnG0002038	-
h1SMnG0002039	-
h1SMnG0002040	-
h1SMnG0002041	-
h1SMnG0002042	-
h1SMnG0002043	-
h1SMnG0002044	-
h1SMnG0002045	-
h1SMnG0002046	-
h1SMnG0002047	-
h1SMnG0002048	-
h1SMnG0002049	-
h1SMnG0002050	K
h1SMnG0002051	-
h1SMnG0002052	-
h1SMnG0002053	-
h1SMnG0002054	-
h1SMnG0002055	-
h1SMnG0002056	-
h1SMnG0002057	-
h1SMnG0002058	-
h1SMnG0002059	S
h1SMnG0002060	-
h1SMnG0002061	-
h1SMnG0002062	-
h1SMnG0002063	-
h1SMnG0002064	K
h1SMnG0002065	-
h1SMnG0002066	-
h1SMnG0002067	-
h1SMnG0002068	-
h1SMnG0002069	BD
h1SMnG0002070	-
h1SMnG0002071	-
h1SMnG0002072	-
h1SMnG0002073	-
h1SMnG0002074	-
h1SMnG0002075	-
h1SMnG0002076	-
h1SMnG0002077	-
h1SMnG0002078	-
h1SMnG0002079	-
h1SMnG0002080	-
h1SMnG0002081	-
h1SMnG0002082	-
h1SMnG0002083	-
h1SMnG0002084	-
h1SMnG0002085	-
h1SMnG0002086	-
h1SMnG0002087	-
h1SMnG0002088	-
h1SMnG0002089	-
h1SMnG0002090	-
h1SMnG0002091	-
h1SMnG0002092	-
h1SMnG0002093	-
h1SMnG0002094	BD
h1SMnG0002095	-
h1SMnG0002096	-
h1SMnG0002097	-
h1SMnG0002098	-
h1SMnG0002099	-
h1SMnG0002100	-
h1SMnG0002101	-
h1SMnG0002102	-
h1SMnG0002103	-
h1SMnG0002104	-
h1SMnG0002105	-
h1SMnG0002106	-
h1SMnG0002107	-
h1SMnG0002108	-
h1SMnG0002109	-
h1SMnG0002110	-
h1SMnG0002111	-
h1SMnG0002112	-
h1SMnG0002113	-
h1SMnG0002114	-
h1SMnG0002115	-
h1SMnG0002116	-
h1SMnG0002117	-
h1SMnG0002118	-
h1SMnG0002119	-
h1SMnG0002120	-
h1SMnG0002121	-
h1SMnG0002122	-
h1SMnG0002123	-
h1SMnG0002124	-
h1SMnG0002125	-
h1SMnG0002126	-
h1SMnG0002127	-
h1SMnG0002128	-
h1SMnG0002129	-
h1SMnG0002130	-
h1SMnG0002131	-
h1SMnG0002132	-
h1SMnG0002133	-
h1SMnG0002134	-
h1SMnG0002135	-
h1SMnG0002136	-
h1SMnG0002137	-
h1SMnG0002138	-
h1SMnG0002139	-
h1SMnG0002140	-
h1SMnG0002141	-
h1SMnG0002142	-
h1SMnG0002143	-
h1SMnG0002144	-
h1SMnG0002145	-
h1SMnG0002146	-
h1SMnG0002147	-
h1SMnG0002148	-
h1SMnG0002149	-
h1SMnG0002150	-
h1SMnG0002151	-
h1SMnG0002152	-
h1SMnG0002153	-
h1SMnG0002154	S
h1SMnG0002155	-
h1SMnG0002156	-
h1SMnG0002157	-
h1SMnG0002158	-
h1SMnG0002159	-
h1SMnG0002160	-
h1SMnG0002161	-
h1SMnG0002162	-
h1SMnG0002163	-
h1SMnG0002164	-
h1SMnG0002165	-
h1SMnG0002166	-
h1SMnG0002167	-
h1SMnG0002168	-
h1SMnG0002169	-
h1SMnG0002170	-
h1SMnG0002171	-
h1SMnG0002172	-
h1SMnG0002173	-
h1SMnG0002174	-
h1SMnG0002175	-
h1SMnG0002176	-
h1SMnG0002177	-
h1SMnG0002178	-
h1SMnG0002179	-
h1SMnG0002180	-
h1SMnG0002181	-
h1SMnG0002182	-
h1SMnG0002183	-
h1SMnG0002184	-
h1SMnG0002185	-
h1SMnG0002186	-
h1SMnG0002187	-
h1SMnG0002188	-
h1SMnG0002189	-
h1SMnG0002190	-
h1SMnG0002191	-
h1SMnG0002192	-
h1SMnG0002193	-
h1SMnG0002194	-
h1SMnG0002195	L
h1SMnG0002196	-
h1SMnG0002197	-
h1SMnG0002198	-
h1SMnG0002199	-
h1SMnG0002200	-
h1SMnG0002201	-
h1SMnG0002202	O
h1SMnG0002203	-
h1SMnG0002204	-
h1SMnG0002205	-
h1SMnG0002206	-
h1SMnG0002207	-
h1SMnG0002208	U
h1SMnG0002209	-
h1SMnG0002210	-
h1SMnG0002211	-
h1SMnG0002212	-
h1SMnG0002213	-
h1SMnG0002214	-
h1SMnG0002215	-
h1SMnG0002216	-
h1SMnG0002217	-
h1SMnG0002218	-
h1SMnG0002219	-
h1SMnG0002220	-
h1SMnG0002221	-
h1SMnG0002222	-
h1SMnG0002223	-
h1SMnG0002224	-
h1SMnG0002225	-
h1SMnG0002226	-
h1SMnG0002227	-
h1SMnG0002228	-
h1SMnG0002229	S
h1SMnG0002230	-
h1SMnG0002231	-
h1SMnG0002232	-
h1SMnG0002233	-
h1SMnG0002234	-
h1SMnG0002235	-
h1SMnG0002236	-
h1SMnG0002237	-
h1SMnG0002238	-
h1SMnG0002239	-
h1SMnG0002240	-
h1SMnG0002241	-
h1SMnG0002242	-
h1SMnG0002243	-
h1SMnG0002244	-
h1SMnG0002245	-
h1SMnG0002246	-
h1SMnG0002247	-
h1SMnG0002248	-
h1SMnG0002249	-
h1SMnG0002250	-
h1SMnG0002251	-
h1SMnG0002252	-
h1SMnG0002253	-
h1SMnG0002254	-
h1SMnG0002255	-
h1SMnG0002256	-
h1SMnG0002257	V
h1SMnG0002258	-
h1SMnG0002259	-
h1SMnG0002260	-
h1SMnG0002261	-
h1SMnG0002262	-
h1SMnG0002263	-
h1SMnG0002264	-
h1SMnG0002265	-
h1SMnG0002266	-
h1SMnG0002267	-
h1SMnG0002268	-
h1SMnG0002269	-
h1SMnG0002270	-
h1SMnG0002271	-
h1SMnG0002272	-
h1SMnG0002273	-
h1SMnG0002274	-
h1SMnG0002275	-
h1SMnG0002276	J
h1SMnG0002277	-
h1SMnG0002278	S
h1SMnG0002279	-
h1SMnG0002280	-
h1SMnG0002281	-
h1SMnG0002282	-
h1SMnG0002283	-
h1SMnG0002284	-
h1SMnG0002285	-
h1SMnG0002286	-
h1SMnG0002287	-
h1SMnG0002288	-
h1SMnG0002289	-
h1SMnG0002290	-
h1SMnG0002291	-
h1SMnG0002292	-
h1SMnG0002293	-
h1SMnG0002294	-
h1SMnG0002295	-
h1SMnG0002296	-
h1SMnG0002297	-
h1SMnG0002298	-
h1SMnG0002299	-
h1SMnG0002300	-
h1SMnG0002301	-
h1SMnG0002302	-
h1SMnG0002303	-
h1SMnG0002304	-
h1SMnG0002305	-
h1SMnG0002306	-
h1SMnG0002307	-
h1SMnG0002308	-
h1SMnG0002309	-
h1SMnG0002310	-
h1SMnG0002311	-
h1SMnG0002312	-
h1SMnG0002313	-
h1SMnG0002314	-
h1SMnG0002315	-
h1SMnG0002316	-
h1SMnG0002317	-
h1SMnG0002318	-
h1SMnG0002319	-
h1SMnG0002320	-
h1SMnG0002321	-
h1SMnG0002322	-
h1SMnG0002323	-
h1SMnG0002324	-
h1SMnG0002325	-
h1SMnG0002326	-
h1SMnG0002327	-
h1SMnG0002328	-
h1SMnG0002329	-
h1SMnG0002330	-
h1SMnG0002331	-
h1SMnG0002332	-
h1SMnG0002333	-
h1SMnG0002334	-
h1SMnG0002335	-
h1SMnG0002336	-
h1SMnG0002337	-
h1SMnG0002338	S
h1SMnG0002339	-
h1SMnG0002340	-
h1SMnG0002341	S
h1SMnG0002342	-
h1SMnG0002343	S
h1SMnG0002344	-
h1SMnG0002345	-
h1SMnG0002346	-
h1SMnG0002347	-
h1SMnG0002348	-
h1SMnG0002349	-
h1SMnG0002350	-
h1SMnG0002351	BD
h1SMnG0002352	-
h1SMnG0002353	-
h1SMnG0002354	-
h1SMnG0002355	-
h1SMnG0002356	-
h1SMnG0002357	-
h1SMnG0002358	-
h1SMnG0002359	-
h1SMnG0002360	-
h1SMnG0002361	-
h1SMnG0002362	-
h1SMnG0002363	-
h1SMnG0002364	-
h1SMnG0002365	-
h1SMnG0002366	-
h1SMnG0002367	-
h1SMnG0002368	-
h1SMnG0002369	-
h1SMnG0002370	-
h1SMnG0002371	-
h1SMnG0002372	-
h1SMnG0002373	S
h1SMnG0002374	-
h1SMnG0002375	-
h1SMnG0002376	-
h1SMnG0002377	-
h1SMnG0002378	-
h1SMnG0002379	-
h1SMnG0002380	-
h1SMnG0002381	-
h1SMnG0002382	-
h1SMnG0002383	-
h1SMnG0002384	-
h1SMnG0002385	-
h1SMnG0002386	-
h1SMnG0002387	-
h1SMnG0002388	-
h1SMnG0002389	-
h1SMnG0002390	-
h1SMnG0002391	-
h1SMnG0002392	-
h1SMnG0002393	-
h1SMnG0002394	-
h1SMnG0002395	-
h1SMnG0002396	-
h1SMnG0002397	-
h1SMnG0002398	-
h1SMnG0002399	-
h1SMnG0002400	-
h1SMnG0002401	-
h1SMnG0002402	-
h1SMnG0002403	-
h1SMnG0002404	-
h1SMnG0002405	-
h1SMnG0002406	-
h1SMnG0002407	-
h1SMnG0002408	-
h1SMnG0002409	-
h1SMnG0002410	-
h1SMnG0002411	-
h1SMnG0002412	-
h1SMnG0002413	-
h1SMnG0002414	-
h1SMnG0002415	-
h1SMnG0002416	U
h1SMnG0002417	-
h1SMnG0002418	-
h1SMnG0002419	-
h1SMnG0002420	-
h1SMnG0002421	-
h1SMnG0002422	-
h1SMnG0002423	-
h1SMnG0002424	-
h1SMnG0002425	-
h1SMnG0002426	-
h1SMnG0002427	-
h1SMnG0002428	-
h1SMnG0002429	-
h1SMnG0002430	O
h1SMnG0002431	-
h1SMnG0002432	-
h1SMnG0002433	-
h1SMnG0002434	-
h1SMnG0002435	-
h1SMnG0002436	-
h1SMnG0002437	-
h1SMnG0002438	-
h1SMnG0002439	-
h1SMnG0002440	-
h1SMnG0002441	-
h1SMnG0002442	-
h1SMnG0002443	-
h1SMnG0002444	-
h1SMnG0002445	-
h1SMnG0002446	-
h1SMnG0002447	-
h1SMnG0002448	-
h1SMnG0002449	-
h1SMnG0002450	-
h1SMnG0002451	-
h1SMnG0002452	-
h1SMnG0002453	-
h1SMnG0002454	-
h1SMnG0002455	-
h1SMnG0002456	-
h1SMnG0002457	-
h1SMnG0002458	-
h1SMnG0002459	-
h1SMnG0002460	-
h1SMnG0002461	Z
h1SMnG0002462	-
h1SMnG0002463	-
h1SMnG0002464	-
h1SMnG0002465	-
h1SMnG0002466	-
h1SMnG0002467	-
h1SMnG0002468	-
h1SMnG0002469	-
h1SMnG0002470	-
h1SMnG0002471	-
h1SMnG0002472	-
h1SMnG0002473	-
h1SMnG0002474	-
h1SMnG0002475	-
h1SMnG0002476	-
h1SMnG0002477	-
h1SMnG0002478	-
h1SMnG0002479	-
h1SMnG0002480	-
h1SMnG0002481	-
h1SMnG0002482	-
h1SMnG0002483	-
h1SMnG0002484	-
h1SMnG0002485	-
h1SMnG0002486	-
h1SMnG0002487	-
h1SMnG0002488	-
h1SMnG0002489	-
h1SMnG0002490	-
h1SMnG0002491	-
h1SMnG0002492	-
h1SMnG0002493	-
h1SMnG0002494	-
h1SMnG0002495	-
h1SMnG0002496	-
h1SMnG0002497	-
h1SMnG0002498	-
h1SMnG0002499	-
h1SMnG0002500	-
h1SMnG0002501	-
h1SMnG0002502	-
h1SMnG0002503	-
h1SMnG0002504	-
h1SMnG0002505	-
h1SMnG0002506	-
h1SMnG0002507	-
h1SMnG0002508	-
h1SMnG0002509	-
h1SMnG0002510	-
h1SMnG0002511	-
h1SMnG0002512	-
h1SMnG0002513	-
h1SMnG0002514	-
h1SMnG0002515	-
h1SMnG0002516	-
h1SMnG0002517	-
h1SMnG0002518	-
h1SMnG0002519	-
h1SMnG0002520	-
h1SMnG0002521	-
h1SMnG0002522	-
h1SMnG0002523	-
h1SMnG0002524	-
h1SMnG0002525	-
h1SMnG0002526	-
h1SMnG0002527	-
h1SMnG0002528	-
h1SMnG0002529	-
h1SMnG0002530	-
h1SMnG0002531	-
h1SMnG0002532	-
h1SMnG0002533	-
h1SMnG0002534	-
h1SMnG0002535	-
h1SMnG0002536	-
h1SMnG0002537	-
h1SMnG0002538	-
h1SMnG0002539	-
h1SMnG0002540	-
h1SMnG0002541	S
h1SMnG0002542	-
h1SMnG0002543	-
h1SMnG0002544	-
h1SMnG0002545	-
h1SMnG0002546	-
h1SMnG0002547	-
h1SMnG0002548	-
h1SMnG0002549	-
h1SMnG0002550	-
h1SMnG0002551	-
h1SMnG0002552	-
h1SMnG0002553	-
h1SMnG0002554	-
h1SMnG0002555	-
h1SMnG0002556	-
h1SMnG0002557	-
h1SMnG0002558	-
h1SMnG0002559	-
h1SMnG0002560	-
h1SMnG0002561	-
h1SMnG0002562	-
h1SMnG0002563	-
h1SMnG0002564	-
h1SMnG0002565	-
h1SMnG0002566	-
h1SMnG0002567	-
h1SMnG0002568	-
h1SMnG0002569	-
h1SMnG0002570	-
h1SMnG0002571	-
h1SMnG0002572	-
h1SMnG0002573	-
h1SMnG0002574	-
h1SMnG0002575	-
h1SMnG0002576	-
h1SMnG0002577	-
h1SMnG0002578	-
h1SMnG0002579	-
h1SMnG0002580	-
h1SMnG0002581	-
h1SMnG0002582	-
h1SMnG0002583	-
h1SMnG0002584	-
h1SMnG0002585	-
h1SMnG0002586	-
h1SMnG0002587	-
h1SMnG0002588	-
h1SMnG0002589	-
h1SMnG0002590	-
h1SMnG0002591	-
h1SMnG0002592	-
h1SMnG0002593	-
h1SMnG0002594	-
h1SMnG0002595	-
h1SMnG0002596	-
h1SMnG0002597	-
h1SMnG0002598	T
h1SMnG0002599	-
h1SMnG0002600	-
h1SMnG0002601	-
h1SMnG0002602	-
h1SMnG0002603	-
h1SMnG0002604	-
h1SMnG0002605	-
h1SMnG0002606	-
h1SMnG0002607	-
h1SMnG0002608	-
h1SMnG0002609	-
h1SMnG0002610	-
h1SMnG0002611	-
h1SMnG0002612	-
h1SMnG0002613	-
h1SMnG0002614	-
h1SMnG0002615	-
h1SMnG0002616	-
h1SMnG0002617	-
h1SMnG0002618	S
h1SMnG0002619	-
h1SMnG0002620	-
h1SMnG0002621	-
h1SMnG0002622	-
h1SMnG0002623	-
h1SMnG0002624	-
h1SMnG0002625	-
h1SMnG0002626	-
h1SMnG0002627	-
h1SMnG0002628	U
h1SMnG0002629	-
h1SMnG0002630	-
h1SMnG0002631	-
h1SMnG0002632	-
h1SMnG0002633	-
h1SMnG0002634	-
h1SMnG0002635	-
h1SMnG0002636	-
h1SMnG0002637	-
h1SMnG0002638	-
h1SMnG0002639	-
h1SMnG0002640	-
h1SMnG0002641	-
h1SMnG0002642	-
h1SMnG0002643	-
h1SMnG0002644	-
h1SMnG0002645	-
h1SMnG0002646	-
h1SMnG0002647	-
h1SMnG0002648	-
h1SMnG0002649	-
h1SMnG0002650	-
h1SMnG0002651	-
h1SMnG0002652	-
h1SMnG0002653	-
h1SMnG0002654	-
h1SMnG0002655	-
h1SMnG0002656	-
h1SMnG0002657	-
h1SMnG0002658	-
h1SMnG0002659	-
h1SMnG0002660	-
h1SMnG0002661	-
h1SMnG0002662	-
h1SMnG0002663	-
h1SMnG0002664	-
h1SMnG0002665	-
h1SMnG0002666	-
h1SMnG0002667	-
h1SMnG0002668	-
h1SMnG0002669	-
h1SMnG0002670	-
h1SMnG0002671	-
h1SMnG0002672	-
h1SMnG0002673	-
h1SMnG0002674	-
h1SMnG0002675	-
h1SMnG0002676	-
h1SMnG0002677	-
h1SMnG0002678	-
h1SMnG0002679	-
h1SMnG0002680	-
h1SMnG0002681	-
h1SMnG0002682	-
h1SMnG0002683	-
h1SMnG0002684	-
h1SMnG0002685	-
h1SMnG0002686	-
h1SMnG0002687	-
h1SMnG0002688	-
h1SMnG0002689	-
h1SMnG0002690	-
h1SMnG0002691	-
h1SMnG0002692	-
h1SMnG0002693	-
h1SMnG0002694	-
h1SMnG0002695	-
h1SMnG0002696	-
h1SMnG0002697	-
h1SMnG0002698	-
h1SMnG0002699	-
h1SMnG0002700	-
h1SMnG0002701	-
h1SMnG0002702	-
h1SMnG0002703	-
h1SMnG0002704	-
h1SMnG0002705	-
h1SMnG0002706	S
h1SMnG0002707	-
h1SMnG0002708	-
h1SMnG0002709	-
h1SMnG0002710	-
h1SMnG0002711	-
h1SMnG0002712	-
h1SMnG0002713	-
h1SMnG0002714	-
h1SMnG0002715	-
h1SMnG0002716	-
h1SMnG0002717	-
h1SMnG0002718	-
h1SMnG0002719	-
h1SMnG0002720	-
h1SMnG0002721	-
h1SMnG0002722	C
h1SMnG0002723	-
h1SMnG0002724	-
h1SMnG0002725	-
h1SMnG0002726	-
h1SMnG0002727	-
h1SMnG0002728	-
h1SMnG0002729	-
h1SMnG0002730	-
h1SMnG0002731	-
h1SMnG0002732	-
h1SMnG0002733	-
h1SMnG0002734	-
h1SMnG0002735	-
h1SMnG0002736	-
h1SMnG0002737	-
h1SMnG0002738	-
h1SMnG0002739	-
h1SMnG0002740	-
h1SMnG0002741	-
h1SMnG0002742	-
h1SMnG0002743	-
h1SMnG0002744	-
h1SMnG0002745	-
h1SMnG0002746	-
h1SMnG0002747	-
h1SMnG0002748	-
h1SMnG0002749	-
h1SMnG0002750	-
h1SMnG0002751	-
h1SMnG0002752	-
h1SMnG0002753	-
h1SMnG0002754	-
h1SMnG0002755	-
h1SMnG0002756	-
h1SMnG0002757	-
h1SMnG0002758	-
h1SMnG0002759	-
h1SMnG0002760	-
h1SMnG0002761	-
h1SMnG0002762	-
h1SMnG0002763	-
h1SMnG0002764	-
h1SMnG0002765	-
h1SMnG0002766	-
h1SMnG0002767	-
h1SMnG0002768	-
h1SMnG0002769	-
h1SMnG0002770	-
h1SMnG0002771	-
h1SMnG0002772	-
h1SMnG0002773	-
h1SMnG0002774	-
h1SMnG0002775	-
h1SMnG0002776	-
h1SMnG0002777	-
h1SMnG0002778	-
h1SMnG0002779	-
h1SMnG0002780	-
h1SMnG0002781	-
h1SMnG0002782	-
h1SMnG0002783	-
h1SMnG0002784	-
h1SMnG0002785	-
h1SMnG0002786	-
h1SMnG0002787	-
h1SMnG0002788	-
h1SMnG0002789	-
h1SMnG0002790	-
h1SMnG0002791	-
h1SMnG0002792	-
h1SMnG0002793	-
h1SMnG0002794	-
h1SMnG0002795	-
h1SMnG0002796	-
h1SMnG0002797	-
h1SMnG0002798	-
h1SMnG0002799	-
h1SMnG0002800	-
h1SMnG0002801	-
h1SMnG0002802	-
h1SMnG0002803	-
h1SMnG0002804	-
h1SMnG0002805	-
h1SMnG0002806	-
h1SMnG0002807	-
h1SMnG0002808	-
h1SMnG0002809	-
h1SMnG0002810	-
h1SMnG0002811	-
h1SMnG0002812	-
h1SMnG0002813	-
h1SMnG0002814	-
h1SMnG0002815	-
h1SMnG0002816	-
h1SMnG0002817	-
h1SMnG0002818	-
h1SMnG0002819	-
h1SMnG0002820	-
h1SMnG0002821	-
h1SMnG0002822	-
h1SMnG0002823	-
h1SMnG0002824	-
h1SMnG0002825	-
h1SMnG0002826	-
h1SMnG0002827	-
h1SMnG0002828	-
h1SMnG0002829	-
h1SMnG0002830	-
h1SMnG0002831	-
h1SMnG0002832	-
h1SMnG0002833	-
h1SMnG0002834	-
h1SMnG0002835	-
h1SMnG0002836	-
h1SMnG0002837	-
h1SMnG0002838	-
h1SMnG0002839	-
h1SMnG0002840	-
h1SMnG0002841	-
h1SMnG0002842	-
h1SMnG0002843	-
h1SMnG0002844	-
h1SMnG0002845	-
h1SMnG0002846	-
h1SMnG0002847	-
h1SMnG0002848	-
h1SMnG0002849	-
h1SMnG0002850	-
h1SMnG0002851	-
h1SMnG0002852	-
h1SMnG0002853	-
h1SMnG0002854	-
h1SMnG0002855	-
h1SMnG0002856	-
h1SMnG0002857	-
h1SMnG0002858	-
h1SMnG0002859	-
h1SMnG0002860	-
h1SMnG0002861	-
h1SMnG0002862	-
h1SMnG0002863	-
h1SMnG0002864	-
h1SMnG0002865	-
h1SMnG0002866	-
h1SMnG0002867	-
h1SMnG0002868	-
h1SMnG0002869	-
h1SMnG0002870	-
h1SMnG0002871	-
h1SMnG0002872	-
h1SMnG0002873	-
h1SMnG0002874	-
h1SMnG0002875	-
h1SMnG0002876	-
h1SMnG0002877	-
h1SMnG0002878	O
h1SMnG0002879	-
h1SMnG0002880	-
h1SMnG0002881	-
h1SMnG0002882	-
h1SMnG0002883	O
h1SMnG0002884	-
h1SMnG0002885	-
h1SMnG0002886	-
h1SMnG0002887	-
h1SMnG0002888	-
h1SMnG0002889	-
h1SMnG0002890	-
h1SMnG0002891	-
h1SMnG0002892	-
h1SMnG0002893	-
h1SMnG0002894	-
h1SMnG0002895	-
h1SMnG0002896	-
h1SMnG0002897	-
h1SMnG0002898	-
h1SMnG0002899	-
h1SMnG0002900	-
h1SMnG0002901	-
h1SMnG0002902	-
h1SMnG0002903	-
h1SMnG0002904	-
h1SMnG0002905	-
h1SMnG0002906	-
h1SMnG0002907	-
h1SMnG0002908	-
h1SMnG0002909	-
h1SMnG0002910	-
h1SMnG0002911	-
h1SMnG0002912	-
h1SMnG0002913	-
h1SMnG0002914	-
h1SMnG0002915	-
h1SMnG0002916	-
h1SMnG0002917	-
h1SMnG0002918	-
h1SMnG0002919	-
h1SMnG0002920	-
h1SMnG0002921	-
h1SMnG0002922	-
h1SMnG0002923	-
h1SMnG0002924	-
h1SMnG0002925	-
h1SMnG0002926	-
h1SMnG0002927	-
h1SMnG0002928	BDLT
h1SMnG0002929	-
h1SMnG0002930	-
h1SMnG0002931	-
h1SMnG0002932	-
h1SMnG0002933	-
h1SMnG0002934	-
h1SMnG0002935	-
h1SMnG0002936	-
h1SMnG0002937	-
h1SMnG0002938	-
h1SMnG0002939	-
h1SMnG0002940	-
h1SMnG0002941	-
h1SMnG0002942	-
h1SMnG0002943	-
h1SMnG0002944	-
h1SMnG0002945	-
h1SMnG0002946	-
h1SMnG0002947	-
h1SMnG0002948	DK
h1SMnG0002949	-
h1SMnG0002950	-
h1SMnG0002951	-
h1SMnG0002952	-
h1SMnG0002953	-
h1SMnG0002954	-
h1SMnG0002955	S
h1SMnG0002956	-
h1SMnG0002957	-
h1SMnG0002958	-
h1SMnG0002959	-
h1SMnG0002960	-
h1SMnG0002961	C
h1SMnG0002962	-
h1SMnG0002963	-
h1SMnG0002964	-
h1SMnG0002965	-
h1SMnG0002966	-
h1SMnG0002967	-
h1SMnG0002968	-
h1SMnG0002969	-
h1SMnG0002970	-
h1SMnG0002971	Q
h1SMnG0002972	-
h1SMnG0002973	-
h1SMnG0002974	-
h1SMnG0002975	-
h1SMnG0002976	-
h1SMnG0002977	-
h1SMnG0002978	-
h1SMnG0002979	-
h1SMnG0002980	-
h1SMnG0002981	-
h1SMnG0002982	-
h1SMnG0002983	-
h1SMnG0002984	-
h1SMnG0002985	-
h1SMnG0002986	-
h1SMnG0002987	-
h1SMnG0002988	-
h1SMnG0002989	-
h1SMnG0002990	-
h1SMnG0002991	-
h1SMnG0002992	-
h1SMnG0002993	-
h1SMnG0002994	-
h1SMnG0002995	-
h1SMnG0002996	-
h1SMnG0002997	-
h1SMnG0002998	-
h1SMnG0002999	-
h1SMnG0003000	-
h1SMnG0003001	-
h1SMnG0003002	-
h1SMnG0003003	-
h1SMnG0003004	-
h1SMnG0003005	-
h1SMnG0003006	-
h1SMnG0003007	-
h1SMnG0003008	-
h1SMnG0003009	-
h1SMnG0003010	-
h1SMnG0003011	-
h1SMnG0003012	-
h1SMnG0003013	-
h1SMnG0003014	-
h1SMnG0003015	-
h1SMnG0003016	-
h1SMnG0003017	-
h1SMnG0003018	-
h1SMnG0003019	-
h1SMnG0003020	T
h1SMnG0003021	-
h1SMnG0003022	-
h1SMnG0003023	-
h1SMnG0003024	-
h1SMnG0003025	-
h1SMnG0003026	-
h1SMnG0003027	-
h1SMnG0003028	-
h1SMnG0003029	-
h1SMnG0003030	-
h1SMnG0003031	-
h1SMnG0003032	-
h1SMnG0003033	-
h1SMnG0003034	-
h1SMnG0003035	-
h1SMnG0003036	-
h1SMnG0003037	J
h1SMnG0003038	-
h1SMnG0003039	-
h1SMnG0003040	-
h1SMnG0003041	T
h1SMnG0003042	-
h1SMnG0003043	-
h1SMnG0003044	-
h1SMnG0003045	-
h1SMnG0003046	-
h1SMnG0003047	-
h1SMnG0003048	-
h1SMnG0003049	-
h1SMnG0003050	-
h1SMnG0003051	-
h1SMnG0003052	-
h1SMnG0003053	-
h1SMnG0003054	-
h1SMnG0003055	-
h1SMnG0003056	-
h1SMnG0003057	-
h1SMnG0003058	-
h1SMnG0003059	-
h1SMnG0003060	-
h1SMnG0003061	-
h1SMnG0003062	-
h1SMnG0003063	-
h1SMnG0003064	-
h1SMnG0003065	-
h1SMnG0003066	-
h1SMnG0003067	-
h1SMnG0003068	S
h1SMnG0003069	-
h1SMnG0003070	-
h1SMnG0003071	-
h1SMnG0003072	-
h1SMnG0003073	-
h1SMnG0003074	-
h1SMnG0003075	-
h1SMnG0003076	-
h1SMnG0003077	-
h1SMnG0003078	-
h1SMnG0003079	-
h1SMnG0003080	-
h1SMnG0003081	-
h1SMnG0003082	-
h1SMnG0003083	-
h1SMnG0003084	-
h1SMnG0003085	-
h1SMnG0003086	-
h1SMnG0003087	E
h1SMnG0003088	-
h1SMnG0003089	-
h1SMnG0003090	-
h1SMnG0003091	-
h1SMnG0003092	-
h1SMnG0003093	-
h1SMnG0003094	-
h1SMnG0003095	-
h1SMnG0003096	-
h1SMnG0003097	-
h1SMnG0003098	-
h1SMnG0003099	-
h1SMnG0003100	-
h1SMnG0003101	-
h1SMnG0003102	-
h1SMnG0003103	-
h1SMnG0003104	-
h1SMnG0003105	-
h1SMnG0003106	-
h1SMnG0003107	-
h1SMnG0003108	-
h1SMnG0003109	-
h1SMnG0003110	-
h1SMnG0003111	-
h1SMnG0003112	-
h1SMnG0003113	-
h1SMnG0003114	-
h1SMnG0003115	-
h1SMnG0003116	-
h1SMnG0003117	-
h1SMnG0003118	-
h1SMnG0003119	-
h1SMnG0003120	-
h1SMnG0003121	-
h1SMnG0003122	-
h1SMnG0003123	-
h1SMnG0003124	-
h1SMnG0003125	-
h1SMnG0003126	-
h1SMnG0003127	-
h1SMnG0003128	-
h1SMnG0003129	-
h1SMnG0003130	-
h1SMnG0003131	-
h1SMnG0003132	-
h1SMnG0003133	-
h1SMnG0003134	-
h1SMnG0003135	-
h1SMnG0003136	-
h1SMnG0003137	-
h1SMnG0003138	-
h1SMnG0003139	-
h1SMnG0003140	-
h1SMnG0003141	-
h1SMnG0003142	-
h1SMnG0003143	-
h1SMnG0003144	-
h1SMnG0003145	-
h1SMnG0003146	-
h1SMnG0003147	-
h1SMnG0003148	-
h1SMnG0003149	-
h1SMnG0003150	-
h1SMnG0003151	-
h1SMnG0003152	-
h1SMnG0003153	-
h1SMnG0003154	-
h1SMnG0003155	-
h1SMnG0003156	-
h1SMnG0003157	-
h1SMnG0003158	-
h1SMnG0003159	-
h1SMnG0003160	-
h1SMnG0003161	-
h1SMnG0003162	-
h1SMnG0003163	-
h1SMnG0003164	-
h1SMnG0003165	-
h1SMnG0003166	-
h1SMnG0003167	-
h1SMnG0003168	-
h1SMnG0003169	-
h1SMnG0003170	-
h1SMnG0003171	-
h1SMnG0003172	-
h1SMnG0003173	-
h1SMnG0003174	-
h1SMnG0003175	GM
h1SMnG0003176	-
h1SMnG0003177	-
h1SMnG0003178	-
h1SMnG0003179	-
h1SMnG0003180	-
h1SMnG0003181	-
h1SMnG0003182	-
h1SMnG0003183	-
h1SMnG0003184	-
h1SMnG0003185	-
h1SMnG0003186	-
h1SMnG0003187	-
h1SMnG0003188	I
h1SMnG0003189	-
h1SMnG0003190	-
h1SMnG0003191	-
h1SMnG0003192	-
h1SMnG0003193	-
h1SMnG0003194	S
h1SMnG0003195	-
h1SMnG0003196	-
h1SMnG0003197	-
h1SMnG0003198	-
h1SMnG0003199	-
h1SMnG0003200	-
h1SMnG0003201	-
h1SMnG0003202	-
h1SMnG0003203	-
h1SMnG0003204	-
h1SMnG0003205	-
h1SMnG0003206	-
h1SMnG0003207	-
h1SMnG0003208	-
h1SMnG0003209	-
h1SMnG0003210	-
h1SMnG0003211	-
h1SMnG0003212	-
h1SMnG0003213	-
h1SMnG0003214	-
h1SMnG0003215	-
h1SMnG0003216	-
h1SMnG0003217	-
h1SMnG0003218	-
h1SMnG0003219	-
h1SMnG0003220	-
h1SMnG0003221	-
h1SMnG0003222	-
h1SMnG0003223	-
h1SMnG0003224	-
h1SMnG0003225	-
h1SMnG0003226	-
h1SMnG0003227	-
h1SMnG0003228	-
h1SMnG0003229	-
h1SMnG0003230	-
h1SMnG0003231	-
h1SMnG0003232	-
h1SMnG0003233	-
h1SMnG0003234	-
h1SMnG0003235	-
h1SMnG0003236	-
h1SMnG0003237	-
h1SMnG0003238	-
h1SMnG0003239	-
h1SMnG0003240	Z
h1SMnG0003241	-
h1SMnG0003242	-
h1SMnG0003243	-
h1SMnG0003244	-
h1SMnG0003245	-
h1SMnG0003246	-
h1SMnG0003247	-
h1SMnG0003248	-
h1SMnG0003249	-
h1SMnG0003250	-
h1SMnG0003251	-
h1SMnG0003252	-
h1SMnG0003253	-
h1SMnG0003254	-
h1SMnG0003255	-
h1SMnG0003256	-
h1SMnG0003257	-
h1SMnG0003258	-
h1SMnG0003259	-
h1SMnG0003260	-
h1SMnG0003261	-
h1SMnG0003262	-
h1SMnG0003263	-
h1SMnG0003264	-
h1SMnG0003265	-
h1SMnG0003266	-
h1SMnG0003267	-
h1SMnG0003268	-
h1SMnG0003269	-
h1SMnG0003270	-
h1SMnG0003271	-
h1SMnG0003272	-
h1SMnG0003273	-
h1SMnG0003274	-
h1SMnG0003275	-
h1SMnG0003276	-
h1SMnG0003277	-
h1SMnG0003278	-
h1SMnG0003279	K
h1SMnG0003280	-
h1SMnG0003281	-
h1SMnG0003282	-
h1SMnG0003283	-
h1SMnG0003284	-
h1SMnG0003285	-
h1SMnG0003286	-
h1SMnG0003287	-
h1SMnG0003288	-
h1SMnG0003289	-
h1SMnG0003290	-
h1SMnG0003291	-
h1SMnG0003292	-
h1SMnG0003293	-
h1SMnG0003294	-
h1SMnG0003295	-
h1SMnG0003296	-
h1SMnG0003297	-
h1SMnG0003298	-
h1SMnG0003299	-
h1SMnG0003300	-
h1SMnG0003301	-
h1SMnG0003302	-
h1SMnG0003303	-
h1SMnG0003304	-
h1SMnG0003305	-
h1SMnG0003306	-
h1SMnG0003307	-
h1SMnG0003308	-
h1SMnG0003309	-
h1SMnG0003310	-
h1SMnG0003311	-
h1SMnG0003312	-
h1SMnG0003313	-
h1SMnG0003314	-
h1SMnG0003315	-
h1SMnG0003316	-
h1SMnG0003317	-
h1SMnG0003318	-
h1SMnG0003319	-
h1SMnG0003320	-
h1SMnG0003321	-
h1SMnG0003322	-
h1SMnG0003323	-
h1SMnG0003324	-
h1SMnG0003325	S
h1SMnG0003326	-
h1SMnG0003327	-
h1SMnG0003328	-
h1SMnG0003329	-
h1SMnG0003330	-
h1SMnG0003331	-
h1SMnG0003332	-
h1SMnG0003333	-
h1SMnG0003334	-
h1SMnG0003335	-
h1SMnG0003336	-
h1SMnG0003337	-
h1SMnG0003338	-
h1SMnG0003339	-
h1SMnG0003340	-
h1SMnG0003341	-
h1SMnG0003342	-
h1SMnG0003343	-
h1SMnG0003344	-
h1SMnG0003345	-
h1SMnG0003346	-
h1SMnG0003347	-
h1SMnG0003348	-
h1SMnG0003349	-
h1SMnG0003350	-
h1SMnG0003351	-
h1SMnG0003352	-
h1SMnG0003353	-
h1SMnG0003354	-
h1SMnG0003355	-
h1SMnG0003356	-
h1SMnG0003357	-
h1SMnG0003358	-
h1SMnG0003359	-
h1SMnG0003360	-
h1SMnG0003361	-
h1SMnG0003362	-
h1SMnG0003363	-
h1SMnG0003364	-
h1SMnG0003365	-
h1SMnG0003366	-
h1SMnG0003367	-
h1SMnG0003368	-
h1SMnG0003369	-
h1SMnG0003370	-
h1SMnG0003371	-
h1SMnG0003372	-
h1SMnG0003373	-
h1SMnG0003374	-
h1SMnG0003375	-
h1SMnG0003376	-
h1SMnG0003377	-
h1SMnG0003378	-
h1SMnG0003379	-
h1SMnG0003380	-
h1SMnG0003381	-
h1SMnG0003382	-
h1SMnG0003383	-
h1SMnG0003384	-
h1SMnG0003385	-
h1SMnG0003386	-
h1SMnG0003387	-
h1SMnG0003388	-
h1SMnG0003389	-
h1SMnG0003390	-
h1SMnG0003391	-
h1SMnG0003392	-
h1SMnG0003393	-
h1SMnG0003394	-
h1SMnG0003395	-
h1SMnG0003396	-
h1SMnG0003397	-
h1SMnG0003398	-
h1SMnG0003399	-
h1SMnG0003400	-
h1SMnG0003401	-
h1SMnG0003402	-
h1SMnG0003403	-
h1SMnG0003404	-
h1SMnG0003405	-
h1SMnG0003406	-
h1SMnG0003407	-
h1SMnG0003408	-
h1SMnG0003409	-
h1SMnG0003410	-
h1SMnG0003411	-
h1SMnG0003412	-
h1SMnG0003413	-
h1SMnG0003414	-
h1SMnG0003415	-
h1SMnG0003416	-
h1SMnG0003417	-
h1SMnG0003418	-
h1SMnG0003419	-
h1SMnG0003420	-
h1SMnG0003421	-
h1SMnG0003422	-
h1SMnG0003423	-
h1SMnG0003424	-
h1SMnG0003425	-
h1SMnG0003426	-
h1SMnG0003427	-
h1SMnG0003428	-
h1SMnG0003429	-
h1SMnG0003430	-
h1SMnG0003431	-
h1SMnG0003432	-
h1SMnG0003433	-
h1SMnG0003434	-
h1SMnG0003435	-
h1SMnG0003436	-
h1SMnG0003437	-
h1SMnG0003438	-
h1SMnG0003439	G
h1SMnG0003440	-
h1SMnG0003441	-
h1SMnG0003442	-
h1SMnG0003443	-
h1SMnG0003444	-
h1SMnG0003445	-
h1SMnG0003446	-
h1SMnG0003447	-
h1SMnG0003448	-
h1SMnG0003449	-
h1SMnG0003450	-
h1SMnG0003451	-
h1SMnG0003452	-
h1SMnG0003453	-
h1SMnG0003454	-
h1SMnG0003455	-
h1SMnG0003456	-
h1SMnG0003457	-
h1SMnG0003458	-
h1SMnG0003459	-
h1SMnG0003460	-
h1SMnG0003461	-
h1SMnG0003462	-
h1SMnG0003463	-
h1SMnG0003464	-
h1SMnG0003465	-
h1SMnG0003466	-
h1SMnG0003467	-
h1SMnG0003468	-
h1SMnG0003469	-
h1SMnG0003470	-
h1SMnG0003471	-
h1SMnG0003472	-
h1SMnG0003473	-
h1SMnG0003474	-
h1SMnG0003475	-
h1SMnG0003476	-
h1SMnG0003477	-
h1SMnG0003478	-
h1SMnG0003479	-
h1SMnG0003480	-
h1SMnG0003481	-
h1SMnG0003482	-
h1SMnG0003483	-
h1SMnG0003484	-
h1SMnG0003485	-
h1SMnG0003486	-
h1SMnG0003487	-
h1SMnG0003488	-
h1SMnG0003489	-
h1SMnG0003490	-
h1SMnG0003491	-
h1SMnG0003492	-
h1SMnG0003493	-
h1SMnG0003494	-
h1SMnG0003495	-
h1SMnG0003496	-
h1SMnG0003497	-
h1SMnG0003498	-
h1SMnG0003499	-
h1SMnG0003500	-
h1SMnG0003501	-
h1SMnG0003502	-
h1SMnG0003503	-
h1SMnG0003504	-
h1SMnG0003505	-
h1SMnG0003506	-
h1SMnG0003507	-
h1SMnG0003508	-
h1SMnG0003509	-
h1SMnG0003510	T
h1SMnG0003511	-
h1SMnG0003512	-
h1SMnG0003513	-
h1SMnG0003514	-
h1SMnG0003515	-
h1SMnG0003516	-
h1SMnG0003517	-
h1SMnG0003518	-
h1SMnG0003519	-
h1SMnG0003520	-
h1SMnG0003521	-
h1SMnG0003522	-
h1SMnG0003523	-
h1SMnG0003524	-
h1SMnG0003525	-
h1SMnG0003526	-
h1SMnG0003527	-
h1SMnG0003528	-
h1SMnG0003529	-
h1SMnG0003530	-
h1SMnG0003531	-
h1SMnG0003532	-
h1SMnG0003533	-
h1SMnG0003534	-
h1SMnG0003535	-
h1SMnG0003536	-
h1SMnG0003537	-
h1SMnG0003538	-
h1SMnG0003539	-
h1SMnG0003540	-
h1SMnG0003541	-
h1SMnG0003542	-
h1SMnG0003543	-
h1SMnG0003544	-
h1SMnG0003545	-
h1SMnG0003546	-
h1SMnG0003547	-
h1SMnG0003548	-
h1SMnG0003549	-
h1SMnG0003550	-
h1SMnG0003551	-
h1SMnG0003552	-
h1SMnG0003553	-
h1SMnG0003554	-
h1SMnG0003555	-
h1SMnG0003556	-
h1SMnG0003557	-
h1SMnG0003558	-
h1SMnG0003559	-
h1SMnG0003560	-
h1SMnG0003561	-
h1SMnG0003562	-
h1SMnG0003563	-
h1SMnG0003564	-
h1SMnG0003565	-
h1SMnG0003566	-
h1SMnG0003567	-
h1SMnG0003568	-
h1SMnG0003569	-
h1SMnG0003570	-
h1SMnG0003571	-
h1SMnG0003572	-
h1SMnG0003573	S
h1SMnG0003574	-
h1SMnG0003575	-
h1SMnG0003576	-
h1SMnG0003577	-
h1SMnG0003578	-
h1SMnG0003579	-
h1SMnG0003580	-
h1SMnG0003581	G
h1SMnG0003582	-
h1SMnG0003583	-
h1SMnG0003584	-
h1SMnG0003585	-
h1SMnG0003586	-
h1SMnG0003587	-
h1SMnG0003588	-
h1SMnG0003589	-
h1SMnG0003590	-
h1SMnG0003591	-
h1SMnG0003592	-
h1SMnG0003593	-
h1SMnG0003594	-
h1SMnG0003595	-
h1SMnG0003596	-
h1SMnG0003597	-
h1SMnG0003598	-
h1SMnG0003599	-
h1SMnG0003600	-
h1SMnG0003601	-
h1SMnG0003602	-
h1SMnG0003603	-
h1SMnG0003604	-
h1SMnG0003605	-
h1SMnG0003606	-
h1SMnG0003607	I
h1SMnG0003608	-
h1SMnG0003609	-
h1SMnG0003610	-
h1SMnG0003611	M
h1SMnG0003612	-
h1SMnG0003613	-
h1SMnG0003614	S
h1SMnG0003615	-
h1SMnG0003616	-
h1SMnG0003617	-
h1SMnG0003618	-
h1SMnG0003619	-
h1SMnG0003620	-
h1SMnG0003621	-
h1SMnG0003622	-
h1SMnG0003623	-
h1SMnG0003624	-
h1SMnG0003625	-
h1SMnG0003626	-
h1SMnG0003627	-
h1SMnG0003628	H
h1SMnG0003629	-
h1SMnG0003630	-
h1SMnG0003631	-
h1SMnG0003632	-
h1SMnG0003633	-
h1SMnG0003634	-
h1SMnG0003635	-
h1SMnG0003636	-
h1SMnG0003637	-
h1SMnG0003638	-
h1SMnG0003639	-
h1SMnG0003640	-
h1SMnG0003641	-
h1SMnG0003642	-
h1SMnG0003643	-
h1SMnG0003644	-
h1SMnG0003645	-
h1SMnG0003646	-
h1SMnG0003647	-
h1SMnG0003648	-
h1SMnG0003649	-
h1SMnG0003650	-
h1SMnG0003651	-
h1SMnG0003652	-
h1SMnG0003653	-
h1SMnG0003654	-
h1SMnG0003655	Z
h1SMnG0003656	-
h1SMnG0003657	-
h1SMnG0003658	-
h1SMnG0003659	-
h1SMnG0003660	-
h1SMnG0003661	-
h1SMnG0003662	-
h1SMnG0003663	-
h1SMnG0003664	-
h1SMnG0003665	-
h1SMnG0003666	-
h1SMnG0003667	-
h1SMnG0003668	-
h1SMnG0003669	-
h1SMnG0003670	-
h1SMnG0003671	-
h1SMnG0003672	-
h1SMnG0003673	-
h1SMnG0003674	-
h1SMnG0003675	-
h1SMnG0003676	-
h1SMnG0003677	-
h1SMnG0003678	I
h1SMnG0003679	-
h1SMnG0003680	-
h1SMnG0003681	-
h1SMnG0003682	-
h1SMnG0003683	-
h1SMnG0003684	-
h1SMnG0003685	-
h1SMnG0003686	-
h1SMnG0003687	-
h1SMnG0003688	-
h1SMnG0003689	-
h1SMnG0003690	-
h1SMnG0003691	-
h1SMnG0003692	-
h1SMnG0003693	-
h1SMnG0003694	S
h1SMnG0003695	-
h1SMnG0003696	-
h1SMnG0003697	-
h1SMnG0003698	-
h1SMnG0003699	-
h1SMnG0003700	-
h1SMnG0003701	-
h1SMnG0003702	-
h1SMnG0003703	-
h1SMnG0003704	-
h1SMnG0003705	-
h1SMnG0003706	-
h1SMnG0003707	-
h1SMnG0003708	-
h1SMnG0003709	-
h1SMnG0003710	-
h1SMnG0003711	-
h1SMnG0003712	-
h1SMnG0003713	-
h1SMnG0003714	-
h1SMnG0003715	-
h1SMnG0003716	-
h1SMnG0003717	-
h1SMnG0003718	-
h1SMnG0003719	-
h1SMnG0003720	-
h1SMnG0003721	-
h1SMnG0003722	-
h1SMnG0003723	-
h1SMnG0003724	L
h1SMnG0003725	L
h1SMnG0003726	E
h1SMnG0003727	-
h1SMnG0003728	-
h1SMnG0003729	-
h1SMnG0003730	-
h1SMnG0003731	-
h1SMnG0003732	-
h1SMnG0003733	-
h1SMnG0003734	-
h1SMnG0003735	-
h1SMnG0003736	-
h1SMnG0003737	-
h1SMnG0003738	-
h1SMnG0003739	-
h1SMnG0003740	-
h1SMnG0003741	-
h1SMnG0003742	-
h1SMnG0003743	-
h1SMnG0003744	-
h1SMnG0003745	O
h1SMnG0003746	-
h1SMnG0003747	-
h1SMnG0003748	-
h1SMnG0003749	-
h1SMnG0003750	J
h1SMnG0003751	-
h1SMnG0003752	-
h1SMnG0003753	-
h1SMnG0003754	-
h1SMnG0003755	-
h1SMnG0003756	-
h1SMnG0003757	-
h1SMnG0003758	-
h1SMnG0003759	-
h1SMnG0003760	-
h1SMnG0003761	-
h1SMnG0003762	-
h1SMnG0003763	OU
h1SMnG0003764	-
h1SMnG0003765	-
h1SMnG0003766	-
h1SMnG0003767	-
h1SMnG0003768	-
h1SMnG0003769	-
h1SMnG0003770	-
h1SMnG0003771	-
h1SMnG0003772	-
h1SMnG0003773	-
h1SMnG0003774	-
h1SMnG0003775	-
h1SMnG0003776	-
h1SMnG0003777	-
h1SMnG0003778	-
h1SMnG0003779	-
h1SMnG0003780	-
h1SMnG0003781	-
h1SMnG0003782	-
h1SMnG0003783	-
h1SMnG0003784	-
h1SMnG0003785	-
h1SMnG0003786	-
h1SMnG0003787	-
h1SMnG0003788	-
h1SMnG0003789	-
h1SMnG0003790	-
h1SMnG0003791	-
h1SMnG0003792	-
h1SMnG0003793	-
h1SMnG0003794	-
h1SMnG0003795	-
h1SMnG0003796	-
h1SMnG0003797	-
h1SMnG0003798	-
h1SMnG0003799	-
h1SMnG0003800	-
h1SMnG0003801	-
h1SMnG0003802	-
h1SMnG0003803	-
h1SMnG0003804	-
h1SMnG0003805	-
h1SMnG0003806	-
h1SMnG0003807	-
h1SMnG0003808	U
h1SMnG0003809	-
h1SMnG0003810	-
h1SMnG0003811	-
h1SMnG0003812	-
h1SMnG0003813	-
h1SMnG0003814	-
h1SMnG0003815	-
h1SMnG0003816	-
h1SMnG0003817	-
h1SMnG0003818	-
h1SMnG0003819	-
h1SMnG0003820	-
h1SMnG0003821	-
h1SMnG0003822	-
h1SMnG0003823	-
h1SMnG0003824	-
h1SMnG0003825	-
h1SMnG0003826	-
h1SMnG0003827	-
h1SMnG0003828	-
h1SMnG0003829	-
h1SMnG0003830	-
h1SMnG0003831	-
h1SMnG0003832	-
h1SMnG0003833	-
h1SMnG0003834	-
h1SMnG0003835	-
h1SMnG0003836	-
h1SMnG0003837	-
h1SMnG0003838	-
h1SMnG0003839	-
h1SMnG0003840	-
h1SMnG0003841	-
h1SMnG0003842	-
h1SMnG0003843	-
h1SMnG0003844	-
h1SMnG0003845	-
h1SMnG0003846	-
h1SMnG0003847	-
h1SMnG0003848	-
h1SMnG0003849	-
h1SMnG0003850	S
h1SMnG0003851	-
h1SMnG0003852	-
h1SMnG0003853	-
h1SMnG0003854	-
h1SMnG0003855	-
h1SMnG0003856	-
h1SMnG0003857	-
h1SMnG0003858	-
h1SMnG0003859	-
h1SMnG0003860	-
h1SMnG0003861	T
h1SMnG0003862	-
h1SMnG0003863	-
h1SMnG0003864	-
h1SMnG0003865	-
h1SMnG0003866	-
h1SMnG0003867	-
h1SMnG0003868	-
h1SMnG0003869	-
h1SMnG0003870	-
h1SMnG0003871	-
h1SMnG0003872	-
h1SMnG0003873	-
h1SMnG0003874	-
h1SMnG0003875	-
h1SMnG0003876	-
h1SMnG0003877	-
h1SMnG0003878	-
h1SMnG0003879	-
h1SMnG0003880	-
h1SMnG0003881	-
h1SMnG0003882	-
h1SMnG0003883	-
h1SMnG0003884	-
h1SMnG0003885	KT
h1SMnG0003886	-
h1SMnG0003887	-
h1SMnG0003888	-
h1SMnG0003889	-
h1SMnG0003890	-
h1SMnG0003891	OT
h1SMnG0003892	-
h1SMnG0003893	-
h1SMnG0003894	-
h1SMnG0003895	-
h1SMnG0003896	-
h1SMnG0003897	-
h1SMnG0003898	-
h1SMnG0003899	-
h1SMnG0003900	-
h1SMnG0003901	-
h1SMnG0003902	-
h1SMnG0003903	-
h1SMnG0003904	-
h1SMnG0003905	-
h1SMnG0003906	-
h1SMnG0003907	-
h1SMnG0003908	-
h1SMnG0003909	-
h1SMnG0003910	-
h1SMnG0003911	-
h1SMnG0003912	-
h1SMnG0003913	-
h1SMnG0003914	-
h1SMnG0003915	-
h1SMnG0003916	-
h1SMnG0003917	-
h1SMnG0003918	-
h1SMnG0003919	-
h1SMnG0003920	-
h1SMnG0003921	-
h1SMnG0003922	-
h1SMnG0003923	-
h1SMnG0003924	-
h1SMnG0003925	-
h1SMnG0003926	-
h1SMnG0003927	S
h1SMnG0003928	-
h1SMnG0003929	-
h1SMnG0003930	-
h1SMnG0003931	-
h1SMnG0003932	-
h1SMnG0003933	-
h1SMnG0003934	P
h1SMnG0003935	-
h1SMnG0003936	E
h1SMnG0003937	-
h1SMnG0003938	-
h1SMnG0003939	-
h1SMnG0003940	-
h1SMnG0003941	-
h1SMnG0003942	-
h1SMnG0003943	-
h1SMnG0003944	-
h1SMnG0003945	-
h1SMnG0003946	-
h1SMnG0003947	-
h1SMnG0003948	-
h1SMnG0003949	-
h1SMnG0003950	-
h1SMnG0003951	-
h1SMnG0003952	-
h1SMnG0003953	-
h1SMnG0003954	-
h1SMnG0003955	-
h1SMnG0003956	-
h1SMnG0003957	-
h1SMnG0003958	-
h1SMnG0003959	-
h1SMnG0003960	-
h1SMnG0003961	-
h1SMnG0003962	-
h1SMnG0003963	-
h1SMnG0003964	-
h1SMnG0003965	-
h1SMnG0003966	-
h1SMnG0003967	-
h1SMnG0003968	-
h1SMnG0003969	-
h1SMnG0003970	-
h1SMnG0003971	-
h1SMnG0003972	-
h1SMnG0003973	-
h1SMnG0003974	O
h1SMnG0003975	-
h1SMnG0003976	-
h1SMnG0003977	-
h1SMnG0003978	-
h1SMnG0003979	-
h1SMnG0003980	-
h1SMnG0003981	-
h1SMnG0003982	-
h1SMnG0003983	-
h1SMnG0003984	-
h1SMnG0003985	-
h1SMnG0003986	-
h1SMnG0003987	-
h1SMnG0003988	-
h1SMnG0003989	-
h1SMnG0003990	-
h1SMnG0003991	-
h1SMnG0003992	-
h1SMnG0003993	-
h1SMnG0003994	-
h1SMnG0003995	-
h1SMnG0003996	-
h1SMnG0003997	-
h1SMnG0003998	-
h1SMnG0003999	-
h1SMnG0004000	-
h1SMnG0004001	-
h1SMnG0004002	-
h1SMnG0004003	-
h1SMnG0004004	-
h1SMnG0004005	-
h1SMnG0004006	-
h1SMnG0004007	-
h1SMnG0004008	-
h1SMnG0004009	-
h1SMnG0004010	-
h1SMnG0004011	-
h1SMnG0004012	-
h1SMnG0004013	-
h1SMnG0004014	-
h1SMnG0004015	-
h1SMnG0004016	-
h1SMnG0004017	-
h1SMnG0004018	-
h1SMnG0004019	-
h1SMnG0004020	-
h1SMnG0004021	-
h1SMnG0004022	-
h1SMnG0004023	-
h1SMnG0004024	-
h1SMnG0004025	-
h1SMnG0004026	-
h1SMnG0004027	-
h1SMnG0004028	-
h1SMnG0004029	-
h1SMnG0004030	-
h1SMnG0004031	-
h1SMnG0004032	-
h1SMnG0004033	-
h1SMnG0004034	-
h1SMnG0004035	-
h1SMnG0004036	-
h1SMnG0004037	-
h1SMnG0004038	-
h1SMnG0004039	-
h1SMnG0004040	-
h1SMnG0004041	-
h1SMnG0004042	-
h1SMnG0004043	-
h1SMnG0004044	-
h1SMnG0004045	-
h1SMnG0004046	-
h1SMnG0004047	-
h1SMnG0004048	-
h1SMnG0004049	-
h1SMnG0004050	-
h1SMnG0004051	-
h1SMnG0004052	-
h1SMnG0004053	-
h1SMnG0004054	-
h1SMnG0004055	-
h1SMnG0004056	-
h1SMnG0004057	-
h1SMnG0004058	-
h1SMnG0004059	-
h1SMnG0004060	-
h1SMnG0004061	-
h1SMnG0004062	-
h1SMnG0004063	-
h1SMnG0004064	-
h1SMnG0004065	-
h1SMnG0004066	-
h1SMnG0004067	-
h1SMnG0004068	-
h1SMnG0004069	-
h1SMnG0004070	-
h1SMnG0004071	-
h1SMnG0004072	-
h1SMnG0004073	-
h1SMnG0004074	-
h1SMnG0004075	-
h1SMnG0004076	-
h1SMnG0004077	-
h1SMnG0004078	-
h1SMnG0004079	T
h1SMnG0004080	-
h1SMnG0004081	-
h1SMnG0004082	-
h1SMnG0004083	-
h1SMnG0004084	-
h1SMnG0004085	-
h1SMnG0004086	-
h1SMnG0004087	-
h1SMnG0004088	-
h1SMnG0004089	-
h1SMnG0004090	-
h1SMnG0004091	-
h1SMnG0004092	-
h1SMnG0004093	-
h1SMnG0004094	-
h1SMnG0004095	-
h1SMnG0004096	-
h1SMnG0004097	-
h1SMnG0004098	-
h1SMnG0004099	-
h1SMnG0004100	-
h1SMnG0004101	-
h1SMnG0004102	-
h1SMnG0004103	-
h1SMnG0004104	-
h1SMnG0004105	-
h1SMnG0004106	-
h1SMnG0004107	-
h1SMnG0004108	-
h1SMnG0004109	-
h1SMnG0004110	-
h1SMnG0004111	-
h1SMnG0004112	-
h1SMnG0004113	-
h1SMnG0004114	-
h1SMnG0004115	S
h1SMnG0004116	-
h1SMnG0004117	-
h1SMnG0004118	-
h1SMnG0004119	-
h1SMnG0004120	-
h1SMnG0004121	-
h1SMnG0004122	-
h1SMnG0004123	-
h1SMnG0004124	-
h1SMnG0004125	-
h1SMnG0004126	-
h1SMnG0004127	-
h1SMnG0004128	-
h1SMnG0004129	-
h1SMnG0004130	-
h1SMnG0004131	-
h1SMnG0004132	-
h1SMnG0004133	-
h1SMnG0004134	-
h1SMnG0004135	-
h1SMnG0004136	-
h1SMnG0004137	O
h1SMnG0004138	-
h1SMnG0004139	S
h1SMnG0004140	-
h1SMnG0004141	-
h1SMnG0004142	-
h1SMnG0004143	-
h1SMnG0004144	-
h1SMnG0004145	-
h1SMnG0004146	-
h1SMnG0004147	-
h1SMnG0004148	-
h1SMnG0004149	-
h1SMnG0004150	-
h1SMnG0004151	-
h1SMnG0004152	-
h1SMnG0004153	-
h1SMnG0004154	-
h1SMnG0004155	-
h1SMnG0004156	-
h1SMnG0004157	-
h1SMnG0004158	-
h1SMnG0004159	-
h1SMnG0004160	-
h1SMnG0004161	-
h1SMnG0004162	-
h1SMnG0004163	-
h1SMnG0004164	-
h1SMnG0004165	-
h1SMnG0004166	-
h1SMnG0004167	-
h1SMnG0004168	-
h1SMnG0004169	-
h1SMnG0004170	-
h1SMnG0004171	L
h1SMnG0004172	-
h1SMnG0004173	-
h1SMnG0004174	-
h1SMnG0004175	-
h1SMnG0004176	-
h1SMnG0004177	-
h1SMnG0004178	-
h1SMnG0004179	G
h1SMnG0004180	-
h1SMnG0004181	-
h1SMnG0004182	-
h1SMnG0004183	-
h1SMnG0004184	-
h1SMnG0004185	-
h1SMnG0004186	-
h1SMnG0004187	-
h1SMnG0004188	-
h1SMnG0004189	-
h1SMnG0004190	-
h1SMnG0004191	-
h1SMnG0004192	-
h1SMnG0004193	-
h1SMnG0004194	-
h1SMnG0004195	-
h1SMnG0004196	-
h1SMnG0004197	-
h1SMnG0004198	-
h1SMnG0004199	-
h1SMnG0004200	-
h1SMnG0004201	-
h1SMnG0004202	-
h1SMnG0004203	-
h1SMnG0004204	-
h1SMnG0004205	-
h1SMnG0004206	-
h1SMnG0004207	-
h1SMnG0004208	-
h1SMnG0004209	-
h1SMnG0004210	-
h1SMnG0004211	-
h1SMnG0004212	-
h1SMnG0004213	-
h1SMnG0004214	-
h1SMnG0004215	-
h1SMnG0004216	-
h1SMnG0004217	-
h1SMnG0004218	-
h1SMnG0004219	-
h1SMnG0004220	-
h1SMnG0004221	-
h1SMnG0004222	M
h1SMnG0004223	-
h1SMnG0004224	-
h1SMnG0004225	-
h1SMnG0004226	-
h1SMnG0004227	-
h1SMnG0004228	-
h1SMnG0004229	-
h1SMnG0004230	-
h1SMnG0004231	-
h1SMnG0004232	U
h1SMnG0004233	-
h1SMnG0004234	-
h1SMnG0004235	-
h1SMnG0004236	-
h1SMnG0004237	O
h1SMnG0004238	-
h1SMnG0004239	-
h1SMnG0004240	-
h1SMnG0004241	-
h1SMnG0004242	-
h1SMnG0004243	-
h1SMnG0004244	-
h1SMnG0004245	-
h1SMnG0004246	-
h1SMnG0004247	-
h1SMnG0004248	-
h1SMnG0004249	-
h1SMnG0004250	-
h1SMnG0004251	-
h1SMnG0004252	-
h1SMnG0004253	-
h1SMnG0004254	-
h1SMnG0004255	-
h1SMnG0004256	-
h1SMnG0004257	-
h1SMnG0004258	-
h1SMnG0004259	-
h1SMnG0004260	-
h1SMnG0004261	-
h1SMnG0004262	-
h1SMnG0004263	-
h1SMnG0004264	-
h1SMnG0004265	-
h1SMnG0004266	-
h1SMnG0004267	-
h1SMnG0004268	-
h1SMnG0004269	-
h1SMnG0004270	-
h1SMnG0004271	-
h1SMnG0004272	-
h1SMnG0004273	-
h1SMnG0004274	-
h1SMnG0004275	-
h1SMnG0004276	-
h1SMnG0004277	-
h1SMnG0004278	-
h1SMnG0004279	-
h1SMnG0004280	-
h1SMnG0004281	-
h1SMnG0004282	-
h1SMnG0004283	-
h1SMnG0004284	Z
h1SMnG0004285	-
h1SMnG0004286	-
h1SMnG0004287	-
h1SMnG0004288	-
h1SMnG0004289	-
h1SMnG0004290	-
h1SMnG0004291	-
h1SMnG0004292	-
h1SMnG0004293	-
h1SMnG0004294	-
h1SMnG0004295	-
h1SMnG0004296	-
h1SMnG0004297	-
h1SMnG0004298	-
h1SMnG0004299	-
h1SMnG0004300	-
h1SMnG0004301	-
h1SMnG0004302	-
h1SMnG0004303	-
h1SMnG0004304	-
h1SMnG0004305	-
h1SMnG0004306	-
h1SMnG0004307	-
h1SMnG0004308	-
h1SMnG0004309	-
h1SMnG0004310	-
h1SMnG0004311	-
h1SMnG0004312	-
h1SMnG0004313	-
h1SMnG0004314	-
h1SMnG0004315	-
h1SMnG0004316	-
h1SMnG0004317	-
h1SMnG0004318	-
h1SMnG0004319	-
h1SMnG0004320	-
h1SMnG0004321	-
h1SMnG0004322	-
h1SMnG0004323	-
h1SMnG0004324	-
h1SMnG0004325	-
h1SMnG0004326	-
h1SMnG0004327	-
h1SMnG0004328	-
h1SMnG0004329	-
h1SMnG0004330	-
h1SMnG0004331	-
h1SMnG0004332	-
h1SMnG0004333	-
h1SMnG0004334	-
h1SMnG0004335	-
h1SMnG0004336	-
h1SMnG0004337	-
h1SMnG0004338	-
h1SMnG0004339	-
h1SMnG0004340	S
h1SMnG0004341	-
h1SMnG0004342	-
h1SMnG0004343	-
h1SMnG0004344	-
h1SMnG0004345	J
h1SMnG0004346	-
h1SMnG0004347	-
h1SMnG0004348	-
h1SMnG0004349	-
h1SMnG0004350	-
h1SMnG0004351	-
h1SMnG0004352	-
h1SMnG0004353	-
h1SMnG0004354	-
h1SMnG0004355	-
h1SMnG0004356	-
h1SMnG0004357	-
h1SMnG0004358	-
h1SMnG0004359	-
h1SMnG0004360	-
h1SMnG0004361	-
h1SMnG0004362	-
h1SMnG0004363	-
h1SMnG0004364	-
h1SMnG0004365	-
h1SMnG0004366	-
h1SMnG0004367	-
h1SMnG0004368	-
h1SMnG0004369	-
h1SMnG0004370	-
h1SMnG0004371	-
h1SMnG0004372	-
h1SMnG0004373	-
h1SMnG0004374	-
h1SMnG0004375	-
h1SMnG0004376	-
h1SMnG0004377	-
h1SMnG0004378	-
h1SMnG0004379	-
h1SMnG0004380	-
h1SMnG0004381	S
h1SMnG0004382	-
h1SMnG0004383	-
h1SMnG0004384	-
h1SMnG0004385	-
h1SMnG0004386	-
h1SMnG0004387	-
h1SMnG0004388	-
h1SMnG0004389	-
h1SMnG0004390	-
h1SMnG0004391	-
h1SMnG0004392	-
h1SMnG0004393	-
h1SMnG0004394	-
h1SMnG0004395	-
h1SMnG0004396	-
h1SMnG0004397	-
h1SMnG0004398	-
h1SMnG0004399	-
h1SMnG0004400	-
h1SMnG0004401	-
h1SMnG0004402	-
h1SMnG0004403	-
h1SMnG0004404	-
h1SMnG0004405	-
h1SMnG0004406	-
h1SMnG0004407	-
h1SMnG0004408	-
h1SMnG0004409	-
h1SMnG0004410	-
h1SMnG0004411	-
h1SMnG0004412	-
h1SMnG0004413	-
h1SMnG0004414	-
h1SMnG0004415	-
h1SMnG0004416	-
h1SMnG0004417	-
h1SMnG0004418	-
h1SMnG0004419	-
h1SMnG0004420	-
h1SMnG0004421	-
h1SMnG0004422	-
h1SMnG0004423	-
h1SMnG0004424	-
h1SMnG0004425	-
h1SMnG0004426	-
h1SMnG0004427	-
h1SMnG0004428	-
h1SMnG0004429	-
h1SMnG0004430	-
h1SMnG0004431	-
h1SMnG0004432	-
h1SMnG0004433	-
h1SMnG0004434	-
h1SMnG0004435	-
h1SMnG0004436	-
h1SMnG0004437	-
h1SMnG0004438	-
h1SMnG0004439	-
h1SMnG0004440	-
h1SMnG0004441	-
h1SMnG0004442	-
h1SMnG0004443	-
h1SMnG0004444	-
h1SMnG0004445	-
h1SMnG0004446	-
h1SMnG0004447	-
h1SMnG0004448	-
h1SMnG0004449	-
h1SMnG0004450	-
h1SMnG0004451	-
h1SMnG0004452	-
h1SMnG0004453	-
h1SMnG0004454	-
h1SMnG0004455	-
h1SMnG0004456	-
h1SMnG0004457	-
h1SMnG0004458	-
h1SMnG0004459	-
h1SMnG0004460	-
h1SMnG0004461	-
h1SMnG0004462	-
h1SMnG0004463	-
h1SMnG0004464	-
h1SMnG0004465	-
h1SMnG0004466	-
h1SMnG0004467	-
h1SMnG0004468	-
h1SMnG0004469	-
h1SMnG0004470	-
h1SMnG0004471	-
h1SMnG0004472	-
h1SMnG0004473	-
h1SMnG0004474	-
h1SMnG0004475	-
h1SMnG0004476	-
h1SMnG0004477	-
h1SMnG0004478	-
h1SMnG0004479	-
h1SMnG0004480	-
h1SMnG0004481	-
h1SMnG0004482	-
h1SMnG0004483	-
h1SMnG0004484	-
h1SMnG0004485	-
h1SMnG0004486	-
h1SMnG0004487	-
h1SMnG0004488	-
h1SMnG0004489	-
h1SMnG0004490	-
h1SMnG0004491	-
h1SMnG0004492	-
h1SMnG0004493	-
h1SMnG0004494	-
h1SMnG0004495	-
h1SMnG0004496	-
h1SMnG0004497	-
h1SMnG0004498	-
h1SMnG0004499	-
h1SMnG0004500	-
h1SMnG0004501	-
h1SMnG0004502	-
h1SMnG0004503	T
h1SMnG0004504	Z
h1SMnG0004505	-
h1SMnG0004506	-
h1SMnG0004507	-
h1SMnG0004508	-
h1SMnG0004509	-
h1SMnG0004510	L
h1SMnG0004511	-
h1SMnG0004512	I
h1SMnG0004513	-
h1SMnG0004514	-
h1SMnG0004515	-
h1SMnG0004516	O
h1SMnG0004517	-
h1SMnG0004518	-
h1SMnG0004519	-
h1SMnG0004520	-
h1SMnG0004521	-
h1SMnG0004522	-
h1SMnG0004523	-
h1SMnG0004524	-
h1SMnG0004525	-
h1SMnG0004526	-
h1SMnG0004527	-
h1SMnG0004528	-
h1SMnG0004529	-
h1SMnG0004530	-
h1SMnG0004531	-
h1SMnG0004532	-
h1SMnG0004533	-
h1SMnG0004534	-
h1SMnG0004535	-
h1SMnG0004536	-
h1SMnG0004537	-
h1SMnG0004538	-
h1SMnG0004539	-
h1SMnG0004540	-
h1SMnG0004541	-
h1SMnG0004542	-
h1SMnG0004543	-
h1SMnG0004544	-
h1SMnG0004545	-
h1SMnG0004546	-
h1SMnG0004547	-
h1SMnG0004548	-
h1SMnG0004549	-
h1SMnG0004550	-
h1SMnG0004551	U
h1SMnG0004552	-
h1SMnG0004553	-
h1SMnG0004554	-
h1SMnG0004555	-
h1SMnG0004556	-
h1SMnG0004557	-
h1SMnG0004558	-
h1SMnG0004559	-
h1SMnG0004560	-
h1SMnG0004561	-
h1SMnG0004562	-
h1SMnG0004563	-
h1SMnG0004564	-
h1SMnG0004565	-
h1SMnG0004566	-
h1SMnG0004567	-
h1SMnG0004568	-
h1SMnG0004569	-
h1SMnG0004570	-
h1SMnG0004571	-
h1SMnG0004572	-
h1SMnG0004573	-
h1SMnG0004574	-
h1SMnG0004575	-
h1SMnG0004576	-
h1SMnG0004577	-
h1SMnG0004578	-
h1SMnG0004579	-
h1SMnG0004580	-
h1SMnG0004581	-
h1SMnG0004582	-
h1SMnG0004583	-
h1SMnG0004584	-
h1SMnG0004585	-
h1SMnG0004586	-
h1SMnG0004587	-
h1SMnG0004588	-
h1SMnG0004589	-
h1SMnG0004590	-
h1SMnG0004591	-
h1SMnG0004592	-
h1SMnG0004593	-
h1SMnG0004594	-
h1SMnG0004595	-
h1SMnG0004596	-
h1SMnG0004597	-
h1SMnG0004598	-
h1SMnG0004599	E
h1SMnG0004600	-
h1SMnG0004601	S
h1SMnG0004602	-
h1SMnG0004603	-
h1SMnG0004604	-
h1SMnG0004605	-
h1SMnG0004606	-
h1SMnG0004607	-
h1SMnG0004608	-
h1SMnG0004609	-
h1SMnG0004610	S
h1SMnG0004611	-
h1SMnG0004612	-
h1SMnG0004613	-
h1SMnG0004614	S
h1SMnG0004615	-
h1SMnG0004616	-
h1SMnG0004617	-
h1SMnG0004618	-
h1SMnG0004619	-
h1SMnG0004620	-
h1SMnG0004621	-
h1SMnG0004622	-
h1SMnG0004623	-
h1SMnG0004624	-
h1SMnG0004625	-
h1SMnG0004626	-
h1SMnG0004627	-
h1SMnG0004628	-
h1SMnG0004629	-
h1SMnG0004630	-
h1SMnG0004631	-
h1SMnG0004632	-
h1SMnG0004633	-
h1SMnG0004634	-
h1SMnG0004635	-
h1SMnG0004636	-
h1SMnG0004637	-
h1SMnG0004638	-
h1SMnG0004639	-
h1SMnG0004640	-
h1SMnG0004641	-
h1SMnG0004642	-
h1SMnG0004643	-
h1SMnG0004644	-
h1SMnG0004645	-
h1SMnG0004646	-
h1SMnG0004647	-
h1SMnG0004648	-
h1SMnG0004649	C
h1SMnG0004650	-
h1SMnG0004651	-
h1SMnG0004652	-
h1SMnG0004653	-
h1SMnG0004654	-
h1SMnG0004655	-
h1SMnG0004656	-
h1SMnG0004657	-
h1SMnG0004658	-
h1SMnG0004659	-
h1SMnG0004660	-
h1SMnG0004661	-
h1SMnG0004662	-
h1SMnG0004663	-
h1SMnG0004664	S
h1SMnG0004665	-
h1SMnG0004666	-
h1SMnG0004667	-
h1SMnG0004668	-
h1SMnG0004669	-
h1SMnG0004670	-
h1SMnG0004671	-
h1SMnG0004672	-
h1SMnG0004673	-
h1SMnG0004674	-
h1SMnG0004675	-
h1SMnG0004676	-
h1SMnG0004677	-
h1SMnG0004678	-
h1SMnG0004679	-
h1SMnG0004680	-
h1SMnG0004681	-
h1SMnG0004682	-
h1SMnG0004683	-
h1SMnG0004684	-
h1SMnG0004685	-
h1SMnG0004686	-
h1SMnG0004687	-
h1SMnG0004688	-
h1SMnG0004689	-
h1SMnG0004690	-
h1SMnG0004691	-
h1SMnG0004692	-
h1SMnG0004693	-
h1SMnG0004694	-
h1SMnG0004695	-
h1SMnG0004696	-
h1SMnG0004697	-
h1SMnG0004698	-
h1SMnG0004699	-
h1SMnG0004700	-
h1SMnG0004701	-
h1SMnG0004702	-
h1SMnG0004703	-
h1SMnG0004704	-
h1SMnG0004705	-
h1SMnG0004706	-
h1SMnG0004707	-
h1SMnG0004708	-
h1SMnG0004709	-
h1SMnG0004710	T
h1SMnG0004711	-
h1SMnG0004712	-
h1SMnG0004713	-
h1SMnG0004714	-
h1SMnG0004715	-
h1SMnG0004716	-
h1SMnG0004717	-
h1SMnG0004718	-
h1SMnG0004719	-
h1SMnG0004720	-
h1SMnG0004721	-
h1SMnG0004722	-
h1SMnG0004723	-
h1SMnG0004724	-
h1SMnG0004725	-
h1SMnG0004726	-
h1SMnG0004727	-
h1SMnG0004728	-
h1SMnG0004729	-
h1SMnG0004730	-
h1SMnG0004731	-
h1SMnG0004732	-
h1SMnG0004733	-
h1SMnG0004734	T
h1SMnG0004735	-
h1SMnG0004736	-
h1SMnG0004737	-
h1SMnG0004738	-
h1SMnG0004739	-
h1SMnG0004740	-
h1SMnG0004741	T
h1SMnG0004742	-
h1SMnG0004743	-
h1SMnG0004744	-
h1SMnG0004745	-
h1SMnG0004746	-
h1SMnG0004747	-
h1SMnG0004748	-
h1SMnG0004749	-
h1SMnG0004750	-
h1SMnG0004751	-
h1SMnG0004752	-
h1SMnG0004753	-
h1SMnG0004754	-
h1SMnG0004755	-
h1SMnG0004756	-
h1SMnG0004757	S
h1SMnG0004758	-
h1SMnG0004759	-
h1SMnG0004760	-
h1SMnG0004761	-
h1SMnG0004762	-
h1SMnG0004763	-
h1SMnG0004764	-
h1SMnG0004765	-
h1SMnG0004766	-
h1SMnG0004767	-
h1SMnG0004768	-
h1SMnG0004769	-
h1SMnG0004770	-
h1SMnG0004771	-
h1SMnG0004772	-
h1SMnG0004773	-
h1SMnG0004774	-
h1SMnG0004775	-
h1SMnG0004776	-
h1SMnG0004777	-
h1SMnG0004778	-
h1SMnG0004779	-
h1SMnG0004780	-
h1SMnG0004781	-
h1SMnG0004782	-
h1SMnG0004783	-
h1SMnG0004784	-
h1SMnG0004785	-
h1SMnG0004786	-
h1SMnG0004787	-
h1SMnG0004788	-
h1SMnG0004789	-
h1SMnG0004790	-
h1SMnG0004791	-
h1SMnG0004792	-
h1SMnG0004793	-
h1SMnG0004794	-
h1SMnG0004795	-
h1SMnG0004796	-
h1SMnG0004797	-
h1SMnG0004798	-
h1SMnG0004799	-
h1SMnG0004800	-
h1SMnG0004801	-
h1SMnG0004802	-
h1SMnG0004803	-
h1SMnG0004804	-
h1SMnG0004805	-
h1SMnG0004806	-
h1SMnG0004807	-
h1SMnG0004808	-
h1SMnG0004809	-
h1SMnG0004810	-
h1SMnG0004811	-
h1SMnG0004812	-
h1SMnG0004813	-
h1SMnG0004814	-
h1SMnG0004815	-
h1SMnG0004816	-
h1SMnG0004817	-
h1SMnG0004818	-
h1SMnG0004819	-
h1SMnG0004820	-
h1SMnG0004821	-
h1SMnG0004822	-
h1SMnG0004823	S
h1SMnG0004824	-
h1SMnG0004825	-
h1SMnG0004826	-
h1SMnG0004827	-
h1SMnG0004828	-
h1SMnG0004829	-
h1SMnG0004830	-
h1SMnG0004831	-
h1SMnG0004832	-
h1SMnG0004833	-
h1SMnG0004834	-
h1SMnG0004835	-
h1SMnG0004836	-
h1SMnG0004837	-
h1SMnG0004838	-
h1SMnG0004839	-
h1SMnG0004840	-
h1SMnG0004841	-
h1SMnG0004842	-
h1SMnG0004843	-
h1SMnG0004844	-
h1SMnG0004845	-
h1SMnG0004846	-
h1SMnG0004847	-
h1SMnG0004848	-
h1SMnG0004849	-
h1SMnG0004850	-
h1SMnG0004851	-
h1SMnG0004852	-
h1SMnG0004853	-
h1SMnG0004854	-
h1SMnG0004855	-
h1SMnG0004856	-
h1SMnG0004857	-
h1SMnG0004858	-
h1SMnG0004859	-
h1SMnG0004860	-
h1SMnG0004861	-
h1SMnG0004862	-
h1SMnG0004863	-
h1SMnG0004864	-
h1SMnG0004865	-
h1SMnG0004866	-
h1SMnG0004867	-
h1SMnG0004868	-
h1SMnG0004869	-
h1SMnG0004870	-
h1SMnG0004871	-
h1SMnG0004872	-
h1SMnG0004873	-
h1SMnG0004874	-
h1SMnG0004875	-
h1SMnG0004876	-
h1SMnG0004877	-
h1SMnG0004878	-
h1SMnG0004879	-
h1SMnG0004880	-
h1SMnG0004881	-
h1SMnG0004882	-
h1SMnG0004883	S
h1SMnG0004884	-
h1SMnG0004885	-
h1SMnG0004886	-
h1SMnG0004887	-
h1SMnG0004888	-
h1SMnG0004889	-
h1SMnG0004890	-
h1SMnG0004891	-
h1SMnG0004892	-
h1SMnG0004893	-
h1SMnG0004894	-
h1SMnG0004895	-
h1SMnG0004896	-
h1SMnG0004897	-
h1SMnG0004898	-
h1SMnG0004899	-
h1SMnG0004900	-
h1SMnG0004901	-
h1SMnG0004902	-
h1SMnG0004903	-
h1SMnG0004904	-
h1SMnG0004905	-
h1SMnG0004906	-
h1SMnG0004907	-
h1SMnG0004908	-
h1SMnG0004909	-
h1SMnG0004910	-
h1SMnG0004911	-
h1SMnG0004912	-
h1SMnG0004913	-
h1SMnG0004914	-
h1SMnG0004915	-
h1SMnG0004916	-
h1SMnG0004917	-
h1SMnG0004918	-
h1SMnG0004919	-
h1SMnG0004920	-
h1SMnG0004921	-
h1SMnG0004922	-
h1SMnG0004923	-
h1SMnG0004924	-
h1SMnG0004925	-
h1SMnG0004926	-
h1SMnG0004927	-
h1SMnG0004928	-
h1SMnG0004929	-
h1SMnG0004930	-
h1SMnG0004931	-
h1SMnG0004932	-
h1SMnG0004933	-
h1SMnG0004934	-
h1SMnG0004935	-
h1SMnG0004936	-
h1SMnG0004937	-
h1SMnG0004938	-
h1SMnG0004939	-
h1SMnG0004940	-
h1SMnG0004941	-
h1SMnG0004942	-
h1SMnG0004943	-
h1SMnG0004944	-
h1SMnG0004945	-
h1SMnG0004946	-
h1SMnG0004947	-
h1SMnG0004948	-
h1SMnG0004949	-
h1SMnG0004950	-
h1SMnG0004951	-
h1SMnG0004952	-
h1SMnG0004953	-
h1SMnG0004954	-
h1SMnG0004955	-
h1SMnG0004956	-
h1SMnG0004957	-
h1SMnG0004958	-
h1SMnG0004959	-
h1SMnG0004960	-
h1SMnG0004961	-
h1SMnG0004962	-
h1SMnG0004963	-
h1SMnG0004964	-
h1SMnG0004965	-
h1SMnG0004966	-
h1SMnG0004967	-
h1SMnG0004968	-
h1SMnG0004969	IQ
h1SMnG0004970	-
h1SMnG0004971	-
h1SMnG0004972	-
h1SMnG0004973	-
h1SMnG0004974	-
h1SMnG0004975	-
h1SMnG0004976	-
h1SMnG0004977	-
h1SMnG0004978	-
h1SMnG0004979	-
h1SMnG0004980	-
h1SMnG0004981	-
h1SMnG0004982	-
h1SMnG0004983	-
h1SMnG0004984	-
h1SMnG0004985	-
h1SMnG0004986	-
h1SMnG0004987	-
h1SMnG0004988	-
h1SMnG0004989	-
h1SMnG0004990	-
h1SMnG0004991	-
h1SMnG0004992	-
h1SMnG0004993	-
h1SMnG0004994	-
h1SMnG0004995	-
h1SMnG0004996	-
h1SMnG0004997	-
h1SMnG0004998	-
h1SMnG0004999	-
h1SMnG0005000	-
h1SMnG0005001	U
h1SMnG0005002	-
h1SMnG0005003	-
h1SMnG0005004	-
h1SMnG0005005	-
h1SMnG0005006	-
h1SMnG0005007	-
h1SMnG0005008	-
h1SMnG0005009	Z
h1SMnG0005010	-
h1SMnG0005011	-
h1SMnG0005012	-
h1SMnG0005013	-
h1SMnG0005014	-
h1SMnG0005015	-
h1SMnG0005016	-
h1SMnG0005017	-
h1SMnG0005018	-
h1SMnG0005019	-
h1SMnG0005020	-
h1SMnG0005021	-
h1SMnG0005022	-
h1SMnG0005023	-
h1SMnG0005024	-
h1SMnG0005025	-
h1SMnG0005026	-
h1SMnG0005027	-
h1SMnG0005028	-
h1SMnG0005029	-
h1SMnG0005030	-
h1SMnG0005031	S
h1SMnG0005032	-
h1SMnG0005033	-
h1SMnG0005034	-
h1SMnG0005035	-
h1SMnG0005036	-
h1SMnG0005037	TU
h1SMnG0005038	-
h1SMnG0005039	-
h1SMnG0005040	-
h1SMnG0005041	-
h1SMnG0005042	-
h1SMnG0005043	-
h1SMnG0005044	S
h1SMnG0005045	-
h1SMnG0005046	ADK
h1SMnG0005047	-
h1SMnG0005048	-
h1SMnG0005049	-
h1SMnG0005050	-
h1SMnG0005051	-
h1SMnG0005052	-
h1SMnG0005053	-
h1SMnG0005054	-
h1SMnG0005055	-
h1SMnG0005056	-
h1SMnG0005057	-
h1SMnG0005058	-
h1SMnG0005059	-
h1SMnG0005060	-
h1SMnG0005061	-
h1SMnG0005062	-
h1SMnG0005063	-
h1SMnG0005064	-
h1SMnG0005065	-
h1SMnG0005066	-
h1SMnG0005067	-
h1SMnG0005068	-
h1SMnG0005069	-
h1SMnG0005070	-
h1SMnG0005071	-
h1SMnG0005072	-
h1SMnG0005073	-
h1SMnG0005074	-
h1SMnG0005075	-
h1SMnG0005076	-
h1SMnG0005077	-
h1SMnG0005078	-
h1SMnG0005079	-
h1SMnG0005080	-
h1SMnG0005081	-
h1SMnG0005082	-
h1SMnG0005083	-
h1SMnG0005084	-
h1SMnG0005085	-
h1SMnG0005086	-
h1SMnG0005087	-
h1SMnG0005088	-
h1SMnG0005089	-
h1SMnG0005090	-
h1SMnG0005091	-
h1SMnG0005092	-
h1SMnG0005093	-
h1SMnG0005094	-
h1SMnG0005095	-
h1SMnG0005096	-
h1SMnG0005097	E
h1SMnG0005098	-
h1SMnG0005099	-
h1SMnG0005100	-
h1SMnG0005101	-
h1SMnG0005102	-
h1SMnG0005103	-
h1SMnG0005104	-
h1SMnG0005105	-
h1SMnG0005106	-
h1SMnG0005107	-
h1SMnG0005108	-
h1SMnG0005109	-
h1SMnG0005110	-
h1SMnG0005111	-
h1SMnG0005112	-
h1SMnG0005113	-
h1SMnG0005114	-
h1SMnG0005115	-
h1SMnG0005116	-
h1SMnG0005117	-
h1SMnG0005118	-
h1SMnG0005119	-
h1SMnG0005120	-
h1SMnG0005121	-
h1SMnG0005122	-
h1SMnG0005123	-
h1SMnG0005124	-
h1SMnG0005125	-
h1SMnG0005126	-
h1SMnG0005127	-
h1SMnG0005128	-
h1SMnG0005129	-
h1SMnG0005130	-
h1SMnG0005131	-
h1SMnG0005132	-
h1SMnG0005133	-
h1SMnG0005134	-
h1SMnG0005135	-
h1SMnG0005136	-
h1SMnG0005137	-
h1SMnG0005138	-
h1SMnG0005139	-
h1SMnG0005140	-
h1SMnG0005141	-
h1SMnG0005142	-
h1SMnG0005143	-
h1SMnG0005144	-
h1SMnG0005145	-
h1SMnG0005146	-
h1SMnG0005147	-
h1SMnG0005148	-
h1SMnG0005149	-
h1SMnG0005150	-
h1SMnG0005151	-
h1SMnG0005152	-
h1SMnG0005153	-
h1SMnG0005154	U
h1SMnG0005155	-
h1SMnG0005156	-
h1SMnG0005157	-
h1SMnG0005158	-
h1SMnG0005159	-
h1SMnG0005160	-
h1SMnG0005161	-
h1SMnG0005162	-
h1SMnG0005163	-
h1SMnG0005164	-
h1SMnG0005165	-
h1SMnG0005166	-
h1SMnG0005167	-
h1SMnG0005168	-
h1SMnG0005169	-
h1SMnG0005170	-
h1SMnG0005171	-
h1SMnG0005172	-
h1SMnG0005173	-
h1SMnG0005174	-
h1SMnG0005175	-
h1SMnG0005176	-
h1SMnG0005177	-
h1SMnG0005178	-
h1SMnG0005179	-
h1SMnG0005180	-
h1SMnG0005181	-
h1SMnG0005182	-
h1SMnG0005183	-
h1SMnG0005184	-
h1SMnG0005185	-
h1SMnG0005186	-
h1SMnG0005187	-
h1SMnG0005188	Q
h1SMnG0005189	-
h1SMnG0005190	-
h1SMnG0005191	-
h1SMnG0005192	-
h1SMnG0005193	-
h1SMnG0005194	-
h1SMnG0005195	-
h1SMnG0005196	-
h1SMnG0005197	-
h1SMnG0005198	-
h1SMnG0005199	-
h1SMnG0005200	-
h1SMnG0005201	-
h1SMnG0005202	-
h1SMnG0005203	-
h1SMnG0005204	-
h1SMnG0005205	-
h1SMnG0005206	-
h1SMnG0005207	-
h1SMnG0005208	-
h1SMnG0005209	-
h1SMnG0005210	-
h1SMnG0005211	-
h1SMnG0005212	-
h1SMnG0005213	-
h1SMnG0005214	-
h1SMnG0005215	-
h1SMnG0005216	-
h1SMnG0005217	-
h1SMnG0005218	S
h1SMnG0005219	-
h1SMnG0005220	-
h1SMnG0005221	-
h1SMnG0005222	-
h1SMnG0005223	-
h1SMnG0005224	-
h1SMnG0005225	-
h1SMnG0005226	-
h1SMnG0005227	-
h1SMnG0005228	-
h1SMnG0005229	-
h1SMnG0005230	-
h1SMnG0005231	-
h1SMnG0005232	-
h1SMnG0005233	-
h1SMnG0005234	-
h1SMnG0005235	-
h1SMnG0005236	-
h1SMnG0005237	-
h1SMnG0005238	-
h1SMnG0005239	-
h1SMnG0005240	-
h1SMnG0005241	-
h1SMnG0005242	-
h1SMnG0005243	-
h1SMnG0005244	-
h1SMnG0005245	C
h1SMnG0005246	-
h1SMnG0005247	-
h1SMnG0005248	-
h1SMnG0005249	-
h1SMnG0005250	-
h1SMnG0005251	-
h1SMnG0005252	-
h1SMnG0005253	-
h1SMnG0005254	-
h1SMnG0005255	-
h1SMnG0005256	-
h1SMnG0005257	-
h1SMnG0005258	-
h1SMnG0005259	-
h1SMnG0005260	-
h1SMnG0005261	-
h1SMnG0005262	-
h1SMnG0005263	-
h1SMnG0005264	-
h1SMnG0005265	-
h1SMnG0005266	UY
h1SMnG0005267	-
h1SMnG0005268	-
h1SMnG0005269	K
h1SMnG0005270	-
h1SMnG0005271	-
h1SMnG0005272	-
h1SMnG0005273	-
h1SMnG0005274	-
h1SMnG0005275	-
h1SMnG0005276	-
h1SMnG0005277	-
h1SMnG0005278	-
h1SMnG0005279	-
h1SMnG0005280	-
h1SMnG0005281	-
h1SMnG0005282	-
h1SMnG0005283	-
h1SMnG0005284	-
h1SMnG0005285	-
h1SMnG0005286	-
h1SMnG0005287	-
h1SMnG0005288	-
h1SMnG0005289	-
h1SMnG0005290	-
h1SMnG0005291	-
h1SMnG0005292	-
h1SMnG0005293	-
h1SMnG0005294	-
h1SMnG0005295	-
h1SMnG0005296	-
h1SMnG0005297	-
h1SMnG0005298	-
h1SMnG0005299	-
h1SMnG0005300	-
h1SMnG0005301	-
h1SMnG0005302	-
h1SMnG0005303	C
h1SMnG0005304	-
h1SMnG0005305	-
h1SMnG0005306	-
h1SMnG0005307	-
h1SMnG0005308	-
h1SMnG0005309	-
h1SMnG0005310	-
h1SMnG0005311	-
h1SMnG0005312	-
h1SMnG0005313	-
h1SMnG0005314	-
h1SMnG0005315	-
h1SMnG0005316	-
h1SMnG0005317	-
h1SMnG0005318	-
h1SMnG0005319	-
h1SMnG0005320	-
h1SMnG0005321	-
h1SMnG0005322	-
h1SMnG0005323	-
h1SMnG0005324	-
h1SMnG0005325	-
h1SMnG0005326	-
h1SMnG0005327	-
h1SMnG0005328	-
h1SMnG0005329	-
h1SMnG0005330	-
h1SMnG0005331	-
h1SMnG0005332	-
h1SMnG0005333	-
h1SMnG0005334	-
h1SMnG0005335	-
h1SMnG0005336	-
h1SMnG0005337	-
h1SMnG0005338	-
h1SMnG0005339	-
h1SMnG0005340	-
h1SMnG0005341	-
h1SMnG0005342	-
h1SMnG0005343	-
h1SMnG0005344	-
h1SMnG0005345	-
h1SMnG0005346	-
h1SMnG0005347	-
h1SMnG0005348	-
h1SMnG0005349	Z
h1SMnG0005350	-
h1SMnG0005351	-
h1SMnG0005352	-
h1SMnG0005353	-
h1SMnG0005354	-
h1SMnG0005355	-
h1SMnG0005356	-
h1SMnG0005357	-
h1SMnG0005358	-
h1SMnG0005359	-
h1SMnG0005360	-
h1SMnG0005361	-
h1SMnG0005362	-
h1SMnG0005363	-
h1SMnG0005364	BK
h1SMnG0005365	-
h1SMnG0005366	-
h1SMnG0005367	-
h1SMnG0005368	-
h1SMnG0005369	-
h1SMnG0005370	-
h1SMnG0005371	-
h1SMnG0005372	-
h1SMnG0005373	-
h1SMnG0005374	-
h1SMnG0005375	-
h1SMnG0005376	-
h1SMnG0005377	-
h1SMnG0005378	-
h1SMnG0005379	-
h1SMnG0005380	-
h1SMnG0005381	-
h1SMnG0005382	-
h1SMnG0005383	-
h1SMnG0005384	-
h1SMnG0005385	-
h1SMnG0005386	-
h1SMnG0005387	-
h1SMnG0005388	-
h1SMnG0005389	-
h1SMnG0005390	-
h1SMnG0005391	-
h1SMnG0005392	-
h1SMnG0005393	-
h1SMnG0005394	-
h1SMnG0005395	-
h1SMnG0005396	-
h1SMnG0005397	-
h1SMnG0005398	-
h1SMnG0005399	-
h1SMnG0005400	-
h1SMnG0005401	-
h1SMnG0005402	-
h1SMnG0005403	-
h1SMnG0005404	-
h1SMnG0005405	-
h1SMnG0005406	-
h1SMnG0005407	-
h1SMnG0005408	-
h1SMnG0005409	-
h1SMnG0005410	-
h1SMnG0005411	-
h1SMnG0005412	-
h1SMnG0005413	-
h1SMnG0005414	-
h1SMnG0005415	-
h1SMnG0005416	-
h1SMnG0005417	-
h1SMnG0005418	-
h1SMnG0005419	-
h1SMnG0005420	-
h1SMnG0005421	-
h1SMnG0005422	-
h1SMnG0005423	-
h1SMnG0005424	-
h1SMnG0005425	-
h1SMnG0005426	-
h1SMnG0005427	-
h1SMnG0005428	-
h1SMnG0005429	-
h1SMnG0005430	-
h1SMnG0005431	-
h1SMnG0005432	-
h1SMnG0005433	-
h1SMnG0005434	-
h1SMnG0005435	-
h1SMnG0005436	-
h1SMnG0005437	-
h1SMnG0005438	-
h1SMnG0005439	-
h1SMnG0005440	-
h1SMnG0005441	-
h1SMnG0005442	-
h1SMnG0005443	-
h1SMnG0005444	-
h1SMnG0005445	-
h1SMnG0005446	-
h1SMnG0005447	-
h1SMnG0005448	-
h1SMnG0005449	-
h1SMnG0005450	-
h1SMnG0005451	-
h1SMnG0005452	-
h1SMnG0005453	-
h1SMnG0005454	-
h1SMnG0005455	-
h1SMnG0005456	-
h1SMnG0005457	-
h1SMnG0005458	S
h1SMnG0005459	-
h1SMnG0005460	-
h1SMnG0005461	-
h1SMnG0005462	-
h1SMnG0005463	-
h1SMnG0005464	T
h1SMnG0005465	-
h1SMnG0005466	-
h1SMnG0005467	-
h1SMnG0005468	-
h1SMnG0005469	-
h1SMnG0005470	-
h1SMnG0005471	-
h1SMnG0005472	-
h1SMnG0005473	-
h1SMnG0005474	-
h1SMnG0005475	-
h1SMnG0005476	-
h1SMnG0005477	-
h1SMnG0005478	-
h1SMnG0005479	-
h1SMnG0005480	-
h1SMnG0005481	-
h1SMnG0005482	-
h1SMnG0005483	-
h1SMnG0005484	-
h1SMnG0005485	-
h1SMnG0005486	OTU
h1SMnG0005487	-
h1SMnG0005488	-
h1SMnG0005489	-
h1SMnG0005490	-
h1SMnG0005491	-
h1SMnG0005492	-
h1SMnG0005493	-
h1SMnG0005494	S
h1SMnG0005495	-
h1SMnG0005496	-
h1SMnG0005497	-
h1SMnG0005498	-
h1SMnG0005499	-
h1SMnG0005500	-
h1SMnG0005501	-
h1SMnG0005502	-
h1SMnG0005503	-
h1SMnG0005504	-
h1SMnG0005505	-
h1SMnG0005506	-
h1SMnG0005507	-
h1SMnG0005508	-
h1SMnG0005509	-
h1SMnG0005510	-
h1SMnG0005511	-
h1SMnG0005512	-
h1SMnG0005513	-
h1SMnG0005514	-
h1SMnG0005515	-
h1SMnG0005516	-
h1SMnG0005517	-
h1SMnG0005518	-
h1SMnG0005519	-
h1SMnG0005520	-
h1SMnG0005521	-
h1SMnG0005522	-
h1SMnG0005523	-
h1SMnG0005524	-
h1SMnG0005525	-
h1SMnG0005526	-
h1SMnG0005527	-
h1SMnG0005528	-
h1SMnG0005529	-
h1SMnG0005530	-
h1SMnG0005531	-
h1SMnG0005532	-
h1SMnG0005533	-
h1SMnG0005534	-
h1SMnG0005535	-
h1SMnG0005536	-
h1SMnG0005537	JKL
h1SMnG0005538	-
h1SMnG0005539	-
h1SMnG0005540	-
h1SMnG0005541	-
h1SMnG0005542	-
h1SMnG0005543	-
h1SMnG0005544	-
h1SMnG0005545	-
h1SMnG0005546	-
h1SMnG0005547	-
h1SMnG0005548	-
h1SMnG0005549	-
h1SMnG0005550	-
h1SMnG0005551	-
h1SMnG0005552	-
h1SMnG0005553	-
h1SMnG0005554	-
h1SMnG0005555	-
h1SMnG0005556	-
h1SMnG0005557	-
h1SMnG0005558	-
h1SMnG0005559	-
h1SMnG0005560	-
h1SMnG0005561	-
h1SMnG0005562	-
h1SMnG0005563	-
h1SMnG0005564	-
h1SMnG0005565	-
h1SMnG0005566	-
h1SMnG0005567	-
h1SMnG0005568	-
h1SMnG0005569	-
h1SMnG0005570	-
h1SMnG0005571	-
h1SMnG0005572	-
h1SMnG0005573	-
h1SMnG0005574	-
h1SMnG0005575	-
h1SMnG0005576	-
h1SMnG0005577	-
h1SMnG0005578	-
h1SMnG0005579	-
h1SMnG0005580	-
h1SMnG0005581	-
h1SMnG0005582	-
h1SMnG0005583	-
h1SMnG0005584	-
h1SMnG0005585	-
h1SMnG0005586	-
h1SMnG0005587	-
h1SMnG0005588	-
h1SMnG0005589	-
h1SMnG0005590	-
h1SMnG0005591	K
h1SMnG0005592	-
h1SMnG0005593	-
h1SMnG0005594	U
h1SMnG0005595	-
h1SMnG0005596	-
h1SMnG0005597	-
h1SMnG0005598	-
h1SMnG0005599	-
h1SMnG0005600	-
h1SMnG0005601	-
h1SMnG0005602	-
h1SMnG0005603	-
h1SMnG0005604	-
h1SMnG0005605	-
h1SMnG0005606	-
h1SMnG0005607	-
h1SMnG0005608	-
h1SMnG0005609	-
h1SMnG0005610	O
h1SMnG0005611	-
h1SMnG0005612	H
h1SMnG0005613	-
h1SMnG0005614	-
h1SMnG0005615	-
h1SMnG0005616	-
h1SMnG0005617	-
h1SMnG0005618	-
h1SMnG0005619	-
h1SMnG0005620	-
h1SMnG0005621	-
h1SMnG0005622	-
h1SMnG0005623	-
h1SMnG0005624	-
h1SMnG0005625	-
h1SMnG0005626	-
h1SMnG0005627	-
h1SMnG0005628	-
h1SMnG0005629	-
h1SMnG0005630	-
h1SMnG0005631	-
h1SMnG0005632	-
h1SMnG0005633	-
h1SMnG0005634	-
h1SMnG0005635	-
h1SMnG0005636	-
h1SMnG0005637	-
h1SMnG0005638	-
h1SMnG0005639	-
h1SMnG0005640	-
h1SMnG0005641	-
h1SMnG0005642	-
h1SMnG0005643	-
h1SMnG0005644	-
h1SMnG0005645	-
h1SMnG0005646	-
h1SMnG0005647	-
h1SMnG0005648	-
h1SMnG0005649	-
h1SMnG0005650	-
h1SMnG0005651	-
h1SMnG0005652	-
h1SMnG0005653	-
h1SMnG0005654	-
h1SMnG0005655	-
h1SMnG0005656	-
h1SMnG0005657	-
h1SMnG0005658	-
h1SMnG0005659	S
h1SMnG0005660	-
h1SMnG0005661	-
h1SMnG0005662	-
h1SMnG0005663	-
h1SMnG0005664	-
h1SMnG0005665	-
h1SMnG0005666	-
h1SMnG0005667	-
h1SMnG0005668	-
h1SMnG0005669	-
h1SMnG0005670	-
h1SMnG0005671	-
h1SMnG0005672	-
h1SMnG0005673	-
h1SMnG0005674	-
h1SMnG0005675	-
h1SMnG0005676	-
h1SMnG0005677	-
h1SMnG0005678	-
h1SMnG0005679	-
h1SMnG0005680	-
h1SMnG0005681	-
h1SMnG0005682	-
h1SMnG0005683	-
h1SMnG0005684	-
h1SMnG0005685	-
h1SMnG0005686	-
h1SMnG0005687	-
h1SMnG0005688	-
h1SMnG0005689	-
h1SMnG0005690	-
h1SMnG0005691	-
h1SMnG0005692	-
h1SMnG0005693	-
h1SMnG0005694	-
h1SMnG0005695	-
h1SMnG0005696	S
h1SMnG0005697	-
h1SMnG0005698	-
h1SMnG0005699	-
h1SMnG0005700	-
h1SMnG0005701	-
h1SMnG0005702	-
h1SMnG0005703	-
h1SMnG0005704	-
h1SMnG0005705	-
h1SMnG0005706	-
h1SMnG0005707	-
h1SMnG0005708	-
h1SMnG0005709	-
h1SMnG0005710	-
h1SMnG0005711	S
h1SMnG0005712	-
h1SMnG0005713	-
h1SMnG0005714	-
h1SMnG0005715	-
h1SMnG0005716	-
h1SMnG0005717	-
h1SMnG0005718	-
h1SMnG0005719	-
h1SMnG0005720	-
h1SMnG0005721	-
h1SMnG0005722	-
h1SMnG0005723	-
h1SMnG0005724	-
h1SMnG0005725	-
h1SMnG0005726	-
h1SMnG0005727	-
h1SMnG0005728	-
h1SMnG0005729	-
h1SMnG0005730	-
h1SMnG0005731	-
h1SMnG0005732	-
h1SMnG0005733	-
h1SMnG0005734	-
h1SMnG0005735	-
h1SMnG0005736	-
h1SMnG0005737	-
h1SMnG0005738	-
h1SMnG0005739	-
h1SMnG0005740	-
h1SMnG0005741	-
h1SMnG0005742	-
h1SMnG0005743	-
h1SMnG0005744	-
h1SMnG0005745	Z
h1SMnG0005746	-
h1SMnG0005747	-
h1SMnG0005748	-
h1SMnG0005749	-
h1SMnG0005750	-
h1SMnG0005751	Z
h1SMnG0005752	-
h1SMnG0005753	-
h1SMnG0005754	-
h1SMnG0005755	-
h1SMnG0005756	-
h1SMnG0005757	-
h1SMnG0005758	-
h1SMnG0005759	-
h1SMnG0005760	-
h1SMnG0005761	T
h1SMnG0005762	-
h1SMnG0005763	-
h1SMnG0005764	-
h1SMnG0005765	-
h1SMnG0005766	-
h1SMnG0005767	-
h1SMnG0005768	-
h1SMnG0005769	-
h1SMnG0005770	-
h1SMnG0005771	-
h1SMnG0005772	-
h1SMnG0005773	-
h1SMnG0005774	-
h1SMnG0005775	-
h1SMnG0005776	-
h1SMnG0005777	-
h1SMnG0005778	-
h1SMnG0005779	-
h1SMnG0005780	-
h1SMnG0005781	-
h1SMnG0005782	-
h1SMnG0005783	-
h1SMnG0005784	-
h1SMnG0005785	-
h1SMnG0005786	-
h1SMnG0005787	J
h1SMnG0005788	-
h1SMnG0005789	-
h1SMnG0005790	-
h1SMnG0005791	-
h1SMnG0005792	Q
h1SMnG0005793	-
h1SMnG0005794	-
h1SMnG0005795	-
h1SMnG0005796	-
h1SMnG0005797	-
h1SMnG0005798	-
h1SMnG0005799	-
h1SMnG0005800	-
h1SMnG0005801	-
h1SMnG0005802	-
h1SMnG0005803	-
h1SMnG0005804	-
h1SMnG0005805	-
h1SMnG0005806	-
h1SMnG0005807	S
h1SMnG0005808	-
h1SMnG0005809	-
h1SMnG0005810	-
h1SMnG0005811	-
h1SMnG0005812	-
h1SMnG0005813	-
h1SMnG0005814	-
h1SMnG0005815	-
h1SMnG0005816	-
h1SMnG0005817	-
h1SMnG0005818	-
h1SMnG0005819	-
h1SMnG0005820	-
h1SMnG0005821	-
h1SMnG0005822	-
h1SMnG0005823	-
h1SMnG0005824	-
h1SMnG0005825	-
h1SMnG0005826	-
h1SMnG0005827	J
h1SMnG0005828	-
h1SMnG0005829	-
h1SMnG0005830	-
h1SMnG0005831	-
h1SMnG0005832	-
h1SMnG0005833	-
h1SMnG0005834	-
h1SMnG0005835	-
h1SMnG0005836	-
h1SMnG0005837	S
h1SMnG0005838	-
h1SMnG0005839	-
h1SMnG0005840	-
h1SMnG0005841	-
h1SMnG0005842	-
h1SMnG0005843	-
h1SMnG0005844	-
h1SMnG0005845	-
h1SMnG0005846	-
h1SMnG0005847	-
h1SMnG0005848	-
h1SMnG0005849	-
h1SMnG0005850	-
h1SMnG0005851	-
h1SMnG0005852	-
h1SMnG0005853	-
h1SMnG0005854	-
h1SMnG0005855	-
h1SMnG0005856	-
h1SMnG0005857	-
h1SMnG0005858	-
h1SMnG0005859	-
h1SMnG0005860	-
h1SMnG0005861	-
h1SMnG0005862	-
h1SMnG0005863	-
h1SMnG0005864	-
h1SMnG0005865	-
h1SMnG0005866	-
h1SMnG0005867	-
h1SMnG0005868	-
h1SMnG0005869	-
h1SMnG0005870	-
h1SMnG0005871	-
h1SMnG0005872	-
h1SMnG0005873	-
h1SMnG0005874	-
h1SMnG0005875	-
h1SMnG0005876	-
h1SMnG0005877	-
h1SMnG0005878	-
h1SMnG0005879	-
h1SMnG0005880	-
h1SMnG0005881	-
h1SMnG0005882	-
h1SMnG0005883	-
h1SMnG0005884	-
h1SMnG0005885	-
h1SMnG0005886	-
h1SMnG0005887	-
h1SMnG0005888	-
h1SMnG0005889	-
h1SMnG0005890	-
h1SMnG0005891	-
h1SMnG0005892	-
h1SMnG0005893	-
h1SMnG0005894	-
h1SMnG0005895	-
h1SMnG0005896	-
h1SMnG0005897	-
h1SMnG0005898	V
h1SMnG0005899	CH
h1SMnG0005900	-
h1SMnG0005901	-
h1SMnG0005902	-
h1SMnG0005903	-
h1SMnG0005904	-
h1SMnG0005905	-
h1SMnG0005906	-
h1SMnG0005907	-
h1SMnG0005908	-
h1SMnG0005909	-
h1SMnG0005910	-
h1SMnG0005911	-
h1SMnG0005912	-
h1SMnG0005913	-
h1SMnG0005914	-
h1SMnG0005915	-
h1SMnG0005916	-
h1SMnG0005917	-
h1SMnG0005918	-
h1SMnG0005919	-
h1SMnG0005920	-
h1SMnG0005921	-
h1SMnG0005922	-
h1SMnG0005923	-
h1SMnG0005924	-
h1SMnG0005925	-
h1SMnG0005926	-
h1SMnG0005927	-
h1SMnG0005928	-
h1SMnG0005929	-
h1SMnG0005930	-
h1SMnG0005931	-
h1SMnG0005932	-
h1SMnG0005933	-
h1SMnG0005934	-
h1SMnG0005935	-
h1SMnG0005936	-
h1SMnG0005937	-
h1SMnG0005938	-
h1SMnG0005939	-
h1SMnG0005940	-
h1SMnG0005941	-
h1SMnG0005942	-
h1SMnG0005943	-
h1SMnG0005944	-
h1SMnG0005945	-
h1SMnG0005946	-
h1SMnG0005947	-
h1SMnG0005948	-
h1SMnG0005949	-
h1SMnG0005950	-
h1SMnG0005951	-
h1SMnG0005952	-
h1SMnG0005953	-
h1SMnG0005954	-
h1SMnG0005955	-
h1SMnG0005956	-
h1SMnG0005957	-
h1SMnG0005958	-
h1SMnG0005959	-
h1SMnG0005960	-
h1SMnG0005961	-
h1SMnG0005962	-
h1SMnG0005963	-
h1SMnG0005964	-
h1SMnG0005965	-
h1SMnG0005966	-
h1SMnG0005967	-
h1SMnG0005968	-
h1SMnG0005969	-
h1SMnG0005970	-
h1SMnG0005971	-
h1SMnG0005972	-
h1SMnG0005973	-
h1SMnG0005974	-
h1SMnG0005975	-
h1SMnG0005976	-
h1SMnG0005977	Z
h1SMnG0005978	-
h1SMnG0005979	-
h1SMnG0005980	-
h1SMnG0005981	-
h1SMnG0005982	-
h1SMnG0005983	-
h1SMnG0005984	-
h1SMnG0005985	-
h1SMnG0005986	-
h1SMnG0005987	-
h1SMnG0005988	-
h1SMnG0005989	-
h1SMnG0005990	-
h1SMnG0005991	-
h1SMnG0005992	-
h1SMnG0005993	-
h1SMnG0005994	-
h1SMnG0005995	-
h1SMnG0005996	-
h1SMnG0005997	-
h1SMnG0005998	-
h1SMnG0005999	-
h1SMnG0006000	O
h1SMnG0006001	-
h1SMnG0006002	-
h1SMnG0006003	-
h1SMnG0006004	-
h1SMnG0006005	-
h1SMnG0006006	-
h1SMnG0006007	-
h1SMnG0006008	-
h1SMnG0006009	-
h1SMnG0006010	-
h1SMnG0006011	-
h1SMnG0006012	-
h1SMnG0006013	-
h1SMnG0006014	-
h1SMnG0006015	-
h1SMnG0006016	-
h1SMnG0006017	-
h1SMnG0006018	-
h1SMnG0006019	-
h1SMnG0006020	-
h1SMnG0006021	-
h1SMnG0006022	-
h1SMnG0006023	-
h1SMnG0006024	-
h1SMnG0006025	-
h1SMnG0006026	-
h1SMnG0006027	-
h1SMnG0006028	-
h1SMnG0006029	-
h1SMnG0006030	-
h1SMnG0006031	S
h1SMnG0006032	-
h1SMnG0006033	-
h1SMnG0006034	-
h1SMnG0006035	-
h1SMnG0006036	-
h1SMnG0006037	-
h1SMnG0006038	-
h1SMnG0006039	-
h1SMnG0006040	T
h1SMnG0006041	-
h1SMnG0006042	-
h1SMnG0006043	-
h1SMnG0006044	-
h1SMnG0006045	-
h1SMnG0006046	-
h1SMnG0006047	-
h1SMnG0006048	-
h1SMnG0006049	-
h1SMnG0006050	-
h1SMnG0006051	-
h1SMnG0006052	-
h1SMnG0006053	-
h1SMnG0006054	-
h1SMnG0006055	-
h1SMnG0006056	-
h1SMnG0006057	-
h1SMnG0006058	-
h1SMnG0006059	-
h1SMnG0006060	-
h1SMnG0006061	-
h1SMnG0006062	-
h1SMnG0006063	-
h1SMnG0006064	-
h1SMnG0006065	-
h1SMnG0006066	-
h1SMnG0006067	-
h1SMnG0006068	-
h1SMnG0006069	-
h1SMnG0006070	-
h1SMnG0006071	-
h1SMnG0006072	-
h1SMnG0006073	-
h1SMnG0006074	-
h1SMnG0006075	-
h1SMnG0006076	-
h1SMnG0006077	-
h1SMnG0006078	-
h1SMnG0006079	-
h1SMnG0006080	-
h1SMnG0006081	-
h1SMnG0006082	-
h1SMnG0006083	-
h1SMnG0006084	-
h1SMnG0006085	T
h1SMnG0006086	-
h1SMnG0006087	-
h1SMnG0006088	-
h1SMnG0006089	-
h1SMnG0006090	-
h1SMnG0006091	-
h1SMnG0006092	-
h1SMnG0006093	-
h1SMnG0006094	-
h1SMnG0006095	-
h1SMnG0006096	-
h1SMnG0006097	-
h1SMnG0006098	-
h1SMnG0006099	-
h1SMnG0006100	-
h1SMnG0006101	-
h1SMnG0006102	-
h1SMnG0006103	S
h1SMnG0006104	-
h1SMnG0006105	-
h1SMnG0006106	-
h1SMnG0006107	-
h1SMnG0006108	-
h1SMnG0006109	-
h1SMnG0006110	-
h1SMnG0006111	-
h1SMnG0006112	-
h1SMnG0006113	-
h1SMnG0006114	-
h1SMnG0006115	-
h1SMnG0006116	-
h1SMnG0006117	-
h1SMnG0006118	-
h1SMnG0006119	-
h1SMnG0006120	-
h1SMnG0006121	-
h1SMnG0006122	-
h1SMnG0006123	-
h1SMnG0006124	-
h1SMnG0006125	-
h1SMnG0006126	-
h1SMnG0006127	-
h1SMnG0006128	-
h1SMnG0006129	-
h1SMnG0006130	-
h1SMnG0006131	-
h1SMnG0006132	-
h1SMnG0006133	-
h1SMnG0006134	-
h1SMnG0006135	-
h1SMnG0006136	-
h1SMnG0006137	-
h1SMnG0006138	-
h1SMnG0006139	-
h1SMnG0006140	-
h1SMnG0006141	-
h1SMnG0006142	-
h1SMnG0006143	-
h1SMnG0006144	-
h1SMnG0006145	-
h1SMnG0006146	-
h1SMnG0006147	-
h1SMnG0006148	-
h1SMnG0006149	-
h1SMnG0006150	-
h1SMnG0006151	-
h1SMnG0006152	-
h1SMnG0006153	-
h1SMnG0006154	-
h1SMnG0006155	-
h1SMnG0006156	-
h1SMnG0006157	-
h1SMnG0006158	-
h1SMnG0006159	-
h1SMnG0006160	-
h1SMnG0006161	-
h1SMnG0006162	-
h1SMnG0006163	-
h1SMnG0006164	-
h1SMnG0006165	-
h1SMnG0006166	-
h1SMnG0006167	-
h1SMnG0006168	-
h1SMnG0006169	-
h1SMnG0006170	-
h1SMnG0006171	-
h1SMnG0006172	-
h1SMnG0006173	-
h1SMnG0006174	-
h1SMnG0006175	-
h1SMnG0006176	-
h1SMnG0006177	-
h1SMnG0006178	-
h1SMnG0006179	-
h1SMnG0006180	-
h1SMnG0006181	-
h1SMnG0006182	-
h1SMnG0006183	-
h1SMnG0006184	-
h1SMnG0006185	-
h1SMnG0006186	-
h1SMnG0006187	-
h1SMnG0006188	-
h1SMnG0006189	-
h1SMnG0006190	-
h1SMnG0006191	-
h1SMnG0006192	-
h1SMnG0006193	-
h1SMnG0006194	-
h1SMnG0006195	-
h1SMnG0006196	-
h1SMnG0006197	-
h1SMnG0006198	-
h1SMnG0006199	-
h1SMnG0006200	-
h1SMnG0006201	-
h1SMnG0006202	-
h1SMnG0006203	-
h1SMnG0006204	-
h1SMnG0006205	-
h1SMnG0006206	-
h1SMnG0006207	-
h1SMnG0006208	-
h1SMnG0006209	-
h1SMnG0006210	-
h1SMnG0006211	-
h1SMnG0006212	-
h1SMnG0006213	-
h1SMnG0006214	-
h1SMnG0006215	-
h1SMnG0006216	-
h1SMnG0006217	-
h1SMnG0006218	-
h1SMnG0006219	-
h1SMnG0006220	-
h1SMnG0006221	-
h1SMnG0006222	-
h1SMnG0006223	-
h1SMnG0006224	-
h1SMnG0006225	-
h1SMnG0006226	-
h1SMnG0006227	-
h1SMnG0006228	-
h1SMnG0006229	-
h1SMnG0006230	-
h1SMnG0006231	-
h1SMnG0006232	-
h1SMnG0006233	-
h1SMnG0006234	-
h1SMnG0006235	-
h1SMnG0006236	-
h1SMnG0006237	-
h1SMnG0006238	-
h1SMnG0006239	-
h1SMnG0006240	-
h1SMnG0006241	-
h1SMnG0006242	-
h1SMnG0006243	-
h1SMnG0006244	-
h1SMnG0006245	-
h1SMnG0006246	-
h1SMnG0006247	-
h1SMnG0006248	-
h1SMnG0006249	-
h1SMnG0006250	-
h1SMnG0006251	-
h1SMnG0006252	-
h1SMnG0006253	-
h1SMnG0006254	-
h1SMnG0006255	-
h1SMnG0006256	-
h1SMnG0006257	-
h1SMnG0006258	-
h1SMnG0006259	-
h1SMnG0006260	-
h1SMnG0006261	-
h1SMnG0006262	-
h1SMnG0006263	-
h1SMnG0006264	-
h1SMnG0006265	-
h1SMnG0006266	-
h1SMnG0006267	-
h1SMnG0006268	-
h1SMnG0006269	-
h1SMnG0006270	-
h1SMnG0006271	-
h1SMnG0006272	-
h1SMnG0006273	-
h1SMnG0006274	-
h1SMnG0006275	-
h1SMnG0006276	-
h1SMnG0006277	-
h1SMnG0006278	-
h1SMnG0006279	-
h1SMnG0006280	-
h1SMnG0006281	-
h1SMnG0006282	-
h1SMnG0006283	-
h1SMnG0006284	-
h1SMnG0006285	-
h1SMnG0006286	-
h1SMnG0006287	-
h1SMnG0006288	-
h1SMnG0006289	-
h1SMnG0006290	-
h1SMnG0006291	-
h1SMnG0006292	-
h1SMnG0006293	-
h1SMnG0006294	-
h1SMnG0006295	-
h1SMnG0006296	-
h1SMnG0006297	-
h1SMnG0006298	-
h1SMnG0006299	-
h1SMnG0006300	-
h1SMnG0006301	-
h1SMnG0006302	-
h1SMnG0006303	-
h1SMnG0006304	-
h1SMnG0006305	-
h1SMnG0006306	-
h1SMnG0006307	-
h1SMnG0006308	-
h1SMnG0006309	-
h1SMnG0006310	-
h1SMnG0006311	-
h1SMnG0006312	-
h1SMnG0006313	-
h1SMnG0006314	-
h1SMnG0006315	-
h1SMnG0006316	-
h1SMnG0006317	-
h1SMnG0006318	-
h1SMnG0006319	-
h1SMnG0006320	-
h1SMnG0006321	-
h1SMnG0006322	-
h1SMnG0006323	-
h1SMnG0006324	-
h1SMnG0006325	-
h1SMnG0006326	-
h1SMnG0006327	-
h1SMnG0006328	-
h1SMnG0006329	-
h1SMnG0006330	-
h1SMnG0006331	B
h1SMnG0006332	-
h1SMnG0006333	-
h1SMnG0006334	-
h1SMnG0006335	-
h1SMnG0006336	-
h1SMnG0006337	-
h1SMnG0006338	-
h1SMnG0006339	-
h1SMnG0006340	-
h1SMnG0006341	-
h1SMnG0006342	ADK
h1SMnG0006343	-
h1SMnG0006344	-
h1SMnG0006345	L
h1SMnG0006346	-
h1SMnG0006347	-
h1SMnG0006348	-
h1SMnG0006349	-
h1SMnG0006350	-
h1SMnG0006351	-
h1SMnG0006352	-
h1SMnG0006353	-
h1SMnG0006354	-
h1SMnG0006355	-
h1SMnG0006356	-
h1SMnG0006357	-
h1SMnG0006358	-
h1SMnG0006359	-
h1SMnG0006360	-
h1SMnG0006361	-
h1SMnG0006362	-
h1SMnG0006363	O
h1SMnG0006364	-
h1SMnG0006365	-
h1SMnG0006366	-
h1SMnG0006367	-
h1SMnG0006368	-
h1SMnG0006369	-
h1SMnG0006370	-
h1SMnG0006371	-
h1SMnG0006372	-
h1SMnG0006373	-
h1SMnG0006374	-
h1SMnG0006375	O
h1SMnG0006376	O
h1SMnG0006377	-
h1SMnG0006378	-
h1SMnG0006379	-
h1SMnG0006380	-
h1SMnG0006381	-
h1SMnG0006382	L
h1SMnG0006383	-
h1SMnG0006384	-
h1SMnG0006385	-
h1SMnG0006386	-
h1SMnG0006387	-
h1SMnG0006388	-
h1SMnG0006389	-
h1SMnG0006390	-
h1SMnG0006391	-
h1SMnG0006392	-
h1SMnG0006393	-
h1SMnG0006394	-
h1SMnG0006395	-
h1SMnG0006396	-
h1SMnG0006397	-
h1SMnG0006398	-
h1SMnG0006399	-
h1SMnG0006400	-
h1SMnG0006401	-
h1SMnG0006402	-
h1SMnG0006403	-
h1SMnG0006404	-
h1SMnG0006405	-
h1SMnG0006406	-
h1SMnG0006407	-
h1SMnG0006408	-
h1SMnG0006409	-
h1SMnG0006410	-
h1SMnG0006411	-
h1SMnG0006412	-
h1SMnG0006413	-
h1SMnG0006414	-
h1SMnG0006415	-
h1SMnG0006416	-
h1SMnG0006417	-
h1SMnG0006418	-
h1SMnG0006419	-
h1SMnG0006420	-
h1SMnG0006421	-
h1SMnG0006422	-
h1SMnG0006423	-
h1SMnG0006424	-
h1SMnG0006425	-
h1SMnG0006426	-
h1SMnG0006427	-
h1SMnG0006428	-
h1SMnG0006429	-
h1SMnG0006430	-
h1SMnG0006431	K
h1SMnG0006432	-
h1SMnG0006433	-
h1SMnG0006434	-
h1SMnG0006435	-
h1SMnG0006436	-
h1SMnG0006437	-
h1SMnG0006438	-
h1SMnG0006439	-
h1SMnG0006440	-
h1SMnG0006441	-
h1SMnG0006442	-
h1SMnG0006443	-
h1SMnG0006444	-
h1SMnG0006445	-
h1SMnG0006446	-
h1SMnG0006447	-
h1SMnG0006448	-
h1SMnG0006449	-
h1SMnG0006450	-
h1SMnG0006451	-
h1SMnG0006452	-
h1SMnG0006453	-
h1SMnG0006454	-
h1SMnG0006455	-
h1SMnG0006456	-
h1SMnG0006457	-
h1SMnG0006458	-
h1SMnG0006459	-
h1SMnG0006460	-
h1SMnG0006461	-
h1SMnG0006462	-
h1SMnG0006463	-
h1SMnG0006464	-
h1SMnG0006465	-
h1SMnG0006466	-
h1SMnG0006467	-
h1SMnG0006468	-
h1SMnG0006469	-
h1SMnG0006470	K
h1SMnG0006471	-
h1SMnG0006472	-
h1SMnG0006473	-
h1SMnG0006474	-
h1SMnG0006475	-
h1SMnG0006476	-
h1SMnG0006477	-
h1SMnG0006478	-
h1SMnG0006479	-
h1SMnG0006480	-
h1SMnG0006481	J
h1SMnG0006482	-
h1SMnG0006483	-
h1SMnG0006484	-
h1SMnG0006485	-
h1SMnG0006486	-
h1SMnG0006487	-
h1SMnG0006488	-
h1SMnG0006489	-
h1SMnG0006490	-
h1SMnG0006491	-
h1SMnG0006492	-
h1SMnG0006493	-
h1SMnG0006494	-
h1SMnG0006495	-
h1SMnG0006496	-
h1SMnG0006497	-
h1SMnG0006498	-
h1SMnG0006499	-
h1SMnG0006500	-
h1SMnG0006501	-
h1SMnG0006502	-
h1SMnG0006503	-
h1SMnG0006504	-
h1SMnG0006505	-
h1SMnG0006506	-
h1SMnG0006507	-
h1SMnG0006508	-
h1SMnG0006509	-
h1SMnG0006510	-
h1SMnG0006511	-
h1SMnG0006512	-
h1SMnG0006513	-
h1SMnG0006514	-
h1SMnG0006515	U
h1SMnG0006516	-
h1SMnG0006517	-
h1SMnG0006518	-
h1SMnG0006519	K
h1SMnG0006520	-
h1SMnG0006521	-
h1SMnG0006522	-
h1SMnG0006523	-
h1SMnG0006524	-
h1SMnG0006525	-
h1SMnG0006526	-
h1SMnG0006527	-
h1SMnG0006528	-
h1SMnG0006529	-
h1SMnG0006530	-
h1SMnG0006531	-
h1SMnG0006532	-
h1SMnG0006533	-
h1SMnG0006534	-
h1SMnG0006535	-
h1SMnG0006536	-
h1SMnG0006537	-
h1SMnG0006538	-
h1SMnG0006539	-
h1SMnG0006540	-
h1SMnG0006541	-
h1SMnG0006542	-
h1SMnG0006543	-
h1SMnG0006544	-
h1SMnG0006545	-
h1SMnG0006546	-
h1SMnG0006547	-
h1SMnG0006548	-
h1SMnG0006549	-
h1SMnG0006550	-
h1SMnG0006551	-
h1SMnG0006552	-
h1SMnG0006553	-
h1SMnG0006554	-
h1SMnG0006555	-
h1SMnG0006556	-
h1SMnG0006557	-
h1SMnG0006558	-
h1SMnG0006559	-
h1SMnG0006560	-
h1SMnG0006561	-
h1SMnG0006562	-
h1SMnG0006563	-
h1SMnG0006564	-
h1SMnG0006565	-
h1SMnG0006566	-
h1SMnG0006567	-
h1SMnG0006568	-
h1SMnG0006569	-
h1SMnG0006570	-
h1SMnG0006571	-
h1SMnG0006572	-
h1SMnG0006573	-
h1SMnG0006574	-
h1SMnG0006575	-
h1SMnG0006576	-
h1SMnG0006577	-
h1SMnG0006578	-
h1SMnG0006579	-
h1SMnG0006580	-
h1SMnG0006581	-
h1SMnG0006582	-
h1SMnG0006583	-
h1SMnG0006584	-
h1SMnG0006585	-
h1SMnG0006586	-
h1SMnG0006587	-
h1SMnG0006588	-
h1SMnG0006589	-
h1SMnG0006590	-
h1SMnG0006591	-
h1SMnG0006592	-
h1SMnG0006593	-
h1SMnG0006594	-
h1SMnG0006595	-
h1SMnG0006596	-
h1SMnG0006597	-
h1SMnG0006598	-
h1SMnG0006599	-
h1SMnG0006600	-
h1SMnG0006601	-
h1SMnG0006602	-
h1SMnG0006603	-
h1SMnG0006604	S
h1SMnG0006605	-
h1SMnG0006606	-
h1SMnG0006607	-
h1SMnG0006608	-
h1SMnG0006609	-
h1SMnG0006610	-
h1SMnG0006611	-
h1SMnG0006612	-
h1SMnG0006613	-
h1SMnG0006614	-
h1SMnG0006615	-
h1SMnG0006616	-
h1SMnG0006617	-
h1SMnG0006618	-
h1SMnG0006619	-
h1SMnG0006620	-
h1SMnG0006621	-
h1SMnG0006622	-
h1SMnG0006623	-
h1SMnG0006624	-
h1SMnG0006625	-
h1SMnG0006626	-
h1SMnG0006627	-
h1SMnG0006628	-
h1SMnG0006629	-
h1SMnG0006630	-
h1SMnG0006631	-
h1SMnG0006632	-
h1SMnG0006633	-
h1SMnG0006634	-
h1SMnG0006635	-
h1SMnG0006636	-
h1SMnG0006637	-
h1SMnG0006638	-
h1SMnG0006639	-
h1SMnG0006640	-
h1SMnG0006641	-
h1SMnG0006642	-
h1SMnG0006643	-
h1SMnG0006644	-
h1SMnG0006645	-
h1SMnG0006646	-
h1SMnG0006647	-
h1SMnG0006648	-
h1SMnG0006649	KLO
h1SMnG0006650	-
h1SMnG0006651	-
h1SMnG0006652	-
h1SMnG0006653	-
h1SMnG0006654	-
h1SMnG0006655	-
h1SMnG0006656	-
h1SMnG0006657	-
h1SMnG0006658	J
h1SMnG0006659	-
h1SMnG0006660	-
h1SMnG0006661	-
h1SMnG0006662	-
h1SMnG0006663	-
h1SMnG0006664	-
h1SMnG0006665	-
h1SMnG0006666	-
h1SMnG0006667	-
h1SMnG0006668	-
h1SMnG0006669	-
h1SMnG0006670	-
h1SMnG0006671	-
h1SMnG0006672	-
h1SMnG0006673	-
h1SMnG0006674	-
h1SMnG0006675	-
h1SMnG0006676	-
h1SMnG0006677	-
h1SMnG0006678	-
h1SMnG0006679	-
h1SMnG0006680	-
h1SMnG0006681	-
h1SMnG0006682	-
h1SMnG0006683	-
h1SMnG0006684	-
h1SMnG0006685	-
h1SMnG0006686	-
h1SMnG0006687	-
h1SMnG0006688	-
h1SMnG0006689	-
h1SMnG0006690	-
h1SMnG0006691	-
h1SMnG0006692	-
h1SMnG0006693	-
h1SMnG0006694	-
h1SMnG0006695	-
h1SMnG0006696	-
h1SMnG0006697	-
h1SMnG0006698	-
h1SMnG0006699	-
h1SMnG0006700	-
h1SMnG0006701	-
h1SMnG0006702	-
h1SMnG0006703	-
h1SMnG0006704	-
h1SMnG0006705	-
h1SMnG0006706	-
h1SMnG0006707	-
h1SMnG0006708	-
h1SMnG0006709	-
h1SMnG0006710	-
h1SMnG0006711	-
h1SMnG0006712	-
h1SMnG0006713	-
h1SMnG0006714	-
h1SMnG0006715	-
h1SMnG0006716	-
h1SMnG0006717	-
h1SMnG0006718	-
h1SMnG0006719	-
h1SMnG0006720	-
h1SMnG0006721	-
h1SMnG0006722	-
h1SMnG0006723	-
h1SMnG0006724	-
h1SMnG0006725	-
h1SMnG0006726	-
h1SMnG0006727	-
h1SMnG0006728	-
h1SMnG0006729	-
h1SMnG0006730	-
h1SMnG0006731	-
h1SMnG0006732	-
h1SMnG0006733	S
h1SMnG0006734	-
h1SMnG0006735	-
h1SMnG0006736	-
h1SMnG0006737	-
h1SMnG0006738	-
h1SMnG0006739	-
h1SMnG0006740	-
h1SMnG0006741	-
h1SMnG0006742	-
h1SMnG0006743	-
h1SMnG0006744	-
h1SMnG0006745	-
h1SMnG0006746	-
h1SMnG0006747	-
h1SMnG0006748	-
h1SMnG0006749	-
h1SMnG0006750	-
h1SMnG0006751	-
h1SMnG0006752	-
h1SMnG0006753	-
h1SMnG0006754	-
h1SMnG0006755	-
h1SMnG0006756	-
h1SMnG0006757	-
h1SMnG0006758	-
h1SMnG0006759	-
h1SMnG0006760	-
h1SMnG0006761	-
h1SMnG0006762	-
h1SMnG0006763	-
h1SMnG0006764	-
h1SMnG0006765	-
h1SMnG0006766	-
h1SMnG0006767	-
h1SMnG0006768	-
h1SMnG0006769	-
h1SMnG0006770	-
h1SMnG0006771	-
h1SMnG0006772	-
h1SMnG0006773	-
h1SMnG0006774	-
h1SMnG0006775	-
h1SMnG0006776	-
h1SMnG0006777	-
h1SMnG0006778	-
h1SMnG0006779	-
h1SMnG0006780	-
h1SMnG0006781	-
h1SMnG0006782	-
h1SMnG0006783	-
h1SMnG0006784	-
h1SMnG0006785	-
h1SMnG0006786	-
h1SMnG0006787	-
h1SMnG0006788	-
h1SMnG0006789	-
h1SMnG0006790	-
h1SMnG0006791	-
h1SMnG0006792	-
h1SMnG0006793	-
h1SMnG0006794	-
h1SMnG0006795	-
h1SMnG0006796	-
h1SMnG0006797	-
h1SMnG0006798	-
h1SMnG0006799	-
h1SMnG0006800	-
h1SMnG0006801	-
h1SMnG0006802	-
h1SMnG0006803	-
h1SMnG0006804	-
h1SMnG0006805	-
h1SMnG0006806	-
h1SMnG0006807	-
h1SMnG0006808	-
h1SMnG0006809	-
h1SMnG0006810	-
h1SMnG0006811	-
h1SMnG0006812	-
h1SMnG0006813	-
h1SMnG0006814	I
h1SMnG0006815	-
h1SMnG0006816	-
h1SMnG0006817	BD
h1SMnG0006818	-
h1SMnG0006819	-
h1SMnG0006820	-
h1SMnG0006821	-
h1SMnG0006822	-
h1SMnG0006823	-
h1SMnG0006824	-
h1SMnG0006825	-
h1SMnG0006826	-
h1SMnG0006827	-
h1SMnG0006828	-
h1SMnG0006829	-
h1SMnG0006830	-
h1SMnG0006831	-
h1SMnG0006832	-
h1SMnG0006833	-
h1SMnG0006834	-
h1SMnG0006835	-
h1SMnG0006836	-
h1SMnG0006837	-
h1SMnG0006838	-
h1SMnG0006839	-
h1SMnG0006840	-
h1SMnG0006841	-
h1SMnG0006842	-
h1SMnG0006843	-
h1SMnG0006844	S
h1SMnG0006845	-
h1SMnG0006846	-
h1SMnG0006847	-
h1SMnG0006848	-
h1SMnG0006849	-
h1SMnG0006850	-
h1SMnG0006851	-
h1SMnG0006852	-
h1SMnG0006853	S
h1SMnG0006854	-
h1SMnG0006855	S
h1SMnG0006856	S
h1SMnG0006857	-
h1SMnG0006858	-
h1SMnG0006859	-
h1SMnG0006860	-
h1SMnG0006861	-
h1SMnG0006862	-
h1SMnG0006863	-
h1SMnG0006864	-
h1SMnG0006865	-
h1SMnG0006866	-
h1SMnG0006867	-
h1SMnG0006868	-
h1SMnG0006869	-
h1SMnG0006870	-
h1SMnG0006871	-
h1SMnG0006872	-
h1SMnG0006873	-
h1SMnG0006874	-
h1SMnG0006875	-
h1SMnG0006876	-
h1SMnG0006877	-
h1SMnG0006878	-
h1SMnG0006879	-
h1SMnG0006880	-
h1SMnG0006881	-
h1SMnG0006882	-
h1SMnG0006883	-
h1SMnG0006884	-
h1SMnG0006885	-
h1SMnG0006886	-
h1SMnG0006887	-
h1SMnG0006888	-
h1SMnG0006889	-
h1SMnG0006890	-
h1SMnG0006891	-
h1SMnG0006892	-
h1SMnG0006893	-
h1SMnG0006894	-
h1SMnG0006895	-
h1SMnG0006896	-
h1SMnG0006897	-
h1SMnG0006898	-
h1SMnG0006899	-
h1SMnG0006900	-
h1SMnG0006901	-
h1SMnG0006902	-
h1SMnG0006903	-
h1SMnG0006904	-
h1SMnG0006905	-
h1SMnG0006906	-
h1SMnG0006907	-
h1SMnG0006908	-
h1SMnG0006909	-
h1SMnG0006910	-
h1SMnG0006911	-
h1SMnG0006912	-
h1SMnG0006913	-
h1SMnG0006914	-
h1SMnG0006915	-
h1SMnG0006916	-
h1SMnG0006917	-
h1SMnG0006918	-
h1SMnG0006919	-
h1SMnG0006920	-
h1SMnG0006921	-
h1SMnG0006922	-
h1SMnG0006923	-
h1SMnG0006924	-
h1SMnG0006925	-
h1SMnG0006926	-
h1SMnG0006927	-
h1SMnG0006928	-
h1SMnG0006929	-
h1SMnG0006930	-
h1SMnG0006931	-
h1SMnG0006932	Z
h1SMnG0006933	-
h1SMnG0006934	-
h1SMnG0006935	-
h1SMnG0006936	S
h1SMnG0006937	-
h1SMnG0006938	-
h1SMnG0006939	-
h1SMnG0006940	-
h1SMnG0006941	-
h1SMnG0006942	-
h1SMnG0006943	-
h1SMnG0006944	-
h1SMnG0006945	-
h1SMnG0006946	-
h1SMnG0006947	-
h1SMnG0006948	-
h1SMnG0006949	-
h1SMnG0006950	-
h1SMnG0006951	-
h1SMnG0006952	-
h1SMnG0006953	-
h1SMnG0006954	-
h1SMnG0006955	-
h1SMnG0006956	-
h1SMnG0006957	-
h1SMnG0006958	-
h1SMnG0006959	-
h1SMnG0006960	-
h1SMnG0006961	-
h1SMnG0006962	-
h1SMnG0006963	-
h1SMnG0006964	-
h1SMnG0006965	-
h1SMnG0006966	-
h1SMnG0006967	-
h1SMnG0006968	-
h1SMnG0006969	-
h1SMnG0006970	-
h1SMnG0006971	-
h1SMnG0006972	G
h1SMnG0006973	-
h1SMnG0006974	-
h1SMnG0006975	-
h1SMnG0006976	-
h1SMnG0006977	-
h1SMnG0006978	-
h1SMnG0006979	-
h1SMnG0006980	-
h1SMnG0006981	-
h1SMnG0006982	-
h1SMnG0006983	-
h1SMnG0006984	-
h1SMnG0006985	-
h1SMnG0006986	-
h1SMnG0006987	-
h1SMnG0006988	-
h1SMnG0006989	-
h1SMnG0006990	-
h1SMnG0006991	-
h1SMnG0006992	-
h1SMnG0006993	-
h1SMnG0006994	-
h1SMnG0006995	-
h1SMnG0006996	-
h1SMnG0006997	-
h1SMnG0006998	-
h1SMnG0006999	-
h1SMnG0007000	-
h1SMnG0007001	-
h1SMnG0007002	-
h1SMnG0007003	-
h1SMnG0007004	-
h1SMnG0007005	-
h1SMnG0007006	-
h1SMnG0007007	-
h1SMnG0007008	-
h1SMnG0007009	-
h1SMnG0007010	-
h1SMnG0007011	-
h1SMnG0007012	-
h1SMnG0007013	-
h1SMnG0007014	-
h1SMnG0007015	-
h1SMnG0007016	-
h1SMnG0007017	-
h1SMnG0007018	-
h1SMnG0007019	-
h1SMnG0007020	-
h1SMnG0007021	-
h1SMnG0007022	-
h1SMnG0007023	-
h1SMnG0007024	-
h1SMnG0007025	-
h1SMnG0007026	-
h1SMnG0007027	-
h1SMnG0007028	-
h1SMnG0007029	-
h1SMnG0007030	-
h1SMnG0007031	-
h1SMnG0007032	-
h1SMnG0007033	-
h1SMnG0007034	-
h1SMnG0007035	-
h1SMnG0007036	-
h1SMnG0007037	-
h1SMnG0007038	-
h1SMnG0007039	-
h1SMnG0007040	-
h1SMnG0007041	-
h1SMnG0007042	-
h1SMnG0007043	-
h1SMnG0007044	-
h1SMnG0007045	-
h1SMnG0007046	-
h1SMnG0007047	-
h1SMnG0007048	-
h1SMnG0007049	-
h1SMnG0007050	-
h1SMnG0007051	-
h1SMnG0007052	-
h1SMnG0007053	-
h1SMnG0007054	-
h1SMnG0007055	-
h1SMnG0007056	-
h1SMnG0007057	-
h1SMnG0007058	-
h1SMnG0007059	-
h1SMnG0007060	-
h1SMnG0007061	-
h1SMnG0007062	-
h1SMnG0007063	-
h1SMnG0007064	-
h1SMnG0007065	-
h1SMnG0007066	-
h1SMnG0007067	-
h1SMnG0007068	-
h1SMnG0007069	-
h1SMnG0007070	-
h1SMnG0007071	-
h1SMnG0007072	-
h1SMnG0007073	-
h1SMnG0007074	-
h1SMnG0007075	S
h1SMnG0007076	-
h1SMnG0007077	-
h1SMnG0007078	-
h1SMnG0007079	-
h1SMnG0007080	-
h1SMnG0007081	-
h1SMnG0007082	-
h1SMnG0007083	-
h1SMnG0007084	-
h1SMnG0007085	-
h1SMnG0007086	-
h1SMnG0007087	-
h1SMnG0007088	-
h1SMnG0007089	-
h1SMnG0007090	-
h1SMnG0007091	-
h1SMnG0007092	-
h1SMnG0007093	-
h1SMnG0007094	-
h1SMnG0007095	-
h1SMnG0007096	-
h1SMnG0007097	Z
h1SMnG0007098	-
h1SMnG0007099	-
h1SMnG0007100	-
h1SMnG0007101	-
h1SMnG0007102	-
h1SMnG0007103	-
h1SMnG0007104	-
h1SMnG0007105	-
h1SMnG0007106	-
h1SMnG0007107	-
h1SMnG0007108	-
h1SMnG0007109	-
h1SMnG0007110	-
h1SMnG0007111	-
h1SMnG0007112	-
h1SMnG0007113	-
h1SMnG0007114	-
h1SMnG0007115	-
h1SMnG0007116	S
h1SMnG0007117	-
h1SMnG0007118	-
h1SMnG0007119	-
h1SMnG0007120	-
h1SMnG0007121	-
h1SMnG0007122	-
h1SMnG0007123	-
h1SMnG0007124	-
h1SMnG0007125	U
h1SMnG0007126	-
h1SMnG0007127	-
h1SMnG0007128	-
h1SMnG0007129	-
h1SMnG0007130	-
h1SMnG0007131	-
h1SMnG0007132	-
h1SMnG0007133	-
h1SMnG0007134	-
h1SMnG0007135	S
h1SMnG0007136	-
h1SMnG0007137	-
h1SMnG0007138	-
h1SMnG0007139	-
h1SMnG0007140	-
h1SMnG0007141	-
h1SMnG0007142	-
h1SMnG0007143	-
h1SMnG0007144	-
h1SMnG0007145	-
h1SMnG0007146	-
h1SMnG0007147	-
h1SMnG0007148	-
h1SMnG0007149	-
h1SMnG0007150	-
h1SMnG0007151	-
h1SMnG0007152	-
h1SMnG0007153	-
h1SMnG0007154	-
h1SMnG0007155	-
h1SMnG0007156	-
h1SMnG0007157	-
h1SMnG0007158	-
h1SMnG0007159	-
h1SMnG0007160	-
h1SMnG0007161	-
h1SMnG0007162	-
h1SMnG0007163	-
h1SMnG0007164	-
h1SMnG0007165	-
h1SMnG0007166	-
h1SMnG0007167	-
h1SMnG0007168	-
h1SMnG0007169	-
h1SMnG0007170	-
h1SMnG0007171	-
h1SMnG0007172	-
h1SMnG0007173	-
h1SMnG0007174	-
h1SMnG0007175	-
h1SMnG0007176	-
h1SMnG0007177	-
h1SMnG0007178	-
h1SMnG0007179	-
h1SMnG0007180	-
h1SMnG0007181	-
h1SMnG0007182	-
h1SMnG0007183	S
h1SMnG0007184	-
h1SMnG0007185	-
h1SMnG0007186	-
h1SMnG0007187	-
h1SMnG0007188	-
h1SMnG0007189	-
h1SMnG0007190	-
h1SMnG0007191	-
h1SMnG0007192	-
h1SMnG0007193	-
h1SMnG0007194	-
h1SMnG0007195	-
h1SMnG0007196	-
h1SMnG0007197	-
h1SMnG0007198	-
h1SMnG0007199	-
h1SMnG0007200	-
h1SMnG0007201	-
h1SMnG0007202	-
h1SMnG0007203	-
h1SMnG0007204	-
h1SMnG0007205	-
h1SMnG0007206	-
h1SMnG0007207	-
h1SMnG0007208	-
h1SMnG0007209	-
h1SMnG0007210	-
h1SMnG0007211	-
h1SMnG0007212	-
h1SMnG0007213	-
h1SMnG0007214	-
h1SMnG0007215	-
h1SMnG0007216	-
h1SMnG0007217	-
h1SMnG0007218	-
h1SMnG0007219	-
h1SMnG0007220	-
h1SMnG0007221	-
h1SMnG0007222	-
h1SMnG0007223	-
h1SMnG0007224	-
h1SMnG0007225	-
h1SMnG0007226	-
h1SMnG0007227	-
h1SMnG0007228	-
h1SMnG0007229	-
h1SMnG0007230	-
h1SMnG0007231	-
h1SMnG0007232	-
h1SMnG0007233	-
h1SMnG0007234	-
h1SMnG0007235	-
h1SMnG0007236	-
h1SMnG0007237	-
h1SMnG0007238	O
h1SMnG0007239	-
h1SMnG0007240	B
h1SMnG0007241	-
h1SMnG0007242	-
h1SMnG0007243	-
h1SMnG0007244	B
h1SMnG0007245	-
h1SMnG0007246	-
h1SMnG0007247	-
h1SMnG0007248	-
h1SMnG0007249	-
h1SMnG0007250	-
h1SMnG0007251	-
h1SMnG0007252	-
h1SMnG0007253	-
h1SMnG0007254	-
h1SMnG0007255	-
h1SMnG0007256	-
h1SMnG0007257	-
h1SMnG0007258	-
h1SMnG0007259	-
h1SMnG0007260	-
h1SMnG0007261	-
h1SMnG0007262	-
h1SMnG0007263	-
h1SMnG0007264	-
h1SMnG0007265	-
h1SMnG0007266	-
h1SMnG0007267	-
h1SMnG0007268	-
h1SMnG0007269	-
h1SMnG0007270	-
h1SMnG0007271	-
h1SMnG0007272	-
h1SMnG0007273	-
h1SMnG0007274	-
h1SMnG0007275	-
h1SMnG0007276	-
h1SMnG0007277	-
h1SMnG0007278	-
h1SMnG0007279	-
h1SMnG0007280	-
h1SMnG0007281	-
h1SMnG0007282	-
h1SMnG0007283	-
h1SMnG0007284	-
h1SMnG0007285	-
h1SMnG0007286	-
h1SMnG0007287	-
h1SMnG0007288	-
h1SMnG0007289	-
h1SMnG0007290	-
h1SMnG0007291	-
h1SMnG0007292	-
h1SMnG0007293	-
h1SMnG0007294	-
h1SMnG0007295	-
h1SMnG0007296	-
h1SMnG0007297	-
h1SMnG0007298	-
h1SMnG0007299	-
h1SMnG0007300	-
h1SMnG0007301	-
h1SMnG0007302	-
h1SMnG0007303	-
h1SMnG0007304	-
h1SMnG0007305	-
h1SMnG0007306	-
h1SMnG0007307	-
h1SMnG0007308	-
h1SMnG0007309	-
h1SMnG0007310	-
h1SMnG0007311	-
h1SMnG0007312	S
h1SMnG0007313	-
h1SMnG0007314	-
h1SMnG0007315	-
h1SMnG0007316	-
h1SMnG0007317	-
h1SMnG0007318	-
h1SMnG0007319	-
h1SMnG0007320	-
h1SMnG0007321	-
h1SMnG0007322	-
h1SMnG0007323	-
h1SMnG0007324	-
h1SMnG0007325	-
h1SMnG0007326	-
h1SMnG0007327	-
h1SMnG0007328	-
h1SMnG0007329	-
h1SMnG0007330	-
h1SMnG0007331	-
h1SMnG0007332	-
h1SMnG0007333	-
h1SMnG0007334	-
h1SMnG0007335	-
h1SMnG0007336	-
h1SMnG0007337	-
h1SMnG0007338	-
h1SMnG0007339	-
h1SMnG0007340	-
h1SMnG0007341	-
h1SMnG0007342	-
h1SMnG0007343	-
h1SMnG0007344	-
h1SMnG0007345	-
h1SMnG0007346	-
h1SMnG0007347	-
h1SMnG0007348	-
h1SMnG0007349	-
h1SMnG0007350	-
h1SMnG0007351	-
h1SMnG0007352	-
h1SMnG0007353	-
h1SMnG0007354	-
h1SMnG0007355	-
h1SMnG0007356	-
h1SMnG0007357	-
h1SMnG0007358	-
h1SMnG0007359	-
h1SMnG0007360	-
h1SMnG0007361	-
h1SMnG0007362	-
h1SMnG0007363	-
h1SMnG0007364	-
h1SMnG0007365	-
h1SMnG0007366	-
h1SMnG0007367	-
h1SMnG0007368	-
h1SMnG0007369	-
h1SMnG0007370	-
h1SMnG0007371	-
h1SMnG0007372	-
h1SMnG0007373	-
h1SMnG0007374	-
h1SMnG0007375	-
h1SMnG0007376	-
h1SMnG0007377	-
h1SMnG0007378	-
h1SMnG0007379	-
h1SMnG0007380	-
h1SMnG0007381	-
h1SMnG0007382	-
h1SMnG0007383	-
h1SMnG0007384	-
h1SMnG0007385	-
h1SMnG0007386	-
h1SMnG0007387	-
h1SMnG0007388	-
h1SMnG0007389	-
h1SMnG0007390	-
h1SMnG0007391	-
h1SMnG0007392	-
h1SMnG0007393	-
h1SMnG0007394	-
h1SMnG0007395	-
h1SMnG0007396	-
h1SMnG0007397	-
h1SMnG0007398	-
h1SMnG0007399	-
h1SMnG0007400	-
h1SMnG0007401	-
h1SMnG0007402	-
h1SMnG0007403	-
h1SMnG0007404	-
h1SMnG0007405	-
h1SMnG0007406	-
h1SMnG0007407	-
h1SMnG0007408	-
h1SMnG0007409	-
h1SMnG0007410	-
h1SMnG0007411	-
h1SMnG0007412	-
h1SMnG0007413	-
h1SMnG0007414	-
h1SMnG0007415	-
h1SMnG0007416	-
h1SMnG0007417	-
h1SMnG0007418	-
h1SMnG0007419	-
h1SMnG0007420	-
h1SMnG0007421	-
h1SMnG0007422	-
h1SMnG0007423	-
h1SMnG0007424	-
h1SMnG0007425	-
h1SMnG0007426	-
h1SMnG0007427	-
h1SMnG0007428	-
h1SMnG0007429	-
h1SMnG0007430	-
h1SMnG0007431	-
h1SMnG0007432	-
h1SMnG0007433	-
h1SMnG0007434	-
h1SMnG0007435	-
h1SMnG0007436	H
h1SMnG0007437	-
h1SMnG0007438	-
h1SMnG0007439	-
h1SMnG0007440	-
h1SMnG0007441	-
h1SMnG0007442	-
h1SMnG0007443	-
h1SMnG0007444	-
h1SMnG0007445	-
h1SMnG0007446	-
h1SMnG0007447	-
h1SMnG0007448	-
h1SMnG0007449	-
h1SMnG0007450	-
h1SMnG0007451	-
h1SMnG0007452	-
h1SMnG0007453	-
h1SMnG0007454	-
h1SMnG0007455	-
h1SMnG0007456	-
h1SMnG0007457	-
h1SMnG0007458	-
h1SMnG0007459	-
h1SMnG0007460	-
h1SMnG0007461	-
h1SMnG0007462	-
h1SMnG0007463	-
h1SMnG0007464	-
h1SMnG0007465	-
h1SMnG0007466	-
h1SMnG0007467	-
h1SMnG0007468	-
h1SMnG0007469	-
h1SMnG0007470	-
h1SMnG0007471	-
h1SMnG0007472	-
h1SMnG0007473	-
h1SMnG0007474	-
h1SMnG0007475	-
h1SMnG0007476	-
h1SMnG0007477	-
h1SMnG0007478	-
h1SMnG0007479	-
h1SMnG0007480	-
h1SMnG0007481	A
h1SMnG0007482	-
h1SMnG0007483	-
h1SMnG0007484	-
h1SMnG0007485	-
h1SMnG0007486	-
h1SMnG0007487	-
h1SMnG0007488	-
h1SMnG0007489	-
h1SMnG0007490	-
h1SMnG0007491	-
h1SMnG0007492	-
h1SMnG0007493	-
h1SMnG0007494	-
h1SMnG0007495	-
h1SMnG0007496	-
h1SMnG0007497	-
h1SMnG0007498	-
h1SMnG0007499	-
h1SMnG0007500	-
h1SMnG0007501	-
h1SMnG0007502	-
h1SMnG0007503	Q
h1SMnG0007504	-
h1SMnG0007505	-
h1SMnG0007506	-
h1SMnG0007507	-
h1SMnG0007508	-
h1SMnG0007509	-
h1SMnG0007510	-
h1SMnG0007511	-
h1SMnG0007512	-
h1SMnG0007513	-
h1SMnG0007514	-
h1SMnG0007515	-
h1SMnG0007516	-
h1SMnG0007517	Q
h1SMnG0007518	-
h1SMnG0007519	-
h1SMnG0007520	-
h1SMnG0007521	-
h1SMnG0007522	-
h1SMnG0007523	-
h1SMnG0007524	-
h1SMnG0007525	-
h1SMnG0007526	-
h1SMnG0007527	-
h1SMnG0007528	-
h1SMnG0007529	-
h1SMnG0007530	-
h1SMnG0007531	-
h1SMnG0007532	-
h1SMnG0007533	-
h1SMnG0007534	-
h1SMnG0007535	-
h1SMnG0007536	-
h1SMnG0007537	-
h1SMnG0007538	-
h1SMnG0007539	-
h1SMnG0007540	-
h1SMnG0007541	-
h1SMnG0007542	-
h1SMnG0007543	-
h1SMnG0007544	-
h1SMnG0007545	-
h1SMnG0007546	-
h1SMnG0007547	-
h1SMnG0007548	-
h1SMnG0007549	-
h1SMnG0007550	-
h1SMnG0007551	S
h1SMnG0007552	-
h1SMnG0007553	-
h1SMnG0007554	-
h1SMnG0007555	-
h1SMnG0007556	-
h1SMnG0007557	-
h1SMnG0007558	-
h1SMnG0007559	-
h1SMnG0007560	-
h1SMnG0007561	-
h1SMnG0007562	-
h1SMnG0007563	-
h1SMnG0007564	-
h1SMnG0007565	-
h1SMnG0007566	-
h1SMnG0007567	-
h1SMnG0007568	-
h1SMnG0007569	O
h1SMnG0007570	-
h1SMnG0007571	-
h1SMnG0007572	-
h1SMnG0007573	-
h1SMnG0007574	-
h1SMnG0007575	-
h1SMnG0007576	-
h1SMnG0007577	-
h1SMnG0007578	-
h1SMnG0007579	-
h1SMnG0007580	-
h1SMnG0007581	-
h1SMnG0007582	-
h1SMnG0007583	-
h1SMnG0007584	-
h1SMnG0007585	-
h1SMnG0007586	-
h1SMnG0007587	-
h1SMnG0007588	-
h1SMnG0007589	-
h1SMnG0007590	-
h1SMnG0007591	-
h1SMnG0007592	-
h1SMnG0007593	-
h1SMnG0007594	-
h1SMnG0007595	-
h1SMnG0007596	-
h1SMnG0007597	-
h1SMnG0007598	-
h1SMnG0007599	-
h1SMnG0007600	-
h1SMnG0007601	-
h1SMnG0007602	-
h1SMnG0007603	-
h1SMnG0007604	-
h1SMnG0007605	-
h1SMnG0007606	-
h1SMnG0007607	-
h1SMnG0007608	-
h1SMnG0007609	-
h1SMnG0007610	-
h1SMnG0007611	-
h1SMnG0007612	-
h1SMnG0007613	-
h1SMnG0007614	-
h1SMnG0007615	-
h1SMnG0007616	-
h1SMnG0007617	-
h1SMnG0007618	-
h1SMnG0007619	-
h1SMnG0007620	-
h1SMnG0007621	-
h1SMnG0007622	-
h1SMnG0007623	-
h1SMnG0007624	-
h1SMnG0007625	-
h1SMnG0007626	-
h1SMnG0007627	-
h1SMnG0007628	-
h1SMnG0007629	-
h1SMnG0007630	-
h1SMnG0007631	-
h1SMnG0007632	-
h1SMnG0007633	-
h1SMnG0007634	-
h1SMnG0007635	-
h1SMnG0007636	-
h1SMnG0007637	-
h1SMnG0007638	-
h1SMnG0007639	-
h1SMnG0007640	-
h1SMnG0007641	-
h1SMnG0007642	-
h1SMnG0007643	-
h1SMnG0007644	-
h1SMnG0007645	-
h1SMnG0007646	BD
h1SMnG0007647	-
h1SMnG0007648	-
h1SMnG0007649	-
h1SMnG0007650	-
h1SMnG0007651	-
h1SMnG0007652	-
h1SMnG0007653	-
h1SMnG0007654	-
h1SMnG0007655	-
h1SMnG0007656	-
h1SMnG0007657	-
h1SMnG0007658	-
h1SMnG0007659	-
h1SMnG0007660	-
h1SMnG0007661	-
h1SMnG0007662	-
h1SMnG0007663	-
h1SMnG0007664	T
h1SMnG0007665	-
h1SMnG0007666	-
h1SMnG0007667	-
h1SMnG0007668	-
h1SMnG0007669	-
h1SMnG0007670	-
h1SMnG0007671	-
h1SMnG0007672	-
h1SMnG0007673	-
h1SMnG0007674	-
h1SMnG0007675	-
h1SMnG0007676	-
h1SMnG0007677	-
h1SMnG0007678	-
h1SMnG0007679	-
h1SMnG0007680	-
h1SMnG0007681	-
h1SMnG0007682	-
h1SMnG0007683	-
h1SMnG0007684	-
h1SMnG0007685	-
h1SMnG0007686	-
h1SMnG0007687	-
h1SMnG0007688	T
h1SMnG0007689	-
h1SMnG0007690	J
h1SMnG0007691	-
h1SMnG0007692	-
h1SMnG0007693	-
h1SMnG0007694	-
h1SMnG0007695	-
h1SMnG0007696	-
h1SMnG0007697	-
h1SMnG0007698	-
h1SMnG0007699	-
h1SMnG0007700	-
h1SMnG0007701	-
h1SMnG0007702	-
h1SMnG0007703	-
h1SMnG0007704	-
h1SMnG0007705	-
h1SMnG0007706	T
h1SMnG0007707	-
h1SMnG0007708	-
h1SMnG0007709	-
h1SMnG0007710	-
h1SMnG0007711	-
h1SMnG0007712	-
h1SMnG0007713	-
h1SMnG0007714	-
h1SMnG0007715	-
h1SMnG0007716	C
h1SMnG0007717	-
h1SMnG0007718	-
h1SMnG0007719	-
h1SMnG0007720	-
h1SMnG0007721	-
h1SMnG0007722	-
h1SMnG0007723	-
h1SMnG0007724	-
h1SMnG0007725	-
h1SMnG0007726	-
h1SMnG0007727	-
h1SMnG0007728	-
h1SMnG0007729	-
h1SMnG0007730	-
h1SMnG0007731	-
h1SMnG0007732	-
h1SMnG0007733	-
h1SMnG0007734	-
h1SMnG0007735	-
h1SMnG0007736	-
h1SMnG0007737	-
h1SMnG0007738	-
h1SMnG0007739	-
h1SMnG0007740	-
h1SMnG0007741	-
h1SMnG0007742	-
h1SMnG0007743	-
h1SMnG0007744	-
h1SMnG0007745	-
h1SMnG0007746	-
h1SMnG0007747	-
h1SMnG0007748	-
h1SMnG0007749	-
h1SMnG0007750	-
h1SMnG0007751	-
h1SMnG0007752	-
h1SMnG0007753	-
h1SMnG0007754	-
h1SMnG0007755	-
h1SMnG0007756	-
h1SMnG0007757	-
h1SMnG0007758	-
h1SMnG0007759	-
h1SMnG0007760	-
h1SMnG0007761	-
h1SMnG0007762	-
h1SMnG0007763	-
h1SMnG0007764	-
h1SMnG0007765	-
h1SMnG0007766	-
h1SMnG0007767	-
h1SMnG0007768	-
h1SMnG0007769	P
h1SMnG0007770	-
h1SMnG0007771	-
h1SMnG0007772	-
h1SMnG0007773	-
h1SMnG0007774	-
h1SMnG0007775	-
h1SMnG0007776	-
h1SMnG0007777	-
h1SMnG0007778	-
h1SMnG0007779	-
h1SMnG0007780	-
h1SMnG0007781	-
h1SMnG0007782	-
h1SMnG0007783	-
h1SMnG0007784	-
h1SMnG0007785	-
h1SMnG0007786	-
h1SMnG0007787	-
h1SMnG0007788	-
h1SMnG0007789	-
h1SMnG0007790	-
h1SMnG0007791	-
h1SMnG0007792	-
h1SMnG0007793	-
h1SMnG0007794	-
h1SMnG0007795	S
h1SMnG0007796	-
h1SMnG0007797	-
h1SMnG0007798	-
h1SMnG0007799	-
h1SMnG0007800	-
h1SMnG0007801	-
h1SMnG0007802	-
h1SMnG0007803	-
h1SMnG0007804	-
h1SMnG0007805	-
h1SMnG0007806	-
h1SMnG0007807	-
h1SMnG0007808	-
h1SMnG0007809	-
h1SMnG0007810	-
h1SMnG0007811	-
h1SMnG0007812	-
h1SMnG0007813	-
h1SMnG0007814	-
h1SMnG0007815	-
h1SMnG0007816	-
h1SMnG0007817	-
h1SMnG0007818	-
h1SMnG0007819	-
h1SMnG0007820	-
h1SMnG0007821	-
h1SMnG0007822	-
h1SMnG0007823	-
h1SMnG0007824	-
h1SMnG0007825	-
h1SMnG0007826	-
h1SMnG0007827	-
h1SMnG0007828	-
h1SMnG0007829	-
h1SMnG0007830	-
h1SMnG0007831	-
h1SMnG0007832	-
h1SMnG0007833	-
h1SMnG0007834	-
h1SMnG0007835	-
h1SMnG0007836	-
h1SMnG0007837	-
h1SMnG0007838	-
h1SMnG0007839	-
h1SMnG0007840	-
h1SMnG0007841	-
h1SMnG0007842	-
h1SMnG0007843	-
h1SMnG0007844	-
h1SMnG0007845	-
h1SMnG0007846	-
h1SMnG0007847	-
h1SMnG0007848	-
h1SMnG0007849	-
h1SMnG0007850	-
h1SMnG0007851	-
h1SMnG0007852	-
h1SMnG0007853	-
h1SMnG0007854	O
h1SMnG0007855	-
h1SMnG0007856	-
h1SMnG0007857	O
h1SMnG0007858	-
h1SMnG0007859	-
h1SMnG0007860	-
h1SMnG0007861	-
h1SMnG0007862	-
h1SMnG0007863	-
h1SMnG0007864	-
h1SMnG0007865	-
h1SMnG0007866	-
h1SMnG0007867	-
h1SMnG0007868	-
h1SMnG0007869	-
h1SMnG0007870	BD
h1SMnG0007871	-
h1SMnG0007872	-
h1SMnG0007873	-
h1SMnG0007874	-
h1SMnG0007875	-
h1SMnG0007876	-
h1SMnG0007877	-
h1SMnG0007878	-
h1SMnG0007879	-
h1SMnG0007880	-
h1SMnG0007881	-
h1SMnG0007882	-
h1SMnG0007883	-
h1SMnG0007884	-
h1SMnG0007885	-
h1SMnG0007886	-
h1SMnG0007887	-
h1SMnG0007888	-
h1SMnG0007889	-
h1SMnG0007890	-
h1SMnG0007891	-
h1SMnG0007892	-
h1SMnG0007893	-
h1SMnG0007894	-
h1SMnG0007895	-
h1SMnG0007896	-
h1SMnG0007897	-
h1SMnG0007898	-
h1SMnG0007899	-
h1SMnG0007900	-
h1SMnG0007901	-
h1SMnG0007902	-
h1SMnG0007903	-
h1SMnG0007904	-
h1SMnG0007905	-
h1SMnG0007906	-
h1SMnG0007907	-
h1SMnG0007908	-
h1SMnG0007909	-
h1SMnG0007910	P
h1SMnG0007911	-
h1SMnG0007912	-
h1SMnG0007913	-
h1SMnG0007914	-
h1SMnG0007915	-
h1SMnG0007916	-
h1SMnG0007917	-
h1SMnG0007918	-
h1SMnG0007919	-
h1SMnG0007920	-
h1SMnG0007921	-
h1SMnG0007922	-
h1SMnG0007923	-
h1SMnG0007924	-
h1SMnG0007925	-
h1SMnG0007926	-
h1SMnG0007927	-
h1SMnG0007928	-
h1SMnG0007929	-
h1SMnG0007930	-
h1SMnG0007931	-
h1SMnG0007932	-
h1SMnG0007933	-
h1SMnG0007934	-
h1SMnG0007935	-
h1SMnG0007936	-
h1SMnG0007937	-
h1SMnG0007938	-
h1SMnG0007939	-
h1SMnG0007940	K
h1SMnG0007941	-
h1SMnG0007942	-
h1SMnG0007943	-
h1SMnG0007944	-
h1SMnG0007945	-
h1SMnG0007946	-
h1SMnG0007947	-
h1SMnG0007948	-
h1SMnG0007949	-
h1SMnG0007950	-
h1SMnG0007951	-
h1SMnG0007952	-
h1SMnG0007953	-
h1SMnG0007954	-
h1SMnG0007955	D
h1SMnG0007956	-
h1SMnG0007957	-
h1SMnG0007958	-
h1SMnG0007959	-
h1SMnG0007960	-
h1SMnG0007961	-
h1SMnG0007962	-
h1SMnG0007963	-
h1SMnG0007964	-
h1SMnG0007965	-
h1SMnG0007966	-
h1SMnG0007967	-
h1SMnG0007968	-
h1SMnG0007969	-
h1SMnG0007970	-
h1SMnG0007971	-
h1SMnG0007972	-
h1SMnG0007973	-
h1SMnG0007974	-
h1SMnG0007975	-
h1SMnG0007976	-
h1SMnG0007977	-
h1SMnG0007978	-
h1SMnG0007979	-
h1SMnG0007980	-
h1SMnG0007981	-
h1SMnG0007982	-
h1SMnG0007983	-
h1SMnG0007984	-
h1SMnG0007985	-
h1SMnG0007986	-
h1SMnG0007987	-
h1SMnG0007988	-
h1SMnG0007989	-
h1SMnG0007990	-
h1SMnG0007991	-
h1SMnG0007992	-
h1SMnG0007993	-
h1SMnG0007994	-
h1SMnG0007995	-
h1SMnG0007996	-
h1SMnG0007997	-
h1SMnG0007998	-
h1SMnG0007999	-
h1SMnG0008000	-
h1SMnG0008001	-
h1SMnG0008002	-
h1SMnG0008003	-
h1SMnG0008004	-
h1SMnG0008005	-
h1SMnG0008006	-
h1SMnG0008007	-
h1SMnG0008008	-
h1SMnG0008009	-
h1SMnG0008010	-
h1SMnG0008011	-
h1SMnG0008012	-
h1SMnG0008013	-
h1SMnG0008014	-
h1SMnG0008015	-
h1SMnG0008016	-
h1SMnG0008017	-
h1SMnG0008018	-
h1SMnG0008019	-
h1SMnG0008020	-
h1SMnG0008021	-
h1SMnG0008022	-
h1SMnG0008023	-
h1SMnG0008024	-
h1SMnG0008025	-
h1SMnG0008026	-
h1SMnG0008027	-
h1SMnG0008028	-
h1SMnG0008029	O
h1SMnG0008030	-
h1SMnG0008031	-
h1SMnG0008032	-
h1SMnG0008033	-
h1SMnG0008034	-
h1SMnG0008035	-
h1SMnG0008036	-
h1SMnG0008037	-
h1SMnG0008038	-
h1SMnG0008039	-
h1SMnG0008040	-
h1SMnG0008041	-
h1SMnG0008042	-
h1SMnG0008043	-
h1SMnG0008044	-
h1SMnG0008045	-
h1SMnG0008046	-
h1SMnG0008047	-
h1SMnG0008048	-
h1SMnG0008049	-
h1SMnG0008050	-
h1SMnG0008051	-
h1SMnG0008052	-
h1SMnG0008053	-
h1SMnG0008054	-
h1SMnG0008055	-
h1SMnG0008056	-
h1SMnG0008057	-
h1SMnG0008058	-
h1SMnG0008059	-
h1SMnG0008060	-
h1SMnG0008061	-
h1SMnG0008062	-
h1SMnG0008063	-
h1SMnG0008064	-
h1SMnG0008065	-
h1SMnG0008066	-
h1SMnG0008067	-
h1SMnG0008068	-
h1SMnG0008069	-
h1SMnG0008070	-
h1SMnG0008071	-
h1SMnG0008072	-
h1SMnG0008073	-
h1SMnG0008074	-
h1SMnG0008075	-
h1SMnG0008076	-
h1SMnG0008077	-
h1SMnG0008078	-
h1SMnG0008079	-
h1SMnG0008080	-
h1SMnG0008081	-
h1SMnG0008082	-
h1SMnG0008083	-
h1SMnG0008084	-
h1SMnG0008085	-
h1SMnG0008086	-
h1SMnG0008087	-
h1SMnG0008088	-
h1SMnG0008089	-
h1SMnG0008090	-
h1SMnG0008091	-
h1SMnG0008092	-
h1SMnG0008093	-
h1SMnG0008094	-
h1SMnG0008095	-
h1SMnG0008096	-
h1SMnG0008097	-
h1SMnG0008098	-
h1SMnG0008099	-
h1SMnG0008100	-
h1SMnG0008101	-
h1SMnG0008102	-
h1SMnG0008103	-
h1SMnG0008104	-
h1SMnG0008105	-
h1SMnG0008106	-
h1SMnG0008107	-
h1SMnG0008108	-
h1SMnG0008109	-
h1SMnG0008110	-
h1SMnG0008111	-
h1SMnG0008112	-
h1SMnG0008113	-
h1SMnG0008114	-
h1SMnG0008115	-
h1SMnG0008116	-
h1SMnG0008117	-
h1SMnG0008118	-
h1SMnG0008119	-
h1SMnG0008120	-
h1SMnG0008121	-
h1SMnG0008122	-
h1SMnG0008123	-
h1SMnG0008124	-
h1SMnG0008125	-
h1SMnG0008126	-
h1SMnG0008127	-
h1SMnG0008128	-
h1SMnG0008129	-
h1SMnG0008130	-
h1SMnG0008131	-
h1SMnG0008132	-
h1SMnG0008133	-
h1SMnG0008134	-
h1SMnG0008135	-
h1SMnG0008136	-
h1SMnG0008137	-
h1SMnG0008138	-
h1SMnG0008139	-
h1SMnG0008140	-
h1SMnG0008141	-
h1SMnG0008142	-
h1SMnG0008143	-
h1SMnG0008144	-
h1SMnG0008145	-
h1SMnG0008146	-
h1SMnG0008147	-
h1SMnG0008148	-
h1SMnG0008149	-
h1SMnG0008150	-
h1SMnG0008151	-
h1SMnG0008152	-
h1SMnG0008153	-
h1SMnG0008154	-
h1SMnG0008155	-
h1SMnG0008156	-
h1SMnG0008157	-
h1SMnG0008158	-
h1SMnG0008159	-
h1SMnG0008160	-
h1SMnG0008161	-
h1SMnG0008162	-
h1SMnG0008163	-
h1SMnG0008164	-
h1SMnG0008165	L
h1SMnG0008166	-
h1SMnG0008167	-
h1SMnG0008168	-
h1SMnG0008169	-
h1SMnG0008170	-
h1SMnG0008171	-
h1SMnG0008172	-
h1SMnG0008173	-
h1SMnG0008174	-
h1SMnG0008175	-
h1SMnG0008176	-
h1SMnG0008177	-
h1SMnG0008178	-
h1SMnG0008179	-
h1SMnG0008180	-
h1SMnG0008181	-
h1SMnG0008182	-
h1SMnG0008183	-
h1SMnG0008184	-
h1SMnG0008185	-
h1SMnG0008186	-
h1SMnG0008187	-
h1SMnG0008188	-
h1SMnG0008189	-
h1SMnG0008190	-
h1SMnG0008191	-
h1SMnG0008192	-
h1SMnG0008193	-
h1SMnG0008194	-
h1SMnG0008195	-
h1SMnG0008196	-
h1SMnG0008197	-
h1SMnG0008198	-
h1SMnG0008199	-
h1SMnG0008200	-
h1SMnG0008201	-
h1SMnG0008202	-
h1SMnG0008203	-
h1SMnG0008204	-
h1SMnG0008205	-
h1SMnG0008206	-
h1SMnG0008207	-
h1SMnG0008208	-
h1SMnG0008209	-
h1SMnG0008210	-
h1SMnG0008211	-
h1SMnG0008212	-
h1SMnG0008213	-
h1SMnG0008214	-
h1SMnG0008215	-
h1SMnG0008216	F
h1SMnG0008217	-
h1SMnG0008218	-
h1SMnG0008219	-
h1SMnG0008220	T
h1SMnG0008221	-
h1SMnG0008222	-
h1SMnG0008223	-
h1SMnG0008224	-
h1SMnG0008225	-
h1SMnG0008226	-
h1SMnG0008227	-
h1SMnG0008228	-
h1SMnG0008229	-
h1SMnG0008230	S
h1SMnG0008231	-
h1SMnG0008232	-
h1SMnG0008233	-
h1SMnG0008234	-
h1SMnG0008235	-
h1SMnG0008236	-
h1SMnG0008237	-
h1SMnG0008238	-
h1SMnG0008239	-
h1SMnG0008240	-
h1SMnG0008241	-
h1SMnG0008242	-
h1SMnG0008243	-
h1SMnG0008244	-
h1SMnG0008245	-
h1SMnG0008246	-
h1SMnG0008247	-
h1SMnG0008248	-
h1SMnG0008249	-
h1SMnG0008250	-
h1SMnG0008251	-
h1SMnG0008252	-
h1SMnG0008253	-
h1SMnG0008254	-
h1SMnG0008255	-
h1SMnG0008256	-
h1SMnG0008257	-
h1SMnG0008258	-
h1SMnG0008259	-
h1SMnG0008260	-
h1SMnG0008261	-
h1SMnG0008262	-
h1SMnG0008263	-
h1SMnG0008264	-
h1SMnG0008265	-
h1SMnG0008266	-
h1SMnG0008267	-
h1SMnG0008268	-
h1SMnG0008269	-
h1SMnG0008270	-
h1SMnG0008271	-
h1SMnG0008272	-
h1SMnG0008273	-
h1SMnG0008274	-
h1SMnG0008275	-
h1SMnG0008276	-
h1SMnG0008277	-
h1SMnG0008278	-
h1SMnG0008279	-
h1SMnG0008280	-
h1SMnG0008281	-
h1SMnG0008282	-
h1SMnG0008283	-
h1SMnG0008284	-
h1SMnG0008285	-
h1SMnG0008286	-
h1SMnG0008287	-
h1SMnG0008288	-
h1SMnG0008289	-
h1SMnG0008290	-
h1SMnG0008291	-
h1SMnG0008292	-
h1SMnG0008293	-
h1SMnG0008294	-
h1SMnG0008295	-
h1SMnG0008296	-
h1SMnG0008297	-
h1SMnG0008298	S
h1SMnG0008299	-
h1SMnG0008300	-
h1SMnG0008301	-
h1SMnG0008302	-
h1SMnG0008303	-
h1SMnG0008304	-
h1SMnG0008305	-
h1SMnG0008306	-
h1SMnG0008307	-
h1SMnG0008308	-
h1SMnG0008309	-
h1SMnG0008310	-
h1SMnG0008311	-
h1SMnG0008312	-
h1SMnG0008313	T
h1SMnG0008314	-
h1SMnG0008315	-
h1SMnG0008316	-
h1SMnG0008317	-
h1SMnG0008318	-
h1SMnG0008319	-
h1SMnG0008320	-
h1SMnG0008321	-
h1SMnG0008322	S
h1SMnG0008323	-
h1SMnG0008324	-
h1SMnG0008325	-
h1SMnG0008326	-
h1SMnG0008327	-
h1SMnG0008328	-
h1SMnG0008329	-
h1SMnG0008330	-
h1SMnG0008331	-
h1SMnG0008332	-
h1SMnG0008333	-
h1SMnG0008334	-
h1SMnG0008335	-
h1SMnG0008336	-
h1SMnG0008337	-
h1SMnG0008338	-
h1SMnG0008339	U
h1SMnG0008340	-
h1SMnG0008341	-
h1SMnG0008342	-
h1SMnG0008343	S
h1SMnG0008344	-
h1SMnG0008345	-
h1SMnG0008346	-
h1SMnG0008347	-
h1SMnG0008348	-
h1SMnG0008349	-
h1SMnG0008350	-
h1SMnG0008351	-
h1SMnG0008352	-
h1SMnG0008353	-
h1SMnG0008354	-
h1SMnG0008355	-
h1SMnG0008356	-
h1SMnG0008357	-
h1SMnG0008358	-
h1SMnG0008359	-
h1SMnG0008360	-
h1SMnG0008361	-
h1SMnG0008362	-
h1SMnG0008363	-
h1SMnG0008364	-
h1SMnG0008365	-
h1SMnG0008366	-
h1SMnG0008367	-
h1SMnG0008368	-
h1SMnG0008369	T
h1SMnG0008370	-
h1SMnG0008371	-
h1SMnG0008372	-
h1SMnG0008373	-
h1SMnG0008374	-
h1SMnG0008375	-
h1SMnG0008376	-
h1SMnG0008377	-
h1SMnG0008378	-
h1SMnG0008379	-
h1SMnG0008380	-
h1SMnG0008381	-
h1SMnG0008382	-
h1SMnG0008383	-
h1SMnG0008384	-
h1SMnG0008385	-
h1SMnG0008386	-
h1SMnG0008387	-
h1SMnG0008388	-
h1SMnG0008389	-
h1SMnG0008390	-
h1SMnG0008391	-
h1SMnG0008392	-
h1SMnG0008393	-
h1SMnG0008394	-
h1SMnG0008395	-
h1SMnG0008396	Q
h1SMnG0008397	-
h1SMnG0008398	-
h1SMnG0008399	-
h1SMnG0008400	-
h1SMnG0008401	-
h1SMnG0008402	-
h1SMnG0008403	-
h1SMnG0008404	-
h1SMnG0008405	-
h1SMnG0008406	-
h1SMnG0008407	-
h1SMnG0008408	T
h1SMnG0008409	-
h1SMnG0008410	-
h1SMnG0008411	-
h1SMnG0008412	-
h1SMnG0008413	-
h1SMnG0008414	-
h1SMnG0008415	-
h1SMnG0008416	-
h1SMnG0008417	-
h1SMnG0008418	-
h1SMnG0008419	-
h1SMnG0008420	-
h1SMnG0008421	-
h1SMnG0008422	-
h1SMnG0008423	-
h1SMnG0008424	-
h1SMnG0008425	-
h1SMnG0008426	-
h1SMnG0008427	-
h1SMnG0008428	-
h1SMnG0008429	-
h1SMnG0008430	-
h1SMnG0008431	-
h1SMnG0008432	-
h1SMnG0008433	-
h1SMnG0008434	-
h1SMnG0008435	-
h1SMnG0008436	-
h1SMnG0008437	-
h1SMnG0008438	-
h1SMnG0008439	-
h1SMnG0008440	-
h1SMnG0008441	-
h1SMnG0008442	-
h1SMnG0008443	-
h1SMnG0008444	-
h1SMnG0008445	-
h1SMnG0008446	-
h1SMnG0008447	-
h1SMnG0008448	-
h1SMnG0008449	-
h1SMnG0008450	-
h1SMnG0008451	-
h1SMnG0008452	-
h1SMnG0008453	-
h1SMnG0008454	-
h1SMnG0008455	-
h1SMnG0008456	-
h1SMnG0008457	-
h1SMnG0008458	-
h1SMnG0008459	-
h1SMnG0008460	-
h1SMnG0008461	-
h1SMnG0008462	-
h1SMnG0008463	-
h1SMnG0008464	-
h1SMnG0008465	-
h1SMnG0008466	-
h1SMnG0008467	-
h1SMnG0008468	-
h1SMnG0008469	-
h1SMnG0008470	-
h1SMnG0008471	-
h1SMnG0008472	-
h1SMnG0008473	S
h1SMnG0008474	-
h1SMnG0008475	-
h1SMnG0008476	-
h1SMnG0008477	-
h1SMnG0008478	-
h1SMnG0008479	-
h1SMnG0008480	-
h1SMnG0008481	-
h1SMnG0008482	E
h1SMnG0008483	-
h1SMnG0008484	-
h1SMnG0008485	-
h1SMnG0008486	-
h1SMnG0008487	-
h1SMnG0008488	-
h1SMnG0008489	-
h1SMnG0008490	-
h1SMnG0008491	-
h1SMnG0008492	-
h1SMnG0008493	-
h1SMnG0008494	-
h1SMnG0008495	-
h1SMnG0008496	-
h1SMnG0008497	-
h1SMnG0008498	-
h1SMnG0008499	BD
h1SMnG0008500	-
h1SMnG0008501	-
h1SMnG0008502	-
h1SMnG0008503	-
h1SMnG0008504	-
h1SMnG0008505	-
h1SMnG0008506	-
h1SMnG0008507	-
h1SMnG0008508	-
h1SMnG0008509	-
h1SMnG0008510	-
h1SMnG0008511	-
h1SMnG0008512	-
h1SMnG0008513	-
h1SMnG0008514	-
h1SMnG0008515	-
h1SMnG0008516	-
h1SMnG0008517	-
h1SMnG0008518	-
h1SMnG0008519	-
h1SMnG0008520	-
h1SMnG0008521	-
h1SMnG0008522	-
h1SMnG0008523	-
h1SMnG0008524	-
h1SMnG0008525	-
h1SMnG0008526	-
h1SMnG0008527	-
h1SMnG0008528	TU
h1SMnG0008529	-
h1SMnG0008530	-
h1SMnG0008531	-
h1SMnG0008532	-
h1SMnG0008533	T
h1SMnG0008534	-
h1SMnG0008535	-
h1SMnG0008536	-
h1SMnG0008537	-
h1SMnG0008538	-
h1SMnG0008539	-
h1SMnG0008540	-
h1SMnG0008541	-
h1SMnG0008542	-
h1SMnG0008543	-
h1SMnG0008544	U
h1SMnG0008545	-
h1SMnG0008546	-
h1SMnG0008547	-
h1SMnG0008548	-
h1SMnG0008549	-
h1SMnG0008550	-
h1SMnG0008551	-
h1SMnG0008552	-
h1SMnG0008553	-
h1SMnG0008554	-
h1SMnG0008555	-
h1SMnG0008556	-
h1SMnG0008557	-
h1SMnG0008558	-
h1SMnG0008559	-
h1SMnG0008560	-
h1SMnG0008561	-
h1SMnG0008562	-
h1SMnG0008563	-
h1SMnG0008564	-
h1SMnG0008565	-
h1SMnG0008566	-
h1SMnG0008567	T
h1SMnG0008568	-
h1SMnG0008569	-
h1SMnG0008570	-
h1SMnG0008571	-
h1SMnG0008572	-
h1SMnG0008573	-
h1SMnG0008574	-
h1SMnG0008575	-
h1SMnG0008576	-
h1SMnG0008577	-
h1SMnG0008578	S
h1SMnG0008579	-
h1SMnG0008580	-
h1SMnG0008581	-
h1SMnG0008582	-
h1SMnG0008583	-
h1SMnG0008584	-
h1SMnG0008585	BK
h1SMnG0008586	-
h1SMnG0008587	-
h1SMnG0008588	-
h1SMnG0008589	-
h1SMnG0008590	E
h1SMnG0008591	-
h1SMnG0008592	-
h1SMnG0008593	-
h1SMnG0008594	-
h1SMnG0008595	-
h1SMnG0008596	-
h1SMnG0008597	-
h1SMnG0008598	-
h1SMnG0008599	-
h1SMnG0008600	-
h1SMnG0008601	-
h1SMnG0008602	-
h1SMnG0008603	-
h1SMnG0008604	-
h1SMnG0008605	-
h1SMnG0008606	-
h1SMnG0008607	-
h1SMnG0008608	-
h1SMnG0008609	-
h1SMnG0008610	-
h1SMnG0008611	-
h1SMnG0008612	-
h1SMnG0008613	-
h1SMnG0008614	S
h1SMnG0008615	-
h1SMnG0008616	-
h1SMnG0008617	-
h1SMnG0008618	-
h1SMnG0008619	-
h1SMnG0008620	-
h1SMnG0008621	-
h1SMnG0008622	-
h1SMnG0008623	-
h1SMnG0008624	-
h1SMnG0008625	-
h1SMnG0008626	-
h1SMnG0008627	-
h1SMnG0008628	-
h1SMnG0008629	-
h1SMnG0008630	-
h1SMnG0008631	-
h1SMnG0008632	J
h1SMnG0008633	L
h1SMnG0008634	-
h1SMnG0008635	-
h1SMnG0008636	-
h1SMnG0008637	-
h1SMnG0008638	-
h1SMnG0008639	-
h1SMnG0008640	-
h1SMnG0008641	-
h1SMnG0008642	-
h1SMnG0008643	-
h1SMnG0008644	-
h1SMnG0008645	-
h1SMnG0008646	-
h1SMnG0008647	-
h1SMnG0008648	-
h1SMnG0008649	-
h1SMnG0008650	-
h1SMnG0008651	-
h1SMnG0008652	-
h1SMnG0008653	-
h1SMnG0008654	-
h1SMnG0008655	-
h1SMnG0008656	-
h1SMnG0008657	-
h1SMnG0008658	-
h1SMnG0008659	-
h1SMnG0008660	-
h1SMnG0008661	-
h1SMnG0008662	-
h1SMnG0008663	-
h1SMnG0008664	-
h1SMnG0008665	-
h1SMnG0008666	-
h1SMnG0008667	-
h1SMnG0008668	-
h1SMnG0008669	-
h1SMnG0008670	-
h1SMnG0008671	-
h1SMnG0008672	-
h1SMnG0008673	-
h1SMnG0008674	-
h1SMnG0008675	-
h1SMnG0008676	-
h1SMnG0008677	-
h1SMnG0008678	-
h1SMnG0008679	-
h1SMnG0008680	-
h1SMnG0008681	-
h1SMnG0008682	-
h1SMnG0008683	-
h1SMnG0008684	-
h1SMnG0008685	-
h1SMnG0008686	-
h1SMnG0008687	-
h1SMnG0008688	-
h1SMnG0008689	-
h1SMnG0008690	-
h1SMnG0008691	-
h1SMnG0008692	-
h1SMnG0008693	-
h1SMnG0008694	-
h1SMnG0008695	-
h1SMnG0008696	-
h1SMnG0008697	-
h1SMnG0008698	-
h1SMnG0008699	-
h1SMnG0008700	-
h1SMnG0008701	-
h1SMnG0008702	A
h1SMnG0008703	-
h1SMnG0008704	-
h1SMnG0008705	-
h1SMnG0008706	-
h1SMnG0008707	-
h1SMnG0008708	-
h1SMnG0008709	-
h1SMnG0008710	-
h1SMnG0008711	-
h1SMnG0008712	-
h1SMnG0008713	-
h1SMnG0008714	-
h1SMnG0008715	-
h1SMnG0008716	-
h1SMnG0008717	-
h1SMnG0008718	-
h1SMnG0008719	-
h1SMnG0008720	-
h1SMnG0008721	-
h1SMnG0008722	-
h1SMnG0008723	-
h1SMnG0008724	-
h1SMnG0008725	S
h1SMnG0008726	-
h1SMnG0008727	-
h1SMnG0008728	-
h1SMnG0008729	-
h1SMnG0008730	-
h1SMnG0008731	-
h1SMnG0008732	-
h1SMnG0008733	-
h1SMnG0008734	-
h1SMnG0008735	-
h1SMnG0008736	-
h1SMnG0008737	S
h1SMnG0008738	-
h1SMnG0008739	S
h1SMnG0008740	-
h1SMnG0008741	-
h1SMnG0008742	-
h1SMnG0008743	-
h1SMnG0008744	S
h1SMnG0008745	-
h1SMnG0008746	-
h1SMnG0008747	-
h1SMnG0008748	Z
h1SMnG0008749	-
h1SMnG0008750	-
h1SMnG0008751	-
h1SMnG0008752	-
h1SMnG0008753	-
h1SMnG0008754	-
h1SMnG0008755	-
h1SMnG0008756	-
h1SMnG0008757	-
h1SMnG0008758	-
h1SMnG0008759	-
h1SMnG0008760	-
h1SMnG0008761	-
h1SMnG0008762	-
h1SMnG0008763	-
h1SMnG0008764	-
h1SMnG0008765	-
h1SMnG0008766	-
h1SMnG0008767	-
h1SMnG0008768	-
h1SMnG0008769	-
h1SMnG0008770	-
h1SMnG0008771	-
h1SMnG0008772	-
h1SMnG0008773	-
h1SMnG0008774	-
h1SMnG0008775	-
h1SMnG0008776	-
h1SMnG0008777	-
h1SMnG0008778	-
h1SMnG0008779	-
h1SMnG0008780	-
h1SMnG0008781	-
h1SMnG0008782	-
h1SMnG0008783	-
h1SMnG0008784	-
h1SMnG0008785	-
h1SMnG0008786	-
h1SMnG0008787	-
h1SMnG0008788	-
h1SMnG0008789	-
h1SMnG0008790	-
h1SMnG0008791	-
h1SMnG0008792	-
h1SMnG0008793	-
h1SMnG0008794	S
h1SMnG0008795	-
h1SMnG0008796	-
h1SMnG0008797	-
h1SMnG0008798	-
h1SMnG0008799	-
h1SMnG0008800	-
h1SMnG0008801	-
h1SMnG0008802	-
h1SMnG0008803	-
h1SMnG0008804	-
h1SMnG0008805	-
h1SMnG0008806	-
h1SMnG0008807	DO
h1SMnG0008808	-
h1SMnG0008809	-
h1SMnG0008810	-
h1SMnG0008811	-
h1SMnG0008812	-
h1SMnG0008813	-
h1SMnG0008814	-
h1SMnG0008815	-
h1SMnG0008816	-
h1SMnG0008817	-
h1SMnG0008818	-
h1SMnG0008819	-
h1SMnG0008820	-
h1SMnG0008821	-
h1SMnG0008822	-
h1SMnG0008823	-
h1SMnG0008824	-
h1SMnG0008825	-
h1SMnG0008826	-
h1SMnG0008827	-
h1SMnG0008828	-
h1SMnG0008829	-
h1SMnG0008830	-
h1SMnG0008831	-
h1SMnG0008832	-
h1SMnG0008833	-
h1SMnG0008834	-
h1SMnG0008835	-
h1SMnG0008836	-
h1SMnG0008837	-
h1SMnG0008838	-
h1SMnG0008839	-
h1SMnG0008840	-
h1SMnG0008841	-
h1SMnG0008842	-
h1SMnG0008843	-
h1SMnG0008844	-
h1SMnG0008845	-
h1SMnG0008846	-
h1SMnG0008847	-
h1SMnG0008848	-
h1SMnG0008849	-
h1SMnG0008850	-
h1SMnG0008851	-
h1SMnG0008852	-
h1SMnG0008853	-
h1SMnG0008854	-
h1SMnG0008855	-
h1SMnG0008856	-
h1SMnG0008857	-
h1SMnG0008858	-
h1SMnG0008859	-
h1SMnG0008860	-
h1SMnG0008861	-
h1SMnG0008862	-
h1SMnG0008863	-
h1SMnG0008864	-
h1SMnG0008865	-
h1SMnG0008866	-
h1SMnG0008867	-
h1SMnG0008868	-
h1SMnG0008869	-
h1SMnG0008870	-
h1SMnG0008871	Z
h1SMnG0008872	-
h1SMnG0008873	-
h1SMnG0008874	-
h1SMnG0008875	-
h1SMnG0008876	-
h1SMnG0008877	-
h1SMnG0008878	-
h1SMnG0008879	-
h1SMnG0008880	-
h1SMnG0008881	-
h1SMnG0008882	-
h1SMnG0008883	-
h1SMnG0008884	-
h1SMnG0008885	-
h1SMnG0008886	-
h1SMnG0008887	-
h1SMnG0008888	-
h1SMnG0008889	-
h1SMnG0008890	-
h1SMnG0008891	-
h1SMnG0008892	-
h1SMnG0008893	-
h1SMnG0008894	-
h1SMnG0008895	-
h1SMnG0008896	-
h1SMnG0008897	-
h1SMnG0008898	-
h1SMnG0008899	-
h1SMnG0008900	-
h1SMnG0008901	-
h1SMnG0008902	-
h1SMnG0008903	-
h1SMnG0008904	-
h1SMnG0008905	-
h1SMnG0008906	-
h1SMnG0008907	-
h1SMnG0008908	-
h1SMnG0008909	-
h1SMnG0008910	-
h1SMnG0008911	-
h1SMnG0008912	-
h1SMnG0008913	-
h1SMnG0008914	-
h1SMnG0008915	-
h1SMnG0008916	-
h1SMnG0008917	-
h1SMnG0008918	-
h1SMnG0008919	-
h1SMnG0008920	-
h1SMnG0008921	-
h1SMnG0008922	-
h1SMnG0008923	-
h1SMnG0008924	-
h1SMnG0008925	-
h1SMnG0008926	-
h1SMnG0008927	-
h1SMnG0008928	-
h1SMnG0008929	-
h1SMnG0008930	-
h1SMnG0008931	-
h1SMnG0008932	-
h1SMnG0008933	-
h1SMnG0008934	-
h1SMnG0008935	-
h1SMnG0008936	-
h1SMnG0008937	-
h1SMnG0008938	O
h1SMnG0008939	-
h1SMnG0008940	-
h1SMnG0008941	-
h1SMnG0008942	-
h1SMnG0008943	-
h1SMnG0008944	-
h1SMnG0008945	-
h1SMnG0008946	-
h1SMnG0008947	-
h1SMnG0008948	-
h1SMnG0008949	-
h1SMnG0008950	-
h1SMnG0008951	-
h1SMnG0008952	-
h1SMnG0008953	-
h1SMnG0008954	-
h1SMnG0008955	-
h1SMnG0008956	-
h1SMnG0008957	-
h1SMnG0008958	-
h1SMnG0008959	-
h1SMnG0008960	P
h1SMnG0008961	-
h1SMnG0008962	-
h1SMnG0008963	-
h1SMnG0008964	-
h1SMnG0008965	-
h1SMnG0008966	-
h1SMnG0008967	-
h1SMnG0008968	-
h1SMnG0008969	-
h1SMnG0008970	-
h1SMnG0008971	-
h1SMnG0008972	-
h1SMnG0008973	-
h1SMnG0008974	-
h1SMnG0008975	-
h1SMnG0008976	-
h1SMnG0008977	-
h1SMnG0008978	-
h1SMnG0008979	-
h1SMnG0008980	-
h1SMnG0008981	-
h1SMnG0008982	-
h1SMnG0008983	-
h1SMnG0008984	-
h1SMnG0008985	-
h1SMnG0008986	-
h1SMnG0008987	F
h1SMnG0008988	-
h1SMnG0008989	-
h1SMnG0008990	-
h1SMnG0008991	-
h1SMnG0008992	Z
h1SMnG0008993	-
h1SMnG0008994	-
h1SMnG0008995	-
h1SMnG0008996	-
h1SMnG0008997	-
h1SMnG0008998	-
h1SMnG0008999	-
h1SMnG0009000	S
h1SMnG0009001	-
h1SMnG0009002	-
h1SMnG0009003	-
h1SMnG0009004	-
h1SMnG0009005	-
h1SMnG0009006	-
h1SMnG0009007	-
h1SMnG0009008	-
h1SMnG0009009	-
h1SMnG0009010	-
h1SMnG0009011	-
h1SMnG0009012	-
h1SMnG0009013	-
h1SMnG0009014	-
h1SMnG0009015	-
h1SMnG0009016	-
h1SMnG0009017	-
h1SMnG0009018	-
h1SMnG0009019	-
h1SMnG0009020	-
h1SMnG0009021	-
h1SMnG0009022	-
h1SMnG0009023	-
h1SMnG0009024	-
h1SMnG0009025	-
h1SMnG0009026	-
h1SMnG0009027	-
h1SMnG0009028	-
h1SMnG0009029	-
h1SMnG0009030	-
h1SMnG0009031	-
h1SMnG0009032	P
h1SMnG0009033	-
h1SMnG0009034	-
h1SMnG0009035	-
h1SMnG0009036	-
h1SMnG0009037	-
h1SMnG0009038	-
h1SMnG0009039	-
h1SMnG0009040	-
h1SMnG0009041	-
h1SMnG0009042	P
h1SMnG0009043	Q
h1SMnG0009044	-
h1SMnG0009045	-
h1SMnG0009046	-
h1SMnG0009047	-
h1SMnG0009048	-
h1SMnG0009049	-
h1SMnG0009050	-
h1SMnG0009051	-
h1SMnG0009052	-
h1SMnG0009053	-
h1SMnG0009054	-
h1SMnG0009055	-
h1SMnG0009056	-
h1SMnG0009057	-
h1SMnG0009058	-
h1SMnG0009059	-
h1SMnG0009060	-
h1SMnG0009061	-
h1SMnG0009062	-
h1SMnG0009063	-
h1SMnG0009064	-
h1SMnG0009065	-
h1SMnG0009066	-
h1SMnG0009067	-
h1SMnG0009068	-
h1SMnG0009069	-
h1SMnG0009070	-
h1SMnG0009071	-
h1SMnG0009072	-
h1SMnG0009073	-
h1SMnG0009074	-
h1SMnG0009075	-
h1SMnG0009076	-
h1SMnG0009077	-
h1SMnG0009078	-
h1SMnG0009079	-
h1SMnG0009080	-
h1SMnG0009081	-
h1SMnG0009082	-
h1SMnG0009083	-
h1SMnG0009084	-
h1SMnG0009085	-
h1SMnG0009086	-
h1SMnG0009087	-
h1SMnG0009088	-
h1SMnG0009089	-
h1SMnG0009090	-
h1SMnG0009091	-
h1SMnG0009092	S
h1SMnG0009093	-
h1SMnG0009094	-
h1SMnG0009095	-
h1SMnG0009096	-
h1SMnG0009097	-
h1SMnG0009098	-
h1SMnG0009099	-
h1SMnG0009100	-
h1SMnG0009101	-
h1SMnG0009102	-
h1SMnG0009103	-
h1SMnG0009104	-
h1SMnG0009105	-
h1SMnG0009106	-
h1SMnG0009107	-
h1SMnG0009108	-
h1SMnG0009109	-
h1SMnG0009110	-
h1SMnG0009111	-
h1SMnG0009112	-
h1SMnG0009113	-
h1SMnG0009114	-
h1SMnG0009115	-
h1SMnG0009116	-
h1SMnG0009117	-
h1SMnG0009118	-
h1SMnG0009119	L
h1SMnG0009120	-
h1SMnG0009121	-
h1SMnG0009122	-
h1SMnG0009123	-
h1SMnG0009124	-
h1SMnG0009125	-
h1SMnG0009126	-
h1SMnG0009127	-
h1SMnG0009128	-
h1SMnG0009129	E
h1SMnG0009130	-
h1SMnG0009131	-
h1SMnG0009132	-
h1SMnG0009133	-
h1SMnG0009134	-
h1SMnG0009135	-
h1SMnG0009136	-
h1SMnG0009137	C
h1SMnG0009138	-
h1SMnG0009139	-
h1SMnG0009140	-
h1SMnG0009141	-
h1SMnG0009142	-
h1SMnG0009143	-
h1SMnG0009144	-
h1SMnG0009145	-
h1SMnG0009146	-
h1SMnG0009147	-
h1SMnG0009148	-
h1SMnG0009149	-
h1SMnG0009150	-
h1SMnG0009151	-
h1SMnG0009152	-
h1SMnG0009153	-
h1SMnG0009154	-
h1SMnG0009155	-
h1SMnG0009156	-
h1SMnG0009157	-
h1SMnG0009158	-
h1SMnG0009159	-
h1SMnG0009160	-
h1SMnG0009161	-
h1SMnG0009162	-
h1SMnG0009163	-
h1SMnG0009164	-
h1SMnG0009165	-
h1SMnG0009166	-
h1SMnG0009167	-
h1SMnG0009168	-
h1SMnG0009169	-
h1SMnG0009170	-
h1SMnG0009171	L
h1SMnG0009172	-
h1SMnG0009173	-
h1SMnG0009174	-
h1SMnG0009175	-
h1SMnG0009176	-
h1SMnG0009177	-
h1SMnG0009178	-
h1SMnG0009179	-
h1SMnG0009180	-
h1SMnG0009181	-
h1SMnG0009182	T
h1SMnG0009183	-
h1SMnG0009184	-
h1SMnG0009185	-
h1SMnG0009186	-
h1SMnG0009187	-
h1SMnG0009188	-
h1SMnG0009189	-
h1SMnG0009190	-
h1SMnG0009191	-
h1SMnG0009192	-
h1SMnG0009193	-
h1SMnG0009194	-
h1SMnG0009195	-
h1SMnG0009196	-
h1SMnG0009197	-
h1SMnG0009198	-
h1SMnG0009199	-
h1SMnG0009200	-
h1SMnG0009201	-
h1SMnG0009202	-
h1SMnG0009203	-
h1SMnG0009204	-
h1SMnG0009205	-
h1SMnG0009206	-
h1SMnG0009207	-
h1SMnG0009208	-
h1SMnG0009209	-
h1SMnG0009210	-
h1SMnG0009211	-
h1SMnG0009212	-
h1SMnG0009213	-
h1SMnG0009214	-
h1SMnG0009215	-
h1SMnG0009216	-
h1SMnG0009217	-
h1SMnG0009218	-
h1SMnG0009219	-
h1SMnG0009220	O
h1SMnG0009221	-
h1SMnG0009222	-
h1SMnG0009223	-
h1SMnG0009224	-
h1SMnG0009225	-
h1SMnG0009226	-
h1SMnG0009227	-
h1SMnG0009228	-
h1SMnG0009229	-
h1SMnG0009230	-
h1SMnG0009231	-
h1SMnG0009232	-
h1SMnG0009233	-
h1SMnG0009234	T
h1SMnG0009235	-
h1SMnG0009236	-
h1SMnG0009237	-
h1SMnG0009238	-
h1SMnG0009239	-
h1SMnG0009240	T
h1SMnG0009241	E
h1SMnG0009242	-
h1SMnG0009243	-
h1SMnG0009244	-
h1SMnG0009245	-
h1SMnG0009246	-
h1SMnG0009247	-
h1SMnG0009248	-
h1SMnG0009249	-
h1SMnG0009250	-
h1SMnG0009251	-
h1SMnG0009252	-
h1SMnG0009253	-
h1SMnG0009254	-
h1SMnG0009255	-
h1SMnG0009256	-
h1SMnG0009257	-
h1SMnG0009258	-
h1SMnG0009259	-
h1SMnG0009260	-
h1SMnG0009261	-
h1SMnG0009262	-
h1SMnG0009263	-
h1SMnG0009264	-
h1SMnG0009265	-
h1SMnG0009266	-
h1SMnG0009267	-
h1SMnG0009268	-
h1SMnG0009269	-
h1SMnG0009270	-
h1SMnG0009271	-
h1SMnG0009272	-
h1SMnG0009273	-
h1SMnG0009274	-
h1SMnG0009275	-
h1SMnG0009276	-
h1SMnG0009277	-
h1SMnG0009278	-
h1SMnG0009279	-
h1SMnG0009280	-
h1SMnG0009281	-
h1SMnG0009282	-
h1SMnG0009283	-
h1SMnG0009284	-
h1SMnG0009285	-
h1SMnG0009286	-
h1SMnG0009287	-
h1SMnG0009288	-
h1SMnG0009289	-
h1SMnG0009290	-
h1SMnG0009291	-
h1SMnG0009292	-
h1SMnG0009293	-
h1SMnG0009294	-
h1SMnG0009295	-
h1SMnG0009296	-
h1SMnG0009297	S
h1SMnG0009298	-
h1SMnG0009299	-
h1SMnG0009300	-
h1SMnG0009301	-
h1SMnG0009302	-
h1SMnG0009303	-
h1SMnG0009304	-
h1SMnG0009305	O
h1SMnG0009306	-
h1SMnG0009307	-
h1SMnG0009308	-
h1SMnG0009309	-
h1SMnG0009310	-
h1SMnG0009311	-
h1SMnG0009312	-
h1SMnG0009313	-
h1SMnG0009314	-
h1SMnG0009315	-
h1SMnG0009316	-
h1SMnG0009317	-
h1SMnG0009318	-
h1SMnG0009319	J
h1SMnG0009320	-
h1SMnG0009321	-
h1SMnG0009322	T
h1SMnG0009323	-
h1SMnG0009324	-
h1SMnG0009325	-
h1SMnG0009326	-
h1SMnG0009327	-
h1SMnG0009328	-
h1SMnG0009329	-
h1SMnG0009330	-
h1SMnG0009331	-
h1SMnG0009332	-
h1SMnG0009333	-
h1SMnG0009334	-
h1SMnG0009335	-
h1SMnG0009336	-
h1SMnG0009337	-
h1SMnG0009338	-
h1SMnG0009339	-
h1SMnG0009340	-
h1SMnG0009341	-
h1SMnG0009342	O
h1SMnG0009343	-
h1SMnG0009344	-
h1SMnG0009345	-
h1SMnG0009346	-
h1SMnG0009347	-
h1SMnG0009348	BD
h1SMnG0009349	-
h1SMnG0009350	-
h1SMnG0009351	-
h1SMnG0009352	-
h1SMnG0009353	-
h1SMnG0009354	-
h1SMnG0009355	-
h1SMnG0009356	-
h1SMnG0009357	-
h1SMnG0009358	-
h1SMnG0009359	-
h1SMnG0009360	-
h1SMnG0009361	-
h1SMnG0009362	-
h1SMnG0009363	-
h1SMnG0009364	-
h1SMnG0009365	S
h1SMnG0009366	-
h1SMnG0009367	-
h1SMnG0009368	T
h1SMnG0009369	-
h1SMnG0009370	T
h1SMnG0009371	-
h1SMnG0009372	-
h1SMnG0009373	-
h1SMnG0009374	U
h1SMnG0009375	-
h1SMnG0009376	-
h1SMnG0009377	-
h1SMnG0009378	-
h1SMnG0009379	-
h1SMnG0009380	-
h1SMnG0009381	-
h1SMnG0009382	-
h1SMnG0009383	-
h1SMnG0009384	-
h1SMnG0009385	-
h1SMnG0009386	-
h1SMnG0009387	-
h1SMnG0009388	-
h1SMnG0009389	-
h1SMnG0009390	-
h1SMnG0009391	-
h1SMnG0009392	-
h1SMnG0009393	-
h1SMnG0009394	-
h1SMnG0009395	-
h1SMnG0009396	-
h1SMnG0009397	-
h1SMnG0009398	-
h1SMnG0009399	-
h1SMnG0009400	-
h1SMnG0009401	-
h1SMnG0009402	-
h1SMnG0009403	-
h1SMnG0009404	-
h1SMnG0009405	-
h1SMnG0009406	-
h1SMnG0009407	-
h1SMnG0009408	-
h1SMnG0009409	T
h1SMnG0009410	-
h1SMnG0009411	-
h1SMnG0009412	O
h1SMnG0009413	-
h1SMnG0009414	-
h1SMnG0009415	-
h1SMnG0009416	-
h1SMnG0009417	-
h1SMnG0009418	-
h1SMnG0009419	-
h1SMnG0009420	-
h1SMnG0009421	-
h1SMnG0009422	-
h1SMnG0009423	-
h1SMnG0009424	-
h1SMnG0009425	-
h1SMnG0009426	-
h1SMnG0009427	-
h1SMnG0009428	U
h1SMnG0009429	-
h1SMnG0009430	-
h1SMnG0009431	-
h1SMnG0009432	-
h1SMnG0009433	-
h1SMnG0009434	-
h1SMnG0009435	-
h1SMnG0009436	-
h1SMnG0009437	-
h1SMnG0009438	-
h1SMnG0009439	-
h1SMnG0009440	-
h1SMnG0009441	-
h1SMnG0009442	-
h1SMnG0009443	-
h1SMnG0009444	-
h1SMnG0009445	-
h1SMnG0009446	-
h1SMnG0009447	-
h1SMnG0009448	-
h1SMnG0009449	-
h1SMnG0009450	-
h1SMnG0009451	-
h1SMnG0009452	G
h1SMnG0009453	-
h1SMnG0009454	-
h1SMnG0009455	-
h1SMnG0009456	-
h1SMnG0009457	-
h1SMnG0009458	-
h1SMnG0009459	-
h1SMnG0009460	-
h1SMnG0009461	-
h1SMnG0009462	-
h1SMnG0009463	-
h1SMnG0009464	-
h1SMnG0009465	-
h1SMnG0009466	-
h1SMnG0009467	-
h1SMnG0009468	-
h1SMnG0009469	-
h1SMnG0009470	-
h1SMnG0009471	-
h1SMnG0009472	-
h1SMnG0009473	-
h1SMnG0009474	-
h1SMnG0009475	-
h1SMnG0009476	-
h1SMnG0009477	-
h1SMnG0009478	-
h1SMnG0009479	-
h1SMnG0009480	-
h1SMnG0009481	-
h1SMnG0009482	-
h1SMnG0009483	-
h1SMnG0009484	-
h1SMnG0009485	-
h1SMnG0009486	-
h1SMnG0009487	-
h1SMnG0009488	-
h1SMnG0009489	-
h1SMnG0009490	-
h1SMnG0009491	-
h1SMnG0009492	-
h1SMnG0009493	-
h1SMnG0009494	-
h1SMnG0009495	-
h1SMnG0009496	-
h1SMnG0009497	-
h1SMnG0009498	-
h1SMnG0009499	-
h1SMnG0009500	-
h1SMnG0009501	-
h1SMnG0009502	-
h1SMnG0009503	-
h1SMnG0009504	-
h1SMnG0009505	-
h1SMnG0009506	-
h1SMnG0009507	-
h1SMnG0009508	-
h1SMnG0009509	-
h1SMnG0009510	-
h1SMnG0009511	-
h1SMnG0009512	-
h1SMnG0009513	-
h1SMnG0009514	-
h1SMnG0009515	-
h1SMnG0009516	-
h1SMnG0009517	Z
h1SMnG0009518	-
h1SMnG0009519	-
h1SMnG0009520	-
h1SMnG0009521	-
h1SMnG0009522	-
h1SMnG0009523	-
h1SMnG0009524	-
h1SMnG0009525	-
h1SMnG0009526	-
h1SMnG0009527	-
h1SMnG0009528	-
h1SMnG0009529	-
h1SMnG0009530	-
h1SMnG0009531	-
h1SMnG0009532	-
h1SMnG0009533	-
h1SMnG0009534	-
h1SMnG0009535	-
h1SMnG0009536	-
h1SMnG0009537	-
h1SMnG0009538	-
h1SMnG0009539	-
h1SMnG0009540	-
h1SMnG0009541	-
h1SMnG0009542	-
h1SMnG0009543	-
h1SMnG0009544	-
h1SMnG0009545	-
h1SMnG0009546	-
h1SMnG0009547	-
h1SMnG0009548	-
h1SMnG0009549	-
h1SMnG0009550	-
h1SMnG0009551	-
h1SMnG0009552	-
h1SMnG0009553	-
h1SMnG0009554	-
h1SMnG0009555	-
h1SMnG0009556	-
h1SMnG0009557	-
h1SMnG0009558	-
h1SMnG0009559	-
h1SMnG0009560	-
h1SMnG0009561	-
h1SMnG0009562	-
h1SMnG0009563	-
h1SMnG0009564	-
h1SMnG0009565	-
h1SMnG0009566	-
h1SMnG0009567	-
h1SMnG0009568	-
h1SMnG0009569	-
h1SMnG0009570	-
h1SMnG0009571	-
h1SMnG0009572	-
h1SMnG0009573	-
h1SMnG0009574	-
h1SMnG0009575	-
h1SMnG0009576	-
h1SMnG0009577	-
h1SMnG0009578	-
h1SMnG0009579	-
h1SMnG0009580	-
h1SMnG0009581	-
h1SMnG0009582	-
h1SMnG0009583	-
h1SMnG0009584	-
h1SMnG0009585	-
h1SMnG0009586	-
h1SMnG0009587	O
h1SMnG0009588	-
h1SMnG0009589	-
h1SMnG0009590	-
h1SMnG0009591	-
h1SMnG0009592	-
h1SMnG0009593	-
h1SMnG0009594	-
h1SMnG0009595	-
h1SMnG0009596	-
h1SMnG0009597	-
h1SMnG0009598	-
h1SMnG0009599	-
h1SMnG0009600	-
h1SMnG0009601	-
h1SMnG0009602	-
h1SMnG0009603	-
h1SMnG0009604	-
h1SMnG0009605	-
h1SMnG0009606	-
h1SMnG0009607	-
h1SMnG0009608	-
h1SMnG0009609	-
h1SMnG0009610	-
h1SMnG0009611	-
h1SMnG0009612	-
h1SMnG0009613	-
h1SMnG0009614	-
h1SMnG0009615	-
h1SMnG0009616	-
h1SMnG0009617	-
h1SMnG0009618	-
h1SMnG0009619	-
h1SMnG0009620	-
h1SMnG0009621	-
h1SMnG0009622	-
h1SMnG0009623	-
h1SMnG0009624	-
h1SMnG0009625	-
h1SMnG0009626	-
h1SMnG0009627	-
h1SMnG0009628	-
h1SMnG0009629	-
h1SMnG0009630	-
h1SMnG0009631	-
h1SMnG0009632	-
h1SMnG0009633	-
h1SMnG0009634	-
h1SMnG0009635	-
h1SMnG0009636	-
h1SMnG0009637	-
h1SMnG0009638	-
h1SMnG0009639	-
h1SMnG0009640	-
h1SMnG0009641	-
h1SMnG0009642	-
h1SMnG0009643	-
h1SMnG0009644	-
h1SMnG0009645	-
h1SMnG0009646	-
h1SMnG0009647	-
h1SMnG0009648	-
h1SMnG0009649	-
h1SMnG0009650	-
h1SMnG0009651	-
h1SMnG0009652	-
h1SMnG0009653	-
h1SMnG0009654	-
h1SMnG0009655	-
h1SMnG0009656	-
h1SMnG0009657	-
h1SMnG0009658	S
h1SMnG0009659	-
h1SMnG0009660	-
h1SMnG0009661	-
h1SMnG0009662	-
h1SMnG0009663	-
h1SMnG0009664	-
h1SMnG0009665	-
h1SMnG0009666	-
h1SMnG0009667	-
h1SMnG0009668	-
h1SMnG0009669	-
h1SMnG0009670	-
h1SMnG0009671	-
h1SMnG0009672	-
h1SMnG0009673	-
h1SMnG0009674	-
h1SMnG0009675	-
h1SMnG0009676	-
h1SMnG0009677	-
h1SMnG0009678	-
h1SMnG0009679	-
h1SMnG0009680	-
h1SMnG0009681	-
h1SMnG0009682	-
h1SMnG0009683	-
h1SMnG0009684	-
h1SMnG0009685	-
h1SMnG0009686	-
h1SMnG0009687	-
h1SMnG0009688	-
h1SMnG0009689	-
h1SMnG0009690	-
h1SMnG0009691	-
h1SMnG0009692	-
h1SMnG0009693	-
h1SMnG0009694	D
h1SMnG0009695	-
h1SMnG0009696	-
h1SMnG0009697	-
h1SMnG0009698	-
h1SMnG0009699	-
h1SMnG0009700	-
h1SMnG0009701	-
h1SMnG0009702	-
h1SMnG0009703	-
h1SMnG0009704	-
h1SMnG0009705	-
h1SMnG0009706	-
h1SMnG0009707	-
h1SMnG0009708	-
h1SMnG0009709	-
h1SMnG0009710	-
h1SMnG0009711	-
h1SMnG0009712	T
h1SMnG0009713	-
h1SMnG0009714	-
h1SMnG0009715	-
h1SMnG0009716	-
h1SMnG0009717	-
h1SMnG0009718	-
h1SMnG0009719	-
h1SMnG0009720	-
h1SMnG0009721	-
h1SMnG0009722	-
h1SMnG0009723	-
h1SMnG0009724	-
h1SMnG0009725	-
h1SMnG0009726	-
h1SMnG0009727	-
h1SMnG0009728	-
h1SMnG0009729	-
h1SMnG0009730	-
h1SMnG0009731	-
h1SMnG0009732	-
h1SMnG0009733	-
h1SMnG0009734	-
h1SMnG0009735	-
h1SMnG0009736	-
h1SMnG0009737	-
h1SMnG0009738	-
h1SMnG0009739	-
h1SMnG0009740	-
h1SMnG0009741	-
h1SMnG0009742	-
h1SMnG0009743	-
h1SMnG0009744	-
h1SMnG0009745	-
h1SMnG0009746	-
h1SMnG0009747	-
h1SMnG0009748	-
h1SMnG0009749	-
h1SMnG0009750	-
h1SMnG0009751	-
h1SMnG0009752	-
h1SMnG0009753	-
h1SMnG0009754	-
h1SMnG0009755	-
h1SMnG0009756	-
h1SMnG0009757	-
h1SMnG0009758	-
h1SMnG0009759	-
h1SMnG0009760	-
h1SMnG0009761	-
h1SMnG0009762	-
h1SMnG0009763	-
h1SMnG0009764	-
h1SMnG0009765	-
h1SMnG0009766	-
h1SMnG0009767	-
h1SMnG0009768	-
h1SMnG0009769	-
h1SMnG0009770	-
h1SMnG0009771	-
h1SMnG0009772	-
h1SMnG0009773	-
h1SMnG0009774	-
h1SMnG0009775	-
h1SMnG0009776	-
h1SMnG0009777	-
h1SMnG0009778	-
h1SMnG0009779	-
h1SMnG0009780	-
h1SMnG0009781	-
h1SMnG0009782	-
h1SMnG0009783	-
h1SMnG0009784	-
h1SMnG0009785	-
h1SMnG0009786	-
h1SMnG0009787	-
h1SMnG0009788	-
h1SMnG0009789	-
h1SMnG0009790	-
h1SMnG0009791	O
h1SMnG0009792	-
h1SMnG0009793	-
h1SMnG0009794	-
h1SMnG0009795	-
h1SMnG0009796	-
h1SMnG0009797	-
h1SMnG0009798	-
h1SMnG0009799	-
h1SMnG0009800	-
h1SMnG0009801	-
h1SMnG0009802	-
h1SMnG0009803	-
h1SMnG0009804	O
h1SMnG0009805	-
h1SMnG0009806	-
h1SMnG0009807	-
h1SMnG0009808	-
h1SMnG0009809	-
h1SMnG0009810	-
h1SMnG0009811	-
h1SMnG0009812	-
h1SMnG0009813	-
h1SMnG0009814	-
h1SMnG0009815	-
h1SMnG0009816	-
h1SMnG0009817	-
h1SMnG0009818	-
h1SMnG0009819	-
h1SMnG0009820	-
h1SMnG0009821	-
h1SMnG0009822	-
h1SMnG0009823	-
h1SMnG0009824	-
h1SMnG0009825	-
h1SMnG0009826	-
h1SMnG0009827	-
h1SMnG0009828	-
h1SMnG0009829	-
h1SMnG0009830	-
h1SMnG0009831	-
h1SMnG0009832	-
h1SMnG0009833	-
h1SMnG0009834	-
h1SMnG0009835	-
h1SMnG0009836	-
h1SMnG0009837	-
h1SMnG0009838	-
h1SMnG0009839	-
h1SMnG0009840	-
h1SMnG0009841	-
h1SMnG0009842	-
h1SMnG0009843	-
h1SMnG0009844	-
h1SMnG0009845	-
h1SMnG0009846	-
h1SMnG0009847	-
h1SMnG0009848	-
h1SMnG0009849	-
h1SMnG0009850	-
h1SMnG0009851	-
h1SMnG0009852	-
h1SMnG0009853	-
h1SMnG0009854	O
h1SMnG0009855	-
h1SMnG0009856	-
h1SMnG0009857	-
h1SMnG0009858	-
h1SMnG0009859	-
h1SMnG0009860	-
h1SMnG0009861	-
h1SMnG0009862	-
h1SMnG0009863	-
h1SMnG0009864	-
h1SMnG0009865	-
h1SMnG0009866	-
h1SMnG0009867	-
h1SMnG0009868	-
h1SMnG0009869	-
h1SMnG0009870	-
h1SMnG0009871	-
h1SMnG0009872	-
h1SMnG0009873	-
h1SMnG0009874	-
h1SMnG0009875	-
h1SMnG0009876	-
h1SMnG0009877	-
h1SMnG0009878	-
h1SMnG0009879	-
h1SMnG0009880	-
h1SMnG0009881	-
h1SMnG0009882	-
h1SMnG0009883	-
h1SMnG0009884	-
h1SMnG0009885	-
h1SMnG0009886	-
h1SMnG0009887	-
h1SMnG0009888	-
h1SMnG0009889	-
h1SMnG0009890	-
h1SMnG0009891	-
h1SMnG0009892	-
h1SMnG0009893	-
h1SMnG0009894	-
h1SMnG0009895	-
h1SMnG0009896	-
h1SMnG0009897	KT
h1SMnG0009898	-
h1SMnG0009899	-
h1SMnG0009900	-
h1SMnG0009901	-
h1SMnG0009902	-
h1SMnG0009903	-
h1SMnG0009904	-
h1SMnG0009905	-
h1SMnG0009906	-
h1SMnG0009907	-
h1SMnG0009908	-
h1SMnG0009909	-
h1SMnG0009910	-
h1SMnG0009911	S
h1SMnG0009912	-
h1SMnG0009913	-
h1SMnG0009914	-
h1SMnG0009915	-
h1SMnG0009916	-
h1SMnG0009917	-
h1SMnG0009918	-
h1SMnG0009919	-
h1SMnG0009920	-
h1SMnG0009921	-
h1SMnG0009922	-
h1SMnG0009923	-
h1SMnG0009924	-
h1SMnG0009925	-
h1SMnG0009926	-
h1SMnG0009927	-
h1SMnG0009928	-
h1SMnG0009929	-
h1SMnG0009930	-
h1SMnG0009931	-
h1SMnG0009932	P
h1SMnG0009933	-
h1SMnG0009934	-
h1SMnG0009935	-
h1SMnG0009936	-
h1SMnG0009937	-
h1SMnG0009938	-
h1SMnG0009939	-
h1SMnG0009940	-
h1SMnG0009941	-
h1SMnG0009942	-
h1SMnG0009943	-
h1SMnG0009944	-
h1SMnG0009945	-
h1SMnG0009946	-
h1SMnG0009947	-
h1SMnG0009948	-
h1SMnG0009949	-
h1SMnG0009950	-
h1SMnG0009951	-
h1SMnG0009952	-
h1SMnG0009953	-
h1SMnG0009954	I
h1SMnG0009955	-
h1SMnG0009956	-
h1SMnG0009957	-
h1SMnG0009958	-
h1SMnG0009959	-
h1SMnG0009960	-
h1SMnG0009961	-
h1SMnG0009962	-
h1SMnG0009963	-
h1SMnG0009964	-
h1SMnG0009965	-
h1SMnG0009966	-
h1SMnG0009967	-
h1SMnG0009968	-
h1SMnG0009969	-
h1SMnG0009970	-
h1SMnG0009971	-
h1SMnG0009972	-
h1SMnG0009973	-
h1SMnG0009974	-
h1SMnG0009975	-
h1SMnG0009976	-
h1SMnG0009977	-
h1SMnG0009978	-
h1SMnG0009979	-
h1SMnG0009980	S
h1SMnG0009981	-
h1SMnG0009982	-
h1SMnG0009983	-
h1SMnG0009984	-
h1SMnG0009985	S
h1SMnG0009986	-
h1SMnG0009987	-
h1SMnG0009988	-
h1SMnG0009989	-
h1SMnG0009990	-
h1SMnG0009991	-
h1SMnG0009992	-
h1SMnG0009993	-
h1SMnG0009994	-
h1SMnG0009995	-
h1SMnG0009996	S
h1SMnG0009997	-
h1SMnG0009998	-
h1SMnG0009999	-
h1SMnG0010000	-
h1SMnG0010001	-
h1SMnG0010002	-
h1SMnG0010003	-
h1SMnG0010004	-
h1SMnG0010005	-
h1SMnG0010006	-
h1SMnG0010007	-
h1SMnG0010008	-
h1SMnG0010009	-
h1SMnG0010010	-
h1SMnG0010011	-
h1SMnG0010012	-
h1SMnG0010013	-
h1SMnG0010014	-
h1SMnG0010015	-
h1SMnG0010016	-
h1SMnG0010017	-
h1SMnG0010018	-
h1SMnG0010019	-
h1SMnG0010020	-
h1SMnG0010021	-
h1SMnG0010022	-
h1SMnG0010023	-
h1SMnG0010024	-
h1SMnG0010025	-
h1SMnG0010026	-
h1SMnG0010027	-
h1SMnG0010028	-
h1SMnG0010029	-
h1SMnG0010030	-
h1SMnG0010031	-
h1SMnG0010032	-
h1SMnG0010033	-
h1SMnG0010034	-
h1SMnG0010035	-
h1SMnG0010036	-
h1SMnG0010037	-
h1SMnG0010038	-
h1SMnG0010039	-
h1SMnG0010040	-
h1SMnG0010041	-
h1SMnG0010042	-
h1SMnG0010043	-
h1SMnG0010044	S
h1SMnG0010045	-
h1SMnG0010046	-
h1SMnG0010047	BK
h1SMnG0010048	-
h1SMnG0010049	-
h1SMnG0010050	-
h1SMnG0010051	-
h1SMnG0010052	-
h1SMnG0010053	-
h1SMnG0010054	-
h1SMnG0010055	-
h1SMnG0010056	-
h1SMnG0010057	S
h1SMnG0010058	-
h1SMnG0010059	-
h1SMnG0010060	-
h1SMnG0010061	-
h1SMnG0010062	-
h1SMnG0010063	-
h1SMnG0010064	-
h1SMnG0010065	-
h1SMnG0010066	-
h1SMnG0010067	-
h1SMnG0010068	-
h1SMnG0010069	S
h1SMnG0010070	-
h1SMnG0010071	-
h1SMnG0010072	-
h1SMnG0010073	-
h1SMnG0010074	-
h1SMnG0010075	-
h1SMnG0010076	-
h1SMnG0010077	-
h1SMnG0010078	-
h1SMnG0010079	-
h1SMnG0010080	-
h1SMnG0010081	-
h1SMnG0010082	-
h1SMnG0010083	-
h1SMnG0010084	-
h1SMnG0010085	-
h1SMnG0010086	-
h1SMnG0010087	-
h1SMnG0010088	-
h1SMnG0010089	-
h1SMnG0010090	-
h1SMnG0010091	-
h1SMnG0010092	-
h1SMnG0010093	-
h1SMnG0010094	-
h1SMnG0010095	-
h1SMnG0010096	-
h1SMnG0010097	-
h1SMnG0010098	-
h1SMnG0010099	-
h1SMnG0010100	L
h1SMnG0010101	-
h1SMnG0010102	-
h1SMnG0010103	-
h1SMnG0010104	L
h1SMnG0010105	-
h1SMnG0010106	-
h1SMnG0010107	-
h1SMnG0010108	-
h1SMnG0010109	-
h1SMnG0010110	-
h1SMnG0010111	-
h1SMnG0010112	-
h1SMnG0010113	-
h1SMnG0010114	-
h1SMnG0010115	-
h1SMnG0010116	-
h1SMnG0010117	-
h1SMnG0010118	-
h1SMnG0010119	-
h1SMnG0010120	-
h1SMnG0010121	-
h1SMnG0010122	-
h1SMnG0010123	-
h1SMnG0010124	-
h1SMnG0010125	-
h1SMnG0010126	-
h1SMnG0010127	-
h1SMnG0010128	-
h1SMnG0010129	-
h1SMnG0010130	-
h1SMnG0010131	-
h1SMnG0010132	-
h1SMnG0010133	-
h1SMnG0010134	-
h1SMnG0010135	-
h1SMnG0010136	-
h1SMnG0010137	-
h1SMnG0010138	-
h1SMnG0010139	-
h1SMnG0010140	-
h1SMnG0010141	S
h1SMnG0010142	-
h1SMnG0010143	-
h1SMnG0010144	-
h1SMnG0010145	-
h1SMnG0010146	-
h1SMnG0010147	-
h1SMnG0010148	-
h1SMnG0010149	-
h1SMnG0010150	-
h1SMnG0010151	-
h1SMnG0010152	-
h1SMnG0010153	-
h1SMnG0010154	-
h1SMnG0010155	-
h1SMnG0010156	-
h1SMnG0010157	-
h1SMnG0010158	-
h1SMnG0010159	-
h1SMnG0010160	-
h1SMnG0010161	-
h1SMnG0010162	-
h1SMnG0010163	-
h1SMnG0010164	-
h1SMnG0010165	-
h1SMnG0010166	-
h1SMnG0010167	-
h1SMnG0010168	-
h1SMnG0010169	-
h1SMnG0010170	-
h1SMnG0010171	-
h1SMnG0010172	-
h1SMnG0010173	-
h1SMnG0010174	-
h1SMnG0010175	-
h1SMnG0010176	-
h1SMnG0010177	-
h1SMnG0010178	-
h1SMnG0010179	-
h1SMnG0010180	-
h1SMnG0010181	-
h1SMnG0010182	-
h1SMnG0010183	T
h1SMnG0010184	-
h1SMnG0010185	-
h1SMnG0010186	-
h1SMnG0010187	-
h1SMnG0010188	-
h1SMnG0010189	T
h1SMnG0010190	-
h1SMnG0010191	-
h1SMnG0010192	-
h1SMnG0010193	-
h1SMnG0010194	-
h1SMnG0010195	-
h1SMnG0010196	-
h1SMnG0010197	-
h1SMnG0010198	-
h1SMnG0010199	-
h1SMnG0010200	-
h1SMnG0010201	-
h1SMnG0010202	-
h1SMnG0010203	-
h1SMnG0010204	-
h1SMnG0010205	-
h1SMnG0010206	-
h1SMnG0010207	-
h1SMnG0010208	E
h1SMnG0010209	-
h1SMnG0010210	-
h1SMnG0010211	-
h1SMnG0010212	-
h1SMnG0010213	-
h1SMnG0010214	-
h1SMnG0010215	-
h1SMnG0010216	-
h1SMnG0010217	-
h1SMnG0010218	-
h1SMnG0010219	-
h1SMnG0010220	-
h1SMnG0010221	-
h1SMnG0010222	-
h1SMnG0010223	-
h1SMnG0010224	F
h1SMnG0010225	-
h1SMnG0010226	-
h1SMnG0010227	-
h1SMnG0010228	-
h1SMnG0010229	-
h1SMnG0010230	-
h1SMnG0010231	-
h1SMnG0010232	-
h1SMnG0010233	-
h1SMnG0010234	-
h1SMnG0010235	-
h1SMnG0010236	-
h1SMnG0010237	K
h1SMnG0010238	-
h1SMnG0010239	-
h1SMnG0010240	-
h1SMnG0010241	-
h1SMnG0010242	-
h1SMnG0010243	-
h1SMnG0010244	-
h1SMnG0010245	-
h1SMnG0010246	-
h1SMnG0010247	-
h1SMnG0010248	-
h1SMnG0010249	-
h1SMnG0010250	-
h1SMnG0010251	-
h1SMnG0010252	-
h1SMnG0010253	-
h1SMnG0010254	-
h1SMnG0010255	-
h1SMnG0010256	-
h1SMnG0010257	-
h1SMnG0010258	-
h1SMnG0010259	-
h1SMnG0010260	-
h1SMnG0010261	-
h1SMnG0010262	-
h1SMnG0010263	-
h1SMnG0010264	-
h1SMnG0010265	-
h1SMnG0010266	-
h1SMnG0010267	-
h1SMnG0010268	H
h1SMnG0010269	-
h1SMnG0010270	-
h1SMnG0010271	-
h1SMnG0010272	-
h1SMnG0010273	-
h1SMnG0010274	-
h1SMnG0010275	-
h1SMnG0010276	-
h1SMnG0010277	-
h1SMnG0010278	-
h1SMnG0010279	-
h1SMnG0010280	-
h1SMnG0010281	-
h1SMnG0010282	-
h1SMnG0010283	-
h1SMnG0010284	-
h1SMnG0010285	-
h1SMnG0010286	U
h1SMnG0010287	-
h1SMnG0010288	-
h1SMnG0010289	-
h1SMnG0010290	-
h1SMnG0010291	-
h1SMnG0010292	-
h1SMnG0010293	-
h1SMnG0010294	-
h1SMnG0010295	-
h1SMnG0010296	-
h1SMnG0010297	-
h1SMnG0010298	-
h1SMnG0010299	-
h1SMnG0010300	-
h1SMnG0010301	-
h1SMnG0010302	-
h1SMnG0010303	-
h1SMnG0010304	-
h1SMnG0010305	-
h1SMnG0010306	-
h1SMnG0010307	-
h1SMnG0010308	-
h1SMnG0010309	-
h1SMnG0010310	-
h1SMnG0010311	-
h1SMnG0010312	-
h1SMnG0010313	-
h1SMnG0010314	-
h1SMnG0010315	-
h1SMnG0010316	-
h1SMnG0010317	-
h1SMnG0010318	-
h1SMnG0010319	-
h1SMnG0010320	-
h1SMnG0010321	-
h1SMnG0010322	-
h1SMnG0010323	-
h1SMnG0010324	-
h1SMnG0010325	-
h1SMnG0010326	-
h1SMnG0010327	-
h1SMnG0010328	-
h1SMnG0010329	-
h1SMnG0010330	-
h1SMnG0010331	-
h1SMnG0010332	-
h1SMnG0010333	-
h1SMnG0010334	-
h1SMnG0010335	-
h1SMnG0010336	-
h1SMnG0010337	-
h1SMnG0010338	-
h1SMnG0010339	-
h1SMnG0010340	-
h1SMnG0010341	-
h1SMnG0010342	-
h1SMnG0010343	-
h1SMnG0010344	-
h1SMnG0010345	-
h1SMnG0010346	-
h1SMnG0010347	-
h1SMnG0010348	-
h1SMnG0010349	-
h1SMnG0010350	-
h1SMnG0010351	-
h1SMnG0010352	-
h1SMnG0010353	-
h1SMnG0010354	-
h1SMnG0010355	-
h1SMnG0010356	-
h1SMnG0010357	-
h1SMnG0010358	-
h1SMnG0010359	-
h1SMnG0010360	-
h1SMnG0010361	-
h1SMnG0010362	-
h1SMnG0010363	-
h1SMnG0010364	-
h1SMnG0010365	-
h1SMnG0010366	-
h1SMnG0010367	-
h1SMnG0010368	-
h1SMnG0010369	-
h1SMnG0010370	-
h1SMnG0010371	-
h1SMnG0010372	-
h1SMnG0010373	-
h1SMnG0010374	-
h1SMnG0010375	-
h1SMnG0010376	-
h1SMnG0010377	-
h1SMnG0010378	-
h1SMnG0010379	-
h1SMnG0010380	-
h1SMnG0010381	-
h1SMnG0010382	-
h1SMnG0010383	-
h1SMnG0010384	-
h1SMnG0010385	-
h1SMnG0010386	-
h1SMnG0010387	-
h1SMnG0010388	-
h1SMnG0010389	S
h1SMnG0010390	-
h1SMnG0010391	-
h1SMnG0010392	-
h1SMnG0010393	-
h1SMnG0010394	-
h1SMnG0010395	-
h1SMnG0010396	-
h1SMnG0010397	-
h1SMnG0010398	-
h1SMnG0010399	-
h1SMnG0010400	-
h1SMnG0010401	S
h1SMnG0010402	-
h1SMnG0010403	-
h1SMnG0010404	-
h1SMnG0010405	-
h1SMnG0010406	-
h1SMnG0010407	-
h1SMnG0010408	-
h1SMnG0010409	-
h1SMnG0010410	-
h1SMnG0010411	-
h1SMnG0010412	-
h1SMnG0010413	-
h1SMnG0010414	-
h1SMnG0010415	-
h1SMnG0010416	-
h1SMnG0010417	-
h1SMnG0010418	H
h1SMnG0010419	-
h1SMnG0010420	-
h1SMnG0010421	-
h1SMnG0010422	-
h1SMnG0010423	-
h1SMnG0010424	-
h1SMnG0010425	-
h1SMnG0010426	-
h1SMnG0010427	O
h1SMnG0010428	-
h1SMnG0010429	-
h1SMnG0010430	-
h1SMnG0010431	-
h1SMnG0010432	-
h1SMnG0010433	-
h1SMnG0010434	-
h1SMnG0010435	O
h1SMnG0010436	-
h1SMnG0010437	-
h1SMnG0010438	-
h1SMnG0010439	-
h1SMnG0010440	-
h1SMnG0010441	-
h1SMnG0010442	-
h1SMnG0010443	-
h1SMnG0010444	-
h1SMnG0010445	-
h1SMnG0010446	-
h1SMnG0010447	-
h1SMnG0010448	-
h1SMnG0010449	-
h1SMnG0010450	-
h1SMnG0010451	-
h1SMnG0010452	-
h1SMnG0010453	-
h1SMnG0010454	-
h1SMnG0010455	-
h1SMnG0010456	-
h1SMnG0010457	-
h1SMnG0010458	-
h1SMnG0010459	-
h1SMnG0010460	-
h1SMnG0010461	-
h1SMnG0010462	-
h1SMnG0010463	-
h1SMnG0010464	-
h1SMnG0010465	-
h1SMnG0010466	-
h1SMnG0010467	-
h1SMnG0010468	-
h1SMnG0010469	-
h1SMnG0010470	-
h1SMnG0010471	-
h1SMnG0010472	-
h1SMnG0010473	-
h1SMnG0010474	-
h1SMnG0010475	-
h1SMnG0010476	-
h1SMnG0010477	-
h1SMnG0010478	-
h1SMnG0010479	-
h1SMnG0010480	-
h1SMnG0010481	-
h1SMnG0010482	-
h1SMnG0010483	-
h1SMnG0010484	-
h1SMnG0010485	-
h1SMnG0010486	-
h1SMnG0010487	-
h1SMnG0010488	-
h1SMnG0010489	-
h1SMnG0010490	-
h1SMnG0010491	-
h1SMnG0010492	-
h1SMnG0010493	-
h1SMnG0010494	-
h1SMnG0010495	-
h1SMnG0010496	-
h1SMnG0010497	-
h1SMnG0010498	-
h1SMnG0010499	-
h1SMnG0010500	-
h1SMnG0010501	-
h1SMnG0010502	-
h1SMnG0010503	-
h1SMnG0010504	-
h1SMnG0010505	-
h1SMnG0010506	-
h1SMnG0010507	-
h1SMnG0010508	-
h1SMnG0010509	-
h1SMnG0010510	-
h1SMnG0010511	-
h1SMnG0010512	-
h1SMnG0010513	-
h1SMnG0010514	-
h1SMnG0010515	-
h1SMnG0010516	-
h1SMnG0010517	-
h1SMnG0010518	-
h1SMnG0010519	-
h1SMnG0010520	-
h1SMnG0010521	-
h1SMnG0010522	-
h1SMnG0010523	-
h1SMnG0010524	-
h1SMnG0010525	-
h1SMnG0010526	-
h1SMnG0010527	-
h1SMnG0010528	-
h1SMnG0010529	-
h1SMnG0010530	-
h1SMnG0010531	-
h1SMnG0010532	-
h1SMnG0010533	-
h1SMnG0010534	-
h1SMnG0010535	-
h1SMnG0010536	-
h1SMnG0010537	-
h1SMnG0010538	-
h1SMnG0010539	-
h1SMnG0010540	-
h1SMnG0010541	-
h1SMnG0010542	-
h1SMnG0010543	-
h1SMnG0010544	-
h1SMnG0010545	-
h1SMnG0010546	-
h1SMnG0010547	-
h1SMnG0010548	-
h1SMnG0010549	A
h1SMnG0010550	-
h1SMnG0010551	-
h1SMnG0010552	-
h1SMnG0010553	-
h1SMnG0010554	-
h1SMnG0010555	-
h1SMnG0010556	-
h1SMnG0010557	-
h1SMnG0010558	-
h1SMnG0010559	-
h1SMnG0010560	-
h1SMnG0010561	-
h1SMnG0010562	-
h1SMnG0010563	-
h1SMnG0010564	-
h1SMnG0010565	-
h1SMnG0010566	-
h1SMnG0010567	-
h1SMnG0010568	-
h1SMnG0010569	-
h1SMnG0010570	-
h1SMnG0010571	-
h1SMnG0010572	-
h1SMnG0010573	-
h1SMnG0010574	-
h1SMnG0010575	-
h1SMnG0010576	-
h1SMnG0010577	-
h1SMnG0010578	-
h1SMnG0010579	-
h1SMnG0010580	-
h1SMnG0010581	-
h1SMnG0010582	-
h1SMnG0010583	-
h1SMnG0010584	-
h1SMnG0010585	-
h1SMnG0010586	-
h1SMnG0010587	-
h1SMnG0010588	-
h1SMnG0010589	-
h1SMnG0010590	-
h1SMnG0010591	D
h1SMnG0010592	-
h1SMnG0010593	-
h1SMnG0010594	-
h1SMnG0010595	-
h1SMnG0010596	-
h1SMnG0010597	-
h1SMnG0010598	-
h1SMnG0010599	-
h1SMnG0010600	-
h1SMnG0010601	-
h1SMnG0010602	-
h1SMnG0010603	-
h1SMnG0010604	-
h1SMnG0010605	-
h1SMnG0010606	-
h1SMnG0010607	-
h1SMnG0010608	-
h1SMnG0010609	-
h1SMnG0010610	-
h1SMnG0010611	-
h1SMnG0010612	-
h1SMnG0010613	-
h1SMnG0010614	-
h1SMnG0010615	-
h1SMnG0010616	-
h1SMnG0010617	-
h1SMnG0010618	-
h1SMnG0010619	-
h1SMnG0010620	-
h1SMnG0010621	-
h1SMnG0010622	-
h1SMnG0010623	-
h1SMnG0010624	-
h1SMnG0010625	-
h1SMnG0010626	-
h1SMnG0010627	-
h1SMnG0010628	-
h1SMnG0010629	-
h1SMnG0010630	-
h1SMnG0010631	-
h1SMnG0010632	-
h1SMnG0010633	-
h1SMnG0010634	-
h1SMnG0010635	-
h1SMnG0010636	-
h1SMnG0010637	-
h1SMnG0010638	-
h1SMnG0010639	-
h1SMnG0010640	-
h1SMnG0010641	-
h1SMnG0010642	-
h1SMnG0010643	-
h1SMnG0010644	-
h1SMnG0010645	-
h1SMnG0010646	-
h1SMnG0010647	-
h1SMnG0010648	-
h1SMnG0010649	-
h1SMnG0010650	-
h1SMnG0010651	-
h1SMnG0010652	-
h1SMnG0010653	-
h1SMnG0010654	-
h1SMnG0010655	-
h1SMnG0010656	-
h1SMnG0010657	-
h1SMnG0010658	-
h1SMnG0010659	-
h1SMnG0010660	-
h1SMnG0010661	-
h1SMnG0010662	-
h1SMnG0010663	S
h1SMnG0010664	-
h1SMnG0010665	-
h1SMnG0010666	-
h1SMnG0010667	-
h1SMnG0010668	-
h1SMnG0010669	-
h1SMnG0010670	-
h1SMnG0010671	-
h1SMnG0010672	-
h1SMnG0010673	-
h1SMnG0010674	-
h1SMnG0010675	S
h1SMnG0010676	TV
h1SMnG0010677	-
h1SMnG0010678	-
h1SMnG0010679	-
h1SMnG0010680	-
h1SMnG0010681	-
h1SMnG0010682	-
h1SMnG0010683	-
h1SMnG0010684	-
h1SMnG0010685	-
h1SMnG0010686	-
h1SMnG0010687	-
h1SMnG0010688	-
h1SMnG0010689	-
h1SMnG0010690	-
h1SMnG0010691	-
h1SMnG0010692	-
h1SMnG0010693	S
h1SMnG0010694	S
h1SMnG0010695	-
h1SMnG0010696	-
h1SMnG0010697	-
h1SMnG0010698	-
h1SMnG0010699	-
h1SMnG0010700	-
h1SMnG0010701	-
h1SMnG0010702	-
h1SMnG0010703	-
h1SMnG0010704	-
h1SMnG0010705	-
h1SMnG0010706	-
h1SMnG0010707	-
h1SMnG0010708	-
h1SMnG0010709	-
h1SMnG0010710	-
h1SMnG0010711	-
h1SMnG0010712	-
h1SMnG0010713	-
h1SMnG0010714	-
h1SMnG0010715	-
h1SMnG0010716	-
h1SMnG0010717	-
h1SMnG0010718	-
h1SMnG0010719	-
h1SMnG0010720	-
h1SMnG0010721	-
h1SMnG0010722	-
h1SMnG0010723	-
h1SMnG0010724	-
h1SMnG0010725	-
h1SMnG0010726	-
h1SMnG0010727	-
h1SMnG0010728	-
h1SMnG0010729	-
h1SMnG0010730	-
h1SMnG0010731	-
h1SMnG0010732	-
h1SMnG0010733	-
h1SMnG0010734	-
h1SMnG0010735	-
h1SMnG0010736	-
h1SMnG0010737	-
h1SMnG0010738	-
h1SMnG0010739	-
h1SMnG0010740	-
h1SMnG0010741	-
h1SMnG0010742	-
h1SMnG0010743	-
h1SMnG0010744	-
h1SMnG0010745	-
h1SMnG0010746	-
h1SMnG0010747	-
h1SMnG0010748	-
h1SMnG0010749	-
h1SMnG0010750	-
h1SMnG0010751	-
h1SMnG0010752	-
h1SMnG0010753	-
h1SMnG0010754	-
h1SMnG0010755	-
h1SMnG0010756	F
h1SMnG0010757	-
h1SMnG0010758	-
h1SMnG0010759	-
h1SMnG0010760	-
h1SMnG0010761	-
h1SMnG0010762	-
h1SMnG0010763	-
h1SMnG0010764	-
h1SMnG0010765	-
h1SMnG0010766	-
h1SMnG0010767	-
h1SMnG0010768	-
h1SMnG0010769	-
h1SMnG0010770	-
h1SMnG0010771	-
h1SMnG0010772	-
h1SMnG0010773	-
h1SMnG0010774	-
h1SMnG0010775	-
h1SMnG0010776	-
h1SMnG0010777	-
h1SMnG0010778	-
h1SMnG0010779	-
h1SMnG0010780	-
h1SMnG0010781	-
h1SMnG0010782	-
h1SMnG0010783	-
h1SMnG0010784	-
h1SMnG0010785	O
h1SMnG0010786	-
h1SMnG0010787	-
h1SMnG0010788	-
h1SMnG0010789	-
h1SMnG0010790	-
h1SMnG0010791	T
h1SMnG0010792	-
h1SMnG0010793	-
h1SMnG0010794	-
h1SMnG0010795	-
h1SMnG0010796	-
h1SMnG0010797	-
h1SMnG0010798	-
h1SMnG0010799	-
h1SMnG0010800	-
h1SMnG0010801	-
h1SMnG0010802	-
h1SMnG0010803	-
h1SMnG0010804	-
h1SMnG0010805	-
h1SMnG0010806	-
h1SMnG0010807	-
h1SMnG0010808	-
h1SMnG0010809	-
h1SMnG0010810	-
h1SMnG0010811	T
h1SMnG0010812	-
h1SMnG0010813	S
h1SMnG0010814	-
h1SMnG0010815	-
h1SMnG0010816	-
h1SMnG0010817	-
h1SMnG0010818	-
h1SMnG0010819	-
h1SMnG0010820	-
h1SMnG0010821	Z
h1SMnG0010822	-
h1SMnG0010823	-
h1SMnG0010824	S
h1SMnG0010825	-
h1SMnG0010826	-
h1SMnG0010827	-
h1SMnG0010828	-
h1SMnG0010829	-
h1SMnG0010830	-
h1SMnG0010831	-
h1SMnG0010832	-
h1SMnG0010833	-
h1SMnG0010834	-
h1SMnG0010835	-
h1SMnG0010836	-
h1SMnG0010837	-
h1SMnG0010838	-
h1SMnG0010839	-
h1SMnG0010840	-
h1SMnG0010841	-
h1SMnG0010842	-
h1SMnG0010843	-
h1SMnG0010844	-
h1SMnG0010845	-
h1SMnG0010846	-
h1SMnG0010847	-
h1SMnG0010848	-
h1SMnG0010849	-
h1SMnG0010850	-
h1SMnG0010851	-
h1SMnG0010852	K
h1SMnG0010853	-
h1SMnG0010854	-
h1SMnG0010855	-
h1SMnG0010856	-
h1SMnG0010857	-
h1SMnG0010858	-
h1SMnG0010859	-
h1SMnG0010860	-
h1SMnG0010861	-
h1SMnG0010862	-
h1SMnG0010863	-
h1SMnG0010864	-
h1SMnG0010865	T
h1SMnG0010866	-
h1SMnG0010867	-
h1SMnG0010868	-
h1SMnG0010869	J
h1SMnG0010870	-
h1SMnG0010871	-
h1SMnG0010872	UY
h1SMnG0010873	-
h1SMnG0010874	-
h1SMnG0010875	-
h1SMnG0010876	-
h1SMnG0010877	-
h1SMnG0010878	-
h1SMnG0010879	-
h1SMnG0010880	-
h1SMnG0010881	-
h1SMnG0010882	-
h1SMnG0010883	-
h1SMnG0010884	-
h1SMnG0010885	-
h1SMnG0010886	-
h1SMnG0010887	-
h1SMnG0010888	-
h1SMnG0010889	-
h1SMnG0010890	-
h1SMnG0010891	-
h1SMnG0010892	-
h1SMnG0010893	-
h1SMnG0010894	-
h1SMnG0010895	-
h1SMnG0010896	-
h1SMnG0010897	-
h1SMnG0010898	-
h1SMnG0010899	-
h1SMnG0010900	-
h1SMnG0010901	-
h1SMnG0010902	-
h1SMnG0010903	-
h1SMnG0010904	-
h1SMnG0010905	-
h1SMnG0010906	-
h1SMnG0010907	-
h1SMnG0010908	-
h1SMnG0010909	-
h1SMnG0010910	-
h1SMnG0010911	-
h1SMnG0010912	-
h1SMnG0010913	-
h1SMnG0010914	-
h1SMnG0010915	-
h1SMnG0010916	-
h1SMnG0010917	-
h1SMnG0010918	-
h1SMnG0010919	-
h1SMnG0010920	-
h1SMnG0010921	-
h1SMnG0010922	-
h1SMnG0010923	-
h1SMnG0010924	-
h1SMnG0010925	-
h1SMnG0010926	-
h1SMnG0010927	-
h1SMnG0010928	-
h1SMnG0010929	-
h1SMnG0010930	-
h1SMnG0010931	-
h1SMnG0010932	-
h1SMnG0010933	-
h1SMnG0010934	T
h1SMnG0010935	-
h1SMnG0010936	-
h1SMnG0010937	-
h1SMnG0010938	-
h1SMnG0010939	-
h1SMnG0010940	-
h1SMnG0010941	-
h1SMnG0010942	-
h1SMnG0010943	-
h1SMnG0010944	-
h1SMnG0010945	-
h1SMnG0010946	-
h1SMnG0010947	-
h1SMnG0010948	-
h1SMnG0010949	-
h1SMnG0010950	-
h1SMnG0010951	-
h1SMnG0010952	-
h1SMnG0010953	-
h1SMnG0010954	-
h1SMnG0010955	-
h1SMnG0010956	-
h1SMnG0010957	-
h1SMnG0010958	-
h1SMnG0010959	-
h1SMnG0010960	-
h1SMnG0010961	-
h1SMnG0010962	-
h1SMnG0010963	-
h1SMnG0010964	-
h1SMnG0010965	U
h1SMnG0010966	-
h1SMnG0010967	-
h1SMnG0010968	-
h1SMnG0010969	-
h1SMnG0010970	U
h1SMnG0010971	-
h1SMnG0010972	S
h1SMnG0010973	-
h1SMnG0010974	-
h1SMnG0010975	-
h1SMnG0010976	-
h1SMnG0010977	-
h1SMnG0010978	-
h1SMnG0010979	-
h1SMnG0010980	-
h1SMnG0010981	-
h1SMnG0010982	-
h1SMnG0010983	-
h1SMnG0010984	-
h1SMnG0010985	-
h1SMnG0010986	-
h1SMnG0010987	-
h1SMnG0010988	-
h1SMnG0010989	-
h1SMnG0010990	-
h1SMnG0010991	-
h1SMnG0010992	-
h1SMnG0010993	-
h1SMnG0010994	-
h1SMnG0010995	-
h1SMnG0010996	-
h1SMnG0010997	-
h1SMnG0010998	-
h1SMnG0010999	-
h1SMnG0011000	-
h1SMnG0011001	-
h1SMnG0011002	-
h1SMnG0011003	-
h1SMnG0011004	-
h1SMnG0011005	-
h1SMnG0011006	-
h1SMnG0011007	-
h1SMnG0011008	-
h1SMnG0011009	S
h1SMnG0011010	-
h1SMnG0011011	-
h1SMnG0011012	-
h1SMnG0011013	-
h1SMnG0011014	-
h1SMnG0011015	-
h1SMnG0011016	-
h1SMnG0011017	-
h1SMnG0011018	-
h1SMnG0011019	-
h1SMnG0011020	-
h1SMnG0011021	-
h1SMnG0011022	-
h1SMnG0011023	-
h1SMnG0011024	-
h1SMnG0011025	-
h1SMnG0011026	-
h1SMnG0011027	-
h1SMnG0011028	-
h1SMnG0011029	-
h1SMnG0011030	-
h1SMnG0011031	-
h1SMnG0011032	-
h1SMnG0011033	-
h1SMnG0011034	-
h1SMnG0011035	-
h1SMnG0011036	-
h1SMnG0011037	-
h1SMnG0011038	-
h1SMnG0011039	-
h1SMnG0011040	-
h1SMnG0011041	-
h1SMnG0011042	-
h1SMnG0011043	-
h1SMnG0011044	U
h1SMnG0011045	-
h1SMnG0011046	-
h1SMnG0011047	-
h1SMnG0011048	-
h1SMnG0011049	-
h1SMnG0011050	-
h1SMnG0011051	-
h1SMnG0011052	-
h1SMnG0011053	-
h1SMnG0011054	-
h1SMnG0011055	-
h1SMnG0011056	-
h1SMnG0011057	-
h1SMnG0011058	-
h1SMnG0011059	Q
h1SMnG0011060	-
h1SMnG0011061	-
h1SMnG0011062	-
h1SMnG0011063	-
h1SMnG0011064	-
h1SMnG0011065	-
h1SMnG0011066	-
h1SMnG0011067	-
h1SMnG0011068	S
h1SMnG0011069	-
h1SMnG0011070	-
h1SMnG0011071	-
h1SMnG0011072	-
h1SMnG0011073	-
h1SMnG0011074	-
h1SMnG0011075	-
h1SMnG0011076	-
h1SMnG0011077	-
h1SMnG0011078	-
h1SMnG0011079	-
h1SMnG0011080	-
h1SMnG0011081	-
h1SMnG0011082	-
h1SMnG0011083	-
h1SMnG0011084	-
h1SMnG0011085	-
h1SMnG0011086	-
h1SMnG0011087	-
h1SMnG0011088	-
h1SMnG0011089	-
h1SMnG0011090	-
h1SMnG0011091	-
h1SMnG0011092	-
h1SMnG0011093	-
h1SMnG0011094	-
h1SMnG0011095	-
h1SMnG0011096	-
h1SMnG0011097	-
h1SMnG0011098	-
h1SMnG0011099	-
h1SMnG0011100	-
h1SMnG0011101	-
h1SMnG0011102	-
h1SMnG0011103	-
h1SMnG0011104	-
h1SMnG0011105	-
h1SMnG0011106	-
h1SMnG0011107	-
h1SMnG0011108	-
h1SMnG0011109	-
h1SMnG0011110	-
h1SMnG0011111	-
h1SMnG0011112	-
h1SMnG0011113	-
h1SMnG0011114	-
h1SMnG0011115	-
h1SMnG0011116	-
h1SMnG0011117	-
h1SMnG0011118	-
h1SMnG0011119	-
h1SMnG0011120	-
h1SMnG0011121	-
h1SMnG0011122	-
h1SMnG0011123	-
h1SMnG0011124	-
h1SMnG0011125	-
h1SMnG0011126	-
h1SMnG0011127	-
h1SMnG0011128	-
h1SMnG0011129	-
h1SMnG0011130	-
h1SMnG0011131	-
h1SMnG0011132	-
h1SMnG0011133	-
h1SMnG0011134	-
h1SMnG0011135	-
h1SMnG0011136	-
h1SMnG0011137	-
h1SMnG0011138	-
h1SMnG0011139	-
h1SMnG0011140	-
h1SMnG0011141	-
h1SMnG0011142	-
h1SMnG0011143	J
h1SMnG0011144	-
h1SMnG0011145	-
h1SMnG0011146	-
h1SMnG0011147	-
h1SMnG0011148	-
h1SMnG0011149	S
h1SMnG0011150	-
h1SMnG0011151	-
h1SMnG0011152	-
h1SMnG0011153	U
h1SMnG0011154	-
h1SMnG0011155	-
h1SMnG0011156	-
h1SMnG0011157	-
h1SMnG0011158	-
h1SMnG0011159	-
h1SMnG0011160	-
h1SMnG0011161	-
h1SMnG0011162	-
h1SMnG0011163	-
h1SMnG0011164	-
h1SMnG0011165	-
h1SMnG0011166	-
h1SMnG0011167	-
h1SMnG0011168	-
h1SMnG0011169	-
h1SMnG0011170	-
h1SMnG0011171	-
h1SMnG0011172	-
h1SMnG0011173	-
h1SMnG0011174	-
h1SMnG0011175	-
h1SMnG0011176	-
h1SMnG0011177	-
h1SMnG0011178	-
h1SMnG0011179	T
h1SMnG0011180	-
h1SMnG0011181	-
h1SMnG0011182	-
h1SMnG0011183	-
h1SMnG0011184	-
h1SMnG0011185	-
h1SMnG0011186	-
h1SMnG0011187	-
h1SMnG0011188	-
h1SMnG0011189	-
h1SMnG0011190	-
h1SMnG0011191	-
h1SMnG0011192	-
h1SMnG0011193	-
h1SMnG0011194	-
h1SMnG0011195	-
h1SMnG0011196	L
h1SMnG0011197	-
h1SMnG0011198	-
h1SMnG0011199	-
h1SMnG0011200	-
h1SMnG0011201	-
h1SMnG0011202	-
h1SMnG0011203	-
h1SMnG0011204	-
h1SMnG0011205	-
h1SMnG0011206	-
h1SMnG0011207	-
h1SMnG0011208	-
h1SMnG0011209	-
h1SMnG0011210	-
h1SMnG0011211	-
h1SMnG0011212	-
h1SMnG0011213	-
h1SMnG0011214	-
h1SMnG0011215	-
h1SMnG0011216	-
h1SMnG0011217	K
h1SMnG0011218	-
h1SMnG0011219	-
h1SMnG0011220	-
h1SMnG0011221	S
h1SMnG0011222	-
h1SMnG0011223	-
h1SMnG0011224	-
h1SMnG0011225	-
h1SMnG0011226	-
h1SMnG0011227	-
h1SMnG0011228	-
h1SMnG0011229	-
h1SMnG0011230	-
h1SMnG0011231	-
h1SMnG0011232	-
h1SMnG0011233	-
h1SMnG0011234	-
h1SMnG0011235	-
h1SMnG0011236	-
h1SMnG0011237	-
h1SMnG0011238	-
h1SMnG0011239	-
h1SMnG0011240	-
h1SMnG0011241	-
h1SMnG0011242	-
h1SMnG0011243	S
h1SMnG0011244	S
h1SMnG0011245	-
h1SMnG0011246	-
h1SMnG0011247	-
h1SMnG0011248	-
h1SMnG0011249	S
h1SMnG0011250	-
h1SMnG0011251	-
h1SMnG0011252	-
h1SMnG0011253	-
h1SMnG0011254	-
h1SMnG0011255	-
h1SMnG0011256	-
h1SMnG0011257	-
h1SMnG0011258	-
h1SMnG0011259	-
h1SMnG0011260	-
h1SMnG0011261	-
h1SMnG0011262	-
h1SMnG0011263	-
h1SMnG0011264	S
h1SMnG0011265	S
h1SMnG0011266	-
h1SMnG0011267	S
h1SMnG0011268	-
h1SMnG0011269	-
h1SMnG0011270	-
h1SMnG0011271	-
h1SMnG0011272	-
h1SMnG0011273	-
h1SMnG0011274	-
h1SMnG0011275	-
h1SMnG0011276	-
h1SMnG0011277	-
h1SMnG0011278	-
h1SMnG0011279	-
h1SMnG0011280	-
h1SMnG0011281	-
h1SMnG0011282	-
h1SMnG0011283	-
h1SMnG0011284	-
h1SMnG0011285	-
h1SMnG0011286	-
h1SMnG0011287	-
h1SMnG0011288	T
h1SMnG0011289	-
h1SMnG0011290	-
h1SMnG0011291	-
h1SMnG0011292	-
h1SMnG0011293	-
h1SMnG0011294	-
h1SMnG0011295	-
h1SMnG0011296	-
h1SMnG0011297	-
h1SMnG0011298	-
h1SMnG0011299	-
h1SMnG0011300	-
h1SMnG0011301	-
h1SMnG0011302	-
h1SMnG0011303	-
h1SMnG0011304	-
h1SMnG0011305	-
h1SMnG0011306	-
h1SMnG0011307	-
h1SMnG0011308	U
h1SMnG0011309	-
h1SMnG0011310	-
h1SMnG0011311	-
h1SMnG0011312	-
h1SMnG0011313	-
h1SMnG0011314	-
h1SMnG0011315	-
h1SMnG0011316	-
h1SMnG0011317	-
h1SMnG0011318	-
h1SMnG0011319	-
h1SMnG0011320	-
h1SMnG0011321	-
h1SMnG0011322	-
h1SMnG0011323	-
h1SMnG0011324	-
h1SMnG0011325	-
h1SMnG0011326	-
h1SMnG0011327	-
h1SMnG0011328	-
h1SMnG0011329	-
h1SMnG0011330	-
h1SMnG0011331	P
h1SMnG0011332	-
h1SMnG0011333	-
h1SMnG0011334	-
h1SMnG0011335	-
h1SMnG0011336	-
h1SMnG0011337	-
h1SMnG0011338	-
h1SMnG0011339	-
h1SMnG0011340	-
h1SMnG0011341	-
h1SMnG0011342	-
h1SMnG0011343	-
h1SMnG0011344	-
h1SMnG0011345	-
h1SMnG0011346	-
h1SMnG0011347	-
h1SMnG0011348	-
h1SMnG0011349	-
h1SMnG0011350	-
h1SMnG0011351	-
h1SMnG0011352	-
h1SMnG0011353	-
h1SMnG0011354	-
h1SMnG0011355	-
h1SMnG0011356	-
h1SMnG0011357	-
h1SMnG0011358	-
h1SMnG0011359	O
h1SMnG0011360	-
h1SMnG0011361	-
h1SMnG0011362	-
h1SMnG0011363	-
h1SMnG0011364	-
h1SMnG0011365	-
h1SMnG0011366	-
h1SMnG0011367	-
h1SMnG0011368	-
h1SMnG0011369	-
h1SMnG0011370	-
h1SMnG0011371	-
h1SMnG0011372	-
h1SMnG0011373	-
h1SMnG0011374	-
h1SMnG0011375	-
h1SMnG0011376	-
h1SMnG0011377	-
h1SMnG0011378	-
h1SMnG0011379	-
h1SMnG0011380	-
h1SMnG0011381	-
h1SMnG0011382	-
h1SMnG0011383	-
h1SMnG0011384	-
h1SMnG0011385	-
h1SMnG0011386	-
h1SMnG0011387	-
h1SMnG0011388	-
h1SMnG0011389	-
h1SMnG0011390	-
h1SMnG0011391	-
h1SMnG0011392	-
h1SMnG0011393	-
h1SMnG0011394	-
h1SMnG0011395	-
h1SMnG0011396	-
h1SMnG0011397	-
h1SMnG0011398	-
h1SMnG0011399	-
h1SMnG0011400	-
h1SMnG0011401	-
h1SMnG0011402	-
h1SMnG0011403	-
h1SMnG0011404	-
h1SMnG0011405	-
h1SMnG0011406	-
h1SMnG0011407	-
h1SMnG0011408	-
h1SMnG0011409	-
h1SMnG0011410	-
h1SMnG0011411	-
h1SMnG0011412	-
h1SMnG0011413	-
h1SMnG0011414	-
h1SMnG0011415	-
h1SMnG0011416	-
h1SMnG0011417	-
h1SMnG0011418	-
h1SMnG0011419	-
h1SMnG0011420	-
h1SMnG0011421	-
h1SMnG0011422	-
h1SMnG0011423	-
h1SMnG0011424	-
h1SMnG0011425	-
h1SMnG0011426	-
h1SMnG0011427	-
h1SMnG0011428	-
h1SMnG0011429	-
h1SMnG0011430	-
h1SMnG0011431	-
h1SMnG0011432	-
h1SMnG0011433	-
h1SMnG0011434	-
h1SMnG0011435	-
h1SMnG0011436	-
h1SMnG0011437	-
h1SMnG0011438	-
h1SMnG0011439	-
h1SMnG0011440	-
h1SMnG0011441	-
h1SMnG0011442	-
h1SMnG0011443	-
h1SMnG0011444	-
h1SMnG0011445	-
h1SMnG0011446	-
h1SMnG0011447	-
h1SMnG0011448	-
h1SMnG0011449	-
h1SMnG0011450	-
h1SMnG0011451	-
h1SMnG0011452	-
h1SMnG0011453	O
h1SMnG0011454	-
h1SMnG0011455	-
h1SMnG0011456	-
h1SMnG0011457	-
h1SMnG0011458	-
h1SMnG0011459	-
h1SMnG0011460	-
h1SMnG0011461	-
h1SMnG0011462	-
h1SMnG0011463	-
h1SMnG0011464	-
h1SMnG0011465	C
h1SMnG0011466	-
h1SMnG0011467	-
h1SMnG0011468	-
h1SMnG0011469	-
h1SMnG0011470	-
h1SMnG0011471	-
h1SMnG0011472	-
h1SMnG0011473	-
h1SMnG0011474	-
h1SMnG0011475	-
h1SMnG0011476	-
h1SMnG0011477	-
h1SMnG0011478	-
h1SMnG0011479	-
h1SMnG0011480	-
h1SMnG0011481	-
h1SMnG0011482	-
h1SMnG0011483	-
h1SMnG0011484	-
h1SMnG0011485	-
h1SMnG0011486	-
h1SMnG0011487	-
h1SMnG0011488	-
h1SMnG0011489	-
h1SMnG0011490	-
h1SMnG0011491	-
h1SMnG0011492	-
h1SMnG0011493	-
h1SMnG0011494	-
h1SMnG0011495	-
h1SMnG0011496	-
h1SMnG0011497	-
h1SMnG0011498	-
h1SMnG0011499	-
h1SMnG0011500	-
h1SMnG0011501	-
h1SMnG0011502	-
h1SMnG0011503	-
h1SMnG0011504	-
h1SMnG0011505	-
h1SMnG0011506	-
h1SMnG0011507	-
h1SMnG0011508	-
h1SMnG0011509	-
h1SMnG0011510	-
h1SMnG0011511	-
h1SMnG0011512	-
h1SMnG0011513	-
h1SMnG0011514	-
h1SMnG0011515	-
h1SMnG0011516	-
h1SMnG0011517	-
h1SMnG0011518	-
h1SMnG0011519	-
h1SMnG0011520	-
h1SMnG0011521	-
h1SMnG0011522	-
h1SMnG0011523	-
h1SMnG0011524	S
h1SMnG0011525	-
h1SMnG0011526	-
h1SMnG0011527	-
h1SMnG0011528	-
h1SMnG0011529	-
h1SMnG0011530	-
h1SMnG0011531	-
h1SMnG0011532	-
h1SMnG0011533	-
h1SMnG0011534	-
h1SMnG0011535	-
h1SMnG0011536	-
h1SMnG0011537	-
h1SMnG0011538	-
h1SMnG0011539	-
h1SMnG0011540	-
h1SMnG0011541	-
h1SMnG0011542	-
h1SMnG0011543	-
h1SMnG0011544	-
h1SMnG0011545	-
h1SMnG0011546	-
h1SMnG0011547	-
h1SMnG0011548	-
h1SMnG0011549	-
h1SMnG0011550	-
h1SMnG0011551	-
h1SMnG0011552	-
h1SMnG0011553	-
h1SMnG0011554	-
h1SMnG0011555	-
h1SMnG0011556	-
h1SMnG0011557	-
h1SMnG0011558	-
h1SMnG0011559	-
h1SMnG0011560	-
h1SMnG0011561	-
h1SMnG0011562	-
h1SMnG0011563	-
h1SMnG0011564	-
h1SMnG0011565	-
h1SMnG0011566	-
h1SMnG0011567	-
h1SMnG0011568	-
h1SMnG0011569	-
h1SMnG0011570	-
h1SMnG0011571	-
h1SMnG0011572	-
h1SMnG0011573	-
h1SMnG0011574	-
h1SMnG0011575	-
h1SMnG0011576	-
h1SMnG0011577	-
h1SMnG0011578	S
h1SMnG0011579	-
h1SMnG0011580	L
h1SMnG0011581	-
h1SMnG0011582	-
h1SMnG0011583	-
h1SMnG0011584	-
h1SMnG0011585	-
h1SMnG0011586	-
h1SMnG0011587	-
h1SMnG0011588	-
h1SMnG0011589	-
h1SMnG0011590	-
h1SMnG0011591	-
h1SMnG0011592	-
h1SMnG0011593	-
h1SMnG0011594	-
h1SMnG0011595	-
h1SMnG0011596	-
h1SMnG0011597	-
h1SMnG0011598	-
h1SMnG0011599	-
h1SMnG0011600	-
h1SMnG0011601	-
h1SMnG0011602	-
h1SMnG0011603	-
h1SMnG0011604	-
h1SMnG0011605	-
h1SMnG0011606	-
h1SMnG0011607	-
h1SMnG0011608	-
h1SMnG0011609	-
h1SMnG0011610	-
h1SMnG0011611	-
h1SMnG0011612	-
h1SMnG0011613	-
h1SMnG0011614	-
h1SMnG0011615	-
h1SMnG0011616	-
h1SMnG0011617	-
h1SMnG0011618	-
h1SMnG0011619	-
h1SMnG0011620	-
h1SMnG0011621	-
h1SMnG0011622	-
h1SMnG0011623	-
h1SMnG0011624	-
h1SMnG0011625	-
h1SMnG0011626	-
h1SMnG0011627	-
h1SMnG0011628	-
h1SMnG0011629	-
h1SMnG0011630	-
h1SMnG0011631	-
h1SMnG0011632	-
h1SMnG0011633	-
h1SMnG0011634	-
h1SMnG0011635	-
h1SMnG0011636	-
h1SMnG0011637	-
h1SMnG0011638	-
h1SMnG0011639	-
h1SMnG0011640	-
h1SMnG0011641	-
h1SMnG0011642	-
h1SMnG0011643	-
h1SMnG0011644	-
h1SMnG0011645	-
h1SMnG0011646	-
h1SMnG0011647	-
h1SMnG0011648	-
h1SMnG0011649	-
h1SMnG0011650	-
h1SMnG0011651	-
h1SMnG0011652	-
h1SMnG0011653	-
h1SMnG0011654	-
h1SMnG0011655	-
h1SMnG0011656	-
h1SMnG0011657	-
h1SMnG0011658	-
h1SMnG0011659	-
h1SMnG0011660	-
h1SMnG0011661	-
h1SMnG0011662	-
h1SMnG0011663	-
h1SMnG0011664	-
h1SMnG0011665	-
h1SMnG0011666	-
h1SMnG0011667	-
h1SMnG0011668	-
h1SMnG0011669	-
h1SMnG0011670	-
h1SMnG0011671	-
h1SMnG0011672	-
h1SMnG0011673	-
h1SMnG0011674	-
h1SMnG0011675	S
h1SMnG0011676	-
h1SMnG0011677	-
h1SMnG0011678	-
h1SMnG0011679	-
h1SMnG0011680	-
h1SMnG0011681	-
h1SMnG0011682	-
h1SMnG0011683	-
h1SMnG0011684	K
h1SMnG0011685	-
h1SMnG0011686	-
h1SMnG0011687	-
h1SMnG0011688	S
h1SMnG0011689	-
h1SMnG0011690	-
h1SMnG0011691	-
h1SMnG0011692	-
h1SMnG0011693	-
h1SMnG0011694	-
h1SMnG0011695	-
h1SMnG0011696	-
h1SMnG0011697	-
h1SMnG0011698	-
h1SMnG0011699	-
h1SMnG0011700	-
h1SMnG0011701	-
h1SMnG0011702	-
h1SMnG0011703	-
h1SMnG0011704	-
h1SMnG0011705	-
h1SMnG0011706	-
h1SMnG0011707	-
h1SMnG0011708	-
h1SMnG0011709	-
h1SMnG0011710	-
h1SMnG0011711	-
h1SMnG0011712	-
h1SMnG0011713	-
h1SMnG0011714	-
h1SMnG0011715	-
h1SMnG0011716	-
h1SMnG0011717	-
h1SMnG0011718	-
h1SMnG0011719	-
h1SMnG0011720	-
h1SMnG0011721	-
h1SMnG0011722	-
h1SMnG0011723	-
h1SMnG0011724	-
h1SMnG0011725	-
h1SMnG0011726	-
h1SMnG0011727	-
h1SMnG0011728	-
h1SMnG0011729	-
h1SMnG0011730	-
h1SMnG0011731	-
h1SMnG0011732	-
h1SMnG0011733	-
h1SMnG0011734	-
h1SMnG0011735	-
h1SMnG0011736	-
h1SMnG0011737	-
h1SMnG0011738	-
h1SMnG0011739	-
h1SMnG0011740	-
h1SMnG0011741	-
h1SMnG0011742	-
h1SMnG0011743	-
h1SMnG0011744	-
h1SMnG0011745	-
h1SMnG0011746	-
h1SMnG0011747	-
h1SMnG0011748	-
h1SMnG0011749	-
h1SMnG0011750	K
h1SMnG0011751	-
h1SMnG0011752	-
h1SMnG0011753	-
h1SMnG0011754	-
h1SMnG0011755	-
h1SMnG0011756	T
h1SMnG0011757	-
h1SMnG0011758	-
h1SMnG0011759	-
h1SMnG0011760	-
h1SMnG0011761	-
h1SMnG0011762	-
h1SMnG0011763	-
h1SMnG0011764	-
h1SMnG0011765	-
h1SMnG0011766	-
h1SMnG0011767	-
h1SMnG0011768	S
h1SMnG0011769	-
h1SMnG0011770	-
h1SMnG0011771	-
h1SMnG0011772	-
h1SMnG0011773	-
h1SMnG0011774	-
h1SMnG0011775	-
h1SMnG0011776	-
h1SMnG0011777	-
h1SMnG0011778	-
h1SMnG0011779	-
h1SMnG0011780	-
h1SMnG0011781	-
h1SMnG0011782	-
h1SMnG0011783	-
h1SMnG0011784	P
h1SMnG0011785	-
h1SMnG0011786	-
h1SMnG0011787	-
h1SMnG0011788	-
h1SMnG0011789	-
h1SMnG0011790	-
h1SMnG0011791	-
h1SMnG0011792	-
h1SMnG0011793	-
h1SMnG0011794	-
h1SMnG0011795	O
h1SMnG0011796	-
h1SMnG0011797	-
h1SMnG0011798	-
h1SMnG0011799	-
h1SMnG0011800	-
h1SMnG0011801	-
h1SMnG0011802	-
h1SMnG0011803	-
h1SMnG0011804	-
h1SMnG0011805	-
h1SMnG0011806	-
h1SMnG0011807	-
h1SMnG0011808	-
h1SMnG0011809	-
h1SMnG0011810	BD
h1SMnG0011811	-
h1SMnG0011812	-
h1SMnG0011813	-
h1SMnG0011814	S
h1SMnG0011815	-
h1SMnG0011816	-
h1SMnG0011817	-
h1SMnG0011818	-
h1SMnG0011819	-
h1SMnG0011820	-
h1SMnG0011821	-
h1SMnG0011822	-
h1SMnG0011823	-
h1SMnG0011824	-
h1SMnG0011825	-
h1SMnG0011826	-
h1SMnG0011827	-
h1SMnG0011828	-
h1SMnG0011829	-
h1SMnG0011830	-
h1SMnG0011831	-
h1SMnG0011832	-
h1SMnG0011833	-
h1SMnG0011834	-
h1SMnG0011835	-
h1SMnG0011836	-
h1SMnG0011837	-
h1SMnG0011838	-
h1SMnG0011839	-
h1SMnG0011840	-
h1SMnG0011841	-
h1SMnG0011842	-
h1SMnG0011843	T
h1SMnG0011844	-
h1SMnG0011845	-
h1SMnG0011846	-
h1SMnG0011847	-
h1SMnG0011848	-
h1SMnG0011849	-
h1SMnG0011850	-
h1SMnG0011851	-
h1SMnG0011852	-
h1SMnG0011853	-
h1SMnG0011854	-
h1SMnG0011855	P
h1SMnG0011856	-
h1SMnG0011857	-
h1SMnG0011858	F
h1SMnG0011859	-
h1SMnG0011860	-
h1SMnG0011861	-
h1SMnG0011862	-
h1SMnG0011863	-
h1SMnG0011864	-
h1SMnG0011865	-
h1SMnG0011866	O
h1SMnG0011867	-
h1SMnG0011868	M
h1SMnG0011869	-
h1SMnG0011870	-
h1SMnG0011871	-
h1SMnG0011872	-
h1SMnG0011873	-
h1SMnG0011874	-
h1SMnG0011875	-
h1SMnG0011876	-
h1SMnG0011877	-
h1SMnG0011878	-
h1SMnG0011879	-
h1SMnG0011880	-
h1SMnG0011881	-
h1SMnG0011882	-
h1SMnG0011883	-
h1SMnG0011884	-
h1SMnG0011885	-
h1SMnG0011886	-
h1SMnG0011887	-
h1SMnG0011888	-
h1SMnG0011889	-
h1SMnG0011890	-
h1SMnG0011891	-
h1SMnG0011892	-
h1SMnG0011893	-
h1SMnG0011894	-
h1SMnG0011895	-
h1SMnG0011896	-
h1SMnG0011897	-
h1SMnG0011898	-
h1SMnG0011899	-
h1SMnG0011900	-
h1SMnG0011901	-
h1SMnG0011902	-
h1SMnG0011903	-
h1SMnG0011904	-
h1SMnG0011905	-
h1SMnG0011906	-
h1SMnG0011907	-
h1SMnG0011908	-
h1SMnG0011909	-
h1SMnG0011910	-
h1SMnG0011911	-
h1SMnG0011912	-
h1SMnG0011913	-
h1SMnG0011914	-
h1SMnG0011915	-
h1SMnG0011916	-
h1SMnG0011917	-
h1SMnG0011918	-
h1SMnG0011919	-
h1SMnG0011920	-
h1SMnG0011921	-
h1SMnG0011922	-
h1SMnG0011923	-
h1SMnG0011924	-
h1SMnG0011925	-
h1SMnG0011926	-
h1SMnG0011927	-
h1SMnG0011928	-
h1SMnG0011929	-
h1SMnG0011930	-
h1SMnG0011931	-
h1SMnG0011932	-
h1SMnG0011933	-
h1SMnG0011934	-
h1SMnG0011935	-
h1SMnG0011936	-
h1SMnG0011937	-
h1SMnG0011938	-
h1SMnG0011939	-
h1SMnG0011940	-
h1SMnG0011941	-
h1SMnG0011942	-
h1SMnG0011943	-
h1SMnG0011944	-
h1SMnG0011945	-
h1SMnG0011946	-
h1SMnG0011947	-
h1SMnG0011948	-
h1SMnG0011949	-
h1SMnG0011950	-
h1SMnG0011951	-
h1SMnG0011952	-
h1SMnG0011953	-
h1SMnG0011954	-
h1SMnG0011955	-
h1SMnG0011956	-
h1SMnG0011957	-
h1SMnG0011958	-
h1SMnG0011959	-
h1SMnG0011960	-
h1SMnG0011961	-
h1SMnG0011962	-
h1SMnG0011963	-
h1SMnG0011964	-
h1SMnG0011965	-
h1SMnG0011966	-
h1SMnG0011967	-
h1SMnG0011968	-
h1SMnG0011969	-
h1SMnG0011970	-
h1SMnG0011971	-
h1SMnG0011972	-
h1SMnG0011973	-
h1SMnG0011974	-
h1SMnG0011975	-
h1SMnG0011976	-
h1SMnG0011977	-
h1SMnG0011978	-
h1SMnG0011979	-
h1SMnG0011980	-
h1SMnG0011981	-
h1SMnG0011982	-
h1SMnG0011983	-
h1SMnG0011984	-
h1SMnG0011985	TU
h1SMnG0011986	-
h1SMnG0011987	U
h1SMnG0011988	-
h1SMnG0011989	-
h1SMnG0011990	-
h1SMnG0011991	-
h1SMnG0011992	-
h1SMnG0011993	-
h1SMnG0011994	-
h1SMnG0011995	-
h1SMnG0011996	-
h1SMnG0011997	-
h1SMnG0011998	-
h1SMnG0011999	-
h1SMnG0012000	-
h1SMnG0012001	O
h1SMnG0012002	-
h1SMnG0012003	-
h1SMnG0012004	-
h1SMnG0012005	DY
h1SMnG0012006	G
h1SMnG0012007	-
h1SMnG0012008	-
h1SMnG0012009	DY
h1SMnG0012010	-
h1SMnG0012011	-
h1SMnG0012012	-
h1SMnG0012013	-
h1SMnG0012014	-
h1SMnG0012015	-
h1SMnG0012016	-
h1SMnG0012017	-
h1SMnG0012018	-
h1SMnG0012019	-
h1SMnG0012020	-
h1SMnG0012021	-
h1SMnG0012022	-
h1SMnG0012023	-
h1SMnG0012024	-
h1SMnG0012025	-
h1SMnG0012026	-
h1SMnG0012027	-
h1SMnG0012028	-
h1SMnG0012029	-
h1SMnG0012030	-
h1SMnG0012031	-
h1SMnG0012032	-
h1SMnG0012033	-
h1SMnG0012034	-
h1SMnG0012035	-
h1SMnG0012036	-
h1SMnG0012037	-
h1SMnG0012038	S
h1SMnG0012039	-
h1SMnG0012040	-
h1SMnG0012041	-
h1SMnG0012042	-
h1SMnG0012043	-
h1SMnG0012044	-
h1SMnG0012045	-
h1SMnG0012046	-
h1SMnG0012047	-
h1SMnG0012048	-
h1SMnG0012049	-
h1SMnG0012050	-
h1SMnG0012051	-
h1SMnG0012052	-
h1SMnG0012053	-
h1SMnG0012054	-
h1SMnG0012055	-
h1SMnG0012056	-
h1SMnG0012057	-
h1SMnG0012058	-
h1SMnG0012059	-
h1SMnG0012060	-
h1SMnG0012061	-
h1SMnG0012062	-
h1SMnG0012063	-
h1SMnG0012064	-
h1SMnG0012065	-
h1SMnG0012066	-
h1SMnG0012067	-
h1SMnG0012068	-
h1SMnG0012069	-
h1SMnG0012070	-
h1SMnG0012071	-
h1SMnG0012072	-
h1SMnG0012073	-
h1SMnG0012074	-
h1SMnG0012075	-
h1SMnG0012076	-
h1SMnG0012077	-
h1SMnG0012078	-
h1SMnG0012079	-
h1SMnG0012080	-
h1SMnG0012081	-
h1SMnG0012082	-
h1SMnG0012083	-
h1SMnG0012084	-
h1SMnG0012085	-
h1SMnG0012086	-
h1SMnG0012087	-
h1SMnG0012088	-
h1SMnG0012089	S
h1SMnG0012090	-
h1SMnG0012091	-
h1SMnG0012092	-
h1SMnG0012093	-
h1SMnG0012094	-
h1SMnG0012095	-
h1SMnG0012096	-
h1SMnG0012097	-
h1SMnG0012098	-
h1SMnG0012099	-
h1SMnG0012100	-
h1SMnG0012101	-
h1SMnG0012102	-
h1SMnG0012103	-
h1SMnG0012104	-
h1SMnG0012105	-
h1SMnG0012106	-
h1SMnG0012107	-
h1SMnG0012108	-
h1SMnG0012109	-
h1SMnG0012110	-
h1SMnG0012111	-
h1SMnG0012112	-
h1SMnG0012113	-
h1SMnG0012114	-
h1SMnG0012115	-
h1SMnG0012116	-
h1SMnG0012117	-
h1SMnG0012118	-
h1SMnG0012119	-
h1SMnG0012120	-
h1SMnG0012121	-
h1SMnG0012122	-
h1SMnG0012123	P
h1SMnG0012124	-
h1SMnG0012125	-
h1SMnG0012126	CO
h1SMnG0012127	-
h1SMnG0012128	-
h1SMnG0012129	-
h1SMnG0012130	K
h1SMnG0012131	-
h1SMnG0012132	-
h1SMnG0012133	-
h1SMnG0012134	-
h1SMnG0012135	-
h1SMnG0012136	-
h1SMnG0012137	-
h1SMnG0012138	-
h1SMnG0012139	-
h1SMnG0012140	-
h1SMnG0012141	-
h1SMnG0012142	-
h1SMnG0012143	-
h1SMnG0012144	-
h1SMnG0012145	-
h1SMnG0012146	-
h1SMnG0012147	-
h1SMnG0012148	-
h1SMnG0012149	-
h1SMnG0012150	-
h1SMnG0012151	-
h1SMnG0012152	-
h1SMnG0012153	-
h1SMnG0012154	-
h1SMnG0012155	-
h1SMnG0012156	-
h1SMnG0012157	-
h1SMnG0012158	-
h1SMnG0012159	-
h1SMnG0012160	-
h1SMnG0012161	-
h1SMnG0012162	-
h1SMnG0012163	-
h1SMnG0012164	-
h1SMnG0012165	-
h1SMnG0012166	-
h1SMnG0012167	-
h1SMnG0012168	-
h1SMnG0012169	-
h1SMnG0012170	-
h1SMnG0012171	-
h1SMnG0012172	L
h1SMnG0012173	L
h1SMnG0012174	-
h1SMnG0012175	-
h1SMnG0012176	-
h1SMnG0012177	-
h1SMnG0012178	-
h1SMnG0012179	-
h1SMnG0012180	-
h1SMnG0012181	-
h1SMnG0012182	-
h1SMnG0012183	-
h1SMnG0012184	-
h1SMnG0012185	-
h1SMnG0012186	-
h1SMnG0012187	-
h1SMnG0012188	-
h1SMnG0012189	-
h1SMnG0012190	-
h1SMnG0012191	-
h1SMnG0012192	-
h1SMnG0012193	-
h1SMnG0012194	-
h1SMnG0012195	-
h1SMnG0012196	S
h1SMnG0012197	-
h1SMnG0012198	-
h1SMnG0012199	-
h1SMnG0012200	-
h1SMnG0012201	-
h1SMnG0012202	-
h1SMnG0012203	-
h1SMnG0012204	S
h1SMnG0012205	-
h1SMnG0012206	-
h1SMnG0012207	-
h1SMnG0012208	-
h1SMnG0012209	-
h1SMnG0012210	-
h1SMnG0012211	-
h1SMnG0012212	-
h1SMnG0012213	-
h1SMnG0012214	-
h1SMnG0012215	-
h1SMnG0012216	-
h1SMnG0012217	-
h1SMnG0012218	-
h1SMnG0012219	-
h1SMnG0012220	-
h1SMnG0012221	-
h1SMnG0012222	-
h1SMnG0012223	-
h1SMnG0012224	-
h1SMnG0012225	-
h1SMnG0012226	-
h1SMnG0012227	-
h1SMnG0012228	-
h1SMnG0012229	-
h1SMnG0012230	-
h1SMnG0012231	-
h1SMnG0012232	-
h1SMnG0012233	-
h1SMnG0012234	-
h1SMnG0012235	-
h1SMnG0012236	-
h1SMnG0012237	-
h1SMnG0012238	-
h1SMnG0012239	-
h1SMnG0012240	-
h1SMnG0012241	-
h1SMnG0012242	-
h1SMnG0012243	-
h1SMnG0012244	-
h1SMnG0012245	-
h1SMnG0012246	-
h1SMnG0012247	-
h1SMnG0012248	-
h1SMnG0012249	-
h1SMnG0012250	-
h1SMnG0012251	-
h1SMnG0012252	-
h1SMnG0012253	-
h1SMnG0012254	-
h1SMnG0012255	-
h1SMnG0012256	-
h1SMnG0012257	-
h1SMnG0012258	-
h1SMnG0012259	-
h1SMnG0012260	-
h1SMnG0012261	-
h1SMnG0012262	-
h1SMnG0012263	-
h1SMnG0012264	-
h1SMnG0012265	-
h1SMnG0012266	-
h1SMnG0012267	-
h1SMnG0012268	-
h1SMnG0012269	-
h1SMnG0012270	-
h1SMnG0012271	-
h1SMnG0012272	-
h1SMnG0012273	-
h1SMnG0012274	-
h1SMnG0012275	-
h1SMnG0012276	-
h1SMnG0012277	-
h1SMnG0012278	-
h1SMnG0012279	-
h1SMnG0012280	-
h1SMnG0012281	-
h1SMnG0012282	-
h1SMnG0012283	-
h1SMnG0012284	-
h1SMnG0012285	-
h1SMnG0012286	-
h1SMnG0012287	-
h1SMnG0012288	-
h1SMnG0012289	-
h1SMnG0012290	-
h1SMnG0012291	-
h1SMnG0012292	-
h1SMnG0012293	-
h1SMnG0012294	-
h1SMnG0012295	-
h1SMnG0012296	-
h1SMnG0012297	-
h1SMnG0012298	-
h1SMnG0012299	-
h1SMnG0012300	-
h1SMnG0012301	-
h1SMnG0012302	-
h1SMnG0012303	-
h1SMnG0012304	-
h1SMnG0012305	-
h1SMnG0012306	-
h1SMnG0012307	-
h1SMnG0012308	-
h1SMnG0012309	-
h1SMnG0012310	-
h1SMnG0012311	-
h1SMnG0012312	-
h1SMnG0012313	-
h1SMnG0012314	-
h1SMnG0012315	-
h1SMnG0012316	-
h1SMnG0012317	-
h1SMnG0012318	-
h1SMnG0012319	-
h1SMnG0012320	-
h1SMnG0012321	-
h1SMnG0012322	-
h1SMnG0012323	-
h1SMnG0012324	-
h1SMnG0012325	-
h1SMnG0012326	-
h1SMnG0012327	-
h1SMnG0012328	-
h1SMnG0012329	-
h1SMnG0012330	-
h1SMnG0012331	-
h1SMnG0012332	-
h1SMnG0012333	-
h1SMnG0012334	-
h1SMnG0012335	-
h1SMnG0012336	-
h1SMnG0012337	-
h1SMnG0012338	-
h1SMnG0012339	-
h1SMnG0012340	-
h1SMnG0012341	-
h1SMnG0012342	-
h1SMnG0012343	S
h1SMnG0012344	-
h1SMnG0012345	-
h1SMnG0012346	-
h1SMnG0012347	-
h1SMnG0012348	-
h1SMnG0012349	-
h1SMnG0012350	-
h1SMnG0012351	-
h1SMnG0012352	-
h1SMnG0012353	-
h1SMnG0012354	-
h1SMnG0012355	-
h1SMnG0012356	-
h1SMnG0012357	-
h1SMnG0012358	-
h1SMnG0012359	-
h1SMnG0012360	-
h1SMnG0012361	-
h1SMnG0012362	-
h1SMnG0012363	-
h1SMnG0012364	-
h1SMnG0012365	-
h1SMnG0012366	-
h1SMnG0012367	-
h1SMnG0012368	-
h1SMnG0012369	-
h1SMnG0012370	-
h1SMnG0012371	-
h1SMnG0012372	-
h1SMnG0012373	-
h1SMnG0012374	-
h1SMnG0012375	-
h1SMnG0012376	-
h1SMnG0012377	-
h1SMnG0012378	-
h1SMnG0012379	-
h1SMnG0012380	-
h1SMnG0012381	-
h1SMnG0012382	-
h1SMnG0012383	-
h1SMnG0012384	-
h1SMnG0012385	-
h1SMnG0012386	-
h1SMnG0012387	-
h1SMnG0012388	-
h1SMnG0012389	-
h1SMnG0012390	-
h1SMnG0012391	-
h1SMnG0012392	-
h1SMnG0012393	-
h1SMnG0012394	-
h1SMnG0012395	-
h1SMnG0012396	-
h1SMnG0012397	-
h1SMnG0012398	-
h1SMnG0012399	-
h1SMnG0012400	-
h1SMnG0012401	-
h1SMnG0012402	-
h1SMnG0012403	-
h1SMnG0012404	-
h1SMnG0012405	-
h1SMnG0012406	-
h1SMnG0012407	-
h1SMnG0012408	-
h1SMnG0012409	-
h1SMnG0012410	-
h1SMnG0012411	-
h1SMnG0012412	-
h1SMnG0012413	-
h1SMnG0012414	-
h1SMnG0012415	-
h1SMnG0012416	-
h1SMnG0012417	-
h1SMnG0012418	-
h1SMnG0012419	-
h1SMnG0012420	-
h1SMnG0012421	S
h1SMnG0012422	-
h1SMnG0012423	-
h1SMnG0012424	-
h1SMnG0012425	-
h1SMnG0012426	Z
h1SMnG0012427	-
h1SMnG0012428	-
h1SMnG0012429	-
h1SMnG0012430	-
h1SMnG0012431	-
h1SMnG0012432	-
h1SMnG0012433	-
h1SMnG0012434	S
h1SMnG0012435	-
h1SMnG0012436	-
h1SMnG0012437	-
h1SMnG0012438	-
h1SMnG0012439	-
h1SMnG0012440	-
h1SMnG0012441	-
h1SMnG0012442	-
h1SMnG0012443	-
h1SMnG0012444	-
h1SMnG0012445	-
h1SMnG0012446	-
h1SMnG0012447	-
h1SMnG0012448	-
h1SMnG0012449	-
h1SMnG0012450	-
h1SMnG0012451	-
h1SMnG0012452	-
h1SMnG0012453	-
h1SMnG0012454	-
h1SMnG0012455	S
h1SMnG0012456	-
h1SMnG0012457	-
h1SMnG0012458	-
h1SMnG0012459	-
h1SMnG0012460	-
h1SMnG0012461	-
h1SMnG0012462	-
h1SMnG0012463	-
h1SMnG0012464	-
h1SMnG0012465	-
h1SMnG0012466	-
h1SMnG0012467	-
h1SMnG0012468	-
h1SMnG0012469	-
h1SMnG0012470	-
h1SMnG0012471	-
h1SMnG0012472	-
h1SMnG0012473	-
h1SMnG0012474	-
h1SMnG0012475	-
h1SMnG0012476	-
h1SMnG0012477	-
h1SMnG0012478	-
h1SMnG0012479	-
h1SMnG0012480	-
h1SMnG0012481	-
h1SMnG0012482	-
h1SMnG0012483	-
h1SMnG0012484	-
h1SMnG0012485	-
h1SMnG0012486	-
h1SMnG0012487	-
h1SMnG0012488	-
h1SMnG0012489	-
h1SMnG0012490	-
h1SMnG0012491	-
h1SMnG0012492	-
h1SMnG0012493	-
h1SMnG0012494	-
h1SMnG0012495	-
h1SMnG0012496	-
h1SMnG0012497	-
h1SMnG0012498	-
h1SMnG0012499	-
h1SMnG0012500	-
h1SMnG0012501	-
h1SMnG0012502	O
h1SMnG0012503	O
h1SMnG0012504	-
h1SMnG0012505	-
h1SMnG0012506	-
h1SMnG0012507	-
h1SMnG0012508	-
h1SMnG0012509	-
h1SMnG0012510	-
h1SMnG0012511	-
h1SMnG0012512	-
h1SMnG0012513	-
h1SMnG0012514	-
h1SMnG0012515	-
h1SMnG0012516	-
h1SMnG0012517	-
h1SMnG0012518	-
h1SMnG0012519	P
h1SMnG0012520	-
h1SMnG0012521	-
h1SMnG0012522	-
h1SMnG0012523	-
h1SMnG0012524	-
h1SMnG0012525	-
h1SMnG0012526	-
h1SMnG0012527	-
h1SMnG0012528	-
h1SMnG0012529	-
h1SMnG0012530	-
h1SMnG0012531	-
h1SMnG0012532	-
h1SMnG0012533	-
h1SMnG0012534	-
h1SMnG0012535	-
h1SMnG0012536	-
h1SMnG0012537	-
h1SMnG0012538	JK
h1SMnG0012539	-
h1SMnG0012540	-
h1SMnG0012541	-
h1SMnG0012542	-
h1SMnG0012543	-
h1SMnG0012544	-
h1SMnG0012545	-
h1SMnG0012546	-
h1SMnG0012547	-
h1SMnG0012548	-
h1SMnG0012549	-
h1SMnG0012550	-
h1SMnG0012551	-
h1SMnG0012552	-
h1SMnG0012553	-
h1SMnG0012554	-
h1SMnG0012555	-
h1SMnG0012556	-
h1SMnG0012557	-
h1SMnG0012558	-
h1SMnG0012559	-
h1SMnG0012560	-
h1SMnG0012561	-
h1SMnG0012562	-
h1SMnG0012563	-
h1SMnG0012564	-
h1SMnG0012565	-
h1SMnG0012566	AJ
h1SMnG0012567	-
h1SMnG0012568	-
h1SMnG0012569	-
h1SMnG0012570	-
h1SMnG0012571	-
h1SMnG0012572	-
h1SMnG0012573	-
h1SMnG0012574	-
h1SMnG0012575	-
h1SMnG0012576	-
h1SMnG0012577	-
h1SMnG0012578	-
h1SMnG0012579	-
h1SMnG0012580	-
h1SMnG0012581	-
h1SMnG0012582	-
h1SMnG0012583	-
h1SMnG0012584	-
h1SMnG0012585	-
h1SMnG0012586	-
h1SMnG0012587	-
h1SMnG0012588	-
h1SMnG0012589	-
h1SMnG0012590	-
h1SMnG0012591	-
h1SMnG0012592	-
h1SMnG0012593	-
h1SMnG0012594	-
h1SMnG0012595	C
h1SMnG0012596	-
h1SMnG0012597	-
h1SMnG0012598	-
h1SMnG0012599	-
h1SMnG0012600	-
h1SMnG0012601	-
h1SMnG0012602	-
h1SMnG0012603	-
h1SMnG0012604	-
h1SMnG0012605	-
h1SMnG0012606	-
h1SMnG0012607	-
h1SMnG0012608	-
h1SMnG0012609	-
h1SMnG0012610	-
h1SMnG0012611	-
h1SMnG0012612	-
h1SMnG0012613	-
h1SMnG0012614	-
h1SMnG0012615	-
h1SMnG0012616	K
h1SMnG0012617	-
h1SMnG0012618	-
h1SMnG0012619	-
h1SMnG0012620	-
h1SMnG0012621	-
h1SMnG0012622	-
h1SMnG0012623	-
h1SMnG0012624	-
h1SMnG0012625	-
h1SMnG0012626	-
h1SMnG0012627	T
h1SMnG0012628	-
h1SMnG0012629	-
h1SMnG0012630	-
h1SMnG0012631	-
h1SMnG0012632	-
h1SMnG0012633	-
h1SMnG0012634	-
h1SMnG0012635	-
h1SMnG0012636	-
h1SMnG0012637	-
h1SMnG0012638	-
h1SMnG0012639	-
h1SMnG0012640	-
h1SMnG0012641	-
h1SMnG0012642	-
h1SMnG0012643	-
h1SMnG0012644	-
h1SMnG0012645	-
h1SMnG0012646	-
h1SMnG0012647	-
h1SMnG0012648	-
h1SMnG0012649	-
h1SMnG0012650	-
h1SMnG0012651	-
h1SMnG0012652	-
h1SMnG0012653	-
h1SMnG0012654	-
h1SMnG0012655	-
h1SMnG0012656	-
h1SMnG0012657	-
h1SMnG0012658	-
h1SMnG0012659	-
h1SMnG0012660	-
h1SMnG0012661	-
h1SMnG0012662	-
h1SMnG0012663	-
h1SMnG0012664	-
h1SMnG0012665	-
h1SMnG0012666	-
h1SMnG0012667	-
h1SMnG0012668	-
h1SMnG0012669	-
h1SMnG0012670	-
h1SMnG0012671	S
h1SMnG0012672	-
h1SMnG0012673	-
h1SMnG0012674	-
h1SMnG0012675	-
h1SMnG0012676	-
h1SMnG0012677	-
h1SMnG0012678	-
h1SMnG0012679	-
h1SMnG0012680	-
h1SMnG0012681	-
h1SMnG0012682	-
h1SMnG0012683	-
h1SMnG0012684	-
h1SMnG0012685	-
h1SMnG0012686	-
h1SMnG0012687	-
h1SMnG0012688	-
h1SMnG0012689	-
h1SMnG0012690	-
h1SMnG0012691	-
h1SMnG0012692	-
h1SMnG0012693	-
h1SMnG0012694	-
h1SMnG0012695	-
h1SMnG0012696	-
h1SMnG0012697	-
h1SMnG0012698	-
h1SMnG0012699	-
h1SMnG0012700	-
h1SMnG0012701	-
h1SMnG0012702	-
h1SMnG0012703	L
h1SMnG0012704	-
h1SMnG0012705	A
h1SMnG0012706	-
h1SMnG0012707	-
h1SMnG0012708	-
h1SMnG0012709	-
h1SMnG0012710	-
h1SMnG0012711	-
h1SMnG0012712	-
h1SMnG0012713	J
h1SMnG0012714	-
h1SMnG0012715	J
h1SMnG0012716	-
h1SMnG0012717	-
h1SMnG0012718	-
h1SMnG0012719	-
h1SMnG0012720	ADK
h1SMnG0012721	-
h1SMnG0012722	UZ
h1SMnG0012723	-
h1SMnG0012724	-
h1SMnG0012725	-
h1SMnG0012726	-
h1SMnG0012727	-
h1SMnG0012728	-
h1SMnG0012729	-
h1SMnG0012730	-
h1SMnG0012731	-
h1SMnG0012732	-
h1SMnG0012733	-
h1SMnG0012734	-
h1SMnG0012735	-
h1SMnG0012736	-
h1SMnG0012737	-
h1SMnG0012738	-
h1SMnG0012739	-
h1SMnG0012740	-
h1SMnG0012741	-
h1SMnG0012742	-
h1SMnG0012743	-
h1SMnG0012744	-
h1SMnG0012745	-
h1SMnG0012746	-
h1SMnG0012747	-
h1SMnG0012748	-
h1SMnG0012749	-
h1SMnG0012750	-
h1SMnG0012751	-
h1SMnG0012752	-
h1SMnG0012753	-
h1SMnG0012754	-
h1SMnG0012755	-
h1SMnG0012756	-
h1SMnG0012757	-
h1SMnG0012758	-
h1SMnG0012759	-
h1SMnG0012760	-
h1SMnG0012761	-
h1SMnG0012762	-
h1SMnG0012763	-
h1SMnG0012764	-
h1SMnG0012765	-
h1SMnG0012766	-
h1SMnG0012767	-
h1SMnG0012768	-
h1SMnG0012769	-
h1SMnG0012770	-
h1SMnG0012771	-
h1SMnG0012772	-
h1SMnG0012773	-
h1SMnG0012774	-
h1SMnG0012775	-
h1SMnG0012776	-
h1SMnG0012777	-
h1SMnG0012778	-
h1SMnG0012779	-
h1SMnG0012780	-
h1SMnG0012781	-
h1SMnG0012782	-
h1SMnG0012783	-
h1SMnG0012784	-
h1SMnG0012785	-
h1SMnG0012786	-
h1SMnG0012787	-
h1SMnG0012788	-
h1SMnG0012789	-
h1SMnG0012790	-
h1SMnG0012791	-
h1SMnG0012792	-
h1SMnG0012793	U
h1SMnG0012794	-
h1SMnG0012795	-
h1SMnG0012796	-
h1SMnG0012797	-
h1SMnG0012798	-
h1SMnG0012799	-
h1SMnG0012800	-
h1SMnG0012801	-
h1SMnG0012802	S
h1SMnG0012803	-
h1SMnG0012804	-
h1SMnG0012805	-
h1SMnG0012806	-
h1SMnG0012807	-
h1SMnG0012808	-
h1SMnG0012809	-
h1SMnG0012810	-
h1SMnG0012811	-
h1SMnG0012812	-
h1SMnG0012813	-
h1SMnG0012814	-
h1SMnG0012815	-
h1SMnG0012816	-
h1SMnG0012817	-
h1SMnG0012818	-
h1SMnG0012819	-
h1SMnG0012820	-
h1SMnG0012821	-
h1SMnG0012822	-
h1SMnG0012823	-
h1SMnG0012824	-
h1SMnG0012825	-
h1SMnG0012826	-
h1SMnG0012827	-
h1SMnG0012828	-
h1SMnG0012829	-
h1SMnG0012830	-
h1SMnG0012831	-
h1SMnG0012832	-
h1SMnG0012833	-
h1SMnG0012834	-
h1SMnG0012835	-
h1SMnG0012836	-
h1SMnG0012837	-
h1SMnG0012838	-
h1SMnG0012839	-
h1SMnG0012840	-
h1SMnG0012841	-
h1SMnG0012842	-
h1SMnG0012843	-
h1SMnG0012844	-
h1SMnG0012845	-
h1SMnG0012846	-
h1SMnG0012847	O
h1SMnG0012848	-
h1SMnG0012849	-
h1SMnG0012850	-
h1SMnG0012851	-
h1SMnG0012852	-
h1SMnG0012853	-
h1SMnG0012854	-
h1SMnG0012855	-
h1SMnG0012856	-
h1SMnG0012857	-
h1SMnG0012858	-
h1SMnG0012859	-
h1SMnG0012860	-
h1SMnG0012861	-
h1SMnG0012862	C
h1SMnG0012863	-
h1SMnG0012864	-
h1SMnG0012865	-
h1SMnG0012866	-
h1SMnG0012867	-
h1SMnG0012868	-
h1SMnG0012869	-
h1SMnG0012870	-
h1SMnG0012871	-
h1SMnG0012872	-
h1SMnG0012873	I
h1SMnG0012874	-
h1SMnG0012875	-
h1SMnG0012876	-
h1SMnG0012877	-
h1SMnG0012878	-
h1SMnG0012879	-
h1SMnG0012880	-
h1SMnG0012881	-
h1SMnG0012882	-
h1SMnG0012883	-
h1SMnG0012884	-
h1SMnG0012885	-
h1SMnG0012886	-
h1SMnG0012887	-
h1SMnG0012888	-
h1SMnG0012889	-
h1SMnG0012890	-
h1SMnG0012891	-
h1SMnG0012892	-
h1SMnG0012893	-
h1SMnG0012894	-
h1SMnG0012895	-
h1SMnG0012896	-
h1SMnG0012897	-
h1SMnG0012898	-
h1SMnG0012899	-
h1SMnG0012900	-
h1SMnG0012901	K
h1SMnG0012902	-
h1SMnG0012903	-
h1SMnG0012904	-
h1SMnG0012905	-
h1SMnG0012906	-
h1SMnG0012907	-
h1SMnG0012908	-
h1SMnG0012909	-
h1SMnG0012910	-
h1SMnG0012911	S
h1SMnG0012912	-
h1SMnG0012913	-
h1SMnG0012914	-
h1SMnG0012915	-
h1SMnG0012916	-
h1SMnG0012917	-
h1SMnG0012918	-
h1SMnG0012919	-
h1SMnG0012920	-
h1SMnG0012921	-
h1SMnG0012922	-
h1SMnG0012923	-
h1SMnG0012924	-
h1SMnG0012925	-
h1SMnG0012926	-
h1SMnG0012927	-
h1SMnG0012928	-
h1SMnG0012929	S
h1SMnG0012930	-
h1SMnG0012931	-
h1SMnG0012932	-
h1SMnG0012933	-
h1SMnG0012934	-
h1SMnG0012935	-
h1SMnG0012936	-
h1SMnG0012937	-
h1SMnG0012938	-
h1SMnG0012939	-
h1SMnG0012940	-
h1SMnG0012941	-
h1SMnG0012942	-
h1SMnG0012943	-
h1SMnG0012944	-
h1SMnG0012945	-
h1SMnG0012946	-
h1SMnG0012947	-
h1SMnG0012948	-
h1SMnG0012949	-
h1SMnG0012950	S
h1SMnG0012951	-
h1SMnG0012952	-
h1SMnG0012953	-
h1SMnG0012954	-
h1SMnG0012955	-
h1SMnG0012956	-
h1SMnG0012957	-
h1SMnG0012958	-
h1SMnG0012959	-
h1SMnG0012960	-
h1SMnG0012961	-
h1SMnG0012962	-
h1SMnG0012963	-
h1SMnG0012964	-
h1SMnG0012965	-
h1SMnG0012966	-
h1SMnG0012967	-
h1SMnG0012968	-
h1SMnG0012969	-
h1SMnG0012970	-
h1SMnG0012971	-
h1SMnG0012972	-
h1SMnG0012973	-
h1SMnG0012974	-
h1SMnG0012975	-
h1SMnG0012976	-
h1SMnG0012977	-
h1SMnG0012978	-
h1SMnG0012979	-
h1SMnG0012980	-
h1SMnG0012981	S
h1SMnG0012982	-
h1SMnG0012983	-
h1SMnG0012984	-
h1SMnG0012985	-
h1SMnG0012986	-
h1SMnG0012987	-
h1SMnG0012988	-
h1SMnG0012989	-
h1SMnG0012990	-
h1SMnG0012991	-
h1SMnG0012992	-
h1SMnG0012993	-
h1SMnG0012994	-
h1SMnG0012995	-
h1SMnG0012996	-
h1SMnG0012997	-
h1SMnG0012998	-
h1SMnG0012999	-
h1SMnG0013000	-
h1SMnG0013001	-
h1SMnG0013002	-
h1SMnG0013003	-
h1SMnG0013004	-
h1SMnG0013005	-
h1SMnG0013006	-
h1SMnG0013007	-
h1SMnG0013008	-
h1SMnG0013009	-
h1SMnG0013010	-
h1SMnG0013011	-
h1SMnG0013012	-
h1SMnG0013013	-
h1SMnG0013014	-
h1SMnG0013015	-
h1SMnG0013016	-
h1SMnG0013017	-
h1SMnG0013018	-
h1SMnG0013019	-
h1SMnG0013020	-
h1SMnG0013021	-
h1SMnG0013022	-
h1SMnG0013023	-
h1SMnG0013024	-
h1SMnG0013025	-
h1SMnG0013026	-
h1SMnG0013027	-
h1SMnG0013028	-
h1SMnG0013029	-
h1SMnG0013030	-
h1SMnG0013031	-
h1SMnG0013032	-
h1SMnG0013033	-
h1SMnG0013034	-
h1SMnG0013035	-
h1SMnG0013036	-
h1SMnG0013037	-
h1SMnG0013038	-
h1SMnG0013039	-
h1SMnG0013040	-
h1SMnG0013041	-
h1SMnG0013042	-
h1SMnG0013043	-
h1SMnG0013044	-
h1SMnG0013045	-
h1SMnG0013046	-
h1SMnG0013047	-
h1SMnG0013048	-
h1SMnG0013049	-
h1SMnG0013050	-
h1SMnG0013051	-
h1SMnG0013052	-
h1SMnG0013053	-
h1SMnG0013054	-
h1SMnG0013055	-
h1SMnG0013056	-
h1SMnG0013057	-
h1SMnG0013058	-
h1SMnG0013059	-
h1SMnG0013060	-
h1SMnG0013061	-
h1SMnG0013062	-
h1SMnG0013063	-
h1SMnG0013064	S
h1SMnG0013065	-
h1SMnG0013066	-
h1SMnG0013067	-
h1SMnG0013068	-
h1SMnG0013069	-
h1SMnG0013070	-
h1SMnG0013071	-
h1SMnG0013072	-
h1SMnG0013073	-
h1SMnG0013074	-
h1SMnG0013075	-
h1SMnG0013076	-
h1SMnG0013077	L
h1SMnG0013078	-
h1SMnG0013079	-
h1SMnG0013080	-
h1SMnG0013081	-
h1SMnG0013082	S
h1SMnG0013083	-
h1SMnG0013084	-
h1SMnG0013085	F
h1SMnG0013086	-
h1SMnG0013087	-
h1SMnG0013088	-
h1SMnG0013089	-
h1SMnG0013090	-
h1SMnG0013091	-
h1SMnG0013092	-
h1SMnG0013093	-
h1SMnG0013094	-
h1SMnG0013095	-
h1SMnG0013096	-
h1SMnG0013097	H
h1SMnG0013098	-
h1SMnG0013099	-
h1SMnG0013100	-
h1SMnG0013101	-
h1SMnG0013102	-
h1SMnG0013103	-
h1SMnG0013104	-
h1SMnG0013105	-
h1SMnG0013106	-
h1SMnG0013107	-
h1SMnG0013108	-
h1SMnG0013109	L
h1SMnG0013110	-
h1SMnG0013111	-
h1SMnG0013112	-
h1SMnG0013113	-
h1SMnG0013114	-
h1SMnG0013115	-
h1SMnG0013116	-
h1SMnG0013117	-
h1SMnG0013118	-
h1SMnG0013119	-
h1SMnG0013120	-
h1SMnG0013121	-
h1SMnG0013122	-
h1SMnG0013123	-
h1SMnG0013124	-
h1SMnG0013125	-
h1SMnG0013126	-
h1SMnG0013127	-
h1SMnG0013128	-
h1SMnG0013129	-
h1SMnG0013130	-
h1SMnG0013131	-
h1SMnG0013132	-
h1SMnG0013133	-
h1SMnG0013134	-
h1SMnG0013135	-
h1SMnG0013136	-
h1SMnG0013137	-
h1SMnG0013138	-
h1SMnG0013139	-
h1SMnG0013140	-
h1SMnG0013141	-
h1SMnG0013142	-
h1SMnG0013143	-
h1SMnG0013144	-
h1SMnG0013145	-
h1SMnG0013146	-
h1SMnG0013147	-
h1SMnG0013148	-
h1SMnG0013149	-
h1SMnG0013150	-
h1SMnG0013151	-
h1SMnG0013152	-
h1SMnG0013153	-
h1SMnG0013154	-
h1SMnG0013155	-
h1SMnG0013156	-
h1SMnG0013157	-
h1SMnG0013158	-
h1SMnG0013159	-
h1SMnG0013160	-
h1SMnG0013161	-
h1SMnG0013162	-
h1SMnG0013163	-
h1SMnG0013164	-
h1SMnG0013165	-
h1SMnG0013166	-
h1SMnG0013167	-
h1SMnG0013168	S
h1SMnG0013169	-
h1SMnG0013170	-
h1SMnG0013171	-
h1SMnG0013172	-
h1SMnG0013173	-
h1SMnG0013174	-
h1SMnG0013175	-
h1SMnG0013176	-
h1SMnG0013177	-
h1SMnG0013178	-
h1SMnG0013179	-
h1SMnG0013180	-
h1SMnG0013181	-
h1SMnG0013182	-
h1SMnG0013183	-
h1SMnG0013184	-
h1SMnG0013185	-
h1SMnG0013186	-
h1SMnG0013187	-
h1SMnG0013188	-
h1SMnG0013189	-
h1SMnG0013190	-
h1SMnG0013191	-
h1SMnG0013192	-
h1SMnG0013193	-
h1SMnG0013194	-
h1SMnG0013195	K
h1SMnG0013196	-
h1SMnG0013197	-
h1SMnG0013198	-
h1SMnG0013199	-
h1SMnG0013200	-
h1SMnG0013201	-
h1SMnG0013202	-
h1SMnG0013203	-
h1SMnG0013204	-
h1SMnG0013205	-
h1SMnG0013206	-
h1SMnG0013207	-
h1SMnG0013208	-
h1SMnG0013209	-
h1SMnG0013210	-
h1SMnG0013211	-
h1SMnG0013212	-
h1SMnG0013213	-
h1SMnG0013214	-
h1SMnG0013215	-
h1SMnG0013216	-
h1SMnG0013217	-
h1SMnG0013218	-
h1SMnG0013219	-
h1SMnG0013220	-
h1SMnG0013221	-
h1SMnG0013222	-
h1SMnG0013223	-
h1SMnG0013224	-
h1SMnG0013225	-
h1SMnG0013226	-
h1SMnG0013227	-
h1SMnG0013228	T
h1SMnG0013229	-
h1SMnG0013230	-
h1SMnG0013231	-
h1SMnG0013232	-
h1SMnG0013233	-
h1SMnG0013234	-
h1SMnG0013235	-
h1SMnG0013236	-
h1SMnG0013237	-
h1SMnG0013238	-
h1SMnG0013239	-
h1SMnG0013240	-
h1SMnG0013241	-
h1SMnG0013242	-
h1SMnG0013243	-
h1SMnG0013244	-
h1SMnG0013245	-
h1SMnG0013246	-
h1SMnG0013247	-
h1SMnG0013248	-
h1SMnG0013249	-
h1SMnG0013250	-
h1SMnG0013251	-
h1SMnG0013252	-
h1SMnG0013253	-
h1SMnG0013254	-
h1SMnG0013255	-
h1SMnG0013256	-
h1SMnG0013257	-
h1SMnG0013258	-
h1SMnG0013259	-
h1SMnG0013260	-
h1SMnG0013261	-
h1SMnG0013262	-
h1SMnG0013263	-
h1SMnG0013264	-
h1SMnG0013265	-
h1SMnG0013266	-
h1SMnG0013267	-
h1SMnG0013268	-
h1SMnG0013269	-
h1SMnG0013270	-
h1SMnG0013271	-
h1SMnG0013272	-
h1SMnG0013273	-
h1SMnG0013274	-
h1SMnG0013275	-
h1SMnG0013276	K
h1SMnG0013277	A
h1SMnG0013278	-
h1SMnG0013279	-
h1SMnG0013280	-
h1SMnG0013281	-
h1SMnG0013282	-
h1SMnG0013283	-
h1SMnG0013284	-
h1SMnG0013285	-
h1SMnG0013286	-
h1SMnG0013287	-
h1SMnG0013288	-
h1SMnG0013289	-
h1SMnG0013290	-
h1SMnG0013291	-
h1SMnG0013292	-
h1SMnG0013293	-
h1SMnG0013294	-
h1SMnG0013295	-
h1SMnG0013296	-
h1SMnG0013297	-
h1SMnG0013298	-
h1SMnG0013299	-
h1SMnG0013300	-
h1SMnG0013301	-
h1SMnG0013302	-
h1SMnG0013303	-
h1SMnG0013304	-
h1SMnG0013305	-
h1SMnG0013306	-
h1SMnG0013307	-
h1SMnG0013308	-
h1SMnG0013309	-
h1SMnG0013310	-
h1SMnG0013311	-
h1SMnG0013312	-
h1SMnG0013313	-
h1SMnG0013314	-
h1SMnG0013315	-
h1SMnG0013316	-
h1SMnG0013317	-
h1SMnG0013318	-
h1SMnG0013319	-
h1SMnG0013320	-
h1SMnG0013321	-
h1SMnG0013322	-
h1SMnG0013323	-
h1SMnG0013324	-
h1SMnG0013325	-
h1SMnG0013326	-
h1SMnG0013327	-
h1SMnG0013328	-
h1SMnG0013329	-
h1SMnG0013330	-
h1SMnG0013331	-
h1SMnG0013332	-
h1SMnG0013333	-
h1SMnG0013334	-
h1SMnG0013335	-
h1SMnG0013336	-
h1SMnG0013337	-
h1SMnG0013338	-
h1SMnG0013339	-
h1SMnG0013340	-
h1SMnG0013341	-
h1SMnG0013342	-
h1SMnG0013343	-
h1SMnG0013344	-
h1SMnG0013345	-
h1SMnG0013346	-
h1SMnG0013347	-
h1SMnG0013348	-
h1SMnG0013349	-
h1SMnG0013350	-
h1SMnG0013351	J
h1SMnG0013352	-
h1SMnG0013353	-
h1SMnG0013354	-
h1SMnG0013355	-
h1SMnG0013356	-
h1SMnG0013357	-
h1SMnG0013358	-
h1SMnG0013359	-
h1SMnG0013360	-
h1SMnG0013361	G
h1SMnG0013362	-
h1SMnG0013363	-
h1SMnG0013364	-
h1SMnG0013365	-
h1SMnG0013366	-
h1SMnG0013367	-
h1SMnG0013368	-
h1SMnG0013369	-
h1SMnG0013370	-
h1SMnG0013371	-
h1SMnG0013372	-
h1SMnG0013373	-
h1SMnG0013374	-
h1SMnG0013375	-
h1SMnG0013376	-
h1SMnG0013377	O
h1SMnG0013378	-
h1SMnG0013379	-
h1SMnG0013380	-
h1SMnG0013381	M
h1SMnG0013382	-
h1SMnG0013383	-
h1SMnG0013384	-
h1SMnG0013385	-
h1SMnG0013386	-
h1SMnG0013387	-
h1SMnG0013388	-
h1SMnG0013389	-
h1SMnG0013390	-
h1SMnG0013391	-
h1SMnG0013392	-
h1SMnG0013393	-
h1SMnG0013394	-
h1SMnG0013395	-
h1SMnG0013396	-
h1SMnG0013397	-
h1SMnG0013398	-
h1SMnG0013399	-
h1SMnG0013400	-
h1SMnG0013401	-
h1SMnG0013402	-
h1SMnG0013403	-
h1SMnG0013404	-
h1SMnG0013405	-
h1SMnG0013406	-
h1SMnG0013407	-
h1SMnG0013408	-
h1SMnG0013409	-
h1SMnG0013410	-
h1SMnG0013411	-
h1SMnG0013412	-
h1SMnG0013413	-
h1SMnG0013414	-
h1SMnG0013415	-
h1SMnG0013416	-
h1SMnG0013417	-
h1SMnG0013418	-
h1SMnG0013419	-
h1SMnG0013420	-
h1SMnG0013421	-
h1SMnG0013422	-
h1SMnG0013423	-
h1SMnG0013424	-
h1SMnG0013425	-
h1SMnG0013426	-
h1SMnG0013427	-
h1SMnG0013428	-
h1SMnG0013429	-
h1SMnG0013430	-
h1SMnG0013431	-
h1SMnG0013432	-
h1SMnG0013433	-
h1SMnG0013434	-
h1SMnG0013435	-
h1SMnG0013436	-
h1SMnG0013437	-
h1SMnG0013438	-
h1SMnG0013439	-
h1SMnG0013440	-
h1SMnG0013441	-
h1SMnG0013442	-
h1SMnG0013443	-
h1SMnG0013444	-
h1SMnG0013445	-
h1SMnG0013446	-
h1SMnG0013447	-
h1SMnG0013448	-
h1SMnG0013449	-
h1SMnG0013450	-
h1SMnG0013451	-
h1SMnG0013452	-
h1SMnG0013453	-
h1SMnG0013454	-
h1SMnG0013455	-
h1SMnG0013456	K
h1SMnG0013457	-
h1SMnG0013458	-
h1SMnG0013459	-
h1SMnG0013460	-
h1SMnG0013461	-
h1SMnG0013462	-
h1SMnG0013463	-
h1SMnG0013464	-
h1SMnG0013465	-
h1SMnG0013466	-
h1SMnG0013467	-
h1SMnG0013468	-
h1SMnG0013469	-
h1SMnG0013470	-
h1SMnG0013471	-
h1SMnG0013472	-
h1SMnG0013473	-
h1SMnG0013474	-
h1SMnG0013475	-
h1SMnG0013476	O
h1SMnG0013477	-
h1SMnG0013478	-
h1SMnG0013479	-
h1SMnG0013480	-
h1SMnG0013481	-
h1SMnG0013482	-
h1SMnG0013483	-
h1SMnG0013484	-
h1SMnG0013485	-
h1SMnG0013486	-
h1SMnG0013487	-
h1SMnG0013488	-
h1SMnG0013489	-
h1SMnG0013490	-
h1SMnG0013491	-
h1SMnG0013492	-
h1SMnG0013493	-
h1SMnG0013494	-
h1SMnG0013495	-
h1SMnG0013496	-
h1SMnG0013497	-
h1SMnG0013498	-
h1SMnG0013499	-
h1SMnG0013500	-
h1SMnG0013501	-
h1SMnG0013502	-
h1SMnG0013503	-
h1SMnG0013504	-
h1SMnG0013505	-
h1SMnG0013506	-
h1SMnG0013507	-
h1SMnG0013508	-
h1SMnG0013509	-
h1SMnG0013510	-
h1SMnG0013511	-
h1SMnG0013512	-
h1SMnG0013513	-
h1SMnG0013514	-
h1SMnG0013515	-
h1SMnG0013516	-
h1SMnG0013517	-
h1SMnG0013518	S
h1SMnG0013519	-
h1SMnG0013520	-
h1SMnG0013521	-
h1SMnG0013522	J
h1SMnG0013523	-
h1SMnG0013524	-
h1SMnG0013525	-
h1SMnG0013526	-
h1SMnG0013527	-
h1SMnG0013528	-
h1SMnG0013529	-
h1SMnG0013530	-
h1SMnG0013531	-
h1SMnG0013532	-
h1SMnG0013533	-
h1SMnG0013534	-
h1SMnG0013535	-
h1SMnG0013536	O
h1SMnG0013537	-
h1SMnG0013538	-
h1SMnG0013539	-
h1SMnG0013540	-
h1SMnG0013541	-
h1SMnG0013542	-
h1SMnG0013543	-
h1SMnG0013544	-
h1SMnG0013545	-
h1SMnG0013546	-
h1SMnG0013547	-
h1SMnG0013548	-
h1SMnG0013549	-
h1SMnG0013550	-
h1SMnG0013551	-
h1SMnG0013552	-
h1SMnG0013553	-
h1SMnG0013554	-
h1SMnG0013555	-
h1SMnG0013556	-
h1SMnG0013557	-
h1SMnG0013558	-
h1SMnG0013559	O
h1SMnG0013560	-
h1SMnG0013561	-
h1SMnG0013562	-
h1SMnG0013563	-
h1SMnG0013564	-
h1SMnG0013565	-
h1SMnG0013566	-
h1SMnG0013567	-
h1SMnG0013568	-
h1SMnG0013569	-
h1SMnG0013570	-
h1SMnG0013571	-
h1SMnG0013572	-
h1SMnG0013573	-
h1SMnG0013574	-
h1SMnG0013575	-
h1SMnG0013576	-
h1SMnG0013577	-
h1SMnG0013578	-
h1SMnG0013579	-
h1SMnG0013580	-
h1SMnG0013581	-
h1SMnG0013582	-
h1SMnG0013583	-
h1SMnG0013584	-
h1SMnG0013585	-
h1SMnG0013586	U
h1SMnG0013587	-
h1SMnG0013588	-
h1SMnG0013589	-
h1SMnG0013590	-
h1SMnG0013591	-
h1SMnG0013592	-
h1SMnG0013593	-
h1SMnG0013594	-
h1SMnG0013595	-
h1SMnG0013596	-
h1SMnG0013597	-
h1SMnG0013598	-
h1SMnG0013599	-
h1SMnG0013600	-
h1SMnG0013601	-
h1SMnG0013602	-
h1SMnG0013603	-
h1SMnG0013604	-
h1SMnG0013605	-
h1SMnG0013606	-
h1SMnG0013607	-
h1SMnG0013608	-
h1SMnG0013609	-
h1SMnG0013610	-
h1SMnG0013611	-
h1SMnG0013612	-
h1SMnG0013613	-
h1SMnG0013614	-
h1SMnG0013615	-
h1SMnG0013616	-
h1SMnG0013617	-
h1SMnG0013618	-
h1SMnG0013619	-
h1SMnG0013620	-
h1SMnG0013621	O
h1SMnG0013622	-
h1SMnG0013623	-
h1SMnG0013624	-
h1SMnG0013625	-
h1SMnG0013626	-
h1SMnG0013627	-
h1SMnG0013628	-
h1SMnG0013629	-
h1SMnG0013630	-
h1SMnG0013631	-
h1SMnG0013632	-
h1SMnG0013633	-
h1SMnG0013634	-
h1SMnG0013635	-
h1SMnG0013636	-
h1SMnG0013637	-
h1SMnG0013638	-
h1SMnG0013639	-
h1SMnG0013640	-
h1SMnG0013641	-
h1SMnG0013642	-
h1SMnG0013643	-
h1SMnG0013644	-
h1SMnG0013645	-
h1SMnG0013646	-
h1SMnG0013647	-
h1SMnG0013648	-
h1SMnG0013649	-
h1SMnG0013650	-
h1SMnG0013651	V
h1SMnG0013652	-
h1SMnG0013653	-
h1SMnG0013654	-
h1SMnG0013655	-
h1SMnG0013656	-
h1SMnG0013657	-
h1SMnG0013658	-
h1SMnG0013659	-
h1SMnG0013660	-
h1SMnG0013661	-
h1SMnG0013662	-
h1SMnG0013663	-
h1SMnG0013664	-
h1SMnG0013665	-
h1SMnG0013666	-
h1SMnG0013667	-
h1SMnG0013668	-
h1SMnG0013669	-
h1SMnG0013670	-
h1SMnG0013671	-
h1SMnG0013672	-
h1SMnG0013673	-
h1SMnG0013674	-
h1SMnG0013675	-
h1SMnG0013676	-
h1SMnG0013677	-
h1SMnG0013678	-
h1SMnG0013679	-
h1SMnG0013680	-
h1SMnG0013681	-
h1SMnG0013682	-
h1SMnG0013683	-
h1SMnG0013684	-
h1SMnG0013685	-
h1SMnG0013686	-
h1SMnG0013687	-
h1SMnG0013688	-
h1SMnG0013689	-
h1SMnG0013690	-
h1SMnG0013691	-
h1SMnG0013692	-
h1SMnG0013693	-
h1SMnG0013694	-
h1SMnG0013695	-
h1SMnG0013696	-
h1SMnG0013697	-
h1SMnG0013698	-
h1SMnG0013699	-
h1SMnG0013700	-
h1SMnG0013701	-
h1SMnG0013702	-
h1SMnG0013703	-
h1SMnG0013704	-
h1SMnG0013705	-
h1SMnG0013706	-
h1SMnG0013707	-
h1SMnG0013708	-
h1SMnG0013709	-
h1SMnG0013710	-
h1SMnG0013711	-
h1SMnG0013712	-
h1SMnG0013713	S
h1SMnG0013714	-
h1SMnG0013715	-
h1SMnG0013716	-
h1SMnG0013717	-
h1SMnG0013718	-
h1SMnG0013719	-
h1SMnG0013720	-
h1SMnG0013721	-
h1SMnG0013722	-
h1SMnG0013723	-
h1SMnG0013724	-
h1SMnG0013725	-
h1SMnG0013726	S
h1SMnG0013727	-
h1SMnG0013728	-
h1SMnG0013729	-
h1SMnG0013730	-
h1SMnG0013731	-
h1SMnG0013732	-
h1SMnG0013733	-
h1SMnG0013734	-
h1SMnG0013735	-
h1SMnG0013736	-
h1SMnG0013737	-
h1SMnG0013738	-
h1SMnG0013739	-
h1SMnG0013740	-
h1SMnG0013741	-
h1SMnG0013742	-
h1SMnG0013743	-
h1SMnG0013744	-
h1SMnG0013745	-
h1SMnG0013746	-
h1SMnG0013747	-
h1SMnG0013748	-
h1SMnG0013749	-
h1SMnG0013750	-
h1SMnG0013751	-
h1SMnG0013752	-
h1SMnG0013753	-
h1SMnG0013754	-
h1SMnG0013755	-
h1SMnG0013756	-
h1SMnG0013757	-
h1SMnG0013758	-
h1SMnG0013759	-
h1SMnG0013760	-
h1SMnG0013761	-
h1SMnG0013762	-
h1SMnG0013763	-
h1SMnG0013764	-
h1SMnG0013765	-
h1SMnG0013766	-
h1SMnG0013767	-
h1SMnG0013768	-
h1SMnG0013769	-
h1SMnG0013770	-
h1SMnG0013771	S
h1SMnG0013772	-
h1SMnG0013773	-
h1SMnG0013774	-
h1SMnG0013775	-
h1SMnG0013776	-
h1SMnG0013777	-
h1SMnG0013778	-
h1SMnG0013779	-
h1SMnG0013780	-
h1SMnG0013781	-
h1SMnG0013782	-
h1SMnG0013783	-
h1SMnG0013784	-
h1SMnG0013785	-
h1SMnG0013786	-
h1SMnG0013787	-
h1SMnG0013788	-
h1SMnG0013789	-
h1SMnG0013790	-
h1SMnG0013791	-
h1SMnG0013792	EH
h1SMnG0013793	-
h1SMnG0013794	-
h1SMnG0013795	-
h1SMnG0013796	-
h1SMnG0013797	-
h1SMnG0013798	-
h1SMnG0013799	-
h1SMnG0013800	-
h1SMnG0013801	-
h1SMnG0013802	-
h1SMnG0013803	-
h1SMnG0013804	-
h1SMnG0013805	-
h1SMnG0013806	-
h1SMnG0013807	-
h1SMnG0013808	-
h1SMnG0013809	-
h1SMnG0013810	-
h1SMnG0013811	-
h1SMnG0013812	-
h1SMnG0013813	-
h1SMnG0013814	-
h1SMnG0013815	-
h1SMnG0013816	-
h1SMnG0013817	-
h1SMnG0013818	-
h1SMnG0013819	-
h1SMnG0013820	-
h1SMnG0013821	-
h1SMnG0013822	-
h1SMnG0013823	-
h1SMnG0013824	-
h1SMnG0013825	-
h1SMnG0013826	-
h1SMnG0013827	-
h1SMnG0013828	-
h1SMnG0013829	-
h1SMnG0013830	-
h1SMnG0013831	-
h1SMnG0013832	-
h1SMnG0013833	-
h1SMnG0013834	-
h1SMnG0013835	-
h1SMnG0013836	-
h1SMnG0013837	-
h1SMnG0013838	-
h1SMnG0013839	-
h1SMnG0013840	-
h1SMnG0013841	-
h1SMnG0013842	-
h1SMnG0013843	-
h1SMnG0013844	-
h1SMnG0013845	-
h1SMnG0013846	-
h1SMnG0013847	-
h1SMnG0013848	-
h1SMnG0013849	-
h1SMnG0013850	-
h1SMnG0013851	-
h1SMnG0013852	-
h1SMnG0013853	-
h1SMnG0013854	-
h1SMnG0013855	-
h1SMnG0013856	-
h1SMnG0013857	-
h1SMnG0013858	-
h1SMnG0013859	-
h1SMnG0013860	-
h1SMnG0013861	-
h1SMnG0013862	-
h1SMnG0013863	-
h1SMnG0013864	-
h1SMnG0013865	-
h1SMnG0013866	-
h1SMnG0013867	-
h1SMnG0013868	-
h1SMnG0013869	O
h1SMnG0013870	-
h1SMnG0013871	-
h1SMnG0013872	-
h1SMnG0013873	-
h1SMnG0013874	-
h1SMnG0013875	-
h1SMnG0013876	-
h1SMnG0013877	-
h1SMnG0013878	-
h1SMnG0013879	-
h1SMnG0013880	-
h1SMnG0013881	-
h1SMnG0013882	-
h1SMnG0013883	-
h1SMnG0013884	-
h1SMnG0013885	-
h1SMnG0013886	-
h1SMnG0013887	I
h1SMnG0013888	-
h1SMnG0013889	-
h1SMnG0013890	-
h1SMnG0013891	-
h1SMnG0013892	-
h1SMnG0013893	-
h1SMnG0013894	-
h1SMnG0013895	-
h1SMnG0013896	-
h1SMnG0013897	-
h1SMnG0013898	-
h1SMnG0013899	UY
h1SMnG0013900	-
h1SMnG0013901	-
h1SMnG0013902	-
h1SMnG0013903	-
h1SMnG0013904	-
h1SMnG0013905	-
h1SMnG0013906	-
h1SMnG0013907	-
h1SMnG0013908	-
h1SMnG0013909	-
h1SMnG0013910	-
h1SMnG0013911	-
h1SMnG0013912	-
h1SMnG0013913	-
h1SMnG0013914	-
h1SMnG0013915	-
h1SMnG0013916	-
h1SMnG0013917	-
h1SMnG0013918	-
h1SMnG0013919	-
h1SMnG0013920	-
h1SMnG0013921	EF
h1SMnG0013922	-
h1SMnG0013923	-
h1SMnG0013924	-
h1SMnG0013925	-
h1SMnG0013926	-
h1SMnG0013927	-
h1SMnG0013928	-
h1SMnG0013929	-
h1SMnG0013930	-
h1SMnG0013931	-
h1SMnG0013932	-
h1SMnG0013933	-
h1SMnG0013934	-
h1SMnG0013935	-
h1SMnG0013936	-
h1SMnG0013937	-
h1SMnG0013938	-
h1SMnG0013939	-
h1SMnG0013940	-
h1SMnG0013941	-
h1SMnG0013942	-
h1SMnG0013943	-
h1SMnG0013944	-
h1SMnG0013945	-
h1SMnG0013946	-
h1SMnG0013947	-
h1SMnG0013948	-
h1SMnG0013949	-
h1SMnG0013950	-
h1SMnG0013951	-
h1SMnG0013952	-
h1SMnG0013953	-
h1SMnG0013954	-
h1SMnG0013955	-
h1SMnG0013956	-
h1SMnG0013957	-
h1SMnG0013958	I
h1SMnG0013959	-
h1SMnG0013960	-
h1SMnG0013961	I
h1SMnG0013962	-
h1SMnG0013963	-
h1SMnG0013964	-
h1SMnG0013965	-
h1SMnG0013966	-
h1SMnG0013967	-
h1SMnG0013968	-
h1SMnG0013969	-
h1SMnG0013970	-
h1SMnG0013971	-
h1SMnG0013972	-
h1SMnG0013973	-
h1SMnG0013974	F
h1SMnG0013975	-
h1SMnG0013976	TZ
h1SMnG0013977	-
h1SMnG0013978	B
h1SMnG0013979	-
h1SMnG0013980	-
h1SMnG0013981	-
h1SMnG0013982	-
h1SMnG0013983	-
h1SMnG0013984	-
h1SMnG0013985	-
h1SMnG0013986	-
h1SMnG0013987	-
h1SMnG0013988	-
h1SMnG0013989	-
h1SMnG0013990	-
h1SMnG0013991	-
h1SMnG0013992	-
h1SMnG0013993	-
h1SMnG0013994	-
h1SMnG0013995	-
h1SMnG0013996	-
h1SMnG0013997	-
h1SMnG0013998	-
h1SMnG0013999	S
h1SMnG0014000	-
h1SMnG0014001	-
h1SMnG0014002	-
h1SMnG0014003	-
h1SMnG0014004	-
h1SMnG0014005	S
h1SMnG0014006	-
h1SMnG0014007	-
h1SMnG0014008	-
h1SMnG0014009	-
h1SMnG0014010	-
h1SMnG0014011	-
h1SMnG0014012	-
h1SMnG0014013	-
h1SMnG0014014	-
h1SMnG0014015	-
h1SMnG0014016	-
h1SMnG0014017	-
h1SMnG0014018	-
h1SMnG0014019	-
h1SMnG0014020	-
h1SMnG0014021	-
h1SMnG0014022	-
h1SMnG0014023	-
h1SMnG0014024	-
h1SMnG0014025	-
h1SMnG0014026	-
h1SMnG0014027	-
h1SMnG0014028	-
h1SMnG0014029	-
h1SMnG0014030	-
h1SMnG0014031	-
h1SMnG0014032	-
h1SMnG0014033	-
h1SMnG0014034	-
h1SMnG0014035	-
h1SMnG0014036	-
h1SMnG0014037	-
h1SMnG0014038	-
h1SMnG0014039	-
h1SMnG0014040	-
h1SMnG0014041	S
h1SMnG0014042	-
h1SMnG0014043	-
h1SMnG0014044	-
h1SMnG0014045	-
h1SMnG0014046	-
h1SMnG0014047	S
h1SMnG0014048	S
h1SMnG0014049	-
h1SMnG0014050	-
h1SMnG0014051	-
h1SMnG0014052	-
h1SMnG0014053	-
h1SMnG0014054	-
h1SMnG0014055	-
h1SMnG0014056	-
h1SMnG0014057	-
h1SMnG0014058	-
h1SMnG0014059	-
h1SMnG0014060	-
h1SMnG0014061	-
h1SMnG0014062	-
h1SMnG0014063	-
h1SMnG0014064	-
h1SMnG0014065	-
h1SMnG0014066	-
h1SMnG0014067	-
h1SMnG0014068	S
h1SMnG0014069	-
h1SMnG0014070	-
h1SMnG0014071	-
h1SMnG0014072	-
h1SMnG0014073	-
h1SMnG0014074	-
h1SMnG0014075	-
h1SMnG0014076	-
h1SMnG0014077	-
h1SMnG0014078	PT
h1SMnG0014079	-
h1SMnG0014080	-
h1SMnG0014081	-
h1SMnG0014082	-
h1SMnG0014083	-
h1SMnG0014084	-
h1SMnG0014085	-
h1SMnG0014086	-
h1SMnG0014087	-
h1SMnG0014088	-
h1SMnG0014089	-
h1SMnG0014090	-
h1SMnG0014091	-
h1SMnG0014092	-
h1SMnG0014093	-
h1SMnG0014094	-
h1SMnG0014095	-
h1SMnG0014096	-
h1SMnG0014097	-
h1SMnG0014098	-
h1SMnG0014099	-
h1SMnG0014100	-
h1SMnG0014101	-
h1SMnG0014102	TZ
h1SMnG0014103	P
h1SMnG0014104	-
h1SMnG0014105	-
h1SMnG0014106	-
h1SMnG0014107	-
h1SMnG0014108	-
h1SMnG0014109	-
h1SMnG0014110	-
h1SMnG0014111	-
h1SMnG0014112	-
h1SMnG0014113	-
h1SMnG0014114	-
h1SMnG0014115	-
h1SMnG0014116	-
h1SMnG0014117	-
h1SMnG0014118	-
h1SMnG0014119	-
h1SMnG0014120	-
h1SMnG0014121	-
h1SMnG0014122	-
h1SMnG0014123	-
h1SMnG0014124	-
h1SMnG0014125	U
h1SMnG0014126	-
h1SMnG0014127	-
h1SMnG0014128	-
h1SMnG0014129	-
h1SMnG0014130	-
h1SMnG0014131	-
h1SMnG0014132	-
h1SMnG0014133	-
h1SMnG0014134	-
h1SMnG0014135	-
h1SMnG0014136	-
h1SMnG0014137	-
h1SMnG0014138	-
h1SMnG0014139	-
h1SMnG0014140	-
h1SMnG0014141	-
h1SMnG0014142	-
h1SMnG0014143	-
h1SMnG0014144	S
h1SMnG0014145	-
h1SMnG0014146	-
h1SMnG0014147	-
h1SMnG0014148	-
h1SMnG0014149	-
h1SMnG0014150	-
h1SMnG0014151	-
h1SMnG0014152	-
h1SMnG0014153	-
h1SMnG0014154	-
h1SMnG0014155	-
h1SMnG0014156	-
h1SMnG0014157	-
h1SMnG0014158	-
h1SMnG0014159	-
h1SMnG0014160	-
h1SMnG0014161	-
h1SMnG0014162	-
h1SMnG0014163	-
h1SMnG0014164	-
h1SMnG0014165	-
h1SMnG0014166	-
h1SMnG0014167	-
h1SMnG0014168	-
h1SMnG0014169	-
h1SMnG0014170	-
h1SMnG0014171	-
h1SMnG0014172	-
h1SMnG0014173	-
h1SMnG0014174	-
h1SMnG0014175	-
h1SMnG0014176	-
h1SMnG0014177	-
h1SMnG0014178	-
h1SMnG0014179	TZ
h1SMnG0014180	-
h1SMnG0014181	-
h1SMnG0014182	-
h1SMnG0014183	-
h1SMnG0014184	-
h1SMnG0014185	-
h1SMnG0014186	-
h1SMnG0014187	-
h1SMnG0014188	-
h1SMnG0014189	-
h1SMnG0014190	-
h1SMnG0014191	-
h1SMnG0014192	-
h1SMnG0014193	-
h1SMnG0014194	-
h1SMnG0014195	-
h1SMnG0014196	-
h1SMnG0014197	-
h1SMnG0014198	-
h1SMnG0014199	-
h1SMnG0014200	-
h1SMnG0014201	-
h1SMnG0014202	-
h1SMnG0014203	-
h1SMnG0014204	-
h1SMnG0014205	-
h1SMnG0014206	-
h1SMnG0014207	-
h1SMnG0014208	-
h1SMnG0014209	-
h1SMnG0014210	-
h1SMnG0014211	-
h1SMnG0014212	-
h1SMnG0014213	-
h1SMnG0014214	-
h1SMnG0014215	-
h1SMnG0014216	-
h1SMnG0014217	-
h1SMnG0014218	-
h1SMnG0014219	-
h1SMnG0014220	-
h1SMnG0014221	-
h1SMnG0014222	-
h1SMnG0014223	-
h1SMnG0014224	-
h1SMnG0014225	-
h1SMnG0014226	-
h1SMnG0014227	-
h1SMnG0014228	-
h1SMnG0014229	-
h1SMnG0014230	-
h1SMnG0014231	-
h1SMnG0014232	-
h1SMnG0014233	-
h1SMnG0014234	-
h1SMnG0014235	-
h1SMnG0014236	-
h1SMnG0014237	-
h1SMnG0014238	-
h1SMnG0014239	-
h1SMnG0014240	-
h1SMnG0014241	-
h1SMnG0014242	-
h1SMnG0014243	-
h1SMnG0014244	-
h1SMnG0014245	-
h1SMnG0014246	-
h1SMnG0014247	-
h1SMnG0014248	-
h1SMnG0014249	-
h1SMnG0014250	-
h1SMnG0014251	-
h1SMnG0014252	-
h1SMnG0014253	-
h1SMnG0014254	-
h1SMnG0014255	-
h1SMnG0014256	-
h1SMnG0014257	-
h1SMnG0014258	-
h1SMnG0014259	-
h1SMnG0014260	-
h1SMnG0014261	-
h1SMnG0014262	-
h1SMnG0014263	-
h1SMnG0014264	-
h1SMnG0014265	-
h1SMnG0014266	-
h1SMnG0014267	-
h1SMnG0014268	-
h1SMnG0014269	-
h1SMnG0014270	-
h1SMnG0014271	-
h1SMnG0014272	-
h1SMnG0014273	-
h1SMnG0014274	-
h1SMnG0014275	-
h1SMnG0014276	-
h1SMnG0014277	-
h1SMnG0014278	-
h1SMnG0014279	-
h1SMnG0014280	-
h1SMnG0014281	-
h1SMnG0014282	-
h1SMnG0014283	-
h1SMnG0014284	-
h1SMnG0014285	-
h1SMnG0014286	-
h1SMnG0014287	-
h1SMnG0014288	-
h1SMnG0014289	-
h1SMnG0014290	-
h1SMnG0014291	-
h1SMnG0014292	-
h1SMnG0014293	-
h1SMnG0014294	-
h1SMnG0014295	-
h1SMnG0014296	-
h1SMnG0014297	-
h1SMnG0014298	-
h1SMnG0014299	-
h1SMnG0014300	O
h1SMnG0014301	-
h1SMnG0014302	-
h1SMnG0014303	-
h1SMnG0014304	-
h1SMnG0014305	-
h1SMnG0014306	-
h1SMnG0014307	-
h1SMnG0014308	-
h1SMnG0014309	-
h1SMnG0014310	-
h1SMnG0014311	-
h1SMnG0014312	-
h1SMnG0014313	-
h1SMnG0014314	-
h1SMnG0014315	-
h1SMnG0014316	-
h1SMnG0014317	-
h1SMnG0014318	-
h1SMnG0014319	-
h1SMnG0014320	-
h1SMnG0014321	-
h1SMnG0014322	-
h1SMnG0014323	-
h1SMnG0014324	-
h1SMnG0014325	-
h1SMnG0014326	-
h1SMnG0014327	-
h1SMnG0014328	-
h1SMnG0014329	-
h1SMnG0014330	-
h1SMnG0014331	-
h1SMnG0014332	-
h1SMnG0014333	-
h1SMnG0014334	-
h1SMnG0014335	-
h1SMnG0014336	-
h1SMnG0014337	-
h1SMnG0014338	-
h1SMnG0014339	-
h1SMnG0014340	-
h1SMnG0014341	-
h1SMnG0014342	-
h1SMnG0014343	-
h1SMnG0014344	-
h1SMnG0014345	-
h1SMnG0014346	-
h1SMnG0014347	-
h1SMnG0014348	-
h1SMnG0014349	-
h1SMnG0014350	-
h1SMnG0014351	-
h1SMnG0014352	-
h1SMnG0014353	-
h1SMnG0014354	-
h1SMnG0014355	-
h1SMnG0014356	S
h1SMnG0014357	-
h1SMnG0014358	-
h1SMnG0014359	-
h1SMnG0014360	-
h1SMnG0014361	-
h1SMnG0014362	-
h1SMnG0014363	-
h1SMnG0014364	-
h1SMnG0014365	-
h1SMnG0014366	-
h1SMnG0014367	-
h1SMnG0014368	-
h1SMnG0014369	-
h1SMnG0014370	-
h1SMnG0014371	-
h1SMnG0014372	-
h1SMnG0014373	-
h1SMnG0014374	-
h1SMnG0014375	-
h1SMnG0014376	-
h1SMnG0014377	-
h1SMnG0014378	-
h1SMnG0014379	-
h1SMnG0014380	-
h1SMnG0014381	-
h1SMnG0014382	-
h1SMnG0014383	-
h1SMnG0014384	-
h1SMnG0014385	-
h1SMnG0014386	-
h1SMnG0014387	-
h1SMnG0014388	-
h1SMnG0014389	-
h1SMnG0014390	-
h1SMnG0014391	-
h1SMnG0014392	-
h1SMnG0014393	-
h1SMnG0014394	-
h1SMnG0014395	-
h1SMnG0014396	-
h1SMnG0014397	-
h1SMnG0014398	-
h1SMnG0014399	-
h1SMnG0014400	A
h1SMnG0014401	-
h1SMnG0014402	-
h1SMnG0014403	-
h1SMnG0014404	-
h1SMnG0014405	-
h1SMnG0014406	-
h1SMnG0014407	-
h1SMnG0014408	L
h1SMnG0014409	-
h1SMnG0014410	-
h1SMnG0014411	-
h1SMnG0014412	G
h1SMnG0014413	-
h1SMnG0014414	-
h1SMnG0014415	-
h1SMnG0014416	-
h1SMnG0014417	-
h1SMnG0014418	-
h1SMnG0014419	-
h1SMnG0014420	-
h1SMnG0014421	-
h1SMnG0014422	-
h1SMnG0014423	-
h1SMnG0014424	-
h1SMnG0014425	-
h1SMnG0014426	-
h1SMnG0014427	-
h1SMnG0014428	-
h1SMnG0014429	-
h1SMnG0014430	-
h1SMnG0014431	-
h1SMnG0014432	-
h1SMnG0014433	-
h1SMnG0014434	U
h1SMnG0014435	-
h1SMnG0014436	-
h1SMnG0014437	-
h1SMnG0014438	-
h1SMnG0014439	-
h1SMnG0014440	-
h1SMnG0014441	-
h1SMnG0014442	-
h1SMnG0014443	-
h1SMnG0014444	-
h1SMnG0014445	-
h1SMnG0014446	-
h1SMnG0014447	-
h1SMnG0014448	S
h1SMnG0014449	-
h1SMnG0014450	-
h1SMnG0014451	-
h1SMnG0014452	L
h1SMnG0014453	-
h1SMnG0014454	-
h1SMnG0014455	-
h1SMnG0014456	-
h1SMnG0014457	-
h1SMnG0014458	-
h1SMnG0014459	-
h1SMnG0014460	-
h1SMnG0014461	-
h1SMnG0014462	-
h1SMnG0014463	-
h1SMnG0014464	-
h1SMnG0014465	-
h1SMnG0014466	-
h1SMnG0014467	-
h1SMnG0014468	-
h1SMnG0014469	-
h1SMnG0014470	-
h1SMnG0014471	-
h1SMnG0014472	-
h1SMnG0014473	-
h1SMnG0014474	-
h1SMnG0014475	-
h1SMnG0014476	-
h1SMnG0014477	-
h1SMnG0014478	-
h1SMnG0014479	-
h1SMnG0014480	-
h1SMnG0014481	-
h1SMnG0014482	-
h1SMnG0014483	-
h1SMnG0014484	-
h1SMnG0014485	-
h1SMnG0014486	-
h1SMnG0014487	-
h1SMnG0014488	-
h1SMnG0014489	-
h1SMnG0014490	-
h1SMnG0014491	-
h1SMnG0014492	-
h1SMnG0014493	-
h1SMnG0014494	-
h1SMnG0014495	-
h1SMnG0014496	-
h1SMnG0014497	-
h1SMnG0014498	-
h1SMnG0014499	-
h1SMnG0014500	-
h1SMnG0014501	-
h1SMnG0014502	-
h1SMnG0014503	-
h1SMnG0014504	-
h1SMnG0014505	-
h1SMnG0014506	-
h1SMnG0014507	-
h1SMnG0014508	-
h1SMnG0014509	-
h1SMnG0014510	-
h1SMnG0014511	-
h1SMnG0014512	-
h1SMnG0014513	-
h1SMnG0014514	-
h1SMnG0014515	-
h1SMnG0014516	-
h1SMnG0014517	-
h1SMnG0014518	-
h1SMnG0014519	-
h1SMnG0014520	-
h1SMnG0014521	-
h1SMnG0014522	-
h1SMnG0014523	-
h1SMnG0014524	-
h1SMnG0014525	-
h1SMnG0014526	-
h1SMnG0014527	-
h1SMnG0014528	-
h1SMnG0014529	-
h1SMnG0014530	-
h1SMnG0014531	-
h1SMnG0014532	-
h1SMnG0014533	-
h1SMnG0014534	-
h1SMnG0014535	-
h1SMnG0014536	-
h1SMnG0014537	-
h1SMnG0014538	-
h1SMnG0014539	-
h1SMnG0014540	-
h1SMnG0014541	-
h1SMnG0014542	-
h1SMnG0014543	-
h1SMnG0014544	-
h1SMnG0014545	-
h1SMnG0014546	-
h1SMnG0014547	-
h1SMnG0014548	-
h1SMnG0014549	-
h1SMnG0014550	-
h1SMnG0014551	-
h1SMnG0014552	-
h1SMnG0014553	-
h1SMnG0014554	-
h1SMnG0014555	-
h1SMnG0014556	-
h1SMnG0014557	-
h1SMnG0014558	-
h1SMnG0014559	-
h1SMnG0014560	-
h1SMnG0014561	-
h1SMnG0014562	-
h1SMnG0014563	-
h1SMnG0014564	-
h1SMnG0014565	-
h1SMnG0014566	-
h1SMnG0014567	-
h1SMnG0014568	-
h1SMnG0014569	-
h1SMnG0014570	T
h1SMnG0014571	-
h1SMnG0014572	-
h1SMnG0014573	-
h1SMnG0014574	-
h1SMnG0014575	-
h1SMnG0014576	-
h1SMnG0014577	-
h1SMnG0014578	-
h1SMnG0014579	-
h1SMnG0014580	-
h1SMnG0014581	-
h1SMnG0014582	-
h1SMnG0014583	-
h1SMnG0014584	-
h1SMnG0014585	-
h1SMnG0014586	-
h1SMnG0014587	-
h1SMnG0014588	-
h1SMnG0014589	-
h1SMnG0014590	-
h1SMnG0014591	-
h1SMnG0014592	-
h1SMnG0014593	-
h1SMnG0014594	-
h1SMnG0014595	-
h1SMnG0014596	-
h1SMnG0014597	-
h1SMnG0014598	-
h1SMnG0014599	-
h1SMnG0014600	S
h1SMnG0014601	-
h1SMnG0014602	-
h1SMnG0014603	-
h1SMnG0014604	-
h1SMnG0014605	S
h1SMnG0014606	-
h1SMnG0014607	-
h1SMnG0014608	-
h1SMnG0014609	-
h1SMnG0014610	S
h1SMnG0014611	-
h1SMnG0014612	-
h1SMnG0014613	-
h1SMnG0014614	-
h1SMnG0014615	-
h1SMnG0014616	-
h1SMnG0014617	-
h1SMnG0014618	-
h1SMnG0014619	-
h1SMnG0014620	-
h1SMnG0014621	-
h1SMnG0014622	-
h1SMnG0014623	-
h1SMnG0014624	-
h1SMnG0014625	-
h1SMnG0014626	-
h1SMnG0014627	-
h1SMnG0014628	-
h1SMnG0014629	-
h1SMnG0014630	-
h1SMnG0014631	-
h1SMnG0014632	-
h1SMnG0014633	-
h1SMnG0014634	-
h1SMnG0014635	-
h1SMnG0014636	-
h1SMnG0014637	-
h1SMnG0014638	-
h1SMnG0014639	-
h1SMnG0014640	-
h1SMnG0014641	-
h1SMnG0014642	-
h1SMnG0014643	-
h1SMnG0014644	-
h1SMnG0014645	-
h1SMnG0014646	-
h1SMnG0014647	-
h1SMnG0014648	-
h1SMnG0014649	-
h1SMnG0014650	-
h1SMnG0014651	-
h1SMnG0014652	-
h1SMnG0014653	-
h1SMnG0014654	-
h1SMnG0014655	-
h1SMnG0014656	-
h1SMnG0014657	-
h1SMnG0014658	-
h1SMnG0014659	-
h1SMnG0014660	-
h1SMnG0014661	-
h1SMnG0014662	-
h1SMnG0014663	-
h1SMnG0014664	-
h1SMnG0014665	-
h1SMnG0014666	-
h1SMnG0014667	-
h1SMnG0014668	-
h1SMnG0014669	-
h1SMnG0014670	-
h1SMnG0014671	-
h1SMnG0014672	-
h1SMnG0014673	-
h1SMnG0014674	-
h1SMnG0014675	-
h1SMnG0014676	-
h1SMnG0014677	S
h1SMnG0014678	-
h1SMnG0014679	-
h1SMnG0014680	-
h1SMnG0014681	-
h1SMnG0014682	-
h1SMnG0014683	-
h1SMnG0014684	-
h1SMnG0014685	-
h1SMnG0014686	-
h1SMnG0014687	-
h1SMnG0014688	-
h1SMnG0014689	-
h1SMnG0014690	-
h1SMnG0014691	-
h1SMnG0014692	-
h1SMnG0014693	-
h1SMnG0014694	-
h1SMnG0014695	-
h1SMnG0014696	-
h1SMnG0014697	-
h1SMnG0014698	-
h1SMnG0014699	-
h1SMnG0014700	-
h1SMnG0014701	-
h1SMnG0014702	-
h1SMnG0014703	-
h1SMnG0014704	-
h1SMnG0014705	-
h1SMnG0014706	-
h1SMnG0014707	-
h1SMnG0014708	-
h1SMnG0014709	-
h1SMnG0014710	-
h1SMnG0014711	-
h1SMnG0014712	-
h1SMnG0014713	-
h1SMnG0014714	-
h1SMnG0014715	-
h1SMnG0014716	-
h1SMnG0014717	-
h1SMnG0014718	-
h1SMnG0014719	-
h1SMnG0014720	ADK
h1SMnG0014721	-
h1SMnG0014722	-
h1SMnG0014723	-
h1SMnG0014724	-
h1SMnG0014725	-
h1SMnG0014726	-
h1SMnG0014727	-
h1SMnG0014728	-
h1SMnG0014729	-
h1SMnG0014730	-
h1SMnG0014731	-
h1SMnG0014732	-
h1SMnG0014733	-
h1SMnG0014734	-
h1SMnG0014735	-
h1SMnG0014736	-
h1SMnG0014737	-
h1SMnG0014738	-
h1SMnG0014739	-
h1SMnG0014740	-
h1SMnG0014741	-
h1SMnG0014742	-
h1SMnG0014743	-
h1SMnG0014744	-
h1SMnG0014745	-
h1SMnG0014746	-
h1SMnG0014747	-
h1SMnG0014748	-
h1SMnG0014749	-
h1SMnG0014750	-
h1SMnG0014751	-
h1SMnG0014752	-
h1SMnG0014753	-
h1SMnG0014754	-
h1SMnG0014755	-
h1SMnG0014756	-
h1SMnG0014757	-
h1SMnG0014758	-
h1SMnG0014759	-
h1SMnG0014760	-
h1SMnG0014761	-
h1SMnG0014762	-
h1SMnG0014763	-
h1SMnG0014764	-
h1SMnG0014765	-
h1SMnG0014766	-
h1SMnG0014767	-
h1SMnG0014768	-
h1SMnG0014769	-
h1SMnG0014770	-
h1SMnG0014771	-
h1SMnG0014772	-
h1SMnG0014773	-
h1SMnG0014774	-
h1SMnG0014775	S
h1SMnG0014776	-
h1SMnG0014777	-
h1SMnG0014778	-
h1SMnG0014779	-
h1SMnG0014780	-
h1SMnG0014781	-
h1SMnG0014782	-
h1SMnG0014783	-
h1SMnG0014784	-
h1SMnG0014785	-
h1SMnG0014786	-
h1SMnG0014787	-
h1SMnG0014788	-
h1SMnG0014789	-
h1SMnG0014790	-
h1SMnG0014791	-
h1SMnG0014792	-
h1SMnG0014793	-
h1SMnG0014794	-
h1SMnG0014795	-
h1SMnG0014796	-
h1SMnG0014797	-
h1SMnG0014798	-
h1SMnG0014799	-
h1SMnG0014800	-
h1SMnG0014801	-
h1SMnG0014802	-
h1SMnG0014803	-
h1SMnG0014804	-
h1SMnG0014805	-
h1SMnG0014806	-
h1SMnG0014807	-
h1SMnG0014808	-
h1SMnG0014809	-
h1SMnG0014810	-
h1SMnG0014811	-
h1SMnG0014812	-
h1SMnG0014813	-
h1SMnG0014814	-
h1SMnG0014815	-
h1SMnG0014816	-
h1SMnG0014817	-
h1SMnG0014818	-
h1SMnG0014819	-
h1SMnG0014820	-
h1SMnG0014821	-
h1SMnG0014822	-
h1SMnG0014823	-
h1SMnG0014824	-
h1SMnG0014825	-
h1SMnG0014826	-
h1SMnG0014827	-
h1SMnG0014828	-
h1SMnG0014829	-
h1SMnG0014830	-
h1SMnG0014831	-
h1SMnG0014832	-
h1SMnG0014833	-
h1SMnG0014834	-
h1SMnG0014835	-
h1SMnG0014836	-
h1SMnG0014837	-
h1SMnG0014838	-
h1SMnG0014839	-
h1SMnG0014840	-
h1SMnG0014841	-
h1SMnG0014842	-
h1SMnG0014843	-
h1SMnG0014844	-
h1SMnG0014845	-
h1SMnG0014846	-
h1SMnG0014847	-
h1SMnG0014848	-
h1SMnG0014849	-
h1SMnG0014850	-
h1SMnG0014851	-
h1SMnG0014852	-
h1SMnG0014853	-
h1SMnG0014854	-
h1SMnG0014855	-
h1SMnG0014856	-
h1SMnG0014857	-
h1SMnG0014858	-
h1SMnG0014859	-
h1SMnG0014860	-
h1SMnG0014861	-
h1SMnG0014862	-
h1SMnG0014863	-
h1SMnG0014864	-
h1SMnG0014865	-
h1SMnG0014866	-
h1SMnG0014867	-
h1SMnG0014868	-
h1SMnG0014869	-
h1SMnG0014870	-
h1SMnG0014871	K
h1SMnG0014872	S
h1SMnG0014873	-
h1SMnG0014874	-
h1SMnG0014875	-
h1SMnG0014876	-
h1SMnG0014877	-
h1SMnG0014878	-
h1SMnG0014879	-
h1SMnG0014880	-
h1SMnG0014881	-
h1SMnG0014882	-
h1SMnG0014883	-
h1SMnG0014884	-
h1SMnG0014885	-
h1SMnG0014886	-
h1SMnG0014887	-
h1SMnG0014888	-
h1SMnG0014889	-
h1SMnG0014890	-
h1SMnG0014891	-
h1SMnG0014892	-
h1SMnG0014893	-
h1SMnG0014894	-
h1SMnG0014895	-
h1SMnG0014896	-
h1SMnG0014897	-
h1SMnG0014898	-
h1SMnG0014899	-
h1SMnG0014900	-
h1SMnG0014901	-
h1SMnG0014902	-
h1SMnG0014903	-
h1SMnG0014904	-
h1SMnG0014905	-
h1SMnG0014906	-
h1SMnG0014907	-
h1SMnG0014908	-
h1SMnG0014909	-
h1SMnG0014910	-
h1SMnG0014911	-
h1SMnG0014912	-
h1SMnG0014913	K
h1SMnG0014914	-
h1SMnG0014915	-
h1SMnG0014916	-
h1SMnG0014917	-
h1SMnG0014918	-
h1SMnG0014919	-
h1SMnG0014920	-
h1SMnG0014921	-
h1SMnG0014922	-
h1SMnG0014923	-
h1SMnG0014924	-
h1SMnG0014925	-
h1SMnG0014926	-
h1SMnG0014927	-
h1SMnG0014928	-
h1SMnG0014929	-
h1SMnG0014930	-
h1SMnG0014931	-
h1SMnG0014932	-
h1SMnG0014933	-
h1SMnG0014934	-
h1SMnG0014935	-
h1SMnG0014936	-
h1SMnG0014937	-
h1SMnG0014938	-
h1SMnG0014939	-
h1SMnG0014940	P
h1SMnG0014941	-
h1SMnG0014942	-
h1SMnG0014943	-
h1SMnG0014944	-
h1SMnG0014945	-
h1SMnG0014946	-
h1SMnG0014947	-
h1SMnG0014948	-
h1SMnG0014949	-
h1SMnG0014950	-
h1SMnG0014951	-
h1SMnG0014952	-
h1SMnG0014953	-
h1SMnG0014954	-
h1SMnG0014955	H
h1SMnG0014956	-
h1SMnG0014957	-
h1SMnG0014958	-
h1SMnG0014959	-
h1SMnG0014960	-
h1SMnG0014961	-
h1SMnG0014962	-
h1SMnG0014963	-
h1SMnG0014964	-
h1SMnG0014965	-
h1SMnG0014966	-
h1SMnG0014967	-
h1SMnG0014968	-
h1SMnG0014969	-
h1SMnG0014970	-
h1SMnG0014971	-
h1SMnG0014972	-
h1SMnG0014973	-
h1SMnG0014974	-
h1SMnG0014975	-
h1SMnG0014976	-
h1SMnG0014977	-
h1SMnG0014978	-
h1SMnG0014979	-
h1SMnG0014980	-
h1SMnG0014981	-
h1SMnG0014982	-
h1SMnG0014983	-
h1SMnG0014984	-
h1SMnG0014985	-
h1SMnG0014986	-
h1SMnG0014987	-
h1SMnG0014988	-
h1SMnG0014989	-
h1SMnG0014990	-
h1SMnG0014991	-
h1SMnG0014992	-
h1SMnG0014993	-
h1SMnG0014994	-
h1SMnG0014995	-
h1SMnG0014996	-
h1SMnG0014997	-
h1SMnG0014998	-
h1SMnG0014999	-
h1SMnG0015000	-
h1SMnG0015001	-
h1SMnG0015002	-
h1SMnG0015003	-
h1SMnG0015004	-
h1SMnG0015005	-
h1SMnG0015006	-
h1SMnG0015007	-
h1SMnG0015008	-
h1SMnG0015009	-
h1SMnG0015010	-
h1SMnG0015011	-
h1SMnG0015012	-
h1SMnG0015013	-
h1SMnG0015014	-
h1SMnG0015015	-
h1SMnG0015016	-
h1SMnG0015017	-
h1SMnG0015018	-
h1SMnG0015019	-
h1SMnG0015020	-
h1SMnG0015021	-
h1SMnG0015022	-
h1SMnG0015023	S
h1SMnG0015024	-
h1SMnG0015025	-
h1SMnG0015026	-
h1SMnG0015027	-
h1SMnG0015028	-
h1SMnG0015029	-
h1SMnG0015030	-
h1SMnG0015031	-
h1SMnG0015032	-
h1SMnG0015033	-
h1SMnG0015034	-
h1SMnG0015035	O
h1SMnG0015036	O
h1SMnG0015037	-
h1SMnG0015038	-
h1SMnG0015039	-
h1SMnG0015040	-
h1SMnG0015041	-
h1SMnG0015042	-
h1SMnG0015043	-
h1SMnG0015044	-
h1SMnG0015045	-
h1SMnG0015046	-
h1SMnG0015047	-
h1SMnG0015048	-
h1SMnG0015049	-
h1SMnG0015050	-
h1SMnG0015051	-
h1SMnG0015052	-
h1SMnG0015053	-
h1SMnG0015054	-
h1SMnG0015055	-
h1SMnG0015056	S
h1SMnG0015057	-
h1SMnG0015058	S
h1SMnG0015059	O
h1SMnG0015060	-
h1SMnG0015061	S
h1SMnG0015062	S
h1SMnG0015063	-
h1SMnG0015064	-
h1SMnG0015065	-
h1SMnG0015066	-
h1SMnG0015067	-
h1SMnG0015068	-
h1SMnG0015069	-
h1SMnG0015070	-
h1SMnG0015071	-
h1SMnG0015072	-
h1SMnG0015073	-
h1SMnG0015074	-
h1SMnG0015075	-
h1SMnG0015076	-
h1SMnG0015077	-
h1SMnG0015078	-
h1SMnG0015079	-
h1SMnG0015080	-
h1SMnG0015081	-
h1SMnG0015082	-
h1SMnG0015083	-
h1SMnG0015084	-
h1SMnG0015085	A
h1SMnG0015086	-
h1SMnG0015087	-
h1SMnG0015088	S
h1SMnG0015089	-
h1SMnG0015090	-
h1SMnG0015091	-
h1SMnG0015092	-
h1SMnG0015093	-
h1SMnG0015094	-
h1SMnG0015095	-
h1SMnG0015096	-
h1SMnG0015097	-
h1SMnG0015098	-
h1SMnG0015099	-
h1SMnG0015100	-
h1SMnG0015101	-
h1SMnG0015102	-
h1SMnG0015103	-
h1SMnG0015104	-
h1SMnG0015105	-
h1SMnG0015106	-
h1SMnG0015107	-
h1SMnG0015108	-
h1SMnG0015109	-
h1SMnG0015110	-
h1SMnG0015111	-
h1SMnG0015112	T
h1SMnG0015113	-
h1SMnG0015114	-
h1SMnG0015115	-
h1SMnG0015116	-
h1SMnG0015117	-
h1SMnG0015118	-
h1SMnG0015119	-
h1SMnG0015120	-
h1SMnG0015121	-
h1SMnG0015122	-
h1SMnG0015123	-
h1SMnG0015124	-
h1SMnG0015125	-
h1SMnG0015126	-
h1SMnG0015127	-
h1SMnG0015128	-
h1SMnG0015129	-
h1SMnG0015130	-
h1SMnG0015131	-
h1SMnG0015132	-
h1SMnG0015133	-
h1SMnG0015134	-
h1SMnG0015135	-
h1SMnG0015136	-
h1SMnG0015137	-
h1SMnG0015138	-
h1SMnG0015139	-
h1SMnG0015140	-
h1SMnG0015141	-
h1SMnG0015142	-
h1SMnG0015143	-
h1SMnG0015144	-
h1SMnG0015145	-
h1SMnG0015146	-
h1SMnG0015147	-
h1SMnG0015148	-
h1SMnG0015149	-
h1SMnG0015150	-
h1SMnG0015151	-
h1SMnG0015152	-
h1SMnG0015153	-
h1SMnG0015154	-
h1SMnG0015155	-
h1SMnG0015156	-
h1SMnG0015157	-
h1SMnG0015158	-
h1SMnG0015159	-
h1SMnG0015160	-
h1SMnG0015161	-
h1SMnG0015162	-
h1SMnG0015163	-
h1SMnG0015164	-
h1SMnG0015165	-
h1SMnG0015166	-
h1SMnG0015167	-
h1SMnG0015168	-
h1SMnG0015169	-
h1SMnG0015170	-
h1SMnG0015171	-
h1SMnG0015172	-
h1SMnG0015173	-
h1SMnG0015174	-
h1SMnG0015175	-
h1SMnG0015176	-
h1SMnG0015177	-
h1SMnG0015178	-
h1SMnG0015179	-
h1SMnG0015180	-
h1SMnG0015181	O
h1SMnG0015182	-
h1SMnG0015183	-
h1SMnG0015184	-
h1SMnG0015185	-
h1SMnG0015186	-
h1SMnG0015187	-
h1SMnG0015188	-
h1SMnG0015189	-
h1SMnG0015190	-
h1SMnG0015191	-
h1SMnG0015192	-
h1SMnG0015193	-
h1SMnG0015194	-
h1SMnG0015195	-
h1SMnG0015196	-
h1SMnG0015197	-
h1SMnG0015198	-
h1SMnG0015199	U
h1SMnG0015200	-
h1SMnG0015201	-
h1SMnG0015202	-
h1SMnG0015203	-
h1SMnG0015204	-
h1SMnG0015205	-
h1SMnG0015206	-
h1SMnG0015207	-
h1SMnG0015208	-
h1SMnG0015209	-
h1SMnG0015210	-
h1SMnG0015211	I
h1SMnG0015212	-
h1SMnG0015213	-
h1SMnG0015214	-
h1SMnG0015215	O
h1SMnG0015216	-
h1SMnG0015217	-
h1SMnG0015218	EJ
h1SMnG0015219	-
h1SMnG0015220	-
h1SMnG0015221	-
h1SMnG0015222	-
h1SMnG0015223	-
h1SMnG0015224	-
h1SMnG0015225	-
h1SMnG0015226	-
h1SMnG0015227	-
h1SMnG0015228	-
h1SMnG0015229	-
h1SMnG0015230	TU
h1SMnG0015231	-
h1SMnG0015232	-
h1SMnG0015233	-
h1SMnG0015234	-
h1SMnG0015235	-
h1SMnG0015236	-
h1SMnG0015237	-
h1SMnG0015238	-
h1SMnG0015239	-
h1SMnG0015240	-
h1SMnG0015241	-
h1SMnG0015242	-
h1SMnG0015243	-
h1SMnG0015244	-
h1SMnG0015245	-
h1SMnG0015246	-
h1SMnG0015247	-
h1SMnG0015248	-
h1SMnG0015249	J
h1SMnG0015250	-
h1SMnG0015251	-
h1SMnG0015252	-
h1SMnG0015253	O
h1SMnG0015254	-
h1SMnG0015255	-
h1SMnG0015256	-
h1SMnG0015257	-
h1SMnG0015258	-
h1SMnG0015259	-
h1SMnG0015260	-
h1SMnG0015261	-
h1SMnG0015262	-
h1SMnG0015263	-
h1SMnG0015264	-
h1SMnG0015265	-
h1SMnG0015266	-
h1SMnG0015267	-
h1SMnG0015268	-
h1SMnG0015269	-
h1SMnG0015270	-
h1SMnG0015271	-
h1SMnG0015272	-
h1SMnG0015273	-
h1SMnG0015274	-
h1SMnG0015275	-
h1SMnG0015276	-
h1SMnG0015277	-
h1SMnG0015278	-
h1SMnG0015279	-
h1SMnG0015280	-
h1SMnG0015281	-
h1SMnG0015282	-
h1SMnG0015283	-
h1SMnG0015284	-
h1SMnG0015285	-
h1SMnG0015286	-
h1SMnG0015287	-
h1SMnG0015288	-
h1SMnG0015289	-
h1SMnG0015290	-
h1SMnG0015291	-
h1SMnG0015292	-
h1SMnG0015293	-
h1SMnG0015294	-
h1SMnG0015295	-
h1SMnG0015296	-
h1SMnG0015297	-
h1SMnG0015298	-
h1SMnG0015299	-
h1SMnG0015300	-
h1SMnG0015301	-
h1SMnG0015302	-
h1SMnG0015303	-
h1SMnG0015304	-
h1SMnG0015305	-
h1SMnG0015306	G
h1SMnG0015307	-
h1SMnG0015308	-
h1SMnG0015309	-
h1SMnG0015310	-
h1SMnG0015311	-
h1SMnG0015312	-
h1SMnG0015313	-
h1SMnG0015314	-
h1SMnG0015315	-
h1SMnG0015316	-
h1SMnG0015317	-
h1SMnG0015318	-
h1SMnG0015319	-
h1SMnG0015320	-
h1SMnG0015321	-
h1SMnG0015322	-
h1SMnG0015323	-
h1SMnG0015324	-
h1SMnG0015325	-
h1SMnG0015326	-
h1SMnG0015327	-
h1SMnG0015328	-
h1SMnG0015329	-
h1SMnG0015330	-
h1SMnG0015331	-
h1SMnG0015332	-
h1SMnG0015333	-
h1SMnG0015334	-
h1SMnG0015335	-
h1SMnG0015336	-
h1SMnG0015337	-
h1SMnG0015338	-
h1SMnG0015339	-
h1SMnG0015340	-
h1SMnG0015341	-
h1SMnG0015342	-
h1SMnG0015343	-
h1SMnG0015344	S
h1SMnG0015345	-
h1SMnG0015346	-
h1SMnG0015347	-
h1SMnG0015348	-
h1SMnG0015349	-
h1SMnG0015350	-
h1SMnG0015351	-
h1SMnG0015352	-
h1SMnG0015353	-
h1SMnG0015354	-
h1SMnG0015355	-
h1SMnG0015356	-
h1SMnG0015357	-
h1SMnG0015358	-
h1SMnG0015359	-
h1SMnG0015360	-
h1SMnG0015361	-
h1SMnG0015362	-
h1SMnG0015363	-
h1SMnG0015364	-
h1SMnG0015365	-
h1SMnG0015366	-
h1SMnG0015367	-
h1SMnG0015368	-
h1SMnG0015369	-
h1SMnG0015370	-
h1SMnG0015371	-
h1SMnG0015372	-
h1SMnG0015373	-
h1SMnG0015374	-
h1SMnG0015375	-
h1SMnG0015376	-
h1SMnG0015377	-
h1SMnG0015378	-
h1SMnG0015379	-
h1SMnG0015380	-
h1SMnG0015381	-
h1SMnG0015382	-
h1SMnG0015383	-
h1SMnG0015384	-
h1SMnG0015385	-
h1SMnG0015386	-
h1SMnG0015387	-
h1SMnG0015388	-
h1SMnG0015389	A
h1SMnG0015390	-
h1SMnG0015391	-
h1SMnG0015392	-
h1SMnG0015393	-
h1SMnG0015394	-
h1SMnG0015395	-
h1SMnG0015396	-
h1SMnG0015397	-
h1SMnG0015398	-
h1SMnG0015399	-
h1SMnG0015400	-
h1SMnG0015401	-
h1SMnG0015402	-
h1SMnG0015403	-
h1SMnG0015404	-
h1SMnG0015405	-
h1SMnG0015406	-
h1SMnG0015407	-
h1SMnG0015408	-
h1SMnG0015409	-
h1SMnG0015410	-
h1SMnG0015411	-
h1SMnG0015412	-
h1SMnG0015413	-
h1SMnG0015414	-
h1SMnG0015415	-
h1SMnG0015416	-
h1SMnG0015417	-
h1SMnG0015418	-
h1SMnG0015419	-
h1SMnG0015420	-
h1SMnG0015421	-
h1SMnG0015422	-
h1SMnG0015423	-
h1SMnG0015424	-
h1SMnG0015425	-
h1SMnG0015426	-
h1SMnG0015427	-
h1SMnG0015428	-
h1SMnG0015429	-
h1SMnG0015430	-
h1SMnG0015431	-
h1SMnG0015432	-
h1SMnG0015433	-
h1SMnG0015434	-
h1SMnG0015435	S
h1SMnG0015436	T
h1SMnG0015437	-
h1SMnG0015438	-
h1SMnG0015439	-
h1SMnG0015440	-
h1SMnG0015441	-
h1SMnG0015442	-
h1SMnG0015443	-
h1SMnG0015444	-
h1SMnG0015445	-
h1SMnG0015446	-
h1SMnG0015447	-
h1SMnG0015448	-
h1SMnG0015449	-
h1SMnG0015450	-
h1SMnG0015451	-
h1SMnG0015452	-
h1SMnG0015453	-
h1SMnG0015454	-
h1SMnG0015455	-
h1SMnG0015456	-
h1SMnG0015457	-
h1SMnG0015458	-
h1SMnG0015459	-
h1SMnG0015460	-
h1SMnG0015461	-
h1SMnG0015462	-
h1SMnG0015463	-
h1SMnG0015464	-
h1SMnG0015465	-
h1SMnG0015466	-
h1SMnG0015467	-
h1SMnG0015468	-
h1SMnG0015469	-
h1SMnG0015470	-
h1SMnG0015471	S
h1SMnG0015472	-
h1SMnG0015473	-
h1SMnG0015474	-
h1SMnG0015475	-
h1SMnG0015476	-
h1SMnG0015477	-
h1SMnG0015478	-
h1SMnG0015479	-
h1SMnG0015480	-
h1SMnG0015481	-
h1SMnG0015482	-
h1SMnG0015483	-
h1SMnG0015484	Z
h1SMnG0015485	-
h1SMnG0015486	-
h1SMnG0015487	-
h1SMnG0015488	-
h1SMnG0015489	-
h1SMnG0015490	-
h1SMnG0015491	I
h1SMnG0015492	-
h1SMnG0015493	-
h1SMnG0015494	-
h1SMnG0015495	-
h1SMnG0015496	-
h1SMnG0015497	-
h1SMnG0015498	-
h1SMnG0015499	-
h1SMnG0015500	-
h1SMnG0015501	-
h1SMnG0015502	-
h1SMnG0015503	-
h1SMnG0015504	-
h1SMnG0015505	-
h1SMnG0015506	-
h1SMnG0015507	-
h1SMnG0015508	-
h1SMnG0015509	-
h1SMnG0015510	-
h1SMnG0015511	-
h1SMnG0015512	-
h1SMnG0015513	-
h1SMnG0015514	-
h1SMnG0015515	-
h1SMnG0015516	-
h1SMnG0015517	-
h1SMnG0015518	-
h1SMnG0015519	-
h1SMnG0015520	-
h1SMnG0015521	-
h1SMnG0015522	-
h1SMnG0015523	-
h1SMnG0015524	-
h1SMnG0015525	-
h1SMnG0015526	-
h1SMnG0015527	-
h1SMnG0015528	-
h1SMnG0015529	-
h1SMnG0015530	-
h1SMnG0015531	-
h1SMnG0015532	-
h1SMnG0015533	-
h1SMnG0015534	-
h1SMnG0015535	-
h1SMnG0015536	-
h1SMnG0015537	-
h1SMnG0015538	-
h1SMnG0015539	-
h1SMnG0015540	-
h1SMnG0015541	-
h1SMnG0015542	-
h1SMnG0015543	-
h1SMnG0015544	-
h1SMnG0015545	-
h1SMnG0015546	-
h1SMnG0015547	-
h1SMnG0015548	-
h1SMnG0015549	-
h1SMnG0015550	-
h1SMnG0015551	-
h1SMnG0015552	-
h1SMnG0015553	-
h1SMnG0015554	-
h1SMnG0015555	-
h1SMnG0015556	-
h1SMnG0015557	-
h1SMnG0015558	-
h1SMnG0015559	-
h1SMnG0015560	-
h1SMnG0015561	-
h1SMnG0015562	-
h1SMnG0015563	-
h1SMnG0015564	-
h1SMnG0015565	-
h1SMnG0015566	-
h1SMnG0015567	-
h1SMnG0015568	-
h1SMnG0015569	-
h1SMnG0015570	-
h1SMnG0015571	-
h1SMnG0015572	-
h1SMnG0015573	-
h1SMnG0015574	-
h1SMnG0015575	-
h1SMnG0015576	-
h1SMnG0015577	-
h1SMnG0015578	-
h1SMnG0015579	-
h1SMnG0015580	-
h1SMnG0015581	-
h1SMnG0015582	-
h1SMnG0015583	-
h1SMnG0015584	-
h1SMnG0015585	-
h1SMnG0015586	-
h1SMnG0015587	-
h1SMnG0015588	-
h1SMnG0015589	-
h1SMnG0015590	-
h1SMnG0015591	-
h1SMnG0015592	-
h1SMnG0015593	-
h1SMnG0015594	-
h1SMnG0015595	-
h1SMnG0015596	-
h1SMnG0015597	-
h1SMnG0015598	-
h1SMnG0015599	-
h1SMnG0015600	-
h1SMnG0015601	-
h1SMnG0015602	-
h1SMnG0015603	-
h1SMnG0015604	-
h1SMnG0015605	-
h1SMnG0015606	-
h1SMnG0015607	-
h1SMnG0015608	-
h1SMnG0015609	-
h1SMnG0015610	-
h1SMnG0015611	-
h1SMnG0015612	B
h1SMnG0015613	-
h1SMnG0015614	-
h1SMnG0015615	-
h1SMnG0015616	-
h1SMnG0015617	-
h1SMnG0015618	-
h1SMnG0015619	-
h1SMnG0015620	-
h1SMnG0015621	-
h1SMnG0015622	-
h1SMnG0015623	-
h1SMnG0015624	-
h1SMnG0015625	-
h1SMnG0015626	-
h1SMnG0015627	-
h1SMnG0015628	-
h1SMnG0015629	-
h1SMnG0015630	-
h1SMnG0015631	-
h1SMnG0015632	-
h1SMnG0015633	-
h1SMnG0015634	-
h1SMnG0015635	-
h1SMnG0015636	-
h1SMnG0015637	-
h1SMnG0015638	-
h1SMnG0015639	-
h1SMnG0015640	-
h1SMnG0015641	-
h1SMnG0015642	-
h1SMnG0015643	-
h1SMnG0015644	-
h1SMnG0015645	-
h1SMnG0015646	-
h1SMnG0015647	-
h1SMnG0015648	-
h1SMnG0015649	-
h1SMnG0015650	-
h1SMnG0015651	-
h1SMnG0015652	-
h1SMnG0015653	-
h1SMnG0015654	-
h1SMnG0015655	-
h1SMnG0015656	S
h1SMnG0015657	-
h1SMnG0015658	-
h1SMnG0015659	-
h1SMnG0015660	-
h1SMnG0015661	-
h1SMnG0015662	-
h1SMnG0015663	-
h1SMnG0015664	-
h1SMnG0015665	-
h1SMnG0015666	-
h1SMnG0015667	-
h1SMnG0015668	-
h1SMnG0015669	-
h1SMnG0015670	-
h1SMnG0015671	-
h1SMnG0015672	-
h1SMnG0015673	-
h1SMnG0015674	-
h1SMnG0015675	-
h1SMnG0015676	-
h1SMnG0015677	-
h1SMnG0015678	-
h1SMnG0015679	-
h1SMnG0015680	-
h1SMnG0015681	-
h1SMnG0015682	-
h1SMnG0015683	-
h1SMnG0015684	-
h1SMnG0015685	-
h1SMnG0015686	-
h1SMnG0015687	-
h1SMnG0015688	-
h1SMnG0015689	-
h1SMnG0015690	-
h1SMnG0015691	-
h1SMnG0015692	-
h1SMnG0015693	-
h1SMnG0015694	-
h1SMnG0015695	-
h1SMnG0015696	-
h1SMnG0015697	-
h1SMnG0015698	-
h1SMnG0015699	-
h1SMnG0015700	-
h1SMnG0015701	-
h1SMnG0015702	-
h1SMnG0015703	-
h1SMnG0015704	-
h1SMnG0015705	-
h1SMnG0015706	-
h1SMnG0015707	-
h1SMnG0015708	-
h1SMnG0015709	-
h1SMnG0015710	-
h1SMnG0015711	-
h1SMnG0015712	-
h1SMnG0015713	-
h1SMnG0015714	-
h1SMnG0015715	-
h1SMnG0015716	-
h1SMnG0015717	-
h1SMnG0015718	-
h1SMnG0015719	-
h1SMnG0015720	-
h1SMnG0015721	-
h1SMnG0015722	-
h1SMnG0015723	-
h1SMnG0015724	-
h1SMnG0015725	-
h1SMnG0015726	-
h1SMnG0015727	-
h1SMnG0015728	-
h1SMnG0015729	-
h1SMnG0015730	-
h1SMnG0015731	-
h1SMnG0015732	-
h1SMnG0015733	-
h1SMnG0015734	-
h1SMnG0015735	-
h1SMnG0015736	U
h1SMnG0015737	-
h1SMnG0015738	-
h1SMnG0015739	-
h1SMnG0015740	-
h1SMnG0015741	-
h1SMnG0015742	-
h1SMnG0015743	-
h1SMnG0015744	-
h1SMnG0015745	-
h1SMnG0015746	-
h1SMnG0015747	-
h1SMnG0015748	-
h1SMnG0015749	-
h1SMnG0015750	-
h1SMnG0015751	-
h1SMnG0015752	-
h1SMnG0015753	-
h1SMnG0015754	-
h1SMnG0015755	-
h1SMnG0015756	-
h1SMnG0015757	-
h1SMnG0015758	-
h1SMnG0015759	-
h1SMnG0015760	-
h1SMnG0015761	-
h1SMnG0015762	-
h1SMnG0015763	-
h1SMnG0015764	-
h1SMnG0015765	-
h1SMnG0015766	-
h1SMnG0015767	-
h1SMnG0015768	-
h1SMnG0015769	-
h1SMnG0015770	-
h1SMnG0015771	-
h1SMnG0015772	-
h1SMnG0015773	-
h1SMnG0015774	-
h1SMnG0015775	-
h1SMnG0015776	-
h1SMnG0015777	-
h1SMnG0015778	-
h1SMnG0015779	-
h1SMnG0015780	-
h1SMnG0015781	-
h1SMnG0015782	T
h1SMnG0015783	-
h1SMnG0015784	-
h1SMnG0015785	-
h1SMnG0015786	-
h1SMnG0015787	-
h1SMnG0015788	-
h1SMnG0015789	-
h1SMnG0015790	-
h1SMnG0015791	-
h1SMnG0015792	-
h1SMnG0015793	-
h1SMnG0015794	-
h1SMnG0015795	-
h1SMnG0015796	-
h1SMnG0015797	-
h1SMnG0015798	S
h1SMnG0015799	-
h1SMnG0015800	-
h1SMnG0015801	-
h1SMnG0015802	-
h1SMnG0015803	-
h1SMnG0015804	-
h1SMnG0015805	-
h1SMnG0015806	-
h1SMnG0015807	-
h1SMnG0015808	-
h1SMnG0015809	-
h1SMnG0015810	-
h1SMnG0015811	-
h1SMnG0015812	-
h1SMnG0015813	-
h1SMnG0015814	-
h1SMnG0015815	-
h1SMnG0015816	-
h1SMnG0015817	-
h1SMnG0015818	-
h1SMnG0015819	-
h1SMnG0015820	-
h1SMnG0015821	-
h1SMnG0015822	-
h1SMnG0015823	-
h1SMnG0015824	-
h1SMnG0015825	-
h1SMnG0015826	-
h1SMnG0015827	-
h1SMnG0015828	-
h1SMnG0015829	-
h1SMnG0015830	-
h1SMnG0015831	-
h1SMnG0015832	-
h1SMnG0015833	-
h1SMnG0015834	T
h1SMnG0015835	-
h1SMnG0015836	-
h1SMnG0015837	-
h1SMnG0015838	-
h1SMnG0015839	-
h1SMnG0015840	-
h1SMnG0015841	-
h1SMnG0015842	-
h1SMnG0015843	-
h1SMnG0015844	-
h1SMnG0015845	-
h1SMnG0015846	-
h1SMnG0015847	-
h1SMnG0015848	-
h1SMnG0015849	-
h1SMnG0015850	-
h1SMnG0015851	-
h1SMnG0015852	-
h1SMnG0015853	-
h1SMnG0015854	-
h1SMnG0015855	-
h1SMnG0015856	-
h1SMnG0015857	-
h1SMnG0015858	-
h1SMnG0015859	-
h1SMnG0015860	-
h1SMnG0015861	-
h1SMnG0015862	-
h1SMnG0015863	-
h1SMnG0015864	-
h1SMnG0015865	-
h1SMnG0015866	-
h1SMnG0015867	-
h1SMnG0015868	K
h1SMnG0015869	-
h1SMnG0015870	-
h1SMnG0015871	-
h1SMnG0015872	-
h1SMnG0015873	-
h1SMnG0015874	-
h1SMnG0015875	-
h1SMnG0015876	-
h1SMnG0015877	-
h1SMnG0015878	-
h1SMnG0015879	-
h1SMnG0015880	-
h1SMnG0015881	-
h1SMnG0015882	-
h1SMnG0015883	-
h1SMnG0015884	-
h1SMnG0015885	-
h1SMnG0015886	-
h1SMnG0015887	-
h1SMnG0015888	-
h1SMnG0015889	-
h1SMnG0015890	-
h1SMnG0015891	-
h1SMnG0015892	-
h1SMnG0015893	-
h1SMnG0015894	-
h1SMnG0015895	-
h1SMnG0015896	-
h1SMnG0015897	-
h1SMnG0015898	-
h1SMnG0015899	-
h1SMnG0015900	S
h1SMnG0015901	-
h1SMnG0015902	-
h1SMnG0015903	-
h1SMnG0015904	-
h1SMnG0015905	-
h1SMnG0015906	-
h1SMnG0015907	-
h1SMnG0015908	-
h1SMnG0015909	-
h1SMnG0015910	-
h1SMnG0015911	-
h1SMnG0015912	-
h1SMnG0015913	-
h1SMnG0015914	-
h1SMnG0015915	-
h1SMnG0015916	-
h1SMnG0015917	-
h1SMnG0015918	-
h1SMnG0015919	-
h1SMnG0015920	-
h1SMnG0015921	-
h1SMnG0015922	-
h1SMnG0015923	-
h1SMnG0015924	-
h1SMnG0015925	-
h1SMnG0015926	-
h1SMnG0015927	-
h1SMnG0015928	-
h1SMnG0015929	-
h1SMnG0015930	-
h1SMnG0015931	-
h1SMnG0015932	-
h1SMnG0015933	-
h1SMnG0015934	-
h1SMnG0015935	-
h1SMnG0015936	-
h1SMnG0015937	-
h1SMnG0015938	-
h1SMnG0015939	-
h1SMnG0015940	-
h1SMnG0015941	-
h1SMnG0015942	-
h1SMnG0015943	-
h1SMnG0015944	-
h1SMnG0015945	-
h1SMnG0015946	-
h1SMnG0015947	-
h1SMnG0015948	-
h1SMnG0015949	-
h1SMnG0015950	-
h1SMnG0015951	-
h1SMnG0015952	-
h1SMnG0015953	-
h1SMnG0015954	-
h1SMnG0015955	-
h1SMnG0015956	-
h1SMnG0015957	-
h1SMnG0015958	-
h1SMnG0015959	-
h1SMnG0015960	-
h1SMnG0015961	-
h1SMnG0015962	-
h1SMnG0015963	-
h1SMnG0015964	-
h1SMnG0015965	-
h1SMnG0015966	-
h1SMnG0015967	-
h1SMnG0015968	T
h1SMnG0015969	-
h1SMnG0015970	-
h1SMnG0015971	-
h1SMnG0015972	S
h1SMnG0015973	-
h1SMnG0015974	-
h1SMnG0015975	-
h1SMnG0015976	-
h1SMnG0015977	-
h1SMnG0015978	-
h1SMnG0015979	-
h1SMnG0015980	-
h1SMnG0015981	-
h1SMnG0015982	-
h1SMnG0015983	-
h1SMnG0015984	-
h1SMnG0015985	-
h1SMnG0015986	-
h1SMnG0015987	-
h1SMnG0015988	-
h1SMnG0015989	-
h1SMnG0015990	-
h1SMnG0015991	-
h1SMnG0015992	-
h1SMnG0015993	-
h1SMnG0015994	-
h1SMnG0015995	-
h1SMnG0015996	-
h1SMnG0015997	-
h1SMnG0015998	-
h1SMnG0015999	-
h1SMnG0016000	-
h1SMnG0016001	-
h1SMnG0016002	-
h1SMnG0016003	-
h1SMnG0016004	-
h1SMnG0016005	-
h1SMnG0016006	-
h1SMnG0016007	-
h1SMnG0016008	-
h1SMnG0016009	-
h1SMnG0016010	-
h1SMnG0016011	-
h1SMnG0016012	-
h1SMnG0016013	-
h1SMnG0016014	-
h1SMnG0016015	-
h1SMnG0016016	-
h1SMnG0016017	-
h1SMnG0016018	-
h1SMnG0016019	-
h1SMnG0016020	-
h1SMnG0016021	-
h1SMnG0016022	-
h1SMnG0016023	-
h1SMnG0016024	-
h1SMnG0016025	-
h1SMnG0016026	-
h1SMnG0016027	-
h1SMnG0016028	-
h1SMnG0016029	-
h1SMnG0016030	S
h1SMnG0016031	-
h1SMnG0016032	-
h1SMnG0016033	-
h1SMnG0016034	-
h1SMnG0016035	-
h1SMnG0016036	-
h1SMnG0016037	-
h1SMnG0016038	-
h1SMnG0016039	-
h1SMnG0016040	-
h1SMnG0016041	-
h1SMnG0016042	-
h1SMnG0016043	-
h1SMnG0016044	-
h1SMnG0016045	-
h1SMnG0016046	-
h1SMnG0016047	-
h1SMnG0016048	-
h1SMnG0016049	-
h1SMnG0016050	-
h1SMnG0016051	-
h1SMnG0016052	-
h1SMnG0016053	-
h1SMnG0016054	-
h1SMnG0016055	-
h1SMnG0016056	-
h1SMnG0016057	-
h1SMnG0016058	-
h1SMnG0016059	-
h1SMnG0016060	-
h1SMnG0016061	-
h1SMnG0016062	-
h1SMnG0016063	-
h1SMnG0016064	-
h1SMnG0016065	-
h1SMnG0016066	-
h1SMnG0016067	-
h1SMnG0016068	-
h1SMnG0016069	-
h1SMnG0016070	-
h1SMnG0016071	T
h1SMnG0016072	-
h1SMnG0016073	-
h1SMnG0016074	-
h1SMnG0016075	-
h1SMnG0016076	-
h1SMnG0016077	-
h1SMnG0016078	S
h1SMnG0016079	-
h1SMnG0016080	-
h1SMnG0016081	-
h1SMnG0016082	-
h1SMnG0016083	-
h1SMnG0016084	-
h1SMnG0016085	-
h1SMnG0016086	-
h1SMnG0016087	-
h1SMnG0016088	-
h1SMnG0016089	-
h1SMnG0016090	-
h1SMnG0016091	-
h1SMnG0016092	-
h1SMnG0016093	-
h1SMnG0016094	-
h1SMnG0016095	-
h1SMnG0016096	-
h1SMnG0016097	-
h1SMnG0016098	-
h1SMnG0016099	-
h1SMnG0016100	-
h1SMnG0016101	-
h1SMnG0016102	-
h1SMnG0016103	-
h1SMnG0016104	-
h1SMnG0016105	-
h1SMnG0016106	-
h1SMnG0016107	-
h1SMnG0016108	-
h1SMnG0016109	-
h1SMnG0016110	-
h1SMnG0016111	-
h1SMnG0016112	-
h1SMnG0016113	-
h1SMnG0016114	-
h1SMnG0016115	A
h1SMnG0016116	A
h1SMnG0016117	-
h1SMnG0016118	-
h1SMnG0016119	Z
h1SMnG0016120	-
h1SMnG0016121	-
h1SMnG0016122	-
h1SMnG0016123	-
h1SMnG0016124	-
h1SMnG0016125	-
h1SMnG0016126	-
h1SMnG0016127	-
h1SMnG0016128	-
h1SMnG0016129	-
h1SMnG0016130	-
h1SMnG0016131	-
h1SMnG0016132	-
h1SMnG0016133	-
h1SMnG0016134	-
h1SMnG0016135	-
h1SMnG0016136	-
h1SMnG0016137	-
h1SMnG0016138	-
h1SMnG0016139	-
h1SMnG0016140	-
h1SMnG0016141	-
h1SMnG0016142	-
h1SMnG0016143	-
h1SMnG0016144	-
h1SMnG0016145	-
h1SMnG0016146	-
h1SMnG0016147	-
h1SMnG0016148	-
h1SMnG0016149	Z
h1SMnG0016150	-
h1SMnG0016151	-
h1SMnG0016152	-
h1SMnG0016153	-
h1SMnG0016154	-
h1SMnG0016155	-
h1SMnG0016156	-
h1SMnG0016157	-
h1SMnG0016158	-
h1SMnG0016159	-
h1SMnG0016160	-
h1SMnG0016161	-
h1SMnG0016162	-
h1SMnG0016163	-
h1SMnG0016164	-
h1SMnG0016165	-
h1SMnG0016166	-
h1SMnG0016167	-
h1SMnG0016168	-
h1SMnG0016169	-
h1SMnG0016170	-
h1SMnG0016171	-
h1SMnG0016172	-
h1SMnG0016173	-
h1SMnG0016174	-
h1SMnG0016175	-
h1SMnG0016176	-
h1SMnG0016177	-
h1SMnG0016178	-
h1SMnG0016179	-
h1SMnG0016180	I
h1SMnG0016181	-
h1SMnG0016182	-
h1SMnG0016183	-
h1SMnG0016184	-
h1SMnG0016185	-
h1SMnG0016186	-
h1SMnG0016187	-
h1SMnG0016188	-
h1SMnG0016189	-
h1SMnG0016190	-
h1SMnG0016191	-
h1SMnG0016192	-
h1SMnG0016193	-
h1SMnG0016194	-
h1SMnG0016195	BK
h1SMnG0016196	-
h1SMnG0016197	-
h1SMnG0016198	-
h1SMnG0016199	-
h1SMnG0016200	-
h1SMnG0016201	-
h1SMnG0016202	-
h1SMnG0016203	-
h1SMnG0016204	-
h1SMnG0016205	-
h1SMnG0016206	-
h1SMnG0016207	-
h1SMnG0016208	-
h1SMnG0016209	-
h1SMnG0016210	-
h1SMnG0016211	-
h1SMnG0016212	-
h1SMnG0016213	O
h1SMnG0016214	-
h1SMnG0016215	-
h1SMnG0016216	-
h1SMnG0016217	-
h1SMnG0016218	DO
h1SMnG0016219	-
h1SMnG0016220	-
h1SMnG0016221	-
h1SMnG0016222	-
h1SMnG0016223	-
h1SMnG0016224	-
h1SMnG0016225	-
h1SMnG0016226	-
h1SMnG0016227	-
h1SMnG0016228	-
h1SMnG0016229	-
h1SMnG0016230	-
h1SMnG0016231	-
h1SMnG0016232	-
h1SMnG0016233	-
h1SMnG0016234	-
h1SMnG0016235	-
h1SMnG0016236	-
h1SMnG0016237	-
h1SMnG0016238	-
h1SMnG0016239	-
h1SMnG0016240	-
h1SMnG0016241	-
h1SMnG0016242	-
h1SMnG0016243	-
h1SMnG0016244	-
h1SMnG0016245	-
h1SMnG0016246	-
h1SMnG0016247	-
h1SMnG0016248	-
h1SMnG0016249	-
h1SMnG0016250	-
h1SMnG0016251	-
h1SMnG0016252	-
h1SMnG0016253	-
h1SMnG0016254	-
h1SMnG0016255	-
h1SMnG0016256	-
h1SMnG0016257	-
h1SMnG0016258	-
h1SMnG0016259	-
h1SMnG0016260	-
h1SMnG0016261	-
h1SMnG0016262	-
h1SMnG0016263	-
h1SMnG0016264	-
h1SMnG0016265	-
h1SMnG0016266	-
h1SMnG0016267	-
h1SMnG0016268	-
h1SMnG0016269	-
h1SMnG0016270	-
h1SMnG0016271	-
h1SMnG0016272	-
h1SMnG0016273	-
h1SMnG0016274	-
h1SMnG0016275	-
h1SMnG0016276	-
h1SMnG0016277	-
h1SMnG0016278	-
h1SMnG0016279	-
h1SMnG0016280	-
h1SMnG0016281	-
h1SMnG0016282	-
h1SMnG0016283	-
h1SMnG0016284	-
h1SMnG0016285	-
h1SMnG0016286	-
h1SMnG0016287	C
h1SMnG0016288	-
h1SMnG0016289	-
h1SMnG0016290	-
h1SMnG0016291	-
h1SMnG0016292	-
h1SMnG0016293	-
h1SMnG0016294	-
h1SMnG0016295	-
h1SMnG0016296	-
h1SMnG0016297	-
h1SMnG0016298	-
h1SMnG0016299	-
h1SMnG0016300	-
h1SMnG0016301	-
h1SMnG0016302	-
h1SMnG0016303	-
h1SMnG0016304	-
h1SMnG0016305	-
h1SMnG0016306	-
h1SMnG0016307	-
h1SMnG0016308	-
h1SMnG0016309	-
h1SMnG0016310	-
h1SMnG0016311	J
h1SMnG0016312	-
h1SMnG0016313	-
h1SMnG0016314	-
h1SMnG0016315	-
h1SMnG0016316	-
h1SMnG0016317	-
h1SMnG0016318	-
h1SMnG0016319	-
h1SMnG0016320	-
h1SMnG0016321	-
h1SMnG0016322	-
h1SMnG0016323	-
h1SMnG0016324	-
h1SMnG0016325	-
h1SMnG0016326	-
h1SMnG0016327	-
h1SMnG0016328	-
h1SMnG0016329	-
h1SMnG0016330	-
h1SMnG0016331	-
h1SMnG0016332	-
h1SMnG0016333	-
h1SMnG0016334	-
h1SMnG0016335	-
h1SMnG0016336	-
h1SMnG0016337	-
h1SMnG0016338	-
h1SMnG0016339	I
h1SMnG0016340	-
h1SMnG0016341	-
h1SMnG0016342	-
h1SMnG0016343	-
h1SMnG0016344	-
h1SMnG0016345	-
h1SMnG0016346	-
h1SMnG0016347	-
h1SMnG0016348	-
h1SMnG0016349	-
h1SMnG0016350	-
h1SMnG0016351	-
h1SMnG0016352	-
h1SMnG0016353	-
h1SMnG0016354	-
h1SMnG0016355	-
h1SMnG0016356	-
h1SMnG0016357	-
h1SMnG0016358	-
h1SMnG0016359	-
h1SMnG0016360	-
h1SMnG0016361	-
h1SMnG0016362	-
h1SMnG0016363	-
h1SMnG0016364	-
h1SMnG0016365	-
h1SMnG0016366	-
h1SMnG0016367	-
h1SMnG0016368	-
h1SMnG0016369	-
h1SMnG0016370	-
h1SMnG0016371	-
h1SMnG0016372	-
h1SMnG0016373	-
h1SMnG0016374	-
h1SMnG0016375	-
h1SMnG0016376	-
h1SMnG0016377	-
h1SMnG0016378	-
h1SMnG0016379	-
h1SMnG0016380	-
h1SMnG0016381	-
h1SMnG0016382	-
h1SMnG0016383	-
h1SMnG0016384	-
h1SMnG0016385	-
h1SMnG0016386	-
h1SMnG0016387	-
h1SMnG0016388	-
h1SMnG0016389	-
h1SMnG0016390	-
h1SMnG0016391	-
h1SMnG0016392	-
h1SMnG0016393	-
h1SMnG0016394	-
h1SMnG0016395	-
h1SMnG0016396	-
h1SMnG0016397	V
h1SMnG0016398	-
h1SMnG0016399	-
h1SMnG0016400	-
h1SMnG0016401	-
h1SMnG0016402	-
h1SMnG0016403	-
h1SMnG0016404	-
h1SMnG0016405	-
h1SMnG0016406	-
h1SMnG0016407	-
h1SMnG0016408	-
h1SMnG0016409	-
h1SMnG0016410	-
h1SMnG0016411	-
h1SMnG0016412	-
h1SMnG0016413	-
h1SMnG0016414	-
h1SMnG0016415	-
h1SMnG0016416	-
h1SMnG0016417	-
h1SMnG0016418	-
h1SMnG0016419	-
h1SMnG0016420	-
h1SMnG0016421	-
h1SMnG0016422	-
h1SMnG0016423	-
h1SMnG0016424	-
h1SMnG0016425	-
h1SMnG0016426	-
h1SMnG0016427	-
h1SMnG0016428	-
h1SMnG0016429	-
h1SMnG0016430	-
h1SMnG0016431	-
h1SMnG0016432	-
h1SMnG0016433	-
h1SMnG0016434	-
h1SMnG0016435	-
h1SMnG0016436	-
h1SMnG0016437	-
h1SMnG0016438	-
h1SMnG0016439	-
h1SMnG0016440	-
h1SMnG0016441	-
h1SMnG0016442	-
h1SMnG0016443	-
h1SMnG0016444	-
h1SMnG0016445	-
h1SMnG0016446	-
h1SMnG0016447	-
h1SMnG0016448	-
h1SMnG0016449	-
h1SMnG0016450	-
h1SMnG0016451	-
h1SMnG0016452	-
h1SMnG0016453	-
h1SMnG0016454	-
h1SMnG0016455	-
h1SMnG0016456	-
h1SMnG0016457	-
h1SMnG0016458	-
h1SMnG0016459	-
h1SMnG0016460	-
h1SMnG0016461	-
h1SMnG0016462	-
h1SMnG0016463	-
h1SMnG0016464	-
h1SMnG0016465	-
h1SMnG0016466	-
h1SMnG0016467	-
h1SMnG0016468	-
h1SMnG0016469	-
h1SMnG0016470	-
h1SMnG0016471	-
h1SMnG0016472	-
h1SMnG0016473	-
h1SMnG0016474	-
h1SMnG0016475	-
h1SMnG0016476	-
h1SMnG0016477	-
h1SMnG0016478	-
h1SMnG0016479	-
h1SMnG0016480	-
h1SMnG0016481	-
h1SMnG0016482	-
h1SMnG0016483	-
h1SMnG0016484	-
h1SMnG0016485	-
h1SMnG0016486	-
h1SMnG0016487	-
h1SMnG0016488	-
h1SMnG0016489	-
h1SMnG0016490	-
h1SMnG0016491	-
h1SMnG0016492	-
h1SMnG0016493	-
h1SMnG0016494	-
h1SMnG0016495	-
h1SMnG0016496	-
h1SMnG0016497	-
h1SMnG0016498	-
h1SMnG0016499	-
h1SMnG0016500	-
h1SMnG0016501	U
h1SMnG0016502	-
h1SMnG0016503	-
h1SMnG0016504	-
h1SMnG0016505	-
h1SMnG0016506	-
h1SMnG0016507	-
h1SMnG0016508	-
h1SMnG0016509	-
h1SMnG0016510	-
h1SMnG0016511	-
h1SMnG0016512	-
h1SMnG0016513	-
h1SMnG0016514	-
h1SMnG0016515	-
h1SMnG0016516	-
h1SMnG0016517	-
h1SMnG0016518	-
h1SMnG0016519	-
h1SMnG0016520	-
h1SMnG0016521	-
h1SMnG0016522	-
h1SMnG0016523	-
h1SMnG0016524	-
h1SMnG0016525	-
h1SMnG0016526	-
h1SMnG0016527	-
h1SMnG0016528	BD
h1SMnG0016529	-
h1SMnG0016530	-
h1SMnG0016531	-
h1SMnG0016532	-
h1SMnG0016533	-
h1SMnG0016534	J
h1SMnG0016535	-
h1SMnG0016536	-
h1SMnG0016537	-
h1SMnG0016538	-
h1SMnG0016539	-
h1SMnG0016540	-
h1SMnG0016541	-
h1SMnG0016542	-
h1SMnG0016543	-
h1SMnG0016544	-
h1SMnG0016545	-
h1SMnG0016546	-
h1SMnG0016547	-
h1SMnG0016548	-
h1SMnG0016549	-
h1SMnG0016550	-
h1SMnG0016551	-
h1SMnG0016552	-
h1SMnG0016553	-
h1SMnG0016554	-
h1SMnG0016555	-
h1SMnG0016556	U
h1SMnG0016557	O
h1SMnG0016558	-
h1SMnG0016559	-
h1SMnG0016560	-
h1SMnG0016561	-
h1SMnG0016562	-
h1SMnG0016563	-
h1SMnG0016564	-
h1SMnG0016565	-
h1SMnG0016566	-
h1SMnG0016567	-
h1SMnG0016568	-
h1SMnG0016569	-
h1SMnG0016570	-
h1SMnG0016571	-
h1SMnG0016572	-
h1SMnG0016573	-
h1SMnG0016574	-
h1SMnG0016575	-
h1SMnG0016576	-
h1SMnG0016577	-
h1SMnG0016578	-
h1SMnG0016579	-
h1SMnG0016580	-
h1SMnG0016581	-
h1SMnG0016582	-
h1SMnG0016583	-
h1SMnG0016584	-
h1SMnG0016585	-
h1SMnG0016586	A
h1SMnG0016587	-
h1SMnG0016588	-
h1SMnG0016589	-
h1SMnG0016590	-
h1SMnG0016591	-
h1SMnG0016592	-
h1SMnG0016593	-
h1SMnG0016594	-
h1SMnG0016595	-
h1SMnG0016596	-
h1SMnG0016597	-
h1SMnG0016598	-
h1SMnG0016599	-
h1SMnG0016600	-
h1SMnG0016601	-
h1SMnG0016602	-
h1SMnG0016603	-
h1SMnG0016604	-
h1SMnG0016605	-
h1SMnG0016606	-
h1SMnG0016607	-
h1SMnG0016608	-
h1SMnG0016609	S
h1SMnG0016610	-
h1SMnG0016611	-
h1SMnG0016612	-
h1SMnG0016613	-
h1SMnG0016614	-
h1SMnG0016615	-
h1SMnG0016616	O
h1SMnG0016617	-
h1SMnG0016618	-
h1SMnG0016619	-
h1SMnG0016620	-
h1SMnG0016621	-
h1SMnG0016622	-
h1SMnG0016623	-
h1SMnG0016624	-
h1SMnG0016625	-
h1SMnG0016626	-
h1SMnG0016627	-
h1SMnG0016628	-
h1SMnG0016629	-
h1SMnG0016630	-
h1SMnG0016631	-
h1SMnG0016632	-
h1SMnG0016633	-
h1SMnG0016634	-
h1SMnG0016635	-
h1SMnG0016636	-
h1SMnG0016637	-
h1SMnG0016638	-
h1SMnG0016639	-
h1SMnG0016640	-
h1SMnG0016641	-
h1SMnG0016642	-
h1SMnG0016643	-
h1SMnG0016644	-
h1SMnG0016645	-
h1SMnG0016646	-
h1SMnG0016647	-
h1SMnG0016648	-
h1SMnG0016649	-
h1SMnG0016650	-
h1SMnG0016651	-
h1SMnG0016652	-
h1SMnG0016653	-
h1SMnG0016654	-
h1SMnG0016655	-
h1SMnG0016656	-
h1SMnG0016657	-
h1SMnG0016658	M
h1SMnG0016659	-
h1SMnG0016660	-
h1SMnG0016661	-
h1SMnG0016662	-
h1SMnG0016663	-
h1SMnG0016664	-
h1SMnG0016665	-
h1SMnG0016666	-
h1SMnG0016667	-
h1SMnG0016668	-
h1SMnG0016669	-
h1SMnG0016670	-
h1SMnG0016671	-
h1SMnG0016672	-
h1SMnG0016673	-
h1SMnG0016674	-
h1SMnG0016675	-
h1SMnG0016676	-
h1SMnG0016677	-
h1SMnG0016678	-
h1SMnG0016679	-
h1SMnG0016680	-
h1SMnG0016681	-
h1SMnG0016682	-
h1SMnG0016683	-
h1SMnG0016684	-
h1SMnG0016685	-
h1SMnG0016686	-
h1SMnG0016687	-
h1SMnG0016688	-
h1SMnG0016689	-
h1SMnG0016690	-
h1SMnG0016691	-
h1SMnG0016692	-
h1SMnG0016693	-
h1SMnG0016694	-
h1SMnG0016695	-
h1SMnG0016696	-
h1SMnG0016697	L
h1SMnG0016698	-
h1SMnG0016699	-
h1SMnG0016700	P
h1SMnG0016701	-
h1SMnG0016702	-
h1SMnG0016703	-
h1SMnG0016704	-
h1SMnG0016705	-
h1SMnG0016706	-
h1SMnG0016707	-
h1SMnG0016708	-
h1SMnG0016709	-
h1SMnG0016710	-
h1SMnG0016711	-
h1SMnG0016712	-
h1SMnG0016713	-
h1SMnG0016714	-
h1SMnG0016715	-
h1SMnG0016716	-
h1SMnG0016717	-
h1SMnG0016718	-
h1SMnG0016719	-
h1SMnG0016720	-
h1SMnG0016721	-
h1SMnG0016722	-
h1SMnG0016723	-
h1SMnG0016724	-
h1SMnG0016725	-
h1SMnG0016726	-
h1SMnG0016727	-
h1SMnG0016728	-
h1SMnG0016729	-
h1SMnG0016730	-
h1SMnG0016731	-
h1SMnG0016732	-
h1SMnG0016733	-
h1SMnG0016734	-
h1SMnG0016735	S
h1SMnG0016736	-
h1SMnG0016737	-
h1SMnG0016738	-
h1SMnG0016739	-
h1SMnG0016740	-
h1SMnG0016741	-
h1SMnG0016742	-
h1SMnG0016743	-
h1SMnG0016744	-
h1SMnG0016745	-
h1SMnG0016746	-
h1SMnG0016747	-
h1SMnG0016748	-
h1SMnG0016749	-
h1SMnG0016750	-
h1SMnG0016751	-
h1SMnG0016752	-
h1SMnG0016753	-
h1SMnG0016754	-
h1SMnG0016755	-
h1SMnG0016756	-
h1SMnG0016757	-
h1SMnG0016758	-
h1SMnG0016759	-
h1SMnG0016760	-
h1SMnG0016761	-
h1SMnG0016762	-
h1SMnG0016763	-
h1SMnG0016764	-
h1SMnG0016765	-
h1SMnG0016766	-
h1SMnG0016767	-
h1SMnG0016768	-
h1SMnG0016769	-
h1SMnG0016770	-
h1SMnG0016771	-
h1SMnG0016772	-
h1SMnG0016773	-
h1SMnG0016774	-
h1SMnG0016775	-
h1SMnG0016776	-
h1SMnG0016777	-
h1SMnG0016778	-
h1SMnG0016779	-
h1SMnG0016780	-
h1SMnG0016781	-
h1SMnG0016782	-
h1SMnG0016783	-
h1SMnG0016784	-
h1SMnG0016785	-
h1SMnG0016786	-
h1SMnG0016787	-
h1SMnG0016788	-
h1SMnG0016789	-
h1SMnG0016790	-
h1SMnG0016791	-
h1SMnG0016792	-
h1SMnG0016793	-
h1SMnG0016794	Z
h1SMnG0016795	-
h1SMnG0016796	-
h1SMnG0016797	-
h1SMnG0016798	-
h1SMnG0016799	-
h1SMnG0016800	-
h1SMnG0016801	-
h1SMnG0016802	-
h1SMnG0016803	-
h1SMnG0016804	-
h1SMnG0016805	-
h1SMnG0016806	-
h1SMnG0016807	-
h1SMnG0016808	-
h1SMnG0016809	-
h1SMnG0016810	-
h1SMnG0016811	-
h1SMnG0016812	-
h1SMnG0016813	-
h1SMnG0016814	-
h1SMnG0016815	-
h1SMnG0016816	-
h1SMnG0016817	-
h1SMnG0016818	-
h1SMnG0016819	-
h1SMnG0016820	-
h1SMnG0016821	-
h1SMnG0016822	-
h1SMnG0016823	-
h1SMnG0016824	-
h1SMnG0016825	-
h1SMnG0016826	-
h1SMnG0016827	-
h1SMnG0016828	-
h1SMnG0016829	-
h1SMnG0016830	-
h1SMnG0016831	-
h1SMnG0016832	-
h1SMnG0016833	-
h1SMnG0016834	-
h1SMnG0016835	-
h1SMnG0016836	-
h1SMnG0016837	-
h1SMnG0016838	-
h1SMnG0016839	-
h1SMnG0016840	-
h1SMnG0016841	-
h1SMnG0016842	-
h1SMnG0016843	-
h1SMnG0016844	-
h1SMnG0016845	-
h1SMnG0016846	-
h1SMnG0016847	-
h1SMnG0016848	-
h1SMnG0016849	-
h1SMnG0016850	-
h1SMnG0016851	Q
h1SMnG0016852	-
h1SMnG0016853	-
h1SMnG0016854	-
h1SMnG0016855	-
h1SMnG0016856	-
h1SMnG0016857	-
h1SMnG0016858	-
h1SMnG0016859	-
h1SMnG0016860	-
h1SMnG0016861	-
h1SMnG0016862	-
h1SMnG0016863	-
h1SMnG0016864	-
h1SMnG0016865	-
h1SMnG0016866	-
h1SMnG0016867	-
h1SMnG0016868	-
h1SMnG0016869	-
h1SMnG0016870	-
h1SMnG0016871	-
h1SMnG0016872	-
h1SMnG0016873	-
h1SMnG0016874	-
h1SMnG0016875	-
h1SMnG0016876	-
h1SMnG0016877	-
h1SMnG0016878	-
h1SMnG0016879	-
h1SMnG0016880	-
h1SMnG0016881	-
h1SMnG0016882	-
h1SMnG0016883	-
h1SMnG0016884	-
h1SMnG0016885	-
h1SMnG0016886	-
h1SMnG0016887	-
h1SMnG0016888	-
h1SMnG0016889	-
h1SMnG0016890	-
h1SMnG0016891	-
h1SMnG0016892	-
h1SMnG0016893	-
h1SMnG0016894	U
h1SMnG0016895	-
h1SMnG0016896	-
h1SMnG0016897	-
h1SMnG0016898	-
h1SMnG0016899	-
h1SMnG0016900	-
h1SMnG0016901	-
h1SMnG0016902	-
h1SMnG0016903	-
h1SMnG0016904	-
h1SMnG0016905	-
h1SMnG0016906	-
h1SMnG0016907	-
h1SMnG0016908	-
h1SMnG0016909	-
h1SMnG0016910	-
h1SMnG0016911	-
h1SMnG0016912	-
h1SMnG0016913	-
h1SMnG0016914	-
h1SMnG0016915	-
h1SMnG0016916	-
h1SMnG0016917	-
h1SMnG0016918	-
h1SMnG0016919	-
h1SMnG0016920	-
h1SMnG0016921	-
h1SMnG0016922	-
h1SMnG0016923	-
h1SMnG0016924	-
h1SMnG0016925	-
h1SMnG0016926	-
h1SMnG0016927	-
h1SMnG0016928	-
h1SMnG0016929	-
h1SMnG0016930	-
h1SMnG0016931	-
h1SMnG0016932	-
h1SMnG0016933	-
h1SMnG0016934	T
h1SMnG0016935	-
h1SMnG0016936	-
h1SMnG0016937	-
h1SMnG0016938	-
h1SMnG0016939	-
h1SMnG0016940	-
h1SMnG0016941	-
h1SMnG0016942	-
h1SMnG0016943	-
h1SMnG0016944	-
h1SMnG0016945	-
h1SMnG0016946	-
h1SMnG0016947	-
h1SMnG0016948	-
h1SMnG0016949	-
h1SMnG0016950	-
h1SMnG0016951	-
h1SMnG0016952	-
h1SMnG0016953	-
h1SMnG0016954	-
h1SMnG0016955	-
h1SMnG0016956	-
h1SMnG0016957	-
h1SMnG0016958	-
h1SMnG0016959	-
h1SMnG0016960	-
h1SMnG0016961	-
h1SMnG0016962	-
h1SMnG0016963	-
h1SMnG0016964	-
h1SMnG0016965	-
h1SMnG0016966	-
h1SMnG0016967	-
h1SMnG0016968	-
h1SMnG0016969	-
h1SMnG0016970	-
h1SMnG0016971	-
h1SMnG0016972	-
h1SMnG0016973	-
h1SMnG0016974	-
h1SMnG0016975	-
h1SMnG0016976	-
h1SMnG0016977	-
h1SMnG0016978	-
h1SMnG0016979	-
h1SMnG0016980	-
h1SMnG0016981	-
h1SMnG0016982	-
h1SMnG0016983	-
h1SMnG0016984	-
h1SMnG0016985	-
h1SMnG0016986	-
h1SMnG0016987	-
h1SMnG0016988	-
h1SMnG0016989	-
h1SMnG0016990	-
h1SMnG0016991	-
h1SMnG0016992	-
h1SMnG0016993	-
h1SMnG0016994	-
h1SMnG0016995	-
h1SMnG0016996	-
h1SMnG0016997	-
h1SMnG0016998	-
h1SMnG0016999	-
h1SMnG0017000	-
h1SMnG0017001	-
h1SMnG0017002	-
h1SMnG0017003	Z
h1SMnG0017004	-
h1SMnG0017005	-
h1SMnG0017006	-
h1SMnG0017007	-
h1SMnG0017008	-
h1SMnG0017009	-
h1SMnG0017010	-
h1SMnG0017011	-
h1SMnG0017012	-
h1SMnG0017013	-
h1SMnG0017014	-
h1SMnG0017015	-
h1SMnG0017016	-
h1SMnG0017017	-
h1SMnG0017018	-
h1SMnG0017019	-
h1SMnG0017020	-
h1SMnG0017021	-
h1SMnG0017022	-
h1SMnG0017023	-
h1SMnG0017024	-
h1SMnG0017025	-
h1SMnG0017026	-
h1SMnG0017027	-
h1SMnG0017028	-
h1SMnG0017029	-
h1SMnG0017030	-
h1SMnG0017031	-
h1SMnG0017032	-
h1SMnG0017033	-
h1SMnG0017034	-
h1SMnG0017035	-
h1SMnG0017036	-
h1SMnG0017037	-
h1SMnG0017038	-
h1SMnG0017039	-
h1SMnG0017040	-
h1SMnG0017041	-
h1SMnG0017042	-
h1SMnG0017043	-
h1SMnG0017044	J
h1SMnG0017045	-
h1SMnG0017046	-
h1SMnG0017047	-
h1SMnG0017048	-
h1SMnG0017049	-
h1SMnG0017050	-
h1SMnG0017051	-
h1SMnG0017052	-
h1SMnG0017053	-
h1SMnG0017054	-
h1SMnG0017055	-
h1SMnG0017056	-
h1SMnG0017057	-
h1SMnG0017058	-
h1SMnG0017059	-
h1SMnG0017060	-
h1SMnG0017061	-
h1SMnG0017062	-
h1SMnG0017063	-
h1SMnG0017064	-
h1SMnG0017065	-
h1SMnG0017066	-
h1SMnG0017067	-
h1SMnG0017068	-
h1SMnG0017069	-
h1SMnG0017070	-
h1SMnG0017071	-
h1SMnG0017072	-
h1SMnG0017073	-
h1SMnG0017074	-
h1SMnG0017075	-
h1SMnG0017076	-
h1SMnG0017077	-
h1SMnG0017078	-
h1SMnG0017079	DO
h1SMnG0017080	-
h1SMnG0017081	-
h1SMnG0017082	-
h1SMnG0017083	-
h1SMnG0017084	-
h1SMnG0017085	-
h1SMnG0017086	-
h1SMnG0017087	-
h1SMnG0017088	-
h1SMnG0017089	-
h1SMnG0017090	-
h1SMnG0017091	-
h1SMnG0017092	-
h1SMnG0017093	-
h1SMnG0017094	-
h1SMnG0017095	-
h1SMnG0017096	-
h1SMnG0017097	-
h1SMnG0017098	-
h1SMnG0017099	-
h1SMnG0017100	-
h1SMnG0017101	-
h1SMnG0017102	-
h1SMnG0017103	-
h1SMnG0017104	-
h1SMnG0017105	-
h1SMnG0017106	-
h1SMnG0017107	-
h1SMnG0017108	-
h1SMnG0017109	-
h1SMnG0017110	-
h1SMnG0017111	S
h1SMnG0017112	-
h1SMnG0017113	-
h1SMnG0017114	-
h1SMnG0017115	-
h1SMnG0017116	-
h1SMnG0017117	-
h1SMnG0017118	-
h1SMnG0017119	-
h1SMnG0017120	-
h1SMnG0017121	-
h1SMnG0017122	-
h1SMnG0017123	-
h1SMnG0017124	-
h1SMnG0017125	-
h1SMnG0017126	S
h1SMnG0017127	-
h1SMnG0017128	-
h1SMnG0017129	-
h1SMnG0017130	-
h1SMnG0017131	-
h1SMnG0017132	-
h1SMnG0017133	-
h1SMnG0017134	-
h1SMnG0017135	-
h1SMnG0017136	-
h1SMnG0017137	-
h1SMnG0017138	-
h1SMnG0017139	-
h1SMnG0017140	-
h1SMnG0017141	-
h1SMnG0017142	-
h1SMnG0017143	-
h1SMnG0017144	-
h1SMnG0017145	-
h1SMnG0017146	-
h1SMnG0017147	-
h1SMnG0017148	-
h1SMnG0017149	-
h1SMnG0017150	-
h1SMnG0017151	-
h1SMnG0017152	-
h1SMnG0017153	-
h1SMnG0017154	-
h1SMnG0017155	-
h1SMnG0017156	-
h1SMnG0017157	-
h1SMnG0017158	-
h1SMnG0017159	-
h1SMnG0017160	-
h1SMnG0017161	-
h1SMnG0017162	-
h1SMnG0017163	-
h1SMnG0017164	-
h1SMnG0017165	-
h1SMnG0017166	-
h1SMnG0017167	-
h1SMnG0017168	-
h1SMnG0017169	-
h1SMnG0017170	-
h1SMnG0017171	-
h1SMnG0017172	-
h1SMnG0017173	-
h1SMnG0017174	-
h1SMnG0017175	-
h1SMnG0017176	-
h1SMnG0017177	-
h1SMnG0017178	-
h1SMnG0017179	-
h1SMnG0017180	-
h1SMnG0017181	-
h1SMnG0017182	-
h1SMnG0017183	-
h1SMnG0017184	-
h1SMnG0017185	-
h1SMnG0017186	-
h1SMnG0017187	-
h1SMnG0017188	-
h1SMnG0017189	-
h1SMnG0017190	-
h1SMnG0017191	-
h1SMnG0017192	-
h1SMnG0017193	-
h1SMnG0017194	-
h1SMnG0017195	-
h1SMnG0017196	-
h1SMnG0017197	-
h1SMnG0017198	-
h1SMnG0017199	-
h1SMnG0017200	BL
h1SMnG0017201	-
h1SMnG0017202	-
h1SMnG0017203	-
h1SMnG0017204	-
h1SMnG0017205	-
h1SMnG0017206	-
h1SMnG0017207	-
h1SMnG0017208	-
h1SMnG0017209	-
h1SMnG0017210	O
h1SMnG0017211	Z
h1SMnG0017212	-
h1SMnG0017213	-
h1SMnG0017214	-
h1SMnG0017215	-
h1SMnG0017216	-
h1SMnG0017217	-
h1SMnG0017218	-
h1SMnG0017219	-
h1SMnG0017220	-
h1SMnG0017221	-
h1SMnG0017222	-
h1SMnG0017223	-
h1SMnG0017224	-
h1SMnG0017225	-
h1SMnG0017226	-
h1SMnG0017227	-
h1SMnG0017228	-
h1SMnG0017229	-
h1SMnG0017230	-
h1SMnG0017231	-
h1SMnG0017232	-
h1SMnG0017233	-
h1SMnG0017234	-
h1SMnG0017235	-
h1SMnG0017236	-
h1SMnG0017237	-
h1SMnG0017238	-
h1SMnG0017239	-
h1SMnG0017240	-
h1SMnG0017241	-
h1SMnG0017242	-
h1SMnG0017243	O
h1SMnG0017244	-
h1SMnG0017245	-
h1SMnG0017246	-
h1SMnG0017247	-
h1SMnG0017248	-
h1SMnG0017249	-
h1SMnG0017250	-
h1SMnG0017251	C
h1SMnG0017252	-
h1SMnG0017253	S
h1SMnG0017254	-
h1SMnG0017255	-
h1SMnG0017256	-
h1SMnG0017257	-
h1SMnG0017258	-
h1SMnG0017259	-
h1SMnG0017260	-
h1SMnG0017261	-
h1SMnG0017262	-
h1SMnG0017263	-
h1SMnG0017264	-
h1SMnG0017265	-
h1SMnG0017266	-
h1SMnG0017267	-
h1SMnG0017268	-
h1SMnG0017269	-
h1SMnG0017270	-
h1SMnG0017271	-
h1SMnG0017272	-
h1SMnG0017273	-
h1SMnG0017274	-
h1SMnG0017275	-
h1SMnG0017276	-
h1SMnG0017277	-
h1SMnG0017278	-
h1SMnG0017279	-
h1SMnG0017280	-
h1SMnG0017281	L
h1SMnG0017282	-
h1SMnG0017283	-
h1SMnG0017284	-
h1SMnG0017285	CE
h1SMnG0017286	-
h1SMnG0017287	-
h1SMnG0017288	-
h1SMnG0017289	-
h1SMnG0017290	-
h1SMnG0017291	-
h1SMnG0017292	-
h1SMnG0017293	-
h1SMnG0017294	-
h1SMnG0017295	-
h1SMnG0017296	-
h1SMnG0017297	-
h1SMnG0017298	-
h1SMnG0017299	-
h1SMnG0017300	-
h1SMnG0017301	-
h1SMnG0017302	-
h1SMnG0017303	-
h1SMnG0017304	-
h1SMnG0017305	-
h1SMnG0017306	-
h1SMnG0017307	-
h1SMnG0017308	-
h1SMnG0017309	-
h1SMnG0017310	-
h1SMnG0017311	-
h1SMnG0017312	-
h1SMnG0017313	-
h1SMnG0017314	-
h1SMnG0017315	-
h1SMnG0017316	-
h1SMnG0017317	-
h1SMnG0017318	-
h1SMnG0017319	-
h1SMnG0017320	-
h1SMnG0017321	-
h1SMnG0017322	-
h1SMnG0017323	-
h1SMnG0017324	-
h1SMnG0017325	-
h1SMnG0017326	-
h1SMnG0017327	-
h1SMnG0017328	-
h1SMnG0017329	-
h1SMnG0017330	-
h1SMnG0017331	-
h1SMnG0017332	-
h1SMnG0017333	-
h1SMnG0017334	-
h1SMnG0017335	-
h1SMnG0017336	-
h1SMnG0017337	S
h1SMnG0017338	J
h1SMnG0017339	-
h1SMnG0017340	-
h1SMnG0017341	-
h1SMnG0017342	-
h1SMnG0017343	-
h1SMnG0017344	-
h1SMnG0017345	-
h1SMnG0017346	-
h1SMnG0017347	-
h1SMnG0017348	-
h1SMnG0017349	-
h1SMnG0017350	-
h1SMnG0017351	-
h1SMnG0017352	-
h1SMnG0017353	-
h1SMnG0017354	-
h1SMnG0017355	-
h1SMnG0017356	-
h1SMnG0017357	-
h1SMnG0017358	-
h1SMnG0017359	C
h1SMnG0017360	-
h1SMnG0017361	-
h1SMnG0017362	-
h1SMnG0017363	-
h1SMnG0017364	-
h1SMnG0017365	-
h1SMnG0017366	-
h1SMnG0017367	-
h1SMnG0017368	-
h1SMnG0017369	-
h1SMnG0017370	-
h1SMnG0017371	-
h1SMnG0017372	-
h1SMnG0017373	-
h1SMnG0017374	-
h1SMnG0017375	-
h1SMnG0017376	-
h1SMnG0017377	-
h1SMnG0017378	-
h1SMnG0017379	-
h1SMnG0017380	-
h1SMnG0017381	G
h1SMnG0017382	-
h1SMnG0017383	-
h1SMnG0017384	-
h1SMnG0017385	-
h1SMnG0017386	-
h1SMnG0017387	L
h1SMnG0017388	-
h1SMnG0017389	-
h1SMnG0017390	-
h1SMnG0017391	-
h1SMnG0017392	-
h1SMnG0017393	-
h1SMnG0017394	-
h1SMnG0017395	-
h1SMnG0017396	-
h1SMnG0017397	-
h1SMnG0017398	-
h1SMnG0017399	-
h1SMnG0017400	-
h1SMnG0017401	-
h1SMnG0017402	-
h1SMnG0017403	-
h1SMnG0017404	-
h1SMnG0017405	-
h1SMnG0017406	-
h1SMnG0017407	-
h1SMnG0017408	-
h1SMnG0017409	-
h1SMnG0017410	-
h1SMnG0017411	-
h1SMnG0017412	-
h1SMnG0017413	-
h1SMnG0017414	-
h1SMnG0017415	-
h1SMnG0017416	-
h1SMnG0017417	-
h1SMnG0017418	-
h1SMnG0017419	-
h1SMnG0017420	-
h1SMnG0017421	-
h1SMnG0017422	-
h1SMnG0017423	-
h1SMnG0017424	-
h1SMnG0017425	-
h1SMnG0017426	-
h1SMnG0017427	-
h1SMnG0017428	-
h1SMnG0017429	-
h1SMnG0017430	-
h1SMnG0017431	-
h1SMnG0017432	-
h1SMnG0017433	-
h1SMnG0017434	-
h1SMnG0017435	-
h1SMnG0017436	-
h1SMnG0017437	-
h1SMnG0017438	-
h1SMnG0017439	-
h1SMnG0017440	-
h1SMnG0017441	-
h1SMnG0017442	-
h1SMnG0017443	-
h1SMnG0017444	-
h1SMnG0017445	-
h1SMnG0017446	-
h1SMnG0017447	-
h1SMnG0017448	-
h1SMnG0017449	-
h1SMnG0017450	-
h1SMnG0017451	-
h1SMnG0017452	-
h1SMnG0017453	-
h1SMnG0017454	-
h1SMnG0017455	-
h1SMnG0017456	-
h1SMnG0017457	U
h1SMnG0017458	-
h1SMnG0017459	-
h1SMnG0017460	-
h1SMnG0017461	-
h1SMnG0017462	-
h1SMnG0017463	-
h1SMnG0017464	-
h1SMnG0017465	-
h1SMnG0017466	-
h1SMnG0017467	-
h1SMnG0017468	-
h1SMnG0017469	-
h1SMnG0017470	-
h1SMnG0017471	-
h1SMnG0017472	-
h1SMnG0017473	-
h1SMnG0017474	L
h1SMnG0017475	-
h1SMnG0017476	-
h1SMnG0017477	-
h1SMnG0017478	-
h1SMnG0017479	-
h1SMnG0017480	-
h1SMnG0017481	-
h1SMnG0017482	-
h1SMnG0017483	-
h1SMnG0017484	-
h1SMnG0017485	-
h1SMnG0017486	-
h1SMnG0017487	-
h1SMnG0017488	-
h1SMnG0017489	-
h1SMnG0017490	-
h1SMnG0017491	-
h1SMnG0017492	-
h1SMnG0017493	-
h1SMnG0017494	-
h1SMnG0017495	-
h1SMnG0017496	-
h1SMnG0017497	J
h1SMnG0017498	-
h1SMnG0017499	-
h1SMnG0017500	-
h1SMnG0017501	T
h1SMnG0017502	-
h1SMnG0017503	-
h1SMnG0017504	-
h1SMnG0017505	-
h1SMnG0017506	-
h1SMnG0017507	-
h1SMnG0017508	-
h1SMnG0017509	-
h1SMnG0017510	-
h1SMnG0017511	-
h1SMnG0017512	-
h1SMnG0017513	-
h1SMnG0017514	-
h1SMnG0017515	-
h1SMnG0017516	-
h1SMnG0017517	-
h1SMnG0017518	-
h1SMnG0017519	-
h1SMnG0017520	-
h1SMnG0017521	-
h1SMnG0017522	-
h1SMnG0017523	-
h1SMnG0017524	-
h1SMnG0017525	-
h1SMnG0017526	-
h1SMnG0017527	-
h1SMnG0017528	-
h1SMnG0017529	-
h1SMnG0017530	-
h1SMnG0017531	-
h1SMnG0017532	-
h1SMnG0017533	-
h1SMnG0017534	-
h1SMnG0017535	-
h1SMnG0017536	-
h1SMnG0017537	-
h1SMnG0017538	-
h1SMnG0017539	-
h1SMnG0017540	-
h1SMnG0017541	-
h1SMnG0017542	-
h1SMnG0017543	-
h1SMnG0017544	-
h1SMnG0017545	-
h1SMnG0017546	-
h1SMnG0017547	-
h1SMnG0017548	-
h1SMnG0017549	-
h1SMnG0017550	-
h1SMnG0017551	-
h1SMnG0017552	S
h1SMnG0017553	-
h1SMnG0017554	-
h1SMnG0017555	-
h1SMnG0017556	-
h1SMnG0017557	-
h1SMnG0017558	-
h1SMnG0017559	-
h1SMnG0017560	-
h1SMnG0017561	-
h1SMnG0017562	-
h1SMnG0017563	-
h1SMnG0017564	-
h1SMnG0017565	-
h1SMnG0017566	-
h1SMnG0017567	-
h1SMnG0017568	-
h1SMnG0017569	F
h1SMnG0017570	-
h1SMnG0017571	-
h1SMnG0017572	-
h1SMnG0017573	-
h1SMnG0017574	-
h1SMnG0017575	-
h1SMnG0017576	-
h1SMnG0017577	-
h1SMnG0017578	-
h1SMnG0017579	-
h1SMnG0017580	-
h1SMnG0017581	-
h1SMnG0017582	-
h1SMnG0017583	-
h1SMnG0017584	-
h1SMnG0017585	-
h1SMnG0017586	-
h1SMnG0017587	-
h1SMnG0017588	Z
h1SMnG0017589	-
h1SMnG0017590	-
h1SMnG0017591	-
h1SMnG0017592	-
h1SMnG0017593	-
h1SMnG0017594	-
h1SMnG0017595	-
h1SMnG0017596	K
h1SMnG0017597	-
h1SMnG0017598	-
h1SMnG0017599	-
h1SMnG0017600	-
h1SMnG0017601	-
h1SMnG0017602	-
h1SMnG0017603	-
h1SMnG0017604	-
h1SMnG0017605	-
h1SMnG0017606	-
h1SMnG0017607	-
h1SMnG0017608	-
h1SMnG0017609	-
h1SMnG0017610	-
h1SMnG0017611	-
h1SMnG0017612	K
h1SMnG0017613	-
h1SMnG0017614	-
h1SMnG0017615	-
h1SMnG0017616	-
h1SMnG0017617	-
h1SMnG0017618	-
h1SMnG0017619	-
h1SMnG0017620	-
h1SMnG0017621	-
h1SMnG0017622	-
h1SMnG0017623	-
h1SMnG0017624	-
h1SMnG0017625	-
h1SMnG0017626	-
h1SMnG0017627	-
h1SMnG0017628	-
h1SMnG0017629	-
h1SMnG0017630	-
h1SMnG0017631	-
h1SMnG0017632	-
h1SMnG0017633	-
h1SMnG0017634	-
h1SMnG0017635	-
h1SMnG0017636	-
h1SMnG0017637	-
h1SMnG0017638	-
h1SMnG0017639	-
h1SMnG0017640	-
h1SMnG0017641	-
h1SMnG0017642	-
h1SMnG0017643	-
h1SMnG0017644	-
h1SMnG0017645	-
h1SMnG0017646	-
h1SMnG0017647	-
h1SMnG0017648	-
h1SMnG0017649	-
h1SMnG0017650	-
h1SMnG0017651	-
h1SMnG0017652	-
h1SMnG0017653	-
h1SMnG0017654	-
h1SMnG0017655	-
h1SMnG0017656	-
h1SMnG0017657	-
h1SMnG0017658	-
h1SMnG0017659	-
h1SMnG0017660	-
h1SMnG0017661	-
h1SMnG0017662	-
h1SMnG0017663	-
h1SMnG0017664	-
h1SMnG0017665	-
h1SMnG0017666	-
h1SMnG0017667	-
h1SMnG0017668	-
h1SMnG0017669	-
h1SMnG0017670	-
h1SMnG0017671	-
h1SMnG0017672	-
h1SMnG0017673	-
h1SMnG0017674	-
h1SMnG0017675	-
h1SMnG0017676	-
h1SMnG0017677	-
h1SMnG0017678	O
h1SMnG0017679	-
h1SMnG0017680	-
h1SMnG0017681	-
h1SMnG0017682	-
h1SMnG0017683	-
h1SMnG0017684	-
h1SMnG0017685	-
h1SMnG0017686	-
h1SMnG0017687	-
h1SMnG0017688	-
h1SMnG0017689	S
h1SMnG0017690	-
h1SMnG0017691	-
h1SMnG0017692	-
h1SMnG0017693	-
h1SMnG0017694	-
h1SMnG0017695	-
h1SMnG0017696	-
h1SMnG0017697	-
h1SMnG0017698	-
h1SMnG0017699	-
h1SMnG0017700	-
h1SMnG0017701	-
h1SMnG0017702	-
h1SMnG0017703	-
h1SMnG0017704	-
h1SMnG0017705	-
h1SMnG0017706	-
h1SMnG0017707	-
h1SMnG0017708	-
h1SMnG0017709	-
h1SMnG0017710	-
h1SMnG0017711	-
h1SMnG0017712	-
h1SMnG0017713	-
h1SMnG0017714	-
h1SMnG0017715	-
h1SMnG0017716	-
h1SMnG0017717	-
h1SMnG0017718	-
h1SMnG0017719	-
h1SMnG0017720	-
h1SMnG0017721	-
h1SMnG0017722	-
h1SMnG0017723	-
h1SMnG0017724	-
h1SMnG0017725	-
h1SMnG0017726	-
h1SMnG0017727	-
h1SMnG0017728	-
h1SMnG0017729	-
h1SMnG0017730	-
h1SMnG0017731	-
h1SMnG0017732	-
h1SMnG0017733	-
h1SMnG0017734	-
h1SMnG0017735	-
h1SMnG0017736	-
h1SMnG0017737	-
h1SMnG0017738	-
h1SMnG0017739	-
h1SMnG0017740	-
h1SMnG0017741	-
h1SMnG0017742	-
h1SMnG0017743	-
h1SMnG0017744	-
h1SMnG0017745	-
h1SMnG0017746	-
h1SMnG0017747	-
h1SMnG0017748	-
h1SMnG0017749	-
h1SMnG0017750	-
h1SMnG0017751	-
h1SMnG0017752	-
h1SMnG0017753	-
h1SMnG0017754	-
h1SMnG0017755	-
h1SMnG0017756	-
h1SMnG0017757	-
h1SMnG0017758	-
h1SMnG0017759	-
h1SMnG0017760	-
h1SMnG0017761	-
h1SMnG0017762	-
h1SMnG0017763	-
h1SMnG0017764	-
h1SMnG0017765	-
h1SMnG0017766	-
h1SMnG0017767	-
h1SMnG0017768	-
h1SMnG0017769	-
h1SMnG0017770	-
h1SMnG0017771	-
h1SMnG0017772	-
h1SMnG0017773	-
h1SMnG0017774	-
h1SMnG0017775	-
h1SMnG0017776	-
h1SMnG0017777	-
h1SMnG0017778	-
h1SMnG0017779	-
h1SMnG0017780	-
h1SMnG0017781	-
h1SMnG0017782	-
h1SMnG0017783	-
h1SMnG0017784	-
h1SMnG0017785	-
h1SMnG0017786	U
h1SMnG0017787	-
h1SMnG0017788	-
h1SMnG0017789	-
h1SMnG0017790	-
h1SMnG0017791	-
h1SMnG0017792	S
h1SMnG0017793	-
h1SMnG0017794	-
h1SMnG0017795	-
h1SMnG0017796	-
h1SMnG0017797	-
h1SMnG0017798	-
h1SMnG0017799	-
h1SMnG0017800	-
h1SMnG0017801	-
h1SMnG0017802	-
h1SMnG0017803	-
h1SMnG0017804	-
h1SMnG0017805	-
h1SMnG0017806	-
h1SMnG0017807	-
h1SMnG0017808	-
h1SMnG0017809	-
h1SMnG0017810	-
h1SMnG0017811	-
h1SMnG0017812	-
h1SMnG0017813	-
h1SMnG0017814	-
h1SMnG0017815	-
h1SMnG0017816	-
h1SMnG0017817	-
h1SMnG0017818	-
h1SMnG0017819	-
h1SMnG0017820	-
h1SMnG0017821	-
h1SMnG0017822	DN
h1SMnG0017823	-
h1SMnG0017824	E
h1SMnG0017825	-
h1SMnG0017826	-
h1SMnG0017827	-
h1SMnG0017828	-
h1SMnG0017829	-
h1SMnG0017830	-
h1SMnG0017831	-
h1SMnG0017832	-
h1SMnG0017833	-
h1SMnG0017834	-
h1SMnG0017835	-
h1SMnG0017836	-
h1SMnG0017837	-
h1SMnG0017838	-
h1SMnG0017839	-
h1SMnG0017840	-
h1SMnG0017841	-
h1SMnG0017842	S
h1SMnG0017843	-
h1SMnG0017844	-
h1SMnG0017845	C
h1SMnG0017846	-
h1SMnG0017847	-
h1SMnG0017848	-
h1SMnG0017849	-
h1SMnG0017850	-
h1SMnG0017851	-
h1SMnG0017852	-
h1SMnG0017853	-
h1SMnG0017854	-
h1SMnG0017855	-
h1SMnG0017856	-
h1SMnG0017857	-
h1SMnG0017858	-
h1SMnG0017859	-
h1SMnG0017860	-
h1SMnG0017861	-
h1SMnG0017862	-
h1SMnG0017863	-
h1SMnG0017864	-
h1SMnG0017865	-
h1SMnG0017866	-
h1SMnG0017867	-
h1SMnG0017868	-
h1SMnG0017869	-
h1SMnG0017870	-
h1SMnG0017871	-
h1SMnG0017872	-
h1SMnG0017873	-
h1SMnG0017874	P
h1SMnG0017875	-
h1SMnG0017876	-
h1SMnG0017877	-
h1SMnG0017878	-
h1SMnG0017879	-
h1SMnG0017880	-
h1SMnG0017881	-
h1SMnG0017882	-
h1SMnG0017883	-
h1SMnG0017884	-
h1SMnG0017885	BD
h1SMnG0017886	-
h1SMnG0017887	-
h1SMnG0017888	-
h1SMnG0017889	-
h1SMnG0017890	-
h1SMnG0017891	-
h1SMnG0017892	-
h1SMnG0017893	-
h1SMnG0017894	-
h1SMnG0017895	-
h1SMnG0017896	-
h1SMnG0017897	-
h1SMnG0017898	-
h1SMnG0017899	-
h1SMnG0017900	-
h1SMnG0017901	-
h1SMnG0017902	-
h1SMnG0017903	-
h1SMnG0017904	-
h1SMnG0017905	-
h1SMnG0017906	U
h1SMnG0017907	-
h1SMnG0017908	-
h1SMnG0017909	-
h1SMnG0017910	-
h1SMnG0017911	-
h1SMnG0017912	-
h1SMnG0017913	-
h1SMnG0017914	-
h1SMnG0017915	-
h1SMnG0017916	-
h1SMnG0017917	-
h1SMnG0017918	-
h1SMnG0017919	-
h1SMnG0017920	-
h1SMnG0017921	-
h1SMnG0017922	-
h1SMnG0017923	-
h1SMnG0017924	-
h1SMnG0017925	-
h1SMnG0017926	-
h1SMnG0017927	-
h1SMnG0017928	-
h1SMnG0017929	-
h1SMnG0017930	-
h1SMnG0017931	E
h1SMnG0017932	-
h1SMnG0017933	-
h1SMnG0017934	-
h1SMnG0017935	-
h1SMnG0017936	-
h1SMnG0017937	-
h1SMnG0017938	-
h1SMnG0017939	-
h1SMnG0017940	-
h1SMnG0017941	-
h1SMnG0017942	-
h1SMnG0017943	-
h1SMnG0017944	-
h1SMnG0017945	-
h1SMnG0017946	-
h1SMnG0017947	-
h1SMnG0017948	-
h1SMnG0017949	L
h1SMnG0017950	-
h1SMnG0017951	-
h1SMnG0017952	-
h1SMnG0017953	-
h1SMnG0017954	-
h1SMnG0017955	-
h1SMnG0017956	L
h1SMnG0017957	-
h1SMnG0017958	-
h1SMnG0017959	-
h1SMnG0017960	-
h1SMnG0017961	-
h1SMnG0017962	-
h1SMnG0017963	-
h1SMnG0017964	-
h1SMnG0017965	S
h1SMnG0017966	-
h1SMnG0017967	-
h1SMnG0017968	-
h1SMnG0017969	-
h1SMnG0017970	-
h1SMnG0017971	-
h1SMnG0017972	-
h1SMnG0017973	-
h1SMnG0017974	-
h1SMnG0017975	-
h1SMnG0017976	-
h1SMnG0017977	-
h1SMnG0017978	-
h1SMnG0017979	-
h1SMnG0017980	-
h1SMnG0017981	-
h1SMnG0017982	-
h1SMnG0017983	-
h1SMnG0017984	-
h1SMnG0017985	-
h1SMnG0017986	-
h1SMnG0017987	-
h1SMnG0017988	-
h1SMnG0017989	-
h1SMnG0017990	-
h1SMnG0017991	-
h1SMnG0017992	-
h1SMnG0017993	-
h1SMnG0017994	-
h1SMnG0017995	-
h1SMnG0017996	-
h1SMnG0017997	-
h1SMnG0017998	-
h1SMnG0017999	-
h1SMnG0018000	-
h1SMnG0018001	-
h1SMnG0018002	-
h1SMnG0018003	-
h1SMnG0018004	-
h1SMnG0018005	-
h1SMnG0018006	-
h1SMnG0018007	-
h1SMnG0018008	-
h1SMnG0018009	-
h1SMnG0018010	-
h1SMnG0018011	-
h1SMnG0018012	-
h1SMnG0018013	-
h1SMnG0018014	-
h1SMnG0018015	-
h1SMnG0018016	-
h1SMnG0018017	-
h1SMnG0018018	-
h1SMnG0018019	-
h1SMnG0018020	-
h1SMnG0018021	-
h1SMnG0018022	-
h1SMnG0018023	-
h1SMnG0018024	-
h1SMnG0018025	-
h1SMnG0018026	-
h1SMnG0018027	-
h1SMnG0018028	-
h1SMnG0018029	-
h1SMnG0018030	-
h1SMnG0018031	-
h1SMnG0018032	-
h1SMnG0018033	-
h1SMnG0018034	-
h1SMnG0018035	-
h1SMnG0018036	-
h1SMnG0018037	-
h1SMnG0018038	-
h1SMnG0018039	-
h1SMnG0018040	-
h1SMnG0018041	-
h1SMnG0018042	-
h1SMnG0018043	-
h1SMnG0018044	-
h1SMnG0018045	-
h1SMnG0018046	-
h1SMnG0018047	-
h1SMnG0018048	-
h1SMnG0018049	-
h1SMnG0018050	-
h1SMnG0018051	-
h1SMnG0018052	-
h1SMnG0018053	-
h1SMnG0018054	-
h1SMnG0018055	-
h1SMnG0018056	-
h1SMnG0018057	-
h1SMnG0018058	-
h1SMnG0018059	-
h1SMnG0018060	-
h1SMnG0018061	-
h1SMnG0018062	-
h1SMnG0018063	-
h1SMnG0018064	-
h1SMnG0018065	-
h1SMnG0018066	-
h1SMnG0018067	-
h1SMnG0018068	-
h1SMnG0018069	-
h1SMnG0018070	-
h1SMnG0018071	-
h1SMnG0018072	-
h1SMnG0018073	-
h1SMnG0018074	-
h1SMnG0018075	-
h1SMnG0018076	-
h1SMnG0018077	-
h1SMnG0018078	-
h1SMnG0018079	-
h1SMnG0018080	-
h1SMnG0018081	-
h1SMnG0018082	-
h1SMnG0018083	-
h1SMnG0018084	-
h1SMnG0018085	T
h1SMnG0018086	-
h1SMnG0018087	-
h1SMnG0018088	-
h1SMnG0018089	-
h1SMnG0018090	-
h1SMnG0018091	-
h1SMnG0018092	-
h1SMnG0018093	-
h1SMnG0018094	-
h1SMnG0018095	-
h1SMnG0018096	-
h1SMnG0018097	-
h1SMnG0018098	T
h1SMnG0018099	-
h1SMnG0018100	-
h1SMnG0018101	-
h1SMnG0018102	-
h1SMnG0018103	-
h1SMnG0018104	-
h1SMnG0018105	-
h1SMnG0018106	-
h1SMnG0018107	-
h1SMnG0018108	-
h1SMnG0018109	-
h1SMnG0018110	-
h1SMnG0018111	-
h1SMnG0018112	-
h1SMnG0018113	-
h1SMnG0018114	-
h1SMnG0018115	-
h1SMnG0018116	-
h1SMnG0018117	-
h1SMnG0018118	-
h1SMnG0018119	-
h1SMnG0018120	-
h1SMnG0018121	-
h1SMnG0018122	-
h1SMnG0018123	-
h1SMnG0018124	-
h1SMnG0018125	A
h1SMnG0018126	-
h1SMnG0018127	-
h1SMnG0018128	-
h1SMnG0018129	-
h1SMnG0018130	-
h1SMnG0018131	-
h1SMnG0018132	-
h1SMnG0018133	-
h1SMnG0018134	-
h1SMnG0018135	-
h1SMnG0018136	S
h1SMnG0018137	-
h1SMnG0018138	-
h1SMnG0018139	-
h1SMnG0018140	-
h1SMnG0018141	-
h1SMnG0018142	-
h1SMnG0018143	-
h1SMnG0018144	S
h1SMnG0018145	-
h1SMnG0018146	-
h1SMnG0018147	-
h1SMnG0018148	-
h1SMnG0018149	-
h1SMnG0018150	-
h1SMnG0018151	-
h1SMnG0018152	-
h1SMnG0018153	-
h1SMnG0018154	-
h1SMnG0018155	-
h1SMnG0018156	-
h1SMnG0018157	-
h1SMnG0018158	-
h1SMnG0018159	-
h1SMnG0018160	-
h1SMnG0018161	-
h1SMnG0018162	-
h1SMnG0018163	-
h1SMnG0018164	-
h1SMnG0018165	-
h1SMnG0018166	-
h1SMnG0018167	-
h1SMnG0018168	-
h1SMnG0018169	-
h1SMnG0018170	-
h1SMnG0018171	-
h1SMnG0018172	-
h1SMnG0018173	-
h1SMnG0018174	-
h1SMnG0018175	-
h1SMnG0018176	-
h1SMnG0018177	-
h1SMnG0018178	-
h1SMnG0018179	-
h1SMnG0018180	-
h1SMnG0018181	-
h1SMnG0018182	-
h1SMnG0018183	-
h1SMnG0018184	-
h1SMnG0018185	-
h1SMnG0018186	-
h1SMnG0018187	-
h1SMnG0018188	-
h1SMnG0018189	-
h1SMnG0018190	-
h1SMnG0018191	-
h1SMnG0018192	-
h1SMnG0018193	-
h1SMnG0018194	-
h1SMnG0018195	-
h1SMnG0018196	-
h1SMnG0018197	-
h1SMnG0018198	S
h1SMnG0018199	-
h1SMnG0018200	-
h1SMnG0018201	-
h1SMnG0018202	-
h1SMnG0018203	-
h1SMnG0018204	-
h1SMnG0018205	-
h1SMnG0018206	-
h1SMnG0018207	E
h1SMnG0018208	-
h1SMnG0018209	-
h1SMnG0018210	-
h1SMnG0018211	-
h1SMnG0018212	-
h1SMnG0018213	-
h1SMnG0018214	-
h1SMnG0018215	-
h1SMnG0018216	-
h1SMnG0018217	-
h1SMnG0018218	-
h1SMnG0018219	-
h1SMnG0018220	-
h1SMnG0018221	-
h1SMnG0018222	-
h1SMnG0018223	-
h1SMnG0018224	-
h1SMnG0018225	-
h1SMnG0018226	-
h1SMnG0018227	-
h1SMnG0018228	S
h1SMnG0018229	-
h1SMnG0018230	-
h1SMnG0018231	-
h1SMnG0018232	-
h1SMnG0018233	G
h1SMnG0018234	-
h1SMnG0018235	G
h1SMnG0018236	-
h1SMnG0018237	-
h1SMnG0018238	-
h1SMnG0018239	-
h1SMnG0018240	-
h1SMnG0018241	-
h1SMnG0018242	-
h1SMnG0018243	-
h1SMnG0018244	-
h1SMnG0018245	-
h1SMnG0018246	-
h1SMnG0018247	-
h1SMnG0018248	-
h1SMnG0018249	-
h1SMnG0018250	-
h1SMnG0018251	-
h1SMnG0018252	-
h1SMnG0018253	-
h1SMnG0018254	-
h1SMnG0018255	-
h1SMnG0018256	-
h1SMnG0018257	-
h1SMnG0018258	-
h1SMnG0018259	-
h1SMnG0018260	-
h1SMnG0018261	-
h1SMnG0018262	-
h1SMnG0018263	-
h1SMnG0018264	-
h1SMnG0018265	-
h1SMnG0018266	-
h1SMnG0018267	-
h1SMnG0018268	-
h1SMnG0018269	-
h1SMnG0018270	-
h1SMnG0018271	-
h1SMnG0018272	-
h1SMnG0018273	-
h1SMnG0018274	-
h1SMnG0018275	-
h1SMnG0018276	-
h1SMnG0018277	-
h1SMnG0018278	-
h1SMnG0018279	-
h1SMnG0018280	-
h1SMnG0018281	-
h1SMnG0018282	-
h1SMnG0018283	-
h1SMnG0018284	-
h1SMnG0018285	-
h1SMnG0018286	-
h1SMnG0018287	-
h1SMnG0018288	-
h1SMnG0018289	-
h1SMnG0018290	-
h1SMnG0018291	-
h1SMnG0018292	-
h1SMnG0018293	-
h1SMnG0018294	-
h1SMnG0018295	-
h1SMnG0018296	-
h1SMnG0018297	-
h1SMnG0018298	G
h1SMnG0018299	-
h1SMnG0018300	-
h1SMnG0018301	-
h1SMnG0018302	-
h1SMnG0018303	-
h1SMnG0018304	-
h1SMnG0018305	-
h1SMnG0018306	-
h1SMnG0018307	-
h1SMnG0018308	-
h1SMnG0018309	-
h1SMnG0018310	-
h1SMnG0018311	T
h1SMnG0018312	-
h1SMnG0018313	-
h1SMnG0018314	-
h1SMnG0018315	-
h1SMnG0018316	-
h1SMnG0018317	-
h1SMnG0018318	-
h1SMnG0018319	-
h1SMnG0018320	-
h1SMnG0018321	-
h1SMnG0018322	-
h1SMnG0018323	-
h1SMnG0018324	-
h1SMnG0018325	-
h1SMnG0018326	-
h1SMnG0018327	-
h1SMnG0018328	-
h1SMnG0018329	-
h1SMnG0018330	-
h1SMnG0018331	-
h1SMnG0018332	-
h1SMnG0018333	-
h1SMnG0018334	-
h1SMnG0018335	-
h1SMnG0018336	-
h1SMnG0018337	-
h1SMnG0018338	-
h1SMnG0018339	-
h1SMnG0018340	-
h1SMnG0018341	-
h1SMnG0018342	-
h1SMnG0018343	-
h1SMnG0018344	-
h1SMnG0018345	-
h1SMnG0018346	-
h1SMnG0018347	-
h1SMnG0018348	-
h1SMnG0018349	-
h1SMnG0018350	-
h1SMnG0018351	-
h1SMnG0018352	-
h1SMnG0018353	-
h1SMnG0018354	-
h1SMnG0018355	-
h1SMnG0018356	-
h1SMnG0018357	-
h1SMnG0018358	-
h1SMnG0018359	-
h1SMnG0018360	-
h1SMnG0018361	-
h1SMnG0018362	-
h1SMnG0018363	-
h1SMnG0018364	-
h1SMnG0018365	-
h1SMnG0018366	-
h1SMnG0018367	-
h1SMnG0018368	-
h1SMnG0018369	-
h1SMnG0018370	-
h1SMnG0018371	-
h1SMnG0018372	-
h1SMnG0018373	-
h1SMnG0018374	-
h1SMnG0018375	-
h1SMnG0018376	-
h1SMnG0018377	-
h1SMnG0018378	-
h1SMnG0018379	-
h1SMnG0018380	-
h1SMnG0018381	-
h1SMnG0018382	-
h1SMnG0018383	-
h1SMnG0018384	-
h1SMnG0018385	-
h1SMnG0018386	-
h1SMnG0018387	-
h1SMnG0018388	-
h1SMnG0018389	-
h1SMnG0018390	-
h1SMnG0018391	-
h1SMnG0018392	-
h1SMnG0018393	-
h1SMnG0018394	-
h1SMnG0018395	-
h1SMnG0018396	-
h1SMnG0018397	-
h1SMnG0018398	-
h1SMnG0018399	-
h1SMnG0018400	-
h1SMnG0018401	-
h1SMnG0018402	-
h1SMnG0018403	-
h1SMnG0018404	-
h1SMnG0018405	-
h1SMnG0018406	-
h1SMnG0018407	-
h1SMnG0018408	-
h1SMnG0018409	-
h1SMnG0018410	-
h1SMnG0018411	-
h1SMnG0018412	-
h1SMnG0018413	-
h1SMnG0018414	-
h1SMnG0018415	-
h1SMnG0018416	-
h1SMnG0018417	-
h1SMnG0018418	-
h1SMnG0018419	T
h1SMnG0018420	-
h1SMnG0018421	-
h1SMnG0018422	-
h1SMnG0018423	-
h1SMnG0018424	-
h1SMnG0018425	-
h1SMnG0018426	-
h1SMnG0018427	-
h1SMnG0018428	-
h1SMnG0018429	-
h1SMnG0018430	-
h1SMnG0018431	-
h1SMnG0018432	-
h1SMnG0018433	-
h1SMnG0018434	-
h1SMnG0018435	-
h1SMnG0018436	-
h1SMnG0018437	-
h1SMnG0018438	-
h1SMnG0018439	-
h1SMnG0018440	-
h1SMnG0018441	-
h1SMnG0018442	-
h1SMnG0018443	-
h1SMnG0018444	-
h1SMnG0018445	-
h1SMnG0018446	-
h1SMnG0018447	-
h1SMnG0018448	-
h1SMnG0018449	-
h1SMnG0018450	-
h1SMnG0018451	-
h1SMnG0018452	-
h1SMnG0018453	-
h1SMnG0018454	-
h1SMnG0018455	K
h1SMnG0018456	-
h1SMnG0018457	-
h1SMnG0018458	-
h1SMnG0018459	-
h1SMnG0018460	-
h1SMnG0018461	-
h1SMnG0018462	-
h1SMnG0018463	S
h1SMnG0018464	-
h1SMnG0018465	-
h1SMnG0018466	-
h1SMnG0018467	-
h1SMnG0018468	-
h1SMnG0018469	-
h1SMnG0018470	-
h1SMnG0018471	-
h1SMnG0018472	-
h1SMnG0018473	-
h1SMnG0018474	-
h1SMnG0018475	-
h1SMnG0018476	-
h1SMnG0018477	-
h1SMnG0018478	-
h1SMnG0018479	-
h1SMnG0018480	-
h1SMnG0018481	-
h1SMnG0018482	-
h1SMnG0018483	-
h1SMnG0018484	-
h1SMnG0018485	-
h1SMnG0018486	-
h1SMnG0018487	-
h1SMnG0018488	-
h1SMnG0018489	O
h1SMnG0018490	-
h1SMnG0018491	-
h1SMnG0018492	S
h1SMnG0018493	-
h1SMnG0018494	-
h1SMnG0018495	-
h1SMnG0018496	-
h1SMnG0018497	-
h1SMnG0018498	-
h1SMnG0018499	-
h1SMnG0018500	-
h1SMnG0018501	-
h1SMnG0018502	-
h1SMnG0018503	-
h1SMnG0018504	-
h1SMnG0018505	-
h1SMnG0018506	-
h1SMnG0018507	-
h1SMnG0018508	-
h1SMnG0018509	-
h1SMnG0018510	-
h1SMnG0018511	-
h1SMnG0018512	-
h1SMnG0018513	-
h1SMnG0018514	-
h1SMnG0018515	-
h1SMnG0018516	-
h1SMnG0018517	-
h1SMnG0018518	-
h1SMnG0018519	-
h1SMnG0018520	-
h1SMnG0018521	-
h1SMnG0018522	-
h1SMnG0018523	-
h1SMnG0018524	-
h1SMnG0018525	-
h1SMnG0018526	-
h1SMnG0018527	-
h1SMnG0018528	-
h1SMnG0018529	-
h1SMnG0018530	-
h1SMnG0018531	-
h1SMnG0018532	-
h1SMnG0018533	-
h1SMnG0018534	-
h1SMnG0018535	-
h1SMnG0018536	-
h1SMnG0018537	-
h1SMnG0018538	-
h1SMnG0018539	-
h1SMnG0018540	-
h1SMnG0018541	-
h1SMnG0018542	-
h1SMnG0018543	-
h1SMnG0018544	-
h1SMnG0018545	-
h1SMnG0018546	-
h1SMnG0018547	-
h1SMnG0018548	-
h1SMnG0018549	-
h1SMnG0018550	-
h1SMnG0018551	-
h1SMnG0018552	-
h1SMnG0018553	-
h1SMnG0018554	-
h1SMnG0018555	-
h1SMnG0018556	-
h1SMnG0018557	-
h1SMnG0018558	-
h1SMnG0018559	-
h1SMnG0018560	O
h1SMnG0018561	O
h1SMnG0018562	-
h1SMnG0018563	-
h1SMnG0018564	-
h1SMnG0018565	-
h1SMnG0018566	-
h1SMnG0018567	-
h1SMnG0018568	-
h1SMnG0018569	T
h1SMnG0018570	-
h1SMnG0018571	-
h1SMnG0018572	-
h1SMnG0018573	-
h1SMnG0018574	-
h1SMnG0018575	-
h1SMnG0018576	-
h1SMnG0018577	-
h1SMnG0018578	-
h1SMnG0018579	-
h1SMnG0018580	-
h1SMnG0018581	-
h1SMnG0018582	-
h1SMnG0018583	-
h1SMnG0018584	-
h1SMnG0018585	-
h1SMnG0018586	-
h1SMnG0018587	-
h1SMnG0018588	-
h1SMnG0018589	-
h1SMnG0018590	-
h1SMnG0018591	-
h1SMnG0018592	-
h1SMnG0018593	-
h1SMnG0018594	-
h1SMnG0018595	-
h1SMnG0018596	-
h1SMnG0018597	-
h1SMnG0018598	-
h1SMnG0018599	-
h1SMnG0018600	O
h1SMnG0018601	-
h1SMnG0018602	-
h1SMnG0018603	-
h1SMnG0018604	-
h1SMnG0018605	BD
h1SMnG0018606	-
h1SMnG0018607	-
h1SMnG0018608	-
h1SMnG0018609	-
h1SMnG0018610	-
h1SMnG0018611	-
h1SMnG0018612	-
h1SMnG0018613	-
h1SMnG0018614	-
h1SMnG0018615	-
h1SMnG0018616	-
h1SMnG0018617	-
h1SMnG0018618	-
h1SMnG0018619	-
h1SMnG0018620	-
h1SMnG0018621	-
h1SMnG0018622	-
h1SMnG0018623	-
h1SMnG0018624	-
h1SMnG0018625	O
h1SMnG0018626	-
h1SMnG0018627	-
h1SMnG0018628	-
h1SMnG0018629	-
h1SMnG0018630	-
h1SMnG0018631	-
h1SMnG0018632	-
h1SMnG0018633	-
h1SMnG0018634	-
h1SMnG0018635	-
h1SMnG0018636	-
h1SMnG0018637	-
h1SMnG0018638	-
h1SMnG0018639	-
h1SMnG0018640	-
h1SMnG0018641	-
h1SMnG0018642	-
h1SMnG0018643	-
h1SMnG0018644	-
h1SMnG0018645	-
h1SMnG0018646	-
h1SMnG0018647	-
h1SMnG0018648	-
h1SMnG0018649	-
h1SMnG0018650	O
h1SMnG0018651	-
h1SMnG0018652	-
h1SMnG0018653	-
h1SMnG0018654	-
h1SMnG0018655	-
h1SMnG0018656	-
h1SMnG0018657	-
h1SMnG0018658	-
h1SMnG0018659	-
h1SMnG0018660	-
h1SMnG0018661	-
h1SMnG0018662	S
h1SMnG0018663	-
h1SMnG0018664	A
h1SMnG0018665	-
h1SMnG0018666	-
h1SMnG0018667	-
h1SMnG0018668	-
h1SMnG0018669	-
h1SMnG0018670	-
h1SMnG0018671	-
h1SMnG0018672	-
h1SMnG0018673	-
h1SMnG0018674	-
h1SMnG0018675	-
h1SMnG0018676	-
h1SMnG0018677	-
h1SMnG0018678	-
h1SMnG0018679	-
h1SMnG0018680	-
h1SMnG0018681	-
h1SMnG0018682	-
h1SMnG0018683	-
h1SMnG0018684	-
h1SMnG0018685	-
h1SMnG0018686	-
h1SMnG0018687	-
h1SMnG0018688	-
h1SMnG0018689	-
h1SMnG0018690	-
h1SMnG0018691	-
h1SMnG0018692	-
h1SMnG0018693	-
h1SMnG0018694	-
h1SMnG0018695	-
h1SMnG0018696	-
h1SMnG0018697	-
h1SMnG0018698	-
h1SMnG0018699	-
h1SMnG0018700	-
h1SMnG0018701	-
h1SMnG0018702	-
h1SMnG0018703	-
h1SMnG0018704	-
h1SMnG0018705	-
h1SMnG0018706	-
h1SMnG0018707	-
h1SMnG0018708	-
h1SMnG0018709	-
h1SMnG0018710	-
h1SMnG0018711	-
h1SMnG0018712	-
h1SMnG0018713	-
h1SMnG0018714	-
h1SMnG0018715	-
h1SMnG0018716	-
h1SMnG0018717	-
h1SMnG0018718	-
h1SMnG0018719	-
h1SMnG0018720	BD
h1SMnG0018721	-
h1SMnG0018722	-
h1SMnG0018723	-
h1SMnG0018724	-
h1SMnG0018725	-
h1SMnG0018726	-
h1SMnG0018727	-
h1SMnG0018728	-
h1SMnG0018729	-
h1SMnG0018730	-
h1SMnG0018731	-
h1SMnG0018732	-
h1SMnG0018733	-
h1SMnG0018734	-
h1SMnG0018735	-
h1SMnG0018736	-
h1SMnG0018737	-
h1SMnG0018738	-
h1SMnG0018739	-
h1SMnG0018740	-
h1SMnG0018741	-
h1SMnG0018742	-
h1SMnG0018743	-
h1SMnG0018744	-
h1SMnG0018745	-
h1SMnG0018746	-
h1SMnG0018747	-
h1SMnG0018748	-
h1SMnG0018749	-
h1SMnG0018750	-
h1SMnG0018751	-
h1SMnG0018752	-
h1SMnG0018753	-
h1SMnG0018754	-
h1SMnG0018755	-
h1SMnG0018756	-
h1SMnG0018757	-
h1SMnG0018758	-
h1SMnG0018759	-
h1SMnG0018760	-
h1SMnG0018761	-
h1SMnG0018762	-
h1SMnG0018763	-
h1SMnG0018764	-
h1SMnG0018765	-
h1SMnG0018766	-
h1SMnG0018767	-
h1SMnG0018768	-
h1SMnG0018769	-
h1SMnG0018770	-
h1SMnG0018771	-
h1SMnG0018772	-
h1SMnG0018773	-
h1SMnG0018774	-
h1SMnG0018775	-
h1SMnG0018776	-
h1SMnG0018777	-
h1SMnG0018778	-
h1SMnG0018779	-
h1SMnG0018780	-
h1SMnG0018781	-
h1SMnG0018782	-
h1SMnG0018783	-
h1SMnG0018784	-
h1SMnG0018785	-
h1SMnG0018786	-
h1SMnG0018787	-
h1SMnG0018788	-
h1SMnG0018789	-
h1SMnG0018790	-
h1SMnG0018791	-
h1SMnG0018792	-
h1SMnG0018793	-
h1SMnG0018794	-
h1SMnG0018795	-
h1SMnG0018796	-
h1SMnG0018797	-
h1SMnG0018798	-
h1SMnG0018799	-
h1SMnG0018800	-
h1SMnG0018801	-
h1SMnG0018802	T
h1SMnG0018803	-
h1SMnG0018804	-
h1SMnG0018805	-
h1SMnG0018806	-
h1SMnG0018807	-
h1SMnG0018808	Z
h1SMnG0018809	-
h1SMnG0018810	-
h1SMnG0018811	-
h1SMnG0018812	-
h1SMnG0018813	-
h1SMnG0018814	-
h1SMnG0018815	-
h1SMnG0018816	-
h1SMnG0018817	-
h1SMnG0018818	-
h1SMnG0018819	-
h1SMnG0018820	-
h1SMnG0018821	-
h1SMnG0018822	-
h1SMnG0018823	-
h1SMnG0018824	-
h1SMnG0018825	-
h1SMnG0018826	-
h1SMnG0018827	-
h1SMnG0018828	-
h1SMnG0018829	P
h1SMnG0018830	-
h1SMnG0018831	-
h1SMnG0018832	-
h1SMnG0018833	-
h1SMnG0018834	-
h1SMnG0018835	-
h1SMnG0018836	-
h1SMnG0018837	-
h1SMnG0018838	-
h1SMnG0018839	-
h1SMnG0018840	-
h1SMnG0018841	-
h1SMnG0018842	-
h1SMnG0018843	-
h1SMnG0018844	-
h1SMnG0018845	-
h1SMnG0018846	-
h1SMnG0018847	-
h1SMnG0018848	-
h1SMnG0018849	-
h1SMnG0018850	-
h1SMnG0018851	-
h1SMnG0018852	-
h1SMnG0018853	-
h1SMnG0018854	-
h1SMnG0018855	-
h1SMnG0018856	-
h1SMnG0018857	-
h1SMnG0018858	-
h1SMnG0018859	-
h1SMnG0018860	-
h1SMnG0018861	-
h1SMnG0018862	-
h1SMnG0018863	-
h1SMnG0018864	-
h1SMnG0018865	-
h1SMnG0018866	-
h1SMnG0018867	-
h1SMnG0018868	-
h1SMnG0018869	-
h1SMnG0018870	-
h1SMnG0018871	-
h1SMnG0018872	-
h1SMnG0018873	-
h1SMnG0018874	-
h1SMnG0018875	-
h1SMnG0018876	-
h1SMnG0018877	-
h1SMnG0018878	-
h1SMnG0018879	-
h1SMnG0018880	-
h1SMnG0018881	-
h1SMnG0018882	-
h1SMnG0018883	-
h1SMnG0018884	-
h1SMnG0018885	-
h1SMnG0018886	-
h1SMnG0018887	-
h1SMnG0018888	-
h1SMnG0018889	-
h1SMnG0018890	-
h1SMnG0018891	-
h1SMnG0018892	-
h1SMnG0018893	-
h1SMnG0018894	-
h1SMnG0018895	-
h1SMnG0018896	-
h1SMnG0018897	-
h1SMnG0018898	-
h1SMnG0018899	-
h1SMnG0018900	-
h1SMnG0018901	-
h1SMnG0018902	S
h1SMnG0018903	-
h1SMnG0018904	-
h1SMnG0018905	-
h1SMnG0018906	-
h1SMnG0018907	-
h1SMnG0018908	-
h1SMnG0018909	-
h1SMnG0018910	-
h1SMnG0018911	-
h1SMnG0018912	-
h1SMnG0018913	-
h1SMnG0018914	-
h1SMnG0018915	-
h1SMnG0018916	-
h1SMnG0018917	-
h1SMnG0018918	S
h1SMnG0018919	-
h1SMnG0018920	-
h1SMnG0018921	-
h1SMnG0018922	-
h1SMnG0018923	-
h1SMnG0018924	-
h1SMnG0018925	-
h1SMnG0018926	-
h1SMnG0018927	-
h1SMnG0018928	-
h1SMnG0018929	-
h1SMnG0018930	-
h1SMnG0018931	-
h1SMnG0018932	-
h1SMnG0018933	-
h1SMnG0018934	-
h1SMnG0018935	-
h1SMnG0018936	-
h1SMnG0018937	A
h1SMnG0018938	-
h1SMnG0018939	-
h1SMnG0018940	-
h1SMnG0018941	-
h1SMnG0018942	-
h1SMnG0018943	-
h1SMnG0018944	-
h1SMnG0018945	-
h1SMnG0018946	-
h1SMnG0018947	-
h1SMnG0018948	-
h1SMnG0018949	-
h1SMnG0018950	-
h1SMnG0018951	-
h1SMnG0018952	-
h1SMnG0018953	-
h1SMnG0018954	-
h1SMnG0018955	-
h1SMnG0018956	-
h1SMnG0018957	-
h1SMnG0018958	-
h1SMnG0018959	-
h1SMnG0018960	-
h1SMnG0018961	-
h1SMnG0018962	-
h1SMnG0018963	-
h1SMnG0018964	-
h1SMnG0018965	-
h1SMnG0018966	-
h1SMnG0018967	-
h1SMnG0018968	-
h1SMnG0018969	-
h1SMnG0018970	TU
h1SMnG0018971	-
h1SMnG0018972	-
h1SMnG0018973	-
h1SMnG0018974	-
h1SMnG0018975	-
h1SMnG0018976	-
h1SMnG0018977	-
h1SMnG0018978	-
h1SMnG0018979	-
h1SMnG0018980	-
h1SMnG0018981	-
h1SMnG0018982	-
h1SMnG0018983	-
h1SMnG0018984	-
h1SMnG0018985	-
h1SMnG0018986	-
h1SMnG0018987	-
h1SMnG0018988	-
h1SMnG0018989	-
h1SMnG0018990	-
h1SMnG0018991	-
h1SMnG0018992	-
h1SMnG0018993	-
h1SMnG0018994	-
h1SMnG0018995	-
h1SMnG0018996	-
h1SMnG0018997	S
h1SMnG0018998	-
h1SMnG0018999	-
h1SMnG0019000	-
h1SMnG0019001	-
h1SMnG0019002	-
h1SMnG0019003	-
h1SMnG0019004	-
h1SMnG0019005	-
h1SMnG0019006	-
h1SMnG0019007	-
h1SMnG0019008	-
h1SMnG0019009	-
h1SMnG0019010	-
h1SMnG0019011	-
h1SMnG0019012	-
h1SMnG0019013	-
h1SMnG0019014	S
h1SMnG0019015	-
h1SMnG0019016	-
h1SMnG0019017	-
h1SMnG0019018	-
h1SMnG0019019	-
h1SMnG0019020	-
h1SMnG0019021	-
h1SMnG0019022	-
h1SMnG0019023	-
h1SMnG0019024	-
h1SMnG0019025	-
h1SMnG0019026	-
h1SMnG0019027	-
h1SMnG0019028	-
h1SMnG0019029	-
h1SMnG0019030	-
h1SMnG0019031	-
h1SMnG0019032	-
h1SMnG0019033	-
h1SMnG0019034	-
h1SMnG0019035	-
h1SMnG0019036	-
h1SMnG0019037	-
h1SMnG0019038	-
h1SMnG0019039	-
h1SMnG0019040	-
h1SMnG0019041	-
h1SMnG0019042	-
h1SMnG0019043	-
h1SMnG0019044	-
h1SMnG0019045	-
h1SMnG0019046	-
h1SMnG0019047	-
h1SMnG0019048	-
h1SMnG0019049	-
h1SMnG0019050	-
h1SMnG0019051	-
h1SMnG0019052	-
h1SMnG0019053	-
h1SMnG0019054	-
h1SMnG0019055	-
h1SMnG0019056	-
h1SMnG0019057	-
h1SMnG0019058	-
h1SMnG0019059	-
h1SMnG0019060	-
h1SMnG0019061	-
h1SMnG0019062	-
h1SMnG0019063	-
h1SMnG0019064	-
h1SMnG0019065	-
h1SMnG0019066	-
h1SMnG0019067	-
h1SMnG0019068	-
h1SMnG0019069	-
h1SMnG0019070	-
h1SMnG0019071	-
h1SMnG0019072	-
h1SMnG0019073	-
h1SMnG0019074	S
h1SMnG0019075	-
h1SMnG0019076	-
h1SMnG0019077	-
h1SMnG0019078	-
h1SMnG0019079	-
h1SMnG0019080	-
h1SMnG0019081	-
h1SMnG0019082	-
h1SMnG0019083	-
h1SMnG0019084	-
h1SMnG0019085	-
h1SMnG0019086	-
h1SMnG0019087	-
h1SMnG0019088	-
h1SMnG0019089	-
h1SMnG0019090	-
h1SMnG0019091	-
h1SMnG0019092	-
h1SMnG0019093	-
h1SMnG0019094	-
h1SMnG0019095	-
h1SMnG0019096	-
h1SMnG0019097	-
h1SMnG0019098	-
h1SMnG0019099	-
h1SMnG0019100	-
h1SMnG0019101	-
h1SMnG0019102	-
h1SMnG0019103	-
h1SMnG0019104	-
h1SMnG0019105	-
h1SMnG0019106	-
h1SMnG0019107	Q
h1SMnG0019108	-
h1SMnG0019109	-
h1SMnG0019110	-
h1SMnG0019111	-
h1SMnG0019112	-
h1SMnG0019113	-
h1SMnG0019114	-
h1SMnG0019115	-
h1SMnG0019116	-
h1SMnG0019117	-
h1SMnG0019118	-
h1SMnG0019119	-
h1SMnG0019120	-
h1SMnG0019121	-
h1SMnG0019122	-
h1SMnG0019123	-
h1SMnG0019124	-
h1SMnG0019125	-
h1SMnG0019126	-
h1SMnG0019127	-
h1SMnG0019128	-
h1SMnG0019129	-
h1SMnG0019130	-
h1SMnG0019131	-
h1SMnG0019132	O
h1SMnG0019133	-
h1SMnG0019134	-
h1SMnG0019135	-
h1SMnG0019136	-
h1SMnG0019137	-
h1SMnG0019138	-
h1SMnG0019139	-
h1SMnG0019140	-
h1SMnG0019141	-
h1SMnG0019142	-
h1SMnG0019143	-
h1SMnG0019144	-
h1SMnG0019145	-
h1SMnG0019146	-
h1SMnG0019147	-
h1SMnG0019148	-
h1SMnG0019149	-
h1SMnG0019150	-
h1SMnG0019151	-
h1SMnG0019152	-
h1SMnG0019153	-
h1SMnG0019154	-
h1SMnG0019155	-
h1SMnG0019156	-
h1SMnG0019157	-
h1SMnG0019158	-
h1SMnG0019159	-
h1SMnG0019160	-
h1SMnG0019161	-
h1SMnG0019162	-
h1SMnG0019163	-
h1SMnG0019164	-
h1SMnG0019165	-
h1SMnG0019166	-
h1SMnG0019167	-
h1SMnG0019168	-
h1SMnG0019169	-
h1SMnG0019170	-
h1SMnG0019171	-
h1SMnG0019172	-
h1SMnG0019173	-
h1SMnG0019174	-
h1SMnG0019175	-
h1SMnG0019176	-
h1SMnG0019177	-
h1SMnG0019178	-
h1SMnG0019179	-
h1SMnG0019180	-
h1SMnG0019181	-
h1SMnG0019182	-
h1SMnG0019183	-
h1SMnG0019184	S
h1SMnG0019185	-
h1SMnG0019186	-
h1SMnG0019187	-
h1SMnG0019188	-
h1SMnG0019189	-
h1SMnG0019190	-
h1SMnG0019191	-
h1SMnG0019192	-
h1SMnG0019193	-
h1SMnG0019194	-
h1SMnG0019195	-
h1SMnG0019196	-
h1SMnG0019197	-
h1SMnG0019198	-
h1SMnG0019199	-
h1SMnG0019200	-
h1SMnG0019201	-
h1SMnG0019202	-
h1SMnG0019203	-
h1SMnG0019204	-
h1SMnG0019205	-
h1SMnG0019206	-
h1SMnG0019207	-
h1SMnG0019208	-
h1SMnG0019209	-
h1SMnG0019210	-
h1SMnG0019211	-
h1SMnG0019212	-
h1SMnG0019213	-
h1SMnG0019214	-
h1SMnG0019215	-
h1SMnG0019216	-
h1SMnG0019217	-
h1SMnG0019218	-
h1SMnG0019219	-
h1SMnG0019220	S
h1SMnG0019221	-
h1SMnG0019222	-
h1SMnG0019223	-
h1SMnG0019224	-
h1SMnG0019225	-
h1SMnG0019226	-
h1SMnG0019227	-
h1SMnG0019228	-
h1SMnG0019229	-
h1SMnG0019230	-
h1SMnG0019231	-
h1SMnG0019232	-
h1SMnG0019233	-
h1SMnG0019234	-
h1SMnG0019235	-
h1SMnG0019236	-
h1SMnG0019237	-
h1SMnG0019238	-
h1SMnG0019239	-
h1SMnG0019240	-
h1SMnG0019241	-
h1SMnG0019242	-
h1SMnG0019243	-
h1SMnG0019244	-
h1SMnG0019245	-
h1SMnG0019246	-
h1SMnG0019247	-
h1SMnG0019248	-
h1SMnG0019249	-
h1SMnG0019250	-
h1SMnG0019251	-
h1SMnG0019252	-
h1SMnG0019253	-
h1SMnG0019254	-
h1SMnG0019255	-
h1SMnG0019256	-
h1SMnG0019257	-
h1SMnG0019258	-
h1SMnG0019259	-
h1SMnG0019260	-
h1SMnG0019261	-
h1SMnG0019262	-
h1SMnG0019263	-
h1SMnG0019264	-
h1SMnG0019265	-
h1SMnG0019266	-
h1SMnG0019267	-
h1SMnG0019268	-
h1SMnG0019269	-
h1SMnG0019270	-
h1SMnG0019271	-
h1SMnG0019272	-
h1SMnG0019273	-
h1SMnG0019274	-
h1SMnG0019275	-
h1SMnG0019276	I
h1SMnG0019277	-
h1SMnG0019278	-
h1SMnG0019279	-
h1SMnG0019280	-
h1SMnG0019281	-
h1SMnG0019282	-
h1SMnG0019283	-
h1SMnG0019284	-
h1SMnG0019285	-
h1SMnG0019286	-
h1SMnG0019287	-
h1SMnG0019288	A
h1SMnG0019289	-
h1SMnG0019290	-
h1SMnG0019291	-
h1SMnG0019292	-
h1SMnG0019293	-
h1SMnG0019294	-
h1SMnG0019295	-
h1SMnG0019296	-
h1SMnG0019297	-
h1SMnG0019298	-
h1SMnG0019299	-
h1SMnG0019300	-
h1SMnG0019301	-
h1SMnG0019302	-
h1SMnG0019303	-
h1SMnG0019304	-
h1SMnG0019305	-
h1SMnG0019306	-
h1SMnG0019307	-
h1SMnG0019308	-
h1SMnG0019309	-
h1SMnG0019310	-
h1SMnG0019311	-
h1SMnG0019312	-
h1SMnG0019313	-
h1SMnG0019314	-
h1SMnG0019315	-
h1SMnG0019316	-
h1SMnG0019317	-
h1SMnG0019318	-
h1SMnG0019319	-
h1SMnG0019320	-
h1SMnG0019321	-
h1SMnG0019322	-
h1SMnG0019323	-
h1SMnG0019324	-
h1SMnG0019325	-
h1SMnG0019326	-
h1SMnG0019327	-
h1SMnG0019328	-
h1SMnG0019329	-
h1SMnG0019330	-
h1SMnG0019331	-
h1SMnG0019332	-
h1SMnG0019333	-
h1SMnG0019334	-
h1SMnG0019335	-
h1SMnG0019336	-
h1SMnG0019337	-
h1SMnG0019338	-
h1SMnG0019339	-
h1SMnG0019340	-
h1SMnG0019341	-
h1SMnG0019342	-
h1SMnG0019343	-
h1SMnG0019344	-
h1SMnG0019345	-
h1SMnG0019346	-
h1SMnG0019347	-
h1SMnG0019348	C
h1SMnG0019349	-
h1SMnG0019350	-
h1SMnG0019351	-
h1SMnG0019352	-
h1SMnG0019353	-
h1SMnG0019354	-
h1SMnG0019355	-
h1SMnG0019356	-
h1SMnG0019357	S
h1SMnG0019358	S
h1SMnG0019359	-
h1SMnG0019360	-
h1SMnG0019361	-
h1SMnG0019362	-
h1SMnG0019363	-
h1SMnG0019364	-
h1SMnG0019365	-
h1SMnG0019366	-
h1SMnG0019367	-
h1SMnG0019368	-
h1SMnG0019369	-
h1SMnG0019370	-
h1SMnG0019371	-
h1SMnG0019372	-
h1SMnG0019373	-
h1SMnG0019374	-
h1SMnG0019375	-
h1SMnG0019376	-
h1SMnG0019377	-
h1SMnG0019378	-
h1SMnG0019379	-
h1SMnG0019380	-
h1SMnG0019381	-
h1SMnG0019382	-
h1SMnG0019383	-
h1SMnG0019384	-
h1SMnG0019385	-
h1SMnG0019386	-
h1SMnG0019387	-
h1SMnG0019388	-
h1SMnG0019389	-
h1SMnG0019390	-
h1SMnG0019391	-
h1SMnG0019392	-
h1SMnG0019393	-
h1SMnG0019394	-
h1SMnG0019395	-
h1SMnG0019396	-
h1SMnG0019397	-
h1SMnG0019398	-
h1SMnG0019399	-
h1SMnG0019400	-
h1SMnG0019401	-
h1SMnG0019402	-
h1SMnG0019403	-
h1SMnG0019404	-
h1SMnG0019405	-
h1SMnG0019406	-
h1SMnG0019407	-
h1SMnG0019408	-
h1SMnG0019409	-
h1SMnG0019410	-
h1SMnG0019411	-
h1SMnG0019412	-
h1SMnG0019413	-
h1SMnG0019414	-
h1SMnG0019415	-
h1SMnG0019416	-
h1SMnG0019417	-
h1SMnG0019418	-
h1SMnG0019419	-
h1SMnG0019420	-
h1SMnG0019421	-
h1SMnG0019422	-
h1SMnG0019423	-
h1SMnG0019424	-
h1SMnG0019425	-
h1SMnG0019426	-
h1SMnG0019427	-
h1SMnG0019428	-
h1SMnG0019429	-
h1SMnG0019430	-
h1SMnG0019431	-
h1SMnG0019432	-
h1SMnG0019433	-
h1SMnG0019434	-
h1SMnG0019435	-
h1SMnG0019436	-
h1SMnG0019437	-
h1SMnG0019438	-
h1SMnG0019439	-
h1SMnG0019440	-
h1SMnG0019441	-
h1SMnG0019442	-
h1SMnG0019443	-
h1SMnG0019444	-
h1SMnG0019445	-
h1SMnG0019446	-
h1SMnG0019447	-
h1SMnG0019448	-
h1SMnG0019449	-
h1SMnG0019450	-
h1SMnG0019451	-
h1SMnG0019452	-
h1SMnG0019453	-
h1SMnG0019454	-
h1SMnG0019455	-
h1SMnG0019456	-
h1SMnG0019457	-
h1SMnG0019458	-
h1SMnG0019459	-
h1SMnG0019460	T
h1SMnG0019461	-
h1SMnG0019462	-
h1SMnG0019463	-
h1SMnG0019464	-
h1SMnG0019465	-
h1SMnG0019466	-
h1SMnG0019467	-
h1SMnG0019468	-
h1SMnG0019469	-
h1SMnG0019470	-
h1SMnG0019471	-
h1SMnG0019472	-
h1SMnG0019473	-
h1SMnG0019474	-
h1SMnG0019475	-
h1SMnG0019476	-
h1SMnG0019477	-
h1SMnG0019478	-
h1SMnG0019479	-
h1SMnG0019480	-
h1SMnG0019481	-
h1SMnG0019482	-
h1SMnG0019483	-
h1SMnG0019484	-
h1SMnG0019485	-
h1SMnG0019486	-
h1SMnG0019487	-
h1SMnG0019488	-
h1SMnG0019489	-
h1SMnG0019490	-
h1SMnG0019491	-
h1SMnG0019492	-
h1SMnG0019493	-
h1SMnG0019494	-
h1SMnG0019495	-
h1SMnG0019496	-
h1SMnG0019497	-
h1SMnG0019498	-
h1SMnG0019499	-
h1SMnG0019500	-
h1SMnG0019501	-
h1SMnG0019502	-
h1SMnG0019503	-
h1SMnG0019504	-
h1SMnG0019505	-
h1SMnG0019506	-
h1SMnG0019507	-
h1SMnG0019508	-
h1SMnG0019509	-
h1SMnG0019510	-
h1SMnG0019511	-
h1SMnG0019512	-
h1SMnG0019513	-
h1SMnG0019514	-
h1SMnG0019515	-
h1SMnG0019516	-
h1SMnG0019517	-
h1SMnG0019518	-
h1SMnG0019519	-
h1SMnG0019520	P
h1SMnG0019521	-
h1SMnG0019522	-
h1SMnG0019523	-
h1SMnG0019524	-
h1SMnG0019525	-
h1SMnG0019526	-
h1SMnG0019527	-
h1SMnG0019528	-
h1SMnG0019529	-
h1SMnG0019530	-
h1SMnG0019531	-
h1SMnG0019532	-
h1SMnG0019533	-
h1SMnG0019534	-
h1SMnG0019535	-
h1SMnG0019536	-
h1SMnG0019537	-
h1SMnG0019538	-
h1SMnG0019539	-
h1SMnG0019540	-
h1SMnG0019541	-
h1SMnG0019542	-
h1SMnG0019543	-
h1SMnG0019544	-
h1SMnG0019545	-
h1SMnG0019546	-
h1SMnG0019547	-
h1SMnG0019548	-
h1SMnG0019549	-
h1SMnG0019550	-
h1SMnG0019551	-
h1SMnG0019552	-
h1SMnG0019553	-
h1SMnG0019554	-
h1SMnG0019555	-
h1SMnG0019556	-
h1SMnG0019557	-
h1SMnG0019558	-
h1SMnG0019559	-
h1SMnG0019560	-
h1SMnG0019561	-
h1SMnG0019562	-
h1SMnG0019563	-
h1SMnG0019564	-
h1SMnG0019565	-
h1SMnG0019566	-
h1SMnG0019567	-
h1SMnG0019568	-
h1SMnG0019569	-
h1SMnG0019570	-
h1SMnG0019571	-
h1SMnG0019572	-
h1SMnG0019573	-
h1SMnG0019574	-
h1SMnG0019575	-
h1SMnG0019576	-
h1SMnG0019577	-
h1SMnG0019578	-
h1SMnG0019579	-
h1SMnG0019580	S
h1SMnG0019581	-
h1SMnG0019582	-
h1SMnG0019583	-
h1SMnG0019584	-
h1SMnG0019585	-
h1SMnG0019586	-
h1SMnG0019587	-
h1SMnG0019588	-
h1SMnG0019589	-
h1SMnG0019590	-
h1SMnG0019591	-
h1SMnG0019592	-
h1SMnG0019593	-
h1SMnG0019594	-
h1SMnG0019595	-
h1SMnG0019596	-
h1SMnG0019597	-
h1SMnG0019598	-
h1SMnG0019599	-
h1SMnG0019600	-
h1SMnG0019601	-
h1SMnG0019602	-
h1SMnG0019603	S
h1SMnG0019604	-
h1SMnG0019605	-
h1SMnG0019606	-
h1SMnG0019607	-
h1SMnG0019608	-
h1SMnG0019609	-
h1SMnG0019610	-
h1SMnG0019611	-
h1SMnG0019612	-
h1SMnG0019613	-
h1SMnG0019614	-
h1SMnG0019615	-
h1SMnG0019616	-
h1SMnG0019617	-
h1SMnG0019618	-
h1SMnG0019619	-
h1SMnG0019620	-
h1SMnG0019621	-
h1SMnG0019622	-
h1SMnG0019623	-
h1SMnG0019624	-
h1SMnG0019625	-
h1SMnG0019626	-
h1SMnG0019627	-
h1SMnG0019628	-
h1SMnG0019629	-
h1SMnG0019630	-
h1SMnG0019631	-
h1SMnG0019632	-
h1SMnG0019633	-
h1SMnG0019634	-
h1SMnG0019635	-
h1SMnG0019636	-
h1SMnG0019637	-
h1SMnG0019638	-
h1SMnG0019639	-
h1SMnG0019640	-
h1SMnG0019641	-
h1SMnG0019642	-
h1SMnG0019643	-
h1SMnG0019644	-
h1SMnG0019645	-
h1SMnG0019646	-
h1SMnG0019647	-
h1SMnG0019648	-
h1SMnG0019649	-
h1SMnG0019650	-
h1SMnG0019651	-
h1SMnG0019652	V
h1SMnG0019653	-
h1SMnG0019654	-
h1SMnG0019655	-
h1SMnG0019656	-
h1SMnG0019657	-
h1SMnG0019658	-
h1SMnG0019659	-
h1SMnG0019660	-
h1SMnG0019661	-
h1SMnG0019662	-
h1SMnG0019663	-
h1SMnG0019664	-
h1SMnG0019665	-
h1SMnG0019666	-
h1SMnG0019667	-
h1SMnG0019668	-
h1SMnG0019669	-
h1SMnG0019670	-
h1SMnG0019671	-
h1SMnG0019672	-
h1SMnG0019673	-
h1SMnG0019674	-
h1SMnG0019675	-
h1SMnG0019676	-
h1SMnG0019677	-
h1SMnG0019678	-
h1SMnG0019679	-
h1SMnG0019680	-
h1SMnG0019681	-
h1SMnG0019682	-
h1SMnG0019683	-
h1SMnG0019684	-
h1SMnG0019685	-
h1SMnG0019686	-
h1SMnG0019687	-
h1SMnG0019688	-
h1SMnG0019689	-
h1SMnG0019690	-
h1SMnG0019691	-
h1SMnG0019692	-
h1SMnG0019693	-
h1SMnG0019694	-
h1SMnG0019695	-
h1SMnG0019696	-
h1SMnG0019697	-
h1SMnG0019698	-
h1SMnG0019699	-
h1SMnG0019700	-
h1SMnG0019701	-
h1SMnG0019702	-
h1SMnG0019703	-
h1SMnG0019704	-
h1SMnG0019705	-
h1SMnG0019706	-
h1SMnG0019707	-
h1SMnG0019708	-
h1SMnG0019709	-
h1SMnG0019710	-
h1SMnG0019711	-
h1SMnG0019712	-
h1SMnG0019713	-
h1SMnG0019714	-
h1SMnG0019715	-
h1SMnG0019716	-
h1SMnG0019717	-
h1SMnG0019718	-
h1SMnG0019719	-
h1SMnG0019720	-
h1SMnG0019721	-
h1SMnG0019722	-
h1SMnG0019723	-
h1SMnG0019724	-
h1SMnG0019725	-
h1SMnG0019726	-
h1SMnG0019727	-
h1SMnG0019728	-
h1SMnG0019729	-
h1SMnG0019730	-
h1SMnG0019731	-
h1SMnG0019732	-
h1SMnG0019733	-
h1SMnG0019734	-
h1SMnG0019735	-
h1SMnG0019736	-
h1SMnG0019737	-
h1SMnG0019738	-
h1SMnG0019739	G
h1SMnG0019740	T
h1SMnG0019741	-
h1SMnG0019742	-
h1SMnG0019743	-
h1SMnG0019744	-
h1SMnG0019745	-
h1SMnG0019746	-
h1SMnG0019747	S
h1SMnG0019748	-
h1SMnG0019749	-
h1SMnG0019750	-
h1SMnG0019751	-
h1SMnG0019752	-
h1SMnG0019753	-
h1SMnG0019754	-
h1SMnG0019755	-
h1SMnG0019756	-
h1SMnG0019757	-
h1SMnG0019758	-
h1SMnG0019759	-
h1SMnG0019760	-
h1SMnG0019761	-
h1SMnG0019762	-
h1SMnG0019763	-
h1SMnG0019764	-
h1SMnG0019765	-
h1SMnG0019766	-
h1SMnG0019767	-
h1SMnG0019768	-
h1SMnG0019769	-
h1SMnG0019770	-
h1SMnG0019771	-
h1SMnG0019772	-
h1SMnG0019773	-
h1SMnG0019774	-
h1SMnG0019775	-
h1SMnG0019776	-
h1SMnG0019777	-
h1SMnG0019778	-
h1SMnG0019779	-
h1SMnG0019780	-
h1SMnG0019781	-
h1SMnG0019782	-
h1SMnG0019783	-
h1SMnG0019784	-
h1SMnG0019785	-
h1SMnG0019786	-
h1SMnG0019787	S
h1SMnG0019788	-
h1SMnG0019789	-
h1SMnG0019790	-
h1SMnG0019791	-
h1SMnG0019792	-
h1SMnG0019793	-
h1SMnG0019794	-
h1SMnG0019795	E
h1SMnG0019796	-
h1SMnG0019797	-
h1SMnG0019798	-
h1SMnG0019799	-
h1SMnG0019800	-
h1SMnG0019801	-
h1SMnG0019802	-
h1SMnG0019803	-
h1SMnG0019804	-
h1SMnG0019805	-
h1SMnG0019806	-
h1SMnG0019807	-
h1SMnG0019808	-
h1SMnG0019809	-
h1SMnG0019810	-
h1SMnG0019811	-
h1SMnG0019812	-
h1SMnG0019813	-
h1SMnG0019814	-
h1SMnG0019815	-
h1SMnG0019816	-
h1SMnG0019817	-
h1SMnG0019818	-
h1SMnG0019819	-
h1SMnG0019820	-
h1SMnG0019821	G
h1SMnG0019822	-
h1SMnG0019823	-
h1SMnG0019824	-
h1SMnG0019825	-
h1SMnG0019826	-
h1SMnG0019827	-
h1SMnG0019828	-
h1SMnG0019829	-
h1SMnG0019830	-
h1SMnG0019831	-
h1SMnG0019832	-
h1SMnG0019833	-
h1SMnG0019834	-
h1SMnG0019835	-
h1SMnG0019836	-
h1SMnG0019837	-
h1SMnG0019838	-
h1SMnG0019839	-
h1SMnG0019840	-
h1SMnG0019841	-
h1SMnG0019842	-
h1SMnG0019843	-
h1SMnG0019844	-
h1SMnG0019845	-
h1SMnG0019846	-
h1SMnG0019847	-
h1SMnG0019848	-
h1SMnG0019849	-
h1SMnG0019850	-
h1SMnG0019851	-
h1SMnG0019852	-
h1SMnG0019853	-
h1SMnG0019854	-
h1SMnG0019855	-
h1SMnG0019856	-
h1SMnG0019857	-
h1SMnG0019858	-
h1SMnG0019859	-
h1SMnG0019860	-
h1SMnG0019861	-
h1SMnG0019862	-
h1SMnG0019863	-
h1SMnG0019864	-
h1SMnG0019865	-
h1SMnG0019866	-
h1SMnG0019867	-
h1SMnG0019868	-
h1SMnG0019869	-
h1SMnG0019870	-
h1SMnG0019871	-
h1SMnG0019872	-
h1SMnG0019873	-
h1SMnG0019874	-
h1SMnG0019875	-
h1SMnG0019876	-
h1SMnG0019877	-
h1SMnG0019878	-
h1SMnG0019879	-
h1SMnG0019880	-
h1SMnG0019881	-
h1SMnG0019882	-
h1SMnG0019883	-
h1SMnG0019884	-
h1SMnG0019885	-
h1SMnG0019886	-
h1SMnG0019887	-
h1SMnG0019888	-
h1SMnG0019889	-
h1SMnG0019890	-
h1SMnG0019891	-
h1SMnG0019892	-
h1SMnG0019893	-
h1SMnG0019894	-
h1SMnG0019895	-
h1SMnG0019896	O
h1SMnG0019897	-
h1SMnG0019898	-
h1SMnG0019899	-
h1SMnG0019900	-
h1SMnG0019901	-
h1SMnG0019902	-
h1SMnG0019903	-
h1SMnG0019904	-
h1SMnG0019905	-
h1SMnG0019906	-
h1SMnG0019907	-
h1SMnG0019908	-
h1SMnG0019909	-
h1SMnG0019910	-
h1SMnG0019911	-
h1SMnG0019912	-
h1SMnG0019913	-
h1SMnG0019914	-
h1SMnG0019915	-
h1SMnG0019916	-
h1SMnG0019917	-
h1SMnG0019918	-
h1SMnG0019919	-
h1SMnG0019920	-
h1SMnG0019921	-
h1SMnG0019922	-
h1SMnG0019923	-
h1SMnG0019924	-
h1SMnG0019925	-
h1SMnG0019926	-
h1SMnG0019927	O
h1SMnG0019928	-
h1SMnG0019929	-
h1SMnG0019930	-
h1SMnG0019931	-
h1SMnG0019932	-
h1SMnG0019933	-
h1SMnG0019934	-
h1SMnG0019935	-
h1SMnG0019936	-
h1SMnG0019937	T
h1SMnG0019938	-
h1SMnG0019939	-
h1SMnG0019940	-
h1SMnG0019941	-
h1SMnG0019942	-
h1SMnG0019943	-
h1SMnG0019944	-
h1SMnG0019945	-
h1SMnG0019946	-
h1SMnG0019947	-
h1SMnG0019948	-
h1SMnG0019949	-
h1SMnG0019950	-
h1SMnG0019951	-
h1SMnG0019952	-
h1SMnG0019953	-
h1SMnG0019954	-
h1SMnG0019955	-
h1SMnG0019956	-
h1SMnG0019957	-
h1SMnG0019958	-
h1SMnG0019959	-
h1SMnG0019960	-
h1SMnG0019961	-
h1SMnG0019962	-
h1SMnG0019963	-
h1SMnG0019964	-
h1SMnG0019965	-
h1SMnG0019966	-
h1SMnG0019967	-
h1SMnG0019968	-
h1SMnG0019969	-
h1SMnG0019970	-
h1SMnG0019971	-
h1SMnG0019972	-
h1SMnG0019973	-
h1SMnG0019974	-
h1SMnG0019975	-
h1SMnG0019976	-
h1SMnG0019977	-
h1SMnG0019978	-
h1SMnG0019979	-
h1SMnG0019980	-
h1SMnG0019981	-
h1SMnG0019982	-
h1SMnG0019983	L
h1SMnG0019984	-
h1SMnG0019985	-
h1SMnG0019986	-
h1SMnG0019987	-
h1SMnG0019988	-
h1SMnG0019989	-
h1SMnG0019990	-
h1SMnG0019991	-
h1SMnG0019992	-
h1SMnG0019993	-
h1SMnG0019994	-
h1SMnG0019995	-
h1SMnG0019996	-
h1SMnG0019997	-
h1SMnG0019998	-
h1SMnG0019999	-
h1SMnG0020000	-
h1SMnG0020001	-
h1SMnG0020002	-
h1SMnG0020003	-
h1SMnG0020004	-
h1SMnG0020005	-
h1SMnG0020006	-
h1SMnG0020007	-
h1SMnG0020008	-
h1SMnG0020009	-
h1SMnG0020010	-
h1SMnG0020011	-
h1SMnG0020012	O
h1SMnG0020013	-
h1SMnG0020014	-
h1SMnG0020015	-
h1SMnG0020016	-
h1SMnG0020017	-
h1SMnG0020018	-
h1SMnG0020019	-
h1SMnG0020020	-
h1SMnG0020021	-
h1SMnG0020022	-
h1SMnG0020023	-
h1SMnG0020024	-
h1SMnG0020025	-
h1SMnG0020026	-
h1SMnG0020027	-
h1SMnG0020028	-
h1SMnG0020029	-
h1SMnG0020030	-
h1SMnG0020031	-
h1SMnG0020032	-
h1SMnG0020033	-
h1SMnG0020034	-
h1SMnG0020035	-
h1SMnG0020036	-
h1SMnG0020037	-
h1SMnG0020038	-
h1SMnG0020039	-
h1SMnG0020040	-
h1SMnG0020041	-
h1SMnG0020042	-
h1SMnG0020043	-
h1SMnG0020044	-
h1SMnG0020045	-
h1SMnG0020046	-
h1SMnG0020047	-
h1SMnG0020048	-
h1SMnG0020049	-
h1SMnG0020050	-
h1SMnG0020051	-
h1SMnG0020052	-
h1SMnG0020053	-
h1SMnG0020054	-
h1SMnG0020055	-
h1SMnG0020056	-
h1SMnG0020057	-
h1SMnG0020058	-
h1SMnG0020059	-
h1SMnG0020060	-
h1SMnG0020061	-
h1SMnG0020062	-
h1SMnG0020063	-
h1SMnG0020064	-
h1SMnG0020065	-
h1SMnG0020066	-
h1SMnG0020067	-
h1SMnG0020068	-
h1SMnG0020069	-
h1SMnG0020070	-
h1SMnG0020071	-
h1SMnG0020072	-
h1SMnG0020073	-
h1SMnG0020074	S
h1SMnG0020075	-
h1SMnG0020076	-
h1SMnG0020077	-
h1SMnG0020078	-
h1SMnG0020079	-
h1SMnG0020080	-
h1SMnG0020081	-
h1SMnG0020082	-
h1SMnG0020083	-
h1SMnG0020084	S
h1SMnG0020085	-
h1SMnG0020086	-
h1SMnG0020087	-
h1SMnG0020088	-
h1SMnG0020089	-
h1SMnG0020090	-
h1SMnG0020091	-
h1SMnG0020092	-
h1SMnG0020093	-
h1SMnG0020094	-
h1SMnG0020095	-
h1SMnG0020096	-
h1SMnG0020097	-
h1SMnG0020098	-
h1SMnG0020099	-
h1SMnG0020100	-
h1SMnG0020101	-
h1SMnG0020102	-
h1SMnG0020103	-
h1SMnG0020104	-
h1SMnG0020105	-
h1SMnG0020106	-
h1SMnG0020107	-
h1SMnG0020108	-
h1SMnG0020109	-
h1SMnG0020110	-
h1SMnG0020111	-
h1SMnG0020112	-
h1SMnG0020113	-
h1SMnG0020114	-
h1SMnG0020115	-
h1SMnG0020116	-
h1SMnG0020117	-
h1SMnG0020118	-
h1SMnG0020119	-
h1SMnG0020120	-
h1SMnG0020121	-
h1SMnG0020122	-
h1SMnG0020123	-
h1SMnG0020124	-
h1SMnG0020125	-
h1SMnG0020126	-
h1SMnG0020127	-
h1SMnG0020128	-
h1SMnG0020129	-
h1SMnG0020130	-
h1SMnG0020131	-
h1SMnG0020132	-
h1SMnG0020133	-
h1SMnG0020134	-
h1SMnG0020135	-
h1SMnG0020136	-
h1SMnG0020137	-
h1SMnG0020138	-
h1SMnG0020139	-
h1SMnG0020140	-
h1SMnG0020141	-
h1SMnG0020142	-
h1SMnG0020143	-
h1SMnG0020144	-
h1SMnG0020145	-
h1SMnG0020146	-
h1SMnG0020147	-
h1SMnG0020148	-
h1SMnG0020149	-
h1SMnG0020150	-
h1SMnG0020151	-
h1SMnG0020152	-
h1SMnG0020153	-
h1SMnG0020154	-
h1SMnG0020155	-
h1SMnG0020156	-
h1SMnG0020157	-
h1SMnG0020158	-
h1SMnG0020159	-
h1SMnG0020160	-
h1SMnG0020161	-
h1SMnG0020162	-
h1SMnG0020163	-
h1SMnG0020164	-
h1SMnG0020165	-
h1SMnG0020166	-
h1SMnG0020167	-
h1SMnG0020168	-
h1SMnG0020169	-
h1SMnG0020170	-
h1SMnG0020171	GOT
h1SMnG0020172	-
h1SMnG0020173	-
h1SMnG0020174	-
h1SMnG0020175	-
h1SMnG0020176	-
h1SMnG0020177	-
h1SMnG0020178	-
h1SMnG0020179	-
h1SMnG0020180	-
h1SMnG0020181	-
h1SMnG0020182	-
h1SMnG0020183	-
h1SMnG0020184	-
h1SMnG0020185	-
h1SMnG0020186	-
h1SMnG0020187	-
h1SMnG0020188	-
h1SMnG0020189	-
h1SMnG0020190	-
h1SMnG0020191	-
h1SMnG0020192	-
h1SMnG0020193	-
h1SMnG0020194	-
h1SMnG0020195	-
h1SMnG0020196	-
h1SMnG0020197	-
h1SMnG0020198	-
h1SMnG0020199	-
h1SMnG0020200	-
h1SMnG0020201	-
h1SMnG0020202	-
h1SMnG0020203	-
h1SMnG0020204	-
h1SMnG0020205	-
h1SMnG0020206	-
h1SMnG0020207	-
h1SMnG0020208	-
h1SMnG0020209	-
h1SMnG0020210	-
h1SMnG0020211	-
h1SMnG0020212	-
h1SMnG0020213	-
h1SMnG0020214	-
h1SMnG0020215	-
h1SMnG0020216	-
h1SMnG0020217	-
h1SMnG0020218	-
h1SMnG0020219	-
h1SMnG0020220	-
h1SMnG0020221	-
h1SMnG0020222	-
h1SMnG0020223	-
h1SMnG0020224	-
h1SMnG0020225	-
h1SMnG0020226	-
h1SMnG0020227	-
h1SMnG0020228	-
h1SMnG0020229	-
h1SMnG0020230	-
h1SMnG0020231	-
h1SMnG0020232	-
h1SMnG0020233	-
h1SMnG0020234	-
h1SMnG0020235	-
h1SMnG0020236	-
h1SMnG0020237	-
h1SMnG0020238	-
h1SMnG0020239	-
h1SMnG0020240	O
h1SMnG0020241	-
h1SMnG0020242	-
h1SMnG0020243	-
h1SMnG0020244	-
h1SMnG0020245	-
h1SMnG0020246	-
h1SMnG0020247	-
h1SMnG0020248	-
h1SMnG0020249	-
h1SMnG0020250	-
h1SMnG0020251	-
h1SMnG0020252	A
h1SMnG0020253	-
h1SMnG0020254	-
h1SMnG0020255	-
h1SMnG0020256	-
h1SMnG0020257	-
h1SMnG0020258	-
h1SMnG0020259	-
h1SMnG0020260	-
h1SMnG0020261	-
h1SMnG0020262	-
h1SMnG0020263	-
h1SMnG0020264	-
h1SMnG0020265	-
h1SMnG0020266	-
h1SMnG0020267	-
h1SMnG0020268	-
h1SMnG0020269	-
h1SMnG0020270	-
h1SMnG0020271	-
h1SMnG0020272	-
h1SMnG0020273	-
h1SMnG0020274	-
h1SMnG0020275	-
h1SMnG0020276	-
h1SMnG0020277	-
h1SMnG0020278	-
h1SMnG0020279	-
h1SMnG0020280	-
h1SMnG0020281	-
h1SMnG0020282	-
h1SMnG0020283	-
h1SMnG0020284	-
h1SMnG0020285	-
h1SMnG0020286	-
h1SMnG0020287	-
h1SMnG0020288	-
h1SMnG0020289	-
h1SMnG0020290	-
h1SMnG0020291	-
h1SMnG0020292	-
h1SMnG0020293	-
h1SMnG0020294	-
h1SMnG0020295	-
h1SMnG0020296	-
h1SMnG0020297	-
h1SMnG0020298	-
h1SMnG0020299	-
h1SMnG0020300	-
h1SMnG0020301	-
h1SMnG0020302	-
h1SMnG0020303	-
h1SMnG0020304	-
h1SMnG0020305	-
h1SMnG0020306	-
h1SMnG0020307	-
h1SMnG0020308	-
h1SMnG0020309	-
h1SMnG0020310	-
h1SMnG0020311	-
h1SMnG0020312	-
h1SMnG0020313	-
h1SMnG0020314	-
h1SMnG0020315	T
h1SMnG0020316	-
h1SMnG0020317	-
h1SMnG0020318	-
h1SMnG0020319	-
h1SMnG0020320	-
h1SMnG0020321	-
h1SMnG0020322	-
h1SMnG0020323	-
h1SMnG0020324	-
h1SMnG0020325	-
h1SMnG0020326	-
h1SMnG0020327	-
h1SMnG0020328	-
h1SMnG0020329	-
h1SMnG0020330	-
h1SMnG0020331	-
h1SMnG0020332	-
h1SMnG0020333	-
h1SMnG0020334	-
h1SMnG0020335	-
h1SMnG0020336	-
h1SMnG0020337	-
h1SMnG0020338	-
h1SMnG0020339	-
h1SMnG0020340	-
h1SMnG0020341	-
h1SMnG0020342	-
h1SMnG0020343	-
h1SMnG0020344	-
h1SMnG0020345	-
h1SMnG0020346	-
h1SMnG0020347	-
h1SMnG0020348	-
h1SMnG0020349	S
h1SMnG0020350	-
h1SMnG0020351	-
h1SMnG0020352	-
h1SMnG0020353	-
h1SMnG0020354	-
h1SMnG0020355	-
h1SMnG0020356	-
h1SMnG0020357	-
h1SMnG0020358	-
h1SMnG0020359	-
h1SMnG0020360	-
h1SMnG0020361	-
h1SMnG0020362	-
h1SMnG0020363	-
h1SMnG0020364	-
h1SMnG0020365	-
h1SMnG0020366	-
h1SMnG0020367	-
h1SMnG0020368	-
h1SMnG0020369	-
h1SMnG0020370	-
h1SMnG0020371	-
h1SMnG0020372	-
h1SMnG0020373	-
h1SMnG0020374	-
h1SMnG0020375	-
h1SMnG0020376	-
h1SMnG0020377	-
h1SMnG0020378	-
h1SMnG0020379	-
h1SMnG0020380	-
h1SMnG0020381	-
h1SMnG0020382	-
h1SMnG0020383	-
h1SMnG0020384	-
h1SMnG0020385	-
h1SMnG0020386	-
h1SMnG0020387	-
h1SMnG0020388	-
h1SMnG0020389	-
h1SMnG0020390	-
h1SMnG0020391	-
h1SMnG0020392	-
h1SMnG0020393	-
h1SMnG0020394	G
h1SMnG0020395	-
h1SMnG0020396	-
h1SMnG0020397	-
h1SMnG0020398	-
h1SMnG0020399	-
h1SMnG0020400	-
h1SMnG0020401	-
h1SMnG0020402	-
h1SMnG0020403	-
h1SMnG0020404	-
h1SMnG0020405	-
h1SMnG0020406	-
h1SMnG0020407	-
h1SMnG0020408	-
h1SMnG0020409	-
h1SMnG0020410	-
h1SMnG0020411	-
h1SMnG0020412	-
h1SMnG0020413	-
h1SMnG0020414	-
h1SMnG0020415	-
h1SMnG0020416	-
h1SMnG0020417	-
h1SMnG0020418	-
h1SMnG0020419	J
h1SMnG0020420	-
h1SMnG0020421	-
h1SMnG0020422	-
h1SMnG0020423	-
h1SMnG0020424	-
h1SMnG0020425	-
h1SMnG0020426	-
h1SMnG0020427	-
h1SMnG0020428	-
h1SMnG0020429	-
h1SMnG0020430	-
h1SMnG0020431	-
h1SMnG0020432	-
h1SMnG0020433	-
h1SMnG0020434	-
h1SMnG0020435	-
h1SMnG0020436	-
h1SMnG0020437	-
h1SMnG0020438	-
h1SMnG0020439	-
h1SMnG0020440	-
h1SMnG0020441	-
h1SMnG0020442	-
h1SMnG0020443	-
h1SMnG0020444	-
h1SMnG0020445	S
h1SMnG0020446	-
h1SMnG0020447	-
h1SMnG0020448	-
h1SMnG0020449	-
h1SMnG0020450	-
h1SMnG0020451	-
h1SMnG0020452	-
h1SMnG0020453	-
h1SMnG0020454	-
h1SMnG0020455	-
h1SMnG0020456	-
h1SMnG0020457	-
h1SMnG0020458	-
h1SMnG0020459	-
h1SMnG0020460	-
h1SMnG0020461	-
h1SMnG0020462	-
h1SMnG0020463	-
h1SMnG0020464	-
h1SMnG0020465	-
h1SMnG0020466	-
h1SMnG0020467	-
h1SMnG0020468	E
h1SMnG0020469	-
h1SMnG0020470	-
h1SMnG0020471	-
h1SMnG0020472	-
h1SMnG0020473	-
h1SMnG0020474	-
h1SMnG0020475	-
h1SMnG0020476	-
h1SMnG0020477	-
h1SMnG0020478	-
h1SMnG0020479	-
h1SMnG0020480	-
h1SMnG0020481	-
h1SMnG0020482	-
h1SMnG0020483	-
h1SMnG0020484	-
h1SMnG0020485	J
h1SMnG0020486	J
h1SMnG0020487	-
h1SMnG0020488	-
h1SMnG0020489	-
h1SMnG0020490	-
h1SMnG0020491	-
h1SMnG0020492	-
h1SMnG0020493	-
h1SMnG0020494	-
h1SMnG0020495	-
h1SMnG0020496	Z
h1SMnG0020497	-
h1SMnG0020498	-
h1SMnG0020499	-
h1SMnG0020500	-
h1SMnG0020501	-
h1SMnG0020502	-
h1SMnG0020503	-
h1SMnG0020504	-
h1SMnG0020505	-
h1SMnG0020506	-
h1SMnG0020507	-
h1SMnG0020508	-
h1SMnG0020509	-
h1SMnG0020510	-
h1SMnG0020511	-
h1SMnG0020512	-
h1SMnG0020513	-
h1SMnG0020514	-
h1SMnG0020515	-
h1SMnG0020516	-
h1SMnG0020517	-
h1SMnG0020518	-
h1SMnG0020519	-
h1SMnG0020520	-
h1SMnG0020521	Z
h1SMnG0020522	-
h1SMnG0020523	-
h1SMnG0020524	-
h1SMnG0020525	-
h1SMnG0020526	-
h1SMnG0020527	-
h1SMnG0020528	-
h1SMnG0020529	-
h1SMnG0020530	-
h1SMnG0020531	B
h1SMnG0020532	-
h1SMnG0020533	-
h1SMnG0020534	-
h1SMnG0020535	-
h1SMnG0020536	-
h1SMnG0020537	-
h1SMnG0020538	-
h1SMnG0020539	-
h1SMnG0020540	A
h1SMnG0020541	-
h1SMnG0020542	BD
h1SMnG0020543	-
h1SMnG0020544	-
h1SMnG0020545	C
h1SMnG0020546	-
h1SMnG0020547	-
h1SMnG0020548	-
h1SMnG0020549	-
h1SMnG0020550	-
h1SMnG0020551	-
h1SMnG0020552	-
h1SMnG0020553	-
h1SMnG0020554	-
h1SMnG0020555	-
h1SMnG0020556	I
h1SMnG0020557	-
h1SMnG0020558	-
h1SMnG0020559	-
h1SMnG0020560	-
h1SMnG0020561	-
h1SMnG0020562	-
h1SMnG0020563	-
h1SMnG0020564	-
h1SMnG0020565	-
h1SMnG0020566	-
h1SMnG0020567	-
h1SMnG0020568	-
h1SMnG0020569	-
h1SMnG0020570	-
h1SMnG0020571	-
h1SMnG0020572	-
h1SMnG0020573	-
h1SMnG0020574	-
h1SMnG0020575	-
h1SMnG0020576	-
h1SMnG0020577	EPT
h1SMnG0020578	-
h1SMnG0020579	-
h1SMnG0020580	-
h1SMnG0020581	-
h1SMnG0020582	-
h1SMnG0020583	-
h1SMnG0020584	-
h1SMnG0020585	-
h1SMnG0020586	-
h1SMnG0020587	-
h1SMnG0020588	-
h1SMnG0020589	-
h1SMnG0020590	-
h1SMnG0020591	-
h1SMnG0020592	-
h1SMnG0020593	-
h1SMnG0020594	-
h1SMnG0020595	-
h1SMnG0020596	-
h1SMnG0020597	-
h1SMnG0020598	-
h1SMnG0020599	-
h1SMnG0020600	-
h1SMnG0020601	-
h1SMnG0020602	-
h1SMnG0020603	-
h1SMnG0020604	-
h1SMnG0020605	-
h1SMnG0020606	-
h1SMnG0020607	-
h1SMnG0020608	-
h1SMnG0020609	-
h1SMnG0020610	-
h1SMnG0020611	-
h1SMnG0020612	-
h1SMnG0020613	-
h1SMnG0020614	-
h1SMnG0020615	-
h1SMnG0020616	-
h1SMnG0020617	-
h1SMnG0020618	-
h1SMnG0020619	-
h1SMnG0020620	-
h1SMnG0020621	-
h1SMnG0020622	-
h1SMnG0020623	-
h1SMnG0020624	-
h1SMnG0020625	-
h1SMnG0020626	-
h1SMnG0020627	-
h1SMnG0020628	-
h1SMnG0020629	-
h1SMnG0020630	-
h1SMnG0020631	-
h1SMnG0020632	-
h1SMnG0020633	-
h1SMnG0020634	-
h1SMnG0020635	-
h1SMnG0020636	-
h1SMnG0020637	-
h1SMnG0020638	-
h1SMnG0020639	-
h1SMnG0020640	-
h1SMnG0020641	-
h1SMnG0020642	-
h1SMnG0020643	-
h1SMnG0020644	-
h1SMnG0020645	-
h1SMnG0020646	-
h1SMnG0020647	-
h1SMnG0020648	-
h1SMnG0020649	-
h1SMnG0020650	-
h1SMnG0020651	-
h1SMnG0020652	-
h1SMnG0020653	-
h1SMnG0020654	-
h1SMnG0020655	-
h1SMnG0020656	-
h1SMnG0020657	-
h1SMnG0020658	-
h1SMnG0020659	-
h1SMnG0020660	-
h1SMnG0020661	-
h1SMnG0020662	-
h1SMnG0020663	-
h1SMnG0020664	-
h1SMnG0020665	-
h1SMnG0020666	-
h1SMnG0020667	-
h1SMnG0020668	-
h1SMnG0020669	-
h1SMnG0020670	-
h1SMnG0020671	-
h1SMnG0020672	-
h1SMnG0020673	-
h1SMnG0020674	-
h1SMnG0020675	-
h1SMnG0020676	-
h1SMnG0020677	-
h1SMnG0020678	-
h1SMnG0020679	-
h1SMnG0020680	-
h1SMnG0020681	-
h1SMnG0020682	-
h1SMnG0020683	-
h1SMnG0020684	-
h1SMnG0020685	A
h1SMnG0020686	-
h1SMnG0020687	-
h1SMnG0020688	-
h1SMnG0020689	-
h1SMnG0020690	-
h1SMnG0020691	-
h1SMnG0020692	-
h1SMnG0020693	-
h1SMnG0020694	-
h1SMnG0020695	-
h1SMnG0020696	-
h1SMnG0020697	-
h1SMnG0020698	-
h1SMnG0020699	-
h1SMnG0020700	-
h1SMnG0020701	-
h1SMnG0020702	-
h1SMnG0020703	-
h1SMnG0020704	-
h1SMnG0020705	-
h1SMnG0020706	-
h1SMnG0020707	-
h1SMnG0020708	-
h1SMnG0020709	-
h1SMnG0020710	-
h1SMnG0020711	-
h1SMnG0020712	-
h1SMnG0020713	-
h1SMnG0020714	-
h1SMnG0020715	-
h1SMnG0020716	-
h1SMnG0020717	-
h1SMnG0020718	-
h1SMnG0020719	-
h1SMnG0020720	-
h1SMnG0020721	-
h1SMnG0020722	-
h1SMnG0020723	-
h1SMnG0020724	-
h1SMnG0020725	-
h1SMnG0020726	-
h1SMnG0020727	-
h1SMnG0020728	-
h1SMnG0020729	-
h1SMnG0020730	-
h1SMnG0020731	-
h1SMnG0020732	-
h1SMnG0020733	-
h1SMnG0020734	-
h1SMnG0020735	-
h1SMnG0020736	-
h1SMnG0020737	-
h1SMnG0020738	-
h1SMnG0020739	-
h1SMnG0020740	-
h1SMnG0020741	-
h1SMnG0020742	-
h1SMnG0020743	-
h1SMnG0020744	-
h1SMnG0020745	-
h1SMnG0020746	-
h1SMnG0020747	-
h1SMnG0020748	-
h1SMnG0020749	-
h1SMnG0020750	-
h1SMnG0020751	-
h1SMnG0020752	-
h1SMnG0020753	-
h1SMnG0020754	-
h1SMnG0020755	-
h1SMnG0020756	-
h1SMnG0020757	-
h1SMnG0020758	-
h1SMnG0020759	-
h1SMnG0020760	-
h1SMnG0020761	-
h1SMnG0020762	-
h1SMnG0020763	-
h1SMnG0020764	-
h1SMnG0020765	-
h1SMnG0020766	-
h1SMnG0020767	-
h1SMnG0020768	-
h1SMnG0020769	-
h1SMnG0020770	-
h1SMnG0020771	-
h1SMnG0020772	-
h1SMnG0020773	-
h1SMnG0020774	-
h1SMnG0020775	-
h1SMnG0020776	-
h1SMnG0020777	-
h1SMnG0020778	-
h1SMnG0020779	-
h1SMnG0020780	-
h1SMnG0020781	-
h1SMnG0020782	-
h1SMnG0020783	-
h1SMnG0020784	-
h1SMnG0020785	-
h1SMnG0020786	-
h1SMnG0020787	-
h1SMnG0020788	-
h1SMnG0020789	-
h1SMnG0020790	-
h1SMnG0020791	-
h1SMnG0020792	-
h1SMnG0020793	-
h1SMnG0020794	-
h1SMnG0020795	-
h1SMnG0020796	-
h1SMnG0020797	-
h1SMnG0020798	-
h1SMnG0020799	-
h1SMnG0020800	-
h1SMnG0020801	K
h1SMnG0020802	-
h1SMnG0020803	-
h1SMnG0020804	-
h1SMnG0020805	-
h1SMnG0020806	-
h1SMnG0020807	-
h1SMnG0020808	-
h1SMnG0020809	-
h1SMnG0020810	-
h1SMnG0020811	-
h1SMnG0020812	-
h1SMnG0020813	-
h1SMnG0020814	-
h1SMnG0020815	-
h1SMnG0020816	-
h1SMnG0020817	-
h1SMnG0020818	-
h1SMnG0020819	-
h1SMnG0020820	-
h1SMnG0020821	-
h1SMnG0020822	-
h1SMnG0020823	-
h1SMnG0020824	-
h1SMnG0020825	-
h1SMnG0020826	-
h1SMnG0020827	-
h1SMnG0020828	-
h1SMnG0020829	-
h1SMnG0020830	-
h1SMnG0020831	-
h1SMnG0020832	-
h1SMnG0020833	-
h1SMnG0020834	-
h1SMnG0020835	-
h1SMnG0020836	-
h1SMnG0020837	-
h1SMnG0020838	-
h1SMnG0020839	-
h1SMnG0020840	-
h1SMnG0020841	-
h1SMnG0020842	-
h1SMnG0020843	-
h1SMnG0020844	-
h1SMnG0020845	-
h1SMnG0020846	-
h1SMnG0020847	-
h1SMnG0020848	-
h1SMnG0020849	-
h1SMnG0020850	-
h1SMnG0020851	-
h1SMnG0020852	-
h1SMnG0020853	-
h1SMnG0020854	-
h1SMnG0020855	-
h1SMnG0020856	K
h1SMnG0020857	-
h1SMnG0020858	-
h1SMnG0020859	-
h1SMnG0020860	-
h1SMnG0020861	-
h1SMnG0020862	-
h1SMnG0020863	-
h1SMnG0020864	-
h1SMnG0020865	-
h1SMnG0020866	-
h1SMnG0020867	-
h1SMnG0020868	-
h1SMnG0020869	-
h1SMnG0020870	-
h1SMnG0020871	-
h1SMnG0020872	-
h1SMnG0020873	-
h1SMnG0020874	-
h1SMnG0020875	-
h1SMnG0020876	-
h1SMnG0020877	-
h1SMnG0020878	-
h1SMnG0020879	-
h1SMnG0020880	-
h1SMnG0020881	-
h1SMnG0020882	-
h1SMnG0020883	-
h1SMnG0020884	-
h1SMnG0020885	-
h1SMnG0020886	-
h1SMnG0020887	-
h1SMnG0020888	A
h1SMnG0020889	-
h1SMnG0020890	-
h1SMnG0020891	-
h1SMnG0020892	-
h1SMnG0020893	-
h1SMnG0020894	-
h1SMnG0020895	-
h1SMnG0020896	-
h1SMnG0020897	-
h1SMnG0020898	-
h1SMnG0020899	-
h1SMnG0020900	-
h1SMnG0020901	-
h1SMnG0020902	-
h1SMnG0020903	-
h1SMnG0020904	I
h1SMnG0020905	-
h1SMnG0020906	-
h1SMnG0020907	-
h1SMnG0020908	-
h1SMnG0020909	-
h1SMnG0020910	-
h1SMnG0020911	-
h1SMnG0020912	-
h1SMnG0020913	-
h1SMnG0020914	-
h1SMnG0020915	-
h1SMnG0020916	-
h1SMnG0020917	-
h1SMnG0020918	-
h1SMnG0020919	-
h1SMnG0020920	-
h1SMnG0020921	-
h1SMnG0020922	-
h1SMnG0020923	-
h1SMnG0020924	-
h1SMnG0020925	-
h1SMnG0020926	-
h1SMnG0020927	-
h1SMnG0020928	-
h1SMnG0020929	-
h1SMnG0020930	-
h1SMnG0020931	-
h1SMnG0020932	-
h1SMnG0020933	-
h1SMnG0020934	-
h1SMnG0020935	-
h1SMnG0020936	E
h1SMnG0020937	-
h1SMnG0020938	-
h1SMnG0020939	-
h1SMnG0020940	-
h1SMnG0020941	-
h1SMnG0020942	-
h1SMnG0020943	-
h1SMnG0020944	-
h1SMnG0020945	-
h1SMnG0020946	-
h1SMnG0020947	-
h1SMnG0020948	-
h1SMnG0020949	-
h1SMnG0020950	-
h1SMnG0020951	-
h1SMnG0020952	-
h1SMnG0020953	-
h1SMnG0020954	-
h1SMnG0020955	-
h1SMnG0020956	-
h1SMnG0020957	-
h1SMnG0020958	-
h1SMnG0020959	-
h1SMnG0020960	-
h1SMnG0020961	-
h1SMnG0020962	-
h1SMnG0020963	-
h1SMnG0020964	-
h1SMnG0020965	-
h1SMnG0020966	-
h1SMnG0020967	-
h1SMnG0020968	-
h1SMnG0020969	-
h1SMnG0020970	-
h1SMnG0020971	-
h1SMnG0020972	-
h1SMnG0020973	-
h1SMnG0020974	T
h1SMnG0020975	-
h1SMnG0020976	-
h1SMnG0020977	-
h1SMnG0020978	-
h1SMnG0020979	Z
h1SMnG0020980	-
h1SMnG0020981	-
h1SMnG0020982	-
h1SMnG0020983	-
h1SMnG0020984	-
h1SMnG0020985	-
h1SMnG0020986	-
h1SMnG0020987	-
h1SMnG0020988	-
h1SMnG0020989	-
h1SMnG0020990	-
h1SMnG0020991	-
h1SMnG0020992	-
h1SMnG0020993	-
h1SMnG0020994	-
h1SMnG0020995	-
h1SMnG0020996	-
h1SMnG0020997	-
h1SMnG0020998	-
h1SMnG0020999	-
h1SMnG0021000	-
h1SMnG0021001	-
h1SMnG0021002	EPT
h1SMnG0021003	-
h1SMnG0021004	-
h1SMnG0021005	-
h1SMnG0021006	-
h1SMnG0021007	-
h1SMnG0021008	-
h1SMnG0021009	-
h1SMnG0021010	-
h1SMnG0021011	-
h1SMnG0021012	-
h1SMnG0021013	-
h1SMnG0021014	-
h1SMnG0021015	-
h1SMnG0021016	-
h1SMnG0021017	-
h1SMnG0021018	-
h1SMnG0021019	-
h1SMnG0021020	-
h1SMnG0021021	-
h1SMnG0021022	-
h1SMnG0021023	-
h1SMnG0021024	-
h1SMnG0021025	-
h1SMnG0021026	-
h1SMnG0021027	-
h1SMnG0021028	-
h1SMnG0021029	-
h1SMnG0021030	-
h1SMnG0021031	-
h1SMnG0021032	-
h1SMnG0021033	-
h1SMnG0021034	-
h1SMnG0021035	A
h1SMnG0021036	-
h1SMnG0021037	-
h1SMnG0021038	-
h1SMnG0021039	-
h1SMnG0021040	-
h1SMnG0021041	E
h1SMnG0021042	-
h1SMnG0021043	-
h1SMnG0021044	-
h1SMnG0021045	-
h1SMnG0021046	-
h1SMnG0021047	-
h1SMnG0021048	-
h1SMnG0021049	-
h1SMnG0021050	-
h1SMnG0021051	S
h1SMnG0021052	-
h1SMnG0021053	-
h1SMnG0021054	Z
h1SMnG0021055	-
h1SMnG0021056	-
h1SMnG0021057	-
h1SMnG0021058	-
h1SMnG0021059	-
h1SMnG0021060	-
h1SMnG0021061	-
h1SMnG0021062	-
h1SMnG0021063	-
h1SMnG0021064	-
h1SMnG0021065	-
h1SMnG0021066	-
h1SMnG0021067	-
h1SMnG0021068	-
h1SMnG0021069	-
h1SMnG0021070	-
h1SMnG0021071	-
h1SMnG0021072	-
h1SMnG0021073	-
h1SMnG0021074	-
h1SMnG0021075	-
h1SMnG0021076	-
h1SMnG0021077	-
h1SMnG0021078	-
h1SMnG0021079	-
h1SMnG0021080	-
h1SMnG0021081	-
h1SMnG0021082	-
h1SMnG0021083	-
h1SMnG0021084	-
h1SMnG0021085	-
h1SMnG0021086	-
h1SMnG0021087	-
h1SMnG0021088	-
h1SMnG0021089	-
h1SMnG0021090	-
h1SMnG0021091	-
h1SMnG0021092	S
h1SMnG0021093	-
h1SMnG0021094	-
h1SMnG0021095	-
h1SMnG0021096	-
h1SMnG0021097	-
h1SMnG0021098	-
h1SMnG0021099	-
h1SMnG0021100	-
h1SMnG0021101	-
h1SMnG0021102	-
h1SMnG0021103	-
h1SMnG0021104	-
h1SMnG0021105	-
h1SMnG0021106	-
h1SMnG0021107	-
h1SMnG0021108	-
h1SMnG0021109	-
h1SMnG0021110	-
h1SMnG0021111	-
h1SMnG0021112	P
h1SMnG0021113	-
h1SMnG0021114	-
h1SMnG0021115	-
h1SMnG0021116	-
h1SMnG0021117	-
h1SMnG0021118	-
h1SMnG0021119	-
h1SMnG0021120	-
h1SMnG0021121	-
h1SMnG0021122	-
h1SMnG0021123	-
h1SMnG0021124	-
h1SMnG0021125	-
h1SMnG0021126	-
h1SMnG0021127	-
h1SMnG0021128	-
h1SMnG0021129	-
h1SMnG0021130	-
h1SMnG0021131	-
h1SMnG0021132	-
h1SMnG0021133	-
h1SMnG0021134	-
h1SMnG0021135	-
h1SMnG0021136	-
h1SMnG0021137	-
h1SMnG0021138	-
h1SMnG0021139	-
h1SMnG0021140	-
h1SMnG0021141	-
h1SMnG0021142	-
h1SMnG0021143	-
h1SMnG0021144	-
h1SMnG0021145	-
h1SMnG0021146	-
h1SMnG0021147	-
h1SMnG0021148	-
h1SMnG0021149	-
h1SMnG0021150	-
h1SMnG0021151	-
h1SMnG0021152	-
h1SMnG0021153	-
h1SMnG0021154	-
h1SMnG0021155	-
h1SMnG0021156	-
h1SMnG0021157	-
h1SMnG0021158	-
h1SMnG0021159	-
h1SMnG0021160	-
h1SMnG0021161	-
h1SMnG0021162	-
h1SMnG0021163	-
h1SMnG0021164	-
h1SMnG0021165	-
h1SMnG0021166	-
h1SMnG0021167	-
h1SMnG0021168	-
h1SMnG0021169	-
h1SMnG0021170	-
h1SMnG0021171	-
h1SMnG0021172	-
h1SMnG0021173	-
h1SMnG0021174	-
h1SMnG0021175	-
h1SMnG0021176	-
h1SMnG0021177	-
h1SMnG0021178	-
h1SMnG0021179	-
h1SMnG0021180	-
h1SMnG0021181	-
h1SMnG0021182	-
h1SMnG0021183	-
h1SMnG0021184	-
h1SMnG0021185	-
h1SMnG0021186	-
h1SMnG0021187	-
h1SMnG0021188	-
h1SMnG0021189	-
h1SMnG0021190	-
h1SMnG0021191	-
h1SMnG0021192	O
h1SMnG0021193	-
h1SMnG0021194	-
h1SMnG0021195	-
h1SMnG0021196	D
h1SMnG0021197	-
h1SMnG0021198	-
h1SMnG0021199	-
h1SMnG0021200	-
h1SMnG0021201	-
h1SMnG0021202	-
h1SMnG0021203	-
h1SMnG0021204	-
h1SMnG0021205	-
h1SMnG0021206	-
h1SMnG0021207	-
h1SMnG0021208	-
h1SMnG0021209	-
h1SMnG0021210	-
h1SMnG0021211	-
h1SMnG0021212	-
h1SMnG0021213	-
h1SMnG0021214	-
h1SMnG0021215	-
h1SMnG0021216	K
h1SMnG0021217	-
h1SMnG0021218	-
h1SMnG0021219	-
h1SMnG0021220	-
h1SMnG0021221	-
h1SMnG0021222	-
h1SMnG0021223	-
h1SMnG0021224	-
h1SMnG0021225	-
h1SMnG0021226	-
h1SMnG0021227	-
h1SMnG0021228	-
h1SMnG0021229	-
h1SMnG0021230	-
h1SMnG0021231	-
h1SMnG0021232	-
h1SMnG0021233	-
h1SMnG0021234	-
h1SMnG0021235	-
h1SMnG0021236	-
h1SMnG0021237	-
h1SMnG0021238	-
h1SMnG0021239	-
h1SMnG0021240	-
h1SMnG0021241	-
h1SMnG0021242	-
h1SMnG0021243	-
h1SMnG0021244	-
h1SMnG0021245	-
h1SMnG0021246	-
h1SMnG0021247	-
h1SMnG0021248	-
h1SMnG0021249	-
h1SMnG0021250	-
h1SMnG0021251	-
h1SMnG0021252	-
h1SMnG0021253	-
h1SMnG0021254	-
h1SMnG0021255	-
h1SMnG0021256	-
h1SMnG0021257	-
h1SMnG0021258	-
h1SMnG0021259	-
h1SMnG0021260	-
h1SMnG0021261	-
h1SMnG0021262	-
h1SMnG0021263	-
h1SMnG0021264	-
h1SMnG0021265	-
h1SMnG0021266	-
h1SMnG0021267	-
h1SMnG0021268	-
h1SMnG0021269	-
h1SMnG0021270	-
h1SMnG0021271	-
h1SMnG0021272	-
h1SMnG0021273	-
h1SMnG0021274	-
h1SMnG0021275	-
h1SMnG0021276	-
h1SMnG0021277	-
h1SMnG0021278	-
h1SMnG0021279	-
h1SMnG0021280	-
h1SMnG0021281	-
h1SMnG0021282	-
h1SMnG0021283	-
h1SMnG0021284	-
h1SMnG0021285	-
h1SMnG0021286	-
h1SMnG0021287	-
h1SMnG0021288	-
h1SMnG0021289	-
h1SMnG0021290	-
h1SMnG0021291	-
h1SMnG0021292	-
h1SMnG0021293	-
h1SMnG0021294	-
h1SMnG0021295	-
h1SMnG0021296	-
h1SMnG0021297	-
h1SMnG0021298	-
h1SMnG0021299	-
h1SMnG0021300	-
h1SMnG0021301	-
h1SMnG0021302	-
h1SMnG0021303	G
h1SMnG0021304	-
h1SMnG0021305	-
h1SMnG0021306	-
h1SMnG0021307	-
h1SMnG0021308	-
h1SMnG0021309	-
h1SMnG0021310	-
h1SMnG0021311	-
h1SMnG0021312	-
h1SMnG0021313	-
h1SMnG0021314	-
h1SMnG0021315	-
h1SMnG0021316	-
h1SMnG0021317	-
h1SMnG0021318	-
h1SMnG0021319	-
h1SMnG0021320	-
h1SMnG0021321	-
h1SMnG0021322	-
h1SMnG0021323	-
h1SMnG0021324	-
h1SMnG0021325	-
h1SMnG0021326	-
h1SMnG0021327	-
h1SMnG0021328	-
h1SMnG0021329	-
h1SMnG0021330	-
h1SMnG0021331	-
h1SMnG0021332	-
h1SMnG0021333	-
h1SMnG0021334	-
h1SMnG0021335	-
h1SMnG0021336	-
h1SMnG0021337	-
h1SMnG0021338	-
h1SMnG0021339	-
h1SMnG0021340	-
h1SMnG0021341	-
h1SMnG0021342	-
h1SMnG0021343	-
h1SMnG0021344	-
h1SMnG0021345	-
h1SMnG0021346	-
h1SMnG0021347	-
h1SMnG0021348	-
h1SMnG0021349	-
h1SMnG0021350	-
h1SMnG0021351	-
h1SMnG0021352	-
h1SMnG0021353	-
h1SMnG0021354	S
h1SMnG0021355	-
h1SMnG0021356	-
h1SMnG0021357	-
h1SMnG0021358	-
h1SMnG0021359	-
h1SMnG0021360	-
h1SMnG0021361	-
h1SMnG0021362	-
h1SMnG0021363	-
h1SMnG0021364	-
h1SMnG0021365	-
h1SMnG0021366	S
h1SMnG0021367	-
h1SMnG0021368	-
h1SMnG0021369	-
h1SMnG0021370	-
h1SMnG0021371	-
h1SMnG0021372	-
h1SMnG0021373	-
h1SMnG0021374	-
h1SMnG0021375	-
h1SMnG0021376	-
h1SMnG0021377	-
h1SMnG0021378	-
h1SMnG0021379	-
h1SMnG0021380	-
h1SMnG0021381	-
h1SMnG0021382	-
h1SMnG0021383	-
h1SMnG0021384	-
h1SMnG0021385	-
h1SMnG0021386	-
h1SMnG0021387	-
h1SMnG0021388	-
h1SMnG0021389	-
h1SMnG0021390	-
h1SMnG0021391	-
h1SMnG0021392	-
h1SMnG0021393	-
h1SMnG0021394	-
h1SMnG0021395	-
h1SMnG0021396	-
h1SMnG0021397	-
h1SMnG0021398	-
h1SMnG0021399	-
h1SMnG0021400	-
h1SMnG0021401	-
h1SMnG0021402	-
h1SMnG0021403	-
h1SMnG0021404	-
h1SMnG0021405	-
h1SMnG0021406	-
h1SMnG0021407	-
h1SMnG0021408	-
h1SMnG0021409	-
h1SMnG0021410	-
h1SMnG0021411	-
h1SMnG0021412	-
h1SMnG0021413	-
h1SMnG0021414	-
h1SMnG0021415	-
h1SMnG0021416	-
h1SMnG0021417	-
h1SMnG0021418	-
h1SMnG0021419	-
h1SMnG0021420	-
h1SMnG0021421	-
h1SMnG0021422	-
h1SMnG0021423	-
h1SMnG0021424	-
h1SMnG0021425	-
h1SMnG0021426	-
h1SMnG0021427	-
h1SMnG0021428	-
h1SMnG0021429	-
h1SMnG0021430	-
h1SMnG0021431	-
h1SMnG0021432	-
h1SMnG0021433	-
h1SMnG0021434	-
h1SMnG0021435	-
h1SMnG0021436	-
h1SMnG0021437	-
h1SMnG0021438	-
h1SMnG0021439	-
h1SMnG0021440	-
h1SMnG0021441	-
h1SMnG0021442	-
h1SMnG0021443	-
h1SMnG0021444	O
h1SMnG0021445	-
h1SMnG0021446	-
h1SMnG0021447	-
h1SMnG0021448	-
h1SMnG0021449	-
h1SMnG0021450	-
h1SMnG0021451	-
h1SMnG0021452	-
h1SMnG0021453	-
h1SMnG0021454	-
h1SMnG0021455	U
h1SMnG0021456	-
h1SMnG0021457	-
h1SMnG0021458	-
h1SMnG0021459	-
h1SMnG0021460	-
h1SMnG0021461	-
h1SMnG0021462	-
h1SMnG0021463	-
h1SMnG0021464	-
h1SMnG0021465	-
h1SMnG0021466	-
h1SMnG0021467	-
h1SMnG0021468	-
h1SMnG0021469	-
h1SMnG0021470	-
h1SMnG0021471	-
h1SMnG0021472	-
h1SMnG0021473	-
h1SMnG0021474	-
h1SMnG0021475	-
h1SMnG0021476	-
h1SMnG0021477	-
h1SMnG0021478	-
h1SMnG0021479	-
h1SMnG0021480	-
h1SMnG0021481	-
h1SMnG0021482	-
h1SMnG0021483	-
h1SMnG0021484	-
h1SMnG0021485	-
h1SMnG0021486	-
h1SMnG0021487	-
h1SMnG0021488	-
h1SMnG0021489	-
h1SMnG0021490	-
h1SMnG0021491	-
h1SMnG0021492	-
h1SMnG0021493	-
h1SMnG0021494	-
h1SMnG0021495	-
h1SMnG0021496	-
h1SMnG0021497	H
h1SMnG0021498	-
h1SMnG0021499	-
h1SMnG0021500	-
h1SMnG0021501	-
h1SMnG0021502	-
h1SMnG0021503	-
h1SMnG0021504	-
h1SMnG0021505	-
h1SMnG0021506	-
h1SMnG0021507	-
h1SMnG0021508	-
h1SMnG0021509	-
h1SMnG0021510	-
h1SMnG0021511	-
h1SMnG0021512	-
h1SMnG0021513	-
h1SMnG0021514	-
h1SMnG0021515	-
h1SMnG0021516	-
h1SMnG0021517	-
h1SMnG0021518	-
h1SMnG0021519	-
h1SMnG0021520	-
h1SMnG0021521	-
h1SMnG0021522	-
h1SMnG0021523	-
h1SMnG0021524	-
h1SMnG0021525	-
h1SMnG0021526	-
h1SMnG0021527	-
h1SMnG0021528	-
h1SMnG0021529	-
h1SMnG0021530	-
h1SMnG0021531	-
h1SMnG0021532	-
h1SMnG0021533	-
h1SMnG0021534	-
h1SMnG0021535	-
h1SMnG0021536	-
h1SMnG0021537	-
h1SMnG0021538	-
h1SMnG0021539	-
h1SMnG0021540	-
h1SMnG0021541	-
h1SMnG0021542	-
h1SMnG0021543	-
h1SMnG0021544	-
h1SMnG0021545	-
h1SMnG0021546	-
h1SMnG0021547	-
h1SMnG0021548	-
h1SMnG0021549	-
h1SMnG0021550	-
h1SMnG0021551	-
h1SMnG0021552	-
h1SMnG0021553	-
h1SMnG0021554	-
h1SMnG0021555	-
h1SMnG0021556	-
h1SMnG0021557	-
h1SMnG0021558	-
h1SMnG0021559	-
h1SMnG0021560	-
h1SMnG0021561	-
h1SMnG0021562	-
h1SMnG0021563	-
h1SMnG0021564	-
h1SMnG0021565	-
h1SMnG0021566	-
h1SMnG0021567	-
h1SMnG0021568	-
h1SMnG0021569	-
h1SMnG0021570	G
h1SMnG0021571	-
h1SMnG0021572	-
h1SMnG0021573	-
h1SMnG0021574	-
h1SMnG0021575	-
h1SMnG0021576	S
h1SMnG0021577	-
h1SMnG0021578	-
h1SMnG0021579	-
h1SMnG0021580	-
h1SMnG0021581	-
h1SMnG0021582	-
h1SMnG0021583	-
h1SMnG0021584	-
h1SMnG0021585	-
h1SMnG0021586	-
h1SMnG0021587	-
h1SMnG0021588	-
h1SMnG0021589	-
h1SMnG0021590	-
h1SMnG0021591	T
h1SMnG0021592	-
h1SMnG0021593	-
h1SMnG0021594	-
h1SMnG0021595	-
h1SMnG0021596	-
h1SMnG0021597	-
h1SMnG0021598	-
h1SMnG0021599	-
h1SMnG0021600	-
h1SMnG0021601	-
h1SMnG0021602	-
h1SMnG0021603	-
h1SMnG0021604	-
h1SMnG0021605	-
h1SMnG0021606	-
h1SMnG0021607	-
h1SMnG0021608	-
h1SMnG0021609	-
h1SMnG0021610	-
h1SMnG0021611	-
h1SMnG0021612	-
h1SMnG0021613	-
h1SMnG0021614	-
h1SMnG0021615	-
h1SMnG0021616	-
h1SMnG0021617	-
h1SMnG0021618	-
h1SMnG0021619	-
h1SMnG0021620	-
h1SMnG0021621	-
h1SMnG0021622	-
h1SMnG0021623	-
h1SMnG0021624	-
h1SMnG0021625	-
h1SMnG0021626	-
h1SMnG0021627	-
h1SMnG0021628	-
h1SMnG0021629	-
h1SMnG0021630	-
h1SMnG0021631	-
h1SMnG0021632	-
h1SMnG0021633	-
h1SMnG0021634	-
h1SMnG0021635	-
h1SMnG0021636	-
h1SMnG0021637	-
h1SMnG0021638	-
h1SMnG0021639	-
h1SMnG0021640	-
h1SMnG0021641	-
h1SMnG0021642	-
h1SMnG0021643	-
h1SMnG0021644	-
h1SMnG0021645	-
h1SMnG0021646	-
h1SMnG0021647	-
h1SMnG0021648	-
h1SMnG0021649	-
h1SMnG0021650	-
h1SMnG0021651	-
h1SMnG0021652	-
h1SMnG0021653	-
h1SMnG0021654	-
h1SMnG0021655	-
h1SMnG0021656	-
h1SMnG0021657	-
h1SMnG0021658	-
h1SMnG0021659	-
h1SMnG0021660	-
h1SMnG0021661	-
h1SMnG0021662	-
h1SMnG0021663	-
h1SMnG0021664	-
h1SMnG0021665	-
h1SMnG0021666	-
h1SMnG0021667	-
h1SMnG0021668	-
h1SMnG0021669	-
h1SMnG0021670	-
h1SMnG0021671	-
h1SMnG0021672	-
h1SMnG0021673	-
h1SMnG0021674	-
h1SMnG0021675	-
h1SMnG0021676	-
h1SMnG0021677	-
h1SMnG0021678	-
h1SMnG0021679	-
h1SMnG0021680	-
h1SMnG0021681	-
h1SMnG0021682	-
h1SMnG0021683	-
h1SMnG0021684	-
h1SMnG0021685	-
h1SMnG0021686	-
h1SMnG0021687	-
h1SMnG0021688	-
h1SMnG0021689	-
h1SMnG0021690	-
h1SMnG0021691	-
h1SMnG0021692	-
h1SMnG0021693	-
h1SMnG0021694	-
h1SMnG0021695	-
h1SMnG0021696	-
h1SMnG0021697	-
h1SMnG0021698	P
h1SMnG0021699	-
h1SMnG0021700	-
h1SMnG0021701	-
h1SMnG0021702	-
h1SMnG0021703	P
h1SMnG0021704	-
h1SMnG0021705	-
h1SMnG0021706	-
h1SMnG0021707	-
h1SMnG0021708	-
h1SMnG0021709	-
h1SMnG0021710	-
h1SMnG0021711	S
h1SMnG0021712	-
h1SMnG0021713	-
h1SMnG0021714	-
h1SMnG0021715	-
h1SMnG0021716	-
h1SMnG0021717	-
h1SMnG0021718	T
h1SMnG0021719	-
h1SMnG0021720	-
h1SMnG0021721	-
h1SMnG0021722	-
h1SMnG0021723	-
h1SMnG0021724	-
h1SMnG0021725	-
h1SMnG0021726	-
h1SMnG0021727	-
h1SMnG0021728	-
h1SMnG0021729	-
h1SMnG0021730	-
h1SMnG0021731	-
h1SMnG0021732	-
h1SMnG0021733	-
h1SMnG0021734	-
h1SMnG0021735	-
h1SMnG0021736	-
h1SMnG0021737	-
h1SMnG0021738	-
h1SMnG0021739	-
h1SMnG0021740	-
h1SMnG0021741	-
h1SMnG0021742	-
h1SMnG0021743	-
h1SMnG0021744	-
h1SMnG0021745	-
h1SMnG0021746	-
h1SMnG0021747	-
h1SMnG0021748	-
h1SMnG0021749	-
h1SMnG0021750	-
h1SMnG0021751	-
h1SMnG0021752	-
h1SMnG0021753	-
h1SMnG0021754	-
h1SMnG0021755	-
h1SMnG0021756	-
h1SMnG0021757	-
h1SMnG0021758	-
h1SMnG0021759	-
h1SMnG0021760	-
h1SMnG0021761	-
h1SMnG0021762	-
h1SMnG0021763	-
h1SMnG0021764	-
h1SMnG0021765	-
h1SMnG0021766	-
h1SMnG0021767	-
h1SMnG0021768	-
h1SMnG0021769	-
h1SMnG0021770	-
h1SMnG0021771	-
h1SMnG0021772	-
h1SMnG0021773	-
h1SMnG0021774	-
h1SMnG0021775	-
h1SMnG0021776	-
h1SMnG0021777	-
h1SMnG0021778	-
h1SMnG0021779	-
h1SMnG0021780	-
h1SMnG0021781	-
h1SMnG0021782	-
h1SMnG0021783	-
h1SMnG0021784	-
h1SMnG0021785	-
h1SMnG0021786	-
h1SMnG0021787	-
h1SMnG0021788	-
h1SMnG0021789	-
h1SMnG0021790	-
h1SMnG0021791	Q
h1SMnG0021792	-
h1SMnG0021793	-
h1SMnG0021794	-
h1SMnG0021795	-
h1SMnG0021796	-
h1SMnG0021797	-
h1SMnG0021798	-
h1SMnG0021799	-
h1SMnG0021800	-
h1SMnG0021801	-
h1SMnG0021802	-
h1SMnG0021803	-
h1SMnG0021804	-
h1SMnG0021805	C
h1SMnG0021806	-
h1SMnG0021807	-
h1SMnG0021808	-
h1SMnG0021809	-
h1SMnG0021810	-
h1SMnG0021811	-
h1SMnG0021812	-
h1SMnG0021813	-
h1SMnG0021814	-
h1SMnG0021815	-
h1SMnG0021816	-
h1SMnG0021817	-
h1SMnG0021818	-
h1SMnG0021819	-
h1SMnG0021820	-
h1SMnG0021821	-
h1SMnG0021822	-
h1SMnG0021823	-
h1SMnG0021824	-
h1SMnG0021825	-
h1SMnG0021826	-
h1SMnG0021827	-
h1SMnG0021828	-
h1SMnG0021829	-
h1SMnG0021830	-
h1SMnG0021831	-
h1SMnG0021832	-
h1SMnG0021833	-
h1SMnG0021834	-
h1SMnG0021835	-
h1SMnG0021836	-
h1SMnG0021837	-
h1SMnG0021838	-
h1SMnG0021839	-
h1SMnG0021840	-
h1SMnG0021841	-
h1SMnG0021842	U
h1SMnG0021843	-
h1SMnG0021844	-
h1SMnG0021845	-
h1SMnG0021846	-
h1SMnG0021847	-
h1SMnG0021848	-
h1SMnG0021849	-
h1SMnG0021850	-
h1SMnG0021851	-
h1SMnG0021852	-
h1SMnG0021853	-
h1SMnG0021854	-
h1SMnG0021855	-
h1SMnG0021856	-
h1SMnG0021857	-
h1SMnG0021858	-
h1SMnG0021859	-
h1SMnG0021860	-
h1SMnG0021861	-
h1SMnG0021862	-
h1SMnG0021863	-
h1SMnG0021864	-
h1SMnG0021865	-
h1SMnG0021866	-
h1SMnG0021867	-
h1SMnG0021868	-
h1SMnG0021869	-
h1SMnG0021870	-
h1SMnG0021871	-
h1SMnG0021872	-
h1SMnG0021873	-
h1SMnG0021874	-
h1SMnG0021875	-
h1SMnG0021876	-
h1SMnG0021877	-
h1SMnG0021878	-
h1SMnG0021879	-
h1SMnG0021880	-
h1SMnG0021881	-
h1SMnG0021882	-
h1SMnG0021883	-
h1SMnG0021884	-
h1SMnG0021885	-
h1SMnG0021886	-
h1SMnG0021887	-
h1SMnG0021888	-
h1SMnG0021889	-
h1SMnG0021890	-
h1SMnG0021891	C
h1SMnG0021892	-
h1SMnG0021893	-
h1SMnG0021894	-
h1SMnG0021895	-
h1SMnG0021896	-
h1SMnG0021897	-
h1SMnG0021898	-
h1SMnG0021899	-
h1SMnG0021900	-
h1SMnG0021901	-
h1SMnG0021902	-
h1SMnG0021903	-
h1SMnG0021904	-
h1SMnG0021905	-
h1SMnG0021906	-
h1SMnG0021907	-
h1SMnG0021908	-
h1SMnG0021909	-
h1SMnG0021910	-
h1SMnG0021911	-
h1SMnG0021912	-
h1SMnG0021913	-
h1SMnG0021914	-
h1SMnG0021915	-
h1SMnG0021916	-
h1SMnG0021917	-
h1SMnG0021918	-
h1SMnG0021919	-
h1SMnG0021920	-
h1SMnG0021921	-
h1SMnG0021922	-
h1SMnG0021923	-
h1SMnG0021924	-
h1SMnG0021925	-
h1SMnG0021926	-
h1SMnG0021927	-
h1SMnG0021928	B
h1SMnG0021929	-
h1SMnG0021930	-
h1SMnG0021931	-
h1SMnG0021932	-
h1SMnG0021933	J
h1SMnG0021934	-
h1SMnG0021935	-
h1SMnG0021936	-
h1SMnG0021937	-
h1SMnG0021938	-
h1SMnG0021939	-
h1SMnG0021940	-
h1SMnG0021941	-
h1SMnG0021942	-
h1SMnG0021943	-
h1SMnG0021944	-
h1SMnG0021945	-
h1SMnG0021946	-
h1SMnG0021947	-
h1SMnG0021948	-
h1SMnG0021949	-
h1SMnG0021950	-
h1SMnG0021951	-
h1SMnG0021952	-
h1SMnG0021953	-
h1SMnG0021954	-
h1SMnG0021955	-
h1SMnG0021956	-
h1SMnG0021957	-
h1SMnG0021958	-
h1SMnG0021959	-
h1SMnG0021960	-
h1SMnG0021961	-
h1SMnG0021962	-
h1SMnG0021963	-
h1SMnG0021964	-
h1SMnG0021965	-
h1SMnG0021966	-
h1SMnG0021967	-
h1SMnG0021968	-
h1SMnG0021969	-
h1SMnG0021970	-
h1SMnG0021971	-
h1SMnG0021972	-
h1SMnG0021973	-
h1SMnG0021974	-
h1SMnG0021975	-
h1SMnG0021976	-
h1SMnG0021977	-
h1SMnG0021978	-
h1SMnG0021979	-
h1SMnG0021980	-
h1SMnG0021981	-
h1SMnG0021982	-
h1SMnG0021983	-
h1SMnG0021984	-
h1SMnG0021985	-
h1SMnG0021986	-
h1SMnG0021987	-
h1SMnG0021988	-
h1SMnG0021989	-
h1SMnG0021990	-
h1SMnG0021991	-
h1SMnG0021992	-
h1SMnG0021993	-
h1SMnG0021994	-
h1SMnG0021995	-
h1SMnG0021996	-
h1SMnG0021997	-
h1SMnG0021998	-
h1SMnG0021999	-
h1SMnG0022000	-
h1SMnG0022001	J
h1SMnG0022002	-
h1SMnG0022003	-
h1SMnG0022004	-
h1SMnG0022005	-
h1SMnG0022006	-
h1SMnG0022007	-
h1SMnG0022008	-
h1SMnG0022009	-
h1SMnG0022010	-
h1SMnG0022011	-
h1SMnG0022012	-
h1SMnG0022013	-
h1SMnG0022014	-
h1SMnG0022015	-
h1SMnG0022016	-
h1SMnG0022017	-
h1SMnG0022018	S
h1SMnG0022019	-
h1SMnG0022020	-
h1SMnG0022021	-
h1SMnG0022022	-
h1SMnG0022023	-
h1SMnG0022024	-
h1SMnG0022025	-
h1SMnG0022026	-
h1SMnG0022027	-
h1SMnG0022028	-
h1SMnG0022029	-
h1SMnG0022030	-
h1SMnG0022031	-
h1SMnG0022032	-
h1SMnG0022033	-
h1SMnG0022034	-
h1SMnG0022035	-
h1SMnG0022036	-
h1SMnG0022037	-
h1SMnG0022038	-
h1SMnG0022039	-
h1SMnG0022040	-
h1SMnG0022041	-
h1SMnG0022042	-
h1SMnG0022043	-
h1SMnG0022044	-
h1SMnG0022045	-
h1SMnG0022046	-
h1SMnG0022047	-
h1SMnG0022048	-
h1SMnG0022049	-
h1SMnG0022050	-
h1SMnG0022051	-
h1SMnG0022052	-
h1SMnG0022053	-
h1SMnG0022054	-
h1SMnG0022055	-
h1SMnG0022056	-
h1SMnG0022057	-
h1SMnG0022058	Z
h1SMnG0022059	-
h1SMnG0022060	-
h1SMnG0022061	-
h1SMnG0022062	-
h1SMnG0022063	-
h1SMnG0022064	-
h1SMnG0022065	-
h1SMnG0022066	-
h1SMnG0022067	-
h1SMnG0022068	-
h1SMnG0022069	-
h1SMnG0022070	-
h1SMnG0022071	-
h1SMnG0022072	-
h1SMnG0022073	-
h1SMnG0022074	-
h1SMnG0022075	-
h1SMnG0022076	-
h1SMnG0022077	-
h1SMnG0022078	-
h1SMnG0022079	-
h1SMnG0022080	-
h1SMnG0022081	-
h1SMnG0022082	-
h1SMnG0022083	-
h1SMnG0022084	-
h1SMnG0022085	-
h1SMnG0022086	-
h1SMnG0022087	-
h1SMnG0022088	-
h1SMnG0022089	-
h1SMnG0022090	-
h1SMnG0022091	-
h1SMnG0022092	-
h1SMnG0022093	-
h1SMnG0022094	-
h1SMnG0022095	-
h1SMnG0022096	-
h1SMnG0022097	J
h1SMnG0022098	-
h1SMnG0022099	-
h1SMnG0022100	-
h1SMnG0022101	-
h1SMnG0022102	-
h1SMnG0022103	-
h1SMnG0022104	-
h1SMnG0022105	-
h1SMnG0022106	-
h1SMnG0022107	-
h1SMnG0022108	-
h1SMnG0022109	S
h1SMnG0022110	-
h1SMnG0022111	-
h1SMnG0022112	-
h1SMnG0022113	-
h1SMnG0022114	-
h1SMnG0022115	-
h1SMnG0022116	-
h1SMnG0022117	-
h1SMnG0022118	-
h1SMnG0022119	-
h1SMnG0022120	-
h1SMnG0022121	-
h1SMnG0022122	-
h1SMnG0022123	-
h1SMnG0022124	-
h1SMnG0022125	-
h1SMnG0022126	-
h1SMnG0022127	-
h1SMnG0022128	-
h1SMnG0022129	-
h1SMnG0022130	-
h1SMnG0022131	-
h1SMnG0022132	-
h1SMnG0022133	-
h1SMnG0022134	-
h1SMnG0022135	-
h1SMnG0022136	-
h1SMnG0022137	-
h1SMnG0022138	-
h1SMnG0022139	-
h1SMnG0022140	-
h1SMnG0022141	-
h1SMnG0022142	-
h1SMnG0022143	-
h1SMnG0022144	-
h1SMnG0022145	-
h1SMnG0022146	-
h1SMnG0022147	-
h1SMnG0022148	-
h1SMnG0022149	-
h1SMnG0022150	-
h1SMnG0022151	-
h1SMnG0022152	-
h1SMnG0022153	-
h1SMnG0022154	-
h1SMnG0022155	-
h1SMnG0022156	-
h1SMnG0022157	-
h1SMnG0022158	-
h1SMnG0022159	-
h1SMnG0022160	-
h1SMnG0022161	-
h1SMnG0022162	O
h1SMnG0022163	-
h1SMnG0022164	-
h1SMnG0022165	-
h1SMnG0022166	-
h1SMnG0022167	-
h1SMnG0022168	-
h1SMnG0022169	-
h1SMnG0022170	-
h1SMnG0022171	-
h1SMnG0022172	-
h1SMnG0022173	-
h1SMnG0022174	-
h1SMnG0022175	-
h1SMnG0022176	-
h1SMnG0022177	-
h1SMnG0022178	-
h1SMnG0022179	-
h1SMnG0022180	-
h1SMnG0022181	-
h1SMnG0022182	-
h1SMnG0022183	-
h1SMnG0022184	-
h1SMnG0022185	-
h1SMnG0022186	-
h1SMnG0022187	-
h1SMnG0022188	-
h1SMnG0022189	-
h1SMnG0022190	-
h1SMnG0022191	-
h1SMnG0022192	-
h1SMnG0022193	-
h1SMnG0022194	-
h1SMnG0022195	-
h1SMnG0022196	-
h1SMnG0022197	-
h1SMnG0022198	-
h1SMnG0022199	-
h1SMnG0022200	-
h1SMnG0022201	-
h1SMnG0022202	-
h1SMnG0022203	-
h1SMnG0022204	-
h1SMnG0022205	-
h1SMnG0022206	-
h1SMnG0022207	-
h1SMnG0022208	-
h1SMnG0022209	S
h1SMnG0022210	-
h1SMnG0022211	-
h1SMnG0022212	-
h1SMnG0022213	-
h1SMnG0022214	-
h1SMnG0022215	-
h1SMnG0022216	-
h1SMnG0022217	-
h1SMnG0022218	-
h1SMnG0022219	-
h1SMnG0022220	-
h1SMnG0022221	-
h1SMnG0022222	-
h1SMnG0022223	-
h1SMnG0022224	-
h1SMnG0022225	-
h1SMnG0022226	-
h1SMnG0022227	-
h1SMnG0022228	-
h1SMnG0022229	-
h1SMnG0022230	-
h1SMnG0022231	-
h1SMnG0022232	-
h1SMnG0022233	-
h1SMnG0022234	-
h1SMnG0022235	-
h1SMnG0022236	-
h1SMnG0022237	-
h1SMnG0022238	-
h1SMnG0022239	-
h1SMnG0022240	-
h1SMnG0022241	-
h1SMnG0022242	-
h1SMnG0022243	-
h1SMnG0022244	-
h1SMnG0022245	-
h1SMnG0022246	-
h1SMnG0022247	-
h1SMnG0022248	-
h1SMnG0022249	-
h1SMnG0022250	-
h1SMnG0022251	-
h1SMnG0022252	-
h1SMnG0022253	-
h1SMnG0022254	-
h1SMnG0022255	-
h1SMnG0022256	-
h1SMnG0022257	-
h1SMnG0022258	J
h1SMnG0022259	-
h1SMnG0022260	-
h1SMnG0022261	-
h1SMnG0022262	-
h1SMnG0022263	-
h1SMnG0022264	-
h1SMnG0022265	-
h1SMnG0022266	-
h1SMnG0022267	-
h1SMnG0022268	-
h1SMnG0022269	-
h1SMnG0022270	-
h1SMnG0022271	-
h1SMnG0022272	-
h1SMnG0022273	-
h1SMnG0022274	-
h1SMnG0022275	-
h1SMnG0022276	-
h1SMnG0022277	-
h1SMnG0022278	-
h1SMnG0022279	-
h1SMnG0022280	-
h1SMnG0022281	-
h1SMnG0022282	-
h1SMnG0022283	-
h1SMnG0022284	-
h1SMnG0022285	-
h1SMnG0022286	-
h1SMnG0022287	-
h1SMnG0022288	-
h1SMnG0022289	-
h1SMnG0022290	-
h1SMnG0022291	-
h1SMnG0022292	-
h1SMnG0022293	-
h1SMnG0022294	-
h1SMnG0022295	-
h1SMnG0022296	-
h1SMnG0022297	-
h1SMnG0022298	-
h1SMnG0022299	-
h1SMnG0022300	-
h1SMnG0022301	-
h1SMnG0022302	-
h1SMnG0022303	-
h1SMnG0022304	-
h1SMnG0022305	-
h1SMnG0022306	-
h1SMnG0022307	-
h1SMnG0022308	-
h1SMnG0022309	-
h1SMnG0022310	-
h1SMnG0022311	-
h1SMnG0022312	-
h1SMnG0022313	-
h1SMnG0022314	-
h1SMnG0022315	-
h1SMnG0022316	-
h1SMnG0022317	-
h1SMnG0022318	-
h1SMnG0022319	-
h1SMnG0022320	-
h1SMnG0022321	-
h1SMnG0022322	-
h1SMnG0022323	-
h1SMnG0022324	-
h1SMnG0022325	-
h1SMnG0022326	-
h1SMnG0022327	-
h1SMnG0022328	-
h1SMnG0022329	-
h1SMnG0022330	-
h1SMnG0022331	-
h1SMnG0022332	-
h1SMnG0022333	-
h1SMnG0022334	-
h1SMnG0022335	-
h1SMnG0022336	-
h1SMnG0022337	-
h1SMnG0022338	-
h1SMnG0022339	-
h1SMnG0022340	-
h1SMnG0022341	-
h1SMnG0022342	-
h1SMnG0022343	-
h1SMnG0022344	-
h1SMnG0022345	-
h1SMnG0022346	-
h1SMnG0022347	-
h1SMnG0022348	-
h1SMnG0022349	-
h1SMnG0022350	-
h1SMnG0022351	-
h1SMnG0022352	-
h1SMnG0022353	-
h1SMnG0022354	-
h1SMnG0022355	-
h1SMnG0022356	-
h1SMnG0022357	-
h1SMnG0022358	-
h1SMnG0022359	-
h1SMnG0022360	P
h1SMnG0022361	-
h1SMnG0022362	-
h1SMnG0022363	-
h1SMnG0022364	-
h1SMnG0022365	-
h1SMnG0022366	-
h1SMnG0022367	-
h1SMnG0022368	-
h1SMnG0022369	-
h1SMnG0022370	-
h1SMnG0022371	-
h1SMnG0022372	-
h1SMnG0022373	-
h1SMnG0022374	-
h1SMnG0022375	-
h1SMnG0022376	-
h1SMnG0022377	-
h1SMnG0022378	-
h1SMnG0022379	-
h1SMnG0022380	-
h1SMnG0022381	-
h1SMnG0022382	-
h1SMnG0022383	-
h1SMnG0022384	S
h1SMnG0022385	-
h1SMnG0022386	-
h1SMnG0022387	-
h1SMnG0022388	-
h1SMnG0022389	-
h1SMnG0022390	-
h1SMnG0022391	-
h1SMnG0022392	-
h1SMnG0022393	-
h1SMnG0022394	-
h1SMnG0022395	-
h1SMnG0022396	-
h1SMnG0022397	-
h1SMnG0022398	-
h1SMnG0022399	-
h1SMnG0022400	-
h1SMnG0022401	-
h1SMnG0022402	-
h1SMnG0022403	-
h1SMnG0022404	-
h1SMnG0022405	-
h1SMnG0022406	J
h1SMnG0022407	-
h1SMnG0022408	-
h1SMnG0022409	-
h1SMnG0022410	-
h1SMnG0022411	-
h1SMnG0022412	-
h1SMnG0022413	-
h1SMnG0022414	-
h1SMnG0022415	-
h1SMnG0022416	-
h1SMnG0022417	-
h1SMnG0022418	-
h1SMnG0022419	-
h1SMnG0022420	-
h1SMnG0022421	-
h1SMnG0022422	-
h1SMnG0022423	-
h1SMnG0022424	-
h1SMnG0022425	F
h1SMnG0022426	-
h1SMnG0022427	-
h1SMnG0022428	-
h1SMnG0022429	-
h1SMnG0022430	-
h1SMnG0022431	-
h1SMnG0022432	-
h1SMnG0022433	-
h1SMnG0022434	-
h1SMnG0022435	-
h1SMnG0022436	-
h1SMnG0022437	-
h1SMnG0022438	-
h1SMnG0022439	-
h1SMnG0022440	-
h1SMnG0022441	-
h1SMnG0022442	-
h1SMnG0022443	-
h1SMnG0022444	-
h1SMnG0022445	-
h1SMnG0022446	-
h1SMnG0022447	-
h1SMnG0022448	-
h1SMnG0022449	-
h1SMnG0022450	-
h1SMnG0022451	-
h1SMnG0022452	-
h1SMnG0022453	-
h1SMnG0022454	-
h1SMnG0022455	-
h1SMnG0022456	-
h1SMnG0022457	-
h1SMnG0022458	-
h1SMnG0022459	-
h1SMnG0022460	-
h1SMnG0022461	-
h1SMnG0022462	-
h1SMnG0022463	-
h1SMnG0022464	-
h1SMnG0022465	-
h1SMnG0022466	-
h1SMnG0022467	-
h1SMnG0022468	-
h1SMnG0022469	-
h1SMnG0022470	-
h1SMnG0022471	-
h1SMnG0022472	-
h1SMnG0022473	-
h1SMnG0022474	-
h1SMnG0022475	-
h1SMnG0022476	-
h1SMnG0022477	-
h1SMnG0022478	-
h1SMnG0022479	-
h1SMnG0022480	-
h1SMnG0022481	-
h1SMnG0022482	-
h1SMnG0022483	-
h1SMnG0022484	-
h1SMnG0022485	-
h1SMnG0022486	-
h1SMnG0022487	-
h1SMnG0022488	-
h1SMnG0022489	-
h1SMnG0022490	-
h1SMnG0022491	S
h1SMnG0022492	-
h1SMnG0022493	-
h1SMnG0022494	-
h1SMnG0022495	-
h1SMnG0022496	-
h1SMnG0022497	-
h1SMnG0022498	-
h1SMnG0022499	-
h1SMnG0022500	AJ
h1SMnG0022501	-
h1SMnG0022502	-
h1SMnG0022503	-
h1SMnG0022504	-
h1SMnG0022505	-
h1SMnG0022506	-
h1SMnG0022507	-
h1SMnG0022508	-
h1SMnG0022509	-
h1SMnG0022510	-
h1SMnG0022511	-
h1SMnG0022512	-
h1SMnG0022513	-
h1SMnG0022514	-
h1SMnG0022515	-
h1SMnG0022516	-
h1SMnG0022517	-
h1SMnG0022518	-
h1SMnG0022519	-
h1SMnG0022520	-
h1SMnG0022521	-
h1SMnG0022522	-
h1SMnG0022523	-
h1SMnG0022524	-
h1SMnG0022525	-
h1SMnG0022526	-
h1SMnG0022527	-
h1SMnG0022528	-
h1SMnG0022529	-
h1SMnG0022530	-
h1SMnG0022531	-
h1SMnG0022532	-
h1SMnG0022533	-
h1SMnG0022534	-
h1SMnG0022535	-
h1SMnG0022536	E
h1SMnG0022537	-
h1SMnG0022538	-
h1SMnG0022539	-
h1SMnG0022540	-
h1SMnG0022541	-
h1SMnG0022542	-
h1SMnG0022543	-
h1SMnG0022544	-
h1SMnG0022545	-
h1SMnG0022546	-
h1SMnG0022547	-
h1SMnG0022548	-
h1SMnG0022549	-
h1SMnG0022550	-
h1SMnG0022551	-
h1SMnG0022552	-
h1SMnG0022553	-
h1SMnG0022554	-
h1SMnG0022555	-
h1SMnG0022556	-
h1SMnG0022557	-
h1SMnG0022558	-
h1SMnG0022559	-
h1SMnG0022560	-
h1SMnG0022561	-
h1SMnG0022562	-
h1SMnG0022563	-
h1SMnG0022564	O
h1SMnG0022565	-
h1SMnG0022566	-
h1SMnG0022567	-
h1SMnG0022568	-
h1SMnG0022569	-
h1SMnG0022570	S
h1SMnG0022571	-
h1SMnG0022572	-
h1SMnG0022573	-
h1SMnG0022574	-
h1SMnG0022575	-
h1SMnG0022576	-
h1SMnG0022577	-
h1SMnG0022578	-
h1SMnG0022579	-
h1SMnG0022580	-
h1SMnG0022581	-
h1SMnG0022582	-
h1SMnG0022583	-
h1SMnG0022584	-
h1SMnG0022585	-
h1SMnG0022586	-
h1SMnG0022587	-
h1SMnG0022588	-
h1SMnG0022589	-
h1SMnG0022590	-
h1SMnG0022591	-
h1SMnG0022592	-
h1SMnG0022593	-
h1SMnG0022594	-
h1SMnG0022595	-
h1SMnG0022596	-
h1SMnG0022597	-
h1SMnG0022598	-
h1SMnG0022599	-
h1SMnG0022600	-
h1SMnG0022601	-
h1SMnG0022602	-
h1SMnG0022603	-
h1SMnG0022604	-
h1SMnG0022605	-
h1SMnG0022606	-
h1SMnG0022607	-
h1SMnG0022608	-
h1SMnG0022609	-
h1SMnG0022610	-
h1SMnG0022611	-
h1SMnG0022612	-
h1SMnG0022613	-
h1SMnG0022614	-
h1SMnG0022615	-
h1SMnG0022616	-
h1SMnG0022617	-
h1SMnG0022618	-
h1SMnG0022619	-
h1SMnG0022620	-
h1SMnG0022621	-
h1SMnG0022622	-
h1SMnG0022623	-
h1SMnG0022624	-
h1SMnG0022625	-
h1SMnG0022626	-
h1SMnG0022627	-
h1SMnG0022628	-
h1SMnG0022629	-
h1SMnG0022630	-
h1SMnG0022631	-
h1SMnG0022632	-
h1SMnG0022633	-
h1SMnG0022634	-
h1SMnG0022635	-
h1SMnG0022636	-
h1SMnG0022637	-
h1SMnG0022638	-
h1SMnG0022639	O
h1SMnG0022640	-
h1SMnG0022641	-
h1SMnG0022642	-
h1SMnG0022643	-
h1SMnG0022644	-
h1SMnG0022645	-
h1SMnG0022646	-
h1SMnG0022647	-
h1SMnG0022648	-
h1SMnG0022649	-
h1SMnG0022650	FQ
h1SMnG0022651	-
h1SMnG0022652	-
h1SMnG0022653	-
h1SMnG0022654	-
h1SMnG0022655	-
h1SMnG0022656	-
h1SMnG0022657	-
h1SMnG0022658	-
h1SMnG0022659	-
h1SMnG0022660	-
h1SMnG0022661	-
h1SMnG0022662	-
h1SMnG0022663	-
h1SMnG0022664	-
h1SMnG0022665	-
h1SMnG0022666	-
h1SMnG0022667	-
h1SMnG0022668	-
h1SMnG0022669	-
h1SMnG0022670	-
h1SMnG0022671	-
h1SMnG0022672	-
h1SMnG0022673	-
h1SMnG0022674	-
h1SMnG0022675	-
h1SMnG0022676	-
h1SMnG0022677	-
h1SMnG0022678	-
h1SMnG0022679	-
h1SMnG0022680	-
h1SMnG0022681	-
h1SMnG0022682	-
h1SMnG0022683	-
h1SMnG0022684	-
h1SMnG0022685	-
h1SMnG0022686	-
h1SMnG0022687	-
h1SMnG0022688	-
h1SMnG0022689	-
h1SMnG0022690	-
h1SMnG0022691	-
h1SMnG0022692	-
h1SMnG0022693	-
h1SMnG0022694	-
h1SMnG0022695	-
h1SMnG0022696	-
h1SMnG0022697	-
h1SMnG0022698	-
h1SMnG0022699	-
h1SMnG0022700	-
h1SMnG0022701	-
h1SMnG0022702	-
h1SMnG0022703	-
h1SMnG0022704	-
h1SMnG0022705	-
h1SMnG0022706	-
h1SMnG0022707	-
h1SMnG0022708	-
h1SMnG0022709	-
h1SMnG0022710	-
h1SMnG0022711	-
h1SMnG0022712	-
h1SMnG0022713	-
h1SMnG0022714	-
h1SMnG0022715	-
h1SMnG0022716	-
h1SMnG0022717	-
h1SMnG0022718	-
h1SMnG0022719	-
h1SMnG0022720	-
h1SMnG0022721	-
h1SMnG0022722	-
h1SMnG0022723	-
h1SMnG0022724	-
h1SMnG0022725	-
h1SMnG0022726	-
h1SMnG0022727	-
h1SMnG0022728	-
h1SMnG0022729	-
h1SMnG0022730	-
h1SMnG0022731	-
h1SMnG0022732	-
h1SMnG0022733	S
h1SMnG0022734	-
h1SMnG0022735	-
h1SMnG0022736	-
h1SMnG0022737	U
h1SMnG0022738	-
h1SMnG0022739	-
h1SMnG0022740	-
h1SMnG0022741	-
h1SMnG0022742	-
h1SMnG0022743	-
h1SMnG0022744	-
h1SMnG0022745	-
h1SMnG0022746	-
h1SMnG0022747	-
h1SMnG0022748	-
h1SMnG0022749	-
h1SMnG0022750	-
h1SMnG0022751	-
h1SMnG0022752	-
h1SMnG0022753	-
h1SMnG0022754	-
h1SMnG0022755	-
h1SMnG0022756	-
h1SMnG0022757	-
h1SMnG0022758	-
h1SMnG0022759	-
h1SMnG0022760	-
h1SMnG0022761	-
h1SMnG0022762	-
h1SMnG0022763	-
h1SMnG0022764	-
h1SMnG0022765	-
h1SMnG0022766	-
h1SMnG0022767	-
h1SMnG0022768	-
h1SMnG0022769	-
h1SMnG0022770	-
h1SMnG0022771	-
h1SMnG0022772	-
h1SMnG0022773	-
h1SMnG0022774	-
h1SMnG0022775	-
h1SMnG0022776	-
h1SMnG0022777	-
h1SMnG0022778	-
h1SMnG0022779	-
h1SMnG0022780	-
h1SMnG0022781	-
h1SMnG0022782	-
h1SMnG0022783	-
h1SMnG0022784	-
h1SMnG0022785	-
h1SMnG0022786	-
h1SMnG0022787	-
h1SMnG0022788	-
h1SMnG0022789	-
h1SMnG0022790	-
h1SMnG0022791	-
h1SMnG0022792	-
h1SMnG0022793	-
h1SMnG0022794	-
h1SMnG0022795	-
h1SMnG0022796	-
h1SMnG0022797	-
h1SMnG0022798	P
h1SMnG0022799	-
h1SMnG0022800	-
h1SMnG0022801	-
h1SMnG0022802	-
h1SMnG0022803	-
h1SMnG0022804	-
h1SMnG0022805	-
h1SMnG0022806	-
h1SMnG0022807	-
h1SMnG0022808	-
h1SMnG0022809	-
h1SMnG0022810	-
h1SMnG0022811	-
h1SMnG0022812	-
h1SMnG0022813	-
h1SMnG0022814	-
h1SMnG0022815	-
h1SMnG0022816	-
h1SMnG0022817	-
h1SMnG0022818	-
h1SMnG0022819	-
h1SMnG0022820	-
h1SMnG0022821	-
h1SMnG0022822	-
h1SMnG0022823	-
h1SMnG0022824	-
h1SMnG0022825	-
h1SMnG0022826	-
h1SMnG0022827	-
h1SMnG0022828	-
h1SMnG0022829	U
h1SMnG0022830	-
h1SMnG0022831	-
h1SMnG0022832	-
h1SMnG0022833	-
h1SMnG0022834	-
h1SMnG0022835	-
h1SMnG0022836	-
h1SMnG0022837	-
h1SMnG0022838	-
h1SMnG0022839	-
h1SMnG0022840	-
h1SMnG0022841	-
h1SMnG0022842	-
h1SMnG0022843	-
h1SMnG0022844	-
h1SMnG0022845	-
h1SMnG0022846	G
h1SMnG0022847	-
h1SMnG0022848	-
h1SMnG0022849	-
h1SMnG0022850	-
h1SMnG0022851	-
h1SMnG0022852	V
h1SMnG0022853	-
h1SMnG0022854	-
h1SMnG0022855	-
h1SMnG0022856	-
h1SMnG0022857	-
h1SMnG0022858	-
h1SMnG0022859	-
h1SMnG0022860	-
h1SMnG0022861	-
h1SMnG0022862	-
h1SMnG0022863	-
h1SMnG0022864	-
h1SMnG0022865	-
h1SMnG0022866	-
h1SMnG0022867	-
h1SMnG0022868	-
h1SMnG0022869	-
h1SMnG0022870	T
h1SMnG0022871	-
h1SMnG0022872	-
h1SMnG0022873	-
h1SMnG0022874	-
h1SMnG0022875	-
h1SMnG0022876	-
h1SMnG0022877	-
h1SMnG0022878	-
h1SMnG0022879	-
h1SMnG0022880	-
h1SMnG0022881	-
h1SMnG0022882	-
h1SMnG0022883	-
h1SMnG0022884	-
h1SMnG0022885	-
h1SMnG0022886	-
h1SMnG0022887	-
h1SMnG0022888	-
h1SMnG0022889	S
h1SMnG0022890	-
h1SMnG0022891	-
h1SMnG0022892	-
h1SMnG0022893	-
h1SMnG0022894	-
h1SMnG0022895	-
h1SMnG0022896	-
h1SMnG0022897	-
h1SMnG0022898	-
h1SMnG0022899	-
h1SMnG0022900	-
h1SMnG0022901	-
h1SMnG0022902	-
h1SMnG0022903	-
h1SMnG0022904	-
h1SMnG0022905	-
h1SMnG0022906	-
h1SMnG0022907	B
h1SMnG0022908	-
h1SMnG0022909	-
h1SMnG0022910	-
h1SMnG0022911	-
h1SMnG0022912	-
h1SMnG0022913	-
h1SMnG0022914	-
h1SMnG0022915	-
h1SMnG0022916	-
h1SMnG0022917	-
h1SMnG0022918	-
h1SMnG0022919	-
h1SMnG0022920	-
h1SMnG0022921	-
h1SMnG0022922	-
h1SMnG0022923	-
h1SMnG0022924	-
h1SMnG0022925	-
h1SMnG0022926	-
h1SMnG0022927	-
h1SMnG0022928	-
h1SMnG0022929	-
h1SMnG0022930	-
h1SMnG0022931	-
h1SMnG0022932	-
h1SMnG0022933	-
h1SMnG0022934	-
h1SMnG0022935	-
h1SMnG0022936	-
h1SMnG0022937	-
h1SMnG0022938	-
h1SMnG0022939	-
h1SMnG0022940	-
h1SMnG0022941	-
h1SMnG0022942	-
h1SMnG0022943	-
h1SMnG0022944	-
h1SMnG0022945	-
h1SMnG0022946	-
h1SMnG0022947	-
h1SMnG0022948	-
h1SMnG0022949	-
h1SMnG0022950	-
h1SMnG0022951	-
h1SMnG0022952	-
h1SMnG0022953	S
h1SMnG0022954	K
h1SMnG0022955	-
h1SMnG0022956	-
h1SMnG0022957	-
h1SMnG0022958	-
h1SMnG0022959	-
h1SMnG0022960	-
h1SMnG0022961	-
h1SMnG0022962	-
h1SMnG0022963	-
h1SMnG0022964	-
h1SMnG0022965	-
h1SMnG0022966	-
h1SMnG0022967	-
h1SMnG0022968	-
h1SMnG0022969	-
h1SMnG0022970	-
h1SMnG0022971	-
h1SMnG0022972	O
h1SMnG0022973	-
h1SMnG0022974	S
h1SMnG0022975	-
h1SMnG0022976	-
h1SMnG0022977	-
h1SMnG0022978	-
h1SMnG0022979	-
h1SMnG0022980	-
h1SMnG0022981	-
h1SMnG0022982	-
h1SMnG0022983	-
h1SMnG0022984	-
h1SMnG0022985	-
h1SMnG0022986	-
h1SMnG0022987	-
h1SMnG0022988	-
h1SMnG0022989	-
h1SMnG0022990	-
h1SMnG0022991	-
h1SMnG0022992	-
h1SMnG0022993	-
h1SMnG0022994	-
h1SMnG0022995	-
h1SMnG0022996	-
h1SMnG0022997	-
h1SMnG0022998	-
h1SMnG0022999	-
h1SMnG0023000	-
h1SMnG0023001	-
h1SMnG0023002	-
h1SMnG0023003	-
h1SMnG0023004	-
h1SMnG0023005	-
h1SMnG0023006	-
h1SMnG0023007	-
h1SMnG0023008	-
h1SMnG0023009	-
h1SMnG0023010	-
h1SMnG0023011	-
h1SMnG0023012	-
h1SMnG0023013	-
h1SMnG0023014	-
h1SMnG0023015	-
h1SMnG0023016	-
h1SMnG0023017	-
h1SMnG0023018	-
h1SMnG0023019	-
h1SMnG0023020	-
h1SMnG0023021	-
h1SMnG0023022	-
h1SMnG0023023	-
h1SMnG0023024	-
h1SMnG0023025	-
h1SMnG0023026	-
h1SMnG0023027	-
h1SMnG0023028	-
h1SMnG0023029	-
h1SMnG0023030	-
h1SMnG0023031	-
h1SMnG0023032	-
h1SMnG0023033	-
h1SMnG0023034	-
h1SMnG0023035	-
h1SMnG0023036	-
h1SMnG0023037	C
h1SMnG0023038	-
h1SMnG0023039	-
h1SMnG0023040	-
h1SMnG0023041	-
h1SMnG0023042	-
h1SMnG0023043	-
h1SMnG0023044	-
h1SMnG0023045	C
h1SMnG0023046	-
h1SMnG0023047	-
h1SMnG0023048	-
h1SMnG0023049	-
h1SMnG0023050	-
h1SMnG0023051	-
h1SMnG0023052	-
h1SMnG0023053	-
h1SMnG0023054	-
h1SMnG0023055	-
h1SMnG0023056	-
h1SMnG0023057	-
h1SMnG0023058	-
h1SMnG0023059	-
h1SMnG0023060	-
h1SMnG0023061	-
h1SMnG0023062	-
h1SMnG0023063	-
h1SMnG0023064	-
h1SMnG0023065	-
h1SMnG0023066	-
h1SMnG0023067	-
h1SMnG0023068	-
h1SMnG0023069	-
h1SMnG0023070	-
h1SMnG0023071	-
h1SMnG0023072	-
h1SMnG0023073	-
h1SMnG0023074	-
h1SMnG0023075	-
h1SMnG0023076	EPT
h1SMnG0023077	-
h1SMnG0023078	-
h1SMnG0023079	-
h1SMnG0023080	A
h1SMnG0023081	-
h1SMnG0023082	-
h1SMnG0023083	-
h1SMnG0023084	-
h1SMnG0023085	-
h1SMnG0023086	-
h1SMnG0023087	-
h1SMnG0023088	-
h1SMnG0023089	-
h1SMnG0023090	-
h1SMnG0023091	S
h1SMnG0023092	-
h1SMnG0023093	-
h1SMnG0023094	-
h1SMnG0023095	-
h1SMnG0023096	-
h1SMnG0023097	J
h1SMnG0023098	S
h1SMnG0023099	K
h1SMnG0023100	-
h1SMnG0023101	-
h1SMnG0023102	-
h1SMnG0023103	-
h1SMnG0023104	-
h1SMnG0023105	-
h1SMnG0023106	-
h1SMnG0023107	-
h1SMnG0023108	-
h1SMnG0023109	-
h1SMnG0023110	-
h1SMnG0023111	-
h1SMnG0023112	-
h1SMnG0023113	-
h1SMnG0023114	-
h1SMnG0023115	-
h1SMnG0023116	-
h1SMnG0023117	-
h1SMnG0023118	-
h1SMnG0023119	-
h1SMnG0023120	-
h1SMnG0023121	-
h1SMnG0023122	-
h1SMnG0023123	T
h1SMnG0023124	-
h1SMnG0023125	-
h1SMnG0023126	-
h1SMnG0023127	-
h1SMnG0023128	-
h1SMnG0023129	-
h1SMnG0023130	T
h1SMnG0023131	-
h1SMnG0023132	-
h1SMnG0023133	-
h1SMnG0023134	-
h1SMnG0023135	-
h1SMnG0023136	-
h1SMnG0023137	-
h1SMnG0023138	-
h1SMnG0023139	-
h1SMnG0023140	-
h1SMnG0023141	-
h1SMnG0023142	-
h1SMnG0023143	-
h1SMnG0023144	-
h1SMnG0023145	-
h1SMnG0023146	-
h1SMnG0023147	-
h1SMnG0023148	-
h1SMnG0023149	-
h1SMnG0023150	-
h1SMnG0023151	-
h1SMnG0023152	-
h1SMnG0023153	-
h1SMnG0023154	-
h1SMnG0023155	-
h1SMnG0023156	-
h1SMnG0023157	-
h1SMnG0023158	-
h1SMnG0023159	-
h1SMnG0023160	-
h1SMnG0023161	-
h1SMnG0023162	-
h1SMnG0023163	-
h1SMnG0023164	-
h1SMnG0023165	-
h1SMnG0023166	S
h1SMnG0023167	-
h1SMnG0023168	-
h1SMnG0023169	-
h1SMnG0023170	-
h1SMnG0023171	-
h1SMnG0023172	-
h1SMnG0023173	-
h1SMnG0023174	-
h1SMnG0023175	-
h1SMnG0023176	-
h1SMnG0023177	-
h1SMnG0023178	-
h1SMnG0023179	-
h1SMnG0023180	-
h1SMnG0023181	-
h1SMnG0023182	-
h1SMnG0023183	-
h1SMnG0023184	-
h1SMnG0023185	-
h1SMnG0023186	-
h1SMnG0023187	-
h1SMnG0023188	-
h1SMnG0023189	-
h1SMnG0023190	O
h1SMnG0023191	-
h1SMnG0023192	-
h1SMnG0023193	-
h1SMnG0023194	-
h1SMnG0023195	-
h1SMnG0023196	-
h1SMnG0023197	-
h1SMnG0023198	-
h1SMnG0023199	-
h1SMnG0023200	-
h1SMnG0023201	-
h1SMnG0023202	-
h1SMnG0023203	-
h1SMnG0023204	-
h1SMnG0023205	-
h1SMnG0023206	-
h1SMnG0023207	-
h1SMnG0023208	-
h1SMnG0023209	T
h1SMnG0023210	-
h1SMnG0023211	-
h1SMnG0023212	-
h1SMnG0023213	-
h1SMnG0023214	-
h1SMnG0023215	-
h1SMnG0023216	-
h1SMnG0023217	-
h1SMnG0023218	-
h1SMnG0023219	-
h1SMnG0023220	-
h1SMnG0023221	-
h1SMnG0023222	-
h1SMnG0023223	-
h1SMnG0023224	-
h1SMnG0023225	-
h1SMnG0023226	-
h1SMnG0023227	-
h1SMnG0023228	-
h1SMnG0023229	-
h1SMnG0023230	-
h1SMnG0023231	-
h1SMnG0023232	-
h1SMnG0023233	-
h1SMnG0023234	-
h1SMnG0023235	-
h1SMnG0023236	-
h1SMnG0023237	-
h1SMnG0023238	-
h1SMnG0023239	-
h1SMnG0023240	-
h1SMnG0023241	-
h1SMnG0023242	-
h1SMnG0023243	-
h1SMnG0023244	-
h1SMnG0023245	-
h1SMnG0023246	-
h1SMnG0023247	-
h1SMnG0023248	-
h1SMnG0023249	-
h1SMnG0023250	-
h1SMnG0023251	-
h1SMnG0023252	-
h1SMnG0023253	-
h1SMnG0023254	-
h1SMnG0023255	-
h1SMnG0023256	Z
h1SMnG0023257	-
h1SMnG0023258	-
h1SMnG0023259	-
h1SMnG0023260	-
h1SMnG0023261	-
h1SMnG0023262	K
h1SMnG0023263	-
h1SMnG0023264	-
h1SMnG0023265	-
h1SMnG0023266	-
h1SMnG0023267	-
h1SMnG0023268	-
h1SMnG0023269	-
h1SMnG0023270	-
h1SMnG0023271	-
h1SMnG0023272	-
h1SMnG0023273	-
h1SMnG0023274	-
h1SMnG0023275	-
h1SMnG0023276	-
h1SMnG0023277	-
h1SMnG0023278	-
h1SMnG0023279	-
h1SMnG0023280	-
h1SMnG0023281	-
h1SMnG0023282	U
h1SMnG0023283	-
h1SMnG0023284	-
h1SMnG0023285	-
h1SMnG0023286	-
h1SMnG0023287	-
h1SMnG0023288	-
h1SMnG0023289	-
h1SMnG0023290	-
h1SMnG0023291	-
h1SMnG0023292	-
h1SMnG0023293	-
h1SMnG0023294	-
h1SMnG0023295	-
h1SMnG0023296	-
h1SMnG0023297	-
h1SMnG0023298	-
h1SMnG0023299	-
h1SMnG0023300	-
h1SMnG0023301	-
h1SMnG0023302	-
h1SMnG0023303	-
h1SMnG0023304	-
h1SMnG0023305	-
h1SMnG0023306	-
h1SMnG0023307	-
h1SMnG0023308	-
h1SMnG0023309	-
h1SMnG0023310	-
h1SMnG0023311	-
h1SMnG0023312	-
h1SMnG0023313	-
h1SMnG0023314	-
h1SMnG0023315	-
h1SMnG0023316	-
h1SMnG0023317	-
h1SMnG0023318	-
h1SMnG0023319	-
h1SMnG0023320	-
h1SMnG0023321	-
h1SMnG0023322	-
h1SMnG0023323	-
h1SMnG0023324	-
h1SMnG0023325	-
h1SMnG0023326	-
h1SMnG0023327	-
h1SMnG0023328	-
h1SMnG0023329	-
h1SMnG0023330	-
h1SMnG0023331	-
h1SMnG0023332	-
h1SMnG0023333	-
h1SMnG0023334	-
h1SMnG0023335	-
h1SMnG0023336	-
h1SMnG0023337	-
h1SMnG0023338	O
h1SMnG0023339	-
h1SMnG0023340	-
h1SMnG0023341	-
h1SMnG0023342	-
h1SMnG0023343	-
h1SMnG0023344	-
h1SMnG0023345	-
h1SMnG0023346	-
h1SMnG0023347	-
h1SMnG0023348	-
h1SMnG0023349	-
h1SMnG0023350	-
h1SMnG0023351	-
h1SMnG0023352	-
h1SMnG0023353	O
h1SMnG0023354	-
h1SMnG0023355	-
h1SMnG0023356	-
h1SMnG0023357	-
h1SMnG0023358	-
h1SMnG0023359	-
h1SMnG0023360	-
h1SMnG0023361	-
h1SMnG0023362	-
h1SMnG0023363	S
h1SMnG0023364	-
h1SMnG0023365	-
h1SMnG0023366	-
h1SMnG0023367	-
h1SMnG0023368	-
h1SMnG0023369	-
h1SMnG0023370	-
h1SMnG0023371	-
h1SMnG0023372	-
h1SMnG0023373	-
h1SMnG0023374	-
h1SMnG0023375	-
h1SMnG0023376	-
h1SMnG0023377	-
h1SMnG0023378	-
h1SMnG0023379	-
h1SMnG0023380	-
h1SMnG0023381	-
h1SMnG0023382	-
h1SMnG0023383	-
h1SMnG0023384	-
h1SMnG0023385	-
h1SMnG0023386	-
h1SMnG0023387	-
h1SMnG0023388	-
h1SMnG0023389	-
h1SMnG0023390	-
h1SMnG0023391	-
h1SMnG0023392	-
h1SMnG0023393	-
h1SMnG0023394	-
h1SMnG0023395	-
h1SMnG0023396	-
h1SMnG0023397	-
h1SMnG0023398	C
h1SMnG0023399	-
h1SMnG0023400	-
h1SMnG0023401	-
h1SMnG0023402	-
h1SMnG0023403	-
h1SMnG0023404	-
h1SMnG0023405	-
h1SMnG0023406	-
h1SMnG0023407	-
h1SMnG0023408	G
h1SMnG0023409	-
h1SMnG0023410	-
h1SMnG0023411	-
h1SMnG0023412	-
h1SMnG0023413	-
h1SMnG0023414	-
h1SMnG0023415	-
h1SMnG0023416	-
h1SMnG0023417	-
h1SMnG0023418	-
h1SMnG0023419	-
h1SMnG0023420	-
h1SMnG0023421	-
h1SMnG0023422	-
h1SMnG0023423	-
h1SMnG0023424	-
h1SMnG0023425	-
h1SMnG0023426	-
h1SMnG0023427	-
h1SMnG0023428	-
h1SMnG0023429	-
h1SMnG0023430	-
h1SMnG0023431	-
h1SMnG0023432	-
h1SMnG0023433	-
h1SMnG0023434	-
h1SMnG0023435	-
h1SMnG0023436	-
h1SMnG0023437	-
h1SMnG0023438	-
h1SMnG0023439	-
h1SMnG0023440	-
h1SMnG0023441	-
h1SMnG0023442	-
h1SMnG0023443	-
h1SMnG0023444	-
h1SMnG0023445	-
h1SMnG0023446	T
h1SMnG0023447	-
h1SMnG0023448	-
h1SMnG0023449	-
h1SMnG0023450	-
h1SMnG0023451	-
h1SMnG0023452	-
h1SMnG0023453	-
h1SMnG0023454	-
h1SMnG0023455	-
h1SMnG0023456	-
h1SMnG0023457	-
h1SMnG0023458	-
h1SMnG0023459	-
h1SMnG0023460	-
h1SMnG0023461	-
h1SMnG0023462	-
h1SMnG0023463	A
h1SMnG0023464	-
h1SMnG0023465	-
h1SMnG0023466	-
h1SMnG0023467	-
h1SMnG0023468	-
h1SMnG0023469	-
h1SMnG0023470	-
h1SMnG0023471	-
h1SMnG0023472	-
h1SMnG0023473	-
h1SMnG0023474	-
h1SMnG0023475	-
h1SMnG0023476	-
h1SMnG0023477	-
h1SMnG0023478	-
h1SMnG0023479	-
h1SMnG0023480	-
h1SMnG0023481	-
h1SMnG0023482	-
h1SMnG0023483	-
h1SMnG0023484	-
h1SMnG0023485	-
h1SMnG0023486	-
h1SMnG0023487	-
h1SMnG0023488	-
h1SMnG0023489	-
h1SMnG0023490	S
h1SMnG0023491	-
h1SMnG0023492	-
h1SMnG0023493	-
h1SMnG0023494	-
h1SMnG0023495	-
h1SMnG0023496	-
h1SMnG0023497	-
h1SMnG0023498	-
h1SMnG0023499	-
h1SMnG0023500	-
h1SMnG0023501	-
h1SMnG0023502	-
h1SMnG0023503	-
h1SMnG0023504	-
h1SMnG0023505	-
h1SMnG0023506	-
h1SMnG0023507	-
h1SMnG0023508	-
h1SMnG0023509	-
h1SMnG0023510	-
h1SMnG0023511	-
h1SMnG0023512	-
h1SMnG0023513	-
h1SMnG0023514	-
h1SMnG0023515	-
h1SMnG0023516	-
h1SMnG0023517	BD
h1SMnG0023518	-
h1SMnG0023519	-
h1SMnG0023520	-
h1SMnG0023521	-
h1SMnG0023522	-
h1SMnG0023523	-
h1SMnG0023524	-
h1SMnG0023525	-
h1SMnG0023526	-
h1SMnG0023527	-
h1SMnG0023528	-
h1SMnG0023529	-
h1SMnG0023530	-
h1SMnG0023531	-
h1SMnG0023532	-
h1SMnG0023533	-
h1SMnG0023534	-
h1SMnG0023535	-
h1SMnG0023536	-
h1SMnG0023537	-
h1SMnG0023538	-
h1SMnG0023539	-
h1SMnG0023540	-
h1SMnG0023541	-
h1SMnG0023542	-
h1SMnG0023543	-
h1SMnG0023544	-
h1SMnG0023545	-
h1SMnG0023546	-
h1SMnG0023547	-
h1SMnG0023548	-
h1SMnG0023549	-
h1SMnG0023550	-
h1SMnG0023551	-
h1SMnG0023552	-
h1SMnG0023553	-
h1SMnG0023554	-
h1SMnG0023555	-
h1SMnG0023556	-
h1SMnG0023557	-
h1SMnG0023558	-
h1SMnG0023559	-
h1SMnG0023560	-
h1SMnG0023561	-
h1SMnG0023562	-
h1SMnG0023563	-
h1SMnG0023564	-
h1SMnG0023565	-
h1SMnG0023566	-
h1SMnG0023567	-
h1SMnG0023568	-
h1SMnG0023569	-
h1SMnG0023570	-
h1SMnG0023571	-
h1SMnG0023572	-
h1SMnG0023573	-
h1SMnG0023574	G
h1SMnG0023575	-
h1SMnG0023576	-
h1SMnG0023577	-
h1SMnG0023578	-
h1SMnG0023579	-
h1SMnG0023580	-
h1SMnG0023581	-
h1SMnG0023582	-
h1SMnG0023583	-
h1SMnG0023584	-
h1SMnG0023585	-
h1SMnG0023586	-
h1SMnG0023587	-
h1SMnG0023588	-
h1SMnG0023589	-
h1SMnG0023590	-
h1SMnG0023591	-
h1SMnG0023592	-
h1SMnG0023593	-
h1SMnG0023594	-
h1SMnG0023595	-
h1SMnG0023596	-
h1SMnG0023597	-
h1SMnG0023598	-
h1SMnG0023599	-
h1SMnG0023600	-
h1SMnG0023601	-
h1SMnG0023602	-
h1SMnG0023603	-
h1SMnG0023604	-
h1SMnG0023605	-
h1SMnG0023606	-
h1SMnG0023607	-
h1SMnG0023608	-
h1SMnG0023609	-
h1SMnG0023610	-
h1SMnG0023611	-
h1SMnG0023612	-
h1SMnG0023613	-
h1SMnG0023614	-
h1SMnG0023615	-
h1SMnG0023616	-
h1SMnG0023617	J
h1SMnG0023618	-
h1SMnG0023619	-
h1SMnG0023620	-
h1SMnG0023621	-
h1SMnG0023622	-
h1SMnG0023623	-
h1SMnG0023624	-
h1SMnG0023625	-
h1SMnG0023626	-
h1SMnG0023627	-
h1SMnG0023628	-
h1SMnG0023629	-
h1SMnG0023630	-
h1SMnG0023631	-
h1SMnG0023632	-
h1SMnG0023633	-
h1SMnG0023634	-
h1SMnG0023635	T
h1SMnG0023636	-
h1SMnG0023637	-
h1SMnG0023638	-
h1SMnG0023639	-
h1SMnG0023640	-
h1SMnG0023641	-
h1SMnG0023642	-
h1SMnG0023643	-
h1SMnG0023644	-
h1SMnG0023645	-
h1SMnG0023646	-
h1SMnG0023647	-
h1SMnG0023648	-
h1SMnG0023649	-
h1SMnG0023650	-
h1SMnG0023651	-
h1SMnG0023652	-
h1SMnG0023653	-
h1SMnG0023654	C
h1SMnG0023655	-
h1SMnG0023656	-
h1SMnG0023657	-
h1SMnG0023658	-
h1SMnG0023659	-
h1SMnG0023660	-
h1SMnG0023661	-
h1SMnG0023662	-
h1SMnG0023663	-
h1SMnG0023664	-
h1SMnG0023665	-
h1SMnG0023666	-
h1SMnG0023667	-
h1SMnG0023668	-
h1SMnG0023669	-
h1SMnG0023670	-
h1SMnG0023671	-
h1SMnG0023672	-
h1SMnG0023673	-
h1SMnG0023674	-
h1SMnG0023675	-
h1SMnG0023676	-
h1SMnG0023677	-
h1SMnG0023678	-
h1SMnG0023679	-
h1SMnG0023680	-
h1SMnG0023681	-
h1SMnG0023682	-
h1SMnG0023683	-
h1SMnG0023684	-
h1SMnG0023685	-
h1SMnG0023686	-
h1SMnG0023687	-
h1SMnG0023688	-
h1SMnG0023689	-
h1SMnG0023690	-
h1SMnG0023691	-
h1SMnG0023692	-
h1SMnG0023693	-
h1SMnG0023694	-
h1SMnG0023695	-
h1SMnG0023696	-
h1SMnG0023697	-
h1SMnG0023698	-
h1SMnG0023699	-
h1SMnG0023700	-
h1SMnG0023701	-
h1SMnG0023702	-
h1SMnG0023703	-
h1SMnG0023704	-
h1SMnG0023705	-
h1SMnG0023706	-
h1SMnG0023707	-
h1SMnG0023708	-
h1SMnG0023709	-
h1SMnG0023710	-
h1SMnG0023711	-
h1SMnG0023712	-
h1SMnG0023713	-
h1SMnG0023714	-
h1SMnG0023715	-
h1SMnG0023716	-
h1SMnG0023717	-
h1SMnG0023718	-
h1SMnG0023719	-
h1SMnG0023720	-
h1SMnG0023721	-
h1SMnG0023722	-
h1SMnG0023723	-
h1SMnG0023724	-
h1SMnG0023725	-
h1SMnG0023726	-
h1SMnG0023727	-
h1SMnG0023728	-
h1SMnG0023729	-
h1SMnG0023730	-
h1SMnG0023731	-
h1SMnG0023732	-
h1SMnG0023733	-
h1SMnG0023734	-
h1SMnG0023735	-
h1SMnG0023736	-
h1SMnG0023737	-
h1SMnG0023738	-
h1SMnG0023739	-
h1SMnG0023740	-
h1SMnG0023741	-
h1SMnG0023742	-
h1SMnG0023743	-
h1SMnG0023744	-
h1SMnG0023745	-
h1SMnG0023746	-
h1SMnG0023747	K
h1SMnG0023748	-
h1SMnG0023749	-
h1SMnG0023750	-
h1SMnG0023751	-
h1SMnG0023752	-
h1SMnG0023753	-
h1SMnG0023754	-
h1SMnG0023755	-
h1SMnG0023756	-
h1SMnG0023757	-
h1SMnG0023758	-
h1SMnG0023759	-
h1SMnG0023760	-
h1SMnG0023761	-
h1SMnG0023762	-
h1SMnG0023763	-
h1SMnG0023764	-
h1SMnG0023765	-
h1SMnG0023766	-
h1SMnG0023767	-
h1SMnG0023768	-
h1SMnG0023769	-
h1SMnG0023770	-
h1SMnG0023771	-
h1SMnG0023772	-
h1SMnG0023773	-
h1SMnG0023774	-
h1SMnG0023775	-
h1SMnG0023776	-
h1SMnG0023777	-
h1SMnG0023778	-
h1SMnG0023779	-
h1SMnG0023780	-
h1SMnG0023781	O
h1SMnG0023782	-
h1SMnG0023783	-
h1SMnG0023784	-
h1SMnG0023785	-
h1SMnG0023786	-
h1SMnG0023787	-
h1SMnG0023788	-
h1SMnG0023789	-
h1SMnG0023790	-
h1SMnG0023791	-
h1SMnG0023792	-
h1SMnG0023793	-
h1SMnG0023794	-
h1SMnG0023795	-
h1SMnG0023796	-
h1SMnG0023797	-
h1SMnG0023798	-
h1SMnG0023799	-
h1SMnG0023800	-
h1SMnG0023801	-
h1SMnG0023802	-
h1SMnG0023803	-
h1SMnG0023804	-
h1SMnG0023805	-
h1SMnG0023806	-
h1SMnG0023807	-
h1SMnG0023808	-
h1SMnG0023809	-
h1SMnG0023810	-
h1SMnG0023811	-
h1SMnG0023812	-
h1SMnG0023813	S
h1SMnG0023814	-
h1SMnG0023815	-
h1SMnG0023816	-
h1SMnG0023817	-
h1SMnG0023818	-
h1SMnG0023819	-
h1SMnG0023820	-
h1SMnG0023821	-
h1SMnG0023822	-
h1SMnG0023823	-
h1SMnG0023824	-
h1SMnG0023825	-
h1SMnG0023826	-
h1SMnG0023827	-
h1SMnG0023828	-
h1SMnG0023829	-
h1SMnG0023830	-
h1SMnG0023831	-
h1SMnG0023832	-
h1SMnG0023833	-
h1SMnG0023834	-
h1SMnG0023835	-
h1SMnG0023836	-
h1SMnG0023837	-
h1SMnG0023838	-
h1SMnG0023839	-
h1SMnG0023840	-
h1SMnG0023841	-
h1SMnG0023842	-
h1SMnG0023843	-
h1SMnG0023844	-
h1SMnG0023845	-
h1SMnG0023846	-
h1SMnG0023847	-
h1SMnG0023848	-
h1SMnG0023849	-
h1SMnG0023850	-
h1SMnG0023851	-
h1SMnG0023852	Z
h1SMnG0023853	-
h1SMnG0023854	-
h1SMnG0023855	-
h1SMnG0023856	-
h1SMnG0023857	-
h1SMnG0023858	-
h1SMnG0023859	-
h1SMnG0023860	-
h1SMnG0023861	-
h1SMnG0023862	-
h1SMnG0023863	-
h1SMnG0023864	-
h1SMnG0023865	-
h1SMnG0023866	-
h1SMnG0023867	-
h1SMnG0023868	-
h1SMnG0023869	-
h1SMnG0023870	-
h1SMnG0023871	-
h1SMnG0023872	-
h1SMnG0023873	-
h1SMnG0023874	-
h1SMnG0023875	-
h1SMnG0023876	-
h1SMnG0023877	-
h1SMnG0023878	-
h1SMnG0023879	-
h1SMnG0023880	-
h1SMnG0023881	-
h1SMnG0023882	-
h1SMnG0023883	-
h1SMnG0023884	-
h1SMnG0023885	-
h1SMnG0023886	-
h1SMnG0023887	-
h1SMnG0023888	-
h1SMnG0023889	-
h1SMnG0023890	-
h1SMnG0023891	T
h1SMnG0023892	T
h1SMnG0023893	-
h1SMnG0023894	-
h1SMnG0023895	-
h1SMnG0023896	-
h1SMnG0023897	-
h1SMnG0023898	-
h1SMnG0023899	-
h1SMnG0023900	-
h1SMnG0023901	-
h1SMnG0023902	-
h1SMnG0023903	-
h1SMnG0023904	-
h1SMnG0023905	-
h1SMnG0023906	-
h1SMnG0023907	-
h1SMnG0023908	-
h1SMnG0023909	-
h1SMnG0023910	-
h1SMnG0023911	-
h1SMnG0023912	-
h1SMnG0023913	-
h1SMnG0023914	-
h1SMnG0023915	-
h1SMnG0023916	-
h1SMnG0023917	-
h1SMnG0023918	-
h1SMnG0023919	-
h1SMnG0023920	-
h1SMnG0023921	-
h1SMnG0023922	-
h1SMnG0023923	-
h1SMnG0023924	-
h1SMnG0023925	-
h1SMnG0023926	-
h1SMnG0023927	-
h1SMnG0023928	-
h1SMnG0023929	-
h1SMnG0023930	-
h1SMnG0023931	-
h1SMnG0023932	-
h1SMnG0023933	-
h1SMnG0023934	-
h1SMnG0023935	-
h1SMnG0023936	-
h1SMnG0023937	-
h1SMnG0023938	-
h1SMnG0023939	-
h1SMnG0023940	-
h1SMnG0023941	-
h1SMnG0023942	-
h1SMnG0023943	J
h1SMnG0023944	-
h1SMnG0023945	-
h1SMnG0023946	-
h1SMnG0023947	-
h1SMnG0023948	-
h1SMnG0023949	-
h1SMnG0023950	-
h1SMnG0023951	-
h1SMnG0023952	-
h1SMnG0023953	-
h1SMnG0023954	-
h1SMnG0023955	-
h1SMnG0023956	-
h1SMnG0023957	-
h1SMnG0023958	-
h1SMnG0023959	-
h1SMnG0023960	-
h1SMnG0023961	-
h1SMnG0023962	-
h1SMnG0023963	-
h1SMnG0023964	-
h1SMnG0023965	-
h1SMnG0023966	-
h1SMnG0023967	-
h1SMnG0023968	-
h1SMnG0023969	-
h1SMnG0023970	-
h1SMnG0023971	-
h1SMnG0023972	-
h1SMnG0023973	-
h1SMnG0023974	-
h1SMnG0023975	-
h1SMnG0023976	-
h1SMnG0023977	-
h1SMnG0023978	-
h1SMnG0023979	S
h1SMnG0023980	-
h1SMnG0023981	-
h1SMnG0023982	-
h1SMnG0023983	-
h1SMnG0023984	-
h1SMnG0023985	-
h1SMnG0023986	-
h1SMnG0023987	-
h1SMnG0023988	-
h1SMnG0023989	-
h1SMnG0023990	-
h1SMnG0023991	-
h1SMnG0023992	-
h1SMnG0023993	-
h1SMnG0023994	-
h1SMnG0023995	-
h1SMnG0023996	-
h1SMnG0023997	-
h1SMnG0023998	-
h1SMnG0023999	-
h1SMnG0024000	-
h1SMnG0024001	-
h1SMnG0024002	-
h1SMnG0024003	-
h1SMnG0024004	-
h1SMnG0024005	-
h1SMnG0024006	-
h1SMnG0024007	-
h1SMnG0024008	-
h1SMnG0024009	-
h1SMnG0024010	-
h1SMnG0024011	-
h1SMnG0024012	-
h1SMnG0024013	-
h1SMnG0024014	-
h1SMnG0024015	-
h1SMnG0024016	-
h1SMnG0024017	-
h1SMnG0024018	-
h1SMnG0024019	-
h1SMnG0024020	S
h1SMnG0024021	-
h1SMnG0024022	-
h1SMnG0024023	-
h1SMnG0024024	-
h1SMnG0024025	-
h1SMnG0024026	-
h1SMnG0024027	-
h1SMnG0024028	-
h1SMnG0024029	-
h1SMnG0024030	-
h1SMnG0024031	-
h1SMnG0024032	-
h1SMnG0024033	-
h1SMnG0024034	-
h1SMnG0024035	-
h1SMnG0024036	-
h1SMnG0024037	-
h1SMnG0024038	-
h1SMnG0024039	-
h1SMnG0024040	-
h1SMnG0024041	-
h1SMnG0024042	-
h1SMnG0024043	-
h1SMnG0024044	-
h1SMnG0024045	-
h1SMnG0024046	-
h1SMnG0024047	-
h1SMnG0024048	-
h1SMnG0024049	-
h1SMnG0024050	-
h1SMnG0024051	-
h1SMnG0024052	P
h1SMnG0024053	-
h1SMnG0024054	-
h1SMnG0024055	-
h1SMnG0024056	-
h1SMnG0024057	-
h1SMnG0024058	-
h1SMnG0024059	-
h1SMnG0024060	-
h1SMnG0024061	-
h1SMnG0024062	-
h1SMnG0024063	P
h1SMnG0024064	-
h1SMnG0024065	-
h1SMnG0024066	-
h1SMnG0024067	-
h1SMnG0024068	-
h1SMnG0024069	-
h1SMnG0024070	-
h1SMnG0024071	-
h1SMnG0024072	-
h1SMnG0024073	-
h1SMnG0024074	-
h1SMnG0024075	-
h1SMnG0024076	-
h1SMnG0024077	-
h1SMnG0024078	-
h1SMnG0024079	-
h1SMnG0024080	-
h1SMnG0024081	-
h1SMnG0024082	-
h1SMnG0024083	-
h1SMnG0024084	S
h1SMnG0024085	-
h1SMnG0024086	-
h1SMnG0024087	-
h1SMnG0024088	-
h1SMnG0024089	-
h1SMnG0024090	-
h1SMnG0024091	-
h1SMnG0024092	-
h1SMnG0024093	-
h1SMnG0024094	-
h1SMnG0024095	-
h1SMnG0024096	-
h1SMnG0024097	-
h1SMnG0024098	-
h1SMnG0024099	-
h1SMnG0024100	-
h1SMnG0024101	-
h1SMnG0024102	-
h1SMnG0024103	-
h1SMnG0024104	-
h1SMnG0024105	-
h1SMnG0024106	-
h1SMnG0024107	-
h1SMnG0024108	-
h1SMnG0024109	-
h1SMnG0024110	S
h1SMnG0024111	-
h1SMnG0024112	S
h1SMnG0024113	DO
h1SMnG0024114	-
h1SMnG0024115	-
h1SMnG0024116	-
h1SMnG0024117	-
h1SMnG0024118	-
h1SMnG0024119	-
h1SMnG0024120	-
h1SMnG0024121	-
h1SMnG0024122	-
h1SMnG0024123	-
h1SMnG0024124	T
h1SMnG0024125	-
h1SMnG0024126	-
h1SMnG0024127	-
h1SMnG0024128	-
h1SMnG0024129	-
h1SMnG0024130	-
h1SMnG0024131	-
h1SMnG0024132	-
h1SMnG0024133	-
h1SMnG0024134	-
h1SMnG0024135	-
h1SMnG0024136	-
h1SMnG0024137	-
h1SMnG0024138	-
h1SMnG0024139	-
h1SMnG0024140	-
h1SMnG0024141	-
h1SMnG0024142	-
h1SMnG0024143	-
h1SMnG0024144	-
h1SMnG0024145	-
h1SMnG0024146	-
h1SMnG0024147	-
h1SMnG0024148	-
h1SMnG0024149	-
h1SMnG0024150	-
h1SMnG0024151	-
h1SMnG0024152	-
h1SMnG0024153	-
h1SMnG0024154	-
h1SMnG0024155	-
h1SMnG0024156	-
h1SMnG0024157	-
h1SMnG0024158	-
h1SMnG0024159	-
h1SMnG0024160	-
h1SMnG0024161	-
h1SMnG0024162	-
h1SMnG0024163	-
h1SMnG0024164	-
h1SMnG0024165	-
h1SMnG0024166	-
h1SMnG0024167	-
h1SMnG0024168	-
h1SMnG0024169	-
h1SMnG0024170	-
h1SMnG0024171	-
h1SMnG0024172	-
h1SMnG0024173	-
h1SMnG0024174	-
h1SMnG0024175	-
h1SMnG0024176	-
h1SMnG0024177	-
h1SMnG0024178	S
h1SMnG0024179	-
h1SMnG0024180	-
h1SMnG0024181	-
h1SMnG0024182	-
h1SMnG0024183	-
h1SMnG0024184	-
h1SMnG0024185	-
h1SMnG0024186	-
h1SMnG0024187	-
h1SMnG0024188	-
h1SMnG0024189	-
h1SMnG0024190	-
h1SMnG0024191	-
h1SMnG0024192	-
h1SMnG0024193	-
h1SMnG0024194	-
h1SMnG0024195	-
h1SMnG0024196	-
h1SMnG0024197	-
h1SMnG0024198	-
h1SMnG0024199	-
h1SMnG0024200	-
h1SMnG0024201	-
h1SMnG0024202	-
h1SMnG0024203	-
h1SMnG0024204	-
h1SMnG0024205	-
h1SMnG0024206	-
h1SMnG0024207	-
h1SMnG0024208	-
h1SMnG0024209	-
h1SMnG0024210	-
h1SMnG0024211	-
h1SMnG0024212	-
h1SMnG0024213	-
h1SMnG0024214	-
h1SMnG0024215	-
h1SMnG0024216	-
h1SMnG0024217	-
h1SMnG0024218	-
h1SMnG0024219	-
h1SMnG0024220	-
h1SMnG0024221	-
h1SMnG0024222	-
h1SMnG0024223	-
h1SMnG0024224	-
h1SMnG0024225	-
h1SMnG0024226	-
h1SMnG0024227	-
h1SMnG0024228	-
h1SMnG0024229	-
h1SMnG0024230	-
h1SMnG0024231	-
h1SMnG0024232	-
h1SMnG0024233	-
h1SMnG0024234	-
h1SMnG0024235	-
h1SMnG0024236	-
h1SMnG0024237	-
h1SMnG0024238	-
h1SMnG0024239	-
h1SMnG0024240	-
h1SMnG0024241	-
h1SMnG0024242	-
h1SMnG0024243	-
h1SMnG0024244	-
h1SMnG0024245	-
h1SMnG0024246	-
h1SMnG0024247	-
h1SMnG0024248	-
h1SMnG0024249	-
h1SMnG0024250	-
h1SMnG0024251	Z
h1SMnG0024252	-
h1SMnG0024253	-
h1SMnG0024254	-
h1SMnG0024255	-
h1SMnG0024256	-
h1SMnG0024257	-
h1SMnG0024258	-
h1SMnG0024259	S
h1SMnG0024260	-
h1SMnG0024261	-
h1SMnG0024262	-
h1SMnG0024263	-
h1SMnG0024264	-
h1SMnG0024265	-
h1SMnG0024266	-
h1SMnG0024267	-
h1SMnG0024268	-
h1SMnG0024269	-
h1SMnG0024270	-
h1SMnG0024271	-
h1SMnG0024272	J
h1SMnG0024273	-
h1SMnG0024274	-
h1SMnG0024275	-
h1SMnG0024276	-
h1SMnG0024277	-
h1SMnG0024278	-
h1SMnG0024279	-
h1SMnG0024280	-
h1SMnG0024281	-
h1SMnG0024282	-
h1SMnG0024283	-
h1SMnG0024284	-
h1SMnG0024285	-
h1SMnG0024286	-
h1SMnG0024287	-
h1SMnG0024288	-
h1SMnG0024289	-
h1SMnG0024290	-
h1SMnG0024291	-
h1SMnG0024292	-
h1SMnG0024293	-
h1SMnG0024294	-
h1SMnG0024295	-
h1SMnG0024296	-
h1SMnG0024297	-
h1SMnG0024298	-
h1SMnG0024299	-
h1SMnG0024300	-
h1SMnG0024301	-
h1SMnG0024302	-
h1SMnG0024303	-
h1SMnG0024304	-
h1SMnG0024305	-
h1SMnG0024306	-
h1SMnG0024307	-
h1SMnG0024308	-
h1SMnG0024309	-
h1SMnG0024310	-
h1SMnG0024311	-
h1SMnG0024312	S
h1SMnG0024313	-
h1SMnG0024314	-
h1SMnG0024315	-
h1SMnG0024316	-
h1SMnG0024317	-
h1SMnG0024318	-
h1SMnG0024319	-
h1SMnG0024320	-
h1SMnG0024321	-
h1SMnG0024322	-
h1SMnG0024323	-
h1SMnG0024324	-
h1SMnG0024325	-
h1SMnG0024326	-
h1SMnG0024327	-
h1SMnG0024328	-
h1SMnG0024329	-
h1SMnG0024330	-
h1SMnG0024331	-
h1SMnG0024332	G
h1SMnG0024333	-
h1SMnG0024334	-
h1SMnG0024335	-
h1SMnG0024336	-
h1SMnG0024337	-
h1SMnG0024338	-
h1SMnG0024339	-
h1SMnG0024340	-
h1SMnG0024341	-
h1SMnG0024342	-
h1SMnG0024343	-
h1SMnG0024344	-
h1SMnG0024345	-
h1SMnG0024346	-
h1SMnG0024347	-
h1SMnG0024348	-
h1SMnG0024349	-
h1SMnG0024350	-
h1SMnG0024351	-
h1SMnG0024352	-
h1SMnG0024353	-
h1SMnG0024354	-
h1SMnG0024355	-
h1SMnG0024356	-
h1SMnG0024357	T
h1SMnG0024358	-
h1SMnG0024359	-
h1SMnG0024360	-
h1SMnG0024361	-
h1SMnG0024362	-
h1SMnG0024363	-
h1SMnG0024364	-
h1SMnG0024365	-
h1SMnG0024366	-
h1SMnG0024367	-
h1SMnG0024368	-
h1SMnG0024369	-
h1SMnG0024370	-
h1SMnG0024371	-
h1SMnG0024372	S
h1SMnG0024373	-
h1SMnG0024374	-
h1SMnG0024375	-
h1SMnG0024376	-
h1SMnG0024377	-
h1SMnG0024378	-
h1SMnG0024379	IMO
h1SMnG0024380	-
h1SMnG0024381	BD
h1SMnG0024382	-
h1SMnG0024383	-
h1SMnG0024384	-
h1SMnG0024385	-
h1SMnG0024386	-
h1SMnG0024387	-
h1SMnG0024388	-
h1SMnG0024389	-
h1SMnG0024390	-
h1SMnG0024391	-
h1SMnG0024392	-
h1SMnG0024393	-
h1SMnG0024394	-
h1SMnG0024395	-
h1SMnG0024396	-
h1SMnG0024397	-
h1SMnG0024398	-
h1SMnG0024399	-
h1SMnG0024400	-
h1SMnG0024401	-
h1SMnG0024402	-
h1SMnG0024403	-
h1SMnG0024404	-
h1SMnG0024405	-
h1SMnG0024406	-
h1SMnG0024407	-
h1SMnG0024408	-
h1SMnG0024409	-
h1SMnG0024410	-
h1SMnG0024411	-
h1SMnG0024412	-
h1SMnG0024413	-
h1SMnG0024414	-
h1SMnG0024415	-
h1SMnG0024416	-
h1SMnG0024417	-
h1SMnG0024418	-
h1SMnG0024419	-
h1SMnG0024420	-
h1SMnG0024421	H
h1SMnG0024422	-
h1SMnG0024423	-
h1SMnG0024424	-
h1SMnG0024425	-
h1SMnG0024426	-
h1SMnG0024427	-
h1SMnG0024428	-
h1SMnG0024429	-
h1SMnG0024430	-
h1SMnG0024431	-
h1SMnG0024432	-
h1SMnG0024433	-
h1SMnG0024434	-
h1SMnG0024435	-
h1SMnG0024436	-
h1SMnG0024437	-
h1SMnG0024438	-
h1SMnG0024439	-
h1SMnG0024440	-
h1SMnG0024441	-
h1SMnG0024442	-
h1SMnG0024443	-
h1SMnG0024444	-
h1SMnG0024445	-
h1SMnG0024446	-
h1SMnG0024447	-
h1SMnG0024448	-
h1SMnG0024449	-
h1SMnG0024450	-
h1SMnG0024451	-
h1SMnG0024452	-
h1SMnG0024453	-
h1SMnG0024454	-
h1SMnG0024455	-
h1SMnG0024456	-
h1SMnG0024457	-
h1SMnG0024458	-
h1SMnG0024459	-
h1SMnG0024460	-
h1SMnG0024461	-
h1SMnG0024462	-
h1SMnG0024463	-
h1SMnG0024464	-
h1SMnG0024465	-
h1SMnG0024466	-
h1SMnG0024467	-
h1SMnG0024468	-
h1SMnG0024469	-
h1SMnG0024470	-
h1SMnG0024471	-
h1SMnG0024472	-
h1SMnG0024473	-
h1SMnG0024474	-
h1SMnG0024475	-
h1SMnG0024476	-
h1SMnG0024477	-
h1SMnG0024478	-
h1SMnG0024479	-
h1SMnG0024480	T
h1SMnG0024481	S
h1SMnG0024482	-
h1SMnG0024483	-
h1SMnG0024484	-
h1SMnG0024485	-
h1SMnG0024486	-
h1SMnG0024487	-
h1SMnG0024488	-
h1SMnG0024489	-
h1SMnG0024490	-
h1SMnG0024491	-
h1SMnG0024492	-
h1SMnG0024493	-
h1SMnG0024494	-
h1SMnG0024495	-
h1SMnG0024496	-
h1SMnG0024497	-
h1SMnG0024498	-
h1SMnG0024499	-
h1SMnG0024500	-
h1SMnG0024501	-
h1SMnG0024502	-
h1SMnG0024503	S
h1SMnG0024504	-
h1SMnG0024505	-
h1SMnG0024506	-
h1SMnG0024507	-
h1SMnG0024508	-
h1SMnG0024509	-
h1SMnG0024510	-
h1SMnG0024511	-
h1SMnG0024512	-
h1SMnG0024513	-
h1SMnG0024514	S
h1SMnG0024515	-
h1SMnG0024516	-
h1SMnG0024517	-
h1SMnG0024518	-
h1SMnG0024519	-
h1SMnG0024520	-
h1SMnG0024521	-
h1SMnG0024522	-
h1SMnG0024523	-
h1SMnG0024524	-
h1SMnG0024525	-
h1SMnG0024526	-
h1SMnG0024527	-
h1SMnG0024528	-
h1SMnG0024529	-
h1SMnG0024530	S
h1SMnG0024531	-
h1SMnG0024532	-
h1SMnG0024533	-
h1SMnG0024534	-
h1SMnG0024535	-
h1SMnG0024536	-
h1SMnG0024537	-
h1SMnG0024538	-
h1SMnG0024539	-
h1SMnG0024540	-
h1SMnG0024541	-
h1SMnG0024542	-
h1SMnG0024543	-
h1SMnG0024544	-
h1SMnG0024545	-
h1SMnG0024546	-
h1SMnG0024547	-
h1SMnG0024548	-
h1SMnG0024549	-
h1SMnG0024550	-
h1SMnG0024551	-
h1SMnG0024552	-
h1SMnG0024553	-
h1SMnG0024554	-
h1SMnG0024555	-
h1SMnG0024556	-
h1SMnG0024557	-
h1SMnG0024558	-
h1SMnG0024559	-
h1SMnG0024560	-
h1SMnG0024561	-
h1SMnG0024562	-
h1SMnG0024563	-
h1SMnG0024564	-
h1SMnG0024565	-
h1SMnG0024566	-
h1SMnG0024567	-
h1SMnG0024568	-
h1SMnG0024569	-
h1SMnG0024570	-
h1SMnG0024571	-
h1SMnG0024572	-
h1SMnG0024573	-
h1SMnG0024574	-
h1SMnG0024575	S
h1SMnG0024576	-
h1SMnG0024577	TU
h1SMnG0024578	-
h1SMnG0024579	-
h1SMnG0024580	-
h1SMnG0024581	-
h1SMnG0024582	-
h1SMnG0024583	-
h1SMnG0024584	-
h1SMnG0024585	-
h1SMnG0024586	-
h1SMnG0024587	-
h1SMnG0024588	-
h1SMnG0024589	-
h1SMnG0024590	T
h1SMnG0024591	-
h1SMnG0024592	-
h1SMnG0024593	-
h1SMnG0024594	-
h1SMnG0024595	-
h1SMnG0024596	-
h1SMnG0024597	-
h1SMnG0024598	-
h1SMnG0024599	-
h1SMnG0024600	-
h1SMnG0024601	-
h1SMnG0024602	-
h1SMnG0024603	-
h1SMnG0024604	-
h1SMnG0024605	-
h1SMnG0024606	-
h1SMnG0024607	-
h1SMnG0024608	-
h1SMnG0024609	-
h1SMnG0024610	-
h1SMnG0024611	-
h1SMnG0024612	-
h1SMnG0024613	-
h1SMnG0024614	-
h1SMnG0024615	-
h1SMnG0024616	-
h1SMnG0024617	-
h1SMnG0024618	-
h1SMnG0024619	-
h1SMnG0024620	-
h1SMnG0024621	-
h1SMnG0024622	-
h1SMnG0024623	-
h1SMnG0024624	-
h1SMnG0024625	-
h1SMnG0024626	-
h1SMnG0024627	-
h1SMnG0024628	-
h1SMnG0024629	-
h1SMnG0024630	-
h1SMnG0024631	-
h1SMnG0024632	-
h1SMnG0024633	-
h1SMnG0024634	-
h1SMnG0024635	-
h1SMnG0024636	-
h1SMnG0024637	-
h1SMnG0024638	-
h1SMnG0024639	-
h1SMnG0024640	-
h1SMnG0024641	-
h1SMnG0024642	-
h1SMnG0024643	-
h1SMnG0024644	-
h1SMnG0024645	-
h1SMnG0024646	-
h1SMnG0024647	-
h1SMnG0024648	-
h1SMnG0024649	-
h1SMnG0024650	-
h1SMnG0024651	-
h1SMnG0024652	-
h1SMnG0024653	-
h1SMnG0024654	-
h1SMnG0024655	-
h1SMnG0024656	-
h1SMnG0024657	-
h1SMnG0024658	-
h1SMnG0024659	-
h1SMnG0024660	-
h1SMnG0024661	BD
h1SMnG0024662	-
h1SMnG0024663	-
h1SMnG0024664	-
h1SMnG0024665	-
h1SMnG0024666	-
h1SMnG0024667	-
h1SMnG0024668	-
h1SMnG0024669	-
h1SMnG0024670	-
h1SMnG0024671	-
h1SMnG0024672	-
h1SMnG0024673	-
h1SMnG0024674	C
h1SMnG0024675	-
h1SMnG0024676	-
h1SMnG0024677	-
h1SMnG0024678	-
h1SMnG0024679	S
h1SMnG0024680	-
h1SMnG0024681	-
h1SMnG0024682	-
h1SMnG0024683	-
h1SMnG0024684	-
h1SMnG0024685	-
h1SMnG0024686	-
h1SMnG0024687	-
h1SMnG0024688	-
h1SMnG0024689	-
h1SMnG0024690	S
h1SMnG0024691	-
h1SMnG0024692	-
h1SMnG0024693	-
h1SMnG0024694	-
h1SMnG0024695	-
h1SMnG0024696	-
h1SMnG0024697	-
h1SMnG0024698	S
h1SMnG0024699	-
h1SMnG0024700	-
h1SMnG0024701	-
h1SMnG0024702	-
h1SMnG0024703	-
h1SMnG0024704	-
h1SMnG0024705	-
h1SMnG0024706	-
h1SMnG0024707	-
h1SMnG0024708	-
h1SMnG0024709	-
h1SMnG0024710	-
h1SMnG0024711	-
h1SMnG0024712	-
h1SMnG0024713	-
h1SMnG0024714	-
h1SMnG0024715	-
h1SMnG0024716	-
h1SMnG0024717	BD
h1SMnG0024718	-
h1SMnG0024719	-
h1SMnG0024720	-
h1SMnG0024721	-
h1SMnG0024722	-
h1SMnG0024723	-
h1SMnG0024724	-
h1SMnG0024725	-
h1SMnG0024726	-
h1SMnG0024727	-
h1SMnG0024728	-
h1SMnG0024729	-
h1SMnG0024730	-
h1SMnG0024731	-
h1SMnG0024732	-
h1SMnG0024733	-
h1SMnG0024734	-
h1SMnG0024735	-
h1SMnG0024736	-
h1SMnG0024737	-
h1SMnG0024738	-
h1SMnG0024739	-
h1SMnG0024740	-
h1SMnG0024741	L
h1SMnG0024742	-
h1SMnG0024743	-
h1SMnG0024744	-
h1SMnG0024745	-
h1SMnG0024746	-
h1SMnG0024747	-
h1SMnG0024748	-
h1SMnG0024749	-
h1SMnG0024750	-
h1SMnG0024751	-
h1SMnG0024752	-
h1SMnG0024753	-
h1SMnG0024754	-
h1SMnG0024755	-
h1SMnG0024756	-
h1SMnG0024757	-
h1SMnG0024758	-
h1SMnG0024759	-
h1SMnG0024760	-
h1SMnG0024761	-
h1SMnG0024762	-
h1SMnG0024763	-
h1SMnG0024764	-
h1SMnG0024765	-
h1SMnG0024766	-
h1SMnG0024767	-
h1SMnG0024768	-
h1SMnG0024769	-
h1SMnG0024770	-
h1SMnG0024771	S
h1SMnG0024772	-
h1SMnG0024773	-
h1SMnG0024774	-
h1SMnG0024775	-
h1SMnG0024776	-
h1SMnG0024777	-
h1SMnG0024778	-
h1SMnG0024779	-
h1SMnG0024780	-
h1SMnG0024781	-
h1SMnG0024782	-
h1SMnG0024783	-
h1SMnG0024784	-
h1SMnG0024785	-
h1SMnG0024786	-
h1SMnG0024787	-
h1SMnG0024788	-
h1SMnG0024789	A
h1SMnG0024790	-
h1SMnG0024791	-
h1SMnG0024792	-
h1SMnG0024793	-
h1SMnG0024794	-
h1SMnG0024795	-
h1SMnG0024796	-
h1SMnG0024797	-
h1SMnG0024798	-
h1SMnG0024799	-
h1SMnG0024800	-
h1SMnG0024801	-
h1SMnG0024802	-
h1SMnG0024803	-
h1SMnG0024804	-
h1SMnG0024805	-
h1SMnG0024806	-
h1SMnG0024807	-
h1SMnG0024808	-
h1SMnG0024809	-
h1SMnG0024810	-
h1SMnG0024811	-
h1SMnG0024812	J
h1SMnG0024813	-
h1SMnG0024814	-
h1SMnG0024815	-
h1SMnG0024816	-
h1SMnG0024817	-
h1SMnG0024818	-
h1SMnG0024819	-
h1SMnG0024820	-
h1SMnG0024821	J
h1SMnG0024822	-
h1SMnG0024823	-
h1SMnG0024824	-
h1SMnG0024825	-
h1SMnG0024826	-
h1SMnG0024827	-
h1SMnG0024828	-
h1SMnG0024829	-
h1SMnG0024830	-
h1SMnG0024831	-
h1SMnG0024832	-
h1SMnG0024833	-
h1SMnG0024834	-
h1SMnG0024835	-
h1SMnG0024836	-
h1SMnG0024837	-
h1SMnG0024838	-
h1SMnG0024839	-
h1SMnG0024840	-
h1SMnG0024841	-
h1SMnG0024842	-
h1SMnG0024843	-
h1SMnG0024844	-
h1SMnG0024845	-
h1SMnG0024846	-
h1SMnG0024847	-
h1SMnG0024848	-
h1SMnG0024849	-
h1SMnG0024850	-
h1SMnG0024851	-
h1SMnG0024852	-
h1SMnG0024853	-
h1SMnG0024854	-
h1SMnG0024855	-
h1SMnG0024856	-
h1SMnG0024857	-
h1SMnG0024858	-
h1SMnG0024859	-
h1SMnG0024860	-
h1SMnG0024861	-
h1SMnG0024862	-
h1SMnG0024863	-
h1SMnG0024864	-
h1SMnG0024865	-
h1SMnG0024866	-
h1SMnG0024867	-
h1SMnG0024868	-
h1SMnG0024869	-
h1SMnG0024870	-
h1SMnG0024871	-
h1SMnG0024872	-
h1SMnG0024873	-
h1SMnG0024874	-
h1SMnG0024875	-
h1SMnG0024876	-
h1SMnG0024877	-
h1SMnG0024878	-
h1SMnG0024879	-
h1SMnG0024880	-
h1SMnG0024881	-
h1SMnG0024882	-
h1SMnG0024883	-
h1SMnG0024884	-
h1SMnG0024885	-
h1SMnG0024886	-
h1SMnG0024887	U
h1SMnG0024888	-
h1SMnG0024889	-
h1SMnG0024890	-
h1SMnG0024891	T
h1SMnG0024892	-
h1SMnG0024893	-
h1SMnG0024894	-
h1SMnG0024895	-
h1SMnG0024896	-
h1SMnG0024897	-
h1SMnG0024898	-
h1SMnG0024899	-
h1SMnG0024900	-
h1SMnG0024901	-
h1SMnG0024902	-
h1SMnG0024903	-
h1SMnG0024904	-
h1SMnG0024905	-
h1SMnG0024906	-
h1SMnG0024907	-
h1SMnG0024908	-
h1SMnG0024909	-
h1SMnG0024910	-
h1SMnG0024911	-
h1SMnG0024912	-
h1SMnG0024913	-
h1SMnG0024914	-
h1SMnG0024915	-
h1SMnG0024916	-
h1SMnG0024917	-
h1SMnG0024918	S
h1SMnG0024919	-
h1SMnG0024920	-
h1SMnG0024921	O
h1SMnG0024922	-
h1SMnG0024923	-
h1SMnG0024924	-
h1SMnG0024925	-
h1SMnG0024926	-
h1SMnG0024927	-
h1SMnG0024928	-
h1SMnG0024929	-
h1SMnG0024930	-
h1SMnG0024931	-
h1SMnG0024932	-
h1SMnG0024933	-
h1SMnG0024934	-
h1SMnG0024935	-
h1SMnG0024936	-
h1SMnG0024937	T
h1SMnG0024938	-
h1SMnG0024939	-
h1SMnG0024940	-
h1SMnG0024941	-
h1SMnG0024942	-
h1SMnG0024943	-
h1SMnG0024944	-
h1SMnG0024945	-
h1SMnG0024946	-
h1SMnG0024947	-
h1SMnG0024948	-
h1SMnG0024949	-
h1SMnG0024950	-
h1SMnG0024951	-
h1SMnG0024952	-
h1SMnG0024953	-
h1SMnG0024954	-
h1SMnG0024955	-
h1SMnG0024956	-
h1SMnG0024957	-
h1SMnG0024958	-
h1SMnG0024959	-
h1SMnG0024960	-
h1SMnG0024961	-
h1SMnG0024962	-
h1SMnG0024963	-
h1SMnG0024964	-
h1SMnG0024965	-
h1SMnG0024966	-
h1SMnG0024967	-
h1SMnG0024968	-
h1SMnG0024969	-
h1SMnG0024970	-
h1SMnG0024971	-
h1SMnG0024972	-
h1SMnG0024973	-
h1SMnG0024974	-
h1SMnG0024975	-
h1SMnG0024976	-
h1SMnG0024977	-
h1SMnG0024978	-
h1SMnG0024979	-
h1SMnG0024980	-
h1SMnG0024981	-
h1SMnG0024982	-
h1SMnG0024983	-
h1SMnG0024984	-
h1SMnG0024985	S
h1SMnG0024986	-
h1SMnG0024987	-
h1SMnG0024988	-
h1SMnG0024989	-
h1SMnG0024990	-
h1SMnG0024991	-
h1SMnG0024992	-
h1SMnG0024993	-
h1SMnG0024994	-
h1SMnG0024995	-
h1SMnG0024996	-
h1SMnG0024997	-
h1SMnG0024998	-
h1SMnG0024999	-
h1SMnG0025000	-
h1SMnG0025001	-
h1SMnG0025002	-
h1SMnG0025003	-
h1SMnG0025004	-
h1SMnG0025005	-
h1SMnG0025006	-
h1SMnG0025007	-
h1SMnG0025008	-
h1SMnG0025009	-
h1SMnG0025010	-
h1SMnG0025011	-
h1SMnG0025012	-
h1SMnG0025013	-
h1SMnG0025014	-
h1SMnG0025015	-
h1SMnG0025016	-
h1SMnG0025017	-
h1SMnG0025018	-
h1SMnG0025019	-
h1SMnG0025020	-
h1SMnG0025021	-
h1SMnG0025022	-
h1SMnG0025023	-
h1SMnG0025024	-
h1SMnG0025025	-
h1SMnG0025026	-
h1SMnG0025027	-
h1SMnG0025028	-
h1SMnG0025029	-
h1SMnG0025030	-
h1SMnG0025031	-
h1SMnG0025032	-
h1SMnG0025033	-
h1SMnG0025034	-
h1SMnG0025035	-
h1SMnG0025036	-
h1SMnG0025037	-
h1SMnG0025038	-
h1SMnG0025039	-
h1SMnG0025040	B
h1SMnG0025041	-
h1SMnG0025042	-
h1SMnG0025043	-
h1SMnG0025044	-
h1SMnG0025045	-
h1SMnG0025046	-
h1SMnG0025047	-
h1SMnG0025048	-
h1SMnG0025049	-
h1SMnG0025050	S
h1SMnG0025051	-
h1SMnG0025052	-
h1SMnG0025053	-
h1SMnG0025054	-
h1SMnG0025055	-
h1SMnG0025056	-
h1SMnG0025057	-
h1SMnG0025058	-
h1SMnG0025059	-
h1SMnG0025060	-
h1SMnG0025061	-
h1SMnG0025062	-
h1SMnG0025063	-
h1SMnG0025064	-
h1SMnG0025065	-
h1SMnG0025066	-
h1SMnG0025067	-
h1SMnG0025068	-
h1SMnG0025069	-
h1SMnG0025070	-
h1SMnG0025071	-
h1SMnG0025072	-
h1SMnG0025073	-
h1SMnG0025074	-
h1SMnG0025075	-
h1SMnG0025076	-
h1SMnG0025077	-
h1SMnG0025078	-
h1SMnG0025079	-
h1SMnG0025080	-
h1SMnG0025081	-
h1SMnG0025082	-
h1SMnG0025083	-
h1SMnG0025084	-
h1SMnG0025085	-
h1SMnG0025086	-
h1SMnG0025087	-
h1SMnG0025088	-
h1SMnG0025089	-
h1SMnG0025090	J
h1SMnG0025091	-
h1SMnG0025092	-
h1SMnG0025093	-
h1SMnG0025094	-
h1SMnG0025095	-
h1SMnG0025096	-
h1SMnG0025097	-
h1SMnG0025098	-
h1SMnG0025099	-
h1SMnG0025100	-
h1SMnG0025101	-
h1SMnG0025102	-
h1SMnG0025103	-
h1SMnG0025104	-
h1SMnG0025105	-
h1SMnG0025106	-
h1SMnG0025107	-
h1SMnG0025108	-
h1SMnG0025109	-
h1SMnG0025110	-
h1SMnG0025111	-
h1SMnG0025112	-
h1SMnG0025113	-
h1SMnG0025114	-
h1SMnG0025115	-
h1SMnG0025116	-
h1SMnG0025117	-
h1SMnG0025118	-
h1SMnG0025119	-
h1SMnG0025120	-
h1SMnG0025121	-
h1SMnG0025122	-
h1SMnG0025123	-
h1SMnG0025124	-
h1SMnG0025125	S
h1SMnG0025126	-
h1SMnG0025127	-
h1SMnG0025128	-
h1SMnG0025129	-
h1SMnG0025130	-
h1SMnG0025131	-
h1SMnG0025132	-
h1SMnG0025133	-
h1SMnG0025134	-
h1SMnG0025135	-
h1SMnG0025136	-
h1SMnG0025137	-
h1SMnG0025138	-
h1SMnG0025139	-
h1SMnG0025140	-
h1SMnG0025141	-
h1SMnG0025142	-
h1SMnG0025143	-
h1SMnG0025144	-
h1SMnG0025145	-
h1SMnG0025146	-
h1SMnG0025147	-
h1SMnG0025148	-
h1SMnG0025149	-
h1SMnG0025150	-
h1SMnG0025151	-
h1SMnG0025152	-
h1SMnG0025153	-
h1SMnG0025154	-
h1SMnG0025155	-
h1SMnG0025156	-
h1SMnG0025157	-
h1SMnG0025158	-
h1SMnG0025159	-
h1SMnG0025160	-
h1SMnG0025161	-
h1SMnG0025162	-
h1SMnG0025163	-
h1SMnG0025164	-
h1SMnG0025165	-
h1SMnG0025166	-
h1SMnG0025167	-
h1SMnG0025168	-
h1SMnG0025169	-
h1SMnG0025170	-
h1SMnG0025171	-
h1SMnG0025172	-
h1SMnG0025173	-
h1SMnG0025174	-
h1SMnG0025175	-
h1SMnG0025176	S
h1SMnG0025177	S
h1SMnG0025178	-
h1SMnG0025179	H
h1SMnG0025180	-
h1SMnG0025181	-
h1SMnG0025182	-
h1SMnG0025183	-
h1SMnG0025184	-
h1SMnG0025185	-
h1SMnG0025186	-
h1SMnG0025187	-
h1SMnG0025188	C
h1SMnG0025189	-
h1SMnG0025190	-
h1SMnG0025191	-
h1SMnG0025192	-
h1SMnG0025193	-
h1SMnG0025194	-
h1SMnG0025195	-
h1SMnG0025196	-
h1SMnG0025197	-
h1SMnG0025198	-
h1SMnG0025199	-
h1SMnG0025200	-
h1SMnG0025201	-
h1SMnG0025202	-
h1SMnG0025203	M
h1SMnG0025204	-
h1SMnG0025205	-
h1SMnG0025206	-
h1SMnG0025207	-
h1SMnG0025208	-
h1SMnG0025209	-
h1SMnG0025210	-
h1SMnG0025211	-
h1SMnG0025212	-
h1SMnG0025213	-
h1SMnG0025214	-
h1SMnG0025215	-
h1SMnG0025216	-
h1SMnG0025217	-
h1SMnG0025218	-
h1SMnG0025219	-
h1SMnG0025220	-
h1SMnG0025221	-
h1SMnG0025222	-
h1SMnG0025223	-
h1SMnG0025224	-
h1SMnG0025225	-
h1SMnG0025226	-
h1SMnG0025227	-
h1SMnG0025228	-
h1SMnG0025229	-
h1SMnG0025230	-
h1SMnG0025231	-
h1SMnG0025232	-
h1SMnG0025233	-
h1SMnG0025234	-
h1SMnG0025235	-
h1SMnG0025236	-
h1SMnG0025237	-
h1SMnG0025238	-
h1SMnG0025239	-
h1SMnG0025240	-
h1SMnG0025241	-
h1SMnG0025242	-
h1SMnG0025243	-
h1SMnG0025244	-
h1SMnG0025245	-
h1SMnG0025246	-
h1SMnG0025247	-
h1SMnG0025248	-
h1SMnG0025249	-
h1SMnG0025250	-
h1SMnG0025251	-
h1SMnG0025252	-
h1SMnG0025253	-
h1SMnG0025254	-
h1SMnG0025255	-
h1SMnG0025256	-
h1SMnG0025257	-
h1SMnG0025258	-
h1SMnG0025259	-
h1SMnG0025260	-
h1SMnG0025261	-
h1SMnG0025262	-
h1SMnG0025263	-
h1SMnG0025264	-
h1SMnG0025265	-
h1SMnG0025266	-
h1SMnG0025267	-
h1SMnG0025268	-
h1SMnG0025269	-
h1SMnG0025270	-
h1SMnG0025271	-
h1SMnG0025272	-
h1SMnG0025273	-
h1SMnG0025274	-
h1SMnG0025275	-
h1SMnG0025276	-
h1SMnG0025277	-
h1SMnG0025278	-
h1SMnG0025279	-
h1SMnG0025280	S
h1SMnG0025281	-
h1SMnG0025282	G
h1SMnG0025283	-
h1SMnG0025284	-
h1SMnG0025285	-
h1SMnG0025286	-
h1SMnG0025287	-
h1SMnG0025288	-
h1SMnG0025289	-
h1SMnG0025290	-
h1SMnG0025291	-
h1SMnG0025292	U
h1SMnG0025293	-
h1SMnG0025294	-
h1SMnG0025295	-
h1SMnG0025296	-
h1SMnG0025297	-
h1SMnG0025298	-
h1SMnG0025299	-
h1SMnG0025300	-
h1SMnG0025301	-
h1SMnG0025302	-
h1SMnG0025303	-
h1SMnG0025304	-
h1SMnG0025305	-
h1SMnG0025306	-
h1SMnG0025307	-
h1SMnG0025308	-
h1SMnG0025309	-
h1SMnG0025310	-
h1SMnG0025311	-
h1SMnG0025312	-
h1SMnG0025313	-
h1SMnG0025314	-
h1SMnG0025315	-
h1SMnG0025316	-
h1SMnG0025317	-
h1SMnG0025318	-
h1SMnG0025319	-
h1SMnG0025320	-
h1SMnG0025321	-
h1SMnG0025322	-
h1SMnG0025323	IQ
h1SMnG0025324	-
h1SMnG0025325	-
h1SMnG0025326	-
h1SMnG0025327	-
h1SMnG0025328	-
h1SMnG0025329	S
h1SMnG0025330	-
h1SMnG0025331	-
h1SMnG0025332	-
h1SMnG0025333	-
h1SMnG0025334	-
h1SMnG0025335	-
h1SMnG0025336	-
h1SMnG0025337	-
h1SMnG0025338	-
h1SMnG0025339	-
h1SMnG0025340	-
h1SMnG0025341	-
h1SMnG0025342	-
h1SMnG0025343	-
h1SMnG0025344	-
h1SMnG0025345	-
h1SMnG0025346	-
h1SMnG0025347	-
h1SMnG0025348	-
h1SMnG0025349	-
h1SMnG0025350	-
h1SMnG0025351	-
h1SMnG0025352	-
h1SMnG0025353	-
h1SMnG0025354	-
h1SMnG0025355	-
h1SMnG0025356	-
h1SMnG0025357	-
h1SMnG0025358	-
h1SMnG0025359	S
h1SMnG0025360	-
h1SMnG0025361	-
h1SMnG0025362	-
h1SMnG0025363	-
h1SMnG0025364	-
h1SMnG0025365	-
h1SMnG0025366	-
h1SMnG0025367	-
h1SMnG0025368	-
h1SMnG0025369	-
h1SMnG0025370	-
h1SMnG0025371	-
h1SMnG0025372	-
h1SMnG0025373	-
h1SMnG0025374	-
h1SMnG0025375	-
h1SMnG0025376	-
h1SMnG0025377	-
h1SMnG0025378	-
h1SMnG0025379	-
h1SMnG0025380	-
h1SMnG0025381	-
h1SMnG0025382	-
h1SMnG0025383	-
h1SMnG0025384	-
h1SMnG0025385	-
h1SMnG0025386	-
h1SMnG0025387	-
h1SMnG0025388	-
h1SMnG0025389	-
h1SMnG0025390	-
h1SMnG0025391	-
h1SMnG0025392	-
h1SMnG0025393	-
h1SMnG0025394	-
h1SMnG0025395	-
h1SMnG0025396	-
h1SMnG0025397	-
h1SMnG0025398	-
h1SMnG0025399	-
h1SMnG0025400	-
h1SMnG0025401	-
h1SMnG0025402	-
h1SMnG0025403	-
h1SMnG0025404	-
h1SMnG0025405	-
h1SMnG0025406	-
h1SMnG0025407	-
h1SMnG0025408	-
h1SMnG0025409	-
h1SMnG0025410	-
h1SMnG0025411	-
h1SMnG0025412	-
h1SMnG0025413	-
h1SMnG0025414	-
h1SMnG0025415	-
h1SMnG0025416	-
h1SMnG0025417	-
h1SMnG0025418	S
h1SMnG0025419	-
h1SMnG0025420	-
h1SMnG0025421	-
h1SMnG0025422	-
h1SMnG0025423	-
h1SMnG0025424	-
h1SMnG0025425	-
h1SMnG0025426	-
h1SMnG0025427	-
h1SMnG0025428	-
h1SMnG0025429	-
h1SMnG0025430	-
h1SMnG0025431	-
h1SMnG0025432	-
h1SMnG0025433	-
h1SMnG0025434	-
h1SMnG0025435	-
h1SMnG0025436	-
h1SMnG0025437	-
h1SMnG0025438	-
h1SMnG0025439	-
h1SMnG0025440	-
h1SMnG0025441	-
h1SMnG0025442	-
h1SMnG0025443	-
h1SMnG0025444	-
h1SMnG0025445	-
h1SMnG0025446	-
h1SMnG0025447	-
h1SMnG0025448	-
h1SMnG0025449	-
h1SMnG0025450	-
h1SMnG0025451	-
h1SMnG0025452	-
h1SMnG0025453	-
h1SMnG0025454	U
h1SMnG0025455	-
h1SMnG0025456	C
h1SMnG0025457	-
h1SMnG0025458	-
h1SMnG0025459	-
h1SMnG0025460	-
h1SMnG0025461	-
h1SMnG0025462	-
h1SMnG0025463	-
h1SMnG0025464	-
h1SMnG0025465	-
h1SMnG0025466	-
h1SMnG0025467	-
h1SMnG0025468	-
h1SMnG0025469	-
h1SMnG0025470	-
h1SMnG0025471	-
h1SMnG0025472	-
h1SMnG0025473	-
h1SMnG0025474	-
h1SMnG0025475	-
h1SMnG0025476	-
h1SMnG0025477	-
h1SMnG0025478	-
h1SMnG0025479	-
h1SMnG0025480	-
h1SMnG0025481	-
h1SMnG0025482	-
h1SMnG0025483	-
h1SMnG0025484	-
h1SMnG0025485	-
h1SMnG0025486	-
h1SMnG0025487	-
h1SMnG0025488	-
h1SMnG0025489	-
h1SMnG0025490	-
h1SMnG0025491	-
h1SMnG0025492	-
h1SMnG0025493	-
h1SMnG0025494	-
h1SMnG0025495	-
h1SMnG0025496	-
h1SMnG0025497	-
h1SMnG0025498	-
h1SMnG0025499	-
h1SMnG0025500	-
h1SMnG0025501	-
h1SMnG0025502	-
h1SMnG0025503	Q
h1SMnG0025504	-
h1SMnG0025505	-
h1SMnG0025506	-
h1SMnG0025507	O
h1SMnG0025508	-
h1SMnG0025509	-
h1SMnG0025510	-
h1SMnG0025511	-
h1SMnG0025512	-
h1SMnG0025513	-
h1SMnG0025514	-
h1SMnG0025515	-
h1SMnG0025516	-
h1SMnG0025517	-
h1SMnG0025518	-
h1SMnG0025519	O
h1SMnG0025520	O
h1SMnG0025521	-
h1SMnG0025522	-
h1SMnG0025523	-
h1SMnG0025524	-
h1SMnG0025525	-
h1SMnG0025526	-
h1SMnG0025527	-
h1SMnG0025528	-
h1SMnG0025529	-
h1SMnG0025530	-
h1SMnG0025531	-
h1SMnG0025532	-
h1SMnG0025533	-
h1SMnG0025534	-
h1SMnG0025535	-
h1SMnG0025536	-
h1SMnG0025537	-
h1SMnG0025538	-
h1SMnG0025539	-
h1SMnG0025540	-
h1SMnG0025541	-
h1SMnG0025542	-
h1SMnG0025543	-
h1SMnG0025544	-
h1SMnG0025545	-
h1SMnG0025546	-
h1SMnG0025547	-
h1SMnG0025548	-
h1SMnG0025549	-
h1SMnG0025550	-
h1SMnG0025551	-
h1SMnG0025552	-
h1SMnG0025553	-
h1SMnG0025554	U
h1SMnG0025555	-
h1SMnG0025556	-
h1SMnG0025557	-
h1SMnG0025558	-
h1SMnG0025559	-
h1SMnG0025560	-
h1SMnG0025561	-
h1SMnG0025562	-
h1SMnG0025563	-
h1SMnG0025564	-
h1SMnG0025565	-
h1SMnG0025566	-
h1SMnG0025567	-
h1SMnG0025568	-
h1SMnG0025569	-
h1SMnG0025570	-
h1SMnG0025571	-
h1SMnG0025572	-
h1SMnG0025573	-
h1SMnG0025574	-
h1SMnG0025575	-
h1SMnG0025576	-
h1SMnG0025577	-
h1SMnG0025578	-
h1SMnG0025579	-
h1SMnG0025580	-
h1SMnG0025581	-
h1SMnG0025582	-
h1SMnG0025583	-
h1SMnG0025584	-
h1SMnG0025585	-
h1SMnG0025586	-
h1SMnG0025587	-
h1SMnG0025588	-
h1SMnG0025589	-
h1SMnG0025590	-
h1SMnG0025591	-
h1SMnG0025592	-
h1SMnG0025593	-
h1SMnG0025594	-
h1SMnG0025595	-
h1SMnG0025596	-
h1SMnG0025597	-
h1SMnG0025598	-
h1SMnG0025599	-
h1SMnG0025600	-
h1SMnG0025601	-
h1SMnG0025602	-
h1SMnG0025603	-
h1SMnG0025604	-
h1SMnG0025605	-
h1SMnG0025606	-
h1SMnG0025607	-
h1SMnG0025608	-
h1SMnG0025609	-
h1SMnG0025610	-
h1SMnG0025611	-
h1SMnG0025612	-
h1SMnG0025613	-
h1SMnG0025614	-
h1SMnG0025615	-
h1SMnG0025616	-
h1SMnG0025617	-
h1SMnG0025618	-
h1SMnG0025619	-
h1SMnG0025620	-
h1SMnG0025621	-
h1SMnG0025622	-
h1SMnG0025623	-
h1SMnG0025624	-
h1SMnG0025625	-
h1SMnG0025626	-
h1SMnG0025627	-
h1SMnG0025628	-
h1SMnG0025629	-
h1SMnG0025630	-
h1SMnG0025631	-
h1SMnG0025632	-
h1SMnG0025633	-
h1SMnG0025634	J
h1SMnG0025635	-
h1SMnG0025636	-
h1SMnG0025637	-
h1SMnG0025638	H
h1SMnG0025639	-
h1SMnG0025640	-
h1SMnG0025641	S
h1SMnG0025642	-
h1SMnG0025643	-
h1SMnG0025644	-
h1SMnG0025645	-
h1SMnG0025646	-
h1SMnG0025647	-
h1SMnG0025648	-
h1SMnG0025649	-
h1SMnG0025650	-
h1SMnG0025651	-
h1SMnG0025652	-
h1SMnG0025653	-
h1SMnG0025654	-
h1SMnG0025655	-
h1SMnG0025656	-
h1SMnG0025657	-
h1SMnG0025658	-
h1SMnG0025659	-
h1SMnG0025660	-
h1SMnG0025661	-
h1SMnG0025662	-
h1SMnG0025663	-
h1SMnG0025664	-
h1SMnG0025665	-
h1SMnG0025666	-
h1SMnG0025667	-
h1SMnG0025668	-
h1SMnG0025669	-
h1SMnG0025670	-
h1SMnG0025671	-
h1SMnG0025672	-
h1SMnG0025673	-
h1SMnG0025674	-
h1SMnG0025675	-
h1SMnG0025676	-
h1SMnG0025677	-
h1SMnG0025678	-
h1SMnG0025679	-
h1SMnG0025680	-
h1SMnG0025681	-
h1SMnG0025682	-
h1SMnG0025683	-
h1SMnG0025684	-
h1SMnG0025685	-
h1SMnG0025686	-
h1SMnG0025687	-
h1SMnG0025688	-
h1SMnG0025689	-
h1SMnG0025690	-
h1SMnG0025691	-
h1SMnG0025692	-
h1SMnG0025693	-
h1SMnG0025694	-
h1SMnG0025695	-
h1SMnG0025696	-
h1SMnG0025697	-
h1SMnG0025698	-
h1SMnG0025699	-
h1SMnG0025700	-
h1SMnG0025701	-
h1SMnG0025702	-
h1SMnG0025703	-
h1SMnG0025704	-
h1SMnG0025705	-
h1SMnG0025706	-
h1SMnG0025707	-
h1SMnG0025708	-
h1SMnG0025709	-
h1SMnG0025710	-
h1SMnG0025711	-
h1SMnG0025712	-
h1SMnG0025713	-
h1SMnG0025714	-
h1SMnG0025715	-
h1SMnG0025716	-
h1SMnG0025717	-
h1SMnG0025718	-
h1SMnG0025719	-
h1SMnG0025720	-
h1SMnG0025721	-
h1SMnG0025722	-
h1SMnG0025723	-
h1SMnG0025724	-
h1SMnG0025725	-
h1SMnG0025726	-
h1SMnG0025727	-
h1SMnG0025728	-
h1SMnG0025729	-
h1SMnG0025730	-
h1SMnG0025731	-
h1SMnG0025732	-
h1SMnG0025733	-
h1SMnG0025734	-
h1SMnG0025735	-
h1SMnG0025736	-
h1SMnG0025737	T
h1SMnG0025738	-
h1SMnG0025739	-
h1SMnG0025740	-
h1SMnG0025741	-
h1SMnG0025742	-
h1SMnG0025743	-
h1SMnG0025744	-
h1SMnG0025745	-
h1SMnG0025746	-
h1SMnG0025747	-
h1SMnG0025748	-
h1SMnG0025749	-
h1SMnG0025750	-
h1SMnG0025751	-
h1SMnG0025752	-
h1SMnG0025753	-
h1SMnG0025754	-
h1SMnG0025755	-
h1SMnG0025756	-
h1SMnG0025757	-
h1SMnG0025758	-
h1SMnG0025759	-
h1SMnG0025760	-
h1SMnG0025761	-
h1SMnG0025762	-
h1SMnG0025763	-
h1SMnG0025764	-
h1SMnG0025765	-
h1SMnG0025766	-
h1SMnG0025767	-
h1SMnG0025768	-
h1SMnG0025769	-
h1SMnG0025770	-
h1SMnG0025771	-
h1SMnG0025772	-
h1SMnG0025773	-
h1SMnG0025774	-
h1SMnG0025775	-
h1SMnG0025776	-
h1SMnG0025777	-
h1SMnG0025778	-
h1SMnG0025779	-
h1SMnG0025780	-
h1SMnG0025781	-
h1SMnG0025782	-
h1SMnG0025783	S
h1SMnG0025784	-
h1SMnG0025785	-
h1SMnG0025786	-
h1SMnG0025787	-
h1SMnG0025788	-
h1SMnG0025789	-
h1SMnG0025790	-
h1SMnG0025791	-
h1SMnG0025792	-
h1SMnG0025793	-
h1SMnG0025794	-
h1SMnG0025795	-
h1SMnG0025796	-
h1SMnG0025797	L
h1SMnG0025798	-
h1SMnG0025799	-
h1SMnG0025800	-
h1SMnG0025801	-
h1SMnG0025802	-
h1SMnG0025803	-
h1SMnG0025804	-
h1SMnG0025805	-
h1SMnG0025806	-
h1SMnG0025807	-
h1SMnG0025808	-
h1SMnG0025809	-
h1SMnG0025810	-
h1SMnG0025811	-
h1SMnG0025812	-
h1SMnG0025813	-
h1SMnG0025814	-
h1SMnG0025815	-
h1SMnG0025816	-
h1SMnG0025817	-
h1SMnG0025818	-
h1SMnG0025819	-
h1SMnG0025820	-
h1SMnG0025821	-
h1SMnG0025822	-
h1SMnG0025823	-
h1SMnG0025824	-
h1SMnG0025825	-
h1SMnG0025826	-
h1SMnG0025827	-
h1SMnG0025828	-
h1SMnG0025829	-
h1SMnG0025830	-
h1SMnG0025831	-
h1SMnG0025832	-
h1SMnG0025833	-
h1SMnG0025834	-
h1SMnG0025835	-
h1SMnG0025836	-
h1SMnG0025837	-
h1SMnG0025838	-
h1SMnG0025839	-
h1SMnG0025840	-
h1SMnG0025841	-
h1SMnG0025842	-
h1SMnG0025843	-
h1SMnG0025844	-
h1SMnG0025845	-
h1SMnG0025846	-
h1SMnG0025847	-
h1SMnG0025848	-
h1SMnG0025849	-
h1SMnG0025850	S
h1SMnG0025851	-
h1SMnG0025852	-
h1SMnG0025853	-
h1SMnG0025854	D
h1SMnG0025855	-
h1SMnG0025856	-
h1SMnG0025857	-
h1SMnG0025858	-
h1SMnG0025859	-
h1SMnG0025860	-
h1SMnG0025861	-
h1SMnG0025862	-
h1SMnG0025863	-
h1SMnG0025864	-
h1SMnG0025865	-
h1SMnG0025866	-
h1SMnG0025867	-
h1SMnG0025868	-
h1SMnG0025869	-
h1SMnG0025870	-
h1SMnG0025871	-
h1SMnG0025872	-
h1SMnG0025873	-
h1SMnG0025874	-
h1SMnG0025875	-
h1SMnG0025876	-
h1SMnG0025877	-
h1SMnG0025878	-
h1SMnG0025879	-
h1SMnG0025880	-
h1SMnG0025881	-
h1SMnG0025882	-
h1SMnG0025883	-
h1SMnG0025884	-
h1SMnG0025885	-
h1SMnG0025886	-
h1SMnG0025887	-
h1SMnG0025888	-
h1SMnG0025889	-
h1SMnG0025890	-
h1SMnG0025891	-
h1SMnG0025892	-
h1SMnG0025893	P
h1SMnG0025894	-
h1SMnG0025895	-
h1SMnG0025896	-
h1SMnG0025897	-
h1SMnG0025898	-
h1SMnG0025899	-
h1SMnG0025900	-
h1SMnG0025901	-
h1SMnG0025902	-
h1SMnG0025903	-
h1SMnG0025904	-
h1SMnG0025905	-
h1SMnG0025906	-
h1SMnG0025907	-
h1SMnG0025908	-
h1SMnG0025909	-
h1SMnG0025910	-
h1SMnG0025911	-
h1SMnG0025912	-
h1SMnG0025913	-
h1SMnG0025914	-
h1SMnG0025915	-
h1SMnG0025916	-
h1SMnG0025917	-
h1SMnG0025918	-
h1SMnG0025919	-
h1SMnG0025920	-
h1SMnG0025921	-
h1SMnG0025922	-
h1SMnG0025923	-
h1SMnG0025924	-
h1SMnG0025925	-
h1SMnG0025926	-
h1SMnG0025927	-
h1SMnG0025928	-
h1SMnG0025929	-
h1SMnG0025930	-
h1SMnG0025931	-
h1SMnG0025932	-
h1SMnG0025933	-
h1SMnG0025934	-
h1SMnG0025935	-
h1SMnG0025936	-
h1SMnG0025937	-
h1SMnG0025938	-
h1SMnG0025939	-
h1SMnG0025940	-
h1SMnG0025941	-
h1SMnG0025942	-
h1SMnG0025943	-
h1SMnG0025944	-
h1SMnG0025945	-
h1SMnG0025946	-
h1SMnG0025947	-
h1SMnG0025948	-
h1SMnG0025949	-
h1SMnG0025950	-
h1SMnG0025951	-
h1SMnG0025952	-
h1SMnG0025953	-
h1SMnG0025954	-
h1SMnG0025955	-
h1SMnG0025956	-
h1SMnG0025957	-
h1SMnG0025958	K
h1SMnG0025959	-
h1SMnG0025960	-
h1SMnG0025961	-
h1SMnG0025962	-
h1SMnG0025963	-
h1SMnG0025964	-
h1SMnG0025965	-
h1SMnG0025966	-
h1SMnG0025967	-
h1SMnG0025968	-
h1SMnG0025969	-
h1SMnG0025970	-
h1SMnG0025971	-
h1SMnG0025972	-
h1SMnG0025973	-
h1SMnG0025974	-
h1SMnG0025975	-
h1SMnG0025976	-
h1SMnG0025977	-
h1SMnG0025978	-
h1SMnG0025979	-
h1SMnG0025980	-
h1SMnG0025981	-
h1SMnG0025982	-
h1SMnG0025983	-
h1SMnG0025984	-
h1SMnG0025985	-
h1SMnG0025986	T
h1SMnG0025987	-
h1SMnG0025988	-
h1SMnG0025989	-
h1SMnG0025990	-
h1SMnG0025991	-
h1SMnG0025992	-
h1SMnG0025993	-
h1SMnG0025994	-
h1SMnG0025995	-
h1SMnG0025996	-
h1SMnG0025997	-
h1SMnG0025998	-
h1SMnG0025999	-
h1SMnG0026000	J
h1SMnG0026001	-
h1SMnG0026002	-
h1SMnG0026003	-
h1SMnG0026004	-
h1SMnG0026005	-
h1SMnG0026006	-
h1SMnG0026007	-
h1SMnG0026008	-
h1SMnG0026009	-
h1SMnG0026010	-
h1SMnG0026011	-
h1SMnG0026012	-
h1SMnG0026013	-
h1SMnG0026014	-
h1SMnG0026015	-
h1SMnG0026016	-
h1SMnG0026017	O
h1SMnG0026018	-
h1SMnG0026019	-
h1SMnG0026020	-
h1SMnG0026021	-
h1SMnG0026022	-
h1SMnG0026023	-
h1SMnG0026024	-
h1SMnG0026025	-
h1SMnG0026026	CH
h1SMnG0026027	-
h1SMnG0026028	-
h1SMnG0026029	-
h1SMnG0026030	-
h1SMnG0026031	-
h1SMnG0026032	-
h1SMnG0026033	-
h1SMnG0026034	-
h1SMnG0026035	-
h1SMnG0026036	S
h1SMnG0026037	-
h1SMnG0026038	-
h1SMnG0026039	-
h1SMnG0026040	-
h1SMnG0026041	-
h1SMnG0026042	-
h1SMnG0026043	-
h1SMnG0026044	-
h1SMnG0026045	-
h1SMnG0026046	-
h1SMnG0026047	-
h1SMnG0026048	-
h1SMnG0026049	-
h1SMnG0026050	-
h1SMnG0026051	-
h1SMnG0026052	-
h1SMnG0026053	-
h1SMnG0026054	-
h1SMnG0026055	-
h1SMnG0026056	-
h1SMnG0026057	-
h1SMnG0026058	-
h1SMnG0026059	-
h1SMnG0026060	-
h1SMnG0026061	-
h1SMnG0026062	-
h1SMnG0026063	-
h1SMnG0026064	-
h1SMnG0026065	-
h1SMnG0026066	-
h1SMnG0026067	-
h1SMnG0026068	-
h1SMnG0026069	-
h1SMnG0026070	U
h1SMnG0026071	-
h1SMnG0026072	-
h1SMnG0026073	-
h1SMnG0026074	-
h1SMnG0026075	-
h1SMnG0026076	-
h1SMnG0026077	-
h1SMnG0026078	-
h1SMnG0026079	-
h1SMnG0026080	-
h1SMnG0026081	-
h1SMnG0026082	-
h1SMnG0026083	-
h1SMnG0026084	-
h1SMnG0026085	P
h1SMnG0026086	-
h1SMnG0026087	-
h1SMnG0026088	-
h1SMnG0026089	-
h1SMnG0026090	-
h1SMnG0026091	-
h1SMnG0026092	-
h1SMnG0026093	-
h1SMnG0026094	-
h1SMnG0026095	-
h1SMnG0026096	-
h1SMnG0026097	G
h1SMnG0026098	-
h1SMnG0026099	-
h1SMnG0026100	-
h1SMnG0026101	-
h1SMnG0026102	-
h1SMnG0026103	-
h1SMnG0026104	-
h1SMnG0026105	-
h1SMnG0026106	-
h1SMnG0026107	-
h1SMnG0026108	-
h1SMnG0026109	-
h1SMnG0026110	-
h1SMnG0026111	-
h1SMnG0026112	-
h1SMnG0026113	-
h1SMnG0026114	-
h1SMnG0026115	-
h1SMnG0026116	-
h1SMnG0026117	-
h1SMnG0026118	-
h1SMnG0026119	-
h1SMnG0026120	-
h1SMnG0026121	-
h1SMnG0026122	-
h1SMnG0026123	-
h1SMnG0026124	-
h1SMnG0026125	-
h1SMnG0026126	-
h1SMnG0026127	-
h1SMnG0026128	-
h1SMnG0026129	-
h1SMnG0026130	-
h1SMnG0026131	-
h1SMnG0026132	-
h1SMnG0026133	-
h1SMnG0026134	-
h1SMnG0026135	O
h1SMnG0026136	-
h1SMnG0026137	-
h1SMnG0026138	-
h1SMnG0026139	-
h1SMnG0026140	-
h1SMnG0026141	-
h1SMnG0026142	-
h1SMnG0026143	-
h1SMnG0026144	-
h1SMnG0026145	-
h1SMnG0026146	-
h1SMnG0026147	-
h1SMnG0026148	-
h1SMnG0026149	-
h1SMnG0026150	-
h1SMnG0026151	-
h1SMnG0026152	-
h1SMnG0026153	-
h1SMnG0026154	-
h1SMnG0026155	-
h1SMnG0026156	-
h1SMnG0026157	-
h1SMnG0026158	-
h1SMnG0026159	-
h1SMnG0026160	-
h1SMnG0026161	-
h1SMnG0026162	-
h1SMnG0026163	-
h1SMnG0026164	-
h1SMnG0026165	A
h1SMnG0026166	-
h1SMnG0026167	-
h1SMnG0026168	-
h1SMnG0026169	-
h1SMnG0026170	-
h1SMnG0026171	-
h1SMnG0026172	-
h1SMnG0026173	-
h1SMnG0026174	-
h1SMnG0026175	-
h1SMnG0026176	-
h1SMnG0026177	-
h1SMnG0026178	-
h1SMnG0026179	-
h1SMnG0026180	G
h1SMnG0026181	-
h1SMnG0026182	-
h1SMnG0026183	-
h1SMnG0026184	-
h1SMnG0026185	-
h1SMnG0026186	-
h1SMnG0026187	-
h1SMnG0026188	-
h1SMnG0026189	-
h1SMnG0026190	-
h1SMnG0026191	-
h1SMnG0026192	-
h1SMnG0026193	-
h1SMnG0026194	-
h1SMnG0026195	S
h1SMnG0026196	-
h1SMnG0026197	-
h1SMnG0026198	-
h1SMnG0026199	-
h1SMnG0026200	-
h1SMnG0026201	-
h1SMnG0026202	-
h1SMnG0026203	-
h1SMnG0026204	-
h1SMnG0026205	-
h1SMnG0026206	-
h1SMnG0026207	-
h1SMnG0026208	-
h1SMnG0026209	-
h1SMnG0026210	-
h1SMnG0026211	-
h1SMnG0026212	S
h1SMnG0026213	-
h1SMnG0026214	-
h1SMnG0026215	C
h1SMnG0026216	-
h1SMnG0026217	-
h1SMnG0026218	-
h1SMnG0026219	-
h1SMnG0026220	-
h1SMnG0026221	-
h1SMnG0026222	-
h1SMnG0026223	-
h1SMnG0026224	-
h1SMnG0026225	O
h1SMnG0026226	-
h1SMnG0026227	-
h1SMnG0026228	-
h1SMnG0026229	-
h1SMnG0026230	-
h1SMnG0026231	-
h1SMnG0026232	-
h1SMnG0026233	-
h1SMnG0026234	-
h1SMnG0026235	-
h1SMnG0026236	-
h1SMnG0026237	-
h1SMnG0026238	-
h1SMnG0026239	-
h1SMnG0026240	-
h1SMnG0026241	-
h1SMnG0026242	-
h1SMnG0026243	-
h1SMnG0026244	-
h1SMnG0026245	-
h1SMnG0026246	-
h1SMnG0026247	-
h1SMnG0026248	-
h1SMnG0026249	-
h1SMnG0026250	-
h1SMnG0026251	-
h1SMnG0026252	-
h1SMnG0026253	-
h1SMnG0026254	-
h1SMnG0026255	-
h1SMnG0026256	-
h1SMnG0026257	-
h1SMnG0026258	-
h1SMnG0026259	-
h1SMnG0026260	-
h1SMnG0026261	-
h1SMnG0026262	-
h1SMnG0026263	-
h1SMnG0026264	-
h1SMnG0026265	L
h1SMnG0026266	-
h1SMnG0026267	-
h1SMnG0026268	-
h1SMnG0026269	-
h1SMnG0026270	-
h1SMnG0026271	-
h1SMnG0026272	-
h1SMnG0026273	-
h1SMnG0026274	-
h1SMnG0026275	-
h1SMnG0026276	-
h1SMnG0026277	-
h1SMnG0026278	-
h1SMnG0026279	-
h1SMnG0026280	-
h1SMnG0026281	-
h1SMnG0026282	-
h1SMnG0026283	-
h1SMnG0026284	-
h1SMnG0026285	-
h1SMnG0026286	-
h1SMnG0026287	-
h1SMnG0026288	-
h1SMnG0026289	-
h1SMnG0026290	-
h1SMnG0026291	-
h1SMnG0026292	-
h1SMnG0026293	-
h1SMnG0026294	-
h1SMnG0026295	-
h1SMnG0026296	-
h1SMnG0026297	-
h1SMnG0026298	-
h1SMnG0026299	-
h1SMnG0026300	-
h1SMnG0026301	-
h1SMnG0026302	-
h1SMnG0026303	-
h1SMnG0026304	-
h1SMnG0026305	-
h1SMnG0026306	-
h1SMnG0026307	-
h1SMnG0026308	-
h1SMnG0026309	-
h1SMnG0026310	-
h1SMnG0026311	-
h1SMnG0026312	-
h1SMnG0026313	-
h1SMnG0026314	-
h1SMnG0026315	-
h1SMnG0026316	-
h1SMnG0026317	-
h1SMnG0026318	-
h1SMnG0026319	-
h1SMnG0026320	-
h1SMnG0026321	K
h1SMnG0026322	-
h1SMnG0026323	-
h1SMnG0026324	-
h1SMnG0026325	-
h1SMnG0026326	-
h1SMnG0026327	-
h1SMnG0026328	-
h1SMnG0026329	-
h1SMnG0026330	-
h1SMnG0026331	-
h1SMnG0026332	-
h1SMnG0026333	-
h1SMnG0026334	-
h1SMnG0026335	-
h1SMnG0026336	-
h1SMnG0026337	-
h1SMnG0026338	-
h1SMnG0026339	-
h1SMnG0026340	-
h1SMnG0026341	-
h1SMnG0026342	-
h1SMnG0026343	-
h1SMnG0026344	-
h1SMnG0026345	-
h1SMnG0026346	-
h1SMnG0026347	-
h1SMnG0026348	-
h1SMnG0026349	-
h1SMnG0026350	-
h1SMnG0026351	-
h1SMnG0026352	-
h1SMnG0026353	-
h1SMnG0026354	-
h1SMnG0026355	-
h1SMnG0026356	-
h1SMnG0026357	-
h1SMnG0026358	-
h1SMnG0026359	-
h1SMnG0026360	-
h1SMnG0026361	-
h1SMnG0026362	-
h1SMnG0026363	-
h1SMnG0026364	-
h1SMnG0026365	-
h1SMnG0026366	-
h1SMnG0026367	-
h1SMnG0026368	-
h1SMnG0026369	-
h1SMnG0026370	-
h1SMnG0026371	-
h1SMnG0026372	-
h1SMnG0026373	-
h1SMnG0026374	-
h1SMnG0026375	-
h1SMnG0026376	-
h1SMnG0026377	-
h1SMnG0026378	-
h1SMnG0026379	-
h1SMnG0026380	-
h1SMnG0026381	-
h1SMnG0026382	-
h1SMnG0026383	-
h1SMnG0026384	-
h1SMnG0026385	-
h1SMnG0026386	-
h1SMnG0026387	-
h1SMnG0026388	-
h1SMnG0026389	-
h1SMnG0026390	-
h1SMnG0026391	-
h1SMnG0026392	-
h1SMnG0026393	-
h1SMnG0026394	-
h1SMnG0026395	-
h1SMnG0026396	-
h1SMnG0026397	O
h1SMnG0026398	-
h1SMnG0026399	-
h1SMnG0026400	-
h1SMnG0026401	-
h1SMnG0026402	-
h1SMnG0026403	-
h1SMnG0026404	-
h1SMnG0026405	-
h1SMnG0026406	-
h1SMnG0026407	-
h1SMnG0026408	-
h1SMnG0026409	-
h1SMnG0026410	-
h1SMnG0026411	-
h1SMnG0026412	-
h1SMnG0026413	-
h1SMnG0026414	-
h1SMnG0026415	-
h1SMnG0026416	-
h1SMnG0026417	-
h1SMnG0026418	-
h1SMnG0026419	-
h1SMnG0026420	-
h1SMnG0026421	-
h1SMnG0026422	-
h1SMnG0026423	-
h1SMnG0026424	-
h1SMnG0026425	-
h1SMnG0026426	-
h1SMnG0026427	-
h1SMnG0026428	-
h1SMnG0026429	-
h1SMnG0026430	-
h1SMnG0026431	-
h1SMnG0026432	-
h1SMnG0026433	-
h1SMnG0026434	O
h1SMnG0026435	-
h1SMnG0026436	-
h1SMnG0026437	-
h1SMnG0026438	-
h1SMnG0026439	-
h1SMnG0026440	-
h1SMnG0026441	-
h1SMnG0026442	-
h1SMnG0026443	-
h1SMnG0026444	-
h1SMnG0026445	-
h1SMnG0026446	-
h1SMnG0026447	-
h1SMnG0026448	-
h1SMnG0026449	-
h1SMnG0026450	-
h1SMnG0026451	-
h1SMnG0026452	-
h1SMnG0026453	-
h1SMnG0026454	-
h1SMnG0026455	-
h1SMnG0026456	-
h1SMnG0026457	-
h1SMnG0026458	-
h1SMnG0026459	-
h1SMnG0026460	-
h1SMnG0026461	-
h1SMnG0026462	-
h1SMnG0026463	-
h1SMnG0026464	-
h1SMnG0026465	-
h1SMnG0026466	-
h1SMnG0026467	-
h1SMnG0026468	-
h1SMnG0026469	-
h1SMnG0026470	-
h1SMnG0026471	-
h1SMnG0026472	-
h1SMnG0026473	-
h1SMnG0026474	-
h1SMnG0026475	-
h1SMnG0026476	-
h1SMnG0026477	-
h1SMnG0026478	-
h1SMnG0026479	-
h1SMnG0026480	-
h1SMnG0026481	-
h1SMnG0026482	-
h1SMnG0026483	-
h1SMnG0026484	-
h1SMnG0026485	-
h1SMnG0026486	-
h1SMnG0026487	-
h1SMnG0026488	-
h1SMnG0026489	-
h1SMnG0026490	-
h1SMnG0026491	-
h1SMnG0026492	-
h1SMnG0026493	-
h1SMnG0026494	-
h1SMnG0026495	-
h1SMnG0026496	-
h1SMnG0026497	-
h1SMnG0026498	-
h1SMnG0026499	-
h1SMnG0026500	-
h1SMnG0026501	-
h1SMnG0026502	-
h1SMnG0026503	-
h1SMnG0026504	-
h1SMnG0026505	-
h1SMnG0026506	-
h1SMnG0026507	-
h1SMnG0026508	-
h1SMnG0026509	-
h1SMnG0026510	-
h1SMnG0026511	-
h1SMnG0026512	-
h1SMnG0026513	-
h1SMnG0026514	-
h1SMnG0026515	-
h1SMnG0026516	-
h1SMnG0026517	-
h1SMnG0026518	-
h1SMnG0026519	-
h1SMnG0026520	-
h1SMnG0026521	-
h1SMnG0026522	-
h1SMnG0026523	-
h1SMnG0026524	-
h1SMnG0026525	-
h1SMnG0026526	-
h1SMnG0026527	-
h1SMnG0026528	-
h1SMnG0026529	-
h1SMnG0026530	-
h1SMnG0026531	-
h1SMnG0026532	-
h1SMnG0026533	-
h1SMnG0026534	-
h1SMnG0026535	-
h1SMnG0026536	-
h1SMnG0026537	-
h1SMnG0026538	-
h1SMnG0026539	-
h1SMnG0026540	-
h1SMnG0026541	-
h1SMnG0026542	-
h1SMnG0026543	-
h1SMnG0026544	-
h1SMnG0026545	-
h1SMnG0026546	L
h1SMnG0026547	-
h1SMnG0026548	-
h1SMnG0026549	-
h1SMnG0026550	-
h1SMnG0026551	-
h1SMnG0026552	-
h1SMnG0026553	-
h1SMnG0026554	-
h1SMnG0026555	-
h1SMnG0026556	-
h1SMnG0026557	-
h1SMnG0026558	-
h1SMnG0026559	-
h1SMnG0026560	-
h1SMnG0026561	-
h1SMnG0026562	-
h1SMnG0026563	-
h1SMnG0026564	-
h1SMnG0026565	-
h1SMnG0026566	-
h1SMnG0026567	-
h1SMnG0026568	-
h1SMnG0026569	-
h1SMnG0026570	-
h1SMnG0026571	-
h1SMnG0026572	-
h1SMnG0026573	-
h1SMnG0026574	-
h1SMnG0026575	-
h1SMnG0026576	-
h1SMnG0026577	-
h1SMnG0026578	-
h1SMnG0026579	-
h1SMnG0026580	-
h1SMnG0026581	-
h1SMnG0026582	DUZ
h1SMnG0026583	-
h1SMnG0026584	-
h1SMnG0026585	-
h1SMnG0026586	-
h1SMnG0026587	-
h1SMnG0026588	-
h1SMnG0026589	-
h1SMnG0026590	-
h1SMnG0026591	-
h1SMnG0026592	-
h1SMnG0026593	-
h1SMnG0026594	-
h1SMnG0026595	-
h1SMnG0026596	-
h1SMnG0026597	-
h1SMnG0026598	-
h1SMnG0026599	-
h1SMnG0026600	-
h1SMnG0026601	-
h1SMnG0026602	-
h1SMnG0026603	-
h1SMnG0026604	-
h1SMnG0026605	-
h1SMnG0026606	-
h1SMnG0026607	-
h1SMnG0026608	-
h1SMnG0026609	-
h1SMnG0026610	-
h1SMnG0026611	-
h1SMnG0026612	-
h1SMnG0026613	-
h1SMnG0026614	-
h1SMnG0026615	-
h1SMnG0026616	-
h1SMnG0026617	-
h1SMnG0026618	-
h1SMnG0026619	-
h1SMnG0026620	-
h1SMnG0026621	-
h1SMnG0026622	-
h1SMnG0026623	-
h1SMnG0026624	-
h1SMnG0026625	-
h1SMnG0026626	-
h1SMnG0026627	-
h1SMnG0026628	-
h1SMnG0026629	-
h1SMnG0026630	-
h1SMnG0026631	-
h1SMnG0026632	-
h1SMnG0026633	-
h1SMnG0026634	-
h1SMnG0026635	-
h1SMnG0026636	-
h1SMnG0026637	-
h1SMnG0026638	-
h1SMnG0026639	-
h1SMnG0026640	-
h1SMnG0026641	-
h1SMnG0026642	U
h1SMnG0026643	-
h1SMnG0026644	-
h1SMnG0026645	-
h1SMnG0026646	-
h1SMnG0026647	-
h1SMnG0026648	-
h1SMnG0026649	-
h1SMnG0026650	-
h1SMnG0026651	-
h1SMnG0026652	-
h1SMnG0026653	-
h1SMnG0026654	-
h1SMnG0026655	-
h1SMnG0026656	-
h1SMnG0026657	-
h1SMnG0026658	-
h1SMnG0026659	-
h1SMnG0026660	-
h1SMnG0026661	-
h1SMnG0026662	-
h1SMnG0026663	-
h1SMnG0026664	-
h1SMnG0026665	-
h1SMnG0026666	-
h1SMnG0026667	-
h1SMnG0026668	-
h1SMnG0026669	-
h1SMnG0026670	-
h1SMnG0026671	-
h1SMnG0026672	-
h1SMnG0026673	-
h1SMnG0026674	-
h1SMnG0026675	-
h1SMnG0026676	-
h1SMnG0026677	-
h1SMnG0026678	-
h1SMnG0026679	-
h1SMnG0026680	E
h1SMnG0026681	-
h1SMnG0026682	-
h1SMnG0026683	-
h1SMnG0026684	-
h1SMnG0026685	-
h1SMnG0026686	-
h1SMnG0026687	E
h1SMnG0026688	-
h1SMnG0026689	-
h1SMnG0026690	-
h1SMnG0026691	-
h1SMnG0026692	-
h1SMnG0026693	-
h1SMnG0026694	-
h1SMnG0026695	-
h1SMnG0026696	-
h1SMnG0026697	-
h1SMnG0026698	-
h1SMnG0026699	-
h1SMnG0026700	-
h1SMnG0026701	-
h1SMnG0026702	-
h1SMnG0026703	-
h1SMnG0026704	-
h1SMnG0026705	-
h1SMnG0026706	-
h1SMnG0026707	-
h1SMnG0026708	-
h1SMnG0026709	-
h1SMnG0026710	-
h1SMnG0026711	-
h1SMnG0026712	-
h1SMnG0026713	-
h1SMnG0026714	-
h1SMnG0026715	-
h1SMnG0026716	-
h1SMnG0026717	-
h1SMnG0026718	-
h1SMnG0026719	-
h1SMnG0026720	-
h1SMnG0026721	-
h1SMnG0026722	-
h1SMnG0026723	T
h1SMnG0026724	-
h1SMnG0026725	-
h1SMnG0026726	-
h1SMnG0026727	-
h1SMnG0026728	-
h1SMnG0026729	-
h1SMnG0026730	-
h1SMnG0026731	-
h1SMnG0026732	-
h1SMnG0026733	-
h1SMnG0026734	-
h1SMnG0026735	-
h1SMnG0026736	S
h1SMnG0026737	-
h1SMnG0026738	-
h1SMnG0026739	-
h1SMnG0026740	-
h1SMnG0026741	-
h1SMnG0026742	-
h1SMnG0026743	-
h1SMnG0026744	-
h1SMnG0026745	-
h1SMnG0026746	-
h1SMnG0026747	-
h1SMnG0026748	-
h1SMnG0026749	-
h1SMnG0026750	-
h1SMnG0026751	-
h1SMnG0026752	-
h1SMnG0026753	-
h1SMnG0026754	-
h1SMnG0026755	-
h1SMnG0026756	-
h1SMnG0026757	-
h1SMnG0026758	-
h1SMnG0026759	-
h1SMnG0026760	-
h1SMnG0026761	-
h1SMnG0026762	-
h1SMnG0026763	-
h1SMnG0026764	-
h1SMnG0026765	-
h1SMnG0026766	-
h1SMnG0026767	-
h1SMnG0026768	-
h1SMnG0026769	-
h1SMnG0026770	-
h1SMnG0026771	-
h1SMnG0026772	-
h1SMnG0026773	-
h1SMnG0026774	-
h1SMnG0026775	-
h1SMnG0026776	-
h1SMnG0026777	-
h1SMnG0026778	-
h1SMnG0026779	-
h1SMnG0026780	-
h1SMnG0026781	-
h1SMnG0026782	-
h1SMnG0026783	-
h1SMnG0026784	-
h1SMnG0026785	-
h1SMnG0026786	-
h1SMnG0026787	-
h1SMnG0026788	-
h1SMnG0026789	P
h1SMnG0026790	-
h1SMnG0026791	-
h1SMnG0026792	-
h1SMnG0026793	-
h1SMnG0026794	-
h1SMnG0026795	-
h1SMnG0026796	-
h1SMnG0026797	-
h1SMnG0026798	-
h1SMnG0026799	-
h1SMnG0026800	-
h1SMnG0026801	-
h1SMnG0026802	-
h1SMnG0026803	-
h1SMnG0026804	-
h1SMnG0026805	-
h1SMnG0026806	-
h1SMnG0026807	-
h1SMnG0026808	-
h1SMnG0026809	-
h1SMnG0026810	-
h1SMnG0026811	-
h1SMnG0026812	-
h1SMnG0026813	-
h1SMnG0026814	-
h1SMnG0026815	-
h1SMnG0026816	-
h1SMnG0026817	-
h1SMnG0026818	-
h1SMnG0026819	-
h1SMnG0026820	-
h1SMnG0026821	-
h1SMnG0026822	-
h1SMnG0026823	-
h1SMnG0026824	-
h1SMnG0026825	K
h1SMnG0026826	-
h1SMnG0026827	-
h1SMnG0026828	-
h1SMnG0026829	-
h1SMnG0026830	U
h1SMnG0026831	-
h1SMnG0026832	-
h1SMnG0026833	-
h1SMnG0026834	-
h1SMnG0026835	-
h1SMnG0026836	-
h1SMnG0026837	-
h1SMnG0026838	-
h1SMnG0026839	-
h1SMnG0026840	-
h1SMnG0026841	-
h1SMnG0026842	-
h1SMnG0026843	-
h1SMnG0026844	-
h1SMnG0026845	-
h1SMnG0026846	-
h1SMnG0026847	-
h1SMnG0026848	-
h1SMnG0026849	-
h1SMnG0026850	-
h1SMnG0026851	-
h1SMnG0026852	-
h1SMnG0026853	-
h1SMnG0026854	-
h1SMnG0026855	-
h1SMnG0026856	-
h1SMnG0026857	-
h1SMnG0026858	-
h1SMnG0026859	-
h1SMnG0026860	-
h1SMnG0026861	-
h1SMnG0026862	-
h1SMnG0026863	-
h1SMnG0026864	-
h1SMnG0026865	-
h1SMnG0026866	-
h1SMnG0026867	-
h1SMnG0026868	-
h1SMnG0026869	-
h1SMnG0026870	-
h1SMnG0026871	-
h1SMnG0026872	-
h1SMnG0026873	-
h1SMnG0026874	-
h1SMnG0026875	-
h1SMnG0026876	-
h1SMnG0026877	-
h1SMnG0026878	-
h1SMnG0026879	-
h1SMnG0026880	-
h1SMnG0026881	-
h1SMnG0026882	-
h1SMnG0026883	-
h1SMnG0026884	-
h1SMnG0026885	-
h1SMnG0026886	-
h1SMnG0026887	-
h1SMnG0026888	T
h1SMnG0026889	-
h1SMnG0026890	-
h1SMnG0026891	-
h1SMnG0026892	-
h1SMnG0026893	C
h1SMnG0026894	-
h1SMnG0026895	-
h1SMnG0026896	-
h1SMnG0026897	-
h1SMnG0026898	-
h1SMnG0026899	-
h1SMnG0026900	-
h1SMnG0026901	-
h1SMnG0026902	-
h1SMnG0026903	-
h1SMnG0026904	-
h1SMnG0026905	-
h1SMnG0026906	-
h1SMnG0026907	-
h1SMnG0026908	-
h1SMnG0026909	-
h1SMnG0026910	-
h1SMnG0026911	-
h1SMnG0026912	-
h1SMnG0026913	-
h1SMnG0026914	-
h1SMnG0026915	-
h1SMnG0026916	-
h1SMnG0026917	-
h1SMnG0026918	-
h1SMnG0026919	-
h1SMnG0026920	-
h1SMnG0026921	-
h1SMnG0026922	-
h1SMnG0026923	-
h1SMnG0026924	-
h1SMnG0026925	-
h1SMnG0026926	-
h1SMnG0026927	-
h1SMnG0026928	-
h1SMnG0026929	-
h1SMnG0026930	-
h1SMnG0026931	-
h1SMnG0026932	-
h1SMnG0026933	-
h1SMnG0026934	-
h1SMnG0026935	-
h1SMnG0026936	-
h1SMnG0026937	-
h1SMnG0026938	-
h1SMnG0026939	-
h1SMnG0026940	-
h1SMnG0026941	-
h1SMnG0026942	Q
h1SMnG0026943	-
h1SMnG0026944	-
h1SMnG0026945	-
h1SMnG0026946	-
h1SMnG0026947	-
h1SMnG0026948	-
h1SMnG0026949	-
h1SMnG0026950	-
h1SMnG0026951	-
h1SMnG0026952	BD
h1SMnG0026953	-
h1SMnG0026954	-
h1SMnG0026955	-
h1SMnG0026956	-
h1SMnG0026957	-
h1SMnG0026958	-
h1SMnG0026959	-
h1SMnG0026960	-
h1SMnG0026961	-
h1SMnG0026962	-
h1SMnG0026963	-
h1SMnG0026964	-
h1SMnG0026965	-
h1SMnG0026966	-
h1SMnG0026967	-
h1SMnG0026968	-
h1SMnG0026969	-
h1SMnG0026970	-
h1SMnG0026971	-
h1SMnG0026972	-
h1SMnG0026973	-
h1SMnG0026974	-
h1SMnG0026975	-
h1SMnG0026976	-
h1SMnG0026977	-
h1SMnG0026978	-
h1SMnG0026979	-
h1SMnG0026980	-
h1SMnG0026981	-
h1SMnG0026982	-
h1SMnG0026983	-
h1SMnG0026984	-
h1SMnG0026985	-
h1SMnG0026986	-
h1SMnG0026987	-
h1SMnG0026988	-
h1SMnG0026989	-
h1SMnG0026990	-
h1SMnG0026991	-
h1SMnG0026992	-
h1SMnG0026993	-
h1SMnG0026994	-
h1SMnG0026995	-
h1SMnG0026996	C
h1SMnG0026997	-
h1SMnG0026998	-
h1SMnG0026999	-
h1SMnG0027000	-
h1SMnG0027001	-
h1SMnG0027002	-
h1SMnG0027003	-
h1SMnG0027004	-
h1SMnG0027005	-
h1SMnG0027006	-
h1SMnG0027007	-
h1SMnG0027008	-
h1SMnG0027009	-
h1SMnG0027010	-
h1SMnG0027011	-
h1SMnG0027012	-
h1SMnG0027013	-
h1SMnG0027014	-
h1SMnG0027015	-
h1SMnG0027016	-
h1SMnG0027017	-
h1SMnG0027018	-
h1SMnG0027019	-
h1SMnG0027020	-
h1SMnG0027021	-
h1SMnG0027022	-
h1SMnG0027023	OT
h1SMnG0027024	-
h1SMnG0027025	-
h1SMnG0027026	-
h1SMnG0027027	-
h1SMnG0027028	-
h1SMnG0027029	-
h1SMnG0027030	-
h1SMnG0027031	-
h1SMnG0027032	-
h1SMnG0027033	-
h1SMnG0027034	-
h1SMnG0027035	-
h1SMnG0027036	-
h1SMnG0027037	-
h1SMnG0027038	-
h1SMnG0027039	-
h1SMnG0027040	-
h1SMnG0027041	-
h1SMnG0027042	-
h1SMnG0027043	-
h1SMnG0027044	-
h1SMnG0027045	-
h1SMnG0027046	-
h1SMnG0027047	-
h1SMnG0027048	-
h1SMnG0027049	-
h1SMnG0027050	-
h1SMnG0027051	-
h1SMnG0027052	-
h1SMnG0027053	-
h1SMnG0027054	-
h1SMnG0027055	-
h1SMnG0027056	-
h1SMnG0027057	-
h1SMnG0027058	-
h1SMnG0027059	-
h1SMnG0027060	-
h1SMnG0027061	-
h1SMnG0027062	-
h1SMnG0027063	-
h1SMnG0027064	-
h1SMnG0027065	J
h1SMnG0027066	-
h1SMnG0027067	-
h1SMnG0027068	-
h1SMnG0027069	-
h1SMnG0027070	-
h1SMnG0027071	-
h1SMnG0027072	-
h1SMnG0027073	-
h1SMnG0027074	-
h1SMnG0027075	-
h1SMnG0027076	-
h1SMnG0027077	-
h1SMnG0027078	-
h1SMnG0027079	-
h1SMnG0027080	-
h1SMnG0027081	-
h1SMnG0027082	-
h1SMnG0027083	-
h1SMnG0027084	-
h1SMnG0027085	S
h1SMnG0027086	-
h1SMnG0027087	-
h1SMnG0027088	-
h1SMnG0027089	-
h1SMnG0027090	-
h1SMnG0027091	-
h1SMnG0027092	-
h1SMnG0027093	-
h1SMnG0027094	-
h1SMnG0027095	-
h1SMnG0027096	-
h1SMnG0027097	-
h1SMnG0027098	-
h1SMnG0027099	-
h1SMnG0027100	-
h1SMnG0027101	-
h1SMnG0027102	-
h1SMnG0027103	-
h1SMnG0027104	-
h1SMnG0027105	-
h1SMnG0027106	-
h1SMnG0027107	-
h1SMnG0027108	-
h1SMnG0027109	-
h1SMnG0027110	-
h1SMnG0027111	-
h1SMnG0027112	-
h1SMnG0027113	-
h1SMnG0027114	J
h1SMnG0027115	-
h1SMnG0027116	S
h1SMnG0027117	-
h1SMnG0027118	-
h1SMnG0027119	-
h1SMnG0027120	-
h1SMnG0027121	-
h1SMnG0027122	-
h1SMnG0027123	-
h1SMnG0027124	-
h1SMnG0027125	-
h1SMnG0027126	-
h1SMnG0027127	-
h1SMnG0027128	-
h1SMnG0027129	-
h1SMnG0027130	-
h1SMnG0027131	-
h1SMnG0027132	-
h1SMnG0027133	-
h1SMnG0027134	-
h1SMnG0027135	-
h1SMnG0027136	-
h1SMnG0027137	-
h1SMnG0027138	-
h1SMnG0027139	-
h1SMnG0027140	-
h1SMnG0027141	-
h1SMnG0027142	-
h1SMnG0027143	-
h1SMnG0027144	I
h1SMnG0027145	-
h1SMnG0027146	-
h1SMnG0027147	-
h1SMnG0027148	-
h1SMnG0027149	-
h1SMnG0027150	-
h1SMnG0027151	-
h1SMnG0027152	-
h1SMnG0027153	H
h1SMnG0027154	-
h1SMnG0027155	-
h1SMnG0027156	-
h1SMnG0027157	-
h1SMnG0027158	-
h1SMnG0027159	-
h1SMnG0027160	H
h1SMnG0027161	-
h1SMnG0027162	-
h1SMnG0027163	-
h1SMnG0027164	-
h1SMnG0027165	-
h1SMnG0027166	-
h1SMnG0027167	-
h1SMnG0027168	-
h1SMnG0027169	-
h1SMnG0027170	-
h1SMnG0027171	-
h1SMnG0027172	-
h1SMnG0027173	-
h1SMnG0027174	-
h1SMnG0027175	-
h1SMnG0027176	-
h1SMnG0027177	-
h1SMnG0027178	-
h1SMnG0027179	-
h1SMnG0027180	-
h1SMnG0027181	-
h1SMnG0027182	-
h1SMnG0027183	S
h1SMnG0027184	-
h1SMnG0027185	-
h1SMnG0027186	-
h1SMnG0027187	-
h1SMnG0027188	-
h1SMnG0027189	-
h1SMnG0027190	-
h1SMnG0027191	-
h1SMnG0027192	-
h1SMnG0027193	-
h1SMnG0027194	-
h1SMnG0027195	-
h1SMnG0027196	-
h1SMnG0027197	-
h1SMnG0027198	-
h1SMnG0027199	-
h1SMnG0027200	S
h1SMnG0027201	-
h1SMnG0027202	-
h1SMnG0027203	-
h1SMnG0027204	-
h1SMnG0027205	-
h1SMnG0027206	-
h1SMnG0027207	-
h1SMnG0027208	-
h1SMnG0027209	-
h1SMnG0027210	-
h1SMnG0027211	-
h1SMnG0027212	-
h1SMnG0027213	-
h1SMnG0027214	-
h1SMnG0027215	-
h1SMnG0027216	-
h1SMnG0027217	-
h1SMnG0027218	-
h1SMnG0027219	-
h1SMnG0027220	-
h1SMnG0027221	-
h1SMnG0027222	-
h1SMnG0027223	-
h1SMnG0027224	-
h1SMnG0027225	-
h1SMnG0027226	-
h1SMnG0027227	-
h1SMnG0027228	-
h1SMnG0027229	-
h1SMnG0027230	-
h1SMnG0027231	-
h1SMnG0027232	K
h1SMnG0027233	-
h1SMnG0027234	-
h1SMnG0027235	-
h1SMnG0027236	-
h1SMnG0027237	-
h1SMnG0027238	-
h1SMnG0027239	-
h1SMnG0027240	-
h1SMnG0027241	-
h1SMnG0027242	BK
h1SMnG0027243	-
h1SMnG0027244	-
h1SMnG0027245	-
h1SMnG0027246	-
h1SMnG0027247	-
h1SMnG0027248	-
h1SMnG0027249	-
h1SMnG0027250	-
h1SMnG0027251	-
h1SMnG0027252	-
h1SMnG0027253	-
h1SMnG0027254	-
h1SMnG0027255	-
h1SMnG0027256	-
h1SMnG0027257	-
h1SMnG0027258	-
h1SMnG0027259	-
h1SMnG0027260	-
h1SMnG0027261	-
h1SMnG0027262	-
h1SMnG0027263	-
h1SMnG0027264	-
h1SMnG0027265	-
h1SMnG0027266	-
h1SMnG0027267	-
h1SMnG0027268	-
h1SMnG0027269	-
h1SMnG0027270	-
h1SMnG0027271	-
h1SMnG0027272	-
h1SMnG0027273	-
h1SMnG0027274	-
h1SMnG0027275	-
h1SMnG0027276	-
h1SMnG0027277	-
h1SMnG0027278	-
h1SMnG0027279	-
h1SMnG0027280	-
h1SMnG0027281	-
h1SMnG0027282	-
h1SMnG0027283	-
h1SMnG0027284	S
h1SMnG0027285	A
h1SMnG0027286	-
h1SMnG0027287	-
h1SMnG0027288	-
h1SMnG0027289	-
h1SMnG0027290	J
h1SMnG0027291	-
h1SMnG0027292	-
h1SMnG0027293	-
h1SMnG0027294	-
h1SMnG0027295	-
h1SMnG0027296	-
h1SMnG0027297	-
h1SMnG0027298	-
h1SMnG0027299	-
h1SMnG0027300	K
h1SMnG0027301	-
h1SMnG0027302	-
h1SMnG0027303	-
h1SMnG0027304	-
h1SMnG0027305	-
h1SMnG0027306	-
h1SMnG0027307	-
h1SMnG0027308	-
h1SMnG0027309	-
h1SMnG0027310	-
h1SMnG0027311	-
h1SMnG0027312	-
h1SMnG0027313	S
h1SMnG0027314	-
h1SMnG0027315	-
h1SMnG0027316	-
h1SMnG0027317	-
h1SMnG0027318	-
h1SMnG0027319	-
h1SMnG0027320	-
h1SMnG0027321	-
h1SMnG0027322	-
h1SMnG0027323	-
h1SMnG0027324	-
h1SMnG0027325	T
h1SMnG0027326	-
h1SMnG0027327	-
h1SMnG0027328	-
h1SMnG0027329	-
h1SMnG0027330	-
h1SMnG0027331	-
h1SMnG0027332	-
h1SMnG0027333	-
h1SMnG0027334	-
h1SMnG0027335	-
h1SMnG0027336	-
h1SMnG0027337	-
h1SMnG0027338	-
h1SMnG0027339	-
h1SMnG0027340	-
h1SMnG0027341	-
h1SMnG0027342	-
h1SMnG0027343	-
h1SMnG0027344	-
h1SMnG0027345	-
h1SMnG0027346	-
h1SMnG0027347	-
h1SMnG0027348	-
h1SMnG0027349	-
h1SMnG0027350	-
h1SMnG0027351	-
h1SMnG0027352	-
h1SMnG0027353	-
h1SMnG0027354	-
h1SMnG0027355	-
h1SMnG0027356	-
h1SMnG0027357	-
h1SMnG0027358	-
h1SMnG0027359	-
h1SMnG0027360	-
h1SMnG0027361	-
h1SMnG0027362	-
h1SMnG0027363	-
h1SMnG0027364	-
h1SMnG0027365	-
h1SMnG0027366	-
h1SMnG0027367	-
h1SMnG0027368	-
h1SMnG0027369	-
h1SMnG0027370	-
h1SMnG0027371	-
h1SMnG0027372	-
h1SMnG0027373	-
h1SMnG0027374	-
h1SMnG0027375	-
h1SMnG0027376	-
h1SMnG0027377	-
h1SMnG0027378	-
h1SMnG0027379	-
h1SMnG0027380	-
h1SMnG0027381	-
h1SMnG0027382	-
h1SMnG0027383	-
h1SMnG0027384	-
h1SMnG0027385	-
h1SMnG0027386	-
h1SMnG0027387	-
h1SMnG0027388	-
h1SMnG0027389	-
h1SMnG0027390	S
h1SMnG0027391	-
h1SMnG0027392	-
h1SMnG0027393	-
h1SMnG0027394	-
h1SMnG0027395	-
h1SMnG0027396	-
h1SMnG0027397	-
h1SMnG0027398	-
h1SMnG0027399	-
h1SMnG0027400	-
h1SMnG0027401	-
h1SMnG0027402	-
h1SMnG0027403	-
h1SMnG0027404	-
h1SMnG0027405	-
h1SMnG0027406	-
h1SMnG0027407	-
h1SMnG0027408	-
h1SMnG0027409	-
h1SMnG0027410	-
h1SMnG0027411	-
h1SMnG0027412	-
h1SMnG0027413	-
h1SMnG0027414	J
h1SMnG0027415	-
h1SMnG0027416	-
h1SMnG0027417	-
h1SMnG0027418	-
h1SMnG0027419	-
h1SMnG0027420	-
h1SMnG0027421	-
h1SMnG0027422	-
h1SMnG0027423	-
h1SMnG0027424	-
h1SMnG0027425	-
h1SMnG0027426	-
h1SMnG0027427	-
h1SMnG0027428	-
h1SMnG0027429	-
h1SMnG0027430	-
h1SMnG0027431	-
h1SMnG0027432	-
h1SMnG0027433	-
h1SMnG0027434	-
h1SMnG0027435	-
h1SMnG0027436	-
h1SMnG0027437	-
h1SMnG0027438	-
h1SMnG0027439	-
h1SMnG0027440	-
h1SMnG0027441	-
h1SMnG0027442	-
h1SMnG0027443	-
h1SMnG0027444	-
h1SMnG0027445	-
h1SMnG0027446	-
h1SMnG0027447	-
h1SMnG0027448	-
h1SMnG0027449	-
h1SMnG0027450	S
h1SMnG0027451	-
h1SMnG0027452	-
h1SMnG0027453	-
h1SMnG0027454	-
h1SMnG0027455	-
h1SMnG0027456	-
h1SMnG0027457	-
h1SMnG0027458	-
h1SMnG0027459	-
h1SMnG0027460	-
h1SMnG0027461	-
h1SMnG0027462	-
h1SMnG0027463	-
h1SMnG0027464	-
h1SMnG0027465	-
h1SMnG0027466	-
h1SMnG0027467	-
h1SMnG0027468	-
h1SMnG0027469	-
h1SMnG0027470	-
h1SMnG0027471	G
h1SMnG0027472	-
h1SMnG0027473	P
h1SMnG0027474	-
h1SMnG0027475	-
h1SMnG0027476	G
h1SMnG0027477	-
h1SMnG0027478	L
h1SMnG0027479	-
h1SMnG0027480	-
h1SMnG0027481	-
h1SMnG0027482	-
h1SMnG0027483	-
h1SMnG0027484	-
h1SMnG0027485	-
h1SMnG0027486	-
h1SMnG0027487	-
h1SMnG0027488	T
h1SMnG0027489	T
h1SMnG0027490	-
h1SMnG0027491	-
h1SMnG0027492	-
h1SMnG0027493	-
h1SMnG0027494	-
h1SMnG0027495	-
h1SMnG0027496	-
h1SMnG0027497	C
h1SMnG0027498	-
h1SMnG0027499	-
h1SMnG0027500	-
h1SMnG0027501	-
h1SMnG0027502	-
h1SMnG0027503	-
h1SMnG0027504	-
h1SMnG0027505	-
h1SMnG0027506	-
h1SMnG0027507	-
h1SMnG0027508	-
h1SMnG0027509	-
h1SMnG0027510	-
h1SMnG0027511	-
h1SMnG0027512	-
h1SMnG0027513	-
h1SMnG0027514	-
h1SMnG0027515	-
h1SMnG0027516	-
h1SMnG0027517	-
h1SMnG0027518	-
h1SMnG0027519	-
h1SMnG0027520	-
h1SMnG0027521	-
h1SMnG0027522	-
h1SMnG0027523	-
h1SMnG0027524	-
h1SMnG0027525	-
h1SMnG0027526	-
h1SMnG0027527	-
h1SMnG0027528	-
h1SMnG0027529	-
h1SMnG0027530	-
h1SMnG0027531	-
h1SMnG0027532	-
h1SMnG0027533	-
h1SMnG0027534	-
h1SMnG0027535	-
h1SMnG0027536	-
h1SMnG0027537	-
h1SMnG0027538	-
h1SMnG0027539	-
h1SMnG0027540	-
h1SMnG0027541	-
h1SMnG0027542	-
h1SMnG0027543	-
h1SMnG0027544	-
h1SMnG0027545	-
h1SMnG0027546	U
h1SMnG0027547	-
h1SMnG0027548	-
h1SMnG0027549	-
h1SMnG0027550	-
h1SMnG0027551	-
h1SMnG0027552	-
h1SMnG0027553	-
h1SMnG0027554	-
h1SMnG0027555	-
h1SMnG0027556	-
h1SMnG0027557	-
h1SMnG0027558	-
h1SMnG0027559	-
h1SMnG0027560	-
h1SMnG0027561	J
h1SMnG0027562	-
h1SMnG0027563	-
h1SMnG0027564	-
h1SMnG0027565	L
h1SMnG0027566	-
h1SMnG0027567	-
h1SMnG0027568	J
h1SMnG0027569	-
h1SMnG0027570	-
h1SMnG0027571	-
h1SMnG0027572	-
h1SMnG0027573	-
h1SMnG0027574	-
h1SMnG0027575	-
h1SMnG0027576	-
h1SMnG0027577	-
h1SMnG0027578	-
h1SMnG0027579	-
h1SMnG0027580	-
h1SMnG0027581	-
h1SMnG0027582	-
h1SMnG0027583	-
h1SMnG0027584	-
h1SMnG0027585	-
h1SMnG0027586	-
h1SMnG0027587	-
h1SMnG0027588	-
h1SMnG0027589	-
h1SMnG0027590	T
h1SMnG0027591	-
h1SMnG0027592	-
h1SMnG0027593	-
h1SMnG0027594	-
h1SMnG0027595	-
h1SMnG0027596	-
h1SMnG0027597	-
h1SMnG0027598	-
h1SMnG0027599	-
h1SMnG0027600	-
h1SMnG0027601	-
h1SMnG0027602	-
h1SMnG0027603	-
h1SMnG0027604	-
h1SMnG0027605	-
h1SMnG0027606	-
h1SMnG0027607	-
h1SMnG0027608	-
h1SMnG0027609	-
h1SMnG0027610	-
h1SMnG0027611	-
h1SMnG0027612	-
h1SMnG0027613	-
h1SMnG0027614	-
h1SMnG0027615	O
h1SMnG0027616	-
h1SMnG0027617	-
h1SMnG0027618	-
h1SMnG0027619	-
h1SMnG0027620	-
h1SMnG0027621	-
h1SMnG0027622	-
h1SMnG0027623	-
h1SMnG0027624	-
h1SMnG0027625	-
h1SMnG0027626	-
h1SMnG0027627	-
h1SMnG0027628	-
h1SMnG0027629	-
h1SMnG0027630	-
h1SMnG0027631	-
h1SMnG0027632	-
h1SMnG0027633	-
h1SMnG0027634	-
h1SMnG0027635	-
h1SMnG0027636	-
h1SMnG0027637	-
h1SMnG0027638	-
h1SMnG0027639	-
h1SMnG0027640	-
h1SMnG0027641	-
h1SMnG0027642	S
h1SMnG0027643	-
h1SMnG0027644	-
h1SMnG0027645	-
h1SMnG0027646	-
h1SMnG0027647	-
h1SMnG0027648	-
h1SMnG0027649	-
h1SMnG0027650	-
h1SMnG0027651	-
h1SMnG0027652	-
h1SMnG0027653	-
h1SMnG0027654	S
h1SMnG0027655	-
h1SMnG0027656	-
h1SMnG0027657	-
h1SMnG0027658	-
h1SMnG0027659	-
h1SMnG0027660	-
h1SMnG0027661	-
h1SMnG0027662	-
h1SMnG0027663	-
h1SMnG0027664	-
h1SMnG0027665	-
h1SMnG0027666	-
h1SMnG0027667	-
h1SMnG0027668	-
h1SMnG0027669	-
h1SMnG0027670	-
h1SMnG0027671	-
h1SMnG0027672	-
h1SMnG0027673	-
h1SMnG0027674	-
h1SMnG0027675	-
h1SMnG0027676	-
h1SMnG0027677	-
h1SMnG0027678	-
h1SMnG0027679	-
h1SMnG0027680	-
h1SMnG0027681	-
h1SMnG0027682	-
h1SMnG0027683	-
h1SMnG0027684	U
h1SMnG0027685	-
h1SMnG0027686	-
h1SMnG0027687	-
h1SMnG0027688	-
h1SMnG0027689	-
h1SMnG0027690	-
h1SMnG0027691	-
h1SMnG0027692	-
h1SMnG0027693	-
h1SMnG0027694	-
h1SMnG0027695	-
h1SMnG0027696	-
h1SMnG0027697	-
h1SMnG0027698	-
h1SMnG0027699	-
h1SMnG0027700	-
h1SMnG0027701	-
h1SMnG0027702	-
h1SMnG0027703	-
h1SMnG0027704	-
h1SMnG0027705	-
h1SMnG0027706	-
h1SMnG0027707	-
h1SMnG0027708	-
h1SMnG0027709	-
h1SMnG0027710	-
h1SMnG0027711	-
h1SMnG0027712	-
h1SMnG0027713	-
h1SMnG0027714	-
h1SMnG0027715	-
h1SMnG0027716	-
h1SMnG0027717	-
h1SMnG0027718	-
h1SMnG0027719	-
h1SMnG0027720	-
h1SMnG0027721	-
h1SMnG0027722	-
h1SMnG0027723	-
h1SMnG0027724	-
h1SMnG0027725	-
h1SMnG0027726	-
h1SMnG0027727	-
h1SMnG0027728	-
h1SMnG0027729	-
h1SMnG0027730	-
h1SMnG0027731	-
h1SMnG0027732	-
h1SMnG0027733	S
h1SMnG0027734	-
h1SMnG0027735	S
h1SMnG0027736	DKT
h1SMnG0027737	-
h1SMnG0027738	-
h1SMnG0027739	-
h1SMnG0027740	-
h1SMnG0027741	-
h1SMnG0027742	-
h1SMnG0027743	-
h1SMnG0027744	-
h1SMnG0027745	-
h1SMnG0027746	-
h1SMnG0027747	-
h1SMnG0027748	-
h1SMnG0027749	-
h1SMnG0027750	-
h1SMnG0027751	-
h1SMnG0027752	P
h1SMnG0027753	-
h1SMnG0027754	-
h1SMnG0027755	-
h1SMnG0027756	-
h1SMnG0027757	-
h1SMnG0027758	-
h1SMnG0027759	-
h1SMnG0027760	-
h1SMnG0027761	T
h1SMnG0027762	-
h1SMnG0027763	-
h1SMnG0027764	-
h1SMnG0027765	-
h1SMnG0027766	-
h1SMnG0027767	-
h1SMnG0027768	-
h1SMnG0027769	-
h1SMnG0027770	-
h1SMnG0027771	-
h1SMnG0027772	-
h1SMnG0027773	-
h1SMnG0027774	-
h1SMnG0027775	-
h1SMnG0027776	-
h1SMnG0027777	-
h1SMnG0027778	-
h1SMnG0027779	-
h1SMnG0027780	-
h1SMnG0027781	-
h1SMnG0027782	-
h1SMnG0027783	O
h1SMnG0027784	-
h1SMnG0027785	-
h1SMnG0027786	-
h1SMnG0027787	-
h1SMnG0027788	-
h1SMnG0027789	-
h1SMnG0027790	-
h1SMnG0027791	-
h1SMnG0027792	-
h1SMnG0027793	-
h1SMnG0027794	-
h1SMnG0027795	-
h1SMnG0027796	-
h1SMnG0027797	-
h1SMnG0027798	-
h1SMnG0027799	-
h1SMnG0027800	-
h1SMnG0027801	-
h1SMnG0027802	-
h1SMnG0027803	-
h1SMnG0027804	-
h1SMnG0027805	-
h1SMnG0027806	-
h1SMnG0027807	-
h1SMnG0027808	-
h1SMnG0027809	-
h1SMnG0027810	-
h1SMnG0027811	-
h1SMnG0027812	-
h1SMnG0027813	P
h1SMnG0027814	-
h1SMnG0027815	-
h1SMnG0027816	-
h1SMnG0027817	-
h1SMnG0027818	-
h1SMnG0027819	-
h1SMnG0027820	-
h1SMnG0027821	-
h1SMnG0027822	-
h1SMnG0027823	-
h1SMnG0027824	-
h1SMnG0027825	-
h1SMnG0027826	-
h1SMnG0027827	-
h1SMnG0027828	-
h1SMnG0027829	-
h1SMnG0027830	-
h1SMnG0027831	-
h1SMnG0027832	-
h1SMnG0027833	-
h1SMnG0027834	-
h1SMnG0027835	-
h1SMnG0027836	-
h1SMnG0027837	-
h1SMnG0027838	-
h1SMnG0027839	-
h1SMnG0027840	-
h1SMnG0027841	-
h1SMnG0027842	-
h1SMnG0027843	-
h1SMnG0027844	-
h1SMnG0027845	-
h1SMnG0027846	-
h1SMnG0027847	-
h1SMnG0027848	-
h1SMnG0027849	-
h1SMnG0027850	-
h1SMnG0027851	-
h1SMnG0027852	-
h1SMnG0027853	-
h1SMnG0027854	-
h1SMnG0027855	-
h1SMnG0027856	-
h1SMnG0027857	-
h1SMnG0027858	-
h1SMnG0027859	-
h1SMnG0027860	-
h1SMnG0027861	-
h1SMnG0027862	-
h1SMnG0027863	-
h1SMnG0027864	-
h1SMnG0027865	-
h1SMnG0027866	-
h1SMnG0027867	-
h1SMnG0027868	-
h1SMnG0027869	-
h1SMnG0027870	-
h1SMnG0027871	-
h1SMnG0027872	-
h1SMnG0027873	-
h1SMnG0027874	-
h1SMnG0027875	-
h1SMnG0027876	-
h1SMnG0027877	-
h1SMnG0027878	-
h1SMnG0027879	-
h1SMnG0027880	-
h1SMnG0027881	-
h1SMnG0027882	-
h1SMnG0027883	-
h1SMnG0027884	-
h1SMnG0027885	-
h1SMnG0027886	-
h1SMnG0027887	-
h1SMnG0027888	-
h1SMnG0027889	-
h1SMnG0027890	-
h1SMnG0027891	-
h1SMnG0027892	-
h1SMnG0027893	-
h1SMnG0027894	-
h1SMnG0027895	-
h1SMnG0027896	-
h1SMnG0027897	-
h1SMnG0027898	-
h1SMnG0027899	-
h1SMnG0027900	-
h1SMnG0027901	-
h1SMnG0027902	-
h1SMnG0027903	-
h1SMnG0027904	-
h1SMnG0027905	-
h1SMnG0027906	-
h1SMnG0027907	-
h1SMnG0027908	-
h1SMnG0027909	-
h1SMnG0027910	-
h1SMnG0027911	J
h1SMnG0027912	-
h1SMnG0027913	-
h1SMnG0027914	-
h1SMnG0027915	-
h1SMnG0027916	-
h1SMnG0027917	-
h1SMnG0027918	-
h1SMnG0027919	-
h1SMnG0027920	-
h1SMnG0027921	-
h1SMnG0027922	-
h1SMnG0027923	-
h1SMnG0027924	-
h1SMnG0027925	-
h1SMnG0027926	-
h1SMnG0027927	-
h1SMnG0027928	-
h1SMnG0027929	-
h1SMnG0027930	-
h1SMnG0027931	-
h1SMnG0027932	-
h1SMnG0027933	-
h1SMnG0027934	-
h1SMnG0027935	-
h1SMnG0027936	-
h1SMnG0027937	-
h1SMnG0027938	-
h1SMnG0027939	-
h1SMnG0027940	-
h1SMnG0027941	-
h1SMnG0027942	-
h1SMnG0027943	-
h1SMnG0027944	-
h1SMnG0027945	-
h1SMnG0027946	-
h1SMnG0027947	-
h1SMnG0027948	-
h1SMnG0027949	-
h1SMnG0027950	-
h1SMnG0027951	-
h1SMnG0027952	-
h1SMnG0027953	-
h1SMnG0027954	-
h1SMnG0027955	-
h1SMnG0027956	-
h1SMnG0027957	-
h1SMnG0027958	-
h1SMnG0027959	-
h1SMnG0027960	-
h1SMnG0027961	-
h1SMnG0027962	-
h1SMnG0027963	-
h1SMnG0027964	-
h1SMnG0027965	-
h1SMnG0027966	-
h1SMnG0027967	DN
h1SMnG0027968	-
h1SMnG0027969	-
h1SMnG0027970	-
h1SMnG0027971	-
h1SMnG0027972	-
h1SMnG0027973	-
h1SMnG0027974	-
h1SMnG0027975	-
h1SMnG0027976	-
h1SMnG0027977	-
h1SMnG0027978	-
h1SMnG0027979	-
h1SMnG0027980	-
h1SMnG0027981	-
h1SMnG0027982	I
h1SMnG0027983	-
h1SMnG0027984	-
h1SMnG0027985	-
h1SMnG0027986	-
h1SMnG0027987	-
h1SMnG0027988	-
h1SMnG0027989	-
h1SMnG0027990	-
h1SMnG0027991	-
h1SMnG0027992	-
h1SMnG0027993	-
h1SMnG0027994	-
h1SMnG0027995	-
h1SMnG0027996	-
h1SMnG0027997	-
h1SMnG0027998	-
h1SMnG0027999	-
h1SMnG0028000	-
h1SMnG0028001	-
h1SMnG0028002	-
h1SMnG0028003	-
h1SMnG0028004	-
h1SMnG0028005	-
h1SMnG0028006	-
h1SMnG0028007	-
h1SMnG0028008	-
h1SMnG0028009	-
h1SMnG0028010	-
h1SMnG0028011	-
h1SMnG0028012	J
h1SMnG0028013	-
h1SMnG0028014	-
h1SMnG0028015	-
h1SMnG0028016	-
h1SMnG0028017	-
h1SMnG0028018	S
h1SMnG0028019	-
h1SMnG0028020	-
h1SMnG0028021	-
h1SMnG0028022	-
h1SMnG0028023	-
h1SMnG0028024	-
h1SMnG0028025	-
h1SMnG0028026	-
h1SMnG0028027	-
h1SMnG0028028	-
h1SMnG0028029	-
h1SMnG0028030	-
h1SMnG0028031	-
h1SMnG0028032	-
h1SMnG0028033	-
h1SMnG0028034	-
h1SMnG0028035	-
h1SMnG0028036	-
h1SMnG0028037	-
h1SMnG0028038	-
h1SMnG0028039	-
h1SMnG0028040	-
h1SMnG0028041	-
h1SMnG0028042	-
h1SMnG0028043	-
h1SMnG0028044	O
h1SMnG0028045	-
h1SMnG0028046	-
h1SMnG0028047	-
h1SMnG0028048	-
h1SMnG0028049	-
h1SMnG0028050	-
h1SMnG0028051	-
h1SMnG0028052	-
h1SMnG0028053	-
h1SMnG0028054	-
h1SMnG0028055	-
h1SMnG0028056	-
h1SMnG0028057	-
h1SMnG0028058	-
h1SMnG0028059	-
h1SMnG0028060	-
h1SMnG0028061	-
h1SMnG0028062	-
h1SMnG0028063	TV
h1SMnG0028064	-
h1SMnG0028065	-
h1SMnG0028066	TV
h1SMnG0028067	-
h1SMnG0028068	S
h1SMnG0028069	-
h1SMnG0028070	-
h1SMnG0028071	-
h1SMnG0028072	-
h1SMnG0028073	-
h1SMnG0028074	-
h1SMnG0028075	-
h1SMnG0028076	-
h1SMnG0028077	-
h1SMnG0028078	-
h1SMnG0028079	-
h1SMnG0028080	-
h1SMnG0028081	-
h1SMnG0028082	-
h1SMnG0028083	-
h1SMnG0028084	-
h1SMnG0028085	-
h1SMnG0028086	-
h1SMnG0028087	-
h1SMnG0028088	-
h1SMnG0028089	O
h1SMnG0028090	-
h1SMnG0028091	BD
h1SMnG0028092	-
h1SMnG0028093	-
h1SMnG0028094	-
h1SMnG0028095	-
h1SMnG0028096	-
h1SMnG0028097	-
h1SMnG0028098	-
h1SMnG0028099	-
h1SMnG0028100	-
h1SMnG0028101	-
h1SMnG0028102	-
h1SMnG0028103	-
h1SMnG0028104	O
h1SMnG0028105	-
h1SMnG0028106	-
h1SMnG0028107	-
h1SMnG0028108	-
h1SMnG0028109	-
h1SMnG0028110	-
h1SMnG0028111	-
h1SMnG0028112	-
h1SMnG0028113	-
h1SMnG0028114	-
h1SMnG0028115	-
h1SMnG0028116	-
h1SMnG0028117	-
h1SMnG0028118	S
h1SMnG0028119	-
h1SMnG0028120	-
h1SMnG0028121	-
h1SMnG0028122	-
h1SMnG0028123	-
h1SMnG0028124	-
h1SMnG0028125	-
h1SMnG0028126	-
h1SMnG0028127	-
h1SMnG0028128	-
h1SMnG0028129	-
h1SMnG0028130	-
h1SMnG0028131	-
h1SMnG0028132	-
h1SMnG0028133	-
h1SMnG0028134	-
h1SMnG0028135	-
h1SMnG0028136	-
h1SMnG0028137	-
h1SMnG0028138	-
h1SMnG0028139	-
h1SMnG0028140	-
h1SMnG0028141	-
h1SMnG0028142	-
h1SMnG0028143	-
h1SMnG0028144	-
h1SMnG0028145	-
h1SMnG0028146	-
h1SMnG0028147	-
h1SMnG0028148	-
h1SMnG0028149	CH
h1SMnG0028150	-
h1SMnG0028151	-
h1SMnG0028152	-
h1SMnG0028153	-
h1SMnG0028154	-
h1SMnG0028155	-
h1SMnG0028156	A
h1SMnG0028157	Z
h1SMnG0028158	-
h1SMnG0028159	-
h1SMnG0028160	-
h1SMnG0028161	-
h1SMnG0028162	-
h1SMnG0028163	-
h1SMnG0028164	-
h1SMnG0028165	-
h1SMnG0028166	-
h1SMnG0028167	-
h1SMnG0028168	-
h1SMnG0028169	-
h1SMnG0028170	-
h1SMnG0028171	-
h1SMnG0028172	-
h1SMnG0028173	-
h1SMnG0028174	-
h1SMnG0028175	-
h1SMnG0028176	-
h1SMnG0028177	-
h1SMnG0028178	-
h1SMnG0028179	-
h1SMnG0028180	-
h1SMnG0028181	-
h1SMnG0028182	-
h1SMnG0028183	-
h1SMnG0028184	-
h1SMnG0028185	-
h1SMnG0028186	-
h1SMnG0028187	-
h1SMnG0028188	-
h1SMnG0028189	-
h1SMnG0028190	-
h1SMnG0028191	-
h1SMnG0028192	-
h1SMnG0028193	-
h1SMnG0028194	-
h1SMnG0028195	-
h1SMnG0028196	-
h1SMnG0028197	L
h1SMnG0028198	-
h1SMnG0028199	-
h1SMnG0028200	-
h1SMnG0028201	-
h1SMnG0028202	-
h1SMnG0028203	-
h1SMnG0028204	-
h1SMnG0028205	-
h1SMnG0028206	-
h1SMnG0028207	-
h1SMnG0028208	-
h1SMnG0028209	-
h1SMnG0028210	-
h1SMnG0028211	-
h1SMnG0028212	-
h1SMnG0028213	-
h1SMnG0028214	-
h1SMnG0028215	-
h1SMnG0028216	-
h1SMnG0028217	-
h1SMnG0028218	-
h1SMnG0028219	-
h1SMnG0028220	-
h1SMnG0028221	-
h1SMnG0028222	-
h1SMnG0028223	-
h1SMnG0028224	-
h1SMnG0028225	-
h1SMnG0028226	-
h1SMnG0028227	-
h1SMnG0028228	-
h1SMnG0028229	-
h1SMnG0028230	-
h1SMnG0028231	-
h1SMnG0028232	-
h1SMnG0028233	U
h1SMnG0028234	-
h1SMnG0028235	-
h1SMnG0028236	-
h1SMnG0028237	-
h1SMnG0028238	-
h1SMnG0028239	-
h1SMnG0028240	-
h1SMnG0028241	-
h1SMnG0028242	-
h1SMnG0028243	-
h1SMnG0028244	-
h1SMnG0028245	-
h1SMnG0028246	-
h1SMnG0028247	-
h1SMnG0028248	-
h1SMnG0028249	-
h1SMnG0028250	-
h1SMnG0028251	-
h1SMnG0028252	-
h1SMnG0028253	-
h1SMnG0028254	-
h1SMnG0028255	-
h1SMnG0028256	-
h1SMnG0028257	-
h1SMnG0028258	-
h1SMnG0028259	S
h1SMnG0028260	-
h1SMnG0028261	-
h1SMnG0028262	-
h1SMnG0028263	-
h1SMnG0028264	-
h1SMnG0028265	-
h1SMnG0028266	-
h1SMnG0028267	-
h1SMnG0028268	-
h1SMnG0028269	-
h1SMnG0028270	-
h1SMnG0028271	-
h1SMnG0028272	-
h1SMnG0028273	-
h1SMnG0028274	D
h1SMnG0028275	-
h1SMnG0028276	-
h1SMnG0028277	-
h1SMnG0028278	-
h1SMnG0028279	-
h1SMnG0028280	-
h1SMnG0028281	-
h1SMnG0028282	-
h1SMnG0028283	-
h1SMnG0028284	-
h1SMnG0028285	-
h1SMnG0028286	-
h1SMnG0028287	-
h1SMnG0028288	-
h1SMnG0028289	-
h1SMnG0028290	-
h1SMnG0028291	-
h1SMnG0028292	-
h1SMnG0028293	-
h1SMnG0028294	-
h1SMnG0028295	-
h1SMnG0028296	-
h1SMnG0028297	-
h1SMnG0028298	-
h1SMnG0028299	-
h1SMnG0028300	-
h1SMnG0028301	-
h1SMnG0028302	B
h1SMnG0028303	-
h1SMnG0028304	-
h1SMnG0028305	-
h1SMnG0028306	-
h1SMnG0028307	-
h1SMnG0028308	-
h1SMnG0028309	-
h1SMnG0028310	-
h1SMnG0028311	-
h1SMnG0028312	-
h1SMnG0028313	-
h1SMnG0028314	-
h1SMnG0028315	-
h1SMnG0028316	-
h1SMnG0028317	-
h1SMnG0028318	-
h1SMnG0028319	-
h1SMnG0028320	-
h1SMnG0028321	-
h1SMnG0028322	-
h1SMnG0028323	-
h1SMnG0028324	-
h1SMnG0028325	-
h1SMnG0028326	-
h1SMnG0028327	-
h1SMnG0028328	-
h1SMnG0028329	-
h1SMnG0028330	T
h1SMnG0028331	-
h1SMnG0028332	-
h1SMnG0028333	-
h1SMnG0028334	-
h1SMnG0028335	-
h1SMnG0028336	-
h1SMnG0028337	-
h1SMnG0028338	-
h1SMnG0028339	-
h1SMnG0028340	-
h1SMnG0028341	-
h1SMnG0028342	-
h1SMnG0028343	-
h1SMnG0028344	-
h1SMnG0028345	-
h1SMnG0028346	-
h1SMnG0028347	-
h1SMnG0028348	-
h1SMnG0028349	-
h1SMnG0028350	-
h1SMnG0028351	-
h1SMnG0028352	-
h1SMnG0028353	-
h1SMnG0028354	-
h1SMnG0028355	-
h1SMnG0028356	-
h1SMnG0028357	-
h1SMnG0028358	-
h1SMnG0028359	-
h1SMnG0028360	-
h1SMnG0028361	-
h1SMnG0028362	-
h1SMnG0028363	-
h1SMnG0028364	-
h1SMnG0028365	-
h1SMnG0028366	-
h1SMnG0028367	-
h1SMnG0028368	-
h1SMnG0028369	-
h1SMnG0028370	-
h1SMnG0028371	-
h1SMnG0028372	-
h1SMnG0028373	-
h1SMnG0028374	-
h1SMnG0028375	-
h1SMnG0028376	-
h1SMnG0028377	-
h1SMnG0028378	-
h1SMnG0028379	-
h1SMnG0028380	-
h1SMnG0028381	-
h1SMnG0028382	-
h1SMnG0028383	-
h1SMnG0028384	-
h1SMnG0028385	-
h1SMnG0028386	-
h1SMnG0028387	-
h1SMnG0028388	-
h1SMnG0028389	S
h1SMnG0028390	-
h1SMnG0028391	-
h1SMnG0028392	-
h1SMnG0028393	-
h1SMnG0028394	-
h1SMnG0028395	-
h1SMnG0028396	-
h1SMnG0028397	-
h1SMnG0028398	-
h1SMnG0028399	-
h1SMnG0028400	-
h1SMnG0028401	-
h1SMnG0028402	-
h1SMnG0028403	-
h1SMnG0028404	A
h1SMnG0028405	-
h1SMnG0028406	-
h1SMnG0028407	-
h1SMnG0028408	-
h1SMnG0028409	-
h1SMnG0028410	-
h1SMnG0028411	-
h1SMnG0028412	-
h1SMnG0028413	-
h1SMnG0028414	-
h1SMnG0028415	-
h1SMnG0028416	-
h1SMnG0028417	-
h1SMnG0028418	-
h1SMnG0028419	-
h1SMnG0028420	-
h1SMnG0028421	-
h1SMnG0028422	-
h1SMnG0028423	-
h1SMnG0028424	-
h1SMnG0028425	-
h1SMnG0028426	-
h1SMnG0028427	-
h1SMnG0028428	-
h1SMnG0028429	-
h1SMnG0028430	-
h1SMnG0028431	-
h1SMnG0028432	-
h1SMnG0028433	-
h1SMnG0028434	-
h1SMnG0028435	-
h1SMnG0028436	-
h1SMnG0028437	-
h1SMnG0028438	-
h1SMnG0028439	-
h1SMnG0028440	-
h1SMnG0028441	-
h1SMnG0028442	-
h1SMnG0028443	-
h1SMnG0028444	-
h1SMnG0028445	-
h1SMnG0028446	-
h1SMnG0028447	-
h1SMnG0028448	-
h1SMnG0028449	-
h1SMnG0028450	-
h1SMnG0028451	-
h1SMnG0028452	-
h1SMnG0028453	BD
h1SMnG0028454	-
h1SMnG0028455	-
h1SMnG0028456	-
h1SMnG0028457	-
h1SMnG0028458	-
h1SMnG0028459	-
h1SMnG0028460	-
h1SMnG0028461	-
h1SMnG0028462	-
h1SMnG0028463	-
h1SMnG0028464	-
h1SMnG0028465	-
h1SMnG0028466	-
h1SMnG0028467	-
h1SMnG0028468	-
h1SMnG0028469	-
h1SMnG0028470	-
h1SMnG0028471	-
h1SMnG0028472	-
h1SMnG0028473	-
h1SMnG0028474	-
h1SMnG0028475	-
h1SMnG0028476	-
h1SMnG0028477	-
h1SMnG0028478	-
h1SMnG0028479	-
h1SMnG0028480	-
h1SMnG0028481	-
h1SMnG0028482	-
h1SMnG0028483	-
h1SMnG0028484	-
h1SMnG0028485	-
h1SMnG0028486	-
h1SMnG0028487	-
h1SMnG0028488	-
h1SMnG0028489	-
h1SMnG0028490	-
h1SMnG0028491	-
h1SMnG0028492	-
h1SMnG0028493	-
h1SMnG0028494	-
h1SMnG0028495	-
h1SMnG0028496	-
h1SMnG0028497	-
h1SMnG0028498	-
h1SMnG0028499	-
h1SMnG0028500	-
h1SMnG0028501	-
h1SMnG0028502	-
h1SMnG0028503	-
h1SMnG0028504	-
h1SMnG0028505	-
h1SMnG0028506	-
h1SMnG0028507	-
h1SMnG0028508	-
h1SMnG0028509	-
h1SMnG0028510	-
h1SMnG0028511	-
h1SMnG0028512	-
h1SMnG0028513	-
h1SMnG0028514	-
h1SMnG0028515	-
h1SMnG0028516	-
h1SMnG0028517	-
h1SMnG0028518	-
h1SMnG0028519	-
h1SMnG0028520	-
h1SMnG0028521	-
h1SMnG0028522	-
h1SMnG0028523	-
h1SMnG0028524	-
h1SMnG0028525	-
h1SMnG0028526	-
h1SMnG0028527	-
h1SMnG0028528	-
h1SMnG0028529	-
h1SMnG0028530	-
h1SMnG0028531	-
h1SMnG0028532	-
h1SMnG0028533	-
h1SMnG0028534	-
h1SMnG0028535	L
h1SMnG0028536	-
h1SMnG0028537	-
h1SMnG0028538	-
h1SMnG0028539	-
h1SMnG0028540	-
h1SMnG0028541	-
h1SMnG0028542	-
h1SMnG0028543	-
h1SMnG0028544	-
h1SMnG0028545	-
h1SMnG0028546	-
h1SMnG0028547	-
h1SMnG0028548	-
h1SMnG0028549	-
h1SMnG0028550	-
h1SMnG0028551	-
h1SMnG0028552	-
h1SMnG0028553	-
h1SMnG0028554	-
h1SMnG0028555	-
h1SMnG0028556	-
h1SMnG0028557	-
h1SMnG0028558	-
h1SMnG0028559	-
h1SMnG0028560	-
h1SMnG0028561	-
h1SMnG0028562	-
h1SMnG0028563	-
h1SMnG0028564	-
h1SMnG0028565	-
h1SMnG0028566	-
h1SMnG0028567	-
h1SMnG0028568	-
h1SMnG0028569	-
h1SMnG0028570	S
h1SMnG0028571	-
h1SMnG0028572	-
h1SMnG0028573	-
h1SMnG0028574	-
h1SMnG0028575	-
h1SMnG0028576	-
h1SMnG0028577	-
h1SMnG0028578	-
h1SMnG0028579	I
h1SMnG0028580	-
h1SMnG0028581	-
h1SMnG0028582	-
h1SMnG0028583	-
h1SMnG0028584	-
h1SMnG0028585	-
h1SMnG0028586	-
h1SMnG0028587	-
h1SMnG0028588	-
h1SMnG0028589	-
h1SMnG0028590	-
h1SMnG0028591	-
h1SMnG0028592	-
h1SMnG0028593	-
h1SMnG0028594	-
h1SMnG0028595	-
h1SMnG0028596	-
h1SMnG0028597	S
h1SMnG0028598	-
h1SMnG0028599	-
h1SMnG0028600	-
h1SMnG0028601	-
h1SMnG0028602	-
h1SMnG0028603	-
h1SMnG0028604	-
h1SMnG0028605	-
h1SMnG0028606	-
h1SMnG0028607	-
h1SMnG0028608	-
h1SMnG0028609	-
h1SMnG0028610	-
h1SMnG0028611	-
h1SMnG0028612	-
h1SMnG0028613	-
h1SMnG0028614	U
h1SMnG0028615	-
h1SMnG0028616	-
h1SMnG0028617	-
h1SMnG0028618	-
h1SMnG0028619	-
h1SMnG0028620	-
h1SMnG0028621	-
h1SMnG0028622	-
h1SMnG0028623	-
h1SMnG0028624	-
h1SMnG0028625	VW
h1SMnG0028626	-
h1SMnG0028627	-
h1SMnG0028628	-
h1SMnG0028629	-
h1SMnG0028630	S
h1SMnG0028631	-
h1SMnG0028632	-
h1SMnG0028633	-
h1SMnG0028634	-
h1SMnG0028635	-
h1SMnG0028636	-
h1SMnG0028637	-
h1SMnG0028638	-
h1SMnG0028639	-
h1SMnG0028640	-
h1SMnG0028641	-
h1SMnG0028642	-
h1SMnG0028643	-
h1SMnG0028644	-
h1SMnG0028645	-
h1SMnG0028646	-
h1SMnG0028647	-
h1SMnG0028648	-
h1SMnG0028649	-
h1SMnG0028650	-
h1SMnG0028651	-
h1SMnG0028652	-
h1SMnG0028653	DKT
h1SMnG0028654	-
h1SMnG0028655	-
h1SMnG0028656	-
h1SMnG0028657	-
h1SMnG0028658	-
h1SMnG0028659	-
h1SMnG0028660	-
h1SMnG0028661	-
h1SMnG0028662	-
h1SMnG0028663	-
h1SMnG0028664	-
h1SMnG0028665	-
h1SMnG0028666	-
h1SMnG0028667	-
h1SMnG0028668	-
h1SMnG0028669	-
h1SMnG0028670	-
h1SMnG0028671	-
h1SMnG0028672	-
h1SMnG0028673	-
h1SMnG0028674	-
h1SMnG0028675	-
h1SMnG0028676	-
h1SMnG0028677	-
h1SMnG0028678	-
h1SMnG0028679	-
h1SMnG0028680	-
h1SMnG0028681	-
h1SMnG0028682	-
h1SMnG0028683	-
h1SMnG0028684	-
h1SMnG0028685	-
h1SMnG0028686	-
h1SMnG0028687	-
h1SMnG0028688	-
h1SMnG0028689	-
h1SMnG0028690	-
h1SMnG0028691	-
h1SMnG0028692	-
h1SMnG0028693	-
h1SMnG0028694	-
h1SMnG0028695	-
h1SMnG0028696	-
h1SMnG0028697	-
h1SMnG0028698	O
h1SMnG0028699	-
h1SMnG0028700	-
h1SMnG0028701	-
h1SMnG0028702	-
h1SMnG0028703	-
h1SMnG0028704	-
h1SMnG0028705	-
h1SMnG0028706	-
h1SMnG0028707	-
h1SMnG0028708	-
h1SMnG0028709	-
h1SMnG0028710	-
h1SMnG0028711	-
h1SMnG0028712	-
h1SMnG0028713	-
h1SMnG0028714	-
h1SMnG0028715	-
h1SMnG0028716	-
h1SMnG0028717	-
h1SMnG0028718	-
h1SMnG0028719	-
h1SMnG0028720	-
h1SMnG0028721	-
h1SMnG0028722	-
h1SMnG0028723	-
h1SMnG0028724	-
h1SMnG0028725	-
h1SMnG0028726	-
h1SMnG0028727	-
h1SMnG0028728	-
h1SMnG0028729	-
h1SMnG0028730	-
h1SMnG0028731	-
h1SMnG0028732	-
h1SMnG0028733	-
h1SMnG0028734	-
h1SMnG0028735	-
h1SMnG0028736	-
h1SMnG0028737	-
h1SMnG0028738	-
h1SMnG0028739	-
h1SMnG0028740	-
h1SMnG0028741	-
h1SMnG0028742	-
h1SMnG0028743	-
h1SMnG0028744	-
h1SMnG0028745	-
h1SMnG0028746	-
h1SMnG0028747	-
h1SMnG0028748	-
h1SMnG0028749	-
h1SMnG0028750	-
h1SMnG0028751	-
h1SMnG0028752	-
h1SMnG0028753	-
h1SMnG0028754	O
h1SMnG0028755	-
h1SMnG0028756	-
h1SMnG0028757	-
h1SMnG0028758	-
h1SMnG0028759	-
h1SMnG0028760	-
h1SMnG0028761	-
h1SMnG0028762	-
h1SMnG0028763	-
h1SMnG0028764	-
h1SMnG0028765	-
h1SMnG0028766	-
h1SMnG0028767	-
h1SMnG0028768	-
h1SMnG0028769	-
h1SMnG0028770	-
h1SMnG0028771	-
h1SMnG0028772	-
h1SMnG0028773	-
h1SMnG0028774	-
h1SMnG0028775	-
h1SMnG0028776	-
h1SMnG0028777	-
h1SMnG0028778	-
h1SMnG0028779	-
h1SMnG0028780	-
h1SMnG0028781	-
h1SMnG0028782	-
h1SMnG0028783	-
h1SMnG0028784	-
h1SMnG0028785	-
h1SMnG0028786	-
h1SMnG0028787	-
h1SMnG0028788	-
h1SMnG0028789	-
h1SMnG0028790	-
h1SMnG0028791	S
h1SMnG0028792	-
h1SMnG0028793	-
h1SMnG0028794	-
h1SMnG0028795	-
h1SMnG0028796	-
h1SMnG0028797	-
h1SMnG0028798	-
h1SMnG0028799	-
h1SMnG0028800	-
h1SMnG0028801	-
h1SMnG0028802	-
h1SMnG0028803	-
h1SMnG0028804	-
h1SMnG0028805	-
h1SMnG0028806	-
h1SMnG0028807	-
h1SMnG0028808	-
h1SMnG0028809	-
h1SMnG0028810	-
h1SMnG0028811	-
h1SMnG0028812	-
h1SMnG0028813	-
h1SMnG0028814	-
h1SMnG0028815	-
h1SMnG0028816	-
h1SMnG0028817	-
h1SMnG0028818	-
h1SMnG0028819	E
h1SMnG0028820	-
h1SMnG0028821	-
h1SMnG0028822	-
h1SMnG0028823	-
h1SMnG0028824	-
h1SMnG0028825	-
h1SMnG0028826	-
h1SMnG0028827	-
h1SMnG0028828	-
h1SMnG0028829	-
h1SMnG0028830	-
h1SMnG0028831	-
h1SMnG0028832	-
h1SMnG0028833	-
h1SMnG0028834	-
h1SMnG0028835	-
h1SMnG0028836	-
h1SMnG0028837	-
h1SMnG0028838	-
h1SMnG0028839	-
h1SMnG0028840	-
h1SMnG0028841	-
h1SMnG0028842	-
h1SMnG0028843	-
h1SMnG0028844	-
h1SMnG0028845	-
h1SMnG0028846	BD
h1SMnG0028847	-
h1SMnG0028848	-
h1SMnG0028849	-
h1SMnG0028850	-
h1SMnG0028851	-
h1SMnG0028852	-
h1SMnG0028853	-
h1SMnG0028854	-
h1SMnG0028855	-
h1SMnG0028856	H
h1SMnG0028857	-
h1SMnG0028858	-
h1SMnG0028859	-
h1SMnG0028860	-
h1SMnG0028861	-
h1SMnG0028862	-
h1SMnG0028863	-
h1SMnG0028864	-
h1SMnG0028865	-
h1SMnG0028866	-
h1SMnG0028867	-
h1SMnG0028868	-
h1SMnG0028869	-
h1SMnG0028870	-
h1SMnG0028871	-
h1SMnG0028872	T
h1SMnG0028873	-
h1SMnG0028874	J
h1SMnG0028875	-
h1SMnG0028876	-
h1SMnG0028877	-
h1SMnG0028878	-
h1SMnG0028879	-
h1SMnG0028880	-
h1SMnG0028881	-
h1SMnG0028882	-
h1SMnG0028883	-
h1SMnG0028884	-
h1SMnG0028885	-
h1SMnG0028886	-
h1SMnG0028887	-
h1SMnG0028888	-
h1SMnG0028889	-
h1SMnG0028890	-
h1SMnG0028891	-
h1SMnG0028892	-
h1SMnG0028893	-
h1SMnG0028894	-
h1SMnG0028895	-
h1SMnG0028896	U
h1SMnG0028897	-
h1SMnG0028898	-
h1SMnG0028899	-
h1SMnG0028900	O
h1SMnG0028901	-
h1SMnG0028902	-
h1SMnG0028903	-
h1SMnG0028904	-
h1SMnG0028905	-
h1SMnG0028906	-
h1SMnG0028907	-
h1SMnG0028908	-
h1SMnG0028909	-
h1SMnG0028910	-
h1SMnG0028911	-
h1SMnG0028912	-
h1SMnG0028913	-
h1SMnG0028914	-
h1SMnG0028915	-
h1SMnG0028916	-
h1SMnG0028917	-
h1SMnG0028918	-
h1SMnG0028919	-
h1SMnG0028920	-
h1SMnG0028921	-
h1SMnG0028922	-
h1SMnG0028923	-
h1SMnG0028924	-
h1SMnG0028925	-
h1SMnG0028926	-
h1SMnG0028927	-
h1SMnG0028928	-
h1SMnG0028929	-
h1SMnG0028930	-
h1SMnG0028931	-
h1SMnG0028932	-
h1SMnG0028933	-
h1SMnG0028934	-
h1SMnG0028935	C
h1SMnG0028936	-
h1SMnG0028937	-
h1SMnG0028938	-
h1SMnG0028939	-
h1SMnG0028940	-
h1SMnG0028941	-
h1SMnG0028942	-
h1SMnG0028943	-
h1SMnG0028944	-
h1SMnG0028945	-
h1SMnG0028946	-
h1SMnG0028947	-
h1SMnG0028948	-
h1SMnG0028949	-
h1SMnG0028950	-
h1SMnG0028951	-
h1SMnG0028952	-
h1SMnG0028953	S
h1SMnG0028954	-
h1SMnG0028955	-
h1SMnG0028956	-
h1SMnG0028957	-
h1SMnG0028958	-
h1SMnG0028959	-
h1SMnG0028960	-
h1SMnG0028961	-
h1SMnG0028962	-
h1SMnG0028963	-
h1SMnG0028964	-
h1SMnG0028965	-
h1SMnG0028966	-
h1SMnG0028967	-
h1SMnG0028968	-
h1SMnG0028969	-
h1SMnG0028970	-
h1SMnG0028971	-
h1SMnG0028972	-
h1SMnG0028973	-
h1SMnG0028974	-
h1SMnG0028975	-
h1SMnG0028976	-
h1SMnG0028977	-
h1SMnG0028978	-
h1SMnG0028979	-
h1SMnG0028980	-
h1SMnG0028981	-
h1SMnG0028982	-
h1SMnG0028983	-
h1SMnG0028984	-
h1SMnG0028985	-
h1SMnG0028986	-
h1SMnG0028987	O
h1SMnG0028988	-
h1SMnG0028989	-
h1SMnG0028990	-
h1SMnG0028991	-
h1SMnG0028992	-
h1SMnG0028993	-
h1SMnG0028994	-
h1SMnG0028995	-
h1SMnG0028996	-
h1SMnG0028997	-
h1SMnG0028998	-
h1SMnG0028999	-
h1SMnG0029000	-
h1SMnG0029001	-
h1SMnG0029002	-
h1SMnG0029003	-
h1SMnG0029004	-
h1SMnG0029005	-
h1SMnG0029006	-
h1SMnG0029007	-
h1SMnG0029008	O
h1SMnG0029009	-
h1SMnG0029010	-
h1SMnG0029011	-
h1SMnG0029012	-
h1SMnG0029013	-
h1SMnG0029014	-
h1SMnG0029015	-
h1SMnG0029016	-
h1SMnG0029017	-
h1SMnG0029018	-
h1SMnG0029019	-
h1SMnG0029020	-
h1SMnG0029021	-
h1SMnG0029022	-
h1SMnG0029023	-
h1SMnG0029024	-
h1SMnG0029025	-
h1SMnG0029026	-
h1SMnG0029027	-
h1SMnG0029028	-
h1SMnG0029029	-
h1SMnG0029030	-
h1SMnG0029031	-
h1SMnG0029032	-
h1SMnG0029033	-
h1SMnG0029034	-
h1SMnG0029035	-
h1SMnG0029036	-
h1SMnG0029037	-
h1SMnG0029038	-
h1SMnG0029039	-
h1SMnG0029040	-
h1SMnG0029041	-
h1SMnG0029042	U
h1SMnG0029043	-
h1SMnG0029044	-
h1SMnG0029045	-
h1SMnG0029046	-
h1SMnG0029047	-
h1SMnG0029048	-
h1SMnG0029049	-
h1SMnG0029050	-
h1SMnG0029051	-
h1SMnG0029052	-
h1SMnG0029053	-
h1SMnG0029054	T
h1SMnG0029055	-
h1SMnG0029056	-
h1SMnG0029057	-
h1SMnG0029058	-
h1SMnG0029059	-
h1SMnG0029060	-
h1SMnG0029061	-
h1SMnG0029062	-
h1SMnG0029063	-
h1SMnG0029064	-
h1SMnG0029065	-
h1SMnG0029066	-
h1SMnG0029067	-
h1SMnG0029068	-
h1SMnG0029069	-
h1SMnG0029070	-
h1SMnG0029071	-
h1SMnG0029072	-
h1SMnG0029073	-
h1SMnG0029074	-
h1SMnG0029075	-
h1SMnG0029076	-
h1SMnG0029077	-
h1SMnG0029078	-
h1SMnG0029079	-
h1SMnG0029080	-
h1SMnG0029081	-
h1SMnG0029082	-
h1SMnG0029083	-
h1SMnG0029084	-
h1SMnG0029085	-
h1SMnG0029086	-
h1SMnG0029087	-
h1SMnG0029088	-
h1SMnG0029089	-
h1SMnG0029090	-
h1SMnG0029091	-
h1SMnG0029092	-
h1SMnG0029093	-
h1SMnG0029094	-
h1SMnG0029095	-
h1SMnG0029096	-
h1SMnG0029097	-
h1SMnG0029098	-
h1SMnG0029099	-
h1SMnG0029100	-
h1SMnG0029101	-
h1SMnG0029102	-
h1SMnG0029103	-
h1SMnG0029104	-
h1SMnG0029105	-
h1SMnG0029106	-
h1SMnG0029107	-
h1SMnG0029108	-
h1SMnG0029109	-
h1SMnG0029110	-
h1SMnG0029111	-
h1SMnG0029112	-
h1SMnG0029113	-
h1SMnG0029114	-
h1SMnG0029115	-
h1SMnG0029116	-
h1SMnG0029117	-
h1SMnG0029118	-
h1SMnG0029119	-
h1SMnG0029120	S
h1SMnG0029121	-
h1SMnG0029122	-
h1SMnG0029123	-
h1SMnG0029124	-
h1SMnG0029125	-
h1SMnG0029126	-
h1SMnG0029127	-
h1SMnG0029128	-
h1SMnG0029129	-
h1SMnG0029130	-
h1SMnG0029131	-
h1SMnG0029132	-
h1SMnG0029133	-
h1SMnG0029134	-
h1SMnG0029135	-
h1SMnG0029136	-
h1SMnG0029137	-
h1SMnG0029138	-
h1SMnG0029139	T
h1SMnG0029140	-
h1SMnG0029141	Q
h1SMnG0029142	-
h1SMnG0029143	-
h1SMnG0029144	O
h1SMnG0029145	-
h1SMnG0029146	-
h1SMnG0029147	-
h1SMnG0029148	-
h1SMnG0029149	-
h1SMnG0029150	-
h1SMnG0029151	-
h1SMnG0029152	-
h1SMnG0029153	-
h1SMnG0029154	-
h1SMnG0029155	-
h1SMnG0029156	-
h1SMnG0029157	-
h1SMnG0029158	-
h1SMnG0029159	-
h1SMnG0029160	-
h1SMnG0029161	-
h1SMnG0029162	-
h1SMnG0029163	-
h1SMnG0029164	-
h1SMnG0029165	-
h1SMnG0029166	-
h1SMnG0029167	-
h1SMnG0029168	-
h1SMnG0029169	-
h1SMnG0029170	-
h1SMnG0029171	-
h1SMnG0029172	-
h1SMnG0029173	-
h1SMnG0029174	-
h1SMnG0029175	-
h1SMnG0029176	-
h1SMnG0029177	-
h1SMnG0029178	-
h1SMnG0029179	-
h1SMnG0029180	-
h1SMnG0029181	-
h1SMnG0029182	-
h1SMnG0029183	-
h1SMnG0029184	-
h1SMnG0029185	-
h1SMnG0029186	-
h1SMnG0029187	-
h1SMnG0029188	-
h1SMnG0029189	-
h1SMnG0029190	-
h1SMnG0029191	-
h1SMnG0029192	-
h1SMnG0029193	-
h1SMnG0029194	-
h1SMnG0029195	-
h1SMnG0029196	-
h1SMnG0029197	-
h1SMnG0029198	-
h1SMnG0029199	-
h1SMnG0029200	J
h1SMnG0029201	-
h1SMnG0029202	F
h1SMnG0029203	-
h1SMnG0029204	-
h1SMnG0029205	-
h1SMnG0029206	-
h1SMnG0029207	-
h1SMnG0029208	-
h1SMnG0029209	-
h1SMnG0029210	-
h1SMnG0029211	-
h1SMnG0029212	-
h1SMnG0029213	-
h1SMnG0029214	-
h1SMnG0029215	-
h1SMnG0029216	-
h1SMnG0029217	-
h1SMnG0029218	-
h1SMnG0029219	-
h1SMnG0029220	-
h1SMnG0029221	-
h1SMnG0029222	-
h1SMnG0029223	-
h1SMnG0029224	-
h1SMnG0029225	-
h1SMnG0029226	-
h1SMnG0029227	-
h1SMnG0029228	-
h1SMnG0029229	-
h1SMnG0029230	-
h1SMnG0029231	-
h1SMnG0029232	-
h1SMnG0029233	-
h1SMnG0029234	-
h1SMnG0029235	-
h1SMnG0029236	S
h1SMnG0029237	-
h1SMnG0029238	-
h1SMnG0029239	-
h1SMnG0029240	-
h1SMnG0029241	-
h1SMnG0029242	-
h1SMnG0029243	-
h1SMnG0029244	-
h1SMnG0029245	-
h1SMnG0029246	-
h1SMnG0029247	-
h1SMnG0029248	-
h1SMnG0029249	-
h1SMnG0029250	-
h1SMnG0029251	-
h1SMnG0029252	-
h1SMnG0029253	-
h1SMnG0029254	-
h1SMnG0029255	-
h1SMnG0029256	-
h1SMnG0029257	-
h1SMnG0029258	-
h1SMnG0029259	-
h1SMnG0029260	-
h1SMnG0029261	-
h1SMnG0029262	-
h1SMnG0029263	-
h1SMnG0029264	-
h1SMnG0029265	-
h1SMnG0029266	-
h1SMnG0029267	-
h1SMnG0029268	-
h1SMnG0029269	-
h1SMnG0029270	-
h1SMnG0029271	-
h1SMnG0029272	-
h1SMnG0029273	-
h1SMnG0029274	-
h1SMnG0029275	-
h1SMnG0029276	-
h1SMnG0029277	-
h1SMnG0029278	-
h1SMnG0029279	-
h1SMnG0029280	-
h1SMnG0029281	-
h1SMnG0029282	-
h1SMnG0029283	-
h1SMnG0029284	-
h1SMnG0029285	-
h1SMnG0029286	-
h1SMnG0029287	-
h1SMnG0029288	-
h1SMnG0029289	-
h1SMnG0029290	-
h1SMnG0029291	-
h1SMnG0029292	-
h1SMnG0029293	-
h1SMnG0029294	-
h1SMnG0029295	-
h1SMnG0029296	-
h1SMnG0029297	S
h1SMnG0029298	-
h1SMnG0029299	-
h1SMnG0029300	-
h1SMnG0029301	-
h1SMnG0029302	-
h1SMnG0029303	-
h1SMnG0029304	-
h1SMnG0029305	-
h1SMnG0029306	-
h1SMnG0029307	-
h1SMnG0029308	-
h1SMnG0029309	-
h1SMnG0029310	-
h1SMnG0029311	-
h1SMnG0029312	-
h1SMnG0029313	-
h1SMnG0029314	-
h1SMnG0029315	-
h1SMnG0029316	-
h1SMnG0029317	-
h1SMnG0029318	-
h1SMnG0029319	-
h1SMnG0029320	-
h1SMnG0029321	-
h1SMnG0029322	P
h1SMnG0029323	-
h1SMnG0029324	-
h1SMnG0029325	-
h1SMnG0029326	-
h1SMnG0029327	-
h1SMnG0029328	-
h1SMnG0029329	-
h1SMnG0029330	-
h1SMnG0029331	-
h1SMnG0029332	-
h1SMnG0029333	-
h1SMnG0029334	-
h1SMnG0029335	-
h1SMnG0029336	-
h1SMnG0029337	-
h1SMnG0029338	-
h1SMnG0029339	-
h1SMnG0029340	-
h1SMnG0029341	-
h1SMnG0029342	-
h1SMnG0029343	-
h1SMnG0029344	-
h1SMnG0029345	-
h1SMnG0029346	-
h1SMnG0029347	-
h1SMnG0029348	-
h1SMnG0029349	-
h1SMnG0029350	-
h1SMnG0029351	-
h1SMnG0029352	-
h1SMnG0029353	-
h1SMnG0029354	S
h1SMnG0029355	-
h1SMnG0029356	-
h1SMnG0029357	-
h1SMnG0029358	-
h1SMnG0029359	-
h1SMnG0029360	-
h1SMnG0029361	-
h1SMnG0029362	-
h1SMnG0029363	-
h1SMnG0029364	-
h1SMnG0029365	-
h1SMnG0029366	-
h1SMnG0029367	-
h1SMnG0029368	-
h1SMnG0029369	-
h1SMnG0029370	-
h1SMnG0029371	-
h1SMnG0029372	-
h1SMnG0029373	-
h1SMnG0029374	-
h1SMnG0029375	-
h1SMnG0029376	-
h1SMnG0029377	-
h1SMnG0029378	-
h1SMnG0029379	-
h1SMnG0029380	-
h1SMnG0029381	-
h1SMnG0029382	-
h1SMnG0029383	-
h1SMnG0029384	-
h1SMnG0029385	-
h1SMnG0029386	-
h1SMnG0029387	-
h1SMnG0029388	-
h1SMnG0029389	-
h1SMnG0029390	-
h1SMnG0029391	-
h1SMnG0029392	-
h1SMnG0029393	-
h1SMnG0029394	-
h1SMnG0029395	-
h1SMnG0029396	-
h1SMnG0029397	-
h1SMnG0029398	-
h1SMnG0029399	-
h1SMnG0029400	-
h1SMnG0029401	-
h1SMnG0029402	-
h1SMnG0029403	Z
h1SMnG0029404	-
h1SMnG0029405	-
h1SMnG0029406	-
h1SMnG0029407	-
h1SMnG0029408	-
h1SMnG0029409	-
h1SMnG0029410	-
h1SMnG0029411	-
h1SMnG0029412	-
h1SMnG0029413	-
h1SMnG0029414	-
h1SMnG0029415	-
h1SMnG0029416	Z
h1SMnG0029417	-
h1SMnG0029418	-
h1SMnG0029419	-
h1SMnG0029420	-
h1SMnG0029421	-
h1SMnG0029422	-
h1SMnG0029423	-
h1SMnG0029424	-
h1SMnG0029425	-
h1SMnG0029426	-
h1SMnG0029427	-
h1SMnG0029428	-
h1SMnG0029429	-
h1SMnG0029430	-
h1SMnG0029431	-
h1SMnG0029432	-
h1SMnG0029433	-
h1SMnG0029434	-
h1SMnG0029435	-
h1SMnG0029436	-
h1SMnG0029437	-
h1SMnG0029438	-
h1SMnG0029439	-
h1SMnG0029440	-
h1SMnG0029441	-
h1SMnG0029442	Z
h1SMnG0029443	-
h1SMnG0029444	-
h1SMnG0029445	-
h1SMnG0029446	-
h1SMnG0029447	-
h1SMnG0029448	-
h1SMnG0029449	-
h1SMnG0029450	P
h1SMnG0029451	-
h1SMnG0029452	-
h1SMnG0029453	-
h1SMnG0029454	-
h1SMnG0029455	S
h1SMnG0029456	-
h1SMnG0029457	-
h1SMnG0029458	-
h1SMnG0029459	-
h1SMnG0029460	-
h1SMnG0029461	-
h1SMnG0029462	-
h1SMnG0029463	-
h1SMnG0029464	-
h1SMnG0029465	-
h1SMnG0029466	-
h1SMnG0029467	-
h1SMnG0029468	-
h1SMnG0029469	-
h1SMnG0029470	-
h1SMnG0029471	-
h1SMnG0029472	-
h1SMnG0029473	-
h1SMnG0029474	-
h1SMnG0029475	-
h1SMnG0029476	-
h1SMnG0029477	-
h1SMnG0029478	-
h1SMnG0029479	-
h1SMnG0029480	-
h1SMnG0029481	-
h1SMnG0029482	-
h1SMnG0029483	-
h1SMnG0029484	-
h1SMnG0029485	-
h1SMnG0029486	-
h1SMnG0029487	-
h1SMnG0029488	-
h1SMnG0029489	-
h1SMnG0029490	-
h1SMnG0029491	-
h1SMnG0029492	-
h1SMnG0029493	-
h1SMnG0029494	BT
h1SMnG0029495	-
h1SMnG0029496	-
h1SMnG0029497	B
h1SMnG0029498	-
h1SMnG0029499	-
h1SMnG0029500	-
h1SMnG0029501	-
h1SMnG0029502	-
h1SMnG0029503	-
h1SMnG0029504	-
h1SMnG0029505	-
h1SMnG0029506	-
h1SMnG0029507	-
h1SMnG0029508	-
h1SMnG0029509	-
h1SMnG0029510	-
h1SMnG0029511	S
h1SMnG0029512	-
h1SMnG0029513	-
h1SMnG0029514	-
h1SMnG0029515	-
h1SMnG0029516	C
h1SMnG0029517	-
h1SMnG0029518	-
h1SMnG0029519	-
h1SMnG0029520	-
h1SMnG0029521	-
h1SMnG0029522	-
h1SMnG0029523	-
h1SMnG0029524	-
h1SMnG0029525	-
h1SMnG0029526	-
h1SMnG0029527	-
h1SMnG0029528	-
h1SMnG0029529	-
h1SMnG0029530	-
h1SMnG0029531	-
h1SMnG0029532	-
h1SMnG0029533	-
h1SMnG0029534	-
h1SMnG0029535	-
h1SMnG0029536	-
h1SMnG0029537	-
h1SMnG0029538	-
h1SMnG0029539	-
h1SMnG0029540	-
h1SMnG0029541	-
h1SMnG0029542	-
h1SMnG0029543	-
h1SMnG0029544	-
h1SMnG0029545	-
h1SMnG0029546	-
h1SMnG0029547	-
h1SMnG0029548	-
h1SMnG0029549	-
h1SMnG0029550	-
h1SMnG0029551	-
h1SMnG0029552	-
h1SMnG0029553	-
h1SMnG0029554	-
h1SMnG0029555	-
h1SMnG0029556	-
h1SMnG0029557	-
h1SMnG0029558	-
h1SMnG0029559	-
h1SMnG0029560	-
h1SMnG0029561	-
h1SMnG0029562	-
h1SMnG0029563	-
h1SMnG0029564	-
h1SMnG0029565	-
h1SMnG0029566	-
h1SMnG0029567	-
h1SMnG0029568	-
h1SMnG0029569	-
h1SMnG0029570	-
h1SMnG0029571	-
h1SMnG0029572	-
h1SMnG0029573	-
h1SMnG0029574	-
h1SMnG0029575	-
h1SMnG0029576	-
h1SMnG0029577	-
h1SMnG0029578	-
h1SMnG0029579	-
h1SMnG0029580	-
h1SMnG0029581	-
h1SMnG0029582	-
h1SMnG0029583	-
h1SMnG0029584	-
h1SMnG0029585	-
h1SMnG0029586	-
h1SMnG0029587	-
h1SMnG0029588	-
h1SMnG0029589	-
h1SMnG0029590	-
h1SMnG0029591	-
h1SMnG0029592	-
h1SMnG0029593	-
h1SMnG0029594	-
h1SMnG0029595	-
h1SMnG0029596	-
h1SMnG0029597	-
h1SMnG0029598	-
h1SMnG0029599	-
h1SMnG0029600	-
h1SMnG0029601	-
h1SMnG0029602	-
h1SMnG0029603	-
h1SMnG0029604	-
h1SMnG0029605	-
h1SMnG0029606	-
h1SMnG0029607	-
h1SMnG0029608	-
h1SMnG0029609	-
h1SMnG0029610	-
h1SMnG0029611	-
h1SMnG0029612	-
h1SMnG0029613	-
h1SMnG0029614	-
h1SMnG0029615	-
h1SMnG0029616	-
h1SMnG0029617	-
h1SMnG0029618	-
h1SMnG0029619	-
h1SMnG0029620	-
h1SMnG0029621	O
h1SMnG0029622	-
h1SMnG0029623	-
h1SMnG0029624	-
h1SMnG0029625	-
h1SMnG0029626	-
h1SMnG0029627	-
h1SMnG0029628	-
h1SMnG0029629	-
h1SMnG0029630	-
h1SMnG0029631	-
h1SMnG0029632	-
h1SMnG0029633	-
h1SMnG0029634	-
h1SMnG0029635	-
h1SMnG0029636	-
h1SMnG0029637	-
h1SMnG0029638	-
h1SMnG0029639	-
h1SMnG0029640	-
h1SMnG0029641	-
h1SMnG0029642	-
h1SMnG0029643	-
h1SMnG0029644	-
h1SMnG0029645	-
h1SMnG0029646	-
h1SMnG0029647	-
h1SMnG0029648	-
h1SMnG0029649	-
h1SMnG0029650	-
h1SMnG0029651	-
h1SMnG0029652	-
h1SMnG0029653	-
h1SMnG0029654	-
h1SMnG0029655	-
h1SMnG0029656	-
h1SMnG0029657	-
h1SMnG0029658	-
h1SMnG0029659	-
h1SMnG0029660	-
h1SMnG0029661	-
h1SMnG0029662	-
h1SMnG0029663	-
h1SMnG0029664	-
h1SMnG0029665	-
h1SMnG0029666	-
h1SMnG0029667	-
h1SMnG0029668	-
h1SMnG0029669	-
h1SMnG0029670	-
h1SMnG0029671	-
h1SMnG0029672	-
h1SMnG0029673	-
h1SMnG0029674	-
h1SMnG0029675	-
h1SMnG0029676	-
h1SMnG0029677	-
h1SMnG0029678	-
h1SMnG0029679	-
h1SMnG0029680	-
h1SMnG0029681	G
h1SMnG0029682	T
h1SMnG0029683	-
h1SMnG0029684	-
h1SMnG0029685	-
h1SMnG0029686	-
h1SMnG0029687	-
h1SMnG0029688	-
h1SMnG0029689	-
h1SMnG0029690	-
h1SMnG0029691	-
h1SMnG0029692	-
h1SMnG0029693	-
h1SMnG0029694	-
h1SMnG0029695	-
h1SMnG0029696	-
h1SMnG0029697	-
h1SMnG0029698	-
h1SMnG0029699	-
h1SMnG0029700	-
h1SMnG0029701	-
h1SMnG0029702	-
h1SMnG0029703	-
h1SMnG0029704	-
h1SMnG0029705	-
h1SMnG0029706	-
h1SMnG0029707	-
h1SMnG0029708	-
h1SMnG0029709	-
h1SMnG0029710	-
h1SMnG0029711	-
h1SMnG0029712	-
h1SMnG0029713	-
h1SMnG0029714	-
h1SMnG0029715	-
h1SMnG0029716	-
h1SMnG0029717	-
h1SMnG0029718	-
h1SMnG0029719	-
h1SMnG0029720	-
h1SMnG0029721	-
h1SMnG0029722	-
h1SMnG0029723	-
h1SMnG0029724	-
h1SMnG0029725	-
h1SMnG0029726	-
h1SMnG0029727	-
h1SMnG0029728	-
h1SMnG0029729	-
h1SMnG0029730	-
h1SMnG0029731	-
h1SMnG0029732	-
h1SMnG0029733	-
h1SMnG0029734	-
h1SMnG0029735	-
h1SMnG0029736	-
h1SMnG0029737	-
h1SMnG0029738	-
h1SMnG0029739	-
h1SMnG0029740	-
h1SMnG0029741	-
h1SMnG0029742	-
h1SMnG0029743	-
h1SMnG0029744	-
h1SMnG0029745	-
h1SMnG0029746	-
h1SMnG0029747	-
h1SMnG0029748	-
h1SMnG0029749	-
h1SMnG0029750	-
h1SMnG0029751	-
h1SMnG0029752	-
h1SMnG0029753	-
h1SMnG0029754	-
h1SMnG0029755	S
h1SMnG0029756	-
h1SMnG0029757	-
h1SMnG0029758	J
h1SMnG0029759	-
h1SMnG0029760	-
h1SMnG0029761	-
h1SMnG0029762	-
h1SMnG0029763	-
h1SMnG0029764	-
h1SMnG0029765	-
h1SMnG0029766	-
h1SMnG0029767	-
h1SMnG0029768	-
h1SMnG0029769	-
h1SMnG0029770	-
h1SMnG0029771	-
h1SMnG0029772	-
h1SMnG0029773	-
h1SMnG0029774	-
h1SMnG0029775	-
h1SMnG0029776	-
h1SMnG0029777	-
h1SMnG0029778	-
h1SMnG0029779	-
h1SMnG0029780	-
h1SMnG0029781	-
h1SMnG0029782	-
h1SMnG0029783	-
h1SMnG0029784	-
h1SMnG0029785	-
h1SMnG0029786	-
h1SMnG0029787	S
h1SMnG0029788	J
h1SMnG0029789	-
h1SMnG0029790	-
h1SMnG0029791	-
h1SMnG0029792	-
h1SMnG0029793	-
h1SMnG0029794	-
h1SMnG0029795	-
h1SMnG0029796	-
h1SMnG0029797	-
h1SMnG0029798	-
h1SMnG0029799	-
h1SMnG0029800	-
h1SMnG0029801	-
h1SMnG0029802	-
h1SMnG0029803	-
h1SMnG0029804	-
h1SMnG0029805	-
h1SMnG0029806	-
h1SMnG0029807	-
h1SMnG0029808	-
h1SMnG0029809	-
h1SMnG0029810	-
h1SMnG0029811	-
h1SMnG0029812	-
h1SMnG0029813	-
h1SMnG0029814	-
h1SMnG0029815	-
h1SMnG0029816	-
h1SMnG0029817	-
h1SMnG0029818	-
h1SMnG0029819	S
h1SMnG0029820	-
h1SMnG0029821	-
h1SMnG0029822	-
h1SMnG0029823	-
h1SMnG0029824	-
h1SMnG0029825	-
h1SMnG0029826	-
h1SMnG0029827	-
h1SMnG0029828	-
h1SMnG0029829	-
h1SMnG0029830	-
h1SMnG0029831	-
h1SMnG0029832	-
h1SMnG0029833	-
h1SMnG0029834	-
h1SMnG0029835	-
h1SMnG0029836	-
h1SMnG0029837	-
h1SMnG0029838	-
h1SMnG0029839	S
h1SMnG0029840	-
h1SMnG0029841	-
h1SMnG0029842	-
h1SMnG0029843	-
h1SMnG0029844	-
h1SMnG0029845	-
h1SMnG0029846	-
h1SMnG0029847	-
h1SMnG0029848	-
h1SMnG0029849	-
h1SMnG0029850	-
h1SMnG0029851	-
h1SMnG0029852	-
h1SMnG0029853	-
h1SMnG0029854	-
h1SMnG0029855	-
h1SMnG0029856	-
h1SMnG0029857	-
h1SMnG0029858	-
h1SMnG0029859	-
h1SMnG0029860	-
h1SMnG0029861	-
h1SMnG0029862	-
h1SMnG0029863	-
h1SMnG0029864	-
h1SMnG0029865	-
h1SMnG0029866	-
h1SMnG0029867	-
h1SMnG0029868	-
h1SMnG0029869	-
h1SMnG0029870	-
h1SMnG0029871	-
h1SMnG0029872	-
h1SMnG0029873	-
h1SMnG0029874	-
h1SMnG0029875	-
h1SMnG0029876	-
h1SMnG0029877	-
h1SMnG0029878	-
h1SMnG0029879	-
h1SMnG0029880	-
h1SMnG0029881	-
h1SMnG0029882	-
h1SMnG0029883	-
h1SMnG0029884	-
h1SMnG0029885	-
h1SMnG0029886	-
h1SMnG0029887	-
h1SMnG0029888	-
h1SMnG0029889	-
h1SMnG0029890	-
h1SMnG0029891	-
h1SMnG0029892	-
h1SMnG0029893	-
h1SMnG0029894	-
h1SMnG0029895	-
h1SMnG0029896	-
h1SMnG0029897	S
h1SMnG0029898	-
h1SMnG0029899	-
h1SMnG0029900	-
h1SMnG0029901	-
h1SMnG0029902	-
h1SMnG0029903	-
h1SMnG0029904	-
h1SMnG0029905	-
h1SMnG0029906	-
h1SMnG0029907	-
h1SMnG0029908	-
h1SMnG0029909	-
h1SMnG0029910	-
h1SMnG0029911	-
h1SMnG0029912	-
h1SMnG0029913	A
h1SMnG0029914	-
h1SMnG0029915	-
h1SMnG0029916	-
h1SMnG0029917	-
h1SMnG0029918	-
h1SMnG0029919	-
h1SMnG0029920	-
h1SMnG0029921	-
h1SMnG0029922	-
h1SMnG0029923	-
h1SMnG0029924	-
h1SMnG0029925	-
h1SMnG0029926	-
h1SMnG0029927	-
h1SMnG0029928	-
h1SMnG0029929	-
h1SMnG0029930	-
h1SMnG0029931	-
h1SMnG0029932	-
h1SMnG0029933	-
h1SMnG0029934	-
h1SMnG0029935	-
h1SMnG0029936	-
h1SMnG0029937	-
h1SMnG0029938	-
h1SMnG0029939	-
h1SMnG0029940	-
h1SMnG0029941	-
h1SMnG0029942	-
h1SMnG0029943	-
h1SMnG0029944	-
h1SMnG0029945	-
h1SMnG0029946	-
h1SMnG0029947	-
h1SMnG0029948	-
h1SMnG0029949	-
h1SMnG0029950	-
h1SMnG0029951	-
h1SMnG0029952	-
h1SMnG0029953	-
h1SMnG0029954	-
h1SMnG0029955	-
h1SMnG0029956	-
h1SMnG0029957	-
h1SMnG0029958	-
h1SMnG0029959	-
h1SMnG0029960	-
h1SMnG0029961	-
h1SMnG0029962	-
h1SMnG0029963	-
h1SMnG0029964	-
h1SMnG0029965	-
h1SMnG0029966	S
h1SMnG0029967	-
h1SMnG0029968	-
h1SMnG0029969	-
h1SMnG0029970	-
h1SMnG0029971	-
h1SMnG0029972	-
h1SMnG0029973	-
h1SMnG0029974	-
h1SMnG0029975	-
h1SMnG0029976	-
h1SMnG0029977	-
h1SMnG0029978	-
h1SMnG0029979	-
h1SMnG0029980	-
h1SMnG0029981	-
h1SMnG0029982	-
h1SMnG0029983	-
h1SMnG0029984	-
h1SMnG0029985	-
h1SMnG0029986	-
h1SMnG0029987	-
h1SMnG0029988	-
h1SMnG0029989	-
h1SMnG0029990	S
h1SMnG0029991	-
h1SMnG0029992	-
h1SMnG0029993	-
h1SMnG0029994	-
h1SMnG0029995	-
h1SMnG0029996	-
h1SMnG0029997	-
h1SMnG0029998	-
h1SMnG0029999	-
h1SMnG0030000	-
h1SMnG0030001	-
h1SMnG0030002	-
h1SMnG0030003	-
h1SMnG0030004	-
h1SMnG0030005	-
h1SMnG0030006	-
h1SMnG0030007	-
h1SMnG0030008	-
h1SMnG0030009	-
h1SMnG0030010	-
h1SMnG0030011	T
h1SMnG0030012	-
h1SMnG0030013	-
h1SMnG0030014	-
h1SMnG0030015	-
h1SMnG0030016	-
h1SMnG0030017	-
h1SMnG0030018	-
h1SMnG0030019	-
h1SMnG0030020	-
h1SMnG0030021	-
h1SMnG0030022	-
h1SMnG0030023	-
h1SMnG0030024	-
h1SMnG0030025	-
h1SMnG0030026	-
h1SMnG0030027	-
h1SMnG0030028	-
h1SMnG0030029	-
h1SMnG0030030	-
h1SMnG0030031	-
h1SMnG0030032	-
h1SMnG0030033	-
h1SMnG0030034	-
h1SMnG0030035	-
h1SMnG0030036	-
h1SMnG0030037	-
h1SMnG0030038	A
h1SMnG0030039	-
h1SMnG0030040	-
h1SMnG0030041	-
h1SMnG0030042	-
h1SMnG0030043	-
h1SMnG0030044	-
h1SMnG0030045	-
h1SMnG0030046	-
h1SMnG0030047	-
h1SMnG0030048	-
h1SMnG0030049	-
h1SMnG0030050	-
h1SMnG0030051	-
h1SMnG0030052	-
h1SMnG0030053	-
h1SMnG0030054	-
h1SMnG0030055	-
h1SMnG0030056	-
h1SMnG0030057	-
h1SMnG0030058	-
h1SMnG0030059	-
h1SMnG0030060	-
h1SMnG0030061	-
h1SMnG0030062	-
h1SMnG0030063	-
h1SMnG0030064	-
h1SMnG0030065	-
h1SMnG0030066	-
h1SMnG0030067	-
h1SMnG0030068	-
h1SMnG0030069	-
h1SMnG0030070	-
h1SMnG0030071	-
h1SMnG0030072	-
h1SMnG0030073	-
h1SMnG0030074	-
h1SMnG0030075	-
h1SMnG0030076	-
h1SMnG0030077	-
h1SMnG0030078	-
h1SMnG0030079	-
h1SMnG0030080	-
h1SMnG0030081	-
h1SMnG0030082	-
h1SMnG0030083	-
h1SMnG0030084	-
h1SMnG0030085	-
h1SMnG0030086	-
h1SMnG0030087	-
h1SMnG0030088	-
h1SMnG0030089	-
h1SMnG0030090	-
h1SMnG0030091	-
h1SMnG0030092	-
h1SMnG0030093	-
h1SMnG0030094	-
h1SMnG0030095	-
h1SMnG0030096	-
h1SMnG0030097	-
h1SMnG0030098	-
h1SMnG0030099	-
h1SMnG0030100	-
h1SMnG0030101	-
h1SMnG0030102	J
h1SMnG0030103	-
h1SMnG0030104	-
h1SMnG0030105	-
h1SMnG0030106	-
h1SMnG0030107	-
h1SMnG0030108	-
h1SMnG0030109	-
h1SMnG0030110	-
h1SMnG0030111	-
h1SMnG0030112	-
h1SMnG0030113	-
h1SMnG0030114	-
h1SMnG0030115	-
h1SMnG0030116	-
h1SMnG0030117	-
h1SMnG0030118	-
h1SMnG0030119	-
h1SMnG0030120	-
h1SMnG0030121	-
h1SMnG0030122	-
h1SMnG0030123	-
h1SMnG0030124	-
h1SMnG0030125	-
h1SMnG0030126	-
h1SMnG0030127	O
h1SMnG0030128	-
h1SMnG0030129	-
h1SMnG0030130	-
h1SMnG0030131	-
h1SMnG0030132	-
h1SMnG0030133	U
h1SMnG0030134	-
h1SMnG0030135	-
h1SMnG0030136	-
h1SMnG0030137	-
h1SMnG0030138	-
h1SMnG0030139	-
h1SMnG0030140	-
h1SMnG0030141	-
h1SMnG0030142	-
h1SMnG0030143	-
h1SMnG0030144	-
h1SMnG0030145	-
h1SMnG0030146	-
h1SMnG0030147	-
h1SMnG0030148	-
h1SMnG0030149	-
h1SMnG0030150	-
h1SMnG0030151	-
h1SMnG0030152	-
h1SMnG0030153	-
h1SMnG0030154	-
h1SMnG0030155	-
h1SMnG0030156	-
h1SMnG0030157	-
h1SMnG0030158	-
h1SMnG0030159	-
h1SMnG0030160	-
h1SMnG0030161	-
h1SMnG0030162	-
h1SMnG0030163	-
h1SMnG0030164	-
h1SMnG0030165	-
h1SMnG0030166	-
h1SMnG0030167	-
h1SMnG0030168	-
h1SMnG0030169	-
h1SMnG0030170	-
h1SMnG0030171	-
h1SMnG0030172	-
h1SMnG0030173	-
h1SMnG0030174	-
h1SMnG0030175	-
h1SMnG0030176	-
h1SMnG0030177	-
h1SMnG0030178	-
h1SMnG0030179	-
h1SMnG0030180	-
h1SMnG0030181	-
h1SMnG0030182	-
h1SMnG0030183	-
h1SMnG0030184	-
h1SMnG0030185	-
h1SMnG0030186	-
h1SMnG0030187	-
h1SMnG0030188	-
h1SMnG0030189	-
h1SMnG0030190	-
h1SMnG0030191	-
h1SMnG0030192	-
h1SMnG0030193	-
h1SMnG0030194	-
h1SMnG0030195	-
h1SMnG0030196	-
h1SMnG0030197	-
h1SMnG0030198	-
h1SMnG0030199	-
h1SMnG0030200	-
h1SMnG0030201	-
h1SMnG0030202	-
h1SMnG0030203	-
h1SMnG0030204	-
h1SMnG0030205	-
h1SMnG0030206	-
h1SMnG0030207	-
h1SMnG0030208	-
h1SMnG0030209	-
h1SMnG0030210	-
h1SMnG0030211	-
h1SMnG0030212	-
h1SMnG0030213	-
h1SMnG0030214	-
h1SMnG0030215	-
h1SMnG0030216	-
h1SMnG0030217	-
h1SMnG0030218	-
h1SMnG0030219	-
h1SMnG0030220	-
h1SMnG0030221	-
h1SMnG0030222	-
h1SMnG0030223	-
h1SMnG0030224	-
h1SMnG0030225	-
h1SMnG0030226	-
h1SMnG0030227	-
h1SMnG0030228	-
h1SMnG0030229	-
h1SMnG0030230	-
h1SMnG0030231	-
h1SMnG0030232	-
h1SMnG0030233	-
h1SMnG0030234	-
h1SMnG0030235	-
h1SMnG0030236	-
h1SMnG0030237	-
h1SMnG0030238	-
h1SMnG0030239	-
h1SMnG0030240	-
h1SMnG0030241	-
h1SMnG0030242	-
h1SMnG0030243	-
h1SMnG0030244	-
h1SMnG0030245	-
h1SMnG0030246	-
h1SMnG0030247	-
h1SMnG0030248	-
h1SMnG0030249	-
h1SMnG0030250	-
h1SMnG0030251	-
h1SMnG0030252	-
h1SMnG0030253	-
h1SMnG0030254	-
h1SMnG0030255	-
h1SMnG0030256	-
h1SMnG0030257	-
h1SMnG0030258	-
h1SMnG0030259	-
h1SMnG0030260	-
h1SMnG0030261	-
h1SMnG0030262	S
h1SMnG0030263	-
h1SMnG0030264	-
h1SMnG0030265	-
h1SMnG0030266	-
h1SMnG0030267	-
h1SMnG0030268	-
h1SMnG0030269	-
h1SMnG0030270	-
h1SMnG0030271	-
h1SMnG0030272	-
h1SMnG0030273	-
h1SMnG0030274	-
h1SMnG0030275	-
h1SMnG0030276	-
h1SMnG0030277	-
h1SMnG0030278	-
h1SMnG0030279	-
h1SMnG0030280	-
h1SMnG0030281	-
h1SMnG0030282	-
h1SMnG0030283	-
h1SMnG0030284	-
h1SMnG0030285	-
h1SMnG0030286	-
h1SMnG0030287	D
h1SMnG0030288	-
h1SMnG0030289	-
h1SMnG0030290	-
h1SMnG0030291	-
h1SMnG0030292	-
h1SMnG0030293	-
h1SMnG0030294	-
h1SMnG0030295	-
h1SMnG0030296	-
h1SMnG0030297	-
h1SMnG0030298	-
h1SMnG0030299	-
h1SMnG0030300	-
h1SMnG0030301	-
h1SMnG0030302	-
h1SMnG0030303	-
h1SMnG0030304	-
h1SMnG0030305	-
h1SMnG0030306	-
h1SMnG0030307	-
h1SMnG0030308	-
h1SMnG0030309	-
h1SMnG0030310	-
h1SMnG0030311	-
h1SMnG0030312	-
h1SMnG0030313	-
h1SMnG0030314	-
h1SMnG0030315	-
h1SMnG0030316	-
h1SMnG0030317	-
h1SMnG0030318	-
h1SMnG0030319	-
h1SMnG0030320	-
h1SMnG0030321	-
h1SMnG0030322	-
h1SMnG0030323	-
h1SMnG0030324	-
h1SMnG0030325	-
h1SMnG0030326	-
h1SMnG0030327	-
h1SMnG0030328	-
h1SMnG0030329	-
h1SMnG0030330	-
h1SMnG0030331	-
h1SMnG0030332	-
h1SMnG0030333	-
h1SMnG0030334	-
h1SMnG0030335	-
h1SMnG0030336	-
h1SMnG0030337	-
h1SMnG0030338	-
h1SMnG0030339	-
h1SMnG0030340	-
h1SMnG0030341	T
h1SMnG0030342	-
h1SMnG0030343	-
h1SMnG0030344	-
h1SMnG0030345	-
h1SMnG0030346	-
h1SMnG0030347	-
h1SMnG0030348	-
h1SMnG0030349	-
h1SMnG0030350	-
h1SMnG0030351	-
h1SMnG0030352	-
h1SMnG0030353	-
h1SMnG0030354	-
h1SMnG0030355	-
h1SMnG0030356	-
h1SMnG0030357	-
h1SMnG0030358	-
h1SMnG0030359	-
h1SMnG0030360	-
h1SMnG0030361	-
h1SMnG0030362	-
h1SMnG0030363	-
h1SMnG0030364	-
h1SMnG0030365	-
h1SMnG0030366	-
h1SMnG0030367	-
h1SMnG0030368	-
h1SMnG0030369	-
h1SMnG0030370	-
h1SMnG0030371	-
h1SMnG0030372	-
h1SMnG0030373	-
h1SMnG0030374	-
h1SMnG0030375	-
h1SMnG0030376	-
h1SMnG0030377	-
h1SMnG0030378	-
h1SMnG0030379	-
h1SMnG0030380	-
h1SMnG0030381	-
h1SMnG0030382	-
h1SMnG0030383	-
h1SMnG0030384	-
h1SMnG0030385	-
h1SMnG0030386	-
h1SMnG0030387	C
h1SMnG0030388	-
h1SMnG0030389	-
h1SMnG0030390	-
h1SMnG0030391	-
h1SMnG0030392	-
h1SMnG0030393	-
h1SMnG0030394	-
h1SMnG0030395	-
h1SMnG0030396	-
h1SMnG0030397	-
h1SMnG0030398	-
h1SMnG0030399	-
h1SMnG0030400	-
h1SMnG0030401	J
h1SMnG0030402	-
h1SMnG0030403	-
h1SMnG0030404	-
h1SMnG0030405	-
h1SMnG0030406	-
h1SMnG0030407	-
h1SMnG0030408	-
h1SMnG0030409	-
h1SMnG0030410	-
h1SMnG0030411	-
h1SMnG0030412	-
h1SMnG0030413	-
h1SMnG0030414	-
h1SMnG0030415	-
h1SMnG0030416	-
h1SMnG0030417	-
h1SMnG0030418	-
h1SMnG0030419	-
h1SMnG0030420	-
h1SMnG0030421	-
h1SMnG0030422	-
h1SMnG0030423	-
h1SMnG0030424	-
h1SMnG0030425	-
h1SMnG0030426	-
h1SMnG0030427	-
h1SMnG0030428	-
h1SMnG0030429	-
h1SMnG0030430	-
h1SMnG0030431	-
h1SMnG0030432	-
h1SMnG0030433	-
h1SMnG0030434	-
h1SMnG0030435	-
h1SMnG0030436	-
h1SMnG0030437	-
h1SMnG0030438	-
h1SMnG0030439	-
h1SMnG0030440	-
h1SMnG0030441	-
h1SMnG0030442	-
h1SMnG0030443	-
h1SMnG0030444	-
h1SMnG0030445	-
h1SMnG0030446	-
h1SMnG0030447	-
h1SMnG0030448	-
h1SMnG0030449	-
h1SMnG0030450	-
h1SMnG0030451	-
h1SMnG0030452	-
h1SMnG0030453	-
h1SMnG0030454	-
h1SMnG0030455	-
h1SMnG0030456	-
h1SMnG0030457	-
h1SMnG0030458	-
h1SMnG0030459	S
h1SMnG0030460	-
h1SMnG0030461	-
h1SMnG0030462	-
h1SMnG0030463	-
h1SMnG0030464	-
h1SMnG0030465	-
h1SMnG0030466	-
h1SMnG0030467	-
h1SMnG0030468	A
h1SMnG0030469	-
h1SMnG0030470	-
h1SMnG0030471	-
h1SMnG0030472	-
h1SMnG0030473	-
h1SMnG0030474	-
h1SMnG0030475	-
h1SMnG0030476	-
h1SMnG0030477	-
h1SMnG0030478	-
h1SMnG0030479	-
h1SMnG0030480	-
h1SMnG0030481	-
h1SMnG0030482	-
h1SMnG0030483	-
h1SMnG0030484	-
h1SMnG0030485	LO
h1SMnG0030486	-
h1SMnG0030487	W
h1SMnG0030488	-
h1SMnG0030489	-
h1SMnG0030490	Z
h1SMnG0030491	-
h1SMnG0030492	-
h1SMnG0030493	-
h1SMnG0030494	-
h1SMnG0030495	-
h1SMnG0030496	-
h1SMnG0030497	-
h1SMnG0030498	-
h1SMnG0030499	-
h1SMnG0030500	-
h1SMnG0030501	-
h1SMnG0030502	-
h1SMnG0030503	-
h1SMnG0030504	-
h1SMnG0030505	-
h1SMnG0030506	-
h1SMnG0030507	-
h1SMnG0030508	-
h1SMnG0030509	-
h1SMnG0030510	-
h1SMnG0030511	-
h1SMnG0030512	-
h1SMnG0030513	-
h1SMnG0030514	-
h1SMnG0030515	-
h1SMnG0030516	-
h1SMnG0030517	-
h1SMnG0030518	-
h1SMnG0030519	-
h1SMnG0030520	-
h1SMnG0030521	-
h1SMnG0030522	-
h1SMnG0030523	-
h1SMnG0030524	EH
h1SMnG0030525	-
h1SMnG0030526	-
h1SMnG0030527	-
h1SMnG0030528	-
h1SMnG0030529	-
h1SMnG0030530	-
h1SMnG0030531	-
h1SMnG0030532	-
h1SMnG0030533	-
h1SMnG0030534	-
h1SMnG0030535	-
h1SMnG0030536	-
h1SMnG0030537	-
h1SMnG0030538	-
h1SMnG0030539	-
h1SMnG0030540	-
h1SMnG0030541	-
h1SMnG0030542	-
h1SMnG0030543	-
h1SMnG0030544	-
h1SMnG0030545	-
h1SMnG0030546	-
h1SMnG0030547	-
h1SMnG0030548	-
h1SMnG0030549	-
h1SMnG0030550	-
h1SMnG0030551	-
h1SMnG0030552	-
h1SMnG0030553	G
h1SMnG0030554	-
h1SMnG0030555	-
h1SMnG0030556	-
h1SMnG0030557	-
h1SMnG0030558	-
h1SMnG0030559	-
h1SMnG0030560	-
h1SMnG0030561	Z
h1SMnG0030562	-
h1SMnG0030563	-
h1SMnG0030564	-
h1SMnG0030565	-
h1SMnG0030566	-
h1SMnG0030567	-
h1SMnG0030568	-
h1SMnG0030569	-
h1SMnG0030570	-
h1SMnG0030571	-
h1SMnG0030572	-
h1SMnG0030573	-
h1SMnG0030574	J
h1SMnG0030575	-
h1SMnG0030576	-
h1SMnG0030577	-
h1SMnG0030578	-
h1SMnG0030579	-
h1SMnG0030580	O
h1SMnG0030581	-
h1SMnG0030582	-
h1SMnG0030583	-
h1SMnG0030584	-
h1SMnG0030585	-
h1SMnG0030586	-
h1SMnG0030587	-
h1SMnG0030588	-
h1SMnG0030589	-
h1SMnG0030590	-
h1SMnG0030591	-
h1SMnG0030592	-
h1SMnG0030593	-
h1SMnG0030594	-
h1SMnG0030595	-
h1SMnG0030596	-
h1SMnG0030597	-
h1SMnG0030598	-
h1SMnG0030599	-
h1SMnG0030600	-
h1SMnG0030601	-
h1SMnG0030602	-
h1SMnG0030603	-
h1SMnG0030604	-
h1SMnG0030605	-
h1SMnG0030606	-
h1SMnG0030607	-
h1SMnG0030608	-
h1SMnG0030609	-
h1SMnG0030610	-
h1SMnG0030611	-
h1SMnG0030612	-
h1SMnG0030613	-
h1SMnG0030614	-
h1SMnG0030615	-
h1SMnG0030616	-
h1SMnG0030617	-
h1SMnG0030618	-
h1SMnG0030619	-
h1SMnG0030620	-
h1SMnG0030621	-
h1SMnG0030622	-
h1SMnG0030623	-
h1SMnG0030624	-
h1SMnG0030625	-
h1SMnG0030626	-
h1SMnG0030627	-
h1SMnG0030628	-
h1SMnG0030629	-
h1SMnG0030630	-
h1SMnG0030631	-
h1SMnG0030632	-
h1SMnG0030633	-
h1SMnG0030634	-
h1SMnG0030635	-
h1SMnG0030636	-
h1SMnG0030637	-
h1SMnG0030638	-
h1SMnG0030639	-
h1SMnG0030640	-
h1SMnG0030641	-
h1SMnG0030642	-
h1SMnG0030643	-
h1SMnG0030644	-
h1SMnG0030645	-
h1SMnG0030646	-
h1SMnG0030647	-
h1SMnG0030648	-
h1SMnG0030649	K
h1SMnG0030650	-
h1SMnG0030651	-
h1SMnG0030652	-
h1SMnG0030653	-
h1SMnG0030654	U
h1SMnG0030655	-
h1SMnG0030656	O
h1SMnG0030657	-
h1SMnG0030658	-
h1SMnG0030659	-
h1SMnG0030660	-
h1SMnG0030661	-
h1SMnG0030662	-
h1SMnG0030663	-
h1SMnG0030664	-
h1SMnG0030665	-
h1SMnG0030666	-
h1SMnG0030667	-
h1SMnG0030668	-
h1SMnG0030669	-
h1SMnG0030670	-
h1SMnG0030671	-
h1SMnG0030672	-
h1SMnG0030673	-
h1SMnG0030674	-
h1SMnG0030675	-
h1SMnG0030676	-
h1SMnG0030677	-
h1SMnG0030678	-
h1SMnG0030679	-
h1SMnG0030680	-
h1SMnG0030681	-
h1SMnG0030682	-
h1SMnG0030683	-
h1SMnG0030684	-
h1SMnG0030685	-
h1SMnG0030686	-
h1SMnG0030687	-
h1SMnG0030688	-
h1SMnG0030689	-
h1SMnG0030690	-
h1SMnG0030691	-
h1SMnG0030692	-
h1SMnG0030693	-
h1SMnG0030694	-
h1SMnG0030695	PT
h1SMnG0030696	-
h1SMnG0030697	-
h1SMnG0030698	-
h1SMnG0030699	-
h1SMnG0030700	L
h1SMnG0030701	-
h1SMnG0030702	-
h1SMnG0030703	-
h1SMnG0030704	-
h1SMnG0030705	-
h1SMnG0030706	-
h1SMnG0030707	-
h1SMnG0030708	-
h1SMnG0030709	-
h1SMnG0030710	-
h1SMnG0030711	-
h1SMnG0030712	S
h1SMnG0030713	-
h1SMnG0030714	-
h1SMnG0030715	-
h1SMnG0030716	-
h1SMnG0030717	-
h1SMnG0030718	-
h1SMnG0030719	-
h1SMnG0030720	-
h1SMnG0030721	-
h1SMnG0030722	-
h1SMnG0030723	-
h1SMnG0030724	-
h1SMnG0030725	-
h1SMnG0030726	-
h1SMnG0030727	-
h1SMnG0030728	-
h1SMnG0030729	-
h1SMnG0030730	-
h1SMnG0030731	-
h1SMnG0030732	-
h1SMnG0030733	-
h1SMnG0030734	-
h1SMnG0030735	Z
h1SMnG0030736	-
h1SMnG0030737	-
h1SMnG0030738	-
h1SMnG0030739	-
h1SMnG0030740	U
h1SMnG0030741	-
h1SMnG0030742	-
h1SMnG0030743	-
h1SMnG0030744	-
h1SMnG0030745	-
h1SMnG0030746	-
h1SMnG0030747	-
h1SMnG0030748	-
h1SMnG0030749	-
h1SMnG0030750	-
h1SMnG0030751	-
h1SMnG0030752	-
h1SMnG0030753	-
h1SMnG0030754	-
h1SMnG0030755	-
h1SMnG0030756	-
h1SMnG0030757	-
h1SMnG0030758	-
h1SMnG0030759	-
h1SMnG0030760	-
h1SMnG0030761	A
h1SMnG0030762	-
h1SMnG0030763	-
h1SMnG0030764	-
h1SMnG0030765	T
h1SMnG0030766	-
h1SMnG0030767	-
h1SMnG0030768	-
h1SMnG0030769	-
h1SMnG0030770	-
h1SMnG0030771	-
h1SMnG0030772	-
h1SMnG0030773	-
h1SMnG0030774	-
h1SMnG0030775	-
h1SMnG0030776	-
h1SMnG0030777	-
h1SMnG0030778	-
h1SMnG0030779	-
h1SMnG0030780	-
h1SMnG0030781	-
h1SMnG0030782	-
h1SMnG0030783	-
h1SMnG0030784	-
h1SMnG0030785	-
h1SMnG0030786	-
h1SMnG0030787	-
h1SMnG0030788	H
h1SMnG0030789	-
h1SMnG0030790	-
h1SMnG0030791	-
h1SMnG0030792	-
h1SMnG0030793	-
h1SMnG0030794	-
h1SMnG0030795	-
h1SMnG0030796	-
h1SMnG0030797	-
h1SMnG0030798	-
h1SMnG0030799	S
h1SMnG0030800	-
h1SMnG0030801	-
h1SMnG0030802	-
h1SMnG0030803	-
h1SMnG0030804	-
h1SMnG0030805	-
h1SMnG0030806	-
h1SMnG0030807	-
h1SMnG0030808	-
h1SMnG0030809	-
h1SMnG0030810	-
h1SMnG0030811	-
h1SMnG0030812	-
h1SMnG0030813	-
h1SMnG0030814	-
h1SMnG0030815	-
h1SMnG0030816	-
h1SMnG0030817	-
h1SMnG0030818	-
h1SMnG0030819	-
h1SMnG0030820	-
h1SMnG0030821	-
h1SMnG0030822	-
h1SMnG0030823	-
h1SMnG0030824	-
h1SMnG0030825	-
h1SMnG0030826	-
h1SMnG0030827	-
h1SMnG0030828	-
h1SMnG0030829	-
h1SMnG0030830	-
h1SMnG0030831	-
h1SMnG0030832	-
h1SMnG0030833	-
h1SMnG0030834	-
h1SMnG0030835	-
h1SMnG0030836	-
h1SMnG0030837	-
h1SMnG0030838	-
h1SMnG0030839	-
h1SMnG0030840	S
h1SMnG0030841	-
h1SMnG0030842	-
h1SMnG0030843	-
h1SMnG0030844	-
h1SMnG0030845	-
h1SMnG0030846	-
h1SMnG0030847	-
h1SMnG0030848	-
h1SMnG0030849	Z
h1SMnG0030850	-
h1SMnG0030851	-
h1SMnG0030852	-
h1SMnG0030853	-
h1SMnG0030854	-
h1SMnG0030855	-
h1SMnG0030856	-
h1SMnG0030857	-
h1SMnG0030858	-
h1SMnG0030859	-
h1SMnG0030860	-
h1SMnG0030861	-
h1SMnG0030862	-
h1SMnG0030863	-
h1SMnG0030864	-
h1SMnG0030865	-
h1SMnG0030866	-
h1SMnG0030867	-
h1SMnG0030868	-
h1SMnG0030869	-
h1SMnG0030870	-
h1SMnG0030871	-
h1SMnG0030872	-
h1SMnG0030873	-
h1SMnG0030874	-
h1SMnG0030875	-
h1SMnG0030876	-
h1SMnG0030877	-
h1SMnG0030878	-
h1SMnG0030879	-
h1SMnG0030880	-
h1SMnG0030881	-
h1SMnG0030882	-
h1SMnG0030883	-
h1SMnG0030884	-
h1SMnG0030885	-
h1SMnG0030886	T
h1SMnG0030887	-
h1SMnG0030888	-
h1SMnG0030889	-
h1SMnG0030890	-
h1SMnG0030891	-
h1SMnG0030892	-
h1SMnG0030893	-
h1SMnG0030894	-
h1SMnG0030895	-
h1SMnG0030896	-
h1SMnG0030897	-
h1SMnG0030898	-
h1SMnG0030899	-
h1SMnG0030900	-
h1SMnG0030901	-
h1SMnG0030902	-
h1SMnG0030903	-
h1SMnG0030904	-
h1SMnG0030905	-
h1SMnG0030906	-
h1SMnG0030907	-
h1SMnG0030908	-
h1SMnG0030909	-
h1SMnG0030910	-
h1SMnG0030911	-
h1SMnG0030912	-
h1SMnG0030913	-
h1SMnG0030914	-
h1SMnG0030915	-
h1SMnG0030916	-
h1SMnG0030917	-
h1SMnG0030918	-
h1SMnG0030919	-
h1SMnG0030920	-
h1SMnG0030921	-
h1SMnG0030922	-
h1SMnG0030923	-
h1SMnG0030924	-
h1SMnG0030925	-
h1SMnG0030926	-
h1SMnG0030927	-
h1SMnG0030928	-
h1SMnG0030929	-
h1SMnG0030930	-
h1SMnG0030931	-
h1SMnG0030932	-
h1SMnG0030933	-
h1SMnG0030934	-
h1SMnG0030935	-
h1SMnG0030936	-
h1SMnG0030937	-
h1SMnG0030938	-
h1SMnG0030939	-
h1SMnG0030940	-
h1SMnG0030941	-
h1SMnG0030942	-
h1SMnG0030943	-
h1SMnG0030944	-
h1SMnG0030945	O
h1SMnG0030946	-
h1SMnG0030947	-
h1SMnG0030948	-
h1SMnG0030949	-
h1SMnG0030950	-
h1SMnG0030951	-
h1SMnG0030952	-
h1SMnG0030953	-
h1SMnG0030954	-
h1SMnG0030955	-
h1SMnG0030956	-
h1SMnG0030957	-
h1SMnG0030958	-
h1SMnG0030959	-
h1SMnG0030960	-
h1SMnG0030961	-
h1SMnG0030962	-
h1SMnG0030963	DL
h1SMnG0030964	-
h1SMnG0030965	-
h1SMnG0030966	-
h1SMnG0030967	-
h1SMnG0030968	-
h1SMnG0030969	-
h1SMnG0030970	-
h1SMnG0030971	-
h1SMnG0030972	-
h1SMnG0030973	EI
h1SMnG0030974	-
h1SMnG0030975	-
h1SMnG0030976	-
h1SMnG0030977	-
h1SMnG0030978	-
h1SMnG0030979	-
h1SMnG0030980	-
h1SMnG0030981	-
h1SMnG0030982	-
h1SMnG0030983	-
h1SMnG0030984	-
h1SMnG0030985	-
h1SMnG0030986	-
h1SMnG0030987	-
h1SMnG0030988	-
h1SMnG0030989	-
h1SMnG0030990	-
h1SMnG0030991	-
h1SMnG0030992	-
h1SMnG0030993	-
h1SMnG0030994	-
h1SMnG0030995	-
h1SMnG0030996	-
h1SMnG0030997	-
h1SMnG0030998	-
h1SMnG0030999	-
h1SMnG0031000	-
h1SMnG0031001	-
h1SMnG0031002	-
h1SMnG0031003	-
h1SMnG0031004	-
h1SMnG0031005	-
h1SMnG0031006	-
h1SMnG0031007	-
h1SMnG0031008	-
h1SMnG0031009	-
h1SMnG0031010	-
h1SMnG0031011	-
h1SMnG0031012	-
h1SMnG0031013	-
h1SMnG0031014	-
h1SMnG0031015	-
h1SMnG0031016	-
h1SMnG0031017	-
h1SMnG0031018	-
h1SMnG0031019	-
h1SMnG0031020	-
h1SMnG0031021	U
h1SMnG0031022	-
h1SMnG0031023	-
h1SMnG0031024	-
h1SMnG0031025	-
h1SMnG0031026	-
h1SMnG0031027	-
h1SMnG0031028	S
h1SMnG0031029	-
h1SMnG0031030	-
h1SMnG0031031	H
h1SMnG0031032	-
h1SMnG0031033	-
h1SMnG0031034	-
h1SMnG0031035	-
h1SMnG0031036	-
h1SMnG0031037	-
h1SMnG0031038	-
h1SMnG0031039	-
h1SMnG0031040	-
h1SMnG0031041	-
h1SMnG0031042	-
h1SMnG0031043	-
h1SMnG0031044	Z
h1SMnG0031045	-
h1SMnG0031046	-
h1SMnG0031047	-
h1SMnG0031048	-
h1SMnG0031049	-
h1SMnG0031050	-
h1SMnG0031051	-
h1SMnG0031052	-
h1SMnG0031053	-
h1SMnG0031054	-
h1SMnG0031055	-
h1SMnG0031056	-
h1SMnG0031057	-
h1SMnG0031058	-
h1SMnG0031059	-
h1SMnG0031060	-
h1SMnG0031061	-
h1SMnG0031062	-
h1SMnG0031063	-
h1SMnG0031064	-
h1SMnG0031065	-
h1SMnG0031066	-
h1SMnG0031067	-
h1SMnG0031068	-
h1SMnG0031069	S
h1SMnG0031070	-
h1SMnG0031071	-
h1SMnG0031072	-
h1SMnG0031073	-
h1SMnG0031074	-
h1SMnG0031075	-
h1SMnG0031076	-
h1SMnG0031077	-
h1SMnG0031078	-
h1SMnG0031079	-
h1SMnG0031080	-
h1SMnG0031081	-
h1SMnG0031082	-
h1SMnG0031083	-
h1SMnG0031084	-
h1SMnG0031085	-
h1SMnG0031086	-
h1SMnG0031087	-
h1SMnG0031088	-
h1SMnG0031089	-
h1SMnG0031090	-
h1SMnG0031091	-
h1SMnG0031092	-
h1SMnG0031093	-
h1SMnG0031094	-
h1SMnG0031095	-
h1SMnG0031096	-
h1SMnG0031097	-
h1SMnG0031098	-
h1SMnG0031099	-
h1SMnG0031100	-
h1SMnG0031101	-
h1SMnG0031102	-
h1SMnG0031103	-
h1SMnG0031104	-
h1SMnG0031105	-
h1SMnG0031106	-
h1SMnG0031107	-
h1SMnG0031108	-
h1SMnG0031109	-
h1SMnG0031110	-
h1SMnG0031111	-
h1SMnG0031112	-
h1SMnG0031113	-
h1SMnG0031114	-
h1SMnG0031115	-
h1SMnG0031116	-
h1SMnG0031117	-
h1SMnG0031118	-
h1SMnG0031119	-
h1SMnG0031120	-
h1SMnG0031121	-
h1SMnG0031122	-
h1SMnG0031123	-
h1SMnG0031124	-
h1SMnG0031125	-
h1SMnG0031126	-
h1SMnG0031127	-
h1SMnG0031128	-
h1SMnG0031129	-
h1SMnG0031130	-
h1SMnG0031131	-
h1SMnG0031132	-
h1SMnG0031133	-
h1SMnG0031134	-
h1SMnG0031135	P
h1SMnG0031136	-
h1SMnG0031137	-
h1SMnG0031138	-
h1SMnG0031139	-
h1SMnG0031140	-
h1SMnG0031141	-
h1SMnG0031142	-
h1SMnG0031143	-
h1SMnG0031144	-
h1SMnG0031145	-
h1SMnG0031146	-
h1SMnG0031147	-
h1SMnG0031148	-
h1SMnG0031149	-
h1SMnG0031150	-
h1SMnG0031151	-
h1SMnG0031152	S
h1SMnG0031153	-
h1SMnG0031154	-
h1SMnG0031155	-
h1SMnG0031156	-
h1SMnG0031157	-
h1SMnG0031158	-
h1SMnG0031159	-
h1SMnG0031160	-
h1SMnG0031161	-
h1SMnG0031162	-
h1SMnG0031163	-
h1SMnG0031164	-
h1SMnG0031165	-
h1SMnG0031166	-
h1SMnG0031167	-
h1SMnG0031168	-
h1SMnG0031169	Q
h1SMnG0031170	-
h1SMnG0031171	-
h1SMnG0031172	-
h1SMnG0031173	-
h1SMnG0031174	-
h1SMnG0031175	-
h1SMnG0031176	-
h1SMnG0031177	-
h1SMnG0031178	-
h1SMnG0031179	-
h1SMnG0031180	-
h1SMnG0031181	-
h1SMnG0031182	-
h1SMnG0031183	-
h1SMnG0031184	-
h1SMnG0031185	-
h1SMnG0031186	-
h1SMnG0031187	C
h1SMnG0031188	-
h1SMnG0031189	-
h1SMnG0031190	-
h1SMnG0031191	-
h1SMnG0031192	-
h1SMnG0031193	-
h1SMnG0031194	-
h1SMnG0031195	-
h1SMnG0031196	-
h1SMnG0031197	-
h1SMnG0031198	-
h1SMnG0031199	-
h1SMnG0031200	-
h1SMnG0031201	-
h1SMnG0031202	-
h1SMnG0031203	-
h1SMnG0031204	-
h1SMnG0031205	-
h1SMnG0031206	-
h1SMnG0031207	-
h1SMnG0031208	-
h1SMnG0031209	-
h1SMnG0031210	O
h1SMnG0031211	-
h1SMnG0031212	-
h1SMnG0031213	-
h1SMnG0031214	-
h1SMnG0031215	-
h1SMnG0031216	-
h1SMnG0031217	-
h1SMnG0031218	-
h1SMnG0031219	-
h1SMnG0031220	-
h1SMnG0031221	-
h1SMnG0031222	-
h1SMnG0031223	-
h1SMnG0031224	-
h1SMnG0031225	-
h1SMnG0031226	-
h1SMnG0031227	-
h1SMnG0031228	-
h1SMnG0031229	-
h1SMnG0031230	-
h1SMnG0031231	-
h1SMnG0031232	-
h1SMnG0031233	-
h1SMnG0031234	-
h1SMnG0031235	-
h1SMnG0031236	-
h1SMnG0031237	-
h1SMnG0031238	-
h1SMnG0031239	-
h1SMnG0031240	-
h1SMnG0031241	-
h1SMnG0031242	-
h1SMnG0031243	-
h1SMnG0031244	-
h1SMnG0031245	-
h1SMnG0031246	-
h1SMnG0031247	-
h1SMnG0031248	-
h1SMnG0031249	-
h1SMnG0031250	-
h1SMnG0031251	-
h1SMnG0031252	-
h1SMnG0031253	-
h1SMnG0031254	-
h1SMnG0031255	-
h1SMnG0031256	-
h1SMnG0031257	-
h1SMnG0031258	-
h1SMnG0031259	-
h1SMnG0031260	-
h1SMnG0031261	-
h1SMnG0031262	-
h1SMnG0031263	-
h1SMnG0031264	-
h1SMnG0031265	-
h1SMnG0031266	-
h1SMnG0031267	-
h1SMnG0031268	-
h1SMnG0031269	-
h1SMnG0031270	-
h1SMnG0031271	-
h1SMnG0031272	-
h1SMnG0031273	-
h1SMnG0031274	-
h1SMnG0031275	-
h1SMnG0031276	-
h1SMnG0031277	-
h1SMnG0031278	-
h1SMnG0031279	-
h1SMnG0031280	-
h1SMnG0031281	-
h1SMnG0031282	-
h1SMnG0031283	-
h1SMnG0031284	-
h1SMnG0031285	-
h1SMnG0031286	-
h1SMnG0031287	U
h1SMnG0031288	-
h1SMnG0031289	-
h1SMnG0031290	-
h1SMnG0031291	-
h1SMnG0031292	-
h1SMnG0031293	-
h1SMnG0031294	-
h1SMnG0031295	-
h1SMnG0031296	-
h1SMnG0031297	-
h1SMnG0031298	-
h1SMnG0031299	-
h1SMnG0031300	-
h1SMnG0031301	-
h1SMnG0031302	-
h1SMnG0031303	-
h1SMnG0031304	-
h1SMnG0031305	-
h1SMnG0031306	S
h1SMnG0031307	-
h1SMnG0031308	-
h1SMnG0031309	-
h1SMnG0031310	-
h1SMnG0031311	-
h1SMnG0031312	-
h1SMnG0031313	-
h1SMnG0031314	-
h1SMnG0031315	-
h1SMnG0031316	-
h1SMnG0031317	-
h1SMnG0031318	-
h1SMnG0031319	-
h1SMnG0031320	-
h1SMnG0031321	-
h1SMnG0031322	-
h1SMnG0031323	-
h1SMnG0031324	-
h1SMnG0031325	-
h1SMnG0031326	-
h1SMnG0031327	-
h1SMnG0031328	-
h1SMnG0031329	-
h1SMnG0031330	-
h1SMnG0031331	-
h1SMnG0031332	-
h1SMnG0031333	-
h1SMnG0031334	-
h1SMnG0031335	-
h1SMnG0031336	-
h1SMnG0031337	-
h1SMnG0031338	-
h1SMnG0031339	-
h1SMnG0031340	-
h1SMnG0031341	-
h1SMnG0031342	-
h1SMnG0031343	KL
h1SMnG0031344	-
h1SMnG0031345	-
h1SMnG0031346	-
h1SMnG0031347	-
h1SMnG0031348	-
h1SMnG0031349	-
h1SMnG0031350	-
h1SMnG0031351	-
h1SMnG0031352	-
h1SMnG0031353	-
h1SMnG0031354	-
h1SMnG0031355	-
h1SMnG0031356	-
h1SMnG0031357	B
h1SMnG0031358	-
h1SMnG0031359	-
h1SMnG0031360	-
h1SMnG0031361	-
h1SMnG0031362	I
h1SMnG0031363	-
h1SMnG0031364	-
h1SMnG0031365	-
h1SMnG0031366	-
h1SMnG0031367	-
h1SMnG0031368	-
h1SMnG0031369	-
h1SMnG0031370	-
h1SMnG0031371	-
h1SMnG0031372	-
h1SMnG0031373	-
h1SMnG0031374	-
h1SMnG0031375	-
h1SMnG0031376	-
h1SMnG0031377	-
h1SMnG0031378	-
h1SMnG0031379	-
h1SMnG0031380	-
h1SMnG0031381	-
h1SMnG0031382	Z
h1SMnG0031383	-
h1SMnG0031384	-
h1SMnG0031385	-
h1SMnG0031386	-
h1SMnG0031387	-
h1SMnG0031388	-
h1SMnG0031389	-
h1SMnG0031390	-
h1SMnG0031391	-
h1SMnG0031392	-
h1SMnG0031393	-
h1SMnG0031394	S
h1SMnG0031395	-
h1SMnG0031396	-
h1SMnG0031397	-
h1SMnG0031398	-
h1SMnG0031399	-
h1SMnG0031400	-
h1SMnG0031401	-
h1SMnG0031402	-
h1SMnG0031403	-
h1SMnG0031404	-
h1SMnG0031405	-
h1SMnG0031406	-
h1SMnG0031407	-
h1SMnG0031408	-
h1SMnG0031409	-
h1SMnG0031410	-
h1SMnG0031411	E
h1SMnG0031412	-
h1SMnG0031413	-
h1SMnG0031414	-
h1SMnG0031415	-
h1SMnG0031416	-
h1SMnG0031417	-
h1SMnG0031418	-
h1SMnG0031419	UY
h1SMnG0031420	-
h1SMnG0031421	-
h1SMnG0031422	-
h1SMnG0031423	-
h1SMnG0031424	-
h1SMnG0031425	-
h1SMnG0031426	-
h1SMnG0031427	-
h1SMnG0031428	-
h1SMnG0031429	-
h1SMnG0031430	-
h1SMnG0031431	-
h1SMnG0031432	-
h1SMnG0031433	-
h1SMnG0031434	-
h1SMnG0031435	-
h1SMnG0031436	-
h1SMnG0031437	-
h1SMnG0031438	-
h1SMnG0031439	-
h1SMnG0031440	-
h1SMnG0031441	-
h1SMnG0031442	-
h1SMnG0031443	-
h1SMnG0031444	-
h1SMnG0031445	-
h1SMnG0031446	-
h1SMnG0031447	-
h1SMnG0031448	-
h1SMnG0031449	-
h1SMnG0031450	-
h1SMnG0031451	-
h1SMnG0031452	-
h1SMnG0031453	-
h1SMnG0031454	-
h1SMnG0031455	-
h1SMnG0031456	-
h1SMnG0031457	-
h1SMnG0031458	-
h1SMnG0031459	-
h1SMnG0031460	-
h1SMnG0031461	-
h1SMnG0031462	-
h1SMnG0031463	-
h1SMnG0031464	-
h1SMnG0031465	-
h1SMnG0031466	-
h1SMnG0031467	-
h1SMnG0031468	-
h1SMnG0031469	-
h1SMnG0031470	-
h1SMnG0031471	-
h1SMnG0031472	-
h1SMnG0031473	-
h1SMnG0031474	-
h1SMnG0031475	-
h1SMnG0031476	-
h1SMnG0031477	-
h1SMnG0031478	-
h1SMnG0031479	-
h1SMnG0031480	-
h1SMnG0031481	-
h1SMnG0031482	-
h1SMnG0031483	-
h1SMnG0031484	-
h1SMnG0031485	-
h1SMnG0031486	-
h1SMnG0031487	-
h1SMnG0031488	-
h1SMnG0031489	-
h1SMnG0031490	-
h1SMnG0031491	-
h1SMnG0031492	-
h1SMnG0031493	-
h1SMnG0031494	-
h1SMnG0031495	-
h1SMnG0031496	-
h1SMnG0031497	-
h1SMnG0031498	-
h1SMnG0031499	-
h1SMnG0031500	-
h1SMnG0031501	-
h1SMnG0031502	-
h1SMnG0031503	-
h1SMnG0031504	-
h1SMnG0031505	-
h1SMnG0031506	-
h1SMnG0031507	-
h1SMnG0031508	-
h1SMnG0031509	-
h1SMnG0031510	-
h1SMnG0031511	-
h1SMnG0031512	-
h1SMnG0031513	-
h1SMnG0031514	-
h1SMnG0031515	-
h1SMnG0031516	-
h1SMnG0031517	S
h1SMnG0031518	-
h1SMnG0031519	-
h1SMnG0031520	-
h1SMnG0031521	S
h1SMnG0031522	-
h1SMnG0031523	-
h1SMnG0031524	-
h1SMnG0031525	-
h1SMnG0031526	-
h1SMnG0031527	-
h1SMnG0031528	-
h1SMnG0031529	-
h1SMnG0031530	-
h1SMnG0031531	-
h1SMnG0031532	-
h1SMnG0031533	-
h1SMnG0031534	-
h1SMnG0031535	-
h1SMnG0031536	-
h1SMnG0031537	-
h1SMnG0031538	-
h1SMnG0031539	-
h1SMnG0031540	-
h1SMnG0031541	-
h1SMnG0031542	-
h1SMnG0031543	-
h1SMnG0031544	-
h1SMnG0031545	-
h1SMnG0031546	-
h1SMnG0031547	-
h1SMnG0031548	-
h1SMnG0031549	-
h1SMnG0031550	-
h1SMnG0031551	-
h1SMnG0031552	-
h1SMnG0031553	-
h1SMnG0031554	-
h1SMnG0031555	-
h1SMnG0031556	-
h1SMnG0031557	-
h1SMnG0031558	-
h1SMnG0031559	-
h1SMnG0031560	-
h1SMnG0031561	-
h1SMnG0031562	-
h1SMnG0031563	-
h1SMnG0031564	-
h1SMnG0031565	-
h1SMnG0031566	-
h1SMnG0031567	-
h1SMnG0031568	-
h1SMnG0031569	-
h1SMnG0031570	-
h1SMnG0031571	-
h1SMnG0031572	-
h1SMnG0031573	-
h1SMnG0031574	-
h1SMnG0031575	-
h1SMnG0031576	-
h1SMnG0031577	-
h1SMnG0031578	-
h1SMnG0031579	-
h1SMnG0031580	-
h1SMnG0031581	-
h1SMnG0031582	-
h1SMnG0031583	-
h1SMnG0031584	-
h1SMnG0031585	-
h1SMnG0031586	-
h1SMnG0031587	-
h1SMnG0031588	-
h1SMnG0031589	-
h1SMnG0031590	-
h1SMnG0031591	-
h1SMnG0031592	-
h1SMnG0031593	-
h1SMnG0031594	-
h1SMnG0031595	-
h1SMnG0031596	-
h1SMnG0031597	-
h1SMnG0031598	-
h1SMnG0031599	-
h1SMnG0031600	-
h1SMnG0031601	-
h1SMnG0031602	-
h1SMnG0031603	-
h1SMnG0031604	-
h1SMnG0031605	-
h1SMnG0031606	-
h1SMnG0031607	-
h1SMnG0031608	-
h1SMnG0031609	-
h1SMnG0031610	-
h1SMnG0031611	-
h1SMnG0031612	-
h1SMnG0031613	-
h1SMnG0031614	-
h1SMnG0031615	-
h1SMnG0031616	-
h1SMnG0031617	-
h1SMnG0031618	T
h1SMnG0031619	-
h1SMnG0031620	-
h1SMnG0031621	-
h1SMnG0031622	-
h1SMnG0031623	-
h1SMnG0031624	-
h1SMnG0031625	-
h1SMnG0031626	-
h1SMnG0031627	-
h1SMnG0031628	-
h1SMnG0031629	-
h1SMnG0031630	-
h1SMnG0031631	-
h1SMnG0031632	-
h1SMnG0031633	-
h1SMnG0031634	-
h1SMnG0031635	-
h1SMnG0031636	-
h1SMnG0031637	-
h1SMnG0031638	-
h1SMnG0031639	-
h1SMnG0031640	-
h1SMnG0031641	-
h1SMnG0031642	-
h1SMnG0031643	-
h1SMnG0031644	-
h1SMnG0031645	-
h1SMnG0031646	-
h1SMnG0031647	-
h1SMnG0031648	-
h1SMnG0031649	-
h1SMnG0031650	-
h1SMnG0031651	-
h1SMnG0031652	-
h1SMnG0031653	-
h1SMnG0031654	-
h1SMnG0031655	-
h1SMnG0031656	-
h1SMnG0031657	-
h1SMnG0031658	-
h1SMnG0031659	-
h1SMnG0031660	-
h1SMnG0031661	-
h1SMnG0031662	-
h1SMnG0031663	-
h1SMnG0031664	-
h1SMnG0031665	-
h1SMnG0031666	-
h1SMnG0031667	-
h1SMnG0031668	-
h1SMnG0031669	-
h1SMnG0031670	-
h1SMnG0031671	-
h1SMnG0031672	-
h1SMnG0031673	-
h1SMnG0031674	-
h1SMnG0031675	-
h1SMnG0031676	-
h1SMnG0031677	-
h1SMnG0031678	-
h1SMnG0031679	-
h1SMnG0031680	-
h1SMnG0031681	-
h1SMnG0031682	-
h1SMnG0031683	-
h1SMnG0031684	-
h1SMnG0031685	-
h1SMnG0031686	-
h1SMnG0031687	-
h1SMnG0031688	-
h1SMnG0031689	-
h1SMnG0031690	-
h1SMnG0031691	-
h1SMnG0031692	A
h1SMnG0031693	-
h1SMnG0031694	-
h1SMnG0031695	-
h1SMnG0031696	O
h1SMnG0031697	-
h1SMnG0031698	-
h1SMnG0031699	-
h1SMnG0031700	-
h1SMnG0031701	-
h1SMnG0031702	-
h1SMnG0031703	-
h1SMnG0031704	-
h1SMnG0031705	-
h1SMnG0031706	-
h1SMnG0031707	-
h1SMnG0031708	-
h1SMnG0031709	-
h1SMnG0031710	-
h1SMnG0031711	-
h1SMnG0031712	-
h1SMnG0031713	-
h1SMnG0031714	G
h1SMnG0031715	-
h1SMnG0031716	-
h1SMnG0031717	-
h1SMnG0031718	-
h1SMnG0031719	-
h1SMnG0031720	-
h1SMnG0031721	-
h1SMnG0031722	-
h1SMnG0031723	-
h1SMnG0031724	-
h1SMnG0031725	-
h1SMnG0031726	-
h1SMnG0031727	-
h1SMnG0031728	-
h1SMnG0031729	-
h1SMnG0031730	-
h1SMnG0031731	-
h1SMnG0031732	-
h1SMnG0031733	-
h1SMnG0031734	-
h1SMnG0031735	-
h1SMnG0031736	-
h1SMnG0031737	-
h1SMnG0031738	-
h1SMnG0031739	-
h1SMnG0031740	-
h1SMnG0031741	-
h1SMnG0031742	-
h1SMnG0031743	-
h1SMnG0031744	-
h1SMnG0031745	-
h1SMnG0031746	-
h1SMnG0031747	-
h1SMnG0031748	-
h1SMnG0031749	-
h1SMnG0031750	-
h1SMnG0031751	Q
h1SMnG0031752	-
h1SMnG0031753	-
h1SMnG0031754	-
h1SMnG0031755	-
h1SMnG0031756	-
h1SMnG0031757	-
h1SMnG0031758	-
h1SMnG0031759	-
h1SMnG0031760	-
h1SMnG0031761	-
h1SMnG0031762	-
h1SMnG0031763	-
h1SMnG0031764	-
h1SMnG0031765	-
h1SMnG0031766	-
h1SMnG0031767	-
h1SMnG0031768	-
h1SMnG0031769	-
h1SMnG0031770	-
h1SMnG0031771	-
h1SMnG0031772	IQ
h1SMnG0031773	-
h1SMnG0031774	-
h1SMnG0031775	-
h1SMnG0031776	-
h1SMnG0031777	K
h1SMnG0031778	-
h1SMnG0031779	-
h1SMnG0031780	-
h1SMnG0031781	-
h1SMnG0031782	-
h1SMnG0031783	-
h1SMnG0031784	-
h1SMnG0031785	-
h1SMnG0031786	-
h1SMnG0031787	-
h1SMnG0031788	-
h1SMnG0031789	-
h1SMnG0031790	-
h1SMnG0031791	-
h1SMnG0031792	-
h1SMnG0031793	-
h1SMnG0031794	-
h1SMnG0031795	-
h1SMnG0031796	-
h1SMnG0031797	-
h1SMnG0031798	-
h1SMnG0031799	-
h1SMnG0031800	-
h1SMnG0031801	-
h1SMnG0031802	-
h1SMnG0031803	-
h1SMnG0031804	-
h1SMnG0031805	-
h1SMnG0031806	-
h1SMnG0031807	-
h1SMnG0031808	-
h1SMnG0031809	-
h1SMnG0031810	-
h1SMnG0031811	-
h1SMnG0031812	-
h1SMnG0031813	J
h1SMnG0031814	-
h1SMnG0031815	-
h1SMnG0031816	-
h1SMnG0031817	-
h1SMnG0031818	-
h1SMnG0031819	-
h1SMnG0031820	-
h1SMnG0031821	-
h1SMnG0031822	-
h1SMnG0031823	-
h1SMnG0031824	-
h1SMnG0031825	-
h1SMnG0031826	-
h1SMnG0031827	-
h1SMnG0031828	-
h1SMnG0031829	-
h1SMnG0031830	S
h1SMnG0031831	-
h1SMnG0031832	-
h1SMnG0031833	-
h1SMnG0031834	-
h1SMnG0031835	-
h1SMnG0031836	-
h1SMnG0031837	-
h1SMnG0031838	-
h1SMnG0031839	-
h1SMnG0031840	-
h1SMnG0031841	-
h1SMnG0031842	-
h1SMnG0031843	-
h1SMnG0031844	-
h1SMnG0031845	-
h1SMnG0031846	-
h1SMnG0031847	-
h1SMnG0031848	-
h1SMnG0031849	-
h1SMnG0031850	-
h1SMnG0031851	-
h1SMnG0031852	-
h1SMnG0031853	-
h1SMnG0031854	-
h1SMnG0031855	-
h1SMnG0031856	-
h1SMnG0031857	-
h1SMnG0031858	-
h1SMnG0031859	-
h1SMnG0031860	-
h1SMnG0031861	-
h1SMnG0031862	-
h1SMnG0031863	-
h1SMnG0031864	Q
h1SMnG0031865	-
h1SMnG0031866	-
h1SMnG0031867	-
h1SMnG0031868	-
h1SMnG0031869	-
h1SMnG0031870	-
h1SMnG0031871	-
h1SMnG0031872	-
h1SMnG0031873	-
h1SMnG0031874	-
h1SMnG0031875	-
h1SMnG0031876	-
h1SMnG0031877	-
h1SMnG0031878	-
h1SMnG0031879	-
h1SMnG0031880	-
h1SMnG0031881	-
h1SMnG0031882	-
h1SMnG0031883	-
h1SMnG0031884	-
h1SMnG0031885	-
h1SMnG0031886	-
h1SMnG0031887	J
h1SMnG0031888	-
h1SMnG0031889	-
h1SMnG0031890	-
h1SMnG0031891	-
h1SMnG0031892	-
h1SMnG0031893	-
h1SMnG0031894	-
h1SMnG0031895	-
h1SMnG0031896	-
h1SMnG0031897	-
h1SMnG0031898	-
h1SMnG0031899	-
h1SMnG0031900	-
h1SMnG0031901	-
h1SMnG0031902	-
h1SMnG0031903	-
h1SMnG0031904	S
h1SMnG0031905	-
h1SMnG0031906	-
h1SMnG0031907	-
h1SMnG0031908	-
h1SMnG0031909	-
h1SMnG0031910	-
h1SMnG0031911	-
h1SMnG0031912	-
h1SMnG0031913	-
h1SMnG0031914	-
h1SMnG0031915	-
h1SMnG0031916	-
h1SMnG0031917	-
h1SMnG0031918	-
h1SMnG0031919	-
h1SMnG0031920	-
h1SMnG0031921	-
h1SMnG0031922	-
h1SMnG0031923	-
h1SMnG0031924	-
h1SMnG0031925	-
h1SMnG0031926	-
h1SMnG0031927	S
h1SMnG0031928	-
h1SMnG0031929	-
h1SMnG0031930	-
h1SMnG0031931	-
h1SMnG0031932	-
h1SMnG0031933	O
h1SMnG0031934	-
h1SMnG0031935	-
h1SMnG0031936	-
h1SMnG0031937	-
h1SMnG0031938	-
h1SMnG0031939	-
h1SMnG0031940	-
h1SMnG0031941	-
h1SMnG0031942	-
h1SMnG0031943	-
h1SMnG0031944	-
h1SMnG0031945	-
h1SMnG0031946	-
h1SMnG0031947	-
h1SMnG0031948	-
h1SMnG0031949	Z
h1SMnG0031950	-
h1SMnG0031951	-
h1SMnG0031952	-
h1SMnG0031953	-
h1SMnG0031954	-
h1SMnG0031955	-
h1SMnG0031956	-
h1SMnG0031957	-
h1SMnG0031958	-
h1SMnG0031959	-
h1SMnG0031960	-
h1SMnG0031961	-
h1SMnG0031962	-
h1SMnG0031963	-
h1SMnG0031964	-
h1SMnG0031965	-
h1SMnG0031966	-
h1SMnG0031967	-
h1SMnG0031968	-
h1SMnG0031969	-
h1SMnG0031970	-
h1SMnG0031971	-
h1SMnG0031972	-
h1SMnG0031973	-
h1SMnG0031974	-
h1SMnG0031975	-
h1SMnG0031976	-
h1SMnG0031977	-
h1SMnG0031978	-
h1SMnG0031979	-
h1SMnG0031980	-
h1SMnG0031981	-
h1SMnG0031982	-
h1SMnG0031983	-
h1SMnG0031984	-
h1SMnG0031985	-
h1SMnG0031986	-
h1SMnG0031987	-
h1SMnG0031988	I
h1SMnG0031989	-
h1SMnG0031990	-
h1SMnG0031991	-
h1SMnG0031992	-
h1SMnG0031993	I
h1SMnG0031994	-
h1SMnG0031995	-
h1SMnG0031996	-
h1SMnG0031997	-
h1SMnG0031998	-
h1SMnG0031999	-
h1SMnG0032000	-
h1SMnG0032001	-
h1SMnG0032002	-
h1SMnG0032003	-
h1SMnG0032004	-
h1SMnG0032005	-
h1SMnG0032006	-
h1SMnG0032007	-
h1SMnG0032008	-
h1SMnG0032009	-
h1SMnG0032010	-
h1SMnG0032011	-
h1SMnG0032012	-
h1SMnG0032013	-
h1SMnG0032014	-
h1SMnG0032015	-
h1SMnG0032016	-
h1SMnG0032017	-
h1SMnG0032018	-
h1SMnG0032019	-
h1SMnG0032020	-
h1SMnG0032021	-
h1SMnG0032022	-
h1SMnG0032023	-
h1SMnG0032024	-
h1SMnG0032025	-
h1SMnG0032026	-
h1SMnG0032027	-
h1SMnG0032028	-
h1SMnG0032029	-
h1SMnG0032030	-
h1SMnG0032031	-
h1SMnG0032032	-
h1SMnG0032033	-
h1SMnG0032034	-
h1SMnG0032035	-
h1SMnG0032036	-
h1SMnG0032037	-
h1SMnG0032038	-
h1SMnG0032039	-
h1SMnG0032040	-
h1SMnG0032041	Z
h1SMnG0032042	-
h1SMnG0032043	-
h1SMnG0032044	-
h1SMnG0032045	-
h1SMnG0032046	-
h1SMnG0032047	-
h1SMnG0032048	-
h1SMnG0032049	-
h1SMnG0032050	-
h1SMnG0032051	-
h1SMnG0032052	-
h1SMnG0032053	-
h1SMnG0032054	-
h1SMnG0032055	-
h1SMnG0032056	-
h1SMnG0032057	-
h1SMnG0032058	-
h1SMnG0032059	-
h1SMnG0032060	-
h1SMnG0032061	-
h1SMnG0032062	-
h1SMnG0032063	-
h1SMnG0032064	-
h1SMnG0032065	-
h1SMnG0032066	-
h1SMnG0032067	-
h1SMnG0032068	-
h1SMnG0032069	-
h1SMnG0032070	-
h1SMnG0032071	-
h1SMnG0032072	-
h1SMnG0032073	-
h1SMnG0032074	-
h1SMnG0032075	-
h1SMnG0032076	-
h1SMnG0032077	-
h1SMnG0032078	-
h1SMnG0032079	-
h1SMnG0032080	-
h1SMnG0032081	-
h1SMnG0032082	-
h1SMnG0032083	-
h1SMnG0032084	-
h1SMnG0032085	-
h1SMnG0032086	-
h1SMnG0032087	-
h1SMnG0032088	-
h1SMnG0032089	-
h1SMnG0032090	-
h1SMnG0032091	-
h1SMnG0032092	S
h1SMnG0032093	-
h1SMnG0032094	-
h1SMnG0032095	-
h1SMnG0032096	T
h1SMnG0032097	-
h1SMnG0032098	-
h1SMnG0032099	-
h1SMnG0032100	T
h1SMnG0032101	-
h1SMnG0032102	-
h1SMnG0032103	-
h1SMnG0032104	-
h1SMnG0032105	-
h1SMnG0032106	-
h1SMnG0032107	-
h1SMnG0032108	-
h1SMnG0032109	-
h1SMnG0032110	-
h1SMnG0032111	-
h1SMnG0032112	-
h1SMnG0032113	-
h1SMnG0032114	-
h1SMnG0032115	-
h1SMnG0032116	-
h1SMnG0032117	-
h1SMnG0032118	-
h1SMnG0032119	-
h1SMnG0032120	-
h1SMnG0032121	-
h1SMnG0032122	-
h1SMnG0032123	-
h1SMnG0032124	-
h1SMnG0032125	-
h1SMnG0032126	-
h1SMnG0032127	-
h1SMnG0032128	-
h1SMnG0032129	-
h1SMnG0032130	-
h1SMnG0032131	-
h1SMnG0032132	-
h1SMnG0032133	-
h1SMnG0032134	-
h1SMnG0032135	-
h1SMnG0032136	-
h1SMnG0032137	-
h1SMnG0032138	-
h1SMnG0032139	-
h1SMnG0032140	-
h1SMnG0032141	-
h1SMnG0032142	-
h1SMnG0032143	-
h1SMnG0032144	-
h1SMnG0032145	-
h1SMnG0032146	-
h1SMnG0032147	-
h1SMnG0032148	-
h1SMnG0032149	-
h1SMnG0032150	-
h1SMnG0032151	-
h1SMnG0032152	-
h1SMnG0032153	-
h1SMnG0032154	-
h1SMnG0032155	-
h1SMnG0032156	-
h1SMnG0032157	-
h1SMnG0032158	-
h1SMnG0032159	-
h1SMnG0032160	-
h1SMnG0032161	-
h1SMnG0032162	-
h1SMnG0032163	-
h1SMnG0032164	-
h1SMnG0032165	L
h1SMnG0032166	-
h1SMnG0032167	-
h1SMnG0032168	-
h1SMnG0032169	-
h1SMnG0032170	-
h1SMnG0032171	-
h1SMnG0032172	-
h1SMnG0032173	-
h1SMnG0032174	-
h1SMnG0032175	-
h1SMnG0032176	-
h1SMnG0032177	-
h1SMnG0032178	-
h1SMnG0032179	-
h1SMnG0032180	-
h1SMnG0032181	-
h1SMnG0032182	-
h1SMnG0032183	-
h1SMnG0032184	-
h1SMnG0032185	-
h1SMnG0032186	-
h1SMnG0032187	-
h1SMnG0032188	-
h1SMnG0032189	-
h1SMnG0032190	-
h1SMnG0032191	-
h1SMnG0032192	-
h1SMnG0032193	-
h1SMnG0032194	-
h1SMnG0032195	-
h1SMnG0032196	-
h1SMnG0032197	-
h1SMnG0032198	-
h1SMnG0032199	-
h1SMnG0032200	-
h1SMnG0032201	-
h1SMnG0032202	-
h1SMnG0032203	-
h1SMnG0032204	-
h1SMnG0032205	-
h1SMnG0032206	-
h1SMnG0032207	-
h1SMnG0032208	-
h1SMnG0032209	-
h1SMnG0032210	-
h1SMnG0032211	-
h1SMnG0032212	-
h1SMnG0032213	-
h1SMnG0032214	K
h1SMnG0032215	-
h1SMnG0032216	-
h1SMnG0032217	-
h1SMnG0032218	-
h1SMnG0032219	S
h1SMnG0032220	-
h1SMnG0032221	-
h1SMnG0032222	-
h1SMnG0032223	-
h1SMnG0032224	-
h1SMnG0032225	-
h1SMnG0032226	-
h1SMnG0032227	-
h1SMnG0032228	-
h1SMnG0032229	-
h1SMnG0032230	-
h1SMnG0032231	-
h1SMnG0032232	-
h1SMnG0032233	-
h1SMnG0032234	-
h1SMnG0032235	-
h1SMnG0032236	-
h1SMnG0032237	GI
h1SMnG0032238	-
h1SMnG0032239	-
h1SMnG0032240	-
h1SMnG0032241	-
h1SMnG0032242	-
h1SMnG0032243	GI
h1SMnG0032244	-
h1SMnG0032245	-
h1SMnG0032246	-
h1SMnG0032247	-
h1SMnG0032248	-
h1SMnG0032249	-
h1SMnG0032250	-
h1SMnG0032251	-
h1SMnG0032252	-
h1SMnG0032253	-
h1SMnG0032254	-
h1SMnG0032255	-
h1SMnG0032256	-
h1SMnG0032257	-
h1SMnG0032258	-
h1SMnG0032259	-
h1SMnG0032260	-
h1SMnG0032261	-
h1SMnG0032262	-
h1SMnG0032263	-
h1SMnG0032264	-
h1SMnG0032265	-
h1SMnG0032266	-
h1SMnG0032267	-
h1SMnG0032268	-
h1SMnG0032269	-
h1SMnG0032270	-
h1SMnG0032271	-
h1SMnG0032272	-
h1SMnG0032273	-
h1SMnG0032274	-
h1SMnG0032275	-
h1SMnG0032276	-
h1SMnG0032277	-
h1SMnG0032278	-
h1SMnG0032279	-
h1SMnG0032280	A
h1SMnG0032281	-
h1SMnG0032282	-
h1SMnG0032283	-
h1SMnG0032284	-
h1SMnG0032285	-
h1SMnG0032286	U
h1SMnG0032287	U
h1SMnG0032288	-
h1SMnG0032289	-
h1SMnG0032290	-
h1SMnG0032291	-
h1SMnG0032292	-
h1SMnG0032293	-
h1SMnG0032294	-
h1SMnG0032295	-
h1SMnG0032296	-
h1SMnG0032297	-
h1SMnG0032298	-
h1SMnG0032299	-
h1SMnG0032300	-
h1SMnG0032301	-
h1SMnG0032302	-
h1SMnG0032303	-
h1SMnG0032304	-
h1SMnG0032305	-
h1SMnG0032306	-
h1SMnG0032307	-
h1SMnG0032308	-
h1SMnG0032309	-
h1SMnG0032310	-
h1SMnG0032311	-
h1SMnG0032312	-
h1SMnG0032313	-
h1SMnG0032314	-
h1SMnG0032315	BT
h1SMnG0032316	-
h1SMnG0032317	-
h1SMnG0032318	-
h1SMnG0032319	-
h1SMnG0032320	-
h1SMnG0032321	-
h1SMnG0032322	-
h1SMnG0032323	-
h1SMnG0032324	-
h1SMnG0032325	-
h1SMnG0032326	-
h1SMnG0032327	-
h1SMnG0032328	-
h1SMnG0032329	-
h1SMnG0032330	-
h1SMnG0032331	-
h1SMnG0032332	-
h1SMnG0032333	-
h1SMnG0032334	-
h1SMnG0032335	-
h1SMnG0032336	-
h1SMnG0032337	-
h1SMnG0032338	S
h1SMnG0032339	-
h1SMnG0032340	-
h1SMnG0032341	-
h1SMnG0032342	-
h1SMnG0032343	-
h1SMnG0032344	-
h1SMnG0032345	-
h1SMnG0032346	-
h1SMnG0032347	-
h1SMnG0032348	-
h1SMnG0032349	-
h1SMnG0032350	-
h1SMnG0032351	-
h1SMnG0032352	-
h1SMnG0032353	-
h1SMnG0032354	-
h1SMnG0032355	-
h1SMnG0032356	-
h1SMnG0032357	-
h1SMnG0032358	-
h1SMnG0032359	-
h1SMnG0032360	-
h1SMnG0032361	-
h1SMnG0032362	-
h1SMnG0032363	-
h1SMnG0032364	-
h1SMnG0032365	-
h1SMnG0032366	-
h1SMnG0032367	-
h1SMnG0032368	-
h1SMnG0032369	-
h1SMnG0032370	M
h1SMnG0032371	M
h1SMnG0032372	-
h1SMnG0032373	-
h1SMnG0032374	-
h1SMnG0032375	-
h1SMnG0032376	-
h1SMnG0032377	-
h1SMnG0032378	-
h1SMnG0032379	-
h1SMnG0032380	-
h1SMnG0032381	-
h1SMnG0032382	-
h1SMnG0032383	-
h1SMnG0032384	-
h1SMnG0032385	-
h1SMnG0032386	-
h1SMnG0032387	-
h1SMnG0032388	-
h1SMnG0032389	-
h1SMnG0032390	-
h1SMnG0032391	-
h1SMnG0032392	U
h1SMnG0032393	-
h1SMnG0032394	-
h1SMnG0032395	-
h1SMnG0032396	-
h1SMnG0032397	-
h1SMnG0032398	-
h1SMnG0032399	-
h1SMnG0032400	-
h1SMnG0032401	-
h1SMnG0032402	-
h1SMnG0032403	-
h1SMnG0032404	-
h1SMnG0032405	-
h1SMnG0032406	-
h1SMnG0032407	-
h1SMnG0032408	-
h1SMnG0032409	-
h1SMnG0032410	T
h1SMnG0032411	-
h1SMnG0032412	-
h1SMnG0032413	-
h1SMnG0032414	-
h1SMnG0032415	-
h1SMnG0032416	-
h1SMnG0032417	-
h1SMnG0032418	-
h1SMnG0032419	G
h1SMnG0032420	-
h1SMnG0032421	-
h1SMnG0032422	L
h1SMnG0032423	-
h1SMnG0032424	-
h1SMnG0032425	-
h1SMnG0032426	-
h1SMnG0032427	-
h1SMnG0032428	-
h1SMnG0032429	-
h1SMnG0032430	-
h1SMnG0032431	-
h1SMnG0032432	-
h1SMnG0032433	-
h1SMnG0032434	-
h1SMnG0032435	-
h1SMnG0032436	-
h1SMnG0032437	-
h1SMnG0032438	-
h1SMnG0032439	-
h1SMnG0032440	-
h1SMnG0032441	-
h1SMnG0032442	-
h1SMnG0032443	-
h1SMnG0032444	-
h1SMnG0032445	-
h1SMnG0032446	-
h1SMnG0032447	-
h1SMnG0032448	-
h1SMnG0032449	-
h1SMnG0032450	-
h1SMnG0032451	-
h1SMnG0032452	-
h1SMnG0032453	-
h1SMnG0032454	-
h1SMnG0032455	-
h1SMnG0032456	-
h1SMnG0032457	-
h1SMnG0032458	-
h1SMnG0032459	-
h1SMnG0032460	-
h1SMnG0032461	-
h1SMnG0032462	-
h1SMnG0032463	-
h1SMnG0032464	-
h1SMnG0032465	-
h1SMnG0032466	-
h1SMnG0032467	S
h1SMnG0032468	-
h1SMnG0032469	-
h1SMnG0032470	-
h1SMnG0032471	-
h1SMnG0032472	-
h1SMnG0032473	-
h1SMnG0032474	-
h1SMnG0032475	-
h1SMnG0032476	-
h1SMnG0032477	-
h1SMnG0032478	-
h1SMnG0032479	-
h1SMnG0032480	-
h1SMnG0032481	-
h1SMnG0032482	-
h1SMnG0032483	-
h1SMnG0032484	-
h1SMnG0032485	S
h1SMnG0032486	-
h1SMnG0032487	-
h1SMnG0032488	-
h1SMnG0032489	F
h1SMnG0032490	-
h1SMnG0032491	-
h1SMnG0032492	-
h1SMnG0032493	-
h1SMnG0032494	-
h1SMnG0032495	-
h1SMnG0032496	-
h1SMnG0032497	-
h1SMnG0032498	-
h1SMnG0032499	-
h1SMnG0032500	-
h1SMnG0032501	-
h1SMnG0032502	-
h1SMnG0032503	-
h1SMnG0032504	-
h1SMnG0032505	-
h1SMnG0032506	-
h1SMnG0032507	-
h1SMnG0032508	-
h1SMnG0032509	-
h1SMnG0032510	-
h1SMnG0032511	-
h1SMnG0032512	-
h1SMnG0032513	-
h1SMnG0032514	-
h1SMnG0032515	-
h1SMnG0032516	-
h1SMnG0032517	-
h1SMnG0032518	-
h1SMnG0032519	-
h1SMnG0032520	-
h1SMnG0032521	-
h1SMnG0032522	-
h1SMnG0032523	-
h1SMnG0032524	-
h1SMnG0032525	-
h1SMnG0032526	-
h1SMnG0032527	-
h1SMnG0032528	C
h1SMnG0032529	-
h1SMnG0032530	-
h1SMnG0032531	T
h1SMnG0032532	-
h1SMnG0032533	-
h1SMnG0032534	-
h1SMnG0032535	-
h1SMnG0032536	-
h1SMnG0032537	-
h1SMnG0032538	-
h1SMnG0032539	-
h1SMnG0032540	-
h1SMnG0032541	-
h1SMnG0032542	-
h1SMnG0032543	-
h1SMnG0032544	-
h1SMnG0032545	-
h1SMnG0032546	-
h1SMnG0032547	-
h1SMnG0032548	-
h1SMnG0032549	-
h1SMnG0032550	-
h1SMnG0032551	-
h1SMnG0032552	-
h1SMnG0032553	-
h1SMnG0032554	S
h1SMnG0032555	-
h1SMnG0032556	S
h1SMnG0032557	-
h1SMnG0032558	-
h1SMnG0032559	T
h1SMnG0032560	-
h1SMnG0032561	S
h1SMnG0032562	J
h1SMnG0032563	-
h1SMnG0032564	-
h1SMnG0032565	-
h1SMnG0032566	-
h1SMnG0032567	-
h1SMnG0032568	-
h1SMnG0032569	-
h1SMnG0032570	-
h1SMnG0032571	-
h1SMnG0032572	-
h1SMnG0032573	-
h1SMnG0032574	-
h1SMnG0032575	C
h1SMnG0032576	S
h1SMnG0032577	-
h1SMnG0032578	-
h1SMnG0032579	-
h1SMnG0032580	-
h1SMnG0032581	-
h1SMnG0032582	-
h1SMnG0032583	-
h1SMnG0032584	-
h1SMnG0032585	-
h1SMnG0032586	-
h1SMnG0032587	-
h1SMnG0032588	-
h1SMnG0032589	-
h1SMnG0032590	-
h1SMnG0032591	-
h1SMnG0032592	-
h1SMnG0032593	-
h1SMnG0032594	-
h1SMnG0032595	-
h1SMnG0032596	-
h1SMnG0032597	-
h1SMnG0032598	-
h1SMnG0032599	-
h1SMnG0032600	-
h1SMnG0032601	-
h1SMnG0032602	-
h1SMnG0032603	-
h1SMnG0032604	-
h1SMnG0032605	-
h1SMnG0032606	-
h1SMnG0032607	-
h1SMnG0032608	-
h1SMnG0032609	-
h1SMnG0032610	-
h1SMnG0032611	-
h1SMnG0032612	-
h1SMnG0032613	-
h1SMnG0032614	-
h1SMnG0032615	-
h1SMnG0032616	-
h1SMnG0032617	-
h1SMnG0032618	-
h1SMnG0032619	-
h1SMnG0032620	-
h1SMnG0032621	-
h1SMnG0032622	-
h1SMnG0032623	-
h1SMnG0032624	-
h1SMnG0032625	-
h1SMnG0032626	-
h1SMnG0032627	-
h1SMnG0032628	-
h1SMnG0032629	-
h1SMnG0032630	-
h1SMnG0032631	-
h1SMnG0032632	-
h1SMnG0032633	-
h1SMnG0032634	-
h1SMnG0032635	-
h1SMnG0032636	-
h1SMnG0032637	-
h1SMnG0032638	-
h1SMnG0032639	-
h1SMnG0032640	-
h1SMnG0032641	-
h1SMnG0032642	-
h1SMnG0032643	-
h1SMnG0032644	-
h1SMnG0032645	-
h1SMnG0032646	-
h1SMnG0032647	-
h1SMnG0032648	-
h1SMnG0032649	-
h1SMnG0032650	-
h1SMnG0032651	-
h1SMnG0032652	U
h1SMnG0032653	-
h1SMnG0032654	-
h1SMnG0032655	-
h1SMnG0032656	-
h1SMnG0032657	-
h1SMnG0032658	-
h1SMnG0032659	-
h1SMnG0032660	-
h1SMnG0032661	-
h1SMnG0032662	-
h1SMnG0032663	-
h1SMnG0032664	-
h1SMnG0032665	-
h1SMnG0032666	-
h1SMnG0032667	-
h1SMnG0032668	-
h1SMnG0032669	-
h1SMnG0032670	-
h1SMnG0032671	-
h1SMnG0032672	-
h1SMnG0032673	-
h1SMnG0032674	-
h1SMnG0032675	-
h1SMnG0032676	-
h1SMnG0032677	-
h1SMnG0032678	-
h1SMnG0032679	-
h1SMnG0032680	-
h1SMnG0032681	-
h1SMnG0032682	-
h1SMnG0032683	-
h1SMnG0032684	-
h1SMnG0032685	-
h1SMnG0032686	-
h1SMnG0032687	-
h1SMnG0032688	-
h1SMnG0032689	-
h1SMnG0032690	-
h1SMnG0032691	-
h1SMnG0032692	-
h1SMnG0032693	-
h1SMnG0032694	-
h1SMnG0032695	-
h1SMnG0032696	-
h1SMnG0032697	-
h1SMnG0032698	-
h1SMnG0032699	O
h1SMnG0032700	-
h1SMnG0032701	-
h1SMnG0032702	-
h1SMnG0032703	-
h1SMnG0032704	-
h1SMnG0032705	-
h1SMnG0032706	-
h1SMnG0032707	-
h1SMnG0032708	-
h1SMnG0032709	-
h1SMnG0032710	-
h1SMnG0032711	-
h1SMnG0032712	-
h1SMnG0032713	Z
h1SMnG0032714	-
h1SMnG0032715	-
h1SMnG0032716	-
h1SMnG0032717	-
h1SMnG0032718	-
h1SMnG0032719	-
h1SMnG0032720	-
h1SMnG0032721	S
h1SMnG0032722	-
h1SMnG0032723	S
h1SMnG0032724	-
h1SMnG0032725	-
h1SMnG0032726	-
h1SMnG0032727	-
h1SMnG0032728	-
h1SMnG0032729	-
h1SMnG0032730	-
h1SMnG0032731	-
h1SMnG0032732	-
h1SMnG0032733	-
h1SMnG0032734	-
h1SMnG0032735	-
h1SMnG0032736	-
h1SMnG0032737	-
h1SMnG0032738	-
h1SMnG0032739	-
h1SMnG0032740	-
h1SMnG0032741	-
h1SMnG0032742	-
h1SMnG0032743	-
h1SMnG0032744	-
h1SMnG0032745	-
h1SMnG0032746	-
h1SMnG0032747	-
h1SMnG0032748	-
h1SMnG0032749	-
h1SMnG0032750	-
h1SMnG0032751	-
h1SMnG0032752	-
h1SMnG0032753	-
h1SMnG0032754	J
h1SMnG0032755	-
h1SMnG0032756	-
h1SMnG0032757	-
h1SMnG0032758	-
h1SMnG0032759	-
h1SMnG0032760	-
h1SMnG0032761	S
h1SMnG0032762	-
h1SMnG0032763	-
h1SMnG0032764	-
h1SMnG0032765	-
h1SMnG0032766	-
h1SMnG0032767	-
h1SMnG0032768	-
h1SMnG0032769	-
h1SMnG0032770	-
h1SMnG0032771	-
h1SMnG0032772	-
h1SMnG0032773	-
h1SMnG0032774	-
h1SMnG0032775	-
h1SMnG0032776	-
h1SMnG0032777	-
h1SMnG0032778	-
h1SMnG0032779	-
h1SMnG0032780	-
h1SMnG0032781	-
h1SMnG0032782	-
h1SMnG0032783	-
h1SMnG0032784	-
h1SMnG0032785	-
h1SMnG0032786	-
h1SMnG0032787	-
h1SMnG0032788	-
h1SMnG0032789	-
h1SMnG0032790	-
h1SMnG0032791	-
h1SMnG0032792	-
h1SMnG0032793	-
h1SMnG0032794	-
h1SMnG0032795	-
h1SMnG0032796	-
h1SMnG0032797	-
h1SMnG0032798	-
h1SMnG0032799	-
h1SMnG0032800	-
h1SMnG0032801	-
h1SMnG0032802	-
h1SMnG0032803	-
h1SMnG0032804	-
h1SMnG0032805	-
h1SMnG0032806	-
h1SMnG0032807	BD
h1SMnG0032808	-
h1SMnG0032809	-
h1SMnG0032810	-
h1SMnG0032811	-
h1SMnG0032812	-
h1SMnG0032813	O
h1SMnG0032814	-
h1SMnG0032815	-
h1SMnG0032816	-
h1SMnG0032817	O
h1SMnG0032818	-
h1SMnG0032819	-
h1SMnG0032820	-
h1SMnG0032821	-
h1SMnG0032822	-
h1SMnG0032823	-
h1SMnG0032824	-
h1SMnG0032825	-
h1SMnG0032826	-
h1SMnG0032827	-
h1SMnG0032828	-
h1SMnG0032829	-
h1SMnG0032830	-
h1SMnG0032831	-
h1SMnG0032832	-
h1SMnG0032833	-
h1SMnG0032834	-
h1SMnG0032835	-
h1SMnG0032836	-
h1SMnG0032837	-
h1SMnG0032838	T
h1SMnG0032839	-
h1SMnG0032840	-
h1SMnG0032841	-
h1SMnG0032842	-
h1SMnG0032843	-
h1SMnG0032844	-
h1SMnG0032845	-
h1SMnG0032846	-
h1SMnG0032847	-
h1SMnG0032848	-
h1SMnG0032849	-
h1SMnG0032850	-
h1SMnG0032851	-
h1SMnG0032852	-
h1SMnG0032853	-
h1SMnG0032854	-
h1SMnG0032855	-
h1SMnG0032856	-
h1SMnG0032857	-
h1SMnG0032858	-
h1SMnG0032859	-
h1SMnG0032860	-
h1SMnG0032861	-
h1SMnG0032862	-
h1SMnG0032863	-
h1SMnG0032864	-
h1SMnG0032865	-
h1SMnG0032866	-
h1SMnG0032867	-
h1SMnG0032868	-
h1SMnG0032869	-
h1SMnG0032870	-
h1SMnG0032871	DZ
h1SMnG0032872	-
h1SMnG0032873	-
h1SMnG0032874	-
h1SMnG0032875	-
h1SMnG0032876	Z
h1SMnG0032877	-
h1SMnG0032878	-
h1SMnG0032879	-
h1SMnG0032880	-
h1SMnG0032881	-
h1SMnG0032882	-
h1SMnG0032883	-
h1SMnG0032884	-
h1SMnG0032885	-
h1SMnG0032886	-
h1SMnG0032887	S
h1SMnG0032888	-
h1SMnG0032889	-
h1SMnG0032890	-
h1SMnG0032891	-
h1SMnG0032892	-
h1SMnG0032893	-
h1SMnG0032894	-
h1SMnG0032895	-
h1SMnG0032896	-
h1SMnG0032897	-
h1SMnG0032898	-
h1SMnG0032899	-
h1SMnG0032900	-
h1SMnG0032901	-
h1SMnG0032902	-
h1SMnG0032903	-
h1SMnG0032904	-
h1SMnG0032905	-
h1SMnG0032906	S
h1SMnG0032907	-
h1SMnG0032908	-
h1SMnG0032909	-
h1SMnG0032910	-
h1SMnG0032911	-
h1SMnG0032912	-
h1SMnG0032913	-
h1SMnG0032914	-
h1SMnG0032915	-
h1SMnG0032916	-
h1SMnG0032917	-
h1SMnG0032918	-
h1SMnG0032919	-
h1SMnG0032920	-
h1SMnG0032921	-
h1SMnG0032922	-
h1SMnG0032923	-
h1SMnG0032924	-
h1SMnG0032925	-
h1SMnG0032926	-
h1SMnG0032927	-
h1SMnG0032928	-
h1SMnG0032929	-
h1SMnG0032930	S
h1SMnG0032931	-
h1SMnG0032932	-
h1SMnG0032933	-
h1SMnG0032934	-
h1SMnG0032935	-
h1SMnG0032936	-
h1SMnG0032937	-
h1SMnG0032938	-
h1SMnG0032939	-
h1SMnG0032940	-
h1SMnG0032941	-
h1SMnG0032942	-
h1SMnG0032943	-
h1SMnG0032944	-
h1SMnG0032945	-
h1SMnG0032946	-
h1SMnG0032947	-
h1SMnG0032948	A
h1SMnG0032949	-
h1SMnG0032950	-
h1SMnG0032951	-
h1SMnG0032952	-
h1SMnG0032953	-
h1SMnG0032954	-
h1SMnG0032955	-
h1SMnG0032956	-
h1SMnG0032957	-
h1SMnG0032958	-
h1SMnG0032959	-
h1SMnG0032960	-
h1SMnG0032961	-
h1SMnG0032962	-
h1SMnG0032963	-
h1SMnG0032964	-
h1SMnG0032965	-
h1SMnG0032966	-
h1SMnG0032967	-
h1SMnG0032968	-
h1SMnG0032969	-
h1SMnG0032970	-
h1SMnG0032971	-
h1SMnG0032972	-
h1SMnG0032973	-
h1SMnG0032974	-
h1SMnG0032975	-
h1SMnG0032976	-
h1SMnG0032977	-
h1SMnG0032978	Z
h1SMnG0032979	-
h1SMnG0032980	-
h1SMnG0032981	-
h1SMnG0032982	-
h1SMnG0032983	-
h1SMnG0032984	-
h1SMnG0032985	-
h1SMnG0032986	-
h1SMnG0032987	-
h1SMnG0032988	-
h1SMnG0032989	-
h1SMnG0032990	-
h1SMnG0032991	-
h1SMnG0032992	-
h1SMnG0032993	-
h1SMnG0032994	-
h1SMnG0032995	-
h1SMnG0032996	-
h1SMnG0032997	-
h1SMnG0032998	-
h1SMnG0032999	-
h1SMnG0033000	-
h1SMnG0033001	-
h1SMnG0033002	-
h1SMnG0033003	-
h1SMnG0033004	S
h1SMnG0033005	-
h1SMnG0033006	-
h1SMnG0033007	-
h1SMnG0033008	-
h1SMnG0033009	-
h1SMnG0033010	-
h1SMnG0033011	-
h1SMnG0033012	-
h1SMnG0033013	-
h1SMnG0033014	-
h1SMnG0033015	-
h1SMnG0033016	-
h1SMnG0033017	-
h1SMnG0033018	-
h1SMnG0033019	-
h1SMnG0033020	-
h1SMnG0033021	-
h1SMnG0033022	-
h1SMnG0033023	J
h1SMnG0033024	-
h1SMnG0033025	-
h1SMnG0033026	-
h1SMnG0033027	-
h1SMnG0033028	-
h1SMnG0033029	-
h1SMnG0033030	-
h1SMnG0033031	-
h1SMnG0033032	-
h1SMnG0033033	-
h1SMnG0033034	A
h1SMnG0033035	-
h1SMnG0033036	-
h1SMnG0033037	-
h1SMnG0033038	-
h1SMnG0033039	-
h1SMnG0033040	-
h1SMnG0033041	-
h1SMnG0033042	-
h1SMnG0033043	-
h1SMnG0033044	-
h1SMnG0033045	-
h1SMnG0033046	-
h1SMnG0033047	-
h1SMnG0033048	S
h1SMnG0033049	-
h1SMnG0033050	-
h1SMnG0033051	-
h1SMnG0033052	-
h1SMnG0033053	-
h1SMnG0033054	-
h1SMnG0033055	-
h1SMnG0033056	-
h1SMnG0033057	-
h1SMnG0033058	-
h1SMnG0033059	-
h1SMnG0033060	-
h1SMnG0033061	-
h1SMnG0033062	-
h1SMnG0033063	-
h1SMnG0033064	-
h1SMnG0033065	-
h1SMnG0033066	-
h1SMnG0033067	-
h1SMnG0033068	-
h1SMnG0033069	-
h1SMnG0033070	-
h1SMnG0033071	-
h1SMnG0033072	-
h1SMnG0033073	-
h1SMnG0033074	-
h1SMnG0033075	-
h1SMnG0033076	-
h1SMnG0033077	-
h1SMnG0033078	-
h1SMnG0033079	-
h1SMnG0033080	-
h1SMnG0033081	-
h1SMnG0033082	-
h1SMnG0033083	-
h1SMnG0033084	-
h1SMnG0033085	-
h1SMnG0033086	-
h1SMnG0033087	-
h1SMnG0033088	-
h1SMnG0033089	-
h1SMnG0033090	-
h1SMnG0033091	-
h1SMnG0033092	-
h1SMnG0033093	-
h1SMnG0033094	-
h1SMnG0033095	-
h1SMnG0033096	-
h1SMnG0033097	-
h1SMnG0033098	-
h1SMnG0033099	-
h1SMnG0033100	-
h1SMnG0033101	-
h1SMnG0033102	-
h1SMnG0033103	-
h1SMnG0033104	-
h1SMnG0033105	-
h1SMnG0033106	-
h1SMnG0033107	-
h1SMnG0033108	-
h1SMnG0033109	-
h1SMnG0033110	-
h1SMnG0033111	-
h1SMnG0033112	-
h1SMnG0033113	-
h1SMnG0033114	-
h1SMnG0033115	-
h1SMnG0033116	OT
h1SMnG0033117	-
h1SMnG0033118	-
h1SMnG0033119	-
h1SMnG0033120	-
h1SMnG0033121	-
h1SMnG0033122	-
h1SMnG0033123	-
h1SMnG0033124	-
h1SMnG0033125	-
h1SMnG0033126	-
h1SMnG0033127	-
h1SMnG0033128	-
h1SMnG0033129	-
h1SMnG0033130	-
h1SMnG0033131	-
h1SMnG0033132	-
h1SMnG0033133	-
h1SMnG0033134	-
h1SMnG0033135	-
h1SMnG0033136	-
h1SMnG0033137	-
h1SMnG0033138	-
h1SMnG0033139	T
h1SMnG0033140	-
h1SMnG0033141	-
h1SMnG0033142	-
h1SMnG0033143	-
h1SMnG0033144	-
h1SMnG0033145	-
h1SMnG0033146	-
h1SMnG0033147	-
h1SMnG0033148	-
h1SMnG0033149	-
h1SMnG0033150	-
h1SMnG0033151	-
h1SMnG0033152	-
h1SMnG0033153	-
h1SMnG0033154	-
h1SMnG0033155	-
h1SMnG0033156	-
h1SMnG0033157	-
h1SMnG0033158	-
h1SMnG0033159	-
h1SMnG0033160	-
h1SMnG0033161	-
h1SMnG0033162	-
h1SMnG0033163	-
h1SMnG0033164	-
h1SMnG0033165	-
h1SMnG0033166	-
h1SMnG0033167	-
h1SMnG0033168	-
h1SMnG0033169	-
h1SMnG0033170	-
h1SMnG0033171	-
h1SMnG0033172	-
h1SMnG0033173	-
h1SMnG0033174	-
h1SMnG0033175	-
h1SMnG0033176	-
h1SMnG0033177	-
h1SMnG0033178	-
h1SMnG0033179	-
h1SMnG0033180	-
h1SMnG0033181	-
h1SMnG0033182	-
h1SMnG0033183	-
h1SMnG0033184	-
h1SMnG0033185	-
h1SMnG0033186	-
h1SMnG0033187	-
h1SMnG0033188	-
h1SMnG0033189	-
h1SMnG0033190	-
h1SMnG0033191	-
h1SMnG0033192	-
h1SMnG0033193	-
h1SMnG0033194	-
h1SMnG0033195	-
h1SMnG0033196	-
h1SMnG0033197	-
h1SMnG0033198	-
h1SMnG0033199	-
h1SMnG0033200	-
h1SMnG0033201	-
h1SMnG0033202	-
h1SMnG0033203	-
h1SMnG0033204	-
h1SMnG0033205	-
h1SMnG0033206	-
h1SMnG0033207	-
h1SMnG0033208	-
h1SMnG0033209	-
h1SMnG0033210	-
h1SMnG0033211	-
h1SMnG0033212	-
h1SMnG0033213	-
h1SMnG0033214	-
h1SMnG0033215	-
h1SMnG0033216	-
h1SMnG0033217	-
h1SMnG0033218	-
h1SMnG0033219	-
h1SMnG0033220	-
h1SMnG0033221	-
h1SMnG0033222	-
h1SMnG0033223	-
h1SMnG0033224	-
h1SMnG0033225	-
h1SMnG0033226	-
h1SMnG0033227	-
h1SMnG0033228	-
h1SMnG0033229	O
h1SMnG0033230	-
h1SMnG0033231	-
h1SMnG0033232	-
h1SMnG0033233	-
h1SMnG0033234	-
h1SMnG0033235	-
h1SMnG0033236	-
h1SMnG0033237	-
h1SMnG0033238	-
h1SMnG0033239	-
h1SMnG0033240	-
h1SMnG0033241	-
h1SMnG0033242	-
h1SMnG0033243	-
h1SMnG0033244	-
h1SMnG0033245	-
h1SMnG0033246	-
h1SMnG0033247	-
h1SMnG0033248	-
h1SMnG0033249	-
h1SMnG0033250	-
h1SMnG0033251	-
h1SMnG0033252	-
h1SMnG0033253	-
h1SMnG0033254	-
h1SMnG0033255	-
h1SMnG0033256	-
h1SMnG0033257	-
h1SMnG0033258	-
h1SMnG0033259	-
h1SMnG0033260	-
h1SMnG0033261	-
h1SMnG0033262	-
h1SMnG0033263	-
h1SMnG0033264	-
h1SMnG0033265	-
h1SMnG0033266	-
h1SMnG0033267	S
h1SMnG0033268	-
h1SMnG0033269	-
h1SMnG0033270	-
h1SMnG0033271	-
h1SMnG0033272	-
h1SMnG0033273	-
h1SMnG0033274	-
h1SMnG0033275	-
h1SMnG0033276	-
h1SMnG0033277	-
h1SMnG0033278	-
h1SMnG0033279	-
h1SMnG0033280	-
h1SMnG0033281	J
h1SMnG0033282	S
h1SMnG0033283	-
h1SMnG0033284	-
h1SMnG0033285	-
h1SMnG0033286	-
h1SMnG0033287	-
h1SMnG0033288	-
h1SMnG0033289	ADK
h1SMnG0033290	-
h1SMnG0033291	-
h1SMnG0033292	-
h1SMnG0033293	-
h1SMnG0033294	-
h1SMnG0033295	-
h1SMnG0033296	-
h1SMnG0033297	-
h1SMnG0033298	-
h1SMnG0033299	-
h1SMnG0033300	-
h1SMnG0033301	-
h1SMnG0033302	-
h1SMnG0033303	BD
h1SMnG0033304	-
h1SMnG0033305	-
h1SMnG0033306	-
h1SMnG0033307	-
h1SMnG0033308	-
h1SMnG0033309	-
h1SMnG0033310	-
h1SMnG0033311	-
h1SMnG0033312	-
h1SMnG0033313	-
h1SMnG0033314	-
h1SMnG0033315	-
h1SMnG0033316	-
h1SMnG0033317	-
h1SMnG0033318	-
h1SMnG0033319	-
h1SMnG0033320	-
h1SMnG0033321	-
h1SMnG0033322	-
h1SMnG0033323	-
h1SMnG0033324	-
h1SMnG0033325	-
h1SMnG0033326	-
h1SMnG0033327	-
h1SMnG0033328	-
h1SMnG0033329	-
h1SMnG0033330	-
h1SMnG0033331	-
h1SMnG0033332	-
h1SMnG0033333	-
h1SMnG0033334	-
h1SMnG0033335	-
h1SMnG0033336	-
h1SMnG0033337	-
h1SMnG0033338	-
h1SMnG0033339	-
h1SMnG0033340	-
h1SMnG0033341	-
h1SMnG0033342	-
h1SMnG0033343	-
h1SMnG0033344	-
h1SMnG0033345	-
h1SMnG0033346	-
h1SMnG0033347	U
h1SMnG0033348	-
h1SMnG0033349	-
h1SMnG0033350	-
h1SMnG0033351	-
h1SMnG0033352	-
h1SMnG0033353	-
h1SMnG0033354	-
h1SMnG0033355	-
h1SMnG0033356	-
h1SMnG0033357	S
h1SMnG0033358	-
h1SMnG0033359	-
h1SMnG0033360	-
h1SMnG0033361	-
h1SMnG0033362	-
h1SMnG0033363	-
h1SMnG0033364	-
h1SMnG0033365	-
h1SMnG0033366	-
h1SMnG0033367	-
h1SMnG0033368	-
h1SMnG0033369	-
h1SMnG0033370	-
h1SMnG0033371	-
h1SMnG0033372	-
h1SMnG0033373	-
h1SMnG0033374	-
h1SMnG0033375	-
h1SMnG0033376	-
h1SMnG0033377	-
h1SMnG0033378	-
h1SMnG0033379	-
h1SMnG0033380	-
h1SMnG0033381	-
h1SMnG0033382	-
h1SMnG0033383	-
h1SMnG0033384	Q
h1SMnG0033385	-
h1SMnG0033386	-
h1SMnG0033387	-
h1SMnG0033388	-
h1SMnG0033389	-
h1SMnG0033390	-
h1SMnG0033391	-
h1SMnG0033392	-
h1SMnG0033393	-
h1SMnG0033394	-
h1SMnG0033395	-
h1SMnG0033396	Q
h1SMnG0033397	-
h1SMnG0033398	-
h1SMnG0033399	-
h1SMnG0033400	-
h1SMnG0033401	-
h1SMnG0033402	L
h1SMnG0033403	-
h1SMnG0033404	-
h1SMnG0033405	-
h1SMnG0033406	-
h1SMnG0033407	-
h1SMnG0033408	-
h1SMnG0033409	-
h1SMnG0033410	-
h1SMnG0033411	U
h1SMnG0033412	-
h1SMnG0033413	-
h1SMnG0033414	-
h1SMnG0033415	-
h1SMnG0033416	-
h1SMnG0033417	-
h1SMnG0033418	-
h1SMnG0033419	-
h1SMnG0033420	-
h1SMnG0033421	-
h1SMnG0033422	-
h1SMnG0033423	-
h1SMnG0033424	-
h1SMnG0033425	-
h1SMnG0033426	-
h1SMnG0033427	-
h1SMnG0033428	-
h1SMnG0033429	-
h1SMnG0033430	BD
h1SMnG0033431	-
h1SMnG0033432	-
h1SMnG0033433	-
h1SMnG0033434	-
h1SMnG0033435	-
h1SMnG0033436	-
h1SMnG0033437	-
h1SMnG0033438	-
h1SMnG0033439	-
h1SMnG0033440	-
h1SMnG0033441	-
h1SMnG0033442	-
h1SMnG0033443	-
h1SMnG0033444	-
h1SMnG0033445	-
h1SMnG0033446	-
h1SMnG0033447	-
h1SMnG0033448	-
h1SMnG0033449	-
h1SMnG0033450	-
h1SMnG0033451	-
h1SMnG0033452	-
h1SMnG0033453	-
h1SMnG0033454	-
h1SMnG0033455	-
h1SMnG0033456	-
h1SMnG0033457	-
h1SMnG0033458	-
h1SMnG0033459	-
h1SMnG0033460	-
h1SMnG0033461	-
h1SMnG0033462	-
h1SMnG0033463	-
h1SMnG0033464	-
h1SMnG0033465	-
h1SMnG0033466	-
h1SMnG0033467	E
h1SMnG0033468	-
h1SMnG0033469	-
h1SMnG0033470	-
h1SMnG0033471	-
h1SMnG0033472	-
h1SMnG0033473	-
h1SMnG0033474	-
h1SMnG0033475	A
h1SMnG0033476	-
h1SMnG0033477	-
h1SMnG0033478	-
h1SMnG0033479	-
h1SMnG0033480	-
h1SMnG0033481	-
h1SMnG0033482	-
h1SMnG0033483	-
h1SMnG0033484	-
h1SMnG0033485	-
h1SMnG0033486	-
h1SMnG0033487	-
h1SMnG0033488	-
h1SMnG0033489	-
h1SMnG0033490	-
h1SMnG0033491	-
h1SMnG0033492	-
h1SMnG0033493	-
h1SMnG0033494	-
h1SMnG0033495	-
h1SMnG0033496	-
h1SMnG0033497	-
h1SMnG0033498	-
h1SMnG0033499	-
h1SMnG0033500	H
h1SMnG0033501	-
h1SMnG0033502	-
h1SMnG0033503	-
h1SMnG0033504	-
h1SMnG0033505	-
h1SMnG0033506	-
h1SMnG0033507	-
h1SMnG0033508	-
h1SMnG0033509	-
h1SMnG0033510	-
h1SMnG0033511	-
h1SMnG0033512	-
h1SMnG0033513	-
h1SMnG0033514	-
h1SMnG0033515	-
h1SMnG0033516	-
h1SMnG0033517	-
h1SMnG0033518	-
h1SMnG0033519	-
h1SMnG0033520	-
h1SMnG0033521	-
h1SMnG0033522	-
h1SMnG0033523	-
h1SMnG0033524	-
h1SMnG0033525	-
h1SMnG0033526	-
h1SMnG0033527	S
h1SMnG0033528	-
h1SMnG0033529	-
h1SMnG0033530	-
h1SMnG0033531	-
h1SMnG0033532	-
h1SMnG0033533	-
h1SMnG0033534	-
h1SMnG0033535	-
h1SMnG0033536	-
h1SMnG0033537	-
h1SMnG0033538	-
h1SMnG0033539	-
h1SMnG0033540	-
h1SMnG0033541	-
h1SMnG0033542	-
h1SMnG0033543	-
h1SMnG0033544	-
h1SMnG0033545	-
h1SMnG0033546	-
h1SMnG0033547	-
h1SMnG0033548	H
h1SMnG0033549	-
h1SMnG0033550	-
h1SMnG0033551	-
h1SMnG0033552	-
h1SMnG0033553	F
h1SMnG0033554	-
h1SMnG0033555	-
h1SMnG0033556	-
h1SMnG0033557	-
h1SMnG0033558	-
h1SMnG0033559	-
h1SMnG0033560	-
h1SMnG0033561	-
h1SMnG0033562	-
h1SMnG0033563	-
h1SMnG0033564	-
h1SMnG0033565	-
h1SMnG0033566	-
h1SMnG0033567	-
h1SMnG0033568	-
h1SMnG0033569	-
h1SMnG0033570	-
h1SMnG0033571	-
h1SMnG0033572	-
h1SMnG0033573	-
h1SMnG0033574	-
h1SMnG0033575	-
h1SMnG0033576	-
h1SMnG0033577	-
h1SMnG0033578	-
h1SMnG0033579	-
h1SMnG0033580	-
h1SMnG0033581	-
h1SMnG0033582	-
h1SMnG0033583	-
h1SMnG0033584	-
h1SMnG0033585	-
h1SMnG0033586	-
h1SMnG0033587	A
h1SMnG0033588	-
h1SMnG0033589	-
h1SMnG0033590	-
h1SMnG0033591	-
h1SMnG0033592	-
h1SMnG0033593	-
h1SMnG0033594	-
h1SMnG0033595	-
h1SMnG0033596	-
h1SMnG0033597	-
h1SMnG0033598	-
h1SMnG0033599	IOT
h1SMnG0033600	-
h1SMnG0033601	-
h1SMnG0033602	-
h1SMnG0033603	-
h1SMnG0033604	IOT
h1SMnG0033605	-
h1SMnG0033606	-
h1SMnG0033607	-
h1SMnG0033608	-
h1SMnG0033609	-
h1SMnG0033610	-
h1SMnG0033611	-
h1SMnG0033612	-
h1SMnG0033613	-
h1SMnG0033614	-
h1SMnG0033615	-
h1SMnG0033616	-
h1SMnG0033617	-
h1SMnG0033618	-
h1SMnG0033619	-
h1SMnG0033620	-
h1SMnG0033621	-
h1SMnG0033622	-
h1SMnG0033623	-
h1SMnG0033624	-
h1SMnG0033625	-
h1SMnG0033626	-
h1SMnG0033627	K
h1SMnG0033628	-
h1SMnG0033629	-
h1SMnG0033630	-
h1SMnG0033631	-
h1SMnG0033632	-
h1SMnG0033633	-
h1SMnG0033634	-
h1SMnG0033635	-
h1SMnG0033636	-
h1SMnG0033637	-
h1SMnG0033638	-
h1SMnG0033639	-
h1SMnG0033640	-
h1SMnG0033641	-
h1SMnG0033642	-
h1SMnG0033643	-
h1SMnG0033644	-
h1SMnG0033645	-
h1SMnG0033646	-
h1SMnG0033647	-
h1SMnG0033648	-
h1SMnG0033649	-
h1SMnG0033650	-
h1SMnG0033651	-
h1SMnG0033652	-
h1SMnG0033653	-
h1SMnG0033654	-
h1SMnG0033655	-
h1SMnG0033656	-
h1SMnG0033657	-
h1SMnG0033658	-
h1SMnG0033659	-
h1SMnG0033660	-
h1SMnG0033661	-
h1SMnG0033662	-
h1SMnG0033663	-
h1SMnG0033664	-
h1SMnG0033665	-
h1SMnG0033666	-
h1SMnG0033667	-
h1SMnG0033668	-
h1SMnG0033669	-
h1SMnG0033670	-
h1SMnG0033671	-
h1SMnG0033672	-
h1SMnG0033673	-
h1SMnG0033674	-
h1SMnG0033675	-
h1SMnG0033676	-
h1SMnG0033677	-
h1SMnG0033678	-
h1SMnG0033679	-
h1SMnG0033680	-
h1SMnG0033681	-
h1SMnG0033682	-
h1SMnG0033683	-
h1SMnG0033684	-
h1SMnG0033685	-
h1SMnG0033686	S
h1SMnG0033687	-
h1SMnG0033688	-
h1SMnG0033689	-
h1SMnG0033690	-
h1SMnG0033691	-
h1SMnG0033692	-
h1SMnG0033693	-
h1SMnG0033694	-
h1SMnG0033695	-
h1SMnG0033696	-
h1SMnG0033697	-
h1SMnG0033698	-
h1SMnG0033699	-
h1SMnG0033700	-
h1SMnG0033701	T
h1SMnG0033702	-
h1SMnG0033703	-
h1SMnG0033704	-
h1SMnG0033705	-
h1SMnG0033706	TZ
h1SMnG0033707	-
h1SMnG0033708	-
h1SMnG0033709	-
h1SMnG0033710	T
h1SMnG0033711	-
h1SMnG0033712	-
h1SMnG0033713	-
h1SMnG0033714	-
h1SMnG0033715	-
h1SMnG0033716	-
h1SMnG0033717	-
h1SMnG0033718	-
h1SMnG0033719	S
h1SMnG0033720	-
h1SMnG0033721	-
h1SMnG0033722	-
h1SMnG0033723	-
h1SMnG0033724	-
h1SMnG0033725	-
h1SMnG0033726	-
h1SMnG0033727	-
h1SMnG0033728	-
h1SMnG0033729	EI
h1SMnG0033730	-
h1SMnG0033731	C
h1SMnG0033732	-
h1SMnG0033733	-
h1SMnG0033734	-
h1SMnG0033735	-
h1SMnG0033736	-
h1SMnG0033737	-
h1SMnG0033738	-
h1SMnG0033739	-
h1SMnG0033740	-
h1SMnG0033741	-
h1SMnG0033742	-
h1SMnG0033743	-
h1SMnG0033744	-
h1SMnG0033745	-
h1SMnG0033746	-
h1SMnG0033747	-
h1SMnG0033748	-
h1SMnG0033749	-
h1SMnG0033750	-
h1SMnG0033751	-
h1SMnG0033752	-
h1SMnG0033753	-
h1SMnG0033754	-
h1SMnG0033755	-
h1SMnG0033756	-
h1SMnG0033757	-
h1SMnG0033758	-
h1SMnG0033759	-
h1SMnG0033760	-
h1SMnG0033761	-
h1SMnG0033762	-
h1SMnG0033763	-
h1SMnG0033764	-
h1SMnG0033765	-
h1SMnG0033766	-
h1SMnG0033767	-
h1SMnG0033768	-
h1SMnG0033769	-
h1SMnG0033770	-
h1SMnG0033771	-
h1SMnG0033772	-
h1SMnG0033773	-
h1SMnG0033774	-
h1SMnG0033775	-
h1SMnG0033776	-
h1SMnG0033777	-
h1SMnG0033778	-
h1SMnG0033779	-
h1SMnG0033780	-
h1SMnG0033781	-
h1SMnG0033782	-
h1SMnG0033783	-
h1SMnG0033784	S
h1SMnG0033785	-
h1SMnG0033786	-
h1SMnG0033787	-
h1SMnG0033788	-
h1SMnG0033789	-
h1SMnG0033790	-
h1SMnG0033791	-
h1SMnG0033792	-
h1SMnG0033793	-
h1SMnG0033794	-
h1SMnG0033795	DV
h1SMnG0033796	-
h1SMnG0033797	-
h1SMnG0033798	-
h1SMnG0033799	-
h1SMnG0033800	-
h1SMnG0033801	-
h1SMnG0033802	-
h1SMnG0033803	-
h1SMnG0033804	-
h1SMnG0033805	-
h1SMnG0033806	-
h1SMnG0033807	-
h1SMnG0033808	-
h1SMnG0033809	-
h1SMnG0033810	-
h1SMnG0033811	-
h1SMnG0033812	-
h1SMnG0033813	-
h1SMnG0033814	-
h1SMnG0033815	-
h1SMnG0033816	-
h1SMnG0033817	-
h1SMnG0033818	-
h1SMnG0033819	-
h1SMnG0033820	-
h1SMnG0033821	-
h1SMnG0033822	-
h1SMnG0033823	-
h1SMnG0033824	-
h1SMnG0033825	-
h1SMnG0033826	-
h1SMnG0033827	-
h1SMnG0033828	-
h1SMnG0033829	-
h1SMnG0033830	-
h1SMnG0033831	-
h1SMnG0033832	-
h1SMnG0033833	-
h1SMnG0033834	-
h1SMnG0033835	-
h1SMnG0033836	-
h1SMnG0033837	-
h1SMnG0033838	-
h1SMnG0033839	-
h1SMnG0033840	-
h1SMnG0033841	-
h1SMnG0033842	-
h1SMnG0033843	-
h1SMnG0033844	-
h1SMnG0033845	A
h1SMnG0033846	-
h1SMnG0033847	-
h1SMnG0033848	S
h1SMnG0033849	-
h1SMnG0033850	-
h1SMnG0033851	-
h1SMnG0033852	-
h1SMnG0033853	-
h1SMnG0033854	-
h1SMnG0033855	-
h1SMnG0033856	-
h1SMnG0033857	-
h1SMnG0033858	-
h1SMnG0033859	-
h1SMnG0033860	-
h1SMnG0033861	-
h1SMnG0033862	-
h1SMnG0033863	-
h1SMnG0033864	-
h1SMnG0033865	-
h1SMnG0033866	-
h1SMnG0033867	-
h1SMnG0033868	-
h1SMnG0033869	-
h1SMnG0033870	-
h1SMnG0033871	-
h1SMnG0033872	-
h1SMnG0033873	-
h1SMnG0033874	-
h1SMnG0033875	-
h1SMnG0033876	-
h1SMnG0033877	-
h1SMnG0033878	-
h1SMnG0033879	-
h1SMnG0033880	-
h1SMnG0033881	-
h1SMnG0033882	-
h1SMnG0033883	-
h1SMnG0033884	-
h1SMnG0033885	-
h1SMnG0033886	P
h1SMnG0033887	-
h1SMnG0033888	-
h1SMnG0033889	-
h1SMnG0033890	-
h1SMnG0033891	-
h1SMnG0033892	-
h1SMnG0033893	-
h1SMnG0033894	-
h1SMnG0033895	-
h1SMnG0033896	-
h1SMnG0033897	-
h1SMnG0033898	-
h1SMnG0033899	-
h1SMnG0033900	-
h1SMnG0033901	-
h1SMnG0033902	-
h1SMnG0033903	-
h1SMnG0033904	-
h1SMnG0033905	-
h1SMnG0033906	-
h1SMnG0033907	-
h1SMnG0033908	-
h1SMnG0033909	-
h1SMnG0033910	-
h1SMnG0033911	-
h1SMnG0033912	-
h1SMnG0033913	-
h1SMnG0033914	-
h1SMnG0033915	-
h1SMnG0033916	-
h1SMnG0033917	-
h1SMnG0033918	-
h1SMnG0033919	-
h1SMnG0033920	-
h1SMnG0033921	-
h1SMnG0033922	DT
h1SMnG0033923	DT
h1SMnG0033924	-
h1SMnG0033925	-
h1SMnG0033926	-
h1SMnG0033927	-
h1SMnG0033928	-
h1SMnG0033929	-
h1SMnG0033930	-
h1SMnG0033931	-
h1SMnG0033932	-
h1SMnG0033933	-
h1SMnG0033934	-
h1SMnG0033935	-
h1SMnG0033936	-
h1SMnG0033937	-
h1SMnG0033938	-
h1SMnG0033939	-
h1SMnG0033940	-
h1SMnG0033941	-
h1SMnG0033942	-
h1SMnG0033943	-
h1SMnG0033944	-
h1SMnG0033945	-
h1SMnG0033946	-
h1SMnG0033947	-
h1SMnG0033948	-
h1SMnG0033949	-
h1SMnG0033950	-
h1SMnG0033951	-
h1SMnG0033952	-
h1SMnG0033953	-
h1SMnG0033954	-
h1SMnG0033955	-
h1SMnG0033956	-
h1SMnG0033957	-
h1SMnG0033958	-
h1SMnG0033959	-
h1SMnG0033960	-
h1SMnG0033961	-
h1SMnG0033962	-
h1SMnG0033963	-
h1SMnG0033964	-
h1SMnG0033965	-
h1SMnG0033966	-
h1SMnG0033967	-
h1SMnG0033968	Z
h1SMnG0033969	-
h1SMnG0033970	-
h1SMnG0033971	-
h1SMnG0033972	-
h1SMnG0033973	S
h1SMnG0033974	-
h1SMnG0033975	-
h1SMnG0033976	-
h1SMnG0033977	-
h1SMnG0033978	-
h1SMnG0033979	-
h1SMnG0033980	-
h1SMnG0033981	-
h1SMnG0033982	-
h1SMnG0033983	-
h1SMnG0033984	-
h1SMnG0033985	-
h1SMnG0033986	-
h1SMnG0033987	-
h1SMnG0033988	-
h1SMnG0033989	-
h1SMnG0033990	-
h1SMnG0033991	I
h1SMnG0033992	-
h1SMnG0033993	-
h1SMnG0033994	-
h1SMnG0033995	BD
h1SMnG0033996	-
h1SMnG0033997	K
h1SMnG0033998	-
h1SMnG0033999	-
h1SMnG0034000	-
h1SMnG0034001	-
h1SMnG0034002	-
h1SMnG0034003	-
h1SMnG0034004	-
h1SMnG0034005	-
h1SMnG0034006	-
h1SMnG0034007	-
h1SMnG0034008	-
h1SMnG0034009	-
h1SMnG0034010	-
h1SMnG0034011	-
h1SMnG0034012	-
h1SMnG0034013	-
h1SMnG0034014	-
h1SMnG0034015	-
h1SMnG0034016	-
h1SMnG0034017	-
h1SMnG0034018	-
h1SMnG0034019	-
h1SMnG0034020	-
h1SMnG0034021	-
h1SMnG0034022	-
h1SMnG0034023	-
h1SMnG0034024	-
h1SMnG0034025	-
h1SMnG0034026	-
h1SMnG0034027	-
h1SMnG0034028	-
h1SMnG0034029	-
h1SMnG0034030	-
h1SMnG0034031	-
h1SMnG0034032	-
h1SMnG0034033	-
h1SMnG0034034	-
h1SMnG0034035	-
h1SMnG0034036	-
h1SMnG0034037	-
h1SMnG0034038	-
h1SMnG0034039	-
h1SMnG0034040	-
h1SMnG0034041	-
h1SMnG0034042	-
h1SMnG0034043	-
h1SMnG0034044	-
h1SMnG0034045	-
h1SMnG0034046	-
h1SMnG0034047	-
h1SMnG0034048	-
h1SMnG0034049	-
h1SMnG0034050	-
h1SMnG0034051	-
h1SMnG0034052	-
h1SMnG0034053	-
h1SMnG0034054	-
h1SMnG0034055	-
h1SMnG0034056	-
h1SMnG0034057	-
h1SMnG0034058	-
h1SMnG0034059	-
h1SMnG0034060	-
h1SMnG0034061	-
h1SMnG0034062	-
h1SMnG0034063	-
h1SMnG0034064	-
h1SMnG0034065	-
h1SMnG0034066	-
h1SMnG0034067	-
h1SMnG0034068	-
h1SMnG0034069	-
h1SMnG0034070	-
h1SMnG0034071	-
h1SMnG0034072	-
h1SMnG0034073	-
h1SMnG0034074	-
h1SMnG0034075	-
h1SMnG0034076	-
h1SMnG0034077	-
h1SMnG0034078	-
h1SMnG0034079	-
h1SMnG0034080	-
h1SMnG0034081	-
h1SMnG0034082	-
h1SMnG0034083	-
h1SMnG0034084	-
h1SMnG0034085	-
h1SMnG0034086	-
h1SMnG0034087	-
h1SMnG0034088	-
h1SMnG0034089	-
h1SMnG0034090	-
h1SMnG0034091	-
h1SMnG0034092	Z
h1SMnG0034093	-
h1SMnG0034094	-
h1SMnG0034095	-
h1SMnG0034096	-
h1SMnG0034097	-
h1SMnG0034098	-
h1SMnG0034099	-
h1SMnG0034100	-
h1SMnG0034101	-
h1SMnG0034102	-
h1SMnG0034103	H
h1SMnG0034104	H
h1SMnG0034105	-
h1SMnG0034106	Z
h1SMnG0034107	-
h1SMnG0034108	S
h1SMnG0034109	-
h1SMnG0034110	-
h1SMnG0034111	-
h1SMnG0034112	-
h1SMnG0034113	-
h1SMnG0034114	-
h1SMnG0034115	-
h1SMnG0034116	-
h1SMnG0034117	-
h1SMnG0034118	-
h1SMnG0034119	-
h1SMnG0034120	-
h1SMnG0034121	K
h1SMnG0034122	-
h1SMnG0034123	-
h1SMnG0034124	-
h1SMnG0034125	-
h1SMnG0034126	-
h1SMnG0034127	-
h1SMnG0034128	-
h1SMnG0034129	-
h1SMnG0034130	-
h1SMnG0034131	-
h1SMnG0034132	-
h1SMnG0034133	-
h1SMnG0034134	-
h1SMnG0034135	-
h1SMnG0034136	-
h1SMnG0034137	-
h1SMnG0034138	-
h1SMnG0034139	-
h1SMnG0034140	-
h1SMnG0034141	-
h1SMnG0034142	-
h1SMnG0034143	-
h1SMnG0034144	-
h1SMnG0034145	-
h1SMnG0034146	-
h1SMnG0034147	-
h1SMnG0034148	-
h1SMnG0034149	-
h1SMnG0034150	-
h1SMnG0034151	-
h1SMnG0034152	-
h1SMnG0034153	-
h1SMnG0034154	-
h1SMnG0034155	-
h1SMnG0034156	-
h1SMnG0034157	-
h1SMnG0034158	-
h1SMnG0034159	-
h1SMnG0034160	-
h1SMnG0034161	-
h1SMnG0034162	-
h1SMnG0034163	-
h1SMnG0034164	-
h1SMnG0034165	-
h1SMnG0034166	-
h1SMnG0034167	I
h1SMnG0034168	-
h1SMnG0034169	-
h1SMnG0034170	-
h1SMnG0034171	-
h1SMnG0034172	-
h1SMnG0034173	-
h1SMnG0034174	G
h1SMnG0034175	-
h1SMnG0034176	-
h1SMnG0034177	-
h1SMnG0034178	-
h1SMnG0034179	-
h1SMnG0034180	-
h1SMnG0034181	-
h1SMnG0034182	-
h1SMnG0034183	-
h1SMnG0034184	-
h1SMnG0034185	-
h1SMnG0034186	-
h1SMnG0034187	-
h1SMnG0034188	-
h1SMnG0034189	-
h1SMnG0034190	-
h1SMnG0034191	-
h1SMnG0034192	-
h1SMnG0034193	-
h1SMnG0034194	-
h1SMnG0034195	-
h1SMnG0034196	-
h1SMnG0034197	-
h1SMnG0034198	-
h1SMnG0034199	-
h1SMnG0034200	-
h1SMnG0034201	-
h1SMnG0034202	-
h1SMnG0034203	-
h1SMnG0034204	-
h1SMnG0034205	-
h1SMnG0034206	M
h1SMnG0034207	-
h1SMnG0034208	-
h1SMnG0034209	-
h1SMnG0034210	-
h1SMnG0034211	-
h1SMnG0034212	-
h1SMnG0034213	-
h1SMnG0034214	-
h1SMnG0034215	-
h1SMnG0034216	-
h1SMnG0034217	-
h1SMnG0034218	-
h1SMnG0034219	-
h1SMnG0034220	-
h1SMnG0034221	-
h1SMnG0034222	-
h1SMnG0034223	-
h1SMnG0034224	-
h1SMnG0034225	-
h1SMnG0034226	-
h1SMnG0034227	-
h1SMnG0034228	-
h1SMnG0034229	-
h1SMnG0034230	-
h1SMnG0034231	-
h1SMnG0034232	-
h1SMnG0034233	-
h1SMnG0034234	-
h1SMnG0034235	-
h1SMnG0034236	T
h1SMnG0034237	-
h1SMnG0034238	-
h1SMnG0034239	-
h1SMnG0034240	-
h1SMnG0034241	-
h1SMnG0034242	-
h1SMnG0034243	-
h1SMnG0034244	-
h1SMnG0034245	-
h1SMnG0034246	-
h1SMnG0034247	-
h1SMnG0034248	-
h1SMnG0034249	-
h1SMnG0034250	-
h1SMnG0034251	-
h1SMnG0034252	-
h1SMnG0034253	-
h1SMnG0034254	-
h1SMnG0034255	-
h1SMnG0034256	-
h1SMnG0034257	-
h1SMnG0034258	-
h1SMnG0034259	-
h1SMnG0034260	-
h1SMnG0034261	-
h1SMnG0034262	-
h1SMnG0034263	-
h1SMnG0034264	-
h1SMnG0034265	-
h1SMnG0034266	-
h1SMnG0034267	-
h1SMnG0034268	-
h1SMnG0034269	-
h1SMnG0034270	-
h1SMnG0034271	-
h1SMnG0034272	-
h1SMnG0034273	-
h1SMnG0034274	-
h1SMnG0034275	-
h1SMnG0034276	-
h1SMnG0034277	-
h1SMnG0034278	-
h1SMnG0034279	-
h1SMnG0034280	-
h1SMnG0034281	-
h1SMnG0034282	-
h1SMnG0034283	-
h1SMnG0034284	-
h1SMnG0034285	-
h1SMnG0034286	-
h1SMnG0034287	-
h1SMnG0034288	-
h1SMnG0034289	-
h1SMnG0034290	-
h1SMnG0034291	-
h1SMnG0034292	-
h1SMnG0034293	-
h1SMnG0034294	-
h1SMnG0034295	-
h1SMnG0034296	-
h1SMnG0034297	-
h1SMnG0034298	-
h1SMnG0034299	-
h1SMnG0034300	-
h1SMnG0034301	-
h1SMnG0034302	S
h1SMnG0034303	-
h1SMnG0034304	-
h1SMnG0034305	-
h1SMnG0034306	-
h1SMnG0034307	-
h1SMnG0034308	-
h1SMnG0034309	-
h1SMnG0034310	-
h1SMnG0034311	-
h1SMnG0034312	-
h1SMnG0034313	-
h1SMnG0034314	-
h1SMnG0034315	-
h1SMnG0034316	-
h1SMnG0034317	-
h1SMnG0034318	-
h1SMnG0034319	-
h1SMnG0034320	-
h1SMnG0034321	-
h1SMnG0034322	-
h1SMnG0034323	-
h1SMnG0034324	-
h1SMnG0034325	-
h1SMnG0034326	-
h1SMnG0034327	-
h1SMnG0034328	-
h1SMnG0034329	-
h1SMnG0034330	-
h1SMnG0034331	-
h1SMnG0034332	-
h1SMnG0034333	-
h1SMnG0034334	-
h1SMnG0034335	-
h1SMnG0034336	-
h1SMnG0034337	-
h1SMnG0034338	-
h1SMnG0034339	T
h1SMnG0034340	-
h1SMnG0034341	-
h1SMnG0034342	-
h1SMnG0034343	-
h1SMnG0034344	-
h1SMnG0034345	-
h1SMnG0034346	-
h1SMnG0034347	-
h1SMnG0034348	-
h1SMnG0034349	-
h1SMnG0034350	-
h1SMnG0034351	-
h1SMnG0034352	-
h1SMnG0034353	-
h1SMnG0034354	-
h1SMnG0034355	-
h1SMnG0034356	-
h1SMnG0034357	-
h1SMnG0034358	-
h1SMnG0034359	-
h1SMnG0034360	-
h1SMnG0034361	-
h1SMnG0034362	-
h1SMnG0034363	-
h1SMnG0034364	-
h1SMnG0034365	-
h1SMnG0034366	-
h1SMnG0034367	-
h1SMnG0034368	-
h1SMnG0034369	-
h1SMnG0034370	-
h1SMnG0034371	-
h1SMnG0034372	-
h1SMnG0034373	-
h1SMnG0034374	-
h1SMnG0034375	-
h1SMnG0034376	-
h1SMnG0034377	-
h1SMnG0034378	-
h1SMnG0034379	-
h1SMnG0034380	-
h1SMnG0034381	-
h1SMnG0034382	-
h1SMnG0034383	-
h1SMnG0034384	-
h1SMnG0034385	-
h1SMnG0034386	-
h1SMnG0034387	-
h1SMnG0034388	-
h1SMnG0034389	-
h1SMnG0034390	-
h1SMnG0034391	-
h1SMnG0034392	-
h1SMnG0034393	-
h1SMnG0034394	-
h1SMnG0034395	-
h1SMnG0034396	-
h1SMnG0034397	-
h1SMnG0034398	-
h1SMnG0034399	-
h1SMnG0034400	-
h1SMnG0034401	-
h1SMnG0034402	-
h1SMnG0034403	-
h1SMnG0034404	T
h1SMnG0034405	-
h1SMnG0034406	-
h1SMnG0034407	-
h1SMnG0034408	-
h1SMnG0034409	-
h1SMnG0034410	-
h1SMnG0034411	-
h1SMnG0034412	-
h1SMnG0034413	-
h1SMnG0034414	-
h1SMnG0034415	-
h1SMnG0034416	S
h1SMnG0034417	-
h1SMnG0034418	-
h1SMnG0034419	-
h1SMnG0034420	J
h1SMnG0034421	-
h1SMnG0034422	-
h1SMnG0034423	-
h1SMnG0034424	T
h1SMnG0034425	-
h1SMnG0034426	-
h1SMnG0034427	-
h1SMnG0034428	-
h1SMnG0034429	-
h1SMnG0034430	-
h1SMnG0034431	-
h1SMnG0034432	-
h1SMnG0034433	-
h1SMnG0034434	-
h1SMnG0034435	-
h1SMnG0034436	-
h1SMnG0034437	-
h1SMnG0034438	O
h1SMnG0034439	-
h1SMnG0034440	-
h1SMnG0034441	-
h1SMnG0034442	-
h1SMnG0034443	-
h1SMnG0034444	-
h1SMnG0034445	-
h1SMnG0034446	-
h1SMnG0034447	-
h1SMnG0034448	-
h1SMnG0034449	-
h1SMnG0034450	-
h1SMnG0034451	-
h1SMnG0034452	-
h1SMnG0034453	-
h1SMnG0034454	-
h1SMnG0034455	-
h1SMnG0034456	-
h1SMnG0034457	Z
h1SMnG0034458	-
h1SMnG0034459	-
h1SMnG0034460	-
h1SMnG0034461	-
h1SMnG0034462	-
h1SMnG0034463	-
h1SMnG0034464	-
h1SMnG0034465	-
h1SMnG0034466	-
h1SMnG0034467	-
h1SMnG0034468	-
h1SMnG0034469	-
h1SMnG0034470	-
h1SMnG0034471	-
h1SMnG0034472	-
h1SMnG0034473	-
h1SMnG0034474	-
h1SMnG0034475	-
h1SMnG0034476	-
h1SMnG0034477	-
h1SMnG0034478	-
h1SMnG0034479	-
h1SMnG0034480	S
h1SMnG0034481	-
h1SMnG0034482	-
h1SMnG0034483	-
h1SMnG0034484	-
h1SMnG0034485	-
h1SMnG0034486	-
h1SMnG0034487	-
h1SMnG0034488	-
h1SMnG0034489	-
h1SMnG0034490	-
h1SMnG0034491	-
h1SMnG0034492	-
h1SMnG0034493	-
h1SMnG0034494	-
h1SMnG0034495	-
h1SMnG0034496	-
h1SMnG0034497	-
h1SMnG0034498	-
h1SMnG0034499	-
h1SMnG0034500	-
h1SMnG0034501	-
h1SMnG0034502	-
h1SMnG0034503	-
h1SMnG0034504	-
h1SMnG0034505	-
h1SMnG0034506	-
h1SMnG0034507	-
h1SMnG0034508	-
h1SMnG0034509	-
h1SMnG0034510	-
h1SMnG0034511	-
h1SMnG0034512	-
h1SMnG0034513	-
h1SMnG0034514	-
h1SMnG0034515	-
h1SMnG0034516	K
h1SMnG0034517	-
h1SMnG0034518	-
h1SMnG0034519	-
h1SMnG0034520	-
h1SMnG0034521	-
h1SMnG0034522	-
h1SMnG0034523	-
h1SMnG0034524	-
h1SMnG0034525	-
h1SMnG0034526	-
h1SMnG0034527	S
h1SMnG0034528	-
h1SMnG0034529	-
h1SMnG0034530	-
h1SMnG0034531	-
h1SMnG0034532	-
h1SMnG0034533	-
h1SMnG0034534	-
h1SMnG0034535	-
h1SMnG0034536	-
h1SMnG0034537	-
h1SMnG0034538	-
h1SMnG0034539	-
h1SMnG0034540	-
h1SMnG0034541	-
h1SMnG0034542	-
h1SMnG0034543	-
h1SMnG0034544	-
h1SMnG0034545	-
h1SMnG0034546	-
h1SMnG0034547	-
h1SMnG0034548	-
h1SMnG0034549	-
h1SMnG0034550	-
h1SMnG0034551	-
h1SMnG0034552	-
h1SMnG0034553	-
h1SMnG0034554	-
h1SMnG0034555	-
h1SMnG0034556	-
h1SMnG0034557	-
h1SMnG0034558	-
h1SMnG0034559	-
h1SMnG0034560	-
h1SMnG0034561	-
h1SMnG0034562	-
h1SMnG0034563	-
h1SMnG0034564	-
h1SMnG0034565	U
h1SMnG0034566	-
h1SMnG0034567	-
h1SMnG0034568	-
h1SMnG0034569	-
h1SMnG0034570	S
h1SMnG0034571	-
h1SMnG0034572	-
h1SMnG0034573	-
h1SMnG0034574	-
h1SMnG0034575	-
h1SMnG0034576	-
h1SMnG0034577	-
h1SMnG0034578	-
h1SMnG0034579	-
h1SMnG0034580	S
h1SMnG0034581	-
h1SMnG0034582	-
h1SMnG0034583	-
h1SMnG0034584	-
h1SMnG0034585	-
h1SMnG0034586	-
h1SMnG0034587	-
h1SMnG0034588	-
h1SMnG0034589	-
h1SMnG0034590	DZ
h1SMnG0034591	-
h1SMnG0034592	-
h1SMnG0034593	T
h1SMnG0034594	-
h1SMnG0034595	T
h1SMnG0034596	-
h1SMnG0034597	-
h1SMnG0034598	-
h1SMnG0034599	-
h1SMnG0034600	-
h1SMnG0034601	-
h1SMnG0034602	-
h1SMnG0034603	-
h1SMnG0034604	-
h1SMnG0034605	JO
h1SMnG0034606	-
h1SMnG0034607	-
h1SMnG0034608	-
h1SMnG0034609	-
h1SMnG0034610	-
h1SMnG0034611	-
h1SMnG0034612	-
h1SMnG0034613	-
h1SMnG0034614	-
h1SMnG0034615	-
h1SMnG0034616	-
h1SMnG0034617	-
h1SMnG0034618	-
h1SMnG0034619	-
h1SMnG0034620	-
h1SMnG0034621	I
h1SMnG0034622	-
h1SMnG0034623	-
h1SMnG0034624	-
h1SMnG0034625	-
h1SMnG0034626	-
h1SMnG0034627	-
h1SMnG0034628	-
h1SMnG0034629	-
h1SMnG0034630	-
h1SMnG0034631	-
h1SMnG0034632	-
h1SMnG0034633	-
h1SMnG0034634	-
h1SMnG0034635	-
h1SMnG0034636	-
h1SMnG0034637	-
h1SMnG0034638	-
h1SMnG0034639	-
h1SMnG0034640	-
h1SMnG0034641	-
h1SMnG0034642	-
h1SMnG0034643	-
h1SMnG0034644	-
h1SMnG0034645	-
h1SMnG0034646	EI
h1SMnG0034647	-
h1SMnG0034648	-
h1SMnG0034649	-
h1SMnG0034650	G
h1SMnG0034651	-
h1SMnG0034652	-
h1SMnG0034653	-
h1SMnG0034654	-
h1SMnG0034655	-
h1SMnG0034656	-
h1SMnG0034657	-
h1SMnG0034658	-
h1SMnG0034659	-
h1SMnG0034660	-
h1SMnG0034661	-
h1SMnG0034662	-
h1SMnG0034663	-
h1SMnG0034664	-
h1SMnG0034665	-
h1SMnG0034666	-
h1SMnG0034667	-
h1SMnG0034668	-
h1SMnG0034669	-
h1SMnG0034670	-
h1SMnG0034671	-
h1SMnG0034672	-
h1SMnG0034673	-
h1SMnG0034674	-
h1SMnG0034675	-
h1SMnG0034676	-
h1SMnG0034677	-
h1SMnG0034678	-
h1SMnG0034679	-
h1SMnG0034680	-
h1SMnG0034681	-
h1SMnG0034682	-
h1SMnG0034683	-
h1SMnG0034684	-
h1SMnG0034685	-
h1SMnG0034686	-
h1SMnG0034687	-
h1SMnG0034688	-
h1SMnG0034689	-
h1SMnG0034690	-
h1SMnG0034691	-
h1SMnG0034692	-
h1SMnG0034693	-
h1SMnG0034694	-
h1SMnG0034695	-
h1SMnG0034696	-
h1SMnG0034697	-
h1SMnG0034698	-
h1SMnG0034699	-
h1SMnG0034700	-
h1SMnG0034701	-
h1SMnG0034702	-
h1SMnG0034703	-
h1SMnG0034704	-
h1SMnG0034705	-
h1SMnG0034706	-
h1SMnG0034707	-
h1SMnG0034708	-
h1SMnG0034709	-
h1SMnG0034710	-
h1SMnG0034711	-
h1SMnG0034712	-
h1SMnG0034713	H
h1SMnG0034714	-
h1SMnG0034715	-
h1SMnG0034716	-
h1SMnG0034717	-
h1SMnG0034718	-
h1SMnG0034719	-
h1SMnG0034720	-
h1SMnG0034721	-
h1SMnG0034722	-
h1SMnG0034723	-
h1SMnG0034724	-
h1SMnG0034725	-
h1SMnG0034726	-
h1SMnG0034727	-
h1SMnG0034728	-
h1SMnG0034729	-
h1SMnG0034730	-
h1SMnG0034731	-
h1SMnG0034732	-
h1SMnG0034733	-
h1SMnG0034734	-
h1SMnG0034735	I
h1SMnG0034736	-
h1SMnG0034737	-
h1SMnG0034738	-
h1SMnG0034739	I
h1SMnG0034740	-
h1SMnG0034741	-
h1SMnG0034742	-
h1SMnG0034743	-
h1SMnG0034744	-
h1SMnG0034745	-
h1SMnG0034746	-
h1SMnG0034747	-
h1SMnG0034748	-
h1SMnG0034749	-
h1SMnG0034750	-
h1SMnG0034751	-
h1SMnG0034752	-
h1SMnG0034753	-
h1SMnG0034754	-
h1SMnG0034755	-
h1SMnG0034756	-
h1SMnG0034757	-
h1SMnG0034758	-
h1SMnG0034759	-
h1SMnG0034760	-
h1SMnG0034761	-
h1SMnG0034762	-
h1SMnG0034763	-
h1SMnG0034764	-
h1SMnG0034765	-
h1SMnG0034766	-
h1SMnG0034767	-
h1SMnG0034768	-
h1SMnG0034769	-
h1SMnG0034770	-
h1SMnG0034771	-
h1SMnG0034772	-
h1SMnG0034773	-
h1SMnG0034774	-
h1SMnG0034775	-
h1SMnG0034776	-
h1SMnG0034777	-
h1SMnG0034778	-
h1SMnG0034779	-
h1SMnG0034780	-
h1SMnG0034781	G
h1SMnG0034782	-
h1SMnG0034783	-
h1SMnG0034784	-
h1SMnG0034785	-
h1SMnG0034786	-
h1SMnG0034787	-
h1SMnG0034788	-
h1SMnG0034789	-
h1SMnG0034790	-
h1SMnG0034791	-
h1SMnG0034792	-
h1SMnG0034793	-
h1SMnG0034794	-
h1SMnG0034795	-
h1SMnG0034796	-
h1SMnG0034797	-
h1SMnG0034798	-
h1SMnG0034799	-
h1SMnG0034800	-
h1SMnG0034801	-
h1SMnG0034802	-
h1SMnG0034803	-
h1SMnG0034804	-
h1SMnG0034805	-
h1SMnG0034806	-
h1SMnG0034807	-
h1SMnG0034808	-
h1SMnG0034809	-
h1SMnG0034810	-
h1SMnG0034811	-
h1SMnG0034812	-
h1SMnG0034813	-
h1SMnG0034814	-
h1SMnG0034815	-
h1SMnG0034816	-
h1SMnG0034817	-
h1SMnG0034818	-
h1SMnG0034819	-
h1SMnG0034820	-
h1SMnG0034821	-
h1SMnG0034822	-
h1SMnG0034823	-
h1SMnG0034824	-
h1SMnG0034825	-
h1SMnG0034826	-
h1SMnG0034827	-
h1SMnG0034828	-
h1SMnG0034829	-
h1SMnG0034830	-
h1SMnG0034831	-
h1SMnG0034832	-
h1SMnG0034833	C
h1SMnG0034834	-
h1SMnG0034835	-
h1SMnG0034836	-
h1SMnG0034837	-
h1SMnG0034838	-
h1SMnG0034839	-
h1SMnG0034840	-
h1SMnG0034841	-
h1SMnG0034842	-
h1SMnG0034843	-
h1SMnG0034844	-
h1SMnG0034845	C
h1SMnG0034846	-
h1SMnG0034847	-
h1SMnG0034848	-
h1SMnG0034849	-
h1SMnG0034850	-
h1SMnG0034851	-
h1SMnG0034852	-
h1SMnG0034853	-
h1SMnG0034854	-
h1SMnG0034855	-
h1SMnG0034856	-
h1SMnG0034857	-
h1SMnG0034858	-
h1SMnG0034859	U
h1SMnG0034860	-
h1SMnG0034861	-
h1SMnG0034862	-
h1SMnG0034863	-
h1SMnG0034864	-
h1SMnG0034865	-
h1SMnG0034866	-
h1SMnG0034867	-
h1SMnG0034868	M
h1SMnG0034869	-
h1SMnG0034870	-
h1SMnG0034871	-
h1SMnG0034872	-
h1SMnG0034873	-
h1SMnG0034874	-
h1SMnG0034875	-
h1SMnG0034876	-
h1SMnG0034877	-
h1SMnG0034878	-
h1SMnG0034879	-
h1SMnG0034880	-
h1SMnG0034881	-
h1SMnG0034882	-
h1SMnG0034883	-
h1SMnG0034884	-
h1SMnG0034885	K
h1SMnG0034886	-
h1SMnG0034887	-
h1SMnG0034888	-
h1SMnG0034889	-
h1SMnG0034890	-
h1SMnG0034891	-
h1SMnG0034892	-
h1SMnG0034893	-
h1SMnG0034894	G
h1SMnG0034895	F
h1SMnG0034896	-
h1SMnG0034897	-
h1SMnG0034898	-
h1SMnG0034899	-
h1SMnG0034900	-
h1SMnG0034901	-
h1SMnG0034902	-
h1SMnG0034903	-
h1SMnG0034904	-
h1SMnG0034905	-
h1SMnG0034906	-
h1SMnG0034907	-
h1SMnG0034908	-
h1SMnG0034909	-
h1SMnG0034910	-
h1SMnG0034911	-
h1SMnG0034912	-
h1SMnG0034913	-
h1SMnG0034914	-
h1SMnG0034915	-
h1SMnG0034916	-
h1SMnG0034917	-
h1SMnG0034918	-
h1SMnG0034919	-
h1SMnG0034920	-
h1SMnG0034921	-
h1SMnG0034922	-
h1SMnG0034923	-
h1SMnG0034924	-
h1SMnG0034925	-
h1SMnG0034926	-
h1SMnG0034927	-
h1SMnG0034928	-
h1SMnG0034929	-
h1SMnG0034930	-
h1SMnG0034931	-
h1SMnG0034932	-
h1SMnG0034933	-
h1SMnG0034934	-
h1SMnG0034935	-
h1SMnG0034936	-
h1SMnG0034937	-
h1SMnG0034938	-
h1SMnG0034939	-
h1SMnG0034940	-
h1SMnG0034941	-
h1SMnG0034942	-
h1SMnG0034943	-
h1SMnG0034944	-
h1SMnG0034945	-
h1SMnG0034946	-
h1SMnG0034947	-
h1SMnG0034948	-
h1SMnG0034949	-
h1SMnG0034950	-
h1SMnG0034951	-
h1SMnG0034952	-
h1SMnG0034953	-
h1SMnG0034954	-
h1SMnG0034955	-
h1SMnG0034956	-
h1SMnG0034957	-
h1SMnG0034958	-
h1SMnG0034959	-
h1SMnG0034960	-
h1SMnG0034961	-
h1SMnG0034962	-
h1SMnG0034963	-
h1SMnG0034964	-
h1SMnG0034965	-
h1SMnG0034966	-
h1SMnG0034967	-
h1SMnG0034968	-
h1SMnG0034969	-
h1SMnG0034970	-
h1SMnG0034971	-
h1SMnG0034972	-
h1SMnG0034973	-
h1SMnG0034974	-
h1SMnG0034975	-
h1SMnG0034976	-
h1SMnG0034977	-
h1SMnG0034978	-
h1SMnG0034979	-
h1SMnG0034980	-
h1SMnG0034981	-
h1SMnG0034982	-
h1SMnG0034983	-
h1SMnG0034984	-
h1SMnG0034985	-
h1SMnG0034986	-
h1SMnG0034987	-
h1SMnG0034988	-
h1SMnG0034989	-
h1SMnG0034990	-
h1SMnG0034991	-
h1SMnG0034992	-
h1SMnG0034993	-
h1SMnG0034994	-
h1SMnG0034995	-
h1SMnG0034996	-
h1SMnG0034997	-
h1SMnG0034998	-
h1SMnG0034999	-
h1SMnG0035000	-
h1SMnG0035001	-
h1SMnG0035002	-
h1SMnG0035003	-
h1SMnG0035004	-
h1SMnG0035005	-
h1SMnG0035006	-
h1SMnG0035007	-
h1SMnG0035008	-
h1SMnG0035009	-
h1SMnG0035010	-
h1SMnG0035011	-
h1SMnG0035012	L
h1SMnG0035013	L
h1SMnG0035014	L
h1SMnG0035015	L
h1SMnG0035016	L
h1SMnG0035017	-
h1SMnG0035018	-
h1SMnG0035019	-
h1SMnG0035020	-
h1SMnG0035021	-
h1SMnG0035022	-
h1SMnG0035023	-
h1SMnG0035024	-
h1SMnG0035025	-
h1SMnG0035026	-
h1SMnG0035027	-
h1SMnG0035028	-
h1SMnG0035029	-
h1SMnG0035030	-
h1SMnG0035031	-
h1SMnG0035032	-
h1SMnG0035033	-
h1SMnG0035034	-
h1SMnG0035035	-
h1SMnG0035036	-
h1SMnG0035037	-
h1SMnG0035038	-
h1SMnG0035039	-
h1SMnG0035040	-
h1SMnG0035041	-
h1SMnG0035042	-
h1SMnG0035043	-
h1SMnG0035044	-
h1SMnG0035045	-
h1SMnG0035046	-
h1SMnG0035047	-
h1SMnG0035048	-
h1SMnG0035049	-
h1SMnG0035050	-
h1SMnG0035051	-
h1SMnG0035052	-
h1SMnG0035053	-
h1SMnG0035054	-
h1SMnG0035055	-
h1SMnG0035056	-
h1SMnG0035057	-
h1SMnG0035058	-
h1SMnG0035059	-
h1SMnG0035060	-
h1SMnG0035061	-
h1SMnG0035062	-
h1SMnG0035063	-
h1SMnG0035064	-
h1SMnG0035065	-
h1SMnG0035066	-
h1SMnG0035067	-
h1SMnG0035068	-
h1SMnG0035069	C
h1SMnG0035070	-
h1SMnG0035071	-
h1SMnG0035072	-
h1SMnG0035073	-
h1SMnG0035074	-
h1SMnG0035075	-
h1SMnG0035076	-
h1SMnG0035077	-
h1SMnG0035078	-
h1SMnG0035079	-
h1SMnG0035080	-
h1SMnG0035081	-
h1SMnG0035082	-
h1SMnG0035083	-
h1SMnG0035084	-
h1SMnG0035085	-
h1SMnG0035086	-
h1SMnG0035087	-
h1SMnG0035088	-
h1SMnG0035089	-
h1SMnG0035090	-
h1SMnG0035091	-
h1SMnG0035092	-
h1SMnG0035093	-
h1SMnG0035094	-
h1SMnG0035095	-
h1SMnG0035096	-
h1SMnG0035097	J
h1SMnG0035098	-
h1SMnG0035099	-
h1SMnG0035100	-
h1SMnG0035101	-
h1SMnG0035102	-
h1SMnG0035103	-
h1SMnG0035104	-
h1SMnG0035105	-
h1SMnG0035106	-
h1SMnG0035107	-
h1SMnG0035108	-
h1SMnG0035109	-
h1SMnG0035110	-
h1SMnG0035111	-
h1SMnG0035112	-
h1SMnG0035113	-
h1SMnG0035114	-
h1SMnG0035115	U
h1SMnG0035116	-
h1SMnG0035117	-
h1SMnG0035118	-
h1SMnG0035119	-
h1SMnG0035120	-
h1SMnG0035121	-
h1SMnG0035122	-
h1SMnG0035123	-
h1SMnG0035124	-
h1SMnG0035125	-
h1SMnG0035126	-
h1SMnG0035127	-
h1SMnG0035128	-
h1SMnG0035129	-
h1SMnG0035130	-
h1SMnG0035131	-
h1SMnG0035132	-
h1SMnG0035133	-
h1SMnG0035134	-
h1SMnG0035135	-
h1SMnG0035136	-
h1SMnG0035137	-
h1SMnG0035138	-
h1SMnG0035139	-
h1SMnG0035140	-
h1SMnG0035141	-
h1SMnG0035142	-
h1SMnG0035143	-
h1SMnG0035144	-
h1SMnG0035145	-
h1SMnG0035146	-
h1SMnG0035147	-
h1SMnG0035148	-
h1SMnG0035149	-
h1SMnG0035150	-
h1SMnG0035151	-
h1SMnG0035152	-
h1SMnG0035153	-
h1SMnG0035154	-
h1SMnG0035155	-
h1SMnG0035156	-
h1SMnG0035157	-
h1SMnG0035158	-
h1SMnG0035159	-
h1SMnG0035160	-
h1SMnG0035161	-
h1SMnG0035162	-
h1SMnG0035163	-
h1SMnG0035164	-
h1SMnG0035165	-
h1SMnG0035166	-
h1SMnG0035167	-
h1SMnG0035168	-
h1SMnG0035169	-
h1SMnG0035170	-
h1SMnG0035171	-
h1SMnG0035172	-
h1SMnG0035173	-
h1SMnG0035174	-
h1SMnG0035175	-
h1SMnG0035176	-
h1SMnG0035177	-
h1SMnG0035178	-
h1SMnG0035179	-
h1SMnG0035180	-
h1SMnG0035181	-
h1SMnG0035182	S
h1SMnG0035183	O
h1SMnG0035184	-
h1SMnG0035185	-
h1SMnG0035186	-
h1SMnG0035187	-
h1SMnG0035188	-
h1SMnG0035189	-
h1SMnG0035190	-
h1SMnG0035191	-
h1SMnG0035192	-
h1SMnG0035193	-
h1SMnG0035194	-
h1SMnG0035195	-
h1SMnG0035196	-
h1SMnG0035197	-
h1SMnG0035198	B
h1SMnG0035199	-
h1SMnG0035200	-
h1SMnG0035201	I
h1SMnG0035202	-
h1SMnG0035203	-
h1SMnG0035204	-
h1SMnG0035205	-
h1SMnG0035206	-
h1SMnG0035207	-
h1SMnG0035208	-
h1SMnG0035209	-
h1SMnG0035210	-
h1SMnG0035211	-
h1SMnG0035212	-
h1SMnG0035213	-
h1SMnG0035214	-
h1SMnG0035215	-
h1SMnG0035216	-
h1SMnG0035217	-
h1SMnG0035218	-
h1SMnG0035219	-
h1SMnG0035220	-
h1SMnG0035221	-
h1SMnG0035222	-
h1SMnG0035223	-
h1SMnG0035224	-
h1SMnG0035225	-
h1SMnG0035226	-
h1SMnG0035227	-
h1SMnG0035228	-
h1SMnG0035229	-
h1SMnG0035230	-
h1SMnG0035231	-
h1SMnG0035232	-
h1SMnG0035233	-
h1SMnG0035234	-
h1SMnG0035235	-
h1SMnG0035236	-
h1SMnG0035237	-
h1SMnG0035238	-
h1SMnG0035239	-
h1SMnG0035240	-
h1SMnG0035241	-
h1SMnG0035242	-
h1SMnG0035243	-
h1SMnG0035244	-
h1SMnG0035245	-
h1SMnG0035246	L
h1SMnG0035247	-
h1SMnG0035248	L
h1SMnG0035249	-
h1SMnG0035250	-
h1SMnG0035251	-
h1SMnG0035252	-
h1SMnG0035253	-
h1SMnG0035254	-
h1SMnG0035255	-
h1SMnG0035256	-
h1SMnG0035257	-
h1SMnG0035258	O
h1SMnG0035259	-
h1SMnG0035260	-
h1SMnG0035261	-
h1SMnG0035262	-
h1SMnG0035263	-
h1SMnG0035264	-
h1SMnG0035265	-
h1SMnG0035266	-
h1SMnG0035267	-
h1SMnG0035268	-
h1SMnG0035269	-
h1SMnG0035270	-
h1SMnG0035271	-
h1SMnG0035272	-
h1SMnG0035273	-
h1SMnG0035274	-
h1SMnG0035275	-
h1SMnG0035276	-
h1SMnG0035277	-
h1SMnG0035278	-
h1SMnG0035279	-
h1SMnG0035280	-
h1SMnG0035281	-
h1SMnG0035282	-
h1SMnG0035283	-
h1SMnG0035284	O
h1SMnG0035285	-
h1SMnG0035286	-
h1SMnG0035287	-
h1SMnG0035288	-
h1SMnG0035289	-
h1SMnG0035290	-
h1SMnG0035291	-
h1SMnG0035292	-
h1SMnG0035293	-
h1SMnG0035294	-
h1SMnG0035295	-
h1SMnG0035296	-
h1SMnG0035297	-
h1SMnG0035298	-
h1SMnG0035299	-
h1SMnG0035300	-
h1SMnG0035301	-
h1SMnG0035302	-
h1SMnG0035303	-
h1SMnG0035304	-
h1SMnG0035305	-
h1SMnG0035306	-
h1SMnG0035307	-
h1SMnG0035308	-
h1SMnG0035309	-
h1SMnG0035310	-
h1SMnG0035311	-
h1SMnG0035312	-
h1SMnG0035313	-
h1SMnG0035314	-
h1SMnG0035315	-
h1SMnG0035316	-
h1SMnG0035317	-
h1SMnG0035318	-
h1SMnG0035319	-
h1SMnG0035320	-
h1SMnG0035321	-
h1SMnG0035322	-
h1SMnG0035323	-
h1SMnG0035324	-
h1SMnG0035325	-
h1SMnG0035326	-
h1SMnG0035327	-
h1SMnG0035328	-
h1SMnG0035329	-
h1SMnG0035330	-
h1SMnG0035331	-
h1SMnG0035332	-
h1SMnG0035333	-
h1SMnG0035334	-
h1SMnG0035335	-
h1SMnG0035336	-
h1SMnG0035337	-
h1SMnG0035338	-
h1SMnG0035339	-
h1SMnG0035340	-
h1SMnG0035341	-
h1SMnG0035342	-
h1SMnG0035343	-
h1SMnG0035344	-
h1SMnG0035345	-
h1SMnG0035346	-
h1SMnG0035347	-
h1SMnG0035348	-
h1SMnG0035349	-
h1SMnG0035350	-
h1SMnG0035351	-
h1SMnG0035352	-
h1SMnG0035353	-
h1SMnG0035354	-
h1SMnG0035355	-
h1SMnG0035356	-
h1SMnG0035357	-
h1SMnG0035359	-
h1SMnG0035361	-
h1SMnG0035362	-
h1SMnG0035363	-
h1SMnG0035364	-
h1SMnG0035365	-
h1SMnG0035366	-
h1SMnG0035367	-
h1SMnG0035368	-
h1SMnG0035369	-
h1SMnG0035370	-
h1SMnG0035371	-
h1SMnG0035372	-
h1SMnG0035373	-
h1SMnG0035374	-
h1SMnG0035375	-
h1SMnG0035376	-
h1SMnG0035377	-
h1SMnG0035378	-
h1SMnG0035379	-
h1SMnG0035380	-
h1SMnG0035381	-
h1SMnG0035382	-
h1SMnG0035383	-
h1SMnG0035384	-
h1SMnG0035385	-
h1SMnG0035386	-
h1SMnG0035387	-
h1SMnG0035388	-
h1SMnG0035389	-
h1SMnG0035390	-
h1SMnG0035391	-
h1SMnG0035392	-
h1SMnG0035393	-
h1SMnG0035394	-
h1SMnG0035395	-
h1SMnG0035396	-
h1SMnG0035397	-
h1SMnG0035398	-
h1SMnG0035399	-
h1SMnG0035400	-
h1SMnG0035401	-
h1SMnG0035402	-
h1SMnG0035403	-
h1SMnG0035404	-
h1SMnG0035405	-
h1SMnG0035406	-
h1SMnG0035407	-
h1SMnG0035408	-
h1SMnG0035409	-
h1SMnG0035410	-
h1SMnG0035411	-
h1SMnG0035412	-
h1SMnG0035413	-
h1SMnG0035414	-
h1SMnG0035415	-
h1SMnG0035416	-
h1SMnG0035417	-
h1SMnG0035418	-
h1SMnG0035419	-
h1SMnG0035420	-
h1SMnG0035421	-
h1SMnG0035422	-
h1SMnG0035423	-
h1SMnG0035424	-
h1SMnG0035425	-
h1SMnG0035426	-
h1SMnG0035427	-
h1SMnG0035428	-
h1SMnG0035429	-
h1SMnG0035430	-
h1SMnG0035431	-
h1SMnG0035432	-
h1SMnG0035433	-
h1SMnG0035434	-
h1SMnG0035435	-
h1SMnG0035436	-
h1SMnG0035437	H
h1SMnG0035438	-
h1SMnG0035439	-
h1SMnG0035440	-
h1SMnG0035441	-
h1SMnG0035442	-
h1SMnG0035443	-
h1SMnG0035444	-
h1SMnG0035445	-
h1SMnG0035446	-
h1SMnG0035447	-
h1SMnG0035448	-
h1SMnG0035449	-
h1SMnG0035450	-
h1SMnG0035451	-
h1SMnG0035452	-
h1SMnG0035453	-
h1SMnG0035454	-
h1SMnG0035455	-
h1SMnG0035456	-
h1SMnG0035457	-
h1SMnG0035458	-
h1SMnG0035459	-
h1SMnG0035460	-
h1SMnG0035461	-
h1SMnG0035462	-
h1SMnG0035463	O
h1SMnG0035464	-
h1SMnG0035465	-
h1SMnG0035466	-
h1SMnG0035467	-
h1SMnG0035468	-
h1SMnG0035469	-
h1SMnG0035470	-
h1SMnG0035471	-
h1SMnG0035472	-
h1SMnG0035473	-
h1SMnG0035474	-
h1SMnG0035475	-
h1SMnG0035476	-
h1SMnG0035477	-
h1SMnG0035478	-
h1SMnG0035479	-
h1SMnG0035480	-
h1SMnG0035481	-
h1SMnG0035482	-
h1SMnG0035483	-
h1SMnG0035484	-
h1SMnG0035485	-
h1SMnG0035486	-
h1SMnG0035487	-
h1SMnG0035488	-
h1SMnG0035489	-
h1SMnG0035490	-
h1SMnG0035491	-
h1SMnG0035492	-
h1SMnG0035493	-
h1SMnG0035494	-
h1SMnG0035495	E
h1SMnG0035496	-
h1SMnG0035497	-
h1SMnG0035498	-
h1SMnG0035499	-
h1SMnG0035500	-
h1SMnG0035501	-
h1SMnG0035502	-
h1SMnG0035503	-
h1SMnG0035504	-
h1SMnG0035505	-
h1SMnG0035506	-
h1SMnG0035507	-
h1SMnG0035508	-
h1SMnG0035509	-
h1SMnG0035510	-
h1SMnG0035511	-
h1SMnG0035512	-
h1SMnG0035513	-
h1SMnG0035514	-
h1SMnG0035515	-
h1SMnG0035516	-
h1SMnG0035517	-
h1SMnG0035518	-
h1SMnG0035519	-
h1SMnG0035520	-
h1SMnG0035521	-
h1SMnG0035522	-
h1SMnG0035523	-
h1SMnG0035524	S
h1SMnG0035525	-
h1SMnG0035526	-
h1SMnG0035527	-
h1SMnG0035528	-
h1SMnG0035529	-
h1SMnG0035530	-
h1SMnG0035531	-
h1SMnG0035532	-
h1SMnG0035533	-
h1SMnG0035534	-
h1SMnG0035535	-
h1SMnG0035536	-
h1SMnG0035537	-
h1SMnG0035538	-
h1SMnG0035539	E
h1SMnG0035540	-
h1SMnG0035541	-
h1SMnG0035542	O
h1SMnG0035543	-
h1SMnG0035544	-
h1SMnG0035545	-
h1SMnG0035546	-
h1SMnG0035547	-
h1SMnG0035548	-
h1SMnG0035549	-
h1SMnG0035550	-
h1SMnG0035551	-
h1SMnG0035552	-
h1SMnG0035553	-
h1SMnG0035554	-
h1SMnG0035555	-
h1SMnG0035556	-
h1SMnG0035557	-
h1SMnG0035558	-
h1SMnG0035559	-
h1SMnG0035560	-
h1SMnG0035561	-
h1SMnG0035562	-
h1SMnG0035563	-
h1SMnG0035564	-
h1SMnG0035565	-
h1SMnG0035566	-
h1SMnG0035567	-
h1SMnG0035568	-
h1SMnG0035569	-
h1SMnG0035570	-
h1SMnG0035571	-
h1SMnG0035572	-
h1SMnG0035573	-
h1SMnG0035574	-
h1SMnG0035575	-
h1SMnG0035576	-
h1SMnG0035577	-
h1SMnG0035578	-
h1SMnG0035579	-
h1SMnG0035580	-
h1SMnG0035581	-
h1SMnG0035582	-
h1SMnG0035583	-
h1SMnG0035584	-
h1SMnG0035585	-
h1SMnG0035586	-
h1SMnG0035587	-
h1SMnG0035588	-
h1SMnG0035589	-
h1SMnG0035590	L
h1SMnG0035591	-
h1SMnG0035592	-
h1SMnG0035593	-
h1SMnG0035594	-
h1SMnG0035595	-
h1SMnG0035596	-
h1SMnG0035597	-
h1SMnG0035598	-
h1SMnG0035599	-
h1SMnG0035600	-
h1SMnG0035601	-
h1SMnG0035602	-
h1SMnG0035606	-
h1SMnG0035607	-
h1SMnG0035608	-
h1SMnG0035609	-
h1SMnG0035610	-
h1SMnG0035611	-
h1SMnG0035612	-
h1SMnG0035613	-
h1SMnG0035614	-
h1SMnG0035615	-
h1SMnG0035616	-
h1SMnG0035617	-
h1SMnG0035618	-
h1SMnG0035619	-
