"","p_val","avg_log2FC","pct.1","pct.2","p_val_adj","cluster","gene"
"1",0,0.0190891074008677,0.221,0.01,0,"0","h1SMcG0009545"
"2",0,0.0143923930050286,0.222,0.022,0,"0","h1SMcG0018921"
"3",0,0.0142299547158079,0.13,0.011,0,"0","h1SMcG0016624"
"4",0,0.0140552283924842,0.268,0.024,0,"0","h1SMcG0003863"
"5",0,0.0132240926670196,0.117,0.013,0,"0","h1SMcG0015241"
"6",0,0.0129505591272339,0.123,0.013,0,"0","h1SMcG0010644"
"7",0,0.0129219554122327,0.109,0.012,0,"0","h1SMcG0018920"
"8",0,0.0124286018016775,0.127,0.015,0,"0","h1SMcG0013018"
"9",0,0.012339477842078,0.107,0.012,0,"0","h1SMcG0000100"
"10",0,0.0122699118150767,0.261,0.034,0,"0","h1SMcG0009890"
"11",0,0.012269411825146,0.238,0.027,0,"0","h1SMcG0021052"
"12",0,0.0114921665821319,0.102,0.013,0,"0","h1SMcG0005710"
"13",0,0.0114787289224928,0.102,0.013,0,"0","h1SMcG0014446"
"14",0,0.0113435983584771,0.107,0.014,0,"0","h1SMcG0012853"
"15",0,0.0109115802306048,0.116,0.016,0,"0","h1SMcG0005709"
"16",0,0.0108484205910886,0.13,0.018,0,"0","h1SMcG0020793"
"17",0,0.0108272411485811,0.121,0.017,0,"0","h1SMcG0010315"
"18",0,0.0107096423129816,0.121,0.017,0,"0","h1SMcG0014350"
"19",0,0.0106207389090549,0.115,0.016,0,"0","h1SMcG0010026"
"20",0,0.0106041075932844,0.357,0.055,0,"0","h1SMcG0015883"
"21",0,0.0102590295676119,0.122,0.019,0,"0","h1SMcG0004414"
"22",0,0.0102500874985118,0.148,0.021,0,"0","h1SMcG0010294"
"23",0,0.0100433074292042,0.114,0.017,0,"0","h1SMcG0003714"
"24",0,0.00992024870462741,0.115,0.018,0,"0","h1SMcG0011323"
"25",0,0.00987163479019472,0.21,0.032,0,"0","h1SMcG0017955"
"26",0,0.00964584775517428,0.143,0.023,0,"0","h1SMcG0017844"
"27",0,0.00947090708038376,0.733,0.199,0,"0","h1SMcG0019136"
"28",0,0.00936041064082397,0.113,0.019,0,"0","h1SMcG0015110"
"29",0,0.00922989828377384,0.116,0.019,0,"0","h1SMcG0019374"
"30",0,0.00921962822570295,0.147,0.026,0,"0","h1SMcG0011923"
"31",0,0.0209146371774177,0.122,0.009,0,"1","h1SMcG0016288"
"32",0,0.0201206879261641,0.442,0.04,0,"1","h1SMcG0005241"
"33",0,0.0192790999129021,0.161,0.014,0,"1","h1SMcG0004324"
"34",0,0.0192367161705692,0.152,0.013,0,"1","h1SMcG0006263"
"35",0,0.0189743127061946,0.379,0.036,0,"1","h1SMcG0013162"
"36",0,0.0188651632956241,0.404,0.039,0,"1","h1SMcG0009165"
"37",0,0.0187622127397444,0.671,0.074,0,"1","h1SMcG0013999"
"38",0,0.0184132876063147,0.111,0.01,0,"1","h1SMcG0000104"
"39",0,0.0181299636740647,0.126,0.012,0,"1","h1SMcG0022441"
"40",0,0.018096693596771,0.399,0.04,0,"1","h1SMcG0006230"
"41",0,0.0177217140221819,0.167,0.016,0,"1","h1SMcG0015174"
"42",0,0.0167275021797673,0.146,0.015,0,"1","h1SMnG0014820"
"43",0,0.0160482147447352,0.168,0.019,0,"1","h1SMcG0004666"
"44",0,0.0159968519391724,0.992,0.252,0,"1","h1SMcG0008035"
"45",0,0.0158744594033526,0.43,0.055,0,"1","h1SMcG0016303"
"46",0,0.0154710019671065,0.314,0.039,0,"1","h1SMcG0020537"
"47",0,0.0150438187418244,0.122,0.015,0,"1","h1SMcG0016296"
"48",0,0.0145370643087627,0.196,0.025,0,"1","h1SMcG0001110"
"49",0,0.0143809344487775,0.378,0.055,0,"1","h1SMnG0014807"
"50",0,0.0143733131939693,0.137,0.018,0,"1","h1SMcG0006087"
"51",0,0.0141065446957982,0.12,0.016,0,"1","h1SMcG0016295"
"52",0,0.0139696145370904,0.279,0.039,0,"1","h1SMnG0033052"
"53",0,0.0138792463628934,0.13,0.017,0,"1","h1SMcG0016193"
"54",0,0.012984645151638,0.164,0.024,0,"1","h1SMcG0009920"
"55",0,0.0126711961736867,0.189,0.029,0,"1","h1SMcG0013548"
"56",0,0.0123065328639785,0.105,0.016,0,"1","h1SMcG0013665"
"57",0,0.0121902868353173,0.114,0.017,0,"1","h1SMcG0019146"
"58",0,0.0120040066764457,0.282,0.047,0,"1","h1SMcG0006725"
"59",0,0.0119688535788513,0.119,0.018,0,"1","h1SMcG0007358"
"60",0,0.0119034375621659,0.12,0.02,0,"1","h1SMnG0030822"
"61",0,0.0452871880413517,0.426,0.006,0,"2","h1SMcG0016673"
"62",0,0.0439806068362811,0.464,0.007,0,"2","h1SMcG0020022"
"63",0,0.0327399688573873,0.134,0.005,0,"2","h1SMcG0017506"
"64",0,0.0285932274261885,0.809,0.064,0,"2","h1SMcG0015236"
"65",0,0.0279749998645082,0.258,0.013,0,"2","h1SMcG0021771"
"66",0,0.0272649963042157,0.482,0.03,0,"2","h1SMcG0017034"
"67",0,0.0242276678311561,0.158,0.01,0,"2","h1SMcG0010878"
"68",0,0.0216178759849383,0.856,0.093,0,"2","h1SMcG0022555"
"69",0,0.0215379160371049,0.659,0.062,0,"2","h1SMcG0019141"
"70",0,0.0213399472990915,0.18,0.015,0,"2","h1SMcG0014322"
"71",0,0.0213037335226622,0.221,0.018,0,"2","h1SMcG0021139"
"72",0,0.0210087294099711,0.572,0.054,0,"2","h1SMcG0019140"
"73",0,0.020961528420886,0.708,0.069,0,"2","h1SMcG0018100"
"74",0,0.0207636184272658,0.77,0.08,0,"2","h1SMcG0016741"
"75",0,0.0207423993970434,0.758,0.079,0,"2","h1SMcG0001082"
"76",0,0.0205696570171883,0.716,0.072,0,"2","h1SMcG0018373"
"77",0,0.0204470396587314,0.617,0.061,0,"2","h1SMcG0002221"
"78",0,0.0203633552539213,0.69,0.071,0,"2","h1SMcG0014134"
"79",0,0.0202774566247057,0.437,0.04,0,"2","h1SMcG0010597"
"80",0,0.0193858040549302,0.572,0.066,0,"2","h1SMcG0017092"
"81",0,0.0190479409640536,0.133,0.012,0,"2","h1SMcG0015115"
"82",0,0.0185028029437074,0.664,0.077,0,"2","h1SMcG0020690"
"83",0,0.0183679520011543,0.153,0.015,0,"2","h1SMcG0021580"
"84",0,0.0180136992645701,0.354,0.039,0,"2","h1SMcG0017536"
"85",0,0.0178477287616115,0.113,0.012,0,"2","h1SMcG0000708"
"86",0,0.0176905501840929,0.158,0.016,0,"2","h1SMcG0018877"
"87",0,0.0176242110407991,0.612,0.073,0,"2","h1SMcG0006787"
"88",0,0.0168524716417299,0.376,0.043,0,"2","h1SMcG0003258"
"89",0,0.0165519790902968,0.1,0.011,0,"2","h1SMcG0016899"
"90",0,0.0162896496573408,0.121,0.013,0,"2","h1SMcG0002309"
"91",0,0.0171775398825584,0.204,0.02,0,"3","h1SMcG0020682"
"92",0,0.0166707075279401,0.188,0.019,0,"3","h1SMcG0001827"
"93",0,0.0138897064045483,0.763,0.1,0,"3","h1SMcG0000998"
"94",0,0.0122645815256798,0.1,0.015,0,"3","h1SMcG0015103"
"95",0,0.0120848355157326,0.595,0.087,0,"3","h1SMcG0020983"
"96",0,0.0119160631116877,0.266,0.038,0,"3","h1SMcG0005277"
"97",0,0.0116111118427794,0.12,0.019,0,"3","h1SMcG0022393"
"98",0,0.0111858380993372,0.326,0.053,0,"3","h1SMcG0013798"
"99",0,0.010944087586974,0.265,0.045,0,"3","h1SMcG0014744"
"100",0,0.0109181801961459,0.125,0.023,0,"3","h1SMcG0019319"
"101",0,0.0108367922746175,0.11,0.019,0,"3","h1SMcG0015610"
"102",0,0.0106339467657837,0.248,0.042,0,"3","h1SMcG0012609"
"103",0,0.0105543731557546,0.603,0.103,0,"3","h1SMcG0009472"
"104",0,0.0104863716520826,0.704,0.126,0,"3","h1SMcG0006857"
"105",0,0.0104614958832896,0.117,0.021,0,"3","h1SMcG0004401"
"106",0,0.0104340651396784,0.167,0.029,0,"3","h1SMcG0011201"
"107",0,0.0102496077723026,0.468,0.078,0,"3","h1SMcG0012064"
"108",0,0.0100731031411537,0.138,0.025,0,"3","h1SMcG0004594"
"109",0,0.0100676567680242,0.239,0.043,0,"3","h1SMcG0020942"
"110",0,0.0100424053541262,0.257,0.047,0,"3","h1SMcG0013445"
"111",0,0.0100367997104242,0.153,0.028,0,"3","h1SMcG0013219"
"112",0,0.00988067035075091,0.28,0.052,0,"3","h1SMcG0011841"
"113",0,0.00985926154328278,0.165,0.031,0,"3","h1SMcG0007395"
"114",0,0.00978015988723314,0.667,0.118,0,"3","h1SMcG0007433"
"115",0,0.00965453168111733,0.248,0.045,0,"3","h1SMcG0017536"
"116",0,0.00957875793592088,0.489,0.081,0,"3","h1SMcG0006787"
"117",0,0.00926660806286369,0.256,0.05,0,"3","h1SMcG0003258"
"118",0,0.00919946630040064,0.295,0.059,0,"3","h1SMcG0022236"
"119",0,0.0091582478425936,0.505,0.082,0,"3","h1SMcG0018100"
"120",0,0.0089665137659899,0.122,0.024,0,"3","h1SMcG0021139"
"121",0,0.0569745746585395,0.411,0.002,0,"4","h1SMcG0003663"
"122",0,0.0556645272557276,0.799,0.008,0,"4","h1SMcG0008281"
"123",0,0.0555784434447001,0.251,0.002,0,"4","h1SMcG0015909"
"124",0,0.0550272761816926,0.488,0.005,0,"4","h1SMcG0002559"
"125",0,0.0543821695062643,0.148,0.001,0,"4","h1SMcG0002556"
"126",0,0.05353068923285,0.18,0.001,0,"4","h1SMcG0006423"
"127",0,0.0532256528291176,0.21,0.002,0,"4","h1SMcG0005150"
"128",0,0.0529883112865747,0.133,0.001,0,"4","h1SMcG0004988"
"129",0,0.0528322536801679,0.135,0.001,0,"4","h1SMnG0030391"
"130",0,0.0526747370877391,0.101,0.001,0,"4","h1SMcG0018233"
"131",0,0.0524120029044054,0.564,0.011,0,"4","h1SMcG0002557"
"132",0,0.0522804559999745,0.15,0.001,0,"4","h1SMcG0018236"
"133",0,0.0517698096432551,0.144,0.001,0,"4","h1SMnG0013150"
"134",0,0.0516753503518062,0.185,0.002,0,"4","h1SMcG0018489"
"135",0,0.0515807222187718,0.262,0.003,0,"4","h1SMcG0018485"
"136",0,0.0515683551643605,0.121,0.001,0,"4","h1SMcG0018176"
"137",0,0.0515389554968517,0.982,0.037,0,"4","h1SMcG0013410"
"138",0,0.0507347704969337,0.174,0.002,0,"4","h1SMcG0017245"
"139",0,0.0506918264851435,0.158,0.002,0,"4","h1SMcG0020137"
"140",0,0.0506273813478731,0.112,0.001,0,"4","h1SMcG0018171"
"141",0,0.0505381610019139,0.308,0.004,0,"4","h1SMcG0011148"
"142",0,0.0504650060616822,0.258,0.003,0,"4","h1SMcG0002085"
"143",0,0.0503110702833859,0.487,0.008,0,"4","h1SMnG0022132"
"144",0,0.0501121017902172,0.13,0.002,0,"4","h1SMnG0004189"
"145",0,0.0500630868845264,0.181,0.002,0,"4","h1SMnG0022130"
"146",0,0.0500610995867618,0.17,0.002,0,"4","h1SMcG0018239"
"147",0,0.0500598516104354,0.712,0.017,0,"4","h1SMnG0021984"
"148",0,0.0499565775697417,0.112,0.001,0,"4","h1SMnG0025414"
"149",0,0.049836083920769,0.153,0.002,0,"4","h1SMcG0005452"
"150",0,0.0497486042377399,0.171,0.002,0,"4","h1SMcG0017436"
"151",0,0.0570064742913702,0.103,0.001,0,"5","h1SMnG0009249"
"152",0,0.0567149123352951,0.272,0.002,0,"5","h1SMcG0005487"
"153",0,0.0454654334903391,0.139,0.003,0,"5","h1SMcG0001650"
"154",0,0.0450662191117124,0.518,0.015,0,"5","h1SMcG0007170"
"155",0,0.0426570008013357,0.377,0.01,0,"5","h1SMcG0011169"
"156",0,0.0425439894944135,0.191,0.005,0,"5","h1SMcG0016770"
"157",0,0.0418214488393528,0.164,0.004,0,"5","h1SMcG0008734"
"158",0,0.0400497455120285,0.205,0.006,0,"5","h1SMnG0014588"
"159",0,0.0395384899767602,0.493,0.017,0,"5","h1SMcG0003473"
"160",0,0.0393830043763496,0.212,0.007,0,"5","h1SMcG0005213"
"161",0,0.0372956124191021,0.659,0.028,0,"5","h1SMcG0016328"
"162",0,0.0367821011756172,0.119,0.004,0,"5","h1SMcG0002211"
"163",0,0.0362512006112097,0.116,0.004,0,"5","h1SMcG0016398"
"164",0,0.0356719053425584,0.297,0.012,0,"5","h1SMcG0015571"
"165",0,0.0353312291303372,0.169,0.006,0,"5","h1SMcG0009177"
"166",0,0.0351670983773127,0.103,0.004,0,"5","h1SMnG0009124"
"167",0,0.0347716226161183,0.132,0.005,0,"5","h1SMnG0026464"
"168",0,0.0345376664548342,0.116,0.005,0,"5","h1SMcG0001209"
"169",0,0.0337626253223699,0.151,0.006,0,"5","h1SMcG0016304"
"170",0,0.0335244961938259,0.224,0.01,0,"5","h1SMnG0009126"
"171",0,0.0330327402726889,0.203,0.008,0,"5","h1SMcG0001681"
"172",0,0.0326118457653662,0.151,0.007,0,"5","h1SMcG0016264"
"173",0,0.0322979052854937,0.123,0.005,0,"5","h1SMcG0008238"
"174",0,0.0316663595615332,0.198,0.009,0,"5","h1SMcG0007060"
"175",0,0.0313541358018819,0.367,0.018,0,"5","h1SMnG0002083"
"176",0,0.0310183023819544,0.533,0.031,0,"5","h1SMcG0016327"
"177",0,0.0305691059553471,0.16,0.008,0,"5","h1SMcG0019473"
"178",0,0.030416227974435,0.369,0.019,0,"5","h1SMcG0016144"
"179",0,0.0298650850674835,0.129,0.007,0,"5","h1SMcG0019539"
"180",0,0.0290301085187833,0.118,0.006,0,"5","h1SMnG0002084"
"181",0,0.00899425750711527,0.496,0.091,0,"6","h1SMcG0013999"
"182",0,0.00873287939972701,0.275,0.053,0,"6","h1SMcG0005241"
"183",0,0.0087197949682355,0.23,0.047,0,"6","h1SMcG0013162"
"184",0,0.0081398342787178,0.234,0.051,0,"6","h1SMcG0009165"
"185",0,0.00797564446006869,0.211,0.048,0,"6","h1SMcG0020537"
"186",0,0.00773055892172175,0.969,0.265,0,"6","h1SMcG0008035"
"187",0,0.00665798248948072,0.221,0.053,0,"6","h1SMcG0006230"
"188",0,0.00613866874186175,0.246,0.069,0,"6","h1SMcG0016303"
"189",0,0.00519496937020096,0.606,0.21,0,"6","h1SMcG0019482"
"190",0,0.00367458387423823,0.515,0.217,0,"6","h1SMcG0002117"
"191",0.000000000000000000000000000000000000000000000000000000000000000000000000000000000000000000000000000000000000000000000000000000000000000000000000000000000000000000000000000000000000000000000000000000000000000000000000000000000000000000000000000000000000000000000000000000000000000000000000000000000000294726389028855,0.00459310581877631,0.318,0.116,0.0000000000000000000000000000000000000000000000000000000000000000000000000000000000000000000000000000000000000000000000000000000000000000000000000000000000000000000000000000000000000000000000000000000000000000000000000000000000000000000000000000000000000000000000000000000000000000000000000000000143555329568175,"6","h1SMcG0021692"
"192",0.00000000000000000000000000000000000000000000000000000000000000000000000000000000000000000000000000000000000000000000000000000000000000000000000000000000000000000000000000000000000000000000000000000000000000000000000000000000000000000000000000000000000000000000000000000000000000000000208711124722298,0.00365301381535229,0.403,0.174,0.000000000000000000000000000000000000000000000000000000000000000000000000000000000000000000000000000000000000000000000000000000000000000000000000000000000000000000000000000000000000000000000000000000000000000000000000000000000000000000000000000000000000000000000000000000000000000101659014629737,"6","h1SMcG0013540"
"193",0.000000000000000000000000000000000000000000000000000000000000000000000000000000000000000000000000000000000000000000000000000000000000000000000000000000000000000000000000000000000000000000000000000000000000000000000000000475410219634258,0.00594966977925292,0.18,0.055,0.0000000000000000000000000000000000000000000000000000000000000000000000000000000000000000000000000000000000000000000000000000000000000000000000000000000000000000000000000000000000000000000000000000000000000000000000231562809779454,"6","h1SMcG0006725"
"194",0.00000000000000000000000000000000000000000000000000000000000000000000000000000000000000000000000000000000000000000000000000000000000000000000000000000000000000000791141302004463,0.00354428321351934,0.243,0.103,0.000000000000000000000000000000000000000000000000000000000000000000000000000000000000000000000000000000000000000000000000000000000000000000000000000000000000385349105380334,"6","h1SMcG0013627"
"195",0.00000000000000000000000000000000000000000000000000000000000000000000000000000000000000000000000000000000000000000000000000000000000000000000000000000000000340117331259213,0.00400131608766763,0.183,0.068,0.000000000000000000000000000000000000000000000000000000000000000000000000000000000000000000000000000000000000000000000000000000000000000000000000000000165664349709738,"6","h1SMnG0014807"
"196",0.0000000000000000000000000000000000000000000000000000000000000000000000000000000000000000000000000000000000000000000000000000000000000000000000000000587583129477784,0.00602364224731756,0.116,0.034,0.00000000000000000000000000000000000000000000000000000000000000000000000000000000000000000000000000000000000000000000000000000000000000000000000286199990706039,"6","h1SMcG0013548"
"197",0.00000000000000000000000000000000000000000000000000000000000000000000000000000000000000000000000000000000000000000000000000000000000000000000371880102597585,0.00529275711099863,0.134,0.044,0.000000000000000000000000000000000000000000000000000000000000000000000000000000000000000000000000000000000000000000000000000000000000000181135360373232,"6","h1SMcG0005979"
"198",0.0000000000000000000000000000000000000000000000000000000000000000000000000000000000000000000000000000000000000000000000000000000000000000000785094840599212,0.00476613854185584,0.142,0.049,0.00000000000000000000000000000000000000000000000000000000000000000000000000000000000000000000000000000000000000000000000000000000000000382403994959064,"6","h1SMnG0033052"
"199",0.0000000000000000000000000000000000000000000000000000000000000000000000000000000000000000000000000000000000000000000000000000000000000000406019614381768,0.00490614806293676,0.139,0.048,0.00000000000000000000000000000000000000000000000000000000000000000000000000000000000000000000000000000000000000000000000000000000000197764033773071,"6","h1SMcG0008036"
"200",0.0000000000000000000000000000000000000000000000000000000000000000000000000000000000000000000000000000000000000000000000000000000000000321918134843261,0.0032934101809293,0.243,0.113,0.00000000000000000000000000000000000000000000000000000000000000000000000000000000000000000000000000000000000000000000000000000000156799885119456,"6","h1SMcG0023144"
"201",0.00000000000000000000000000000000000000000000000000000000000000000000000000000000000000000000000000000000000000000000000000000122812719014449,0.00344348284360008,0.204,0.089,0.0000000000000000000000000000000000000000000000000000000000000000000000000000000000000000000000000000000000000000000000000598196191775576,"6","h1SMcG0004525"
"202",0.0000000000000000000000000000000000000000000000000000000000000000000000000000000000000000000000000000000000000000000775825109952119,0.005514931662053,0.101,0.032,0.00000000000000000000000000000000000000000000000000000000000000000000000000000000000000000000000000000000000000377888894555478,"6","h1SMcG0001110"
"203",0.000000000000000000000000000000000000000000000000000000000000000000000000000000000000000000000000000000000000038679747523163,0.00436569019518446,0.127,0.047,0.00000000000000000000000000000000000000000000000000000000000000000000000000000000000000000000000000000000188401314235822,"6","h1SMcG0002175"
"204",0.00000000000000000000000000000000000000000000000000000000000000000000000000000000000000000000000000000000171372353124294,0.00442851162045069,0.125,0.047,0.0000000000000000000000000000000000000000000000000000000000000000000000000000000000000000000000000000834720457597813,"6","h1SMcG0004888"
"205",0.000000000000000000000000000000000000000000000000000000000000000000000000000000000000000000000000000323103625649621,0.00452676682556195,0.109,0.039,0.0000000000000000000000000000000000000000000000000000000000000000000000000000000000000000000000157377313981417,"6","h1SMcG0006354"
"206",0.00000000000000000000000000000000000000000000000000000000000000000000000000000000000112796573918964,0.0033522419244569,0.144,0.063,0.0000000000000000000000000000000000000000000000000000000000000000000000000000000549409552244492,"6","h1SMcG0006604"
"207",0.00000000000000000000000000000000000000000000000000000000000000000000000000000000987870074401388,0.00364649244817641,0.122,0.051,0.000000000000000000000000000000000000000000000000000000000000000000000000000481171755839428,"6","h1SMcG0010072"
"208",0.000000000000000000000000000000000000000000000000000000000000000000000000000000814789349296255,0.00386522649798393,0.114,0.047,0.000000000000000000000000000000000000000000000000000000000000000000000000039686759625522,"6","h1SMcG0014127"
"209",0.00000000000000000000000000000000000000000000000000000000000000000000000165687347927599,0.00370341600062652,0.103,0.042,0.0000000000000000000000000000000000000000000000000000000000000000000807029934285752,"6","h1SMcG0018635"
"210",0.0000000000000000000000000000000000000000000000000000000000084857620597805,0.00317655675651934,0.108,0.048,0.000000000000000000000000000000000000000000000000000000413324498407789,"6","h1SMcG0011798"
"211",0,0.0619951861692581,0.175,0.001,0,"7","h1SMcG0001563"
"212",0,0.0572178437197716,0.285,0.005,0,"7","h1SMnG0035548"
"213",0,0.055068482687811,0.136,0.002,0,"7","h1SMcG0020713"
"214",0,0.0544723491476276,0.17,0.003,0,"7","h1SMcG0014294"
"215",0,0.0531280141264179,0.127,0.002,0,"7","h1SMcG0001855"
"216",0,0.0473663484655128,0.247,0.006,0,"7","h1SMnG0016099"
"217",0,0.0466912914693314,0.127,0.003,0,"7","h1SMcG0012816"
"218",0,0.045783208915314,0.559,0.016,0,"7","h1SMcG0020329"
"219",0,0.0457694541929459,0.249,0.007,0,"7","h1SMnG0026366"
"220",0,0.0455679046262798,0.104,0.003,0,"7","h1SMcG0009931"
"221",0,0.0455242534730453,0.758,0.046,0,"7","h1SMcG0007437"
"222",0,0.0452035147767486,0.749,0.024,0,"7","h1SMcG0014762"
"223",0,0.0450037282598297,0.145,0.004,0,"7","h1SMcG0006015"
"224",0,0.0448288836599281,0.197,0.006,0,"7","h1SMcG0015418"
"225",0,0.0447156284572801,0.724,0.052,0,"7","h1SMcG0001103"
"226",0,0.0441578016001901,0.395,0.013,0,"7","h1SMcG0002331"
"227",0,0.0428866876251202,0.103,0.003,0,"7","h1SMnG0019887"
"228",0,0.0423448353669302,0.198,0.006,0,"7","h1SMcG0020432"
"229",0,0.0418910727561042,0.42,0.017,0,"7","h1SMcG0007525"
"230",0,0.0415823611424284,0.119,0.003,0,"7","h1SMcG0008330"
"231",0,0.0408822299472124,0.329,0.012,0,"7","h1SMcG0016267"
"232",0,0.0407459936848344,0.567,0.024,0,"7","h1SMcG0018055"
"233",0,0.0395924121826836,0.106,0.004,0,"7","h1SMcG0000050"
"234",0,0.0393153677188009,0.114,0.004,0,"7","h1SMcG0008331"
"235",0,0.0388060405015041,0.16,0.006,0,"7","h1SMnG0016104"
"236",0,0.0375787872704453,0.4,0.019,0,"7","h1SMcG0005747"
"237",0,0.0374312663263406,0.291,0.013,0,"7","h1SMcG0013203"
"238",0,0.0357691255038469,0.408,0.022,0,"7","h1SMcG0006122"
"239",0,0.0354833829159903,0.101,0.004,0,"7","h1SMcG0006409"
"240",0,0.0354631090968124,0.113,0.005,0,"7","h1SMcG0002865"
"241",0,0.0639917687618415,0.383,0.004,0,"8","h1SMnG0032240"
"242",0,0.0583070740703145,0.119,0.002,0,"8","h1SMcG0017260"
"243",0,0.0530249708740502,0.107,0.002,0,"8","h1SMcG0009321"
"244",0,0.0513224532497807,0.206,0.004,0,"8","h1SMcG0004264"
"245",0,0.0511861708830095,0.189,0.004,0,"8","h1SMcG0015836"
"246",0,0.050070333368412,0.407,0.01,0,"8","h1SMcG0009814"
"247",0,0.0484840309943983,0.277,0.007,0,"8","h1SMcG0010721"
"248",0,0.0464822952587127,0.203,0.005,0,"8","h1SMcG0010504"
"249",0,0.045744463626306,0.218,0.006,0,"8","h1SMcG0002455"
"250",0,0.0451386037512694,0.182,0.005,0,"8","h1SMnG0026803"
"251",0,0.0450857591763453,0.566,0.022,0,"8","h1SMcG0007332"
"252",0,0.0445983425554653,0.1,0.003,0,"8","h1SMcG0010518"
"253",0,0.0443273024185752,0.176,0.005,0,"8","h1SMcG0022039"
"254",0,0.044297178400379,0.17,0.005,0,"8","h1SMcG0009382"
"255",0,0.0435610074704112,0.174,0.006,0,"8","h1SMcG0013800"
"256",0,0.0428682991446298,0.178,0.006,0,"8","h1SMcG0011059"
"257",0,0.041981042366027,0.898,0.09,0,"8","h1SMcG0015757"
"258",0,0.0418329606245924,0.459,0.018,0,"8","h1SMcG0008123"
"259",0,0.0402150643709811,0.385,0.015,0,"8","h1SMcG0018988"
"260",0,0.0402087348909723,0.277,0.011,0,"8","h1SMcG0018315"
"261",0,0.0391872901804007,0.178,0.007,0,"8","h1SMcG0002487"
"262",0,0.038853979219654,0.171,0.006,0,"8","h1SMcG0016259"
"263",0,0.0377481140781492,0.385,0.018,0,"8","h1SMcG0017763"
"264",0,0.0376942610012474,0.107,0.004,0,"8","h1SMcG0012189"
"265",0,0.036288740443391,0.823,0.082,0,"8","h1SMcG0009175"
"266",0,0.0362728847989863,0.687,0.049,0,"8","h1SMcG0018987"
"267",0,0.0356974831548998,0.707,0.058,0,"8","h1SMnG0009123"
"268",0,0.0356619228467295,0.453,0.025,0,"8","h1SMcG0006393"
"269",0,0.0349035816180958,0.104,0.005,0,"8","h1SMcG0015144"
"270",0,0.0344282631185624,0.242,0.012,0,"8","h1SMcG0013526"
"271",0,0.0643406604558443,0.144,0.001,0,"9","h1SMcG0005614"
"272",0,0.0641757332622366,0.191,0.002,0,"9","h1SMcG0005568"
"273",0,0.0627763927032931,0.377,0.004,0,"9","h1SMcG0005537"
"274",0,0.0618338920623814,0.685,0.012,0,"9","h1SMcG0005534"
"275",0,0.0614733347088847,0.383,0.005,0,"9","h1SMcG0005538"
"276",0,0.0610942690302054,0.534,0.008,0,"9","h1SMcG0005543"
"277",0,0.0610901961648944,0.527,0.008,0,"9","h1SMcG0005613"
"278",0,0.0600013095697631,0.528,0.009,0,"9","h1SMcG0005567"
"279",0,0.0591504995599371,0.701,0.015,0,"9","h1SMcG0005535"
"280",0,0.0588771031860486,0.201,0.003,0,"9","h1SMcG0005540"
"281",0,0.0555207424448855,0.395,0.008,0,"9","h1SMcG0005539"
"282",0,0.045902235900318,0.125,0.003,0,"9","h1SMcG0021085"
"283",0,0.0239334143022902,0.232,0.019,0,"9","h1SMcG0016868"
"284",0,0.0238284050892485,0.118,0.009,0,"9","h1SMcG0016863"
"285",0,0.0228071644450927,0.201,0.018,0,"9","h1SMnG0000528"
"286",0,0.0179861949223104,0.126,0.014,0,"9","h1SMcG0008441"
"287",0,0.0126520438373774,0.13,0.021,0,"9","h1SMcG0017957"
"288",0,0.0120771714123577,0.126,0.021,0,"9","h1SMcG0011204"
"289",0,0.0105924885491378,0.161,0.021,0,"9","h1SMcG0020145"
"290",0,0.00878448779289087,0.184,0.038,0,"9","h1SMcG0021179"
"291",0,0.00821692756991099,0.349,0.071,0,"9","h1SMcG0003194"
"292",0,0.00760026643063394,0.189,0.034,0,"9","h1SMcG0009480"
"293",0,0.00713130594564346,0.241,0.066,0,"9","h1SMcG0022319"
"294",0,0.00708045905416835,0.167,0.032,0,"9","h1SMcG0009479"
"295",0.000000000000000000000000000000000000000000000000000000000000000000000000000000000000000000000000000000000000000000000000000000000000000000000000000000000000000000000000000000000000000000000000000000000000000000000000000000000000000000000000000000000000000000000000000000000000000000000000000000000173266963086073,0.00688481606969578,0.22,0.06,0.00000000000000000000000000000000000000000000000000000000000000000000000000000000000000000000000000000000000000000000000000000000000000000000000000000000000000000000000000000000000000000000000000000000000000000000000000000000000000000000000000000000000000000000000000000000000000000000000000000843948723799645,"9","h1SMcG0016977"
"296",0.0000000000000000000000000000000000000000000000000000000000000000000000000000000000000000000000000000000000000000000000000000000000000000000000000000000000000000000000000000000000000000000000000000000000000000000000000000000000000000000000000000000000000000000000000000000000000000000000000000585215949101952,0.0115948662858086,0.116,0.02,0.00000000000000000000000000000000000000000000000000000000000000000000000000000000000000000000000000000000000000000000000000000000000000000000000000000000000000000000000000000000000000000000000000000000000000000000000000000000000000000000000000000000000000000000000000000000000000000000000285046984488579,"9","h1SMcG0013956"
"297",0.0000000000000000000000000000000000000000000000000000000000000000000000000000000000000000000000000000000000000000000000000000000000000000000000000000000000000000000000000000000000000000000000000000000000000000000000000000000000000000000000000000000000000000000000000000000000000000000000020508653889072,0.0112535666489074,0.124,0.023,0.0000000000000000000000000000000000000000000000000000000000000000000000000000000000000000000000000000000000000000000000000000000000000000000000000000000000000000000000000000000000000000000000000000000000000000000000000000000000000000000000000000000000000000000000000000000000000000000998935513628918,"9","h1SMcG0009848"
"298",0.0000000000000000000000000000000000000000000000000000000000000000000000000000000000000000000000000000000000000000000000000000000000000000000000000000000000000000000000000000000000000000000000000000000000000000000000000000000000000000000316375647321894,0.00887141180852782,0.136,0.031,0.00000000000000000000000000000000000000000000000000000000000000000000000000000000000000000000000000000000000000000000000000000000000000000000000000000000000000000000000000000000000000000000000000000000000000000000000000000000000000154100250297548,"9","h1SMcG0018886"
"299",0.000000000000000000000000000000000000000000000000000000000000000000000000000000000000000000000000000000000000000000000000000000000000000000000000000000000000000000000000000000000000381753499304471,0.00623080710313792,0.121,0.03,0.0000000000000000000000000000000000000000000000000000000000000000000000000000000000000000000000000000000000000000000000000000000000000000000000000000000000000000000000000000000185944494441222,"9","h1SMcG0017192"
"300",0.00000000000000000000000000000000000000000000000000000000000000000000000000000000000000000000000000000000000000000000000000000000000000000000000000000000000000354312543889119,0.00539971510845153,0.161,0.053,0.000000000000000000000000000000000000000000000000000000000000000000000000000000000000000000000000000000000000000000000000000000000000000000000000000000000172578553877512,"9","h1SMcG0011666"
"301",0,0.0568090632124118,0.554,0.012,0,"10","h1SMcG0011828"
"302",0,0.0558995245576811,0.809,0.028,0,"10","h1SMcG0011829"
"303",0,0.0501284718227441,0.458,0.013,0,"10","h1SMcG0008987"
"304",0,0.0494299798476944,0.26,0.006,0,"10","h1SMcG0002278"
"305",0,0.0491704627636713,0.515,0.016,0,"10","h1SMcG0011728"
"306",0,0.0484870837559288,0.562,0.018,0,"10","h1SMcG0008011"
"307",0,0.045842623911032,0.963,0.081,0,"10","h1SMcG0012529"
"308",0,0.0427788618737208,0.14,0.005,0,"10","h1SMcG0017143"
"309",0,0.0422092611101827,0.118,0.004,0,"10","h1SMcG0015285"
"310",0,0.0420691349128308,0.14,0.005,0,"10","h1SMcG0011199"
"311",0,0.0416146484571929,0.102,0.003,0,"10","h1SMcG0019658"
"312",0,0.0408020351406956,0.138,0.005,0,"10","h1SMcG0001430"
"313",0,0.0402434103946393,0.146,0.005,0,"10","h1SMcG0003188"
"314",0,0.0365278280491248,0.224,0.01,0,"10","h1SMcG0005608"
"315",0,0.0350398884956329,0.155,0.007,0,"10","h1SMcG0000962"
"316",0,0.0341346744083637,0.107,0.005,0,"10","h1SMcG0005585"
"317",0,0.0329411571855665,0.36,0.021,0,"10","h1SMcG0012436"
"318",0,0.0326781829176683,0.151,0.007,0,"10","h1SMcG0011053"
"319",0,0.0324443153739363,0.128,0.007,0,"10","h1SMcG0016311"
"320",0,0.031615333986435,0.168,0.009,0,"10","h1SMcG0003696"
"321",0,0.0309989569105879,0.297,0.017,0,"10","h1SMcG0010557"
"322",0,0.0306238535873611,0.901,0.103,0,"10","h1SMcG0000479"
"323",0,0.030279444987455,0.267,0.016,0,"10","h1SMcG0019177"
"324",0,0.0293945936786918,0.133,0.008,0,"10","h1SMcG0021419"
"325",0,0.0293937873363364,0.101,0.007,0,"10","h1SMcG0019691"
"326",0,0.0286915115366984,0.16,0.01,0,"10","h1SMcG0016578"
"327",0,0.0286117980216859,0.22,0.015,0,"10","h1SMcG0019657"
"328",0,0.0283169874777329,0.164,0.012,0,"10","h1SMcG0019692"
"329",0,0.025738755238868,0.124,0.009,0,"10","h1SMcG0011372"
"330",0,0.0251796525165895,0.136,0.011,0,"10","h1SMcG0011363"
"331",0,0.0497232005926988,0.133,0.003,0,"11","h1SMcG0001776"
"332",0,0.0440826427375854,0.237,0.008,0,"11","h1SMcG0014919"
"333",0,0.0406246785780985,0.13,0.005,0,"11","h1SMcG0005444"
"334",0,0.0397328320054196,0.21,0.008,0,"11","h1SMcG0019532"
"335",0,0.0375057461090336,0.207,0.009,0,"11","h1SMcG0007991"
"336",0,0.0369382487827554,0.1,0.004,0,"11","h1SMcG0013654"
"337",0,0.0362865611324107,0.239,0.011,0,"11","h1SMcG0003229"
"338",0,0.0353216621739327,0.171,0.008,0,"11","h1SMcG0003478"
"339",0,0.0350292651472259,0.399,0.02,0,"11","h1SMcG0003474"
"340",0,0.0342581940396535,0.116,0.006,0,"11","h1SMcG0022439"
"341",0,0.0333150909276933,0.244,0.013,0,"11","h1SMcG0005694"
"342",0,0.0332724747237929,0.172,0.009,0,"11","h1SMcG0013655"
"343",0,0.0327807230249674,0.18,0.01,0,"11","h1SMcG0013653"
"344",0,0.0301857547001229,0.164,0.01,0,"11","h1SMcG0000830"
"345",0,0.0300210025214322,0.114,0.007,0,"11","h1SMcG0006430"
"346",0,0.0276936296047784,0.117,0.008,0,"11","h1SMcG0010631"
"347",0,0.0268333223619312,0.11,0.008,0,"11","h1SMcG0013792"
"348",0,0.0265253629343628,0.302,0.023,0,"11","h1SMcG0007791"
"349",0,0.026467636585656,0.151,0.011,0,"11","h1SMcG0015771"
"350",0,0.0260255533618612,0.131,0.009,0,"11","h1SMcG0019700"
"351",0,0.0254901829716397,0.794,0.08,0,"11","h1SMcG0017400"
"352",0,0.0246237656502396,0.112,0.009,0,"11","h1SMcG0011060"
"353",0,0.0238244451307929,0.164,0.013,0,"11","h1SMcG0007632"
"354",0,0.0232107418014353,0.295,0.024,0,"11","h1SMcG0019666"
"355",0,0.0220728040136871,0.107,0.009,0,"11","h1SMcG0007949"
"356",0,0.021365819867087,0.168,0.016,0,"11","h1SMcG0007794"
"357",0,0.0207848891751278,0.152,0.015,0,"11","h1SMcG0000904"
"358",0,0.0205953640028794,0.206,0.021,0,"11","h1SMcG0011716"
"359",0,0.0205548032461623,0.21,0.021,0,"11","h1SMcG0000747"
"360",0,0.0198816248590291,0.108,0.011,0,"11","h1SMcG0010632"
"361",0,0.00141017075663874,0.694,0.28,0,"12","h1SMcG0008035"
"362",0.0000000000000000000000000000000000000000000000000000000000928420574745912,0.000969474378938854,0.363,0.222,0.00000000000000000000000000000000000000000000000000000452215093547239,"12","h1SMcG0019482"
"363",0.000000000000000000000000000000000000000135962866631518,0.000260414638382751,0.611,0.45,0.00000000000000000000000000000000000662247930788799,"12","h1SMcG0010823"
"364",0.000000000000000000000000000000000000000276446280963338,0.000358199160908005,0.584,0.431,0.0000000000000000000000000000000000134651454531623,"12","h1SMnG0035608"
"365",0.000000000000000000000000000000049150765290936,0.000742267054369419,0.329,0.225,0.00000000000000000000000000239403547579091,"12","h1SMcG0002117"
"366",0.000000000000000000000000000132743305090247,0.000369392911548774,0.495,0.375,0.00000000000000000000000646566090433577,"12","h1SMcG0007496"
"367",0.00000000000000000000000000323357536515875,0.00144711974760045,0.191,0.121,0.000000000000000000000157500988886152,"12","h1SMcG0021692"
"368",0.000000000000000000000000157161758120935,0.000377952288025759,0.173,0.104,0.00000000000000000000765503491455452,"12","h1SMcG0013999"
"369",0.000000000000000000000422929927148437,0.000726425119463271,0.257,0.18,0.000000000000000020600070891546,"12","h1SMcG0013540"
"370",0.00000000000000370492234529925,0.00115412970511171,0.145,0.099,0.000000000180459357594836,"12","h1SMcG0015404"
"371",0.00000000000000944127093175287,0.000777066254832429,0.209,0.153,0.000000000459865424543819,"12","h1SMnG0035618"
"372",0.0000000000002278718841285,0.000746994442288588,0.184,0.134,0.000000011099183732131,"12","h1SMcG0014692"
"373",0.000000000000563400750284461,0.000765137033184763,0.197,0.147,0.0000000274421237448555,"12","h1SMnG0035607"
"374",0.000000000000822656860611063,0.000432964793690611,0.266,0.205,0.0000000400699703666437,"12","h1SMcG0023145"
"375",0.0000000000194860776504644,0.000807133526262068,0.171,0.127,0.000000949127870198821,"12","h1SMnG0035619"
"376",0.0000000000532597849573829,0.000720771538836092,0.148,0.108,0.0000025941776057042,"12","h1SMcG0013627"
"377",0.00000000160887147497254,0.000559791946518326,0.181,0.139,0.0000783649118029626,"12","h1SMcG0021424"
"378",0.0000000380774837019243,0.000615883132331112,0.152,0.117,0.00185467807615333,"12","h1SMcG0023144"
"379",0.000000268432927164608,0.000572842587916505,0.167,0.133,0.0130748310163337,"12","h1SMcG0008310"
"380",0.000000646098027211244,0.000532900910077138,0.151,0.118,0.0314701427094053,"12","h1SMnG0035606"
"381",0.000000908376170524253,0.00037401639401066,0.197,0.16,0.0442451865138953,"12","h1SMcG0023143"
"382",0.000000987074816430381,0.000712207162238157,0.115,0.088,0.048078440158691,"12","h1SMcG0001189"
"383",0.00000342115947419176,0.000306279274461174,0.204,0.168,0.166637835668932,"12","h1SMcG0023142"
"384",0.00000534740075567904,0.000279495664007929,0.185,0.151,0.260461196007615,"12","h1SMcG0006433"
"385",0.0000622930398850763,0.00055888075360883,0.115,0.092,1,"12","h1SMcG0004525"
"386",0.00346617619947181,0.000337797812852826,0.127,0.109,1,"12","h1SMcG0017264"
"387",0.0128232978683224,0.000292060609932314,0.123,0.108,1,"12","h1SMnG0002740"
"388",0.0236253902148216,0.000274467295748876,0.112,0.098,1,"12","h1SMcG0020811"
"389",0.0348030206551439,0.000224584261248404,0.115,0.102,1,"12","h1SMcG0009785"
"390",0.0524017890014462,0.000247446354515614,0.124,0.112,1,"12","h1SMcG0011109"
"391",0,0.0778935705740962,0.538,0.008,0,"13","h1SMcG0007177"
"392",0,0.069222536431048,0.71,0.018,0,"13","h1SMcG0007178"
"393",0,0.0676608825169675,0.735,0.02,0,"13","h1SMcG0007180"
"394",0,0.0616500029106748,0.472,0.011,0,"13","h1SMnG0032072"
"395",0,0.0580165315480414,0.727,0.027,0,"13","h1SMnG0032065"
"396",0,0.056287271226063,0.916,0.055,0,"13","h1SMnG0032071"
"397",0,0.0554828991204803,0.594,0.018,0,"13","h1SMcG0020273"
"398",0,0.0543179217258141,0.258,0.006,0,"13","h1SMnG0032066"
"399",0,0.04614978473161,0.32,0.012,0,"13","h1SMcG0008492"
"400",0,0.0447664762221909,0.2,0.007,0,"13","h1SMcG0021057"
"401",0,0.044726518295199,0.212,0.008,0,"13","h1SMcG0013028"
"402",0,0.0432127170857869,0.27,0.011,0,"13","h1SMcG0018173"
"403",0,0.0428025762162546,0.157,0.006,0,"13","h1SMcG0007654"
"404",0,0.0423302615493049,0.27,0.01,0,"13","h1SMcG0004250"
"405",0,0.0419176928840072,0.122,0.005,0,"13","h1SMcG0005703"
"406",0,0.0418759793462641,0.225,0.009,0,"13","h1SMcG0020699"
"407",0,0.0382067570674726,0.221,0.01,0,"13","h1SMcG0017878"
"408",0,0.0380168528669225,0.117,0.005,0,"13","h1SMcG0001949"
"409",0,0.0378437605583713,0.427,0.022,0,"13","h1SMnG0019466"
"410",0,0.0372493100011585,0.178,0.009,0,"13","h1SMnG0034021"
"411",0,0.0357733928171583,0.119,0.006,0,"13","h1SMcG0008944"
"412",0,0.034986690197546,0.291,0.016,0,"13","h1SMnG0020633"
"413",0,0.034732247961468,0.242,0.013,0,"13","h1SMcG0012255"
"414",0,0.0346309491445354,0.112,0.006,0,"13","h1SMcG0010763"
"415",0,0.0341176253632855,0.163,0.009,0,"13","h1SMcG0009914"
"416",0,0.0340112433825279,0.165,0.009,0,"13","h1SMcG0017497"
"417",0,0.0330398927313073,0.323,0.015,0,"13","h1SMcG0016267"
"418",0,0.0328441773855289,0.102,0.007,0,"13","h1SMnG0032112"
"419",0,0.0324303316066472,0.158,0.009,0,"13","h1SMcG0020398"
"420",0,0.0311018607635579,0.1,0.006,0,"13","h1SMcG0000235"
"421",0,0.0918304856037874,0.414,0.003,0,"14","h1SMcG0013876"
"422",0,0.0546359215002612,0.317,0.01,0,"14","h1SMcG0018061"
"423",0,0.0468871692474067,0.217,0.009,0,"14","h1SMcG0015560"
"424",0,0.0256364814757222,0.721,0.09,0,"14","h1SMcG0002622"
"425",0,0.0226963474763481,0.102,0.01,0,"14","h1SMnG0016719"
"426",0,0.0208352217433833,0.112,0.012,0,"14","h1SMcG0007441"
"427",0,0.0192963576270327,0.128,0.015,0,"14","h1SMcG0016051"
"428",0,0.0191943879703405,0.951,0.17,0,"14","h1SMcG0014354"
"429",0,0.0186142348477252,0.148,0.019,0,"14","h1SMcG0001433"
"430",0,0.0183293664706705,0.116,0.013,0,"14","h1SMcG0006751"
"431",0,0.0180847701220408,0.694,0.097,0,"14","h1SMcG0020983"
"432",0,0.0159237657101605,0.158,0.022,0,"14","h1SMcG0021771"
"433",0,0.0158407112960748,0.372,0.053,0,"14","h1SMcG0010597"
"434",0,0.0149563777280137,0.144,0.02,0,"14","h1SMcG0000361"
"435",0,0.0145645876324275,0.141,0.021,0,"14","h1SMcG0018877"
"436",0,0.0143352408146655,0.811,0.137,0,"14","h1SMcG0006857"
"437",0,0.0142976381680112,0.564,0.085,0,"14","h1SMcG0012064"
"438",0,0.0135525125389231,0.741,0.13,0,"14","h1SMcG0007433"
"439",0,0.0131948915615792,0.166,0.027,0,"14","h1SMcG0004594"
"440",0,0.0127728557854457,0.447,0.087,0,"14","h1SMcG0004607"
"441",0,0.0127533099875533,0.17,0.029,0,"14","h1SMcG0011092"
"442",0,0.0127165856956916,0.32,0.053,0,"14","h1SMcG0003258"
"443",0,0.0123342293697729,0.521,0.089,0,"14","h1SMcG0008650"
"444",0,0.0116286607355925,0.26,0.046,0,"14","h1SMcG0012609"
"445",0.0000000000000000000000000000000000000000000000000000000000000000000000000000000000000000000000000000000000000000000000000000000000000000000000000000000000000000000000000000000000000000000000000000000000000000000000000000000000000000000000000000000000000000000000000000000000000000000000000000889911166437638,0.0132067963494972,0.138,0.021,0.00000000000000000000000000000000000000000000000000000000000000000000000000000000000000000000000000000000000000000000000000000000000000000000000000000000000000000000000000000000000000000000000000000000000000000000000000000000000000000000000000000000000000000000000000000000000000000000000433457930948445,"14","h1SMcG0022393"
"446",0.00000000000000000000000000000000000000000000000000000000000000000000000000000000000000000000000000000000000000000000000000000000000000000000000000000000000000000000000000000000000000000000000000000000000000000000000000000000000000000000000000000000000000000000000000000000000042750586598721,0.0178548054265137,0.103,0.013,0.000000000000000000000000000000000000000000000000000000000000000000000000000000000000000000000000000000000000000000000000000000000000000000000000000000000000000000000000000000000000000000000000000000000000000000000000000000000000000000000000000000000000000000000000000000020822955720505,"14","h1SMcG0005003"
"447",0.000000000000000000000000000000000000000000000000000000000000000000000000000000000000000000000000000000000000000000000000000000000000000000000000000000000000000000000000000000000000000000000000000000000000000000000000000000000000000000000000000000000000000000741250098571339,0.0138454982865802,0.124,0.019,0.0000000000000000000000000000000000000000000000000000000000000000000000000000000000000000000000000000000000000000000000000000000000000000000000000000000000000000000000000000000000000000000000000000000000000000000000000000000000000000000000000000000000000361048098012128,"14","h1SMcG0018260"
"448",0.0000000000000000000000000000000000000000000000000000000000000000000000000000000000000000000000000000000000000000000000000000000000000000000000000000000000000000000000000000000000000000000000000000000000000000000000000171711660214708,0.013008127698663,0.131,0.024,0.000000000000000000000000000000000000000000000000000000000000000000000000000000000000000000000000000000000000000000000000000000000000000000000000000000000000000000000000000000000000000000000000000000000000000000000836373154573797,"14","h1SMcG0021709"
"449",0.0000000000000000000000000000000000000000000000000000000000000000000000000000000000000000000000000000000000000000000000000000000000000000000000000000000000000000000000000000000000000000000000000000000000000000000455227370255403,0.013316105534469,0.106,0.017,0.00000000000000000000000000000000000000000000000000000000000000000000000000000000000000000000000000000000000000000000000000000000000000000000000000000000000000000000000000000000000000000000000000000000000000221732147504002,"14","h1SMcG0015103"
"450",0.000000000000000000000000000000000000000000000000000000000000000000000000000000000000000000000000000000000000000000000000000000000000000000000000000000000000000000000000000000000000000000811828249063196,0.0127002282063601,0.104,0.018,0.0000000000000000000000000000000000000000000000000000000000000000000000000000000000000000000000000000000000000000000000000000000000000000000000000000000000000000000000000000000000000395425303553702,"14","h1SMcG0009647"
"451",0,0.0959155728284072,0.474,0.061,0,"15","h1SMcG0011383"
"452",0,0.092271049243686,0.35,0.004,0,"15","h1SMcG0004342"
"453",0,0.0782576984331523,0.108,0.001,0,"15","h1SMcG0011384"
"454",0,0.0713615555480739,0.258,0.004,0,"15","h1SMcG0011317"
"455",0,0.0668816077749267,0.132,0.002,0,"15","h1SMcG0022339"
"456",0,0.0400972568923851,0.108,0.005,0,"15","h1SMcG0002388"
"457",0,0.0400240159494091,0.11,0.005,0,"15","h1SMcG0000019"
"458",0,0.0390259619985726,0.122,0.006,0,"15","h1SMcG0009291"
"459",0,0.0341714765407421,0.458,0.03,0,"15","h1SMcG0013873"
"460",0,0.03326950870188,0.141,0.008,0,"15","h1SMcG0022547"
"461",0,0.0330912359765215,0.104,0.006,0,"15","h1SMcG0018222"
"462",0,0.0325416009403561,0.118,0.007,0,"15","h1SMcG0021997"
"463",0,0.0307808697516811,0.154,0.01,0,"15","h1SMcG0000440"
"464",0,0.0299246860863604,0.199,0.012,0,"15","h1SMnG0026604"
"465",0,0.0280242604691365,0.111,0.008,0,"15","h1SMcG0001630"
"466",0,0.0279630847795326,0.123,0.008,0,"15","h1SMcG0003075"
"467",0,0.026639434265825,0.168,0.013,0,"15","h1SMcG0014195"
"468",0,0.0259013088459622,0.17,0.014,0,"15","h1SMcG0008504"
"469",0,0.0234272694002768,0.167,0.015,0,"15","h1SMcG0009164"
"470",0,0.0229053813700001,0.263,0.032,0,"15","h1SMcG0013264"
"471",0,0.0227236484040139,0.273,0.025,0,"15","h1SMcG0022083"
"472",0,0.0220634838527899,0.107,0.01,0,"15","h1SMcG0019640"
"473",0,0.0218188816031055,0.127,0.012,0,"15","h1SMcG0000202"
"474",0,0.0205971984693918,0.258,0.03,0,"15","h1SMcG0010685"
"475",0,0.0205856762956796,0.228,0.029,0,"15","h1SMcG0017192"
"476",0,0.0205385442300517,0.126,0.012,0,"15","h1SMcG0003266"
"477",0,0.0204710083602052,0.241,0.031,0,"15","h1SMcG0008636"
"478",0,0.0194789563911968,0.14,0.016,0,"15","h1SMcG0006440"
"479",0,0.0177571423774382,0.234,0.031,0,"15","h1SMcG0001938"
"480",0.00000000000000000000000000000000000000000000000000000000000000000000000000000000000000000000000000000000000000000000000000000000000000000000000000000000000000000000000000000000000000000000000000000000000000000000000000000000000000000000000000000000000000000000000000000000000203738361108627,0.0163342113791436,0.142,0.021,0.0000000000000000000000000000000000000000000000000000000000000000000000000000000000000000000000000000000000000000000000000000000000000000000000000000000000000000000000000000000000000000000000000000000000000000000000000000000000000000000000000000000000000000000000000000000992368809287899,"15","h1SMcG0021073"
"481",0,0.0564652650416485,0.132,0.004,0,"16","h1SMcG0012913"
"482",0,0.0537532527598959,0.2,0.006,0,"16","h1SMcG0000571"
"483",0,0.0536999604981547,0.243,0.008,0,"16","h1SMcG0012914"
"484",0,0.0497819562676281,0.11,0.004,0,"16","h1SMcG0004262"
"485",0,0.0492862046302402,0.183,0.006,0,"16","h1SMcG0008428"
"486",0,0.0491703893830083,0.146,0.005,0,"16","h1SMcG0001214"
"487",0,0.0480389551222435,0.19,0.007,0,"16","h1SMcG0011395"
"488",0,0.047987070335524,0.209,0.008,0,"16","h1SMcG0011053"
"489",0,0.0478700693131701,0.101,0.004,0,"16","h1SMcG0016841"
"490",0,0.0431028822873649,0.192,0.008,0,"16","h1SMcG0013703"
"491",0,0.0413141354738092,0.413,0.023,0,"16","h1SMcG0003721"
"492",0,0.0377030835559721,0.948,0.127,0,"16","h1SMcG0002269"
"493",0,0.0360029731581779,0.114,0.006,0,"16","h1SMcG0011493"
"494",0,0.0356537363148806,0.115,0.006,0,"16","h1SMcG0011221"
"495",0,0.0350559404547809,0.141,0.008,0,"16","h1SMcG0009382"
"496",0,0.0334650401235616,0.417,0.025,0,"16","h1SMcG0008123"
"497",0,0.0316822364981575,0.329,0.021,0,"16","h1SMcG0017826"
"498",0,0.0316280582593607,0.144,0.009,0,"16","h1SMcG0016259"
"499",0,0.0296875428552042,0.101,0.007,0,"16","h1SMcG0010198"
"500",0,0.028640454997419,0.879,0.093,0,"16","h1SMcG0012529"
"501",0,0.0281534703517495,0.152,0.011,0,"16","h1SMcG0009543"
"502",0,0.0276127419032387,0.132,0.01,0,"16","h1SMcG0021892"
"503",0,0.0271710328631421,0.176,0.013,0,"16","h1SMcG0005608"
"504",0,0.0267825877505181,0.102,0.008,0,"16","h1SMcG0018163"
"505",0,0.0261905896797922,0.104,0.008,0,"16","h1SMcG0022146"
"506",0,0.0259845270100427,0.17,0.014,0,"16","h1SMcG0020738"
"507",0,0.0259148598032094,0.249,0.019,0,"16","h1SMcG0019177"
"508",0,0.0256101439836923,0.134,0.01,0,"16","h1SMcG0002455"
"509",0,0.0253487392407564,0.195,0.017,0,"16","h1SMcG0016136"
"510",0,0.0252864020942066,0.163,0.014,0,"16","h1SMcG0020780"
"511",0,0.107138640089161,0.357,0.003,0,"17","h1SMcG0019281"
"512",0,0.102404699268599,0.558,0.006,0,"17","h1SMcG0003584"
"513",0,0.0897212541698735,0.337,0.005,0,"17","h1SMcG0022497"
"514",0,0.0832711564892645,0.101,0.002,0,"17","h1SMcG0022018"
"515",0,0.0709268391310686,0.105,0.002,0,"17","h1SMcG0004125"
"516",0,0.0663888900885523,0.149,0.004,0,"17","h1SMcG0005168"
"517",0,0.0639949149207338,0.558,0.018,0,"17","h1SMcG0003676"
"518",0,0.0476594014027358,0.35,0.016,0,"17","h1SMcG0003677"
"519",0,0.0431636125996063,0.235,0.011,0,"17","h1SMcG0009335"
"520",0,0.0404503509374769,0.352,0.018,0,"17","h1SMnG0015595"
"521",0,0.0370984290866403,0.208,0.02,0,"17","h1SMcG0019279"
"522",0,0.0346471097365303,0.142,0.009,0,"17","h1SMcG0014796"
"523",0,0.0344709315982474,0.113,0.007,0,"17","h1SMnG0015599"
"524",0,0.026432495652006,0.166,0.015,0,"17","h1SMcG0018203"
"525",0,0.0252295388352534,0.103,0.009,0,"17","h1SMcG0020179"
"526",0,0.0237782623989296,0.543,0.062,0,"17","h1SMcG0021858"
"527",0,0.0227198203233845,0.133,0.013,0,"17","h1SMcG0008437"
"528",0,0.0225419323716578,0.136,0.013,0,"17","h1SMcG0003086"
"529",0,0.021222828509911,0.112,0.011,0,"17","h1SMcG0005006"
"530",0,0.0210785025276179,0.18,0.02,0,"17","h1SMcG0018920"
"531",0,0.0173380432129724,0.411,0.088,0,"17","h1SMcG0022413"
"532",0.00000000000000000000000000000000000000000000000000000000000000000000000000000000000000000000000000000000000000000000000000000000000000000000000000000000000000000000000000000000000000000000000000000000000000000000000000000000000000000000000000000000000000000000000000000000000000000000000000205033310066396,0.0128754178863517,0.182,0.03,0.0000000000000000000000000000000000000000000000000000000000000000000000000000000000000000000000000000000000000000000000000000000000000000000000000000000000000000000000000000000000000000000000000000000000000000000000000000000000000000000000000000000000000000000000000000000000000000000000998676246671402,"17","h1SMcG0010863"
"533",0.0000000000000000000000000000000000000000000000000000000000000000000000000000000000000000000000000000000000000000000000000000000000000000000000000000000000000000000000000000000000000000000000000000000000000000000000000000000000000000000000000000000000000000000000000000000000348698399054999,0.0132264562466077,0.168,0.027,0.00000000000000000000000000000000000000000000000000000000000000000000000000000000000000000000000000000000000000000000000000000000000000000000000000000000000000000000000000000000000000000000000000000000000000000000000000000000000000000000000000000000000000000000000000000169844016211709,"17","h1SMcG0008338"
"534",0.000000000000000000000000000000000000000000000000000000000000000000000000000000000000000000000000000000000000000000000000000000000000000000000000000000000000000000000000000000000000000000000000000000000000000000000000000000000000000000000000000000000000000000000000000000312826919121886,0.0156113796052474,0.134,0.018,0.0000000000000000000000000000000000000000000000000000000000000000000000000000000000000000000000000000000000000000000000000000000000000000000000000000000000000000000000000000000000000000000000000000000000000000000000000000000000000000000000000000000000000000000000000152371735765888,"17","h1SMcG0013922"
"535",0.000000000000000000000000000000000000000000000000000000000000000000000000000000000000000000000000000000000000000000000000000000000000000000000000000000000000000000000000000000000000000000000000000000000000000000000000000000000000000000276351006015471,0.013726713662647,0.142,0.023,0.0000000000000000000000000000000000000000000000000000000000000000000000000000000000000000000000000000000000000000000000000000000000000000000000000000000000000000000000000000000000000000000000000000000000000000000000000000000000000134605048010015,"17","h1SMcG0009037"
"536",0.0000000000000000000000000000000000000000000000000000000000000000000000000000000000000000000000000000000000000000000000000000000000000000000000000000000000000000000000000000000000000000000000000109823762187877,0.0137786933900911,0.123,0.02,0.000000000000000000000000000000000000000000000000000000000000000000000000000000000000000000000000000000000000000000000000000000000000000000000000000000000000000000000000000000000000000000000534929580864712,"17","h1SMcG0018982"
"537",0.0000000000000000000000000000000000000000000000000000000000000000000000000000000000000000000000000000000000000000000000000000000000000000000000000000000000000000000000000000000000000000000000000233190400167925,0.0131641173078915,0.123,0.02,0.00000000000000000000000000000000000000000000000000000000000000000000000000000000000000000000000000000000000000000000000000000000000000000000000000000000000000000000000000000000000000000000113582380113793,"17","h1SMcG0000100"
"538",0.000000000000000000000000000000000000000000000000000000000000000000000000000000000000000000000000000000000000000000000000000000000000000000000000000000000000000000000000000000000000000000023619537588856,0.0132790058478992,0.116,0.019,0.000000000000000000000000000000000000000000000000000000000000000000000000000000000000000000000000000000000000000000000000000000000000000000000000000000000000000000000000000000000000001150460436878,"17","h1SMcG0022860"
"539",0.000000000000000000000000000000000000000000000000000000000000000000000000000000000000000000000000000000000000000000000000000000000000000000000000000000000000000000000000000000019472811867983,0.0133120422882171,0.111,0.018,0.000000000000000000000000000000000000000000000000000000000000000000000000000000000000000000000000000000000000000000000000000000000000000000000000000000000000000000000000000948481720465715,"17","h1SMcG0022208"
"540",0.0000000000000000000000000000000000000000000000000000000000000000000000000000000000000000000000000000000000000000000000000000000000000000000000000000000000000000000000897330050242372,0.0132449658582657,0.104,0.017,0.00000000000000000000000000000000000000000000000000000000000000000000000000000000000000000000000000000000000000000000000000000000000000000000000000000000000000000437071520872054,"17","h1SMcG0013034"
"541",0,0.10886582254828,0.442,0.003,0,"18","h1SMcG0002317"
"542",0,0.0693332754120492,0.903,0.021,0,"18","h1SMcG0002316"
"543",0,0.0153729315271644,0.438,0.069,0,"18","h1SMcG0002318"
"544",0,0.0152403088031797,0.375,0.056,0,"18","h1SMcG0005241"
"545",0,0.0142245394649279,0.596,0.097,0,"18","h1SMcG0013999"
"546",0,0.0125661542718577,0.32,0.055,0,"18","h1SMcG0006230"
"547",0,0.0125398083127865,0.314,0.054,0,"18","h1SMcG0009165"
"548",0,0.0122688283838676,0.365,0.07,0,"18","h1SMcG0016303"
"549",0,0.0122548452539525,0.283,0.05,0,"18","h1SMcG0013162"
"550",0,0.0122424662205721,0.269,0.05,0,"18","h1SMcG0020537"
"551",0,0.0121797403523578,0.973,0.279,0,"18","h1SMcG0008035"
"552",0,0.00869204692265017,0.705,0.217,0,"18","h1SMcG0019482"
"553",0.0000000000000000000000000000000000000000000000000000000000000000000000000000000000000000000000000000000000000000000000000000000000000000000000000000000000000000000000000000000000000000000000000000000000000000000000000000000000000000000000000000000000000000000000183438998974829,0.0090714450329268,0.28,0.068,0.000000000000000000000000000000000000000000000000000000000000000000000000000000000000000000000000000000000000000000000000000000000000000000000000000000000000000000000000000000000000000000000000000000000000000000000000000000000000000000000000000000000000000000893494676206598,"18","h1SMnG0014807"
"554",0.00000000000000000000000000000000000000000000000000000000000000000000000000000000000000000000000000000000000000000000000000000000000000000000000000000000000000000000000000000000000000000000000000000000000000000000000000097347934819671,0.014441788270625,0.125,0.018,0.0000000000000000000000000000000000000000000000000000000000000000000000000000000000000000000000000000000000000000000000000000000000000000000000000000000000000000000000000000000000000000000000000000000000000000000000474162320919653,"18","h1SMcG0006263"
"555",0.0000000000000000000000000000000000000000000000000000000000000000000000000000000000000000000000000000000000000000000000000000000000000000000000000000000000000000000000000000000000000000000000000000000000000000000339267362621233,0.00869023964833591,0.232,0.057,0.0000000000000000000000000000000000000000000000000000000000000000000000000000000000000000000000000000000000000000000000000000000000000000000000000000000000000000000000000000000000000000000000000000000000000016525034698555,"18","h1SMcG0006725"
"556",0.00000000000000000000000000000000000000000000000000000000000000000000000000000000000000000000000000000000000000000000000000000000000000000000000000000000000000000000000000000000000000000000000000000000000000116187295969755,0.013013142962252,0.135,0.022,0.0000000000000000000000000000000000000000000000000000000000000000000000000000000000000000000000000000000000000000000000000000000000000000000000000000000000000000000000000000000000000000000000000000000000565925081209484,"18","h1SMcG0015174"
"557",0.000000000000000000000000000000000000000000000000000000000000000000000000000000000000000000000000000000000000000000000000000000000000000000000000000000000000000000000000000000000000000000000000000000515170451325207,0.0090697040397767,0.208,0.049,0.0000000000000000000000000000000000000000000000000000000000000000000000000000000000000000000000000000000000000000000000000000000000000000000000000000000000000000000000000000000000000000000000000250929223431482,"18","h1SMnG0033052"
"558",0.000000000000000000000000000000000000000000000000000000000000000000000000000000000000000000000000000000000000000000000000000000000000000000000000000000000000000000000000000000000000000000000000384143865049006,0.015786824432862,0.101,0.014,0.000000000000000000000000000000000000000000000000000000000000000000000000000000000000000000000000000000000000000000000000000000000000000000000000000000000000000000000000000000000000000000018710879378807,"18","h1SMcG0000104"
"559",0.00000000000000000000000000000000000000000000000000000000000000000000000000000000000000000000000000000000000000000000000000000000000000000000000000000000000000000000000000494533212563684,0.0084275241892113,0.194,0.049,0.000000000000000000000000000000000000000000000000000000000000000000000000000000000000000000000000000000000000000000000000000000000000000000000000000000000000000000000240877237175519,"18","h1SMcG0008036"
"560",0.000000000000000000000000000000000000000000000000000000000000000000000000000000000000000000000000000000000000000000000000000000000000000000000000000000000000000383038963059515,0.00861061868391731,0.182,0.045,0.0000000000000000000000000000000000000000000000000000000000000000000000000000000000000000000000000000000000000000000000000000000000000000000000000000000000186570618127029,"18","h1SMcG0005979"
"561",0.00000000000000000000000000000000000000000000000000000000000000000000000000000000000000000000000000000000000000000000000000000000000000000000000000000235025580453723,0.0094320516317125,0.145,0.032,0.000000000000000000000000000000000000000000000000000000000000000000000000000000000000000000000000000000000000000000000000000000000000000000000000114476259727399,"18","h1SMcG0001110"
"562",0.0000000000000000000000000000000000000000000000000000000000000000000000000000000000000000000000000000000000000000000000000000000000000000000000000000493703248399294,0.00815854828101765,0.181,0.047,0.00000000000000000000000000000000000000000000000000000000000000000000000000000000000000000000000000000000000000000000000000000000000000000000000240472978230328,"18","h1SMcG0002175"
"563",0.000000000000000000000000000000000000000000000000000000000000000000000000000000000000000000000000000000000000000000000000000000000000000000000000000669493350217913,0.00854401196930173,0.162,0.039,0.0000000000000000000000000000000000000000000000000000000000000000000000000000000000000000000000000000000000000000000000000000000000000000000000326096821024141,"18","h1SMcG0006354"
"564",0.000000000000000000000000000000000000000000000000000000000000000000000000000000000000000000000000000000000000000000000000000000000000000000000000301264097736869,0.0102649405834425,0.124,0.025,0.0000000000000000000000000000000000000000000000000000000000000000000000000000000000000000000000000000000000000000000000000000000000000000000146739716725674,"18","h1SMcG0004666"
"565",0.0000000000000000000000000000000000000000000000000000000000000000000000000000000000000000000000000000000000000000000000000000000000000000000180899946275885,0.00900040088536901,0.149,0.035,0.000000000000000000000000000000000000000000000000000000000000000000000000000000000000000000000000000000000000000000000000000000000000000881127458320581,"18","h1SMcG0013548"
"566",0.00000000000000000000000000000000000000000000000000000000000000000000000000000000000000000000000000000000000000000000000000169381877867841,0.0102283064228796,0.103,0.021,0.0000000000000000000000000000000000000000000000000000000000000000000000000000000000000000000000000000000000000000000000825025250718679,"18","h1SMcG0004324"
"567",0.000000000000000000000000000000000000000000000000000000000000000000000000000000000000000000000000000000000000000000000000578038791577268,0.0103912010510557,0.107,0.022,0.0000000000000000000000000000000000000000000000000000000000000000000000000000000000000000000000000000000000000000000281551134601455,"18","h1SMcG0007358"
"568",0.0000000000000000000000000000000000000000000000000000000000000000000000000000000000000000000000000000000000000000000154755330166468,0.00878781630074238,0.127,0.03,0.000000000000000000000000000000000000000000000000000000000000000000000000000000000000000000000000000000000000000753782262174833,"18","h1SMcG0016500"
"569",0.0000000000000000000000000000000000000000000000000000000000000000000000000000000000000000000000000000213039416232157,0.00831836025539355,0.119,0.03,0.00000000000000000000000000000000000000000000000000000000000000000000000000000000000000000000000103767238858359,"18","h1SMcG0009920"
"570",0.000000000000000000000000000000000000000000000000000000000000000000000000000000000000200945082551448,0.0078293777025146,0.103,0.027,0.00000000000000000000000000000000000000000000000000000000000000000000000000000000978763308091591,"18","h1SMcG0017355"
"571",0,0.129920038417447,0.116,0,0,"19","h1SMcG0006006"
"572",0,0.128118422533737,0.814,0.008,0,"19","h1SMcG0006639"
"573",0,0.128092699335797,0.251,0.001,0,"19","h1SMnG0012254"
"574",0,0.127384505831825,0.104,0,0,"19","h1SMcG0004741"
"575",0,0.126668985750622,0.632,0.004,0,"19","h1SMnG0023000"
"576",0,0.120017837570194,0.128,0.001,0,"19","h1SMnG0031225"
"577",0,0.119273742706854,0.354,0.002,0,"19","h1SMcG0007834"
"578",0,0.118703054617914,0.105,0.001,0,"19","h1SMnG0011014"
"579",0,0.118015751154326,0.199,0.001,0,"19","h1SMcG0000871"
"580",0,0.10722377236892,0.204,0.002,0,"19","h1SMcG0013747"
"581",0,0.106368911625391,0.203,0.002,0,"19","h1SMnG0005565"
"582",0,0.10438090928092,0.122,0.001,0,"19","h1SMcG0016830"
"583",0,0.102975655081953,0.123,0.001,0,"19","h1SMcG0004028"
"584",0,0.0974463848803605,0.162,0.002,0,"19","h1SMcG0021740"
"585",0,0.0881895762411304,0.167,0.003,0,"19","h1SMcG0003719"
"586",0,0.0803559389787098,0.108,0.002,0,"19","h1SMcG0009787"
"587",0,0.0662831520414103,0.194,0.005,0,"19","h1SMcG0010428"
"588",0,0.0564053263743686,0.14,0.005,0,"19","h1SMcG0001052"
"589",0,0.054976396034639,0.144,0.004,0,"19","h1SMcG0020531"
"590",0,0.0545079364058412,0.105,0.003,0,"19","h1SMcG0005405"
"591",0,0.0526384634596842,0.269,0.01,0,"19","h1SMcG0013653"
"592",0,0.0523009866908616,0.136,0.005,0,"19","h1SMcG0013654"
"593",0,0.0521376981974205,0.252,0.01,0,"19","h1SMcG0013655"
"594",0,0.0510008283816966,0.1,0.004,0,"19","h1SMcG0008578"
"595",0,0.0461987752309079,0.426,0.025,0,"19","h1SMcG0001332"
"596",0,0.0433189562088112,0.32,0.019,0,"19","h1SMcG0005198"
"597",0,0.040535916563766,0.115,0.006,0,"19","h1SMcG0000382"
"598",0,0.0401375800035719,0.199,0.011,0,"19","h1SMcG0000202"
"599",0,0.0353086062410239,0.296,0.02,0,"19","h1SMcG0016190"
"600",0,0.0288748087009578,0.175,0.013,0,"19","h1SMcG0004479"
"601",0,0.120329055932855,0.103,0.001,0,"20","h1SMcG0012462"
"602",0,0.114850719326456,0.126,0.001,0,"20","h1SMnG0007324"
"603",0,0.110337719557904,0.229,0.002,0,"20","h1SMcG0014026"
"604",0,0.107182729335028,0.122,0.001,0,"20","h1SMnG0007325"
"605",0,0.106857383941382,0.258,0.002,0,"20","h1SMcG0012458"
"606",0,0.104850375233231,0.162,0.002,0,"20","h1SMcG0002232"
"607",0,0.102082190600829,0.12,0.001,0,"20","h1SMcG0009944"
"608",0,0.101807984850192,0.419,0.005,0,"20","h1SMcG0001890"
"609",0,0.101534329252306,0.102,0.001,0,"20","h1SMnG0026234"
"610",0,0.0907845056907587,0.153,0.002,0,"20","h1SMcG0016169"
"611",0,0.0864178181441567,0.158,0.002,0,"20","h1SMcG0017024"
"612",0,0.0800045368817765,0.345,0.009,0,"20","h1SMnG0001150"
"613",0,0.0798844367182128,0.253,0.006,0,"20","h1SMnG0001151"
"614",0,0.0769278434919596,0.139,0.003,0,"20","h1SMcG0022569"
"615",0,0.0753144911419834,0.255,0.006,0,"20","h1SMcG0004953"
"616",0,0.0726316536732634,0.18,0.005,0,"20","h1SMcG0000693"
"617",0,0.0636420391361539,0.165,0.007,0,"20","h1SMcG0012637"
"618",0,0.0530327049153305,0.164,0.01,0,"20","h1SMcG0019976"
"619",0,0.0529386552896084,0.281,0.019,0,"20","h1SMcG0019977"
"620",0,0.0448092705447577,0.121,0.005,0,"20","h1SMcG0009279"
"621",0,0.0441950369200951,0.489,0.035,0,"20","h1SMcG0011410"
"622",0,0.0428091426790775,0.135,0.007,0,"20","h1SMcG0004344"
"623",0,0.0428074449308472,0.121,0.005,0,"20","h1SMcG0015147"
"624",0,0.040057810645673,0.25,0.013,0,"20","h1SMcG0002222"
"625",0,0.0400519516650278,0.138,0.006,0,"20","h1SMcG0021940"
"626",0,0.0387548890652051,0.21,0.011,0,"20","h1SMcG0006890"
"627",0,0.035529539752779,0.369,0.027,0,"20","h1SMnG0024720"
"628",0,0.0333572173292905,0.108,0.007,0,"20","h1SMcG0022525"
"629",0,0.0302004787960044,0.12,0.009,0,"20","h1SMcG0005079"
"630",0,0.0298386751595018,0.301,0.026,0,"20","h1SMcG0019578"
"631",0,0.0431402993370571,0.248,0.013,0,"21","h1SMcG0009250"
"632",0,0.041197798196937,0.391,0.021,0,"21","h1SMcG0001827"
"633",0,0.0404872227925807,0.376,0.023,0,"21","h1SMcG0020682"
"634",0,0.0388142108784234,0.577,0.04,0,"21","h1SMcG0005277"
"635",0,0.0380774089348508,0.147,0.008,0,"21","h1SMcG0018371"
"636",0,0.0375016500849453,0.172,0.012,0,"21","h1SMcG0013415"
"637",0,0.036312913456895,0.245,0.015,0,"21","h1SMcG0007078"
"638",0,0.0350900937671176,0.962,0.118,0,"21","h1SMcG0000998"
"639",0,0.0344811523270737,0.215,0.014,0,"21","h1SMcG0014130"
"640",0,0.0334078012052537,0.857,0.099,0,"21","h1SMcG0020983"
"641",0,0.0323135322734775,0.276,0.019,0,"21","h1SMcG0015610"
"642",0,0.0317278501444017,0.108,0.008,0,"21","h1SMcG0011518"
"643",0,0.0316800150834486,0.155,0.011,0,"21","h1SMcG0009223"
"644",0,0.0302079802869542,0.959,0.118,0,"21","h1SMcG0022555"
"645",0,0.0301587899609332,0.814,0.08,0,"21","h1SMcG0019141"
"646",0,0.0300831305927859,0.773,0.085,0,"21","h1SMcG0012064"
"647",0,0.0300753434641586,0.609,0.057,0,"21","h1SMcG0013798"
"648",0,0.0299322559874194,0.847,0.089,0,"21","h1SMcG0018100"
"649",0,0.0299271225680007,0.84,0.094,0,"21","h1SMcG0020690"
"650",0,0.0298998378701463,0.892,0.102,0,"21","h1SMcG0016741"
"651",0,0.0298465401856441,0.861,0.092,0,"21","h1SMcG0018373"
"652",0,0.0295981053678697,0.128,0.009,0,"21","h1SMcG0010732"
"653",0,0.0294084465789633,0.922,0.131,0,"21","h1SMcG0007433"
"654",0,0.029149435806544,0.897,0.1,0,"21","h1SMcG0001082"
"655",0,0.0289842772907962,0.8,0.089,0,"21","h1SMcG0006787"
"656",0,0.028857878527671,0.368,0.03,0,"21","h1SMcG0011201"
"657",0,0.0288498065584064,0.1,0.007,0,"21","h1SMcG0019069"
"658",0,0.028799327826286,0.714,0.07,0,"21","h1SMcG0019140"
"659",0,0.0287293277819984,0.84,0.09,0,"21","h1SMcG0014134"
"660",0,0.0283432812969705,0.766,0.078,0,"21","h1SMcG0002221"
"661",0,0.158130039440577,0.198,0,0,"22","h1SMcG0018633"
"662",0,0.157446592701869,0.541,0.001,0,"22","h1SMcG0011347"
"663",0,0.154590978280531,0.157,0,0,"22","h1SMnG0000866"
"664",0,0.154554319374164,0.393,0.001,0,"22","h1SMcG0011321"
"665",0,0.153738293558905,0.446,0.001,0,"22","h1SMcG0011322"
"666",0,0.153641326399236,0.158,0,0,"22","h1SMcG0014496"
"667",0,0.153421673247421,0.171,0,0,"22","h1SMnG0000858"
"668",0,0.152529186022355,0.892,0.017,0,"22","h1SMcG0005807"
"669",0,0.152432854487117,0.489,0.001,0,"22","h1SMcG0021368"
"670",0,0.151498667533155,0.192,0,0,"22","h1SMcG0017936"
"671",0,0.150384241352386,0.113,0,0,"22","h1SMnG0026988"
"672",0,0.149837714500997,0.111,0,0,"22","h1SMnG0034389"
"673",0,0.149768181395014,0.252,0.001,0,"22","h1SMcG0018637"
"674",0,0.149384055276997,0.23,0.001,0,"22","h1SMcG0018038"
"675",0,0.147653739471614,0.26,0.001,0,"22","h1SMnG0020655"
"676",0,0.145360973679191,0.244,0.001,0,"22","h1SMcG0002606"
"677",0,0.14482321541591,0.127,0,0,"22","h1SMnG0000872"
"678",0,0.143447561335479,0.242,0.001,0,"22","h1SMnG0009726"
"679",0,0.14226334876704,0.272,0.001,0,"22","h1SMnG0029261"
"680",0,0.141425695023585,0.527,0.002,0,"22","h1SMcG0005253"
"681",0,0.141385400415434,0.113,0,0,"22","h1SMnG0034398"
"682",0,0.140574018300042,0.105,0,0,"22","h1SMnG0020657"
"683",0,0.140177727716758,0.125,0,0,"22","h1SMnG0034400"
"684",0,0.139683876386984,0.132,0.001,0,"22","h1SMcG0013694"
"685",0,0.132525455623022,0.486,0.003,0,"22","h1SMcG0003888"
"686",0,0.130969386684126,0.349,0.002,0,"22","h1SMnG0034383"
"687",0,0.129863276771356,0.131,0.001,0,"22","h1SMcG0004699"
"688",0,0.126913415192227,0.131,0.001,0,"22","h1SMnG0034399"
"689",0,0.126444311700573,0.123,0.001,0,"22","h1SMnG0034384"
"690",0,0.116401233696229,0.357,0.004,0,"22","h1SMcG0005808"
"691",0,0.0301675567925811,0.116,0.008,0,"23","h1SMcG0019691"
"692",0,0.0269673190141152,0.19,0.014,0,"23","h1SMcG0019692"
"693",0,0.0174851460446287,0.29,0.037,0,"23","h1SMcG0019693"
"694",0.00000000000000000000000000000000000000000000000000000000000000000000000000000000000000000000000000000000000000000000000000000000000000000000000000000000000000000000000000000000000000000000000000000000000000000000000000000000000000000000000000000000298481170231862,0.0104249045680451,0.212,0.039,0.000000000000000000000000000000000000000000000000000000000000000000000000000000000000000000000000000000000000000000000000000000000000000000000000000000000000000000000000000000000000000000000000000000000000000000000000000000000000000000000000000145384208396535,"23","h1SMcG0008071"
"695",0.0000000000000000000000000000000000000000000000000000000000000000000000000000000000000000000000000000000000000000000000000000000000000000000000000000000000000000000000000000000000000000000000000000000389776678641794,0.0062828324563758,0.286,0.075,0.00000000000000000000000000000000000000000000000000000000000000000000000000000000000000000000000000000000000000000000000000000000000000000000000000000000000000000000000000000000000000000000000000189852424632845,"23","h1SMcG0008074"
"696",0.0000000000000000000000000000000000000000000000000000000000000000000000000000000000000000000000000000000000000000000000000000000000000000000000000000000000000000000000000000000000000000000047001270346654,0.0156108223885379,0.12,0.017,0.000000000000000000000000000000000000000000000000000000000000000000000000000000000000000000000000000000000000000000000000000000000000000000000000000000000000000000000000000000000000000228933787604482,"23","h1SMnG0033336"
"697",0.0000000000000000000000000000000000000000000000000000000000000000000000000000000000000000000000000000000000000000000000000000000000000000000000000000000000000000000000000000000000000247664381434513,0.0032797313388669,0.754,0.43,0.00000000000000000000000000000000000000000000000000000000000000000000000000000000000000000000000000000000000000000000000000000000000000000000000000000000000000000000000000000000120632366909123,"23","h1SMnG0035608"
"698",0.000000000000000000000000000000000000000000000000000000000000000000000000000000000000000000000000000000000000000000000000000000000000000000000000000000010194989886599,0.00384157479672991,0.504,0.224,0.000000000000000000000000000000000000000000000000000000000000000000000000000000000000000000000000000000000000000000000000000000000000000000000000000496577567396463,"23","h1SMcG0002117"
"699",0.00000000000000000000000000000000000000000000000000000000000000000000000000000000000000000000000000000000000000000000000000000000000000011675401467678,0.00572339822311758,0.221,0.062,0.00000000000000000000000000000000000000000000000000000000000000000000000000000000000000000000000000000000000000000000000000000000000568685454687659,"23","h1SMcG0008073"
"700",0.000000000000000000000000000000000000000000000000000000000000000000000000000000000000000000000000000000966367986350955,0.00341701473044088,0.426,0.206,0.0000000000000000000000000000000000000000000000000000000000000000000000000000000000000000000000000470698518791823,"23","h1SMcG0022103"
"701",0.00000000000000000000000000000000000000000000000000000000000000000000000000000000000000000000000000106347233910817,0.00862483817522611,0.114,0.026,0.0000000000000000000000000000000000000000000000000000000000000000000000000000000000000000000000517996106932805,"23","h1SMcG0008070"
"702",0.00000000000000000000000000000000000000000000000000000000000000000000000000176564383706454,0.0034794984281173,0.31,0.145,0.0000000000000000000000000000000000000000000000000000000000000000000000860009800157394,"23","h1SMnG0035607"
"703",0.000000000000000000000000000000000000000000000000000000000000000000000000522042467743003,0.00357767741074761,0.297,0.138,0.0000000000000000000000000000000000000000000000000000000000000000000254276445188262,"23","h1SMcG0021424"
"704",0.000000000000000000000000000000000000000000000000000000000000000000000271266782922947,0.00342356421119967,0.287,0.133,0.0000000000000000000000000000000000000000000000000000000000000000132128624626109,"23","h1SMcG0014692"
"705",0.000000000000000000000000000000000000000000000000000000000000000000737504962476905,0.00351395778833568,0.272,0.126,0.0000000000000000000000000000000000000000000000000000000000000359223917123251,"23","h1SMnG0035619"
"706",0.00000000000000000000000000000000000000000000000000000000000000000264804497721943,0.00481639306809666,0.163,0.058,0.000000000000000000000000000000000000000000000000000000000000128980974750404,"23","h1SMcG0000448"
"707",0.00000000000000000000000000000000000000000000000000882234205508483,0.00407869627402071,0.168,0.07,0.000000000000000000000000000000000000000000000429718636819072,"23","h1SMcG0011210"
"708",0.00000000000000000000000000000000000000000000161264897265979,0.00377472383800463,0.174,0.077,0.0000000000000000000000000000000000000000785489061603131,"23","h1SMcG0000643"
"709",0.0000000000000000000000000000000000000000000386111623895266,0.00326843203303006,0.173,0.077,0.00000000000000000000000000000000000000188067249766906,"23","h1SMcG0011633"
"710",0.0000000000000000000000000000000000000000000502841161732267,0.00514801595757338,0.101,0.034,0.00000000000000000000000000000000000000244923873056553,"23","h1SMcG0006469"
"711",0.00000000000000000000000000000000000000000739663796226821,0.00374091880499872,0.151,0.064,0.00000000000000000000000000000000000036027544186616,"23","h1SMcG0009353"
"712",0.00000000000000000000000000000000000000048396131125943,0.00388108868701128,0.141,0.06,0.0000000000000000000000000000000000235727875488243,"23","h1SMcG0008834"
"713",0.000000000000000000000000000000000000145172083954625,0.004033307933457,0.128,0.053,0.00000000000000000000000000000000707104186526187,"23","h1SMcG0005902"
"714",0.000000000000000000000000000000000286616026972872,0.00337052541707378,0.169,0.083,0.0000000000000000000000000000139604934417947,"23","h1SMcG0009590"
"715",0.00000000000000000000000000000000523978290293758,0.00413421490099522,0.103,0.041,0.000000000000000000000000000255219345636284,"23","h1SMcG0001898"
"716",0.00000000000000000000000000000244216507557425,0.00345629625850044,0.114,0.049,0.000000000000000000000000118952976501071,"23","h1SMcG0001973"
"717",0.00000000000000000000000000000279195810241923,0.00331623423509736,0.12,0.053,0.000000000000000000000000135990695252636,"23","h1SMcG0020537"
"718",0.00000000000000000000000000000582123520401966,0.00368594552814379,0.114,0.05,0.00000000000000000000000028354072431739,"23","h1SMcG0011798"
"719",0.0000000000000000000000000000134537221247479,0.00350866040285903,0.127,0.058,0.00000000000000000000000065530389725222,"23","h1SMcG0017549"
"720",0.000000000000000000000000000316650626820125,0.00407439487686204,0.108,0.048,0.0000000000000000000000154234187311547,"23","h1SMcG0013920"
"721",0,0.117879300390308,0.171,0.001,0,"24","h1SMcG0008235"
"722",0,0.117487073075553,0.131,0.001,0,"24","h1SMcG0003218"
"723",0,0.112929171548363,0.134,0.001,0,"24","h1SMcG0011150"
"724",0,0.10960699224715,0.301,0.003,0,"24","h1SMcG0008236"
"725",0,0.104146323913488,0.263,0.003,0,"24","h1SMcG0020715"
"726",0,0.0991967450451571,0.222,0.003,0,"24","h1SMcG0021560"
"727",0,0.0834042619590844,0.154,0.003,0,"24","h1SMcG0017057"
"728",0,0.0730654727002422,0.429,0.01,0,"24","h1SMcG0014114"
"729",0,0.0620594971511456,0.54,0.022,0,"24","h1SMcG0021376"
"730",0,0.0583228662520248,0.117,0.004,0,"24","h1SMnG0030813"
"731",0,0.0441228469122328,0.311,0.017,0,"24","h1SMcG0006504"
"732",0,0.0413505270307623,0.119,0.006,0,"24","h1SMcG0000618"
"733",0,0.038985812419868,0.352,0.02,0,"24","h1SMnG0015595"
"734",0,0.0373663953482709,0.138,0.009,0,"24","h1SMcG0018313"
"735",0,0.0348775641164199,0.243,0.016,0,"24","h1SMcG0011739"
"736",0,0.0330633952258239,0.488,0.05,0,"24","h1SMcG0022349"
"737",0,0.0324311612913549,0.189,0.013,0,"24","h1SMcG0009335"
"738",0,0.032039845202583,0.128,0.009,0,"24","h1SMcG0008385"
"739",0,0.0275830929693242,0.301,0.024,0,"24","h1SMcG0003676"
"740",0,0.026034440767796,0.125,0.011,0,"24","h1SMcG0009939"
"741",0,0.024167945913665,0.165,0.016,0,"24","h1SMcG0017363"
"742",0,0.0233201584397524,0.194,0.019,0,"24","h1SMcG0002517"
"743",0,0.0231177094797324,0.198,0.021,0,"24","h1SMcG0022137"
"744",0,0.0229760907652312,0.198,0.021,0,"24","h1SMcG0000587"
"745",0,0.0227559808700649,0.239,0.024,0,"24","h1SMcG0011149"
"746",0.0000000000000000000000000000000000000000000000000000000000000000000000000000000000000000000000000000000000000000000000000000000000000000000000000000000000000000000000000000000000000000000000000000000000000000000000000000000000000000000000000000000000000000000000000000000000000000000000000000000000000000000626188203785736,0.024114283175479,0.129,0.012,0.00000000000000000000000000000000000000000000000000000000000000000000000000000000000000000000000000000000000000000000000000000000000000000000000000000000000000000000000000000000000000000000000000000000000000000000000000000000000000000000000000000000000000000000000000000000000000000000000000000000000000305003750299956,"24","h1SMcG0020842"
"747",0.0000000000000000000000000000000000000000000000000000000000000000000000000000000000000000000000000000000000000000000000000000000000000000000000000000000000000000000000000000000000000000000000000000000000000000000000000000000000000000000000000000000000000000000000000000000000000000000000000000000000000000128958490148288,0.0224215237935504,0.131,0.013,0.000000000000000000000000000000000000000000000000000000000000000000000000000000000000000000000000000000000000000000000000000000000000000000000000000000000000000000000000000000000000000000000000000000000000000000000000000000000000000000000000000000000000000000000000000000000000000000000000000000000000628131013814281,"24","h1SMcG0005772"
"748",0.0000000000000000000000000000000000000000000000000000000000000000000000000000000000000000000000000000000000000000000000000000000000000000000000000000000000000000000000000000000000000000000000000000000000000000000000000000000000000000000000000000000000000000935114849793961,0.0244332620776271,0.1,0.009,0.00000000000000000000000000000000000000000000000000000000000000000000000000000000000000000000000000000000000000000000000000000000000000000000000000000000000000000000000000000000000000000000000000000000000000000000000000000000000000000000000000000000000455475741037643,"24","h1SMcG0015647"
"749",0.00000000000000000000000000000000000000000000000000000000000000000000000000000000000000000000000000000000000000000000000000000000000000000000000000000000000000000000000000000000000000000000000000000000000000000000000000000000000000000000664616663341479,0.0215892300303366,0.115,0.013,0.000000000000000000000000000000000000000000000000000000000000000000000000000000000000000000000000000000000000000000000000000000000000000000000000000000000000000000000000000000000000000000000000000000000000000000000000000000000000000323721484380368,"24","h1SMcG0014204"
"750",0.00000000000000000000000000000000000000000000000000000000000000000000000000000000000000000000000000000000000000000000000000000000000000000000000000000000000000000000000000000000000000000000000000000000000000000000000000000000000000000150387623648652,0.0214079283888643,0.104,0.011,0.0000000000000000000000000000000000000000000000000000000000000000000000000000000000000000000000000000000000000000000000000000000000000000000000000000000000000000000000000000000000000000000000000000000000000000000000000000000000000732508037267855,"24","h1SMcG0011755"
"751",0,0.133250277244384,0.114,0.001,0,"25","h1SMnG0025765"
"752",0,0.105149379273758,0.775,0.015,0,"25","h1SMcG0016251"
"753",0,0.104758607629712,0.237,0.005,0,"25","h1SMcG0015841"
"754",0,0.104030771475789,0.235,0.003,0,"25","h1SMcG0003529"
"755",0,0.0963630632073907,0.134,0.002,0,"25","h1SMcG0022501"
"756",0,0.0898219549979861,0.142,0.002,0,"25","h1SMcG0010927"
"757",0,0.0894649817115915,0.278,0.005,0,"25","h1SMcG0003611"
"758",0,0.0852326872474787,0.122,0.002,0,"25","h1SMcG0001664"
"759",0,0.0845009996651457,0.16,0.004,0,"25","h1SMcG0015837"
"760",0,0.073452834573913,0.408,0.011,0,"25","h1SMcG0002928"
"761",0,0.0683439037937087,0.142,0.004,0,"25","h1SMcG0013194"
"762",0,0.0544882313806469,0.242,0.01,0,"25","h1SMcG0003527"
"763",0,0.0487136926604689,0.202,0.007,0,"25","h1SMcG0002508"
"764",0,0.0459037089681396,0.138,0.006,0,"25","h1SMcG0005156"
"765",0,0.034448859099821,0.116,0.007,0,"25","h1SMnG0016329"
"766",0,0.0308563412318485,0.26,0.019,0,"25","h1SMcG0007079"
"767",0,0.0281815137872973,0.249,0.022,0,"25","h1SMcG0016190"
"768",0,0.0257471801850122,0.283,0.028,0,"25","h1SMcG0005618"
"769",0,0.0247106665431192,0.129,0.012,0,"25","h1SMcG0007073"
"770",0,0.0246156874952723,0.142,0.014,0,"25","h1SMcG0010699"
"771",0,0.0242644613167442,0.137,0.013,0,"25","h1SMcG0010632"
"772",0,0.0214354460374657,0.328,0.036,0,"25","h1SMcG0010015"
"773",0,0.0209835746930655,0.168,0.02,0,"25","h1SMcG0000572"
"774",0,0.0204801095304237,0.381,0.041,0,"25","h1SMcG0016777"
"775",0,0.0199761368298225,0.181,0.02,0,"25","h1SMcG0005261"
"776",0.000000000000000000000000000000000000000000000000000000000000000000000000000000000000000000000000000000000000000000000000000000000000000000000000000000000000000000000000000000000000000000000000000000000000000000000000000000000000000000000000000000000000000000000120696728404251,0.0201689639187881,0.134,0.015,0.00000000000000000000000000000000000000000000000000000000000000000000000000000000000000000000000000000000000000000000000000000000000000000000000000000000000000000000000000000000000000000000000000000000000000000000000000000000000000000000000000000000000000000587889624711427,"25","h1SMcG0004941"
"777",0.000000000000000000000000000000000000000000000000000000000000000000000000000000000000000000000000000000000000000000000000000000000000000000000000000000000000000000000000000000000000000000000000000000000000000000000000000000000000000000000000000000000000000000189143291535953,0.024757866675009,0.113,0.011,0.00000000000000000000000000000000000000000000000000000000000000000000000000000000000000000000000000000000000000000000000000000000000000000000000000000000000000000000000000000000000000000000000000000000000000000000000000000000000000000000000000000000000000921279144413317,"25","h1SMcG0005697"
"778",0.00000000000000000000000000000000000000000000000000000000000000000000000000000000000000000000000000000000000000000000000000000000000000000000000000000000000000000000000000000000000000000000000000000000000000000000000000000000000000302708809629373,0.0195704309163854,0.132,0.016,0.000000000000000000000000000000000000000000000000000000000000000000000000000000000000000000000000000000000000000000000000000000000000000000000000000000000000000000000000000000000000000000000000000000000000000000000000000000000147443406994275,"25","h1SMcG0022251"
"779",0.000000000000000000000000000000000000000000000000000000000000000000000000000000000000000000000000000000000000000000000000000000000000000000000000000000000000000000000000000000000000000000000000000000000000000000000000000202535331628165,0.0203750658815332,0.107,0.011,0.00000000000000000000000000000000000000000000000000000000000000000000000000000000000000000000000000000000000000000000000000000000000000000000000000000000000000000000000000000000000000000000000000000000000000000000000986509093294467,"25","h1SMcG0015417"
"780",0.000000000000000000000000000000000000000000000000000000000000000000000000000000000000000000000000000000000000000000000000000000000000000000000000000000000000000000000000000000000000000000000000000000000000000195849804103682,0.0212491702851153,0.107,0.012,0.00000000000000000000000000000000000000000000000000000000000000000000000000000000000000000000000000000000000000000000000000000000000000000000000000000000000000000000000000000000000000000000000000000000000953945225828213,"25","h1SMcG0021495"
"781",0,0.160624308343543,0.177,0,0,"26","h1SMcG0022354"
"782",0,0.155999915316286,0.4,0.002,0,"26","h1SMcG0016318"
"783",0,0.121305905321041,0.197,0.002,0,"26","h1SMcG0005558"
"784",0,0.119819270016139,0.333,0.003,0,"26","h1SMcG0016266"
"785",0,0.113114826329618,0.529,0.009,0,"26","h1SMcG0005210"
"786",0,0.110179015713935,0.205,0.002,0,"26","h1SMcG0005212"
"787",0,0.0979133376262619,0.369,0.006,0,"26","h1SMcG0011645"
"788",0,0.0936100131387812,0.185,0.003,0,"26","h1SMcG0016306"
"789",0,0.0804096049345912,0.298,0.007,0,"26","h1SMcG0008717"
"790",0,0.0796398664136104,0.264,0.005,0,"26","h1SMcG0021929"
"791",0,0.0787590287255448,0.104,0.002,0,"26","h1SMcG0006770"
"792",0,0.0740477110826954,0.366,0.01,0,"26","h1SMcG0008729"
"793",0,0.060501193839743,0.116,0.004,0,"26","h1SMcG0005262"
"794",0,0.0576926370544892,0.15,0.005,0,"26","h1SMcG0011642"
"795",0,0.0576420123472845,0.137,0.005,0,"26","h1SMcG0020443"
"796",0,0.0560199306995331,0.313,0.012,0,"26","h1SMcG0012723"
"797",0,0.0542987800488356,0.149,0.006,0,"26","h1SMnG0025796"
"798",0,0.0521823770319426,0.103,0.004,0,"26","h1SMcG0010912"
"799",0,0.0493069027409449,0.129,0.005,0,"26","h1SMnG0010122"
"800",0,0.0487240116359849,0.13,0.006,0,"26","h1SMcG0011639"
"801",0,0.0483755302234525,0.233,0.011,0,"26","h1SMcG0011638"
"802",0,0.0481455264754819,0.122,0.005,0,"26","h1SMcG0022309"
"803",0,0.0478975821304797,0.146,0.006,0,"26","h1SMcG0022504"
"804",0,0.047544770421357,0.244,0.011,0,"26","h1SMcG0022657"
"805",0,0.0471130935435122,0.296,0.014,0,"26","h1SMcG0001623"
"806",0,0.0442866240123374,0.191,0.01,0,"26","h1SMcG0021796"
"807",0,0.0433087270066861,0.513,0.03,0,"26","h1SMcG0011640"
"808",0,0.0426602519665605,0.145,0.008,0,"26","h1SMcG0002941"
"809",0,0.0423545759729761,0.171,0.009,0,"26","h1SMcG0005128"
"810",0,0.0407176197376698,0.172,0.01,0,"26","h1SMcG0018049"
"811",0.0000000000000000000000000000000000000000000000000000000000000000000000000000000000000000000000000000000000000000000000000442664101193033,0.00518973176516529,0.162,0.034,0.00000000000000000000000000000000000000000000000000000000000000000000000000000000000000000000000000000000000000000000215612830409102,"27","h1SMcG0005534"
"812",0.00000000000000000000000000000000000000000000000000000000000000000000000000000000000000000000000000000000000000000000230809285695696,0.00716084988593539,0.135,0.025,0.00000000000000000000000000000000000000000000000000000000000000000000000000000000000000000000000000000000000000011242258687666,"27","h1SMcG0005567"
"813",0.00000000000000000000000000000000000000000000000000000000000000000000000000000000000000000000000000000000000000325097176161742,0.00483425623000208,0.166,0.037,0.000000000000000000000000000000000000000000000000000000000000000000000000000000000000000000000000000000000158348332564861,"27","h1SMcG0005535"
"814",0.000000000000000000000000000000000000000000000000000000000000000000000000000000000000000627095787823634,0.00590352013094819,0.119,0.025,0.0000000000000000000000000000000000000000000000000000000000000000000000000000000000305445816333136,"27","h1SMcG0005613"
"815",0.0000000000000000000000000000000000000000000000000000000000000000000000000000000000011407111656488,0.00942501900546742,0.116,0.025,0.0000000000000000000000000000000000000000000000000000000000000000000000000000000555617594564218,"27","h1SMcG0016868"
"816",0.00000000000000000000000000000000000000000000000000000000000000000000000000000000620545665436808,0.00959290352535976,0.109,0.023,0.000000000000000000000000000000000000000000000000000000000000000000000000000302255382720961,"27","h1SMnG0000528"
"817",0.000000000000000000000000000000000000000108334260143047,0.00126606135978874,0.404,0.226,0.00000000000000000000000000000000000527674514304752,"27","h1SMcG0002117"
"818",0.0000000000000000000000000000000325432340108235,0.0006449955856088,0.628,0.433,0.00000000000000000000000000158511584219919,"27","h1SMnG0035608"
"819",0.000000000000000000000162953606521514,0.00284248518433605,0.136,0.065,0.00000000000000000793714426644993,"27","h1SMcG0016977"
"820",0.000000000000000000000656472744383349,0.00226941116042326,0.178,0.095,0.0000000000000000319754744334242,"27","h1SMcG0011350"
"821",0.0000000000000000000787897869851362,0.00291597522278114,0.117,0.056,0.00000000000000383769294447201,"27","h1SMcG0011666"
"822",0.000000000000000105722999089758,0.00120645791638905,0.248,0.157,0.00000000000514955583966393,"27","h1SMcG0004116"
"823",0.000000000000000134210032719701,0.00208483614041256,0.135,0.072,0.00000000000653710227371118,"27","h1SMcG0022319"
"824",0.0000000000000010031003857439,0.00114098459779468,0.146,0.08,0.0000000000488590135888138,"27","h1SMcG0003194"
"825",0.0000000000000378220616346392,0.00221804015135806,0.108,0.056,0.00000000184223697810001,"27","h1SMcG0014154"
"826",0.0000000000000391872096638548,0.000529774805658966,0.477,0.358,0.00000000190873060830704,"27","h1SMcG0015722"
"827",0.00000000187125646963397,0.00130333514194867,0.158,0.104,0.0000911451601229316,"27","h1SMcG0014846"
"828",0.0000000146971667248877,0.000784842608842088,0.213,0.151,0.00071586959683583,"27","h1SMcG0006433"
"829",0.0000000226147818086638,0.00109245066441468,0.17,0.117,0.0011015207923364,"27","h1SMcG0023144"
"830",0.0000000888925151971501,0.000506634878319342,0.275,0.206,0.00432977663022279,"27","h1SMcG0023145"
"831",0.000000321458306198974,0.00143119417269528,0.102,0.065,0.0156575911783396,"27","h1SMcG0010468"
"832",0.000000464592001641091,0.000677730271226157,0.202,0.147,0.0226293472159343,"27","h1SMnG0035607"
"833",0.00000135740265498426,0.000828049947614278,0.148,0.104,0.0661163685189735,"27","h1SMcG0021280"
"834",0.00000514685832668484,0.000656596197675536,0.19,0.142,0.250693175376165,"27","h1SMcG0011264"
"835",0.0000120398571732773,0.000499181790412822,0.203,0.154,0.586437363195989,"27","h1SMnG0035618"
"836",0.0000323552896596819,0.000575005509957523,0.207,0.161,1,"27","h1SMcG0023143"
"837",0.000172543780833577,0.000584413425388378,0.165,0.127,1,"27","h1SMnG0035619"
"838",0.000401519203629334,0.000684680361603566,0.101,0.073,1,"27","h1SMcG0009670"
"839",0.00145818711312168,0.000489474008319551,0.152,0.12,1,"27","h1SMcG0005587"
"840",0.0217177320861597,0.000541029429708074,0.109,0.089,1,"27","h1SMcG0015377"
"841",0,0.214320487969894,0.445,0.001,0,"28","h1SMcG0009669"
"842",0,0.204126686668351,0.52,0.002,0,"28","h1SMcG0017655"
"843",0,0.190497560695383,0.243,0.001,0,"28","h1SMcG0010406"
"844",0,0.188010612261657,0.159,0.001,0,"28","h1SMcG0005690"
"845",0,0.153634645870652,0.146,0.001,0,"28","h1SMcG0008191"
"846",0,0.151126827245426,0.206,0.002,0,"28","h1SMcG0007671"
"847",0,0.148183003096107,0.236,0.002,0,"28","h1SMcG0023130"
"848",0,0.136123814453331,0.254,0.003,0,"28","h1SMcG0022492"
"849",0,0.122348472475396,0.273,0.004,0,"28","h1SMcG0012651"
"850",0,0.120342573817478,0.553,0.011,0,"28","h1SMcG0020440"
"851",0,0.117445773578208,0.174,0.002,0,"28","h1SMcG0005606"
"852",0,0.108184907310895,0.108,0.002,0,"28","h1SMcG0012289"
"853",0,0.107580427864742,0.351,0.006,0,"28","h1SMcG0001346"
"854",0,0.107121005094904,0.334,0.007,0,"28","h1SMcG0001252"
"855",0,0.106995514805008,0.177,0.003,0,"28","h1SMnG0002056"
"856",0,0.099395670986211,0.18,0.003,0,"28","h1SMcG0019851"
"857",0,0.0907873744792965,0.313,0.007,0,"28","h1SMcG0021404"
"858",0,0.0839975230227887,0.157,0.004,0,"28","h1SMcG0001033"
"859",0,0.0810873366150372,0.147,0.004,0,"28","h1SMcG0013289"
"860",0,0.0808878193817685,0.107,0.003,0,"28","h1SMcG0021070"
"861",0,0.0761159876346099,0.195,0.005,0,"28","h1SMcG0007676"
"862",0,0.0707173122218714,0.231,0.007,0,"28","h1SMcG0000265"
"863",0,0.0689780616934133,0.103,0.003,0,"28","h1SMcG0019261"
"864",0,0.0661066317071143,0.238,0.009,0,"28","h1SMcG0010281"
"865",0,0.0654061705340829,0.203,0.007,0,"28","h1SMcG0006773"
"866",0,0.063291461244586,0.37,0.014,0,"28","h1SMcG0009945"
"867",0,0.0619647381681629,0.593,0.034,0,"28","h1SMcG0014381"
"868",0,0.0597511804667459,0.277,0.01,0,"28","h1SMcG0019700"
"869",0,0.0595052216570715,0.213,0.008,0,"28","h1SMcG0020265"
"870",0,0.0580872472893662,0.121,0.005,0,"28","h1SMcG0021039"
"871",0,0.232973277530799,0.763,0.002,0,"29","h1SMcG0020674"
"872",0,0.231519323624728,0.21,0,0,"29","h1SMcG0013456"
"873",0,0.228948259018707,0.121,0,0,"29","h1SMcG0005120"
"874",0,0.22514402029134,0.39,0.001,0,"29","h1SMcG0014094"
"875",0,0.22148506404734,0.288,0.001,0,"29","h1SMnG0010385"
"876",0,0.196874016053123,0.176,0.001,0,"29","h1SMcG0009595"
"877",0,0.188544920193187,0.125,0.001,0,"29","h1SMnG0005564"
"878",0,0.126262080911287,0.393,0.005,0,"29","h1SMnG0016453"
"879",0,0.124131155563021,0.219,0.003,0,"29","h1SMcG0019451"
"880",0,0.122085196032541,0.228,0.003,0,"29","h1SMcG0016600"
"881",0,0.120820631118157,0.1,0.001,0,"29","h1SMcG0003437"
"882",0,0.0912287437521727,0.102,0.002,0,"29","h1SMnG0024382"
"883",0,0.0864993010951129,0.535,0.015,0,"29","h1SMcG0014925"
"884",0,0.0776353903365918,0.174,0.004,0,"29","h1SMcG0002172"
"885",0,0.0718275269868985,0.311,0.01,0,"29","h1SMcG0004473"
"886",0,0.0703666553431596,0.137,0.004,0,"29","h1SMcG0003793"
"887",0,0.0636642385384274,0.634,0.031,0,"29","h1SMcG0009864"
"888",0,0.060438887607278,0.107,0.004,0,"29","h1SMcG0021038"
"889",0,0.0565946389801492,0.15,0.006,0,"29","h1SMnG0008858"
"890",0,0.0562588086563924,0.269,0.011,0,"29","h1SMcG0011547"
"891",0,0.056209752542316,0.2,0.008,0,"29","h1SMcG0018142"
"892",0,0.0556879325154233,0.405,0.019,0,"29","h1SMcG0005261"
"893",0,0.0537220366529275,0.717,0.044,0,"29","h1SMcG0007593"
"894",0,0.0522701636003805,0.183,0.008,0,"29","h1SMcG0004486"
"895",0,0.0510064285289686,0.134,0.006,0,"29","h1SMcG0000727"
"896",0,0.0508896400583289,0.204,0.009,0,"29","h1SMcG0021113"
"897",0,0.0445575411069514,0.328,0.02,0,"29","h1SMcG0004962"
"898",0,0.0431922136308681,0.151,0.008,0,"29","h1SMcG0018351"
"899",0,0.0427948096513205,0.157,0.009,0,"29","h1SMcG0020904"
"900",0,0.0419725490320892,0.22,0.012,0,"29","h1SMcG0022090"
"901",0,0.080317847564043,0.131,0.003,0,"30","h1SMnG0027334"
"902",0,0.0635447491525672,0.234,0.013,0,"30","h1SMcG0022075"
"903",0,0.0432061294966589,0.219,0.016,0,"30","h1SMcG0010770"
"904",0,0.0418197725580491,0.807,0.094,0,"30","h1SMcG0019478"
"905",0,0.0290522852577509,0.853,0.247,0,"30","h1SMcG0000909"
"906",0,0.0271512358075472,0.593,0.068,0,"30","h1SMnG0013596"
"907",0.000000000000000000000000000000000000000000000000000000000000000000000000000000000000000000000000000000000000000000000000000000000000000000000000000000000000000000000000000000000000000000000000000000000000000000000000000000000000000000000000000000000000000000000000000000520233059386213,0.00742556835615091,0.769,0.287,0.0000000000000000000000000000000000000000000000000000000000000000000000000000000000000000000000000000000000000000000000000000000000000000000000000000000000000000000000000000000000000000000000000000000000000000000000000000000000000000000000000000000000000000000000000253395118565837,"30","h1SMcG0008035"
"908",0.000000000000000000000000000000000000000000000000000000000000000000000000000000000000000000000000000000000000000000000000000000000000000000000000000000000000000000000000000000000000000000000000000000000000000000000000000000000000000000000000000000000000000258398093536397,0.0316284507244236,0.157,0.014,0.0000000000000000000000000000000000000000000000000000000000000000000000000000000000000000000000000000000000000000000000000000000000000000000000000000000000000000000000000000000000000000000000000000000000000000000000000000000000000000000000000000000000125860543399708,"30","h1SMcG0021359"
"909",0.00000000000000000000000000000000000000000000000000000000000000000000000000000000000000000000000000000000000000000000000000000000000000000000000000000000000000000000000000000000000000000000000000000000000000000346859865841174,0.00832122811989626,0.426,0.103,0.000000000000000000000000000000000000000000000000000000000000000000000000000000000000000000000000000000000000000000000000000000000000000000000000000000000000000000000000000000000000000000000000000000000000168948503453919,"30","h1SMcG0013999"
"910",0.0000000000000000000000000000000000000000000000000000000000000000000000000000000000000000000000000000000000000000000000000000000000000000000000000000000000000000000000000000000000000000181002650069114,0.033859070061936,0.324,0.075,0.000000000000000000000000000000000000000000000000000000000000000000000000000000000000000000000000000000000000000000000000000000000000000000000000000000000000000000000000000000000000881627707956642,"30","h1SMnG0026565"
"911",0.00000000000000000000000000000000000000000000000000000000000000000000000000000000000000000000000000000000000000000000000000000000000000000298834556349568,0.00919939034044137,0.291,0.072,0.000000000000000000000000000000000000000000000000000000000000000000000000000000000000000000000000000000000000000000000000000000000000145556335706748,"30","h1SMcG0009876"
"912",0.000000000000000000000000000000000000000000000000000000000000000000000000000000000000000000000000000000000000000000000000000000238131378297273,0.0175932278983349,0.187,0.036,0.0000000000000000000000000000000000000000000000000000000000000000000000000000000000000000000000000000000000000000000000000115989031741036,"30","h1SMcG0022278"
"913",0.0000000000000000000000000000000000000000000000000000000000000000000000000000000000000000000000000000000000000000000000000000379978375268351,0.0199472212759959,0.56,0.261,0.00000000000000000000000000000000000000000000000000000000000000000000000000000000000000000000000000000000000000000000000185079867025708,"30","h1SMcG0017068"
"914",0.000000000000000000000000000000000000000000000000000000000000000000000000000000000000000000000000000000000000000000000000000211647587797398,0.0151880552514357,0.338,0.106,0.0000000000000000000000000000000000000000000000000000000000000000000000000000000000000000000000000000000000000000000000103089307064357,"30","h1SMcG0011031"
"915",0.0000000000000000000000000000000000000000000000000000000000000000000000000000000000000000000000000000000000000000000000000954920280386512,0.010150741351744,0.545,0.251,0.00000000000000000000000000000000000000000000000000000000000000000000000000000000000000000000000000000000000000000000465122570170662,"30","h1SMnG0005858"
"916",0.0000000000000000000000000000000000000000000000000000000000000000000000000000000000000000000000000000000000000000000000105131557805271,0.00750457759649389,0.378,0.126,0.000000000000000000000000000000000000000000000000000000000000000000000000000000000000000000000000000000000000000000512074791757913,"30","h1SMcG0003572"
"917",0.000000000000000000000000000000000000000000000000000000000000000000000000000000000000000000000000000000000000000000000252220255376764,0.00553625478076369,0.526,0.223,0.0000000000000000000000000000000000000000000000000000000000000000000000000000000000000000000000000000000000000000122851441988914,"30","h1SMcG0019482"
"918",0.0000000000000000000000000000000000000000000000000000000000000000000000000000000000000000000000000000212759599249478,0.00767852567276282,0.234,0.06,0.00000000000000000000000000000000000000000000000000000000000000000000000000000000000000000000000103630945602436,"30","h1SMcG0005241"
"919",0.0000000000000000000000000000000000000000000000000000000000000000000000000000000000000000000000000000639564395562011,0.0055700450805317,0.416,0.16,0.00000000000000000000000000000000000000000000000000000000000000000000000000000000000000000000000311519025790344,"30","h1SMcG0011793"
"920",0.00000000000000000000000000000000000000000000000000000000000000000000000000000000000000000000000000100811963359392,0.00825260440046766,0.224,0.057,0.0000000000000000000000000000000000000000000000000000000000000000000000000000000000000000000000491034911130927,"30","h1SMcG0009165"
"921",0.00000000000000000000000000000000000000000000000000000000000000000000000000000000000000000000424986133450622,0.00835688747625612,0.209,0.053,0.000000000000000000000000000000000000000000000000000000000000000000000000000000000000000207002245881129,"30","h1SMcG0020537"
"922",0.00000000000000000000000000000000000000000000000000000000000000000000000000000000181835800117907,0.00559938031119827,0.329,0.122,0.0000000000000000000000000000000000000000000000000000000000000000000000000000885685815214304,"30","h1SMcG0021692"
"923",0.0000000000000000000000000000000000000000000000000000000000000000000000000614135895047068,0.00661991541990375,0.203,0.058,0.00000000000000000000000000000000000000000000000000000000000000000000299133311759526,"30","h1SMcG0006230"
"924",0.000000000000000000000000000000000000000000000000000000000000000000000734683774059034,0.00600799576688332,0.231,0.074,0.0000000000000000000000000000000000000000000000000000000000000000357849772668674,"30","h1SMcG0016303"
"925",0.000000000000000000000000000000000000000000000000000000000000116455318798665,0.00623790276963713,0.18,0.053,0.00000000000000000000000000000000000000000000000000000000567230566804535,"30","h1SMcG0013162"
"926",0.00000000000000000000000000000000000000000000000000000113785752731201,0.00932588240062138,0.199,0.069,0.0000000000000000000000000000000000000000000000000554227644403135,"30","h1SMcG0016893"
"927",0.0000000000000000000000000000000000000000000000000000106429667630796,0.00789105174807639,0.189,0.064,0.00000000000000000000000000000000000000000000000051839762509608,"30","h1SMnG0012024"
"928",0.000000000000000000000000000000000000000000000230834845380419,0.00620129714421391,0.156,0.05,0.0000000000000000000000000000000000000000112435036487895,"30","h1SMcG0008036"
"929",0.000000000000000000000000000000959598116360196,0.00605464362857004,0.103,0.033,0.0000000000000000000000000467401050516724,"30","h1SMcG0007526"
"930",0.000000000000000000000000000351966500482791,0.00595949632271672,0.101,0.034,0.0000000000000000000000171435843055158,"30","h1SMcG0001110"
"931",0,0.165783266697517,0.165,0.002,0,"31","h1SMnG0023794"
"932",0,0.151177710177438,0.162,0.002,0,"31","h1SMnG0002593"
"933",0,0.147876209891757,0.642,0.009,0,"31","h1SMcG0016334"
"934",0,0.130742682803307,0.186,0.002,0,"31","h1SMcG0019912"
"935",0,0.113168269309448,0.14,0.002,0,"31","h1SMcG0001587"
"936",0,0.11273582305996,0.119,0.002,0,"31","h1SMcG0006205"
"937",0,0.110026079740281,0.469,0.01,0,"31","h1SMcG0022090"
"938",0,0.0942783327401685,0.235,0.006,0,"31","h1SMcG0009237"
"939",0,0.081617216451588,0.76,0.03,0,"31","h1SMcG0001608"
"940",0,0.0809808592836257,0.199,0.005,0,"31","h1SMnG0010122"
"941",0,0.0806350487382321,0.2,0.005,0,"31","h1SMnG0026465"
"942",0,0.0790908749359295,0.473,0.015,0,"31","h1SMcG0001612"
"943",0,0.0788373638265954,0.545,0.019,0,"31","h1SMcG0013727"
"944",0,0.0763103646346784,0.267,0.008,0,"31","h1SMnG0026464"
"945",0,0.0715786736064159,0.344,0.011,0,"31","h1SMcG0009235"
"946",0,0.0691172065652492,0.205,0.006,0,"31","h1SMcG0016266"
"947",0,0.0690022265307177,0.104,0.003,0,"31","h1SMnG0026463"
"948",0,0.0643154409221217,0.298,0.011,0,"31","h1SMcG0016336"
"949",0,0.0630362319926926,0.173,0.006,0,"31","h1SMcG0005127"
"950",0,0.0628709502135131,0.862,0.047,0,"31","h1SMcG0016328"
"951",0,0.0603536149815411,0.181,0.007,0,"31","h1SMcG0003394"
"952",0,0.0587614878112434,0.186,0.007,0,"31","h1SMcG0011218"
"953",0,0.0583264353870421,0.338,0.018,0,"31","h1SMcG0021941"
"954",0,0.0572850323237262,0.432,0.019,0,"31","h1SMcG0011643"
"955",0,0.0558303800632557,0.184,0.008,0,"31","h1SMcG0009000"
"956",0,0.0536933543724001,0.353,0.016,0,"31","h1SMcG0019911"
"957",0,0.0524099023489208,0.452,0.024,0,"31","h1SMcG0019862"
"958",0,0.0508031443163928,0.109,0.005,0,"31","h1SMcG0017881"
"959",0,0.0500225646057821,0.571,0.034,0,"31","h1SMcG0016299"
"960",0,0.0490954131245215,0.138,0.006,0,"31","h1SMnG0025796"
"961",0,0.235427738598159,0.159,0,0,"32","h1SMcG0020556"
"962",0,0.215702507134045,0.178,0.001,0,"32","h1SMcG0022145"
"963",0,0.191872713115466,0.337,0.002,0,"32","h1SMcG0018569"
"964",0,0.174711744360271,0.545,0.005,0,"32","h1SMcG0002508"
"965",0,0.154521107452157,0.399,0.004,0,"32","h1SMcG0007758"
"966",0,0.150417993106638,0.228,0.003,0,"32","h1SMcG0020757"
"967",0,0.142051486031417,0.175,0.002,0,"32","h1SMcG0006212"
"968",0,0.117239358794695,0.177,0.003,0,"32","h1SMcG0004501"
"969",0,0.0998767012697064,0.515,0.012,0,"32","h1SMcG0002928"
"970",0,0.0973568931785803,0.181,0.004,0,"32","h1SMcG0003404"
"971",0,0.0884488117639323,0.11,0.002,0,"32","h1SMcG0006888"
"972",0,0.0859817175691483,0.112,0.003,0,"32","h1SMcG0007107"
"973",0,0.0767119686973702,0.107,0.003,0,"32","h1SMcG0015085"
"974",0,0.0756196609060231,0.198,0.006,0,"32","h1SMcG0021534"
"975",0,0.0754676381282432,0.17,0.005,0,"32","h1SMcG0021263"
"976",0,0.0754619292509609,0.416,0.013,0,"32","h1SMcG0016584"
"977",0,0.0717960440742164,0.264,0.01,0,"32","h1SMcG0007586"
"978",0,0.0585716175959758,0.38,0.018,0,"32","h1SMcG0008167"
"979",0,0.0557815545218377,0.113,0.005,0,"32","h1SMcG0015837"
"980",0,0.0522820973517371,0.364,0.019,0,"32","h1SMcG0006353"
"981",0,0.0514185823606555,0.228,0.011,0,"32","h1SMcG0002561"
"982",0,0.0508879557367149,0.222,0.011,0,"32","h1SMcG0010104"
"983",0,0.04904010740242,0.131,0.006,0,"32","h1SMcG0007974"
"984",0,0.0447475778488122,0.151,0.008,0,"32","h1SMcG0015768"
"985",0,0.0404619579310667,0.249,0.015,0,"32","h1SMcG0004941"
"986",0,0.0361550323141141,0.178,0.013,0,"32","h1SMcG0001344"
"987",0,0.0329878564242194,0.642,0.07,0,"32","h1SMcG0003062"
"988",0,0.0322552061896062,0.295,0.025,0,"32","h1SMcG0006509"
"989",0,0.0313771432879547,0.428,0.037,0,"32","h1SMcG0010015"
"990",0.00000000000000000000000000000000000000000000000000000000000000000000000000000000000000000000000000000000000000000000000000000000000000000000000000000000000000000000000000000000000000000000000000000000000000000000000000000000000000000000000000000000000000000000000000000000000000000000000000000000327119157481763,0.0425540953338777,0.12,0.007,0.000000000000000000000000000000000000000000000000000000000000000000000000000000000000000000000000000000000000000000000000000000000000000000000000000000000000000000000000000000000000000000000000000000000000000000000000000000000000000000000000000000000000000000000000000000000000000000000000000159333199226217,"32","h1SMcG0000382"
"991",0,0.278953552249016,0.116,0,0,"33","h1SMcG0020101"
"992",0,0.244265829891061,0.18,0,0,"33","h1SMcG0004452"
"993",0,0.242718657257506,0.112,0,0,"33","h1SMcG0003273"
"994",0,0.232170850940678,0.136,0,0,"33","h1SMcG0011102"
"995",0,0.230044229951258,0.113,0,0,"33","h1SMcG0007750"
"996",0,0.228160051612801,0.174,0.001,0,"33","h1SMcG0018870"
"997",0,0.227937518721611,0.105,0,0,"33","h1SMcG0017258"
"998",0,0.213066409160496,0.262,0.001,0,"33","h1SMcG0017390"
"999",0,0.208729552414418,0.255,0.001,0,"33","h1SMcG0014716"
"1000",0,0.205942688844274,0.175,0.001,0,"33","h1SMcG0010388"
"1001",0,0.205661668317475,0.113,0.001,0,"33","h1SMcG0014174"
"1002",0,0.202776442931757,0.169,0.001,0,"33","h1SMcG0006961"
"1003",0,0.200280303983062,0.141,0.001,0,"33","h1SMcG0021124"
"1004",0,0.199062679076821,0.139,0.001,0,"33","h1SMcG0012051"
"1005",0,0.198740822081447,0.211,0.001,0,"33","h1SMcG0012000"
"1006",0,0.198006232051476,0.188,0.001,0,"33","h1SMcG0011337"
"1007",0,0.197982516358254,0.178,0.001,0,"33","h1SMcG0010330"
"1008",0,0.19432281271451,0.115,0.001,0,"33","h1SMcG0007749"
"1009",0,0.190751371576323,0.125,0.001,0,"33","h1SMcG0000151"
"1010",0,0.190410207488076,0.164,0.001,0,"33","h1SMcG0010648"
"1011",0,0.18503395914036,0.107,0.001,0,"33","h1SMcG0018208"
"1012",0,0.180870780478017,0.346,0.002,0,"33","h1SMcG0018689"
"1013",0,0.176547773167841,0.166,0.001,0,"33","h1SMcG0020453"
"1014",0,0.172122910450422,0.124,0.001,0,"33","h1SMcG0005925"
"1015",0,0.16849765310996,0.103,0.001,0,"33","h1SMcG0012169"
"1016",0,0.163370009968525,0.107,0.001,0,"33","h1SMcG0019906"
"1017",0,0.160575242855101,0.1,0.001,0,"33","h1SMcG0011490"
"1018",0,0.158540163349194,0.105,0.001,0,"33","h1SMcG0021116"
"1019",0,0.15247111898923,0.107,0.001,0,"33","h1SMcG0009735"
"1020",0,0.150112853510387,0.194,0.002,0,"33","h1SMcG0011165"
"1021",0,0.28452344780466,0.545,0.001,0,"34","h1SMcG0004640"
"1022",0,0.271109731607812,0.206,0,0,"34","h1SMnG0025507"
"1023",0,0.260250215698363,0.639,0.002,0,"34","h1SMcG0015650"
"1024",0,0.254124784088656,0.869,0.025,0,"34","h1SMcG0015651"
"1025",0,0.240717533385608,0.327,0.001,0,"34","h1SMcG0018838"
"1026",0,0.231743097834632,0.352,0.001,0,"34","h1SMcG0008138"
"1027",0,0.222307858730967,0.143,0,0,"34","h1SMcG0020998"
"1028",0,0.221274369805105,0.262,0.001,0,"34","h1SMcG0005848"
"1029",0,0.217944549306299,0.823,0.025,0,"34","h1SMcG0011212"
"1030",0,0.215021446694347,0.122,0.001,0,"34","h1SMnG0012903"
"1031",0,0.210938284162334,0.16,0.001,0,"34","h1SMcG0017429"
"1032",0,0.210261180762272,0.12,0.001,0,"34","h1SMcG0001554"
"1033",0,0.201737984861291,0.101,0,0,"34","h1SMcG0002054"
"1034",0,0.199895228158692,0.387,0.002,0,"34","h1SMcG0014275"
"1035",0,0.192958723554932,0.297,0.002,0,"34","h1SMcG0001411"
"1036",0,0.186708652941193,0.278,0.002,0,"34","h1SMcG0017299"
"1037",0,0.184975971128891,0.265,0.003,0,"34","h1SMnG0031828"
"1038",0,0.184943028171232,0.274,0.003,0,"34","h1SMnG0030080"
"1039",0,0.173192411751858,0.42,0.004,0,"34","h1SMcG0002915"
"1040",0,0.164569912079649,0.117,0.001,0,"34","h1SMcG0019426"
"1041",0,0.162801512984394,0.119,0.001,0,"34","h1SMnG0015826"
"1042",0,0.119716365326607,0.283,0.004,0,"34","h1SMcG0021938"
"1043",0,0.107129264127828,0.311,0.006,0,"34","h1SMcG0021940"
"1044",0,0.106558464552089,0.23,0.004,0,"34","h1SMcG0010520"
"1045",0,0.100479843838279,0.102,0.002,0,"34","h1SMnG0032098"
"1046",0,0.0872753428756461,0.168,0.004,0,"34","h1SMcG0013846"
"1047",0,0.0639530756620797,0.115,0.004,0,"34","h1SMcG0014189"
"1048",0,0.0546231023092873,0.115,0.004,0,"34","h1SMcG0007934"
"1049",0,0.054473953109714,0.152,0.006,0,"34","h1SMcG0011137"
"1050",0,0.0527256490197072,0.174,0.007,0,"34","h1SMcG0020662"
"1051",0,0.262638866596824,0.125,0,0,"35","h1SMcG0020279"
"1052",0,0.260455819418296,0.12,0,0,"35","h1SMcG0010722"
"1053",0,0.233706910238955,0.364,0.002,0,"35","h1SMcG0013142"
"1054",0,0.231301119911009,0.137,0.001,0,"35","h1SMnG0024373"
"1055",0,0.227911077707889,0.249,0.001,0,"35","h1SMcG0008430"
"1056",0,0.188781621682098,0.628,0.006,0,"35","h1SMcG0013155"
"1057",0,0.188110241859068,0.571,0.005,0,"35","h1SMcG0016828"
"1058",0,0.180418148475351,0.144,0.001,0,"35","h1SMcG0014916"
"1059",0,0.173457443713407,0.357,0.003,0,"35","h1SMcG0004273"
"1060",0,0.0835314899138798,0.124,0.003,0,"35","h1SMnG0034895"
"1061",0,0.0750844709607009,0.212,0.006,0,"35","h1SMnG0034616"
"1062",0,0.0682684326800751,0.101,0.003,0,"35","h1SMcG0016229"
"1063",0,0.0672849338897127,0.34,0.013,0,"35","h1SMcG0018598"
"1064",0,0.0651124221158663,0.112,0.005,0,"35","h1SMnG0024413"
"1065",0,0.06165531139935,0.362,0.017,0,"35","h1SMcG0001409"
"1066",0,0.0545288576877505,0.138,0.006,0,"35","h1SMnG0008774"
"1067",0,0.051171223251592,0.302,0.017,0,"35","h1SMcG0006554"
"1068",0,0.0508171144191309,0.138,0.007,0,"35","h1SMcG0011757"
"1069",0,0.048550256749953,0.172,0.009,0,"35","h1SMcG0018142"
"1070",0,0.0476300762285908,0.201,0.011,0,"35","h1SMcG0006833"
"1071",0,0.0461626532509839,0.162,0.009,0,"35","h1SMcG0006999"
"1072",0,0.0451978019137588,0.431,0.042,0,"35","h1SMcG0001238"
"1073",0,0.0405556611807193,0.156,0.009,0,"35","h1SMcG0019963"
"1074",0,0.0396449630781938,0.29,0.025,0,"35","h1SMcG0011911"
"1075",0,0.0364561414796736,0.25,0.018,0,"35","h1SMcG0015816"
"1076",0,0.0354919391800104,0.184,0.013,0,"35","h1SMcG0017750"
"1077",0.0000000000000000000000000000000000000000000000000000000000000000000000000000000000000000000000000000000000000000000000000000000000000000000000000000000000000000000000000000000000000000000000000000000000000000000000000000000000000000000000000000000000000000000000000000000000000000000000000000000000000000668723478036532,0.0373739364379596,0.148,0.009,0.00000000000000000000000000000000000000000000000000000000000000000000000000000000000000000000000000000000000000000000000000000000000000000000000000000000000000000000000000000000000000000000000000000000000000000000000000000000000000000000000000000000000000000000000000000000000000000000000000000000000325721831682034,"35","h1SMcG0020904"
"1078",0.0000000000000000000000000000000000000000000000000000000000000000000000000000000000000000000000000000000000000000000000000000000000000000000000000000000000000000000000000000000000000000000000000000000000000000000000000000000000000000000000000000000000000000000000000000000349999861148973,0.0402048893162758,0.133,0.008,0.00000000000000000000000000000000000000000000000000000000000000000000000000000000000000000000000000000000000000000000000000000000000000000000000000000000000000000000000000000000000000000000000000000000000000000000000000000000000000000000000000000000000000000000000000170477932368442,"35","h1SMcG0017431"
"1079",0.000000000000000000000000000000000000000000000000000000000000000000000000000000000000000000000000000000000000000000000000000000000000000000000000000000000000000000000000000000000000000000000000000000000000000000000000000000000000000000000000000000000000000000000000000000624387392636967,0.0359762483758227,0.137,0.009,0.0000000000000000000000000000000000000000000000000000000000000000000000000000000000000000000000000000000000000000000000000000000000000000000000000000000000000000000000000000000000000000000000000000000000000000000000000000000000000000000000000000000000000000000000000304126611205614,"35","h1SMcG0011693"
"1080",0.000000000000000000000000000000000000000000000000000000000000000000000000000000000000000000000000000000000000000000000000000000000000000000000000000000000000000000000000000000000000000000000000000000000000000000000000000000000000000000000207044605696385,0.0351213727784622,0.148,0.012,0.0000000000000000000000000000000000000000000000000000000000000000000000000000000000000000000000000000000000000000000000000000000000000000000000000000000000000000000000000000000000000000000000000000000000000000000000000000000000000000100847286542595,"35","h1SMcG0004386"
"1081",0,0.291787194423699,0.114,0,0,"36","h1SMnG0028137"
"1082",0,0.288992084192219,0.966,0.004,0,"36","h1SMcG0022844"
"1083",0,0.288200126535559,0.993,0.005,0,"36","h1SMcG0005476"
"1084",0,0.285580408783783,0.995,0.008,0,"36","h1SMcG0005475"
"1085",0,0.285016416391356,1,0.008,0,"36","h1SMcG0021790"
"1086",0,0.281227316905919,0.272,0,0,"36","h1SMcG0009198"
"1087",0,0.279447179690998,0.924,0.003,0,"36","h1SMcG0021789"
"1088",0,0.278760730841694,0.684,0.001,0,"36","h1SMcG0012011"
"1089",0,0.277685269209015,0.986,0.006,0,"36","h1SMcG0022843"
"1090",0,0.270683186130763,0.134,0,0,"36","h1SMcG0001693"
"1091",0,0.265278680651846,0.568,0.001,0,"36","h1SMcG0009176"
"1092",0,0.252611380716216,0.382,0.001,0,"36","h1SMnG0006444"
"1093",0,0.250076800763405,0.404,0.001,0,"36","h1SMnG0028110"
"1094",0,0.248064612030449,0.255,0.001,0,"36","h1SMnG0028407"
"1095",0,0.20104870450483,0.201,0.001,0,"36","h1SMnG0022244"
"1096",0,0.169288417332292,0.108,0.001,0,"36","h1SMnG0003527"
"1097",0,0.169202079579318,0.239,0.002,0,"36","h1SMcG0022921"
"1098",0,0.163892639143915,0.222,0.002,0,"36","h1SMcG0002130"
"1099",0,0.145675260731843,0.226,0.002,0,"36","h1SMcG0021951"
"1100",0,0.132727981492761,0.739,0.02,0,"36","h1SMcG0020145"
"1101",0,0.112974421325995,0.212,0.004,0,"36","h1SMcG0013846"
"1102",0,0.109248735407398,0.218,0.004,0,"36","h1SMcG0017871"
"1103",0,0.106273130477844,0.101,0.002,0,"36","h1SMnG0030088"
"1104",0,0.0997633663807304,0.234,0.005,0,"36","h1SMcG0005192"
"1105",0,0.0903750882566997,0.203,0.004,0,"36","h1SMcG0016257"
"1106",0,0.0879098510941254,0.193,0.004,0,"36","h1SMcG0010520"
"1107",0,0.0871790960191278,0.322,0.009,0,"36","h1SMcG0004767"
"1108",0,0.0867136217150756,0.138,0.003,0,"36","h1SMnG0007366"
"1109",0,0.0794897945834633,0.212,0.006,0,"36","h1SMcG0004803"
"1110",0,0.0745232133666542,0.154,0.004,0,"36","h1SMcG0007934"
"1111",0,0.230115240586101,0.516,0.002,0,"37","h1SMcG0016168"
"1112",0,0.217521488664519,0.228,0.001,0,"37","h1SMcG0010351"
"1113",0,0.160048415578822,0.309,0.003,0,"37","h1SMcG0013831"
"1114",0,0.154667202988788,0.276,0.003,0,"37","h1SMcG0022518"
"1115",0,0.143141606597301,0.257,0.003,0,"37","h1SMcG0021934"
"1116",0,0.13559703526296,0.165,0.002,0,"37","h1SMcG0015359"
"1117",0,0.12451091494959,0.104,0.001,0,"37","h1SMcG0008785"
"1118",0,0.114951149647691,0.604,0.014,0,"37","h1SMcG0007078"
"1119",0,0.0998913654743651,0.122,0.002,0,"37","h1SMcG0001978"
"1120",0,0.0957265396050271,0.577,0.015,0,"37","h1SMcG0012368"
"1121",0,0.0951323980451672,0.222,0.005,0,"37","h1SMcG0003529"
"1122",0,0.0856513064700792,0.581,0.018,0,"37","h1SMcG0007079"
"1123",0,0.0801997367119459,0.759,0.02,0,"37","h1SMcG0016251"
"1124",0,0.0770574870325626,0.111,0.003,0,"37","h1SMcG0001664"
"1125",0,0.0718161118607778,0.221,0.007,0,"37","h1SMcG0005156"
"1126",0,0.0525183393433392,0.199,0.009,0,"37","h1SMcG0016271"
"1127",0,0.0508667050971739,0.175,0.009,0,"37","h1SMcG0015866"
"1128",0,0.0457050419119129,0.381,0.021,0,"37","h1SMcG0005198"
"1129",0,0.0449886109440334,0.412,0.025,0,"37","h1SMcG0019862"
"1130",0,0.0444989508915902,0.153,0.008,0,"37","h1SMcG0022338"
"1131",0,0.0432018450281398,0.142,0.008,0,"37","h1SMnG0016329"
"1132",0,0.0372826852143393,0.573,0.041,0,"37","h1SMcG0016777"
"1133",0,0.0359984058873014,0.465,0.036,0,"37","h1SMcG0016464"
"1134",0,0.0345282753660879,0.23,0.016,0,"37","h1SMcG0015704"
"1135",0,0.0338428320584864,0.211,0.015,0,"37","h1SMcG0022127"
"1136",0,0.0331347447685078,0.279,0.021,0,"37","h1SMcG0012342"
"1137",0,0.0327205988817769,0.44,0.037,0,"37","h1SMcG0010015"
"1138",0.0000000000000000000000000000000000000000000000000000000000000000000000000000000000000000000000000000000000000000000000000000000000000000000000000000000000000000000000000000000000000000000000000000000000000000000000000000000000000000000000000000000000061090804836045,0.0343569141649466,0.134,0.009,0.000000000000000000000000000000000000000000000000000000000000000000000000000000000000000000000000000000000000000000000000000000000000000000000000000000000000000000000000000000000000000000000000000000000000000000000000000000000000000000000000000000297561092195408,"37","h1SMcG0021080"
"1139",0.000000000000000000000000000000000000000000000000000000000000000000000000000000000000000000000000000000000000000000000000000000000000000000000000000000000000000000000000000000000000000000000000000000000000000000000000000000000000000000000000000000238987597205006,0.0344223644097164,0.14,0.01,0.0000000000000000000000000000000000000000000000000000000000000000000000000000000000000000000000000000000000000000000000000000000000000000000000000000000000000000000000000000000000000000000000000000000000000000000000000000000000000000000000000116406078846614,"37","h1SMcG0002160"
"1140",0.00000000000000000000000000000000000000000000000000000000000000000000000000000000000000000000000000000000000000000000000000000000000000000000000000000000000000000000000000000000000000000000984671937144156,0.0337584580681861,0.1,0.007,0.000000000000000000000000000000000000000000000000000000000000000000000000000000000000000000000000000000000000000000000000000000000000000000000000000000000000000000000000000000000000000479614007144175,"37","h1SMcG0009237"
"1141",0,0.183467756340637,0.713,0.006,0,"38","h1SMcG0011002"
"1142",0,0.173115275473544,0.618,0.006,0,"38","h1SMcG0011091"
"1143",0,0.0166774389448181,0.624,0.103,0,"38","h1SMcG0013999"
"1144",0,0.013154602160792,0.969,0.288,0,"38","h1SMcG0008035"
"1145",0.000000000000000000000000000000000000000000000000000000000000000000000000000000000000000000000000000000000000000000000000000000000000000000000000000000000000000000000000000000000000000000000000000000000000000000000000000000000212063810552704,0.0147522481625543,0.374,0.06,0.0000000000000000000000000000000000000000000000000000000000000000000000000000000000000000000000000000000000000000000000000000000000000000000000000000000000000000000000000000000000000000000000000000000000000000000000000000103292040844011,"38","h1SMcG0005241"
"1146",0.00000000000000000000000000000000000000000000000000000000000000000000000000000000000000000000000000000000000000000000000000000000000000000000000000000000000000000000000000000000000000000000000000000000000000000000000143802794290956,0.0161621851371344,0.341,0.052,0.0000000000000000000000000000000000000000000000000000000000000000000000000000000000000000000000000000000000000000000000000000000000000000000000000000000000000000000000000000000000000000000000000000000000000000000700434650432388,"38","h1SMcG0013162"
"1147",0.0000000000000000000000000000000000000000000000000000000000000000000000000000000000000000000000000000000000000000000000000000000000000000000000000000000000000000000000000000000000000000000000000000000067380396673869,0.0146852358146024,0.344,0.057,0.000000000000000000000000000000000000000000000000000000000000000000000000000000000000000000000000000000000000000000000000000000000000000000000000000000000000000000000000000000000000000000000000000328196436119081,"38","h1SMcG0009165"
"1148",0.000000000000000000000000000000000000000000000000000000000000000000000000000000000000000000000000000000000000000000000000000000000000000000000000000000000000000000000000756399256120929,0.0122635285260877,0.325,0.058,0.0000000000000000000000000000000000000000000000000000000000000000000000000000000000000000000000000000000000000000000000000000000000000000000000000000000000000000000368426949671382,"38","h1SMcG0006230"
"1149",0.00000000000000000000000000000000000000000000000000000000000000000000000000000000000000000000000000000000000000000000000000000000000000000000127996130506031,0.010777718237817,0.346,0.074,0.0000000000000000000000000000000000000000000000000000000000000000000000000000000000000000000000000000000000000000000000000000000000000000623443552468778,"38","h1SMcG0016303"
"1150",0.00000000000000000000000000000000000000000000000000000000000000000000000000000000000000000000000000000000000000000000316786776407481,0.0120836407056923,0.259,0.051,0.000000000000000000000000000000000000000000000000000000000000000000000000000000000000000000000000000000000000000154300503052556,"38","h1SMnG0033052"
"1151",0.000000000000000000000000000000000000000000000000000000000000000000000000000000000000000000000000000000000000518471247445829,0.0113769981369668,0.257,0.053,0.0000000000000000000000000000000000000000000000000000000000000000000000000000000000000000000000000000000252536975205915,"38","h1SMcG0020537"
"1152",0.00000000000000000000000000000000000000000000000000000000000000000000000000000000000000000000000228448511820255,0.0103446740521944,0.287,0.071,0.00000000000000000000000000000000000000000000000000000000000000000000000000000000000000000011127270113741,"38","h1SMnG0014807"
"1153",0.0000000000000000000000000000000000000000000000000000000000000000000000000000000000000000000497829658747114,0.0197183595449466,0.117,0.015,0.00000000000000000000000000000000000000000000000000000000000000000000000000000000000000242482870182544,"38","h1SMcG0016288"
"1154",0.000000000000000000000000000000000000000000000000000000000000000000000000000000000674699357850855,0.0150105157509456,0.13,0.02,0.0000000000000000000000000000000000000000000000000000000000000000000000000000328632563221994,"38","h1SMcG0006263"
"1155",0.0000000000000000000000000000000000000000000000000000000000000000000000000000000088754660433121,0.0148276142496348,0.137,0.022,0.000000000000000000000000000000000000000000000000000000000000000000000000000432306200037646,"38","h1SMnG0014820"
"1156",0.0000000000000000000000000000000000000000000000000000000000000000000000000000000155594444675243,0.0137555940275787,0.143,0.024,0.000000000000000000000000000000000000000000000000000000000000000000000000000757869421124172,"38","h1SMcG0015174"
"1157",0.000000000000000000000000000000000000000000000000000000000000000000000000152232205160707,0.0132230965364317,0.13,0.021,0.00000000000000000000000000000000000000000000000000000000000000000000741492624896772,"38","h1SMcG0004324"
"1158",0.000000000000000000000000000000000000000000000000000000000000000000000000207599541351603,0.0104926741718457,0.176,0.036,0.0000000000000000000000000000000000000000000000000000000000000000000101117584601539,"38","h1SMcG0002316"
"1159",0.00000000000000000000000000000000000000000000000000000000000000000248229037299984,0.0148843765695963,0.11,0.017,0.000000000000000000000000000000000000000000000000000000000000120907399488076,"38","h1SMcG0022441"
"1160",0.0000000000000000000000000000000000000000000000000000000000000010100542200112,0.00933129852239604,0.193,0.047,0.0000000000000000000000000000000000000000000000000000000000491977209483057,"38","h1SMcG0005979"
"1161",0.000000000000000000000000000000000000000000000000000000000000120638436614985,0.0102146903743223,0.157,0.034,0.00000000000000000000000000000000000000000000000000000000587605697064267,"38","h1SMcG0001110"
"1162",0.0000000000000000000000000000000000000000000000000000000287842894953738,0.0098268756175775,0.163,0.039,0.00000000000000000000000000000000000000000000000000140202517274067,"38","h1SMnG0003884"
"1163",0.000000000000000000000000000000000000000000000000309387111998376,0.00930969841654211,0.137,0.031,0.0000000000000000000000000000000000000000000150696274512169,"38","h1SMcG0009920"
"1164",0.000000000000000000000000000000000000000000000000340771811061139,0.0115220542766398,0.107,0.021,0.0000000000000000000000000000000000000000000165983133731659,"38","h1SMcG0016295"
"1165",0.0000000000000000000000000000000000000000000000027492304129755,0.0101698427787301,0.124,0.027,0.000000000000000000000000000000000000000000133909514955211,"38","h1SMcG0004237"
"1166",0.0000000000000000000000000000000000000000000000725197177217729,0.00918875065512344,0.147,0.036,0.00000000000000000000000000000000000000000353229041079212,"38","h1SMcG0010584"
"1167",0.000000000000000000000000000000000000000000011554351998995,0.0102551592858791,0.114,0.025,0.000000000000000000000000000000000000000562789377167047,"38","h1SMnG0030822"
"1168",0.00000000000000000000000000000000000000100230940938249,0.0107393798903353,0.102,0.022,0.0000000000000000000000000000000000488204867122024,"38","h1SMcG0019146"
"1169",0.0000000000000000000000000000000000000067191229737327,0.00971344845217035,0.105,0.024,0.000000000000000000000000000000000327275041804572,"38","h1SMnG0014507"
"1170",0.0000000000000000000000000000000000000293577806092149,0.00976921248243304,0.102,0.023,0.00000000000000000000000000000000142995877791364,"38","h1SMcG0016193"
"1171",0,0.361181349652922,0.259,0,0,"39","h1SMnG0031670"
"1172",0,0.323293858411684,0.54,0.001,0,"39","h1SMcG0004643"
"1173",0,0.322049559270363,0.364,0.001,0,"39","h1SMcG0015361"
"1174",0,0.321816152094229,0.362,0.001,0,"39","h1SMcG0019784"
"1175",0,0.32149635361737,0.257,0,0,"39","h1SMcG0017049"
"1176",0,0.308222602658352,0.646,0.003,0,"39","h1SMcG0021343"
"1177",0,0.301505649672342,0.621,0.005,0,"39","h1SMcG0015360"
"1178",0,0.293094505062629,0.473,0.003,0,"39","h1SMcG0021980"
"1179",0,0.292253241536105,0.944,0.025,0,"39","h1SMcG0019980"
"1180",0,0.287699669943996,0.284,0.001,0,"39","h1SMcG0019772"
"1181",0,0.281356697780963,0.161,0,0,"39","h1SMcG0015727"
"1182",0,0.279431707192578,0.332,0.001,0,"39","h1SMcG0015731"
"1183",0,0.268017962324247,0.749,0.005,0,"39","h1SMcG0019667"
"1184",0,0.263698248204194,0.498,0.006,0,"39","h1SMcG0012530"
"1185",0,0.253448573648219,0.547,0.003,0,"39","h1SMcG0019783"
"1186",0,0.251282359026767,0.548,0.007,0,"39","h1SMcG0015732"
"1187",0,0.250973329549336,0.304,0.001,0,"39","h1SMcG0012635"
"1188",0,0.242873051060833,0.54,0.017,0,"39","h1SMcG0020106"
"1189",0,0.241122109957348,0.349,0.002,0,"39","h1SMcG0019979"
"1190",0,0.233445771120897,0.435,0.006,0,"39","h1SMcG0015750"
"1191",0,0.233358303976676,0.279,0.002,0,"39","h1SMcG0004299"
"1192",0,0.231499729646044,0.533,0.004,0,"39","h1SMnG0007134"
"1193",0,0.222961469058436,0.394,0.007,0,"39","h1SMcG0020858"
"1194",0,0.221704976838876,0.166,0.001,0,"39","h1SMnG0007135"
"1195",0,0.214995161305266,0.42,0.003,0,"39","h1SMcG0005428"
"1196",0,0.200412693717525,0.332,0.003,0,"39","h1SMcG0005862"
"1197",0,0.185051385199377,0.39,0.01,0,"39","h1SMcG0020853"
"1198",0,0.180791571464185,0.289,0.003,0,"39","h1SMnG0005528"
"1199",0,0.168510825370577,0.125,0.001,0,"39","h1SMnG0014763"
"1200",0,0.160848402453596,0.145,0.001,0,"39","h1SMnG0033318"
"1201",0,0.293500900359406,0.15,0,0,"40","h1SMnG0016286"
"1202",0,0.238688942032907,0.291,0.002,0,"40","h1SMcG0019792"
"1203",0,0.220910474701076,0.253,0.002,0,"40","h1SMcG0015582"
"1204",0,0.201107069259647,0.35,0.003,0,"40","h1SMcG0005020"
"1205",0,0.181058229567359,0.421,0.005,0,"40","h1SMcG0015580"
"1206",0,0.15452940147276,0.24,0.003,0,"40","h1SMcG0000437"
"1207",0,0.130182548259934,0.195,0.003,0,"40","h1SMnG0008168"
"1208",0,0.12877582485613,0.124,0.002,0,"40","h1SMcG0006205"
"1209",0,0.112717423895909,0.324,0.008,0,"40","h1SMcG0019963"
"1210",0,0.0905923392024925,0.137,0.003,0,"40","h1SMcG0021951"
"1211",0,0.0876380163956549,0.157,0.004,0,"40","h1SMcG0016654"
"1212",0,0.0760046569171279,0.251,0.01,0,"40","h1SMcG0016652"
"1213",0,0.0580098951790491,0.165,0.007,0,"40","h1SMcG0011162"
"1214",0,0.0535867259667628,0.169,0.009,0,"40","h1SMcG0007905"
"1215",0,0.0413456624565913,0.349,0.023,0,"40","h1SMnG0015595"
"1216",0,0.0400411936197686,0.266,0.018,0,"40","h1SMcG0011704"
"1217",0,0.0309096266546922,0.309,0.025,0,"40","h1SMcG0011911"
"1218",0,0.0308727173700167,0.423,0.037,0,"40","h1SMcG0014381"
"1219",0.000000000000000000000000000000000000000000000000000000000000000000000000000000000000000000000000000000000000000000000000000000000000000000000000000000000000000000000000000000000000000000000000000000000000000000000000000000000000000000000000000000000000000000000000000000000000000000000000028275380315274,0.0337624978453142,0.207,0.016,0.00000000000000000000000000000000000000000000000000000000000000000000000000000000000000000000000000000000000000000000000000000000000000000000000000000000000000000000000000000000000000000000000000000000000000000000000000000000000000000000000000000000000000000000000000000000000000000000137723722439636,"40","h1SMcG0009567"
"1220",0.000000000000000000000000000000000000000000000000000000000000000000000000000000000000000000000000000000000000000000000000000000000000000000000000000000000000000000000000000000000000000000000000000000000000000000000000000000000000000000000000000000000000000000000000000000000000000000000123613970447673,0.0525402160447951,0.124,0.006,0.00000000000000000000000000000000000000000000000000000000000000000000000000000000000000000000000000000000000000000000000000000000000000000000000000000000000000000000000000000000000000000000000000000000000000000000000000000000000000000000000000000000000000000000000000000000000000000602098927256524,"40","h1SMcG0014659"
"1221",0.000000000000000000000000000000000000000000000000000000000000000000000000000000000000000000000000000000000000000000000000000000000000000000000000000000000000000000000000000000000000000000000000000000000000000000000000000000000000000000000000000000000000000000000000000000000000448233854542489,0.0414493341135156,0.159,0.01,0.0000000000000000000000000000000000000000000000000000000000000000000000000000000000000000000000000000000000000000000000000000000000000000000000000000000000000000000000000000000000000000000000000000000000000000000000000000000000000000000000000000000000000000000000000000000218325745870555,"40","h1SMcG0014596"
"1222",0.00000000000000000000000000000000000000000000000000000000000000000000000000000000000000000000000000000000000000000000000000000000000000000000000000000000000000000000000000000000000000000000000000000000000000000000000000000000000000000000000000000000105377633090311,0.0403343203667393,0.147,0.009,0.0000000000000000000000000000000000000000000000000000000000000000000000000000000000000000000000000000000000000000000000000000000000000000000000000000000000000000000000000000000000000000000000000000000000000000000000000000000000000000000000000000513273375256286,"40","h1SMcG0016641"
"1223",0.0000000000000000000000000000000000000000000000000000000000000000000000000000000000000000000000000000000000000000000000000000000000000000000000000000000000000000000000000000000000000000000000000000000000000000000000666849049354747,0.0292103534528778,0.17,0.014,0.0000000000000000000000000000000000000000000000000000000000000000000000000000000000000000000000000000000000000000000000000000000000000000000000000000000000000000000000000000000000000000000000000000000000000000032480883495971,"40","h1SMcG0009335"
"1224",0.000000000000000000000000000000000000000000000000000000000000000000000000000000000000000000000000000000000000000000000000000000000000000000000000000000000000000000000000000000000000000000000000000000000000000000630742565765554,0.0390265054290034,0.126,0.008,0.0000000000000000000000000000000000000000000000000000000000000000000000000000000000000000000000000000000000000000000000000000000000000000000000000000000000000000000000000000000000000000000000000000000000000307222088933086,"40","h1SMnG0015599"
"1225",0.00000000000000000000000000000000000000000000000000000000000000000000000000000000000000000000000000000000000000000000000000000000000000000000000000000000000000000000000000000000000000000000000000000000000328971478271794,0.022188704352579,0.213,0.023,0.000000000000000000000000000000000000000000000000000000000000000000000000000000000000000000000000000000000000000000000000000000000000000000000000000000000000000000000000000000000000000000000000000000160235427636625,"40","h1SMcG0005198"
"1226",0.0000000000000000000000000000000000000000000000000000000000000000000000000000000000000000000000000000000000000000000000000000000000000000000000000000000000000000000000000000000000000000000000000150577367573715,0.0262052513660961,0.165,0.015,0.000000000000000000000000000000000000000000000000000000000000000000000000000000000000000000000000000000000000000000000000000000000000000000000000000000000000000000000000000000000000000000000733432241978049,"40","h1SMcG0015088"
"1227",0.0000000000000000000000000000000000000000000000000000000000000000000000000000000000000000000000000000000000000000000000000000000000000000000000000000000000000000000000000000000000000000000000000997732115903839,0.0252729894053773,0.185,0.018,0.00000000000000000000000000000000000000000000000000000000000000000000000000000000000000000000000000000000000000000000000000000000000000000000000000000000000000000000000000000000000000000000485975359014442,"40","h1SMcG0015816"
"1228",0.00000000000000000000000000000000000000000000000000000000000000000000000000000000000000000000000000000000000000000000000000000000000000000000000000000000000605859472992723,0.0365156190695961,0.102,0.007,0.000000000000000000000000000000000000000000000000000000000000000000000000000000000000000000000000000000000000000000000000000000000000000000000000000000295102032105295,"40","h1SMcG0010671"
"1229",0.0000000000000000000000000000000000000000000000000000000000000000000000000000000000000000000000000000000000000000000000000000000000000000183797308216567,0.0281463808744011,0.114,0.01,0.000000000000000000000000000000000000000000000000000000000000000000000000000000000000000000000000000000000000000000000000000000000000895239928861254,"40","h1SMcG0011240"
"1230",0.0000000000000000000000000000000000000000000000000000000000000000000000000000000000000000000000000000000616771607127698,0.0204640235184678,0.119,0.014,0.00000000000000000000000000000000000000000000000000000000000000000000000000000000000000000000000000300417114399759,"40","h1SMcG0007121"
"1231",0,0.405692983270426,0.472,0.001,0,"41","h1SMcG0015186"
"1232",0,0.324255277986301,0.441,0.001,0,"41","h1SMcG0002550"
"1233",0,0.279490025108667,0.185,0.001,0,"41","h1SMcG0000075"
"1234",0,0.259728649435696,0.236,0.001,0,"41","h1SMcG0008491"
"1235",0,0.254813205584302,0.281,0.002,0,"41","h1SMcG0021213"
"1236",0,0.232802512533258,0.157,0.001,0,"41","h1SMcG0021211"
"1237",0,0.211417550949994,0.205,0.002,0,"41","h1SMcG0014586"
"1238",0,0.18423403841437,0.138,0.001,0,"41","h1SMcG0014179"
"1239",0,0.122614808880333,0.303,0.006,0,"41","h1SMcG0001325"
"1240",0,0.108841429575042,0.157,0.003,0,"41","h1SMcG0021799"
"1241",0,0.107816720723329,0.165,0.003,0,"41","h1SMcG0019046"
"1242",0,0.0946457079824803,0.152,0.004,0,"41","h1SMcG0019050"
"1243",0,0.0853844750459127,0.152,0.004,0,"41","h1SMcG0008168"
"1244",0,0.0768421809850585,0.157,0.005,0,"41","h1SMnG0019102"
"1245",0,0.0742890597585761,0.417,0.016,0,"41","h1SMcG0020353"
"1246",0,0.0684568275098452,0.13,0.005,0,"41","h1SMcG0016430"
"1247",0,0.0677429303206109,0.246,0.009,0,"41","h1SMcG0011240"
"1248",0,0.0567414076251798,0.173,0.008,0,"41","h1SMcG0002364"
"1249",0,0.0494583302908493,0.175,0.009,0,"41","h1SMcG0007905"
"1250",0,0.0478670957456195,0.598,0.047,0,"41","h1SMcG0003863"
"1251",0,0.0432009959831774,0.234,0.016,0,"41","h1SMcG0015708"
"1252",0.00000000000000000000000000000000000000000000000000000000000000000000000000000000000000000000000000000000000000000000000000000000000000000000000000000000000000000000000000000000000000000000000000000000000000000000000000000000000000000000000000000000000000000000000000000000000000000000000000390624932209803,0.0686397916302886,0.108,0.004,0.000000000000000000000000000000000000000000000000000000000000000000000000000000000000000000000000000000000000000000000000000000000000000000000000000000000000000000000000000000000000000000000000000000000000000000000000000000000000000000000000000000000000000000000000000000000000000000000190265591980751,"41","h1SMcG0005166"
"1253",0.00000000000000000000000000000000000000000000000000000000000000000000000000000000000000000000000000000000000000000000000000000000000000000000000000000000000000000000000000000000000000000000000000000000000000000000000000000000000000000000000000000000000000000000000000387769613979691,0.0471913334753775,0.161,0.009,0.000000000000000000000000000000000000000000000000000000000000000000000000000000000000000000000000000000000000000000000000000000000000000000000000000000000000000000000000000000000000000000000000000000000000000000000000000000000000000000000000000000000000000000000188874823577228,"41","h1SMcG0008718"
"1254",0.00000000000000000000000000000000000000000000000000000000000000000000000000000000000000000000000000000000000000000000000000000000000000000000000000000000000000000000000000000000000000000000000000000000000000000000000000000000000000000000000812442140007024,0.0394539703466014,0.173,0.011,0.000000000000000000000000000000000000000000000000000000000000000000000000000000000000000000000000000000000000000000000000000000000000000000000000000000000000000000000000000000000000000000000000000000000000000000000000000000000000000000395724317554621,"41","h1SMcG0005144"
"1255",0.0000000000000000000000000000000000000000000000000000000000000000000000000000000000000000000000000000000000000000000000000000000000000000000000000000000000000000000000000000000000000000000000000000000000000000000000000000172575697625068,0.0622492300818213,0.124,0.006,0.000000000000000000000000000000000000000000000000000000000000000000000000000000000000000000000000000000000000000000000000000000000000000000000000000000000000000000000000000000000000000000000000000000000000000000000000840581707992182,"41","h1SMcG0005345"
"1256",0.000000000000000000000000000000000000000000000000000000000000000000000000000000000000000000000000000000000000000000000000000000000000000000000000000000000000000000000000000000000000000000000000000000000000000000000000304443053643163,0.0596375622308157,0.1,0.004,0.0000000000000000000000000000000000000000000000000000000000000000000000000000000000000000000000000000000000000000000000000000000000000000000000000000000000000000000000000000000000000000000000000000000000000000000148288122568512,"41","h1SMcG0004653"
"1257",0.000000000000000000000000000000000000000000000000000000000000000000000000000000000000000000000000000000000000000000000000000000000000000000000000000000000000000000000000000000000000000000000000000000000000482678480387259,0.0381419618254804,0.138,0.008,0.0000000000000000000000000000000000000000000000000000000000000000000000000000000000000000000000000000000000000000000000000000000000000000000000000000000000000000000000000000000000000000000000000000000235103034227026,"41","h1SMcG0021929"
"1258",0.00000000000000000000000000000000000000000000000000000000000000000000000000000000000000000000000000000000000000000000000000000000000000000000000000000000000000000000000000000000000000000000000000000615040953807412,0.0394787567676995,0.138,0.009,0.000000000000000000000000000000000000000000000000000000000000000000000000000000000000000000000000000000000000000000000000000000000000000000000000000000000000000000000000000000000000000000000000299574147780514,"41","h1SMcG0004486"
"1259",0.00000000000000000000000000000000000000000000000000000000000000000000000000000000000000000000000000000000000000000000000000000000000000000000000000000000000000000000000000000000000000000232477370691167,0.0453186727121632,0.112,0.006,0.000000000000000000000000000000000000000000000000000000000000000000000000000000000000000000000000000000000000000000000000000000000000000000000000000000000000000000000000000000000000113235077716253,"41","h1SMcG0011279"
"1260",0.000000000000000000000000000000000000000000000000000000000000000000000000000000000000000000000000000000000000000000000000000000000000000000000000000000000000000000000000000637377556509058,0.0421375220446831,0.114,0.007,0.0000000000000000000000000000000000000000000000000000000000000000000000000000000000000000000000000000000000000000000000000000000000000000000000000000000000000000000000310453860224432,"41","h1SMcG0001526"
"1261",0,0.430922280003946,0.565,0,0,"42","h1SMcG0018634"
"1262",0,0.41819933372569,0.121,0,0,"42","h1SMcG0009115"
"1263",0,0.417580760450187,0.455,0,0,"42","h1SMcG0002942"
"1264",0,0.412522810639516,0.984,0.004,0,"42","h1SMcG0016901"
"1265",0,0.410354760899957,0.84,0.002,0,"42","h1SMnG0031351"
"1266",0,0.407665289607841,0.15,0,0,"42","h1SMnG0015827"
"1267",0,0.149209963935452,0.105,0.001,0,"42","h1SMnG0003205"
"1268",0,0.135685379073398,0.364,0.006,0,"42","h1SMcG0001961"
"1269",0,0.106922388008509,0.123,0.002,0,"42","h1SMcG0017142"
"1270",0,0.0821241949516791,0.209,0.006,0,"42","h1SMcG0001221"
"1271",0,0.0631892885746099,0.723,0.035,0,"42","h1SMcG0013873"
"1272",0,0.0603110245773598,0.233,0.01,0,"42","h1SMcG0014596"
"1273",0,0.0581415780034838,0.186,0.007,0,"42","h1SMcG0014484"
"1274",0,0.0518726120127608,0.257,0.011,0,"42","h1SMcG0000440"
"1275",0,0.0483254284686144,0.172,0.008,0,"42","h1SMcG0016478"
"1276",0,0.0475633035697423,0.275,0.016,0,"42","h1SMcG0009505"
"1277",0,0.0366524404348958,0.322,0.024,0,"42","h1SMcG0020489"
"1278",0.000000000000000000000000000000000000000000000000000000000000000000000000000000000000000000000000000000000000000000000000000000000000000000000000000000000000000000000000000000000000000000000000000000000000000000000000000000000000000000000000000000000000000000000000000000000000000000000000000000000000000000574554161964462,0.0491783315848342,0.176,0.009,0.000000000000000000000000000000000000000000000000000000000000000000000000000000000000000000000000000000000000000000000000000000000000000000000000000000000000000000000000000000000000000000000000000000000000000000000000000000000000000000000000000000000000000000000000000000000000000000000000000000000000027985384120965,"42","h1SMcG0019612"
"1279",0.0000000000000000000000000000000000000000000000000000000000000000000000000000000000000000000000000000000000000000000000000000000000000000000000000000000000000000000000000000000000000000000000000000000000000000000000000000000000000000000000000000000000000000000000000000000000000000000000000000000000000000219712613700643,0.034049715360582,0.225,0.015,0.00000000000000000000000000000000000000000000000000000000000000000000000000000000000000000000000000000000000000000000000000000000000000000000000000000000000000000000000000000000000000000000000000000000000000000000000000000000000000000000000000000000000000000000000000000000000000000000000000000000000107017619881309,"42","h1SMcG0014195"
"1280",0.000000000000000000000000000000000000000000000000000000000000000000000000000000000000000000000000000000000000000000000000000000000000000000000000000000000000000000000000000000000000000000000000000000000000000000000000000000000000000000000000000000000000000000000000000000000000000000000000000131266440769773,0.0261135499750637,0.312,0.029,0.00000000000000000000000000000000000000000000000000000000000000000000000000000000000000000000000000000000000000000000000000000000000000000000000000000000000000000000000000000000000000000000000000000000000000000000000000000000000000000000000000000000000000000000000000000000000000000000000639372579701408,"42","h1SMcG0022083"
"1281",0.000000000000000000000000000000000000000000000000000000000000000000000000000000000000000000000000000000000000000000000000000000000000000000000000000000000000000000000000000000000000000000000000000000000000000000000000000000000000000000000000000000000000000000000000000000000000000000000000276001836359215,0.0337504760685059,0.233,0.017,0.0000000000000000000000000000000000000000000000000000000000000000000000000000000000000000000000000000000000000000000000000000000000000000000000000000000000000000000000000000000000000000000000000000000000000000000000000000000000000000000000000000000000000000000000000000000000000000000134434974453846,"42","h1SMcG0009164"
"1282",0.00000000000000000000000000000000000000000000000000000000000000000000000000000000000000000000000000000000000000000000000000000000000000000000000000000000000000000000000000000000000000000000000000000000000000000000000000000000000795726780946758,0.0345307348888891,0.186,0.013,0.000000000000000000000000000000000000000000000000000000000000000000000000000000000000000000000000000000000000000000000000000000000000000000000000000000000000000000000000000000000000000000000000000000000000000000000000000000387582600463547,"42","h1SMcG0020160"
"1283",0.0000000000000000000000000000000000000000000000000000000000000000000000000000000000000000000000000000000000000000000000000000000000000000000000000000000000000000000000000000000000000000000000000000000000000000272462386191098,0.0310337249015573,0.206,0.018,0.0000000000000000000000000000000000000000000000000000000000000000000000000000000000000000000000000000000000000000000000000000000000000000000000000000000000000000000000000000000000000000000000000000000000013271097906596,"42","h1SMcG0009311"
"1284",0.0000000000000000000000000000000000000000000000000000000000000000000000000000000000000000000000000000000000000000000000000000000000000000000000000000000000000000000000000000000000000000000000000000000000000188303779176136,0.0371783597612455,0.16,0.011,0.000000000000000000000000000000000000000000000000000000000000000000000000000000000000000000000000000000000000000000000000000000000000000000000000000000000000000000000000000000000000000000000000000000000917190047611122,"42","h1SMcG0011111"
"1285",0.0000000000000000000000000000000000000000000000000000000000000000000000000000000000000000000000000000000000000000000000000000000000000000000000000000000000000000000000000000000000000000000000000000000000000771955141457755,0.0274259483935722,0.202,0.017,0.00000000000000000000000000000000000000000000000000000000000000000000000000000000000000000000000000000000000000000000000000000000000000000000000000000000000000000000000000000000000000000000000000000000376003910301244,"42","h1SMcG0006440"
"1286",0.000000000000000000000000000000000000000000000000000000000000000000000000000000000000000000000000000000000000000000000000000000000000000000000000000000000000000821325160714079,0.0331063132489477,0.132,0.01,0.0000000000000000000000000000000000000000000000000000000000000000000000000000000000000000000000000000000000000000000000000000000000000000000000000000000000400051059280614,"42","h1SMcG0011306"
"1287",0.0000000000000000000000000000000000000000000000000000000000000000000000000000000000000000000000000000000000000000000000000000000000000000000000000000000742184367362139,0.0375725282738243,0.113,0.008,0.00000000000000000000000000000000000000000000000000000000000000000000000000000000000000000000000000000000000000000000000000000000000000000000000000361503161654751,"42","h1SMcG0006978"
"1288",0.0000000000000000000000000000000000000000000000000000000000000000000000000000000000000000000000000000000000000000000000000000000000000000000222715834754053,0.02857012468424,0.136,0.011,0.00000000000000000000000000000000000000000000000000000000000000000000000000000000000000000000000000000000000000000000000000000000000000108480428792004,"42","h1SMcG0010543"
"1289",0.00000000000000000000000000000000000000000000000000000000000000000000000000000000000000000000000000000000000000000000000000000000000000630757043378623,0.0365472262862698,0.101,0.007,0.00000000000000000000000000000000000000000000000000000000000000000000000000000000000000000000000000000000000000000000000000000000030722914068886,"42","h1SMcG0000519"
"1290",0.00000000000000000000000000000000000000000000000000000000000000000000000000000000000000000000000000000000000882949927990343,0.0293768679275451,0.103,0.009,0.000000000000000000000000000000000000000000000000000000000000000000000000000000000000000000000000000000430067250925536,"42","h1SMcG0011135"
"1291",0,0.43887024379866,0.211,0,0,"43","h1SMnG0024452"
"1292",0,0.437064258219715,0.475,0,0,"43","h1SMcG0002111"
"1293",0,0.436718292427378,0.682,0.001,0,"43","h1SMcG0002112"
"1294",0,0.423381863476705,0.385,0,0,"43","h1SMcG0002460"
"1295",0,0.422884294214527,0.213,0,0,"43","h1SMnG0033333"
"1296",0,0.41348196765954,0.719,0.002,0,"43","h1SMcG0002113"
"1297",0,0.412271849364267,0.262,0,0,"43","h1SMnG0033330"
"1298",0,0.406396698344938,0.344,0,0,"43","h1SMnG0033327"
"1299",0,0.401637570308141,0.107,0,0,"43","h1SMcG0022485"
"1300",0,0.383249137020582,0.168,0,0,"43","h1SMnG0032145"
"1301",0,0.349515586595739,0.498,0.001,0,"43","h1SMcG0002461"
"1302",0,0.344770946255388,0.752,0.006,0,"43","h1SMnG0031990"
"1303",0,0.340450132699579,0.463,0.002,0,"43","h1SMnG0032146"
"1304",0,0.31471139492072,0.143,0,0,"43","h1SMcG0020266"
"1305",0,0.230879785201018,0.17,0.001,0,"43","h1SMnG0003941"
"1306",0,0.230431082287996,0.303,0.002,0,"43","h1SMcG0002462"
"1307",0,0.154563649093189,0.178,0.002,0,"43","h1SMcG0008554"
"1308",0,0.145365454455196,0.131,0.002,0,"43","h1SMnG0000835"
"1309",0,0.123493404915394,0.109,0.002,0,"43","h1SMcG0005244"
"1310",0,0.118691734632394,0.139,0.003,0,"43","h1SMcG0008555"
"1311",0,0.0980988588284913,0.15,0.003,0,"43","h1SMcG0017775"
"1312",0,0.0971757035869217,0.287,0.007,0,"43","h1SMcG0004344"
"1313",0,0.0970013676607914,0.234,0.006,0,"43","h1SMcG0013827"
"1314",0,0.086330629305009,0.211,0.006,0,"43","h1SMcG0015438"
"1315",0,0.0833262335898531,0.262,0.008,0,"43","h1SMcG0003611"
"1316",0,0.0821227219472678,0.115,0.003,0,"43","h1SMcG0000283"
"1317",0,0.0724323883507342,0.186,0.006,0,"43","h1SMcG0020531"
"1318",0,0.0648345008091024,0.275,0.011,0,"43","h1SMcG0011550"
"1319",0,0.0597442256841816,0.178,0.008,0,"43","h1SMcG0006280"
"1320",0.000000000000000000000000000000000000000000000000000000000000000000000000000000000000000000000000000000000000000000000000000000000000000000000000000000000000000000000000000000000000000000000000000000000000000000000000000000000000000000000000000000000000000000000000000000000000000427664173633624,0.0605371563626273,0.127,0.005,0.0000000000000000000000000000000000000000000000000000000000000000000000000000000000000000000000000000000000000000000000000000000000000000000000000000000000000000000000000000000000000000000000000000000000000000000000000000000000000000000000000000000000000000000000000000000000208306665693466,"43","h1SMcG0011726"
"1321",0,0.0524439766126826,0.466,0.025,0,"44","h1SMcG0001827"
"1322",0,0.0358451729145454,0.734,0.074,0,"44","h1SMcG0013355"
"1323",0,0.0304881321669865,0.366,0.034,0,"44","h1SMcG0017087"
"1324",0,0.0239742947163672,0.672,0.089,0,"44","h1SMcG0017092"
"1325",0,0.0177513586670488,0.651,0.094,0,"44","h1SMcG0012064"
"1326",0,0.0166434126205157,0.638,0.102,0,"44","h1SMcG0002622"
"1327",0,0.0156663151298147,0.838,0.141,0,"44","h1SMcG0007433"
"1328",0,0.0144340869856312,0.642,0.104,0,"44","h1SMcG0020690"
"1329",0.000000000000000000000000000000000000000000000000000000000000000000000000000000000000000000000000000000000000000000000000000000000000000000000000000000000000000000000000000000000000000000000000000000000000000000000000000000000000000000000000000000000000000000000000832490738051589,0.0179248581514482,0.505,0.079,0.0000000000000000000000000000000000000000000000000000000000000000000000000000000000000000000000000000000000000000000000000000000000000000000000000000000000000000000000000000000000000000000000000000000000000000000000000000000000000000000000000000000000000000000405489588690168,"44","h1SMcG0003233"
"1330",0.0000000000000000000000000000000000000000000000000000000000000000000000000000000000000000000000000000000000000000000000000000000000000000000000000000000000000000000000000000000000000000000000000000000000000000000000000000000713062707277583,0.0307032345575014,0.212,0.017,0.00000000000000000000000000000000000000000000000000000000000000000000000000000000000000000000000000000000000000000000000000000000000000000000000000000000000000000000000000000000000000000000000000000000000000000000000000347318583460765,"44","h1SMcG0003850"
"1331",0.00000000000000000000000000000000000000000000000000000000000000000000000000000000000000000000000000000000000000000000000000000000000000000000000000000000000000000000000000000000000000000000000000000311477508643021,0.0306486975630727,0.183,0.014,0.000000000000000000000000000000000000000000000000000000000000000000000000000000000000000000000000000000000000000000000000000000000000000000000000000000000000000000000000000000000000000000000000151714464909842,"44","h1SMcG0016897"
"1332",0.000000000000000000000000000000000000000000000000000000000000000000000000000000000000000000000000000000000000000000000000000000000000000000000000000000000000000000000000000000000000000000000000263399134346578,0.0161136062145327,0.432,0.076,0.0000000000000000000000000000000000000000000000000000000000000000000000000000000000000000000000000000000000000000000000000000000000000000000000000000000000000000000000000000000000000000000128296450357531,"44","h1SMcG0011207"
"1333",0.00000000000000000000000000000000000000000000000000000000000000000000000000000000000000000000000000000000000000000000000000000000000000000000000000000000000000000000000000000000000000325332351370694,0.0244269780804873,0.245,0.027,0.000000000000000000000000000000000000000000000000000000000000000000000000000000000000000000000000000000000000000000000000000000000000000000000000000000000000000000000000000000000158462881705637,"44","h1SMcG0012543"
"1334",0.00000000000000000000000000000000000000000000000000000000000000000000000000000000000000000000000000000000000000000000000000000000000000000000000000000000000000000000000000000272759962654664,0.0312236577426358,0.164,0.013,0.000000000000000000000000000000000000000000000000000000000000000000000000000000000000000000000000000000000000000000000000000000000000000000000000000000000000000000000000132855922609834,"44","h1SMcG0012759"
"1335",0.000000000000000000000000000000000000000000000000000000000000000000000000000000000000000000000000000000000000000000000000000000000000000000000868676548628515,0.0357566638011992,0.119,0.009,0.0000000000000000000000000000000000000000000000000000000000000000000000000000000000000000000000000000000000000000000000000000000000000000423114973305977,"44","h1SMcG0013035"
"1336",0.000000000000000000000000000000000000000000000000000000000000000000000000000000000000000000000000000000000000000000000000000000000000000976432602582695,0.0169064896502042,0.258,0.038,0.0000000000000000000000000000000000000000000000000000000000000000000000000000000000000000000000000000000000000000000000000000000000475600792065979,"44","h1SMcG0007331"
"1337",0.000000000000000000000000000000000000000000000000000000000000000000000000000000000000000000000000000000000000000426534166947012,0.0211371951335997,0.17,0.021,0.0000000000000000000000000000000000000000000000000000000000000000000000000000000000000000000000000000000000207756262036551,"44","h1SMcG0018260"
"1338",0.000000000000000000000000000000000000000000000000000000000000000000000000000000000000000000000000000000000719506766011656,0.0193833174682652,0.156,0.019,0.0000000000000000000000000000000000000000000000000000000000000000000000000000000000000000000000000000350457355588957,"44","h1SMcG0015103"
"1339",0.000000000000000000000000000000000000000000000000000000000000000000000000000000000000000000000000655194876209173,0.0227394290817249,0.121,0.012,0.0000000000000000000000000000000000000000000000000000000000000000000000000000000000000000000319132320303964,"44","h1SMcG0020987"
"1340",0.00000000000000000000000000000000000000000000000000000000000000000000000000000000000000000000930835829293798,0.0217105535021913,0.125,0.014,0.000000000000000000000000000000000000000000000000000000000000000000000000000000000000000453391515732423,"44","h1SMcG0022133"
"1341",0.00000000000000000000000000000000000000000000000000000000000000000000000000000000000000000123039626793888,0.0258903307683168,0.102,0.01,0.0000000000000000000000000000000000000000000000000000000000000000000000000000000000000599301414187672,"44","h1SMcG0011249"
"1342",0.00000000000000000000000000000000000000000000000000000000000000000000000000000000000000000273409602960117,0.0203876659156133,0.125,0.014,0.000000000000000000000000000000000000000000000000000000000000000000000000000000000000133172349409814,"44","h1SMcG0005503"
"1343",0.00000000000000000000000000000000000000000000000000000000000000000000000000000000336670676653526,0.0179374334930002,0.133,0.017,0.000000000000000000000000000000000000000000000000000000000000000000000000000163985553184399,"44","h1SMcG0010878"
"1344",0.00000000000000000000000000000000000000000000000000000000000000000000000000000260855779440583,0.0203383435004897,0.119,0.014,0.000000000000000000000000000000000000000000000000000000000000000000000000127057633049919,"44","h1SMcG0006082"
"1345",0.0000000000000000000000000000000000000000000000000000000000000000054584034954503,0.0146239226417718,0.135,0.021,0.000000000000000000000000000000000000000000000000000000000000265867917456393,"44","h1SMcG0006394"
"1346",0.000000000000000000000000000000000000000000000000000000000000000190250839315482,0.0148946453201256,0.139,0.023,0.00000000000000000000000000000000000000000000000000000000000926673788137849,"44","h1SMcG0014322"
"1347",0.00000000000000000000000000000000000000000000000000000000000000132641199343146,0.0134982253527626,0.139,0.023,0.0000000000000000000000000000000000000000000000000000000000646068753760595,"44","h1SMcG0015610"
"1348",0.00000000000000000000000000000000000000000000000000000000000000341258873666659,0.0153036874091853,0.116,0.017,0.000000000000000000000000000000000000000000000000000000000166220372185556,"44","h1SMcG0018061"
"1349",0.000000000000000000000000000000000000000000000000000000223725901393239,0.0137484132592616,0.116,0.019,0.0000000000000000000000000000000000000000000000000108972412050619,"44","h1SMcG0010381"
"1350",0.00000000000000000000000000000000000000000000307533878890509,0.0131530196960576,0.1,0.017,0.000000000000000000000000000000000000000149793601729989,"44","h1SMcG0009250"
"1351",0,0.454252337476442,0.355,0,0,"45","h1SMcG0002944"
"1352",0,0.429812905176104,0.974,0.006,0,"45","h1SMcG0023069"
"1353",0,0.421239403039314,0.934,0.005,0,"45","h1SMnG0008976"
"1354",0,0.41987511448026,0.967,0.008,0,"45","h1SMcG0023068"
"1355",0,0.419753297334184,0.997,0.011,0,"45","h1SMcG0005325"
"1356",0,0.412013342439367,0.997,0.018,0,"45","h1SMcG0005326"
"1357",0,0.405955854301558,0.99,0.014,0,"45","h1SMcG0005324"
"1358",0,0.303030977539831,0.192,0.001,0,"45","h1SMcG0017135"
"1359",0,0.285613563219903,0.197,0.002,0,"45","h1SMcG0017521"
"1360",0,0.26671504402839,0.164,0.001,0,"45","h1SMcG0017520"
"1361",0,0.18991943185066,0.366,0.004,0,"45","h1SMcG0011975"
"1362",0,0.131918790054557,0.289,0.005,0,"45","h1SMnG0019544"
"1363",0,0.120514382000819,0.102,0.002,0,"45","h1SMcG0015035"
"1364",0,0.113278909928944,0.583,0.009,0,"45","h1SMnG0020921"
"1365",0,0.102865293581476,0.271,0.007,0,"45","h1SMcG0005327"
"1366",0,0.0881959056587775,0.284,0.008,0,"45","h1SMcG0002876"
"1367",0,0.0630894905550489,0.235,0.01,0,"45","h1SMcG0023063"
"1368",0,0.0550522643697699,0.353,0.016,0,"45","h1SMcG0002222"
"1369",0,0.0533510745658079,0.619,0.049,0,"45","h1SMcG0002720"
"1370",0,0.046392870625812,0.279,0.016,0,"45","h1SMcG0012571"
"1371",0.0000000000000000000000000000000000000000000000000000000000000000000000000000000000000000000000000000000000000000000000000000000000000000000000000000000000000000000000000000000000000000000000000000000000000000000000000000000000000000000000000000000000000000000000000000000000000000000000000000000000000000756521737407173,0.043751568569766,0.258,0.016,0.00000000000000000000000000000000000000000000000000000000000000000000000000000000000000000000000000000000000000000000000000000000000000000000000000000000000000000000000000000000000000000000000000000000000000000000000000000000000000000000000000000000000000000000000000000000000000000000000000000000000368486607856286,"45","h1SMcG0008504"
"1372",0.00000000000000000000000000000000000000000000000000000000000000000000000000000000000000000000000000000000000000000000000000000000000000000000000000000000000000000000000000000000000000000000000000000000000000000000000000000000000000000000000000000000000000000000000000000000000000000000000000356828181123419,0.0384895323493828,0.307,0.023,0.000000000000000000000000000000000000000000000000000000000000000000000000000000000000000000000000000000000000000000000000000000000000000000000000000000000000000000000000000000000000000000000000000000000000000000000000000000000000000000000000000000000000000000000000000000000000000000000173803870461595,"45","h1SMcG0006731"
"1373",0.0000000000000000000000000000000000000000000000000000000000000000000000000000000000000000000000000000000000000000000000000000000000000000000000000000000000000000000000000000000000000000000000000000000000000000000000000000000000000000000000000000000000000000000000000000000000000000000000169787339424348,0.102657107391129,0.123,0.004,0.000000000000000000000000000000000000000000000000000000000000000000000000000000000000000000000000000000000000000000000000000000000000000000000000000000000000000000000000000000000000000000000000000000000000000000000000000000000000000000000000000000000000000000000000000000000000000000827000172868116,"45","h1SMcG0017137"
"1374",0.000000000000000000000000000000000000000000000000000000000000000000000000000000000000000000000000000000000000000000000000000000000000000000000000000000000000000000000000000000000000000000000000000000000000000000000000000000000000000000000000000000000000000000000000000000000000000000000560517470224434,0.0463404358056078,0.199,0.01,0.0000000000000000000000000000000000000000000000000000000000000000000000000000000000000000000000000000000000000000000000000000000000000000000000000000000000000000000000000000000000000000000000000000000000000000000000000000000000000000000000000000000000000000000000000000000000000000273016849396917,"45","h1SMcG0003075"
"1375",0.00000000000000000000000000000000000000000000000000000000000000000000000000000000000000000000000000000000000000000000000000000000000000000000000000000000000000000000000000000000000000000000000000000000000000000000000000000000000000000000000000000000000428758871182221,0.0383018503716533,0.243,0.017,0.000000000000000000000000000000000000000000000000000000000000000000000000000000000000000000000000000000000000000000000000000000000000000000000000000000000000000000000000000000000000000000000000000000000000000000000000000000000000000000000000000000208839870975436,"45","h1SMcG0009164"
"1376",0.0000000000000000000000000000000000000000000000000000000000000000000000000000000000000000000000000000000000000000000000000000000000000000000000000000000000000000000000000000000000000000000000000000000000000000000000000000000000000000000000000000200405340416817,0.0451457534528365,0.197,0.011,0.000000000000000000000000000000000000000000000000000000000000000000000000000000000000000000000000000000000000000000000000000000000000000000000000000000000000000000000000000000000000000000000000000000000000000000000000000000000000000000000000976134332102231,"45","h1SMcG0022136"
"1377",0.0000000000000000000000000000000000000000000000000000000000000000000000000000000000000000000000000000000000000000000000000000000000000000000000000000000000000000000000000000000000000141011281685758,0.0448318152575152,0.136,0.007,0.000000000000000000000000000000000000000000000000000000000000000000000000000000000000000000000000000000000000000000000000000000000000000000000000000000000000000000000000000000000686837750834988,"45","h1SMcG0018222"
"1378",0.00000000000000000000000000000000000000000000000000000000000000000000000000000000000000000000000000000000000000000000000000000000000000000000000000000000000000000000000000363070024094583,0.0428145050239836,0.133,0.007,0.000000000000000000000000000000000000000000000000000000000000000000000000000000000000000000000000000000000000000000000000000000000000000000000000000000000000000000000176844147335989,"45","h1SMcG0009291"
"1379",0.00000000000000000000000000000000000000000000000000000000000000000000000000000000000000000000000000000000000000000000000000000000000000000000000000000560078834433119,0.0384792685437415,0.12,0.007,0.000000000000000000000000000000000000000000000000000000000000000000000000000000000000000000000000000000000000000000000000000000000000000000000000272803198675684,"45","h1SMcG0001961"
"1380",0.000000000000000000000000000000000000000000000000000000000000000000000000000000000000000000000000000000000000000326460726142552,0.0377759012217588,0.102,0.007,0.0000000000000000000000000000000000000000000000000000000000000000000000000000000000000000000000000000000000159012490489514,"45","h1SMcG0009966"
"1381",0,0.514810049534129,0.218,0,0,"46","h1SMnG0023587"
"1382",0,0.482329822258784,0.275,0,0,"46","h1SMnG0033287"
"1383",0,0.389232183973557,0.736,0.003,0,"46","h1SMcG0014401"
"1384",0,0.204067058610169,0.337,0.002,0,"46","h1SMcG0010404"
"1385",0,0.163326421001376,0.733,0.014,0,"46","h1SMcG0015298"
"1386",0,0.145761208041693,0.412,0.007,0,"46","h1SMcG0006280"
"1387",0,0.09722139944116,0.129,0.003,0,"46","h1SMcG0015148"
"1388",0,0.0819892453370603,0.323,0.009,0,"46","h1SMcG0003888"
"1389",0,0.0546722533020138,0.216,0.01,0,"46","h1SMcG0005093"
"1390",0,0.0508884359126872,0.658,0.049,0,"46","h1SMcG0017955"
"1391",0,0.0490883440436514,0.296,0.017,0,"46","h1SMcG0022520"
"1392",0,0.035060127748769,0.571,0.048,0,"46","h1SMcG0007593"
"1393",0,0.0314048948999428,0.426,0.038,0,"46","h1SMcG0012539"
"1394",0.000000000000000000000000000000000000000000000000000000000000000000000000000000000000000000000000000000000000000000000000000000000000000000000000000000000000000000000000000000000000000000000000000000000000000000000000000000000000000000000000000000000000000000000000000000000000000000000000000000000000783264499433728,0.0615959514313199,0.178,0.007,0.000000000000000000000000000000000000000000000000000000000000000000000000000000000000000000000000000000000000000000000000000000000000000000000000000000000000000000000000000000000000000000000000000000000000000000000000000000000000000000000000000000000000000000000000000000000000000000000000000000038151247238418,"46","h1SMcG0010546"
"1395",0.00000000000000000000000000000000000000000000000000000000000000000000000000000000000000000000000000000000000000000000000000000000000000000000000000000000000000000000000000000000000000000000000000000000000000000000000000000000000000000000000000000000000000000000000000000000000000000000000109010164004848,0.0381267771293659,0.302,0.022,0.0000000000000000000000000000000000000000000000000000000000000000000000000000000000000000000000000000000000000000000000000000000000000000000000000000000000000000000000000000000000000000000000000000000000000000000000000000000000000000000000000000000000000000000000000000000000000000000530966706834812,"46","h1SMcG0015169"
"1396",0.0000000000000000000000000000000000000000000000000000000000000000000000000000000000000000000000000000000000000000000000000000000000000000000000000000000000000000000000000000000000000000000000000000000000000000000000000000000000000000000000000000000000000000000000000000000000028260461344425,0.0574509952301592,0.175,0.008,0.000000000000000000000000000000000000000000000000000000000000000000000000000000000000000000000000000000000000000000000000000000000000000000000000000000000000000000000000000000000000000000000000000000000000000000000000000000000000000000000000000000000000000000000000000000137651055116425,"46","h1SMcG0014484"
"1397",0.0000000000000000000000000000000000000000000000000000000000000000000000000000000000000000000000000000000000000000000000000000000000000000000000000000000000000000000000000000000000000000000000000000000000000000000000000000000000000000000000000000000000000000000000000217699877199443,0.0324662200581318,0.329,0.028,0.00000000000000000000000000000000000000000000000000000000000000000000000000000000000000000000000000000000000000000000000000000000000000000000000000000000000000000000000000000000000000000000000000000000000000000000000000000000000000000000000000000000000000000000106037256186305,"46","h1SMcG0007822"
"1398",0.000000000000000000000000000000000000000000000000000000000000000000000000000000000000000000000000000000000000000000000000000000000000000000000000000000000000000000000000000000000000000000000000000000000000000000000000000000000000000351074682335267,0.0436185880194423,0.216,0.014,0.0000000000000000000000000000000000000000000000000000000000000000000000000000000000000000000000000000000000000000000000000000000000000000000000000000000000000000000000000000000000000000000000000000000000000000000000000000000000171001456271862,"46","h1SMcG0022433"
"1399",0.0000000000000000000000000000000000000000000000000000000000000000000000000000000000000000000000000000000000000000000000000000000000000000000000000000000000000000000000000000000000000000000000000000000000000688486184993712,0.0340242536956385,0.216,0.015,0.00000000000000000000000000000000000000000000000000000000000000000000000000000000000000000000000000000000000000000000000000000000000000000000000000000000000000000000000000000000000000000000000000000000335347850986737,"46","h1SMcG0022127"
"1400",0.0000000000000000000000000000000000000000000000000000000000000000000000000000000000000000000000000000000000000000000000000000000000000000000000000000000000000000000000000000000000000000000178899139953244,0.0546549978188188,0.127,0.006,0.000000000000000000000000000000000000000000000000000000000000000000000000000000000000000000000000000000000000000000000000000000000000000000000000000000000000000000000000000000000000000871381930884261,"46","h1SMcG0008101"
"1401",0.00000000000000000000000000000000000000000000000000000000000000000000000000000000000000000000000000000000000000000000000000000000000000000000000000000000000000000000000000000000000000136525935720333,0.0558936426952313,0.124,0.006,0.0000000000000000000000000000000000000000000000000000000000000000000000000000000000000000000000000000000000000000000000000000000000000000000000000000000000000000000000000000000000664990527706598,"46","h1SMcG0002544"
"1402",0.00000000000000000000000000000000000000000000000000000000000000000000000000000000000000000000000000000000000000000000000000000000000000000000000000000000000000000000000000000495995650717591,0.032313730055125,0.216,0.018,0.000000000000000000000000000000000000000000000000000000000000000000000000000000000000000000000000000000000000000000000000000000000000000000000000000000000000000000000000241589561551524,"46","h1SMcG0019630"
"1403",0.000000000000000000000000000000000000000000000000000000000000000000000000000000000000000000000000000000000000000000000000000000000000000000000000000000000000000000000000179767041036985,0.0322413248120466,0.194,0.015,0.00000000000000000000000000000000000000000000000000000000000000000000000000000000000000000000000000000000000000000000000000000000000000000000000000000000000000000000875609303482947,"46","h1SMcG0018598"
"1404",0.00000000000000000000000000000000000000000000000000000000000000000000000000000000000000000000000000000000000000000000000000000000000000000000000000000000000000000000000348270496755344,0.0300675764918125,0.235,0.022,0.000000000000000000000000000000000000000000000000000000000000000000000000000000000000000000000000000000000000000000000000000000000000000000000000000000000000000000169635593559593,"46","h1SMcG0005517"
"1405",0.00000000000000000000000000000000000000000000000000000000000000000000000000000000000000000000000000000000000000000000000000000000000000000000000000000000074397912550581,0.0539831244165193,0.108,0.005,0.000000000000000000000000000000000000000000000000000000000000000000000000000000000000000000000000000000000000000000000000000000000000000000000000000036237735245137,"46","h1SMcG0011654"
"1406",0.0000000000000000000000000000000000000000000000000000000000000000000000000000000000000000000000000000000000000000000000000000000000000000000000000000000388701499421875,0.0529158166324045,0.105,0.005,0.00000000000000000000000000000000000000000000000000000000000000000000000000000000000000000000000000000000000000000000000000000000000000000000000000189328726338407,"46","h1SMcG0019111"
"1407",0.000000000000000000000000000000000000000000000000000000000000000000000000000000000000000000000000000000000000000000000000000000000000000000583324563438941,0.0370872193379691,0.14,0.01,0.0000000000000000000000000000000000000000000000000000000000000000000000000000000000000000000000000000000000000000000000000000000000000284125728359839,"46","h1SMcG0003951"
"1408",0.00000000000000000000000000000000000000000000000000000000000000000000000000000000000000000000000000000000000000000000000000000000114447542579548,0.0484508544769273,0.1,0.005,0.0000000000000000000000000000000000000000000000000000000000000000000000000000000000000000000000000000000000000000000000000000557451090396461,"46","h1SMnG0024413"
"1409",0.0000000000000000000000000000000000000000000000000000000000000000000000000000000000000000000000000000000000246388684080784,0.0273318240289078,0.156,0.015,0.00000000000000000000000000000000000000000000000000000000000000000000000000000000000000000000000000000120011000242068,"46","h1SMcG0016840"
"1410",0.0000000000000000000000000000000000000000000000000000000000000000000000000000000000000305645843943371,0.0271902758947074,0.119,0.011,0.00000000000000000000000000000000000000000000000000000000000000000000000000000000148873977667937,"46","h1SMcG0013513"
"1411",0,0.566658384323057,0.136,0,0,"47","h1SMcG0018908"
"1412",0,0.550418663588598,0.858,0.001,0,"47","h1SMcG0003993"
"1413",0,0.537910753475153,0.708,0.001,0,"47","h1SMcG0003699"
"1414",0,0.536918883948999,0.852,0.001,0,"47","h1SMcG0021341"
"1415",0,0.529425703826648,0.485,0,0,"47","h1SMcG0000087"
"1416",0,0.527494519573048,0.298,0,0,"47","h1SMcG0007814"
"1417",0,0.522884025143163,0.167,0,0,"47","h1SMcG0022502"
"1418",0,0.51856368511016,0.123,0,0,"47","h1SMcG0014719"
"1419",0,0.517138754394078,0.134,0,0,"47","h1SMcG0020612"
"1420",0,0.475440094879004,0.515,0.001,0,"47","h1SMcG0006225"
"1421",0,0.468243629015487,0.429,0.001,0,"47","h1SMcG0008305"
"1422",0,0.461385938035965,0.12,0,0,"47","h1SMcG0004338"
"1423",0,0.435450226668779,0.571,0.001,0,"47","h1SMnG0006596"
"1424",0,0.384367567778993,0.799,0.004,0,"47","h1SMcG0006674"
"1425",0,0.0971081851141195,0.245,0.006,0,"47","h1SMcG0020531"
"1426",0,0.0918049536344456,0.136,0.004,0,"47","h1SMcG0020789"
"1427",0,0.0742726292592298,0.426,0.017,0,"47","h1SMcG0007392"
"1428",0,0.0734701479408793,0.175,0.006,0,"47","h1SMcG0019634"
"1429",0,0.070069358286048,0.407,0.017,0,"47","h1SMcG0009327"
"1430",0,0.0623217077002235,0.178,0.007,0,"47","h1SMcG0008330"
"1431",0,0.0612929349668334,0.454,0.021,0,"47","h1SMcG0004848"
"1432",0,0.0527189909961399,0.337,0.019,0,"47","h1SMcG0011282"
"1433",0.0000000000000000000000000000000000000000000000000000000000000000000000000000000000000000000000000000000000000000000000000000000000000000000000000000000000000000000000000000000000000000000000000000000000000000000000000000000000000000000000000000000000000000000000000000000000000000000000011499064569269,0.048390999565549,0.226,0.012,0.0000000000000000000000000000000000000000000000000000000000000000000000000000000000000000000000000000000000000000000000000000000000000000000000000000000000000000000000000000000000000000000000000000000000000000000000000000000000000000000000000000000000000000000000000000000000000000000560096437039953,"47","h1SMcG0004473"
"1434",0.0000000000000000000000000000000000000000000000000000000000000000000000000000000000000000000000000000000000000000000000000000000000000000000000000000000000000000000000000000000000000000000000000000000000000000000000000000000000000000000000000000000000000000000250441799733421,0.0522686097030624,0.184,0.009,0.00000000000000000000000000000000000000000000000000000000000000000000000000000000000000000000000000000000000000000000000000000000000000000000000000000000000000000000000000000000000000000000000000000000000000000000000000000000000000000000000000000000000000121985191814155,"47","h1SMcG0004880"
"1435",0.000000000000000000000000000000000000000000000000000000000000000000000000000000000000000000000000000000000000000000000000000000000000000000000000000000000000000000000000000000000000000000000000000000000000000000000000000000000000000000389217649276661,0.0387120215206221,0.251,0.018,0.0000000000000000000000000000000000000000000000000000000000000000000000000000000000000000000000000000000000000000000000000000000000000000000000000000000000000000000000000000000000000000000000000000000000000000000000000000000000000189580132609676,"47","h1SMcG0011464"
"1436",0.0000000000000000000000000000000000000000000000000000000000000000000000000000000000000000000000000000000000000000000000000000000000000000000000000000000000000000000000000000000000000000000000000000000000000000000000000000000000000174636898046994,0.0735458688573456,0.103,0.003,0.000000000000000000000000000000000000000000000000000000000000000000000000000000000000000000000000000000000000000000000000000000000000000000000000000000000000000000000000000000000000000000000000000000000000000000000000000000000850621403007297,"47","h1SMcG0020972"
"1437",0.00000000000000000000000000000000000000000000000000000000000000000000000000000000000000000000000000000000000000000000000000000000000000000000000000000000000000000000000000000000000000000000000000000000000000113100245955425,0.0661204481252065,0.117,0.004,0.0000000000000000000000000000000000000000000000000000000000000000000000000000000000000000000000000000000000000000000000000000000000000000000000000000000000000000000000000000000000000000000000000000000000550888677999683,"47","h1SMcG0005403"
"1438",0.0000000000000000000000000000000000000000000000000000000000000000000000000000000000000000000000000000000000000000000000000000000000000000000000000000000000000000000000000000000000000014108571794197,0.0652713606627953,0.1,0.004,0.0000000000000000000000000000000000000000000000000000000000000000000000000000000000000000000000000000000000000000000000000000000000000000000000000000000000000000000000000000000000687200314951747,"47","h1SMcG0005609"
"1439",0.00000000000000000000000000000000000000000000000000000000000000000000000000000000000000000000000000000000000000000000000000000000000000000000000000000000000000000210187513818114,0.0603663822920363,0.106,0.005,0.000000000000000000000000000000000000000000000000000000000000000000000000000000000000000000000000000000000000000000000000000000000000000000000000000000000000102378134230527,"47","h1SMcG0011700"
"1440",0.00000000000000000000000000000000000000000000000000000000000000000000000000000000000000000000000000000000000000598131862624715,0.0370661831032508,0.114,0.008,0.000000000000000000000000000000000000000000000000000000000000000000000000000000000000000000000000000000000291338067647246,"47","h1SMcG0017649"
"1441",0,0.182016159384462,0.18,0.007,0,"48","h1SMcG0019751"
"1442",0,0.13600467609139,0.306,0.007,0,"48","h1SMnG0006300"
"1443",0,0.134766724947025,0.348,0.012,0,"48","h1SMnG0006296"
"1444",0,0.13474801811679,0.337,0.011,0,"48","h1SMcG0003740"
"1445",0,0.12818775623019,0.309,0.007,0,"48","h1SMcG0003810"
"1446",0,0.0796176399979385,0.309,0.009,0,"48","h1SMnG0007972"
"1447",0,0.0769406109023582,0.441,0.013,0,"48","h1SMcG0018713"
"1448",0,0.0692173698839689,0.163,0.005,0,"48","h1SMcG0010415"
"1449",0.0000000000000000000000000000000000000000000000000000000000000000000000000000000000000000000000000000000000000000000000000000000000000000000000000000000000000000000000000000000000000000000000000000000000000000000000000000000000000000000000000000000000000000000463357894665322,0.0605120702256805,0.152,0.006,0.00000000000000000000000000000000000000000000000000000000000000000000000000000000000000000000000000000000000000000000000000000000000000000000000000000000000000000000000000000000000000000000000000000000000000000000000000000000000000000000000000000000000000225692363333585,"48","h1SMcG0012679"
"1450",0.0000000000000000000000000000000000000000000000000000000000000000000000000000000000000000000000000000000000000000000000000000000000000000000000000000000000000000000000000000000000000000000000000000000000000000000000000000000000000000000000000242425819438275,0.105856411890315,0.211,0.012,0.00000000000000000000000000000000000000000000000000000000000000000000000000000000000000000000000000000000000000000000000000000000000000000000000000000000000000000000000000000000000000000000000000000000000000000000000000000000000000000000118080768131995,"48","h1SMcG0000570"
"1451",0.00000000000000000000000000000000000000000000000000000000000000000000000000000000000000000000000000000000000000000000000000000000000000000000000000000000000000000000000000000000000000000000000000000000000000000000000000000000000000374837989588279,0.137243604638758,0.112,0.004,0.000000000000000000000000000000000000000000000000000000000000000000000000000000000000000000000000000000000000000000000000000000000000000000000000000000000000000000000000000000000000000000000000000000000000000000000000000000000182576087968659,"48","h1SMcG0021317"
"1452",0.0000000000000000000000000000000000000000000000000000000000000000000000000000000000000000000000000000000000000000000000000000000000000000000000000000000000000000000000000000000000000000000000000000000000000000000000000000000000000381410743966654,0.0654920845843587,0.242,0.017,0.00000000000000000000000000000000000000000000000000000000000000000000000000000000000000000000000000000000000000000000000000000000000000000000000000000000000000000000000000000000000000000000000000000000000000000000000000000000185777545171278,"48","h1SMnG0012013"
"1453",0.00000000000000000000000000000000000000000000000000000000000000000000000000000000000000000000000000000000000000000000000000000000000000000000000000000000000000000000000000000000000000000000000000000000000000000000000000000000838887101407806,0.059917193432806,0.239,0.017,0.000000000000000000000000000000000000000000000000000000000000000000000000000000000000000000000000000000000000000000000000000000000000000000000000000000000000000000000000000000000000000000000000000000000000000000000000000408605129353714,"48","h1SMnG0004996"
"1454",0.00000000000000000000000000000000000000000000000000000000000000000000000000000000000000000000000000000000000000000000000000000000000000000000000000000000000000000000000000000000000000000000000000000000000000000000000128901180950466,0.152985211873583,0.205,0.013,0.0000000000000000000000000000000000000000000000000000000000000000000000000000000000000000000000000000000000000000000000000000000000000000000000000000000000000000000000000000000000000000000000000000000000000000000627851872173531,"48","h1SMcG0011378"
"1455",0.0000000000000000000000000000000000000000000000000000000000000000000000000000000000000000000000000000000000000000000000000000000000000000000000000000000000000000000000000000000000000000000000000000000000000000368721157404374,0.110263266338317,0.23,0.017,0.00000000000000000000000000000000000000000000000000000000000000000000000000000000000000000000000000000000000000000000000000000000000000000000000000000000000000000000000000000000000000000000000000000000000179596701348523,"48","h1SMcG0009029"
"1456",0.00000000000000000000000000000000000000000000000000000000000000000000000000000000000000000000000000000000000000000000000000000000000000000000000000000000000000000000000000000000000000000000000000000001843203915572,0.0739523472543056,0.143,0.007,0.000000000000000000000000000000000000000000000000000000000000000000000000000000000000000000000000000000000000000000000000000000000000000000000000000000000000000000000000000000000000000000000000000897787763196812,"48","h1SMnG0035357"
"1457",0.0000000000000000000000000000000000000000000000000000000000000000000000000000000000000000000000000000000000000000000000000000000000000000000000000000000000000000000000000000000000000000000000000000000217961192562352,0.0727321693533672,0.191,0.012,0.0000000000000000000000000000000000000000000000000000000000000000000000000000000000000000000000000000000000000000000000000000000000000000000000000000000000000000000000000000000000000000000000000010616453767327,"48","h1SMnG0004696"
"1458",0.0000000000000000000000000000000000000000000000000000000000000000000000000000000000000000000000000000000000000000000000000000000000000000000000000000000000000000000000000000000000000000000000000000560769584002008,0.0645912293519457,0.154,0.008,0.00000000000000000000000000000000000000000000000000000000000000000000000000000000000000000000000000000000000000000000000000000000000000000000000000000000000000000000000000000000000000000000000273139648975698,"48","h1SMnG0004698"
"1459",0.000000000000000000000000000000000000000000000000000000000000000000000000000000000000000000000000000000000000000000000000000000000000000000000000000000000000000000000000000000000000000000008335923885281,0.0608383993368255,0.284,0.028,0.000000000000000000000000000000000000000000000000000000000000000000000000000000000000000000000000000000000000000000000000000000000000000000000000000000000000000000000000000000000000000406026180604267,"48","h1SMnG0012012"
"1460",0.0000000000000000000000000000000000000000000000000000000000000000000000000000000000000000000000000000000000000000000000000000000000000000000000000000000000000000000000000000000000000000000414932755701761,0.060762036041026,0.188,0.012,0.00000000000000000000000000000000000000000000000000000000000000000000000000000000000000000000000000000000000000000000000000000000000000000000000000000000000000000000000000000000000000202105446647214,"48","h1SMnG0006445"
"1461",0.000000000000000000000000000000000000000000000000000000000000000000000000000000000000000000000000000000000000000000000000000000000000000000000000000000000000000000000000000000000000000107114873032437,0.0784124849742175,0.118,0.005,0.00000000000000000000000000000000000000000000000000000000000000000000000000000000000000000000000000000000000000000000000000000000000000000000000000000000000000000000000000000000000521735123566397,"48","h1SMnG0004693"
"1462",0.0000000000000000000000000000000000000000000000000000000000000000000000000000000000000000000000000000000000000000000000000000000000000000000000000000000000000000000000000000000000146477665812257,0.0572375309585838,0.185,0.013,0.000000000000000000000000000000000000000000000000000000000000000000000000000000000000000000000000000000000000000000000000000000000000000000000000000000000000000000000000000000713463414638339,"48","h1SMnG0006514"
"1463",0.000000000000000000000000000000000000000000000000000000000000000000000000000000000000000000000000000000000000000000000000000000000000000000000000000000000000000000000000000000228681639860437,0.0750096656167841,0.107,0.004,0.0000000000000000000000000000000000000000000000000000000000000000000000000000000000000000000000000000000000000000000000000000000000000000000000000000000000000000000000000111386253143222,"48","h1SMnG0035355"
"1464",0.00000000000000000000000000000000000000000000000000000000000000000000000000000000000000000000000000000000000000000000000000000000000000000000000000000000000000000000000000286715272023401,0.0677039728749126,0.219,0.018,0.000000000000000000000000000000000000000000000000000000000000000000000000000000000000000000000000000000000000000000000000000000000000000000000000000000000000000000000139653274697158,"48","h1SMnG0004681"
"1465",0.0000000000000000000000000000000000000000000000000000000000000000000000000000000000000000000000000000000000000000000000000000000000000000000000000880067934891077,0.0725336626593679,0.143,0.009,0.00000000000000000000000000000000000000000000000000000000000000000000000000000000000000000000000000000000000000000000000000000000000000000000428663489726746,"48","h1SMnG0004680"
"1466",0.000000000000000000000000000000000000000000000000000000000000000000000000000000000000000000000000000000000000000000000000000000000000000000000000112477520883048,0.068885349205626,0.112,0.006,0.00000000000000000000000000000000000000000000000000000000000000000000000000000000000000000000000000000000000000000000000000000000000000000000547855508717151,"48","h1SMnG0004683"
"1467",0.000000000000000000000000000000000000000000000000000000000000000000000000000000000000000000000000000000000000000000000000000000000000000000000000555657162441761,0.0602275540256404,0.242,0.026,0.0000000000000000000000000000000000000000000000000000000000000000000000000000000000000000000000000000000000000000000000000000000000000000000270649490682133,"48","h1SMnG0013594"
"1468",0.00000000000000000000000000000000000000000000000000000000000000000000000000000000000000000000000000000000000000000000000000000000000000000542909827620923,0.0571861753777406,0.191,0.017,0.000000000000000000000000000000000000000000000000000000000000000000000000000000000000000000000000000000000000000000000000000000000000264440518837599,"48","h1SMnG0004687"
"1469",0.000000000000000000000000000000000000000013871451408066,0.00834444590341663,0.233,0.061,0.000000000000000000000000000000000000675650655184079,"48","h1SMcG0005241"
"1470",0.00000000000000000000019292832523214,0.00796928480192563,0.135,0.037,0.00000000000000000939715286540706,"48","h1SMcG0013548"
"1471",0,0.532781724266201,1,0.012,0,"49","h1SMcG0017129"
"1472",0,0.509980795494672,0.619,0.001,0,"49","h1SMcG0017123"
"1473",0,0.50729821098704,0.752,0.001,0,"49","h1SMnG0014254"
"1474",0,0.503002682450353,0.684,0.001,0,"49","h1SMcG0003845"
"1475",0,0.494448254032897,0.842,0.003,0,"49","h1SMcG0017122"
"1476",0,0.487037834047057,0.59,0.001,0,"49","h1SMnG0011712"
"1477",0,0.482278082227298,0.294,0,0,"49","h1SMcG0006863"
"1478",0,0.47149593039969,0.687,0.002,0,"49","h1SMnG0014272"
"1479",0,0.417878001043563,0.206,0.001,0,"49","h1SMnG0011713"
"1480",0,0.393331013083253,0.761,0.005,0,"49","h1SMcG0017128"
"1481",0,0.389437877862759,0.981,0.009,0,"49","h1SMnG0020921"
"1482",0,0.261938302611404,0.116,0.001,0,"49","h1SMnG0010613"
"1483",0,0.162100167774189,0.355,0.005,0,"49","h1SMnG0019544"
"1484",0,0.14574299419394,0.184,0.003,0,"49","h1SMcG0003846"
"1485",0,0.12333077149546,0.223,0.004,0,"49","h1SMcG0022388"
"1486",0,0.0564113992802033,0.297,0.015,0,"49","h1SMnG0026604"
"1487",0,0.048096343317392,0.594,0.055,0,"49","h1SMcG0001498"
"1488",0.0000000000000000000000000000000000000000000000000000000000000000000000000000000000000000000000000000000000000000000000000000000000000000000000000000000000000000000000000000000000000000000000000000000000000000000000000000000000000000000000000000000000000000000000000000000000000000000000000371206499269877,0.0598764970119026,0.216,0.009,0.00000000000000000000000000000000000000000000000000000000000000000000000000000000000000000000000000000000000000000000000000000000000000000000000000000000000000000000000000000000000000000000000000000000000000000000000000000000000000000000000000000000000000000000000000000000000000000000180807261664372,"49","h1SMcG0001630"
"1489",0.000000000000000000000000000000000000000000000000000000000000000000000000000000000000000000000000000000000000000000000000000000000000000000000000000000000000000000000000000000000000000000000000000000000000000000000000000000000000000000000000000000000000000000000000000000000000000000000321405778127761,0.0560601800008087,0.223,0.01,0.000000000000000000000000000000000000000000000000000000000000000000000000000000000000000000000000000000000000000000000000000000000000000000000000000000000000000000000000000000000000000000000000000000000000000000000000000000000000000000000000000000000000000000000000000000000000000015655032641047,"49","h1SMcG0003075"
"1490",0.000000000000000000000000000000000000000000000000000000000000000000000000000000000000000000000000000000000000000000000000000000000000000000000000000000000000000000000000000000000000000000000000000000000000000000000000000000000000000000000000000000000000000000000000000000000000000000051838358479468,0.0793122567715525,0.152,0.005,0.00000000000000000000000000000000000000000000000000000000000000000000000000000000000000000000000000000000000000000000000000000000000000000000000000000000000000000000000000000000000000000000000000000000000000000000000000000000000000000000000000000000000000000000000000000000000000252494276481793,"49","h1SMcG0006507"
"1491",0.00000000000000000000000000000000000000000000000000000000000000000000000000000000000000000000000000000000000000000000000000000000000000000000000000000000000000000000000000000000000000000000000000000000000000000000000000000000000000000000000000000000000000000000000000000000000000325652139188203,0.0496441260805715,0.268,0.015,0.00000000000000000000000000000000000000000000000000000000000000000000000000000000000000000000000000000000000000000000000000000000000000000000000000000000000000000000000000000000000000000000000000000000000000000000000000000000000000000000000000000000000000000000000000000000015861864395579,"49","h1SMcG0002078"
"1492",0.0000000000000000000000000000000000000000000000000000000000000000000000000000000000000000000000000000000000000000000000000000000000000000000000000000000000000000000000000000000000000000000000000000000000000000000000000000000000000000000000000000000000000000156906629962174,0.0848583664773092,0.123,0.003,0.000000000000000000000000000000000000000000000000000000000000000000000000000000000000000000000000000000000000000000000000000000000000000000000000000000000000000000000000000000000000000000000000000000000000000000000000000000000000000000000000000000000000764260813219756,"49","h1SMcG0012010"
"1493",0.000000000000000000000000000000000000000000000000000000000000000000000000000000000000000000000000000000000000000000000000000000000000000000000000000000000000000000000000000000000000000000000000000000000000000000000000000000000000000000000000000000139626737259821,0.0664994403727759,0.152,0.005,0.00000000000000000000000000000000000000000000000000000000000000000000000000000000000000000000000000000000000000000000000000000000000000000000000000000000000000000000000000000000000000000000000000000000000000000000000000000000000000000000000000680093911845136,"49","h1SMcG0016257"
"1494",0.00000000000000000000000000000000000000000000000000000000000000000000000000000000000000000000000000000000000000000000000000000000000000000000000000000000000000000000000000000000000000000000000000000000000000000000000000000443355102088283,0.0563355144314069,0.19,0.01,0.000000000000000000000000000000000000000000000000000000000000000000000000000000000000000000000000000000000000000000000000000000000000000000000000000000000000000000000000000000000000000000000000000000000000000000000000215949403125161,"49","h1SMcG0003951"
"1495",0.0000000000000000000000000000000000000000000000000000000000000000000000000000000000000000000000000000000000000000000000000000000000000000000000000000000000000000000000000000000000000000000000000000000000000000000000000225107557324957,0.0481028611609334,0.361,0.035,0.0000000000000000000000000000000000000000000000000000000000000000000000000000000000000000000000000000000000000000000000000000000000000000000000000000000000000000000000000000000000000000000000000000000000000000000010964538902184,"49","h1SMcG0005490"
"1496",0.00000000000000000000000000000000000000000000000000000000000000000000000000000000000000000000000000000000000000000000000000000000000000000000000000000000000000000000000000000000000000000000000000000000000000563439853933547,0.0507970431900151,0.174,0.009,0.000000000000000000000000000000000000000000000000000000000000000000000000000000000000000000000000000000000000000000000000000000000000000000000000000000000000000000000000000000000000000000000000000000000274440284053952,"49","h1SMcG0021997"
"1497",0.0000000000000000000000000000000000000000000000000000000000000000000000000000000000000000000000000000000000000000000000000000000000000000000000000000000000000000000000000000000000000000000000000000000000036515675847805,0.0583567353306101,0.155,0.007,0.000000000000000000000000000000000000000000000000000000000000000000000000000000000000000000000000000000000000000000000000000000000000000000000000000000000000000000000000000000000000000000000000000000177860553919488,"49","h1SMcG0000082"
"1498",0.0000000000000000000000000000000000000000000000000000000000000000000000000000000000000000000000000000000000000000000000000000000000000000000000000000000000000000000000000000000000000000000000000000000265319014969899,0.0475518870419187,0.187,0.01,0.00000000000000000000000000000000000000000000000000000000000000000000000000000000000000000000000000000000000000000000000000000000000000000000000000000000000000000000000000000000000000000000000000129231585811538,"49","h1SMcG0003298"
"1499",0.0000000000000000000000000000000000000000000000000000000000000000000000000000000000000000000000000000000000000000000000000000000000000000000000000000000000000000000000000000000000000000000000537720058921731,0.0580629679949071,0.129,0.005,0.00000000000000000000000000000000000000000000000000000000000000000000000000000000000000000000000000000000000000000000000000000000000000000000000000000000000000000000000000000000000000000261912686299597,"49","h1SMcG0011975"
"1500",0.0000000000000000000000000000000000000000000000000000000000000000000000000000000000000000000000000000000000000000000000000000000000000000000000000669054377422995,0.0539076835693579,0.116,0.005,0.00000000000000000000000000000000000000000000000000000000000000000000000000000000000000000000000000000000000000000000000000000000000000000000325883006155192,"49","h1SMcG0020600"
"1501",0,0.6022702844059,0.158,0,0,"50","h1SMcG0009305"
"1502",0,0.573071972037262,0.118,0,0,"50","h1SMcG0019649"
"1503",0,0.534107838349792,0.35,0.001,0,"50","h1SMcG0019647"
"1504",0,0.513432532489348,0.364,0.001,0,"50","h1SMcG0001709"
"1505",0,0.480612503270045,0.104,0,0,"50","h1SMcG0000739"
"1506",0,0.441533335206109,0.822,0.004,0,"50","h1SMcG0003675"
"1507",0,0.398417242479123,0.347,0.001,0,"50","h1SMcG0014554"
"1508",0,0.379671803927426,0.141,0,0,"50","h1SMcG0013154"
"1509",0,0.337624685169089,0.175,0.001,0,"50","h1SMcG0000550"
"1510",0,0.312376406109281,0.384,0.002,0,"50","h1SMcG0000893"
"1511",0,0.296351383620747,0.101,0.001,0,"50","h1SMcG0022306"
"1512",0,0.239312204418118,0.333,0.003,0,"50","h1SMcG0022921"
"1513",0,0.238647757711702,0.135,0.001,0,"50","h1SMcG0011159"
"1514",0,0.234649589581203,0.229,0.002,0,"50","h1SMcG0001978"
"1515",0,0.188734080539454,0.768,0.014,0,"50","h1SMcG0014114"
"1516",0,0.158382946314766,0.367,0.006,0,"50","h1SMcG0008791"
"1517",0,0.143421028174383,0.778,0.02,0,"50","h1SMcG0003677"
"1518",0,0.138167737784485,0.205,0.004,0,"50","h1SMcG0021934"
"1519",0,0.12250203129327,0.226,0.004,0,"50","h1SMcG0022388"
"1520",0,0.118408283117219,0.357,0.008,0,"50","h1SMcG0013039"
"1521",0,0.111351532025288,0.377,0.009,0,"50","h1SMcG0004551"
"1522",0,0.109438299969367,0.862,0.04,0,"50","h1SMcG0018055"
"1523",0,0.083133164002503,0.273,0.009,0,"50","h1SMcG0010353"
"1524",0,0.0819166312013006,0.226,0.007,0,"50","h1SMcG0010354"
"1525",0,0.0723400900753297,0.209,0.007,0,"50","h1SMnG0034616"
"1526",0.00000000000000000000000000000000000000000000000000000000000000000000000000000000000000000000000000000000000000000000000000000000000000000000000000000000000000000000000000000000000000000000000000000000000000000000000000000000000000000000000000000000000000000000000000000000565847159045627,0.0746649222685619,0.152,0.005,0.000000000000000000000000000000000000000000000000000000000000000000000000000000000000000000000000000000000000000000000000000000000000000000000000000000000000000000000000000000000000000000000000000000000000000000000000000000000000000000000000000000000000000000000000000275612834227944,"50","h1SMnG0034766"
"1527",0.000000000000000000000000000000000000000000000000000000000000000000000000000000000000000000000000000000000000000000000000000000000000000000000000000000000000000000000000000000000000000000000000000000000000000000000000000000000000000000000000000000000000000000000000000000454128244891549,0.0860235658621438,0.141,0.004,0.0000000000000000000000000000000000000000000000000000000000000000000000000000000000000000000000000000000000000000000000000000000000000000000000000000000000000000000000000000000000000000000000000000000000000000000000000000000000000000000000000000000000000000000000000221196785521776,"50","h1SMcG0013360"
"1528",0.000000000000000000000000000000000000000000000000000000000000000000000000000000000000000000000000000000000000000000000000000000000000000000000000000000000000000000000000000000000000000000000000000000000000000000000000000000000078583405161199,0.0660786674565545,0.162,0.006,0.00000000000000000000000000000000000000000000000000000000000000000000000000000000000000000000000000000000000000000000000000000000000000000000000000000000000000000000000000000000000000000000000000000000000000000000000000000382764049859168,"50","h1SMcG0007444"
"1529",0.000000000000000000000000000000000000000000000000000000000000000000000000000000000000000000000000000000000000000000000000000000000000000000000000000000000000000000000000000000000000000000000000000000000000000000000000000000000120420320589001,0.0715317579037248,0.141,0.005,0.00000000000000000000000000000000000000000000000000000000000000000000000000000000000000000000000000000000000000000000000000000000000000000000000000000000000000000000000000000000000000000000000000000000000000000000000000000586543297524904,"50","h1SMcG0012630"
"1530",0.0000000000000000000000000000000000000000000000000000000000000000000000000000000000000000000000000000000000000000000000000000000000000000000000000000000000000000000000000000000000000000000000000000000000000000000000131249208138894,0.0641162325700569,0.141,0.005,0.000000000000000000000000000000000000000000000000000000000000000000000000000000000000000000000000000000000000000000000000000000000000000000000000000000000000000000000000000000000000000000000000000000000000000000639288643002924,"50","h1SMcG0003944"
"1531",0,0.736476666977194,0.214,0,0,"51","h1SMcG0009024"
"1532",0,0.735676708162158,0.101,0,0,"51","h1SMnG0030093"
"1533",0,0.719519486763392,0.144,0,0,"51","h1SMnG0030099"
"1534",0,0.714539640718252,0.117,0,0,"51","h1SMnG0035378"
"1535",0,0.711490975123809,0.358,0,0,"51","h1SMcG0000542"
"1536",0,0.709221603660628,0.307,0,0,"51","h1SMcG0000122"
"1537",0,0.70870117639579,0.226,0,0,"51","h1SMcG0000060"
"1538",0,0.700588560433051,0.37,0,0,"51","h1SMcG0008841"
"1539",0,0.70053119884497,0.564,0,0,"51","h1SMcG0009011"
"1540",0,0.700394761826213,0.533,0,0,"51","h1SMcG0015809"
"1541",0,0.691915327792957,0.265,0,0,"51","h1SMcG0000059"
"1542",0,0.690263533071362,0.498,0,0,"51","h1SMnG0000205"
"1543",0,0.687141136860024,0.202,0,0,"51","h1SMnG0030095"
"1544",0,0.677230797403203,0.113,0,0,"51","h1SMnG0014274"
"1545",0,0.671109625289585,0.463,0,0,"51","h1SMcG0000136"
"1546",0,0.670129953045831,0.214,0,0,"51","h1SMnG0035059"
"1547",0,0.669571700199303,0.237,0,0,"51","h1SMnG0035377"
"1548",0,0.668327494721043,0.268,0,0,"51","h1SMnG0014293"
"1549",0,0.665187066206273,0.693,0.001,0,"51","h1SMcG0009076"
"1550",0,0.658116093189843,0.65,0.001,0,"51","h1SMcG0017371"
"1551",0,0.655940359682259,0.109,0,0,"51","h1SMnG0014292"
"1552",0,0.654404193096278,0.156,0,0,"51","h1SMnG0035381"
"1553",0,0.641975611131421,0.265,0,0,"51","h1SMcG0000134"
"1554",0,0.626223001126833,0.136,0,0,"51","h1SMnG0013671"
"1555",0,0.619178245956022,0.202,0,0,"51","h1SMcG0017376"
"1556",0,0.61807187063586,0.533,0.001,0,"51","h1SMcG0015786"
"1557",0,0.617352898077008,0.428,0.001,0,"51","h1SMcG0000135"
"1558",0,0.607873150120763,0.249,0,0,"51","h1SMcG0000056"
"1559",0,0.60105622085518,0.774,0.002,0,"51","h1SMcG0000137"
"1560",0,0.589624906402382,0.152,0,0,"51","h1SMnG0000196"
"1561",0,0.908742982825251,0.124,0,0,"52","h1SMcG0019368"
"1562",0,0.80943742896149,0.896,0.001,0,"52","h1SMcG0010053"
"1563",0,0.655786009876461,0.418,0.001,0,"52","h1SMcG0013952"
"1564",0,0.588149378665437,0.134,0,0,"52","h1SMcG0013135"
"1565",0,0.399341202220088,0.547,0.003,0,"52","h1SMnG0029701"
"1566",0,0.390090153617274,0.567,0.003,0,"52","h1SMnG0023994"
"1567",0,0.283262619887587,0.721,0.006,0,"52","h1SMnG0020656"
"1568",0,0.176840732979348,0.637,0.008,0,"52","h1SMcG0016828"
"1569",0,0.150804671480775,0.328,0.005,0,"52","h1SMcG0004273"
"1570",0,0.139807277399274,0.512,0.011,0,"52","h1SMcG0015761"
"1571",0,0.113245923675553,0.299,0.007,0,"52","h1SMcG0000963"
"1572",0,0.0940455296859817,0.323,0.01,0,"52","h1SMcG0020904"
"1573",0,0.0894694060569205,0.463,0.015,0,"52","h1SMcG0015799"
"1574",0,0.0612718885514717,0.328,0.01,0,"52","h1SMcG0013155"
"1575",0,0.0610517554570383,0.473,0.023,0,"52","h1SMcG0000587"
"1576",0.0000000000000000000000000000000000000000000000000000000000000000000000000000000000000000000000000000000000000000000000000000000000000000000000000000000000000000000000000000000000000000000000000000000000000000000000000000000000000000000000000000000000000000000956163546612287,0.101517834377028,0.164,0.004,0.00000000000000000000000000000000000000000000000000000000000000000000000000000000000000000000000000000000000000000000000000000000000000000000000000000000000000000000000000000000000000000000000000000000000000000000000000000000000000000000000000000000000000465728140283913,"52","h1SMcG0000404"
"1577",0.00000000000000000000000000000000000000000000000000000000000000000000000000000000000000000000000000000000000000000000000000000000000000000000000000000000000000000000000000000000000000000000000000000000000000000000000000000000000000000000000000000000000000000325405309614681,0.0338843512712338,0.677,0.069,0.000000000000000000000000000000000000000000000000000000000000000000000000000000000000000000000000000000000000000000000000000000000000000000000000000000000000000000000000000000000000000000000000000000000000000000000000000000000000000000000000000000000000158498418207119,"52","h1SMcG0003207"
"1578",0.0000000000000000000000000000000000000000000000000000000000000000000000000000000000000000000000000000000000000000000000000000000000000000000000000000000000000000000000000000000000000000000000000000000000000000000000000000000000000000000000000000000000907875126977535,0.0551609960348192,0.328,0.017,0.00000000000000000000000000000000000000000000000000000000000000000000000000000000000000000000000000000000000000000000000000000000000000000000000000000000000000000000000000000000000000000000000000000000000000000000000000000000000000000000000000000442207816848218,"52","h1SMcG0004656"
"1579",0.00000000000000000000000000000000000000000000000000000000000000000000000000000000000000000000000000000000000000000000000000000000000000000000000000000000000000000000000000000000000000000000000000000000000000000001063044171051,0.0461024654444684,0.338,0.021,0.000000000000000000000000000000000000000000000000000000000000000000000000000000000000000000000000000000000000000000000000000000000000000000000000000000000000000000000000000000000000000000000000000000000000000517787554835521,"52","h1SMcG0017805"
"1580",0.00000000000000000000000000000000000000000000000000000000000000000000000000000000000000000000000000000000000000000000000000000000000000000000000000000000000000000000000000000000000000000000000000187649784228231,0.113004740879197,0.109,0.002,0.0000000000000000000000000000000000000000000000000000000000000000000000000000000000000000000000000000000000000000000000000000000000000000000000000000000000000000000000000000000000000000000000914004569018868,"52","h1SMcG0018566"
"1581",0.0000000000000000000000000000000000000000000000000000000000000000000000000000000000000000000000000000000000000000000000000000000000000000000000000000000000000000000000000000000000000000269874565381646,0.0437491979642246,0.299,0.019,0.00000000000000000000000000000000000000000000000000000000000000000000000000000000000000000000000000000000000000000000000000000000000000000000000000000000000000000000000000000000000131450503306092,"52","h1SMcG0018182"
"1582",0.00000000000000000000000000000000000000000000000000000000000000000000000000000000000000000000000000000000000000000000000000000000000000000000000000000000000000000222083746675126,0.0450698408639081,0.264,0.016,0.00000000000000000000000000000000000000000000000000000000000000000000000000000000000000000000000000000000000000000000000000000000000000000000000000000000000010817255133052,"52","h1SMcG0017831"
"1583",0.00000000000000000000000000000000000000000000000000000000000000000000000000000000000000000000000000000000000000000000000000000000000000000000000000000000000822075279982254,0.0398231524301947,0.279,0.019,0.000000000000000000000000000000000000000000000000000000000000000000000000000000000000000000000000000000000000000000000000000000000000000000000000000000400416427373756,"52","h1SMcG0001409"
"1584",0.000000000000000000000000000000000000000000000000000000000000000000000000000000000000000000000000000000000000000000000000000000609408304891736,0.0482098139507484,0.189,0.011,0.0000000000000000000000000000000000000000000000000000000000000000000000000000000000000000000000000000000000000000000000000296830597146667,"52","h1SMcG0017506"
"1585",0.0000000000000000000000000000000000000000000000000000000000000000000000000000000000000000000000000000000000249010563236293,0.0697983947160762,0.1,0.004,0.00000000000000000000000000000000000000000000000000000000000000000000000000000000000000000000000000000121288065141134,"52","h1SMcG0016359"
"1586",0.000000000000000000000000000000000000000000000000000000000000000000000000000000000000000000000000306000528758869,0.0498749808235942,0.129,0.007,0.000000000000000000000000000000000000000000000000000000000000000000000000000000000000000000014904673754787,"52","h1SMcG0022164"
"1587",0.00000000000000000000000000000000000000000000000000000000000000000000000000000000000000000504711041562068,0.0378123649914678,0.164,0.011,0.000000000000000000000000000000000000000000000000000000000000000000000000000000000000245834654124052,"52","h1SMnG0016719"
"1588",0.000000000000000000000000000000000000000000000000000000000000000000000000000135504689040084,0.0402676597406279,0.124,0.008,0.00000000000000000000000000000000000000000000000000000000000000000000000660016239376443,"52","h1SMcG0006559"
"1589",0.00000000000000000000000000000000000000000000000000000000000000000000000000189498141314269,0.0424536129867163,0.114,0.007,0.0000000000000000000000000000000000000000000000000000000000000000000000923007546713539,"52","h1SMcG0003387"
"1590",0.00000000000000000000000000000000000000000000000000000000000000000000549046789049294,0.0341943700976168,0.124,0.009,0.00000000000000000000000000000000000000000000000000000000000000026742971001013,"52","h1SMcG0004567"
"1591",0,0.278023428838808,0.234,0.002,0,"53","h1SMcG0001679"
"1592",0,0.267322708649043,0.624,0.005,0,"53","h1SMcG0001680"
"1593",0,0.252297093423668,0.872,0.007,0,"53","h1SMcG0001675"
"1594",0,0.176545670664641,0.312,0.004,0,"53","h1SMcG0001676"
"1595",0,0.165504060337772,0.284,0.004,0,"53","h1SMcG0001677"
"1596",0,0.151378890810036,0.468,0.007,0,"53","h1SMcG0001678"
"1597",0.000000000000000000000000000000000000000000000000000000261275516445304,0.00762832719033494,0.844,0.291,0.0000000000000000000000000000000000000000000000000127262078550179,"53","h1SMcG0008035"
"1598",0.00000000000000000000000000000000000000168105223415988,0.00902767827413265,0.447,0.106,0.0000000000000000000000000000000000818806922214592,"53","h1SMcG0013999"
"1599",0.000000000000000000000000000342411775916037,0.00982980475927985,0.277,0.058,0.0000000000000000000000166781927813184,"53","h1SMcG0009165"
"1600",0.000000000000000000000000000666076262086003,0.0102107723227302,0.284,0.061,0.000000000000000000000032443242573685,"53","h1SMcG0005241"
"1601",0.0000000000000000000000000259220123504907,0.0118830621947849,0.255,0.054,0.0000000000000000000012626093775677,"53","h1SMcG0013162"
"1602",0.0000000000000000000995551803828161,0.00834426244008791,0.241,0.059,0.00000000000000484913372608621,"53","h1SMcG0006230"
"1603",0.0000000000000000509474088739187,0.0103458815192432,0.213,0.054,0.00000000000248154639143083,"53","h1SMcG0020537"
"1604",0.0000000000000145300504218038,0.0139570039087934,0.121,0.023,0.000000000707729695945221,"53","h1SMnG0034137"
"1605",0.000000000000191206224943668,0.00750925952363457,0.206,0.06,0.00000000931327280455617,"53","h1SMcG0006725"
"1606",0.000000000000370627452965978,0.0106218168722375,0.113,0.022,0.0000000180525219790668,"53","h1SMnG0014820"
"1607",0.00000000000409779801227095,0.0108255299415298,0.113,0.024,0.000000199595545581693,"53","h1SMcG0007875"
"1608",0.0000000000043851907393725,0.00774273418301939,0.149,0.038,0.000000213593870533356,"53","h1SMcG0003232"
"1609",0.00000000000481936069296727,0.00910421667259085,0.135,0.032,0.00000023474142063305,"53","h1SMcG0016500"
"1610",0.00000000000553898678142477,0.00866263015282881,0.177,0.051,0.000000269792968149638,"53","h1SMcG0008036"
"1611",0.00000000000692610512807918,0.0103315886445242,0.121,0.027,0.000000337356728578481,"53","h1SMcG0004666"
"1612",0.00000000000841397072307192,0.0116390297494962,0.106,0.022,0.000000409827685979387,"53","h1SMcG0004324"
"1613",0.0000000000115950562523688,0.0101321312916597,0.121,0.027,0.000000564771999940377,"53","h1SMcG0016957"
"1614",0.0000000000281312347447174,0.0104397176012286,0.106,0.023,0.00000137021618194569,"53","h1SMcG0019752"
"1615",0.0000000000360538541729965,0.00991380225062829,0.113,0.025,0.00000175611112905831,"53","h1SMcG0019060"
"1616",0.000000000100143848155571,0.00820148011251585,0.128,0.032,0.00000487780655596155,"53","h1SMcG0002815"
"1617",0.000000000149505294507494,0.0076639014610622,0.17,0.052,0.00000728210388487104,"53","h1SMcG0013030"
"1618",0.00000000810098418071645,0.0082970020119732,0.121,0.034,0.000394582737474337,"53","h1SMcG0019920"
"1619",0.0000000233315785625655,0.00774311891489841,0.135,0.041,0.00113643452862544,"53","h1SMcG0006354"
"1620",0.0000000686928206391693,0.00779374767157245,0.113,0.033,0.00334588990769266,"53","h1SMcG0012412"
"1621",0,0.356720215995206,0.276,0.001,0,"54","h1SMcG0019647"
"1622",0,0.207246616455182,0.74,0.01,0,"54","h1SMcG0014796"
"1623",0,0.152855699112122,0.37,0.007,0,"54","h1SMcG0014115"
"1624",0,0.103940849913467,0.677,0.024,0,"54","h1SMcG0005424"
"1625",0,0.0899712432967843,0.457,0.017,0,"54","h1SMcG0017363"
"1626",0.000000000000000000000000000000000000000000000000000000000000000000000000000000000000000000000000000000000000000000000000000000000000000000000000000000000000000000000000000000000000000000000000000000000000000000000000000000000000000000000000000000000326895042654814,0.0763004894119404,0.386,0.015,0.0000000000000000000000000000000000000000000000000000000000000000000000000000000000000000000000000000000000000000000000000000000000000000000000000000000000000000000000000000000000000000000000000000000000000000000000000000000000000000000000000000159224037376307,"54","h1SMcG0015088"
"1627",0.000000000000000000000000000000000000000000000000000000000000000000000000000000000000000000000000000000000000000000000000000000000000000000000000000000000000000000000000000000000000000000000000000000000000000000000000000000000000000000000000000817150129618703,0.146636000710294,0.157,0.003,0.0000000000000000000000000000000000000000000000000000000000000000000000000000000000000000000000000000000000000000000000000000000000000000000000000000000000000000000000000000000000000000000000000000000000000000000000000000000000000000000000398017485134678,"54","h1SMnG0018164"
"1628",0.0000000000000000000000000000000000000000000000000000000000000000000000000000000000000000000000000000000000000000000000000000000000000000000000000000000000000000000000000000000000000000000000000000000000000000000000000000000000000000000168538464486876,0.0886160812532871,0.299,0.01,0.000000000000000000000000000000000000000000000000000000000000000000000000000000000000000000000000000000000000000000000000000000000000000000000000000000000000000000000000000000000000000000000000000000000000000000000000000000000000000820917152822676,"54","h1SMcG0010123"
"1629",0.000000000000000000000000000000000000000000000000000000000000000000000000000000000000000000000000000000000000000000000000000000000000000000000000000000000000000000000000000000000000000000000000000000000000000000000794391159836403,0.0627120800694437,0.441,0.023,0.0000000000000000000000000000000000000000000000000000000000000000000000000000000000000000000000000000000000000000000000000000000000000000000000000000000000000000000000000000000000000000000000000000000000000000386932046133115,"54","h1SMcG0004828"
"1630",0.00000000000000000000000000000000000000000000000000000000000000000000000000000000000000000000000000000000000000000000000000000000000000000000000000000000000000000000000000000000000000000000000000000000000117692036705579,0.0582193757048101,0.362,0.016,0.0000000000000000000000000000000000000000000000000000000000000000000000000000000000000000000000000000000000000000000000000000000000000000000000000000000000000000000000000000000000000000000000000000000573254372385535,"54","h1SMcG0012885"
"1631",0.0000000000000000000000000000000000000000000000000000000000000000000000000000000000000000000000000000000000000000000000000000000000000000000000000000000000000000365695580934695,0.0571959874845725,0.323,0.016,0.00000000000000000000000000000000000000000000000000000000000000000000000000000000000000000000000000000000000000000000000000000000000000000000000000000000000178123003561671,"54","h1SMcG0019949"
"1632",0.00000000000000000000000000000000000000000000000000000000000000000000000000000000000000000000000000000000000000000000000000000000000000000000000000000000000110820105272704,0.0441820202832105,0.402,0.026,0.0000000000000000000000000000000000000000000000000000000000000000000000000000000000000000000000000000000000000000000000000000000000000000000000000000000539782568762285,"54","h1SMcG0005980"
"1633",0.0000000000000000000000000000000000000000000000000000000000000000000000000000000000000000000000000000000000000000000000000000000000000286195829741453,0.0471837309142682,0.291,0.016,0.00000000000000000000000000000000000000000000000000000000000000000000000000000000000000000000000000000000000000000000000000000000139400264750467,"54","h1SMcG0014114"
"1634",0.000000000000000000000000000000000000000000000000000000000000000000000000000000000000000000000000000000000000000000132806069461836,0.0685628813339219,0.165,0.006,0.00000000000000000000000000000000000000000000000000000000000000000000000000000000000000000000000000000000000000646871803134709,"54","h1SMcG0019556"
"1635",0.00000000000000000000000000000000000000000000000000000000000000000000000000000000000000000000000000000000000000000314957040310392,0.0356136965930107,0.362,0.028,0.000000000000000000000000000000000000000000000000000000000000000000000000000000000000000000000000000000000000153409275194386,"54","h1SMcG0014350"
"1636",0.00000000000000000000000000000000000000000000000000000000000000000000000000000000000000000000000000000000000628801274271988,0.0523730295627689,0.205,0.01,0.0000000000000000000000000000000000000000000000000000000000000000000000000000000000000000000000000000003062765246724,"54","h1SMcG0011693"
"1637",0.000000000000000000000000000000000000000000000000000000000000000000000000000000000000000000000000000000000423814200846389,0.0893359700725817,0.126,0.004,0.0000000000000000000000000000000000000000000000000000000000000000000000000000000000000000000000000000206431420948259,"54","h1SMcG0014477"
"1638",0.0000000000000000000000000000000000000000000000000000000000000000000000000000000000000000000000000000284389252320293,0.0466361345446884,0.236,0.014,0.00000000000000000000000000000000000000000000000000000000000000000000000000000000000000000000000138520317020168,"54","h1SMcG0005966"
"1639",0.0000000000000000000000000000000000000000000000000000000000000000000000000000000000000000000000000150223676660852,0.0368484754886558,0.378,0.035,0.000000000000000000000000000000000000000000000000000000000000000000000000000000000000000000000731709484279676,"54","h1SMcG0017087"
"1640",0.00000000000000000000000000000000000000000000000000000000000000000000000000000000000000000000000367368845907864,0.0746499230960687,0.134,0.005,0.000000000000000000000000000000000000000000000000000000000000000000000000000000000000000000178938017464802,"54","h1SMcG0016003"
"1641",0.0000000000000000000000000000000000000000000000000000000000000000000000000000000000000000000583758338207302,0.0372146831614873,0.268,0.019,0.00000000000000000000000000000000000000000000000000000000000000000000000000000000000000284337011374013,"54","h1SMcG0015816"
"1642",0.0000000000000000000000000000000000000000000000000000000000000000000000000000000000000000237257970485235,0.0530663690406141,0.173,0.008,0.00000000000000000000000000000000000000000000000000000000000000000000000000000000000115563612263948,"54","h1SMcG0011848"
"1643",0.0000000000000000000000000000000000000000000000000000000000000000000000000000000000000407057137747928,0.0636588099460732,0.118,0.004,0.00000000000000000000000000000000000000000000000000000000000000000000000000000000198269390654261,"54","h1SMcG0013142"
"1644",0.0000000000000000000000000000000000000000000000000000000000000000000000000000000000000764776782369645,0.0520853878209724,0.157,0.007,0.00000000000000000000000000000000000000000000000000000000000000000000000000000000372507475156607,"54","h1SMcG0000618"
"1645",0.000000000000000000000000000000000000000000000000000000000000000000000000000000000174464787578598,0.037462964053411,0.252,0.019,0.00000000000000000000000000000000000000000000000000000000000000000000000000000849783087337834,"54","h1SMcG0016390"
"1646",0.00000000000000000000000000000000000000000000000000000000000749103545967728,0.047365427488472,0.134,0.008,0.000000000000000000000000000000000000000000000000000000364873355169961,"54","h1SMcG0016375"
"1647",0.00000000000000000000000000000000000000000000000000000777355956955387,0.0450399705788892,0.11,0.006,0.00000000000000000000000000000000000000000000000037863453951383,"54","h1SMcG0010319"
"1648",0.00000000000000000000000000000000000000000000967850660106996,0.0356648027117303,0.126,0.009,0.000000000000000000000000000000000000000471420699524916,"54","h1SMcG0011538"
"1649",0.0000000000000000000000000000000000000000000426600086610455,0.0387529540256922,0.118,0.008,0.00000000000000000000000000000000000000207788370186221,"54","h1SMcG0006559"
"1650",0.00000000000000000000000000000000000000000396339055228588,0.038626253746803,0.11,0.007,0.000000000000000000000000000000000000193048827020741,"54","h1SMcG0013937"
"1651",0,0.787555813563572,0.69,0.001,0,"55","h1SMcG0009714"
"1652",0,0.626265502039303,0.81,0.004,0,"55","h1SMnG0031486"
"1653",0,0.613162553711678,0.175,0,0,"55","h1SMcG0000012"
"1654",0,0.576384382364819,0.833,0.004,0,"55","h1SMnG0032454"
"1655",0,0.550107465698688,0.103,0,0,"55","h1SMnG0024050"
"1656",0,0.517067745230866,0.254,0.001,0,"55","h1SMnG0007655"
"1657",0,0.33955385096387,0.254,0.002,0,"55","h1SMnG0013576"
"1658",0,0.276433350701346,0.246,0.002,0,"55","h1SMcG0018566"
"1659",0,0.175393345076387,0.667,0.014,0,"55","h1SMcG0007441"
"1660",0,0.151951145044058,0.476,0.009,0,"55","h1SMcG0016691"
"1661",0,0.137395746194555,0.579,0.015,0,"55","h1SMcG0022127"
"1662",0,0.127954768570669,0.54,0.011,0,"55","h1SMcG0006836"
"1663",0.00000000000000000000000000000000000000000000000000000000000000000000000000000000000000000000000000000000000000000000000000000000000000000000000000000000000000000000000000000000000000000000000000000000000000000000000000000000000000000000000000000000000000000100160390279191,0.0717439447752047,0.397,0.015,0.0000000000000000000000000000000000000000000000000000000000000000000000000000000000000000000000000000000000000000000000000000000000000000000000000000000000000000000000000000000000000000000000000000000000000000000000000000000000000000000000000000000000000487861228971884,"55","h1SMcG0022380"
"1664",0.0000000000000000000000000000000000000000000000000000000000000000000000000000000000000000000000000000000000000000000000000000000000000000000000000000000000000000000000000000000000000000000000000000000000000508433299596828,0.0616109575964059,0.381,0.018,0.00000000000000000000000000000000000000000000000000000000000000000000000000000000000000000000000000000000000000000000000000000000000000000000000000000000000000000000000000000000000000000000000000000000247647691567623,"55","h1SMcG0004823"
"1665",0.000000000000000000000000000000000000000000000000000000000000000000000000000000000000000000000000000000000000000000000000000000000000000000000000000000000000000000000000000000000000000000000000000000000801778630801829,0.0648568837634675,0.349,0.015,0.0000000000000000000000000000000000000000000000000000000000000000000000000000000000000000000000000000000000000000000000000000000000000000000000000000000000000000000000000000000000000000000000000000390530335490955,"55","h1SMcG0000619"
"1666",0.0000000000000000000000000000000000000000000000000000000000000000000000000000000000000000000000000000000000000000000000000000000000000000000000000000000000000000000000000000000000031898026042657,0.0797425942273441,0.246,0.008,0.000000000000000000000000000000000000000000000000000000000000000000000000000000000000000000000000000000000000000000000000000000000000000000000000000000000000000000000000000000155368905248574,"55","h1SMcG0016544"
"1667",0.00000000000000000000000000000000000000000000000000000000000000000000000000000000000000000000000000000000000000000000000000000000000000000000000000000000000000000000000000950802435630834,0.0918586916962007,0.19,0.005,0.000000000000000000000000000000000000000000000000000000000000000000000000000000000000000000000000000000000000000000000000000000000000000000000000000000000000000000000463116850347067,"55","h1SMcG0002583"
"1668",0.000000000000000000000000000000000000000000000000000000000000000000000000000000000000000000000000000000000000000000000000000000000000000000000000000000000000000000000000549734081104491,0.090915148339284,0.198,0.006,0.0000000000000000000000000000000000000000000000000000000000000000000000000000000000000000000000000000000000000000000000000000000000000000000000000000000000000000000267764476224375,"55","h1SMcG0005419"
"1669",0.000000000000000000000000000000000000000000000000000000000000000000000000000000000000000000000000000000000000000000000000000000000000000000000000000000000000184520680773118,0.0607554509149278,0.27,0.012,0.00000000000000000000000000000000000000000000000000000000000000000000000000000000000000000000000000000000000000000000000000000000000000000000000000000000898763331909703,"55","h1SMcG0002911"
"1670",0.00000000000000000000000000000000000000000000000000000000000000000000000000000000000000000000000000000000000000000000000000000000000000000000000000000000000120254109283592,0.152049848961974,0.111,0.002,0.000000000000000000000000000000000000000000000000000000000000000000000000000000000000000000000000000000000000000000000000000000000000000000000000000000058573371549852,"55","h1SMcG0019669"
"1671",0.000000000000000000000000000000000000000000000000000000000000000000000000000000000000000000000000000000000000000000000000000000000000000000000000000222100757947568,0.0495382288514531,0.333,0.019,0.0000000000000000000000000000000000000000000000000000000000000000000000000000000000000000000000000000000000000000000000000000000000000000000000108180837181101,"55","h1SMcG0004357"
"1672",0.000000000000000000000000000000000000000000000000000000000000000000000000000000000000000000000000000000000000000000000000000000000000000000000199260024887948,0.0532235277566534,0.262,0.012,0.00000000000000000000000000000000000000000000000000000000000000000000000000000000000000000000000000000000000000000000000000000000000000000970555729224219,"55","h1SMcG0004902"
"1673",0.000000000000000000000000000000000000000000000000000000000000000000000000000000000000000000000000000302248109861401,0.050023312587725,0.198,0.01,0.0000000000000000000000000000000000000000000000000000000000000000000000000000000000000000000000147219009351291,"55","h1SMcG0011693"
"1674",0.00000000000000000000000000000000000000000000000000000000000000000000000000000000000000000291206005161458,0.0565572530101224,0.175,0.008,0.000000000000000000000000000000000000000000000000000000000000000000000000000000000000141840620994043,"55","h1SMcG0011848"
"1675",0.00000000000000000000000000000000000000000000000000000000000000000000000000000056052295583344,0.043625714445445,0.175,0.01,0.0000000000000000000000000000000000000000000000000000000000000000000000000273019521327352,"55","h1SMcG0019963"
"1676",0.0000000000000000000000000000000000000000000000000000000000000000000000000000442221461256381,0.0399625922938692,0.214,0.015,0.00000000000000000000000000000000000000000000000000000000000000000000000215397229348758,"55","h1SMcG0010717"
"1677",0.00000000000000000000000000000000000000000000000000000000000000000172534845310069,0.0421679165692994,0.167,0.01,0.0000000000000000000000000000000000000000000000000000000000000840382724536285,"55","h1SMcG0015833"
"1678",0.00000000000000000000000000000000000000000000000000113554197717292,0.045937813097832,0.127,0.008,0.0000000000000000000000000000000000000000000000553099786241384,"55","h1SMcG0015684"
"1679",0.00000000000000000000000000000000000000000000000000613760299257341,0.0452635174510315,0.119,0.007,0.000000000000000000000000000000000000000000000298950366562266,"55","h1SMcG0009966"
"1680",0.00000000000000000000000000000000000000000000002072214311377,0.0409375143377961,0.119,0.007,0.00000000000000000000000000000000000000000100933414678551,"55","h1SMcG0000963"
"1681",0,0.866260689173525,0.608,0.001,0,"56","h1SMcG0006051"
"1682",0,0.825600394297425,0.112,0,0,"56","h1SMnG0010146"
"1683",0,0.570416737012662,0.216,0.001,0,"56","h1SMnG0032805"
"1684",0,0.555169335082528,0.232,0.001,0,"56","h1SMcG0008898"
"1685",0,0.480009817663242,0.312,0.001,0,"56","h1SMcG0019080"
"1686",0,0.338114529725535,0.128,0.001,0,"56","h1SMcG0003406"
"1687",0,0.307779359790493,0.144,0.001,0,"56","h1SMcG0022500"
"1688",0,0.212396327876354,0.392,0.004,0,"56","h1SMcG0019851"
"1689",0,0.191033327569368,0.48,0.007,0,"56","h1SMcG0004268"
"1690",0,0.17065414529004,0.32,0.005,0,"56","h1SMcG0022492"
"1691",0,0.138853560074457,0.496,0.012,0,"56","h1SMcG0007949"
"1692",0,0.11701147297534,0.528,0.014,0,"56","h1SMcG0019473"
"1693",0,0.0952330462992156,0.728,0.032,0,"56","h1SMcG0019666"
"1694",0,0.0927927967632932,0.536,0.017,0,"56","h1SMcG0009945"
"1695",0.000000000000000000000000000000000000000000000000000000000000000000000000000000000000000000000000000000000000000000000000000000000000000000000000000000000000000000000000000000000000000000000000000000000000000000000000000000000000000000000000000000000000000000000000000000000000000000000000000000000000475878621056062,0.124341902991992,0.264,0.006,0.0000000000000000000000000000000000000000000000000000000000000000000000000000000000000000000000000000000000000000000000000000000000000000000000000000000000000000000000000000000000000000000000000000000000000000000000000000000000000000000000000000000000000000000000000000000000000000000000000000000231790958743987,"56","h1SMcG0002344"
"1696",0.000000000000000000000000000000000000000000000000000000000000000000000000000000000000000000000000000000000000000000000000000000000000000000000000000000000000000000000000000000000000000000000000000000000000000000000030269378662675,0.0803538936318818,0.336,0.013,0.00000000000000000000000000000000000000000000000000000000000000000000000000000000000000000000000000000000000000000000000000000000000000000000000000000000000000000000000000000000000000000000000000000000000000000147436089590158,"56","h1SMcG0004555"
"1697",0.0000000000000000000000000000000000000000000000000000000000000000000000000000000000000000000000000000000000000000000000000000000000000000000000000000000000000000000000000000000000000000000000000000000000000000155818191776756,0.088823844116018,0.272,0.009,0.000000000000000000000000000000000000000000000000000000000000000000000000000000000000000000000000000000000000000000000000000000000000000000000000000000000000000000000000000000000000000000000000000000000000758959248506225,"56","h1SMcG0014080"
"1698",0.00000000000000000000000000000000000000000000000000000000000000000000000000000000000000000000000000000000000000000000000000000000000000000000000000000000000000000000000000000000000000000000000000000000000000309551949451309,0.0834474088071708,0.272,0.009,0.000000000000000000000000000000000000000000000000000000000000000000000000000000000000000000000000000000000000000000000000000000000000000000000000000000000000000000000000000000000000000000000000000000000150776563538743,"56","h1SMcG0001346"
"1699",0.000000000000000000000000000000000000000000000000000000000000000000000000000000000000000000000000000000000000000000000000000000000000000000000000000267302420567401,0.134962573250842,0.112,0.002,0.000000000000000000000000000000000000000000000000000000000000000000000000000000000000000000000000000000000000000000000000000000000000000000000013019766300997,"56","h1SMcG0009734"
"1700",0.00000000000000000000000000000000000000000000000000000000000000000000000000000000000000000000000000000000000000000000000000000000000000000000000000410831302492986,0.0790659208556233,0.216,0.008,0.000000000000000000000000000000000000000000000000000000000000000000000000000000000000000000000000000000000000000000000000000000000000000000000200107710818284,"56","h1SMcG0014481"
"1701",0.00000000000000000000000000000000000000000000000000000000000000000000000000000000000000000000000000000000000000000000000000000000000000000000000487839699338683,0.0571336904488824,0.288,0.014,0.000000000000000000000000000000000000000000000000000000000000000000000000000000000000000000000000000000000000000000000000000000000000000000237616960753886,"56","h1SMcG0017069"
"1702",0.0000000000000000000000000000000000000000000000000000000000000000000000000000000000000000000000000000000000000000000000000000000000000102926895788589,0.0525042385614242,0.336,0.021,0.000000000000000000000000000000000000000000000000000000000000000000000000000000000000000000000000000000000000000000000000000000000501336324007058,"56","h1SMcG0004371"
"1703",0.000000000000000000000000000000000000000000000000000000000000000000000000000000000000000000000000000000000000000000000000574541633597653,0.0798815512399662,0.152,0.005,0.0000000000000000000000000000000000000000000000000000000000000000000000000000000000000000000000000000000000000000000279847738892745,"56","h1SMcG0013289"
"1704",0.000000000000000000000000000000000000000000000000000000000000000000000000000000000000000000000000000000000000000000809248477492442,0.0868524875622043,0.136,0.004,0.0000000000000000000000000000000000000000000000000000000000000000000000000000000000000000000000000000000000000394168748417018,"56","h1SMcG0019261"
"1705",0.000000000000000000000000000000000000000000000000000000000000000000000000000000000000000000000000000000000000000494379058298213,0.0438120509873532,0.32,0.022,0.0000000000000000000000000000000000000000000000000000000000000000000000000000000000000000000000000000000000240802151715893,"56","h1SMcG0004962"
"1706",0.00000000000000000000000000000000000000000000000000000000000000000000000000000000000000000000000000374409080596297,0.0534939860186885,0.192,0.009,0.000000000000000000000000000000000000000000000000000000000000000000000000000000000000000000000182367174976844,"56","h1SMcG0015510"
"1707",0.000000000000000000000000000000000000000000000000000000000000000000000000000123410166054346,0.0656409991855147,0.112,0.004,0.00000000000000000000000000000000000000000000000000000000000000000000000601106236817509,"56","h1SMcG0005664"
"1708",0.0000000000000000000000000000000000000000000000000000000000000000399205205106156,0.0541921479645472,0.12,0.006,0.00000000000000000000000000000000000000000000000000000000000194444871303106,"56","h1SMcG0004514"
"1709",0.00000000000000000000000000000000000000000000000000000000000000146424491025224,0.0418223120207229,0.168,0.011,0.0000000000000000000000000000000000000000000000000000000000713204410885661,"56","h1SMcG0002160"
"1710",0.0000000000000000000000000000000000000000000000000000298835635998746,0.0528786817896375,0.104,0.005,0.00000000000000000000000000000000000000000000000145556861582269,"56","h1SMcG0003404"
"1711",0,0.88975852109064,0.427,0,0,"57","h1SMnG0014896"
"1712",0,0.83239466909128,0.782,0.001,0,"57","h1SMnG0014671"
"1713",0,0.237166032038578,0.339,0.003,0,"57","h1SMcG0014158"
"1714",0,0.135841288709303,0.46,0.009,0,"57","h1SMcG0011693"
"1715",0,0.112430613764884,0.331,0.008,0,"57","h1SMcG0016544"
"1716",0,0.103036544622665,0.347,0.009,0,"57","h1SMcG0007905"
"1717",0,0.102174473779883,0.339,0.009,0,"57","h1SMcG0004826"
"1718",0,0.0936935839217983,0.395,0.012,0,"57","h1SMcG0003250"
"1719",0,0.0826599403251614,0.758,0.032,0,"57","h1SMcG0009545"
"1720",0.00000000000000000000000000000000000000000000000000000000000000000000000000000000000000000000000000000000000000000000000000000000000000000000000000000000000000000000000000000000000000000000000000000000000000000000000000000000000000000000000000000000000000000000000000000000000000000000000000000905695320658011,0.0746519570923925,0.468,0.019,0.000000000000000000000000000000000000000000000000000000000000000000000000000000000000000000000000000000000000000000000000000000000000000000000000000000000000000000000000000000000000000000000000000000000000000000000000000000000000000000000000000000000000000000000000000000000000000000000000441146076786104,"57","h1SMcG0016390"
"1721",0.000000000000000000000000000000000000000000000000000000000000000000000000000000000000000000000000000000000000000000000000000000000000000000000000000000000000000000000000000000000000000000000000000000000000000000000000000000000000000000000000000000000000000000311501023112825,0.124669416301329,0.226,0.005,0.0000000000000000000000000000000000000000000000000000000000000000000000000000000000000000000000000000000000000000000000000000000000000000000000000000000000000000000000000000000000000000000000000000000000000000000000000000000000000000000000000000000000000151725918337795,"57","h1SMcG0018539"
"1722",0.000000000000000000000000000000000000000000000000000000000000000000000000000000000000000000000000000000000000000000000000000000000000000000000000000000000000000000000000000000000000000000000000000000000000000000000000000000000000000000000439306291366924,0.0816267572899675,0.306,0.01,0.0000000000000000000000000000000000000000000000000000000000000000000000000000000000000000000000000000000000000000000000000000000000000000000000000000000000000000000000000000000000000000000000000000000000000000000000000000000000000000213977308399001,"57","h1SMcG0016641"
"1723",0.000000000000000000000000000000000000000000000000000000000000000000000000000000000000000000000000000000000000000000000000000000000000000000000000000000000000000000000000000000000000000000000000000000000000000000000000000000000000000120678891439366,0.0781862835635334,0.323,0.011,0.00000000000000000000000000000000000000000000000000000000000000000000000000000000000000000000000000000000000000000000000000000000000000000000000000000000000000000000000000000000000000000000000000000000000000000000000000000000000587802744422863,"57","h1SMcG0013227"
"1724",0.00000000000000000000000000000000000000000000000000000000000000000000000000000000000000000000000000000000000000000000000000000000000000000000000000000000000000000000000000000000000000000000000000000000000000000000000000000000000240490747581985,0.084362621504373,0.29,0.009,0.000000000000000000000000000000000000000000000000000000000000000000000000000000000000000000000000000000000000000000000000000000000000000000000000000000000000000000000000000000000000000000000000000000000000000000000000000000117138233332233,"57","h1SMcG0005939"
"1725",0.00000000000000000000000000000000000000000000000000000000000000000000000000000000000000000000000000000000000000000000000000000000000000000000000000000000000000000000000000000000000000000000000000000000000000000000000000000447091855009068,0.123762673531012,0.185,0.004,0.000000000000000000000000000000000000000000000000000000000000000000000000000000000000000000000000000000000000000000000000000000000000000000000000000000000000000000000000000000000000000000000000000000000000000000000000217769500737817,"57","h1SMcG0002736"
"1726",0.00000000000000000000000000000000000000000000000000000000000000000000000000000000000000000000000000000000000000000000000000000000000000000000000000000000000000000000000000000000000000000000000000000000000000000683801049627605,0.0922739664937103,0.25,0.007,0.000000000000000000000000000000000000000000000000000000000000000000000000000000000000000000000000000000000000000000000000000000000000000000000000000000000000000000000000000000000000000000000000000000000000333065815252614,"57","h1SMcG0009544"
"1727",0.0000000000000000000000000000000000000000000000000000000000000000000000000000000000000000000000000000000000000000000000000000000000000000000000000000000000000000000000000000000000000000000000000000000000000000102742047912545,0.192784953783941,0.105,0.001,0.000000000000000000000000000000000000000000000000000000000000000000000000000000000000000000000000000000000000000000000000000000000000000000000000000000000000000000000000000000000000000000000000000000000000500435966972424,"57","h1SMcG0019934"
"1728",0.00000000000000000000000000000000000000000000000000000000000000000000000000000000000000000000000000000000000000000000000000000000000000000000000000000000000000000000000000000000000000000000000000000000000000266204020704041,0.125897406156351,0.177,0.004,0.000000000000000000000000000000000000000000000000000000000000000000000000000000000000000000000000000000000000000000000000000000000000000000000000000000000000000000000000000000000000000000000000000000000129662654404524,"57","h1SMcG0014477"
"1729",0.0000000000000000000000000000000000000000000000000000000000000000000000000000000000000000000000000000000000000000000000000000000000000000000000000000000000000000000000000000000000000000000000000000000000000538279300690916,0.118665075362074,0.194,0.005,0.00000000000000000000000000000000000000000000000000000000000000000000000000000000000000000000000000000000000000000000000000000000000000000000000000000000000000000000000000000000000000000000000000000000262185081780532,"57","h1SMcG0019641"
"1730",0.000000000000000000000000000000000000000000000000000000000000000000000000000000000000000000000000000000000000000000000000000000000000000000000000000000000000000000000000000000000000000000000729638122623273,0.0891331888048781,0.226,0.007,0.0000000000000000000000000000000000000000000000000000000000000000000000000000000000000000000000000000000000000000000000000000000000000000000000000000000000000000000000000000000000000000355392136767344,"57","h1SMcG0003387"
"1731",0.00000000000000000000000000000000000000000000000000000000000000000000000000000000000000000000000000000000000000000000000000000000000000000000000000000000000000000000000605369333399389,0.068212684797723,0.274,0.011,0.000000000000000000000000000000000000000000000000000000000000000000000000000000000000000000000000000000000000000000000000000000000000000000000000000000000000000000294863294912174,"57","h1SMcG0009615"
"1732",0.000000000000000000000000000000000000000000000000000000000000000000000000000000000000000000000000000000000000000000000000000000000000000000000000000000000000000000453207943253201,0.0716611698009295,0.282,0.012,0.0000000000000000000000000000000000000000000000000000000000000000000000000000000000000000000000000000000000000000000000000000000000000000000000000000000000000220748524999769,"57","h1SMcG0014628"
"1733",0.000000000000000000000000000000000000000000000000000000000000000000000000000000000000000000000000000000000000000000000000000000000000000000000000000000307277191652031,0.0594595456736804,0.29,0.014,0.0000000000000000000000000000000000000000000000000000000000000000000000000000000000000000000000000000000000000000000000000000000000000000000000000149668574509871,"57","h1SMcG0017673"
"1734",0.0000000000000000000000000000000000000000000000000000000000000000000000000000000000000000000000000000000000000000000000000000000000000000865682178729059,0.06616042912918,0.21,0.008,0.0000000000000000000000000000000000000000000000000000000000000000000000000000000000000000000000000000000000000000000000000000000000042165647561535,"57","h1SMcG0012111"
"1735",0.00000000000000000000000000000000000000000000000000000000000000000000000000000000000000000000000000000000000000000000000000000000626549962881691,0.0694059912817927,0.202,0.008,0.000000000000000000000000000000000000000000000000000000000000000000000000000000000000000000000000000000000000000000000000000305179955920414,"57","h1SMcG0003346"
"1736",0.0000000000000000000000000000000000000000000000000000000000000000000000000000000000000000000000000000000000000000000000357773539412539,0.0802845507855052,0.161,0.005,0.00000000000000000000000000000000000000000000000000000000000000000000000000000000000000000000000000000000000000000174264335577059,"57","h1SMcG0007715"
"1737",0.000000000000000000000000000000000000000000000000000000000000000000000000000000000060568922344875,0.0626255447599123,0.137,0.006,0.00000000000000000000000000000000000000000000000000000000000000000000000000000295019106957417,"57","h1SMcG0016127"
"1738",0.00000000000000000000000000000000000000000000000000000000000000000000000000000930325411253168,0.0516018345815638,0.169,0.009,0.000000000000000000000000000000000000000000000000000000000000000000000000453142901313193,"57","h1SMcG0014987"
"1739",0.0000000000000000000000000000000000000000000000000000000000000000000000507739325953546,0.0576640382134871,0.145,0.007,0.00000000000000000000000000000000000000000000000000000000000000000247309670885453,"57","h1SMcG0009855"
"1740",0.00000000000000000000000000000000000000000000000000000000000000000103981975571199,0.0619618871784781,0.113,0.005,0.0000000000000000000000000000000000000000000000000000000000000506475406612197,"57","h1SMcG0011711"
"1741",0,1.05185506224405,0.534,0.001,0,"58","h1SMnG0031483"
"1742",0,0.529842672027341,0.148,0.001,0,"58","h1SMcG0016698"
"1743",0,0.381891026404536,0.125,0.001,0,"58","h1SMcG0004569"
"1744",0,0.276296084923989,0.148,0.001,0,"58","h1SMnG0021210"
"1745",0,0.192392324517829,0.227,0.003,0,"58","h1SMnG0021237"
"1746",0,0.1571883476018,0.534,0.011,0,"58","h1SMcG0000523"
"1747",0,0.149423905602668,0.386,0.008,0,"58","h1SMcG0014495"
"1748",0,0.141995559629588,0.591,0.012,0,"58","h1SMcG0014628"
"1749",0,0.124874358140334,0.455,0.011,0,"58","h1SMcG0005533"
"1750",0,0.117238126695246,0.58,0.016,0,"58","h1SMcG0015298"
"1751",0.0000000000000000000000000000000000000000000000000000000000000000000000000000000000000000000000000000000000000000000000000000000000000000000000000000000000000000000000000000000000000000000000000000000000000000000000000000000000000000000000000000000000000000000000000000000000000000000000000099659752023639,0.137537431724081,0.341,0.007,0.000000000000000000000000000000000000000000000000000000000000000000000000000000000000000000000000000000000000000000000000000000000000000000000000000000000000000000000000000000000000000000000000000000000000000000000000000000000000000000000000000000000000000000000000000000000000000000000485422720156741,"58","h1SMnG0013810"
"1752",0.0000000000000000000000000000000000000000000000000000000000000000000000000000000000000000000000000000000000000000000000000000000000000000000000000000000000000000000000000000000000000000000000000000000000000000000000000000000000000000000000000000000000000000000000000000000000000000000000000925831873254052,0.15044266883862,0.352,0.008,0.00000000000000000000000000000000000000000000000000000000000000000000000000000000000000000000000000000000000000000000000000000000000000000000000000000000000000000000000000000000000000000000000000000000000000000000000000000000000000000000000000000000000000000000000000000000000000000000450954188824584,"58","h1SMcG0013116"
"1753",0.000000000000000000000000000000000000000000000000000000000000000000000000000000000000000000000000000000000000000000000000000000000000000000000000000000000000000000000000000000000000000000000000000000000000000000000000000000000000000000000000000000000000000000000000000000000145396627609112,0.093058275781044,0.909,0.058,0.00000000000000000000000000000000000000000000000000000000000000000000000000000000000000000000000000000000000000000000000000000000000000000000000000000000000000000000000000000000000000000000000000000000000000000000000000000000000000000000000000000000000000000000000000000708197893758464,"58","h1SMcG0009890"
"1754",0.00000000000000000000000000000000000000000000000000000000000000000000000000000000000000000000000000000000000000000000000000000000000000000000000000000000000000000000000000000000000000000000000000000000000000000000000000000000000000000000000000000000614590737234705,0.121558749860415,0.318,0.007,0.00000000000000000000000000000000000000000000000000000000000000000000000000000000000000000000000000000000000000000000000000000000000000000000000000000000000000000000000000000000000000000000000000000000000000000000000000000000000000000000000000029935485629228,"58","h1SMcG0000963"
"1755",0.000000000000000000000000000000000000000000000000000000000000000000000000000000000000000000000000000000000000000000000000000000000000000000000000000000000000000000000000000000000000000000000000000000000000000000000000000000000000000000018409816819004,0.286136791412478,0.114,0.001,0.000000000000000000000000000000000000000000000000000000000000000000000000000000000000000000000000000000000000000000000000000000000000000000000000000000000000000000000000000000000000000000000000000000000000000000000000000000000000000896705357620047,"58","h1SMcG0003893"
"1756",0.000000000000000000000000000000000000000000000000000000000000000000000000000000000000000000000000000000000000000000000000000000000000000000000000000000000000000000000000000000000000000000000000000000000000877568185458321,0.145379647313388,0.205,0.004,0.0000000000000000000000000000000000000000000000000000000000000000000000000000000000000000000000000000000000000000000000000000000000000000000000000000000000000000000000000000000000000000000000000000000427445911773039,"58","h1SMcG0006944"
"1757",0.00000000000000000000000000000000000000000000000000000000000000000000000000000000000000000000000000000000000000000000000000000000000000000000000000000000000000000000000000000000000000000000000000000611300621986947,0.108130115114162,0.318,0.009,0.000000000000000000000000000000000000000000000000000000000000000000000000000000000000000000000000000000000000000000000000000000000000000000000000000000000000000000000000000000000000000000000000297752306957402,"58","h1SMcG0004486"
"1758",0.0000000000000000000000000000000000000000000000000000000000000000000000000000000000000000000000000000000000000000000000000000000000000000000000000000000000000000000000000000000180287022103997,0.0704886084845457,0.466,0.022,0.000000000000000000000000000000000000000000000000000000000000000000000000000000000000000000000000000000000000000000000000000000000000000000000000000000000000000000000000000878142027264148,"58","h1SMcG0007970"
"1759",0.0000000000000000000000000000000000000000000000000000000000000000000000000000000000000000000000000000000000000000000000000000000000000000000000000000000000000000000000103433202711364,0.184713436961169,0.125,0.002,0.000000000000000000000000000000000000000000000000000000000000000000000000000000000000000000000000000000000000000000000000000000000000000000000000000000000000000000503802443766511,"58","h1SMcG0001628"
"1760",0.0000000000000000000000000000000000000000000000000000000000000000000000000000000000000000000000000000000000000000000000000000000000000000000000000000000000000000000000125785674972314,0.118538093152997,0.193,0.004,0.000000000000000000000000000000000000000000000000000000000000000000000000000000000000000000000000000000000000000000000000000000000000000000000000000000000000000000612676865655148,"58","h1SMcG0000487"
"1761",0.00000000000000000000000000000000000000000000000000000000000000000000000000000000000000000000000000000000000000000000000000000000000000000000000000000000775023109016574,0.0843649616724201,0.261,0.008,0.000000000000000000000000000000000000000000000000000000000000000000000000000000000000000000000000000000000000000000000000000000000000000000000000000377498255939793,"58","h1SMcG0001054"
"1762",0.0000000000000000000000000000000000000000000000000000000000000000000000000000000000000000000000000000000000000000000000000000000000000000000297224231346157,0.0670902552824648,0.364,0.017,0.00000000000000000000000000000000000000000000000000000000000000000000000000000000000000000000000000000000000000000000000000000000000000144771978604086,"58","h1SMcG0013398"
"1763",0.0000000000000000000000000000000000000000000000000000000000000000000000000000000000000000000000000000000000000000103443763206046,0.0689227696015824,0.25,0.01,0.000000000000000000000000000000000000000000000000000000000000000000000000000000000000000000000000000000000000503853881824009,"58","h1SMcG0011693"
"1764",0.000000000000000000000000000000000000000000000000000000000000000000000000000000000000000000000000000000000324832414338224,0.121507995462719,0.125,0.003,0.0000000000000000000000000000000000000000000000000000000000000000000000000000000000000000000000000000158219372375862,"58","h1SMcG0004959"
"1765",0.0000000000000000000000000000000000000000000000000000000000000000000000000000000000000000000000289799260070512,0.0898993666326278,0.159,0.005,0.00000000000000000000000000000000000000000000000000000000000000000000000000000000000000000141155423595145,"58","h1SMcG0016003"
"1766",0.000000000000000000000000000000000000000000000000000000000000000000000000000000000000000000000102901537761366,0.0664289438665582,0.239,0.011,0.00000000000000000000000000000000000000000000000000000000000000000000000000000000000000000501212810128059,"58","h1SMcG0005093"
"1767",0.00000000000000000000000000000000000000000000000000000000000000000000000000000000000000000000753119910834637,0.0859750184854604,0.17,0.006,0.000000000000000000000000000000000000000000000000000000000000000000000000000000000000000366829646169335,"58","h1SMcG0005044"
"1768",0.00000000000000000000000000000000000000000000000000000000000000000000043642545465644,0.0787668428189159,0.136,0.005,0.0000000000000000000000000000000000000000000000000000000000000000212574110454059,"58","h1SMcG0011711"
"1769",0.00000000000000000000000000000000000000000000000000000000000149125223221332,0.0682435053980427,0.125,0.005,0.0000000000000000000000000000000000000000000000000000000726359137266465,"58","h1SMcG0011762"
"1770",0.0000000000000000000000000000000000000000000000198129054341322,0.0676547804932641,0.102,0.004,0.000000000000000000000000000000000000000000965046997885709,"58","h1SMnG0002028"
